trial,n_B,n_A,juice_left,chosen_juice,n_steps,unit_00,unit_01,unit_02,unit_03,unit_04,unit_05,unit_06,unit_07,unit_08,unit_09,unit_10,unit_11,unit_12,unit_13,unit_14,unit_15,unit_16,unit_17,unit_18,unit_19,unit_20,unit_21,unit_22,unit_23,unit_24,unit_25,unit_26,unit_27,unit_28,unit_29,unit_30,unit_31,unit_32,unit_33,unit_34,unit_35,unit_36,unit_37,unit_38,unit_39,unit_40,unit_41,unit_42,unit_43,unit_44,unit_45,unit_46,unit_47,unit_48,unit_49
1,3,1,A,B,283,1.0391097,0.0,0.0,0.0,0.0,0.0,0.0,0.038506668,0.0,2.9635416e-11,0.0,0.82609046,1.37813245e-08,0.0,0.0,0.0,0.0,0.0,0.0,0.0,0.0,0.0,0.0,0.0,0.0,0.928464,0.0,0.0,0.0,0.0,0.0,0.0,0.0,5.179066,0.0,0.0,0.0,0.0,0.0,0.0,0.0,0.60559034,0.0,0.0,0.0,0.0,2.1721625,0.0,0.0,0.0
2,6,1,B,B,326,0.8288725,0.0,0.0,0.0,0.0,2.705721,0.0,0.006425676,0.18501092,2.5055656e-06,0.0,1.324714,3.2633205e-05,0.0,0.0,0.0,0.0,0.0,0.0,0.0,0.0,0.0,0.0,0.0,0.0,0.9211935,0.0,0.0,0.0,0.0,0.0,0.0,0.0,3.4562058,0.15140556,0.0,0.0,0.0,0.0,0.0,0.0,0.42553464,0.0,0.002376076,0.0,0.8788578,1.8818561,6.3196697,0.0,0.0
3,10,1,B,B,333,0.82873255,0.0,0.0,0.0,0.0,2.8623374,0.0,0.0,0.2749251,0.0,0.0,4.8554e-06,3.4690197e-14,0.0,0.0,0.0,0.0,0.0,0.0,0.0,0.0,0.0,0.0,0.92905325,0.0,0.92119044,0.0,0.0,0.0,0.0,0.0,0.0,0.0,3.0046737,0.7377877,0.0,0.0,0.0,0.0,0.0,0.0,0.425362,0.0,0.0,0.0,0.00029188898,1.8818203,0.001134966,0.0,0.29822195
4,2,1,B,B,261,0.8464768,0.0,0.0,0.0,0.047680818,0.0,0.0,0.001067325,0.0,0.0040004337,0.0,1.4127272,0.0012938823,0.0,0.0,0.0,0.0,0.0,0.0,0.0,0.0,0.0,0.0,0.0,0.0,0.9211438,0.0,0.0,0.0,0.0,0.0,0.0,0.0,0.9675536,0.0,0.0,0.0,0.0,0.0,0.0,0.0,0.43100053,0.0,0.0,0.0,0.0,1.884734,0.23114736,0.0,0.0
5,3,1,A,B,283,0.99178433,0.0,0.0,0.0,0.0,0.0,0.0,0.028551493,0.0,9.915587e-08,0.0,0.83003694,3.1425589e-07,0.0,0.0,0.0,0.0,0.0,0.0,0.0,0.0,0.0,0.0,0.0,0.0,0.9255574,0.0,0.0,0.0,0.0,0.0,0.0,0.0,4.6933417,0.0,0.0,0.0,0.0,0.0,0.0,0.0,0.57521987,0.0,0.0,0.0,0.0,2.0561528,0.0026047847,0.0,0.0
6,1,2,A,A,263,0.82954526,0.0,0.0,0.0,4.0365867e-05,1.2366474,0.0,0.0009116566,0.0,0.0024974218,0.0,1.6492391,9.129686e-05,0.0,0.0,0.0,0.0,0.0,0.0,0.0,0.0,0.0,0.0,0.0,0.0,0.9211959,0.0,0.0,0.0,0.0,0.0,0.0,0.0,1.7447989,0.0,0.0,0.0,0.0,0.0,0.0,0.0,0.41752088,0.0,0.0,0.0,0.0,1.8819466,2.8958848,0.0,0.0
7,2,0,B,B,287,0.8524254,0.0,0.0,0.0,0.06937465,0.05510438,0.0,0.0,0.0,0.014322154,0.0,1.5224158,0.0028161514,0.0,0.0,0.0,0.0,0.0,0.0,0.0,0.0,0.0,0.0,0.0,0.0,0.9210241,0.0,0.0,0.0,0.0,0.0,0.0,0.0,0.3733974,0.0,0.0,0.0,0.0,0.0,0.0,0.0,0.42757443,0.0,0.0,0.0,0.0,1.8850535,0.41441303,0.0,0.0
8,3,1,A,A,337,1.0403615,0.0,0.0,0.0,0.0,0.0,0.0,0.028672852,0.0,5.1377913e-08,0.0,0.830418,2.1061678e-07,0.0,0.0,0.0,0.0,0.0,0.0,0.0,0.0,0.0,0.0,0.0,0.0,0.9271233,0.0,0.0,0.0,0.0,0.0,0.0,0.0,4.881932,0.0,0.0,0.0,0.0,0.0,0.0,0.0,0.62199926,0.0,0.0,0.0,0.0,2.1300073,0.002330696,0.0,0.0
9,1,2,A,A,270,0.8291656,0.0,0.0,0.0,0.0,1.6533109,0.0,0.0057795234,0.0,0.0017786166,0.0,1.5680548,0.0001289311,0.0,0.0,0.0,0.0,0.0,0.0,0.0,0.0,0.0,0.0,0.0,0.0,0.9211958,0.0,0.0,0.0,0.0,0.0,0.0,0.0,1.8370717,0.0,0.0,0.0,0.0,0.0,0.0,0.0,0.42151275,0.0,0.0,0.0,0.025712984,1.8819121,3.7571344,0.0,0.0
10,10,1,B,B,328,0.82873255,0.0,0.0,0.0,0.0,2.8083253,0.0,0.0,0.037900407,2.6529699e-14,0.0,0.0021722165,4.556333e-12,0.0,0.0,0.0,0.0,0.0,0.0,0.0,0.0,0.0,0.0,0.89790344,0.0,0.92119044,0.0,0.0,0.0,0.0,0.0,0.0,0.0,3.3451421,1.394542,0.0,0.0,0.0,0.0,0.0,0.0,0.42536923,0.0,0.0,0.0,3.560338e-05,1.8818203,0.002347132,0.0,0.22011615
11,4,1,A,B,344,1.1122123,0.0,0.0,0.0,0.0,0.0,0.0,0.050479963,0.0,0.0,0.0,0.83154887,6.775557e-09,0.0,0.0,0.0,0.0,0.0,0.0,0.0,0.0,0.0,0.0,0.0,0.0,0.94514537,0.0,0.0,0.0,0.0,0.0,0.0,0.0,7.0177264,0.0,0.0,0.0,0.0,0.0,0.0,0.0,2.4758875,0.0,0.0,0.0,0.0,2.7831314,0.0,0.0,0.0
12,4,1,B,B,277,0.8293623,0.0,0.0,0.0,0.0,1.2560894,0.0,0.0,0.0,0.0052666008,0.0,1.6411062,0.0008278465,0.0,0.0,0.0,0.0,0.0,0.0,0.0,0.0,0.0,0.0,0.0,0.0,0.9211908,0.0,0.0,0.0,0.0,0.0,0.0,0.0,1.2683423,0.0,0.0,0.0,0.0,0.0,0.0,0.0,0.4214604,0.0,0.0,0.0,0.0,1.8818665,2.9502509,0.0,0.0
13,2,0,A,B,299,0.9797636,0.0,0.0,0.0,0.0,0.0,0.0,0.0323059,0.0,2.973086e-08,0.0,0.82777816,1.517713e-07,0.0,0.0,0.0,0.0,0.0,0.0,0.0,0.0,0.0,0.0,0.0,0.0,0.9245346,0.0,0.0,0.0,0.0,0.0,0.0,0.0,4.5734386,0.0,0.0,0.0,0.0,0.0,0.0,0.0,0.57343346,0.0,0.0,0.0,0.0,2.017683,0.00069963397,0.0,0.0
14,10,1,B,B,354,0.8287346,0.0,0.0,0.0,0.0,2.8294613,0.0,0.0,0.01724973,3.0904783e-14,0.0,3.3117033e-06,1.4873583e-13,0.0,0.0,0.0,0.0,0.0,0.0,0.0,0.0,0.0,0.0,0.845772,0.0,0.92119044,0.0,0.0,0.0,0.0,0.0,0.0,0.0,3.243298,1.2058064,0.0,0.0,0.0,0.0,0.0,0.0,0.42515513,0.0,0.0,0.0,1.8053124e-05,1.8818203,0.0010650273,0.0,0.17282028
15,0,1,B,A,356,0.8993553,0.0,0.0,0.0,0.0,0.0,0.0,0.004608903,0.0,3.4931548e-07,0.0,1.0122455,3.9269318e-07,0.0,0.0,0.0,0.0,0.0,0.0,0.0,0.0,0.0,0.0,0.0,0.0,0.9225512,0.0,0.0,0.0,0.0,0.0,0.0,0.0,2.6881146,0.0,0.0,0.0,0.0,0.0,0.0,0.0,0.48984322,0.0,0.0,0.0,0.0,1.9123051,0.007976478,0.0,0.0
16,1,2,A,A,326,0.82928514,0.0,0.0,0.0,0.0,1.7570233,0.0,0.0032870134,0.0,0.003967187,0.0,1.5824994,2.6867909e-05,0.0,0.0,0.0,0.0,0.0,0.0,0.0,0.0,0.0,0.0,0.0,0.0,0.92119384,0.0,0.0,0.0,0.0,0.0,0.0,0.0,1.9801167,0.0,0.0,0.0,0.0,0.0,0.0,0.0,0.4213299,0.0,0.0,0.0,0.015349992,1.881866,4.176984,0.0,0.0
17,0,1,B,A,302,0.8678186,0.0,0.0,0.0,0.0,0.0,0.0,0.007679541,0.0,6.325127e-07,0.0,0.95817465,8.980412e-07,0.0,0.0,0.0,0.0,0.0,0.0,0.0,0.0,0.0,0.0,0.0,0.0,0.9219609,0.0,0.0,0.0,0.0,0.0,0.0,0.0,2.6838653,0.0,0.0,0.0,0.0,0.0,0.0,0.0,0.45470563,0.0,0.0,0.0,0.0,1.8979156,0.013751371,0.0,0.0
18,4,1,B,B,274,0.8297831,0.0,0.0,0.0,0.0,1.0269821,0.0,0.0,0.0,0.006324019,0.0,1.6145169,0.00096729095,0.0,0.0,0.0,0.0,0.0,0.0,0.0,0.0,0.0,0.0,0.0,0.0,0.9211884,0.0,0.0,0.0,0.0,0.0,0.0,0.0,1.1008849,0.0,0.0,0.0,0.0,0.0,0.0,0.0,0.421555,0.0,0.0,0.0,0.0,1.881866,2.4148052,0.0,0.0
19,4,1,A,B,299,1.0882096,0.0,0.0,0.0,0.0,0.0,0.0,0.048290268,0.0,0.0,0.0,0.82586557,8.188965e-09,0.0,0.0,0.0,0.0,0.0,0.0,0.0,0.0,0.0,0.0,0.0,0.0,0.9337764,0.0,0.0,0.0,0.0,0.0,0.0,0.0,6.427647,0.0,0.0,0.0,0.0,0.0,0.0,0.0,1.0532951,0.0,0.0,0.0,0.0,2.5156157,0.00046998152,0.0,0.0
20,2,1,A,A,326,0.9573567,0.0,0.0,0.0,0.0,0.0,0.0,0.009619616,0.0,6.743913e-07,0.0,1.0257537,7.7239645e-07,0.0,0.0,0.0,0.0,0.0,0.0,0.0,0.0,0.0,0.0,0.0,0.0,0.9239476,0.0,0.0,0.0,0.0,0.0,0.0,0.0,3.2550237,0.0,0.0,0.0,0.0,0.0,0.0,0.0,0.56171477,0.0,0.0,0.0,0.0,1.9654794,0.004418163,0.0,0.0
21,2,1,A,B,322,0.95153445,0.0,0.0,0.0,0.0,0.0,0.0,0.0126144765,0.0,5.201797e-07,0.0,0.97408026,6.2490966e-07,0.0,0.0,0.0,0.0,0.0,0.0,0.0,0.0,0.0,0.0,0.0,0.0,0.92393947,0.0,0.0,0.0,0.0,0.0,0.0,0.0,3.3296597,0.0,0.0,0.0,0.0,0.0,0.0,0.0,0.55184746,0.0,0.0,0.0,0.0,1.9687817,0.0051136436,0.0,0.0
22,2,0,A,B,330,1.0040065,0.0,0.0,0.0,0.0,0.0,0.0,0.029529197,0.0,5.268022e-08,0.0,0.8308538,2.1589574e-07,0.0,0.0,0.0,0.0,0.0,0.0,0.0,0.0,0.0,0.0,0.0,0.0,0.92480874,0.0,0.0,0.0,0.0,0.0,0.0,0.0,4.7592835,0.0,0.0,0.0,0.0,0.0,0.0,0.0,0.6033552,0.0,0.0,0.0,0.0,2.043244,0.001471369,0.0,0.0
23,1,2,B,A,284,0.8729245,0.0,0.0,0.0,0.0,0.0,0.0,0.014503914,0.0,5.013515e-08,0.0,0.8913817,8.399814e-08,0.0,0.0,0.0,0.0,0.0,0.0,0.0,0.0,0.0,0.0,0.0,0.0,0.922173,0.0,0.0,0.0,0.0,0.0,0.0,0.0,3.0698755,0.0,0.0,0.0,0.0,0.0,0.0,0.0,0.45844087,0.0,0.0,0.0,0.0,1.9038978,0.00044849716,0.0,0.0
24,4,1,A,B,274,1.1283153,0.0,0.0,0.0,0.0,0.0,0.0,0.05442691,0.0,0.0,0.0,0.82491094,2.113154e-09,0.0,0.0,0.0,0.0,0.0,0.0,0.0,0.0,0.0,0.0,0.0,0.0,0.945472,0.0,0.0,0.0,0.0,0.0,0.0,0.0,6.835091,0.0,0.0,0.0,0.0,0.0,0.0,0.0,1.402747,0.0,0.0,0.0,0.0,2.7645006,0.0,0.0,0.0
25,1,2,B,A,309,0.88257164,0.0,0.0,0.0,0.0,0.0,0.0,0.018292673,0.0,2.8880555e-07,0.0,0.88985884,6.272047e-07,0.0,0.0,0.0,0.0,0.0,0.0,0.0,0.0,0.0,0.0,0.0,0.0,0.9223718,0.0,0.0,0.0,0.0,0.0,0.0,0.0,3.0378997,0.0,0.0,0.0,0.0,0.0,0.0,0.0,0.47022367,0.0,0.0,0.0,0.0,1.9089363,0.004832533,0.0,0.0
26,2,0,B,B,306,0.853559,0.0,0.0,0.0,0.07468667,0.038052615,0.0,0.0,0.0,0.02099618,0.0,1.5107006,0.0043868846,0.0,0.0,0.0,0.0,0.0,0.0,0.0,0.0,0.0,0.0,0.0,0.0,0.92087954,0.0,0.0,0.0,0.0,0.0,0.0,0.0,0.18584499,0.0,0.0,0.0,0.0,0.0,0.0,0.0,0.4302396,0.0,0.0,0.0,0.0,1.8848083,0.34961274,0.0,0.0
27,1,2,B,A,307,0.88133025,0.0,0.0,0.0,0.0,0.0,0.0,0.020241829,0.0,9.785477e-08,0.0,0.8792798,1.452024e-07,0.0,0.0,0.0,0.0,0.0,0.0,0.0,0.0,0.0,0.0,0.0,0.0,0.92233825,0.0,0.0,0.0,0.0,0.0,0.0,0.0,3.0800457,0.0,0.0,0.0,0.0,0.0,0.0,0.0,0.46805626,0.0,0.0,0.0,0.0,1.9081393,0.0031551286,0.0,0.0
28,2,0,B,B,320,0.8603594,0.0,0.0,0.0,0.08220894,0.03934639,0.0,0.0,0.0,0.023756774,0.0,1.5283499,0.004850821,0.0,0.0,0.0,0.0,0.0,0.0,0.0,0.0,0.0,0.0,0.0,0.0,0.9208069,0.0,0.0,0.0,0.0,0.0,0.0,0.0,0.1840372,0.0,0.0,0.0,0.0,0.0,0.0,0.0,0.44281632,0.0,0.0,0.0,0.0,1.8859341,0.36415341,0.0,0.0
29,2,0,A,A,353,1.030121,0.0,0.0,0.0,0.0,0.0,0.0,0.026810884,0.0,3.4682355e-07,0.0,0.83674353,6.62222e-07,0.0,0.0,0.0,0.0,0.0,0.0,0.0,0.0,0.0,0.0,0.0,0.0,0.92590964,0.0,0.0,0.0,0.0,0.0,0.0,0.0,4.8056316,0.0,0.0,0.0,0.0,0.0,0.0,0.0,0.62771547,0.0,0.0,0.0,0.0,2.0824904,0.0032744282,0.0,0.0
30,10,1,B,B,267,0.82873243,0.0,0.0,0.0,0.0,2.6732473,0.0,0.0015689388,0.15185763,0.0,0.0,2.8623988e-06,1.347298e-15,0.0,0.0,0.0,0.0,0.0,0.0,0.0,0.0,0.0,0.0,0.56163436,0.0,0.92119044,0.0,0.0,0.0,0.0,0.0,0.0,0.0,3.5570643,1.168576,0.0,0.0,0.0,0.0,0.0,0.0,0.4235615,0.0,0.0,0.0,0.0014694759,1.8818203,0.0014550793,0.0,0.3762604
31,6,1,A,B,314,1.209082,0.0,0.0,0.0,0.0,0.0,0.0,0.105714224,0.0,0.0,0.0,0.82389504,1.287603e-09,0.0,0.0,0.0,0.0,0.0,0.0,0.0,0.0,0.0,0.0,0.0,0.0,1.0843438,0.0,0.0,0.0,0.0,0.0,0.0,0.0,10.54537,0.0,0.0,0.0,0.0,0.0,0.0,0.0,6.1846504,0.0,0.0,0.0,0.0,3.7080564,0.0,0.0,0.019099064
32,2,1,B,A,321,0.886678,0.0,0.0,0.0,0.065463275,0.0,0.0,0.0,0.0,0.008191001,0.0,1.530244,0.0014636943,0.0,0.0,0.0,0.0,0.0,0.0,0.0,0.0,0.0,0.0,0.0,0.0,0.9210496,0.0,0.0,0.0,0.0,0.0,0.0,0.0,0.5673454,0.0,0.0,0.0,0.0,0.0,0.0,0.0,0.45922118,0.0,0.0,0.0,0.0,1.8921306,0.2634339,0.0,0.0
33,1,1,B,A,314,0.8630763,0.0,0.0,0.0,0.0,0.0,0.0,0.0,0.0,5.633354e-06,0.0,1.1560041,3.5933729e-06,0.0,0.0,0.0,0.0,0.0,0.0,0.0,0.0,0.0,0.0,0.0,0.0,0.92159534,0.0,0.0,0.0,0.0,0.0,0.0,0.0,1.8594629,0.0,0.0,0.0,0.0,0.0,0.0,0.0,0.44763225,0.0,0.0,0.0,0.0,1.8916562,0.11875596,0.0,0.0
34,1,1,A,A,341,0.96332705,0.0,0.0,0.0,0.00040708468,0.15707396,0.0,0.0,0.0,0.002250939,0.0,1.487799,2.5587758e-06,0.0,0.0,0.0,0.0,0.0,0.0,0.0,0.0,0.0,0.0,0.0,0.0,0.9217427,0.0,0.0,0.0,0.0,0.0,0.0,0.0,1.5244908,0.0,0.0,0.0,0.0,0.0,0.0,0.0,0.5198051,0.0,0.0,0.0,0.0,1.9211425,0.48283517,0.0,0.0
35,3,1,A,B,307,1.0056577,0.0,0.0,0.0,0.0,0.0,0.0,0.029895611,0.0,1.2259056e-08,0.0,0.83170897,1.2799887e-07,0.0,0.0,0.0,0.0,0.0,0.0,0.0,0.0,0.0,0.0,0.0,0.0,0.9251098,0.0,0.0,0.0,0.0,0.0,0.0,0.0,4.7425165,0.0,0.0,0.0,0.0,0.0,0.0,0.0,0.5956668,0.0,0.0,0.0,0.0,2.0630586,0.00062037143,0.0,0.0
36,1,2,B,A,272,0.8706182,0.0,0.0,0.0,0.0,0.0,0.0,0.017771032,0.0,3.6678404e-07,0.0,0.86851656,4.9944947e-07,0.0,0.0,0.0,0.0,0.0,0.0,0.0,0.0,0.0,0.0,0.0,0.0,0.9221531,0.0,0.0,0.0,0.0,0.0,0.0,0.0,3.1501484,0.0,0.0,0.0,0.0,0.0,0.0,0.0,0.45601472,0.0,0.0,0.0,0.0,1.9040387,0.0035024309,0.0,0.0
37,1,1,A,A,331,0.8571404,0.0,0.0,0.0,0.0,0.63903725,0.0,0.0,0.0,0.0037836276,0.0,1.65753,9.833116e-05,0.0,0.0,0.0,0.0,0.0,0.0,0.0,0.0,0.0,0.0,0.0,0.0,0.92131746,0.0,0.0,0.0,0.0,0.0,0.0,0.0,2.0393047,0.0,0.0,0.0,0.0,0.0,0.0,0.0,0.42918992,0.0,0.0,0.0,0.0,1.8853613,1.8132974,0.0,0.0
38,0,1,A,A,277,0.8301914,0.0,0.0,0.0,0.0,1.235404,0.0,0.0,0.0,0.0031849826,0.0,1.7105196,0.00014790974,0.0,0.0,0.0,0.0,0.0,0.0,0.0,0.0,0.0,0.0,0.0,0.0,0.9211939,0.0,0.0,0.0,0.0,0.0,0.0,0.0,1.5473833,0.0,0.0,0.0,0.0,0.0,0.0,0.0,0.41797557,0.0,0.0,0.0,0.0,1.8820088,2.9659326,0.0,0.0
39,2,0,A,B,336,1.027529,0.0,0.0,0.0,0.0,0.0,0.0,0.02957602,0.0,3.6795665e-08,0.0,0.8335655,1.6527578e-07,0.0,0.0,0.0,0.0,0.0,0.0,0.0,0.0,0.0,0.0,0.0,0.0,0.92584014,0.0,0.0,0.0,0.0,0.0,0.0,0.0,4.5969486,0.0,0.0,0.0,0.0,0.0,0.0,0.0,0.62133205,0.0,0.0,0.0,0.0,2.0945916,0.0014852196,0.0,0.0
40,2,0,B,B,292,0.85158706,0.0,0.0,0.0,0.101444915,0.00030721317,0.0,0.0,0.0,0.018636633,0.0,1.5174817,0.0041046347,0.0,0.0,0.0,0.0,0.0,0.0,0.0,0.0,0.0,0.0,0.0,0.0,0.92090666,0.0,0.0,0.0,0.0,0.0,0.0,0.0,0.28001738,0.0,0.0,0.0,0.0,0.0,0.0,0.0,0.4301443,0.0,0.0,0.0,0.0,1.8849761,0.2762815,0.0,0.0
41,2,0,B,B,294,0.8520395,0.0,0.0,0.0,0.097493775,0.00013349438,0.0,0.0,0.0,0.019048866,0.0,1.5151352,0.0041241436,0.0,0.0,0.0,0.0,0.0,0.0,0.0,0.0,0.0,0.0,0.0,0.0,0.9208805,0.0,0.0,0.0,0.0,0.0,0.0,0.0,0.22482322,0.0,0.0,0.0,0.0,0.0,0.0,0.0,0.43937966,0.0,0.0,0.0,0.0,1.884959,0.26791438,0.0,0.0
42,2,1,A,A,291,0.89878106,0.0,0.0,0.0,0.0,0.0,0.0,0.010952782,0.0,4.726018e-06,0.0,0.96659607,5.7723255e-06,0.0,0.0,0.0,0.0,0.0,0.0,0.0,0.0,0.0,0.0,0.0,0.0,0.9228504,0.0,0.0,0.0,0.0,0.0,0.0,0.0,2.7990286,0.0,0.0,0.0,0.0,0.0,0.0,0.0,0.49120662,0.0,0.0,0.0,0.0,1.928692,0.015220587,0.0,0.0
43,3,1,B,B,271,0.83968425,0.0,0.0,0.0,0.05077014,0.083506785,0.0,0.0,0.0,0.012472723,0.0,1.4563856,0.0030150427,0.0,0.0,0.0,0.0,0.0,0.0,0.0,0.0,0.0,0.0,0.0,0.0,0.92106414,0.0,0.0,0.0,0.0,0.0,0.0,0.0,0.41737655,0.0,0.0,0.0,0.0,0.0,0.0,0.0,0.42733333,0.0,0.0,0.0,0.0,1.8829744,0.37618592,0.0,0.0
44,10,1,B,B,266,0.8287346,0.0,0.0,0.0,0.0,2.7737176,0.0,0.0030809063,0.39053288,0.0,0.0,1.1168821e-08,9.884383e-18,0.0,0.0,0.0,0.0,0.0,0.0,0.0,0.0,0.0,0.0,0.7326362,0.0,0.92119044,0.0,0.0,0.0,0.0,0.0,0.0,0.0,3.2950776,0.5739965,0.0,0.0,0.0,0.0,0.0,0.0,0.42536187,0.0,0.0,0.0,0.0032671508,1.8818203,0.0022925446,0.0,0.5509537
45,1,2,B,A,265,0.85909414,0.0,0.0,0.0,0.0,0.0,0.0,0.017656805,0.0,1.825674e-07,0.0,0.8860106,2.3190196e-07,0.0,0.0,0.0,0.0,0.0,0.0,0.0,0.0,0.0,0.0,0.0,0.0,0.9218151,0.0,0.0,0.0,0.0,0.0,0.0,0.0,2.9773657,0.0,0.0,0.0,0.0,0.0,0.0,0.0,0.44396886,0.0,0.0,0.0,0.0,1.8958507,0.0015742206,0.0,0.0
46,1,2,B,A,355,0.9121033,0.0,0.0,0.0,0.0,0.0,0.0,0.01721608,0.0,5.4083216e-08,0.0,0.94994515,9.031324e-08,0.0,0.0,0.0,0.0,0.0,0.0,0.0,0.0,0.0,0.0,0.0,0.0,0.9230579,0.0,0.0,0.0,0.0,0.0,0.0,0.0,3.075943,0.0,0.0,0.0,0.0,0.0,0.0,0.0,0.5004721,0.0,0.0,0.0,0.0,1.9259981,0.0010160728,0.0,0.0
47,4,1,B,B,330,0.8298143,0.0,0.0,0.0,0.0,1.3970041,0.0,0.0,0.0,0.0077371234,0.0,1.716999,0.00068979757,0.0,0.0,0.0,0.0,0.0,0.0,0.0,0.0,0.0,0.0,0.0,0.0,0.92119527,0.0,0.0,0.0,0.0,0.0,0.0,0.0,1.3755711,0.0,0.0,0.0,0.0,0.0,0.0,0.0,0.42160907,0.0,0.0,0.0,0.0,1.8819108,3.4980347,0.0,0.0
48,2,1,A,A,303,0.9675941,0.0,0.0,0.0,0.0,0.0,0.0,0.007987419,0.0,1.031592e-06,0.0,1.0494863,1.8180691e-06,0.0,0.0,0.0,0.0,0.0,0.0,0.0,0.0,0.0,0.0,0.0,0.0,0.92435104,0.0,0.0,0.0,0.0,0.0,0.0,0.0,3.0290604,0.0,0.0,0.0,0.0,0.0,0.0,0.0,0.56547,0.0,0.0,0.0,0.0,1.9880383,0.0133745205,0.0,0.0
49,3,1,A,B,262,0.9732269,0.0,0.0,0.0,0.0,0.0,0.0,0.02664456,0.0,3.508372e-08,0.0,0.82886386,1.4354076e-07,0.0,0.0,0.0,0.0,0.0,0.0,0.0,0.0,0.0,0.0,0.0,0.0,0.92519414,0.0,0.0,0.0,0.0,0.0,0.0,0.0,4.606518,0.0,0.0,0.0,0.0,0.0,0.0,0.0,0.55574316,0.0,0.0,0.0,0.0,2.0346248,0.0025905464,0.0,0.0
50,2,1,A,B,283,0.90929294,0.0,0.0,0.0,0.0,0.0,0.0,0.021205924,0.0,2.1189844e-07,0.0,0.86976945,4.1203128e-07,0.0,0.0,0.0,0.0,0.0,0.0,0.0,0.0,0.0,0.0,0.0,0.0,0.9229859,0.0,0.0,0.0,0.0,0.0,0.0,0.0,3.5296912,0.0,0.0,0.0,0.0,0.0,0.0,0.0,0.5023546,0.0,0.0,0.0,0.0,1.938152,0.0023700546,0.0,0.0
51,1,1,B,A,264,0.8453593,0.0,0.0,0.0,0.0,0.0,0.0,0.0058791325,0.0,3.7297696e-06,0.0,1.0446074,3.2207201e-06,0.0,0.0,0.0,0.0,0.0,0.0,0.0,0.0,0.0,0.0,0.0,0.0,0.9213921,0.0,0.0,0.0,0.0,0.0,0.0,0.0,2.160889,0.0,0.0,0.0,0.0,0.0,0.0,0.0,0.42925292,0.0,0.0,0.0,0.0,1.8865055,0.0884174,0.0,0.0
52,6,1,B,B,341,0.82876515,0.0,0.0,0.0,0.0,2.6812234,0.0,0.009893228,0.13408272,4.145697e-06,0.0,1.3972403,1.9016883e-05,0.0,0.0,0.0,0.0,0.0,0.0,0.0,0.0,0.0,0.0,0.0,0.0,0.9211905,0.0,0.0,0.0,0.0,0.0,0.0,0.0,3.3583233,0.07502152,0.0,0.0,0.0,0.0,0.0,0.0,0.425406,0.0,0.0035571388,0.0,0.82189226,1.8818246,6.449517,0.0,0.0
53,1,2,A,A,342,0.8298545,0.0,0.0,0.0,0.0,1.8549875,0.0,0.00983031,0.0,0.0027366178,0.0,1.7523484,3.5642842e-09,0.0,0.0,0.0,0.0,0.0,0.0,0.0,0.0,0.0,0.0,0.0,0.0,0.92120624,0.0,0.0,0.0,0.0,0.0,0.0,0.0,2.0712397,0.0,0.0,0.0,0.0,0.0,0.0,0.0,0.42227945,0.0,0.0,0.0,0.0019306842,1.8821206,4.5718007,0.0,0.0
54,2,1,A,B,302,0.91905785,0.0,0.0,0.0,0.0,0.0,0.0,0.026402978,0.0,2.1012282e-07,0.0,0.8642559,4.070055e-07,0.0,0.0,0.0,0.0,0.0,0.0,0.0,0.0,0.0,0.0,0.0,0.0,0.9233338,0.0,0.0,0.0,0.0,0.0,0.0,0.0,3.5483675,0.0,0.0,0.0,0.0,0.0,0.0,0.0,0.50853276,0.0,0.0,0.0,0.0,1.9439635,0.0029768783,0.0,0.0
55,2,0,A,A,262,0.9403436,0.0,0.0,0.0,0.0,0.0,0.0,0.025484111,0.0,3.2381077e-08,0.0,0.8276499,1.1304454e-07,0.0,0.0,0.0,0.0,0.0,0.0,0.0,0.0,0.0,0.0,0.0,0.0,0.92362326,0.0,0.0,0.0,0.0,0.0,0.0,0.0,4.382204,0.0,0.0,0.0,0.0,0.0,0.0,0.0,0.53188634,0.0,0.0,0.0,0.0,1.9788285,0.00094244425,0.0,0.0
56,0,1,A,A,257,0.82901305,0.0,0.0,0.0,0.0007732035,1.6577557,0.0,0.007105039,0.0,0.001460235,0.0,1.6897533,0.00021062946,0.0,0.0,0.0,0.0,0.0,0.0,0.0,0.0,0.0,0.0,0.0,0.0,0.92119354,0.0,0.0,0.0,0.0,0.0,0.0,0.0,2.5277379,0.0,0.0,0.0,0.0,0.0,0.0,0.0,0.41763046,0.0,0.0,0.0,0.0018390858,1.8818717,3.9149234,0.0,0.0
57,2,1,A,A,284,0.91842234,0.0,0.0,0.0,0.0,0.0,0.0,0.02029498,0.0,2.9983184e-07,0.0,0.8779026,4.867116e-07,0.0,0.0,0.0,0.0,0.0,0.0,0.0,0.0,0.0,0.0,0.0,0.0,0.92331886,0.0,0.0,0.0,0.0,0.0,0.0,0.0,3.4996252,0.0,0.0,0.0,0.0,0.0,0.0,0.0,0.51120484,0.0,0.0,0.0,0.0,1.9499233,0.0034206116,0.0,0.0
58,6,1,A,B,328,1.2035692,0.0,0.0,0.0,0.0,0.0,0.0,0.10486249,0.0,0.0,0.0,0.82367235,1.6046846e-09,0.0,0.0,0.0,0.0,0.0,0.0,0.0,0.0,0.0,0.0,0.0,0.0,1.1685169,0.0,0.0,0.0,0.0,0.0,0.0,0.0,10.8219185,0.0,0.0,0.0,0.0,0.0,0.0,0.0,5.962054,0.0,0.0,0.0,0.0,4.0006,0.0,0.0,0.047270607
59,4,1,A,B,321,1.125223,0.0,0.0,0.0,0.0,0.0,0.0,0.044797488,0.0,0.0,0.0,0.8261223,3.457711e-09,0.0,0.0,0.0,0.0,0.0,0.0,0.0,0.0,0.0,0.0,0.0,0.0,0.9424456,0.0,0.0,0.0,0.0,0.0,0.0,0.0,7.194746,0.0,0.0,0.0,0.0,0.0,0.0,0.0,1.7199166,0.0,0.0,0.0,0.0,2.7024899,0.0,0.0,0.0
60,0,1,A,A,345,0.83031183,0.0,0.0,0.0,0.0,1.4789329,0.0,0.0,0.0,0.005047209,0.0,1.7722468,0.00023316922,0.0,0.0,0.0,0.0,0.0,0.0,0.0,0.0,0.0,0.0,0.0,0.0,0.92119604,0.0,0.0,0.0,0.0,0.0,0.0,0.0,2.084918,0.0,0.0,0.0,0.0,0.0,0.0,0.0,0.421616,0.0,0.0,0.0,0.0,1.8819416,3.9058917,0.0,0.0
61,2,1,A,B,282,0.9063006,0.0,0.0,0.0,0.0,0.0,0.0,0.01604354,0.0,1.2538108e-06,0.0,0.9440218,2.583388e-06,0.0,0.0,0.0,0.0,0.0,0.0,0.0,0.0,0.0,0.0,0.0,0.0,0.92330533,0.0,0.0,0.0,0.0,0.0,0.0,0.0,3.0177414,0.0,0.0,0.0,0.0,0.0,0.0,0.0,0.49643508,0.0,0.0,0.0,0.0,1.9401914,0.00877214,0.0,0.0
62,1,2,A,A,295,0.8293506,0.0,0.0,0.0,0.0,1.9080006,0.0,0.0,0.0,0.0022059714,0.0,1.6266202,1.3244046e-05,0.0,0.0,0.0,0.0,0.0,0.0,0.0,0.0,0.0,0.0,0.0,0.0,0.92118853,0.0,0.0,0.0,0.0,0.0,0.0,0.0,2.182675,0.0,0.0,0.0,0.0,0.0,0.0,0.0,0.42153767,0.0,0.0,0.0,0.03987586,1.8818831,4.52642,0.0,0.0
63,2,1,B,B,312,0.8801591,0.0,0.0,0.0,0.039221026,0.0,0.0,0.0,0.0,0.004517824,0.0,1.4833685,0.0006881548,0.0,0.0,0.0,0.0,0.0,0.0,0.0,0.0,0.0,0.0,0.0,0.0,0.921153,0.0,0.0,0.0,0.0,0.0,0.0,0.0,0.7781159,0.0,0.0,0.0,0.0,0.0,0.0,0.0,0.45779574,0.0,0.0,0.0,0.0,1.891182,0.23215449,0.0,0.0
64,0,1,A,A,327,0.8296373,0.0,0.0,0.0,0.0,1.4828261,0.0,0.0,0.0,0.004544644,0.0,1.8480815,0.00028900834,0.0,0.0,0.0,0.0,0.0,0.0,0.0,0.0,0.0,0.0,0.0,0.0,0.92119384,0.0,0.0,0.0,0.0,0.0,0.0,0.0,1.930419,0.0,0.0,0.0,0.0,0.0,0.0,0.0,0.42167282,0.0,0.0,0.0,0.0,1.8819271,3.9215763,0.0,0.0
65,1,2,B,A,306,0.8855191,0.0,0.0,0.0,0.0,0.0,0.0,0.013339112,0.0,8.1738854e-08,0.0,0.97155005,9.919129e-08,0.0,0.0,0.0,0.0,0.0,0.0,0.0,0.0,0.0,0.0,0.0,0.0,0.92238146,0.0,0.0,0.0,0.0,0.0,0.0,0.0,2.8306863,0.0,0.0,0.0,0.0,0.0,0.0,0.0,0.47167465,0.0,0.0,0.0,0.0,1.909272,0.015633015,0.0,0.0
66,1,2,B,A,259,0.85749835,0.0,0.0,0.0,0.0,0.0,0.0,0.035480686,0.0,1.4791892e-08,0.0,0.87711555,3.5190478e-08,0.0,0.0,0.0,0.0,0.0,0.0,0.0,0.0,0.0,0.0,0.0,0.0,0.9217996,0.0,0.0,0.0,0.0,0.0,0.0,0.0,3.0453315,0.0,0.0,0.0,0.0,0.0,0.0,0.0,0.4407899,0.0,0.0,0.0,0.0,1.8955618,0.00039840912,0.0,0.0
67,1,2,A,A,336,0.8300844,0.0,0.0,0.0,0.0,1.8198017,0.0,0.0043746633,0.0,0.0030286727,0.0,1.8018594,4.542077e-09,0.0,0.0,0.0,0.0,0.0,0.0,0.0,0.0,0.0,0.0,0.0,0.0,0.9212118,0.0,0.0,0.0,0.0,0.0,0.0,0.0,2.122428,0.0,0.0,0.0,0.0,0.0,0.0,0.0,0.42247704,0.0,0.0,0.0,0.00012611151,1.8822163,4.56757,0.0,0.0
68,4,1,B,B,258,0.82938546,0.0,0.0,0.0,0.0029397362,0.9590789,0.0,0.000701007,0.0,0.004286536,0.0,1.5585388,0.00078030356,0.0,0.0,0.0,0.0,0.0,0.0,0.0,0.0,0.0,0.0,0.0,0.0,0.92119086,0.0,0.0,0.0,0.0,0.0,0.0,0.0,1.1575204,0.0,0.0,0.0,0.0,0.0,0.0,0.0,0.4214516,0.0,0.0,0.0,0.0,1.8818655,2.1330945,0.0,0.0
69,1,1,B,A,313,0.8934366,0.0,0.0,0.0,0.0,0.0,0.0,0.0010750202,0.0,8.253021e-06,0.0,1.2856987,2.9763082e-06,0.0,0.0,0.0,0.0,0.0,0.0,0.0,0.0,0.0,0.0,0.0,0.0,0.921709,0.0,0.0,0.0,0.0,0.0,0.0,0.0,1.6521783,0.0,0.0,0.0,0.0,0.0,0.0,0.0,0.47445476,0.0,0.0,0.0,0.0,1.8999313,0.10679488,0.0,0.0
70,2,0,A,B,343,1.0175757,0.0,0.0,0.0,0.0,0.0,0.0,0.03692297,0.0,2.9419134e-08,0.0,0.82805425,3.7471697e-08,0.0,0.0,0.0,0.0,0.0,0.0,0.0,0.0,0.0,0.0,0.0,0.0,0.9254988,0.0,0.0,0.0,0.0,0.0,0.0,0.0,4.7752934,0.0,0.0,0.0,0.0,0.0,0.0,0.0,0.6081917,0.0,0.0,0.0,0.0,2.0648508,0.00076296367,0.0,0.0
71,0,1,B,A,305,0.8665985,0.0,0.0,0.0,0.0,0.0,0.0,0.0048327274,0.0,9.462326e-07,0.0,0.94015074,1.3453157e-06,0.0,0.0,0.0,0.0,0.0,0.0,0.0,0.0,0.0,0.0,0.0,0.0,0.9219233,0.0,0.0,0.0,0.0,0.0,0.0,0.0,2.721052,0.0,0.0,0.0,0.0,0.0,0.0,0.0,0.45411003,0.0,0.0,0.0,0.0,1.8970389,0.012792529,0.0,0.0
72,6,1,A,B,276,1.206129,0.0,0.0,0.0,0.0,0.0,0.0,0.057998724,0.0,0.0,0.0,0.82388085,2.0994415e-09,0.0,0.0,0.0,0.0,0.0,0.0,0.0,0.0,0.0,0.0,0.0,0.0,1.2989596,0.0,0.0,0.0,0.0,0.0,0.0,0.0,10.845305,0.0,0.0,0.0,0.0,0.0,0.0,0.0,6.0066667,0.0,0.0,0.0,0.0,4.2083955,0.0,0.0,0.017467327
73,3,1,A,B,283,1.0480075,0.0,0.0,0.0,0.0,0.0,0.0,0.030924276,0.0,1.1848119e-08,0.0,0.8321896,3.3830112e-08,0.0,0.0,0.0,0.0,0.0,0.0,0.0,0.0,0.0,0.0,0.0,0.0,0.92886484,0.0,0.0,0.0,0.0,0.0,0.0,0.0,5.100943,0.0,0.0,0.0,0.0,0.0,0.0,0.0,0.62498707,0.0,0.0,0.0,0.0,2.2251515,0.00020569518,0.0,0.0
74,10,1,B,B,289,0.82873243,0.0,0.0,0.0,0.0,2.816248,0.0,0.0,0.14616989,0.0,0.0,4.9716913e-05,5.8122696e-14,0.0,0.0,0.0,0.0,0.0,0.0,0.0,0.0,0.0,0.0,0.7641569,0.0,0.92119044,0.0,0.0,0.0,0.0,0.0,0.0,0.0,3.2165241,1.0490422,0.0,0.0,0.0,0.0,0.0,0.0,0.42536923,0.0,0.0,0.0,0.00017330344,1.8818203,0.0021226495,0.0,0.2736866
75,2,1,A,A,292,0.92470634,0.0,0.0,0.0,0.00023915674,0.00059419475,0.0,0.008908341,0.0,1.6903838e-05,0.0,1.0885962,1.3184752e-05,0.0,0.0,0.0,0.0,0.0,0.0,0.0,0.0,0.0,0.0,0.0,0.0,0.9233234,0.0,0.0,0.0,0.0,0.0,0.0,0.0,2.751504,0.0,0.0,0.0,0.0,0.0,0.0,0.0,0.52043843,0.0,0.0,0.0,0.0,1.9442666,0.023776159,0.0,0.0
76,1,1,A,A,266,0.8459418,0.0,0.0,0.0,0.00033808962,0.1983125,0.0,0.0039154864,0.0,0.0011435996,0.0,1.2836951,4.9817736e-05,0.0,0.0,0.0,0.0,0.0,0.0,0.0,0.0,0.0,0.0,0.0,0.0,0.92136157,0.0,0.0,0.0,0.0,0.0,0.0,0.0,1.6177449,0.0,0.0,0.0,0.0,0.0,0.0,0.0,0.43276334,0.0,0.0,0.0,0.0,1.8865802,0.5524108,0.0,0.0
77,4,1,A,B,294,1.1118112,0.0,0.0,0.0,0.0,0.0,0.0,0.05740699,0.0,0.0,0.0,0.82433075,1.2125971e-09,0.0,0.0,0.0,0.0,0.0,0.0,0.0,0.0,0.0,0.0,0.0,0.0,0.9367759,0.0,0.0,0.0,0.0,0.0,0.0,0.0,6.593362,0.0,0.0,0.0,0.0,0.0,0.0,0.0,1.0185529,0.0,0.0,0.0,0.0,2.521778,0.0,0.0,0.0
78,1,2,B,A,276,0.8629936,0.0,0.0,0.0,0.0,0.0,0.0,0.015043905,0.0,1.9590603e-07,0.0,0.8815415,5.053438e-07,0.0,0.0,0.0,0.0,0.0,0.0,0.0,0.0,0.0,0.0,0.0,0.0,0.92193204,0.0,0.0,0.0,0.0,0.0,0.0,0.0,2.9894292,0.0,0.0,0.0,0.0,0.0,0.0,0.0,0.44899428,0.0,0.0,0.0,0.0,1.8976831,0.003525055,0.0,0.0
79,1,1,B,A,270,0.85036844,0.0,0.0,0.0,0.0,0.0,0.0,0.0036798245,0.0,3.5633454e-06,0.0,1.0899543,2.4361407e-06,0.0,0.0,0.0,0.0,0.0,0.0,0.0,0.0,0.0,0.0,0.0,0.0,0.9214273,0.0,0.0,0.0,0.0,0.0,0.0,0.0,2.0568914,0.0,0.0,0.0,0.0,0.0,0.0,0.0,0.43396592,0.0,0.0,0.0,0.0,1.887887,0.09139475,0.0,0.0
80,10,1,A,B,257,1.9173877,0.0,0.0,0.0,0.0,0.0,0.0,0.02633391,0.0,0.0,0.0,0.8235116,0.0,0.0,0.0,0.0,0.0,0.0,0.0,0.0,0.0,0.0,0.0,0.0,0.0,1.7650456,0.0,0.0,0.0,0.0,0.0,0.0,0.0,24.589602,0.052303497,0.0,0.0,0.0,0.0,0.0,0.0,7.951525,0.0,0.0,0.0,0.0,8.109697,0.0014902338,0.0,2.7657297
81,2,0,B,B,266,0.8398354,0.0,0.0,0.0,0.07283034,0.037093554,0.0,0.0,0.0,0.012911963,0.0,1.4689777,0.003207627,0.0,0.0,0.0,0.0,0.0,0.0,0.0,0.0,0.0,0.0,0.0,0.0,0.9210606,0.0,0.0,0.0,0.0,0.0,0.0,0.0,0.47339368,0.0,0.0,0.0,0.0,0.0,0.0,0.0,0.4282567,0.0,0.0,0.0,0.0,1.8831044,0.32456973,0.0,0.0
82,4,1,B,B,282,0.829664,0.0,0.0,0.0,0.0,1.2044322,0.0,0.0,0.0,0.005658122,0.0,1.5809112,0.0006775353,0.0,0.0,0.0,0.0,0.0,0.0,0.0,0.0,0.0,0.0,0.0,0.0,0.921191,0.0,0.0,0.0,0.0,0.0,0.0,0.0,1.1788384,0.0,0.0,0.0,0.0,0.0,0.0,0.0,0.4214198,0.0,0.0,0.0,0.0,1.881866,2.8161573,0.0,0.0
83,3,1,B,B,340,0.86523026,0.0,0.0,0.0,0.021136248,0.3107697,0.0,0.0,0.0,0.027439702,0.0,1.5593263,0.0051097353,0.0,0.0,0.0,0.0,0.0,0.0,0.0,0.0,0.0,0.0,0.0,0.0,0.92074496,0.0,0.0,0.0,0.0,0.0,0.0,0.0,0.38465986,0.0,0.0,0.0,0.0,0.0,0.0,0.0,0.44895253,0.0,0.0,0.0,0.0,1.8865883,0.9069122,0.0,0.0
84,2,0,A,B,258,0.95631987,0.0,0.0,0.0,0.0,0.0,0.0,0.027522562,0.0,4.008408e-08,0.0,0.82890975,1.3059345e-07,0.0,0.0,0.0,0.0,0.0,0.0,0.0,0.0,0.0,0.0,0.0,0.0,0.92460406,0.0,0.0,0.0,0.0,0.0,0.0,0.0,4.34926,0.0,0.0,0.0,0.0,0.0,0.0,0.0,0.54062307,0.0,0.0,0.0,0.0,2.015203,0.0012057902,0.0,0.0
85,10,1,A,B,343,1.326544,0.0,0.0,0.0,0.0,0.0,0.0,0.026287524,0.0,0.0,0.0,0.8235451,0.0,0.0,0.0,0.0,0.0,0.0,0.0,0.0,0.0,0.0,0.0,0.0,0.0,2.8709116,0.0,0.0,0.0,0.0,0.0,0.0,0.0,27.775454,0.0,0.0,0.0,0.0,0.0,0.0,0.0,11.290759,0.0,0.0,0.0,0.0,5.18741,0.0,0.0,3.4324384
86,4,1,A,B,351,1.1277609,0.0,0.0,0.0,0.0,0.0,0.0,0.038283195,0.0,0.0,0.0,0.82540697,1.645774e-08,0.0,0.0,0.0,0.0,0.0,0.0,0.0,0.0,0.0,0.0,0.0,0.0,0.9424539,0.0,0.0,0.0,0.0,0.0,0.0,0.0,7.069014,0.0,0.0,0.0,0.0,0.0,0.0,0.0,1.501558,0.0,0.0,0.0,0.0,2.6999726,0.0,0.0,0.0
87,2,0,A,B,306,0.99612206,0.0,0.0,0.0,0.0,0.0,0.0,0.028631425,0.0,2.329479e-08,0.0,0.82840276,2.7936128e-08,0.0,0.0,0.0,0.0,0.0,0.0,0.0,0.0,0.0,0.0,0.0,0.0,0.9248643,0.0,0.0,0.0,0.0,0.0,0.0,0.0,4.7892513,0.0,0.0,0.0,0.0,0.0,0.0,0.0,0.59070337,0.0,0.0,0.0,0.0,2.040244,0.00057408225,0.0,0.0
88,1,1,B,A,351,0.8956842,0.0,0.0,0.0,6.854618e-05,0.0,0.0,0.0011768249,0.0,1.0282114e-05,0.0,1.2387775,5.3254857e-06,0.0,0.0,0.0,0.0,0.0,0.0,0.0,0.0,0.0,0.0,0.0,0.0,0.92191213,0.0,0.0,0.0,0.0,0.0,0.0,0.0,1.8100597,0.0,0.0,0.0,0.0,0.0,0.0,0.0,0.48028064,0.0,0.0,0.0,0.0,1.9021071,0.09418427,0.0,0.0
89,10,1,A,B,323,1.3932704,0.0,0.0,0.0,0.0,0.0,0.0,0.026324429,0.0,0.0,0.0,0.82350385,0.0,0.0,0.0,0.0,0.0,0.0,0.0,0.0,0.0,0.0,0.0,0.0,0.0,2.5823514,0.0,0.0,0.0,0.0,0.0,0.0,0.0,26.958685,0.0,0.0,0.0,0.0,0.0,0.0,0.0,9.036167,0.0,0.0,0.0,0.0,7.1704106,0.0,0.0,3.1797836
90,3,1,B,B,282,0.8462513,0.0,0.0,0.0,0.064598724,0.0385138,0.0,0.0,0.0,0.016458083,0.0,1.4825138,0.0035054705,0.0,0.0,0.0,0.0,0.0,0.0,0.0,0.0,0.0,0.0,0.0,0.0,0.92094755,0.0,0.0,0.0,0.0,0.0,0.0,0.0,0.23736049,0.0,0.0,0.0,0.0,0.0,0.0,0.0,0.4332651,0.0,0.0,0.0,0.0,1.8839107,0.31578714,0.0,0.0
91,1,1,B,A,292,0.85723615,0.0,0.0,0.0,0.0,0.0,0.0,0.00022558648,0.0,3.332422e-06,0.0,1.0960054,2.4637475e-06,0.0,0.0,0.0,0.0,0.0,0.0,0.0,0.0,0.0,0.0,0.0,0.0,0.92154205,0.0,0.0,0.0,0.0,0.0,0.0,0.0,2.078746,0.0,0.0,0.0,0.0,0.0,0.0,0.0,0.44173214,0.0,0.0,0.0,0.0,1.8901515,0.0842406,0.0,0.0
92,6,1,B,B,346,0.82873774,0.0,0.0,0.0,0.0,2.8684533,0.0,0.0,0.23790243,1.8065907e-06,0.0,1.5632287,2.2737338e-11,0.0,0.0,0.0,0.0,0.0,0.0,0.0,0.0,0.0,0.0,0.0,0.0,0.92119044,0.0,0.0,0.0,0.0,0.0,0.0,0.0,3.4813921,0.056419216,0.0,0.0,0.0,0.0,0.0,0.0,0.42537552,0.0,0.0019760837,0.0,0.7766578,1.8818206,6.869023,0.0,0.0
93,1,2,B,A,272,0.8637662,0.0,0.0,0.0,0.0,0.0,0.0,0.01977317,0.0,2.3329534e-07,0.0,0.8689291,3.0536245e-07,0.0,0.0,0.0,0.0,0.0,0.0,0.0,0.0,0.0,0.0,0.0,0.0,0.92196363,0.0,0.0,0.0,0.0,0.0,0.0,0.0,3.0611405,0.0,0.0,0.0,0.0,0.0,0.0,0.0,0.4492138,0.0,0.0,0.0,0.0,1.8986697,0.0025584556,0.0,0.0
94,2,1,A,A,284,0.9201977,0.0,0.0,0.0,0.0,0.0,0.0,0.018956685,0.0,5.298261e-07,0.0,0.8829105,9.22673e-07,0.0,0.0,0.0,0.0,0.0,0.0,0.0,0.0,0.0,0.0,0.0,0.0,0.9233211,0.0,0.0,0.0,0.0,0.0,0.0,0.0,3.475212,0.0,0.0,0.0,0.0,0.0,0.0,0.0,0.5130405,0.0,0.0,0.0,0.0,1.9511697,0.008190489,0.0,0.0
95,1,1,B,A,283,0.8530788,0.0,0.0,0.0,0.0,0.0,0.0,0.002362298,0.0,3.7264679e-06,0.0,1.1266022,2.3635919e-06,0.0,0.0,0.0,0.0,0.0,0.0,0.0,0.0,0.0,0.0,0.0,0.0,0.92146116,0.0,0.0,0.0,0.0,0.0,0.0,0.0,1.925082,0.0,0.0,0.0,0.0,0.0,0.0,0.0,0.43642047,0.0,0.0,0.0,0.0,1.8886462,0.11191351,0.0,0.0
96,2,1,A,A,305,0.9072396,0.0,0.0,0.0,0.0,0.0,0.0,0.015093625,0.0,5.479212e-07,0.0,0.9056797,6.7423133e-07,0.0,0.0,0.0,0.0,0.0,0.0,0.0,0.0,0.0,0.0,0.0,0.0,0.92292356,0.0,0.0,0.0,0.0,0.0,0.0,0.0,3.4114683,0.0,0.0,0.0,0.0,0.0,0.0,0.0,0.50466746,0.0,0.0,0.0,0.0,1.9280223,0.0036543584,0.0,0.0
97,6,1,B,B,345,0.8288089,0.0,0.0,0.0,0.0,2.7072701,0.0,0.002833684,0.14333642,5.9992803e-06,0.0,1.4699767,0.00010273121,0.0,0.0,0.0,0.0,0.0,0.0,0.0,0.0,0.0,0.0,0.0,0.0,0.92119086,0.0,0.0,0.0,0.0,0.0,0.0,0.0,3.3431375,0.016975693,0.0,0.0,0.0,0.0,0.0,0.0,0.42545736,0.0,0.0028210003,0.0,0.8382693,1.8818356,6.602091,0.0,0.0
98,0,1,B,A,279,0.8529592,0.0,0.0,0.0,0.0,0.0,0.0,0.007850389,0.0,1.5755738e-06,0.0,0.9446085,1.8367133e-06,0.0,0.0,0.0,0.0,0.0,0.0,0.0,0.0,0.0,0.0,0.0,0.0,0.92162156,0.0,0.0,0.0,0.0,0.0,0.0,0.0,2.6228287,0.0,0.0,0.0,0.0,0.0,0.0,0.0,0.43895894,0.0,0.0,0.0,0.0,1.8904424,0.011715967,0.0,0.0
99,6,1,B,B,276,0.8288576,0.0,0.0,0.0,0.0,2.4833071,0.0,0.008893312,0.03728447,2.694347e-05,0.0,1.2716936,0.00013698821,0.0,0.0,0.0,0.0,0.0,0.0,0.0,0.0,0.0,0.0,0.0,0.0,0.92119336,0.0,0.0,0.0,0.0,0.0,0.0,0.0,3.2605646,0.06653583,0.0,0.0,0.0,0.0,0.0,0.0,0.42552176,0.0,0.0029495978,0.0,0.5745606,1.88185,5.6624794,0.0,0.0
100,1,1,A,A,328,0.8344762,0.0,0.0,0.0,0.0,0.99351674,0.0,0.0,0.0,0.0061535304,0.0,1.759172,0.00026192167,0.0,0.0,0.0,0.0,0.0,0.0,0.0,0.0,0.0,0.0,0.0,0.0,0.9211935,0.0,0.0,0.0,0.0,0.0,0.0,0.0,2.0790572,0.0,0.0,0.0,0.0,0.0,0.0,0.0,0.41935214,0.0,0.0,0.0,0.0,1.882277,2.8485663,0.0,0.0
101,1,2,B,A,270,0.8645409,0.0,0.0,0.0,0.0,0.0,0.0,0.021231702,0.0,9.784081e-07,0.0,0.8822953,2.4862613e-06,0.0,0.0,0.0,0.0,0.0,0.0,0.0,0.0,0.0,0.0,0.0,0.0,0.9220094,0.0,0.0,0.0,0.0,0.0,0.0,0.0,2.9719403,0.0,0.0,0.0,0.0,0.0,0.0,0.0,0.4496674,0.0,0.0,0.0,0.0,1.9000496,0.0124562,0.0,0.0
102,1,1,B,A,291,0.85873574,0.0,0.0,0.0,0.0,0.0,0.0,0.00010644332,0.0,5.015795e-06,0.0,1.1164907,3.8527487e-06,0.0,0.0,0.0,0.0,0.0,0.0,0.0,0.0,0.0,0.0,0.0,0.0,0.9215445,0.0,0.0,0.0,0.0,0.0,0.0,0.0,2.019667,0.0,0.0,0.0,0.0,0.0,0.0,0.0,0.44247463,0.0,0.0,0.0,0.0,1.890781,0.09186667,0.0,0.0
103,2,0,B,B,333,0.87055033,0.0,0.0,0.0,0.1106955,0.0,0.0,0.0,0.0,0.029035753,0.0,1.5539311,0.005952046,0.0,0.0,0.0,0.0,0.0,0.0,0.0,0.0,0.0,0.0,0.0,0.0,0.9206459,0.0,0.0,0.0,0.0,0.0,0.0,0.0,0.1824137,0.0,0.0,0.0,0.0,0.0,0.0,0.0,0.4496355,0.0,0.0,0.0,0.0,1.8876891,0.29796183,0.0,0.0
104,2,0,B,B,292,0.8519555,0.0,0.0,0.0,0.10122262,0.00037937038,0.0,0.0,0.0,0.018228853,0.0,1.5258495,0.0038714122,0.0,0.0,0.0,0.0,0.0,0.0,0.0,0.0,0.0,0.0,0.0,0.0,0.920914,0.0,0.0,0.0,0.0,0.0,0.0,0.0,0.27316794,0.0,0.0,0.0,0.0,0.0,0.0,0.0,0.43939605,0.0,0.0,0.0,0.0,1.8849851,0.2768425,0.0,0.0
105,0,1,A,A,260,0.83035624,0.0,0.0,0.0,0.0012043364,1.0333638,0.0,0.00202949,0.0,0.0019584664,0.0,1.4938484,0.00014835954,0.0,0.0,0.0,0.0,0.0,0.0,0.0,0.0,0.0,0.0,0.0,0.0,0.92119867,0.0,0.0,0.0,0.0,0.0,0.0,0.0,2.0873847,0.0,0.0,0.0,0.0,0.0,0.0,0.0,0.4223503,0.0,0.0,0.0,0.0,1.8821054,2.4748259,0.0,0.0
106,4,1,B,B,344,0.8299424,0.0,0.0,0.0,0.0,1.4561903,0.0,0.0,0.0,0.008943621,0.0,1.7335888,0.0008499627,0.0,0.0,0.0,0.0,0.0,0.0,0.0,0.0,0.0,0.0,0.0,0.0,0.9211889,0.0,0.0,0.0,0.0,0.0,0.0,0.0,1.3612053,0.0,0.0,0.0,0.0,0.0,0.0,0.0,0.42171305,0.0,0.0,0.0,0.0,1.8818971,3.6129224,0.0,0.0
107,10,1,B,B,327,0.8287361,0.0,0.0,0.0,0.0,2.8323247,0.0,0.0,0.048359916,0.0,0.0,6.346558e-08,6.624331e-16,0.0,0.0,0.0,0.0,0.0,0.0,0.0,0.0,0.0,0.0,0.8937285,0.0,0.92119044,0.0,0.0,0.0,0.0,0.0,0.0,0.0,2.9870944,1.0776025,0.0,0.0,0.0,0.0,0.0,0.0,0.42425454,0.0,0.0,0.0,3.3459488e-05,1.8818206,0.0008095127,0.0,0.15437827
108,6,1,A,B,336,1.19178,0.0,0.0,0.0,0.0,0.0,0.0,0.062404137,0.0,0.0,0.0,0.82448006,1.9728759e-09,0.0,0.0,0.0,0.0,0.0,0.0,0.0,0.0,0.0,0.0,0.0,0.0,1.1398453,0.0,0.0,0.0,0.0,0.0,0.0,0.0,11.133855,0.0,0.0,0.0,0.0,0.0,0.0,0.0,6.6138606,0.0,0.0,0.0,0.0,3.9006922,0.0,0.0,0.07128429
109,2,0,A,B,348,1.0013251,0.0,0.0,0.0,0.0,0.0,0.0,0.029419947,0.0,1.8212184e-07,0.0,0.8381561,4.5653135e-07,0.0,0.0,0.0,0.0,0.0,0.0,0.0,0.0,0.0,0.0,0.0,0.0,0.92491513,0.0,0.0,0.0,0.0,0.0,0.0,0.0,4.598038,0.0,0.0,0.0,0.0,0.0,0.0,0.0,0.5982104,0.0,0.0,0.0,0.0,2.0334344,0.0034354918,0.0,0.0
110,1,1,A,A,317,0.87168485,0.0,0.0,0.0,0.0,0.5377146,0.0,0.0,0.0,0.0030219334,0.0,1.6012709,1.9902349e-05,0.0,0.0,0.0,0.0,0.0,0.0,0.0,0.0,0.0,0.0,0.0,0.0,0.9213748,0.0,0.0,0.0,0.0,0.0,0.0,0.0,1.611769,0.0,0.0,0.0,0.0,0.0,0.0,0.0,0.44844297,0.0,0.0,0.0,0.0,1.8904797,1.502426,0.0,0.0
111,6,1,A,B,281,1.2325169,0.0,0.0,0.0,0.0,0.0,0.0,0.060802422,0.0,0.0,0.0,0.8241571,1.6175962e-09,0.0,0.0,0.0,0.0,0.0,0.0,0.0,0.0,0.0,0.0,0.0,0.0,1.0737526,0.0,0.0,0.0,0.0,0.0,0.0,0.0,9.786177,0.0,0.0,0.0,0.0,0.0,0.0,0.0,4.432434,0.0,0.0,0.0,0.0,3.9790072,0.0,0.0,0.013767736
112,4,1,B,B,344,0.83089274,0.0,0.0,0.0,0.0,1.3494027,0.0,0.0,0.0,0.010281334,0.0,1.6726135,0.0007093396,0.0,0.0,0.0,0.0,0.0,0.0,0.0,0.0,0.0,0.0,0.0,0.0,0.9211905,0.0,0.0,0.0,0.0,0.0,0.0,0.0,1.2180419,0.0,0.0,0.0,0.0,0.0,0.0,0.0,0.4215494,0.0,0.0,0.0,0.0,1.881893,3.2781212,0.0,0.0
113,2,1,A,A,280,0.9275124,0.0,0.0,0.0,0.0,0.0,0.0,0.0029611392,0.0,1.932163e-06,0.0,1.098185,6.336983e-07,0.0,0.0,0.0,0.0,0.0,0.0,0.0,0.0,0.0,0.0,0.0,0.0,0.9230647,0.0,0.0,0.0,0.0,0.0,0.0,0.0,2.76205,0.0,0.0,0.0,0.0,0.0,0.0,0.0,0.52474,0.0,0.0,0.0,0.0,1.9408902,0.007607515,0.0,0.0
114,0,1,A,A,289,0.8333527,0.0,0.0,0.0,0.0,0.984553,0.0,0.0,0.0,0.006412765,0.0,1.5621432,0.00045519404,0.0,0.0,0.0,0.0,0.0,0.0,0.0,0.0,0.0,0.0,0.0,0.0,0.9211879,0.0,0.0,0.0,0.0,0.0,0.0,0.0,1.3893956,0.0,0.0,0.0,0.0,0.0,0.0,0.0,0.41794196,0.0,0.0,0.0,0.0,1.8820276,2.3902886,0.0,0.0
115,2,1,A,B,262,0.90559393,0.0,0.0,0.0,0.0,0.0,0.0,0.024568655,0.0,4.2343558e-08,0.0,0.83973837,1.2450697e-07,0.0,0.0,0.0,0.0,0.0,0.0,0.0,0.0,0.0,0.0,0.0,0.0,0.9230181,0.0,0.0,0.0,0.0,0.0,0.0,0.0,3.6473348,0.0,0.0,0.0,0.0,0.0,0.0,0.0,0.49621266,0.0,0.0,0.0,0.0,1.940619,0.0015373614,0.0,0.0
116,2,1,A,A,271,0.87402594,0.0,0.0,0.0,0.0,0.0,0.0,0.010858042,0.0,6.197442e-07,0.0,0.9316964,1.1818279e-06,0.0,0.0,0.0,0.0,0.0,0.0,0.0,0.0,0.0,0.0,0.0,0.0,0.9221459,0.0,0.0,0.0,0.0,0.0,0.0,0.0,2.9443078,0.0,0.0,0.0,0.0,0.0,0.0,0.0,0.46687335,0.0,0.0,0.0,0.0,1.9060564,0.008681969,0.0,0.0
117,3,1,B,B,290,0.83379465,0.0,0.0,0.0,0.0035740638,0.6182888,0.0,0.0,0.0,0.0119719375,0.0,1.6538097,0.0015079373,0.0,0.0,0.0,0.0,0.0,0.0,0.0,0.0,0.0,0.0,0.0,0.0,0.9211692,0.0,0.0,0.0,0.0,0.0,0.0,0.0,0.8788172,0.0,0.0,0.0,0.0,0.0,0.0,0.0,0.42312482,0.0,0.0,0.0,0.0,1.8821129,1.7320435,0.0,0.0
118,1,2,A,A,266,0.8292767,0.0,0.0,0.0,0.0,1.6078204,0.0,0.0010006328,0.0,0.0020400747,0.0,1.5700198,0.00021458675,0.0,0.0,0.0,0.0,0.0,0.0,0.0,0.0,0.0,0.0,0.0,0.0,0.9211958,0.0,0.0,0.0,0.0,0.0,0.0,0.0,2.127871,0.0,0.0,0.0,0.0,0.0,0.0,0.0,0.42113507,0.0,0.0,0.0,0.0033562144,1.8819122,3.6870975,0.0,0.0
119,6,1,B,B,343,0.82879114,0.0,0.0,0.0,0.0,3.0393286,0.0,0.0,0.29973757,1.7032795e-06,0.0,1.7697921,9.072369e-12,0.0,0.0,0.0,0.0,0.0,0.0,0.0,0.0,0.0,0.0,0.1356995,0.0,0.9211908,0.0,0.0,0.0,0.0,0.0,0.0,0.0,3.5135984,0.087289914,0.0,0.0,0.0,0.0,0.0,0.0,0.42544138,0.0,0.0017111254,0.0,0.6514536,1.8818318,7.166548,0.0,0.0
120,0,1,A,A,291,0.8301168,0.0,0.0,0.0,0.0,1.2112694,0.0,0.0,0.0,0.0042028558,0.0,1.6735631,0.00030182346,0.0,0.0,0.0,0.0,0.0,0.0,0.0,0.0,0.0,0.0,0.0,0.0,0.9211967,0.0,0.0,0.0,0.0,0.0,0.0,0.0,1.4640908,0.0,0.0,0.0,0.0,0.0,0.0,0.0,0.42160907,0.0,0.0,0.0,0.0,1.881988,3.0040858,0.0,0.0
121,10,1,B,B,290,0.8287326,0.0,0.0,0.0,0.0,2.745803,0.0,0.0,0.14298192,5.6242774e-14,0.0,0.0023552496,2.75721e-12,0.0,0.0,0.0,0.0,0.0,0.0,0.0,0.0,0.0,0.0,0.7542087,0.0,0.92119044,0.0,0.0,0.0,0.0,0.0,0.0,0.0,3.058077,1.0128052,0.0,0.0,0.0,0.0,0.0,0.0,0.42536926,0.0,0.0,0.0,0.00011945885,1.8818203,0.0010273721,0.0,0.22571544
122,3,1,A,B,343,1.0355203,0.0,0.0,0.0,0.0,0.0,0.0,0.029997284,0.0,1.1698241e-08,0.0,0.8313266,2.589023e-08,0.0,0.0,0.0,0.0,0.0,0.0,0.0,0.0,0.0,0.0,0.0,0.0,0.92701495,0.0,0.0,0.0,0.0,0.0,0.0,0.0,4.9187126,0.0,0.0,0.0,0.0,0.0,0.0,0.0,0.61759514,0.0,0.0,0.0,0.0,2.1180742,0.00050434103,0.0,0.0
123,2,0,A,B,336,0.9857948,0.0,0.0,0.0,0.0,0.0,0.0,0.0333561,0.0,3.0350105e-08,0.0,0.83831424,3.300338e-08,0.0,0.0,0.0,0.0,0.0,0.0,0.0,0.0,0.0,0.0,0.0,0.0,0.924685,0.0,0.0,0.0,0.0,0.0,0.0,0.0,4.563423,0.0,0.0,0.0,0.0,0.0,0.0,0.0,0.5814764,0.0,0.0,0.0,0.0,2.0132551,0.00045175035,0.0,0.0
124,1,2,B,A,272,0.8672384,0.0,0.0,0.0,0.0,0.0,0.0,0.022678768,0.0,4.532319e-08,0.0,0.8831128,7.05322e-08,0.0,0.0,0.0,0.0,0.0,0.0,0.0,0.0,0.0,0.0,0.0,0.0,0.92204726,0.0,0.0,0.0,0.0,0.0,0.0,0.0,3.0773044,0.0,0.0,0.0,0.0,0.0,0.0,0.0,0.45267928,0.0,0.0,0.0,0.0,1.9009404,0.003920627,0.0,0.0
125,3,1,A,A,339,1.0387764,0.0,0.0,0.0,0.0,0.0,0.0,0.028914765,0.0,4.278476e-08,0.0,0.83083797,1.9605024e-07,0.0,0.0,0.0,0.0,0.0,0.0,0.0,0.0,0.0,0.0,0.0,0.0,0.9276238,0.0,0.0,0.0,0.0,0.0,0.0,0.0,5.009973,0.0,0.0,0.0,0.0,0.0,0.0,0.0,0.61399955,0.0,0.0,0.0,0.0,2.1441844,0.0023876876,0.0,0.0
126,0,1,A,A,331,0.8313298,0.0,0.0,0.0,0.0,1.2023468,0.0,0.0,0.0,0.0066252146,0.0,1.7814798,0.00024219767,0.0,0.0,0.0,0.0,0.0,0.0,0.0,0.0,0.0,0.0,0.0,0.0,0.9211935,0.0,0.0,0.0,0.0,0.0,0.0,0.0,1.8064713,0.0,0.0,0.0,0.0,0.0,0.0,0.0,0.41804168,0.0,0.0,0.0,0.0,1.8820138,3.276311,0.0,0.0
127,2,1,A,A,275,0.92380935,0.0,0.0,0.0,0.0,0.0,0.0,0.014008883,0.0,9.899697e-07,0.0,0.99288094,1.8903386e-06,0.0,0.0,0.0,0.0,0.0,0.0,0.0,0.0,0.0,0.0,0.0,0.0,0.92330194,0.0,0.0,0.0,0.0,0.0,0.0,0.0,3.0656326,0.0,0.0,0.0,0.0,0.0,0.0,0.0,0.5159323,0.0,0.0,0.0,0.0,1.9494492,0.0063680853,0.0,0.0
128,2,0,B,B,341,0.8758899,0.0,0.0,0.0,0.10663701,0.0016928256,0.0,0.0,0.0,0.030431401,0.0,1.5515759,0.005833772,0.0,0.0,0.0,0.0,0.0,0.0,0.0,0.0,0.0,0.0,0.0,0.0,0.92058396,0.0,0.0,0.0,0.0,0.0,0.0,0.0,0.20036036,0.0,0.0,0.0,0.0,0.0,0.0,0.0,0.45268252,0.0,0.0,0.0,0.0,1.8883227,0.30898356,0.0,0.0
129,4,1,B,B,280,0.8298244,0.0,0.0,0.0,0.0,1.2294359,0.0,0.0,0.0,0.0057623917,0.0,1.5824567,0.00084271445,0.0,0.0,0.0,0.0,0.0,0.0,0.0,0.0,0.0,0.0,0.0,0.0,0.9211889,0.0,0.0,0.0,0.0,0.0,0.0,0.0,1.2255914,0.0,0.0,0.0,0.0,0.0,0.0,0.0,0.4217348,0.0,0.0,0.0,0.0,1.8819007,2.7902408,0.0,0.0
130,10,1,A,B,313,1.2906018,0.0,0.0,0.0,0.0,0.0,0.0,0.051114067,0.0,0.0,0.0,0.8235064,2.0336333e-14,0.0,0.0,0.0,0.0,0.0,0.0,0.0,0.0,0.0,0.0,0.0,0.0,2.6538863,0.0,0.0,0.0,0.0,0.0,0.0,0.0,27.365059,0.0,0.0,0.0,0.0,0.0,0.0,0.0,12.136589,0.0,0.0,0.0,0.0,5.121802,0.0,0.0,3.2142694
131,6,1,B,B,290,0.82888323,0.0,0.0,0.0,0.0,2.592845,0.0,0.004506712,0.12532468,0.00015759801,0.0,1.1700419,0.00027635254,0.0,0.0,0.0,0.0,0.0,0.0,0.0,0.0,0.0,0.0,0.0,0.0,0.9211935,0.0,0.0,0.0,0.0,0.0,0.0,0.0,3.5100796,0.23269024,0.0,0.0,0.0,0.0,0.0,0.0,0.42554212,0.0,0.002788815,0.0,0.70911455,1.8818622,5.7987785,0.0,0.0
132,2,0,B,B,330,0.87210333,0.0,0.0,0.0,0.10921357,5.0549115e-05,0.0,0.0,0.0,0.026363065,0.0,1.546292,0.005238259,0.0,0.0,0.0,0.0,0.0,0.0,0.0,0.0,0.0,0.0,0.0,0.0,0.9206597,0.0,0.0,0.0,0.0,0.0,0.0,0.0,0.16845137,0.0,0.0,0.0,0.0,0.0,0.0,0.0,0.455555,0.0,0.0,0.0,0.0,1.8880565,0.29077014,0.0,0.0
133,2,1,A,A,326,0.96459603,0.0,0.0,0.0,0.0,0.0,0.0,0.021738386,0.0,6.9201405e-07,0.0,0.8510837,2.7113433e-06,0.0,0.0,0.0,0.0,0.0,0.0,0.0,0.0,0.0,0.0,0.0,0.0,0.9239085,0.0,0.0,0.0,0.0,0.0,0.0,0.0,4.0906324,0.0,0.0,0.0,0.0,0.0,0.0,0.0,0.5657167,0.0,0.0,0.0,0.0,1.9895911,0.004314099,0.0,0.0
134,3,1,B,B,319,0.86189735,0.0,0.0,0.0,0.084226735,0.022454102,0.0,0.0,0.0,0.025233934,0.0,1.5088102,0.005228098,0.0,0.0,0.0,0.0,0.0,0.0,0.0,0.0,0.0,0.0,0.0,0.0,0.92073035,0.0,0.0,0.0,0.0,0.0,0.0,0.0,0.19368613,0.0,0.0,0.0,0.0,0.0,0.0,0.0,0.44184253,0.0,0.0,0.0,0.0,1.8861892,0.32240775,0.0,0.0
135,1,1,A,A,292,0.8611594,0.0,0.0,0.0,0.00036663588,0.05484969,0.0,0.00036750012,0.0,0.00025769245,0.0,1.2374606,4.2923613e-05,0.0,0.0,0.0,0.0,0.0,0.0,0.0,0.0,0.0,0.0,0.0,0.0,0.92151046,0.0,0.0,0.0,0.0,0.0,0.0,0.0,1.5738486,0.0,0.0,0.0,0.0,0.0,0.0,0.0,0.45048565,0.0,0.0,0.0,0.0,1.8911923,0.19829813,0.0,0.0
136,3,1,A,A,345,1.080637,0.0,0.0,0.0,0.0,0.0,0.0,0.031815205,0.0,6.4641457e-09,0.0,0.83411056,3.5500758e-08,0.0,0.0,0.0,0.0,0.0,0.0,0.0,0.0,0.0,0.0,0.0,0.0,0.93000704,0.0,0.0,0.0,0.0,0.0,0.0,0.0,5.479219,0.0,0.0,0.0,0.0,0.0,0.0,0.0,0.90124166,0.0,0.0,0.0,0.0,2.3802767,0.0012715689,0.0,0.0
137,4,1,B,B,293,0.8292169,0.0,0.0,0.0,0.0,1.4572994,0.0,0.0,0.0,0.0046591815,0.0,1.6977435,0.0005513481,0.0,0.0,0.0,0.0,0.0,0.0,0.0,0.0,0.0,0.0,0.0,0.0,0.92119336,0.0,0.0,0.0,0.0,0.0,0.0,0.0,1.6303644,0.0,0.0,0.0,0.0,0.0,0.0,0.0,0.42141435,0.0,0.0,0.0,0.0,1.8818663,3.6503942,0.0,0.0
138,1,2,B,A,294,0.86962473,0.0,0.0,0.0,0.0,0.0,0.0,0.009227345,0.0,1.4645951e-06,0.0,0.91289705,2.0433429e-06,0.0,0.0,0.0,0.0,0.0,0.0,0.0,0.0,0.0,0.0,0.0,0.0,0.92204154,0.0,0.0,0.0,0.0,0.0,0.0,0.0,2.921483,0.0,0.0,0.0,0.0,0.0,0.0,0.0,0.4566787,0.0,0.0,0.0,0.0,1.90016,0.0058028125,0.0,0.0
139,0,1,B,A,326,0.8793599,0.0,0.0,0.0,0.0,0.0,0.0,0.0028109632,0.0,7.898777e-07,0.0,1.0035853,1.0183759e-06,0.0,0.0,0.0,0.0,0.0,0.0,0.0,0.0,0.0,0.0,0.0,0.0,0.9220504,0.0,0.0,0.0,0.0,0.0,0.0,0.0,2.6880317,0.0,0.0,0.0,0.0,0.0,0.0,0.0,0.46778628,0.0,0.0,0.0,0.0,1.9011983,0.008569567,0.0,0.0
140,3,1,A,B,351,1.0310112,0.0,0.0,0.0,0.0,0.0,0.0,0.03074874,0.0,1.5319372e-08,0.0,0.8282741,2.6074025e-08,0.0,0.0,0.0,0.0,0.0,0.0,0.0,0.0,0.0,0.0,0.0,0.0,0.92670995,0.0,0.0,0.0,0.0,0.0,0.0,0.0,4.887179,0.0,0.0,0.0,0.0,0.0,0.0,0.0,0.6177827,0.0,0.0,0.0,0.0,2.0955272,0.00053918903,0.0,0.0
141,1,1,A,A,313,0.91510355,0.0,0.0,0.0,0.0009676227,0.171744,0.0,0.0,0.0,0.00097449025,0.0,1.4164767,3.617225e-06,0.0,0.0,0.0,0.0,0.0,0.0,0.0,0.0,0.0,0.0,0.0,0.0,0.9216282,0.0,0.0,0.0,0.0,0.0,0.0,0.0,1.3508239,0.0,0.0,0.0,0.0,0.0,0.0,0.0,0.49161208,0.0,0.0,0.0,0.0,1.9072248,0.4646639,0.0,0.0
142,4,1,B,B,269,0.8293131,0.0,0.0,0.0,0.0,1.3658621,0.0,0.0,0.0,0.0038424975,0.0,1.5237254,0.00071202946,0.0,0.0,0.0,0.0,0.0,0.0,0.0,0.0,0.0,0.0,0.0,0.0,0.9211903,0.0,0.0,0.0,0.0,0.0,0.0,0.0,1.454371,0.0,0.0,0.0,0.0,0.0,0.0,0.0,0.42147395,0.0,0.0,0.0,0.0007856973,1.8818614,2.943267,0.0,0.0
143,2,0,B,B,296,0.8536207,0.0,0.0,0.0,0.09501984,0.022191022,0.0,0.0,0.0,0.018878562,0.0,1.5314015,0.0038695014,0.0,0.0,0.0,0.0,0.0,0.0,0.0,0.0,0.0,0.0,0.0,0.0,0.92092615,0.0,0.0,0.0,0.0,0.0,0.0,0.0,0.2945193,0.0,0.0,0.0,0.0,0.0,0.0,0.0,0.43995193,0.0,0.0,0.0,0.0,1.8851932,0.3324467,0.0,0.0
144,3,1,A,A,322,1.0466266,0.0,0.0,0.0,0.0,0.0,0.0,0.026014462,0.0,7.9586016e-08,0.0,0.831435,2.9661052e-07,0.0,0.0,0.0,0.0,0.0,0.0,0.0,0.0,0.0,0.0,0.0,0.0,0.9283678,0.0,0.0,0.0,0.0,0.0,0.0,0.0,4.757761,0.0,0.0,0.0,0.0,0.0,0.0,0.0,0.6181071,0.0,0.0,0.0,0.0,2.177719,0.0036122808,0.0,0.0
145,10,1,A,B,258,1.3017563,0.0,0.0,0.0,0.0,0.0,0.0,0.026324786,0.0,0.0,0.0,0.8235043,0.0,0.0,0.0,0.0,0.0,0.0,0.0,0.0,0.0,0.0,0.0,0.0,0.0,2.5599532,0.0,0.0,0.0,0.0,0.0,0.0,0.0,23.532051,0.00025565768,0.0,0.0,0.0,0.0,0.0,0.0,10.713034,0.0,0.0,0.0,0.0,5.2231483,0.0,0.0,2.7759435
146,0,1,A,A,287,0.8318299,0.0,0.0,0.0,0.0,1.0149751,0.0,0.0,0.0,0.0051240083,0.0,1.5945191,0.00048882747,0.0,0.0,0.0,0.0,0.0,0.0,0.0,0.0,0.0,0.0,0.0,0.0,0.9211941,0.0,0.0,0.0,0.0,0.0,0.0,0.0,1.4314528,0.0,0.0,0.0,0.0,0.0,0.0,0.0,0.4214864,0.0,0.0,0.0,0.0,1.8821028,2.4738374,0.0,0.0
147,1,1,B,A,356,0.8964007,0.0,0.0,0.0,0.0,0.0,0.0,0.0010360451,0.0,4.008511e-06,0.0,1.2022655,2.3264456e-06,0.0,0.0,0.0,0.0,0.0,0.0,0.0,0.0,0.0,0.0,0.0,0.0,0.9220739,0.0,0.0,0.0,0.0,0.0,0.0,0.0,1.8877455,0.0,0.0,0.0,0.0,0.0,0.0,0.0,0.48345515,0.0,0.0,0.0,0.0,1.9040995,0.09842028,0.0,0.0
148,3,1,A,B,345,1.0446365,0.0,0.0,0.0,0.0,0.0,0.0,0.045450896,0.0,1.0585406e-08,0.0,0.8279035,4.909487e-08,0.0,0.0,0.0,0.0,0.0,0.0,0.0,0.0,0.0,0.0,0.0,0.0,0.9267866,0.0,0.0,0.0,0.0,0.0,0.0,0.0,5.0671597,0.0,0.0,0.0,0.0,0.0,0.0,0.0,0.62223715,0.0,0.0,0.0,0.0,2.132485,0.0,0.0,0.0
149,4,1,B,B,308,0.8312346,0.0,0.0,0.0,0.0,1.063145,0.0,0.0,0.0,0.010025117,0.0,1.6421448,0.0010599848,0.0,0.0,0.0,0.0,0.0,0.0,0.0,0.0,0.0,0.0,0.0,0.0,0.92118853,0.0,0.0,0.0,0.0,0.0,0.0,0.0,1.0372697,0.0,0.0,0.0,0.0,0.0,0.0,0.0,0.42188767,0.0,0.0,0.0,0.0,1.8819307,2.6260679,0.0,0.0
150,6,1,B,B,269,0.8287331,0.0,0.0,0.0,0.0,2.5126233,0.0,0.016264087,0.11508169,8.7146855e-06,0.0,1.0892878,2.4767652e-10,0.0,0.0,0.0,0.0,0.0,0.0,0.0,0.0,0.0,0.0,0.0,0.0,0.92119044,0.0,0.0,0.0,0.0,0.0,0.0,0.0,3.4491901,0.31286383,0.0,0.0,0.0,0.0,0.0,0.0,0.42536953,0.0,0.0033432657,0.0,0.6055942,1.8818203,5.402356,0.0,0.0
151,1,2,A,A,306,0.8291204,0.0,0.0,0.0,0.0,1.5807811,0.0,0.0058847093,0.0,0.0033406827,0.0,1.7458475,0.0001350178,0.0,0.0,0.0,0.0,0.0,0.0,0.0,0.0,0.0,0.0,0.0,0.0,0.921191,0.0,0.0,0.0,0.0,0.0,0.0,0.0,1.9709259,0.0,0.0,0.0,0.0,0.0,0.0,0.0,0.42124858,0.0,0.0,0.0,0.0,1.8818412,4.020988,0.0,0.0
152,10,1,B,B,326,0.82873243,0.0,0.0,0.0,0.0,2.8300245,0.0,0.0,0.35800362,0.0,0.0,2.3834783e-09,5.5811963e-20,0.0,0.0,0.0,0.0,0.0,0.0,0.0,0.0,0.0,0.0,0.84043527,0.0,0.92119044,0.0,0.0,0.0,0.0,0.0,0.0,0.0,3.2685456,0.8401031,0.0,0.0,0.0,0.0,0.0,0.0,0.42086402,0.0,0.0,0.0,0.00040514558,1.8818203,0.0032588886,0.0,0.4376577
153,4,1,B,B,271,0.8295045,0.0,0.0,0.0,0.0,1.090362,0.0,0.0,0.0,0.00579929,0.0,1.6763748,0.0008636844,0.0,0.0,0.0,0.0,0.0,0.0,0.0,0.0,0.0,0.0,0.0,0.0,0.92118907,0.0,0.0,0.0,0.0,0.0,0.0,0.0,1.2694949,0.0,0.0,0.0,0.0,0.0,0.0,0.0,0.42147586,0.0,0.0,0.0,0.0,1.8818659,2.624464,0.0,0.0
154,10,1,A,B,297,1.3720633,0.0,0.0,0.0,0.0,0.0,0.0,0.05245535,0.0,0.0,0.0,0.8235236,7.430506e-14,0.0,0.0,0.0,0.0,0.0,0.0,0.0,0.0,0.0,0.0,0.0,0.0,2.4691498,0.0,0.0,0.0,0.0,0.0,0.0,0.0,26.67999,0.0,0.0,0.0,0.0,0.0,0.0,0.0,12.717403,0.0,0.0,0.0,0.0,5.318032,0.0,0.0,2.8851995
155,10,1,A,B,273,1.3759085,0.0,0.0,0.0,0.0,0.0,0.0,0.026326932,0.0,0.0,0.0,0.82350194,0.0,0.0,0.0,0.0,0.0,0.0,0.0,0.0,0.0,0.0,0.0,0.0,0.0,2.8480222,0.0,0.0,0.0,0.0,0.0,0.0,0.0,26.350441,0.0,0.0,0.0,0.0,0.0,0.0,0.0,11.596979,0.0,0.0,0.0,0.0,6.118896,0.0,0.0,2.9695206
156,0,1,B,A,329,0.8778763,0.0,0.0,0.0,0.0,0.0,0.0,0.0009480548,0.0,7.8578165e-07,0.0,1.0044923,1.0080605e-06,0.0,0.0,0.0,0.0,0.0,0.0,0.0,0.0,0.0,0.0,0.0,0.0,0.92208064,0.0,0.0,0.0,0.0,0.0,0.0,0.0,2.591459,0.0,0.0,0.0,0.0,0.0,0.0,0.0,0.46606895,0.0,0.0,0.0,0.0,1.9012694,0.01718513,0.0,0.0
157,4,1,B,B,267,0.8289727,0.0,0.0,0.0,0.0,1.4726564,0.0,0.0,0.0,0.0032205447,0.0,1.6797957,0.0005635951,0.0,0.0,0.0,0.0,0.0,0.0,0.0,0.0,0.0,0.0,0.0,0.0,0.92119086,0.0,0.0,0.0,0.0,0.0,0.0,0.0,1.5678856,0.0,0.0,0.0,0.0,0.0,0.0,0.0,0.4212732,0.0,0.0,0.0,0.0,1.881846,3.415721,0.0,0.0
158,1,1,A,A,318,0.8725893,0.0,0.0,0.0,0.0,0.9453206,0.0,0.0,0.0,0.0029974177,0.0,1.683241,2.9281873e-06,0.0,0.0,0.0,0.0,0.0,0.0,0.0,0.0,0.0,0.0,0.0,0.0,0.9215391,0.0,0.0,0.0,0.0,0.0,0.0,0.0,1.9102373,0.0,0.0,0.0,0.0,0.0,0.0,0.0,0.45827863,0.0,0.0,0.0,0.0,1.8952477,2.574238,0.0,0.0
159,1,2,B,A,316,0.8845759,0.0,0.0,0.0,0.0,0.0,0.0,0.011782003,0.0,1.324703e-07,0.0,0.925247,1.744465e-07,0.0,0.0,0.0,0.0,0.0,0.0,0.0,0.0,0.0,0.0,0.0,0.0,0.9224551,0.0,0.0,0.0,0.0,0.0,0.0,0.0,2.9559982,0.0,0.0,0.0,0.0,0.0,0.0,0.0,0.47054997,0.0,0.0,0.0,0.0,1.9103208,0.0012967524,0.0,0.0
160,1,2,A,A,305,0.8298809,0.0,0.0,0.0,0.0,1.9697368,0.0,0.004284623,0.0,0.0019268111,0.0,1.6044285,3.5730354e-05,0.0,0.0,0.0,0.0,0.0,0.0,0.0,0.0,0.0,0.0,0.0,0.0,0.9212091,0.0,0.0,0.0,0.0,0.0,0.0,0.0,2.3658051,0.0,0.0,0.0,0.0,0.0,0.0,0.0,0.4222907,0.0,0.0,0.0,0.094806105,1.8821415,4.7580504,0.0,0.0
161,2,1,A,B,302,0.8977516,0.0,0.0,0.0,0.0,0.0,0.0,0.014796145,0.0,6.026578e-07,0.0,0.9259519,8.8223345e-07,0.0,0.0,0.0,0.0,0.0,0.0,0.0,0.0,0.0,0.0,0.0,0.0,0.922762,0.0,0.0,0.0,0.0,0.0,0.0,0.0,3.0364656,0.0,0.0,0.0,0.0,0.0,0.0,0.0,0.49182194,0.0,0.0,0.0,0.0,1.9242489,0.007815007,0.0,0.0
162,6,1,A,B,350,1.1857702,0.0,0.0,0.0,0.0,0.0,0.0,0.06014432,0.0,0.0,0.0,0.82393175,7.0585293e-10,0.0,0.0,0.0,0.0,0.0,0.0,0.0,0.0,0.0,0.0,0.0,0.0,1.1657505,0.0,0.0,0.0,0.0,0.0,0.0,0.0,10.260392,0.0,0.0,0.0,0.0,0.0,0.0,0.0,5.345047,0.0,0.0,0.0,0.0,3.8880248,0.0,0.0,0.014918959
163,1,2,A,A,332,0.82930595,0.0,0.0,0.0,0.0,1.8093233,0.0,0.0,0.0,0.003806878,0.0,1.687963,0.00014771798,0.0,0.0,0.0,0.0,0.0,0.0,0.0,0.0,0.0,0.0,0.0,0.0,0.9211958,0.0,0.0,0.0,0.0,0.0,0.0,0.0,2.2587948,0.0,0.0,0.0,0.0,0.0,0.0,0.0,0.42158192,0.0,0.0,0.0,0.011939389,1.8819175,4.533631,0.0,0.0
164,2,0,B,B,293,0.85334915,0.0,0.0,0.0,0.08067968,0.008148469,0.0,0.0,0.0,0.016428083,0.0,1.5074933,0.0035278683,0.0,0.0,0.0,0.0,0.0,0.0,0.0,0.0,0.0,0.0,0.0,0.0,0.9209153,0.0,0.0,0.0,0.0,0.0,0.0,0.0,0.24915962,0.0,0.0,0.0,0.0,0.0,0.0,0.0,0.44013926,0.0,0.0,0.0,0.0,1.8851249,0.2727673,0.0,0.0
165,10,1,B,B,267,0.82873255,0.0,0.0,0.0,0.0,2.7085645,0.0,0.0019000183,0.24111617,8.011175e-14,0.0,0.0015727717,3.8321317e-12,0.0,0.0,0.0,0.0,0.0,0.0,0.0,0.0,0.0,0.0,0.6715042,0.0,0.92119044,0.0,0.0,0.0,0.0,0.0,0.0,0.0,3.354397,0.8774368,0.0,0.0,0.0,0.0,0.0,0.0,0.42536923,0.0,0.0,0.0,0.0016499506,1.8818203,0.0033301981,0.0,0.43992382
166,2,1,B,B,341,0.9167518,0.0,0.0,0.0,0.02918285,0.0,0.0,0.0,0.0,0.009226718,0.0,1.5496452,0.0014019674,0.0,0.0,0.0,0.0,0.0,0.0,0.0,0.0,0.0,0.0,0.0,0.0,0.9210131,0.0,0.0,0.0,0.0,0.0,0.0,0.0,0.7069576,0.0,0.0,0.0,0.0,0.0,0.0,0.0,0.49516287,0.0,0.0,0.0,0.0,1.8986259,0.21499245,0.0,0.0
167,1,2,B,A,261,0.8671205,0.0,0.0,0.0,0.0,0.0,0.0,0.01876273,0.0,3.623272e-07,0.0,0.86156154,5.720253e-07,0.0,0.0,0.0,0.0,0.0,0.0,0.0,0.0,0.0,0.0,0.0,0.0,0.92215264,0.0,0.0,0.0,0.0,0.0,0.0,0.0,3.1184928,0.0,0.0,0.0,0.0,0.0,0.0,0.0,0.45115182,0.0,0.0,0.0,0.0,1.9038398,0.0035511032,0.0,0.0
168,2,1,B,B,340,0.8869932,0.0,0.0,0.0,0.071813054,0.0,0.0,0.0,0.0,0.011087578,0.0,1.5464188,0.0023413287,0.0,0.0,0.0,0.0,0.0,0.0,0.0,0.0,0.0,0.0,0.0,0.0,0.92092866,0.0,0.0,0.0,0.0,0.0,0.0,0.0,0.50052637,0.0,0.0,0.0,0.0,0.0,0.0,0.0,0.46415153,0.0,0.0,0.0,0.0,1.8914183,0.26900753,0.0,0.0
169,1,1,B,A,318,0.86221373,0.0,0.0,0.0,0.0009849191,0.0,0.0,0.00019254515,0.0,8.103684e-05,0.0,1.1756911,1.3329342e-05,0.0,0.0,0.0,0.0,0.0,0.0,0.0,0.0,0.0,0.0,0.0,0.0,0.92157125,0.0,0.0,0.0,0.0,0.0,0.0,0.0,1.7528219,0.0,0.0,0.0,0.0,0.0,0.0,0.0,0.44701457,0.0,0.0,0.0,0.0,1.8911499,0.1412027,0.0,0.0
170,2,1,B,B,303,0.8775486,0.0,0.0,0.0,0.035536226,0.0,0.0,0.0,0.0,0.0043939976,0.0,1.4767601,0.00086703425,0.0,0.0,0.0,0.0,0.0,0.0,0.0,0.0,0.0,0.0,0.0,0.0,0.9211502,0.0,0.0,0.0,0.0,0.0,0.0,0.0,0.80631536,0.0,0.0,0.0,0.0,0.0,0.0,0.0,0.45179594,0.0,0.0,0.0,0.0,1.8910266,0.22552307,0.0,0.0
171,1,2,B,A,284,0.87388635,0.0,0.0,0.0,0.0,0.0,0.0,0.01806672,0.0,2.5925588e-06,0.0,0.87269574,3.6854597e-06,0.0,0.0,0.0,0.0,0.0,0.0,0.0,0.0,0.0,0.0,0.0,0.0,0.922172,0.0,0.0,0.0,0.0,0.0,0.0,0.0,3.1721463,0.0,0.0,0.0,0.0,0.0,0.0,0.0,0.46048027,0.0,0.0,0.0,0.0,1.9045618,0.0063791825,0.0,0.0
172,0,1,A,A,342,0.830123,0.0,0.0,0.0,0.0,1.4102335,0.0,0.0,0.0,0.005865895,0.0,1.7191556,0.00015607414,0.0,0.0,0.0,0.0,0.0,0.0,0.0,0.0,0.0,0.0,0.0,0.0,0.9211935,0.0,0.0,0.0,0.0,0.0,0.0,0.0,1.8899713,0.0,0.0,0.0,0.0,0.0,0.0,0.0,0.42142278,0.0,0.0,0.0,0.0,1.881911,3.6513186,0.0,0.0
173,2,1,B,B,286,0.85544044,0.0,0.0,0.0,0.069821276,0.0,0.0,0.0,0.0,0.007850496,0.0,1.4903836,0.0019893863,0.0,0.0,0.0,0.0,0.0,0.0,0.0,0.0,0.0,0.0,0.0,0.0,0.9210666,0.0,0.0,0.0,0.0,0.0,0.0,0.0,0.6380325,0.0,0.0,0.0,0.0,0.0,0.0,0.0,0.43340176,0.0,0.0,0.0,0.0,1.8860638,0.2594794,0.0,0.0
174,10,1,A,B,351,1.3301854,0.0,0.0,0.0,0.0,0.0,0.0,0.026286306,0.0,0.0,0.0,0.8235863,0.0,0.0,0.0,0.0,0.0,0.0,0.0,0.0,0.0,0.0,0.0,0.0,0.0,2.884797,0.0,0.0,0.0,0.0,0.0,0.0,0.0,27.0932,0.0,0.0,0.0,0.0,0.0,0.0,0.0,11.173315,0.0,0.0,0.0,0.0,5.4478526,0.0,0.0,3.23544
175,3,1,B,B,340,0.8549196,0.0,0.0,0.0,0.041525315,0.2618031,0.0,0.0,0.0,0.023533784,0.0,1.6542135,0.0018997547,0.0,0.0,0.0,0.0,0.0,0.0,0.0,0.0,0.0,0.0,0.0,0.0,0.9211228,0.0,0.0,0.0,0.0,0.0,0.0,0.0,0.3277747,0.0,0.0,0.0,0.0,0.0,0.0,0.0,0.42441466,0.0,0.0,0.0,0.0,1.8831631,0.98274475,0.0,0.0
176,0,1,A,A,338,0.831055,0.0,0.0,0.0,0.0,1.4085171,0.0,0.0,0.0,0.0068407534,0.0,1.7136949,0.00019484,0.0,0.0,0.0,0.0,0.0,0.0,0.0,0.0,0.0,0.0,0.0,0.0,0.9211939,0.0,0.0,0.0,0.0,0.0,0.0,0.0,1.7381519,0.0,0.0,0.0,0.0,0.0,0.0,0.0,0.42178982,0.0,0.0,0.0,0.0,1.8819538,3.5803788,0.0,0.0
177,1,1,A,A,327,0.88474905,0.0,0.0,0.0,0.00011115864,0.2545596,0.0,0.0,0.0,0.0025098163,0.0,1.5201477,6.3883446e-05,0.0,0.0,0.0,0.0,0.0,0.0,0.0,0.0,0.0,0.0,0.0,0.0,0.921353,0.0,0.0,0.0,0.0,0.0,0.0,0.0,1.4879694,0.0,0.0,0.0,0.0,0.0,0.0,0.0,0.44472343,0.0,0.0,0.0,0.0,1.8912303,0.84450346,0.0,0.0
178,2,1,A,B,268,0.8797065,0.0,0.0,0.0,0.0,0.0,0.0,0.015188163,0.0,6.406024e-07,0.0,0.88211197,8.3144425e-07,0.0,0.0,0.0,0.0,0.0,0.0,0.0,0.0,0.0,0.0,0.0,0.0,0.92228216,0.0,0.0,0.0,0.0,0.0,0.0,0.0,3.3236306,0.0,0.0,0.0,0.0,0.0,0.0,0.0,0.47242695,0.0,0.0,0.0,0.0,1.9123553,0.003215119,0.0,0.0
179,6,1,B,B,308,0.8287437,0.0,0.0,0.0,0.0,2.5689044,0.0,0.008956579,0.078917176,4.0330724e-06,0.0,1.2933165,0.00016627654,0.0,0.0,0.0,0.0,0.0,0.0,0.0,0.0,0.0,0.0,0.0,0.0,0.92119044,0.0,0.0,0.0,0.0,0.0,0.0,0.0,3.3408632,0.0718338,0.0,0.0,0.0,0.0,0.0,0.0,0.4253821,0.0,0.002500765,0.0,0.71946394,1.8818206,6.064105,0.0,0.0
180,2,0,B,B,295,0.8566805,0.0,0.0,0.0,0.09971834,0.0030097822,0.0,0.0,0.0,0.017402392,0.0,1.5419121,0.0034626203,0.0,0.0,0.0,0.0,0.0,0.0,0.0,0.0,0.0,0.0,0.0,0.0,0.9209109,0.0,0.0,0.0,0.0,0.0,0.0,0.0,0.29901546,0.0,0.0,0.0,0.0,0.0,0.0,0.0,0.4428139,0.0,0.0,0.0,0.0,1.885722,0.28523088,0.0,0.0
181,1,2,A,A,325,0.8311516,0.0,0.0,0.0,0.0,1.697101,0.0,0.0,0.0,0.0046543237,0.0,1.6704514,0.00014963053,0.0,0.0,0.0,0.0,0.0,0.0,0.0,0.0,0.0,0.0,0.0,0.0,0.92119545,0.0,0.0,0.0,0.0,0.0,0.0,0.0,2.1452858,5.5938376e-06,0.0,0.0,0.0,0.0,0.0,0.0,0.4223996,0.0,0.0,0.0,0.002407513,1.882111,4.23129,0.0,0.0
182,1,1,B,A,264,0.8424315,0.0,0.0,0.0,0.0,0.0,0.0,0.004913249,0.0,5.6737315e-07,0.0,1.0421082,4.673548e-07,0.0,0.0,0.0,0.0,0.0,0.0,0.0,0.0,0.0,0.0,0.0,0.0,0.9213592,0.0,0.0,0.0,0.0,0.0,0.0,0.0,2.1108649,0.0,0.0,0.0,0.0,0.0,0.0,0.0,0.42657167,0.0,0.0,0.0,0.0,1.8855292,0.10398353,0.0,0.0
183,6,1,B,B,333,0.8287657,0.0,0.0,0.0,0.0,2.7208917,0.0,0.00881105,0.19007753,2.5764061e-06,0.0,1.3415976,1.4091872e-10,0.0,0.0,0.0,0.0,0.0,0.0,0.0,0.0,0.0,0.0,0.0,0.0,0.9211905,0.0,0.0,0.0,0.0,0.0,0.0,0.0,3.4671526,0.11009789,0.0,0.0,0.0,0.0,0.0,0.0,0.42540777,0.0,0.0037650836,0.0,0.86298174,1.8818221,6.4217424,0.0,0.0
184,4,1,B,B,327,0.8303368,0.0,0.0,0.0,0.0,1.3357255,0.0,0.0,0.0,0.009312465,0.0,1.6665076,0.0008364611,0.0,0.0,0.0,0.0,0.0,0.0,0.0,0.0,0.0,0.0,0.0,0.0,0.92119086,0.0,0.0,0.0,0.0,0.0,0.0,0.0,1.3175312,0.0,0.0,0.0,0.0,0.0,0.0,0.0,0.42156228,0.0,0.0,0.0,0.0,1.881893,3.2836916,0.0,0.0
185,10,1,B,B,338,0.82874274,0.0,0.0,0.0,0.0,2.8755064,0.0,0.0,0.20246029,8.3225536e-15,0.0,0.00024985612,4.2496247e-13,0.0,0.0,0.0,0.0,0.0,0.0,0.0,0.0,0.0,0.0,0.78531384,0.0,0.92119044,0.0,0.0,0.0,0.0,0.0,0.0,0.0,3.372602,0.9967205,0.0,0.0,0.0,0.0,0.0,0.0,0.4253808,0.0,0.0,0.0,0.00027646474,1.8818207,0.00321125,0.0,0.35395476
186,2,0,A,B,325,1.00416,0.0,0.0,0.0,0.0,0.0,0.0,0.030678308,0.0,2.7711518e-08,0.0,0.82897836,1.10199096e-07,0.0,0.0,0.0,0.0,0.0,0.0,0.0,0.0,0.0,0.0,0.0,0.0,0.92582655,0.0,0.0,0.0,0.0,0.0,0.0,0.0,4.6356664,0.0,0.0,0.0,0.0,0.0,0.0,0.0,0.59419537,0.0,0.0,0.0,0.0,2.0602531,0.0012412607,0.0,0.0
187,0,1,A,A,320,0.8295285,0.0,0.0,0.0,0.0,1.3632997,0.0,0.0,0.0,0.0053434502,0.0,1.7742571,0.00023726918,0.0,0.0,0.0,0.0,0.0,0.0,0.0,0.0,0.0,0.0,0.0,0.0,0.92119086,0.0,0.0,0.0,0.0,0.0,0.0,0.0,1.8621615,0.0,0.0,0.0,0.0,0.0,0.0,0.0,0.42114285,0.0,0.0,0.0,0.0,1.8818374,3.6132843,0.0,0.0
188,4,1,B,B,331,0.8295755,0.0,0.0,0.0,0.0,1.4278193,0.0,0.0,0.0,0.006894858,0.0,1.7702445,0.00044556745,0.0,0.0,0.0,0.0,0.0,0.0,0.0,0.0,0.0,0.0,0.0,0.0,0.92119336,0.0,0.0,0.0,0.0,0.0,0.0,0.0,1.3827467,0.0,0.0,0.0,0.0,0.0,0.0,0.0,0.42145875,0.0,0.0,0.0,0.0,1.8818675,3.6088846,0.0,0.0
189,0,1,B,A,330,0.88143456,0.0,0.0,0.0,0.0,0.0,0.0,0.005956161,0.0,3.217929e-07,0.0,0.9637997,3.5189925e-07,0.0,0.0,0.0,0.0,0.0,0.0,0.0,0.0,0.0,0.0,0.0,0.0,0.9221794,0.0,0.0,0.0,0.0,0.0,0.0,0.0,2.7527244,0.0,0.0,0.0,0.0,0.0,0.0,0.0,0.47074687,0.0,0.0,0.0,0.0,1.9033662,0.0051413076,0.0,0.0
190,3,1,A,B,328,1.0213172,0.0,0.0,0.0,0.0,0.0,0.0,0.028419556,0.0,2.1654937e-08,0.0,0.8305443,9.0507356e-08,0.0,0.0,0.0,0.0,0.0,0.0,0.0,0.0,0.0,0.0,0.0,0.0,0.9258004,0.0,0.0,0.0,0.0,0.0,0.0,0.0,4.7235627,0.0,0.0,0.0,0.0,0.0,0.0,0.0,0.6098903,0.0,0.0,0.0,0.0,2.0832446,0.0015944266,0.0,0.0
191,6,1,A,B,349,1.2063885,0.0,0.0,0.0,0.0,0.0,0.0,0.088953644,0.0,0.0,0.0,0.823952,3.0692169e-09,0.0,0.0,0.0,0.0,0.0,0.0,0.0,0.0,0.0,0.0,0.0,0.0,1.3696027,0.0,0.0,0.0,0.0,0.0,0.0,0.0,10.929048,0.0,0.0,0.0,0.0,0.0,0.0,0.0,5.551016,0.0,0.0,0.0,0.0,4.3393116,0.0,0.0,0.049610578
192,10,1,B,B,352,0.82874006,0.0,0.0,0.0,0.0,2.84052,0.0,0.0,0.19582927,0.0,0.0,9.871673e-09,4.029573e-16,0.0,0.0,0.0,0.0,0.0,0.0,0.0,0.0,0.0,0.0,0.8185009,0.0,0.92119044,0.0,0.0,0.0,0.0,0.0,0.0,0.0,3.3906589,1.0129385,0.0,0.0,0.0,0.0,0.0,0.0,0.42535535,0.0,0.0,0.0,0.00038882447,1.8818206,0.0036321052,0.0,0.38745216
193,1,2,A,A,296,0.8288395,0.0,0.0,0.0,0.0,1.9328074,0.0,0.011579182,0.0,0.0018073769,0.0,1.7500639,7.929469e-06,0.0,0.0,0.0,0.0,0.0,0.0,0.0,0.0,0.0,0.0,0.0,0.0,0.9211905,0.0,0.0,0.0,0.0,0.0,0.0,0.0,2.4127972,0.0,0.0,0.0,0.0,0.0,0.0,0.0,0.42119366,0.0,0.0,0.0,0.01997839,1.881832,4.8586044,0.0,0.0
194,1,2,A,A,288,0.82903427,0.0,0.0,0.0,0.0,1.7341106,0.0,4.655353e-06,0.0,0.0026013774,0.0,1.6211389,0.00015877279,0.0,0.0,0.0,0.0,0.0,0.0,0.0,0.0,0.0,0.0,0.0,0.0,0.92119086,0.0,0.0,0.0,0.0,0.0,0.0,0.0,1.9571551,0.0,0.0,0.0,0.0,0.0,0.0,0.0,0.42120442,0.0,0.0,0.0,0.002398347,1.88185,4.0907717,0.0,0.0
195,1,1,A,A,337,0.8612425,0.0,0.0,0.0,0.0,0.6847411,0.0,0.0,0.0,0.003179298,0.0,1.6770961,3.6265945e-05,0.0,0.0,0.0,0.0,0.0,0.0,0.0,0.0,0.0,0.0,0.0,0.0,0.92155707,0.0,0.0,0.0,0.0,0.0,0.0,0.0,1.6017734,0.0,0.0,0.0,0.0,0.0,0.0,0.0,0.44415483,0.0,0.0,0.0,0.0,1.8908067,1.9256825,0.0,0.0
196,3,1,A,A,282,1.0094696,0.0,0.0,0.0,0.0,0.0,0.0,0.026981317,0.0,2.3650454e-08,0.0,0.82836133,6.245108e-08,0.0,0.0,0.0,0.0,0.0,0.0,0.0,0.0,0.0,0.0,0.0,0.0,0.92669266,0.0,0.0,0.0,0.0,0.0,0.0,0.0,4.8939686,0.0,0.0,0.0,0.0,0.0,0.0,0.0,0.58631796,0.0,0.0,0.0,0.0,2.0932343,0.0020517944,0.0,0.0
197,10,1,A,B,331,1.2931598,0.0,0.0,0.0,0.0,0.0,0.0,0.05296045,0.0,0.0,0.0,0.8235114,5.0205544e-14,0.0,0.0,0.0,0.0,0.0,0.0,0.0,0.0,0.0,0.0,0.0,0.0,2.795674,0.0,0.0,0.0,0.0,0.0,0.0,0.0,27.262894,0.0,0.0,0.0,0.0,0.0,0.0,0.0,12.209148,0.0,0.0,0.0,0.0,5.6194844,0.0,0.0,3.0579047
198,1,1,B,A,346,0.8894277,0.0,0.0,0.0,0.0,0.0,0.0,0.002162615,0.0,2.5020543e-06,0.0,1.2103508,1.4191395e-06,0.0,0.0,0.0,0.0,0.0,0.0,0.0,0.0,0.0,0.0,0.0,0.0,0.9218173,0.0,0.0,0.0,0.0,0.0,0.0,0.0,1.8832775,0.0,0.0,0.0,0.0,0.0,0.0,0.0,0.4737136,0.0,0.0,0.0,0.0,1.8994366,0.08263369,0.0,0.0
199,10,1,A,B,283,1.4177344,0.0,0.0,0.0,0.0,0.0,0.0,0.026333781,0.0,0.0,0.0,0.8235075,0.0,0.0,0.0,0.0,0.0,0.0,0.0,0.0,0.0,0.0,0.0,0.0,0.0,2.6157224,0.0,0.0,0.0,0.0,0.0,0.0,0.0,26.216707,0.0,0.0,0.0,0.0,0.0,0.0,0.0,11.745481,0.0,0.0,0.0,0.0,5.74951,0.0,0.0,2.896768
200,2,0,B,B,303,0.85782605,0.0,0.0,0.0,0.102132924,0.0014048896,0.0,0.0,0.0,0.02066004,0.0,1.5354046,0.004283466,0.0,0.0,0.0,0.0,0.0,0.0,0.0,0.0,0.0,0.0,0.0,0.0,0.920841,0.0,0.0,0.0,0.0,0.0,0.0,0.0,0.22630237,0.0,0.0,0.0,0.0,0.0,0.0,0.0,0.44279504,0.0,0.0,0.0,0.0,1.8858232,0.28245145,0.0,0.0
201,2,0,B,B,316,0.8647693,0.0,0.0,0.0,0.10122258,0.0049075563,0.0,0.0,0.0,0.0248444,0.0,1.5492226,0.0044960864,0.0,0.0,0.0,0.0,0.0,0.0,0.0,0.0,0.0,0.0,0.0,0.0,0.92077565,0.0,0.0,0.0,0.0,0.0,0.0,0.0,0.1892936,0.0,0.0,0.0,0.0,0.0,0.0,0.0,0.4472015,0.0,0.0,0.0,0.0,1.886576,0.31620285,0.0,0.0
202,1,2,A,A,276,0.8297121,0.0,0.0,0.0,0.0,1.7290491,0.0,0.0,0.0,0.0022963348,0.0,1.4975789,0.00010223337,0.0,0.0,0.0,0.0,0.0,0.0,0.0,0.0,0.0,0.0,0.0,0.0,0.92119384,0.0,0.0,0.0,0.0,0.0,0.0,0.0,1.9006381,0.0,0.0,0.0,0.0,0.0,0.0,0.0,0.4217266,0.0,0.0,0.0,0.038469054,1.8819427,3.7698548,0.0,0.0
203,6,1,A,B,323,1.1998483,0.0,0.0,0.0,0.0,0.0,0.0,0.060081102,0.0,0.0,0.0,0.8244602,1.0303698e-09,0.0,0.0,0.0,0.0,0.0,0.0,0.0,0.0,0.0,0.0,0.0,0.0,1.4181645,0.0,0.0,0.0,0.0,0.0,0.0,0.0,10.465423,0.0,0.0,0.0,0.0,0.0,0.0,0.0,4.3648286,0.0,0.0,0.0,0.0,4.6514397,0.0,0.0,0.032051273
204,3,1,A,B,347,1.0421469,0.0,0.0,0.0,0.0,0.0,0.0,0.031096814,0.0,3.2051297e-08,0.0,0.83504695,1.4400635e-07,0.0,0.0,0.0,0.0,0.0,0.0,0.0,0.0,0.0,0.0,0.0,0.0,0.9290757,0.0,0.0,0.0,0.0,0.0,0.0,0.0,4.881876,0.0,0.0,0.0,0.0,0.0,0.0,0.0,0.61405677,0.0,0.0,0.0,0.0,2.1580014,0.0022093323,0.0,0.0
205,10,1,B,B,281,0.828758,0.0,0.0,0.0,0.0,2.7378914,0.0,0.00029606678,0.19190292,0.0,0.0,1.4663883e-06,4.452044e-16,0.0,0.0,0.0,0.0,0.0,0.0,0.0,0.0,0.0,0.0,0.74078727,0.0,0.9211905,0.0,0.0,0.0,0.0,0.0,0.0,0.0,3.3027203,0.9515944,0.0,0.0,0.0,0.0,0.0,0.0,0.4245032,0.0,0.0,0.0,0.00065839663,1.8818219,0.0020821372,0.0,0.34297755
206,2,1,B,B,301,0.8796055,0.0,0.0,0.0,0.03916332,0.0,0.0,0.0,0.0,0.0061038076,0.0,1.4880838,0.0013705113,0.0,0.0,0.0,0.0,0.0,0.0,0.0,0.0,0.0,0.0,0.0,0.0,0.92115396,0.0,0.0,0.0,0.0,0.0,0.0,0.0,0.77748734,0.0,0.0,0.0,0.0,0.0,0.0,0.0,0.458437,0.0,0.0,0.0,0.0,1.8918873,0.22323813,0.0,0.0
207,0,1,A,A,289,0.82976425,0.0,0.0,0.0,0.0,1.3098646,0.0,0.0,0.0,0.003740363,0.0,1.6737149,0.000112783,0.0,0.0,0.0,0.0,0.0,0.0,0.0,0.0,0.0,0.0,0.0,0.0,0.9211965,0.0,0.0,0.0,0.0,0.0,0.0,0.0,1.5270773,0.0,0.0,0.0,0.0,0.0,0.0,0.0,0.42060637,0.0,0.0,0.0,0.0,1.8819467,3.19026,0.0,0.0
208,3,1,A,B,290,1.0201187,0.0,0.0,0.0,0.0,0.0,0.0,0.032318838,0.0,1.6071992e-08,0.0,0.82730025,5.7896578e-08,0.0,0.0,0.0,0.0,0.0,0.0,0.0,0.0,0.0,0.0,0.0,0.0,0.9268741,0.0,0.0,0.0,0.0,0.0,0.0,0.0,4.982872,0.0,0.0,0.0,0.0,0.0,0.0,0.0,0.5955119,0.0,0.0,0.0,0.0,2.1083536,0.00066922454,0.0,0.0
209,4,1,B,B,325,0.8300444,0.0,0.0,0.0,0.0,1.3055677,0.0,0.0,0.0,0.009127667,0.0,1.736114,0.00088086224,0.0,0.0,0.0,0.0,0.0,0.0,0.0,0.0,0.0,0.0,0.0,0.0,0.9211886,0.0,0.0,0.0,0.0,0.0,0.0,0.0,1.3351636,0.0,0.0,0.0,0.0,0.0,0.0,0.0,0.42142737,0.0,0.0,0.0,0.0,1.8818616,3.3244991,0.0,0.0
210,10,1,A,B,305,1.316736,0.0,0.0,0.0,0.0,0.0,0.0,0.026305137,0.0,0.0,0.0,0.8235389,0.0,0.0,0.0,0.0,0.0,0.0,0.0,0.0,0.0,0.0,0.0,0.0,0.0,2.4239957,0.0,0.0,0.0,0.0,0.0,0.0,0.0,27.581493,0.0,0.0,0.0,0.0,0.0,0.0,0.0,12.768968,0.0,0.0,0.0,0.0,5.817747,0.0,0.0,3.0161645
211,3,1,B,B,275,0.83913606,0.0,0.0,0.0,0.03471806,0.18589544,0.0,0.0,0.0,0.011967976,0.0,1.5103617,0.0021880209,0.0,0.0,0.0,0.0,0.0,0.0,0.0,0.0,0.0,0.0,0.0,0.0,0.92113084,0.0,0.0,0.0,0.0,0.0,0.0,0.0,0.50874937,0.0,0.0,0.0,0.0,0.0,0.0,0.0,0.41793033,0.0,0.0,0.0,0.0,1.8827361,0.6607538,0.0,0.0
212,6,1,B,B,297,0.8287575,0.0,0.0,0.0,0.0,2.637295,0.0,0.0074164565,0.14413291,1.0290457e-05,0.0,1.1993337,0.0001474457,0.0,0.0,0.0,0.0,0.0,0.0,0.0,0.0,0.0,0.0,0.0,0.0,0.9211905,0.0,0.0,0.0,0.0,0.0,0.0,0.0,3.536159,0.24439143,0.0,0.0,0.0,0.0,0.0,0.0,0.42539707,0.0,0.0020246715,0.0,0.76433474,1.8818218,5.9767833,0.0,0.0
213,0,1,B,A,295,0.8654998,0.0,0.0,0.0,0.0,0.0,0.0,0.005956335,0.0,4.4607606e-07,0.0,0.95591843,5.7931095e-07,0.0,0.0,0.0,0.0,0.0,0.0,0.0,0.0,0.0,0.0,0.0,0.0,0.92185736,0.0,0.0,0.0,0.0,0.0,0.0,0.0,2.721716,0.0,0.0,0.0,0.0,0.0,0.0,0.0,0.45244187,0.0,0.0,0.0,0.0,1.8962921,0.008007248,0.0,0.0
214,1,1,A,A,302,0.86386853,0.0,0.0,0.0,0.0002039878,0.31243822,0.0,0.0,0.0,0.0026831436,0.0,1.5058523,0.00016042266,0.0,0.0,0.0,0.0,0.0,0.0,0.0,0.0,0.0,0.0,0.0,0.0,0.9212508,0.0,0.0,0.0,0.0,0.0,0.0,0.0,1.3225,0.0,0.0,0.0,0.0,0.0,0.0,0.0,0.4343506,0.0,0.0,0.0,0.0,1.8866477,0.938998,0.0,0.0
215,3,1,A,B,278,1.015377,0.0,0.0,0.0,0.0,0.0,0.0,0.032817174,0.0,8.9525726e-10,0.0,0.82918197,2.1388107e-08,0.0,0.0,0.0,0.0,0.0,0.0,0.0,0.0,0.0,0.0,0.0,0.0,0.9264261,0.0,0.0,0.0,0.0,0.0,0.0,0.0,4.7341027,0.0,0.0,0.0,0.0,0.0,0.0,0.0,0.5872065,0.0,0.0,0.0,0.0,2.1225274,4.206258e-05,0.0,0.0
216,0,1,B,A,275,0.8578546,0.0,0.0,0.0,0.0,0.0,0.0,0.010913671,0.0,1.178002e-06,0.0,0.9028413,1.620494e-06,0.0,0.0,0.0,0.0,0.0,0.0,0.0,0.0,0.0,0.0,0.0,0.0,0.92178625,0.0,0.0,0.0,0.0,0.0,0.0,0.0,2.8390243,0.0,0.0,0.0,0.0,0.0,0.0,0.0,0.44391578,0.0,0.0,0.0,0.0,1.8941525,0.010201869,0.0,0.0
217,10,1,A,B,265,1.3256851,0.0,0.0,0.0,0.0,0.0,0.0,0.026258128,0.0,0.0,0.0,0.82359046,0.0,0.0,0.0,0.0,0.0,0.0,0.0,0.0,0.0,0.0,0.0,0.0,0.0,2.463409,0.0,0.0,0.0,0.0,0.0,0.0,0.0,25.722046,0.013681692,0.0,0.0,0.0,0.0,0.0,0.0,12.445586,0.0,0.0,0.0,0.0,6.6278095,0.0,0.0,2.684213
218,1,1,B,B,268,0.8500426,0.0,0.0,0.0,0.0,0.0,0.0,0.0052396334,0.0,2.6384482e-06,0.0,0.98037094,2.3593216e-06,0.0,0.0,0.0,0.0,0.0,0.0,0.0,0.0,0.0,0.0,0.0,0.0,0.9215582,0.0,0.0,0.0,0.0,0.0,0.0,0.0,2.4510756,0.0,0.0,0.0,0.0,0.0,0.0,0.0,0.43769744,0.0,0.0,0.0,0.0,1.8894014,0.04346789,0.0,0.0
219,1,2,B,A,297,0.87416106,0.0,0.0,0.0,0.0,0.0,0.0,0.015155813,0.0,7.758877e-08,0.0,0.8963205,1.1388629e-07,0.0,0.0,0.0,0.0,0.0,0.0,0.0,0.0,0.0,0.0,0.0,0.0,0.9221632,0.0,0.0,0.0,0.0,0.0,0.0,0.0,2.9629843,0.0,0.0,0.0,0.0,0.0,0.0,0.0,0.46002996,0.0,0.0,0.0,0.0,1.9040288,0.0016521863,0.0,0.0
220,4,1,A,B,348,1.1233299,0.0,0.0,0.0,0.0,0.0,0.0,0.05836717,0.0,0.0,0.0,0.82460856,9.974346e-10,0.0,0.0,0.0,0.0,0.0,0.0,0.0,0.0,0.0,0.0,0.0,0.0,0.9397817,0.0,0.0,0.0,0.0,0.0,0.0,0.0,6.43675,0.0,0.0,0.0,0.0,0.0,0.0,0.0,1.0125566,0.0,0.0,0.0,0.0,2.56382,0.0,0.0,0.0
221,0,1,B,A,267,0.8558146,0.0,0.0,0.0,0.0,0.0,0.0,0.012278497,0.0,7.355748e-07,0.0,0.9078034,1.0604183e-06,0.0,0.0,0.0,0.0,0.0,0.0,0.0,0.0,0.0,0.0,0.0,0.0,0.9217289,0.0,0.0,0.0,0.0,0.0,0.0,0.0,2.8197696,0.0,0.0,0.0,0.0,0.0,0.0,0.0,0.4415114,0.0,0.0,0.0,0.0,1.89333,0.020694826,0.0,0.0
222,6,1,B,B,260,0.8287432,0.0,0.0,0.0,0.0,2.385033,0.0,0.0101268925,0.012698835,3.3606186e-05,0.0,1.2958748,7.229232e-05,0.0,0.0,0.0,0.0,0.0,0.0,0.0,0.0,0.0,0.0,0.0,0.0,0.92119044,0.0,0.0,0.0,0.0,0.0,0.0,0.0,3.003561,0.04970069,0.0,0.0,0.0,0.0,0.0,0.0,0.42538106,0.0,0.0019357139,0.0,0.4696534,1.8818206,5.1638885,0.0,0.0
223,0,1,B,A,355,0.8837304,0.0,0.0,0.0,0.0,0.0,0.0,0.0021581133,0.0,7.572543e-07,0.0,1.0213575,8.1299834e-07,0.0,0.0,0.0,0.0,0.0,0.0,0.0,0.0,0.0,0.0,0.0,0.0,0.9221176,0.0,0.0,0.0,0.0,0.0,0.0,0.0,2.4855397,0.0,0.0,0.0,0.0,0.0,0.0,0.0,0.4741127,0.0,0.0,0.0,0.0,1.9019079,0.025190093,0.0,0.0
224,10,1,A,B,347,1.3384801,0.0,0.0,0.0,0.0,0.0,0.0,0.026307479,0.0,0.0,0.0,0.82353747,0.0,0.0,0.0,0.0,0.0,0.0,0.0,0.0,0.0,0.0,0.0,0.0,0.0,2.694747,0.0,0.0,0.0,0.0,0.0,0.0,0.0,27.041714,0.0,0.0,0.0,0.0,0.0,0.0,0.0,11.050524,0.0,0.0,0.0,0.0,5.3409967,0.0,0.0,3.2475457
225,0,1,A,A,351,0.8296918,0.0,0.0,0.0,0.0,1.4106594,0.0,0.0,0.0,0.006576011,0.0,1.8502874,0.0002893773,0.0,0.0,0.0,0.0,0.0,0.0,0.0,0.0,0.0,0.0,0.0,0.0,0.921191,0.0,0.0,0.0,0.0,0.0,0.0,0.0,1.9861445,0.0,0.0,0.0,0.0,0.0,0.0,0.0,0.41999903,0.0,0.0,0.0,0.0,1.8818508,3.824736,0.0,0.0
226,1,1,A,A,306,0.8822626,0.0,0.0,0.0,0.0006889163,0.165731,0.0,0.0,0.0,0.0012356883,0.0,1.4018309,6.894334e-06,0.0,0.0,0.0,0.0,0.0,0.0,0.0,0.0,0.0,0.0,0.0,0.0,0.9215178,0.0,0.0,0.0,0.0,0.0,0.0,0.0,1.2004125,0.0,0.0,0.0,0.0,0.0,0.0,0.0,0.4667454,0.0,0.0,0.0,0.0,1.8957971,0.4811764,0.0,0.0
227,1,2,B,A,300,0.8713877,0.0,0.0,0.0,0.0,0.0,0.0,0.019475948,0.0,1.8959158e-08,0.0,0.91428566,4.3804093e-08,0.0,0.0,0.0,0.0,0.0,0.0,0.0,0.0,0.0,0.0,0.0,0.0,0.92204034,0.0,0.0,0.0,0.0,0.0,0.0,0.0,2.9792979,0.0,0.0,0.0,0.0,0.0,0.0,0.0,0.45723015,0.0,0.0,0.0,0.0,1.9003083,0.00025584054,0.0,0.0
228,2,1,B,B,279,0.8536198,0.0,0.0,0.0,0.04126811,0.0,0.0,0.0,0.0,0.004483399,0.0,1.4325501,0.0013726568,0.0,0.0,0.0,0.0,0.0,0.0,0.0,0.0,0.0,0.0,0.0,0.0,0.92113686,0.0,0.0,0.0,0.0,0.0,0.0,0.0,0.8756704,0.0,0.0,0.0,0.0,0.0,0.0,0.0,0.440004,0.0,0.0,0.0,0.0,1.8861008,0.23397261,0.0,0.0
229,10,1,B,B,352,0.82873243,0.0,0.0,0.0,0.0,2.7978675,0.0,0.0,0.10422002,0.0,0.0,6.038113e-08,6.309447e-17,0.0,0.0,0.0,0.0,0.0,0.0,0.0,0.0,0.0,0.0,0.8168316,0.0,0.92119044,0.0,0.0,0.0,0.0,0.0,0.0,0.0,3.0668523,0.7747569,0.0,0.0,0.0,0.0,0.0,0.0,0.4253691,0.0,0.0,0.0,8.2675026e-05,1.8818203,0.0012348745,0.0,0.194742
230,0,1,A,A,349,0.83183503,0.0,0.0,0.0,0.0,1.2745879,0.0,0.0,0.0,0.0070810574,0.0,1.6630139,0.00018390141,0.0,0.0,0.0,0.0,0.0,0.0,0.0,0.0,0.0,0.0,0.0,0.0,0.92120147,0.0,0.0,0.0,0.0,0.0,0.0,0.0,1.5990918,0.0,0.0,0.0,0.0,0.0,0.0,0.0,0.42186984,0.0,0.0,0.0,0.0,1.8820949,3.207196,0.0,0.0
231,4,1,B,B,345,0.8301724,0.0,0.0,0.0,0.0,1.3789276,0.0,0.0,0.0,0.010101707,0.0,1.8132527,0.0009459379,0.0,0.0,0.0,0.0,0.0,0.0,0.0,0.0,0.0,0.0,0.0,0.0,0.9211878,0.0,0.0,0.0,0.0,0.0,0.0,0.0,1.4855301,0.0,0.0,0.0,0.0,0.0,0.0,0.0,0.4218393,0.0,0.0,0.0,0.0,1.881907,3.613429,0.0,0.0
232,3,1,A,B,316,1.0029838,0.0,0.0,0.0,0.0,0.0,0.0,0.028410237,0.0,4.252762e-08,0.0,0.83421874,1.675594e-07,0.0,0.0,0.0,0.0,0.0,0.0,0.0,0.0,0.0,0.0,0.0,0.0,0.9254963,0.0,0.0,0.0,0.0,0.0,0.0,0.0,4.6416574,0.0,0.0,0.0,0.0,0.0,0.0,0.0,0.5922134,0.0,0.0,0.0,0.0,2.0575464,0.0014609189,0.0,0.0
233,6,1,A,B,287,1.1734939,0.0,0.0,0.0,0.0,0.0,0.0,0.09717941,0.0,0.0,0.0,0.8240531,1.4638605e-09,0.0,0.0,0.0,0.0,0.0,0.0,0.0,0.0,0.0,0.0,0.0,0.0,1.1221758,0.0,0.0,0.0,0.0,0.0,0.0,0.0,10.216879,0.0,0.0,0.0,0.0,0.0,0.0,0.0,5.4515595,0.0,0.0,0.0,0.0,3.8006725,0.0,0.0,0.030104019
234,1,2,B,A,303,0.8888335,0.0,0.0,0.0,0.0,0.0,0.0,0.020474207,0.0,1.9228128e-07,0.0,0.89694315,2.1346482e-07,0.0,0.0,0.0,0.0,0.0,0.0,0.0,0.0,0.0,0.0,0.0,0.0,0.9226047,0.0,0.0,0.0,0.0,0.0,0.0,0.0,3.0616288,0.0,0.0,0.0,0.0,0.0,0.0,0.0,0.47519845,0.0,0.0,0.0,0.0,1.915723,0.014055634,0.0,0.0
235,0,1,A,A,286,0.83294016,0.0,0.0,0.0,0.0,1.0922189,0.0,0.0,0.0,0.005057363,0.0,1.5659643,0.00057118497,0.0,0.0,0.0,0.0,0.0,0.0,0.0,0.0,0.0,0.0,0.0,0.0,0.9211965,0.0,0.0,0.0,0.0,0.0,0.0,0.0,1.5112894,0.0,0.0,0.0,0.0,0.0,0.0,0.0,0.42356128,0.0,0.0,0.0,0.0,1.8823326,2.5619347,0.0,0.0
236,10,1,B,B,324,0.82873243,0.0,0.0,0.0,0.0,2.8642063,0.0,0.0,0.1255827,0.0,0.0,2.1418338e-09,1.7046348e-17,0.0,0.0,0.0,0.0,0.0,0.0,0.0,0.0,0.0,0.0,0.9763352,0.0,0.92119044,0.0,0.0,0.0,0.0,0.0,0.0,0.0,3.0523348,0.7142705,0.0,0.0,0.0,0.0,0.0,0.0,0.42125416,0.0,0.0,0.0,0.00017283544,1.8818203,0.00078033155,0.0,0.18189098
237,2,1,B,A,307,0.86559135,0.0,0.0,0.0,0.03771458,0.0,0.0,0.0,0.0,0.0033387935,0.0,1.4143213,0.00076692156,0.0,0.0,0.0,0.0,0.0,0.0,0.0,0.0,0.0,0.0,0.0,0.0,0.92128634,0.0,0.0,0.0,0.0,0.0,0.0,0.0,0.9752195,0.0,0.0,0.0,0.0,0.0,0.0,0.0,0.4445147,0.0,0.0,0.0,0.0,1.8894641,0.22424823,0.0,0.0
238,4,1,B,B,350,0.8297173,0.0,0.0,0.0,0.0,1.626438,0.0,0.0,0.0,0.00822128,0.0,1.6608609,0.0006477085,0.0,0.0,0.0,0.0,0.0,0.0,0.0,0.0,0.0,0.0,0.0,0.0,0.92118907,0.0,0.0,0.0,0.0,0.0,0.0,0.0,1.693671,0.0,0.0,0.0,0.0,0.0,0.0,0.0,0.4213923,0.0,0.0,0.0,0.0,1.8818516,3.9650679,0.0,0.0
239,0,1,A,A,340,0.83497775,0.0,0.0,0.0,0.0,1.1980908,0.0,0.0,0.0,0.0067508584,0.0,1.7070999,0.00014326377,0.0,0.0,0.0,0.0,0.0,0.0,0.0,0.0,0.0,0.0,0.0,0.0,0.9212444,0.0,0.0,0.0,0.0,0.0,0.0,0.0,1.9245136,0.0,0.0,0.0,0.0,0.0,0.0,0.0,0.422214,0.0,0.0,0.0,0.0,1.883091,3.2511904,0.0,0.0
240,10,1,A,B,275,1.7252336,0.0,0.0,0.0,0.0,0.0,0.0,0.026344981,0.0,0.0,0.0,0.8235168,3.2770895e-16,0.0,0.0,0.0,0.0,0.0,0.0,0.0,0.0,0.0,0.0,0.0,0.0,1.623377,0.0,0.0,0.0,0.0,0.0,0.0,0.0,27.32767,0.0,0.0,0.0,0.0,0.0,0.0,0.0,9.672256,0.0,0.0,0.0,0.0,7.3010426,0.0,0.0,3.2414427
241,0,1,B,A,328,0.8754095,0.0,0.0,0.0,0.0,0.0,0.0,0.0020595132,0.0,8.431221e-07,0.0,0.9812544,1.1006283e-06,0.0,0.0,0.0,0.0,0.0,0.0,0.0,0.0,0.0,0.0,0.0,0.0,0.9220144,0.0,0.0,0.0,0.0,0.0,0.0,0.0,2.6867871,0.0,0.0,0.0,0.0,0.0,0.0,0.0,0.46433997,0.0,0.0,0.0,0.0,1.8994071,0.0059179477,0.0,0.0
242,2,1,A,B,318,0.92659324,0.0,0.0,0.0,0.0,0.0,0.0,0.019580686,0.0,7.81955e-08,0.0,0.86464334,2.0660661e-07,0.0,0.0,0.0,0.0,0.0,0.0,0.0,0.0,0.0,0.0,0.0,0.0,0.92339075,0.0,0.0,0.0,0.0,0.0,0.0,0.0,3.547807,0.0,0.0,0.0,0.0,0.0,0.0,0.0,0.5245104,0.0,0.0,0.0,0.0,1.9512063,0.0017412117,0.0,0.0
243,2,0,A,B,353,0.99366623,0.0,0.0,0.0,0.0,0.0,0.0,0.028145209,0.0,8.4267855e-09,0.0,0.8316792,6.1099065e-08,0.0,0.0,0.0,0.0,0.0,0.0,0.0,0.0,0.0,0.0,0.0,0.0,0.92512184,0.0,0.0,0.0,0.0,0.0,0.0,0.0,4.329305,0.0,0.0,0.0,0.0,0.0,0.0,0.0,0.592457,0.0,0.0,0.0,0.0,2.0267758,0.00025289497,0.0,0.0
244,2,0,B,B,264,0.8397407,0.0,0.0,0.0,0.09019805,7.431295e-05,0.0,0.0005637641,0.0,0.011480364,0.0,1.4452738,0.0030956978,0.0,0.0,0.0,0.0,0.0,0.0,0.0,0.0,0.0,0.0,0.0,0.0,0.9210569,0.0,0.0,0.0,0.0,0.0,0.0,0.0,0.60150564,0.0,0.0,0.0,0.0,0.0,0.0,0.0,0.42950028,0.0,0.0,0.0,0.0,1.8833013,0.24941665,0.0,0.0
245,1,2,B,A,276,0.87007034,0.0,0.0,0.0,0.0,0.0,0.0,0.02193842,0.0,5.930183e-07,0.0,0.89489454,1.7785651e-06,0.0,0.0,0.0,0.0,0.0,0.0,0.0,0.0,0.0,0.0,0.0,0.0,0.92215645,0.0,0.0,0.0,0.0,0.0,0.0,0.0,2.9726076,0.0,0.0,0.0,0.0,0.0,0.0,0.0,0.45468953,0.0,0.0,0.0,0.0,1.9035722,0.006554627,0.0,0.0
246,6,1,A,B,294,1.177276,0.0,0.0,0.0,0.0,0.0,0.0,0.05670394,0.0,0.0,0.0,0.8238616,2.896603e-09,0.0,0.0,0.0,0.0,0.0,0.0,0.0,0.0,0.0,0.0,0.0,0.0,1.0746366,0.0,0.0,0.0,0.0,0.0,0.0,0.0,10.281569,0.0,0.0,0.0,0.0,0.0,0.0,0.0,5.5047,0.0,0.0,0.0,0.0,3.7022803,0.0,0.0,0.051030435
247,1,2,B,A,296,0.88161355,0.0,0.0,0.0,0.0,0.0,0.0,0.015596208,0.0,8.043067e-07,0.0,0.9080153,1.3992185e-06,0.0,0.0,0.0,0.0,0.0,0.0,0.0,0.0,0.0,0.0,0.0,0.0,0.92233324,0.0,0.0,0.0,0.0,0.0,0.0,0.0,3.111254,0.0,0.0,0.0,0.0,0.0,0.0,0.0,0.46779096,0.0,0.0,0.0,0.0,1.9081943,0.0036028007,0.0,0.0
248,6,1,A,B,301,1.2014003,0.0,0.0,0.0,0.0,0.0,0.0,0.059250224,0.0,0.0,0.0,0.82423955,1.3384007e-09,0.0,0.0,0.0,0.0,0.0,0.0,0.0,0.0,0.0,0.0,0.0,0.0,1.1629139,0.0,0.0,0.0,0.0,0.0,0.0,0.0,10.58582,0.0,0.0,0.0,0.0,0.0,0.0,0.0,5.577257,0.0,0.0,0.0,0.0,3.9448686,0.0,0.0,0.055093445
249,1,2,A,A,305,0.8294655,0.0,0.0,0.0,0.0,1.938013,0.0,0.0,0.0,0.0026721784,0.0,1.6297026,0.00024456202,0.0,0.0,0.0,0.0,0.0,0.0,0.0,0.0,0.0,0.0,0.0,0.0,0.9211939,0.0,0.0,0.0,0.0,0.0,0.0,0.0,2.2278802,0.0,0.0,0.0,0.0,0.0,0.0,0.0,0.42169064,0.0,0.0,0.0,0.055616613,1.8819327,4.6377516,0.0,0.0
250,1,1,B,A,298,0.87558585,0.0,0.0,0.0,0.0,0.0,0.0,0.0015233009,0.0,6.5682764e-07,0.0,1.1835065,3.7566622e-07,0.0,0.0,0.0,0.0,0.0,0.0,0.0,0.0,0.0,0.0,0.0,0.0,0.921691,0.0,0.0,0.0,0.0,0.0,0.0,0.0,1.930885,0.0,0.0,0.0,0.0,0.0,0.0,0.0,0.4585082,0.0,0.0,0.0,0.0,1.8961307,0.07680598,0.0,0.0
251,10,1,A,B,256,1.3373327,0.0,0.0,0.0,0.0,0.0,0.0,0.026291586,0.0,0.0,0.0,0.82355314,0.0,0.0,0.0,0.0,0.0,0.0,0.0,0.0,0.0,0.0,0.0,0.0,0.0,2.948845,0.0,0.0,0.0,0.0,0.0,0.0,0.0,23.370577,0.0,0.0,0.0,0.0,0.0,0.0,0.0,11.952329,0.0,0.0,0.0,0.0,5.6064997,0.0,0.0,2.484767
252,6,1,B,B,261,0.82874227,0.0,0.0,0.0,0.0,2.4420989,0.0,0.005577588,0.109101444,0.00010554066,0.0,1.0136532,0.00023786143,0.0,0.0,0.0,0.0,0.0,0.0,0.0,0.0,0.0,0.0,0.0,0.0,0.92119044,0.0,0.0,0.0,0.0,0.0,0.0,0.0,3.3846796,0.3892394,0.0,0.0,0.0,0.0,0.0,0.0,0.42537713,0.0,0.004625488,0.0,0.52863836,1.8818206,4.905934,0.0,0.0
253,10,1,A,B,342,1.2978358,0.0,0.0,0.0,0.0,0.0,0.0,0.026432302,0.0,0.0,0.0,0.8235008,0.0,0.0,0.0,0.0,0.0,0.0,0.0,0.0,0.0,0.0,0.0,0.0,0.0,2.5085757,0.0,0.0,0.0,0.0,0.0,0.0,0.0,27.20737,0.0,0.0,0.0,0.0,0.0,0.0,0.0,11.637832,0.0,0.0,0.0,0.0,5.2902613,0.0,0.0,3.2021422
254,3,1,B,B,318,0.85899496,0.0,0.0,0.0,0.07484391,0.07409769,0.0,0.0,0.0,0.023181662,0.0,1.54239,0.0040233643,0.0,0.0,0.0,0.0,0.0,0.0,0.0,0.0,0.0,0.0,0.0,0.0,0.9208925,0.0,0.0,0.0,0.0,0.0,0.0,0.0,0.23806022,0.0,0.0,0.0,0.0,0.0,0.0,0.0,0.4405226,0.0,0.0,0.0,0.0,1.8854083,0.46548662,0.0,0.0
255,4,1,A,B,257,1.0680474,0.0,0.0,0.0,0.0,0.0,0.0,0.039786674,0.0,0.0,0.0,0.8251021,1.662757e-08,0.0,0.0,0.0,0.0,0.0,0.0,0.0,0.0,0.0,0.0,0.0,0.0,0.9339668,0.0,0.0,0.0,0.0,0.0,0.0,0.0,6.097964,0.0,0.0,0.0,0.0,0.0,0.0,0.0,1.0588124,0.0,0.0,0.0,0.0,2.4686923,0.0,0.0,0.0
256,1,2,A,A,316,0.82945144,0.0,0.0,0.0,0.0,1.9893844,0.0,0.0,0.0,0.002418916,0.0,1.7930673,3.7777758e-05,0.0,0.0,0.0,0.0,0.0,0.0,0.0,0.0,0.0,0.0,0.0,0.0,0.9211986,0.0,0.0,0.0,0.0,0.0,0.0,0.0,2.4773932,0.0,0.0,0.0,0.0,0.0,0.0,0.0,0.42161748,0.0,0.0,0.0,0.023211028,1.8819842,5.02499,0.0,0.0
257,0,1,B,A,345,0.88054603,0.0,0.0,0.0,0.0,0.0,0.0,0.0054407595,0.0,1.8290663e-06,0.0,1.0241421,1.7151656e-06,0.0,0.0,0.0,0.0,0.0,0.0,0.0,0.0,0.0,0.0,0.0,0.0,0.9221189,0.0,0.0,0.0,0.0,0.0,0.0,0.0,2.421828,0.0,0.0,0.0,0.0,0.0,0.0,0.0,0.46963197,0.0,0.0,0.0,0.0,1.9018724,0.042367913,0.0,0.0
258,4,1,B,B,273,0.82976854,0.0,0.0,0.0,0.0,1.0065894,0.0,0.0,0.0,0.0057218117,0.0,1.6378611,0.0005147922,0.0,0.0,0.0,0.0,0.0,0.0,0.0,0.0,0.0,0.0,0.0,0.0,0.92119086,0.0,0.0,0.0,0.0,0.0,0.0,0.0,0.9771601,0.0,0.0,0.0,0.0,0.0,0.0,0.0,0.42127287,0.0,0.0,0.0,0.0,1.8818475,2.4247923,0.0,0.0
259,0,1,A,A,273,0.8301299,0.0,0.0,0.0,0.0,1.0036374,0.0,0.0,0.0,0.0046886373,0.0,1.6755197,0.0004434591,0.0,0.0,0.0,0.0,0.0,0.0,0.0,0.0,0.0,0.0,0.0,0.0,0.92119384,0.0,0.0,0.0,0.0,0.0,0.0,0.0,1.4423977,0.0,0.0,0.0,0.0,0.0,0.0,0.0,0.4200589,0.0,0.0,0.0,0.0,1.8818935,2.572613,0.0,0.0
260,4,1,A,B,327,1.1109462,0.0,0.0,0.0,0.0,0.0,0.0,0.04646071,0.0,0.0,0.0,0.8250814,9.781672e-09,0.0,0.0,0.0,0.0,0.0,0.0,0.0,0.0,0.0,0.0,0.0,0.0,0.9397822,0.0,0.0,0.0,0.0,0.0,0.0,0.0,6.7380323,0.0,0.0,0.0,0.0,0.0,0.0,0.0,1.215234,0.0,0.0,0.0,0.0,2.6427484,0.0,0.0,0.0
261,1,1,A,A,308,0.8585425,0.0,0.0,0.0,0.0,0.3406824,0.0,0.0,0.0,0.002875278,0.0,1.5363834,0.00017266907,0.0,0.0,0.0,0.0,0.0,0.0,0.0,0.0,0.0,0.0,0.0,0.0,0.9212575,0.0,0.0,0.0,0.0,0.0,0.0,0.0,1.3159661,0.0,0.0,0.0,0.0,0.0,0.0,0.0,0.43019253,0.0,0.0,0.0,0.0,1.8854938,1.0853881,0.0,0.0
262,0,1,A,A,351,0.83066696,0.0,0.0,0.0,0.0,1.2644529,0.0,0.0,0.0,0.007855274,0.0,1.8473349,0.0003228671,0.0,0.0,0.0,0.0,0.0,0.0,0.0,0.0,0.0,0.0,0.0,0.0,0.92119527,0.0,0.0,0.0,0.0,0.0,0.0,0.0,1.7618352,0.0,0.0,0.0,0.0,0.0,0.0,0.0,0.41741753,0.0,0.0,0.0,0.0,1.8819274,3.4532173,0.0,0.0
263,1,2,A,A,293,0.8297683,0.0,0.0,0.0,0.0,1.8087882,0.0,0.0,0.0,0.003243541,0.0,1.6081392,0.0001742455,0.0,0.0,0.0,0.0,0.0,0.0,0.0,0.0,0.0,0.0,0.0,0.0,0.92119044,0.0,0.0,0.0,0.0,0.0,0.0,0.0,2.0010138,0.0,0.0,0.0,0.0,0.0,0.0,0.0,0.4256219,0.0,0.0,0.0,0.016336061,1.8818706,4.179035,0.0,0.0
264,3,1,A,B,304,1.020433,0.0,0.0,0.0,0.0,0.0,0.0,0.04565745,0.0,1.9913136e-09,0.0,0.8271152,2.7212618e-08,0.0,0.0,0.0,0.0,0.0,0.0,0.0,0.0,0.0,0.0,0.0,0.0,0.92672217,0.0,0.0,0.0,0.0,0.0,0.0,0.0,4.804588,0.0,0.0,0.0,0.0,0.0,0.0,0.0,0.5912512,0.0,0.0,0.0,0.0,2.102817,9.8499644e-05,0.0,0.0
265,0,1,B,A,292,0.86384654,0.0,0.0,0.0,0.0,0.0,0.0,0.007341728,0.0,4.925929e-07,0.0,0.95508415,6.0521825e-07,0.0,0.0,0.0,0.0,0.0,0.0,0.0,0.0,0.0,0.0,0.0,0.0,0.92184585,0.0,0.0,0.0,0.0,0.0,0.0,0.0,2.7267067,0.0,0.0,0.0,0.0,0.0,0.0,0.0,0.45048764,0.0,0.0,0.0,0.0,1.8956332,0.005624897,0.0,0.0
266,1,1,A,A,288,0.8527791,0.0,0.0,0.0,2.218723e-05,0.58328307,0.0,0.00057179877,0.0,0.0021192136,0.0,1.5800121,0.00015897518,0.0,0.0,0.0,0.0,0.0,0.0,0.0,0.0,0.0,0.0,0.0,0.0,0.9214981,0.0,0.0,0.0,0.0,0.0,0.0,0.0,1.7450423,0.0,0.0,0.0,0.0,0.0,0.0,0.0,0.43827698,0.0,0.0,0.0,0.0,1.8891405,1.5373324,0.0,0.0
267,10,1,A,B,354,1.2911681,0.0,0.0,0.0,0.0,0.0,0.0,0.026297629,0.0,0.0,0.0,0.82351446,0.0,0.0,0.0,0.0,0.0,0.0,0.0,0.0,0.0,0.0,0.0,0.0,0.0,2.8784914,0.0,0.0,0.0,0.0,0.0,0.0,0.0,27.811749,0.0003555727,0.0,0.0,0.0,0.0,0.0,0.0,9.540444,0.0,0.0,0.0,0.0,7.870728,0.0,0.0,3.2440026
268,10,1,A,B,343,1.5081534,0.0,0.0,0.0,0.0,0.0,0.0,0.026310492,0.0,0.0,0.0,0.82353216,0.0,0.0,0.0,0.0,0.0,0.0,0.0,0.0,0.0,0.0,0.0,0.0,0.0,1.7468276,0.0,0.0,0.0,0.0,0.0,0.0,0.0,26.813557,0.0,0.0,0.0,0.0,0.0,0.0,0.0,11.277493,0.0,0.0,0.0,0.0,6.6291285,0.0,0.0,2.8626335
269,3,1,B,B,353,0.88098496,0.0,0.0,0.0,0.05627251,0.1357143,0.0,0.0,0.0,0.03245887,0.0,1.5374482,0.0059074014,0.0,0.0,0.0,0.0,0.0,0.0,0.0,0.0,0.0,0.0,0.0,0.0,0.92052215,0.0,0.0,0.0,0.0,0.0,0.0,0.0,0.25595596,0.0,0.0,0.0,0.0,0.0,0.0,0.0,0.45698985,0.0,0.0,0.0,0.0,1.8890682,0.54297656,0.0,0.0
270,0,1,A,A,344,0.8330503,0.0,0.0,0.0,0.0,1.2873613,0.0,0.0,0.0,0.008096707,0.0,1.7227017,0.0003580293,0.0,0.0,0.0,0.0,0.0,0.0,0.0,0.0,0.0,0.0,0.0,0.0,0.9211905,0.0,0.0,0.0,0.0,0.0,0.0,0.0,1.6072798,0.0,0.0,0.0,0.0,0.0,0.0,0.0,0.41789582,0.0,0.0,0.0,0.0,1.8820304,3.2888534,0.0,0.0
271,4,1,A,B,288,1.0988158,0.0,0.0,0.0,0.0,0.0,0.0,0.03555039,0.0,8.446657e-09,0.0,0.8321302,1.4914573e-07,0.0,0.0,0.0,0.0,0.0,0.0,0.0,0.0,0.0,0.0,0.0,0.0,0.9379198,0.0,0.0,0.0,0.0,0.0,0.0,0.0,6.082617,0.0,0.0,0.0,0.0,0.0,0.0,0.0,0.6695416,0.0,0.0,0.0,0.0,2.4201548,0.0007497719,0.0,0.0
272,10,1,B,B,304,0.8287326,0.0,0.0,0.0,0.0,2.8483386,0.0,0.0,0.08628126,0.0,0.0,2.6025777e-05,1.7667185e-14,0.0,0.0,0.0,0.0,0.0,0.0,0.0,0.0,0.0,0.0,0.70775324,0.0,0.92119044,0.0,0.0,0.0,0.0,0.0,0.0,0.0,3.3330338,1.1349742,0.0,0.0,0.0,0.0,0.0,0.0,0.4253693,0.0,0.0,0.0,7.067595e-05,1.8818203,0.0023150432,0.0,0.25044444
273,3,1,B,B,353,0.8684765,0.0,0.0,0.0,0.076288,0.0873208,0.0,0.0,0.0,0.029647268,0.0,1.615328,0.0030783191,0.0,0.0,0.0,0.0,0.0,0.0,0.0,0.0,0.0,0.0,0.0,0.0,0.92091405,0.0,0.0,0.0,0.0,0.0,0.0,0.0,0.11522686,0.0,0.0,0.0,0.0,0.0,0.0,0.0,0.43897423,0.0,0.0,0.0,0.0,1.8851645,0.5390781,0.0,0.0
274,1,1,B,A,338,0.90316206,0.0,0.0,0.0,0.0003500939,0.0,0.0,0.0,0.0,1.3831591e-05,0.0,1.3230681,3.5489493e-06,0.0,0.0,0.0,0.0,0.0,0.0,0.0,0.0,0.0,0.0,0.0,0.0,0.9218426,0.0,0.0,0.0,0.0,0.0,0.0,0.0,1.4574575,0.0,0.0,0.0,0.0,0.0,0.0,0.0,0.48438525,0.0,0.0,0.0,0.0,1.9035305,0.14884503,0.0,0.0
275,1,2,A,A,291,0.82977575,0.0,0.0,0.0,0.0,1.5231454,0.0,8.2298546e-05,0.0,0.0035931582,0.0,1.5237007,5.407989e-05,0.0,0.0,0.0,0.0,0.0,0.0,0.0,0.0,0.0,0.0,0.0,0.0,0.9211967,0.0,0.0,0.0,0.0,0.0,0.0,0.0,1.7696728,0.0,0.0,0.0,0.0,0.0,0.0,0.0,0.42162228,0.0,0.0,0.0,0.015302468,1.8819569,3.534156,0.0,0.0
276,1,1,B,A,348,0.88087577,0.0,0.0,0.0,0.0,0.0,0.0,0.001853596,0.0,1.4376228e-06,0.0,1.2447227,3.785879e-07,0.0,0.0,0.0,0.0,0.0,0.0,0.0,0.0,0.0,0.0,0.0,0.0,0.92171335,0.0,0.0,0.0,0.0,0.0,0.0,0.0,1.673721,0.0,0.0,0.0,0.0,0.0,0.0,0.0,0.4641848,0.0,0.0,0.0,0.0,1.8962892,0.12240884,0.0,0.0
277,1,1,B,A,316,0.86301565,0.0,0.0,0.0,3.9350766e-06,0.0,0.0,0.00022629747,0.0,8.8236375e-06,0.0,1.1014552,6.2519484e-06,0.0,0.0,0.0,0.0,0.0,0.0,0.0,0.0,0.0,0.0,0.0,0.0,0.921663,0.0,0.0,0.0,0.0,0.0,0.0,0.0,2.0736856,0.0,0.0,0.0,0.0,0.0,0.0,0.0,0.44851205,0.0,0.0,0.0,0.0,1.8923601,0.087579936,0.0,0.0
278,2,1,A,A,313,0.9064016,0.0,0.0,0.0,0.0,0.0,0.0,0.012025132,0.0,3.1767902e-06,0.0,1.043349,2.7787098e-06,0.0,0.0,0.0,0.0,0.0,0.0,0.0,0.0,0.0,0.0,0.0,0.0,0.923018,0.0,0.0,0.0,0.0,0.0,0.0,0.0,2.572802,0.0,0.0,0.0,0.0,0.0,0.0,0.0,0.49483162,0.0,0.0,0.0,0.0,1.9291474,0.0360238,0.0,0.0
279,2,0,B,B,268,0.84116983,0.0,0.0,0.0,0.09094749,4.1681247e-05,0.0,8.442058e-05,0.0,0.011710298,0.0,1.466698,0.0029647695,0.0,0.0,0.0,0.0,0.0,0.0,0.0,0.0,0.0,0.0,0.0,0.0,0.92104006,0.0,0.0,0.0,0.0,0.0,0.0,0.0,0.52211756,0.0,0.0,0.0,0.0,0.0,0.0,0.0,0.43120137,0.0,0.0,0.0,0.0,1.8834405,0.25218087,0.0,0.0
280,2,1,A,B,296,0.9038913,0.0,0.0,0.0,0.0,0.0,0.0,0.018841267,0.0,2.797202e-07,0.0,0.8901883,4.3098393e-07,0.0,0.0,0.0,0.0,0.0,0.0,0.0,0.0,0.0,0.0,0.0,0.0,0.92295676,0.0,0.0,0.0,0.0,0.0,0.0,0.0,3.3417976,0.0,0.0,0.0,0.0,0.0,0.0,0.0,0.49941817,0.0,0.0,0.0,0.0,1.92854,0.003208002,0.0,0.0
281,3,1,A,B,274,1.0190792,0.0,0.0,0.0,0.0,0.0,0.0,0.036604546,0.0,7.941113e-09,0.0,0.8270721,3.279608e-08,0.0,0.0,0.0,0.0,0.0,0.0,0.0,0.0,0.0,0.0,0.0,0.0,0.9274401,0.0,0.0,0.0,0.0,0.0,0.0,0.0,4.897935,0.0,0.0,0.0,0.0,0.0,0.0,0.0,0.5874425,0.0,0.0,0.0,0.0,2.1303525,8.910588e-05,0.0,0.0
282,6,1,B,B,310,0.82874006,0.0,0.0,0.0,0.0,2.7091455,0.0,0.01012198,0.17502682,7.796605e-06,0.0,1.3604918,0.0001823533,0.0,0.0,0.0,0.0,0.0,0.0,0.0,0.0,0.0,0.0,0.0,0.0,0.92119044,0.0,0.0,0.0,0.0,0.0,0.0,0.0,3.4781344,0.098550834,0.0,0.0,0.0,0.0,0.0,0.0,0.42537662,0.0,0.0038845902,0.0,0.83131254,1.8818206,6.3701763,0.0,0.0
283,1,1,A,A,332,0.86821914,0.0,0.0,0.0,0.0,0.5237416,0.0,0.0,0.0,0.0034687049,0.0,1.5800008,2.032924e-06,0.0,0.0,0.0,0.0,0.0,0.0,0.0,0.0,0.0,0.0,0.0,0.0,0.9212349,0.0,0.0,0.0,0.0,0.0,0.0,0.0,1.5273111,0.0,0.0,0.0,0.0,0.0,0.0,0.0,0.4419227,0.0,0.0,0.0,0.0,1.8876435,1.4604839,0.0,0.0
284,6,1,A,B,311,1.1859436,0.0,0.0,0.0,0.0,0.0,0.0,0.0957707,0.0,0.0,0.0,0.8238626,2.400864e-09,0.0,0.0,0.0,0.0,0.0,0.0,0.0,0.0,0.0,0.0,0.0,0.0,1.1061901,0.0,0.0,0.0,0.0,0.0,0.0,0.0,10.504897,0.0,0.0,0.0,0.0,0.0,0.0,0.0,6.0916204,0.0,0.0,0.0,0.0,3.7730432,0.0,0.0,0.003026409
285,1,2,A,A,261,0.8291135,0.0,0.0,0.0,0.0,1.6010643,0.0,0.005590157,0.0,0.0015184514,0.0,1.629147,9.5403964e-05,0.0,0.0,0.0,0.0,0.0,0.0,0.0,0.0,0.0,0.0,0.0,0.0,0.92119527,0.0,0.0,0.0,0.0,0.0,0.0,0.0,1.9178985,0.0,0.0,0.0,0.0,0.0,0.0,0.0,0.42137745,0.0,0.0,0.0,0.0,1.8818921,3.5582867,0.0,0.0
286,6,1,A,B,303,1.1917553,0.0,0.0,0.0,0.0,0.0,0.0,0.08012906,0.0,0.0,0.0,0.82453656,1.3628388e-08,0.0,0.0,0.0,0.0,0.0,0.0,0.0,0.0,0.0,0.0,0.0,0.0,1.0899918,0.0,0.0,0.0,0.0,0.0,0.0,0.0,10.80231,0.00028454888,0.0,0.0,0.0,0.0,0.0,0.0,6.737409,0.0,0.0,0.0,0.0,3.7210116,0.0,0.0,0.023635888
287,2,0,B,B,336,0.8707159,0.0,0.0,0.0,0.102986336,0.0005893989,0.0,0.0,0.0,0.031877916,0.0,1.5272396,0.006634658,0.0,0.0,0.0,0.0,0.0,0.0,0.0,0.0,0.0,0.0,0.0,0.0,0.92052805,0.0,0.0,0.0,0.0,0.0,0.0,0.0,0.12513596,0.0,0.0,0.0,0.0,0.0,0.0,0.0,0.45517978,0.0,0.0,0.0,0.0,1.8876082,0.2847803,0.0,0.0
288,1,1,B,B,342,0.8816997,0.0,0.0,0.0,0.0,0.0,0.0,0.0,0.0,1.6853634e-06,0.0,1.2284046,9.390719e-07,0.0,0.0,0.0,0.0,0.0,0.0,0.0,0.0,0.0,0.0,0.0,0.0,0.9216932,0.0,0.0,0.0,0.0,0.0,0.0,0.0,1.7514459,0.0,0.0,0.0,0.0,0.0,0.0,0.0,0.46533394,0.0,0.0,0.0,0.0,1.8962163,0.10729886,0.0,0.0
289,3,1,B,B,345,0.87578225,0.0,0.0,0.0,0.08624585,0.03318038,0.0,0.0,0.0,0.031059213,0.0,1.5476918,0.00486706,0.0,0.0,0.0,0.0,0.0,0.0,0.0,0.0,0.0,0.0,0.0,0.0,0.92064077,0.0,0.0,0.0,0.0,0.0,0.0,0.0,0.11490529,0.0,0.0,0.0,0.0,0.0,0.0,0.0,0.45211783,0.0,0.0,0.0,0.0,1.8876232,0.3413006,0.0,0.0
290,1,2,B,A,286,0.8726829,0.0,0.0,0.0,0.0,0.0,0.0,0.016885154,0.0,3.9074314e-07,0.0,0.89426917,5.3874305e-07,0.0,0.0,0.0,0.0,0.0,0.0,0.0,0.0,0.0,0.0,0.0,0.0,0.9221489,0.0,0.0,0.0,0.0,0.0,0.0,0.0,3.0333114,0.0,0.0,0.0,0.0,0.0,0.0,0.0,0.45904654,0.0,0.0,0.0,0.0,1.9034433,0.004070839,0.0,0.0
291,10,1,A,B,329,1.3409941,0.0,0.0,0.0,0.0,0.0,0.0,0.052162867,0.0,0.0,0.0,0.82349616,3.216337e-14,0.0,0.0,0.0,0.0,0.0,0.0,0.0,0.0,0.0,0.0,0.0,0.0,2.7874312,0.0,0.0,0.0,0.0,0.0,0.0,0.0,27.625942,0.0,0.0,0.0,0.0,0.0,0.0,0.0,10.118619,0.0,0.0,0.0,0.0,6.604986,0.0,0.0,3.2666397
292,2,0,B,B,267,0.8419892,0.0,0.0,0.0,0.09389943,0.00069102086,0.0,4.2840606e-05,0.0,0.012747395,0.0,1.4771986,0.0031243255,0.0,0.0,0.0,0.0,0.0,0.0,0.0,0.0,0.0,0.0,0.0,0.0,0.9210305,0.0,0.0,0.0,0.0,0.0,0.0,0.0,0.5125299,0.0,0.0,0.0,0.0,0.0,0.0,0.0,0.43091765,0.0,0.0,0.0,0.0,1.8836355,0.25606534,0.0,0.0
293,6,1,A,B,279,1.1780934,0.0,0.0,0.0,0.0,0.0,0.0,0.110561915,0.0,0.0,0.0,0.8237944,1.3492003e-09,0.0,0.0,0.0,0.0,0.0,0.0,0.0,0.0,0.0,0.0,0.0,0.0,1.1679813,0.0,0.0,0.0,0.0,0.0,0.0,0.0,10.692096,0.0,0.0,0.0,0.0,0.0,0.0,0.0,6.3049397,0.0,0.0,0.0,0.0,3.9099221,0.0,0.0,0.017168345
294,0,1,B,A,331,0.88249415,0.0,0.0,0.0,0.0,0.0,0.0,0.001850457,0.0,6.3203447e-07,0.0,0.98827577,8.2539924e-07,0.0,0.0,0.0,0.0,0.0,0.0,0.0,0.0,0.0,0.0,0.0,0.0,0.922226,0.0,0.0,0.0,0.0,0.0,0.0,0.0,2.663975,0.0,0.0,0.0,0.0,0.0,0.0,0.0,0.47129166,0.0,0.0,0.0,0.0,1.9043106,0.009608434,0.0,0.0
295,4,1,B,B,323,0.8305154,0.0,0.0,0.0,0.0,1.373956,0.0,0.0,0.0,0.008843057,0.0,1.6623807,0.0010263228,0.0,0.0,0.0,0.0,0.0,0.0,0.0,0.0,0.0,0.0,0.0,0.0,0.9211862,0.0,0.0,0.0,0.0,0.0,0.0,0.0,1.431862,0.0,0.0,0.0,0.0,0.0,0.0,0.0,0.42208222,0.0,0.0,0.0,0.0,1.8819417,3.3916254,0.0,0.0
296,2,1,B,A,350,0.90584433,0.0,0.0,0.0,0.0637106,0.0,0.0,1.3306588e-05,0.0,0.008397067,0.0,1.5515416,0.0010651941,0.0,0.0,0.0,0.0,0.0,0.0,0.0,0.0,0.0,0.0,0.0,0.0,0.92107034,0.0,0.0,0.0,0.0,0.0,0.0,0.0,0.5602053,0.0,0.0,0.0,0.0,0.0,0.0,0.0,0.47609597,0.0,0.0,0.0,0.0,1.8962256,0.26389632,0.0,0.0
297,3,1,B,B,314,0.83966357,0.0,0.0,0.0,0.008536896,0.45644778,0.0,0.0,0.0,0.014835754,0.0,1.6722604,0.0016478483,0.0,0.0,0.0,0.0,0.0,0.0,0.0,0.0,0.0,0.0,0.0,0.0,0.9211738,0.0,0.0,0.0,0.0,0.0,0.0,0.0,0.6318169,0.0,0.0,0.0,0.0,0.0,0.0,0.0,0.42395443,0.0,0.0,0.0,0.0,1.8823699,1.4492084,0.0,0.0
298,1,2,B,A,259,0.8631054,0.0,0.0,0.0,0.0,0.0,0.0,0.020909524,0.0,3.1972314e-07,0.0,0.85655755,3.7248049e-07,0.0,0.0,0.0,0.0,0.0,0.0,0.0,0.0,0.0,0.0,0.0,0.0,0.9219434,0.0,0.0,0.0,0.0,0.0,0.0,0.0,3.2020252,0.0,0.0,0.0,0.0,0.0,0.0,0.0,0.44822297,0.0,0.0,0.0,0.0,1.8994877,0.0029458555,0.0,0.0
299,1,2,A,A,305,0.829809,0.0,0.0,0.0,0.0,1.9074733,0.0,0.010729394,0.0,0.0016253177,0.0,1.7989931,5.3064038e-09,0.0,0.0,0.0,0.0,0.0,0.0,0.0,0.0,0.0,0.0,0.0,0.0,0.92120624,0.0,0.0,0.0,0.0,0.0,0.0,0.0,2.0765727,0.0,0.0,0.0,0.0,0.0,0.0,0.0,0.4222875,0.0,0.0,0.0,0.0013321177,1.8821219,4.691602,0.0,0.0
300,1,2,B,A,296,0.8770901,0.0,0.0,0.0,0.0,0.0,0.0,0.015160466,0.0,6.0277074e-07,0.0,0.8987245,1.0184286e-06,0.0,0.0,0.0,0.0,0.0,0.0,0.0,0.0,0.0,0.0,0.0,0.0,0.92225695,0.0,0.0,0.0,0.0,0.0,0.0,0.0,3.0351887,0.0,0.0,0.0,0.0,0.0,0.0,0.0,0.46379486,0.0,0.0,0.0,0.0,1.9057326,0.009622805,0.0,0.0
301,10,1,A,B,283,1.4878999,0.0,0.0,0.0,0.0,0.0,0.0,0.053192634,0.0,0.0,0.0,0.8235222,4.2733476e-14,0.0,0.0,0.0,0.0,0.0,0.0,0.0,0.0,0.0,0.0,0.0,0.0,2.3951566,0.0,0.0,0.0,0.0,0.0,0.0,0.0,26.696716,0.0,0.0,0.0,0.0,0.0,0.0,0.0,9.898622,0.0,0.0,0.0,0.0,7.0995693,0.0,0.0,2.995247
302,1,1,B,A,265,0.84439003,0.0,0.0,0.0,6.421775e-05,0.0,0.0,0.0045652958,0.0,1.1141445e-05,0.0,1.0551904,7.732733e-06,0.0,0.0,0.0,0.0,0.0,0.0,0.0,0.0,0.0,0.0,0.0,0.0,0.9213813,0.0,0.0,0.0,0.0,0.0,0.0,0.0,2.1026947,0.0,0.0,0.0,0.0,0.0,0.0,0.0,0.42851016,0.0,0.0,0.0,0.0,1.8861471,0.10243451,0.0,0.0
303,6,1,B,B,355,0.82885736,0.0,0.0,0.0,0.0,2.717478,0.0,0.0052005653,0.16048868,5.6519766e-06,0.0,1.4122701,9.6707234e-05,0.0,0.0,0.0,0.0,0.0,0.0,0.0,0.0,0.0,0.0,0.0,0.0,0.921191,0.0,0.0,0.0,0.0,0.0,0.0,0.0,3.3372953,0.11032916,0.0,0.0,0.0,0.0,0.0,0.0,0.42552194,0.0,0.0033024084,0.0,0.87772715,1.8818473,6.5051103,0.0,0.0
304,2,1,A,B,336,0.93215925,0.0,0.0,0.0,0.0,0.0,0.0,0.01740217,0.0,5.726429e-07,0.0,0.9071135,7.432676e-07,0.0,0.0,0.0,0.0,0.0,0.0,0.0,0.0,0.0,0.0,0.0,0.0,0.92365134,0.0,0.0,0.0,0.0,0.0,0.0,0.0,3.328827,0.0,0.0,0.0,0.0,0.0,0.0,0.0,0.5318806,0.0,0.0,0.0,0.0,1.9523132,0.0056376345,0.0,0.0
305,4,1,B,B,353,0.8306298,0.0,0.0,0.0,0.0,1.3798305,0.0,0.0,0.0,0.009949424,0.0,1.7159685,0.00041763802,0.0,0.0,0.0,0.0,0.0,0.0,0.0,0.0,0.0,0.0,0.0,0.0,0.921191,0.0,0.0,0.0,0.0,0.0,0.0,0.0,1.3447583,0.0,0.0,0.0,0.0,0.0,0.0,0.0,0.42141503,0.0,0.0,0.0,0.0,1.8818717,3.4500191,0.0,0.0
306,4,1,A,B,266,1.1171362,0.0,0.0,0.0,0.0,0.0,0.0,0.0737534,0.0,0.0,0.0,0.8247936,7.936512e-09,0.0,0.0,0.0,0.0,0.0,0.0,0.0,0.0,0.0,0.0,0.0,0.0,0.9441386,0.0,0.0,0.0,0.0,0.0,0.0,0.0,6.653381,0.0,0.0,0.0,0.0,0.0,0.0,0.0,1.4258354,0.0,0.0,0.0,0.0,2.720762,0.0005363574,0.0,0.0
307,1,2,B,A,280,0.870466,0.0,0.0,0.0,0.0,0.0,0.0,0.01837909,0.0,3.58209e-07,0.0,0.8915713,5.671835e-07,0.0,0.0,0.0,0.0,0.0,0.0,0.0,0.0,0.0,0.0,0.0,0.0,0.92211175,0.0,0.0,0.0,0.0,0.0,0.0,0.0,3.0301113,0.0,0.0,0.0,0.0,0.0,0.0,0.0,0.4558208,0.0,0.0,0.0,0.0,1.9025983,0.005015754,0.0,0.0
308,2,1,B,A,265,0.85295886,0.0,0.0,0.0,0.03569731,0.0,0.0,0.0014449325,0.0,0.0029431311,0.0,1.3751314,0.0009779367,0.0,0.0,0.0,0.0,0.0,0.0,0.0,0.0,0.0,0.0,0.0,0.0,0.9212365,0.0,0.0,0.0,0.0,0.0,0.0,0.0,1.1219764,0.0,0.0,0.0,0.0,0.0,0.0,0.0,0.432082,0.0,0.0,0.0,0.0,1.8869619,0.21551229,0.0,0.0
309,0,1,B,A,354,0.89570475,0.0,0.0,0.0,0.0,0.0,0.0,0.0064610727,0.0,3.1088325e-07,0.0,0.98423195,2.6260741e-07,0.0,0.0,0.0,0.0,0.0,0.0,0.0,0.0,0.0,0.0,0.0,0.0,0.9224519,0.0,0.0,0.0,0.0,0.0,0.0,0.0,2.8495743,0.0,0.0,0.0,0.0,0.0,0.0,0.0,0.4864705,0.0,0.0,0.0,0.0,1.9102978,0.00350117,0.0,0.0
310,10,1,B,B,320,0.8287354,0.0,0.0,0.0,0.0,2.8461437,0.0,0.0,0.15424529,1.9391991e-14,0.0,0.00016871895,3.863478e-13,0.0,0.0,0.0,0.0,0.0,0.0,0.0,0.0,0.0,0.0,0.9720085,0.0,0.92119044,0.0,0.0,0.0,0.0,0.0,0.0,0.0,3.1826565,1.0886683,0.0,0.0,0.0,0.0,0.0,0.0,0.42537305,0.0,0.0,0.0,0.00013289833,1.8818203,0.0012060065,0.0,0.24367094
311,2,1,A,A,316,0.9002494,0.0,0.0,0.0,0.0,0.0,0.0,0.013248384,0.0,1.2112506e-06,0.0,0.89353865,2.9773532e-06,0.0,0.0,0.0,0.0,0.0,0.0,0.0,0.0,0.0,0.0,0.0,0.0,0.922727,0.0,0.0,0.0,0.0,0.0,0.0,0.0,3.175403,0.0,0.0,0.0,0.0,0.0,0.0,0.0,0.49750325,0.0,0.0,0.0,0.0,1.9229335,0.006216269,0.0,0.0
312,1,2,B,A,320,0.8877512,0.0,0.0,0.0,0.0,0.0,0.0,0.015654404,0.0,1.3879598e-07,0.0,0.90640694,4.183933e-07,0.0,0.0,0.0,0.0,0.0,0.0,0.0,0.0,0.0,0.0,0.0,0.0,0.9224352,0.0,0.0,0.0,0.0,0.0,0.0,0.0,3.0874135,0.0,0.0,0.0,0.0,0.0,0.0,0.0,0.47623503,0.0,0.0,0.0,0.0,1.9105414,0.0060821897,0.0,0.0
313,2,0,B,B,327,0.8698428,0.0,0.0,0.0,0.10385829,0.00010006153,0.0,0.0,0.0,0.02522294,0.0,1.5413889,0.005157803,0.0,0.0,0.0,0.0,0.0,0.0,0.0,0.0,0.0,0.0,0.0,0.0,0.9206887,0.0,0.0,0.0,0.0,0.0,0.0,0.0,0.23344141,0.0,0.0,0.0,0.0,0.0,0.0,0.0,0.4442853,0.0,0.0,0.0,0.0,1.8877393,0.2945824,0.0,0.0
314,6,1,A,B,293,1.2597347,0.0,0.0,0.0,0.0,0.0,0.0,0.10283371,0.0,0.0,0.0,0.8238828,8.656925e-10,0.0,0.0,0.0,0.0,0.0,0.0,0.0,0.0,0.0,0.0,0.0,0.0,1.2114698,0.0,0.0,0.0,0.0,0.0,0.0,0.0,10.59322,0.00012990522,0.0,0.0,0.0,0.0,0.0,0.0,4.14822,0.0,0.0,0.0,0.0,4.895058,0.0,0.0,0.05215583
315,1,2,B,A,336,0.8903977,0.0,0.0,0.0,0.0,0.0,0.0,0.006739072,0.0,3.747375e-07,0.0,0.95605177,6.9413477e-07,0.0,0.0,0.0,0.0,0.0,0.0,0.0,0.0,0.0,0.0,0.0,0.0,0.9224815,0.0,0.0,0.0,0.0,0.0,0.0,0.0,2.8875387,0.0,0.0,0.0,0.0,0.0,0.0,0.0,0.47823837,0.0,0.0,0.0,0.0,1.9105606,0.0036390626,0.0,0.0
316,2,1,B,B,350,0.90325874,0.0,0.0,0.0,0.06603276,0.0,0.0,0.0,0.0,0.010025313,0.0,1.5458963,0.0015668874,0.0,0.0,0.0,0.0,0.0,0.0,0.0,0.0,0.0,0.0,0.0,0.0,0.92115706,0.0,0.0,0.0,0.0,0.0,0.0,0.0,0.5570391,0.0,0.0,0.0,0.0,0.0,0.0,0.0,0.47899902,0.0,0.0,0.0,0.0,1.8971802,0.25972643,0.0,0.0
317,3,1,B,B,297,0.8511025,0.0,0.0,0.0,0.065130875,0.09620582,0.0,0.0,0.0,0.01865537,0.0,1.4848127,0.0041696914,0.0,0.0,0.0,0.0,0.0,0.0,0.0,0.0,0.0,0.0,0.0,0.0,0.9208751,0.0,0.0,0.0,0.0,0.0,0.0,0.0,0.22403763,0.0,0.0,0.0,0.0,0.0,0.0,0.0,0.43679443,0.0,0.0,0.0,0.0,1.884707,0.3742696,0.0,0.0
318,1,2,A,A,281,0.8289025,0.0,0.0,0.0,0.0,1.7612696,0.0,0.0062745474,0.0,0.002047886,0.0,1.6265656,0.00021804332,0.0,0.0,0.0,0.0,0.0,0.0,0.0,0.0,0.0,0.0,0.0,0.0,0.92119086,0.0,0.0,0.0,0.0,0.0,0.0,0.0,1.9614005,0.0,0.0,0.0,0.0,0.0,0.0,0.0,0.42544997,0.0,0.0,0.0,0.0035744207,1.8818356,4.132945,0.0,0.0
319,0,1,B,A,349,0.8873825,0.0,0.0,0.0,0.0,0.0,0.0,0.0024259358,0.0,4.2701154e-07,0.0,0.9919223,5.5039874e-07,0.0,0.0,0.0,0.0,0.0,0.0,0.0,0.0,0.0,0.0,0.0,0.0,0.9222872,0.0,0.0,0.0,0.0,0.0,0.0,0.0,2.6707702,0.0,0.0,0.0,0.0,0.0,0.0,0.0,0.4774443,0.0,0.0,0.0,0.0,1.9055997,0.009532795,0.0,0.0
320,3,1,A,B,330,1.0387847,0.0,0.0,0.0,0.0,0.0,0.0,0.029455476,0.0,4.6905715e-08,0.0,0.830001,2.3780764e-07,0.0,0.0,0.0,0.0,0.0,0.0,0.0,0.0,0.0,0.0,0.0,0.0,0.92727876,0.0,0.0,0.0,0.0,0.0,0.0,0.0,4.8780174,0.0,0.0,0.0,0.0,0.0,0.0,0.0,0.6132311,0.0,0.0,0.0,0.0,2.1387908,0.0021117246,0.0,0.0
321,2,0,B,A,301,0.8537894,0.0,0.0,0.0,0.09467799,0.0028627315,0.0,0.0,0.0,0.022028647,0.0,1.5064044,0.005022767,0.0,0.0,0.0,0.0,0.0,0.0,0.0,0.0,0.0,0.0,0.0,0.0,0.92081344,0.0,0.0,0.0,0.0,0.0,0.0,0.0,0.19324821,0.0,0.0,0.0,0.0,0.0,0.0,0.0,0.43512607,0.0,0.0,0.0,0.0,1.8852278,0.27118027,0.0,0.0
322,10,1,B,B,281,0.82873243,0.0,0.0,0.0,0.0,2.7866273,0.0,0.0,0.57683927,2.618682e-16,0.0,1.60626e-07,6.9117283e-15,0.0,0.0,0.0,0.0,0.0,0.0,0.0,0.0,0.0,0.0,0.8766197,0.0,0.92119044,0.0,0.0,0.0,0.0,0.0,0.0,0.0,2.9942405,0.6963048,0.0,0.0,0.0,0.0,0.0,0.0,0.425369,0.0,0.0,0.0,0.0006738851,1.8818203,0.0020815644,0.0,0.45906267
323,3,1,A,B,288,1.0139871,0.0,0.0,0.0,0.0,0.0,0.0,0.036163643,0.0,3.5448782e-09,0.0,0.8259534,2.608263e-08,0.0,0.0,0.0,0.0,0.0,0.0,0.0,0.0,0.0,0.0,0.0,0.0,0.9262287,0.0,0.0,0.0,0.0,0.0,0.0,0.0,4.966489,0.0,0.0,0.0,0.0,0.0,0.0,0.0,0.5899873,0.0,0.0,0.0,0.0,2.098029,0.0,0.0,0.0
324,3,1,B,B,282,0.8430023,0.0,0.0,0.0,0.03909251,0.1422026,0.0,0.0,0.0,0.015401399,0.0,1.4959816,0.0031438372,0.0,0.0,0.0,0.0,0.0,0.0,0.0,0.0,0.0,0.0,0.0,0.0,0.9210365,0.0,0.0,0.0,0.0,0.0,0.0,0.0,0.34052578,0.0,0.0,0.0,0.0,0.0,0.0,0.0,0.43001777,0.0,0.0,0.0,0.0,1.8832145,0.54681516,0.0,0.0
325,1,2,A,A,304,0.8298645,0.0,0.0,0.0,0.0,1.8054739,0.0,0.0073517626,0.0,0.0023164605,0.0,1.6907669,8.7666995e-05,0.0,0.0,0.0,0.0,0.0,0.0,0.0,0.0,0.0,0.0,0.0,0.0,0.9212107,0.0,0.0,0.0,0.0,0.0,0.0,0.0,2.0474677,0.0,0.0,0.0,0.0,0.0,0.0,0.0,0.42228532,0.0,0.0,0.0,0.005398966,1.8821727,4.391611,0.0,0.0
326,1,2,A,A,262,0.8290054,0.0,0.0,0.0,0.0,1.6240399,0.0,0.005553758,0.0,0.0019072583,0.0,1.5354537,0.0002627915,0.0,0.0,0.0,0.0,0.0,0.0,0.0,0.0,0.0,0.0,0.0,0.0,0.9211935,0.0,0.0,0.0,0.0,0.0,0.0,0.0,1.9306735,0.0,0.0,0.0,0.0,0.0,0.0,0.0,0.42131782,0.0,0.0,0.0,0.037235953,1.8818625,3.5988255,0.0,0.0
327,3,1,B,B,296,0.8528949,0.0,0.0,0.0,0.092101194,0.01981961,0.0,0.0,0.0,0.019341275,0.0,1.510158,0.004069395,0.0,0.0,0.0,0.0,0.0,0.0,0.0,0.0,0.0,0.0,0.0,0.0,0.92091215,0.0,0.0,0.0,0.0,0.0,0.0,0.0,0.26460475,0.0,0.0,0.0,0.0,0.0,0.0,0.0,0.43852004,0.0,0.0,0.0,0.0,1.8850656,0.32540143,0.0,0.0
328,1,2,B,A,298,0.8747715,0.0,0.0,0.0,0.0,0.0,0.0,0.0154072475,0.0,3.7452534e-07,0.0,0.92590594,3.7028704e-07,0.0,0.0,0.0,0.0,0.0,0.0,0.0,0.0,0.0,0.0,0.0,0.0,0.92210954,0.0,0.0,0.0,0.0,0.0,0.0,0.0,2.9566648,0.0,0.0,0.0,0.0,0.0,0.0,0.0,0.46187875,0.0,0.0,0.0,0.0,1.9025812,0.004303485,0.0,0.0
329,1,1,A,A,286,0.8556366,0.0,0.0,0.0,7.3515315e-05,0.44183245,0.0,0.0,0.0,0.0033027474,0.0,1.522,0.00010664984,0.0,0.0,0.0,0.0,0.0,0.0,0.0,0.0,0.0,0.0,0.0,0.0,0.92118526,0.0,0.0,0.0,0.0,0.0,0.0,0.0,1.4187237,0.0,0.0,0.0,0.0,0.0,0.0,0.0,0.4283837,0.0,0.0,0.0,0.0,1.884957,1.2480794,0.0,0.0
330,6,1,A,B,275,1.1903611,0.0,0.0,0.0,0.0,0.0,0.0,0.09878921,0.0,0.0,0.0,0.8239076,2.4720748e-09,0.0,0.0,0.0,0.0,0.0,0.0,0.0,0.0,0.0,0.0,0.0,0.0,1.1796467,0.0,0.0,0.0,0.0,0.0,0.0,0.0,10.685361,0.0003718107,0.0,0.0,0.0,0.0,0.0,0.0,6.039953,0.0,0.0,0.0,0.0,3.9449782,0.0,0.0,0.05296896
331,3,1,B,B,309,0.8563376,0.0,0.0,0.0,0.08998229,0.030455863,0.0,0.0,0.0,0.023345541,0.0,1.5225099,0.00478672,0.0,0.0,0.0,0.0,0.0,0.0,0.0,0.0,0.0,0.0,0.0,0.0,0.92083776,0.0,0.0,0.0,0.0,0.0,0.0,0.0,0.22457613,0.0,0.0,0.0,0.0,0.0,0.0,0.0,0.4412492,0.0,0.0,0.0,0.0,1.8852462,0.34905478,0.0,0.0
332,2,0,A,B,313,0.99682945,0.0,0.0,0.0,0.0,0.0,0.0,0.027036093,0.0,7.853857e-08,0.0,0.8308914,2.580425e-07,0.0,0.0,0.0,0.0,0.0,0.0,0.0,0.0,0.0,0.0,0.0,0.0,0.92667025,0.0,0.0,0.0,0.0,0.0,0.0,0.0,4.5373363,0.0,0.0,0.0,0.0,0.0,0.0,0.0,0.5793184,0.0,0.0,0.0,0.0,2.0685132,0.0021761572,0.0,0.0
333,2,0,A,B,312,1.0016361,0.0,0.0,0.0,0.0,0.0,0.0,0.027325545,0.0,1.5030376e-07,0.0,0.8321863,3.8132123e-07,0.0,0.0,0.0,0.0,0.0,0.0,0.0,0.0,0.0,0.0,0.0,0.0,0.92498887,0.0,0.0,0.0,0.0,0.0,0.0,0.0,4.713987,0.0,0.0,0.0,0.0,0.0,0.0,0.0,0.59718287,0.0,0.0,0.0,0.0,2.047383,0.0021396528,0.0,0.0
334,6,1,A,B,338,1.1913604,0.0,0.0,0.0,0.0,0.0,0.0,0.06350812,0.0,0.0,0.0,0.8238266,1.5035682e-09,0.0,0.0,0.0,0.0,0.0,0.0,0.0,0.0,0.0,0.0,0.0,0.0,1.144446,0.0,0.0,0.0,0.0,0.0,0.0,0.0,11.083513,0.0,0.0,0.0,0.0,0.0,0.0,0.0,6.954962,0.0,0.0,0.0,0.0,3.8448057,0.0,0.0,0.021307768
335,3,1,B,B,353,0.8644324,0.0,0.0,0.0,0.011091495,0.29162315,0.0,0.0,0.0,0.030533629,0.0,1.5777527,0.0051811757,0.0,0.0,0.0,0.0,0.0,0.0,0.0,0.0,0.0,0.0,0.0,0.0,0.92075515,0.0,0.0,0.0,0.0,0.0,0.0,0.0,0.33792564,0.0,0.0,0.0,0.0,0.0,0.0,0.0,0.44571674,0.0,0.0,0.0,0.0,1.8857279,0.931975,0.0,0.0
336,10,1,B,B,344,0.82873064,0.0,0.0,0.0,0.0,2.8723645,0.0,0.0,0.0690237,1.4339341e-13,0.0,0.0002926889,1.7492376e-12,0.0,0.0,0.0,0.0,0.0,0.0,0.0,0.0,0.0,0.0,0.8540712,0.0,0.92119044,0.0,0.0,0.0,0.0,0.0,0.0,0.0,3.1947882,1.0563585,0.0,0.0,0.0,0.0,0.0,0.0,0.4253689,0.0,0.0,0.0,3.8206574e-05,1.8818203,0.0021072326,0.0,0.1876983
337,1,1,B,A,308,0.8656888,0.0,0.0,0.0,0.0,0.0,0.0,0.0,0.0,6.3316324e-06,0.0,1.1660706,4.108842e-06,0.0,0.0,0.0,0.0,0.0,0.0,0.0,0.0,0.0,0.0,0.0,0.0,0.92156565,0.0,0.0,0.0,0.0,0.0,0.0,0.0,1.8757318,0.0,0.0,0.0,0.0,0.0,0.0,0.0,0.44960994,0.0,0.0,0.0,0.0,1.8920181,0.1046289,0.0,0.0
338,1,2,A,A,339,0.8293241,0.0,0.0,0.0,0.0,1.9407136,0.0,0.0,0.0,0.002485143,0.0,1.8058947,4.960208e-09,0.0,0.0,0.0,0.0,0.0,0.0,0.0,0.0,0.0,0.0,0.0,0.0,0.9211958,0.0,0.0,0.0,0.0,0.0,0.0,0.0,2.184179,0.0,0.0,0.0,0.0,0.0,0.0,0.0,0.4216641,0.0,0.0,0.0,0.0032248655,1.8819274,4.812775,0.0,0.0
339,6,1,A,B,258,1.1876329,0.0,0.0,0.0,0.0,0.0,0.0,0.10148795,0.0,0.0,0.0,0.82393366,9.521682e-10,0.0,0.0,0.0,0.0,0.0,0.0,0.0,0.0,0.0,0.0,0.0,0.0,1.1933215,0.0,0.0,0.0,0.0,0.0,0.0,0.0,9.674039,0.0,0.0,0.0,0.0,0.0,0.0,0.0,4.8469563,0.0,0.0,0.0,0.0,3.947899,0.0,0.0,0.041508984
340,10,1,B,B,274,0.82873243,0.0,0.0,0.0,0.0,2.7356489,0.0,0.0007804366,0.16709164,1.4047028e-13,0.0,0.00031684485,1.4406701e-12,0.0,0.0,0.0,0.0,0.0,0.0,0.0,0.0,0.0,0.0,0.7006452,0.0,0.92119044,0.0,0.0,0.0,0.0,0.0,0.0,0.0,3.3309247,0.95514405,0.0,0.0,0.0,0.0,0.0,0.0,0.42536914,0.0,0.0,0.0,0.0011789231,1.8818203,0.0026167405,0.0,0.34128433
341,2,0,A,B,312,0.9810605,0.0,0.0,0.0,0.0,0.0,0.0,0.025252072,0.0,4.2944503e-08,0.0,0.83299726,1.4174006e-07,0.0,0.0,0.0,0.0,0.0,0.0,0.0,0.0,0.0,0.0,0.0,0.0,0.92518187,0.0,0.0,0.0,0.0,0.0,0.0,0.0,4.538745,0.0,0.0,0.0,0.0,0.0,0.0,0.0,0.5741545,0.0,0.0,0.0,0.0,2.023937,0.0018502044,0.0,0.0
342,4,1,B,B,304,0.82966214,0.0,0.0,0.0,0.0,1.3026593,0.0,0.0,0.0,0.0061850185,0.0,1.7306316,0.00045844936,0.0,0.0,0.0,0.0,0.0,0.0,0.0,0.0,0.0,0.0,0.0,0.0,0.92119575,0.0,0.0,0.0,0.0,0.0,0.0,0.0,1.3987597,0.0,0.0,0.0,0.0,0.0,0.0,0.0,0.42154506,0.0,0.0,0.0,0.0,1.881911,3.333977,0.0,0.0
343,6,1,B,B,318,0.8288398,0.0,0.0,0.0,0.0,2.630298,0.0,0.007651065,0.09297904,2.0587404e-06,0.0,1.4158876,0.00016257074,0.0,0.0,0.0,0.0,0.0,0.0,0.0,0.0,0.0,0.0,0.0,0.0,0.921191,0.0,0.0,0.0,0.0,0.0,0.0,0.0,3.2810342,0.043286107,0.0,0.0,0.0,0.0,0.0,0.0,0.42549932,0.0,0.0021987027,0.0,0.7531871,1.8818412,6.3424416,0.0,0.0
344,10,1,A,B,270,1.4721019,0.0,0.0,0.0,0.0,0.0,0.0,0.026332354,0.0,0.0,0.0,0.8235252,0.0,0.0,0.0,0.0,0.0,0.0,0.0,0.0,0.0,0.0,0.0,0.0,0.0,2.3437307,0.0,0.0,0.0,0.0,0.0,0.0,0.0,25.88673,0.0002581711,0.0,0.0,0.0,0.0,0.0,0.0,9.481128,0.0,0.0,0.0,0.0,6.470404,0.0,0.0,3.1170187
345,2,0,B,B,258,0.8392576,0.0,0.0,0.0,0.08879957,0.002367887,0.0,0.00091687345,0.0,0.011693659,0.0,1.4568472,0.0029151868,0.0,0.0,0.0,0.0,0.0,0.0,0.0,0.0,0.0,0.0,0.0,0.0,0.9210553,0.0,0.0,0.0,0.0,0.0,0.0,0.0,0.5981684,0.0,0.0,0.0,0.0,0.0,0.0,0.0,0.42519075,0.0,0.0,0.0,0.0,1.8832005,0.24030249,0.0,0.0
346,10,1,B,B,341,0.8287323,0.0,0.0,0.0,0.0,2.89103,0.0,0.0,0.28073874,1.0625912e-14,0.0,1.9869465e-06,3.8588175e-14,0.0,0.0,0.0,0.0,0.0,0.0,0.0,0.0,0.0,0.0,1.0871011,0.0,0.92119044,0.0,0.0,0.0,0.0,0.0,0.0,0.0,3.14952,0.9367275,0.0,0.0,0.0,0.0,0.0,0.0,0.42430064,0.0,0.0,0.0,0.00027372938,1.8818203,0.0018865366,0.0,0.33720776
347,10,1,A,B,274,1.3869004,0.0,0.0,0.0,0.0,0.0,0.0,0.026385855,0.0,0.0,0.0,0.82351744,0.0,0.0,0.0,0.0,0.0,0.0,0.0,0.0,0.0,0.0,0.0,0.0,0.0,2.2094107,0.0,0.0,0.0,0.0,0.0,0.0,0.0,26.019547,0.0,0.0,0.0,0.0,0.0,0.0,0.0,10.883293,0.0,0.0,0.0,0.0,6.0175786,0.0,0.0,2.990307
348,1,1,B,A,262,0.8444855,0.0,0.0,0.0,0.0,0.0,0.0,0.004789048,0.0,3.3385234e-06,0.0,1.0769048,3.4495774e-06,0.0,0.0,0.0,0.0,0.0,0.0,0.0,0.0,0.0,0.0,0.0,0.0,0.9213559,0.0,0.0,0.0,0.0,0.0,0.0,0.0,2.044072,0.0,0.0,0.0,0.0,0.0,0.0,0.0,0.42797402,0.0,0.0,0.0,0.0,1.8859497,0.10424328,0.0,0.0
349,0,1,B,A,356,0.886953,0.0,0.0,0.0,0.0,0.0,0.0,0.008433951,0.0,1.9371053e-07,0.0,0.9931407,2.6953094e-07,0.0,0.0,0.0,0.0,0.0,0.0,0.0,0.0,0.0,0.0,0.0,0.0,0.9222791,0.0,0.0,0.0,0.0,0.0,0.0,0.0,2.6380498,0.0,0.0,0.0,0.0,0.0,0.0,0.0,0.4768554,0.0,0.0,0.0,0.0,1.9049857,0.005443647,0.0,0.0
350,0,1,A,A,301,0.83013135,0.0,0.0,0.0,0.0,1.173109,0.0,0.0,0.0,0.0052808155,0.0,1.7365241,0.00021161411,0.0,0.0,0.0,0.0,0.0,0.0,0.0,0.0,0.0,0.0,0.0,0.0,0.92119527,0.0,0.0,0.0,0.0,0.0,0.0,0.0,1.5537306,0.0,0.0,0.0,0.0,0.0,0.0,0.0,0.42089677,0.0,0.0,0.0,0.0,1.8819164,3.077239,0.0,0.0
351,10,1,B,B,272,0.8287346,0.0,0.0,0.0,0.0,2.7709932,0.0,0.0015895483,0.204687,9.838439e-17,0.0,0.00020172707,1.9435006e-13,0.0,0.0,0.0,0.0,0.0,0.0,0.0,0.0,0.0,0.0,0.6934059,0.0,0.92119044,0.0,0.0,0.0,0.0,0.0,0.0,0.0,3.2003958,0.73976374,0.0,0.0,0.0,0.0,0.0,0.0,0.4253706,0.0,0.0,0.0,0.0022830663,1.8818203,0.0025700568,0.0,0.37052807
352,0,1,B,A,326,0.87966764,0.0,0.0,0.0,0.0,0.0,0.0,0.006074859,0.0,2.5577099e-06,0.0,0.9427526,2.9404328e-06,0.0,0.0,0.0,0.0,0.0,0.0,0.0,0.0,0.0,0.0,0.0,0.0,0.9222328,0.0,0.0,0.0,0.0,0.0,0.0,0.0,2.785614,0.0,0.0,0.0,0.0,0.0,0.0,0.0,0.4683407,0.0,0.0,0.0,0.0,1.9043106,0.008985419,0.0,0.0
353,1,2,A,A,284,0.8294405,0.0,0.0,0.0,0.0,1.5719147,0.0,0.000676049,0.0,0.0029179414,0.0,1.5776687,0.00021489486,0.0,0.0,0.0,0.0,0.0,0.0,0.0,0.0,0.0,0.0,0.0,0.0,0.9211965,0.0,0.0,0.0,0.0,0.0,0.0,0.0,1.8336358,0.0,0.0,0.0,0.0,0.0,0.0,0.0,0.42589158,0.0,0.0,0.0,0.003472767,1.8819416,3.7097952,0.0,0.0
354,0,1,B,A,327,0.8729062,0.0,0.0,0.0,0.0,0.0,0.0,0.010155068,0.0,5.0340697e-07,0.0,0.98026025,5.501932e-07,0.0,0.0,0.0,0.0,0.0,0.0,0.0,0.0,0.0,0.0,0.0,0.0,0.92198473,0.0,0.0,0.0,0.0,0.0,0.0,0.0,2.6203275,0.0,0.0,0.0,0.0,0.0,0.0,0.0,0.46127424,0.0,0.0,0.0,0.0,1.8984733,0.014466525,0.0,0.0
355,0,1,B,A,291,0.8636648,0.0,0.0,0.0,0.0,0.0,0.0,0.008459137,0.0,3.7174206e-07,0.0,0.93448985,3.94148e-07,0.0,0.0,0.0,0.0,0.0,0.0,0.0,0.0,0.0,0.0,0.0,0.0,0.9218367,0.0,0.0,0.0,0.0,0.0,0.0,0.0,2.8005009,0.0,0.0,0.0,0.0,0.0,0.0,0.0,0.45069695,0.0,0.0,0.0,0.0,1.8956996,0.0047575873,0.0,0.0
356,0,1,A,A,337,0.8305519,0.0,0.0,0.0,0.0,1.4638186,0.0,0.0,0.0,0.004931261,0.0,1.7388402,4.3509557e-05,0.0,0.0,0.0,0.0,0.0,0.0,0.0,0.0,0.0,0.0,0.0,0.0,0.92119384,0.0,0.0,0.0,0.0,0.0,0.0,0.0,1.8697171,0.0,0.0,0.0,0.0,0.0,0.0,0.0,0.42109478,0.0,0.0,0.0,0.0,1.8820453,3.750549,0.0,0.0
357,3,1,B,B,273,0.8401619,0.0,0.0,0.0,0.048601028,0.092929766,0.0,0.0,0.0,0.012887661,0.0,1.482761,0.0027930713,0.0,0.0,0.0,0.0,0.0,0.0,0.0,0.0,0.0,0.0,0.0,0.0,0.9210857,0.0,0.0,0.0,0.0,0.0,0.0,0.0,0.41073284,0.0,0.0,0.0,0.0,0.0,0.0,0.0,0.42812356,0.0,0.0,0.0,0.0,1.8829427,0.43190688,0.0,0.0
358,1,1,A,A,299,0.83897126,0.0,0.0,0.0,0.0,0.882412,0.0,0.0,0.0,0.004563698,0.0,1.7586191,0.00044232828,0.0,0.0,0.0,0.0,0.0,0.0,0.0,0.0,0.0,0.0,0.0,0.0,0.9211905,0.0,0.0,0.0,0.0,0.0,0.0,0.0,2.2857206,0.0,0.0,0.0,0.0,0.0,0.0,0.0,0.4176494,0.0,0.0,0.0,0.0,1.882052,2.460341,0.0,0.0
359,2,1,B,B,272,0.8482418,0.0,0.0,0.0,0.03136465,0.0,0.0,0.00034665267,0.0,0.002894392,0.0,1.3747573,0.0008179779,0.0,0.0,0.0,0.0,0.0,0.0,0.0,0.0,0.0,0.0,0.0,0.0,0.9211733,0.0,0.0,0.0,0.0,0.0,0.0,0.0,1.0613614,0.0,0.0,0.0,0.0,0.0,0.0,0.0,0.43281966,0.0,0.0,0.0,0.0,1.8851744,0.22288759,0.0,0.0
360,6,1,A,B,292,1.1723648,0.0,0.0,0.0,0.0,0.0,0.0,0.1020546,0.0,0.0,0.0,0.82382715,2.6643747e-09,0.0,0.0,0.0,0.0,0.0,0.0,0.0,0.0,0.0,0.0,0.0,0.0,1.0731984,0.0,0.0,0.0,0.0,0.0,0.0,0.0,10.939258,0.0,0.0,0.0,0.0,0.0,0.0,0.0,6.64541,0.0,0.0,0.0,0.0,3.6200652,0.0,0.0,0.099122226
361,4,1,B,B,287,0.8301168,0.0,0.0,0.0,0.0,1.0575778,0.0,0.0,0.0,0.0069466378,0.0,1.6653765,0.0007181567,0.0,0.0,0.0,0.0,0.0,0.0,0.0,0.0,0.0,0.0,0.0,0.0,0.92119086,0.0,0.0,0.0,0.0,0.0,0.0,0.0,0.94340605,0.0,0.0,0.0,0.0,0.0,0.0,0.0,0.42136365,0.0,0.0,0.0,0.0,1.8818619,2.5833926,0.0,0.0
362,1,1,B,A,299,0.8653651,0.0,0.0,0.0,0.0001527638,0.0,0.0,0.0009789383,0.0,1.1331844e-05,0.0,1.1276387,7.658139e-06,0.0,0.0,0.0,0.0,0.0,0.0,0.0,0.0,0.0,0.0,0.0,0.0,0.92164576,0.0,0.0,0.0,0.0,0.0,0.0,0.0,2.0512373,0.0,0.0,0.0,0.0,0.0,0.0,0.0,0.45029122,0.0,0.0,0.0,0.0,1.8932322,0.077370614,0.0,0.0
363,6,1,B,B,353,0.82878107,0.0,0.0,0.0,0.0,2.7770247,0.0,0.0033380198,0.2066345,1.4311241e-06,0.0,1.4588753,6.418399e-05,0.0,0.0,0.0,0.0,0.0,0.0,0.0,0.0,0.0,0.0,0.0,0.0,0.9211905,0.0,0.0,0.0,0.0,0.0,0.0,0.0,3.3997464,0.04214496,0.0,0.0,0.0,0.0,0.0,0.0,0.4254262,0.0,0.0022708671,0.0,0.94285035,1.8818259,6.695486,0.0,0.0
364,1,1,B,A,335,0.89361817,0.0,0.0,0.0,0.0016942152,0.0,0.0,0.0004952534,0.0,8.275412e-05,0.0,1.3126395,1.3795453e-05,0.0,0.0,0.0,0.0,0.0,0.0,0.0,0.0,0.0,0.0,0.0,0.0,0.9216336,0.0,0.0,0.0,0.0,0.0,0.0,0.0,1.5390164,0.0,0.0,0.0,0.0,0.0,0.0,0.0,0.47402155,0.0,0.0,0.0,0.0,1.8983418,0.12217945,0.0,0.0
365,1,1,B,A,346,0.89734423,0.0,0.0,0.0,0.00010603982,0.0,0.0,0.0,0.0,8.70187e-06,0.0,1.2577173,4.5172237e-06,0.0,0.0,0.0,0.0,0.0,0.0,0.0,0.0,0.0,0.0,0.0,0.0,0.9219156,0.0,0.0,0.0,0.0,0.0,0.0,0.0,1.7485374,0.0,0.0,0.0,0.0,0.0,0.0,0.0,0.48099595,0.0,0.0,0.0,0.0,1.9028184,0.10189227,0.0,0.0
366,1,1,B,A,298,0.866063,0.0,0.0,0.0,0.0,0.0,0.0,0.002640438,0.0,2.5706208e-06,0.0,1.1437223,1.7390512e-06,0.0,0.0,0.0,0.0,0.0,0.0,0.0,0.0,0.0,0.0,0.0,0.0,0.92164755,0.0,0.0,0.0,0.0,0.0,0.0,0.0,1.9873078,0.0,0.0,0.0,0.0,0.0,0.0,0.0,0.45021763,0.0,0.0,0.0,0.0,1.8934134,0.0873237,0.0,0.0
367,1,1,A,A,319,0.8532425,0.0,0.0,0.0,0.0,0.8047402,0.0,0.0,0.0,0.003602564,0.0,1.6390043,0.00014051712,0.0,0.0,0.0,0.0,0.0,0.0,0.0,0.0,0.0,0.0,0.0,0.0,0.9213734,0.0,0.0,0.0,0.0,0.0,0.0,0.0,2.7037842,0.0,0.0,0.0,0.0,0.0,0.0,0.0,0.42865288,0.0,0.0,0.0,0.0,1.8861475,2.191308,0.0,0.0
368,4,1,B,B,344,0.8297176,0.0,0.0,0.0,0.0,1.4138008,0.0,0.0,0.0,0.008616906,0.0,1.7985542,0.00075493037,0.0,0.0,0.0,0.0,0.0,0.0,0.0,0.0,0.0,0.0,0.0,0.0,0.9211905,0.0,0.0,0.0,0.0,0.0,0.0,0.0,1.2585685,0.0,0.0,0.0,0.0,0.0,0.0,0.0,0.42147866,0.0,0.0,0.0,0.0,1.8818668,3.5505102,0.0,0.0
369,6,1,B,B,302,0.8288034,0.0,0.0,0.0,0.0,3.0030725,0.0,0.0,0.23290361,2.1800545e-06,0.0,1.5536648,1.7696802e-11,0.0,0.0,0.0,0.0,0.0,0.0,0.0,0.0,0.0,0.0,0.11444477,0.0,0.92119086,0.0,0.0,0.0,0.0,0.0,0.0,0.0,3.6321445,0.06065319,0.0,0.0,0.0,0.0,0.0,0.0,0.42545453,0.0,0.0008166289,0.0,0.47611916,1.8818349,5.866293,0.0,0.0
370,6,1,B,B,288,0.8287528,0.0,0.0,0.0,0.0,2.6391864,0.0,0.0027467597,0.083738804,2.5330496e-06,0.0,1.4040532,2.4769453e-10,0.0,0.0,0.0,0.0,0.0,0.0,0.0,0.0,0.0,0.0,0.0,0.0,0.9211905,0.0,0.0,0.0,0.0,0.0,0.0,0.0,3.3464348,0.09602462,0.0,0.0,0.0,0.0,0.0,0.0,0.42539242,0.0,0.0029238174,0.0,0.6434798,1.881821,6.1123443,0.0,0.0
371,2,1,A,A,277,0.89619416,0.0,0.0,0.0,0.0,0.0,0.0,0.017757073,0.0,1.1835585e-06,0.0,0.8941654,2.5338575e-06,0.0,0.0,0.0,0.0,0.0,0.0,0.0,0.0,0.0,0.0,0.0,0.0,0.92280793,0.0,0.0,0.0,0.0,0.0,0.0,0.0,3.1714227,0.0,0.0,0.0,0.0,0.0,0.0,0.0,0.48929346,0.0,0.0,0.0,0.0,1.9261519,0.0105032995,0.0,0.0
372,2,1,B,B,289,0.8667891,0.0,0.0,0.0,0.030720351,0.0,0.0,0.0,0.0,0.004330246,0.0,1.4636453,0.0011413159,0.0,0.0,0.0,0.0,0.0,0.0,0.0,0.0,0.0,0.0,0.0,0.0,0.9211369,0.0,0.0,0.0,0.0,0.0,0.0,0.0,0.84394,0.0,0.0,0.0,0.0,0.0,0.0,0.0,0.44250542,0.0,0.0,0.0,0.0,1.8886484,0.22014238,0.0,0.0
373,6,1,A,B,331,1.2235168,0.0,0.0,0.0,0.0,0.0,0.0,0.08729261,0.0,0.0,0.0,0.82361573,6.265529e-09,0.0,0.0,0.0,0.0,0.0,0.0,0.0,0.0,0.0,0.0,0.0,0.0,1.1182598,0.0,0.0,0.0,0.0,0.0,0.0,0.0,10.8788595,0.00015590012,0.0,0.0,0.0,0.0,0.0,0.0,5.570696,0.0,0.0,0.0,0.0,4.146235,0.0,0.0,0.08530406
374,2,1,A,A,328,0.9234734,0.0,0.0,0.0,0.0,0.0,0.0,0.01784754,0.0,7.597232e-07,0.0,0.86666167,1.1706238e-06,0.0,0.0,0.0,0.0,0.0,0.0,0.0,0.0,0.0,0.0,0.0,0.0,0.92330605,0.0,0.0,0.0,0.0,0.0,0.0,0.0,3.462575,0.0,0.0,0.0,0.0,0.0,0.0,0.0,0.5223426,0.0,0.0,0.0,0.0,1.9434727,0.003362425,0.0,0.0
375,1,1,A,A,331,0.97645193,0.0,0.0,0.0,0.001151428,0.1038886,0.0,0.0,0.0,0.002614228,0.0,1.5630041,1.02961e-05,0.0,0.0,0.0,0.0,0.0,0.0,0.0,0.0,0.0,0.0,0.0,0.0,0.92150545,0.0,0.0,0.0,0.0,0.0,0.0,0.0,1.0563997,0.0,0.0,0.0,0.0,0.0,0.0,0.0,0.52732545,0.0,0.0,0.0,0.0,1.9163128,0.37501657,0.0,0.0
376,0,1,B,A,329,0.8747469,0.0,0.0,0.0,0.0,0.0,0.0,0.0033209398,0.0,8.779335e-07,0.0,1.0079757,1.0761997e-06,0.0,0.0,0.0,0.0,0.0,0.0,0.0,0.0,0.0,0.0,0.0,0.0,0.9219878,0.0,0.0,0.0,0.0,0.0,0.0,0.0,2.5262034,0.0,0.0,0.0,0.0,0.0,0.0,0.0,0.46304563,0.0,0.0,0.0,0.0,1.898869,0.017976372,0.0,0.0
377,2,1,A,A,334,0.92937815,0.0,0.0,0.0,6.423479e-05,0.0,0.0,0.008194735,0.0,5.571448e-06,0.0,1.0046619,5.3547305e-06,0.0,0.0,0.0,0.0,0.0,0.0,0.0,0.0,0.0,0.0,0.0,0.0,0.9234908,0.0,0.0,0.0,0.0,0.0,0.0,0.0,2.846042,0.0,0.0,0.0,0.0,0.0,0.0,0.0,0.52994,0.0,0.0,0.0,0.0,1.9458168,0.025090301,0.0,0.0
378,1,2,B,A,285,0.8676482,0.0,0.0,0.0,0.0,0.0,0.0,0.01434737,0.0,2.1025804e-07,0.0,0.9882057,1.8548424e-07,0.0,0.0,0.0,0.0,0.0,0.0,0.0,0.0,0.0,0.0,0.0,0.0,0.92198336,0.0,0.0,0.0,0.0,0.0,0.0,0.0,2.561168,0.0,0.0,0.0,0.0,0.0,0.0,0.0,0.45073825,0.0,0.0,0.0,0.0,1.899935,0.03565759,0.0,0.0
379,4,1,B,B,350,0.830877,0.0,0.0,0.0,0.0,1.416383,0.0,0.0,0.0,0.010643528,0.0,1.6399512,0.0008670316,0.0,0.0,0.0,0.0,0.0,0.0,0.0,0.0,0.0,0.0,0.0,0.0,0.92118907,0.0,0.0,0.0,0.0,0.0,0.0,0.0,1.2759165,0.0,0.0,0.0,0.0,0.0,0.0,0.0,0.42186087,0.0,0.0,0.0,0.0,1.8819274,3.3920765,0.0,0.0
380,10,1,B,B,279,0.82873243,0.0,0.0,0.0,0.0,2.7438366,0.0,0.0,0.15737718,0.0,0.0,3.4263763e-08,1.7469626e-17,0.0,0.0,0.0,0.0,0.0,0.0,0.0,0.0,0.0,0.0,0.6816963,0.0,0.92119044,0.0,0.0,0.0,0.0,0.0,0.0,0.0,3.2750106,1.0287948,0.0,0.0,0.0,0.0,0.0,0.0,0.42536813,0.0,0.0,0.0,0.0003165049,1.8818203,0.0013393505,0.0,0.31764305
381,2,0,A,B,293,0.9549335,0.0,0.0,0.0,0.0,0.0,0.0,0.023733055,0.0,5.6917305e-08,0.0,0.8508821,1.6060453e-07,0.0,0.0,0.0,0.0,0.0,0.0,0.0,0.0,0.0,0.0,0.0,0.0,0.9237711,0.0,0.0,0.0,0.0,0.0,0.0,0.0,4.263206,0.0,0.0,0.0,0.0,0.0,0.0,0.0,0.552243,0.0,0.0,0.0,0.0,1.9866241,0.0016923939,0.0,0.0
382,10,1,B,B,287,0.82873064,0.0,0.0,0.0,0.0,2.8051105,0.0,0.0,0.24814996,0.0,0.0,1.0123444e-08,9.8035695e-20,0.0,0.0,0.0,0.0,0.0,0.0,0.0,0.0,0.0,0.0,0.78819466,0.0,0.92119044,0.0,0.0,0.0,0.0,0.0,0.0,0.0,3.2935972,0.97966874,0.0,0.0,0.0,0.0,0.0,0.0,0.42111492,0.0,0.0,0.0,0.00034226076,1.8818203,0.002659946,0.0,0.3850317
383,3,1,B,B,352,0.8738334,0.0,0.0,0.0,0.049487147,0.156018,0.0,0.0,0.0,0.031291958,0.0,1.5488045,0.0047576874,0.0,0.0,0.0,0.0,0.0,0.0,0.0,0.0,0.0,0.0,0.0,0.0,0.9206567,0.0,0.0,0.0,0.0,0.0,0.0,0.0,0.20869948,0.0,0.0,0.0,0.0,0.0,0.0,0.0,0.45133573,0.0,0.0,0.0,0.0,1.8872217,0.592272,0.0,0.0
384,2,1,B,A,296,0.8611367,0.0,0.0,0.0,0.03298486,0.0,0.0,0.0,0.0,0.0032655534,0.0,1.4380188,0.0008920912,0.0,0.0,0.0,0.0,0.0,0.0,0.0,0.0,0.0,0.0,0.0,0.0,0.9211518,0.0,0.0,0.0,0.0,0.0,0.0,0.0,0.86596155,0.0,0.0,0.0,0.0,0.0,0.0,0.0,0.4388625,0.0,0.0,0.0,0.0,1.8873913,0.23255175,0.0,0.0
385,3,1,B,B,308,0.8414701,0.0,0.0,0.0,0.015332102,0.38379338,0.0,0.0,0.0,0.01816822,0.0,1.6278639,0.0025731616,0.0,0.0,0.0,0.0,0.0,0.0,0.0,0.0,0.0,0.0,0.0,0.0,0.9211147,0.0,0.0,0.0,0.0,0.0,0.0,0.0,0.53132796,0.0,0.0,0.0,0.0,0.0,0.0,0.0,0.42252755,0.0,0.0,0.0,0.0,1.8826208,1.2336305,0.0,0.0
386,0,1,A,A,322,0.8295466,0.0,0.0,0.0,0.0,1.5458634,0.0,6.52281e-05,0.0,0.004349016,0.0,1.8422033,8.5422565e-05,0.0,0.0,0.0,0.0,0.0,0.0,0.0,0.0,0.0,0.0,0.0,0.0,0.9211981,0.0,0.0,0.0,0.0,0.0,0.0,0.0,2.1327627,0.0,0.0,0.0,0.0,0.0,0.0,0.0,0.42091691,0.0,0.0,0.0,0.0,1.8819629,4.1249843,0.0,0.0
387,1,1,A,A,261,0.86515206,0.0,0.0,0.0,0.00027866228,0.044754848,0.0,0.0036195377,0.0,0.0004761654,0.0,1.264003,5.84142e-05,0.0,0.0,0.0,0.0,0.0,0.0,0.0,0.0,0.0,0.0,0.0,0.0,0.9213741,0.0,0.0,0.0,0.0,0.0,0.0,0.0,1.7655717,0.0,0.0,0.0,0.0,0.0,0.0,0.0,0.44738078,0.0,0.0,0.0,0.0,1.8913317,0.19755746,0.0,0.0
388,0,1,B,A,329,0.8863459,0.0,0.0,0.0,0.0,0.0,0.0,0.002255816,0.0,5.4740747e-07,0.0,0.97853804,7.241139e-07,0.0,0.0,0.0,0.0,0.0,0.0,0.0,0.0,0.0,0.0,0.0,0.0,0.9223164,0.0,0.0,0.0,0.0,0.0,0.0,0.0,2.758799,0.0,0.0,0.0,0.0,0.0,0.0,0.0,0.4753716,0.0,0.0,0.0,0.0,1.906607,0.006411899,0.0,0.0
389,0,1,B,A,338,0.87974435,0.0,0.0,0.0,0.0,0.0,0.0,0.0036511282,0.0,4.364607e-07,0.0,0.9776775,3.5535027e-07,0.0,0.0,0.0,0.0,0.0,0.0,0.0,0.0,0.0,0.0,0.0,0.0,0.9221691,0.0,0.0,0.0,0.0,0.0,0.0,0.0,2.6043057,0.0,0.0,0.0,0.0,0.0,0.0,0.0,0.46880898,0.0,0.0,0.0,0.0,1.9026365,0.024321763,0.0,0.0
390,1,2,A,A,291,0.82923377,0.0,0.0,0.0,0.0,1.7241826,0.0,0.0022148616,0.0,0.0023325095,0.0,1.5778205,2.1265333e-08,0.0,0.0,0.0,0.0,0.0,0.0,0.0,0.0,0.0,0.0,0.0,0.0,0.92119527,0.0,0.0,0.0,0.0,0.0,0.0,0.0,1.9749087,0.0,0.0,0.0,0.0,0.0,0.0,0.0,0.4214571,0.0,0.0,0.0,0.031456854,1.8818928,4.0676136,0.0,0.0
391,2,1,B,B,303,0.88469696,0.0,0.0,0.0,0.02609441,0.0,0.0,0.0,0.0,0.004611677,0.0,1.4893165,0.0010193335,0.0,0.0,0.0,0.0,0.0,0.0,0.0,0.0,0.0,0.0,0.0,0.0,0.9211328,0.0,0.0,0.0,0.0,0.0,0.0,0.0,0.8166386,0.0,0.0,0.0,0.0,0.0,0.0,0.0,0.46267498,0.0,0.0,0.0,0.0,1.8924428,0.21517397,0.0,0.0
392,2,0,B,B,283,0.847974,0.0,0.0,0.0,0.09789631,0.002658723,0.0,0.0,0.0,0.016980283,0.0,1.5087252,0.003812672,0.0,0.0,0.0,0.0,0.0,0.0,0.0,0.0,0.0,0.0,0.0,0.0,0.92094696,0.0,0.0,0.0,0.0,0.0,0.0,0.0,0.31897783,0.0,0.0,0.0,0.0,0.0,0.0,0.0,0.43605468,0.0,0.0,0.0,0.0,1.8844032,0.27618262,0.0,0.0
393,10,1,A,B,276,1.3587478,0.0,0.0,0.0,0.0,0.0,0.0,0.026305726,0.0,0.0,0.0,0.823517,0.0,0.0,0.0,0.0,0.0,0.0,0.0,0.0,0.0,0.0,0.0,0.0,0.0,2.2592783,0.0,0.0,0.0,0.0,0.0,0.0,0.0,26.690107,0.0,0.0,0.0,0.0,0.0,0.0,0.0,11.491946,0.0,0.0,0.0,0.0,6.0614605,0.0,0.0,3.0725253
394,4,1,A,B,297,1.1172976,0.0,0.0,0.0,0.0,0.0,0.0,0.051372387,0.0,0.0,0.0,0.82516205,8.6564833e-10,0.0,0.0,0.0,0.0,0.0,0.0,0.0,0.0,0.0,0.0,0.0,0.0,0.9394482,0.0,0.0,0.0,0.0,0.0,0.0,0.0,6.35576,0.0,0.0,0.0,0.0,0.0,0.0,0.0,0.8353721,0.0,0.0,0.0,0.0,2.5420883,0.0,0.0,0.0
395,1,2,A,A,276,0.82900065,0.0,0.0,0.0,0.0,1.7541327,0.0,0.006126825,0.0,0.0017585811,0.0,1.6399941,4.1337713e-05,0.0,0.0,0.0,0.0,0.0,0.0,0.0,0.0,0.0,0.0,0.0,0.0,0.9211935,0.0,0.0,0.0,0.0,0.0,0.0,0.0,2.129027,0.0,0.0,0.0,0.0,0.0,0.0,0.0,0.42134136,0.0,0.0,0.0,0.003041625,1.8818654,4.178633,0.0,0.0
396,4,1,B,B,318,0.82981735,0.0,0.0,0.0,0.0,1.2411857,0.0,0.0,0.0,0.00841514,0.0,1.763569,0.00079652935,0.0,0.0,0.0,0.0,0.0,0.0,0.0,0.0,0.0,0.0,0.0,0.0,0.9211903,0.0,0.0,0.0,0.0,0.0,0.0,0.0,1.2116257,0.0,0.0,0.0,0.0,0.0,0.0,0.0,0.4212018,0.0,0.0,0.0,0.0,1.8818345,3.1836984,0.0,0.0
397,4,1,B,B,322,0.82974684,0.0,0.0,0.0,0.0,1.3526076,0.0,0.0,0.0,0.007589343,0.0,1.6968633,0.0006400276,0.0,0.0,0.0,0.0,0.0,0.0,0.0,0.0,0.0,0.0,0.0,0.0,0.921191,0.0,0.0,0.0,0.0,0.0,0.0,0.0,1.2553632,0.0,0.0,0.0,0.0,0.0,0.0,0.0,0.42138082,0.0,0.0,0.0,0.0,1.881865,3.3380418,0.0,0.0
398,0,1,B,A,351,0.8894326,0.0,0.0,0.0,0.0,0.0,0.0,0.001502226,0.0,9.0545444e-07,0.0,0.99098307,1.0829812e-06,0.0,0.0,0.0,0.0,0.0,0.0,0.0,0.0,0.0,0.0,0.0,0.0,0.92236406,0.0,0.0,0.0,0.0,0.0,0.0,0.0,2.6614685,0.0,0.0,0.0,0.0,0.0,0.0,0.0,0.47978392,0.0,0.0,0.0,0.0,1.9075339,0.032784674,0.0,0.0
399,2,1,A,B,347,0.93018043,0.0,0.0,0.0,0.0,0.0,0.0,0.0134533,0.0,1.1785304e-07,0.0,0.90426326,2.420025e-07,0.0,0.0,0.0,0.0,0.0,0.0,0.0,0.0,0.0,0.0,0.0,0.0,0.92336136,0.0,0.0,0.0,0.0,0.0,0.0,0.0,3.4950464,0.0,0.0,0.0,0.0,0.0,0.0,0.0,0.53282934,0.0,0.0,0.0,0.0,1.9431624,0.0019232084,0.0,0.0
400,1,2,B,A,265,0.8592978,0.0,0.0,0.0,0.0,0.0,0.0,0.01484367,0.0,6.3653476e-07,0.0,0.8950858,1.1211844e-06,0.0,0.0,0.0,0.0,0.0,0.0,0.0,0.0,0.0,0.0,0.0,0.0,0.9218595,0.0,0.0,0.0,0.0,0.0,0.0,0.0,2.9238229,0.0,0.0,0.0,0.0,0.0,0.0,0.0,0.44453743,0.0,0.0,0.0,0.0,1.8960849,0.0053662634,0.0,0.0
401,2,0,A,B,343,0.99417305,0.0,0.0,0.0,0.0,0.0,0.0,0.026757533,0.0,4.543525e-08,0.0,0.83327234,1.7138039e-07,0.0,0.0,0.0,0.0,0.0,0.0,0.0,0.0,0.0,0.0,0.0,0.0,0.92483705,0.0,0.0,0.0,0.0,0.0,0.0,0.0,4.335631,0.0,0.0,0.0,0.0,0.0,0.0,0.0,0.5929779,0.0,0.0,0.0,0.0,2.0307639,0.0018448851,0.0,0.0
402,2,1,B,B,266,0.84883845,0.0,0.0,0.0,0.043669857,0.0,0.0,0.0009792647,0.0,0.0041514486,0.0,1.4000279,0.0012871564,0.0,0.0,0.0,0.0,0.0,0.0,0.0,0.0,0.0,0.0,0.0,0.0,0.9211627,0.0,0.0,0.0,0.0,0.0,0.0,0.0,1.0083556,0.0,0.0,0.0,0.0,0.0,0.0,0.0,0.42910573,0.0,0.0,0.0,0.0,1.8853707,0.22761972,0.0,0.0
403,3,1,A,B,321,1.0140386,0.0,0.0,0.0,0.0,0.0,0.0,0.032398757,0.0,2.0225917e-08,0.0,0.83041596,3.4438088e-08,0.0,0.0,0.0,0.0,0.0,0.0,0.0,0.0,0.0,0.0,0.0,0.0,0.9259376,0.0,0.0,0.0,0.0,0.0,0.0,0.0,4.8414755,0.0,0.0,0.0,0.0,0.0,0.0,0.0,0.60026073,0.0,0.0,0.0,0.0,2.0767856,0.0010376556,0.0,0.0
404,3,1,B,B,288,0.8436779,0.0,0.0,0.0,0.03900571,0.15247677,0.0,0.0,0.0,0.015177388,0.0,1.4983323,0.0034861532,0.0,0.0,0.0,0.0,0.0,0.0,0.0,0.0,0.0,0.0,0.0,0.0,0.92102844,0.0,0.0,0.0,0.0,0.0,0.0,0.0,0.37192035,0.0,0.0,0.0,0.0,0.0,0.0,0.0,0.43205535,0.0,0.0,0.0,0.0,1.883487,0.53796554,0.0,0.0
405,3,1,B,B,314,0.8594294,0.0,0.0,0.0,0.073726125,0.06447627,0.0,0.0,0.0,0.024820073,0.0,1.5154725,0.0049227653,0.0,0.0,0.0,0.0,0.0,0.0,0.0,0.0,0.0,0.0,0.0,0.0,0.92077446,0.0,0.0,0.0,0.0,0.0,0.0,0.0,0.14419909,0.0,0.0,0.0,0.0,0.0,0.0,0.0,0.4434302,0.0,0.0,0.0,0.0,1.8857219,0.3542724,0.0,0.0
406,4,1,B,B,338,0.83031493,0.0,0.0,0.0,0.0,1.2979947,0.0,0.0,0.0,0.009633246,0.0,1.6658231,0.00065034593,0.0,0.0,0.0,0.0,0.0,0.0,0.0,0.0,0.0,0.0,0.0,0.0,0.921191,0.0,0.0,0.0,0.0,0.0,0.0,0.0,1.0960817,0.0,0.0,0.0,0.0,0.0,0.0,0.0,0.42144042,0.0,0.0,0.0,0.0,1.8818703,3.135756,0.0,0.0
407,0,1,A,A,323,0.83045304,0.0,0.0,0.0,0.0,1.407602,0.0,0.0,0.0,0.0056980695,0.0,1.6739618,0.0003216628,0.0,0.0,0.0,0.0,0.0,0.0,0.0,0.0,0.0,0.0,0.0,0.0,0.92119616,0.0,0.0,0.0,0.0,0.0,0.0,0.0,1.7276988,0.0,0.0,0.0,0.0,0.0,0.0,0.0,0.42163497,0.0,0.0,0.0,0.0,1.881969,3.4953191,0.0,0.0
408,2,0,B,B,353,0.881442,0.0,0.0,0.0,0.100526534,0.0025468469,0.0,0.0,0.0,0.035452787,0.0,1.5452276,0.0067260806,0.0,0.0,0.0,0.0,0.0,0.0,0.0,0.0,0.0,0.0,0.0,0.0,0.920403,0.0,0.0,0.0,0.0,0.0,0.0,0.0,0.09680643,0.0,0.0,0.0,0.0,0.0,0.0,0.0,0.46077442,0.0,0.0,0.0,0.0,1.8892342,0.2851693,0.0,0.0
409,0,1,A,A,342,0.8303233,0.0,0.0,0.0,0.0,1.6026092,0.0,0.0,0.0,0.0048949863,0.0,1.8893111,6.737042e-05,0.0,0.0,0.0,0.0,0.0,0.0,0.0,0.0,0.0,0.0,0.0,0.0,0.9211981,0.0,0.0,0.0,0.0,0.0,0.0,0.0,2.2491562,0.0,0.0,0.0,0.0,0.0,0.0,0.0,0.42235717,0.0,0.0,0.0,0.0,1.8820759,4.325151,0.0,0.0
410,10,1,B,B,335,0.8287326,0.0,0.0,0.0,0.0,2.73999,0.0,0.0,0.06572898,0.0,0.0,8.511395e-09,3.8258817e-19,0.0,0.0,0.0,0.0,0.0,0.0,0.0,0.0,0.0,0.0,0.6986304,0.0,0.92119044,0.0,0.0,0.0,0.0,0.0,0.0,0.0,3.0452466,0.8286951,0.0,0.0,0.0,0.0,0.0,0.0,0.42529976,0.0,0.0,0.0,4.538159e-05,1.8818203,0.0011516017,0.0,0.14914589
411,0,1,B,A,313,0.8803477,0.0,0.0,0.0,0.0,0.0,0.0,0.006323451,0.0,4.426296e-07,0.0,0.9494389,6.3403246e-07,0.0,0.0,0.0,0.0,0.0,0.0,0.0,0.0,0.0,0.0,0.0,0.0,0.92218345,0.0,0.0,0.0,0.0,0.0,0.0,0.0,2.8148196,0.0,0.0,0.0,0.0,0.0,0.0,0.0,0.46850583,0.0,0.0,0.0,0.0,1.9044682,0.007916247,0.0,0.0
412,10,1,B,B,318,0.82873243,0.0,0.0,0.0,0.0,2.7288437,0.0,0.0,0.16399549,0.0,0.0,4.2467607e-09,1.4249181e-20,0.0,0.0,0.0,0.0,0.0,0.0,0.0,0.0,0.0,0.0,0.78656983,0.0,0.92119044,0.0,0.0,0.0,0.0,0.0,0.0,0.0,3.023877,0.8367857,0.0,0.0,0.0,0.0,0.0,0.0,0.42532578,0.0,0.0,0.0,0.00012418414,1.8818203,0.000783363,0.0,0.230124
413,10,1,B,B,265,0.82873297,0.0,0.0,0.0,0.0,2.7798505,0.0,0.003109921,0.6293081,0.0,0.0,2.5333444e-09,1.6010565e-20,0.0,0.0,0.0,0.0,0.0,0.0,0.0,0.0,0.0,0.0,0.68602633,0.0,0.92119044,0.0,0.0,0.0,0.0,0.0,0.0,0.0,3.4230158,0.68819,0.0,0.0,0.0,0.0,0.0,0.0,0.42536595,0.0,0.0,0.0,0.0034025982,1.8818203,0.0024769458,0.0,0.6566282
414,1,2,A,A,319,0.8300538,0.0,0.0,0.0,0.0,1.8050146,0.0,0.0,0.0,0.0035490098,0.0,1.6578761,0.00017939533,0.0,0.0,0.0,0.0,0.0,0.0,0.0,0.0,0.0,0.0,0.0,0.0,0.9212107,0.0,0.0,0.0,0.0,0.0,0.0,0.0,2.1975389,0.0,0.0,0.0,0.0,0.0,0.0,0.0,0.42219743,0.0,0.0,0.0,0.0086687375,1.8821865,4.39639,0.0,0.0
415,2,1,A,A,328,0.94458586,0.0,0.0,0.0,0.0,0.0,0.0,0.019243212,0.0,1.1528307e-06,0.0,0.9205384,2.0954362e-06,0.0,0.0,0.0,0.0,0.0,0.0,0.0,0.0,0.0,0.0,0.0,0.0,0.9240001,0.0,0.0,0.0,0.0,0.0,0.0,0.0,3.266008,0.0,0.0,0.0,0.0,0.0,0.0,0.0,0.5405431,0.0,0.0,0.0,0.0,1.9707778,0.026742995,0.0,0.0
416,1,1,A,A,329,0.8900515,0.0,0.0,0.0,0.0013770263,0.23373576,0.0,0.0,0.0,0.0016281055,0.0,1.4431273,1.0310532e-05,0.0,0.0,0.0,0.0,0.0,0.0,0.0,0.0,0.0,0.0,0.0,0.0,0.92148954,0.0,0.0,0.0,0.0,0.0,0.0,0.0,1.1451019,0.0,0.0,0.0,0.0,0.0,0.0,0.0,0.47584134,0.0,0.0,0.0,0.0,1.8968647,0.66296476,0.0,0.0
417,2,1,B,B,331,0.8865016,0.0,0.0,0.0,0.04612115,0.0,0.0,0.0,0.0,0.0045587416,0.0,1.4853272,0.000599122,0.0,0.0,0.0,0.0,0.0,0.0,0.0,0.0,0.0,0.0,0.0,0.0,0.9211914,0.0,0.0,0.0,0.0,0.0,0.0,0.0,0.7644125,0.0,0.0,0.0,0.0,0.0,0.0,0.0,0.46552387,0.0,0.0,0.0,0.0,1.8927929,0.23722088,0.0,0.0
418,1,2,B,A,342,0.90719926,0.0,0.0,0.0,0.0,0.0,0.0,0.010127225,0.0,7.775935e-08,0.0,0.94440544,1.1687901e-07,0.0,0.0,0.0,0.0,0.0,0.0,0.0,0.0,0.0,0.0,0.0,0.0,0.92288023,0.0,0.0,0.0,0.0,0.0,0.0,0.0,3.0686195,0.0,0.0,0.0,0.0,0.0,0.0,0.0,0.49629498,0.0,0.0,0.0,0.0,1.9225665,0.0018794716,0.0,0.0
419,2,0,B,B,335,0.8710276,0.0,0.0,0.0,0.09672234,0.004722284,0.0,0.0,0.0,0.03084739,0.0,1.5298264,0.006458491,0.0,0.0,0.0,0.0,0.0,0.0,0.0,0.0,0.0,0.0,0.0,0.0,0.9205608,0.0,0.0,0.0,0.0,0.0,0.0,0.0,0.16211273,0.0,0.0,0.0,0.0,0.0,0.0,0.0,0.45484847,0.0,0.0,0.0,0.0,1.8878076,0.29206693,0.0,0.0
420,0,1,B,A,284,0.8551401,0.0,0.0,0.0,0.0,0.0,0.0,0.0064919577,0.0,5.743906e-07,0.0,0.93734735,7.0805186e-07,0.0,0.0,0.0,0.0,0.0,0.0,0.0,0.0,0.0,0.0,0.0,0.0,0.921672,0.0,0.0,0.0,0.0,0.0,0.0,0.0,2.66311,0.0,0.0,0.0,0.0,0.0,0.0,0.0,0.44149727,0.0,0.0,0.0,0.0,1.8914573,0.009776035,0.0,0.0
421,2,1,A,A,261,0.8791531,0.0,0.0,0.0,0.0,0.0,0.0,0.017820448,0.0,8.127728e-07,0.0,0.8758641,1.1077806e-06,0.0,0.0,0.0,0.0,0.0,0.0,0.0,0.0,0.0,0.0,0.0,0.0,0.9223272,0.0,0.0,0.0,0.0,0.0,0.0,0.0,3.261895,0.0,0.0,0.0,0.0,0.0,0.0,0.0,0.47150654,0.0,0.0,0.0,0.0,1.9131055,0.0040133703,0.0,0.0
422,2,1,B,B,317,0.8925324,0.0,0.0,0.0,0.036207817,0.0,0.0,0.0,0.0,0.007207724,0.0,1.5150249,0.0015300154,0.0,0.0,0.0,0.0,0.0,0.0,0.0,0.0,0.0,0.0,0.0,0.0,0.92109597,0.0,0.0,0.0,0.0,0.0,0.0,0.0,0.73164976,0.0,0.0,0.0,0.0,0.0,0.0,0.0,0.46358636,0.0,0.0,0.0,0.0,1.8942338,0.22009243,0.0,0.0
423,3,1,A,B,294,1.0171502,0.0,0.0,0.0,0.0,0.0,0.0,0.04635727,0.0,0.0,0.0,0.82811445,7.6134565e-09,0.0,0.0,0.0,0.0,0.0,0.0,0.0,0.0,0.0,0.0,0.0,0.0,0.9263481,0.0,0.0,0.0,0.0,0.0,0.0,0.0,4.974146,0.0,0.0,0.0,0.0,0.0,0.0,0.0,0.59805655,0.0,0.0,0.0,0.0,2.0993767,0.0,0.0,0.0
424,4,1,B,B,283,0.8293514,0.0,0.0,0.0,0.0,1.2466141,0.0,0.0,0.0,0.005621405,0.0,1.7109886,0.00074369507,0.0,0.0,0.0,0.0,0.0,0.0,0.0,0.0,0.0,0.0,0.0,0.0,0.9211905,0.0,0.0,0.0,0.0,0.0,0.0,0.0,1.4501915,0.0,0.0,0.0,0.0,0.0,0.0,0.0,0.42139104,0.0,0.0,0.0,0.0,1.8818551,3.1603625,0.0,0.0
425,1,2,B,A,318,0.88750136,0.0,0.0,0.0,0.0,0.0,0.0,0.01011484,0.0,5.7939485e-07,0.0,0.91610664,9.820993e-07,0.0,0.0,0.0,0.0,0.0,0.0,0.0,0.0,0.0,0.0,0.0,0.0,0.92253745,0.0,0.0,0.0,0.0,0.0,0.0,0.0,3.0223708,0.0,0.0,0.0,0.0,0.0,0.0,0.0,0.4745854,0.0,0.0,0.0,0.0,1.9124701,0.004187413,0.0,0.0
426,2,0,B,B,278,0.84705687,0.0,0.0,0.0,0.095379375,0.006144127,0.0,0.0,0.0,0.015340242,0.0,1.5085166,0.0034261015,0.0,0.0,0.0,0.0,0.0,0.0,0.0,0.0,0.0,0.0,0.0,0.0,0.92097247,0.0,0.0,0.0,0.0,0.0,0.0,0.0,0.35802054,0.0,0.0,0.0,0.0,0.0,0.0,0.0,0.43548858,0.0,0.0,0.0,0.0,1.884303,0.27113345,0.0,0.0
427,3,1,A,B,292,0.9911038,0.0,0.0,0.0,0.0,0.0,0.0,0.042776346,0.0,8.331618e-09,0.0,0.82806826,8.8748656e-08,0.0,0.0,0.0,0.0,0.0,0.0,0.0,0.0,0.0,0.0,0.0,0.0,0.92555124,0.0,0.0,0.0,0.0,0.0,0.0,0.0,4.662709,0.0,0.0,0.0,0.0,0.0,0.0,0.0,0.5670226,0.0,0.0,0.0,0.0,2.0505335,0.0004136327,0.0,0.0
428,2,0,B,B,297,0.85029227,0.0,0.0,0.0,0.09689024,2.3345678e-05,0.0,0.0,0.0,0.014405209,0.0,1.4915938,0.0036169027,0.0,0.0,0.0,0.0,0.0,0.0,0.0,0.0,0.0,0.0,0.0,0.0,0.92098653,0.0,0.0,0.0,0.0,0.0,0.0,0.0,0.39328858,0.0,0.0,0.0,0.0,0.0,0.0,0.0,0.4375482,0.0,0.0,0.0,0.0,1.8849679,0.27459002,0.0,0.0
429,2,0,B,B,269,0.8419204,0.0,0.0,0.0,0.087778814,0.0008480706,0.0,0.0,0.0,0.013159237,0.0,1.4704562,0.0032337545,0.0,0.0,0.0,0.0,0.0,0.0,0.0,0.0,0.0,0.0,0.0,0.0,0.92100555,0.0,0.0,0.0,0.0,0.0,0.0,0.0,0.4526438,0.0,0.0,0.0,0.0,0.0,0.0,0.0,0.42781898,0.0,0.0,0.0,0.0,1.8835671,0.24948208,0.0,0.0
430,3,1,B,B,304,0.8529238,0.0,0.0,0.0,0.06783119,0.052365743,0.0,0.0,0.0,0.01934982,0.0,1.5084848,0.004098632,0.0,0.0,0.0,0.0,0.0,0.0,0.0,0.0,0.0,0.0,0.0,0.0,0.92090225,0.0,0.0,0.0,0.0,0.0,0.0,0.0,0.22518165,0.0,0.0,0.0,0.0,0.0,0.0,0.0,0.43643147,0.0,0.0,0.0,0.0,1.8849331,0.36326298,0.0,0.0
431,0,1,A,A,341,0.8330101,0.0,0.0,0.0,0.0,1.0997329,0.0,0.0,0.0,0.007928099,0.0,1.8442761,0.00013678112,0.0,0.0,0.0,0.0,0.0,0.0,0.0,0.0,0.0,0.0,0.0,0.0,0.9212107,0.0,0.0,0.0,0.0,0.0,0.0,0.0,1.4658754,0.0,0.0,0.0,0.0,0.0,0.0,0.0,0.41813287,0.0,0.0,0.0,0.0,1.8821952,3.0001733,0.0,0.0
432,1,2,A,A,268,0.8319656,0.0,0.0,0.0,0.0,1.5388744,0.0,0.008238646,0.0,0.001871019,0.0,1.6302868,2.5544043e-05,0.0,0.0,0.0,0.0,0.0,0.0,0.0,0.0,0.0,0.0,0.0,0.0,0.92125493,0.0,0.0,0.0,0.0,0.0,0.0,0.0,2.0966022,0.00013523521,0.0,0.0,0.0,0.0,0.0,0.0,0.42465144,0.0,0.0,0.0,0.0020433385,1.8830059,3.5660791,0.0,0.0
433,6,1,A,B,288,1.2123556,0.0,0.0,0.0,0.0,0.0,0.0,0.061941635,0.0,0.0,0.0,0.8240236,8.8639623e-10,0.0,0.0,0.0,0.0,0.0,0.0,0.0,0.0,0.0,0.0,0.0,0.0,1.1976739,0.0,0.0,0.0,0.0,0.0,0.0,0.0,10.454215,0.0,0.0,0.0,0.0,0.0,0.0,0.0,5.313571,0.0,0.0,0.0,0.0,4.020941,0.0,0.0,0.04887935
434,2,1,A,A,331,0.93819076,0.0,0.0,0.0,0.0,0.0,0.0,0.00046517487,0.0,1.5339106e-06,0.0,1.0212798,2.8039813e-06,0.0,0.0,0.0,0.0,0.0,0.0,0.0,0.0,0.0,0.0,0.0,0.0,0.9233668,0.0,0.0,0.0,0.0,0.0,0.0,0.0,3.1718497,0.0,0.0,0.0,0.0,0.0,0.0,0.0,0.5419362,0.0,0.0,0.0,0.0,1.94359,0.0045725238,0.0,0.0
435,0,1,B,A,321,0.8709803,0.0,0.0,0.0,0.0,0.0,0.0,0.005373137,0.0,3.7237217e-07,0.0,0.97248733,5.723578e-07,0.0,0.0,0.0,0.0,0.0,0.0,0.0,0.0,0.0,0.0,0.0,0.0,0.9219892,0.0,0.0,0.0,0.0,0.0,0.0,0.0,2.5791328,0.0,0.0,0.0,0.0,0.0,0.0,0.0,0.45881355,0.0,0.0,0.0,0.0,1.8986104,0.021457471,0.0,0.0
436,0,1,B,A,339,0.8834217,0.0,0.0,0.0,0.0,0.0,0.0,0.0037287509,0.0,1.1721033e-06,0.0,0.94560397,1.6380385e-06,0.0,0.0,0.0,0.0,0.0,0.0,0.0,0.0,0.0,0.0,0.0,0.0,0.9222684,0.0,0.0,0.0,0.0,0.0,0.0,0.0,2.832662,0.0,0.0,0.0,0.0,0.0,0.0,0.0,0.47323892,0.0,0.0,0.0,0.0,1.9049224,0.005560647,0.0,0.0
437,6,1,A,B,326,1.2230891,0.0,0.0,0.0,0.0,0.0,0.0,0.05952793,0.0,0.0,0.0,0.8239933,8.388531e-10,0.0,0.0,0.0,0.0,0.0,0.0,0.0,0.0,0.0,0.0,0.0,0.0,1.1510417,0.0,0.0,0.0,0.0,0.0,0.0,0.0,11.183383,0.0,0.0,0.0,0.0,0.0,0.0,0.0,5.863696,0.0,0.0,0.0,0.0,4.437685,0.0,0.0,0.027162123
438,1,2,B,A,343,0.8983846,0.0,0.0,0.0,0.0,0.0,0.0,0.016221806,0.0,3.8616065e-07,0.0,0.9086808,5.6000243e-07,0.0,0.0,0.0,0.0,0.0,0.0,0.0,0.0,0.0,0.0,0.0,0.0,0.9226896,0.0,0.0,0.0,0.0,0.0,0.0,0.0,3.0887518,0.0,0.0,0.0,0.0,0.0,0.0,0.0,0.48853382,0.0,0.0,0.0,0.0,1.9165006,0.005421484,0.0,0.0
439,2,1,B,B,340,0.8779792,0.0,0.0,0.0,0.064939216,0.0,0.0,0.0,0.0,0.0077148457,0.0,1.5175799,0.0014527063,0.0,0.0,0.0,0.0,0.0,0.0,0.0,0.0,0.0,0.0,0.0,0.0,0.92106867,0.0,0.0,0.0,0.0,0.0,0.0,0.0,0.59371203,0.0,0.0,0.0,0.0,0.0,0.0,0.0,0.45462552,0.0,0.0,0.0,0.0,1.8901894,0.2623302,0.0,0.0
440,2,1,B,B,328,0.8718624,0.0,0.0,0.0,0.07214827,0.0,0.0,0.0,0.0,0.009618867,0.0,1.5208328,0.0020861863,0.0,0.0,0.0,0.0,0.0,0.0,0.0,0.0,0.0,0.0,0.0,0.0,0.9210408,0.0,0.0,0.0,0.0,0.0,0.0,0.0,0.5515159,0.0,0.0,0.0,0.0,0.0,0.0,0.0,0.45678893,0.0,0.0,0.0,0.0,1.889099,0.26573336,0.0,0.0
441,1,2,A,A,326,0.8290548,0.0,0.0,0.0,0.0,1.8182832,0.0,0.008244238,0.0,0.00338396,0.0,1.7975785,1.1914068e-08,0.0,0.0,0.0,0.0,0.0,0.0,0.0,0.0,0.0,0.0,0.0,0.0,0.921191,0.0,0.0,0.0,0.0,0.0,0.0,0.0,2.164801,0.0,0.0,0.0,0.0,0.0,0.0,0.0,0.4213141,0.0,0.0,0.0,0.0025249189,1.8818523,4.6076055,0.0,0.0
442,4,1,B,B,308,0.82994026,0.0,0.0,0.0,0.0,1.2707744,0.0,0.0,0.0,0.0075500906,0.0,1.6688212,0.00071499206,0.0,0.0,0.0,0.0,0.0,0.0,0.0,0.0,0.0,0.0,0.0,0.0,0.92119086,0.0,0.0,0.0,0.0,0.0,0.0,0.0,1.2390581,0.0,0.0,0.0,0.0,0.0,0.0,0.0,0.4214559,0.0,0.0,0.0,0.0,1.8818704,3.1193132,0.0,0.0
443,4,1,A,B,292,1.1028054,0.0,0.0,0.0,0.0,0.0,0.0,0.050811216,0.0,0.0,0.0,0.8253094,7.706312e-09,0.0,0.0,0.0,0.0,0.0,0.0,0.0,0.0,0.0,0.0,0.0,0.0,0.937092,0.0,0.0,0.0,0.0,0.0,0.0,0.0,6.5496993,0.0,0.0,0.0,0.0,0.0,0.0,0.0,1.2870073,0.0,0.0,0.0,0.0,2.5754697,0.0,0.0,0.0
444,3,1,B,B,275,0.84243333,0.0,0.0,0.0,0.073389165,0.031671733,0.0,0.0,0.0,0.01279705,0.0,1.471754,0.003080053,0.0,0.0,0.0,0.0,0.0,0.0,0.0,0.0,0.0,0.0,0.0,0.0,0.92104197,0.0,0.0,0.0,0.0,0.0,0.0,0.0,0.43719825,0.0,0.0,0.0,0.0,0.0,0.0,0.0,0.43089294,0.0,0.0,0.0,0.0,1.8835123,0.32060024,0.0,0.0
445,1,1,A,A,282,0.84609216,0.0,0.0,0.0,1.8697583e-05,0.5603734,0.0,3.0739247e-05,0.0,0.0019156064,0.0,1.5231503,9.933376e-05,0.0,0.0,0.0,0.0,0.0,0.0,0.0,0.0,0.0,0.0,0.0,0.0,0.92130286,0.0,0.0,0.0,0.0,0.0,0.0,0.0,1.7977192,0.0,0.0,0.0,0.0,0.0,0.0,0.0,0.42672023,0.0,0.0,0.0,0.0,1.88496,1.4818343,0.0,0.0
446,2,0,A,A,281,0.98146254,0.0,0.0,0.0,0.0,0.0,0.0,0.025582924,0.0,4.515765e-08,0.0,0.8300109,1.3839467e-07,0.0,0.0,0.0,0.0,0.0,0.0,0.0,0.0,0.0,0.0,0.0,0.0,0.9248104,0.0,0.0,0.0,0.0,0.0,0.0,0.0,4.636234,0.0,0.0,0.0,0.0,0.0,0.0,0.0,0.57004005,0.0,0.0,0.0,0.0,2.034969,0.002121647,0.0,0.0
447,4,1,B,B,276,0.8294539,0.0,0.0,0.0,0.0,1.2220274,0.0,0.0,0.0,0.004816522,0.0,1.6182245,0.0005825775,0.0,0.0,0.0,0.0,0.0,0.0,0.0,0.0,0.0,0.0,0.0,0.0,0.921194,0.0,0.0,0.0,0.0,0.0,0.0,0.0,1.2790753,0.0,0.0,0.0,0.0,0.0,0.0,0.0,0.42148682,0.0,0.0,0.0,0.0,1.8818927,2.877353,0.0,0.0
448,1,1,A,A,291,0.8768237,0.0,0.0,0.0,0.00050977775,0.04941104,0.0,0.0,0.0,0.00018795744,0.0,1.3297108,4.8675674e-06,0.0,0.0,0.0,0.0,0.0,0.0,0.0,0.0,0.0,0.0,0.0,0.0,0.92145956,0.0,0.0,0.0,0.0,0.0,0.0,0.0,1.3304622,0.0,0.0,0.0,0.0,0.0,0.0,0.0,0.4637401,0.0,0.0,0.0,0.0,1.8941809,0.20098473,0.0,0.0
449,1,1,B,A,303,0.8678817,0.0,0.0,0.0,0.00023173142,0.0,0.0,0.00019940446,0.0,3.1339136e-05,0.0,1.2302824,5.850995e-06,0.0,0.0,0.0,0.0,0.0,0.0,0.0,0.0,0.0,0.0,0.0,0.0,0.9215044,0.0,0.0,0.0,0.0,0.0,0.0,0.0,1.6715531,0.0,0.0,0.0,0.0,0.0,0.0,0.0,0.45037183,0.0,0.0,0.0,0.0,1.891873,0.12660156,0.0,0.0
450,2,0,A,B,262,0.9588878,0.0,0.0,0.0,0.0,0.0,0.0,0.030457908,0.0,1.5763996e-08,0.0,0.82578826,3.161546e-08,0.0,0.0,0.0,0.0,0.0,0.0,0.0,0.0,0.0,0.0,0.0,0.0,0.9247047,0.0,0.0,0.0,0.0,0.0,0.0,0.0,4.4582353,0.0,0.0,0.0,0.0,0.0,0.0,0.0,0.54463667,0.0,0.0,0.0,0.0,2.010681,6.80609e-05,0.0,0.0
451,1,1,A,A,286,0.86971784,0.0,0.0,0.0,5.0523115e-05,0.3728865,0.0,4.0118714e-05,0.0,0.0019932275,0.0,1.483903,0.00010696499,0.0,0.0,0.0,0.0,0.0,0.0,0.0,0.0,0.0,0.0,0.0,0.0,0.9213488,0.0,0.0,0.0,0.0,0.0,0.0,0.0,1.3977771,0.0,0.0,0.0,0.0,0.0,0.0,0.0,0.44186744,0.0,0.0,0.0,0.0,1.8909932,1.0052183,0.0,0.0
452,10,1,A,B,270,1.4545305,0.0,0.0,0.0,0.0,0.0,0.0,0.02628696,0.0,0.0,0.0,0.8235521,0.0,0.0,0.0,0.0,0.0,0.0,0.0,0.0,0.0,0.0,0.0,0.0,0.0,2.5165262,0.0,0.0,0.0,0.0,0.0,0.0,0.0,26.840332,0.0,0.0,0.0,0.0,0.0,0.0,0.0,11.5957775,0.0,0.0,0.0,0.0,6.30949,0.0,0.0,3.0905235
453,2,1,A,A,259,0.8750657,0.0,0.0,0.0,0.0,0.0,0.0,0.019336063,0.0,4.690222e-06,0.0,0.8592215,7.960044e-06,0.0,0.0,0.0,0.0,0.0,0.0,0.0,0.0,0.0,0.0,0.0,0.0,0.9222296,0.0,0.0,0.0,0.0,0.0,0.0,0.0,3.322477,0.0,0.0,0.0,0.0,0.0,0.0,0.0,0.46718922,0.0,0.0,0.0,0.0,1.9096544,0.0035932031,0.0,0.0
454,2,1,A,B,334,0.9141094,0.0,0.0,0.0,0.0,0.0,0.0,0.011032275,0.0,6.964641e-07,0.0,0.9201567,8.828345e-07,0.0,0.0,0.0,0.0,0.0,0.0,0.0,0.0,0.0,0.0,0.0,0.0,0.92310125,0.0,0.0,0.0,0.0,0.0,0.0,0.0,3.1910365,0.0,0.0,0.0,0.0,0.0,0.0,0.0,0.5133755,0.0,0.0,0.0,0.0,1.9322433,0.004243795,0.0,0.0
455,4,1,B,B,308,0.8304618,0.0,0.0,0.0,0.0,1.2302852,0.0,0.0,0.0,0.008406782,0.0,1.604992,0.000771187,0.0,0.0,0.0,0.0,0.0,0.0,0.0,0.0,0.0,0.0,0.0,0.0,0.92119044,0.0,0.0,0.0,0.0,0.0,0.0,0.0,1.1136355,0.0,0.0,0.0,0.0,0.0,0.0,0.0,0.42159653,0.0,0.0,0.0,0.0,1.8818955,2.917212,0.0,0.0
456,10,1,A,B,282,1.5390319,0.0,0.0,0.0,0.0,0.0,0.0,0.026270173,0.0,0.0,0.0,0.8235632,0.0,0.0,0.0,0.0,0.0,0.0,0.0,0.0,0.0,0.0,0.0,0.0,0.0,2.638625,0.0,0.0,0.0,0.0,0.0,0.0,0.0,28.395073,0.0,0.0,0.0,0.0,0.0,0.0,0.0,11.542119,0.0,0.0,0.0,0.0,6.0513363,0.0,0.0,3.4634182
457,0,1,A,A,299,0.8303021,0.0,0.0,0.0,0.0,1.2605723,0.0,0.0,0.0,0.004481526,0.0,1.7532938,0.00028918794,0.0,0.0,0.0,0.0,0.0,0.0,0.0,0.0,0.0,0.0,0.0,0.0,0.9212011,0.0,0.0,0.0,0.0,0.0,0.0,0.0,1.5910034,0.0,0.0,0.0,0.0,0.0,0.0,0.0,0.42153564,0.0,0.0,0.0,0.0,1.8820634,3.251187,0.0,0.0
458,10,1,B,B,261,0.8287346,0.0,0.0,0.0,0.0,2.7248495,0.0,0.004197228,0.33098778,0.0,0.0,2.2391003e-15,1.531358e-25,0.0,0.0,0.0,0.0,0.0,0.0,0.0,0.0,0.0,0.0,0.62503153,0.0,0.92119044,0.0,0.0,0.0,0.0,0.0,0.0,0.0,3.4536743,0.76844805,0.0,0.0,0.0,0.0,0.0,0.0,0.42048287,0.0,0.0,0.0,0.0033857368,1.8818203,0.0011763559,0.0,0.5301587
459,3,1,B,B,270,0.84354407,0.0,0.0,0.0,0.070409,0.054607324,0.0,0.0,0.0,0.013670821,0.0,1.5024304,0.0025608912,0.0,0.0,0.0,0.0,0.0,0.0,0.0,0.0,0.0,0.0,0.0,0.0,0.9210268,0.0,0.0,0.0,0.0,0.0,0.0,0.0,0.3519855,0.0,0.0,0.0,0.0,0.0,0.0,0.0,0.42976478,0.0,0.0,0.0,0.0,1.883456,0.40862542,0.0,0.0
460,2,1,A,A,325,0.95571786,0.0,0.0,0.0,0.0,0.0,0.0,0.021371994,0.0,5.130242e-07,0.0,0.85619617,8.491725e-07,0.0,0.0,0.0,0.0,0.0,0.0,0.0,0.0,0.0,0.0,0.0,0.0,0.92430145,0.0,0.0,0.0,0.0,0.0,0.0,0.0,3.87948,0.0,0.0,0.0,0.0,0.0,0.0,0.0,0.5533577,0.0,0.0,0.0,0.0,1.9816298,0.0034905917,0.0,0.0
461,10,1,A,B,314,1.5236375,0.0,0.0,0.0,0.0,0.0,0.0,0.026310502,0.0,0.0,0.0,0.8235597,0.0,0.0,0.0,0.0,0.0,0.0,0.0,0.0,0.0,0.0,0.0,0.0,0.0,2.5363016,0.0,0.0,0.0,0.0,0.0,0.0,0.0,27.191757,0.0,0.0,0.0,0.0,0.0,0.0,0.0,10.499264,0.0,0.0,0.0,0.0,6.141542,0.0,0.0,3.222535
462,2,0,B,B,315,0.86098474,0.0,0.0,0.0,0.08161789,0.019116981,0.0,0.0,0.0,0.02216552,0.0,1.5199056,0.004562068,0.0,0.0,0.0,0.0,0.0,0.0,0.0,0.0,0.0,0.0,0.0,0.0,0.92078567,0.0,0.0,0.0,0.0,0.0,0.0,0.0,0.15912911,0.0,0.0,0.0,0.0,0.0,0.0,0.0,0.4416998,0.0,0.0,0.0,0.0,1.8861247,0.30548415,0.0,0.0
463,1,2,B,A,278,0.8667564,0.0,0.0,0.0,0.0,0.0,0.0,0.017610788,0.0,1.0872061e-07,0.0,0.881946,1.5272357e-07,0.0,0.0,0.0,0.0,0.0,0.0,0.0,0.0,0.0,0.0,0.0,0.0,0.9220305,0.0,0.0,0.0,0.0,0.0,0.0,0.0,3.0318983,0.0,0.0,0.0,0.0,0.0,0.0,0.0,0.45249912,0.0,0.0,0.0,0.0,1.9002799,0.0031020725,0.0,0.0
464,1,1,B,A,347,0.8945686,0.0,0.0,0.0,0.0005275588,0.0,0.0,0.0,0.0,3.1607175e-05,0.0,1.2881733,5.3402387e-06,0.0,0.0,0.0,0.0,0.0,0.0,0.0,0.0,0.0,0.0,0.0,0.0,0.92170244,0.0,0.0,0.0,0.0,0.0,0.0,0.0,1.6027391,0.0,0.0,0.0,0.0,0.0,0.0,0.0,0.47678006,0.0,0.0,0.0,0.0,1.8992333,0.121152855,0.0,0.0
465,2,1,B,B,296,0.8604837,0.0,0.0,0.0,0.069564745,0.0,0.0,0.0,0.0,0.008866817,0.0,1.5060829,0.0022177368,0.0,0.0,0.0,0.0,0.0,0.0,0.0,0.0,0.0,0.0,0.0,0.0,0.92104447,0.0,0.0,0.0,0.0,0.0,0.0,0.0,0.584561,0.0,0.0,0.0,0.0,0.0,0.0,0.0,0.44219553,0.0,0.0,0.0,0.0,1.8869532,0.2624922,0.0,0.0
466,3,1,B,B,323,0.85768235,0.0,0.0,0.0,0.032843664,0.17151485,0.0,0.0,0.0,0.025155704,0.0,1.5282657,0.0044661416,0.0,0.0,0.0,0.0,0.0,0.0,0.0,0.0,0.0,0.0,0.0,0.0,0.92082655,0.0,0.0,0.0,0.0,0.0,0.0,0.0,0.22534706,0.0,0.0,0.0,0.0,0.0,0.0,0.0,0.44070378,0.0,0.0,0.0,0.0,1.8849124,0.61104584,0.0,0.0
467,0,1,B,A,306,0.86911464,0.0,0.0,0.0,0.0,0.0,0.0,0.0069817686,0.0,4.4697907e-07,0.0,0.9456146,5.5322226e-07,0.0,0.0,0.0,0.0,0.0,0.0,0.0,0.0,0.0,0.0,0.0,0.0,0.92202425,0.0,0.0,0.0,0.0,0.0,0.0,0.0,2.6889439,0.0,0.0,0.0,0.0,0.0,0.0,0.0,0.4561262,0.0,0.0,0.0,0.0,1.8992995,0.021897068,0.0,0.0
468,0,1,A,A,309,0.8332091,0.0,0.0,0.0,0.0,1.0947737,0.0,0.0,0.0,0.0059446525,0.0,1.7249707,0.00027752703,0.0,0.0,0.0,0.0,0.0,0.0,0.0,0.0,0.0,0.0,0.0,0.0,0.9212439,0.0,0.0,0.0,0.0,0.0,0.0,0.0,1.4429626,0.0,0.0,0.0,0.0,0.0,0.0,0.0,0.4203117,0.0,0.0,0.0,0.0,1.8828844,2.8637097,0.0,0.0
469,2,1,B,B,344,0.9217315,0.0,0.0,0.0,0.06208434,0.0,0.0,0.0,0.0,0.010721156,0.0,1.5598598,0.001652402,0.0,0.0,0.0,0.0,0.0,0.0,0.0,0.0,0.0,0.0,0.0,0.0,0.92102873,0.0,0.0,0.0,0.0,0.0,0.0,0.0,0.56753236,0.0,0.0,0.0,0.0,0.0,0.0,0.0,0.4938012,0.0,0.0,0.0,0.0,1.9002935,0.24872284,0.0,0.0
470,10,1,B,B,263,0.8287429,0.0,0.0,0.0,0.0,2.7856214,0.0,0.003104976,0.3109774,0.0,0.0,2.4977195e-08,2.1985447e-18,0.0,0.0,0.0,0.0,0.0,0.0,0.0,0.0,0.0,0.0,0.6581325,0.0,0.92119044,0.0,0.0,0.0,0.0,0.0,0.0,0.0,3.3721735,0.67729676,0.0,0.0,0.0,0.0,0.0,0.0,0.42112705,0.0,0.0,0.0,0.0032864362,1.8818208,0.0030359803,0.0,0.5208967
471,3,1,A,B,279,1.0044699,0.0,0.0,0.0,0.0,0.0,0.0,0.03226472,0.0,8.434069e-09,0.0,0.8258284,2.7783399e-08,0.0,0.0,0.0,0.0,0.0,0.0,0.0,0.0,0.0,0.0,0.0,0.0,0.92674196,0.0,0.0,0.0,0.0,0.0,0.0,0.0,4.856689,0.0,0.0,0.0,0.0,0.0,0.0,0.0,0.57876843,0.0,0.0,0.0,0.0,2.0916386,0.00019290064,0.0,0.0
472,1,1,B,B,266,0.847657,0.0,0.0,0.0,0.0,0.0,0.0,0.0058681546,0.0,1.20508985e-05,0.0,1.0143266,9.728232e-06,0.0,0.0,0.0,0.0,0.0,0.0,0.0,0.0,0.0,0.0,0.0,0.0,0.92151237,0.0,0.0,0.0,0.0,0.0,0.0,0.0,2.2689009,0.0,0.0,0.0,0.0,0.0,0.0,0.0,0.4320775,0.0,0.0,0.0,0.0,1.8884679,0.08110812,0.0,0.0
473,0,1,B,A,275,0.86692816,0.0,0.0,0.0,0.0,0.0,0.0,0.0121034505,0.0,1.0038564e-06,0.0,0.90850294,1.4707609e-06,0.0,0.0,0.0,0.0,0.0,0.0,0.0,0.0,0.0,0.0,0.0,0.0,0.92205644,0.0,0.0,0.0,0.0,0.0,0.0,0.0,2.8921232,0.0,0.0,0.0,0.0,0.0,0.0,0.0,0.45208055,0.0,0.0,0.0,0.0,1.9011837,0.009359635,0.0,0.0
474,2,0,B,B,293,0.85212433,0.0,0.0,0.0,0.09664588,0.0025074503,0.0,0.0,0.0,0.020191416,0.0,1.5142691,0.0043507186,0.0,0.0,0.0,0.0,0.0,0.0,0.0,0.0,0.0,0.0,0.0,0.0,0.9208684,0.0,0.0,0.0,0.0,0.0,0.0,0.0,0.21468681,0.0,0.0,0.0,0.0,0.0,0.0,0.0,0.43918157,0.0,0.0,0.0,0.0,1.8849727,0.26920664,0.0,0.0
475,1,1,A,A,342,0.9331913,0.0,0.0,0.0,0.0016076438,0.17306983,0.0,0.0,0.0,0.0014965533,0.0,1.4628261,1.3921922e-05,0.0,0.0,0.0,0.0,0.0,0.0,0.0,0.0,0.0,0.0,0.0,0.0,0.9217973,0.0,0.0,0.0,0.0,0.0,0.0,0.0,1.2109141,0.0,0.0,0.0,0.0,0.0,0.0,0.0,0.5111048,0.0,0.0,0.0,0.0,1.9121448,0.53265256,0.0,0.0
476,0,1,B,A,297,0.8627207,0.0,0.0,0.0,0.0,0.0,0.0,0.0046311333,0.0,5.321796e-07,0.0,0.9605966,5.5451295e-07,0.0,0.0,0.0,0.0,0.0,0.0,0.0,0.0,0.0,0.0,0.0,0.0,0.92181695,0.0,0.0,0.0,0.0,0.0,0.0,0.0,2.6435845,0.0,0.0,0.0,0.0,0.0,0.0,0.0,0.44953763,0.0,0.0,0.0,0.0,1.8947892,0.012931246,0.0,0.0
477,0,1,B,A,261,0.8515589,0.0,0.0,0.0,0.0,0.0,0.0,0.020152511,0.0,9.84903e-08,0.0,0.8956944,1.3408652e-07,0.0,0.0,0.0,0.0,0.0,0.0,0.0,0.0,0.0,0.0,0.0,0.0,0.921666,0.0,0.0,0.0,0.0,0.0,0.0,0.0,2.8081973,0.0,0.0,0.0,0.0,0.0,0.0,0.0,0.43620813,0.0,0.0,0.0,0.0,1.891426,0.003411767,0.0,0.0
478,2,1,A,B,330,0.9285447,0.0,0.0,0.0,0.0,0.0,0.0,0.013133577,0.0,6.307353e-07,0.0,0.93390435,8.196691e-07,0.0,0.0,0.0,0.0,0.0,0.0,0.0,0.0,0.0,0.0,0.0,0.0,0.9234432,0.0,0.0,0.0,0.0,0.0,0.0,0.0,3.2525506,0.0,0.0,0.0,0.0,0.0,0.0,0.0,0.52712536,0.0,0.0,0.0,0.0,1.9481386,0.0042626173,0.0,0.0
479,0,1,A,A,342,0.8300497,0.0,0.0,0.0,0.0,1.3772548,0.0,0.0,0.0,0.0059379,0.0,1.8593163,0.00018901832,0.0,0.0,0.0,0.0,0.0,0.0,0.0,0.0,0.0,0.0,0.0,0.0,0.92119527,0.0,0.0,0.0,0.0,0.0,0.0,0.0,1.6456294,0.0,0.0,0.0,0.0,0.0,0.0,0.0,0.4258759,0.0,0.0,0.0,0.0,1.8819327,3.6097238,0.0,0.0
480,4,1,A,B,332,1.1036725,0.0,0.0,0.0,0.0,0.0,0.0,0.035762552,0.0,1.3878395e-09,0.0,0.83104515,4.35462e-08,0.0,0.0,0.0,0.0,0.0,0.0,0.0,0.0,0.0,0.0,0.0,0.0,0.93841636,0.0,0.0,0.0,0.0,0.0,0.0,0.0,6.78719,0.0,0.0,0.0,0.0,0.0,0.0,0.0,1.7111973,0.0,0.0,0.0,0.0,2.6784518,0.0019006506,0.0,0.0
481,0,1,A,A,316,0.8298106,0.0,0.0,0.0,0.0,1.2819836,0.0,0.0,0.0,0.00565742,0.0,1.7829257,0.00023750334,0.0,0.0,0.0,0.0,0.0,0.0,0.0,0.0,0.0,0.0,0.0,0.0,0.92119336,0.0,0.0,0.0,0.0,0.0,0.0,0.0,1.5106832,0.0,0.0,0.0,0.0,0.0,0.0,0.0,0.42039573,0.0,0.0,0.0,0.0,1.881865,3.3080575,0.0,0.0
482,6,1,B,B,315,0.82880926,0.0,0.0,0.0,0.0,2.6089246,0.0,0.0058977418,0.071365386,4.3700934e-06,0.0,1.3741766,0.00019104999,0.0,0.0,0.0,0.0,0.0,0.0,0.0,0.0,0.0,0.0,0.0,0.0,0.92119086,0.0,0.0,0.0,0.0,0.0,0.0,0.0,3.2772477,0.08772823,0.0,0.0,0.0,0.0,0.0,0.0,0.4254581,0.0,0.0026090008,0.0,0.74346864,1.8818358,6.1754193,0.0,0.0
483,2,1,A,B,280,0.88379514,0.0,0.0,0.0,0.0,0.0,0.0,0.017193861,0.0,7.6399175e-07,0.0,0.8870259,9.732657e-07,0.0,0.0,0.0,0.0,0.0,0.0,0.0,0.0,0.0,0.0,0.0,0.0,0.9224575,0.0,0.0,0.0,0.0,0.0,0.0,0.0,3.0897033,0.0,0.0,0.0,0.0,0.0,0.0,0.0,0.47708386,0.0,0.0,0.0,0.0,1.9139609,0.004378025,0.0,0.0
484,6,1,B,B,304,0.8287406,0.0,0.0,0.0,0.0,2.6111658,0.0,0.010247405,0.07170448,6.428302e-06,0.0,1.4209507,0.00018228611,0.0,0.0,0.0,0.0,0.0,0.0,0.0,0.0,0.0,0.0,0.0,0.0,0.92119044,0.0,0.0,0.0,0.0,0.0,0.0,0.0,3.2958517,0.032311883,0.0,0.0,0.0,0.0,0.0,0.0,0.42537686,0.0,0.0021229775,0.0,0.7201227,1.8818206,6.2665195,0.0,0.0
485,4,1,A,B,346,1.1206462,0.0,0.0,0.0,0.0,0.0,0.0,0.05743237,0.0,0.0,0.0,0.82538325,3.739732e-09,0.0,0.0,0.0,0.0,0.0,0.0,0.0,0.0,0.0,0.0,0.0,0.0,0.9408284,0.0,0.0,0.0,0.0,0.0,0.0,0.0,6.7837563,0.0,0.0,0.0,0.0,0.0,0.0,0.0,1.3639041,0.0,0.0,0.0,0.0,2.6418295,0.0,0.0,0.0
486,1,1,B,A,345,0.8844966,0.0,0.0,0.0,0.0,0.0,0.0,0.00047295127,0.0,1.0883677e-05,0.0,1.2754414,4.2202214e-06,0.0,0.0,0.0,0.0,0.0,0.0,0.0,0.0,0.0,0.0,0.0,0.0,0.9216595,0.0,0.0,0.0,0.0,0.0,0.0,0.0,1.5231681,0.0,0.0,0.0,0.0,0.0,0.0,0.0,0.46804622,0.0,0.0,0.0,0.0,1.8963488,0.15148278,0.0,0.0
487,6,1,B,B,353,0.8287964,0.0,0.0,0.0,0.0,2.7309847,0.0,0.0,0.20122135,3.4724977e-05,0.0,1.3255072,0.00032635982,0.0,0.0,0.0,0.0,0.0,0.0,0.0,0.0,0.0,0.0,0.0,0.0,0.9211905,0.0,0.0,0.0,0.0,0.0,0.0,0.0,3.4829724,0.11072976,0.0,0.0,0.0,0.0,0.0,0.0,0.42544183,0.0,0.0042474773,0.0,0.9197139,1.881831,6.45341,0.0,0.0
488,0,1,B,A,297,0.8733219,0.0,0.0,0.0,0.0,0.0,0.0,0.0032656852,0.0,3.505685e-07,0.0,0.9430907,4.3410125e-07,0.0,0.0,0.0,0.0,0.0,0.0,0.0,0.0,0.0,0.0,0.0,0.0,0.9220602,0.0,0.0,0.0,0.0,0.0,0.0,0.0,2.897562,0.0,0.0,0.0,0.0,0.0,0.0,0.0,0.46041763,0.0,0.0,0.0,0.0,1.901261,0.0035688037,0.0,0.0
489,3,1,B,B,303,0.85226595,0.0,0.0,0.0,0.045941487,0.16023971,0.0,0.0,0.0,0.018104104,0.0,1.575186,0.0022770376,0.0,0.0,0.0,0.0,0.0,0.0,0.0,0.0,0.0,0.0,0.0,0.0,0.92103267,0.0,0.0,0.0,0.0,0.0,0.0,0.0,0.25623778,0.0,0.0,0.0,0.0,0.0,0.0,0.0,0.43259814,0.0,0.0,0.0,0.0,1.8839772,0.66341645,0.0,0.0
490,0,1,B,A,303,0.8647709,0.0,0.0,0.0,0.0,0.0,0.0,0.008281324,0.0,3.4986576e-07,0.0,0.95562166,3.2848595e-07,0.0,0.0,0.0,0.0,0.0,0.0,0.0,0.0,0.0,0.0,0.0,0.0,0.92187303,0.0,0.0,0.0,0.0,0.0,0.0,0.0,2.6367712,0.0,0.0,0.0,0.0,0.0,0.0,0.0,0.4516296,0.0,0.0,0.0,0.0,1.895978,0.018992621,0.0,0.0
491,6,1,A,B,303,1.2004435,0.0,0.0,0.0,0.0,0.0,0.0,0.057340328,0.0,0.0,0.0,0.82365686,1.7493985e-09,0.0,0.0,0.0,0.0,0.0,0.0,0.0,0.0,0.0,0.0,0.0,0.0,1.1417,0.0,0.0,0.0,0.0,0.0,0.0,0.0,9.956479,0.0010834077,0.0,0.0,0.0,0.0,0.0,0.0,4.613231,0.0,0.0,0.0,0.0,3.9930322,0.0,0.0,0.032049596
492,1,1,B,A,355,0.9071702,0.0,0.0,0.0,0.0006071748,0.0,0.0,0.0014502779,0.0,2.3600745e-05,0.0,1.2937115,4.4983835e-06,0.0,0.0,0.0,0.0,0.0,0.0,0.0,0.0,0.0,0.0,0.0,0.0,0.922061,0.0,0.0,0.0,0.0,0.0,0.0,0.0,1.7168981,0.0,0.0,0.0,0.0,0.0,0.0,0.0,0.48884594,0.0,0.0,0.0,0.0,1.9073501,0.090202264,0.0,0.0
493,2,0,A,B,345,0.9967197,0.0,0.0,0.0,0.0,0.0,0.0,0.025367785,0.0,4.3452692e-07,0.0,0.8388571,8.3965875e-07,0.0,0.0,0.0,0.0,0.0,0.0,0.0,0.0,0.0,0.0,0.0,0.0,0.9248078,0.0,0.0,0.0,0.0,0.0,0.0,0.0,4.4159822,0.0,0.0,0.0,0.0,0.0,0.0,0.0,0.59631896,0.0,0.0,0.0,0.0,2.034222,0.002852664,0.0,0.0
494,2,0,A,A,354,1.0056702,0.0,0.0,0.0,0.0,0.0,0.0,0.024753535,0.0,2.7598267e-08,0.0,0.8322187,3.6221866e-08,0.0,0.0,0.0,0.0,0.0,0.0,0.0,0.0,0.0,0.0,0.0,0.0,0.92484635,0.0,0.0,0.0,0.0,0.0,0.0,0.0,4.507644,0.0,0.0,0.0,0.0,0.0,0.0,0.0,0.6095309,0.0,0.0,0.0,0.0,2.038939,0.0008090258,0.0,0.0
495,1,2,A,A,286,0.82941186,0.0,0.0,0.0,0.0,1.804615,0.0,0.012087932,0.0,0.0019651821,0.0,1.7684091,2.0514143e-08,0.0,0.0,0.0,0.0,0.0,0.0,0.0,0.0,0.0,0.0,0.0,0.0,0.9212029,0.0,0.0,0.0,0.0,0.0,0.0,0.0,2.1538408,0.0,0.0,0.0,0.0,0.0,0.0,0.0,0.4260882,0.0,0.0,0.0,0.003288155,1.8820202,4.4837418,0.0,0.0
496,2,1,B,A,332,0.88603264,0.0,0.0,0.0,0.054755684,0.0,0.0,0.0,0.0,0.009451972,0.0,1.5222459,0.0017190183,0.0,0.0,0.0,0.0,0.0,0.0,0.0,0.0,0.0,0.0,0.0,0.0,0.9211075,0.0,0.0,0.0,0.0,0.0,0.0,0.0,0.63815093,0.0,0.0,0.0,0.0,0.0,0.0,0.0,0.45829543,0.0,0.0,0.0,0.0,1.8929813,0.24660173,0.0,0.0
497,2,1,A,A,319,0.9336791,0.0,0.0,0.0,0.0,0.0,0.0,0.019100005,0.0,5.994831e-07,0.0,0.874878,8.3752514e-07,0.0,0.0,0.0,0.0,0.0,0.0,0.0,0.0,0.0,0.0,0.0,0.0,0.9235322,0.0,0.0,0.0,0.0,0.0,0.0,0.0,3.6084185,0.0,0.0,0.0,0.0,0.0,0.0,0.0,0.5329529,0.0,0.0,0.0,0.0,1.9558879,0.006793522,0.0,0.0
498,1,1,A,A,320,0.8630543,0.0,0.0,0.0,8.58387e-05,0.4865213,0.0,0.0,0.0,0.002775384,0.0,1.5645645,7.0672303e-07,0.0,0.0,0.0,0.0,0.0,0.0,0.0,0.0,0.0,0.0,0.0,0.0,0.92125803,0.0,0.0,0.0,0.0,0.0,0.0,0.0,1.433276,0.0,0.0,0.0,0.0,0.0,0.0,0.0,0.43221143,0.0,0.0,0.0,0.0,1.8864828,1.3846164,0.0,0.0
499,1,2,A,A,316,0.8294237,0.0,0.0,0.0,0.0,1.529367,0.0,0.0,0.0,0.004770437,0.0,1.6477733,0.0002482567,0.0,0.0,0.0,0.0,0.0,0.0,0.0,0.0,0.0,0.0,0.0,0.0,0.9211903,0.0,0.0,0.0,0.0,0.0,0.0,0.0,1.7512577,0.0,0.0,0.0,0.0,0.0,0.0,0.0,0.42126954,0.0,0.0,0.0,0.0015620211,1.8818412,3.7262669,0.0,0.0
500,1,2,B,A,314,0.8918428,0.0,0.0,0.0,0.0,0.0,0.0,0.0069434876,0.0,1.1887641e-07,0.0,0.98338366,1.35083e-07,0.0,0.0,0.0,0.0,0.0,0.0,0.0,0.0,0.0,0.0,0.0,0.0,0.92235893,0.0,0.0,0.0,0.0,0.0,0.0,0.0,2.8101883,0.0,0.0,0.0,0.0,0.0,0.0,0.0,0.47921097,0.0,0.0,0.0,0.0,1.9100043,0.0028611158,0.0,0.0
