trial,n_B,n_A,juice_left,chosen_juice,n_steps,unit_00,unit_01,unit_02,unit_03,unit_04,unit_05,unit_06,unit_07,unit_08,unit_09,unit_10,unit_11,unit_12,unit_13,unit_14,unit_15,unit_16,unit_17,unit_18,unit_19,unit_20,unit_21,unit_22,unit_23,unit_24,unit_25,unit_26,unit_27,unit_28,unit_29,unit_30,unit_31,unit_32,unit_33,unit_34,unit_35,unit_36,unit_37,unit_38,unit_39,unit_40,unit_41,unit_42,unit_43,unit_44,unit_45,unit_46,unit_47,unit_48,unit_49
1,3,1,A,B,278,0.4572643,-0.007383855,0.90036416,8.313557e-05,4.8831663e-07,0.00020528851,-0.17351536,0.00043595853,0.8979229,6.8839686e-06,1.7537619e-05,-7.4135896e-05,0.0002623661,0.0018820782,7.9637364e-05,0.0020798242,0.0,0.0110255815,0.006165502,-0.003881894,-0.009290936,-0.89273435,-0.89364564,-0.88721025,9.842231e-06,-0.054782674,-0.89974654,0.049392223,-0.0023777606,0.00082726486,-0.00036166777,6.4795113e-06,-5.1676972e-05,0.0,0.0,0.025269797,-0.0026592417,0.88800466,-0.0022009178,5.568274e-05,0.0023963114,-0.91115385,0.066638246,-0.0012065227,-8.862017e-05,-0.6313768,0.007213343,0.16283333,0.002800002,0.024163615
2,6,1,B,B,274,-0.34956765,-0.007364741,0.8979059,8.3164334e-05,4.8869197e-07,0.0002051465,-0.17351528,0.0004358516,0.8950869,6.881046e-06,1.7537619e-05,-7.352576e-05,0.00026236186,0.0018696372,7.962836e-05,0.0020632755,0.0,0.011022402,0.006164462,-0.0038790365,-0.009289952,-0.8902974,-0.89118785,-0.88490754,9.7383045e-06,-0.054728623,-0.8972752,0.049376816,-0.002377757,0.0008191959,-0.0003606136,6.439011e-06,-5.1482824e-05,0.0,0.0,0.025147684,-0.0026568973,0.88570845,-0.0022004375,5.5223452e-05,0.002385021,-0.90882957,0.06663813,-0.0012076637,-8.833101e-05,0.9818739,0.0072045554,-0.94269556,0.0027998143,0.02408587
3,10,1,B,B,269,-0.777041,-0.0073392713,0.90552735,8.314579e-05,4.8712974e-07,0.0002049501,-0.17351298,0.00043569953,0.9026917,6.876952e-06,1.7537619e-05,-7.274103e-05,0.00026235534,0.0018535816,7.961531e-05,0.0020419974,0.0,0.011017901,0.0061629834,-0.0038751133,-0.00928852,-0.8978843,-0.8988316,-0.89210594,9.605837e-06,-0.0546547,-0.90493584,0.049362708,-0.0023777382,0.0008088733,-0.0003592151,6.3864804e-06,-5.122723e-05,0.0,0.0,0.024987958,-0.0026536766,0.8928871,-0.0021997525,5.4634693e-05,0.0023705994,-0.9153459,0.06663794,-0.0011676196,-8.7973305e-05,0.9975883,0.007192591,-0.99566734,0.002799538,0.02398295
4,2,1,B,A,332,0.29577312,-0.0075590443,0.88906866,8.323512e-05,4.995643e-07,0.00020635195,-0.17351976,0.0004366532,0.8865551,6.904407e-06,1.7537619e-05,-8.105483e-05,0.0002623858,0.0020164642,7.969031e-05,0.0022661388,0.0,0.011046694,0.0061719115,-0.0039034158,-0.009296691,-0.8815869,-0.8823958,-0.8767279,1.1084897e-05,-0.055208348,-0.88839424,0.04943162,-0.0023777958,0.0009221567,-0.00037152084,6.9140488e-06,-5.357235e-05,0.0,0.0,0.02651831,-0.0026774248,0.8775484,-0.0022039937,6.086569e-05,0.0025077364,-0.9013751,0.06663866,-0.0013712929,-9.104249e-05,0.17389624,0.0072848364,-0.23481813,0.0028010372,0.024902835
5,3,1,A,B,342,0.42144793,-0.0075791697,0.90096015,8.322016e-05,5.001397e-07,0.00020644277,-0.17351784,0.00043670007,0.8984885,6.9059697e-06,1.7537619e-05,-8.210047e-05,0.00026238646,0.0020357238,7.969331e-05,0.0022941218,0.0,0.0110481735,0.006172323,-0.003905306,-0.009297014,-0.89333254,-0.8942463,-0.88778144,1.1285223e-05,-0.05524786,-0.90034455,0.04943526,-0.0023777874,0.00093712506,-0.00037268468,6.975456e-06,-5.3809927e-05,0.0,0.0,0.02668416,-0.002679064,0.88857484,-0.0022041968,6.164989e-05,0.0025225608,-0.9116818,0.0666389,-0.0013241123,-9.133663e-05,-0.4711686,0.0072917617,0.07192438,0.0028010907,0.024992114
6,1,2,A,A,347,0.053401574,-0.00758821,0.9004355,8.3261526e-05,5.0209076e-07,0.00020648105,-0.1735179,0.000436719,0.89771676,6.906616e-06,1.7537619e-05,-8.260003e-05,0.0002623867,0.0020447501,7.969447e-05,0.0023074448,0.0,0.011048773,0.006172478,-0.003906095,-0.009297139,-0.8928128,-0.89372236,-0.88729113,1.13822425e-05,-0.05526475,-0.899817,0.049431846,-0.0023777885,0.00094435236,-0.0003732101,7.0043216e-06,-5.391851e-05,0.0,0.0,0.026761096,-0.0026797631,0.88808596,-0.002204278,6.2022445e-05,0.002528998,-0.91114163,0.06663891,-0.0013335969,-9.144762e-05,0.831291,0.0072947615,-0.64834696,0.0028011117,0.02503265
7,2,0,B,B,297,0.2066758,-0.0074612014,0.8883351,8.320902e-05,4.938973e-07,0.00020581379,-0.17351905,0.00043632858,0.88574266,6.894441e-06,1.7537619e-05,-7.683781e-05,0.00026237857,0.0019359305,7.966703e-05,0.0021528571,0.0,0.011036702,0.0061689955,-0.0038924634,-0.009294176,-0.8808379,-0.8816466,-0.87599885,1.0312431e-05,-0.054987036,-0.8876599,0.049412407,-0.0023777876,0.00086354674,-0.00036596897,6.654743e-06,-5.2483836e-05,0.0,0.0,0.025787676,-0.0026680538,0.87681985,-0.002202569,5.7706493e-05,0.00244263,-0.900641,0.0666384,-0.001298995,-8.966999e-05,0.556796,0.007247086,-0.4219886,0.002800602,0.02448324
8,3,1,A,B,260,0.42624363,-0.007288615,0.90052855,8.307004e-05,4.8269226e-07,0.00020453609,-0.17351137,0.0004353648,0.89805895,6.8681416e-06,1.7537619e-05,-7.1267e-05,0.00026233942,0.0018230866,7.958561e-05,0.002001869,0.0,0.011008055,0.0061596427,-0.0038668197,-0.009285253,-0.892902,-0.8938132,-0.88737226,9.360269e-06,-0.05450109,-0.8999114,0.04935294,-0.0023777147,0.000789663,-0.00035644605,6.2863232e-06,-5.0727143e-05,0.0,0.0,0.024679448,-0.0026469561,0.88816714,-0.0021982358,5.353192e-05,0.0023428793,-0.9113034,0.0666371,-0.0011642092,-8.7331806e-05,-0.4752512,0.0071679805,0.07193917,0.0027988965,0.023780258
9,1,2,A,A,332,0.020344563,-0.0075590443,0.9004482,8.3256775e-05,5.005151e-07,0.00020635195,-0.1735178,0.0004366532,0.89771384,6.904407e-06,1.7537619e-05,-8.105399e-05,0.0002623858,0.002016437,7.969031e-05,0.0022661788,0.0,0.011046694,0.006171923,-0.0039034425,-0.009296691,-0.8928188,-0.8937301,-0.88729066,1.1084874e-05,-0.055208545,-0.89983064,0.049427543,-0.0023777876,0.0009221408,-0.00037152137,6.9140488e-06,-5.3572603e-05,0.0,0.0,0.026518323,-0.0026774248,0.8880849,-0.0022039937,6.086459e-05,0.0025075702,-0.91111976,0.0666389,-0.0013090504,-9.102743e-05,0.8682565,0.0072848364,-0.6896046,0.0028010372,0.024902835
10,10,1,B,B,342,-0.7687274,-0.0075791697,0.90576863,8.326512e-05,5.0224116e-07,0.00020644277,-0.17351697,0.00043670007,0.9029303,6.9059697e-06,1.7537619e-05,-8.2100065e-05,0.00026238646,0.0020356586,7.969331e-05,0.0022941527,0.0,0.0110481735,0.006172333,-0.0039053198,-0.009297014,-0.8981193,-0.8990705,-0.8923252,1.128516e-05,-0.055247903,-0.9051797,0.049420226,-0.0023777785,0.0009371198,-0.00037268558,6.975456e-06,-5.3810105e-05,0.0,0.0,0.026684232,-0.002679064,0.8931048,-0.0022041968,6.1645296e-05,0.002522182,-0.9155314,0.066638954,-0.0012940303,-9.127469e-05,0.99759215,0.0072917617,-0.9979191,0.0028010907,0.024992123
11,4,1,A,B,256,0.5328463,-0.007263939,0.9015637,8.3040104e-05,4.808607e-07,0.00020432359,-0.17350972,0.00043518603,0.8991832,6.8635327e-06,1.7537619e-05,-7.05849e-05,0.00026233,0.0018088208,7.956931e-05,0.0019832843,0.0,0.011002829,0.0061578406,-0.003862579,-0.009283454,-0.8939296,-0.89484906,-0.88834465,9.248053e-06,-0.0544233,-0.90095156,0.049341854,-0.002377697,0.0007808476,-0.0003551044,6.239379e-06,-5.0487433e-05,0.0,0.0,0.02453317,-0.0026435386,0.88913655,-0.0021974228,5.302073e-05,0.0023296482,-0.91222,0.06663667,-0.001150998,-8.70046e-05,-0.8199968,0.007155621,0.35314435,0.0027985373,0.02368243
12,4,1,B,B,276,-0.03691882,-0.0073744333,0.893611,8.316911e-05,4.8905315e-07,0.00020521908,-0.17351629,0.00043590664,0.89086235,6.882543e-06,1.7537619e-05,-7.383302e-05,0.0002623641,0.0018758916,7.963301e-05,0.0020715944,0.0,0.011024036,0.0061649955,-0.0038804878,-0.0092904605,-0.886046,-0.8869008,-0.88089806,9.79049e-06,-0.054756127,-0.89295936,0.04938375,-0.0023777653,0.0008232563,-0.0003611475,6.4594274e-06,-5.1580915e-05,0.0,0.0,0.025209356,-0.0026580943,0.88170886,-0.0022006847,5.54543e-05,0.0023906,-0.90517837,0.066638105,-0.001226787,-8.8473644e-05,0.9227063,0.0072090323,-0.7767757,0.0027999114,0.02412524
13,2,0,A,B,292,0.42817077,-0.0074428217,0.89855224,8.317277e-05,4.920459e-07,0.00020569643,-0.17351702,0.00043624974,0.89609265,6.8921545e-06,1.7537619e-05,-7.615684e-05,0.00026237627,0.00192254,7.966094e-05,0.002134509,0.0,0.0110343145,0.006168272,-0.0038901102,-0.0092935115,-0.890933,-0.8918306,-0.8855035,1.0192345e-05,-0.05494075,-0.89792585,0.049409866,-0.0023777792,0.0008543131,-0.0003649412,6.6112425e-06,-5.228876e-05,0.0,0.0,0.025660789,-0.0026660627,0.8863024,-0.002202219,5.7197227e-05,0.0024314479,-0.9095736,0.06663856,-0.0012460969,-8.942552e-05,-0.5081962,0.0072393487,0.086541,0.0028004814,0.024406498
14,10,1,B,B,273,-0.77712584,-0.00735979,0.9057152,8.3161394e-05,4.8843964e-07,0.00020510895,-0.1735138,0.00043582282,0.9028801,6.880268e-06,1.7537619e-05,-7.337043e-05,0.00026236067,0.001866474,7.962592e-05,0.0020590895,0.0,0.011021551,0.006164193,-0.003878299,-0.009289684,-0.8980739,-0.89902204,-0.89228845,9.712006e-06,-0.054714475,-0.90512395,0.049370334,-0.002377747,0.00081714534,-0.00036034224,6.4286764e-06,-5.1433042e-05,0.0,0.0,0.025116391,-0.0026562798,0.8930693,-0.0022003083,5.5106386e-05,0.0023821956,-0.9155176,0.06663815,-0.0011767013,-8.824926e-05,0.99773467,0.0072022523,-0.99701166,0.0027997629,0.02406582
15,0,1,B,A,277,0.517545,-0.007379178,0.88565725,8.312865e-05,4.878755e-07,0.0002052542,-0.17351769,0.00043593295,0.8833847,6.883265e-06,1.7537619e-05,-7.398544e-05,0.00026236515,0.0018790179,7.963521e-05,0.0020756961,0.0,0.011024819,0.0061652386,-0.003881177,-0.009290703,-0.87822294,-0.87900186,-0.8735672,9.81646e-06,-0.054769445,-0.8849688,0.049391493,-0.0023777748,0.0008252759,-0.00036140918,6.469517e-06,-5.1628987e-05,0.0,0.0,0.025239721,-0.0026586738,0.87439406,-0.002200803,5.5569544e-05,0.002393613,-0.89844704,0.066637896,-0.0012561582,-8.855777e-05,-0.81229895,0.007211207,0.32593232,0.0027999573,0.024144549
16,1,2,A,A,316,0.016412241,-0.0075202715,0.90077674,8.3244646e-05,4.9809455e-07,0.00020615706,-0.1735175,0.00043654363,0.89803404,6.900917e-06,1.7537619e-05,-7.923899e-05,0.0002623838,0.0019823497,7.968288e-05,0.002217542,0.0,0.011043284,0.006170966,-0.0038994583,-0.009295891,-0.8931465,-0.8940605,-0.8876029,1.0746007e-05,-0.05512644,-0.90016085,0.049421888,-0.0023777857,0.0008965868,-0.00036930337,6.804691e-06,-5.3129945e-05,0.0,0.0,0.026215844,-0.0026739752,0.8883963,-0.0022035171,5.950528e-05,0.0024807518,-0.91140836,0.06663887,-0.0012813824,-9.048197e-05,0.88765556,0.0072706277,-0.7124077,0.0028009042,0.024734037
17,0,1,B,A,323,0.5395326,-0.0075383224,0.88558406,8.3199506e-05,4.972442e-07,0.00020625092,-0.17352009,0.00043659777,0.8833387,6.9026196e-06,1.7537619e-05,-8.005617e-05,0.00026238486,0.001997846,7.9686615e-05,0.0022393882,0.0,0.011044961,0.0061714244,-0.003901342,-0.009296294,-0.8781502,-0.87892854,-0.87349844,1.0897182e-05,-0.055165432,-0.88489485,0.04943162,-0.0023778034,0.00090803223,-0.00037033195,6.8543113e-06,-5.3333468e-05,0.0,0.0,0.026354142,-0.0026756274,0.8743253,-0.0022037532,6.0118382e-05,0.002493419,-0.8983887,0.06663847,-0.0013691293,-9.076008e-05,-0.8608221,0.0072773756,0.39307216,0.002800972,0.024812138
18,4,1,B,A,259,-0.014427087,-0.007282577,0.8933661,8.309442e-05,4.832375e-07,0.00020448474,-0.17351218,0.000435322,0.890631,6.8670324e-06,1.7537619e-05,-7.109835e-05,0.0002623372,0.0018195375,7.958174e-05,0.0019972608,0.0,0.011006802,0.006159209,-0.0038657852,-0.009284825,-0.8858029,-0.88665557,-0.8806683,9.3324e-06,-0.05448216,-0.89271355,0.049346086,-0.0023777194,0.00078748254,-0.00035611689,6.2747313e-06,-5.0668143e-05,0.0,0.0,0.02464344,-0.0026461286,0.881479,-0.0021980412,5.340442e-05,0.002339432,-0.9049658,0.06663693,-0.0011819863,-8.7237415e-05,0.8999587,0.0071649784,-0.73962504,0.0027988115,0.023756268
19,4,1,A,B,339,0.5220079,-0.0075734286,0.9015628,8.320846e-05,4.99224e-07,0.00020641762,-0.17351755,0.00043668743,0.89918303,6.9055427e-06,1.7537619e-05,-8.1793216e-05,0.00026238625,0.0020301258,7.9692516e-05,0.0022859254,0.0,0.011047772,0.006172217,-0.0039047895,-0.0092969285,-0.8939323,-0.8948509,-0.8883512,1.12260095e-05,-0.055236872,-0.90094995,0.049435988,-0.002377786,0.0009327044,-0.00037235208,6.9575594e-06,-5.3741653e-05,0.0,0.0,0.026636122,-0.002678608,0.8891433,-0.0022041423,6.142024e-05,0.002518406,-0.9122315,0.066638894,-0.0013152084,-9.126017e-05,-0.8254678,0.00728982,0.34863213,0.0028010765,0.02496652
20,2,1,A,B,267,0.325391,-0.007328566,0.8996394,8.311438e-05,4.854396e-07,0.00020486518,-0.17351353,0.0004356324,0.8970901,6.875164e-06,1.7537619e-05,-7.24208e-05,0.00026235232,0.0018470095,7.9609454e-05,0.0020332625,0.0,0.011015919,0.006162311,-0.0038734004,-0.009287876,-0.8920152,-0.8929203,-0.88653016,9.552107e-06,-0.054622926,-0.89901793,0.04936969,-0.0023777396,0.00080468087,-0.00035862759,6.3648577e-06,-5.1120514e-05,0.0,0.0,0.02492175,-0.0026522907,0.8873264,-0.002199449,5.439671e-05,0.002364757,-0.9104976,0.066637695,-0.0011842618,-8.786569e-05,0.018965539,0.007187479,-0.16137673,0.0027994132,0.023939883
21,2,1,A,B,260,0.32400668,-0.007288615,0.8998777,8.3080326e-05,4.8292515e-07,0.00020453609,-0.17351146,0.0004353648,0.89732194,6.8681416e-06,1.7537619e-05,-7.126704e-05,0.00026233942,0.0018230804,7.958561e-05,0.002001869,0.0,0.011008055,0.006159642,-0.0038668197,-0.009285253,-0.8922583,-0.8931635,-0.88676554,9.360273e-06,-0.05450109,-0.8992563,0.049352083,-0.0023777164,0.0007896638,-0.0003564459,6.2863232e-06,-5.072713e-05,0.0,0.0,0.024679448,-0.0026469561,0.88756216,-0.0021982358,5.3531756e-05,0.0023428195,-0.910727,0.06663711,-0.001166549,-8.732914e-05,0.06366224,0.0071679805,-0.18543918,0.0027988965,0.023780258
22,2,0,A,B,263,0.43365332,-0.007306224,0.8983143,8.3083854e-05,4.837497e-07,0.00020468349,-0.17351265,0.0004354861,0.8958566,6.8713043e-06,1.7537619e-05,-7.176766e-05,0.00026234545,0.0018335037,7.959651e-05,0.0020154929,0.0,0.011011613,0.006160855,-0.0038697622,-0.009286453,-0.8906983,-0.89159334,-0.88528246,9.443189e-06,-0.054555427,-0.8976866,0.049361184,-0.0023777299,0.00079616316,-0.00035740584,6.3205334e-06,-5.089966e-05,0.0,0.0,0.024785373,-0.0026493385,0.8860819,-0.0021987862,5.3907257e-05,0.0023524887,-0.90937364,0.0666373,-0.0011784597,-8.756854e-05,-0.5076609,0.0071766553,0.084492214,0.002799134,0.023850419
23,1,2,B,A,259,0.5352187,-0.007282577,0.8881233,8.305528e-05,4.8193294e-07,0.00020448474,-0.17351294,0.000435322,0.8858487,6.8670324e-06,1.7537619e-05,-7.109853e-05,0.0002623372,0.0018195697,7.958174e-05,0.0019972457,0.0,0.011006802,0.0061592013,-0.0038657738,-0.009284825,-0.8806522,-0.88145316,-0.87584746,9.332416e-06,-0.054482114,-0.88744485,0.049351536,-0.0023777233,0.00078748533,-0.00035611689,6.2747317e-06,-5.0668077e-05,0.0,0.0,0.024643427,-0.0026461286,0.8766697,-0.0021980412,5.3405496e-05,0.0023396644,-0.90060925,0.06663677,-0.0011974832,-8.725445e-05,-0.8462203,0.0071649784,0.37155807,0.0027988115,0.023756268
24,4,1,A,B,303,0.5623284,-0.007481602,0.9015078,8.3179904e-05,4.938581e-07,0.00020593837,-0.17351687,0.0004364094,0.89916766,6.896831e-06,1.7537619e-05,-7.762619e-05,0.00026238072,0.0019513831,7.967315e-05,0.002174159,0.0,0.011039163,0.006169757,-0.0038950117,-0.009294838,-0.8938823,-0.89479935,-0.8883071,1.0453143e-05,-0.05503704,-0.9008944,0.04942066,-0.0023777797,0.0008743001,-0.00036711548,6.7046412e-06,-5.270384e-05,0.0,0.0,0.025931766,-0.0026701828,0.88909966,-0.0022029267,5.829875e-05,0.0024557952,-0.9122104,0.066638716,-0.0012539625,-8.996688e-05,-0.890871,0.007255454,0.45040107,0.0028007198,0.0245691
25,1,2,B,A,262,0.5332741,-0.007300437,0.88798285,8.3071056e-05,4.830688e-07,0.00020463545,-0.1735139,0.0004354468,0.8857048,6.8702766e-06,1.7537619e-05,-7.160222e-05,0.00026234353,0.0018300676,7.959299e-05,0.002010961,0.0,0.011010461,0.0061604534,-0.003868784,-0.0092860665,-0.8805075,-0.8813087,-0.8757055,9.415685e-06,-0.054537565,-0.88730454,0.049359784,-0.0023777343,0.0007940162,-0.00035708997,6.3092234e-06,-5.0842664e-05,0.0,0.0,0.024750419,-0.002648561,0.87652785,-0.0021986081,5.3783107e-05,0.0023493653,-0.90047026,0.06663705,-0.0012056887,-8.74938e-05,-0.83761287,0.007173819,0.36387062,0.0027990574,0.023827331
26,2,0,B,B,313,0.23857279,-0.0075119697,0.88820404,8.322956e-05,4.9701237e-07,0.00020611208,-0.17351957,0.00043651697,0.8856383,6.90009e-06,1.7537619e-05,-7.887904e-05,0.00026238326,0.001975485,7.968099e-05,0.0022078166,0.0,0.011042458,0.006170715,-0.0038985165,-0.009295687,-0.88072914,-0.88153154,-0.8759167,1.0679884e-05,-0.055107675,-0.8875261,0.04942335,-0.0023777932,0.00089158514,-0.0003688311,6.7825404e-06,-5.3037053e-05,0.0,0.0,0.02615353,-0.0026731887,0.87673897,-0.0022033998,5.9235746e-05,0.002475287,-0.9005888,0.06663862,-0.0013341476,-9.0375186e-05,0.45750493,0.0072674495,-0.3737941,0.0028008688,0.024698362
27,1,2,B,A,266,0.54044,-0.007323099,0.88796717,8.30886e-05,4.844219e-07,0.00020482129,-0.17351513,0.00043559735,0.88570094,6.8742356e-06,1.7537619e-05,-7.225949e-05,0.00026235072,0.0018436878,7.960637e-05,0.0020288397,0.0,0.011014887,0.006161954,-0.003872499,-0.009287537,-0.88050264,-0.8813011,-0.8757104,9.525073e-06,-0.05460645,-0.887288,0.0493699,-0.0023777476,0.0008025769,-0.000358328,6.353913e-06,-5.1066057e-05,0.0,0.0,0.02488816,-0.0026515757,0.8765333,-0.0021992906,5.427588e-05,0.002361848,-0.9004858,0.066637345,-0.0012185564,-8.77991e-05,-0.85967577,0.0071848496,0.38457558,0.0027993468,0.023917945
28,2,0,B,B,327,0.2208089,-0.007547859,0.8887067,8.3243e-05,4.9922045e-07,0.00020629833,-0.1735197,0.00043662413,0.88611776,6.9034645e-06,1.7537619e-05,-8.050682e-05,0.00026238532,0.0020062563,7.9688405e-05,0.0022514763,0.0,0.011045784,0.006171661,-0.0039023182,-0.009296486,-0.881207,-0.88201845,-0.87634873,1.0981474e-05,-0.0551855,-0.8880331,0.049429014,-0.0023777946,0.00091438554,-0.00037087817,6.8814034e-06,-5.344283e-05,0.0,0.0,0.02642894,-0.0026764679,0.8771689,-0.002203868,6.045494e-05,0.0024997387,-0.9009773,0.06663862,-0.0013629934,-9.0879556e-05,0.52847993,0.007280848,-0.4092594,0.0028010039,0.02485374
29,2,0,A,B,299,0.40541074,-0.0074681956,0.89831513,8.318522e-05,4.9359113e-07,0.0002058572,-0.1735175,0.00043635708,0.8958354,6.8952777e-06,1.7537619e-05,-7.7103556e-05,0.00026237936,0.001941171,7.9669204e-05,0.0021600602,0.0,0.011037568,0.0061692703,-0.0038933624,-0.009294411,-0.89070094,-0.8915951,-0.8852868,1.0359724e-05,-0.0550045,-0.8976865,0.049416196,-0.002377783,0.00086715847,-0.00036636132,6.671648e-06,-5.2559e-05,0.0,0.0,0.02583667,-0.0026687935,0.8860868,-0.0022026955,5.7906647e-05,0.002447212,-0.90937394,0.06663866,-0.0012601418,-8.9775735e-05,-0.41905388,0.0072499816,0.023750244,0.0028006441,0.02451259
30,10,1,B,B,282,-0.77920514,-0.007401914,0.9057671,8.319016e-05,4.9112043e-07,0.00020541834,-0.17351496,0.0004360539,0.90293,6.88661e-06,1.7537619e-05,-7.4730895e-05,0.0002623697,0.0018940484,7.9645244e-05,0.0020959799,0.0,0.01102843,0.0061664283,-0.003884519,-0.009291799,-0.8981216,-0.8990713,-0.8923307,9.944364e-06,-0.05483253,-0.90517724,0.049384274,-0.0023777597,0.00083517784,-0.00036266752,6.5187037e-06,-5.1862284e-05,0.0,0.0,0.025387205,-0.0026613984,0.89311075,-0.0022013455,5.6125857e-05,0.002406595,-0.91554254,0.066638485,-0.0011940956,-8.881857e-05,0.99780744,0.0072214887,-0.9979981,0.0028001643,0.024237514
31,6,1,A,B,349,0.6408182,-0.0075916504,0.90358454,8.320879e-05,4.9974113e-07,0.00020649521,-0.17351723,0.00043672588,0.9013028,6.9068524e-06,1.7537619e-05,-8.2795166e-05,0.00026238678,0.0020483553,7.969488e-05,0.0023126493,0.0,0.011048993,0.0061725443,-0.003906392,-0.009297183,-0.8959402,-0.8968752,-0.89025205,1.142045e-05,-0.055271015,-0.9029834,0.04943917,-0.0023777813,0.00094718486,-0.0003734114,7.0155406e-06,-5.3960284e-05,0.0,0.0,0.026790762,-0.0026800237,0.8910384,-0.0022043074,6.217115e-05,0.0025320642,-0.913985,0.06663891,-0.0013174814,-9.152712e-05,-0.9690977,0.0072958847,0.67502123,0.0028011184,0.025048165
32,2,1,B,A,276,0.33721864,-0.0073744333,0.8889133,8.3145496e-05,4.882162e-07,0.00020521908,-0.17351694,0.00043590664,0.8864322,6.882543e-06,1.7537619e-05,-7.383317e-05,0.0002623641,0.0018759137,7.963301e-05,0.0020715825,0.0,0.011024036,0.0061649894,-0.0038804777,-0.0092904605,-0.8814165,-0.88222814,-0.8765513,9.790503e-06,-0.054756094,-0.8882396,0.04938778,-0.0023777676,0.0008232591,-0.0003611475,6.4594274e-06,-5.1580857e-05,0.0,0.0,0.025209336,-0.0026580943,0.87737185,-0.0022006847,5.5455115e-05,0.0023907453,-0.90120715,0.06663789,-0.0012419698,-8.848666e-05,-0.05038747,0.0072090323,-0.13280056,0.0027999114,0.02412524
33,1,1,B,A,253,0.4228281,-0.0072444915,0.8873388,8.302957e-05,4.799858e-07,0.0002041512,-0.17351037,0.00043503795,0.88495183,6.8597565e-06,1.7537619e-05,-7.006269e-05,0.00026232176,0.0017978096,7.955558e-05,0.0019690106,0.0,0.010998513,0.0061563216,-0.0038591232,-0.009281937,-0.8798816,-0.8806749,-0.87512636,9.162646e-06,-0.05436059,-0.8866572,0.049331017,-0.002377695,0.0007741339,-0.0003540491,6.2031495e-06,-5.0299917e-05,0.0,0.0,0.024419555,-0.0026407815,0.87594986,-0.002196747,5.2628588e-05,0.002319268,-0.89989686,0.06663606,-0.0011805153,-8.6741326e-05,-0.44454098,0.0071457163,0.06384735,0.0027982318,0.023605714
34,1,1,A,A,344,0.19715491,-0.007582863,0.8988505,8.325401e-05,5.0142785e-07,0.0002064586,-0.17351806,0.00043670798,0.89620626,6.9062385e-06,1.7537619e-05,-8.2302344e-05,0.00026238654,0.0020393622,7.96938e-05,0.0022994988,0.0,0.011048424,0.0061723846,-0.0039056274,-0.009297067,-0.8912349,-0.8921327,-0.8857939,1.1324283e-05,-0.055254832,-0.8982244,0.04943279,-0.0023777892,0.00094004156,-0.00037289836,6.9871444e-06,-5.3854063e-05,0.0,0.0,0.026715409,-0.0026793522,0.88659257,-0.0022042308,6.179994e-05,0.002525025,-0.9097922,0.06663891,-0.0013390429,-9.137674e-05,0.5846279,0.007292995,-0.4411665,0.0028011,0.025008641
35,3,1,A,B,283,0.43267852,-0.007406271,0.9003901,8.315283e-05,4.898187e-07,0.00020544905,-0.17351593,0.0004360761,0.8979255,6.8872287e-06,1.7537619e-05,-7.48778e-05,0.00026237048,0.0018970377,7.964706e-05,0.0020999245,0.0,0.011029094,0.0061666304,-0.0038851248,-0.009291997,-0.89276296,-0.8936735,-0.8872397,9.969678e-06,-0.05484433,-0.89977205,0.049399227,-0.0023777673,0.0008371369,-0.0003629081,6.5283034e-06,-5.190711e-05,0.0,0.0,0.025415767,-0.0026619097,0.88803434,-0.0022014447,5.6238725e-05,0.002409437,-0.91118073,0.06663841,-0.00121814,-8.892452e-05,-0.5156428,0.0072234315,0.08903875,0.0028002015,0.024255384
36,1,2,B,A,327,0.5198808,-0.007547859,0.88762265,8.320257e-05,4.977978e-07,0.00020629833,-0.17351986,0.00043662413,0.8853292,6.9034645e-06,1.7537619e-05,-8.0506776e-05,0.00026238532,0.0020062989,7.9688405e-05,0.0022514667,0.0,0.011045784,0.006171659,-0.0039023152,-0.009296486,-0.88013697,-0.8809394,-0.87534213,1.0981487e-05,-0.05518546,-0.8869446,0.04943287,-0.0023777955,0.00091438484,-0.00037087817,6.8814024e-06,-5.344276e-05,0.0,0.0,0.026428921,-0.0026764679,0.87616396,-0.002203868,6.0456074e-05,0.00250006,-0.90011096,0.06663849,-0.0013657304,-9.089521e-05,-0.8227652,0.007280848,0.33685791,0.0028010039,0.02485374
37,1,1,A,A,263,0.20409614,-0.007306224,0.89866334,8.310699e-05,4.8432105e-07,0.00020468349,-0.17351258,0.0004354861,0.89602745,6.8713043e-06,1.7537619e-05,-7.176765e-05,0.00026234545,0.0018334899,7.959651e-05,0.0020154973,0.0,0.011011613,0.0061608553,-0.0038697636,-0.009286453,-0.89104706,-0.8919443,-0.88561463,9.443189e-06,-0.054555427,-0.8980365,0.049358968,-0.0023777294,0.0007961639,-0.00035740592,6.3205334e-06,-5.089967e-05,0.0,0.0,0.024785373,-0.0026493385,0.8864136,-0.0021987862,5.3906813e-05,0.002352351,-0.9096258,0.06663739,-0.0011767866,-8.756146e-05,0.5519598,0.0071766553,-0.42410615,0.002799134,0.023850419
38,0,1,A,A,284,0.06845258,-0.0074105663,0.8978941,8.319148e-05,4.912202e-07,0.00020547908,-0.17351656,0.00043609767,0.89516777,6.8878335e-06,1.7537619e-05,-7.502353e-05,0.00026237126,0.0018999294,7.96488e-05,0.002103868,0.0,0.011029739,0.006166835,-0.0038857246,-0.009292188,-0.8902858,-0.8911762,-0.884897,9.994846e-06,-0.054855943,-0.89726317,0.04939652,-0.002377772,0.0008390864,-0.00036314613,6.5378244e-06,-5.195148e-05,0.0,0.0,0.025444116,-0.0026624107,0.8856983,-0.0022015413,5.634694e-05,0.0024117415,-0.9089296,0.06663845,-0.0012292806,-8.896874e-05,0.86302316,0.0072253374,-0.6804419,0.0028002372,0.024273045
39,2,0,A,B,338,0.42703086,-0.0075714593,0.89814246,8.32177e-05,4.9969515e-07,0.00020640888,-0.1735182,0.00043668292,0.89568436,6.9053917e-06,1.7537619e-05,-8.168983e-05,0.0002623862,0.0020282066,7.969223e-05,0.0022831482,0.0,0.011047631,0.0061721737,-0.0039046034,-0.009296898,-0.8905289,-0.8914225,-0.8851236,1.120611e-05,-0.055233076,-0.8975135,0.04943453,-0.0023777904,0.00093122217,-0.00037223726,6.9514954e-06,-5.371823e-05,0.0,0.0,0.02661981,-0.0026784497,0.8859236,-0.002204123,6.1342216e-05,0.0025168778,-0.9092271,0.066638805,-0.0013322573,-9.122625e-05,-0.51032674,0.007289148,0.08273687,0.0028010712,0.024957765
40,2,0,B,B,280,0.19663507,-0.0073930128,0.8885146,8.3172206e-05,4.897325e-07,0.00020535488,-0.17351755,0.00043600757,0.8859127,6.885322e-06,1.7537619e-05,-7.4435986e-05,0.00026236798,0.0018881098,7.9641424e-05,0.0020879216,0.0,0.0110270465,0.0061659636,-0.0038832063,-0.009291382,-0.8810141,-0.88182473,-0.87616384,9.893557e-06,-0.054807972,-0.8878403,0.04939272,-0.0023777739,0.0008312562,-0.00036217363,6.499269e-06,-5.177042e-05,0.0,0.0,0.025329081,-0.0026603425,0.8769845,-0.0022011378,5.5906592e-05,0.0024014453,-0.9007925,0.06663806,-0.0012551486,-8.873469e-05,0.58441865,0.007217493,-0.4436216,0.002800086,0.024201028
41,2,0,B,B,276,0.21358089,-0.0073744333,0.8883038,8.3160754e-05,4.8862233e-07,0.00020521908,-0.17351702,0.00043590664,0.8857079,6.882543e-06,1.7537619e-05,-7.38332e-05,0.0002623641,0.0018759023,7.963301e-05,0.0020715836,0.0,0.011024036,0.0061649885,-0.0038804777,-0.0092904605,-0.88080025,-0.88161063,-0.8759572,9.790503e-06,-0.0547561,-0.8876291,0.04938642,-0.0023777678,0.0008232614,-0.0003611475,6.4594274e-06,-5.1580857e-05,0.0,0.0,0.025209349,-0.0026580943,0.87677795,-0.0022006847,5.5454824e-05,0.0023906468,-0.90059817,0.0666379,-0.0012438628,-8.848187e-05,0.55514944,0.0072090323,-0.4208343,0.0027999114,0.02412524
42,2,1,A,A,317,0.32781178,-0.007522962,0.89958656,8.321802e-05,4.972146e-07,0.00020617139,-0.17351775,0.00043655204,0.89703834,6.901179e-06,1.7537619e-05,-7.935785e-05,0.00026238398,0.0019846365,7.968346e-05,0.0022207217,0.0,0.011043544,0.006171037,-0.0038997484,-0.009295955,-0.8919623,-0.89286727,-0.8864798,1.0767869e-05,-0.055132374,-0.8989642,0.049426362,-0.0023777874,0.00089824246,-0.00036945601,6.811954e-06,-5.316009e-05,0.0,0.0,0.026236184,-0.0026742264,0.88727653,-0.0022035537,5.9595342e-05,0.0024827668,-0.9104514,0.06663883,-0.0012892203,-9.0535206e-05,-0.021602096,0.007271647,-0.14868212,0.002800915,0.024745625
43,3,1,B,B,303,0.16697487,-0.007481602,0.8914168,8.322313e-05,4.953316e-07,0.00020593837,-0.17351866,0.0004364094,0.8887813,6.896831e-06,1.7537619e-05,-7.762689e-05,0.00026238072,0.0019513412,7.967315e-05,0.0021741427,0.0,0.011039163,0.0061697494,-0.0038949922,-0.009294838,-0.88387895,-0.8847144,-0.878858,1.0453154e-05,-0.055036925,-0.8907553,0.04941636,-0.0023777888,0.0008743152,-0.00036711487,6.7046412e-06,-5.27036e-05,0.0,0.0,0.025931785,-0.0026701828,0.879673,-0.0022029267,5.8297628e-05,0.0024554767,-0.9033224,0.06663867,-0.0012993461,-8.9949564e-05,0.66710466,0.007255454,-0.49566662,0.0028007198,0.024569096
44,10,1,B,B,289,-0.77408,-0.0074311537,0.90532845,8.320755e-05,4.9297427e-07,0.00020561945,-0.17351575,0.0004361967,0.90249306,6.890635e-06,1.7537619e-05,-7.5737924e-05,0.00026237458,0.0019141926,7.9656755e-05,0.0021232308,0.0,0.0110327145,0.0061677857,-0.0038885719,-0.009293056,-0.89768934,-0.89863455,-0.89192355,1.0119028e-05,-0.05491059,-0.9047352,0.049392767,-0.0023777664,0.0008486658,-0.00036429163,6.5842733e-06,-5.2166168e-05,0.0,0.0,0.025581604,-0.0026647642,0.89270556,-0.0022019832,5.688044e-05,0.0024240606,-0.91519165,0.066638656,-0.0012090036,-8.921666e-05,0.99777484,0.007234342,-0.99834615,0.0028003978,0.024358058
45,1,2,B,A,284,0.5280623,-0.0074105663,0.88813704,8.3146595e-05,4.896987e-07,0.00020547908,-0.17351806,0.00043609767,0.88584787,6.8878335e-06,1.7537619e-05,-7.502403e-05,0.00026237126,0.0018999706,7.96488e-05,0.0021038414,0.0,0.011029739,0.0061668265,-0.0038857064,-0.009292188,-0.88064736,-0.88145316,-0.875825,9.994862e-06,-0.0548558,-0.88746077,0.0494019,-0.0023777785,0.0008390955,-0.00036314598,6.5378263e-06,-5.19513e-05,0.0,0.0,0.02544409,-0.0026624107,0.8766463,-0.0022015413,5.634809e-05,0.0024120377,-0.9005713,0.06663812,-0.0012659357,-8.898657e-05,-0.8277315,0.0072253374,0.35294592,0.0028002372,0.024273045
46,1,2,B,A,259,0.55480254,-0.007282577,0.887592,8.305498e-05,4.8190014e-07,0.00020448474,-0.17351292,0.000435322,0.88533396,6.8670324e-06,1.7537619e-05,-7.109852e-05,0.0002623372,0.0018195712,7.958174e-05,0.0019972457,0.0,0.011006802,0.0061592,-0.0038657738,-0.009284825,-0.8801139,-0.880914,-0.87532836,9.332416e-06,-0.054482114,-0.8869126,0.04935168,-0.0023777233,0.0007874854,-0.00035611689,6.2747317e-06,-5.066807e-05,0.0,0.0,0.024643427,-0.0026461286,0.87615085,-0.0021980412,5.3405514e-05,0.002339666,-0.900113,0.06663677,-0.0011978277,-8.7254855e-05,-0.8728393,0.0071649784,0.42552263,0.0027988115,0.023756268
47,4,1,B,B,251,0.011374235,-0.0072310586,0.8932376,8.304274e-05,4.799283e-07,0.00020402967,-0.1735085,0.00043493192,0.89052445,6.857075e-06,1.7537619e-05,-6.970861e-05,0.00026231565,0.0017903101,7.954566e-05,0.0019593656,0.0,0.01099543,0.006155244,-0.0038567146,-0.00928084,-0.88567114,-0.8865242,-0.88053954,9.105069e-06,-0.05431673,-0.89258516,0.04931997,-0.002377678,0.0007695925,-0.000353322,6.178493e-06,-5.017139e-05,0.0,0.0,0.024341904,-0.0026388445,0.88135046,-0.0021962628,5.236253e-05,0.0023120535,-0.9048479,0.06663588,-0.0011594772,-8.655117e-05,0.85037583,0.0071387948,-0.6800208,0.0027980092,0.023552911
48,2,1,A,B,295,0.258172,-0.0074540055,0.8998163,8.320096e-05,4.9331356e-07,0.00020576842,-0.17351693,0.00043629837,0.89721537,6.89356e-06,1.7537619e-05,-7.656752e-05,0.0002623777,0.0019306334,7.966472e-05,0.002145608,0.0,0.011035787,0.0061687278,-0.0038915684,-0.009293923,-0.8921937,-0.8930996,-0.8867014,1.0264689e-05,-0.054969188,-0.89919543,0.0494108,-0.002377779,0.00085987116,-0.00036556643,6.637555e-06,-5.2407337e-05,0.0,0.0,0.025737679,-0.0026672825,0.8874977,-0.0022024354,5.750455e-05,0.0024381916,-0.9106419,0.06663866,-0.0012459392,-8.957287e-05,0.34979877,0.0072440784,-0.3140236,0.0028005561,0.02445313
49,3,1,A,B,300,0.4635001,-0.0074716187,0.9008692,8.318298e-05,4.936747e-07,0.00020587817,-0.17351703,0.00043637076,0.8984358,6.895681e-06,1.7537619e-05,-7.723534e-05,0.00026237973,0.0019437529,7.9670244e-05,0.0021636235,0.0,0.011037983,0.0061693983,-0.0038937912,-0.009294524,-0.8932465,-0.8941583,-0.8877032,1.0383228e-05,-0.05501289,-0.9002525,0.04941734,-0.0023777797,0.0008689548,-0.00036655393,6.6799985e-06,-5.2595893e-05,0.0,0.0,0.025860796,-0.0026691516,0.8884977,-0.002202756,5.8005542e-05,0.0024493923,-0.9116293,0.066638686,-0.0012511966,-8.982434e-05,-0.6558726,0.007251389,0.17994377,0.002800664,0.024526987
50,2,1,A,A,331,0.2831837,-0.00755687,0.8998516,8.3234256e-05,4.9938336e-07,0.0002063417,-0.17351785,0.00043664768,0.89726776,6.9042276e-06,1.7537619e-05,-8.09458e-05,0.00026238567,0.0020144584,7.9689955e-05,0.002263276,0.0,0.011046521,0.0061718742,-0.0039032307,-0.009296654,-0.89222074,-0.8931294,-0.88672006,1.1064363e-05,-0.05520414,-0.89923155,0.049430933,-0.0023777885,0.00092060043,-0.00037139605,6.907626e-06,-5.354729e-05,0.0,0.0,0.02650079,-0.0026772413,0.88751554,-0.0022039702,6.0784616e-05,0.002506209,-0.9106524,0.06663889,-0.0013115961,-9.101197e-05,0.21207155,0.007284068,-0.25032756,0.002801031,0.024893265
51,1,1,B,A,346,0.41927895,-0.007586453,0.88747525,8.322192e-05,5.0059566e-07,0.00020647375,-0.17352015,0.00043671543,0.8850817,6.906493e-06,1.7537619e-05,-8.2502316e-05,0.00026238666,0.0020430072,7.969426e-05,0.002304765,0.0,0.011048661,0.006172436,-0.003905914,-0.009297116,-0.88000125,-0.88079953,-0.8752242,1.1363058e-05,-0.055261325,-0.8867955,0.049436398,-0.002377797,0.0009429407,-0.000373107,6.9986445e-06,-5.3896933e-05,0.0,0.0,0.026746007,-0.0026796293,0.87604713,-0.002204263,6.195002e-05,0.0025279967,-0.89997804,0.06663853,-0.0014061469,-9.1440554e-05,-0.45410466,0.007294184,0.059416804,0.0028011082,0.02502475
52,6,1,B,B,281,-0.32252774,-0.0073974943,0.8973005,8.318658e-05,4.907599e-07,0.00020538697,-0.17351632,0.00043603108,0.8944858,6.885974e-06,1.7537619e-05,-7.45839e-05,0.00026236888,0.0018910825,7.9643374e-05,0.0020919656,0.0,0.011027748,0.0061661983,-0.0038838706,-0.009291594,-0.88969076,-0.89057815,-0.88432777,9.919026e-06,-0.054820385,-0.896668,0.049388256,-0.002377769,0.00083322165,-0.00036242182,6.5090258e-06,-5.1816576e-05,0.0,0.0,0.025358291,-0.002660876,0.88512975,-0.0022012433,5.601651e-05,0.0024039955,-0.908287,0.06663837,-0.0012247108,-8.877617e-05,0.9790802,0.0072195106,-0.9274865,0.002800126,0.024219377
53,1,2,A,A,261,0.034748144,-0.0072945682,0.90071595,8.310468e-05,4.839386e-07,0.00020458635,-0.17351168,0.00043540637,0.8979866,6.8692225e-06,1.7537619e-05,-7.1434915e-05,0.00026234152,0.0018265636,7.9589365e-05,0.0020064458,0.0,0.011009275,0.006160059,-0.0038678243,-0.009285666,-0.89308935,-0.8940017,-0.8875509,9.388028e-06,-0.05451957,-0.9000991,0.049351927,-0.002377719,0.00079184095,-0.00035677035,6.29782e-06,-5.0785336e-05,0.0,0.0,0.02471512,-0.002647767,0.88834494,-0.002198425,5.365705e-05,0.002345937,-0.9113737,0.06663725,-0.0011662956,-8.739938e-05,0.8637163,0.0071709277,-0.68189925,0.0027989785,0.023803947
54,2,1,A,B,329,0.3064256,-0.0075524286,0.89950424,8.323259e-05,4.99126e-07,0.0002063205,-0.17351788,0.00043663624,0.8969384,6.903856e-06,1.7537619e-05,-8.07273e-05,0.00026238553,0.0020103941,7.9689205e-05,0.0022574272,0.0,0.011046162,0.006171775,-0.0039027953,-0.009296573,-0.8918802,-0.8927843,-0.8864014,1.1023087e-05,-0.05519509,-0.89888215,0.04943047,-0.0023777888,0.0009174997,-0.00037114072,6.894621e-06,-5.3495773e-05,0.0,0.0,0.026465219,-0.0026768625,0.8871982,-0.0022039209,6.062094e-05,0.0025030521,-0.9103731,0.066638894,-0.0013103043,-9.094906e-05,0.114581615,0.0072824885,-0.20762777,0.0028010178,0.024873756
55,2,0,A,B,347,0.42846707,-0.00758821,0.89798784,8.322146e-05,5.007085e-07,0.00020648105,-0.17351824,0.000436719,0.89553225,6.906616e-06,1.7537619e-05,-8.260019e-05,0.0002623867,0.0020447914,7.969447e-05,0.0023074283,0.0,0.011048773,0.006172476,-0.0039060882,-0.009297139,-0.8903762,-0.891268,-0.8849797,1.1382247e-05,-0.055264734,-0.897358,0.049436398,-0.0023777918,0.00094435335,-0.00037320942,7.0043216e-06,-5.391844e-05,0.0,0.0,0.026761081,-0.0026797631,0.88578033,-0.002204278,6.202389e-05,0.0025293238,-0.90909594,0.066638805,-0.0013467857,-9.14661e-05,-0.5249083,0.0072947615,0.08687676,0.0028011117,0.02503265
56,0,1,A,A,258,0.050770868,-0.007276452,0.8982317,8.30877e-05,4.827849e-07,0.00020443222,-0.17351095,0.00043527797,0.8954999,6.8658956e-06,1.7537619e-05,-7.0928174e-05,0.0002623349,0.0018159845,7.957772e-05,0.0019926373,0.0,0.011005513,0.0061587654,-0.003864743,-0.009284384,-0.8906143,-0.8915092,-0.88520133,9.304403e-06,-0.054462984,-0.89760375,0.04934367,-0.0023777105,0.00078527996,-0.00035578388,6.2630443e-06,-5.060865e-05,0.0,0.0,0.024607053,-0.0026452832,0.886001,-0.002197841,5.3277123e-05,0.0023361389,-0.9091957,0.066636935,-0.001165462,-8.715769e-05,0.8652549,0.0071619176,-0.6924543,0.0027987233,0.023731971
57,2,1,A,B,340,0.3460252,-0.00757537,0.8996162,8.3231476e-05,5.003384e-07,0.0002064262,-0.1735179,0.0004366918,0.89708215,6.9056887e-06,1.7537619e-05,-8.189642e-05,0.0002623863,0.0020319826,7.9692785e-05,0.0022886728,0.0,0.011047909,0.006172249,-0.003904963,-0.009296958,-0.89199394,-0.8928984,-0.88651145,1.1245836e-05,-0.05524062,-0.8989941,0.049433872,-0.0023777892,0.00093418785,-0.00037246395,6.963574e-06,-5.376461e-05,0.0,0.0,0.02665232,-0.002678763,0.8873084,-0.002204161,6.149663e-05,0.0025196376,-0.910487,0.0666389,-0.00132792,-9.1277594e-05,-0.103253156,0.0072904797,-0.11374198,0.0028010816,0.024975158
58,6,1,A,B,342,0.6452468,-0.0075791697,0.903323,8.320623e-05,4.9899745e-07,0.00020644277,-0.17351723,0.00043670007,0.9010523,6.9059697e-06,1.7537619e-05,-8.210018e-05,0.00026238646,0.0020357547,7.969331e-05,0.0022941248,0.0,0.0110481735,0.006172329,-0.0039053094,-0.009297014,-0.8956903,-0.8966203,-0.8900236,1.1285201e-05,-0.055247854,-0.90271837,0.049437903,-0.002377781,0.0009371216,-0.00037268514,6.975456e-06,-5.3809967e-05,0.0,0.0,0.026684139,-0.002679064,0.8908113,-0.0022041968,6.165073e-05,0.0025226711,-0.91380453,0.0666389,-0.0013093315,-9.134771e-05,-0.971418,0.0072917617,0.6883799,0.0028010907,0.024992116
59,4,1,A,B,326,0.53615457,-0.007545526,0.9010565,8.320205e-05,4.9766936e-07,0.00020628687,-0.17351758,0.00043661782,0.89868736,6.903261e-06,1.7537619e-05,-8.039426e-05,0.0002623852,0.0020042092,7.9687976e-05,0.002248516,0.0,0.011045586,0.00617162,-0.0039021096,-0.009296441,-0.89342153,-0.8943383,-0.88786036,1.0960494e-05,-0.0551808,-0.900443,0.049432255,-0.0023777867,0.00091278745,-0.000370745,6.8747113e-06,-5.3416294e-05,0.0,0.0,0.026410488,-0.0026762644,0.8886533,-0.0022038405,6.0372407e-05,0.002498427,-0.91176987,0.066638835,-0.0012949563,-9.086252e-05,-0.84744436,0.007280005,0.37626687,0.002800996,0.024843538
60,0,1,A,A,260,0.08859867,-0.007288615,0.8980004,8.3098144e-05,4.834865e-07,0.00020453609,-0.17351176,0.0004353648,0.8952884,6.8681416e-06,1.7537619e-05,-7.126709e-05,0.00026233942,0.0018230656,7.958561e-05,0.0020018686,0.0,0.011008055,0.0061596404,-0.003866816,-0.009285253,-0.8903933,-0.8912838,-0.88499993,9.360273e-06,-0.054501075,-0.89736986,0.04934987,-0.0023777192,0.000789666,-0.00035644573,6.2863232e-06,-5.07271e-05,0.0,0.0,0.024679454,-0.0026469561,0.88580114,-0.0021982358,5.353129e-05,0.0023427096,-0.909032,0.06663711,-0.0011720781,-8.732169e-05,0.82696265,0.0071679805,-0.64122564,0.0027988965,0.023780258
61,2,1,A,B,296,0.32192558,-0.0074576293,0.8997457,8.3195075e-05,4.933507e-07,0.00020579137,-0.17351702,0.0004363137,0.8971963,6.8940067e-06,1.7537619e-05,-7.670276e-05,0.00026237813,0.0019332991,7.966589e-05,0.0021492569,0.0,0.011036252,0.0061688693,-0.003892033,-0.009294051,-0.89212334,-0.8930283,-0.88663405,1.0288601e-05,-0.054978274,-0.8991243,0.049412366,-0.0023777802,0.0008617054,-0.00036576926,6.6461835e-06,-5.2445932e-05,0.0,0.0,0.025762798,-0.0026676722,0.8874305,-0.0022025032,5.760605e-05,0.0024404884,-0.9105983,0.066638656,-0.0012477973,-8.962496e-05,0.028495573,0.0072455974,-0.16529804,0.0028005794,0.024468279
62,1,2,A,A,315,0.067642435,-0.0075175436,0.90063095,8.3241786e-05,4.9776025e-07,0.0002061424,-0.1735177,0.000436535,0.89791644,6.900648e-06,1.7537619e-05,-7.911948e-05,0.00026238363,0.0019800777,7.9682264e-05,0.0022143323,0.0,0.011043016,0.0061708884,-0.0038991584,-0.009295825,-0.8930123,-0.8939218,-0.8874843,1.072405e-05,-0.05512038,-0.9000125,0.049422212,-0.0023777862,0.0008949228,-0.00036914807,6.797368e-06,-5.3099426e-05,0.0,0.0,0.026195278,-0.0026737184,0.88827956,-0.0022034792,5.941599e-05,0.002478939,-0.91133666,0.066638865,-0.0012806657,-9.044705e-05,0.8382737,0.0072695883,-0.6464196,0.0028008928,0.024722297
63,2,1,B,A,290,0.3078131,-0.0074350983,0.8896172,8.318583e-05,4.9201395e-07,0.00020564567,-0.17351833,0.0004362149,0.8871007,6.8911545e-06,1.7537619e-05,-7.587923e-05,0.00026237516,0.0019170147,7.965819e-05,0.0021269785,0.0,0.011033263,0.006167939,-0.0038890683,-0.009293213,-0.88211066,-0.8829286,-0.87720317,1.0143613e-05,-0.054920677,-0.8889468,0.049406543,-0.002377783,0.0008505719,-0.00036451017,6.5933377e-06,-5.2207233e-05,0.0,0.0,0.025608234,-0.002665206,0.87802213,-0.0022020643,5.6988505e-05,0.0024266182,-0.9018121,0.06663832,-0.001276822,-8.9314075e-05,0.13761485,0.0072360425,-0.21597122,0.0028004267,0.024374401
64,0,1,A,A,296,0.06234415,-0.0074576293,0.89834815,8.32165e-05,4.9406356e-07,0.00020579137,-0.17351729,0.0004363137,0.89562625,6.8940067e-06,1.7537619e-05,-7.670283e-05,0.00026237813,0.00193328,7.966589e-05,0.0021492557,0.0,0.011036252,0.006168868,-0.0038920292,-0.009294051,-0.8907365,-0.89163053,-0.8853233,1.0288602e-05,-0.054978274,-0.8977196,0.049409684,-0.002377782,0.00086170965,-0.000365769,6.6461835e-06,-5.244589e-05,0.0,0.0,0.025762811,-0.0026676722,0.8861231,-0.0022025032,5.7605397e-05,0.0024403427,-0.90932184,0.06663866,-0.0012558993,-8.9615256e-05,0.8518734,0.0072455974,-0.6655326,0.0028005794,0.024468279
65,1,2,B,A,256,0.5291776,-0.007263939,0.8879193,8.303986e-05,4.808614e-07,0.00020432359,-0.17351165,0.00043518603,0.8856323,6.8635327e-06,1.7537619e-05,-7.0585374e-05,0.00026233,0.001808821,7.956931e-05,0.0019832642,0.0,0.011002829,0.0061578276,-0.0038625589,-0.009283454,-0.8804438,-0.88124484,-0.87564474,9.248068e-06,-0.054423198,-0.8872408,0.049342126,-0.0023777098,0.00078085804,-0.0003551038,6.2393797e-06,-5.048725e-05,0.0,0.0,0.024533175,-0.0026435386,0.87646705,-0.0021974228,5.302072e-05,0.0023296447,-0.9004111,0.066636436,-0.0011877668,-8.700433e-05,-0.81631714,0.007155621,0.34492865,0.0027985373,0.02368243
66,1,2,B,A,260,0.55141234,-0.007288615,0.88766205,8.306056e-05,4.822783e-07,0.00020453609,-0.17351326,0.0004353648,0.88539827,6.8681416e-06,1.7537619e-05,-7.126745e-05,0.00026233942,0.0018230976,7.958561e-05,0.0020018467,0.0,0.011008055,0.0061596306,-0.0038667992,-0.009285253,-0.88017756,-0.88097954,-0.87538207,9.360291e-06,-0.05450097,-0.88698363,0.049354516,-0.002377727,0.0007896732,-0.0003564456,6.2863232e-06,-5.0726947e-05,0.0,0.0,0.024679448,-0.0026469561,0.8762043,-0.0021982358,5.353217e-05,0.0023429326,-0.9001585,0.06663686,-0.0012009502,-8.733562e-05,-0.8681748,0.0071679805,0.41971543,0.0027988965,0.023780258
67,1,2,A,A,259,0.027775867,-0.007282577,0.9004847,8.309417e-05,4.8319305e-07,0.00020448474,-0.17351101,0.000435322,0.8977456,6.8670324e-06,1.7537619e-05,-7.109805e-05,0.0002623372,0.0018195383,7.958174e-05,0.0019972727,0.0,0.011006802,0.006159212,-0.0038657952,-0.009284825,-0.8928508,-0.8937637,-0.8873175,9.332395e-06,-0.054482233,-0.8998678,0.04934619,-0.002377711,0.0007874769,-0.0003561174,6.2747313e-06,-5.0668255e-05,0.0,0.0,0.024643444,-0.0026461286,0.8881115,-0.0021980412,5.34045e-05,0.0023394357,-0.91113734,0.06663705,-0.0011614419,-8.723835e-05,0.8768296,0.0071649784,-0.697628,0.0027988115,0.023756268
68,4,1,B,B,287,0.012094724,-0.0074230935,0.89319783,8.3199106e-05,4.9202674e-07,0.00020556517,-0.17351758,0.00043615882,0.89048034,6.889556e-06,1.7537619e-05,-7.545542e-05,0.0002623733,0.0019085616,7.9653735e-05,0.0021155362,0.0,0.0110315755,0.0061674137,-0.0038874522,-0.009292726,-0.8856493,-0.8864973,-0.88053507,1.0069701e-05,-0.05488925,-0.89254355,0.04939987,-0.0023777783,0.00084487244,-0.00036384183,6.565922e-06,-5.208157e-05,0.0,0.0,0.025527416,-0.0026638522,0.88134694,-0.0022018144,5.667026e-05,0.0024192228,-0.90486455,0.06663846,-0.0012548496,-8.9138026e-05,0.87991935,0.007230842,-0.70834535,0.002800337,0.02432469
69,1,1,B,A,307,0.45156497,-0.007494268,0.88694483,8.3194536e-05,4.9512545e-07,0.00020601256,-0.17351966,0.00043645618,0.88459325,6.8982354e-06,1.7537619e-05,-7.813719e-05,0.00026238192,0.0019612508,7.96766e-05,0.0021878607,0.0,0.011040591,0.0061701625,-0.0038964883,-0.009295212,-0.8794991,-0.88028747,-0.87477297,1.0545037e-05,-0.05506693,-0.88626075,0.049422465,-0.0023777967,0.0008813273,-0.00036782914,6.736572e-06,-5.2841595e-05,0.0,0.0,0.026023144,-0.002671461,0.8755977,-0.0022031327,5.8680624e-05,0.0024638746,-0.8995772,0.06663841,-0.0013278147,-9.013765e-05,-0.57249856,0.0072605265,0.14209005,0.0028007852,0.02462279
70,2,0,A,A,285,0.42318368,-0.0074148015,0.8980748,8.3157705e-05,4.9034713e-07,0.00020550839,-0.17351654,0.00043611866,0.895614,6.888422e-06,1.7537619e-05,-7.516828e-05,0.00026237196,0.00190286,7.96505e-05,0.0021077807,0.0,0.0110303685,0.0061670337,-0.0038863167,-0.009292373,-0.89046395,-0.8913558,-0.885064,1.0019903e-05,-0.054867305,-0.8974454,0.0494019,-0.0023777736,0.00084102136,-0.00036338114,6.5472677e-06,-5.1995386e-05,0.0,0.0,0.025472138,-0.0026629013,0.88586456,-0.0022016347,5.6456356e-05,0.0024145024,-0.9091751,0.06663841,-0.0012318984,-8.904095e-05,-0.49632686,0.0072272075,0.07455759,0.0028002718,0.02429048
71,0,1,B,A,294,0.52637637,-0.00745033,0.8854207,8.316635e-05,4.92043e-07,0.00020574497,-0.17351933,0.00043628263,0.883168,6.893103e-06,1.7537619e-05,-7.643229e-05,0.00026237723,0.0019279805,7.966349e-05,0.0021418964,0.0,0.011035309,0.006168564,-0.003891066,-0.009293791,-0.87800074,-0.8787751,-0.87337035,1.0240738e-05,-0.054959726,-0.88473016,0.049413387,-0.0023777932,0.0008580432,-0.00036536052,6.628866e-06,-5.2367963e-05,0.0,0.0,0.025712304,-0.0026668846,0.8741977,-0.0022023653,5.740336e-05,0.0024361364,-0.8982718,0.06663829,-0.0013022991,-8.953309e-05,-0.8428214,0.007242532,0.35494685,0.0028005324,0.024437783
72,6,1,A,B,257,0.6468836,-0.00727024,0.9029261,8.30425e-05,4.808794e-07,0.00020437854,-0.17350996,0.00043523262,0.9006495,6.8647287e-06,1.7537619e-05,-7.075689e-05,0.0002623325,0.0018124401,7.957359e-05,0.0019879758,0.0,0.011004189,0.0061583156,-0.0038636774,-0.009283926,-0.8952901,-0.8962188,-0.8896398,9.276279e-06,-0.054443326,-0.9023204,0.0493461,-0.0023777008,0.0007830665,-0.0003554469,6.25126e-06,-5.0548435e-05,0.0,0.0,0.024570277,-0.00264442,0.890428,-0.002197635,5.3150008e-05,0.0023330406,-0.9134421,0.06663677,-0.001149703,-8.70924e-05,-0.95895225,0.007158799,0.6727437,0.0027986325,0.023707362
73,3,1,A,B,313,0.470656,-0.0075119697,0.9004034,8.3197665e-05,4.960333e-07,0.00020611208,-0.17351757,0.00043651697,0.89797616,6.90009e-06,1.7537619e-05,-7.887827e-05,0.00026238326,0.0019755117,7.968099e-05,0.0022078427,0.0,0.011042458,0.006170726,-0.00389854,-0.009295687,-0.8927765,-0.89368683,-0.88725233,1.0679857e-05,-0.055107836,-0.8997852,0.049425878,-0.0023777855,0.00089156686,-0.00036883153,6.7825404e-06,-5.3037304e-05,0.0,0.0,0.026153516,-0.0026731887,0.8880471,-0.0022033998,5.9236503e-05,0.0024755346,-0.9112032,0.06663879,-0.0012772833,-9.038683e-05,-0.669454,0.0072674495,0.19896246,0.0028008688,0.024698362
74,10,1,B,B,268,-0.77124155,-0.007333956,0.90565217,8.314157e-05,4.867901e-07,0.00020490812,-0.1735128,0.0004356664,0.90281814,6.8760696e-06,1.7537619e-05,-7.258127e-05,0.00026235386,0.0018502949,7.961242e-05,0.0020376525,0.0,0.011016924,0.0061626565,-0.003874272,-0.009288203,-0.8980117,-0.8989591,-0.89222944,9.579013e-06,-0.054638986,-0.9050608,0.049360767,-0.0023777361,0.0008067807,-0.00035892372,6.3757134e-06,-5.117424e-05,0.0,0.0,0.02495504,-0.0026529909,0.89301074,-0.002199603,5.4514978e-05,0.0023676245,-0.9154666,0.066637866,-0.001166724,-8.790244e-05,0.99738485,0.0071900594,-0.9948728,0.0027994767,0.02396156
75,2,1,A,A,303,0.33736008,-0.007481602,0.89950836,8.320257e-05,4.9471373e-07,0.00020593837,-0.17351744,0.0004364094,0.8969632,6.896831e-06,1.7537619e-05,-7.7626355e-05,0.00026238072,0.0019513583,7.967315e-05,0.0021741574,0.0,0.011039163,0.0061697518,-0.0038950092,-0.009294838,-0.8918835,-0.892788,-0.88640386,1.0453148e-05,-0.055037066,-0.8988866,0.049418278,-0.0023777843,0.00087430305,-0.0003671151,6.7046412e-06,-5.2703774e-05,0.0,0.0,0.025931777,-0.0026701828,0.8872003,-0.0022029267,5.8298163e-05,0.002455633,-0.91037893,0.06663872,-0.0012631798,-8.9958005e-05,-0.031014636,0.007255454,-0.14689526,0.0028007198,0.024569096
76,1,1,A,B,283,0.18286991,-0.007406271,0.8986256,8.3181614e-05,4.9058207e-07,0.00020544905,-0.17351621,0.0004360761,0.8959683,6.8872287e-06,1.7537619e-05,-7.487785e-05,0.00026237048,0.0018970164,7.964706e-05,0.0020999252,0.0,0.011029094,0.00616663,-0.0038851216,-0.009291997,-0.89100057,-0.8919,-0.88556296,9.969679e-06,-0.054844335,-0.8980002,0.04939655,-0.00237777,0.0008371398,-0.00036290797,6.5283034e-06,-5.1907053e-05,0.0,0.0,0.025415786,-0.0026619097,0.8863613,-0.0022014447,5.6238143e-05,0.0024092481,-0.9095554,0.06663842,-0.0012244766,-8.891517e-05,0.6330719,0.0072234315,-0.47191796,0.0028002015,0.024255384
77,4,1,A,B,262,0.5342448,-0.007300437,0.9014685,8.307085e-05,4.8301865e-07,0.00020463545,-0.1735119,0.0004354468,0.89909965,6.8702766e-06,1.7537619e-05,-7.160173e-05,0.00026234353,0.0018300689,7.959299e-05,0.0020109823,0.0,0.011010461,0.006160465,-0.0038688052,-0.0092860665,-0.89384115,-0.894758,-0.888267,9.415664e-06,-0.054537654,-0.9008547,0.04935957,-0.0023777215,0.0007940046,-0.0003570906,6.3092234e-06,-5.0842864e-05,0.0,0.0,0.024750412,-0.002648561,0.88905954,-0.0021986081,5.3783137e-05,0.0023493741,-0.91216433,0.066637285,-0.0011663474,-8.7494474e-05,-0.83671904,0.007173819,0.3700469,0.0027990574,0.023827331
78,1,2,B,A,344,0.5232947,-0.007582863,0.88797843,8.321035e-05,4.9981713e-07,0.0002064586,-0.17351994,0.00043670798,0.88569,6.9062385e-06,1.7537619e-05,-8.230309e-05,0.00026238654,0.0020394109,7.96938e-05,0.0022994601,0.0,0.011048424,0.006172374,-0.0039056032,-0.009297067,-0.880497,-0.88130003,-0.8756894,1.1324322e-05,-0.05525463,-0.887301,0.04943736,-0.0023777967,0.0009400566,-0.0003728982,6.9871453e-06,-5.3853782e-05,0.0,0.0,0.026715383,-0.0026793522,0.87651145,-0.0022042308,6.1801264e-05,0.0025253878,-0.9004464,0.0666385,-0.0013980209,-9.1394555e-05,-0.83057016,0.007292995,0.34675077,0.0028011,0.025008641
79,1,1,B,A,281,0.42062074,-0.0073974943,0.8871247,8.3149964e-05,4.893716e-07,0.00020538697,-0.17351805,0.00043603108,0.8847371,6.885974e-06,1.7537619e-05,-7.458438e-05,0.00026236888,0.0018911193,7.9643374e-05,0.002091936,0.0,0.011027748,0.0061661853,-0.0038838494,-0.009291594,-0.8796668,-0.8804591,-0.8749207,9.919056e-06,-0.054820284,-0.8864424,0.049396567,-0.002377777,0.0008332307,-0.00036242156,6.5090267e-06,-5.181639e-05,0.0,0.0,0.025358258,-0.002660876,0.8757449,-0.0022012433,5.6018303e-05,0.002404232,-0.8997002,0.06663804,-0.0012619474,-8.88035e-05,-0.45170727,0.0072195106,0.059679672,0.002800126,0.024219377
80,10,1,A,B,292,0.65689766,-0.0074428217,0.90686333,8.315963e-05,4.910752e-07,0.00020569643,-0.17351551,0.00043624974,0.90458846,6.8921545e-06,1.7537619e-05,-7.615635e-05,0.00026237627,0.0019225668,7.966094e-05,0.0021345252,0.0,0.0110343145,0.006168283,-0.0038901255,-0.0092935115,-0.89922667,-0.9001811,-0.89339083,1.01922815e-05,-0.054940764,-0.90627724,0.049412295,-0.0023777676,0.0008543033,-0.0003649424,6.6112425e-06,-5.2288993e-05,0.0,0.0,0.025660768,-0.0026660627,0.8941689,-0.002202219,5.7197878e-05,0.002431545,-0.9168779,0.06663863,-0.0012085806,-8.9435365e-05,-0.97575355,0.0072393487,0.71761185,0.0028004814,0.024406517
81,2,0,B,B,284,0.20142594,-0.0074105663,0.88824683,8.318546e-05,4.909178e-07,0.00020547908,-0.17351797,0.00043609767,0.8856433,6.8878335e-06,1.7537619e-05,-7.5024014e-05,0.00026237126,0.0018999373,7.96488e-05,0.0021038465,0.0,0.011029739,0.006166825,-0.0038857064,-0.009292188,-0.88074994,-0.88155824,-0.8759157,9.994859e-06,-0.054855812,-0.8875714,0.04939812,-0.002377778,0.0008390971,-0.00036314598,6.537825e-06,-5.1951305e-05,0.0,0.0,0.025444113,-0.0026624107,0.8767366,-0.0022015413,5.6347246e-05,0.0024117755,-0.9005612,0.06663814,-0.001265093,-8.897318e-05,0.591353,0.0072253374,-0.45097294,0.0028002372,0.024273045
82,4,1,B,B,308,-0.0011350934,-0.007497323,0.8933378,8.323616e-05,4.967229e-07,0.0002060301,-0.1735186,0.00043646703,0.890617,6.8985646e-06,1.7537619e-05,-7.826239e-05,0.00026238218,0.0019636354,7.96774e-05,0.0021912614,0.0,0.011040923,0.006170274,-0.0038968592,-0.009295298,-0.88578016,-0.88663155,-0.8806515,1.05677145e-05,-0.055074114,-0.8926849,0.049417578,-0.002377789,0.0008830507,-0.00036800175,6.7443893e-06,-5.2875243e-05,0.0,0.0,0.026045436,-0.0026717642,0.8814629,-0.0022031805,5.8773338e-05,0.0024655743,-0.9049629,0.06663872,-0.0013004855,-9.0160596e-05,0.8887199,0.007261736,-0.70974386,0.0028008008,0.02463579
83,3,1,B,B,297,0.14679152,-0.0074612014,0.891359,8.3214436e-05,4.9410414e-07,0.00020581379,-0.1735184,0.00043632858,0.88871646,6.894441e-06,1.7537619e-05,-7.6837656e-05,0.00026237857,0.0019359244,7.966703e-05,0.0021528685,0.0,0.011036702,0.0061690058,-0.0038924688,-0.009294176,-0.8838176,-0.88465387,-0.87879676,1.0312413e-05,-0.054987058,-0.89069754,0.049411427,-0.002377786,0.0008635433,-0.00036596897,6.654742e-06,-5.2483912e-05,0.0,0.0,0.02578768,-0.0026680538,0.87961143,-0.002202569,5.770627e-05,0.0024425879,-0.9032535,0.06663858,-0.0012850863,-8.966658e-05,0.68961006,0.007247086,-0.50654083,0.002800602,0.02448324
84,2,0,A,B,334,0.4136674,-0.0075633,0.8985493,8.32179e-05,4.9927706e-07,0.00020637177,-0.17351803,0.00043666371,0.89607954,6.904753e-06,1.7537619e-05,-8.126866e-05,0.00026238593,0.0020204505,7.9691e-05,0.0022718988,0.0,0.011047022,0.0061720093,-0.0039038432,-0.009296764,-0.8909357,-0.89183176,-0.88551176,1.1125633e-05,-0.055217043,-0.8979218,0.04943335,-0.0023777892,0.0009251984,-0.0003717662,6.9267367e-06,-5.362224e-05,0.0,0.0,0.026552813,-0.002677781,0.88631094,-0.0022040396,6.1026778e-05,0.0025109444,-0.9095878,0.0666388,-0.0013249308,-9.110919e-05,-0.4367086,0.0072863274,0.048943352,0.002801049,0.024921611
85,10,1,A,B,311,0.656898,-0.007506235,0.90666366,8.3185994e-05,4.947738e-07,0.00020608038,-0.17351627,0.00043649785,0.9043865,6.8995023e-06,1.7537619e-05,-7.863359e-05,0.00026238288,0.0019708604,7.967961e-05,0.0022012903,0.0,0.011041871,0.0061705653,-0.0038979065,-0.009295539,-0.8990223,-0.89997673,-0.89319235,1.0635212e-05,-0.055094805,-0.9060776,0.049426943,-0.0023777755,0.00088817335,-0.00036850772,6.7674678e-06,-5.2973883e-05,0.0,0.0,0.02611091,-0.0026726364,0.8939707,-0.0022033162,5.9054182e-05,0.0024718177,-0.9166791,0.066638835,-0.0012424602,-9.031583e-05,-0.97579867,0.007265229,0.7178353,0.0028008427,0.024673834
86,4,1,A,B,262,0.5596674,-0.007300437,0.90146613,8.3069885e-05,4.8295897e-07,0.00020463545,-0.17351185,0.0004354468,0.8991167,6.8702766e-06,1.7537619e-05,-7.160169e-05,0.00026234353,0.0018300705,7.959299e-05,0.002010983,0.0,0.011010461,0.0061604655,-0.0038688052,-0.0092860665,-0.8938299,-0.89474976,-0.8882481,9.415664e-06,-0.054537654,-0.90085435,0.049359802,-0.0023777215,0.0007940045,-0.0003570906,6.3092234e-06,-5.084286e-05,0.0,0.0,0.024750413,-0.002648561,0.8890398,-0.0021986081,5.3783166e-05,0.002349379,-0.9121319,0.06663728,-0.0011656575,-8.74951e-05,-0.88923067,0.007173819,0.44521457,0.0027990574,0.023827331
87,2,0,A,B,300,0.43145558,-0.0074716187,0.8981475,8.3185165e-05,4.9375785e-07,0.00020587817,-0.17351755,0.00043637076,0.89568955,6.895681e-06,1.7537619e-05,-7.723549e-05,0.00026237973,0.00194375,7.9670244e-05,0.0021636183,0.0,0.011037983,0.0061693965,-0.0038937866,-0.009294524,-0.8905317,-0.89142555,-0.88512427,1.0383231e-05,-0.05501289,-0.89751846,0.049417187,-0.0023777834,0.00086895796,-0.00036655355,6.6799985e-06,-5.2595817e-05,0.0,0.0,0.025860796,-0.0026691516,0.8859244,-0.002202756,5.80055e-05,0.0024493723,-0.9092246,0.06663866,-0.001262286,-8.9823465e-05,-0.5294616,0.007251389,0.09194775,0.002800664,0.024526987
88,1,1,B,A,264,0.44010758,-0.007311929,0.88693464,8.308896e-05,4.84118e-07,0.00020473046,-0.1735147,0.0004355242,0.88455963,6.872306e-06,1.7537619e-05,-7.193292e-05,0.00026234728,0.0018369221,7.95999e-05,0.002019958,0.0,0.011012734,0.006161224,-0.003870681,-0.0092868265,-0.8794624,-0.88025725,-0.8747114,9.470617e-06,-0.054572713,-0.8862536,0.049363967,-0.0023777417,0.00079831795,-0.0003577173,6.331754e-06,-5.095564e-05,0.0,0.0,0.02481998,-0.0026501,0.8755351,-0.0021989592,5.4030785e-05,0.002355612,-0.8994957,0.0666372,-0.0012144556,-8.764486e-05,-0.5236038,0.007179439,0.10958171,0.0027992076,0.023873217
89,10,1,A,B,316,0.656898,-0.0075202715,0.9064503,8.319072e-05,4.955877e-07,0.00020615706,-0.17351657,0.00043654363,0.9041743,6.900917e-06,1.7537619e-05,-7.9238576e-05,0.0002623838,0.0019824205,7.968288e-05,0.0022175454,0.0,0.011043284,0.0061709746,-0.0038994686,-0.009295891,-0.8988091,-0.8997621,-0.89298964,1.07459355e-05,-0.055126425,-0.9058633,0.049429532,-0.0023777764,0.00089657627,-0.00036930438,6.804691e-06,-5.313016e-05,0.0,0.0,0.02621581,-0.0026739752,0.89376825,-0.0022035171,5.950745e-05,0.0024811628,-0.91649663,0.066638865,-0.0012503739,-9.051266e-05,-0.9758011,0.0072706277,0.7178448,0.0028009042,0.024734061
90,3,1,B,B,286,0.12834795,-0.007418977,0.89153856,8.319196e-05,4.914814e-07,0.0002055371,-0.17351776,0.00043613906,0.8888926,6.888997e-06,1.7537619e-05,-7.531256e-05,0.00026237263,0.0019057144,7.965215e-05,0.0021116626,0.0,0.011030979,0.0061672246,-0.0038868808,-0.009292553,-0.88401246,-0.88484555,-0.8789969,1.0044858e-05,-0.054878335,-0.890876,0.04940009,-0.0023777785,0.0008429574,-0.00036361295,6.556632e-06,-5.2038664e-05,0.0,0.0,0.025499921,-0.0026633816,0.8798125,-0.0022017257,5.6563444e-05,0.0024167844,-0.9034546,0.06663841,-0.0012606796,-8.908672e-05,0.7176954,0.0072290422,-0.5344611,0.0028003051,0.024307694
91,1,1,B,A,268,0.43804142,-0.007333956,0.88697463,8.310311e-05,4.8536685e-07,0.00020490812,-0.17351574,0.0004356664,0.88460517,6.8760696e-06,1.7537619e-05,-7.2582094e-05,0.00026235386,0.0018503331,7.961242e-05,0.0020376083,0.0,0.011016924,0.0061626355,-0.003874237,-0.009288203,-0.8795172,-0.8803087,-0.87477976,9.579077e-06,-0.05463885,-0.88629127,0.049373507,-0.0023777531,0.00080679526,-0.00035892258,6.375715e-06,-5.117388e-05,0.0,0.0,0.024954993,-0.0026529909,0.8756036,-0.002199603,5.4517528e-05,0.0023678606,-0.8995704,0.06663747,-0.001226367,-8.794262e-05,-0.5560719,0.0071900594,0.10814442,0.0027994767,0.023961546
92,6,1,B,B,312,-0.32888412,-0.007509123,0.89764905,8.324322e-05,4.9778816e-07,0.00020609639,-0.17351793,0.00043650754,0.8948332,6.8997997e-06,1.7537619e-05,-7.8756704e-05,0.00026238308,0.0019731275,7.968031e-05,0.0022045737,0.0,0.011042169,0.0061706393,-0.0038982183,-0.009295615,-0.890045,-0.8909327,-0.88467133,1.0657622e-05,-0.055101328,-0.8970165,0.04941613,-0.0023777871,0.00088988454,-0.00036866966,6.7750348e-06,-5.3005577e-05,0.0,0.0,0.026132355,-0.0026729153,0.8854732,-0.0022033588,5.914287e-05,0.0024732982,-0.90861773,0.066638835,-0.0012898135,-9.0311674e-05,0.980617,0.0072663506,-0.9370904,0.002800856,0.024686163
93,1,2,B,A,276,0.5353515,-0.0073744333,0.88774973,8.3124476e-05,4.875065e-07,0.00020521908,-0.17351714,0.00043590664,0.8854787,6.882543e-06,1.7537619e-05,-7.383323e-05,0.0002623641,0.0018759319,7.963301e-05,0.0020715767,0.0,0.011024036,0.0061649876,-0.0038804756,-0.0092904605,-0.880276,-0.88107574,-0.8754866,9.790511e-06,-0.05475608,-0.88707083,0.049389996,-0.0023777683,0.00082326034,-0.0003611475,6.4594283e-06,-5.158082e-05,0.0,0.0,0.025209336,-0.0026580943,0.8763095,-0.0022006847,5.5455588e-05,0.002390883,-0.90026176,0.066637866,-0.0012461741,-8.84941e-05,-0.85276765,0.0072090323,0.38128003,0.0027999114,0.02412524
94,2,1,A,A,316,0.29981017,-0.0075202715,0.8997179,8.3223225e-05,4.972204e-07,0.00020615706,-0.17351769,0.00043654363,0.897144,6.900917e-06,1.7537619e-05,-7.923908e-05,0.0002623838,0.0019823732,7.968288e-05,0.0022175347,0.0,0.011043284,0.006170963,-0.0038994565,-0.009295891,-0.8920888,-0.892996,-0.88659567,1.0746008e-05,-0.055126425,-0.89909726,0.049425386,-0.0023777871,0.0008965864,-0.00036930307,6.804691e-06,-5.312993e-05,0.0,0.0,0.026215827,-0.0026739752,0.887392,-0.0022035171,5.9506237e-05,0.0024809118,-0.9105417,0.066638835,-0.0012854651,-9.049551e-05,0.14675231,0.0072706277,-0.22022252,0.0028009042,0.024734037
95,1,1,B,A,276,0.44040665,-0.0073744333,0.8869597,8.313383e-05,4.8792685e-07,0.00020521908,-0.17351723,0.00043590664,0.88458663,6.882543e-06,1.7537619e-05,-7.383327e-05,0.0002623641,0.001875921,7.963301e-05,0.0020715767,0.0,0.011024036,0.0061649852,-0.0038804745,-0.0092904605,-0.8794999,-0.880292,-0.87476075,9.790518e-06,-0.05475609,-0.886277,0.049388852,-0.002377769,0.00082326104,-0.0003611475,6.459431e-06,-5.158079e-05,0.0,0.0,0.025209336,-0.0026580943,0.87558484,-0.0022006847,5.5455337e-05,0.0023908177,-0.89954925,0.06663787,-0.0012483567,-8.8490015e-05,-0.5387949,0.0072090323,0.104994915,0.0027999114,0.02412524
96,2,1,A,A,266,0.31893235,-0.007323099,0.89998496,8.310951e-05,4.85081e-07,0.00020482129,-0.17351319,0.00043559735,0.89743143,6.8742356e-06,1.7537619e-05,-7.2259005e-05,0.00026235072,0.0018436712,7.960637e-05,0.0020288639,0.0,0.011014887,0.006161964,-0.0038725212,-0.009287537,-0.89235735,-0.8932651,-0.8868522,9.525051e-06,-0.05460656,-0.89936537,0.049367383,-0.0023777361,0.0008025665,-0.00035832825,6.353913e-06,-5.1066276e-05,0.0,0.0,0.024888167,-0.0026515757,0.88764787,-0.0021992906,5.427544e-05,0.0023617244,-0.91079116,0.06663764,-0.0011807019,-8.779219e-05,0.037006162,0.0071848496,-0.17179304,0.0027993468,0.023917945
97,6,1,B,B,252,-0.34735936,-0.007237823,0.8982858,8.3052015e-05,4.80598e-07,0.0002040911,-0.17350824,0.00043498568,0.8954752,6.8584327e-06,1.7537619e-05,-6.988591e-05,0.00026231876,0.0017940578,7.955071e-05,0.0019642187,0.0,0.010996993,0.006155795,-0.0038579444,-0.009281398,-0.89066917,-0.8915642,-0.88525397,9.133908e-06,-0.05433897,-0.89765775,0.049320426,-0.002377679,0.0007718632,-0.00035368808,6.1908704e-06,-5.0236144e-05,0.0,0.0,0.024380945,-0.002639823,0.8860538,-0.0021965085,5.2495016e-05,0.0023155888,-0.9091439,0.066636145,-0.0011495694,-8.663158e-05,0.9592549,0.007142289,-0.915939,0.0027981221,0.02357948
98,0,1,B,A,280,0.52951765,-0.0073930128,0.88559395,8.313654e-05,4.886785e-07,0.00020535488,-0.17351812,0.00043600757,0.8833338,6.885322e-06,1.7537619e-05,-7.443613e-05,0.00026236798,0.0018881387,7.9641424e-05,0.002087911,0.0,0.0110270465,0.006165958,-0.0038832012,-0.009291382,-0.878158,-0.87893695,-0.8735036,9.893589e-06,-0.054807954,-0.8849052,0.049396332,-0.0023777795,0.0008312578,-0.00036217363,6.4992746e-06,-5.1770327e-05,0.0,0.0,0.025329065,-0.0026603425,0.8743303,-0.0022011378,5.5907374e-05,0.002401673,-0.8983891,0.06663799,-0.0012648599,-8.8746485e-05,-0.8459065,0.007217493,0.3587196,0.002800086,0.024201028
99,6,1,B,B,286,-0.32665452,-0.007418977,0.89796615,8.319987e-05,4.9215197e-07,0.0002055371,-0.17351674,0.00043613906,0.8951509,6.888997e-06,1.7537619e-05,-7.5312135e-05,0.00026237263,0.0019056958,7.965215e-05,0.0021116815,0.0,0.011030979,0.006167227,-0.0038868957,-0.009292553,-0.8903561,-0.8912476,-0.8849628,1.0044853e-05,-0.054878436,-0.8973358,0.049394473,-0.0023777743,0.0008429496,-0.0003636132,6.556632e-06,-5.20388e-05,0.0,0.0,0.02549994,-0.0026633816,0.8857634,-0.0022017257,5.6562163e-05,0.0024167313,-0.9088841,0.0666385,-0.0012337941,-8.906738e-05,0.979842,0.0072290422,-0.9313602,0.0028003051,0.024307694
100,1,1,A,B,301,0.19396466,-0.0074749934,0.89841294,8.321983e-05,4.949163e-07,0.00020589867,-0.17351757,0.000436384,0.89576095,6.8960753e-06,1.7537619e-05,-7.7366574e-05,0.00026238005,0.0019462836,7.967124e-05,0.0021671588,0.0,0.011038387,0.006169519,-0.0038942043,-0.009294633,-0.8907911,-0.891688,-0.88536566,1.0406636e-05,-0.055021122,-0.8977858,0.049414888,-0.002377784,0.00087075046,-0.00036674325,6.6882803e-06,-5.2632226e-05,0.0,0.0,0.025884703,-0.0026695027,0.8861647,-0.0022028144,5.8102985e-05,0.0024512773,-0.9093775,0.066638716,-0.0012630059,-8.985879e-05,0.61649996,0.0072527695,-0.45586795,0.0028006835,0.024541205
101,1,2,B,A,275,0.53902185,-0.007369621,0.8879787,8.312144e-05,4.8722416e-07,0.0002051832,-0.17351688,0.00043587945,0.88570374,6.881804e-06,1.7537619e-05,-7.368016e-05,0.00026236303,0.0018728201,7.9630736e-05,0.0020674267,0.0,0.011023231,0.006164725,-0.0038797546,-0.009290211,-0.88049376,-0.88129747,-0.87568265,9.7644715e-06,-0.05474245,-0.88730127,0.049388237,-0.0023777664,0.0008212371,-0.0003608823,6.449261e-06,-5.1532035e-05,0.0,0.0,0.025178645,-0.002657502,0.87650484,-0.002200563,5.534087e-05,0.0023881115,-0.9004424,0.06663783,-0.001242718,-8.842867e-05,-0.85732794,0.0072068144,0.3854214,0.0027998635,0.02410568
102,1,1,B,A,334,0.43537253,-0.0075633,0.8873468,8.321543e-05,4.99206e-07,0.00020637177,-0.17351995,0.00043666371,0.88497543,6.904753e-06,1.7537619e-05,-8.126941e-05,0.00026238593,0.0020204524,7.9691e-05,0.0022718664,0.0,0.011047022,0.0061719986,-0.003903819,-0.009296764,-0.8798858,-0.8806803,-0.8751267,1.1125678e-05,-0.05521686,-0.8866654,0.049433857,-0.0023777997,0.0009252157,-0.00037176604,6.926738e-06,-5.3621956e-05,0.0,0.0,0.026552824,-0.002677781,0.8759502,-0.0022040396,6.1026807e-05,0.0025109553,-0.8998969,0.06663854,-0.001383483,-9.110962e-05,-0.54798037,0.0072863274,0.10574006,0.002801049,0.024921611
103,2,0,B,B,285,0.2011504,-0.0074148015,0.88835996,8.318553e-05,4.9106853e-07,0.00020550839,-0.17351814,0.00043611866,0.88576347,6.888422e-06,1.7537619e-05,-7.5168806e-05,0.00026237196,0.0019028407,7.96505e-05,0.0021077627,0.0,0.0110303685,0.006167026,-0.0038862973,-0.009292373,-0.8808656,-0.8816735,-0.8760279,1.0019922e-05,-0.054867182,-0.8876854,0.049399618,-0.0023777795,0.00084103324,-0.00036338108,6.547269e-06,-5.1995205e-05,0.0,0.0,0.025472155,-0.0026629013,0.8768488,-0.0022016347,5.6455792e-05,0.002414317,-0.9006696,0.06663821,-0.0012691207,-8.903205e-05,0.58426434,0.0072272075,-0.43816188,0.0028002718,0.02429048
104,2,0,B,B,294,0.2290708,-0.00745033,0.88835424,8.320293e-05,4.9320045e-07,0.00020574497,-0.17351887,0.00043628263,0.8857715,6.893103e-06,1.7537619e-05,-7.64321e-05,0.00026237723,0.0019279475,7.966349e-05,0.0021419078,0.0,0.011035309,0.00616857,-0.003891071,-0.009293791,-0.88085425,-0.881664,-0.87601197,1.0240699e-05,-0.054959744,-0.8876793,0.049409885,-0.002377786,0.0008580411,-0.00036536052,6.628857e-06,-5.2368057e-05,0.0,0.0,0.02571231,-0.0026668846,0.87683266,-0.0022023653,5.740252e-05,0.0024358847,-0.90065783,0.06663838,-0.0012918641,-8.95208e-05,0.506447,0.007242532,-0.39396518,0.0028005324,0.024437783
105,0,1,A,A,268,0.05928384,-0.007333956,0.89810514,8.313745e-05,4.863937e-07,0.00020490812,-0.17351398,0.0004356664,0.8953801,6.8760696e-06,1.7537619e-05,-7.2581635e-05,0.00026235386,0.0018503064,7.961242e-05,0.0020376327,0.0,0.011016924,0.006162647,-0.0038742565,-0.009288203,-0.8904942,-0.89138657,-0.8850925,9.579048e-06,-0.054638963,-0.8974755,0.04936929,-0.002377744,0.0008067867,-0.0003589227,6.3757134e-06,-5.1174084e-05,0.0,0.0,0.024955012,-0.0026529909,0.88589317,-0.002199603,5.4516677e-05,0.0023676504,-0.90910673,0.066637784,-0.0011919315,-8.792985e-05,0.8645477,0.0071900594,-0.6803055,0.0027994767,0.023961546
106,4,1,B,B,309,0.020393701,-0.007500337,0.8936391,8.3235725e-05,4.967506e-07,0.00020604725,-0.17351866,0.00043647765,0.89093316,6.8988857e-06,1.7537619e-05,-7.8387224e-05,0.0002623824,0.001966042,7.967816e-05,0.0021946176,0.0,0.011041249,0.006170369,-0.0038972069,-0.009295381,-0.88608587,-0.88693786,-0.8809466,1.0590336e-05,-0.0550811,-0.8929866,0.049418706,-0.0023777897,0.00088477344,-0.00036817216,6.7521446e-06,-5.2908385e-05,0.0,0.0,0.026067493,-0.0026720613,0.8817577,-0.002203227,5.8866935e-05,0.002467552,-0.9052509,0.06663873,-0.0013034606,-9.0204674e-05,0.8551206,0.007262922,-0.6717045,0.002800815,0.024648624
107,10,1,B,B,340,-0.75980836,-0.00757537,0.90572447,8.326423e-05,5.0200646e-07,0.0002064262,-0.17351703,0.0004366918,0.902892,6.9056887e-06,1.7537619e-05,-8.189589e-05,0.0002623863,0.0020319307,7.9692785e-05,0.0022887064,0.0,0.011047909,0.0061722626,-0.0039049794,-0.009296958,-0.8980899,-0.89903593,-0.8923086,1.1245765e-05,-0.05524066,-0.9051321,0.04941988,-0.0023777783,0.00093418034,-0.00037246532,6.963574e-06,-5.376484e-05,0.0,0.0,0.026652372,-0.002678763,0.8930904,-0.002204161,6.1492465e-05,0.0025193742,-0.91556436,0.066638954,-0.0012913265,-9.122069e-05,0.9975267,0.0072904797,-0.998052,0.0028010816,0.024975171
108,6,1,A,B,275,0.63936377,-0.007369621,0.90341204,8.3118415e-05,4.868145e-07,0.0002051832,-0.1735145,0.00043587945,0.90113807,6.881804e-06,1.7537619e-05,-7.367939e-05,0.00026236303,0.0018728302,7.9630736e-05,0.002067452,0.0,0.011023231,0.006164743,-0.003879782,-0.009290211,-0.8957843,-0.8967136,-0.89011675,9.764434e-06,-0.054742545,-0.9028072,0.049388994,-0.0023777517,0.00082122267,-0.00036088325,6.449261e-06,-5.1532323e-05,0.0,0.0,0.025178628,-0.002657502,0.8909049,-0.002200563,5.5341163e-05,0.0023881397,-0.91390586,0.06663814,-0.001189471,-8.843299e-05,-0.96721894,0.0072068144,0.666596,0.0027998635,0.024105683
109,2,0,A,A,310,0.40689564,-0.007503307,0.8979146,8.320204e-05,4.9580007e-07,0.00020606401,-0.17351785,0.0004364879,0.89543504,6.899198e-06,1.7537619e-05,-7.85109e-05,0.00026238264,0.00196846,7.96789e-05,0.002197959,0.0,0.011041564,0.006170462,-0.003897558,-0.009295461,-0.8903015,-0.89119345,-0.8849078,1.0612858e-05,-0.055088088,-0.89728427,0.049423553,-0.0023777867,0.0008864789,-0.0003683403,6.759837e-06,-5.2941243e-05,0.0,0.0,0.026089316,-0.0026723517,0.8857084,-0.0022032722,5.896102e-05,0.0024697578,-0.90902025,0.06663874,-0.0012833583,-9.0262845e-05,-0.40194044,0.007264086,0.023697374,0.0028008295,0.024661297
110,1,1,A,A,309,0.19589055,-0.007500337,0.8985305,8.3230974e-05,4.964846e-07,0.00020604725,-0.17351766,0.00043647765,0.895876,6.8988857e-06,1.7537619e-05,-7.838683e-05,0.0002623824,0.0019660492,7.967816e-05,0.00219463,0.0,0.011041249,0.00617037,-0.0038972185,-0.009295381,-0.89091057,-0.89180773,-0.8854809,1.0590335e-05,-0.055081252,-0.8979038,0.049420185,-0.0023777864,0.00088476593,-0.00036817233,6.7521446e-06,-5.290852e-05,0.0,0.0,0.026067484,-0.0026720613,0.8862799,-0.002203227,5.8867365e-05,0.0024675904,-0.90949,0.0666388,-0.001278932,-9.021066e-05,0.63153327,0.007262922,-0.4656099,0.002800815,0.024648624
111,6,1,A,B,258,0.6414627,-0.007276452,0.90338135,8.304804e-05,4.8126685e-07,0.00020443222,-0.17351028,0.00043527797,0.90109944,6.8658956e-06,1.7537619e-05,-7.09279e-05,0.0002623349,0.0018160226,7.957772e-05,0.0019926373,0.0,0.011005513,0.006158773,-0.0038647503,-0.009284384,-0.8957467,-0.8966775,-0.8900752,9.304387e-06,-0.054462966,-0.90277785,0.049349114,-0.0023777047,0.00078527513,-0.00035578455,6.2630443e-06,-5.060873e-05,0.0,0.0,0.024607025,-0.0026452832,0.89086294,-0.002197841,5.327825e-05,0.0023363782,-0.9138459,0.0666369,-0.0011501876,-8.7175526e-05,-0.9575607,0.0071619176,0.6582357,0.0027987233,0.023731971
112,4,1,B,B,331,0.0007413442,-0.00755687,0.8936612,8.325607e-05,5.003686e-07,0.0002063417,-0.17351894,0.00043664768,0.89094245,6.9042276e-06,1.7537619e-05,-8.094622e-05,0.00026238567,0.0020144302,7.9689955e-05,0.0022632626,0.0,0.011046521,0.0061718714,-0.0039032174,-0.009296654,-0.8860939,-0.8869496,-0.88094115,1.106437e-05,-0.05520402,-0.8930101,0.049427353,-0.0023777923,0.00092061126,-0.00037139573,6.907626e-06,-5.3547104e-05,0.0,0.0,0.026500804,-0.0026772413,0.8817511,-0.0022039702,6.078351e-05,0.0025060165,-0.90522367,0.0666388,-0.0013436775,-9.09963e-05,0.8768513,0.007284068,-0.69425726,0.002801031,0.024893265
113,2,1,A,B,351,0.31670085,-0.007594994,0.8997116,8.323939e-05,5.0160736e-07,0.00020650872,-0.17351805,0.00043673237,0.89716035,6.9070766e-06,1.7537619e-05,-8.2988736e-05,0.00026238686,0.0020517816,7.969528e-05,0.0023177848,0.0,0.011049199,0.006172588,-0.003906662,-0.009297225,-0.89209825,-0.89300066,-0.886618,1.1458386e-05,-0.055277072,-0.8990885,0.0494356,-0.0023777892,0.0009500042,-0.00037360552,7.0265774e-06,-5.4000924e-05,0.0,0.0,0.026819894,-0.0026802728,0.88741547,-0.0022043353,6.2314415e-05,0.0025343637,-0.9106004,0.06663891,-0.0013441045,-9.155825e-05,0.06157229,0.007296965,-0.18435626,0.0028011247,0.025063274
114,0,1,A,A,315,0.049850874,-0.0075175436,0.8986462,8.3242456e-05,4.978354e-07,0.0002061424,-0.17351782,0.000436535,0.89592505,6.900648e-06,1.7537619e-05,-7.9119636e-05,0.00026238363,0.001980076,7.9682264e-05,0.0022143247,0.0,0.011043016,0.0061708842,-0.0038991559,-0.009295825,-0.8910432,-0.8919365,-0.8856228,1.0724054e-05,-0.055120353,-0.8980175,0.04942204,-0.0023777876,0.000894925,-0.0003691477,6.797368e-06,-5.3099342e-05,0.0,0.0,0.026195278,-0.0026737184,0.88642293,-0.0022034792,5.9415957e-05,0.0024789309,-0.90961677,0.06663885,-0.0012916183,-9.044607e-05,0.85819167,0.0072695883,-0.678136,0.0028008928,0.024722297
115,2,1,A,A,260,0.32340735,-0.007288615,0.899132,8.3080464e-05,4.829437e-07,0.00020453609,-0.17351156,0.0004353648,0.8965802,6.8681416e-06,1.7537619e-05,-7.126705e-05,0.00026233942,0.0018230809,7.958561e-05,0.002001868,0.0,0.011008055,0.0061596413,-0.0038668192,-0.009285253,-0.8915162,-0.89241564,-0.8860617,9.360272e-06,-0.05450109,-0.8985069,0.049352083,-0.0023777178,0.00078966416,-0.00035644587,6.2863232e-06,-5.0727118e-05,0.0,0.0,0.02467945,-0.0026469561,0.8868599,-0.0021982358,5.3531745e-05,0.0023428171,-0.91007304,0.0666371,-0.0011683883,-8.732895e-05,0.030718153,0.0071679805,-0.17350373,0.0027988965,0.023780258
116,2,1,A,B,255,0.32382083,-0.0072575486,0.8997568,8.305108e-05,4.8098786e-07,0.00020426739,-0.17350952,0.0004351381,0.8972086,6.862305e-06,1.7537619e-05,-7.041182e-05,0.00026232738,0.0018051687,7.956489e-05,0.0019785627,0.0,0.0110014295,0.00615735,-0.003861457,-0.009282965,-0.8921286,-0.89303565,-0.88663435,9.219701e-06,-0.05440286,-0.8991361,0.049336772,-0.0023776938,0.00077861897,-0.00035475713,6.227401e-06,-5.0425697e-05,0.0,0.0,0.02449568,-0.0026426387,0.88743025,-0.0021972042,5.2890526e-05,0.0023261437,-0.9105861,0.06663652,-0.0011539756,-8.691338e-05,0.0008915487,0.0071523823,-0.15552825,0.002798439,0.023657184
117,3,1,B,A,322,0.16819212,-0.007535853,0.8912732,8.324415e-05,4.986989e-07,0.00020623839,-0.17351907,0.0004365907,0.8886468,6.902394e-06,1.7537619e-05,-7.994143e-05,0.0002623847,0.0019956452,7.968614e-05,0.0022363435,0.0,0.011044742,0.0061713737,-0.0039010982,-0.009296242,-0.8837509,-0.88458145,-0.87875116,1.0875807e-05,-0.055160217,-0.8906097,0.049426384,-0.0023777925,0.0009064176,-0.00037019077,6.847391e-06,-5.330554e-05,0.0,0.0,0.026334982,-0.002675406,0.879567,-0.0022037223,6.003136e-05,0.0024913708,-0.90323496,0.06663873,-0.0013389197,-9.070685e-05,0.6653963,0.007276466,-0.488661,0.0028009631,0.024801405
118,1,2,A,A,349,0.0012726593,-0.0075916504,0.9006389,8.32649e-05,5.0254334e-07,0.00020649521,-0.17351788,0.00043672588,0.897884,6.9068524e-06,1.7537619e-05,-8.2795515e-05,0.00026238678,0.0020482752,7.969488e-05,0.0023126532,0.0,0.011048993,0.0061725397,-0.0039063874,-0.009297183,-0.893007,-0.8939203,-0.8874678,1.1420475e-05,-0.055271044,-0.9000228,0.04943121,-0.0023777874,0.00094719185,-0.00037341082,7.0155406e-06,-5.396022e-05,0.0,0.0,0.026790805,-0.0026800237,0.8882618,-0.0022043074,6.216857e-05,0.0025315878,-0.9112716,0.06663891,-0.0013343144,-9.149314e-05,0.90776706,0.0072958847,-0.74569976,0.0028011184,0.02504816
119,6,1,B,B,344,-0.2988977,-0.007582863,0.89753747,8.326524e-05,5.023878e-07,0.0002064586,-0.17351823,0.00043670798,0.89471984,6.9062385e-06,1.7537619e-05,-8.2302344e-05,0.00026238654,0.0020393303,7.96938e-05,0.0022995023,0.0,0.011048424,0.0061723846,-0.0039056262,-0.009297067,-0.8899233,-0.89081305,-0.8845458,1.1324282e-05,-0.055254787,-0.8969059,0.049426418,-0.0023777906,0.000940043,-0.0003728985,6.9871444e-06,-5.3854033e-05,0.0,0.0,0.02671544,-0.0026793522,0.885347,-0.0022042308,6.1797924e-05,0.0025249326,-0.90849143,0.06663891,-0.0013429287,-9.134984e-05,0.9782696,0.007292995,-0.9296845,0.0028011,0.025008641
120,0,1,A,A,278,0.040119797,-0.007383855,0.8985701,8.317489e-05,4.8957935e-07,0.00020528851,-0.17351568,0.00043595853,0.8958375,6.8839686e-06,1.7537619e-05,-7.4135976e-05,0.0002623661,0.0018820438,7.9637364e-05,0.002079826,0.0,0.0110255815,0.006165499,-0.0038818906,-0.009290936,-0.890958,-0.8918535,-0.88553286,9.842234e-06,-0.054782685,-0.89794266,0.049387608,-0.0023777636,0.00082726876,-0.00036166757,6.4795113e-06,-5.1676914e-05,0.0,0.0,0.025269821,-0.0026592417,0.8863326,-0.0022009178,5.568171e-05,0.0023960548,-0.9095114,0.066638276,-0.0012148051,-8.860404e-05,0.8763546,0.007213343,-0.698611,0.002800002,0.024163615
121,10,1,B,B,311,-0.786048,-0.007506235,0.9058651,8.3242936e-05,4.9770307e-07,0.00020608038,-0.17351657,0.00043649785,0.9030293,6.8995023e-06,1.7537619e-05,-7.8633595e-05,0.00026238288,0.0019707761,7.967961e-05,0.002201308,0.0,0.011041871,0.006170565,-0.0038979098,-0.009295539,-0.8982231,-0.8991727,-0.8924305,1.06352245e-05,-0.055094853,-0.90527445,0.049409628,-0.002377776,0.000888176,-0.0003685077,6.7674678e-06,-5.2973875e-05,0.0,0.0,0.026110983,-0.0026726364,0.89321107,-0.0022033162,5.9049573e-05,0.0024713906,-0.91564643,0.06663889,-0.0012460193,-9.0249414e-05,0.9979518,0.007265229,-0.9986525,0.0028008427,0.024673834
122,3,1,A,B,323,0.40933177,-0.0075383224,0.9003825,8.320859e-05,4.9765544e-07,0.00020625092,-0.17351778,0.00043659777,0.8979049,6.9026196e-06,1.7537619e-05,-8.005525e-05,0.00026238486,0.001997834,7.9686615e-05,0.002239427,0.0,0.011044961,0.0061714407,-0.003901373,-0.009296294,-0.8927539,-0.89366484,-0.88722956,1.0897109e-05,-0.05516563,-0.89976454,0.04942995,-0.002377787,0.00090801105,-0.00037033233,6.8543054e-06,-5.3333868e-05,0.0,0.0,0.026354128,-0.0026756274,0.88802457,-0.0022037532,6.011809e-05,0.0024933703,-0.9111605,0.06663885,-0.0012968862,-9.0756366e-05,-0.44597396,0.0072773756,0.055395007,0.002800972,0.024812138
123,2,0,A,B,304,0.41301814,-0.0074848365,0.8980549,8.319295e-05,4.946133e-07,0.00020595755,-0.1735177,0.00043642163,0.8955803,6.8971963e-06,1.7537619e-05,-7.7755125e-05,0.000262381,0.001953867,7.967406e-05,0.0021776203,0.0,0.011039535,0.0061698626,-0.0038953964,-0.0092949355,-0.8904406,-0.89133364,-0.88503885,1.0476259e-05,-0.055044804,-0.89742523,0.0494199,-0.0023777853,0.000876069,-0.0003672971,6.7127216e-06,-5.273887e-05,0.0,0.0,0.025954962,-0.0026705128,0.8858391,-0.0022029805,5.8394846e-05,0.0024577868,-0.9091439,0.0666387,-0.0012707168,-9.00063e-05,-0.4234951,0.0072567584,0.03558009,0.0028007368,0.02458278
124,1,2,B,A,304,0.5201152,-0.0074848365,0.88785315,8.318293e-05,4.942033e-07,0.00020595755,-0.17351939,0.00043642163,0.88555723,6.8971963e-06,1.7537619e-05,-7.775573e-05,0.000262381,0.0019538791,7.967406e-05,0.0021775945,0.0,0.011039535,0.006169852,-0.003895374,-0.0092949355,-0.8803671,-0.88117063,-0.87556154,1.0476286e-05,-0.05504463,-0.8871758,0.04942129,-0.0023777906,0.0008760824,-0.00036729703,6.7127216e-06,-5.2738666e-05,0.0,0.0,0.025954952,-0.0026705128,0.87638354,-0.0022029805,5.839509e-05,0.0024578485,-0.9003186,0.066638395,-0.0013158312,-9.000999e-05,-0.81703055,0.0072567584,0.332021,0.0028007368,0.02458278
125,3,1,A,B,309,0.4377759,-0.007500337,0.9000114,8.319452e-05,4.9537135e-07,0.00020604725,-0.17351758,0.00043647765,0.89755934,6.8988857e-06,1.7537619e-05,-7.8386794e-05,0.0002623824,0.0019660806,7.967816e-05,0.0021946274,0.0,0.011041249,0.006170371,-0.003897221,-0.009295381,-0.89238465,-0.8932929,-0.88687974,1.0590331e-05,-0.055081226,-0.8993917,0.049423493,-0.0023777857,0.0008847626,-0.0003681724,6.7521446e-06,-5.290857e-05,0.0,0.0,0.026067471,-0.0026720613,0.8876752,-0.002203227,5.886825e-05,0.002467858,-0.91084707,0.06663874,-0.0012720546,-9.022367e-05,-0.5705415,0.007262922,0.12190854,0.002800815,0.024648624
126,0,1,A,A,313,0.048979975,-0.0075119697,0.8983073,8.324031e-05,4.9745466e-07,0.00020611208,-0.17351778,0.00043651697,0.8955757,6.90009e-06,1.7537619e-05,-7.887841e-05,0.00026238326,0.0019754732,7.968099e-05,0.002207843,0.0,0.011042458,0.0061707227,-0.0038985375,-0.009295687,-0.89069283,-0.8915877,-0.88527906,1.067986e-05,-0.055107832,-0.89767915,0.04942117,-0.0023777871,0.0008915729,-0.00036883113,6.7825404e-06,-5.303721e-05,0.0,0.0,0.026153529,-0.0026731887,0.8860788,-0.0022033998,5.923531e-05,0.0024752202,-0.9092714,0.066638835,-0.001289362,-9.036907e-05,0.8712088,0.0072674495,-0.6904701,0.0028008688,0.024698362
127,2,1,A,B,302,0.315911,-0.0074783205,0.8999549,8.3204824e-05,4.946107e-07,0.00020591874,-0.17351738,0.00043639686,0.89739716,6.896458e-06,1.7537619e-05,-7.749682e-05,0.0002623804,0.0019488361,7.967221e-05,0.0021706705,0.0,0.011038781,0.0061696377,-0.0038946122,-0.009294737,-0.8923293,-0.8932364,-0.8868273,1.0429941e-05,-0.055029172,-0.8993351,0.049417224,-0.002377783,0.00087252905,-0.00036693047,6.696494e-06,-5.266822e-05,0.0,0.0,0.025908357,-0.0026698462,0.88762337,-0.0022028715,5.8201047e-05,0.0024535137,-0.9107699,0.06663873,-0.0012594148,-8.99113e-05,0.057409417,0.007254124,-0.17759357,0.002800702,0.024555238
128,2,0,B,B,342,0.18384665,-0.0075791697,0.8885888,8.3252424e-05,5.0117865e-07,0.00020644277,-0.17351988,0.00043670007,0.88598233,6.9059697e-06,1.7537619e-05,-8.21014e-05,0.00026238646,0.0020356919,7.969331e-05,0.0022940896,0.0,0.0110481735,0.0061723087,-0.0039052786,-0.009297014,-0.8811049,-0.8819114,-0.876267,1.1285257e-05,-0.0552477,-0.8879125,0.04943276,-0.0023777967,0.00093714736,-0.00037268375,6.9754565e-06,-5.380962e-05,0.0,0.0,0.026684187,-0.002679064,0.8770882,-0.0022041968,6.164899e-05,0.0025222811,-0.90090126,0.06663867,-0.001392347,-9.132427e-05,0.6251397,0.0072917617,-0.47337705,0.0028010907,0.024992114
129,4,1,B,B,296,-0.043122545,-0.0074576293,0.89354414,8.321882e-05,4.942842e-07,0.00020579137,-0.17351817,0.0004363137,0.8908024,6.8940067e-06,1.7537619e-05,-7.670311e-05,0.00026237813,0.0019332744,7.966589e-05,0.0021492483,0.0,0.011036252,0.006168868,-0.0038920213,-0.009294051,-0.8859773,-0.8868323,-0.88083106,1.0288603e-05,-0.054978162,-0.8928926,0.04940833,-0.0023777843,0.0008617142,-0.00036576882,6.6461835e-06,-5.244578e-05,0.0,0.0,0.025762815,-0.0026676722,0.8816416,-0.0022025032,5.7605026e-05,0.002440322,-0.90511125,0.06663862,-0.0012731708,-8.960949e-05,0.9161299,0.0072455974,-0.7589961,0.0028005794,0.024468279
130,10,1,A,B,265,0.65663564,-0.0073175533,0.90684503,8.308149e-05,4.836875e-07,0.00020477637,-0.17351197,0.0004355613,0.9045639,6.8732834e-06,1.7537619e-05,-7.20959e-05,0.00026234903,0.0018403337,7.9603196e-05,0.0020244434,0.0,0.011013826,0.0061616157,-0.0038716332,-0.009287189,-0.8992042,-0.90016,-0.89336604,9.497836e-06,-0.054589856,-0.9062599,0.049368247,-0.0023777273,0.0008004363,-0.0003580259,6.342878e-06,-5.101155e-05,0.0,0.0,0.02485422,-0.0026508456,0.8941439,-0.0021991273,5.4154094e-05,0.0023588014,-0.9168354,0.06663759,-0.0011557013,-8.772869e-05,-0.9728695,0.0071821697,0.7090889,0.0027992786,0.023895742
131,6,1,B,B,289,-0.3440862,-0.0074311537,0.8978894,8.320685e-05,4.929064e-07,0.00020561945,-0.17351688,0.0004361967,0.8950675,6.890635e-06,1.7537619e-05,-7.5738426e-05,0.00026237458,0.0019141953,7.9656755e-05,0.0021232099,0.0,0.0110327145,0.0061677736,-0.0038885567,-0.009293056,-0.8902719,-0.89116484,-0.8848752,1.0119069e-05,-0.054910526,-0.89726007,0.049397875,-0.0023777774,0.0008486744,-0.00036429064,6.5842733e-06,-5.2165975e-05,0.0,0.0,0.025581593,-0.0026647642,0.88567567,-0.0022019832,5.688159e-05,0.002424062,-0.90878344,0.06663857,-0.0012406367,-8.923387e-05,0.9817053,0.007234342,-0.9405236,0.0028003978,0.024358043
132,2,0,B,B,349,0.18768542,-0.0075916504,0.88853025,8.325463e-05,5.0188123e-07,0.00020649521,-0.17351991,0.00043672588,0.8859289,6.9068524e-06,1.7537619e-05,-8.279648e-05,0.00026238678,0.0020482931,7.969488e-05,0.0023126118,0.0,0.011048993,0.0061725243,-0.00390636,-0.009297183,-0.8810421,-0.8818498,-0.8762028,1.1420512e-05,-0.055270858,-0.88785493,0.049434077,-0.0023777967,0.0009472125,-0.00037340994,7.0155425e-06,-5.39599e-05,0.0,0.0,0.026790792,-0.0026800237,0.87702376,-0.0022043074,6.216942e-05,0.0025316735,-0.90083605,0.06663871,-0.0014054795,-9.150371e-05,0.6069188,0.0072958847,-0.45486987,0.0028011184,0.025048155
133,2,1,A,A,324,0.31529456,-0.007540758,0.8997461,8.322671e-05,4.983668e-07,0.00020626318,-0.17351782,0.00043660466,0.897188,6.902839e-06,1.7537619e-05,-8.016899e-05,0.00026238497,0.0019999552,7.968708e-05,0.002242477,0.0,0.011045176,0.0061715003,-0.0039016232,-0.009296345,-0.8921233,-0.89302886,-0.8866338,1.091833e-05,-0.055170793,-0.89912474,0.049428962,-0.0023777885,0.00090961263,-0.0003704716,6.8611635e-06,-5.336162e-05,0.0,0.0,0.026373116,-0.0026758441,0.8874302,-0.0022037833,6.020288e-05,0.0024949093,-0.91059333,0.066638865,-0.0013008318,-9.078483e-05,0.06726423,0.007278269,-0.1862047,0.0028009801,0.02482274
134,3,1,B,B,346,0.14631219,-0.007586453,0.8915514,8.3258135e-05,5.018177e-07,0.00020647375,-0.17351918,0.00043671543,0.8889019,6.906493e-06,1.7537619e-05,-8.250215e-05,0.00026238666,0.0020429695,7.969426e-05,0.0023047866,0.0,0.011048661,0.0061724437,-0.0039059229,-0.009297116,-0.88401407,-0.88485014,-0.87898713,1.1363014e-05,-0.05526136,-0.8908907,0.049432784,-0.0023777934,0.00094293634,-0.000373107,6.998643e-06,-5.389707e-05,0.0,0.0,0.026746027,-0.0026796293,0.879802,-0.002204263,6.194885e-05,0.0025276896,-0.90343773,0.0666388,-0.0013835267,-9.1425434e-05,0.72174525,0.007294184,-0.5354526,0.0028011082,0.02502475
135,1,1,A,A,268,0.19533777,-0.007333956,0.8985618,8.313128e-05,4.8609314e-07,0.00020490812,-0.1735139,0.0004356664,0.89591426,6.8760696e-06,1.7537619e-05,-7.25816e-05,0.00026235386,0.0018503143,7.961242e-05,0.0020376327,0.0,0.011016924,0.006162647,-0.0038742586,-0.009288203,-0.89094234,-0.8918398,-0.8855122,9.579048e-06,-0.054638967,-0.8979355,0.049370717,-0.0023777438,0.0008067861,-0.00035892279,6.3757134e-06,-5.117409e-05,0.0,0.0,0.024954997,-0.0026529909,0.8863108,-0.002199603,5.4516993e-05,0.00236769,-0.90951747,0.06663778,-0.0011899438,-8.793441e-05,0.5973235,0.0071900594,-0.44506064,0.0027994767,0.023961546
136,3,1,A,B,257,0.44457904,-0.00727024,0.9001435,8.3052124e-05,4.8150696e-07,0.00020437854,-0.1735103,0.00043523262,0.8976942,6.8647287e-06,1.7537619e-05,-7.075709e-05,0.0002623325,0.0018124246,7.957359e-05,0.0019879746,0.0,0.011004189,0.006158309,-0.0038636732,-0.009283926,-0.892523,-0.8934301,-0.88701683,9.2762875e-06,-0.054443344,-0.8995234,0.049344204,-0.0023777029,0.0007830687,-0.0003554463,6.25126e-06,-5.0548413e-05,0.0,0.0,0.024570294,-0.00264442,0.8878127,-0.002197635,5.3149593e-05,0.0023329828,-0.91099113,0.06663677,-0.0011577139,-8.70862e-05,-0.53956485,0.007158799,0.11940949,0.0027986325,0.023707358
137,4,1,B,B,344,0.012915344,-0.007582863,0.89342177,8.326234e-05,5.019448e-07,0.0002064586,-0.17351906,0.00043670798,0.8906985,6.9062385e-06,1.7537619e-05,-8.230274e-05,0.00026238654,0.0020393466,7.96938e-05,0.0022994848,0.0,0.011048424,0.0061723827,-0.003905618,-0.009297067,-0.8858615,-0.8867142,-0.88072723,1.1324283e-05,-0.055254698,-0.8927687,0.04943066,-0.002377793,0.00094005006,-0.0003728982,6.9871444e-06,-5.3853906e-05,0.0,0.0,0.026715424,-0.0026793522,0.8815386,-0.0022042308,6.1799234e-05,0.0025249585,-0.9050336,0.066638805,-0.0013683449,-9.136719e-05,0.88512266,0.007292995,-0.7113446,0.0028011,0.025008641
138,1,2,B,A,304,0.5462772,-0.0074848365,0.88826156,8.3180676e-05,4.940361e-07,0.00020595755,-0.17351939,0.00043642163,0.8859909,6.8971963e-06,1.7537619e-05,-7.775568e-05,0.000262381,0.0019538836,7.967406e-05,0.0021775942,0.0,0.011039535,0.006169852,-0.0038953742,-0.0092949355,-0.88076806,-0.8815758,-0.8759368,1.0476284e-05,-0.05504463,-0.88758576,0.04942169,-0.0023777909,0.0008760819,-0.00036729703,6.7127216e-06,-5.273867e-05,0.0,0.0,0.025954952,-0.0026705128,0.876758,-0.0022029805,5.839521e-05,0.002457867,-0.90067834,0.066638395,-0.0013153885,-9.001156e-05,-0.875228,0.0072567584,0.4114815,0.0028007368,0.02458278
140,3,1,A,B,303,0.45317242,-0.007481602,0.9005671,8.318712e-05,4.942587e-07,0.00020593837,-0.17351723,0.0004364094,0.89812714,6.896831e-06,1.7537619e-05,-7.762627e-05,0.00026238072,0.0019513705,7.967315e-05,0.0021741583,0.0,0.011039163,0.0061697536,-0.003895011,-0.009294838,-0.8929443,-0.89385444,-0.88741577,1.0453147e-05,-0.05503705,-0.899949,0.04941958,-0.002377782,0.0008743012,-0.00036711537,6.7046412e-06,-5.270381e-05,0.0,0.0,0.02593177,-0.0026701828,0.8882106,-0.0022029267,5.829848e-05,0.0024557412,-0.9113579,0.06663871,-0.0012579617,-8.9962836e-05,-0.6193618,0.007255454,0.15520228,0.0028007198,0.024569096
141,1,1,A,A,267,0.16467072,-0.007328566,0.8988099,8.313002e-05,4.859005e-07,0.00020486518,-0.17351359,0.0004356324,0.8961355,6.875164e-06,1.7537619e-05,-7.2420815e-05,0.00026235232,0.0018469968,7.9609454e-05,0.0020332637,0.0,0.011015919,0.00616231,-0.0038733985,-0.009287876,-0.891183,-0.89208436,-0.88573486,9.552107e-06,-0.054622926,-0.8981854,0.04936801,-0.0023777408,0.0008046823,-0.00035862747,6.3648577e-06,-5.1120493e-05,0.0,0.0,0.02492176,-0.0026522907,0.88653284,-0.002199449,5.4396336e-05,0.0023646615,-0.909708,0.06663771,-0.0011862504,-8.785994e-05,0.68546313,0.007187479,-0.5152072,0.0027994132,0.023939883
142,4,1,B,B,327,0.01832161,-0.007547859,0.89342576,8.325289e-05,4.997783e-07,0.00020629833,-0.17351891,0.00043662413,0.89070976,6.9034645e-06,1.7537619e-05,-8.050648e-05,0.00026238532,0.0020062395,7.9688405e-05,0.0022514937,0.0,0.011045784,0.0061716675,-0.003902328,-0.009296486,-0.88586557,-0.8867179,-0.88073087,1.0981455e-05,-0.055185534,-0.892773,0.049426273,-0.0023777918,0.0009143787,-0.00037087817,6.8814024e-06,-5.344288e-05,0.0,0.0,0.026428947,-0.0026764679,0.88154185,-0.002203868,6.045415e-05,0.002499662,-0.9050402,0.0666388,-0.0013381074,-9.086885e-05,0.8675632,0.007280848,-0.6924559,0.0028010039,0.02485374
143,2,0,B,B,252,0.19929573,-0.007237823,0.88836265,8.3044506e-05,4.800941e-07,0.0002040911,-0.17350964,0.00043498568,0.88576883,6.8584327e-06,1.7537619e-05,-6.988626e-05,0.00026231876,0.0017940712,7.955071e-05,0.0019642022,0.0,0.010996993,0.006155789,-0.0038579288,-0.009281398,-0.88087815,-0.88168424,-0.876051,9.1339225e-06,-0.05433888,-0.88768625,0.04932538,-0.0023776882,0.00077187055,-0.000353688,6.1908718e-06,-5.0236024e-05,0.0,0.0,0.024380924,-0.002639823,0.87687254,-0.0021965085,5.2495925e-05,0.0023156307,-0.9006982,0.066635944,-0.0011743945,-8.664616e-05,0.5870646,0.007142289,-0.44241697,0.0027981221,0.02357948
144,3,1,A,B,282,0.42525446,-0.007401914,0.90050334,8.314799e-05,4.894484e-07,0.00020541834,-0.17351584,0.0004360539,0.89803535,6.88661e-06,1.7537619e-05,-7.473125e-05,0.0002623697,0.0018940937,7.9645244e-05,0.002095956,0.0,0.01102843,0.006166419,-0.0038845064,-0.009291799,-0.8928751,-0.8937866,-0.8873451,9.944405e-06,-0.054832496,-0.89988625,0.04939801,-0.0023777653,0.0008351816,-0.0003626667,6.5187037e-06,-5.186216e-05,0.0,0.0,0.025387151,-0.0026613984,0.8881395,-0.0022013455,5.612897e-05,0.0024068817,-0.91127414,0.06663838,-0.0012150797,-8.886591e-05,-0.5055624,0.0072214887,0.08545498,0.0028001643,0.024237495
145,10,1,A,B,342,0.6568977,-0.0075791697,0.9066453,8.320619e-05,4.9897926e-07,0.00020644277,-0.17351675,0.00043670007,0.9043701,6.9059697e-06,1.7537619e-05,-8.2100036e-05,0.00026238646,0.0020357575,7.969331e-05,0.0022941348,0.0,0.0110481735,0.006172333,-0.0039053173,-0.009297014,-0.8990068,-0.8999606,-0.8931797,1.1285136e-05,-0.05524787,-0.90605897,0.04943798,-0.0023777783,0.0009371163,-0.00037268564,6.975456e-06,-5.3810138e-05,0.0,0.0,0.026684139,-0.002679064,0.8939582,-0.0022041968,6.1650746e-05,0.0025226716,-0.9166758,0.06663891,-0.0012882771,-9.1348484e-05,-0.97580415,0.0072917617,0.7178558,0.0028010907,0.024992123
146,0,1,A,A,272,0.05263361,-0.00735477,0.8833836,8.315363e-05,4.87694e-07,0.00020507057,-0.17351493,0.00043579334,0.8811678,6.87947e-06,1.7537619e-05,-7.3214935e-05,0.00026235945,0.0018633003,7.96234e-05,0.0020548357,0.0,0.011020676,0.0061638933,-0.003877511,-0.009289407,-0.8770826,-0.8776961,-0.87347525,9.685671e-06,-0.054699946,-0.88282156,0.049377456,-0.0023777536,0.0008151,-0.00036006497,6.4182573e-06,-5.138231e-05,0.0,0.0,0.025084728,-0.002655649,0.8742253,-0.0022001753,5.499141e-05,0.0023793688,-0.8952378,0.06663801,-0.0012018863,-8.821085e-05,0.8668911,0.007199905,-0.6843734,0.00279971,0.024045479
147,1,1,B,A,267,0.45904967,-0.007328566,0.88750327,8.309831e-05,4.850053e-07,0.00020486518,-0.1735154,0.0004356324,0.88514525,6.875164e-06,1.7537619e-05,-7.242129e-05,0.00026235232,0.0018470214,7.9609454e-05,0.0020332395,0.0,0.011015919,0.0061623002,-0.003873378,-0.009287876,-0.88002896,-0.880827,-0.87525004,9.552128e-06,-0.054622814,-0.8868233,0.0493714,-0.0023777504,0.00080469117,-0.00035862727,6.3648595e-06,-5.1120292e-05,0.0,0.0,0.024921749,-0.0026522907,0.8760727,-0.002199449,5.4396995e-05,0.0023648546,-0.90001357,0.066637404,-0.0012222786,-8.787012e-05,-0.6225039,0.007187479,0.15922022,0.0027994132,0.023939883
148,3,1,A,B,321,0.42417327,-0.0075333472,0.9003102,8.320838e-05,4.974296e-07,0.00020622557,-0.17351775,0.0004365834,0.8978378,6.902163e-06,1.7537619e-05,-7.982563e-05,0.0002623846,0.0019935062,7.968563e-05,0.0022332731,0.0,0.011044514,0.006171314,-0.0039008555,-0.009296189,-0.8926778,-0.89358956,-0.8871542,1.0854397e-05,-0.055154987,-0.8996923,0.049429134,-0.0023777867,0.00090478564,-0.00037004816,6.8404192e-06,-5.327731e-05,0.0,0.0,0.026315598,-0.0026751799,0.88794905,-0.0022036906,5.9946073e-05,0.0024899354,-0.91109,0.066638835,-0.0012912297,-9.06858e-05,-0.46473294,0.007275538,0.06969493,0.002800954,0.024790531
149,4,1,B,B,331,0.027181013,-0.00755687,0.8931094,8.3255414e-05,5.0033907e-07,0.0002063417,-0.17351902,0.00043664768,0.89040506,6.9042276e-06,1.7537619e-05,-8.094632e-05,0.00026238567,0.0020144302,7.9689955e-05,0.0022632622,0.0,0.011046521,0.0061718714,-0.0039032158,-0.009296654,-0.88555574,-0.88640475,-0.88044107,1.10643705e-05,-0.05520401,-0.8924552,0.049427606,-0.0023777925,0.0009206122,-0.00037139573,6.907626e-06,-5.3547094e-05,0.0,0.0,0.026500804,-0.0026772413,0.88125306,-0.0022039702,6.0783517e-05,0.002506019,-0.90477294,0.0666388,-0.0013470607,-9.099667e-05,0.8518647,0.007284068,-0.668221,0.002801031,0.024893265
150,6,1,B,B,305,-0.35432136,-0.007488025,0.8980639,8.323487e-05,4.965202e-07,0.00020597629,-0.17351772,0.00043643345,0.8952436,6.8975514e-06,1.7537619e-05,-7.788304e-05,0.00026238136,0.0019562987,7.9674945e-05,0.0021810746,0.0,0.011039897,0.0061699706,-0.0038957777,-0.0092950305,-0.89044946,-0.89134246,-0.8850472,1.0499269e-05,-0.055052344,-0.8974346,0.049411427,-0.0023777855,0.00087782723,-0.00036747695,6.720736e-06,-5.2773597e-05,0.0,0.0,0.025977954,-0.0026708355,0.8858471,-0.0022030326,5.8488295e-05,0.002459534,-0.9089472,0.06663878,-0.0012734436,-9.001588e-05,0.981357,0.007258038,-0.9395817,0.0028007533,0.024596285
151,1,2,A,A,290,0.036647476,-0.0074350983,0.900325,8.3206345e-05,4.9282494e-07,0.00020564567,-0.17351656,0.0004362149,0.8975975,6.8911545e-06,1.7537619e-05,-7.587866e-05,0.00026237516,0.001916993,7.965819e-05,0.0021270073,0.0,0.011033263,0.006167947,-0.0038890906,-0.009293213,-0.89269906,-0.89360887,-0.8871801,1.0143599e-05,-0.05492084,-0.8997064,0.049402867,-0.0023777736,0.00085056113,-0.00036451075,6.5933364e-06,-5.2207448e-05,0.0,0.0,0.02560825,-0.002665206,0.8879747,-0.0022020643,5.6987632e-05,0.0024264755,-0.91102797,0.06663859,-0.0012324494,-8.930166e-05,0.86164695,0.0072360425,-0.67275065,0.0028004267,0.024374401
152,10,1,B,B,303,-0.76045495,-0.007481602,0.9055255,8.3232764e-05,4.9615704e-07,0.00020593837,-0.17351647,0.0004364094,0.9026895,6.896831e-06,1.7537619e-05,-7.7625875e-05,0.00026238072,0.0019513178,7.967315e-05,0.002174187,0.0,0.011039163,0.0061697625,-0.0038950243,-0.009294838,-0.89788353,-0.89883065,-0.8921058,1.0453083e-05,-0.05503711,-0.90493345,0.049404945,-0.0023777736,0.0008742972,-0.00036711642,6.7046412e-06,-5.2703967e-05,0.0,0.0,0.025931824,-0.0026701828,0.89288735,-0.0022029267,5.8294834e-05,0.0024554136,-0.91535586,0.06663884,-0.0012332499,-8.9908855e-05,0.997522,0.007255454,-0.9979706,0.0028007198,0.024569118
153,4,1,B,B,290,-0.011746509,-0.0074350983,0.8935745,8.320669e-05,4.928509e-07,0.00020564567,-0.17351776,0.0004362149,0.8908407,6.8911545e-06,1.7537619e-05,-7.5879056e-05,0.00026237516,0.0019169928,7.965819e-05,0.0021269904,0.0,0.011033263,0.0061679445,-0.0038890762,-0.009293213,-0.8860029,-0.8868593,-0.88085014,1.0143601e-05,-0.054920703,-0.89292413,0.04940283,-0.0023777806,0.00085056917,-0.0003645102,6.5933364e-06,-5.220728e-05,0.0,0.0,0.02560825,-0.002665206,0.8816607,-0.0022020643,5.6987617e-05,0.0024264709,-0.90513057,0.06663852,-0.0012619159,-8.930099e-05,0.8997091,0.0072360425,-0.7273224,0.0028004267,0.024374401
154,10,1,A,B,303,0.65689796,-0.007481602,0.906517,8.3176754e-05,4.933409e-07,0.00020593837,-0.17351635,0.0004364094,0.90424657,6.896831e-06,1.7537619e-05,-7.7625875e-05,0.00026238072,0.0019513974,7.967315e-05,0.00217417,0.0,0.011039163,0.0061697625,-0.0038950208,-0.009294838,-0.8988852,-0.8998356,-0.893069,1.04530845e-05,-0.055037074,-0.90592825,0.049421836,-0.0023777732,0.0008742938,-0.00036711642,6.7046412e-06,-5.270398e-05,0.0,0.0,0.025931751,-0.0026701828,0.8938489,-0.0022029267,5.8299127e-05,0.0024558213,-0.9166028,0.06663877,-0.0012289607,-8.9972185e-05,-0.97579026,0.007255454,0.71779716,0.0028007198,0.024569122
155,10,1,A,B,262,0.65633917,-0.007300437,0.9065036,8.3068015e-05,4.8267054e-07,0.00020463545,-0.17351116,0.0004354468,0.9042208,6.8702766e-06,1.7537619e-05,-7.1601484e-05,0.00026234353,0.001830078,7.959299e-05,0.0020109892,0.0,0.011010461,0.006160474,-0.0038688148,-0.0092860665,-0.89885926,-0.89981353,-0.8930347,9.415628e-06,-0.054537673,-0.90591764,0.049360603,-0.0023777175,0.0007940011,-0.00035709114,6.3092234e-06,-5.0843e-05,0.0,0.0,0.024750404,-0.002648561,0.89381254,-0.0021986081,5.378338e-05,0.0023493906,-0.91652596,0.06663734,-0.0011499416,-8.7498156e-05,-0.9706427,0.007173819,0.7047887,0.0027990574,0.023827355
156,0,1,B,A,276,0.53470355,-0.0073744333,0.88524455,8.312434e-05,4.8751133e-07,0.00020521908,-0.17351761,0.00043590664,0.88299537,6.882543e-06,1.7537619e-05,-7.383341e-05,0.0002623641,0.0018759319,7.963301e-05,0.0020715708,0.0,0.011024036,0.0061649834,-0.0038804717,-0.0092904605,-0.87781477,-0.87859064,-0.873183,9.790541e-06,-0.05475608,-0.8845547,0.04939004,-0.002377774,0.000823263,-0.0003611475,6.4594346e-06,-5.158074e-05,0.0,0.0,0.025209336,-0.0026580943,0.87400985,-0.0022006847,5.54556e-05,0.0023908815,-0.8980873,0.06663785,-0.0012549837,-8.8493995e-05,-0.8559161,0.0072090323,0.37555778,0.0027999114,0.02412524
157,4,1,B,B,323,0.022567905,-0.0075383224,0.8934899,8.32501e-05,4.991863e-07,0.00020625092,-0.17351885,0.00043659777,0.8907766,6.9026196e-06,1.7537619e-05,-8.0055666e-05,0.00026238486,0.001997791,7.9686615e-05,0.0022394175,0.0,0.011044961,0.006171438,-0.003901359,-0.009296294,-0.8859191,-0.88677454,-0.8807705,1.0897115e-05,-0.0551655,-0.89283943,0.04942503,-0.0023777918,0.00090802304,-0.00037033195,6.8543054e-06,-5.3333657e-05,0.0,0.0,0.026354158,-0.0026756274,0.8815811,-0.0022037532,6.0116618e-05,0.002493032,-0.9050664,0.06663878,-0.0013308862,-9.073537e-05,0.8629572,0.0072773756,-0.67365783,0.002800972,0.024812138
158,1,1,A,A,322,0.17877908,-0.007535853,0.8988329,8.3243685e-05,4.9866975e-07,0.00020623839,-0.17351784,0.0004365907,0.8961734,6.902394e-06,1.7537619e-05,-7.994088e-05,0.0002623847,0.0019956452,7.968614e-05,0.0022363632,0.0,0.011044742,0.0061713774,-0.0039011154,-0.009296242,-0.89122057,-0.89211786,-0.88578385,1.0875798e-05,-0.05516037,-0.89820653,0.049426302,-0.002377788,0.000906406,-0.000370191,6.847391e-06,-5.3305706e-05,0.0,0.0,0.026334977,-0.002675406,0.88658273,-0.0022037223,6.003142e-05,0.0024913787,-0.9097812,0.06663889,-0.0013004807,-9.0707756e-05,0.6550758,0.007276466,-0.48520607,0.0028009631,0.024801405
159,1,2,B,A,303,0.5401474,-0.007481602,0.8882428,8.317951e-05,4.9381424e-07,0.00020593837,-0.17351939,0.0004364094,0.8859766,6.896831e-06,1.7537619e-05,-7.762699e-05,0.00026238072,0.0019513832,7.967315e-05,0.002174127,0.0,0.011039163,0.006169739,-0.003894985,-0.009294838,-0.880767,-0.8815698,-0.87595224,1.0453174e-05,-0.05503689,-0.8875657,0.04942101,-0.0023777904,0.0008743174,-0.00036711487,6.7046412e-06,-5.270353e-05,0.0,0.0,0.025931766,-0.0026701828,0.876774,-0.0022029267,5.8298763e-05,0.0024557924,-0.9007061,0.06663838,-0.001313896,-8.996672e-05,-0.8601976,0.007255454,0.39662278,0.0028007198,0.024569096
160,1,2,A,A,264,0.06216861,-0.007311929,0.90055895,8.311902e-05,4.849681e-07,0.00020473046,-0.1735126,0.0004355242,0.8978436,6.872306e-06,1.7537619e-05,-7.1932416e-05,0.00026234728,0.0018368991,7.95999e-05,0.0020199849,0.0,0.011012734,0.006161238,-0.0038707042,-0.0092868265,-0.8929386,-0.89384806,-0.88741297,9.470591e-06,-0.05457282,-0.89994013,0.049359992,-0.0023777294,0.00079830835,-0.00035771768,6.3317507e-06,-5.0955867e-05,0.0,0.0,0.024819989,-0.0026501,0.8882077,-0.0021989592,5.4030053e-05,0.0023554396,-0.91126233,0.06663751,-0.0011749221,-8.76334e-05,0.8388662,0.007179439,-0.6449507,0.0027992076,0.023873217
161,2,1,A,B,253,0.34155264,-0.0072444915,0.8993522,8.3038314e-05,4.801945e-07,0.0002041512,-0.17350863,0.00043503795,0.89681184,6.8597565e-06,1.7537619e-05,-7.006229e-05,0.00026232176,0.0017978045,7.955558e-05,0.0019690287,0.0,0.010998513,0.00615633,-0.0038591411,-0.009281937,-0.89172834,-0.89263153,-0.886257,9.162626e-06,-0.05436071,-0.8987297,0.04933003,-0.0023776838,0.00077412516,-0.00035404932,6.203147e-06,-5.030008e-05,0.0,0.0,0.024419557,-0.0026407815,0.88705426,-0.002196747,5.2628442e-05,0.0023192205,-0.9102461,0.06663625,-0.001149618,-8.67392e-05,-0.049042583,0.0071457163,-0.13399039,0.0027982318,0.023605714
162,6,1,A,B,283,0.6458317,-0.007406271,0.9032341,8.3140505e-05,4.889559e-07,0.00020544905,-0.17351551,0.0004360761,0.9009655,6.8872287e-06,1.7537619e-05,-7.487754e-05,0.00026237048,0.0018970595,7.964706e-05,0.0020999261,0.0,0.011029094,0.0061666374,-0.0038851283,-0.009291997,-0.8956035,-0.8965326,-0.88994294,9.9696545e-06,-0.054844312,-0.9026284,0.049401533,-0.0023777625,0.00083713414,-0.00036290864,6.5283034e-06,-5.1907162e-05,0.0,0.0,0.02541575,-0.0026619097,0.8907315,-0.0022014447,5.6239292e-05,0.002409519,-0.9137379,0.06663841,-0.00120631,-8.893297e-05,-0.9709946,0.0072234315,0.68706053,0.0028002015,0.024255386
163,1,2,A,A,317,0.03337964,-0.007522962,0.9005328,8.3244995e-05,4.982027e-07,0.00020617139,-0.17351766,0.00043655204,0.8977989,6.901179e-06,1.7537619e-05,-7.935779e-05,0.00026238398,0.0019846088,7.968346e-05,0.0022207298,0.0,0.011043544,0.0061710393,-0.0038997496,-0.009295955,-0.8929032,-0.893815,-0.8873713,1.0767869e-05,-0.05513239,-0.8999155,0.049422592,-0.0023777862,0.000898243,-0.00036945625,6.811954e-06,-5.3160107e-05,0.0,0.0,0.026236199,-0.0026742264,0.88816535,-0.0022035537,5.9594313e-05,0.002482566,-0.91119814,0.06663887,-0.0012840645,-9.052074e-05,0.8663709,0.007271647,-0.6843791,0.002800915,0.024745625
164,2,0,B,B,291,0.18267742,-0.007438988,0.8886953,8.3201405e-05,4.92678e-07,0.00020567133,-0.17351861,0.00043623257,0.88608223,6.8916597e-06,1.7537619e-05,-7.601875e-05,0.0002623757,0.0019197707,7.9659585e-05,0.0021307478,0.0,0.011033796,0.006168102,-0.003889585,-0.009293364,-0.8812002,-0.8820103,-0.8763466,1.0168047e-05,-0.054930754,-0.8880212,0.04940627,-0.002377784,0.00085245445,-0.00036472708,6.6023263e-06,-5.224813e-05,0.0,0.0,0.025634656,-0.002665639,0.877167,-0.0022021427,5.7092668e-05,0.0024288872,-0.90096766,0.06663835,-0.0012822275,-8.936229e-05,0.6326823,0.0072377115,-0.4793396,0.0028004542,0.024390554
165,10,1,B,B,304,-0.7686646,-0.0074848365,0.9055249,8.323418e-05,4.963603e-07,0.00020595755,-0.1735165,0.00043642163,0.90268713,6.8971963e-06,1.7537619e-05,-7.775459e-05,0.000262381,0.0019538172,7.967406e-05,0.0021776531,0.0,0.011039535,0.0061698747,-0.0038954124,-0.0092949355,-0.89787835,-0.89882666,-0.8920978,1.0476202e-05,-0.055044852,-0.90493387,0.049405526,-0.002377774,0.00087606185,-0.00036729855,6.7127216e-06,-5.2739088e-05,0.0,0.0,0.02595501,-0.0026705128,0.8928786,-0.0022029805,5.8391204e-05,0.0024574837,-0.91533124,0.06663885,-0.0012356063,-8.995328e-05,0.99762106,0.0072567584,-0.9979905,0.0028007368,0.024582801
166,2,1,B,B,258,0.28290197,-0.007276452,0.8893748,8.307391e-05,4.8228935e-07,0.00020443222,-0.17351227,0.00043527797,0.8868412,6.8658956e-06,1.7537619e-05,-7.092847e-05,0.0002623349,0.0018159961,7.957772e-05,0.001992622,0.0,0.011005513,0.0061587607,-0.0038647288,-0.009284384,-0.8818664,-0.8826834,-0.8769683,9.304414e-06,-0.054462887,-0.88870406,0.049346004,-0.002377718,0.00078528596,-0.00035578373,6.2630443e-06,-5.060853e-05,0.0,0.0,0.024607044,-0.0026452832,0.87778735,-0.002197841,5.3277527e-05,0.0023362192,-0.90157753,0.06663671,-0.0011896349,-8.7164386e-05,0.22999041,0.0071619176,-0.25562558,0.0027987233,0.023731971
167,1,2,B,A,301,0.5210374,-0.0074749934,0.88788354,8.317829e-05,4.935502e-07,0.00020589867,-0.17351928,0.000436384,0.8855944,6.8960753e-06,1.7537619e-05,-7.736717e-05,0.00026238005,0.0019463217,7.967124e-05,0.002167127,0.0,0.011038387,0.0061695073,-0.0038941812,-0.009294633,-0.8804123,-0.8812124,-0.8756193,1.0406661e-05,-0.05502094,-0.88720477,0.049419176,-0.0023777897,0.00087076164,-0.0003667431,6.688281e-06,-5.2632004e-05,0.0,0.0,0.02588469,-0.0026695027,0.87644196,-0.0022028144,5.810399e-05,0.0024515747,-0.9003857,0.06663837,-0.001309035,-8.987376e-05,-0.81492716,0.0072527695,0.33344242,0.0028006835,0.024541205
168,2,1,B,A,308,0.27326667,-0.007497323,0.8895135,8.3217594e-05,4.9590193e-07,0.0002060301,-0.17351906,0.00043646703,0.88696486,6.8985646e-06,1.7537619e-05,-7.8262616e-05,0.00026238218,0.0019636585,7.96774e-05,0.0021912483,0.0,0.011040923,0.006170268,-0.0038968504,-0.009295298,-0.88200086,-0.88281983,-0.8770932,1.05677245e-05,-0.05507408,-0.8888436,0.049421143,-0.0023777904,0.00088305457,-0.00036800175,6.7443893e-06,-5.287521e-05,0.0,0.0,0.026045425,-0.0026717642,0.8779119,-0.0022031805,5.8774236e-05,0.0024657128,-0.9016922,0.06663861,-0.0013184416,-9.017375e-05,0.29719436,0.007261736,-0.29090914,0.0028008008,0.02463579
169,1,1,B,A,290,0.4248145,-0.0074350983,0.8871077,8.3167564e-05,4.9153704e-07,0.00020564567,-0.17351879,0.0004362149,0.88472754,6.8911545e-06,1.7537619e-05,-7.587932e-05,0.00026237516,0.0019170283,7.965819e-05,0.0021269699,0.0,0.011033263,0.006167932,-0.0038890624,-0.009293213,-0.87965727,-0.8804476,-0.8749187,1.0143636e-05,-0.054920673,-0.88642484,0.049408127,-0.0023777839,0.0008505746,-0.00036451017,6.59334e-06,-5.2207164e-05,0.0,0.0,0.025608232,-0.002665206,0.87574303,-0.0022020643,5.6988854e-05,0.0024267389,-0.89970416,0.06663823,-0.0012865056,-8.931942e-05,-0.4996905,0.0072360425,0.07382295,0.0028004267,0.024374401
170,2,1,B,A,297,0.27598152,-0.0074612014,0.88939583,8.3200845e-05,4.936584e-07,0.00020581379,-0.17351864,0.00043632858,0.8868537,6.894441e-06,1.7537619e-05,-7.683772e-05,0.00026237857,0.0019359386,7.966703e-05,0.00215286,0.0,0.011036702,0.0061689992,-0.003892465,-0.009294176,-0.8818852,-0.8827032,-0.8769844,1.0312423e-05,-0.054987043,-0.88872546,0.04941314,-0.002377787,0.00086354406,-0.00036596897,6.6547423e-06,-5.2483887e-05,0.0,0.0,0.02578767,-0.0026680538,0.87780386,-0.002202569,5.7706704e-05,0.0024426915,-0.9015905,0.06663844,-0.001293938,-8.967299e-05,0.2682228,0.007247086,-0.27843934,0.002800602,0.02448324
171,1,2,B,A,251,0.5456094,-0.0072310586,0.8880381,8.300787e-05,4.7879143e-07,0.00020402967,-0.17350917,0.00043493192,0.8857612,6.857075e-06,1.7537619e-05,-6.970872e-05,0.00026231565,0.001790339,7.954566e-05,0.0019593528,0.0,0.01099543,0.006155238,-0.0038567055,-0.00928084,-0.8805518,-0.88135636,-0.8757374,9.105081e-06,-0.05431669,-0.88736093,0.04932482,-0.002377682,0.0007695949,-0.000353322,6.178493e-06,-5.017134e-05,0.0,0.0,0.02434189,-0.0026388445,0.8765592,-0.0021962628,5.2363415e-05,0.0023122546,-0.90049386,0.06663575,-0.0011722734,-8.656596e-05,-0.8291935,0.0071387948,0.3888881,0.0027980092,0.023552911
172,0,1,A,A,343,0.07297073,-0.0075810296,0.8979753,8.326106e-05,5.0173344e-07,0.00020645076,-0.17351823,0.0004367041,0.89525366,6.906106e-06,1.7537619e-05,-8.22018e-05,0.00026238651,0.0020375205,7.969355e-05,0.0022968175,0.0,0.011048301,0.0061723525,-0.003905465,-0.009297042,-0.8903595,-0.8912522,-0.88496023,1.1304796e-05,-0.055251375,-0.8973462,0.04943103,-0.0023777902,0.00093859056,-0.00037279192,6.9813245e-06,-5.3832056e-05,0.0,0.0,0.026699882,-0.0026792097,0.88576037,-0.0022042142,6.172419e-05,0.0025235997,-0.908977,0.06663891,-0.0013403723,-9.134415e-05,0.8479311,0.007292384,-0.66021776,0.0028010956,0.025000429
173,2,1,B,A,304,0.32552287,-0.0074848365,0.889003,8.320918e-05,4.9507014e-07,0.00020595755,-0.17351918,0.00043642163,0.8865016,6.8971963e-06,1.7537619e-05,-7.775568e-05,0.000262381,0.0019538538,7.967406e-05,0.0021776005,0.0,0.011039535,0.006169855,-0.0038953766,-0.0092949355,-0.8814932,-0.8823086,-0.87661153,1.047627e-05,-0.055044636,-0.88833106,0.04941883,-0.0023777902,0.00087608135,-0.00036729703,6.7127216e-06,-5.273872e-05,0.0,0.0,0.025954964,-0.0026705128,0.8774311,-0.0022029805,5.8394435e-05,0.0024576539,-0.90125114,0.06663844,-0.0013114135,-9.000059e-05,0.04339941,0.0072567584,-0.1729622,0.0028007368,0.02458278
174,10,1,A,B,330,0.6568982,-0.007554665,0.90648997,8.320056e-05,4.975733e-07,0.00020633121,-0.1735168,0.00043664203,0.9042176,6.904044e-06,1.7537619e-05,-8.083635e-05,0.0002623856,0.0020124845,7.9689584e-05,0.0022603737,0.0,0.011046344,0.0061718374,-0.003903028,-0.009296614,-0.89885557,-0.8998069,-0.8930394,1.1043689e-05,-0.055199657,-0.9059015,0.049434934,-0.0023777778,0.00091904355,-0.00037127052,6.9011503e-06,-5.3521908e-05,0.0,0.0,0.026483065,-0.002677054,0.8938191,-0.0022039458,6.0704322e-05,0.002504896,-0.91656566,0.0666389,-0.0012720048,-9.099863e-05,-0.97580373,0.0072832857,0.7178532,0.0028010246,0.024883593
175,3,1,B,B,323,0.1561037,-0.0075383224,0.89129007,8.3244406e-05,4.988278e-07,0.00020625092,-0.17351905,0.00043659777,0.88865584,6.9026196e-06,1.7537619e-05,-8.005592e-05,0.00026238486,0.0019978005,7.9686615e-05,0.0022394105,0.0,0.011044961,0.0061714356,-0.003901355,-0.009296294,-0.8837588,-0.8845918,-0.8787501,1.0897118e-05,-0.05516548,-0.8906277,0.049426693,-0.0023777923,0.0009080263,-0.00037033195,6.8543054e-06,-5.3333657e-05,0.0,0.0,0.026354156,-0.0026756274,0.8795656,-0.0022037532,6.011711e-05,0.0024930777,-0.90322167,0.06663873,-0.001341378,-9.074164e-05,0.6534783,0.0072773756,-0.49673513,0.002800972,0.024812138
176,0,1,A,A,304,0.07214562,-0.0074848365,0.8980626,8.322953e-05,4.957974e-07,0.00020595755,-0.17351775,0.00043642163,0.8953419,6.8971963e-06,1.7537619e-05,-7.775513e-05,0.000262381,0.0019538323,7.967406e-05,0.0021776252,0.0,0.011039535,0.0061698626,-0.0038953945,-0.0092949355,-0.8904484,-0.8913414,-0.8850457,1.0476259e-05,-0.05504479,-0.89743364,0.049415916,-0.0023777853,0.0008760717,-0.0003672971,6.7127216e-06,-5.2738862e-05,0.0,0.0,0.02595497,-0.0026705128,0.88584566,-0.0022029805,5.839378e-05,0.002457517,-0.9090573,0.066638745,-0.0012726475,-8.999118e-05,0.8486942,0.0072567584,-0.6580993,0.0028007368,0.02458278
177,1,1,A,A,321,0.20950834,-0.0075333472,0.89852995,8.324058e-05,4.9840327e-07,0.00020622557,-0.17351788,0.0004365834,0.8958857,6.902163e-06,1.7537619e-05,-7.982575e-05,0.0002623846,0.0019934778,7.968563e-05,0.0022332733,0.0,0.011044514,0.006171312,-0.0039008528,-0.009296189,-0.8909135,-0.89180994,-0.88548714,1.0854399e-05,-0.055155,-0.89790344,0.04942644,-0.0023777885,0.0009047902,-0.00037004787,6.8404192e-06,-5.327724e-05,0.0,0.0,0.026315607,-0.0026751799,0.8862861,-0.0022036906,5.9945305e-05,0.0024896811,-0.9095053,0.066638865,-0.0013013323,-9.067459e-05,0.5919051,0.007275538,-0.44304967,0.002800954,0.024790531
178,2,1,A,A,285,0.35341975,-0.0074148015,0.89952904,8.3167506e-05,4.9061265e-07,0.00020550839,-0.17351632,0.00043611866,0.8970024,6.888422e-06,1.7537619e-05,-7.516822e-05,0.00026237196,0.0019028527,7.96505e-05,0.0021077849,0.0,0.0110303685,0.006167035,-0.0038863197,-0.009292373,-0.8919121,-0.8928147,-0.8864379,1.0019901e-05,-0.054867305,-0.89890635,0.04940106,-0.0023777706,0.00084101973,-0.00036338135,6.5472677e-06,-5.1995437e-05,0.0,0.0,0.025472142,-0.0026629013,0.88723534,-0.0022016347,5.6456163e-05,0.002414439,-0.91043234,0.066638455,-0.0012254477,-8.903816e-05,-0.12318148,0.0072272075,-0.10519821,0.0028002718,0.02429048
179,6,1,B,B,280,-0.3369434,-0.0073930128,0.8980105,8.3183724e-05,4.904883e-07,0.00020535488,-0.17351602,0.00043600757,0.8951958,6.885322e-06,1.7537619e-05,-7.4435506e-05,0.00026236798,0.0018880899,7.9641424e-05,0.0020879458,0.0,0.0110270465,0.0061659724,-0.0038832263,-0.009291382,-0.8904059,-0.8912962,-0.88501465,9.893538e-06,-0.054808073,-0.8973794,0.049386572,-0.0023777669,0.0008312469,-0.00036217374,6.499269e-06,-5.177059e-05,0.0,0.0,0.025329102,-0.0026603425,0.8858158,-0.0022011378,5.5905293e-05,0.0024013685,-0.9089397,0.06663834,-0.0012209004,-8.8714456e-05,0.980596,0.007217493,-0.9351172,0.002800086,0.024201028
180,2,0,B,B,350,0.211814,-0.0075933337,0.888345,8.3254585e-05,5.0201834e-07,0.00020650204,-0.17351988,0.0004367291,0.88575155,6.906966e-06,1.7537619e-05,-8.2893304e-05,0.0002623868,0.0020500356,7.969509e-05,0.0023151906,0.0,0.011049097,0.006172549,-0.0039065015,-0.009297204,-0.8808504,-0.8816583,-0.876014,1.1439493e-05,-0.055273905,-0.8876694,0.04943438,-0.0023777967,0.0009486223,-0.00037350823,7.021082e-06,-5.398043e-05,0.0,0.0,0.02680542,-0.0026801494,0.87683517,-0.0022043216,6.224192e-05,0.0025329508,-0.9006606,0.06663866,-0.0014064298,-9.152796e-05,0.56115985,0.00729643,-0.42660397,0.0028011217,0.02505576
181,1,2,A,A,304,0.036599446,-0.0074848365,0.900401,8.322999e-05,4.9582786e-07,0.00020595755,-0.17351729,0.00043642163,0.89767027,6.8971963e-06,1.7537619e-05,-7.7754965e-05,0.000262381,0.001953833,7.967406e-05,0.002177634,0.0,0.011039535,0.006169866,-0.0038954006,-0.0092949355,-0.89277613,-0.8936863,-0.8872534,1.0476252e-05,-0.055044822,-0.8997829,0.04941533,-0.0023777832,0.000876068,-0.00036729753,6.7127216e-06,-5.273894e-05,0.0,0.0,0.025954979,-0.0026705128,0.88804865,-0.0022029805,5.8393656e-05,0.0024575165,-0.9110968,0.06663878,-0.0012587614,-8.9989284e-05,0.8664308,0.0072567584,-0.6846608,0.0028007368,0.02458278
182,1,1,B,A,268,0.4202886,-0.007333956,0.8871163,8.31066e-05,4.854755e-07,0.00020490812,-0.17351574,0.0004356664,0.88472617,6.8760696e-06,1.7537619e-05,-7.258208e-05,0.00026235386,0.0018503303,7.961242e-05,0.0020376085,0.0,0.011016924,0.0061626355,-0.003874237,-0.009288203,-0.8796446,-0.8804409,-0.87488616,9.5790765e-06,-0.05463886,-0.88643545,0.0493732,-0.0023777531,0.0008067952,-0.00035892258,6.3757143e-06,-5.1173894e-05,0.0,0.0,0.024954993,-0.0026529909,0.87570953,-0.002199603,5.4517455e-05,0.002367836,-0.89965665,0.06663747,-0.0012260037,-8.794143e-05,-0.4656481,0.0071900594,0.06917815,0.0027994767,0.023961546
183,6,1,B,B,278,-0.31982675,-0.007383855,0.8976828,8.3177605e-05,4.898762e-07,0.00020528851,-0.17351598,0.00043595853,0.89487267,6.8839686e-06,1.7537619e-05,-7.413602e-05,0.0002623661,0.0018820362,7.9637364e-05,0.0020798272,0.0,0.0110255815,0.006165499,-0.0038818894,-0.009290936,-0.8900812,-0.89096856,-0.8847079,9.842234e-06,-0.054782644,-0.8970501,0.049383756,-0.002377764,0.00082726957,-0.00036166757,6.4795113e-06,-5.1676892e-05,0.0,0.0,0.025269829,-0.0026592417,0.88550985,-0.0022009178,5.5680845e-05,0.0023960322,-0.90866125,0.066638276,-0.0012181613,-8.859075e-05,0.977988,0.007213343,-0.9231858,0.002800002,0.024163615
184,4,1,B,B,314,-0.041178808,-0.0075147767,0.8937408,8.3243496e-05,4.9786127e-07,0.00020612743,-0.17351872,0.00043652614,0.890995,6.9003727e-06,1.7537619e-05,-7.8999714e-05,0.00026238346,0.001977778,7.968165e-05,0.0022110844,0.0,0.011042741,0.006170805,-0.0038988397,-0.009295757,-0.88617724,-0.88703203,-0.8810243,1.0702006e-05,-0.055114027,-0.89308953,0.049420424,-0.0023777904,0.0008932594,-0.0003689904,6.789984e-06,-5.3068343e-05,0.0,0.0,0.026174512,-0.0026734564,0.8818344,-0.00220344,5.9325565e-05,0.002477067,-0.9052993,0.06663876,-0.0013122469,-9.040259e-05,0.92197263,0.0072685285,-0.77153224,0.002800881,0.024710407
185,10,1,B,B,276,-0.75907,-0.0073744333,0.9055222,8.3171886e-05,4.8937284e-07,0.00020521908,-0.17351432,0.00043590664,0.90268934,6.882543e-06,1.7537619e-05,-7.383235e-05,0.0002623641,0.0018758822,7.963301e-05,0.0020716242,0.0,0.011024036,0.006165008,-0.0038805106,-0.0092904605,-0.8978868,-0.89883196,-0.89211434,9.79045e-06,-0.05475624,-0.9049291,0.04937562,-0.002377752,0.0008232449,-0.0003611487,6.4594274e-06,-5.158118e-05,0.0,0.0,0.025209377,-0.0026580943,0.8928972,-0.0022006847,5.545261e-05,0.0023905828,-0.9153823,0.06663828,-0.0011832274,-8.8447334e-05,0.99740434,0.0072090323,-0.99672997,0.0027999114,0.024125256
186,2,0,A,B,259,0.40325364,-0.007282577,0.89826196,8.306656e-05,4.823689e-07,0.00020448474,-0.17351133,0.000435322,0.89577734,6.8670324e-06,1.7537619e-05,-7.1098155e-05,0.0002623372,0.0018195594,7.958174e-05,0.0019972636,0.0,0.011006802,0.0061592096,-0.003865791,-0.009284825,-0.89064705,-0.8915413,-0.8852345,9.332397e-06,-0.054482233,-0.8976336,0.04934999,-0.0023777145,0.0007874774,-0.00035611703,6.2747313e-06,-5.0668223e-05,0.0,0.0,0.024643429,-0.0026461286,0.88603455,-0.0021980412,5.340523e-05,0.0023395985,-0.9093219,0.066636935,-0.001168687,-8.725035e-05,-0.37073132,0.0071649784,0.01290776,0.0027988115,0.023756268
187,0,1,A,A,279,0.07173303,-0.0073884665,0.89806855,8.317733e-05,4.898152e-07,0.00020532208,-0.17351598,0.0004359834,0.895344,6.884654e-06,1.7537619e-05,-7.428621e-05,0.0002623671,0.0018850842,7.963943e-05,0.0020838967,0.0,0.011026324,0.006165739,-0.003882564,-0.009291163,-0.8904563,-0.89134866,-0.8850556,9.86794e-06,-0.0547955,-0.89743906,0.04938953,-0.0023777655,0.0008292625,-0.00036192234,6.4894307e-06,-5.172401e-05,0.0,0.0,0.025299598,-0.002659798,0.8858563,-0.0022010296,5.579437e-05,0.0023987403,-0.90907305,0.066638306,-0.0012181565,-8.8667926e-05,0.85851103,0.0072154375,-0.6735663,0.0028000446,0.02418244
188,4,1,B,B,275,-0.0429475,-0.007369621,0.8933784,8.316556e-05,4.8874097e-07,0.0002051832,-0.17351615,0.00043587945,0.89063346,6.881804e-06,1.7537619e-05,-7.368e-05,0.00026236303,0.0018727802,7.9630736e-05,0.0020674432,0.0,0.011023231,0.0061647333,-0.0038797664,-0.009290211,-0.88581246,-0.88666606,-0.8806743,9.764454e-06,-0.054742478,-0.89272606,0.049382035,-0.0023777636,0.0008212333,-0.0003608823,6.449261e-06,-5.153211e-05,0.0,0.0,0.025178663,-0.002657502,0.88148516,-0.002200563,5.5339584e-05,0.002387835,-0.9049644,0.06663806,-0.0012245537,-8.840848e-05,0.9165041,0.0072068144,-0.7665215,0.0027998635,0.02410568
189,0,1,B,A,300,0.54114586,-0.0074716187,0.88543147,8.317582e-05,4.9330345e-07,0.00020587817,-0.17351957,0.00043637076,0.88318807,6.895681e-06,1.7537619e-05,-7.7236204e-05,0.00026237973,0.0019437633,7.9670244e-05,0.0021635857,0.0,0.011037983,0.0061693806,-0.0038937605,-0.009294524,-0.8780041,-0.8787799,-0.87336534,1.0383284e-05,-0.055012714,-0.88474166,0.049418684,-0.0023777978,0.0008689738,-0.00036655343,6.680005e-06,-5.2595526e-05,0.0,0.0,0.025860796,-0.0026691516,0.87419283,-0.002202756,5.8005793e-05,0.002449439,-0.89826465,0.06663836,-0.0013164749,-8.9827496e-05,-0.8645923,0.007251389,0.3936724,0.002800664,0.024526987
190,3,1,A,B,279,0.44982183,-0.0073884665,0.9005718,8.31405e-05,4.8868816e-07,0.00020532208,-0.17351547,0.0004359834,0.8981237,6.884654e-06,1.7537619e-05,-7.4286094e-05,0.0002623671,0.0018851149,7.963943e-05,0.002083897,0.0,0.011026324,0.0061657424,-0.0038825693,-0.009291163,-0.8929478,-0.89385843,-0.8874185,9.8679375e-06,-0.054795515,-0.8999538,0.04939355,-0.002377762,0.00082925824,-0.00036192263,6.4894307e-06,-5.172409e-05,0.0,0.0,0.025299577,-0.002659798,0.88821334,-0.0022010296,5.5795306e-05,0.0023989833,-0.9113597,0.06663829,-0.0012079348,-8.86821e-05,-0.5818305,0.0072154375,0.13290045,0.0028000446,0.02418244
191,6,1,A,B,312,0.6417081,-0.007509123,0.9027479,8.318719e-05,4.950005e-07,0.00020609639,-0.17351696,0.00043650754,0.9004743,6.8997997e-06,1.7537619e-05,-7.875626e-05,0.00026238308,0.0019732052,7.968031e-05,0.0022045737,0.0,0.011042169,0.0061706495,-0.0038982264,-0.009295615,-0.895113,-0.89604014,-0.88947165,1.0657599e-05,-0.055101357,-0.90214175,0.049427386,-0.0023777788,0.00088987505,-0.0003686707,6.7750348e-06,-5.300574e-05,0.0,0.0,0.026132314,-0.0026729153,0.89026064,-0.0022033588,5.914592e-05,0.0024737255,-0.9132884,0.06663877,-0.0012629788,-9.035528e-05,-0.96870714,0.0072663506,0.6747731,0.002800856,0.024686167
192,10,1,B,B,301,-0.7620016,-0.0074749934,0.9057418,8.32298e-05,4.9574135e-07,0.00020589867,-0.17351636,0.000436384,0.90290827,6.8960753e-06,1.7537619e-05,-7.7366065e-05,0.00026238005,0.0019462599,7.967124e-05,0.0021671848,0.0,0.011038387,0.006169529,-0.0038942196,-0.009294633,-0.89810425,-0.8990514,-0.8923206,1.0406572e-05,-0.055021163,-0.90515023,0.049403526,-0.002377773,0.0008707417,-0.00036674456,6.6882803e-06,-5.2632447e-05,0.0,0.0,0.025884746,-0.0026695027,0.8931018,-0.0022028144,5.8100213e-05,0.002451208,-0.9155631,0.06663883,-0.0012291552,-8.9817804e-05,0.9974744,0.0072527695,-0.9975763,0.0028006835,0.02454123
193,1,2,A,A,267,0.03110394,-0.007328566,0.90032023,8.313351e-05,4.86059e-07,0.00020486518,-0.17351334,0.0004356324,0.89758664,6.875164e-06,1.7537619e-05,-7.2420786e-05,0.00026235232,0.0018469932,7.9609454e-05,0.0020332672,0.0,0.011015919,0.006162312,-0.0038734018,-0.009287876,-0.89268774,-0.89359933,-0.8871628,9.5521045e-06,-0.054622937,-0.89970267,0.04936682,-0.0023777382,0.00080468116,-0.0003586277,6.3648577e-06,-5.1120525e-05,0.0,0.0,0.024921764,-0.0026522907,0.8879577,-0.002199449,5.439613e-05,0.002364643,-0.91099906,0.06663773,-0.0011813659,-8.785664e-05,0.86918944,0.007187479,-0.68634796,0.0027994132,0.023939885
194,1,2,A,A,262,0.026771963,-0.007300437,0.90063417,8.311021e-05,4.8432963e-07,0.00020463545,-0.17351192,0.0004354468,0.897892,6.8702766e-06,1.7537619e-05,-7.160177e-05,0.00026234353,0.0018300356,7.959299e-05,0.0020109897,0.0,0.011010461,0.006160464,-0.0038688057,-0.0092860665,-0.8929979,-0.8939124,-0.8874556,9.415666e-06,-0.054537676,-0.9000187,0.04935457,-0.002377722,0.0007940068,-0.00035709052,6.3092234e-06,-5.0842857e-05,0.0,0.0,0.024750426,-0.002648561,0.88824904,-0.0021986081,5.3782147e-05,0.0023491343,-0.91125983,0.06663734,-0.0011680502,-8.747806e-05,0.8789686,0.007173819,-0.7014911,0.0027990574,0.023827333
195,1,1,A,B,286,0.17125203,-0.007418977,0.89888644,8.319102e-05,4.914478e-07,0.0002055371,-0.17351648,0.00043613906,0.8962323,6.888997e-06,1.7537619e-05,-7.531208e-05,0.00026237263,0.0019057146,7.965215e-05,0.002111679,0.0,0.011030979,0.0061672283,-0.0038868978,-0.009292553,-0.8912711,-0.89216924,-0.88582885,1.0044853e-05,-0.05487846,-0.89826065,0.049400147,-0.0023777732,0.0008429484,-0.00036361333,6.556632e-06,-5.2038802e-05,0.0,0.0,0.025499914,-0.0026633816,0.8866278,-0.0022017257,5.65635e-05,0.0024167937,-0.90981627,0.06663849,-0.0012299683,-8.908767e-05,0.6379309,0.0072290422,-0.47318554,0.0028003051,0.024307694
196,3,1,A,B,335,0.4406485,-0.007565384,0.90038705,8.321374e-05,4.9923585e-07,0.00020638136,-0.17351782,0.0004366687,0.8979324,6.904919e-06,1.7537619e-05,-8.1374776e-05,0.000262386,0.0020224175,7.969132e-05,0.002274744,0.0,0.011047181,0.006172053,-0.0039040444,-0.0092968,-0.8927549,-0.8936669,-0.88722724,1.1145874e-05,-0.055221178,-0.8997699,0.04943395,-0.002377788,0.0009267115,-0.00037188682,6.9330026e-06,-5.3646745e-05,0.0,0.0,0.026569806,-0.0026779533,0.8880218,-0.0022040615,6.110646e-05,0.002512484,-0.9111611,0.066638894,-0.001314201,-9.114065e-05,-0.5745544,0.007287053,0.12500289,0.0028010544,0.024930824
197,10,1,A,B,312,0.65689796,-0.007509123,0.9067469,8.3187006e-05,4.949414e-07,0.00020609639,-0.17351632,0.00043650754,0.9044713,6.8997997e-06,1.7537619e-05,-7.875609e-05,0.00026238308,0.0019732087,7.968031e-05,0.0022045835,0.0,0.011042169,0.0061706523,-0.0038982325,-0.009295615,-0.8991081,-0.9000623,-0.8932763,1.0657545e-05,-0.05510139,-0.9061607,0.049427494,-0.002377776,0.00088987016,-0.00036867138,6.7750348e-06,-5.3005875e-05,0.0,0.0,0.026132314,-0.0026729153,0.89405465,-0.0022033588,5.9145965e-05,0.0024737257,-0.9167645,0.06663885,-0.0012439678,-9.0356254e-05,-0.9757994,0.0072663506,0.7178382,0.002800856,0.024686191
198,1,1,B,A,278,0.4332094,-0.007383855,0.8875277,8.313994e-05,4.8850006e-07,0.00020528851,-0.17351744,0.00043595853,0.885143,6.8839686e-06,1.7537619e-05,-7.413647e-05,0.0002623661,0.0018820725,7.9637364e-05,0.0020798,0.0,0.0110255815,0.0061654877,-0.0038818698,-0.009290936,-0.88005483,-0.8808531,-0.8752762,9.842259e-06,-0.054782555,-0.8868479,0.049392115,-0.0023777715,0.0008272779,-0.00036166745,6.479512e-06,-5.1676714e-05,0.0,0.0,0.025269799,-0.0026592417,0.87609917,-0.0022009178,5.568264e-05,0.002396274,-0.9000335,0.06663794,-0.0012527995,-8.861814e-05,-0.5071187,0.007213343,0.08518067,0.002800002,0.024163615
199,10,1,A,B,319,0.656898,-0.0075282278,0.90668815,8.319321e-05,4.960482e-07,0.00020619908,-0.17351648,0.00043656823,0.9044135,6.9016837e-06,1.7537619e-05,-7.9592646e-05,0.0002623843,0.001989143,7.9684585e-05,0.0022270505,0.0,0.011044043,0.006171191,-0.0039003259,-0.009296075,-0.8990508,-0.90000427,-0.89322263,1.08112445e-05,-0.055143915,-0.9061016,0.049430896,-0.002377777,0.0009015205,-0.00036975733,6.8263034e-06,-5.3219603e-05,0.0,0.0,0.026276276,-0.002674713,0.8940013,-0.0022036242,5.977273e-05,0.0024865426,-0.9167183,0.06663888,-0.0012543846,-9.0624584e-05,-0.9758014,0.0072736293,0.71784836,0.0028009352,0.024768386
200,2,0,B,A,309,0.21814558,-0.007500337,0.88848966,8.322675e-05,4.9631547e-07,0.00020604725,-0.17351949,0.00043647765,0.8859027,6.8988857e-06,1.7537619e-05,-7.838749e-05,0.0002623824,0.0019660546,7.967816e-05,0.0021946018,0.0,0.011041249,0.006170362,-0.0038971973,-0.009295381,-0.88099635,-0.8818048,-0.8761539,1.0590355e-05,-0.055081073,-0.8878152,0.049421005,-0.0023777918,0.0008847794,-0.00036817216,6.7521455e-06,-5.2908323e-05,0.0,0.0,0.026067484,-0.0026720613,0.8769746,-0.002203227,5.8867532e-05,0.0024676216,-0.90079427,0.06663856,-0.0013257096,-9.021284e-05,0.5473251,0.007262922,-0.414049,0.002800815,0.024648624
201,2,0,B,B,311,0.23436671,-0.007506235,0.88812083,8.322877e-05,4.966938e-07,0.00020608038,-0.17351952,0.00043649785,0.8855471,6.8995023e-06,1.7537619e-05,-7.863477e-05,0.00026238288,0.0019708057,7.967961e-05,0.0022012522,0.0,0.011041871,0.006170545,-0.0038978716,-0.009295539,-0.8806409,-0.8814439,-0.8758287,1.0635308e-05,-0.055094644,-0.8874435,0.04942225,-0.0023777927,0.0008881998,-0.00036850607,6.767468e-06,-5.2973446e-05,0.0,0.0,0.026110938,-0.0026726364,0.8766507,-0.0022033162,5.9052767e-05,0.0024714887,-0.9005005,0.066638574,-0.0013302943,-9.029525e-05,0.5122591,0.007265229,-0.3944052,0.0028008427,0.02467381
202,1,2,A,A,309,0.014641311,-0.007500337,0.90062034,8.323698e-05,4.9683734e-07,0.00020604725,-0.1735175,0.00043647765,0.89788795,6.8988857e-06,1.7537619e-05,-7.8386736e-05,0.0002623824,0.0019660406,7.967816e-05,0.0021946374,0.0,0.011041249,0.006170371,-0.0038972222,-0.009295381,-0.89300203,-0.8939113,-0.8874746,1.0590328e-05,-0.05508126,-0.9000019,0.049418274,-0.0023777848,0.0008847641,-0.00036817256,6.7521446e-06,-5.2908574e-05,0.0,0.0,0.026067493,-0.0026720613,0.8882699,-0.002203227,5.886686e-05,0.0024675485,-0.91131157,0.06663883,-0.0012692288,-9.020382e-05,0.88133,0.007262922,-0.6988574,0.002800815,0.024648624
203,6,1,A,B,297,0.64251024,-0.0074612014,0.9029075,8.316817e-05,4.9217505e-07,0.00020581379,-0.17351648,0.00043632858,0.90063363,6.894441e-06,1.7537619e-05,-7.683685e-05,0.00026237857,0.001935977,7.966703e-05,0.0021528832,0.0,0.011036702,0.0061690155,-0.0038924916,-0.009294176,-0.89526963,-0.89619845,-0.8896182,1.031239e-05,-0.05498717,-0.90230227,0.049417,-0.0023777727,0.00086352753,-0.00036597002,6.654742e-06,-5.2484145e-05,0.0,0.0,0.025787644,-0.0026680538,0.8904067,-0.002202569,5.7707737e-05,0.002442923,-0.91341776,0.06663866,-0.0012353125,-8.9688685e-05,-0.97006506,0.007247086,0.6804359,0.002800602,0.02448324
204,3,1,A,A,255,0.4528746,-0.0072575486,0.9003503,8.303837e-05,4.8066687e-07,0.00020426739,-0.17350942,0.0004351381,0.8979042,6.862305e-06,1.7537619e-05,-7.041179e-05,0.00026232738,0.0018051771,7.956489e-05,0.0019785622,0.0,0.0110014295,0.0061573507,-0.0038614578,-0.009282965,-0.8927237,-0.8936334,-0.8872019,9.2197e-06,-0.05440286,-0.89973235,0.04933795,-0.0023776933,0.0007786183,-0.00035475718,6.227401e-06,-5.042571e-05,0.0,0.0,0.02449568,-0.0026426387,0.8879966,-0.0021972042,5.289074e-05,0.002326216,-0.91115165,0.06663652,-0.001151555,-8.691705e-05,-0.6032967,0.0071523823,0.14586967,0.002798439,0.023657184
205,10,1,B,B,304,-0.77780116,-0.0074848365,0.9060705,8.323418e-05,4.963603e-07,0.00020595755,-0.17351642,0.00043642163,0.9032386,6.8971963e-06,1.7537619e-05,-7.775459e-05,0.000262381,0.0019538172,7.967406e-05,0.0021776543,0.0,0.011039535,0.0061698747,-0.0038954134,-0.0092949355,-0.89843637,-0.89938456,-0.89263886,1.0476198e-05,-0.055044852,-0.90548027,0.04940553,-0.0023777739,0.00087606156,-0.00036729858,6.7127216e-06,-5.2739117e-05,0.0,0.0,0.02595501,-0.0026705128,0.89341956,-0.0022029805,5.839121e-05,0.0024574837,-0.91586095,0.06663885,-0.0012335929,-8.995348e-05,0.99780977,0.0072567584,-0.9983275,0.0028007368,0.024582801
206,2,1,B,B,340,0.32495412,-0.00757537,0.889055,8.323725e-05,5.004868e-07,0.0002064262,-0.17351976,0.0004366918,0.88655883,6.9056887e-06,1.7537619e-05,-8.189722e-05,0.0002623863,0.0020319782,7.9692785e-05,0.0022886426,0.0,0.011047909,0.00617224,-0.0039049396,-0.009296958,-0.8815631,-0.8823745,-0.8766957,1.1245857e-05,-0.055240445,-0.8883818,0.049433753,-0.002377796,0.00093420496,-0.00037246346,6.963574e-06,-5.376439e-05,0.0,0.0,0.026652325,-0.002678763,0.87751585,-0.002204161,6.149657e-05,0.0025195947,-0.9013435,0.06663863,-0.0013846249,-9.127583e-05,0.056620397,0.0072904797,-0.17969044,0.0028010816,0.024975158
207,0,1,A,A,333,0.07493998,-0.0075611877,0.8982208,8.3255916e-05,5.00496e-07,0.00020636198,-0.17351818,0.00043665848,0.89550203,6.904582e-06,1.7537619e-05,-8.1161736e-05,0.00026238587,0.0020184328,7.969067e-05,0.0022690452,0.0,0.01104686,0.006171965,-0.0039036416,-0.009296729,-0.8906098,-0.8915029,-0.8852031,1.11053e-05,-0.055212833,-0.89759153,0.04942893,-0.00237779,0.0009236762,-0.0003716445,6.9204184e-06,-5.359751e-05,0.0,0.0,0.026535666,-0.0026776046,0.8860032,-0.002204017,6.0945422e-05,0.0025091136,-0.90921295,0.0666389,-0.0013244925,-9.106205e-05,0.84504026,0.007285589,-0.65624136,0.002801043,0.024912283
208,3,1,A,B,326,0.45710468,-0.007545526,0.90085715,8.320965e-05,4.980627e-07,0.00020628687,-0.17351772,0.00043661782,0.8984167,6.903261e-06,1.7537619e-05,-8.039433e-05,0.0002623852,0.0020041985,7.9687976e-05,0.0022485133,0.0,0.011045586,0.0061716167,-0.0039021086,-0.009296441,-0.8932283,-0.8941421,-0.8876812,1.09604935e-05,-0.055180807,-0.9002414,0.049431194,-0.0023777864,0.00091278873,-0.00037074485,6.8747113e-06,-5.3416283e-05,0.0,0.0,0.026410498,-0.0026762644,0.8884748,-0.0022038405,6.0372127e-05,0.002498373,-0.91159546,0.06663885,-0.0012996906,-9.0858506e-05,-0.59562117,0.007280005,0.16328116,0.002800996,0.024843538
209,4,1,B,B,315,-0.001629635,-0.0075175436,0.8933405,8.3243765e-05,4.979491e-07,0.0002061424,-0.17351878,0.000436535,0.8906082,6.900648e-06,1.7537619e-05,-7.911997e-05,0.00026238363,0.0019800728,7.9682264e-05,0.0022143133,0.0,0.011043016,0.006170884,-0.003899145,-0.009295825,-0.8857665,-0.88662195,-0.8806228,1.0724056e-05,-0.05512021,-0.89268893,0.04942138,-0.0023777909,0.0008949323,-0.00036914757,6.797368e-06,-5.3099226e-05,0.0,0.0,0.026195278,-0.0026737184,0.8814333,-0.0022034792,5.941572e-05,0.0024789183,-0.90491766,0.06663875,-0.0013153796,-9.0442605e-05,0.8939503,0.0072695883,-0.7212174,0.0028008928,0.024722297
210,10,1,A,B,255,0.6532053,-0.0072575486,0.90662766,8.3031126e-05,4.8011384e-07,0.00020426739,-0.17350863,0.0004351381,0.9043418,6.862305e-06,1.7537619e-05,-7.0411545e-05,0.00026232738,0.0018051906,7.956489e-05,0.001978569,0.0,0.0110014295,0.006157359,-0.0038614676,-0.009282965,-0.89899194,-0.89994437,-0.8931681,9.219662e-06,-0.054402858,-0.90604043,0.049339604,-0.0023776887,0.00077861396,-0.00035475797,6.227401e-06,-5.0425842e-05,0.0,0.0,0.024495663,-0.0026426387,0.89394706,-0.0021972042,5.289111e-05,0.00232626,-0.91667753,0.066636585,-0.0011340358,-8.692281e-05,-0.9547898,0.0071523823,0.683647,0.002798439,0.023657208
211,3,1,B,B,304,0.144303,-0.0074848365,0.89147735,8.322558e-05,4.9557144e-07,0.00020595755,-0.17351867,0.00043642163,0.8888299,6.8971963e-06,1.7537619e-05,-7.77556e-05,0.000262381,0.0019538398,7.967406e-05,0.0021776084,0.0,0.011039535,0.00616986,-0.0038953796,-0.0092949355,-0.8839363,-0.8847732,-0.8789108,1.0476264e-05,-0.055044673,-0.89081633,0.049416896,-0.0023777888,0.0008760804,-0.00036729703,6.7127216e-06,-5.2738735e-05,0.0,0.0,0.025954971,-0.0026705128,0.8797255,-0.0022029805,5.8394e-05,0.0024575416,-0.9033615,0.06663865,-0.0013016637,-8.999396e-05,0.7143206,0.0072567584,-0.52691424,0.0028007368,0.02458278
212,6,1,B,B,350,-0.3020567,-0.0075933337,0.8976607,8.326731e-05,5.0300514e-07,0.00020650204,-0.17351826,0.0004367291,0.89485085,6.906966e-06,1.7537619e-05,-8.289259e-05,0.0002623868,0.0020500042,7.969509e-05,0.002315224,0.0,0.011049097,0.0061725597,-0.0039065224,-0.009297204,-0.8900536,-0.89094245,-0.8846768,1.1439473e-05,-0.05527403,-0.8970287,0.04942771,-0.0023777918,0.0009486065,-0.0003735083,7.021082e-06,-5.3980577e-05,0.0,0.0,0.02680545,-0.0026801494,0.8854784,-0.0022043216,6.223985e-05,0.0025328503,-0.9086268,0.06663891,-0.0013537018,-9.150119e-05,0.9761566,0.00729643,-0.91618645,0.0028011217,0.02505576
213,0,1,B,A,273,0.5327907,-0.00735979,0.88538915,8.311516e-05,4.866532e-07,0.00020510895,-0.17351708,0.00043582282,0.8831312,6.880268e-06,1.7537619e-05,-7.337142e-05,0.00026236067,0.0018665215,7.962592e-05,0.0020590385,0.0,0.011021551,0.006164169,-0.0038782612,-0.009289684,-0.87794995,-0.8787287,-0.8733024,9.712086e-06,-0.054714333,-0.8847004,0.049384594,-0.0023777673,0.0008171631,-0.00036034104,6.4286833e-06,-5.143262e-05,0.0,0.0,0.025116334,-0.0026562798,0.87412894,-0.0022003083,5.5109285e-05,0.0023824815,-0.898195,0.066637725,-0.0012454767,-8.829491e-05,-0.84390116,0.0072022523,0.3667711,0.0027997629,0.024065804
214,1,1,A,A,299,0.19617961,-0.0074681956,0.8982752,8.321604e-05,4.944693e-07,0.0002058572,-0.1735175,0.00043635708,0.8956294,6.8952777e-06,1.7537619e-05,-7.710353e-05,0.00026237936,0.0019411459,7.9669204e-05,0.0021600658,0.0,0.011037568,0.0061692707,-0.0038933624,-0.009294411,-0.8906598,-0.8915546,-0.88524646,1.0359724e-05,-0.055004507,-0.8976467,0.04941336,-0.0023777832,0.0008671598,-0.00036636143,6.671648e-06,-5.2558993e-05,0.0,0.0,0.025836674,-0.0026687935,0.8860463,-0.0022026955,5.7905923e-05,0.0024469895,-0.9092778,0.066638686,-0.0012595606,-8.9764966e-05,0.5931528,0.0072499816,-0.44622874,0.0028006441,0.02451259
215,3,1,A,B,332,0.45597428,-0.0075590443,0.900801,8.321141e-05,4.988057e-07,0.00020635195,-0.17351784,0.0004366532,0.89836645,6.904407e-06,1.7537619e-05,-8.105398e-05,0.0002623858,0.002016487,7.969031e-05,0.0022661681,0.0,0.011046694,0.0061719227,-0.0039034414,-0.009296691,-0.8931846,-0.89409465,-0.8876501,1.1084871e-05,-0.055208527,-0.9001831,0.049433287,-0.0023777878,0.0009221381,-0.00037152137,6.9140488e-06,-5.3572614e-05,0.0,0.0,0.026518293,-0.0026774248,0.88844514,-0.0022039937,6.086624e-05,0.0025079323,-0.91159356,0.06663886,-0.001309439,-9.10509e-05,-0.622342,0.0072848364,0.16060755,0.0028010372,0.024902835
216,0,1,B,A,263,0.53254277,-0.007306224,0.88597834,8.30754e-05,4.8339757e-07,0.00020468349,-0.1735147,0.0004354861,0.88371927,6.8713043e-06,1.7537619e-05,-7.1768154e-05,0.00026234545,0.0018335134,7.959651e-05,0.0020154717,0.0,0.011011613,0.0061608423,-0.0038697408,-0.009286453,-0.87853783,-0.8793201,-0.8738617,9.443226e-06,-0.05455531,-0.88529116,0.04936253,-0.002377741,0.00079617335,-0.00035740572,6.3205384e-06,-5.0899434e-05,0.0,0.0,0.024785373,-0.0026493385,0.8746875,-0.0021987862,5.390746e-05,0.002352535,-0.8987296,0.06663711,-0.0012150874,-8.75717e-05,-0.8473497,0.0071766553,0.3684318,0.002799134,0.023850419
217,10,1,A,B,283,0.6568953,-0.007406271,0.90668124,8.314047e-05,4.889296e-07,0.00020544905,-0.17351489,0.0004360761,0.90440786,6.8872287e-06,1.7537619e-05,-7.487741e-05,0.00026237048,0.0018970614,7.964706e-05,0.002099934,0.0,0.011029094,0.0061666407,-0.0038851348,-0.009291997,-0.89904594,-0.8999987,-0.8932201,9.96962e-06,-0.05484433,-0.9060942,0.049401566,-0.0023777604,0.0008371303,-0.00036290905,6.5283034e-06,-5.1907264e-05,0.0,0.0,0.02541575,-0.0026619097,0.8939993,-0.0022014447,5.62393e-05,0.0024095194,-0.9167274,0.06663843,-0.0011923863,-8.8933455e-05,-0.9756361,0.0072234315,0.7170503,0.0028002015,0.024255402
218,1,1,B,A,287,0.42610455,-0.0074230935,0.8871424,8.316317e-05,4.9088203e-07,0.00020556517,-0.17351854,0.00043615882,0.88475436,6.889556e-06,1.7537619e-05,-7.5455646e-05,0.0002623733,0.0019085924,7.9653735e-05,0.0021155183,0.0,0.0110315755,0.006167403,-0.00388744,-0.009292726,-0.8796697,-0.880466,-0.87490904,1.0069725e-05,-0.054889232,-0.8864613,0.04940454,-0.0023777816,0.00084487716,-0.00036384183,6.5659237e-06,-5.2081476e-05,0.0,0.0,0.025527395,-0.0026638522,0.8757326,-0.0022018144,5.6671317e-05,0.0024194599,-0.8996809,0.06663818,-0.00127684,-8.915401e-05,-0.48993284,0.007230842,0.07715027,0.002800337,0.02432469
219,1,2,B,A,305,0.5361465,-0.007488025,0.88773865,8.318196e-05,4.942235e-07,0.00020597629,-0.17351942,0.00043643345,0.8854646,6.8975514e-06,1.7537619e-05,-7.788364e-05,0.00026238136,0.0019563637,7.9674945e-05,0.0021810376,0.0,0.011039897,0.00616996,-0.0038957542,-0.0092950305,-0.8802588,-0.88106,-0.87546456,1.04992905e-05,-0.05505221,-0.8870602,0.049422383,-0.002377791,0.00087783864,-0.00036747675,6.720736e-06,-5.2773397e-05,0.0,0.0,0.02597791,-0.0026708355,0.8762869,-0.0022030326,5.849107e-05,0.0024599163,-0.9002363,0.066638395,-0.001318789,-9.0056e-05,-0.8634362,0.007258038,0.38416034,0.0028007533,0.024596285
220,4,1,A,B,295,0.5662367,-0.0074540055,0.90123385,8.316706e-05,4.921322e-07,0.00020576842,-0.17351656,0.00043629837,0.89889354,6.89356e-06,1.7537619e-05,-7.6567434e-05,0.0002623777,0.0019306663,7.966472e-05,0.0021456054,0.0,0.011035787,0.0061687296,-0.0038915703,-0.009293923,-0.8936027,-0.8945193,-0.88803643,1.0264687e-05,-0.054969147,-0.90061986,0.049414277,-0.002377775,0.00085986854,-0.0003655666,6.637555e-06,-5.240737e-05,0.0,0.0,0.025737667,-0.0026672825,0.888829,-0.0022024354,5.7505393e-05,0.0024384267,-0.9119477,0.06663863,-0.0012398281,-8.9585425e-05,-0.90543807,0.0072440784,0.46491662,0.0028005561,0.02445313
221,0,1,B,A,259,0.5241096,-0.007282577,0.88561445,8.3056504e-05,4.8201605e-07,0.00020448474,-0.17351335,0.000435322,0.8833441,6.8670324e-06,1.7537619e-05,-7.109862e-05,0.0002623372,0.0018195685,7.958174e-05,0.0019972436,0.0,0.011006802,0.0061591975,-0.0038657712,-0.009284825,-0.8781777,-0.878957,-0.87352204,9.332431e-06,-0.054482114,-0.88492566,0.04935138,-0.002377726,0.00078748696,-0.00035611689,6.2747376e-06,-5.0668004e-05,0.0,0.0,0.024643427,-0.0026461286,0.8743489,-0.0021980412,5.3405445e-05,0.0023396546,-0.89840424,0.06663677,-0.0012028206,-8.7253626e-05,-0.8184564,0.0071649784,0.33536997,0.0027988115,0.023756268
222,6,1,B,B,328,-0.34125146,-0.0075501595,0.8982021,8.3257e-05,5.0038756e-07,0.00020630956,-0.173518,0.00043663027,0.8953835,6.903663e-06,1.7537619e-05,-8.06171e-05,0.0002623854,0.0020082972,7.968881e-05,0.0022544814,0.0,0.011045976,0.006171721,-0.0039025694,-0.009296531,-0.8905888,-0.8914823,-0.88518083,1.1002316e-05,-0.055190396,-0.8975735,0.0494222,-0.0023777897,0.0009159413,-0.00037101033,6.888039e-06,-5.346952e-05,0.0,0.0,0.0264472,-0.0026766672,0.8859809,-0.0022038948,6.0536047e-05,0.0025012484,-0.90907997,0.0666389,-0.001315375,-9.0884714e-05,0.9810537,0.0072816773,-0.9373354,0.0028010109,0.024863813
223,0,1,B,A,291,0.52123487,-0.007438988,0.88549066,8.316098e-05,4.913671e-07,0.00020567133,-0.17351912,0.00043623257,0.88322866,6.8916597e-06,1.7537619e-05,-7.6018914e-05,0.0002623757,0.0019198059,7.9659585e-05,0.0021307338,0.0,0.011033796,0.0061680954,-0.0038895786,-0.009293364,-0.87806535,-0.8788412,-0.8734264,1.0168076e-05,-0.05493072,-0.88480055,0.04941032,-0.0023777918,0.0008524564,-0.00036472708,6.6023326e-06,-5.224804e-05,0.0,0.0,0.025634639,-0.002665639,0.87425345,-0.0022021427,5.7093614e-05,0.0024291663,-0.89831895,0.066638246,-0.0012943698,-8.937671e-05,-0.8270643,0.0072377115,0.34197727,0.0028004542,0.024390554
224,10,1,A,B,287,0.6568971,-0.0074230935,0.9066105,8.314964e-05,4.899182e-07,0.00020556517,-0.17351523,0.00043615882,0.9043342,6.889556e-06,1.7537619e-05,-7.545462e-05,0.0002623733,0.0019086193,7.9653735e-05,0.0021155544,0.0,0.0110315755,0.0061674267,-0.0038874743,-0.009292726,-0.89896995,-0.89992386,-0.8931432,1.006964e-05,-0.054889373,-0.90602446,0.049406715,-0.0023777643,0.0008448564,-0.0003638431,6.565922e-06,-5.208189e-05,0.0,0.0,0.025527373,-0.0026638522,0.89392143,-0.0022018144,5.667194e-05,0.002419563,-0.9166353,0.06663853,-0.0012007615,-8.9163994e-05,-0.9757069,0.007230842,0.71738243,0.002800337,0.024324715
225,0,1,A,A,273,0.08181252,-0.00735979,0.89771193,8.3156665e-05,4.8798313e-07,0.00020510895,-0.17351513,0.00043582282,0.8949887,6.880268e-06,1.7537619e-05,-7.337081e-05,0.00026236067,0.001866487,7.962592e-05,0.0020590683,0.0,0.011021551,0.006164182,-0.0038782826,-0.009289684,-0.8900964,-0.89098763,-0.88470954,9.712044e-06,-0.054714438,-0.89708155,0.04937962,-0.0023777557,0.00081715285,-0.00036034107,6.4286764e-06,-5.143286e-05,0.0,0.0,0.02511635,-0.0026562798,0.88551027,-0.0022003083,5.5108285e-05,0.0023822265,-0.90874475,0.06663807,-0.001204565,-8.827958e-05,0.84839326,0.0072022523,-0.6644355,0.0027997629,0.024065804
226,1,1,A,A,326,0.18247461,-0.007545526,0.89857787,8.3246014e-05,4.992391e-07,0.00020628687,-0.17351791,0.00043661782,0.8959238,6.903261e-06,1.7537619e-05,-8.039443e-05,0.0002623852,0.0020041643,7.9687976e-05,0.0022485168,0.0,0.011045586,0.0061716135,-0.0039021068,-0.009296441,-0.8909636,-0.89185995,-0.8855374,1.09605035e-05,-0.05518081,-0.89795065,0.049427867,-0.0023777885,0.0009127933,-0.00037074453,6.8747113e-06,-5.341622e-05,0.0,0.0,0.02641052,-0.0026762644,0.8863362,-0.0022038405,6.0371145e-05,0.0024980807,-0.9095492,0.06663889,-0.001308524,-9.0844565e-05,0.6329737,0.007280005,-0.4706328,0.002800996,0.024843538
227,1,2,B,A,278,0.53352994,-0.007383855,0.8879365,8.313012e-05,4.880621e-07,0.00020528851,-0.17351738,0.00043595853,0.88565934,6.8839686e-06,1.7537619e-05,-7.4136486e-05,0.0002623661,0.0018820832,7.9637364e-05,0.0020797981,0.0,0.0110255815,0.006165489,-0.0038818703,-0.009290936,-0.88045824,-0.88125986,-0.8756554,9.842254e-06,-0.054782543,-0.8872583,0.049393296,-0.0023777715,0.00082727737,-0.00036166745,6.4795126e-06,-5.167674e-05,0.0,0.0,0.025269797,-0.0026592417,0.87647736,-0.0022009178,5.568288e-05,0.0023963398,-0.9004192,0.06663793,-0.0012515603,-8.8622364e-05,-0.851506,0.007213343,0.37063935,0.002800002,0.024163615
228,2,1,B,A,303,0.30734232,-0.007481602,0.8890706,8.320628e-05,4.9481434e-07,0.00020593837,-0.17351918,0.0004364094,0.8865591,6.896831e-06,1.7537619e-05,-7.762693e-05,0.00026238072,0.0019513556,7.967315e-05,0.0021741344,0.0,0.011039163,0.0061697434,-0.0038949877,-0.009294838,-0.8815684,-0.8823823,-0.8766909,1.0453164e-05,-0.055036914,-0.88839793,0.049418192,-0.0023777895,0.000874316,-0.00036711487,6.7046412e-06,-5.2703566e-05,0.0,0.0,0.025931777,-0.0026701828,0.87751096,-0.0022029267,5.829806e-05,0.0024556017,-0.9013266,0.06663849,-0.0013086646,-8.995628e-05,0.10778242,0.007255454,-0.20565733,0.0028007198,0.024569096
229,10,1,B,B,284,-0.77640706,-0.0074105663,0.90580446,8.319554e-05,4.916697e-07,0.00020547908,-0.17351514,0.00043609767,0.90296984,6.8878335e-06,1.7537619e-05,-7.502306e-05,0.00026237126,0.0018999171,7.96488e-05,0.0021038929,0.0,0.011029739,0.006166846,-0.003885742,-0.009292188,-0.8981644,-0.89911294,-0.89237577,9.9947965e-06,-0.054855973,-0.90521395,0.049386926,-0.0023777615,0.0008390781,-0.00036314726,6.5378244e-06,-5.195168e-05,0.0,0.0,0.02544414,-0.0026624107,0.89315665,-0.0022015413,5.6344812e-05,0.002411715,-0.9156019,0.066638544,-0.001197404,-8.893623e-05,0.99773,0.0072253374,-0.99775827,0.0028002372,0.02427306
230,0,1,A,A,343,0.08183852,-0.0075810296,0.89801574,8.3261024e-05,5.017434e-07,0.00020645076,-0.17351823,0.0004367041,0.8952997,6.906106e-06,1.7537619e-05,-8.2201834e-05,0.00026238651,0.00203752,7.969355e-05,0.0022968184,0.0,0.011048301,0.0061723525,-0.0039054654,-0.009297042,-0.89039826,-0.89129186,-0.88499504,1.1304796e-05,-0.05525138,-0.8973865,0.049431063,-0.0023777909,0.00093859085,-0.0003727919,6.9813245e-06,-5.383206e-05,0.0,0.0,0.026699886,-0.0026792097,0.8857958,-0.0022042142,6.1724175e-05,0.0025235997,-0.90901154,0.06663891,-0.0013406787,-9.134425e-05,0.84024054,0.007292384,-0.6470224,0.0028010956,0.025000429
231,4,1,B,B,300,-0.02493639,-0.0074716187,0.8932199,8.322529e-05,4.951431e-07,0.00020587817,-0.17351836,0.00043637076,0.8904863,6.895681e-06,1.7537619e-05,-7.72358e-05,0.00026237973,0.0019437127,7.9670244e-05,0.0021636137,0.0,0.011037983,0.006169396,-0.003893778,-0.009294524,-0.8856563,-0.8865084,-0.8805273,1.0383233e-05,-0.05501277,-0.8925672,0.049411643,-0.0023777864,0.0008689663,-0.00036655343,6.6799985e-06,-5.2595708e-05,0.0,0.0,0.025860818,-0.0026691516,0.88133883,-0.002202756,5.8004112e-05,0.0024490915,-0.90482926,0.06663867,-0.0012839165,-8.980249e-05,0.90197295,0.007251389,-0.7346889,0.002800664,0.024526987
232,3,1,A,B,305,0.45684978,-0.007488025,0.9003121,8.3188024e-05,4.945774e-07,0.00020597629,-0.17351736,0.00043643345,0.89787436,6.8975514e-06,1.7537619e-05,-7.788295e-05,0.00026238136,0.001956354,7.9674945e-05,0.0021810688,0.0,0.011039897,0.006169972,-0.0038957796,-0.0092950305,-0.8926892,-0.893598,-0.8871732,1.0499265e-05,-0.05505238,-0.8996925,0.04942112,-0.0023777834,0.0008778231,-0.00036747704,6.720736e-06,-5.277368e-05,0.0,0.0,0.02597791,-0.0026708355,0.88796836,-0.0022030326,5.8490805e-05,0.0024598818,-0.9111338,0.066638716,-0.0012640045,-9.005284e-05,-0.63461804,0.007258038,0.16398428,0.0028007533,0.024596289
233,6,1,A,B,277,0.64451003,-0.007379178,0.9033189,8.3124585e-05,4.873804e-07,0.0002052542,-0.1735148,0.00043593295,0.9010449,6.883265e-06,1.7537619e-05,-7.398453e-05,0.00026236515,0.0018790299,7.963521e-05,0.0020757276,0.0,0.011024819,0.006165262,-0.0038812077,-0.009290703,-0.8956823,-0.8966136,-0.89001274,9.816401e-06,-0.05476955,-0.9027159,0.04939243,-0.002377755,0.00082525896,-0.0003614101,6.4695105e-06,-5.1629348e-05,0.0,0.0,0.025239699,-0.0026586738,0.89080024,-0.002200803,5.556988e-05,0.0023936501,-0.9137816,0.066638224,-0.0011941,-8.8562956e-05,-0.9700529,0.007211207,0.6820747,0.0027999573,0.024144555
234,1,2,B,A,321,0.53204596,-0.0075333472,0.8877432,8.31988e-05,4.9697576e-07,0.00020622557,-0.17351975,0.0004365834,0.88546175,6.902163e-06,1.7537619e-05,-7.982638e-05,0.0002623846,0.001993519,7.968563e-05,0.002233238,0.0,0.011044514,0.0061713024,-0.003900828,-0.009296189,-0.88026077,-0.88106257,-0.87546396,1.0854428e-05,-0.055154797,-0.8870649,0.049430642,-0.0023777948,0.00090480375,-0.0003700477,6.8404192e-06,-5.327701e-05,0.0,0.0,0.026315603,-0.0026751799,0.8762861,-0.0022036906,5.9946375e-05,0.0024899973,-0.90023214,0.06663848,-0.0013538603,-9.068983e-05,-0.8380244,0.007275538,0.36640018,0.002800954,0.024790531
235,0,1,A,A,291,0.06440347,-0.007438988,0.8976527,8.3208186e-05,4.9302935e-07,0.00020567133,-0.17351715,0.00043623257,0.8949187,6.8916597e-06,1.7537619e-05,-7.601823e-05,0.0002623757,0.0019197606,7.9659585e-05,0.0021307694,0.0,0.011033796,0.0061681108,-0.0038896026,-0.009293364,-0.8900373,-0.8909279,-0.8846536,1.0168025e-05,-0.054930888,-0.8970219,0.04940449,-0.0023777792,0.00085244403,-0.0003647272,6.6023263e-06,-5.22483e-05,0.0,0.0,0.025634661,-0.002665639,0.88545436,-0.0022021427,5.7092308e-05,0.0024288483,-0.9086886,0.0666386,-0.0012446574,-8.935716e-05,0.87301904,0.0072377115,-0.694071,0.0028004542,0.024390554
236,10,1,B,B,255,-0.74361,-0.0072575486,0.9052829,8.3072875e-05,4.818934e-07,0.00020426739,-0.17350873,0.0004351381,0.9024521,6.862305e-06,1.7537619e-05,-7.0411574e-05,0.00026232738,0.0018051446,7.956489e-05,0.0019785797,0.0,0.0110014295,0.006157359,-0.0038614688,-0.009282965,-0.89763343,-0.898581,-0.89186174,9.219668e-06,-0.054402884,-0.9046909,0.04932698,-0.0023776896,0.0007786157,-0.00035475794,6.227401e-06,-5.0425824e-05,0.0,0.0,0.024495715,-0.0026426387,0.89264303,-0.0021972042,5.2888663e-05,0.002326012,-0.91511554,0.066636674,-0.0011372365,-8.688284e-05,0.9892333,0.0071523823,-0.9743829,0.002798439,0.023657197
237,2,1,B,A,261,0.313319,-0.0072945682,0.88867927,8.308769e-05,4.83373e-07,0.00020458635,-0.17351346,0.00043540637,0.8861736,6.8692225e-06,1.7537619e-05,-7.143535e-05,0.00026234152,0.0018265779,7.9589365e-05,0.0020064234,0.0,0.011009275,0.006160051,-0.0038678043,-0.009285666,-0.88119185,-0.88199973,-0.8763458,9.388044e-06,-0.054519463,-0.8880043,0.049354933,-0.0023777306,0.0007918496,-0.00035676998,6.29782e-06,-5.078516e-05,0.0,0.0,0.02471511,-0.002647767,0.8771665,-0.002198425,5.3657583e-05,0.002346031,-0.9010091,0.06663698,-0.0012012067,-8.740791e-05,0.11780162,0.0071709277,-0.21074112,0.0027989785,0.023803947
238,4,1,B,B,324,-0.00032682222,-0.007540758,0.8934389,8.325165e-05,4.994092e-07,0.00020626318,-0.17351884,0.00043660466,0.8907042,6.902839e-06,1.7537619e-05,-8.016938e-05,0.00026238497,0.0019999256,7.968708e-05,0.002242466,0.0,0.011045176,0.0061714984,-0.0039016092,-0.009296345,-0.8858639,-0.88672006,-0.88071525,1.0918335e-05,-0.055170666,-0.89278775,0.049425025,-0.0023777918,0.0009096231,-0.00037047124,6.8611635e-06,-5.336145e-05,0.0,0.0,0.02637314,-0.0026758441,0.8815254,-0.0022037833,6.0201703e-05,0.0024947105,-0.90500253,0.06663878,-0.0013314028,-9.076807e-05,0.8951636,0.007278269,-0.7249653,0.0028009801,0.02482274
239,0,1,A,A,339,0.0759061,-0.0075734286,0.8982947,8.325887e-05,5.012387e-07,0.00020641762,-0.17351823,0.00043668743,0.8955806,6.9055427e-06,1.7537619e-05,-8.179346e-05,0.00026238625,0.0020300637,7.9692516e-05,0.0022859215,0.0,0.011047772,0.006172212,-0.003904783,-0.0092969285,-0.89068633,-0.8915793,-0.885278,1.1226016e-05,-0.055236883,-0.8976656,0.0494304,-0.0023777913,0.0009327123,-0.00037235118,6.9575594e-06,-5.3741514e-05,0.0,0.0,0.02663616,-0.002678608,0.8860781,-0.0022041423,6.141848e-05,0.0025179856,-0.90928686,0.0666389,-0.001335281,-9.1236274e-05,0.84262353,0.00728982,-0.6474144,0.0028010765,0.02496652
240,10,1,A,B,314,0.65689766,-0.0075147767,0.90679467,8.318893e-05,4.952693e-07,0.00020612743,-0.17351635,0.00043652614,0.90451705,6.9003727e-06,1.7537619e-05,-7.89988e-05,0.00026238346,0.0019778507,7.968164e-05,0.0022111067,0.0,0.011042741,0.006170818,-0.0038988646,-0.009295757,-0.8991536,-0.9001091,-0.8933177,1.0701926e-05,-0.055114165,-0.9062099,0.049428537,-0.002377776,0.0008932394,-0.0003689921,6.789984e-06,-5.3068754e-05,0.0,0.0,0.026174484,-0.0026734564,0.89409536,-0.00220344,5.932782e-05,0.002477483,-0.9167897,0.066638865,-0.0012454216,-9.0435504e-05,-0.97580063,0.0072685285,0.71784323,0.002800881,0.024710434
241,0,1,B,A,311,0.5462506,-0.007506235,0.8853165,8.318863e-05,4.953148e-07,0.00020608038,-0.1735199,0.00043649785,0.88308275,6.8995023e-06,1.7537619e-05,-7.8635e-05,0.00026238288,0.001970844,7.967961e-05,0.0022012382,0.0,0.011041871,0.0061705364,-0.0038978648,-0.009295539,-0.8778929,-0.8786673,-0.8732635,1.0635352e-05,-0.05509462,-0.8846257,0.04942616,-0.0023778013,0.00088820135,-0.00036850607,6.7674755e-06,-5.2973308e-05,0.0,0.0,0.026110925,-0.0026726364,0.8740909,-0.0022033162,5.905379e-05,0.0024717841,-0.8981716,0.066638425,-0.0013434255,-9.0309746e-05,-0.87784135,0.007265229,0.40970737,0.0028008427,0.02467381
242,2,1,A,B,270,0.33987907,-0.0073445113,0.8993837,8.312643e-05,4.8642033e-07,0.00020499116,-0.17351422,0.00043573172,0.8968383,6.8778127e-06,1.7537619e-05,-7.29002e-05,0.0002623568,0.0018568704,7.96181e-05,0.0020462899,0.0,0.011018852,0.0061632907,-0.0038759243,-0.009288825,-0.8917576,-0.8926618,-0.88628227,9.632586e-06,-0.054670073,-0.8987613,0.049376216,-0.002377747,0.0008109612,-0.0003595017,6.3971606e-06,-5.1279454e-05,0.0,0.0,0.025020504,-0.0026543478,0.88707924,-0.0021998975,5.4756074e-05,0.0023736872,-0.91026545,0.066637896,-0.0011918976,-8.808103e-05,-0.022865696,0.0071950764,-0.14421907,0.0027995973,0.02400405
243,2,0,A,A,317,0.40887672,-0.007522962,0.89806825,8.320809e-05,4.9692807e-07,0.00020617139,-0.1735179,0.00043655204,0.89558893,6.901179e-06,1.7537619e-05,-7.935793e-05,0.00026238398,0.0019846456,7.968346e-05,0.0022207156,0.0,0.011043544,0.0061710356,-0.003899745,-0.009295955,-0.89045095,-0.89134467,-0.8850455,1.0767875e-05,-0.05513237,-0.8974394,0.049427226,-0.002377788,0.00089824444,-0.00036945578,6.811954e-06,-5.3160013e-05,0.0,0.0,0.026236182,-0.0026742264,0.8858458,-0.0022035537,5.95956e-05,0.0024828496,-0.9091429,0.06663877,-0.0012965738,-9.053852e-05,-0.39692357,0.007271647,0.02558951,0.002800915,0.024745625
244,2,0,B,B,332,0.18613967,-0.0075590443,0.88876486,8.32477e-05,4.9995214e-07,0.00020635195,-0.17351976,0.0004366532,0.88616204,6.904407e-06,1.7537619e-05,-8.1054866e-05,0.0002623858,0.0020164542,7.969031e-05,0.0022661407,0.0,0.011046694,0.0061719115,-0.0039034153,-0.009296691,-0.88128066,-0.8820887,-0.87643427,1.1084904e-05,-0.055208378,-0.88808966,0.049430322,-0.002377796,0.0009221591,-0.00037152084,6.914049e-06,-5.357233e-05,0.0,0.0,0.026518311,-0.0026774248,0.87725556,-0.0022039937,6.0865328e-05,0.0025076405,-0.9010632,0.06663868,-0.0013738191,-9.1037386e-05,0.61497146,0.0072848364,-0.4647589,0.0028010372,0.024902835
245,1,2,B,A,272,0.53564286,-0.00735477,0.88816416,8.3111256e-05,4.863198e-07,0.00020507057,-0.17351635,0.00043579334,0.8858847,6.87947e-06,1.7537619e-05,-7.321535e-05,0.00026235945,0.0018633365,7.96234e-05,0.0020548108,0.0,0.011020676,0.0061638844,-0.003877494,-0.009289407,-0.8806744,-0.88148046,-0.8758506,9.685689e-06,-0.054699834,-0.887488,0.049382687,-0.0023777613,0.00081510784,-0.00036006488,6.4182573e-06,-5.1382136e-05,0.0,0.0,0.025084706,-0.002655649,0.87667215,-0.0022001753,5.4992455e-05,0.0023796302,-0.9005994,0.066637695,-0.0012350836,-8.822721e-05,-0.84853464,0.007199905,0.3755108,0.00279971,0.024045479
246,6,1,A,B,294,0.6352331,-0.00745033,0.90347856,8.316342e-05,4.915896e-07,0.00020574497,-0.17351633,0.00043628263,0.9011975,6.893103e-06,1.7537619e-05,-7.6431155e-05,0.00026237723,0.001927992,7.966349e-05,0.0021419341,0.0,0.011035309,0.0061685885,-0.0038910995,-0.009293791,-0.89584374,-0.8967753,-0.89016753,1.0240652e-05,-0.05495987,-0.9028753,0.049414113,-0.0023777706,0.00085802225,-0.00036536145,6.6288567e-06,-5.2368374e-05,0.0,0.0,0.025712287,-0.0026668846,0.89095545,-0.0022023653,5.7403668e-05,0.0024361666,-0.9139297,0.06663862,-0.0012278411,-8.953799e-05,-0.96598125,0.007242532,0.6582323,0.0028005324,0.024437787
247,1,2,B,A,317,0.5161088,-0.007522962,0.88860434,8.319581e-05,4.963693e-07,0.00020617139,-0.17351966,0.00043655204,0.8863059,6.901179e-06,1.7537619e-05,-7.935855e-05,0.00026238398,0.001984662,7.968346e-05,0.002220688,0.0,0.011043544,0.006171028,-0.0038997242,-0.009295955,-0.881127,-0.8819318,-0.876293,1.0767902e-05,-0.055132184,-0.88792855,0.04942887,-0.002377794,0.0008982583,-0.0003694557,6.811955e-06,-5.315984e-05,0.0,0.0,0.026236178,-0.0026742264,0.8771145,-0.0022035537,5.959597e-05,0.0024829367,-0.90102404,0.06663851,-0.0013438745,-9.054364e-05,-0.8019754,0.007271647,0.31872806,0.002800915,0.024745625
248,6,1,A,B,343,0.6366049,-0.0075810296,0.9033492,8.320672e-05,4.9913905e-07,0.00020645076,-0.17351723,0.0004367041,0.901068,6.906106e-06,1.7537619e-05,-8.2201324e-05,0.00026238651,0.0020375974,7.969355e-05,0.0022968221,0.0,0.011048301,0.0061723613,-0.003905475,-0.009297042,-0.89571106,-0.89664316,-0.89003885,1.1304771e-05,-0.055251375,-0.90274614,0.049438056,-0.0023777813,0.0009385803,-0.00037279318,6.9813245e-06,-5.3832206e-05,0.0,0.0,0.026699832,-0.0026792097,0.8908263,-0.0022042142,6.172646e-05,0.0025240548,-0.91380274,0.0666389,-0.0013102773,-9.137421e-05,-0.9668298,0.007292384,0.66412103,0.0028010956,0.025000429
249,1,2,A,A,255,0.02609455,-0.0072575486,0.9004056,8.3069404e-05,4.8155357e-07,0.00020426739,-0.17350948,0.0004351381,0.8976737,6.862305e-06,1.7537619e-05,-7.041183e-05,0.00026232738,0.0018051538,7.956489e-05,0.0019785673,0.0,0.0110014295,0.0061573507,-0.0038614578,-0.009282965,-0.8927744,-0.8936865,-0.8872471,9.219698e-06,-0.054402865,-0.8997886,0.04933415,-0.0023776933,0.00077862,-0.00035475713,6.227401e-06,-5.04257e-05,0.0,0.0,0.024495695,-0.0026426387,0.8880416,-0.0021972042,5.289001e-05,0.0023260335,-0.91107607,0.066636585,-0.0011523897,-8.69051e-05,0.8544544,0.0071523823,-0.6814248,0.002798439,0.023657184
250,1,1,B,B,310,0.45774108,-0.007503307,0.8869583,8.319511e-05,4.9557207e-07,0.00020606401,-0.17351969,0.0004364879,0.88460594,6.899198e-06,1.7537619e-05,-7.8511555e-05,0.00026238264,0.001968466,7.96789e-05,0.0021979304,0.0,0.011041564,0.0061704502,-0.003897535,-0.009295461,-0.87949145,-0.8802852,-0.8747455,1.0612897e-05,-0.055087905,-0.88627607,0.049424466,-0.0023778,0.0008864935,-0.0003683402,6.7598394e-06,-5.294101e-05,0.0,0.0,0.026089316,-0.0026723517,0.8755694,-0.0022032722,5.8961148e-05,0.0024697979,-0.89953506,0.06663843,-0.0013326582,-9.026468e-05,-0.63540816,0.007264086,0.16401705,0.0028008295,0.024661297
251,10,1,A,B,256,0.6543663,-0.007263939,0.9064051,8.3036895e-05,4.804957e-07,0.00020432359,-0.17350905,0.00043518603,0.90411866,6.8635327e-06,1.7537619e-05,-7.058471e-05,0.00026233,0.0018088305,7.956931e-05,0.00198329,0.0,0.011002829,0.0061578457,-0.0038625873,-0.009283454,-0.8987632,-0.8997162,-0.8929444,9.248013e-06,-0.05442331,-0.90581834,0.0493429,-0.002377694,0.0007808446,-0.0003551048,6.239379e-06,-5.0487557e-05,0.0,0.0,0.02453316,-0.0026435386,0.8937234,-0.0021974228,5.302096e-05,0.0023296678,-0.91645294,0.066636704,-0.0011368049,-8.700835e-05,-0.95877993,0.007155621,0.6888359,0.0027985373,0.02368245
252,6,1,B,B,260,-0.3405403,-0.007288615,0.8983914,8.3102044e-05,4.838381e-07,0.00020453609,-0.17351173,0.0004353648,0.89558035,6.8681416e-06,1.7537619e-05,-7.12671e-05,0.00026233942,0.0018230586,7.958561e-05,0.0020018718,0.0,0.011008055,0.0061596404,-0.0038668183,-0.009285253,-0.8907891,-0.89168066,-0.88538176,9.360273e-06,-0.05450108,-0.89776146,0.04934572,-0.002377719,0.000789666,-0.0003564456,6.2863232e-06,-5.0727107e-05,0.0,0.0,0.024679475,-0.0026469561,0.886182,-0.0021982358,5.353046e-05,0.0023426837,-0.9092912,0.06663715,-0.001171479,-8.7308326e-05,0.9779334,0.0071679805,-0.92939657,0.0027988965,0.023780258
253,10,1,A,B,309,0.65689796,-0.007500337,0.9065209,8.3183906e-05,4.9443116e-07,0.00020604725,-0.17351641,0.00043647765,0.9042427,6.8988857e-06,1.7537619e-05,-7.838631e-05,0.0002623824,0.0019661083,7.967816e-05,0.0021946405,0.0,0.011041249,0.0061703827,-0.0038972318,-0.009295381,-0.8988771,-0.8998315,-0.8930517,1.0590259e-05,-0.055081237,-0.90593493,0.04942579,-0.0023777753,0.0008847539,-0.0003681738,6.7521446e-06,-5.2908767e-05,0.0,0.0,0.02606746,-0.0026720613,0.89382994,-0.002203227,5.8868914e-05,0.0024679422,-0.9165438,0.06663882,-0.0012391258,-9.023334e-05,-0.97579676,0.007262922,0.7178292,0.002800815,0.024648655
254,3,1,B,B,319,0.1377244,-0.0075282278,0.8909922,8.3242405e-05,4.9825246e-07,0.00020619908,-0.17351899,0.00043656823,0.88834023,6.9016837e-06,1.7537619e-05,-7.9593825e-05,0.0002623843,0.0019890785,7.9684585e-05,0.0022270202,0.0,0.011044043,0.006171176,-0.0039002956,-0.009296075,-0.88346475,-0.8842954,-0.8784739,1.0811328e-05,-0.055143766,-0.8903282,0.049424887,-0.0023777918,0.0009015445,-0.0003697557,6.8263034e-06,-5.321919e-05,0.0,0.0,0.026276307,-0.002674713,0.87929,-0.0022036242,5.977094e-05,0.0024861605,-0.90295845,0.066638745,-0.0013333284,-9.059892e-05,0.7405997,0.0072736293,-0.547261,0.0028009352,0.024768364
255,4,1,A,B,275,0.5615462,-0.007369621,0.90121615,8.312138e-05,4.8714026e-07,0.0002051832,-0.17351475,0.00043587945,0.8988716,6.881804e-06,1.7537619e-05,-7.367956e-05,0.00026236303,0.001872822,7.9630736e-05,0.0020674511,0.0,0.011023231,0.006164738,-0.0038797783,-0.009290211,-0.8935825,-0.8944997,-0.8880144,9.764448e-06,-0.054742552,-0.9006028,0.049388167,-0.0023777531,0.0008212235,-0.00036088275,6.449261e-06,-5.153227e-05,0.0,0.0,0.025178637,-0.002657502,0.8888068,-0.002200563,5.5340923e-05,0.002388117,-0.91192055,0.06663811,-0.0011965332,-8.842972e-05,-0.8965319,0.0072068144,0.45305794,0.0027998635,0.02410568
256,1,2,A,A,282,0.019129926,-0.007401914,0.9007641,8.3186074e-05,4.9066176e-07,0.00020541834,-0.17351586,0.0004360539,0.89802897,6.88661e-06,1.7537619e-05,-7.473124e-05,0.0002623697,0.0018940619,7.9645244e-05,0.0020959624,0.0,0.01102843,0.006166419,-0.0038845073,-0.009291799,-0.89314115,-0.8940528,-0.88760346,9.944404e-06,-0.05483251,-0.90014726,0.049393434,-0.0023777662,0.00083518354,-0.00036266682,6.5187037e-06,-5.1862145e-05,0.0,0.0,0.025387175,-0.0026613984,0.88839805,-0.0022013455,5.6127916e-05,0.0024066253,-0.9114251,0.06663841,-0.0012156027,-8.884994e-05,0.8791104,0.0072214887,-0.70046234,0.0028001643,0.024237495
257,0,1,B,A,268,0.53305846,-0.007333956,0.88532484,8.309717e-05,4.8509713e-07,0.00020490812,-0.17351606,0.0004356664,0.88306946,6.8760696e-06,1.7537619e-05,-7.258216e-05,0.00026235386,0.0018503398,7.961242e-05,0.0020376046,0.0,0.011016924,0.006162634,-0.0038742356,-0.009288203,-0.8778901,-0.87866753,-0.87325007,9.579088e-06,-0.05463885,-0.88463503,0.049374387,-0.002377756,0.0008067962,-0.00035892258,6.3757197e-06,-5.117385e-05,0.0,0.0,0.024954993,-0.0026529909,0.87407714,-0.002199603,5.4517666e-05,0.0023678928,-0.8981483,0.066637464,-0.0012306344,-8.79452e-05,-0.8505797,0.0071900594,0.3702815,0.0027994767,0.023961546
258,4,1,B,B,290,-0.010549602,-0.0074350983,0.89354455,8.320646e-05,4.928211e-07,0.00020564567,-0.1735178,0.0004362149,0.8908125,6.8911545e-06,1.7537619e-05,-7.587908e-05,0.00026237516,0.0019169931,7.965819e-05,0.0021269901,0.0,0.011033263,0.0061679436,-0.0038890766,-0.009293213,-0.88597035,-0.8868271,-0.8808166,1.0143601e-05,-0.054920707,-0.89289415,0.049402896,-0.0023777806,0.00085056917,-0.00036451017,6.5933364e-06,-5.2207277e-05,0.0,0.0,0.02560825,-0.002665206,0.88162667,-0.0022020643,5.698763e-05,0.0024264753,-0.9050994,0.066638514,-0.001262042,-8.930133e-05,0.89662445,0.0072360425,-0.7253676,0.0028004267,0.024374401
259,0,1,A,A,278,0.07126594,-0.007383855,0.8982298,8.317432e-05,4.8953206e-07,0.00020528851,-0.17351578,0.00043595853,0.89551103,6.8839686e-06,1.7537619e-05,-7.413598e-05,0.0002623661,0.0018820447,7.9637364e-05,0.0020798251,0.0,0.0110255815,0.006165499,-0.0038818896,-0.009290936,-0.8906224,-0.89151454,-0.885218,9.842234e-06,-0.054782674,-0.89759994,0.049387902,-0.002377764,0.00082726864,-0.00036166765,6.4795113e-06,-5.167691e-05,0.0,0.0,0.025269816,-0.0026592417,0.8860187,-0.0022009178,5.5681754e-05,0.0023960576,-0.9092321,0.066638276,-0.0012154822,-8.8605e-05,0.85447764,0.007213343,-0.66305894,0.002800002,0.024163615
260,4,1,A,B,330,0.54252374,-0.007554665,0.9011689,8.32034e-05,4.980813e-07,0.00020633121,-0.17351763,0.00043664203,0.898811,6.904044e-06,1.7537619e-05,-8.083673e-05,0.0002623856,0.002012469,7.9689584e-05,0.0022603616,0.0,0.011046344,0.0061718286,-0.0039030174,-0.009296614,-0.89353716,-0.89445364,-0.887973,1.1043765e-05,-0.055199653,-0.9005549,0.049433697,-0.002377787,0.00091905077,-0.0003712697,6.9011503e-06,-5.352173e-05,0.0,0.0,0.026483074,-0.002677054,0.88876563,-0.0022039458,6.070392e-05,0.002504875,-0.9118817,0.06663886,-0.0013013167,-9.099317e-05,-0.86872786,0.0072832857,0.40712804,0.0028010246,0.024883574
261,1,1,A,A,261,0.19512011,-0.0072945682,0.8986757,8.3097184e-05,4.836049e-07,0.00020458635,-0.17351198,0.00043540637,0.8960379,6.8692225e-06,1.7537619e-05,-7.143498e-05,0.00026234152,0.0018265722,7.9589365e-05,0.0020064402,0.0,0.011009275,0.0061600576,-0.003867821,-0.009285666,-0.8910658,-0.8919615,-0.885638,9.388028e-06,-0.054519568,-0.8980489,0.049353648,-0.0023777222,0.0007918423,-0.0003567702,6.29782e-06,-5.0785304e-05,0.0,0.0,0.024715114,-0.002647767,0.88643736,-0.002198425,5.36574e-05,0.0023459825,-0.9096546,0.06663722,-0.0011729536,-8.740495e-05,0.5565434,0.0071709277,-0.4338612,0.0027989785,0.023803947
262,0,1,A,A,291,0.0588501,-0.007438988,0.8981682,8.320765e-05,4.929676e-07,0.00020567133,-0.17351715,0.00043623257,0.8954418,6.8916597e-06,1.7537619e-05,-7.601823e-05,0.0002623757,0.0019197629,7.9659585e-05,0.00213077,0.0,0.011033796,0.0061681108,-0.0038896033,-0.009293364,-0.8905586,-0.8914511,-0.88515544,1.0168025e-05,-0.054930877,-0.8975388,0.049404643,-0.002377779,0.00085244415,-0.0003647272,6.6023263e-06,-5.224831e-05,0.0,0.0,0.025634661,-0.002665639,0.885956,-0.0022021427,5.7092348e-05,0.002428854,-0.9091675,0.06663858,-0.0012446169,-8.935795e-05,0.8689257,0.0072377115,-0.6846686,0.0028004542,0.024390554
263,1,2,A,A,339,0.04812448,-0.0075734286,0.9002124,8.3259816e-05,5.0131905e-07,0.00020641762,-0.17351785,0.00043668743,0.8974821,6.9055427e-06,1.7537619e-05,-8.179335e-05,0.00026238625,0.0020300625,7.9692516e-05,0.0022859334,0.0,0.011047772,0.0061722146,-0.0039047888,-0.0092969285,-0.89258033,-0.89349097,-0.8870615,1.1226011e-05,-0.055236902,-0.89959395,0.049429756,-0.0023777888,0.0009327083,-0.0003723519,6.9575594e-06,-5.3741616e-05,0.0,0.0,0.02663616,-0.002678608,0.8878561,-0.0022041423,6.1418315e-05,0.002517981,-0.91090864,0.06663891,-0.0013205578,-9.12339e-05,0.8603552,0.00728982,-0.6701284,0.0028010765,0.02496652
264,3,1,A,B,331,0.44787896,-0.00755687,0.90042984,8.321271e-05,4.987402e-07,0.0002063417,-0.17351782,0.00043664768,0.89798224,6.9042276e-06,1.7537619e-05,-8.094574e-05,0.00026238567,0.0020144782,7.9689955e-05,0.0022632738,0.0,0.011046521,0.006171876,-0.0039032316,-0.009296654,-0.892802,-0.89371276,-0.8872765,1.1064363e-05,-0.05520414,-0.89981186,0.049432818,-0.002377788,0.0009205988,-0.00037139628,6.907626e-06,-5.3547312e-05,0.0,0.0,0.026500773,-0.0026772413,0.88807124,-0.0022039702,6.0785143e-05,0.0025063741,-0.91121924,0.06663887,-0.0013071373,-9.1019414e-05,-0.57283854,0.007284068,0.13571948,0.002801031,0.024893265
265,0,1,B,A,310,0.5291665,-0.007503307,0.8854365,8.31878e-05,4.9515126e-07,0.00020606401,-0.17351988,0.0004364879,0.88318163,6.899198e-06,1.7537619e-05,-7.85117e-05,0.00026238264,0.0019684783,7.96789e-05,0.0021979255,0.0,0.011041564,0.0061704475,-0.0038975314,-0.009295461,-0.8780032,-0.8787807,-0.87335944,1.0612923e-05,-0.0550879,-0.884747,0.0494255,-0.0023778013,0.0008864957,-0.0003683402,6.7598444e-06,-5.2940937e-05,0.0,0.0,0.026089316,-0.0026723517,0.8741863,-0.0022032722,5.8961446e-05,0.0024698577,-0.89825225,0.066638425,-0.0013406764,-9.026873e-05,-0.8502109,0.007264086,0.36768275,0.0028008295,0.024661297
266,1,1,A,A,252,0.17040035,-0.007237823,0.8990573,8.304556e-05,4.801411e-07,0.0002040911,-0.17350817,0.00043498568,0.8964029,6.8584327e-06,1.7537619e-05,-6.988589e-05,0.00026231876,0.0017940701,7.955071e-05,0.0019642161,0.0,0.010996993,0.006155796,-0.003857944,-0.009281398,-0.8914454,-0.8923436,-0.8859975,9.133908e-06,-0.05433898,-0.89843154,0.049324933,-0.0023776786,0.0007718629,-0.00035368814,6.1908704e-06,-5.0236144e-05,0.0,0.0,0.024380924,-0.002639823,0.8867958,-0.0021965085,5.249588e-05,0.0023156279,-0.90998137,0.06663613,-0.0011481169,-8.664568e-05,0.6320984,0.007142289,-0.47779605,0.0027981221,0.02357948
267,10,1,A,B,296,0.65689796,-0.0074576293,0.9065865,8.3166546e-05,4.9194165e-07,0.00020579137,-0.17351574,0.0004363137,0.9043104,6.8940067e-06,1.7537619e-05,-7.670231e-05,0.00026237813,0.0019333388,7.966589e-05,0.0021492664,0.0,0.011036252,0.00616888,-0.0038920438,-0.009294051,-0.898946,-0.8999001,-0.8931209,1.0288536e-05,-0.054978263,-0.90600014,0.049416155,-0.0023777704,0.0008616972,-0.00036577028,6.6461835e-06,-5.2446136e-05,0.0,0.0,0.025762774,-0.0026676722,0.8938994,-0.0022025032,5.7607045e-05,0.0024406945,-0.91661775,0.066638686,-0.0012169316,-8.9639776e-05,-0.97577363,0.0072455974,0.7177112,0.0028005794,0.024468305
268,10,1,A,B,332,0.6568979,-0.0075590443,0.906672,8.320167e-05,4.978251e-07,0.00020635195,-0.17351675,0.0004366532,0.904395,6.904407e-06,1.7537619e-05,-8.10535e-05,0.0002623858,0.0020165166,7.969031e-05,0.0022661828,0.0,0.011046694,0.006171933,-0.0039034525,-0.009296691,-0.8990302,-0.8999849,-0.8932,1.108479e-05,-0.05520853,-0.9060859,0.04943552,-0.0023777778,0.0009221296,-0.00037152244,6.9140488e-06,-5.357282e-05,0.0,0.0,0.026518278,-0.0026774248,0.8939784,-0.0022039937,6.086698e-05,0.0025080142,-0.9166849,0.0666389,-0.0012746586,-9.106091e-05,-0.97580385,0.0072848364,0.7178547,0.0028010372,0.024902854
269,3,1,B,B,290,0.17881554,-0.0074350983,0.89143807,8.319945e-05,4.924302e-07,0.00020564567,-0.173518,0.0004362149,0.8888141,6.8911545e-06,1.7537619e-05,-7.5879194e-05,0.00026237516,0.0019170034,7.965819e-05,0.0021269862,0.0,0.011033263,0.0061679436,-0.0038890713,-0.009293213,-0.8839049,-0.8847394,-0.878888,1.0143603e-05,-0.054920692,-0.8907763,0.049405035,-0.002377782,0.0008505711,-0.00036451017,6.5933364e-06,-5.2207255e-05,0.0,0.0,0.025608249,-0.002665206,0.87970304,-0.0022020643,5.6988116e-05,0.0024265172,-0.9033602,0.0666385,-0.0012694407,-8.930852e-05,0.625663,0.0072360425,-0.47001344,0.0028004267,0.024374401
270,0,1,A,A,256,0.058530405,-0.007263939,0.898271,8.307566e-05,4.81977e-07,0.00020432359,-0.17351016,0.00043518603,0.8955519,6.8635327e-06,1.7537619e-05,-7.058504e-05,0.00026233,0.001808792,7.956931e-05,0.001983285,0.0,0.011002829,0.006157835,-0.0038625756,-0.009283454,-0.8906642,-0.8915567,-0.8852583,9.248055e-06,-0.054423314,-0.8976418,0.04933756,-0.002377701,0.00078085164,-0.00035510398,6.239379e-06,-5.0487382e-05,0.0,0.0,0.024533179,-0.0026435386,0.886059,-0.0021974228,5.3019856e-05,0.002329436,-0.9092688,0.06663669,-0.0011609464,-8.699066e-05,0.8475372,0.007155621,-0.6696079,0.0027985373,0.02368243
271,4,1,A,B,253,0.5550354,-0.0072444915,0.9015886,8.302049e-05,4.7957906e-07,0.0002041512,-0.17350835,0.00043503795,0.89922696,6.8597565e-06,1.7537619e-05,-7.006222e-05,0.00026232176,0.0017978202,7.955558e-05,0.0019690283,0.0,0.010998513,0.006156332,-0.0038591423,-0.009281937,-0.8939511,-0.8948718,-0.88836235,9.162622e-06,-0.05436069,-0.90097696,0.049331978,-0.002377682,0.0007741236,-0.00035404958,6.203147e-06,-5.0300117e-05,0.0,0.0,0.024419552,-0.0026407815,0.88915366,-0.002196747,5.2628817e-05,0.0023193308,-0.9122355,0.06663625,-0.0011436595,-8.674576e-05,-0.85946894,0.0071457163,0.41345638,0.0027982318,0.023605714
272,10,1,B,B,275,-0.76082313,-0.007369621,0.90511787,8.316851e-05,4.890663e-07,0.0002051832,-0.17351425,0.00043587945,0.9022797,6.881804e-06,1.7537619e-05,-7.3679315e-05,0.00026236303,0.0018727706,7.9630736e-05,0.0020674728,0.0,0.011023231,0.0061647445,-0.0038797886,-0.009290211,-0.8974713,-0.898417,-0.8917095,9.764415e-06,-0.054742597,-0.90452504,0.049373973,-0.0023777506,0.0008212218,-0.00036088342,6.449261e-06,-5.153237e-05,0.0,0.0,0.025178695,-0.002657502,0.89249146,-0.002200563,5.5337885e-05,0.0023878159,-0.91497695,0.06663824,-0.0011816571,-8.838227e-05,0.9974953,0.0072068144,-0.9969749,0.0027998635,0.024105687
273,3,1,B,B,304,0.1571951,-0.0074848365,0.8912634,8.322336e-05,4.9547293e-07,0.00020595755,-0.1735187,0.00043642163,0.8886219,6.8971963e-06,1.7537619e-05,-7.775561e-05,0.000262381,0.0019538426,7.967406e-05,0.0021776082,0.0,0.011039535,0.006169861,-0.0038953805,-0.0092949355,-0.88372785,-0.8845619,-0.8787176,1.0476262e-05,-0.055044662,-0.8906008,0.04941717,-0.002377789,0.00087608024,-0.00036729703,6.7127216e-06,-5.273874e-05,0.0,0.0,0.025954967,-0.0026705128,0.87953293,-0.0022029805,5.8394107e-05,0.002457561,-0.90318674,0.06663868,-0.0013012901,-8.999529e-05,0.67543954,0.0072567584,-0.5090248,0.0028007368,0.02458278
274,1,1,B,A,304,0.43341,-0.0074848365,0.8871376,8.319222e-05,4.946018e-07,0.00020595755,-0.17351954,0.00043642163,0.8847573,6.8971963e-06,1.7537619e-05,-7.775579e-05,0.000262381,0.001953867,7.967406e-05,0.0021775926,0.0,0.011039535,0.00616985,-0.0038953724,-0.0092949355,-0.87967026,-0.88046545,-0.874915,1.0476295e-05,-0.055044632,-0.8864564,0.049420286,-0.0023777916,0.0008760838,-0.00036729703,6.712724e-06,-5.2738633e-05,0.0,0.0,0.025954964,-0.0026705128,0.8757384,-0.0022029805,5.839484e-05,0.0024577782,-0.8996889,0.066638395,-0.0013204187,-9.000595e-05,-0.5113939,0.0072567584,0.0904562,0.0028007368,0.02458278
275,1,2,A,A,269,0.034019418,-0.0073392713,0.90061224,8.314202e-05,4.867401e-07,0.0002049501,-0.1735138,0.00043569953,0.8978821,6.876952e-06,1.7537619e-05,-7.274136e-05,0.00026235534,0.001853593,7.961531e-05,0.00204198,0.0,0.011017901,0.0061629754,-0.0038751024,-0.00928852,-0.8929903,-0.8939003,-0.88746077,9.605872e-06,-0.054654684,-0.89999396,0.04937119,-0.002377743,0.0008088784,-0.00035921426,6.3864804e-06,-5.1227104e-05,0.0,0.0,0.024987925,-0.0026536766,0.8882557,-0.0021997525,5.4636443e-05,0.0023706243,-0.91129845,0.066637866,-0.0011859831,-8.800084e-05,0.8704815,0.007192591,-0.68363464,0.002799538,0.023982935
276,1,1,B,A,343,0.4260041,-0.0075810296,0.88700813,8.321962e-05,5.002428e-07,0.00020645076,-0.17352009,0.0004367041,0.88462466,6.906106e-06,1.7537619e-05,-8.220261e-05,0.00026238651,0.0020375655,7.969355e-05,0.002296778,0.0,0.011048301,0.00617234,-0.0039054407,-0.009297042,-0.87954503,-0.88033813,-0.8748002,1.1304845e-05,-0.055251192,-0.88632566,0.04943593,-0.0023778013,0.00093860686,-0.0003727917,6.9813264e-06,-5.383177e-05,0.0,0.0,0.026699873,-0.0026792097,0.87562424,-0.0022042142,6.172564e-05,0.0025239377,-0.8995824,0.0666385,-0.0014016114,-9.136292e-05,-0.50395954,0.007292384,0.07852397,0.0028010956,0.025000429
277,1,1,B,A,303,0.452975,-0.007481602,0.8870794,8.318749e-05,4.94289e-07,0.00020593837,-0.17351954,0.0004364094,0.8847271,6.896831e-06,1.7537619e-05,-7.7627024e-05,0.00026238072,0.0019513703,7.967315e-05,0.0021741271,0.0,0.011039163,0.0061697364,-0.0038949836,-0.009294838,-0.87962145,-0.88041335,-0.8748776,1.0453183e-05,-0.05503689,-0.88639694,0.049419884,-0.0023777953,0.0008743185,-0.00036711487,6.7046417e-06,-5.2703497e-05,0.0,0.0,0.025931777,-0.0026701828,0.87570137,-0.0022029267,5.829847e-05,0.0024557272,-0.899667,0.06663839,-0.0013171488,-8.996211e-05,-0.6121237,0.007255454,0.15056244,0.0028007198,0.024569096
278,2,1,A,A,287,0.3389875,-0.0074230935,0.89944404,8.317672e-05,4.912332e-07,0.00020556517,-0.1735165,0.00043615882,0.89690506,6.889556e-06,1.7537619e-05,-7.5455064e-05,0.0002623733,0.0019085829,7.9653735e-05,0.0021155453,0.0,0.0110315755,0.006167416,-0.0038874636,-0.009292726,-0.89182556,-0.892728,-0.88635415,1.0069698e-05,-0.05488936,-0.8988206,0.04940317,-0.0023777732,0.0008448638,-0.00036384215,6.565922e-06,-5.2081727e-05,0.0,0.0,0.025527395,-0.0026638522,0.8871518,-0.0022018144,5.6671033e-05,0.0024193763,-0.9103481,0.06663851,-0.0012302195,-8.915049e-05,-0.025574932,0.007230842,-0.14109738,0.002800337,0.02432469
279,2,0,B,A,286,0.22911564,-0.007418977,0.888256,8.3187355e-05,4.913321e-07,0.0002055371,-0.17351824,0.00043613906,0.8856803,6.888997e-06,1.7537619e-05,-7.5312615e-05,0.00026237263,0.0019057184,7.965215e-05,0.0021116557,0.0,0.011030979,0.0061672186,-0.0038868766,-0.009292553,-0.8807753,-0.88157976,-0.87595576,1.0044871e-05,-0.054878324,-0.8875792,0.049401056,-0.0023777802,0.0008429602,-0.00036361295,6.5566337e-06,-5.2038613e-05,0.0,0.0,0.025499921,-0.0026633816,0.87677705,-0.0022017257,5.6563622e-05,0.0024168112,-0.9006179,0.0666382,-0.0012707757,-8.9089495e-05,0.5106717,0.0072290422,-0.39513814,0.0028003051,0.024307694
280,2,1,A,A,323,0.28607333,-0.0075383224,0.89952,8.3230734e-05,4.9831885e-07,0.00020625092,-0.17351778,0.00043659777,0.8969358,6.9026196e-06,1.7537619e-05,-8.0055266e-05,0.00026238486,0.0019978152,7.9686615e-05,0.0022394285,0.0,0.011044961,0.0061714393,-0.003901372,-0.009296294,-0.89190125,-0.8928041,-0.8864263,1.0897114e-05,-0.05516563,-0.89889693,0.049428206,-0.002377788,0.00090801215,-0.0003703323,6.8543054e-06,-5.3333828e-05,0.0,0.0,0.026354142,-0.0026756274,0.8872236,-0.0022037532,6.0117603e-05,0.0024932015,-0.9103985,0.06663886,-0.0012999668,-9.074913e-05,0.247149,0.0072773756,-0.2647484,0.002800972,0.024812138
281,3,1,A,B,288,0.4431794,-0.007427152,0.90027636,8.3164174e-05,4.910734e-07,0.00020559263,-0.17351632,0.00043617803,0.89782447,6.8901018e-06,1.7537619e-05,-7.559706e-05,0.00026237397,0.0019114274,7.965526e-05,0.002119388,0.0,0.011032152,0.006167601,-0.0038880187,-0.009292894,-0.8926534,-0.89356214,-0.8871392,1.0094434e-05,-0.05490006,-0.89965737,0.04940552,-0.0023777722,0.00084677077,-0.0003640681,6.575135e-06,-5.2124135e-05,0.0,0.0,0.025554607,-0.002664313,0.88793457,-0.0022019001,5.6777826e-05,0.0024219232,-0.9110992,0.06663852,-0.0012285117,-8.921048e-05,-0.54604876,0.0072326083,0.11617542,0.0028003678,0.024341473
282,6,1,B,B,319,-0.3328905,-0.0075282278,0.8976836,8.325014e-05,4.9902593e-07,0.00020619908,-0.17351806,0.00043656823,0.8948597,6.9016837e-06,1.7537619e-05,-7.95933e-05,0.0002623843,0.0019890566,7.9684585e-05,0.002227042,0.0,0.011044043,0.006171178,-0.003900311,-0.009296075,-0.89006406,-0.8909565,-0.8846754,1.081132e-05,-0.055143863,-0.89705354,0.049419083,-0.0023777883,0.0009015352,-0.00036975573,6.8263034e-06,-5.3219308e-05,0.0,0.0,0.026276326,-0.002674713,0.88547623,-0.0022036242,5.9769383e-05,0.0024860967,-0.9086006,0.06663887,-0.0013016514,-9.0576985e-05,0.98166573,0.0072736293,-0.94295883,0.0028009352,0.024768364
283,1,1,A,A,267,0.17044708,-0.007328566,0.8987971,8.312895e-05,4.858329e-07,0.00020486518,-0.17351362,0.0004356324,0.8961356,6.875164e-06,1.7537619e-05,-7.2420815e-05,0.00026235232,0.0018469985,7.9609454e-05,0.0020332634,0.0,0.011015919,0.00616231,-0.0038733992,-0.009287876,-0.89118487,-0.89208204,-0.8857506,9.552107e-06,-0.054622926,-0.89816976,0.049368173,-0.0023777408,0.00080468244,-0.00035862753,6.3648577e-06,-5.1120485e-05,0.0,0.0,0.024921758,-0.0026522907,0.8865496,-0.002199449,5.439639e-05,0.0023646695,-0.9097487,0.06663771,-0.0011866589,-8.786057e-05,0.65726644,0.007187479,-0.49335355,0.0027994132,0.023939883
284,6,1,A,B,271,0.6409653,-0.0073496765,0.90331924,8.310505e-05,4.856327e-07,0.00020503132,-0.17351376,0.00043576295,0.90103877,6.878652e-06,1.7537619e-05,-7.305773e-05,0.00026235814,0.0018601354,7.9620775e-05,0.002050578,0.0,0.011019776,0.0061636055,-0.003876734,-0.009289121,-0.89567786,-0.8966103,-0.8900045,9.659162e-06,-0.05468514,-0.9027167,0.04938145,-0.0023777443,0.00081303,-0.00035978603,6.407752e-06,-5.1331288e-05,0.0,0.0,0.02505275,-0.002655005,0.89079165,-0.0022000386,5.4875138e-05,0.0023767676,-0.9137633,0.066637956,-0.0011793645,-8.816231e-05,-0.9675052,0.0071975137,0.6693244,0.0027996546,0.024024896
285,1,2,A,A,283,9.172484e-06,-0.007406271,0.90058416,8.31896e-05,4.9101004e-07,0.00020544905,-0.1735158,0.0004360761,0.8978453,6.8872287e-06,1.7537619e-05,-7.48778e-05,0.00026237048,0.0018970052,7.964706e-05,0.0020999315,0.0,0.011029094,0.0061666314,-0.0038851255,-0.009291997,-0.8929628,-0.8938729,-0.8874352,9.969676e-06,-0.05484435,-0.89996606,0.049394283,-0.0023777667,0.00083713874,-0.00036290812,6.5283034e-06,-5.190711e-05,0.0,0.0,0.02541579,-0.0026619097,0.88822997,-0.0022014447,5.623761e-05,0.0024091923,-0.9112649,0.06663844,-0.0012176802,-8.8907356e-05,0.89088005,0.0072234315,-0.7114337,0.0028002015,0.024255384
286,6,1,A,B,349,0.64577425,-0.0075916504,0.9031221,8.320872e-05,4.997274e-07,0.00020649521,-0.17351723,0.00043672588,0.90084666,6.9068524e-06,1.7537619e-05,-8.279519e-05,0.00026238678,0.002048356,7.969488e-05,0.002312648,0.0,0.011048993,0.0061725434,-0.003906391,-0.009297183,-0.89547783,-0.8964103,-0.8898117,1.1420449e-05,-0.05527102,-0.9025189,0.049439214,-0.0023777813,0.00094718544,-0.00037341134,7.0155406e-06,-5.3960284e-05,0.0,0.0,0.026790762,-0.0026800237,0.8905989,-0.0022043074,6.2171166e-05,0.0025320642,-0.91357976,0.06663891,-0.0013186474,-9.15273e-05,-0.9709762,0.0072958847,0.6868624,0.0028011184,0.025048165
287,2,0,B,B,274,0.19452353,-0.007364741,0.8886888,8.315489e-05,4.880608e-07,0.0002051465,-0.17351663,0.0004358516,0.88609016,6.881046e-06,1.7537619e-05,-7.352618e-05,0.00026236186,0.0018696534,7.962836e-05,0.002063255,0.0,0.011022402,0.006164456,-0.0038790205,-0.009289952,-0.8812096,-0.8820157,-0.876371,9.738318e-06,-0.054728553,-0.8880128,0.049382657,-0.0023777643,0.00081920443,-0.00036061346,6.439012e-06,-5.1482675e-05,0.0,0.0,0.02514766,-0.0026568973,0.8771924,-0.0022004375,5.522465e-05,0.0023850775,-0.9010078,0.06663785,-0.0012375886,-8.8349516e-05,0.60223716,0.0072045554,-0.45530665,0.0027998143,0.02408587
288,1,1,B,A,325,0.4489687,-0.0075431587,0.88726926,8.320895e-05,4.979909e-07,0.00020627516,-0.17351994,0.00043661133,0.8849118,6.9030525e-06,1.7537619e-05,-8.028284e-05,0.00026238512,0.002002092,7.9687525e-05,0.002245469,0.0,0.011045384,0.0061715455,-0.0039018402,-0.009296394,-0.8798103,-0.88060397,-0.8750566,1.0939506e-05,-0.05517566,-0.8865874,0.0494312,-0.0023777955,0.0009112239,-0.00037060867,6.867968e-06,-5.3388765e-05,0.0,0.0,0.026391909,-0.0026760562,0.8758802,-0.0022038124,6.028794e-05,0.0024967028,-0.89983696,0.0666385,-0.0013657794,-9.082403e-05,-0.5972032,0.007279145,0.14015523,0.0028009883,0.024833202
289,3,1,B,A,292,0.2022938,-0.0074428217,0.8916319,8.3202875e-05,4.9287905e-07,0.00020569643,-0.17351814,0.00043624974,0.8890242,6.8921545e-06,1.7537619e-05,-7.6157274e-05,0.00026237627,0.0019225171,7.966094e-05,0.0021345,0.0,0.0110343145,0.0061682696,-0.0038900953,-0.0092935115,-0.8841097,-0.8849424,-0.879093,1.019235e-05,-0.05494062,-0.89096934,0.049407255,-0.0023777834,0.0008543225,-0.00036494102,6.6112425e-06,-5.228863e-05,0.0,0.0,0.025660804,-0.0026660627,0.8799087,-0.002202219,5.7196532e-05,0.0024312376,-0.9035745,0.06663849,-0.0012737027,-8.9415014e-05,0.59087664,0.0072393487,-0.44059104,0.0028004814,0.024406498
290,1,2,B,A,253,0.52867466,-0.0072444915,0.88804704,8.3022394e-05,4.796912e-07,0.0002041512,-0.17351022,0.00043503795,0.885751,6.8597565e-06,1.7537619e-05,-7.006267e-05,0.00026232176,0.0017978175,7.955558e-05,0.0019690106,0.0,0.010998513,0.0061563225,-0.0038591241,-0.009281937,-0.8805554,-0.88136125,-0.8757355,9.162644e-06,-0.054360583,-0.8873705,0.049331922,-0.002377694,0.00077413325,-0.0003540491,6.2031486e-06,-5.029993e-05,0.0,0.0,0.024419555,-0.0026407815,0.876557,-0.002196747,5.262876e-05,0.0023193108,-0.90048325,0.066636056,-0.0011787451,-8.674428e-05,-0.79012275,0.0071457163,0.34421295,0.0027982318,0.023605714
291,10,1,A,B,267,0.6567397,-0.007328566,0.90662783,8.30898e-05,4.843407e-07,0.00020486518,-0.17351247,0.0004356324,0.90434587,6.875164e-06,1.7537619e-05,-7.242046e-05,0.00026235232,0.0018470382,7.9609454e-05,0.002033269,0.0,0.011015919,0.0061623203,-0.0038734102,-0.009287876,-0.89898264,-0.8999383,-0.89315194,9.552061e-06,-0.054622922,-0.9060423,0.049372975,-0.0023777327,0.0008046744,-0.00035862852,6.3648577e-06,-5.1120664e-05,0.0,0.0,0.02492173,-0.0026522907,0.8939299,-0.002199449,5.4397435e-05,0.0023649149,-0.9166314,0.06663773,-0.0011602365,-8.7877335e-05,-0.97375834,0.007187479,0.71112984,0.0027994132,0.02393991
292,2,0,B,A,332,0.23438372,-0.0075590443,0.8882054,8.324644e-05,4.9992997e-07,0.00020635195,-0.1735198,0.0004366532,0.88563377,6.904407e-06,1.7537619e-05,-8.1054866e-05,0.0002623858,0.0020164547,7.969031e-05,0.0022661393,0.0,0.011046694,0.0061719096,-0.0039034158,-0.009296691,-0.8807324,-0.8815345,-0.87592214,1.1084906e-05,-0.05520837,-0.8875274,0.04943064,-0.002377796,0.0009221594,-0.00037152084,6.9140497e-06,-5.357233e-05,0.0,0.0,0.026518311,-0.0026774248,0.8767445,-0.0022039937,6.0865354e-05,0.0025076438,-0.9005964,0.06663861,-0.0013742871,-9.103815e-05,0.500168,0.0072848364,-0.3955567,0.0028010372,0.024902835
293,6,1,A,B,346,0.63320684,-0.007586453,0.9030986,8.320791e-05,4.994877e-07,0.00020647375,-0.17351723,0.00043671543,0.9008103,6.906493e-06,1.7537619e-05,-8.250101e-05,0.00026238666,0.0020430398,7.969426e-05,0.0023048113,0.0,0.011048661,0.006172457,-0.003905949,-0.009297116,-0.8954517,-0.8963845,-0.88978446,1.13629785e-05,-0.055261493,-0.9024956,0.04943856,-0.0023777806,0.0009429146,-0.0003731085,6.998643e-06,-5.389736e-05,0.0,0.0,0.026745975,-0.0026796293,0.8905714,-0.002204263,6.195086e-05,0.0025281217,-0.9135464,0.0666389,-0.0013146182,-9.145185e-05,-0.9650816,0.007294184,0.6530069,0.0028011082,0.025024753
294,0,1,B,A,340,0.52451575,-0.00757537,0.88502127,8.32095e-05,4.9947676e-07,0.0002064262,-0.17352028,0.0004366918,0.8827652,6.9056887e-06,1.7537619e-05,-8.18975e-05,0.0002623863,0.0020320073,7.9692785e-05,0.0022886253,0.0,0.011047909,0.0061722337,-0.0039049299,-0.009296958,-0.87759775,-0.8783705,-0.8729825,1.1245915e-05,-0.055240426,-0.88432986,0.04943643,-0.0023778041,0.00093421043,-0.00037246346,6.9635807e-06,-5.3764223e-05,0.0,0.0,0.02665232,-0.002678763,0.8738103,-0.002204161,6.1497296e-05,0.0025198122,-0.89789635,0.0666385,-0.001404483,-9.128611e-05,-0.8373188,0.0072904797,0.3509192,0.0028010816,0.024975158
295,4,1,B,B,348,-0.043508474,-0.007589943,0.89373136,8.326459e-05,5.024729e-07,0.0002064882,-0.17351906,0.00043672253,0.89098895,6.9067355e-06,1.7537619e-05,-8.269863e-05,0.00026238675,0.0020465157,7.969469e-05,0.0023100353,0.0,0.011048886,0.006172504,-0.0039062276,-0.009297161,-0.8861637,-0.88701975,-0.8810073,1.1401405e-05,-0.05526779,-0.8930811,0.049430743,-0.002377793,0.00094578654,-0.00037331032,7.0099545e-06,-5.393928e-05,0.0,0.0,0.02677603,-0.002679895,0.88181776,-0.002204293,6.209545e-05,0.0025302835,-0.9052775,0.066638805,-0.0013735241,-9.146622e-05,0.91450524,0.007295328,-0.7587003,0.0028011152,0.025040455
296,2,1,B,A,282,0.29595345,-0.007401914,0.88945735,8.316783e-05,4.900116e-07,0.00020541834,-0.17351758,0.0004360539,0.88693345,6.88661e-06,1.7537619e-05,-7.47318e-05,0.0002623697,0.0018940793,7.9645244e-05,0.0020959359,0.0,0.01102843,0.0061664097,-0.003884485,-0.009291799,-0.8819504,-0.8827673,-0.8770499,9.944422e-06,-0.054832373,-0.8887869,0.04939656,-0.0023777755,0.00083519355,-0.0003626663,6.518705e-06,-5.1861934e-05,0.0,0.0,0.025387168,-0.0026613984,0.8778692,-0.0022013455,5.6128545e-05,0.0024067406,-0.9016621,0.06663812,-0.0012575324,-8.885933e-05,0.18456018,0.0072214887,-0.23352091,0.0028001643,0.024237495
297,3,1,B,B,325,0.1447839,-0.0075431587,0.89128333,8.3247985e-05,4.992303e-07,0.00020627516,-0.17351906,0.00043661133,0.8886358,6.9030525e-06,1.7537619e-05,-8.028267e-05,0.00026238512,0.002002055,7.9687525e-05,0.0022454893,0.0,0.011045384,0.0061715557,-0.0039018497,-0.009296394,-0.8837499,-0.8845836,-0.8787394,1.093947e-05,-0.05517571,-0.8906211,0.049427044,-0.0023777925,0.0009112196,-0.00037060867,6.867965e-06,-5.33889e-05,0.0,0.0,0.026391923,-0.0026760562,0.8795552,-0.0022038124,6.028677e-05,0.002496406,-0.9032064,0.06663877,-0.0013445319,-9.08081e-05,0.72470033,0.007279145,-0.53112113,0.0028009883,0.024833202
298,1,2,B,A,271,0.5207929,-0.0073496765,0.8883923,8.310903e-05,4.860887e-07,0.00020503132,-0.17351612,0.00043576295,0.88609946,6.878652e-06,1.7537619e-05,-7.30585e-05,0.00026235814,0.0018601237,7.9620775e-05,0.0020505534,0.0,0.011019776,0.006163589,-0.0038767084,-0.009289121,-0.8809109,-0.8817161,-0.87608385,9.659198e-06,-0.054685064,-0.88771635,0.049380522,-0.002377759,0.0008130441,-0.00035978504,6.4077526e-06,-5.133101e-05,0.0,0.0,0.025052764,-0.002655005,0.87690544,-0.0022000386,5.487482e-05,0.0023767345,-0.90082186,0.06663764,-0.0012303113,-8.815753e-05,-0.8172589,0.0071975137,0.3343788,0.0027996546,0.024024896
299,1,2,A,A,268,0.047729813,-0.007333956,0.9004535,8.3137544e-05,4.8638117e-07,0.00020490812,-0.17351355,0.0004356664,0.89772546,6.8760696e-06,1.7537619e-05,-7.258157e-05,0.00026235386,0.0018503064,7.961242e-05,0.0020376362,0.0,0.011016924,0.0061626495,-0.0038742614,-0.009288203,-0.8928307,-0.89374053,-0.8873081,9.5790465e-06,-0.054638978,-0.8998347,0.049369153,-0.0023777403,0.00080678484,-0.0003589229,6.3757134e-06,-5.1174127e-05,0.0,0.0,0.024955017,-0.0026529909,0.8881029,-0.002199603,5.451666e-05,0.002367651,-0.9111541,0.0666378,-0.0011839466,-8.7929424e-05,0.8588283,0.0071900594,-0.67640233,0.0027994767,0.023961546
300,1,2,B,A,257,0.54057115,-0.00727024,0.8877656,8.3045146e-05,4.8120927e-07,0.00020437854,-0.1735121,0.00043523262,0.8854877,6.8647287e-06,1.7537619e-05,-7.075748e-05,0.0002623325,0.0018124323,7.957359e-05,0.0019879555,0.0,0.011004189,0.0061583,-0.003863655,-0.009283926,-0.8802784,-0.8810815,-0.8754757,9.276305e-06,-0.05444324,-0.8870882,0.04934539,-0.0023777145,0.00078307785,-0.00035544604,6.25126e-06,-5.0548242e-05,0.0,0.0,0.024570294,-0.00264442,0.8762979,-0.002197635,5.3149794e-05,0.0023330199,-0.9002433,0.06663656,-0.0011906581,-8.7088876e-05,-0.8377761,0.007158799,0.38106418,0.0027986325,0.023707356
301,10,1,A,B,304,0.6568977,-0.0074848365,0.9067472,8.317807e-05,4.9352934e-07,0.00020595755,-0.173516,0.00043642163,0.9044689,6.8971963e-06,1.7537619e-05,-7.775458e-05,0.000262381,0.0019538973,7.967406e-05,0.0021776382,0.0,0.011039535,0.0061698747,-0.0038954113,-0.0092949355,-0.89910454,-0.90006006,-0.8932695,1.0476183e-05,-0.055044826,-0.9061623,0.04942254,-0.0023777734,0.0008760579,-0.0003672986,6.7127216e-06,-5.273913e-05,0.0,0.0,0.02595494,-0.0026705128,0.89404696,-0.0022029805,5.839557e-05,0.0024578942,-0.91674334,0.06663878,-0.0012281436,-9.001719e-05,-0.97579294,0.0072567584,0.7178062,0.0028007368,0.024582809
302,1,1,B,A,257,0.4382866,-0.00727024,0.8866213,8.305256e-05,4.8153345e-07,0.00020437854,-0.17351231,0.00043523262,0.88424855,6.8647287e-06,1.7537619e-05,-7.075752e-05,0.0002623325,0.0018124245,7.957359e-05,0.0019879544,0.0,0.011004189,0.006158297,-0.0038636536,-0.009283926,-0.87916136,-0.8799517,-0.8744378,9.27631e-06,-0.05444324,-0.8859375,0.04934443,-0.0023777154,0.00078307855,-0.00035544604,6.251262e-06,-5.054822e-05,0.0,0.0,0.024570294,-0.00264442,0.8752624,-0.002197635,5.3149575e-05,0.0023329735,-0.8992411,0.06663656,-0.0011934711,-8.7085624e-05,-0.5283279,0.007158799,0.104996964,0.0027986325,0.023707356
303,6,1,B,B,305,-0.339688,-0.007488025,0.8979803,8.323482e-05,4.9649566e-07,0.00020597629,-0.17351778,0.00043643345,0.89516395,6.8975514e-06,1.7537619e-05,-7.788307e-05,0.00026238136,0.0019562992,7.9674945e-05,0.0021810725,0.0,0.011039897,0.0061699706,-0.0038957775,-0.0092950305,-0.8903737,-0.89126444,-0.8849817,1.0499269e-05,-0.055052344,-0.8973497,0.049411688,-0.0023777857,0.000877828,-0.00036747678,6.720736e-06,-5.277359e-05,0.0,0.0,0.025977941,-0.0026708355,0.88578254,-0.0022030326,5.848839e-05,0.0024595335,-0.9089043,0.06663878,-0.0012750946,-9.001714e-05,0.9811613,0.007258038,-0.93803954,0.0028007533,0.024596285
304,2,1,A,A,311,0.30357704,-0.007506235,0.89974046,8.321716e-05,4.9633707e-07,0.00020608038,-0.17351763,0.00043649785,0.8971752,6.8995023e-06,1.7537619e-05,-7.863408e-05,0.00026238288,0.0019708155,7.967961e-05,0.0022012792,0.0,0.011041871,0.006170553,-0.0038978944,-0.009295539,-0.8921268,-0.89302945,-0.88664526,1.06352845e-05,-0.05509481,-0.8991176,0.049422957,-0.0023777864,0.00088818243,-0.00036850624,6.7674678e-06,-5.297365e-05,0.0,0.0,0.026110932,-0.0026726364,0.88744247,-0.0022033162,5.905305e-05,0.0024715841,-0.91061896,0.066638805,-0.0012778356,-9.0299574e-05,0.14167656,0.007265229,-0.22102413,0.0028008427,0.02467381
305,4,1,B,B,313,0.007264338,-0.0075119697,0.8933107,8.324149e-05,4.975695e-07,0.00020611208,-0.17351875,0.00043651697,0.8905867,6.90009e-06,1.7537619e-05,-7.887872e-05,0.00026238326,0.001975469,7.968099e-05,0.0022078324,0.0,0.011042458,0.0061707227,-0.0038985272,-0.009295687,-0.88575196,-0.8866033,-0.88062304,1.06798625e-05,-0.0551077,-0.89265746,0.04942046,-0.0023777904,0.00089157926,-0.0003688311,6.7825404e-06,-5.3037096e-05,0.0,0.0,0.026153537,-0.0026731887,0.8814348,-0.0022033998,5.9235037e-05,0.002475205,-0.90493613,0.06663875,-0.001311945,-9.036513e-05,0.89016664,0.0072674495,-0.7163805,0.0028008688,0.024698362
306,4,1,A,B,338,0.55049247,-0.0075714593,0.9015768,8.320712e-05,4.9905276e-07,0.00020640888,-0.17351769,0.00043668292,0.89922476,6.9053917e-06,1.7537619e-05,-8.168959e-05,0.0002623862,0.002028226,7.969223e-05,0.0022831562,0.0,0.011047631,0.0061721797,-0.0039046097,-0.009296898,-0.89395106,-0.89486825,-0.8883726,1.1206102e-05,-0.05523307,-0.90096337,0.04943594,-0.0023777867,0.00093121687,-0.0003722381,6.9514954e-06,-5.371835e-05,0.0,0.0,0.026619786,-0.0026784497,0.88916516,-0.002204123,6.134263e-05,0.002516968,-0.91226995,0.066638894,-0.0013131722,-9.12327e-05,-0.8831572,0.007289148,0.41776177,0.0028010712,0.024957767
307,1,2,B,A,348,0.53552866,-0.007589943,0.88802826,8.32122e-05,5.0029024e-07,0.0002064882,-0.17352,0.00043672253,0.8857525,6.9067355e-06,1.7537619e-05,-8.269899e-05,0.00026238675,0.00204658,7.969469e-05,0.002310008,0.0,0.011048886,0.0061724936,-0.0039062141,-0.009297161,-0.88055366,-0.8813548,-0.8757504,1.1401442e-05,-0.05526773,-0.8873497,0.049438003,-0.0023777967,0.00094579346,-0.00037331032,7.0099545e-06,-5.3939177e-05,0.0,0.0,0.026776,-0.002679895,0.87657267,-0.002204293,6.209766e-05,0.0025307217,-0.9005127,0.066638574,-0.0014043519,-9.149595e-05,-0.8488218,0.007295328,0.3743822,0.0028011152,0.025040455
308,2,1,B,B,268,0.34240612,-0.007333956,0.8888469,8.3115796e-05,4.8570905e-07,0.00020490812,-0.17351544,0.0004356664,0.8863686,6.8760696e-06,1.7537619e-05,-7.258202e-05,0.00026235386,0.0018503246,7.961242e-05,0.0020376132,0.0,0.011016924,0.0061626392,-0.0038742404,-0.009288203,-0.8813525,-0.8821632,-0.87649244,9.579061e-06,-0.05463886,-0.8881724,0.04937239,-0.0023777524,0.00080679375,-0.00035892258,6.375714e-06,-5.1173927e-05,0.0,0.0,0.024954997,-0.0026529909,0.8773129,-0.002199603,5.45173e-05,0.002367779,-0.90115255,0.0666375,-0.001221244,-8.793895e-05,-0.07148664,0.0071900594,-0.12744091,0.0027994767,0.023961546
309,0,1,B,A,309,0.52684695,-0.007500337,0.8850254,8.318755e-05,4.950501e-07,0.00020604725,-0.17351988,0.00043647765,0.88276666,6.8988857e-06,1.7537619e-05,-7.838767e-05,0.0002623824,0.001966091,7.967816e-05,0.0021945883,0.0,0.011041249,0.0061703552,-0.00389719,-0.009295381,-0.8775967,-0.87837106,-0.872976,1.0590398e-05,-0.055081047,-0.8843345,0.049424782,-0.002377801,0.00088478177,-0.00036817216,6.7521523e-06,-5.2908188e-05,0.0,0.0,0.026067479,-0.0026720613,0.8738034,-0.002203227,5.886847e-05,0.002467904,-0.8978879,0.066638425,-0.0013389261,-9.02266e-05,-0.83710504,0.007262922,0.35085896,0.002800815,0.024648624
310,10,1,B,B,286,-0.7704786,-0.007418977,0.90541285,8.320056e-05,4.92203e-07,0.0002055371,-0.1735155,0.00043613906,0.9025745,6.888997e-06,1.7537619e-05,-7.531168e-05,0.00026237263,0.0019056941,7.965215e-05,0.0021117013,0.0,0.011030979,0.006167239,-0.0038869113,-0.009292553,-0.89776534,-0.8987137,-0.8919891,1.0044806e-05,-0.054878477,-0.90482163,0.049389433,-0.0023777639,0.00084294175,-0.00036361418,6.556632e-06,-5.203898e-05,0.0,0.0,0.025499955,-0.0026633816,0.89277,-0.0022017257,5.656107e-05,0.0024167302,-0.91523015,0.06663859,-0.001203012,-8.9050875e-05,0.9976557,0.0072290422,-0.9979327,0.0028003051,0.02430771
311,2,1,A,A,327,0.31721812,-0.007547859,0.8996582,8.322897e-05,4.9881305e-07,0.00020629833,-0.17351782,0.00043662413,0.8970996,6.9034645e-06,1.7537619e-05,-8.050605e-05,0.00026238532,0.0020062672,7.9688405e-05,0.002251506,0.0,0.011045784,0.006171669,-0.0039023417,-0.009296486,-0.8920354,-0.89294034,-0.8865502,1.0981448e-05,-0.05518566,-0.89903665,0.049429994,-0.0023777885,0.000914368,-0.00037087846,6.8814024e-06,-5.3443076e-05,0.0,0.0,0.02642893,-0.0026764679,0.88734657,-0.002203868,6.045527e-05,0.0024998495,-0.9105165,0.06663889,-0.0013052828,-9.088487e-05,0.07897111,0.007280848,-0.19163018,0.0028010039,0.02485374
312,1,2,B,A,279,0.5421414,-0.0073884665,0.88798296,8.313286e-05,4.883238e-07,0.00020532208,-0.17351753,0.0004359834,0.8857119,6.884654e-06,1.7537619e-05,-7.4286676e-05,0.0002623671,0.0018851245,7.963943e-05,0.0020838708,0.0,0.011026324,0.006165728,-0.0038825455,-0.009291163,-0.8804961,-0.88130057,-0.8756836,9.86796e-06,-0.054795384,-0.8873062,0.049394917,-0.0023777727,0.0008292712,-0.00036192223,6.489431e-06,-5.172386e-05,0.0,0.0,0.02529958,-0.002659798,0.87650526,-0.0022010296,5.5795514e-05,0.0023990239,-0.90044206,0.06663797,-0.0012539935,-8.868534e-05,-0.86818385,0.0072154375,0.3984169,0.0028000446,0.02418244
313,2,0,B,A,270,0.20452124,-0.0073445113,0.88844144,8.31385e-05,4.867547e-07,0.00020499116,-0.17351593,0.00043573172,0.8858468,6.8778127e-06,1.7537619e-05,-7.290068e-05,0.0002623568,0.001856862,7.96181e-05,0.0020462712,0.0,0.011018852,0.006163282,-0.0038759047,-0.009288825,-0.8809517,-0.8817593,-0.87611496,9.632602e-06,-0.054669976,-0.88776624,0.04937516,-0.0023777569,0.00081097207,-0.00035950143,6.397161e-06,-5.1279258e-05,0.0,0.0,0.025020514,-0.0026543478,0.876936,-0.0021998975,5.475583e-05,0.0023736088,-0.9007551,0.066637635,-0.0012272901,-8.807655e-05,0.5533095,0.0071950764,-0.43543014,0.0027995973,0.02400405
314,6,1,A,B,298,0.6480829,-0.0074647237,0.9029437,8.3169696e-05,4.92382e-07,0.00020583573,-0.17351654,0.000436343,0.9006729,6.8948643e-06,1.7537619e-05,-7.6970435e-05,0.00026237898,0.0019385968,7.966815e-05,0.0021564865,0.0,0.01103714,0.006169149,-0.0038929358,-0.009294296,-0.89530313,-0.8962332,-0.88964814,1.03361e-05,-0.05499591,-0.9023385,0.04941789,-0.0023777727,0.00086534466,-0.0003661674,6.663229e-06,-5.252184e-05,0.0,0.0,0.025812268,-0.0026684275,0.89043623,-0.002202633,5.780783e-05,0.0024451283,-0.9134415,0.06663866,-0.0012375908,-8.973744e-05,-0.9724391,0.007248548,0.6951011,0.0028006234,0.024498012
315,1,2,B,A,254,0.52744716,-0.0072510666,0.8880264,8.302811e-05,4.8007587e-07,0.00020420995,-0.17351075,0.00043508873,0.8857362,6.8610466e-06,1.7537619e-05,-7.023798e-05,0.0002623246,0.0018015146,7.956032e-05,0.0019737917,0.0,0.010999992,0.00615684,-0.0038602946,-0.00928246,-0.8805507,-0.881352,-0.8757466,9.19124e-06,-0.054381885,-0.88734764,0.04933548,-0.0023776996,0.00077638583,-0.0003544054,6.2153244e-06,-5.036311e-05,0.0,0.0,0.024457807,-0.0026417198,0.8765687,-0.0021969788,5.2760235e-05,0.0023227932,-0.9005062,0.06663619,-0.0011818596,-8.683226e-05,-0.79920226,0.007149081,0.34028965,0.002798337,0.023631614
316,2,1,B,A,301,0.30228,-0.0074749934,0.8890506,8.320585e-05,4.944819e-07,0.00020589867,-0.17351907,0.000436384,0.88653,6.8960753e-06,1.7537619e-05,-7.736714e-05,0.00026238005,0.0019462962,7.967124e-05,0.0021671325,0.0,0.011038387,0.006169511,-0.0038941833,-0.009294633,-0.88154113,-0.882357,-0.87665796,1.0406651e-05,-0.055020947,-0.8883789,0.049416598,-0.002377789,0.0008707612,-0.0003667431,6.688281e-06,-5.2632047e-05,0.0,0.0,0.025884703,-0.0026695027,0.8774773,-0.0022028144,5.8103386e-05,0.002451376,-0.90128714,0.06663845,-0.0013053998,-8.986421e-05,0.14857164,0.0072527695,-0.22063881,0.0028006835,0.024541205
317,3,1,B,A,273,0.17712294,-0.00735979,0.8914165,8.315278e-05,4.877882e-07,0.00020510895,-0.17351606,0.00043582282,0.88878894,6.880268e-06,1.7537619e-05,-7.337118e-05,0.00026236067,0.0018664917,7.962592e-05,0.0020590548,0.0,0.011021551,0.0061641796,-0.0038782724,-0.009289684,-0.88387877,-0.8847145,-0.87885875,9.712047e-06,-0.054714356,-0.890755,0.049380492,-0.0023777618,0.00081715925,-0.00036034104,6.4286764e-06,-5.143277e-05,0.0,0.0,0.025116349,-0.0026562798,0.87967414,-0.0022003083,5.510848e-05,0.0023822451,-0.9033234,0.0666379,-0.0012267778,-8.8281704e-05,0.63847727,0.0072022523,-0.4745553,0.0027997629,0.024065804
318,1,2,A,A,256,0.024422927,-0.007263939,0.9007176,8.307511e-05,4.8193965e-07,0.00020432359,-0.17350982,0.00043518603,0.8979887,6.8635327e-06,1.7537619e-05,-7.058498e-05,0.00026233,0.0018087928,7.956931e-05,0.0019832884,0.0,0.011002829,0.0061578373,-0.0038625787,-0.009283454,-0.8930861,-0.8939997,-0.88754386,9.248051e-06,-0.054423314,-0.9001013,0.04933734,-0.002377698,0.0007808501,-0.00035510425,6.239379e-06,-5.0487415e-05,0.0,0.0,0.024533186,-0.0026435386,0.8883376,-0.0021974228,5.301986e-05,0.0023294408,-0.9113538,0.06663671,-0.0011539512,-8.6990396e-05,0.8405703,0.007155621,-0.67282206,0.0027985373,0.023682432
319,0,1,B,A,282,0.5399611,-0.007401914,0.8852905,8.314072e-05,4.891233e-07,0.00020541834,-0.17351839,0.0004360539,0.8830424,6.88661e-06,1.7537619e-05,-7.473196e-05,0.0002623697,0.0018941029,7.9645244e-05,0.002095923,0.0,0.01102843,0.0061664023,-0.0038844782,-0.009291799,-0.8778546,-0.87863195,-0.87321436,9.94446e-06,-0.05483235,-0.88460124,0.049399424,-0.0023777822,0.0008351972,-0.0003626663,6.5187114e-06,-5.186183e-05,0.0,0.0,0.025387157,-0.0026613984,0.8740412,-0.0022013455,5.6129153e-05,0.0024069152,-0.898116,0.06663805,-0.0012713481,-8.886882e-05,-0.857039,0.0072214887,0.3864885,0.0028001643,0.024237495
320,3,1,A,A,343,0.43525684,-0.0075810296,0.90037256,8.3219216e-05,5.0023016e-07,0.00020645076,-0.17351788,0.0004367041,0.8979091,6.906106e-06,1.7537619e-05,-8.2201645e-05,0.00026238651,0.0020375657,7.969355e-05,0.002296818,0.0,0.011048301,0.0061723553,-0.0039054698,-0.009297042,-0.89274305,-0.89365405,-0.88721865,1.1304793e-05,-0.055251375,-0.8997546,0.049435616,-0.0023777885,0.00093858433,-0.0003727925,6.9813245e-06,-5.3832144e-05,0.0,0.0,0.026699852,-0.0026792097,0.8880131,-0.0022042142,6.172564e-05,0.002523949,-0.91115546,0.0666389,-0.0013268866,-9.136363e-05,-0.5434217,0.007292384,0.10105882,0.0028010956,0.025000429
321,2,0,B,B,302,0.19774565,-0.0074783205,0.888174,8.322017e-05,4.9507753e-07,0.00020591874,-0.17351928,0.00043639686,0.88557106,6.896458e-06,1.7537619e-05,-7.7497505e-05,0.0002623804,0.0019488235,7.967221e-05,0.0021706445,0.0,0.011038781,0.006169628,-0.003894589,-0.009294737,-0.8806825,-0.88148874,-0.8758561,1.0429961e-05,-0.055029016,-0.887498,0.049416076,-0.0023777897,0.0008725455,-0.0003669302,6.6964944e-06,-5.2668016e-05,0.0,0.0,0.025908366,-0.0026698462,0.8766774,-0.0022028715,5.8200658e-05,0.0024533938,-0.90050536,0.066638514,-0.001309522,-8.99053e-05,0.6066553,0.007254124,-0.45262513,0.002800702,0.024555238
322,10,1,B,B,259,-0.77217835,-0.007282577,0.90592575,8.309708e-05,4.834996e-07,0.00020448474,-0.17351028,0.000435322,0.9030972,6.8670324e-06,1.7537619e-05,-7.109782e-05,0.0002623372,0.0018195291,7.958174e-05,0.0019972874,0.0,0.011006802,0.0061592204,-0.003865806,-0.009284825,-0.89828897,-0.8992372,-0.8924973,9.332362e-06,-0.05448225,-0.905335,0.049338717,-0.002377707,0.0007874723,-0.0003561179,6.2747313e-06,-5.066839e-05,0.0,0.0,0.024643466,-0.0026461286,0.8932781,-0.0021980412,5.340303e-05,0.0023394176,-0.91572404,0.06663716,-0.0011448895,-8.721504e-05,0.99503577,0.0071649784,-0.9855853,0.0027988115,0.023756284
323,3,1,A,B,272,0.435032,-0.00735477,0.90047663,8.311944e-05,4.866759e-07,0.00020507057,-0.17351437,0.00043579334,0.8980211,6.87947e-06,1.7537619e-05,-7.321484e-05,0.00026235945,0.0018633278,7.96234e-05,0.0020548361,0.0,0.011020676,0.0061638965,-0.0038775173,-0.009289407,-0.89285165,-0.893762,-0.88732564,9.6856675e-06,-0.054699954,-0.8998587,0.049381338,-0.0023777497,0.0008150961,-0.00036006523,6.4182573e-06,-5.138237e-05,0.0,0.0,0.025084708,-0.002655649,0.8881207,-0.0022001753,5.499226e-05,0.002379585,-0.911266,0.06663799,-0.0011928359,-8.8223955e-05,-0.5387112,0.007199905,0.10985876,0.00279971,0.024045479
324,3,1,B,B,274,0.1458709,-0.007364741,0.8915771,8.3154795e-05,4.8804435e-07,0.0002051465,-0.17351623,0.0004358516,0.8889247,6.881046e-06,1.7537619e-05,-7.352611e-05,0.00026236186,0.0018696546,7.962836e-05,0.0020632606,0.0,0.011022402,0.006164459,-0.0038790263,-0.009289952,-0.88402575,-0.88486564,-0.8789849,9.738307e-06,-0.054728556,-0.89091814,0.049382433,-0.0023777634,0.00081920164,-0.00036061346,6.439011e-06,-5.148273e-05,0.0,0.0,0.02514766,-0.0026568973,0.8797991,-0.0022004375,5.5224646e-05,0.0023850861,-0.9034243,0.066637956,-0.0012287236,-8.8349516e-05,0.6866583,0.0072045554,-0.52507764,0.0027998143,0.02408587
325,1,2,A,A,315,0.02714827,-0.0075175436,0.90054375,8.324273e-05,4.978616e-07,0.0002061424,-0.17351764,0.000436535,0.8978155,6.900648e-06,1.7537619e-05,-7.911952e-05,0.00026238363,0.001980075,7.9682264e-05,0.002214333,0.0,0.011043016,0.0061708875,-0.0038991591,-0.009295825,-0.89292246,-0.8938323,-0.8873961,1.072405e-05,-0.05512038,-0.8999256,0.0494217,-0.0023777864,0.0008949226,-0.00036914815,6.797368e-06,-5.3099437e-05,0.0,0.0,0.026195278,-0.0026737184,0.8881913,-0.0022034792,5.941583e-05,0.0024789295,-0.91123796,0.066638865,-0.0012803886,-9.044483e-05,0.8555788,0.0072695883,-0.6801692,0.0028008928,0.024722297
326,1,2,A,A,303,0.028830113,-0.007481602,0.9007778,8.3228944e-05,4.956556e-07,0.00020593837,-0.17351721,0.0004364094,0.89804703,6.896831e-06,1.7537619e-05,-7.762628e-05,0.00026238072,0.0019513321,7.967315e-05,0.0021741665,0.0,0.011039163,0.006169754,-0.003895011,-0.009294838,-0.89315677,-0.894068,-0.88762045,1.0453146e-05,-0.055037096,-0.9001606,0.049414452,-0.0023777827,0.0008743035,-0.00036711534,6.7046412e-06,-5.2703806e-05,0.0,0.0,0.025931787,-0.0026701828,0.8884149,-0.0022029267,5.8297173e-05,0.0024554422,-0.9114458,0.066638775,-0.0012573947,-8.994377e-05,0.87251526,0.007255454,-0.6879467,0.0028007198,0.0245691
327,3,1,B,B,341,0.18545456,-0.007577283,0.8911054,8.325221e-05,5.010869e-07,0.00020643458,-0.1735192,0.000436696,0.88848823,6.905831e-06,1.7537619e-05,-8.199956e-05,0.00026238637,0.002033834,7.969306e-05,0.0022913844,0.0,0.011048044,0.0061722803,-0.0039051152,-0.009296987,-0.883574,-0.88440645,-0.8785744,1.1265581e-05,-0.055244125,-0.8904422,0.049432382,-0.0023777934,0.0009356772,-0.00037257437,6.9695393e-06,-5.3787182e-05,0.0,0.0,0.026668338,-0.0026789152,0.8793905,-0.002204179,6.1572726e-05,0.0025208774,-0.90306056,0.06663875,-0.0013765757,-9.129664e-05,0.59325546,0.007291127,-0.45050943,0.0028010863,0.02498369
328,1,2,B,A,274,0.542401,-0.007364741,0.88791955,8.311794e-05,4.869121e-07,0.0002051465,-0.1735168,0.0004358516,0.8856571,6.881046e-06,1.7537619e-05,-7.352621e-05,0.00026236186,0.0018696843,7.962836e-05,0.0020632476,0.0,0.011022402,0.006164451,-0.0038790181,-0.009289952,-0.88045335,-0.8812521,-0.8756627,9.738325e-06,-0.05472853,-0.88724065,0.04938647,-0.002377765,0.0008192042,-0.00036061346,6.4390124e-06,-5.1482642e-05,0.0,0.0,0.025147643,-0.0026568973,0.87648547,-0.0022004375,5.522546e-05,0.0023853153,-0.9004385,0.066637784,-0.0012407504,-8.836251e-05,-0.8574166,0.0072045554,0.39180052,0.0027998143,0.02408587
329,1,1,A,A,311,0.1563677,-0.007506235,0.89908594,8.3232095e-05,4.9677755e-07,0.00020608038,-0.17351769,0.00043649785,0.89641875,6.8995023e-06,1.7537619e-05,-7.86341e-05,0.00026238288,0.0019708034,7.967961e-05,0.0022012794,0.0,0.011041871,0.006170552,-0.0038978935,-0.009295539,-0.8914748,-0.89237297,-0.8860266,1.0635288e-05,-0.055094823,-0.89846003,0.049421325,-0.0023777867,0.0008881853,-0.00036850615,6.7674678e-06,-5.297364e-05,0.0,0.0,0.026110936,-0.0026726364,0.8868255,-0.0022033162,5.9052683e-05,0.0024714798,-0.910008,0.066638805,-0.001282078,-9.029369e-05,0.6830862,0.007265229,-0.5132549,0.0028008427,0.02467381
330,6,1,A,B,316,0.6486345,-0.0075202715,0.9032114,8.319077e-05,4.956191e-07,0.00020615706,-0.17351703,0.00043654363,0.90094423,6.900917e-06,1.7537619e-05,-7.9238715e-05,0.0002623838,0.0019824177,7.968288e-05,0.0022175359,0.0,0.011043284,0.0061709727,-0.0038994623,-0.009295891,-0.8955786,-0.8965081,-0.88991714,1.0745982e-05,-0.0551264,-0.9026065,0.0494295,-0.0023777774,0.00089658133,-0.00036930395,6.804691e-06,-5.3130007e-05,0.0,0.0,0.026215814,-0.0026739752,0.8907058,-0.0022035171,5.950741e-05,0.0024811628,-0.9137098,0.06663881,-0.0012679765,-9.0512e-05,-0.97216535,0.0072706277,0.6940676,0.0028009042,0.024734039
331,3,1,B,B,282,0.19021179,-0.007401914,0.8913071,8.317959e-05,4.9036026e-07,0.00020541834,-0.17351738,0.0004360539,0.8886946,6.88661e-06,1.7537619e-05,-7.473172e-05,0.0002623697,0.0018940696,7.9645244e-05,0.0020959417,0.0,0.01102843,0.0061664134,-0.0038844896,-0.009291799,-0.88378227,-0.8846139,-0.8787787,9.944411e-06,-0.054832388,-0.8906436,0.04939536,-0.0023777748,0.0008351934,-0.0003626663,6.5187037e-06,-5.186199e-05,0.0,0.0,0.025387175,-0.0026613984,0.87959456,-0.0022013455,5.612823e-05,0.002406658,-0.9032644,0.06663824,-0.0012508127,-8.885496e-05,0.59544146,0.0072214887,-0.4463686,0.0028001643,0.024237495
332,2,0,A,B,311,0.40640834,-0.007506235,0.8980612,8.3202154e-05,4.959355e-07,0.00020608038,-0.17351788,0.00043649785,0.8955794,6.8995023e-06,1.7537619e-05,-7.863415e-05,0.00026238288,0.0019708278,7.967961e-05,0.0022012729,0.0,0.011041871,0.006170552,-0.0038978923,-0.009295539,-0.89044404,-0.89133763,-0.88503975,1.0635287e-05,-0.05509481,-0.8974318,0.049424168,-0.002377787,0.00088818406,-0.00036850612,6.7674678e-06,-5.2973606e-05,0.0,0.0,0.026110932,-0.0026726364,0.88583964,-0.0022033162,5.9053375e-05,0.0024716982,-0.9091374,0.06663874,-0.0012845768,-9.030407e-05,-0.39055434,0.007265229,0.018075345,0.0028008427,0.02467381
333,2,0,A,B,281,0.41133916,-0.0073974943,0.89811903,8.314895e-05,4.893211e-07,0.00020538697,-0.17351606,0.00043603108,0.8956432,6.885974e-06,1.7537619e-05,-7.458386e-05,0.00026236888,0.0018911214,7.9643374e-05,0.0020919584,0.0,0.011027748,0.0061661983,-0.0038838708,-0.009291594,-0.8905033,-0.89139694,-0.8850972,9.919026e-06,-0.054820415,-0.8974897,0.04939631,-0.002377768,0.00083321927,-0.00036242174,6.5090258e-06,-5.1816613e-05,0.0,0.0,0.025358258,-0.002660876,0.88589716,-0.0022012433,5.601834e-05,0.0024042511,-0.90919423,0.0666383,-0.0012220542,-8.880417e-05,-0.42242944,0.0072195106,0.03508084,0.002800126,0.024219377
334,6,1,A,B,348,0.63915795,-0.007589943,0.90340304,8.320846e-05,4.996446e-07,0.0002064882,-0.17351723,0.00043672253,0.90112245,6.9067355e-06,1.7537619e-05,-8.269774e-05,0.00026238675,0.0020465977,7.969469e-05,0.0023100527,0.0,0.011048886,0.006172515,-0.0039062472,-0.009297161,-0.89576334,-0.89669615,-0.8900871,1.1401371e-05,-0.0552679,-0.9028007,0.049438998,-0.0023777813,0.00094576867,-0.00037331175,7.0099545e-06,-5.393956e-05,0.0,0.0,0.02677598,-0.002679895,0.89087415,-0.002204293,6.20982e-05,0.0025307639,-0.913842,0.06663891,-0.0013166396,-9.1502545e-05,-0.9679889,0.007295328,0.6689135,0.0028011152,0.025040459
335,3,1,B,B,328,0.15310667,-0.0075501595,0.8911756,8.324907e-05,4.996324e-07,0.00020630956,-0.17351907,0.00043663027,0.88854146,6.903663e-06,1.7537619e-05,-8.061767e-05,0.0002623854,0.0020083196,7.968881e-05,0.0022544584,0.0,0.011045976,0.0061717187,-0.003902553,-0.009296531,-0.8836507,-0.88448167,-0.8786533,1.1002317e-05,-0.055190273,-0.8905121,0.049428254,-0.002377793,0.000915952,-0.0003710102,6.888039e-06,-5.346939e-05,0.0,0.0,0.026447179,-0.0026766672,0.8794693,-0.0022038948,6.0537703e-05,0.0025013061,-0.9031356,0.06663875,-0.0013509722,-9.090769e-05,0.6790254,0.0072816773,-0.50720906,0.0028010109,0.024863813
336,10,1,B,B,329,-0.77914137,-0.0075524286,0.90586096,8.325831e-05,5.005847e-07,0.0002063205,-0.17351694,0.00043663624,0.90302956,6.903856e-06,1.7537619e-05,-8.0726764e-05,0.00026238553,0.002010351,7.9689205e-05,0.00225746,0.0,0.011046162,0.0061717867,-0.003902811,-0.009296573,-0.8982284,-0.89917475,-0.8924422,1.1023015e-05,-0.055195123,-0.90526915,0.049416896,-0.0023777778,0.0009174917,-0.00037114203,6.894621e-06,-5.3496005e-05,0.0,0.0,0.026465278,-0.0026768625,0.89322364,-0.0022039209,6.061712e-05,0.0025028465,-0.91568655,0.06663894,-0.0012738999,-9.089548e-05,0.99777687,0.0072824885,-0.99821264,0.0028010178,0.024873774
337,1,1,B,A,312,0.44137478,-0.007509123,0.8873442,8.319784e-05,4.959176e-07,0.00020609639,-0.17351975,0.00043650754,0.8849724,6.8997997e-06,1.7537619e-05,-7.87573e-05,0.00026238308,0.0019731808,7.968031e-05,0.0022045383,0.0,0.011042169,0.0061706277,-0.0038981945,-0.009295615,-0.879873,-0.88066995,-0.8751049,1.0657656e-05,-0.0551012,-0.88666373,0.049425486,-0.0023777937,0.00088989595,-0.00036866963,6.7750366e-06,-5.3005366e-05,0.0,0.0,0.026132334,-0.0026729153,0.87592804,-0.0022033588,5.9145266e-05,0.0024736319,-0.8998702,0.06663844,-0.0013369187,-9.034591e-05,-0.56267977,0.0072663506,0.119793765,0.002800856,0.024686163
338,1,2,A,A,268,0.040153265,-0.007333956,0.90070623,8.313763e-05,4.8640135e-07,0.00020490812,-0.1735135,0.0004356664,0.89797926,6.8760696e-06,1.7537619e-05,-7.258153e-05,0.00026235386,0.0018503063,7.961242e-05,0.0020376383,0.0,0.011016924,0.0061626495,-0.0038742614,-0.009288203,-0.89308023,-0.8939923,-0.8875431,9.579045e-06,-0.054638978,-0.90008956,0.049369052,-0.0023777396,0.0008067848,-0.00035892308,6.3757134e-06,-5.1174116e-05,0.0,0.0,0.024955017,-0.0026529909,0.88833725,-0.002199603,5.451666e-05,0.0023676506,-0.91136664,0.06663781,-0.0011827969,-8.792913e-05,0.8591806,0.0071900594,-0.6755469,0.0027994767,0.023961546
339,6,1,A,B,343,0.64168036,-0.0075810296,0.903399,8.320672e-05,4.991487e-07,0.00020645076,-0.17351721,0.0004367041,0.90111846,6.906106e-06,1.7537619e-05,-8.22013e-05,0.00026238651,0.0020375976,7.969355e-05,0.002296822,0.0,0.011048301,0.0061723627,-0.0039054751,-0.009297042,-0.8957577,-0.8966906,-0.8900801,1.1304768e-05,-0.05525137,-0.9027963,0.049438056,-0.002377781,0.0009385802,-0.0003727933,6.9813245e-06,-5.3832195e-05,0.0,0.0,0.026699835,-0.0026792097,0.89086705,-0.0022042142,6.172645e-05,0.0025240548,-0.91383356,0.0666389,-0.0013099184,-9.137421e-05,-0.9682721,0.007292384,0.67208755,0.0028010956,0.02500043
340,10,1,B,B,326,-0.7745324,-0.007545526,0.9058788,8.325631e-05,5.001559e-07,0.00020628687,-0.1735169,0.00043661782,0.9030443,6.903261e-06,1.7537619e-05,-8.039389e-05,0.0002623852,0.0020041363,7.9687976e-05,0.0022485477,0.0,0.011045586,0.006171627,-0.0039021242,-0.009296441,-0.8982391,-0.8991882,-0.8924474,1.0960435e-05,-0.055180844,-0.9052879,0.04941605,-0.0023777776,0.0009127835,-0.0003707459,6.8747113e-06,-5.341644e-05,0.0,0.0,0.026410565,-0.0026762644,0.8932282,-0.0022038405,6.0367907e-05,0.0024980023,-0.91567016,0.06663894,-0.0012706929,-9.079863e-05,0.9977694,0.007280005,-0.9983911,0.002800996,0.024843555
341,2,0,A,B,333,0.41901094,-0.0075611877,0.8982959,8.321753e-05,4.991754e-07,0.00020636198,-0.17351818,0.00043665848,0.89583075,6.904582e-06,1.7537619e-05,-8.116176e-05,0.00026238587,0.0020184722,7.969067e-05,0.0022690413,0.0,0.01104686,0.006171965,-0.0039036416,-0.009296729,-0.8906876,-0.8915802,-0.8852789,1.11053e-05,-0.055212833,-0.897667,0.04943306,-0.0023777897,0.000923674,-0.0003716444,6.9204184e-06,-5.359752e-05,0.0,0.0,0.026535641,-0.0026776046,0.88607955,-0.002204017,6.094668e-05,0.0025094198,-0.9093799,0.0666388,-0.0013235993,-9.107892e-05,-0.46404675,0.007285589,0.057116963,0.002801043,0.024912283
342,4,1,B,B,283,-0.007120399,-0.007406271,0.8936885,8.31897e-05,4.9103375e-07,0.00020544905,-0.17351711,0.0004360761,0.8909522,6.8872287e-06,1.7537619e-05,-7.487813e-05,0.00026237048,0.0018970051,7.964706e-05,0.002099917,0.0,0.011029094,0.0061666286,-0.0038851125,-0.009291997,-0.8861187,-0.88697493,-0.8809629,9.969683e-06,-0.05484424,-0.8930378,0.04939457,-0.002377774,0.00083714555,-0.00036290777,6.5283034e-06,-5.190695e-05,0.0,0.0,0.02541579,-0.0026619097,0.881773,-0.0022014447,5.6237626e-05,0.0024091871,-0.90524024,0.066638365,-0.0012431409,-8.89075e-05,0.90112597,0.0072234315,-0.73636293,0.0028002015,0.024255384
343,6,1,B,B,279,-0.33268392,-0.0073884665,0.8977101,8.31807e-05,4.9019724e-07,0.00020532208,-0.173516,0.0004359834,0.89489055,6.884654e-06,1.7537619e-05,-7.428624e-05,0.0002623671,0.0018850748,7.963943e-05,0.0020838985,0.0,0.011026324,0.006165739,-0.0038825653,-0.009291163,-0.8900975,-0.8909879,-0.884713,9.86794e-06,-0.05479548,-0.89707977,0.049385305,-0.0023777662,0.000829263,-0.00036192243,6.4894307e-06,-5.1723997e-05,0.0,0.0,0.025299609,-0.002659798,0.88551414,-0.0022010296,5.579345e-05,0.0023987154,-0.90864205,0.066638306,-0.0012200758,-8.8653534e-05,0.9811191,0.0072154375,-0.9394651,0.0028000446,0.02418244
344,10,1,A,B,281,0.65689355,-0.0073974943,0.90670305,8.3135434e-05,4.884131e-07,0.00020538697,-0.17351466,0.00043603108,0.9044302,6.885974e-06,1.7537619e-05,-7.458339e-05,0.00026236888,0.0018911454,7.9643374e-05,0.002091972,0.0,0.011027748,0.0061662095,-0.0038838848,-0.009291594,-0.8990691,-0.90002143,-0.89324296,9.918973e-06,-0.054820422,-0.90611595,0.049398728,-0.002377758,0.0008332101,-0.00036242287,6.5090258e-06,-5.1816813e-05,0.0,0.0,0.025358235,-0.002660876,0.89402205,-0.0022012433,5.6018936e-05,0.0024043398,-0.9167495,0.06663838,-0.0011871287,-8.8813475e-05,-0.975581,0.0072195106,0.7168043,0.002800126,0.0242194
345,2,0,B,A,280,0.19414434,-0.0073930128,0.88848925,8.3173334e-05,4.897709e-07,0.00020535488,-0.1735175,0.00043600757,0.8858909,6.885322e-06,1.7537619e-05,-7.4436e-05,0.00026236798,0.0018881091,7.9641424e-05,0.0020879225,0.0,0.0110270465,0.006165964,-0.0038832065,-0.009291382,-0.88100296,-0.8818096,-0.87616706,9.893556e-06,-0.054807983,-0.8878138,0.049392667,-0.0023777739,0.00083125674,-0.00036217363,6.49927e-06,-5.1770425e-05,0.0,0.0,0.02532908,-0.0026603425,0.87698823,-0.0022011378,5.5906592e-05,0.002401436,-0.9008051,0.06663805,-0.0012550722,-8.873442e-05,0.6047815,0.007217493,-0.45024276,0.002800086,0.024201028
346,10,1,B,B,325,-0.759619,-0.0075431587,0.9056223,8.325559e-05,5.000087e-07,0.00020627516,-0.17351694,0.00043661133,0.90278924,6.9030525e-06,1.7537619e-05,-8.028156e-05,0.00026238512,0.002002032,7.9687525e-05,0.0022455363,0.0,0.011045384,0.0061715697,-0.0039018828,-0.009296394,-0.89798677,-0.8989325,-0.8922097,1.09393995e-05,-0.055175886,-0.9050299,0.049415927,-0.0023777778,0.00091119873,-0.0003706102,6.867965e-06,-5.3389293e-05,0.0,0.0,0.026391959,-0.0026760562,0.8929913,-0.0022038124,6.0283823e-05,0.0024963536,-0.91546816,0.06663893,-0.001270598,-9.076616e-05,0.99751574,0.007279145,-0.9979246,0.0028009883,0.024833214
347,10,1,A,B,344,0.6568978,-0.007582863,0.90651053,8.320694e-05,4.991904e-07,0.0002064586,-0.17351677,0.00043670798,0.904232,6.9062385e-06,1.7537619e-05,-8.230165e-05,0.00026238654,0.0020394286,7.96938e-05,0.0022995127,0.0,0.011048424,0.006172398,-0.0039056435,-0.009297067,-0.89886546,-0.89982,-0.8930394,1.1324191e-05,-0.055254832,-0.90592515,0.049438387,-0.0023777783,0.0009400265,-0.0003729002,6.9871444e-06,-5.3854346e-05,0.0,0.0,0.026715364,-0.0026793522,0.8938174,-0.0022042308,6.1801744e-05,0.0025254253,-0.91652834,0.06663891,-0.0012907494,-9.140154e-05,-0.97580427,0.007292995,0.71785617,0.0028011,0.025008654
348,1,1,B,A,281,0.46360862,-0.0073974943,0.8869674,8.3145074e-05,4.892081e-07,0.00020538697,-0.17351803,0.00043603108,0.88461775,6.885974e-06,1.7537619e-05,-7.458439e-05,0.00026236888,0.0018911246,7.9643374e-05,0.002091935,0.0,0.011027748,0.006166187,-0.0038838496,-0.009291594,-0.87950104,-0.880295,-0.8747547,9.919055e-06,-0.05482028,-0.8862856,0.04939699,-0.0023777764,0.00083323085,-0.00036242156,6.5090285e-06,-5.181639e-05,0.0,0.0,0.025358252,-0.002660876,0.87557864,-0.0022012433,5.6018416e-05,0.0024042672,-0.89954567,0.06663804,-0.0012617011,-8.880511e-05,-0.62744683,0.0072195106,0.17094658,0.002800126,0.024219377
349,0,1,B,A,344,0.5435854,-0.007582863,0.8856028,8.3210776e-05,4.998879e-07,0.0002064586,-0.17352028,0.00043670798,0.88336474,6.9062385e-06,1.7537619e-05,-8.230334e-05,0.00026238654,0.0020394083,7.96938e-05,0.0022994517,0.0,0.011048424,0.0061723697,-0.0039055967,-0.009297067,-0.87818307,-0.8789578,-0.8735431,1.1324363e-05,-0.05525463,-0.88491267,0.049437348,-0.0023778041,0.0009400608,-0.0003728982,6.98715e-06,-5.3853684e-05,0.0,0.0,0.0267154,-0.0026793522,0.87437034,-0.0022042308,6.18012e-05,0.0025253794,-0.89844245,0.0666385,-0.0014115152,-9.139375e-05,-0.86432284,0.007292995,0.39575034,0.0028011,0.025008641
350,0,1,A,A,294,0.06204385,-0.00745033,0.8981188,8.3213585e-05,4.9369083e-07,0.00020574497,-0.1735173,0.00043628263,0.8953917,6.893103e-06,1.7537619e-05,-7.643153e-05,0.00026237723,0.0019279342,7.966349e-05,0.0021419332,0.0,0.011035309,0.00616858,-0.003891091,-0.009293791,-0.89050275,-0.8913963,-0.8850961,1.02406775e-05,-0.05495989,-0.8974899,0.04940765,-0.002377781,0.0008580305,-0.00036536067,6.6288567e-06,-5.236825e-05,0.0,0.0,0.025712319,-0.0026668846,0.8858964,-0.0022023653,5.740202e-05,0.002435814,-0.9091011,0.06663865,-0.0012509259,-8.9513735e-05,0.858026,0.007242532,-0.6744534,0.0028005324,0.024437783
351,10,1,B,B,284,-0.7632414,-0.0074105663,0.9056317,8.319554e-05,4.916697e-07,0.00020547908,-0.17351523,0.00043609767,0.9027965,6.8878335e-06,1.7537619e-05,-7.502306e-05,0.00026237126,0.0018999171,7.96488e-05,0.0021038908,0.0,0.011029739,0.006166846,-0.0038857416,-0.009292188,-0.897991,-0.8989386,-0.89221,9.994799e-06,-0.054855973,-0.9050405,0.049387097,-0.002377762,0.0008390786,-0.00036314724,6.5378244e-06,-5.195167e-05,0.0,0.0,0.02544414,-0.0026624107,0.8929911,-0.0022015413,5.6344867e-05,0.002411715,-0.9154497,0.066638544,-0.0011985487,-8.8936824e-05,0.9975584,0.0072253374,-0.99775434,0.0028002372,0.024273057
352,0,1,B,A,325,0.5360878,-0.0075431587,0.8855891,8.3200524e-05,4.9747024e-07,0.00020627516,-0.17352009,0.00043661133,0.88334,6.9030525e-06,1.7537619e-05,-8.0283025e-05,0.00026238512,0.0020021072,7.9687525e-05,0.0022454637,0.0,0.011045384,0.006171543,-0.0039018372,-0.009296394,-0.8781547,-0.8789335,-0.87350273,1.0939534e-05,-0.05517565,-0.88490075,0.04943241,-0.0023778034,0.0009112259,-0.00037060867,6.8679715e-06,-5.3388714e-05,0.0,0.0,0.026391905,-0.0026760562,0.8743294,-0.0022038124,6.0288305e-05,0.002496778,-0.89839095,0.06663847,-0.0013740947,-9.0829e-05,-0.8506097,0.007279145,0.3816824,0.0028009883,0.024833202
353,1,2,A,A,258,0.035670623,-0.007276452,0.9002311,8.308777e-05,4.827698e-07,0.00020443222,-0.17351067,0.00043527797,0.89750254,6.8658956e-06,1.7537619e-05,-7.092809e-05,0.0002623349,0.0018159847,7.957772e-05,0.0019926412,0.0,0.011005513,0.0061587677,-0.0038647458,-0.009284384,-0.8926016,-0.8935117,-0.8870841,9.3044e-06,-0.05446299,-0.8996126,0.049343448,-0.0023777075,0.00078527885,-0.00035578402,6.2630443e-06,-5.0608684e-05,0.0,0.0,0.024607053,-0.0026452832,0.8878789,-0.002197841,5.3277094e-05,0.0023361403,-0.9109296,0.06663694,-0.0011591602,-8.715712e-05,0.85055494,0.0071619176,-0.67132497,0.0027987233,0.023731971
354,0,1,B,A,307,0.5331618,-0.007494268,0.88556665,8.318448e-05,4.946072e-07,0.00020601256,-0.17351982,0.00043645618,0.8833095,6.8982354e-06,1.7537619e-05,-7.81373e-05,0.00026238192,0.0019612662,7.96766e-05,0.0021878534,0.0,0.011040591,0.0061701615,-0.0038964855,-0.009295212,-0.8781231,-0.87890404,-0.8734632,1.0545057e-05,-0.05506692,-0.88487864,0.04942373,-0.0023778006,0.00088132883,-0.00036782914,6.736576e-06,-5.2841548e-05,0.0,0.0,0.026023148,-0.002671461,0.8742897,-0.0022031327,5.868095e-05,0.0024639545,-0.8983475,0.06663841,-0.0013340942,-9.014262e-05,-0.855359,0.0072605265,0.37243462,0.0028007852,0.02462279
355,0,1,B,A,293,0.51562095,-0.0074466025,0.8853657,8.316505e-05,4.918572e-07,0.00020572096,-0.17351927,0.00043626645,0.8830954,6.8926347e-06,1.7537619e-05,-7.629536e-05,0.00026237677,0.0019252762,7.966223e-05,0.0021381993,0.0,0.011034819,0.006168413,-0.0038905812,-0.009293653,-0.8779385,-0.8787145,-0.8733038,1.02166205e-05,-0.054950252,-0.884676,0.049412288,-0.002377794,0.0008561901,-0.00036515217,6.6200937e-06,-5.2328458e-05,0.0,0.0,0.025686674,-0.0026664778,0.874131,-0.0022022934,5.7300706e-05,0.0024338341,-0.8981982,0.066638276,-0.0013001808,-8.9481284e-05,-0.81878495,0.0072409553,0.3226707,0.0028005072,0.02442224
356,0,1,A,A,332,0.058814276,-0.0075590443,0.89769083,8.3255545e-05,5.003866e-07,0.00020635195,-0.17351818,0.0004366532,0.8949612,6.904407e-06,1.7537619e-05,-8.105416e-05,0.0002623858,0.0020164403,7.969031e-05,0.002266168,0.0,0.011046694,0.0061719185,-0.003903436,-0.009296691,-0.8900749,-0.8909665,-0.8846893,1.1084879e-05,-0.05520853,-0.89706045,0.049428537,-0.0023777904,0.00092214474,-0.00037152084,6.9140488e-06,-5.3572505e-05,0.0,0.0,0.02651832,-0.0026774248,0.88549006,-0.0022039937,6.0864826e-05,0.0025075788,-0.9087202,0.0666389,-0.0013238693,-9.103126e-05,0.86418855,0.0072848364,-0.68088824,0.0028010372,0.024902835
357,3,1,B,B,315,0.1596723,-0.0075175436,0.89150584,8.323726e-05,4.9753066e-07,0.0002061424,-0.17351894,0.000436535,0.8888708,6.900648e-06,1.7537619e-05,-7.912018e-05,0.00026238363,0.0019800842,7.9682264e-05,0.002214308,0.0,0.011043016,0.0061708824,-0.0038991398,-0.009295825,-0.883967,-0.8848036,-0.8789416,1.072406e-05,-0.0551202,-0.8908446,0.049423434,-0.0023777913,0.0008949351,-0.00036914757,6.797368e-06,-5.309922e-05,0.0,0.0,0.026195271,-0.0026737184,0.87975633,-0.0022034792,5.9416296e-05,0.0024789663,-0.90339816,0.06663871,-0.001324864,-9.045057e-05,0.66944313,0.0072695883,-0.49436253,0.0028008928,0.024722297
358,1,1,A,A,308,0.16716705,-0.007497323,0.89878845,8.322927e-05,4.9625095e-07,0.0002060301,-0.17351761,0.00043646703,0.89612126,6.8985646e-06,1.7537619e-05,-7.8262034e-05,0.00026238218,0.0019636478,7.96774e-05,0.002191274,0.0,0.011040923,0.006170275,-0.0038968704,-0.009295298,-0.8911647,-0.8920647,-0.8857198,1.0567712e-05,-0.05507425,-0.8981637,0.04941961,-0.0023777862,0.0008830436,-0.000368002,6.7443893e-06,-5.2875388e-05,0.0,0.0,0.026045427,-0.0026717642,0.8865181,-0.0022031805,5.8773923e-05,0.0024656341,-0.9097011,0.06663878,-0.001276246,-9.016928e-05,0.6822866,0.007261736,-0.5015751,0.0028008008,0.02463579
359,2,1,B,B,351,0.2887069,-0.007594994,0.8889496,8.32435e-05,5.016992e-07,0.00020650872,-0.17351982,0.00043673237,0.8864172,6.9070766e-06,1.7537619e-05,-8.298954e-05,0.00026238686,0.0020517788,7.969528e-05,0.002317752,0.0,0.011049199,0.006172578,-0.0039066398,-0.009297225,-0.88144964,-0.8822622,-0.87658,1.1458407e-05,-0.05527689,-0.88827646,0.049435597,-0.0023777962,0.0009500224,-0.0003736052,7.0265774e-06,-5.4000673e-05,0.0,0.0,0.0268199,-0.0026802728,0.87740004,-0.0022043353,6.2314386e-05,0.0025343345,-0.90121764,0.06663867,-0.0014051896,-9.1557e-05,0.24926181,0.007296965,-0.26707208,0.0028011247,0.025063274
360,6,1,A,B,330,0.6463828,-0.007554665,0.9030478,8.32006e-05,4.97601e-07,0.00020633121,-0.17351715,0.00043664203,0.90077555,6.904044e-06,1.7537619e-05,-8.0836464e-05,0.0002623856,0.002012481,7.9689584e-05,0.0022603648,0.0,0.011046344,0.0061718347,-0.003903022,-0.009296614,-0.89540815,-0.8963383,-0.8897485,1.1043742e-05,-0.055199653,-0.90244395,0.0494349,-0.0023777802,0.00091904844,-0.00037127014,6.9011503e-06,-5.3521762e-05,0.0,0.0,0.026483065,-0.002677054,0.8905361,-0.0022039458,6.07043e-05,0.0025048957,-0.913533,0.06663889,-0.0012904479,-9.0997964e-05,-0.9716132,0.0072832857,0.6895263,0.0028010246,0.024883574
361,4,1,B,B,329,0.0038610348,-0.0075524286,0.8937286,8.325462e-05,5.000868e-07,0.0002063205,-0.17351887,0.00043663624,0.8910124,6.903856e-06,1.7537619e-05,-8.072772e-05,0.00026238553,0.002010367,7.9689205e-05,0.002257416,0.0,0.011046162,0.006171773,-0.0039027825,-0.009296573,-0.8861686,-0.8870226,-0.8810191,1.10230885e-05,-0.055194963,-0.8930775,0.049426842,-0.0023777923,0.00091751054,-0.00037114043,6.894621e-06,-5.3495598e-05,0.0,0.0,0.026465243,-0.0026768625,0.88183,-0.0022039209,6.0619834e-05,0.0025028714,-0.90530986,0.0666388,-0.0013410775,-9.093335e-05,0.8765322,0.0072824885,-0.69629496,0.0028010178,0.024873756
362,1,1,B,A,313,0.43829468,-0.0075119697,0.8866221,8.32e-05,4.9611447e-07,0.00020611208,-0.17351983,0.00043651697,0.8842504,6.90009e-06,1.7537619e-05,-7.8879086e-05,0.00026238326,0.0019755103,7.968099e-05,0.0022078082,0.0,0.011042458,0.006170711,-0.0038985123,-0.009295687,-0.87916183,-0.8799526,-0.8744377,1.0679899e-05,-0.05510765,-0.8859383,0.04942595,-0.0023778,0.00089158607,-0.0003688311,6.782543e-06,-5.303697e-05,0.0,0.0,0.026153523,-0.0026731887,0.87526214,-0.0022033998,5.9236456e-05,0.0024755169,-0.8992405,0.06663844,-0.0013413014,-9.038546e-05,-0.54095083,0.0072674495,0.10708063,0.0028008688,0.024698362
363,6,1,B,B,265,-0.3713036,-0.0073175533,0.8981876,8.31275e-05,4.8570274e-07,0.00020477637,-0.17351323,0.0004355613,0.89536583,6.8732834e-06,1.7537619e-05,-7.2096285e-05,0.00026234903,0.0018402813,7.9603196e-05,0.0020244396,0.0,0.011013826,0.0061616045,-0.0038716216,-0.009287189,-0.89057595,-0.8914684,-0.8851695,9.4978805e-06,-0.054589845,-0.89755857,0.04935826,-0.0023777364,0.0008004444,-0.00035802487,6.342878e-06,-5.1011368e-05,0.0,0.0,0.024854276,-0.0026508456,0.88596976,-0.0021991273,5.4152002e-05,0.002358513,-0.9090638,0.06663759,-0.0011842389,-8.769524e-05,0.9828785,0.0071821697,-0.94776183,0.0027992786,0.023895724
364,1,1,B,A,315,0.43393177,-0.0075175436,0.88680565,8.320403e-05,4.965414e-07,0.0002061424,-0.17351986,0.000436535,0.88443255,6.900648e-06,1.7537619e-05,-7.912034e-05,0.00026238363,0.0019801124,7.9682264e-05,0.0022142888,0.0,0.011043016,0.0061708726,-0.00389913,-0.009295825,-0.87935007,-0.88014024,-0.87462157,1.0724103e-05,-0.055120166,-0.8861221,0.04942673,-0.0023777985,0.00089493935,-0.00036914757,6.79737e-06,-5.3099087e-05,0.0,0.0,0.026195265,-0.0026737184,0.87544584,-0.0022034792,5.9417114e-05,0.0024792142,-0.89941806,0.066638455,-0.0013456302,-9.046262e-05,-0.5113631,0.0072695883,0.094803445,0.0028008928,0.024722297
365,1,1,B,A,282,0.44167018,-0.007401914,0.88707626,8.314839e-05,4.895101e-07,0.00020541834,-0.17351817,0.0004360539,0.8847161,6.88661e-06,1.7537619e-05,-7.4731855e-05,0.0002623697,0.0018940924,7.9645244e-05,0.0020959284,0.0,0.01102843,0.006166404,-0.0038844808,-0.009291799,-0.8796286,-0.8804182,-0.8748945,9.944441e-06,-0.054832358,-0.88639295,0.049398318,-0.002377777,0.0008351959,-0.0003626663,6.5187073e-06,-5.1861873e-05,0.0,0.0,0.025387157,-0.0026613984,0.87571883,-0.0022013455,5.6128913e-05,0.0024068651,-0.8996869,0.06663807,-0.0012654352,-8.8865076e-05,-0.5757827,0.0072214887,0.12211598,0.0028001643,0.024237495
366,1,1,B,A,347,0.47104245,-0.00758821,0.88677764,8.32171e-05,5.005397e-07,0.00020648105,-0.17352013,0.000436719,0.8844403,6.906616e-06,1.7537619e-05,-8.260101e-05,0.0002623867,0.0020447976,7.969447e-05,0.002307394,0.0,0.011048773,0.0061724647,-0.0039060644,-0.009297139,-0.8793148,-0.880107,-0.8745811,1.1382304e-05,-0.055264555,-0.88609475,0.04943709,-0.0023778027,0.0009443719,-0.0003732094,7.0043247e-06,-5.391815e-05,0.0,0.0,0.026761087,-0.0026797631,0.8754052,-0.002204278,6.2023995e-05,0.002529353,-0.89938456,0.06663851,-0.0014093064,-9.1467395e-05,-0.67988837,0.0072947615,0.19855575,0.0028011117,0.02503265
367,1,1,A,A,304,0.15904208,-0.0074848365,0.89903337,8.322469e-05,4.9551056e-07,0.00020595755,-0.1735175,0.00043642163,0.8963642,6.8971963e-06,1.7537619e-05,-7.775508e-05,0.000262381,0.0019538421,7.967406e-05,0.0021776268,0.0,0.011039535,0.0061698635,-0.0038953978,-0.0092949355,-0.8914141,-0.89231414,-0.8859616,1.0476257e-05,-0.055044822,-0.8984084,0.04941689,-0.0023777848,0.00087607023,-0.00036729724,6.7127216e-06,-5.2738884e-05,0.0,0.0,0.025954964,-0.0026705128,0.8867597,-0.0022029805,5.8394093e-05,0.0024575568,-0.90993327,0.06663876,-0.0012679201,-8.999526e-05,0.7022291,0.0072567584,-0.5138552,0.0028007368,0.02458278
368,4,1,B,B,272,-0.022145579,-0.00735477,0.89347017,8.315417e-05,4.8775104e-07,0.00020507057,-0.17351565,0.00043579334,0.8907343,6.87947e-06,1.7537619e-05,-7.32152e-05,0.00026235945,0.0018632998,7.96234e-05,0.0020548282,0.0,0.011020676,0.006163893,-0.0038775064,-0.009289407,-0.88590544,-0.8867591,-0.8807637,9.685673e-06,-0.05469988,-0.8928187,0.049376912,-0.0023777578,0.00081510463,-0.00036006488,6.4182573e-06,-5.138223e-05,0.0,0.0,0.025084732,-0.002655649,0.88157433,-0.0022001753,5.4991306e-05,0.0023793634,-0.9050549,0.066637896,-0.0012173753,-8.820859e-05,0.9034009,0.007199905,-0.74474627,0.00279971,0.024045479
369,6,1,B,B,307,-0.3140703,-0.007494268,0.8979018,8.3237355e-05,4.9684974e-07,0.00020601256,-0.17351784,0.00043645618,0.8950903,6.8982354e-06,1.7537619e-05,-7.813653e-05,0.00026238192,0.001961202,7.96766e-05,0.0021878972,0.0,0.011040591,0.0061701764,-0.0038965128,-0.009295212,-0.8902933,-0.8911837,-0.8849035,1.0544995e-05,-0.055067066,-0.8972711,0.049413152,-0.0023777864,0.00088131474,-0.00036782923,6.7365695e-06,-5.2841828e-05,0.0,0.0,0.026023168,-0.002671461,0.8857045,-0.0022031327,5.8678284e-05,0.0024635696,-0.9088328,0.0666388,-0.0012788068,-9.0104164e-05,0.9772772,0.0072605265,-0.9202709,0.0028007852,0.02462279
370,6,1,B,B,286,-0.33862132,-0.007418977,0.8977883,8.319988e-05,4.9216516e-07,0.0002055371,-0.1735168,0.00043613906,0.8949701,6.888997e-06,1.7537619e-05,-7.531214e-05,0.00026237263,0.0019056953,7.965215e-05,0.0021116813,0.0,0.011030979,0.006167227,-0.0038868955,-0.009292553,-0.89018303,-0.89107215,-0.88480186,1.0044853e-05,-0.054878403,-0.89715695,0.04939439,-0.0023777748,0.0008429502,-0.0003636131,6.556632e-06,-5.203879e-05,0.0,0.0,0.02549994,-0.0026633816,0.88560295,-0.0022017257,5.656215e-05,0.0024167316,-0.90873665,0.0666385,-0.0012349623,-8.906739e-05,0.9819014,0.0072290422,-0.9437883,0.0028003051,0.024307694
371,2,1,A,A,277,0.33320615,-0.007379178,0.89937866,8.31509e-05,4.885533e-07,0.0002052542,-0.17351541,0.00043593295,0.8968335,6.883265e-06,1.7537619e-05,-7.39848e-05,0.00026236515,0.0018789992,7.963521e-05,0.0020757273,0.0,0.011024819,0.006165253,-0.0038812035,-0.009290703,-0.8917593,-0.89266145,-0.8862902,9.816415e-06,-0.05476958,-0.89875495,0.049389068,-0.0023777608,0.00082526257,-0.00036140947,6.4695105e-06,-5.1629268e-05,0.0,0.0,0.025239721,-0.0026586738,0.8870877,-0.002200803,5.5569086e-05,0.0023934764,-0.9102849,0.066638224,-0.0012082126,-8.855094e-05,0.0015597246,0.007211207,-0.15374762,0.0027999573,0.024144549
372,2,1,B,A,263,0.30727825,-0.007306224,0.88933146,8.309991e-05,4.841409e-07,0.00020468349,-0.17351396,0.0004354861,0.88682604,6.8713043e-06,1.7537619e-05,-7.1767994e-05,0.00026234545,0.0018334932,7.959651e-05,0.0020154812,0.0,0.011011613,0.0061608497,-0.0038697473,-0.009286453,-0.88183564,-0.88264924,-0.8769518,9.443199e-06,-0.05455532,-0.88865936,0.049359955,-0.002377737,0.00079617073,-0.00035740572,6.3205334e-06,-5.089953e-05,0.0,0.0,0.024785377,-0.0026493385,0.8777719,-0.0021987862,5.3906948e-05,0.0023523865,-0.9015786,0.066637166,-0.0012041207,-8.756361e-05,0.11930063,0.0071766553,-0.20042045,0.002799134,0.023850419
373,6,1,A,B,302,0.6392006,-0.0074783205,0.903195,8.317558e-05,4.9319823e-07,0.00020591874,-0.17351668,0.00043639686,0.9009171,6.896458e-06,1.7537619e-05,-7.7496494e-05,0.0002623804,0.0019488749,7.967221e-05,0.0021706717,0.0,0.011038781,0.0061696465,-0.0038946178,-0.009294737,-0.8955584,-0.896489,-0.88989455,1.0429915e-05,-0.05502915,-0.9025907,0.049420986,-0.0023777743,0.0008725248,-0.0003669313,6.696494e-06,-5.2668325e-05,0.0,0.0,0.025908332,-0.0026698462,0.8906825,-0.0022028715,5.8202037e-05,0.0024537263,-0.913674,0.0666387,-0.0012428273,-8.992576e-05,-0.96852714,0.007254124,0.6710048,0.002800702,0.024555244
374,2,1,A,A,343,0.31841716,-0.0075810296,0.8997295,8.323679e-05,5.007947e-07,0.00020645076,-0.17351788,0.0004367041,0.89717185,6.906106e-06,1.7537619e-05,-8.2201695e-05,0.00026238651,0.0020375494,7.969355e-05,0.0022968194,0.0,0.011048301,0.0061723543,-0.003905468,-0.009297042,-0.8921004,-0.89300746,-0.8866063,1.1304792e-05,-0.055251375,-0.8991088,0.04943417,-0.002377789,0.00093858584,-0.00037279233,6.9813245e-06,-5.3832126e-05,0.0,0.0,0.026699873,-0.0026792097,0.8874022,-0.0022042142,6.172514e-05,0.0025237938,-0.9105571,0.0666389,-0.0013311729,-9.135738e-05,0.038835384,0.007292384,-0.17465743,0.0028010956,0.025000429
375,1,1,A,A,261,0.17319304,-0.0072945682,0.89842314,8.3099876e-05,4.836934e-07,0.00020458635,-0.17351203,0.00043540637,0.8957599,6.8692225e-06,1.7537619e-05,-7.143496e-05,0.00026234152,0.0018265698,7.9589365e-05,0.0020064407,0.0,0.011009275,0.0061600585,-0.0038678206,-0.009285666,-0.89080185,-0.8916989,-0.8853766,9.388028e-06,-0.05451957,-0.89779603,0.04935338,-0.0023777222,0.0007918424,-0.00035677015,6.29782e-06,-5.0785307e-05,0.0,0.0,0.02471511,-0.002647767,0.8861755,-0.002198425,5.365734e-05,0.0023459648,-0.9093836,0.066637225,-0.0011726611,-8.740395e-05,0.6620633,0.0071709277,-0.4884396,0.0027989785,0.023803947
376,0,1,B,A,264,0.5260857,-0.007311929,0.8855815,8.308105e-05,4.8380457e-07,0.00020473046,-0.17351502,0.0004355242,0.8833142,6.872306e-06,1.7537619e-05,-7.193296e-05,0.00026234728,0.0018369302,7.95999e-05,0.0020199544,0.0,0.011012734,0.006161223,-0.0038706795,-0.0092868265,-0.8781461,-0.8789254,-0.87349397,9.470631e-06,-0.054572705,-0.8848928,0.049364924,-0.0023777445,0.00079831906,-0.0003577173,6.331756e-06,-5.0955605e-05,0.0,0.0,0.02481998,-0.0026501,0.8743206,-0.0021989592,5.4030977e-05,0.002355663,-0.8983791,0.06663719,-0.0012183595,-8.764791e-05,-0.81997085,0.007179439,0.3433089,0.0027992076,0.023873217
377,2,1,A,B,291,0.33374116,-0.007438988,0.8997099,8.3183746e-05,4.921551e-07,0.00020567133,-0.17351677,0.00043623257,0.8971692,6.8916597e-06,1.7537619e-05,-7.601815e-05,0.0002623757,0.0019197837,7.9659585e-05,0.0021307694,0.0,0.011033796,0.0061681126,-0.0038896068,-0.009293364,-0.8920899,-0.8929943,-0.8866048,1.0168023e-05,-0.054930877,-0.8990879,0.049407672,-0.002377777,0.00085244025,-0.00036472743,6.6023263e-06,-5.224836e-05,0.0,0.0,0.025634639,-0.002665639,0.88740194,-0.0022021427,5.7093064e-05,0.0024290166,-0.91057694,0.06663858,-0.001237359,-8.9368776e-05,-0.040401533,0.0072377115,-0.13669367,0.0028004542,0.024390554
378,1,2,B,A,336,0.55407214,-0.007567438,0.88761306,8.320638e-05,4.9890775e-07,0.00020639073,-0.17351994,0.0004366736,0.8853595,6.9050798e-06,1.7537619e-05,-8.1481274e-05,0.00026238605,0.0020243756,7.9691636e-05,0.0022775268,0.0,0.011047334,0.0061720824,-0.0039042078,-0.009296834,-0.8801387,-0.88093764,-0.87535495,1.1166081e-05,-0.055225033,-0.8869337,0.049435765,-0.0023777965,0.0009282412,-0.0003720048,6.9392177e-06,-5.367054e-05,0.0,0.0,0.026586646,-0.0026781226,0.87617755,-0.0022040824,6.118585e-05,0.0025140224,-0.90013945,0.0666385,-0.0013842799,-9.1173846e-05,-0.88883203,0.007287764,0.43190107,0.0028010604,0.02493992
379,4,1,B,B,348,-0.045623228,-0.007589943,0.89355165,8.326406e-05,5.023948e-07,0.0002064882,-0.17351907,0.00043672253,0.8908092,6.9067355e-06,1.7537619e-05,-8.269871e-05,0.00026238675,0.0020465185,7.969469e-05,0.0023100341,0.0,0.011048886,0.006172504,-0.0039062265,-0.009297161,-0.88599294,-0.8868454,-0.8808526,1.1401405e-05,-0.055267777,-0.89289975,0.049431067,-0.002377793,0.0009457873,-0.00037331032,7.0099545e-06,-5.3939275e-05,0.0,0.0,0.026776025,-0.002679895,0.8816637,-0.002204293,6.209563e-05,0.0025302926,-0.9051384,0.066638805,-0.0013758369,-9.146836e-05,0.91535944,0.007295328,-0.76709384,0.0028011152,0.025040455
380,10,1,B,B,281,-0.77622634,-0.0073974943,0.90577036,8.318736e-05,4.9083974e-07,0.00020538697,-0.17351492,0.00043603108,0.90293646,6.885974e-06,1.7537619e-05,-7.458343e-05,0.00026236888,0.0018910794,7.9643374e-05,0.002091986,0.0,0.011027748,0.0061662095,-0.0038838875,-0.009291594,-0.89813256,-0.89908004,-0.89234686,9.91898e-06,-0.054820452,-0.90517855,0.04938299,-0.0023777585,0.000833213,-0.00036242284,6.5090258e-06,-5.1816798e-05,0.0,0.0,0.025358297,-0.002660876,0.89312804,-0.0022012433,5.6015375e-05,0.002403995,-0.91558355,0.06663846,-0.0011918894,-8.875886e-05,0.9977505,0.0072195106,-0.9977426,0.002800126,0.024219394
381,2,0,A,B,253,0.38694447,-0.0072444915,0.89802796,8.3033105e-05,4.800669e-07,0.0002041512,-0.1735088,0.00043503795,0.89552706,6.8597565e-06,1.7537619e-05,-7.0062306e-05,0.00026232176,0.001797808,7.955558e-05,0.0019690257,0.0,0.010998513,0.006156329,-0.0038591393,-0.009281937,-0.8904127,-0.891306,-0.8850109,9.162628e-06,-0.05436071,-0.8973991,0.04933051,-0.0023776859,0.000774126,-0.00035404923,6.203147e-06,-5.0300056e-05,0.0,0.0,0.024419557,-0.0026407815,0.8858112,-0.002196747,5.2628544e-05,0.0023192533,-0.9091072,0.066636205,-0.0011529516,-8.6740794e-05,-0.2622342,0.0071457163,-0.03922005,0.0027982318,0.023605714
382,10,1,B,B,303,-0.7717363,-0.007481602,0.9055573,8.3232764e-05,4.9615704e-07,0.00020593837,-0.1735165,0.0004364094,0.90272415,6.896831e-06,1.7537619e-05,-7.762588e-05,0.00026238072,0.0019513178,7.967315e-05,0.0021741858,0.0,0.011039163,0.0061697625,-0.0038950231,-0.009294838,-0.8979228,-0.8988677,-0.89214975,1.0453097e-05,-0.05503711,-0.9049639,0.049404897,-0.0023777736,0.00087429746,-0.00036711636,6.7046412e-06,-5.270395e-05,0.0,0.0,0.025931828,-0.0026701828,0.892932,-0.0022029267,5.8294827e-05,0.0024554136,-0.9154157,0.06663884,-0.0012347925,-8.9908885e-05,0.99767923,0.007255454,-0.9981478,0.0028007198,0.024569118
383,3,1,B,B,287,0.13385099,-0.0074230935,0.89158326,8.319416e-05,4.91735e-07,0.00020556517,-0.1735178,0.00043615882,0.88893706,6.889556e-06,1.7537619e-05,-7.54555e-05,0.0002623733,0.001908569,7.9653735e-05,0.002115532,0.0,0.0110315755,0.0061674137,-0.0038874482,-0.009292726,-0.8840417,-0.8848793,-0.8790103,1.0069702e-05,-0.05488924,-0.890923,0.049401145,-0.0023777792,0.0008448742,-0.00036384183,6.565922e-06,-5.208156e-05,0.0,0.0,0.02552741,-0.0026638522,0.8798248,-0.0022018144,5.667053e-05,0.0024192561,-0.9034555,0.06663841,-0.0012613398,-8.914256e-05,0.7002056,0.007230842,-0.52394176,0.002800337,0.02432469
384,2,1,B,A,309,0.31872684,-0.007500337,0.8894398,8.321162e-05,4.958961e-07,0.00020604725,-0.17351906,0.00043647765,0.8869339,6.8988857e-06,1.7537619e-05,-7.838743e-05,0.0002623824,0.0019660662,7.967816e-05,0.0021946027,0.0,0.011041249,0.006170364,-0.0038971985,-0.009295381,-0.88192856,-0.8827466,-0.8770256,1.0590347e-05,-0.055081066,-0.88876915,0.049422298,-0.0023777916,0.0008847769,-0.00036817216,6.752145e-06,-5.2908348e-05,0.0,0.0,0.02606748,-0.0026720613,0.8778444,-0.002203227,5.8867838e-05,0.0024677264,-0.9016413,0.066638544,-0.0013222902,-9.021771e-05,0.04356703,0.007262922,-0.17993464,0.002800815,0.024648624
385,3,1,B,B,277,0.1798884,-0.007379178,0.8908771,8.31654e-05,4.889758e-07,0.0002052542,-0.1735167,0.00043593295,0.88824356,6.883265e-06,1.7537619e-05,-7.39852e-05,0.00026236515,0.001878989,7.963521e-05,0.0020757134,0.0,0.011024819,0.0061652483,-0.003881188,-0.009290703,-0.8833272,-0.88416296,-0.8783202,9.816424e-06,-0.05476947,-0.89021575,0.04938762,-0.002377768,0.00082527206,-0.00036140918,6.4695105e-06,-5.162912e-05,0.0,0.0,0.025239734,-0.0026586738,0.8791359,-0.002200803,5.5568722e-05,0.0023933805,-0.90280336,0.06663807,-0.0012372994,-8.854514e-05,0.63219815,0.007211207,-0.4758791,0.0027999573,0.024144549
386,0,1,A,A,345,0.08395787,-0.00758467,0.89825267,8.326154e-05,5.019573e-07,0.00020646625,-0.17351824,0.0004367118,0.89554244,6.9063676e-06,1.7537619e-05,-8.2402235e-05,0.0002623866,0.0020411622,7.969403e-05,0.0023021607,0.0,0.011048544,0.0061724163,-0.0039057834,-0.0092970915,-0.89064133,-0.89153475,-0.88523275,1.1343687e-05,-0.055258192,-0.8976236,0.049431514,-0.002377791,0.0009414873,-0.00037300345,6.9929174e-06,-5.3875763e-05,0.0,0.0,0.026730798,-0.0026794923,0.88603264,-0.002204247,6.1874234e-05,0.002526322,-0.9092434,0.06663891,-0.0013439542,-9.1396345e-05,0.82603776,0.0072935955,-0.63354176,0.0028011042,0.025016747
387,1,1,A,A,332,0.1542336,-0.0075590443,0.89853686,8.3250394e-05,5.000543e-07,0.00020635195,-0.17351799,0.0004366532,0.8958614,6.904407e-06,1.7537619e-05,-8.105411e-05,0.0002623858,0.0020164507,7.969031e-05,0.0022661712,0.0,0.011046694,0.00617192,-0.0039034379,-0.009296691,-0.89091605,-0.89181376,-0.8854863,1.1084877e-05,-0.055208534,-0.89791024,0.049429644,-0.002377789,0.00092214317,-0.00037152108,6.9140488e-06,-5.3572552e-05,0.0,0.0,0.026518313,-0.0026774248,0.88628507,-0.0022039937,6.086522e-05,0.0025076251,-0.9094841,0.066638894,-0.0013185637,-9.103604e-05,0.7100077,0.0072848364,-0.52825296,0.0028010372,0.024902835
388,0,1,B,A,344,0.5291965,-0.007582863,0.8856134,8.321025e-05,4.998589e-07,0.0002064586,-0.17352024,0.00043670798,0.8833549,6.9062385e-06,1.7537619e-05,-8.2303326e-05,0.00026238654,0.0020394083,7.96938e-05,0.002299452,0.0,0.011048424,0.006172371,-0.0039055976,-0.009297067,-0.8781794,-0.8789579,-0.87352663,1.1324358e-05,-0.055254627,-0.8849245,0.049437407,-0.0023778041,0.0009400608,-0.0003728982,6.9871526e-06,-5.38537e-05,0.0,0.0,0.026715396,-0.0026793522,0.87435305,-0.0022042308,6.180121e-05,0.002525384,-0.8984108,0.0666385,-0.0014111319,-9.139417e-05,-0.84730536,0.007292995,0.36260378,0.0028011,0.025008641
389,0,1,B,A,338,0.52837974,-0.0075714593,0.8852804,8.3207924e-05,4.991627e-07,0.00020640888,-0.17352027,0.00043668292,0.88302505,6.9053917e-06,1.7537619e-05,-8.169072e-05,0.0002623862,0.0020282234,7.969223e-05,0.002283109,0.0,0.011047631,0.0061721588,-0.0039045743,-0.009296898,-0.87784886,-0.87862515,-0.8732142,1.1206188e-05,-0.055232886,-0.8845903,0.04943609,-0.0023778041,0.0009312423,-0.00037223723,6.9515013e-06,-5.3717893e-05,0.0,0.0,0.026619803,-0.0026784497,0.8740412,-0.002204123,6.1342565e-05,0.0025169523,-0.8981137,0.0666385,-0.0014002153,-9.123099e-05,-0.84171134,0.007289148,0.3630217,0.0028010712,0.024957765
390,1,2,A,A,329,0.06760299,-0.0075524286,0.9005629,8.3252795e-05,4.9991564e-07,0.0002063205,-0.1735178,0.00043663624,0.89785224,6.903856e-06,1.7537619e-05,-8.0727215e-05,0.00026238553,0.0020103708,7.9689205e-05,0.0022574363,0.0,0.011046162,0.0061717764,-0.0039027976,-0.009296573,-0.8929373,-0.8938486,-0.88740706,1.1023081e-05,-0.055195104,-0.8999449,0.04942751,-0.0023777864,0.0009174997,-0.00037114098,6.894621e-06,-5.3495805e-05,0.0,0.0,0.026465232,-0.0026768625,0.8882019,-0.0022039209,6.0620074e-05,0.0025028908,-0.91124856,0.0666389,-0.0013034928,-9.0937225e-05,0.81845886,0.0072824885,-0.6262648,0.0028010178,0.024873756
391,2,1,B,B,295,0.2859491,-0.0074540055,0.8897991,8.319519e-05,4.9316867e-07,0.00020576842,-0.17351843,0.00043629837,0.8872702,6.89356e-06,1.7537619e-05,-7.656808e-05,0.0002623777,0.0019306378,7.966472e-05,0.0021455835,0.0,0.011035787,0.006168721,-0.003891548,-0.009293923,-0.88228697,-0.8831073,-0.87736624,1.0264704e-05,-0.054969028,-0.8891301,0.049411498,-0.0023777857,0.00085988245,-0.00036556605,6.637556e-06,-5.2407147e-05,0.0,0.0,0.025737679,-0.0026672825,0.8781845,-0.0022024354,5.7504676e-05,0.0024382272,-0.90195674,0.06663846,-0.0012882847,-8.957411e-05,0.19337286,0.0072440784,-0.2422695,0.0028005561,0.024453128
392,2,0,B,B,337,0.21174027,-0.0075694635,0.8885277,8.32484e-05,5.0054075e-07,0.0002063999,-0.17351982,0.00043667838,0.8859444,6.9052376e-06,1.7537619e-05,-8.158621e-05,0.00026238614,0.0020262618,7.969194e-05,0.0022803415,0.0,0.011047485,0.0061721248,-0.003904399,-0.009296867,-0.88104004,-0.8818477,-0.8762016,1.1186144e-05,-0.05522902,-0.887852,0.049431857,-0.002377796,0.0009297439,-0.00037212178,6.9453818e-06,-5.369446e-05,0.0,0.0,0.026603322,-0.002678288,0.8770225,-0.002204103,6.126324e-05,0.0025151544,-0.9008425,0.066638686,-0.0013820793,-9.118589e-05,0.53026766,0.007288463,-0.4084229,0.0028010658,0.0249489
393,10,1,A,B,294,0.6568979,-0.00745033,0.9067302,8.3163184e-05,4.9151475e-07,0.00020574497,-0.1735157,0.00043628263,0.90445626,6.893103e-06,1.7537619e-05,-7.6431e-05,0.00026237723,0.0019279951,7.966349e-05,0.0021419432,0.0,0.011035309,0.0061685904,-0.0038911053,-0.009293791,-0.8990947,-0.9000481,-0.8932662,1.0240614e-05,-0.054959904,-0.9061438,0.049414292,-0.0023777694,0.0008580182,-0.00036536186,6.6288567e-06,-5.236848e-05,0.0,0.0,0.025712287,-0.0026668846,0.8940448,-0.0022023653,5.7403733e-05,0.0024361673,-0.9167656,0.06663866,-0.0012122535,-8.9538946e-05,-0.9757647,0.007242532,0.7176675,0.0028005324,0.024437804
394,4,1,A,B,338,0.538809,-0.0075714593,0.90176845,8.320891e-05,4.992031e-07,0.00020640888,-0.17351736,0.00043668292,0.8994015,6.9053917e-06,1.7537619e-05,-8.168956e-05,0.0002623862,0.0020282224,7.969223e-05,0.002283158,0.0,0.011047631,0.00617218,-0.00390461,-0.009296898,-0.89413816,-0.8950579,-0.8885469,1.1206099e-05,-0.055233072,-0.90115666,0.049435604,-0.002377786,0.00093121675,-0.0003722383,6.9514954e-06,-5.371835e-05,0.0,0.0,0.02661979,-0.0026784497,0.8893387,-0.002204123,6.1342565e-05,0.0025169551,-0.9124178,0.066638894,-0.0013125581,-9.123124e-05,-0.84436256,0.007289148,0.38511193,0.0028010712,0.024957765
395,1,2,A,A,307,0.013011288,-0.007494268,0.9003909,8.3234685e-05,4.964848e-07,0.00020601256,-0.17351742,0.00043645618,0.89764595,6.8982354e-06,1.7537619e-05,-7.813637e-05,0.00026238192,0.0019612138,7.96766e-05,0.002187902,0.0,0.011040591,0.006170177,-0.0038965165,-0.009295212,-0.8927567,-0.8936694,-0.8872282,1.0544994e-05,-0.055067133,-0.89977336,0.04941705,-0.0023777846,0.0008813113,-0.00036782955,6.7365695e-06,-5.2841915e-05,0.0,0.0,0.026023157,-0.002671461,0.8880223,-0.0022031327,5.867931e-05,0.002463595,-0.9110516,0.0666388,-0.0012658086,-9.0119305e-05,0.88527757,0.0072605265,-0.7094844,0.0028007852,0.02462279
396,4,1,B,B,347,-0.008717648,-0.00758821,0.8935149,8.326399e-05,5.0234183e-07,0.00020648105,-0.17351906,0.000436719,0.89078873,6.906616e-06,1.7537619e-05,-8.260056e-05,0.0002623867,0.0020447443,7.969447e-05,0.0023074232,0.0,0.011048773,0.0061724745,-0.0039060798,-0.009297139,-0.885951,-0.88680494,-0.8808084,1.1382247e-05,-0.055264626,-0.8928632,0.049430784,-0.002377793,0.00094436243,-0.00037320942,7.0043216e-06,-5.3918302e-05,0.0,0.0,0.026761105,-0.0026797631,0.88161886,-0.002204278,6.202208e-05,0.0025289722,-0.9050996,0.066638805,-0.0013712776,-9.144212e-05,0.8932688,0.0072947615,-0.7155452,0.0028011117,0.02503265
397,4,1,B,B,332,-0.02627107,-0.0075590443,0.8935199,8.3256935e-05,5.0052796e-07,0.00020635195,-0.17351902,0.0004366532,0.89078385,6.904407e-06,1.7537619e-05,-8.105454e-05,0.0002623858,0.0020164377,7.969031e-05,0.002266158,0.0,0.011046694,0.0061719185,-0.0039034272,-0.009296691,-0.8859638,-0.8868155,-0.88082725,1.1084879e-05,-0.0552084,-0.8928675,0.04942768,-0.0023777925,0.0009221515,-0.00037152084,6.9140488e-06,-5.35724e-05,0.0,0.0,0.02651832,-0.0026774248,0.88163847,-0.0022039937,6.0864575e-05,0.0025075634,-0.90512204,0.0666388,-0.001347546,-9.102724e-05,0.9124678,0.0072848364,-0.75251126,0.0028010372,0.024902835
398,0,1,B,A,315,0.5401622,-0.0075175436,0.885244,8.319279e-05,4.9599964e-07,0.0002061424,-0.17352,0.000436535,0.8830002,6.900648e-06,1.7537619e-05,-7.912047e-05,0.00026238363,0.0019801278,7.9682264e-05,0.002214283,0.0,0.011043016,0.0061708693,-0.0038991272,-0.009295825,-0.877815,-0.8785905,-0.8731833,1.0724125e-05,-0.055120163,-0.8845539,0.04942819,-0.0023778023,0.00089494116,-0.00036914757,6.797374e-06,-5.309903e-05,0.0,0.0,0.026195265,-0.0026737184,0.8740108,-0.0022034792,5.941748e-05,0.0024792964,-0.898089,0.06663845,-0.0013525583,-9.046794e-05,-0.8656752,0.0072695883,0.3929017,0.0028008928,0.024722297
399,2,1,A,B,256,0.3831685,-0.007263939,0.89954597,8.305092e-05,4.812427e-07,0.00020432359,-0.17351,0.00043518603,0.89704627,6.8635327e-06,1.7537619e-05,-7.058499e-05,0.00026233,0.0018088116,7.956931e-05,0.001983283,0.0,0.011002829,0.006157837,-0.0038625775,-0.009283454,-0.8919298,-0.892832,-0.886455,9.248055e-06,-0.05442331,-0.89892274,0.049340587,-0.0023776996,0.0007808498,-0.00035510398,6.239379e-06,-5.04874e-05,0.0,0.0,0.024533175,-0.0026435386,0.8872522,-0.0021974228,5.3020478e-05,0.0023295835,-0.91045356,0.06663663,-0.0011576411,-8.7000495e-05,-0.28882238,0.007155621,-0.02034205,0.0027985373,0.02368243
400,1,2,B,A,268,0.5322725,-0.007333956,0.887677,8.309707e-05,4.8509844e-07,0.00020490812,-0.1735156,0.0004356664,0.8853969,6.8760696e-06,1.7537619e-05,-7.2582065e-05,0.00026235386,0.0018503399,7.961242e-05,0.002037609,0.0,0.011016924,0.006162637,-0.0038742372,-0.009288203,-0.8801994,-0.8809999,-0.8754101,9.579068e-06,-0.05463885,-0.8869981,0.049374375,-0.0023777527,0.00080679485,-0.00035892258,6.3757143e-06,-5.117391e-05,0.0,0.0,0.024954993,-0.0026529909,0.8762326,-0.002199603,5.451766e-05,0.0023678965,-0.90018606,0.066637464,-0.0012246132,-8.794535e-05,-0.8370467,0.0071900594,0.36046374,0.0027994767,0.023961546
401,2,0,A,B,314,0.41623977,-0.0075147767,0.89829576,8.3203224e-05,4.9638794e-07,0.00020612743,-0.17351791,0.00043652614,0.8958286,6.9003727e-06,1.7537619e-05,-7.8999365e-05,0.00026238346,0.0019778186,7.968165e-05,0.002211089,0.0,0.011042741,0.006170805,-0.0038988497,-0.009295757,-0.89068055,-0.89157516,-0.88526744,1.0702003e-05,-0.055114154,-0.89766693,0.04942589,-0.0023777871,0.00089325063,-0.00036899056,6.789984e-06,-5.3068463e-05,0.0,0.0,0.026174497,-0.0026734564,0.88606703,-0.00220344,5.9327045e-05,0.0024773704,-0.9093554,0.06663875,-0.0012888254,-9.042408e-05,-0.47336206,0.0072685285,0.06286084,0.002800881,0.024710407
402,2,1,B,A,264,0.34959015,-0.007311929,0.88870203,8.309818e-05,4.843548e-07,0.00020473046,-0.17351444,0.0004355242,0.88623655,6.872306e-06,1.7537619e-05,-7.193289e-05,0.00026234728,0.0018369153,7.95999e-05,0.0020199616,0.0,0.011012734,0.006161228,-0.0038706837,-0.0092868265,-0.88122535,-0.88203084,-0.8763881,9.47061e-06,-0.054572713,-0.88802606,0.049363114,-0.0023777413,0.00079831696,-0.0003577173,6.331751e-06,-5.095569e-05,0.0,0.0,0.02481998,-0.0026501,0.8772094,-0.0021989592,5.4030625e-05,0.0023555576,-0.90106964,0.06663722,-0.0012107464,-8.764222e-05,-0.09196667,0.007179439,-0.11549923,0.0027992076,0.023873217
403,3,1,A,B,343,0.43468627,-0.0075810296,0.9004414,8.32183e-05,5.0017394e-07,0.00020645076,-0.17351788,0.0004367041,0.8979808,6.906106e-06,1.7537619e-05,-8.2201645e-05,0.00026238651,0.0020375687,7.969355e-05,0.002296818,0.0,0.011048301,0.0061723553,-0.0039054707,-0.009297042,-0.8928105,-0.8937225,-0.88728195,1.130479e-05,-0.055251375,-0.8998242,0.049435705,-0.0023777885,0.00093858445,-0.0003727926,6.9813245e-06,-5.3832155e-05,0.0,0.0,0.026699858,-0.0026792097,0.88807625,-0.0022042142,6.172566e-05,0.0025239596,-0.91121393,0.0666389,-0.0013271736,-9.1364054e-05,-0.5386694,0.007292384,0.1048574,0.0028010956,0.025000429
404,3,1,B,B,275,0.1478237,-0.007369621,0.8913722,8.316025e-05,4.884193e-07,0.0002051832,-0.17351647,0.00043587945,0.8887228,6.881804e-06,1.7537619e-05,-7.36801e-05,0.00026236303,0.0018727875,7.9630736e-05,0.0020674386,0.0,0.011023231,0.006164731,-0.003879763,-0.009290211,-0.8838333,-0.88466907,-0.8788141,9.764457e-06,-0.054742474,-0.89071065,0.049384072,-0.002377765,0.00082123524,-0.0003608823,6.449261e-06,-5.15321e-05,0.0,0.0,0.025178663,-0.002657502,0.8796292,-0.002200563,5.534002e-05,0.0023878654,-0.9032724,0.066638,-0.0012319017,-8.841495e-05,0.71023047,0.0072068144,-0.5285003,0.0027998635,0.02410568
405,3,1,B,B,318,0.14215235,-0.0075256135,0.89167804,8.324108e-05,4.9806664e-07,0.00020618539,-0.17351899,0.00043656025,0.88902783,6.9014345e-06,1.7537619e-05,-7.947645e-05,0.00026238416,0.0019868563,7.968403e-05,0.0022238723,0.0,0.011043798,0.0061711054,-0.0039000167,-0.009296016,-0.88414377,-0.88497955,-0.8791144,1.0789652e-05,-0.055138063,-0.8910166,0.04942454,-0.0023777918,0.00089990447,-0.0003696067,6.8191584e-06,-5.318971e-05,0.0,0.0,0.026256355,-0.002674472,0.8799292,-0.0022035898,5.968309e-05,0.0024843893,-0.9035606,0.066638745,-0.0013304071,-9.0562564e-05,0.7254939,0.0072726463,-0.5384812,0.0028009252,0.024757065
406,4,1,B,B,350,0.0011209762,-0.0075933337,0.893647,8.326457e-05,5.025772e-07,0.00020650204,-0.17351907,0.0004367291,0.89091593,6.906966e-06,1.7537619e-05,-8.289298e-05,0.0002623868,0.0020500203,7.969509e-05,0.002315208,0.0,0.011049097,0.006172559,-0.0039065126,-0.009297204,-0.8860829,-0.88693774,-0.8809337,1.1439475e-05,-0.055273943,-0.892996,0.049431752,-0.0023777932,0.0009486138,-0.00037350823,7.021082e-06,-5.3980468e-05,0.0,0.0,0.026805433,-0.0026801494,0.8817442,-0.0022043216,6.224114e-05,0.002532874,-0.9052216,0.066638805,-0.0013783084,-9.1517904e-05,0.8988197,0.00729643,-0.72865564,0.0028011217,0.02505576
407,0,1,A,A,290,0.12166315,-0.0074350983,0.89764124,8.320395e-05,4.9262786e-07,0.00020564567,-0.17351705,0.0004362149,0.89494294,6.8911545e-06,1.7537619e-05,-7.587874e-05,0.00026237516,0.0019169976,7.965819e-05,0.0021270006,0.0,0.011033263,0.0061679445,-0.0038890848,-0.009293213,-0.8900263,-0.8909172,-0.8846428,1.01436e-05,-0.054920815,-0.89701056,0.049404133,-0.002377778,0.00085056335,-0.00036451026,6.5933364e-06,-5.220737e-05,0.0,0.0,0.025608247,-0.002665206,0.8854439,-0.0022020643,5.6987927e-05,0.0024264925,-0.9086935,0.06663857,-0.001242496,-8.930619e-05,0.7884271,0.0072360425,-0.5923318,0.0028004267,0.024374401
408,2,0,B,B,300,0.1984379,-0.0074716187,0.8885291,8.321636e-05,4.946328e-07,0.00020587817,-0.17351909,0.00043637076,0.88592577,6.895681e-06,1.7537619e-05,-7.723603e-05,0.00026237973,0.001943726,7.9670244e-05,0.0021636,0.0,0.011037983,0.006169389,-0.003893767,-0.009294524,-0.8810375,-0.8818457,-0.8761954,1.0383245e-05,-0.055012733,-0.8878539,0.049414683,-0.0023777885,0.00086897233,-0.00036655343,6.679999e-06,-5.2595646e-05,0.0,0.0,0.025860813,-0.0026691516,0.8770161,-0.002202756,5.8004818e-05,0.0024491525,-0.9008318,0.0666385,-0.0013038167,-8.981316e-05,0.6100482,0.007251389,-0.45720702,0.002800664,0.024526987
409,0,1,A,A,330,0.04706619,-0.007554665,0.89814705,8.3254345e-05,5.001205e-07,0.00020633121,-0.17351814,0.00043664203,0.8954158,6.904044e-06,1.7537619e-05,-8.0836944e-05,0.0002623856,0.0020124097,7.9689584e-05,0.0022603606,0.0,0.011046344,0.006171823,-0.003903013,-0.009296614,-0.89052755,-0.89142245,-0.8851173,1.1043773e-05,-0.055199657,-0.8975189,0.04942777,-0.002377789,0.00091905816,-0.0003712691,6.9011503e-06,-5.3521617e-05,0.0,0.0,0.02648311,-0.002677054,0.8859169,-0.0022039458,6.0702154e-05,0.0025044652,-0.90911245,0.066638894,-0.0013191033,-9.0968686e-05,0.86738014,0.0072832857,-0.6865437,0.0028010246,0.024883574
410,10,1,B,B,256,-0.76411736,-0.007263939,0.9059048,8.30792e-05,4.823036e-07,0.00020432359,-0.17350912,0.00043518603,0.90307593,6.8635327e-06,1.7537619e-05,-7.058471e-05,0.00026233,0.0018087828,7.956931e-05,0.0019833029,0.0,0.011002829,0.0061578457,-0.0038625903,-0.009283454,-0.89826065,-0.8992111,-0.8924644,9.24802e-06,-0.054423332,-0.9053152,0.049329985,-0.0023776942,0.00078084605,-0.00035510483,6.239379e-06,-5.0487542e-05,0.0,0.0,0.02453321,-0.0026435386,0.89324415,-0.0021974228,5.301841e-05,0.0023294156,-0.91567457,0.06663681,-0.0011384558,-8.6967346e-05,0.99144983,0.007155621,-0.9780611,0.0027985373,0.023682447
411,0,1,B,A,343,0.5310667,-0.0075810296,0.88546455,8.321061e-05,4.9981145e-07,0.00020645076,-0.17352024,0.0004367041,0.88321006,6.906106e-06,1.7537619e-05,-8.220276e-05,0.00026238651,0.0020375785,7.969355e-05,0.0022967735,0.0,0.011048301,0.006172337,-0.0039054349,-0.009297042,-0.878036,-0.87881285,-0.87339556,1.1304875e-05,-0.055251185,-0.8847747,0.04943706,-0.0023778041,0.00093860866,-0.0003727917,6.981329e-06,-5.383172e-05,0.0,0.0,0.026699873,-0.0026792097,0.8742226,-0.0022042142,6.172592e-05,0.0025240094,-0.89829147,0.0666385,-0.0014092278,-9.136721e-05,-0.84422857,0.007292384,0.36158642,0.0028010956,0.025000429
412,10,1,B,B,304,-0.76661944,-0.0074848365,0.9057749,8.323419e-05,4.963603e-07,0.00020595755,-0.17351642,0.00043642163,0.9029413,6.8971963e-06,1.7537619e-05,-7.775459e-05,0.000262381,0.0019538172,7.967406e-05,0.0021776538,0.0,0.011039535,0.006169874,-0.0038954136,-0.0092949355,-0.89813757,-0.89908516,-0.89235234,1.0476198e-05,-0.055044852,-0.90518326,0.049405605,-0.0023777736,0.0008760617,-0.00036729846,6.7127216e-06,-5.273912e-05,0.0,0.0,0.02595501,-0.0026705128,0.89313346,-0.0022029805,5.8391237e-05,0.0024574837,-0.9155906,0.06663885,-0.0012337179,-8.995353e-05,0.9976059,0.0072567584,-0.99805623,0.0028007368,0.024582803
413,10,1,B,B,333,-0.7727127,-0.0075611877,0.90592,8.326071e-05,5.011283e-07,0.00020636198,-0.17351696,0.00043665848,0.903087,6.904582e-06,1.7537619e-05,-8.116113e-05,0.00026238587,0.0020184137,7.969067e-05,0.0022690792,0.0,0.01104686,0.0061719785,-0.0039036614,-0.009296729,-0.8982828,-0.89923126,-0.89249057,1.110523e-05,-0.05521287,-0.90532947,0.049418163,-0.002377778,0.0009236648,-0.0003716459,6.9204184e-06,-5.3597785e-05,0.0,0.0,0.026535707,-0.0026776046,0.8932713,-0.002204017,6.0942435e-05,0.0025090757,-0.91571623,0.06663894,-0.0012807694,-9.101989e-05,0.9977231,0.007285589,-0.9983249,0.002801043,0.024912298
414,1,2,A,A,331,0.025842955,-0.00755687,0.90072095,8.325549e-05,5.0031406e-07,0.0002063417,-0.17351782,0.00043664768,0.8979919,6.9042276e-06,1.7537619e-05,-8.094577e-05,0.00026238567,0.0020144316,7.9689955e-05,0.0022632813,0.0,0.011046521,0.006171875,-0.0039032318,-0.009296654,-0.8931019,-0.894012,-0.8875696,1.1064363e-05,-0.055204157,-0.9001035,0.049427666,-0.0023777874,0.00092060154,-0.00037139628,6.907626e-06,-5.354729e-05,0.0,0.0,0.026500802,-0.0026772413,0.8883642,-0.0022039702,6.0783612e-05,0.0025060263,-0.911402,0.0666389,-0.0013083066,-9.099826e-05,0.86895967,0.007284068,-0.6911186,0.002801031,0.024893265
415,2,1,A,A,284,0.30522814,-0.0074105663,0.8998907,8.3170125e-05,4.904638e-07,0.00020547908,-0.17351612,0.00043609767,0.89732325,6.8878335e-06,1.7537619e-05,-7.502348e-05,0.00026237126,0.0018999497,7.96488e-05,0.002103868,0.0,0.011029739,0.0061668362,-0.0038857288,-0.009292188,-0.8922688,-0.89317477,-0.88677335,9.994843e-06,-0.05485594,-0.8992698,0.04939932,-0.0023777694,0.0008390834,-0.0003631463,6.5378244e-06,-5.195152e-05,0.0,0.0,0.025444098,-0.0026624107,0.8875696,-0.0022015413,5.6347624e-05,0.0024118894,-0.9107232,0.06663844,-0.001222855,-8.897896e-05,0.120009206,0.0072253374,-0.21672004,0.0028002372,0.024273045
416,1,1,A,A,345,0.18475606,-0.00758467,0.8986846,8.3255574e-05,5.015796e-07,0.00020646625,-0.17351806,0.0004367118,0.8960306,6.9063676e-06,1.7537619e-05,-8.2402184e-05,0.0002623866,0.0020411746,7.969403e-05,0.0023021626,0.0,0.011048544,0.0061724163,-0.0039057848,-0.0092970915,-0.89106333,-0.8919619,-0.8856253,1.1343686e-05,-0.055258192,-0.89805907,0.049432784,-0.0023777892,0.00094148604,-0.00037300366,6.9929174e-06,-5.3875767e-05,0.0,0.0,0.02673079,-0.0026794923,0.886424,-0.002204247,6.18747e-05,0.0025263766,-0.9096184,0.06663891,-0.0013401593,-9.1402086e-05,0.6300352,0.0072935955,-0.4648086,0.0028011042,0.025016747
417,2,1,B,B,316,0.29927483,-0.0075202715,0.8891432,8.322534e-05,4.9727896e-07,0.00020615706,-0.17351957,0.00043654363,0.8866253,6.900917e-06,1.7537619e-05,-7.923975e-05,0.0002623838,0.0019823718,7.968288e-05,0.002217507,0.0,0.011043284,0.0061709555,-0.003899434,-0.009295891,-0.8816465,-0.8824596,-0.8767702,1.0746028e-05,-0.05512626,-0.88847077,0.049425546,-0.002377793,0.0008966008,-0.00036930275,6.804692e-06,-5.3129705e-05,0.0,0.0,0.026215829,-0.0026739752,0.8775902,-0.0022035171,5.950619e-05,0.0024808883,-0.90140206,0.066638604,-0.0013374134,-9.049452e-05,0.16355997,0.0072706277,-0.23036309,0.0028009042,0.024734035
418,1,2,B,A,258,0.54557157,-0.007276452,0.8877071,8.30501e-05,4.8156835e-07,0.00020443222,-0.17351261,0.00043527797,0.8854481,6.8658956e-06,1.7537619e-05,-7.092855e-05,0.0002623349,0.0018160148,7.957772e-05,0.0019926145,0.0,0.011005513,0.0061587547,-0.0038647251,-0.009284384,-0.88024783,-0.88104355,-0.87547356,9.304424e-06,-0.054462872,-0.8870264,0.049348548,-0.0023777192,0.0007852873,-0.00035578373,6.2630447e-06,-5.060849e-05,0.0,0.0,0.024607044,-0.0026452832,0.87629694,-0.002197841,5.3278036e-05,0.0023363598,-0.9002637,0.066636674,-0.0011951673,-8.7172295e-05,-0.856781,0.0071619176,0.39678454,0.0027987233,0.023731971
419,2,0,B,A,303,0.20214354,-0.007481602,0.88851416,8.322072e-05,4.9525016e-07,0.00020593837,-0.17351921,0.0004364094,0.8859229,6.896831e-06,1.7537619e-05,-7.762696e-05,0.00026238072,0.001951344,7.967315e-05,0.0021741337,0.0,0.011039163,0.006169742,-0.0038949861,-0.009294838,-0.8810288,-0.88183576,-0.87619287,1.045317e-05,-0.05503692,-0.88783854,0.049416814,-0.0023777897,0.0008743189,-0.00036711487,6.7046412e-06,-5.2703555e-05,0.0,0.0,0.025931781,-0.0026701828,0.8770141,-0.0022029267,5.8297715e-05,0.0024554948,-0.9008339,0.0666385,-0.0013120377,-8.995097e-05,0.5615026,0.007255454,-0.43491027,0.0028007198,0.024569096
420,0,1,B,A,347,0.51304036,-0.00758821,0.88550127,8.321187e-05,5.00201e-07,0.00020648105,-0.1735203,0.000436719,0.8832257,6.906616e-06,1.7537619e-05,-8.2601226e-05,0.0002623867,0.0020448074,7.969447e-05,0.0023073868,0.0,0.011048773,0.006172463,-0.0039060602,-0.009297139,-0.87806773,-0.8788455,-0.8734201,1.1382329e-05,-0.055264547,-0.8848121,0.049437813,-0.0023778048,0.0009443742,-0.0003732094,7.0043297e-06,-5.3918087e-05,0.0,0.0,0.026761087,-0.0026797631,0.8742471,-0.002204278,6.202423e-05,0.002529406,-0.8983057,0.0666385,-0.0014178025,-9.147068e-05,-0.81695086,0.0072947615,0.31771937,0.0028011117,0.02503265
421,2,1,A,A,312,0.32148537,-0.007509123,0.89958,8.321503e-05,4.964219e-07,0.00020609639,-0.17351766,0.00043650754,0.8970272,6.8997997e-06,1.7537619e-05,-7.875659e-05,0.00026238308,0.0019731666,7.968031e-05,0.0022045712,0.0,0.011042169,0.00617064,-0.0038982204,-0.009295615,-0.89195895,-0.8928627,-0.88647896,1.0657619e-05,-0.05510139,-0.8989575,0.049423683,-0.0023777867,0.0008898798,-0.0003686699,6.7750348e-06,-5.3005642e-05,0.0,0.0,0.026132334,-0.0026729153,0.8872754,-0.0022033588,5.9144888e-05,0.0024735152,-0.9104543,0.06663881,-0.0012800237,-9.034079e-05,0.037161108,0.0072663506,-0.17235598,0.002800856,0.024686163
422,2,1,B,A,278,0.31651023,-0.007383855,0.888927,8.315464e-05,4.888741e-07,0.00020528851,-0.17351718,0.00043595853,0.88643044,6.8839686e-06,1.7537619e-05,-7.413643e-05,0.0002623661,0.0018820618,7.9637364e-05,0.0020798042,0.0,0.0110255815,0.0061654923,-0.0038818726,-0.009290936,-0.8814373,-0.8822474,-0.8765783,9.842246e-06,-0.054782562,-0.88825285,0.049390804,-0.0023777706,0.000827276,-0.00036166745,6.479512e-06,-5.1676758e-05,0.0,0.0,0.0252698,-0.0026592417,0.87739843,-0.0022009178,5.5682358e-05,0.0023961763,-0.9012304,0.06663797,-0.0012472883,-8.861371e-05,0.06771378,0.007213343,-0.18491359,0.002800002,0.024163615
423,3,1,A,B,291,0.45410144,-0.007438988,0.90044886,8.316734e-05,4.916802e-07,0.00020567133,-0.17351653,0.00043623257,0.89800423,6.8916597e-06,1.7537619e-05,-7.601814e-05,0.0002623757,0.0019197979,7.9659585e-05,0.0021307683,0.0,0.011033796,0.006168114,-0.0038896073,-0.009293364,-0.8928155,-0.89372826,-0.8872838,1.0168023e-05,-0.054930877,-0.89983207,0.049409106,-0.0023777743,0.0008524395,-0.00036472757,6.6023263e-06,-5.224837e-05,0.0,0.0,0.025634635,-0.002665639,0.8880781,-0.0022021427,5.7093417e-05,0.0024291303,-0.91121566,0.06663857,-0.0012348567,-8.937407e-05,-0.61541516,0.0072377115,0.1563393,0.0028004542,0.024390554
424,4,1,B,B,261,0.011261236,-0.0072945682,0.89342123,8.31051e-05,4.8396805e-07,0.00020458635,-0.17351288,0.00043540637,0.8907,6.8692225e-06,1.7537619e-05,-7.1435206e-05,0.00026234152,0.0018265636,7.9589365e-05,0.0020064334,0.0,0.011009275,0.0061600553,-0.0038678134,-0.009285666,-0.8858612,-0.8867136,-0.8807262,9.38803e-06,-0.054519486,-0.8927687,0.04935184,-0.002377727,0.0007918471,-0.00035676998,6.29782e-06,-5.0785216e-05,0.0,0.0,0.024715126,-0.002647767,0.8815373,-0.002198425,5.365702e-05,0.0023459303,-0.9050315,0.066637106,-0.0011882578,-8.739843e-05,0.8839487,0.0071709277,-0.70713943,0.0027989785,0.023803947
425,1,2,B,A,284,0.52132803,-0.0074105663,0.8882083,8.314622e-05,4.8968e-07,0.00020547908,-0.1735181,0.00043609767,0.8859182,6.8878335e-06,1.7537619e-05,-7.5024e-05,0.00026237126,0.0018999709,7.96488e-05,0.0021038402,0.0,0.011029739,0.0061668265,-0.0038857048,-0.009292188,-0.88072467,-0.88152915,-0.87590456,9.994863e-06,-0.054855794,-0.88753164,0.049401946,-0.0023777785,0.00083909585,-0.00036314598,6.5378244e-06,-5.195129e-05,0.0,0.0,0.02544409,-0.0026624107,0.8767262,-0.0022015413,5.6348108e-05,0.0024120396,-0.9006503,0.06663811,-0.0012668942,-8.8986766e-05,-0.8269659,0.0072253374,0.34504658,0.0028002372,0.024273045
426,2,0,B,B,306,0.18148127,-0.0074911686,0.88868636,8.3225284e-05,4.958303e-07,0.00020599464,-0.17351936,0.000436445,0.88607687,6.897897e-06,1.7537619e-05,-7.8010744e-05,0.00026238165,0.0019587842,7.967578e-05,0.0021844676,0.0,0.011040249,0.0061700665,-0.0038961286,-0.009295123,-0.88119423,-0.8820035,-0.8763441,1.05222e-05,-0.055059668,-0.8880116,0.049418777,-0.0023777909,0.0008795871,-0.0003676541,6.728685e-06,-5.280775e-05,0.0,0.0,0.026000652,-0.0026711517,0.8771649,-0.0022030836,5.858524e-05,0.0024616416,-0.9009672,0.06663858,-0.001318201,-9.008377e-05,0.6344761,0.007259294,-0.4705557,0.0028007694,0.024609623
427,3,1,A,B,298,0.44665253,-0.0074647237,0.90069693,8.31793e-05,4.932184e-07,0.00020583573,-0.17351696,0.000436343,0.89825606,6.8948643e-06,1.7537619e-05,-7.697069e-05,0.00026237898,0.001938576,7.966815e-05,0.0021564856,0.0,0.01103714,0.006169143,-0.0038929314,-0.009294296,-0.89307684,-0.8939872,-0.8875443,1.0336114e-05,-0.05499594,-0.90007883,0.049415708,-0.0023777792,0.0008653477,-0.0003661669,6.663229e-06,-5.2521806e-05,0.0,0.0,0.02581228,-0.0026684275,0.88833916,-0.002202633,5.780724e-05,0.00244506,-0.91148484,0.06663867,-0.0012485129,-8.972912e-05,-0.5982167,0.007248548,0.1450749,0.0028006234,0.02449801
428,2,0,B,B,257,0.21050835,-0.00727024,0.88843787,8.307373e-05,4.8204953e-07,0.00020437854,-0.173512,0.00043523262,0.8858547,6.8647287e-06,1.7537619e-05,-7.075747e-05,0.0002623325,0.0018124112,7.957359e-05,0.0019879604,0.0,0.011004189,0.0061583007,-0.003863656,-0.009283926,-0.8809514,-0.88175803,-0.8761177,9.276304e-06,-0.05444324,-0.88776237,0.049342446,-0.0023777145,0.0007830783,-0.00035544604,6.251261e-06,-5.0548242e-05,0.0,0.0,0.024570297,-0.00264442,0.8769387,-0.002197635,5.3149204e-05,0.0023328497,-0.9007617,0.066636585,-0.001189773,-8.707966e-05,0.5242145,0.007158799,-0.41013518,0.0027986325,0.023707356
429,2,0,B,B,310,0.18357024,-0.007503307,0.88884485,8.32313e-05,4.966285e-07,0.00020606401,-0.17351946,0.0004364879,0.8862364,6.899198e-06,1.7537619e-05,-7.851148e-05,0.00026238264,0.0019684364,7.96789e-05,0.0021979397,0.0,0.011041564,0.006170456,-0.0038975396,-0.009295461,-0.8813543,-0.882164,-0.87649786,1.0612874e-05,-0.055087928,-0.8881708,0.049421135,-0.0023777918,0.00088649296,-0.0003683402,6.759837e-06,-5.2941083e-05,0.0,0.0,0.026089326,-0.0026723517,0.87731874,-0.0022032722,5.896034e-05,0.0024695399,-0.90111905,0.066638604,-0.0013256832,-9.02526e-05,0.6420816,0.007264086,-0.47552705,0.0028008295,0.024661297
430,3,1,B,B,348,0.15132725,-0.007589943,0.8912482,8.3258565e-05,5.019803e-07,0.0002064882,-0.17351915,0.00043672253,0.8886023,6.9067355e-06,1.7537619e-05,-8.269889e-05,0.00026238675,0.0020465283,7.969469e-05,0.0023100274,0.0,0.011048886,0.006172502,-0.0039062225,-0.009297161,-0.8837192,-0.8845518,-0.8787145,1.1401409e-05,-0.055267766,-0.89058566,0.049433213,-0.0023777934,0.0009457908,-0.00037331032,7.0099545e-06,-5.3939257e-05,0.0,0.0,0.026776016,-0.002679895,0.8795302,-0.002204293,6.209624e-05,0.0025303373,-0.9031896,0.066638775,-0.0013869816,-9.1476366e-05,0.72327644,0.007295328,-0.533945,0.0028011152,0.025040455
431,0,1,A,A,288,0.07427505,-0.007427152,0.89798605,8.3200954e-05,4.9223604e-07,0.00020559263,-0.1735169,0.00043617803,0.89526343,6.8901018e-06,1.7537619e-05,-7.559719e-05,0.00026237397,0.0019113952,7.965526e-05,0.0021193884,0.0,0.011032152,0.006167597,-0.003888014,-0.009292894,-0.89036965,-0.8912634,-0.8849694,1.0094438e-05,-0.05490006,-0.89735687,0.049401388,-0.0023777757,0.0008467751,-0.00036406788,6.575135e-06,-5.2124073e-05,0.0,0.0,0.025554629,-0.002664313,0.88576996,-0.0022019001,5.6776844e-05,0.0024216725,-0.9089854,0.06663854,-0.0012378644,-8.9195535e-05,0.84555984,0.0072326083,-0.66361135,0.0028003678,0.024341473
432,1,2,A,A,299,-0.026514325,-0.0074681956,0.90095854,8.322326e-05,4.948652e-07,0.0002058572,-0.17351677,0.00043635708,0.8982016,6.8952777e-06,1.7537619e-05,-7.710342e-05,0.00026237936,0.001941137,7.9669204e-05,0.002160074,0.0,0.011037568,0.0061692744,-0.0038933677,-0.009294411,-0.8933272,-0.89424235,-0.88777333,1.0359723e-05,-0.055004533,-0.90034324,0.049411103,-0.0023777785,0.00086715794,-0.00036636178,6.671648e-06,-5.255906e-05,0.0,0.0,0.025836684,-0.0026687935,0.8885669,-0.0022026955,5.7905392e-05,0.0024469427,-0.9115538,0.06663873,-0.0012494909,-8.97575e-05,0.9081938,0.0072499816,-0.75266325,0.0028006441,0.02451259
433,6,1,A,B,323,0.6407925,-0.0075383224,0.9031701,8.31963e-05,4.9666914e-07,0.00020625092,-0.17351711,0.00043659777,0.90089095,6.9026196e-06,1.7537619e-05,-8.005488e-05,0.00026238486,0.0019978604,7.9686615e-05,0.0022394324,0.0,0.011044961,0.0061714505,-0.0039013787,-0.009296294,-0.8955283,-0.8964601,-0.889862,1.0897086e-05,-0.05516561,-0.9025662,0.049432434,-0.0023777792,0.0009080065,-0.0003703332,6.8543054e-06,-5.3333923e-05,0.0,0.0,0.026354117,-0.0026756274,0.8906498,-0.0022037532,6.0118833e-05,0.002493459,-0.913633,0.066638835,-0.0012798501,-9.076619e-05,-0.96835786,0.0072773756,0.6720106,0.002800972,0.02481214
434,2,1,A,A,296,0.31907505,-0.0074576293,0.8997846,8.319641e-05,4.9340747e-07,0.00020579137,-0.17351696,0.0004363137,0.8972296,6.8940067e-06,1.7537619e-05,-7.670278e-05,0.00026237813,0.0019332975,7.966589e-05,0.0021492569,0.0,0.011036252,0.0061688693,-0.0038920322,-0.009294051,-0.89215887,-0.8930653,-0.88666517,1.0288601e-05,-0.054978285,-0.89916384,0.049412232,-0.00237778,0.0008617054,-0.0003657692,6.6461835e-06,-5.2445932e-05,0.0,0.0,0.025762798,-0.0026676722,0.8874614,-0.0022025032,5.7605976e-05,0.0024404721,-0.91061866,0.06663867,-0.0012477105,-8.962424e-05,0.034902945,0.0072455974,-0.16952376,0.0028005794,0.024468279
435,0,1,B,A,342,0.52164805,-0.0075791697,0.8856452,8.3209336e-05,4.996116e-07,0.00020644277,-0.17352027,0.00043670007,0.8833854,6.9059697e-06,1.7537619e-05,-8.2101615e-05,0.00026238646,0.0020357382,7.969331e-05,0.002294074,0.0,0.0110481735,0.006172304,-0.0039052712,-0.009297014,-0.87822014,-0.87899673,-0.87357414,1.1285307e-05,-0.05524767,-0.8849556,0.049437016,-0.0023778041,0.0009371499,-0.00037268375,6.975464e-06,-5.3809486e-05,0.0,0.0,0.026684182,-0.002679064,0.87440103,-0.0022041968,6.165022e-05,0.0025226315,-0.8984614,0.0666385,-0.0014075696,-9.134137e-05,-0.84119326,0.0072917617,0.3465123,0.0028010907,0.024992114
436,0,1,B,A,347,0.5143105,-0.00758821,0.8852582,8.321217e-05,5.002179e-07,0.00020648105,-0.17352031,0.000436719,0.88298774,6.906616e-06,1.7537619e-05,-8.260122e-05,0.0002623867,0.002044808,7.969447e-05,0.0023073873,0.0,0.011048773,0.0061724614,-0.0039060598,-0.009297139,-0.8778276,-0.87860346,-0.87319404,1.1382329e-05,-0.055264547,-0.88456815,0.049437772,-0.0023778046,0.00094437436,-0.0003732094,7.0043316e-06,-5.3918095e-05,0.0,0.0,0.026761081,-0.0026797631,0.8740215,-0.002204278,6.2024235e-05,0.002529404,-0.8980915,0.0666385,-0.0014178695,-9.147051e-05,-0.8112436,0.0072947615,0.32222828,0.0028011117,0.02503265
437,6,1,A,B,314,0.6420819,-0.0075147767,0.9032588,8.318903e-05,4.953037e-07,0.00020612743,-0.17351696,0.00043652614,0.9009814,6.9003727e-06,1.7537619e-05,-7.8998935e-05,0.00026238346,0.0019778474,7.968165e-05,0.0022110986,0.0,0.011042741,0.0061708163,-0.0038988597,-0.009295757,-0.8956192,-0.89655066,-0.88994926,1.0701974e-05,-0.05511413,-0.9026555,0.049428474,-0.002377777,0.00089324394,-0.0003689916,6.789984e-06,-5.3068612e-05,0.0,0.0,0.026174486,-0.0026734564,0.89073724,-0.00220344,5.9327787e-05,0.0024774824,-0.91371864,0.06663881,-0.0012632653,-9.043479e-05,-0.96930903,0.0072685285,0.67656606,0.002800881,0.02471041
438,1,2,B,A,280,0.549852,-0.0073930128,0.8875095,8.313501e-05,4.88528e-07,0.00020535488,-0.1735177,0.00043600757,0.88525283,6.885322e-06,1.7537619e-05,-7.4436e-05,0.00026236798,0.0018881421,7.9641424e-05,0.0020879146,0.0,0.0110270465,0.0061659603,-0.003883204,-0.009291382,-0.8800327,-0.8808321,-0.87525195,9.893564e-06,-0.054807954,-0.88682973,0.04939663,-0.002377774,0.00083125586,-0.00036217363,6.4992696e-06,-5.177038e-05,0.0,0.0,0.025329059,-0.0026603425,0.87607455,-0.0022011378,5.590746e-05,0.0024016863,-0.90004015,0.066638,-0.0012577305,-8.874792e-05,-0.88551223,0.007217493,0.42003158,0.002800086,0.024201028
439,2,1,B,A,251,0.32836422,-0.0072310586,0.88893837,8.302537e-05,4.793743e-07,0.00020402967,-0.17350906,0.00043493192,0.8864457,6.857075e-06,1.7537619e-05,-6.97087e-05,0.00026231565,0.0017903247,7.954566e-05,0.0019593562,0.0,0.01099543,0.0061552403,-0.003856707,-0.00928084,-0.8814427,-0.88225424,-0.8765772,9.105078e-06,-0.054316703,-0.88826525,0.0493229,-0.0023776812,0.0007695944,-0.000353322,6.1784935e-06,-5.017136e-05,0.0,0.0,0.024341892,-0.0026388445,0.8773975,-0.0021962628,5.2363044e-05,0.0023121512,-0.90122664,0.06663577,-0.0011703592,-8.655997e-05,0.011391462,0.0071387948,-0.16296762,0.0027980092,0.023552911
440,2,1,B,B,349,0.31825182,-0.0075916504,0.88917917,8.324059e-05,5.014952e-07,0.00020649521,-0.17351982,0.00043672588,0.8866774,6.9068524e-06,1.7537619e-05,-8.279645e-05,0.00026238678,0.0020483034,7.969488e-05,0.0023126116,0.0,0.011048993,0.0061725243,-0.003906361,-0.009297183,-0.881678,-0.8824924,-0.87679595,1.1420497e-05,-0.055270854,-0.88850707,0.049435485,-0.0023777962,0.00094720925,-0.00037340994,7.015542e-06,-5.395995e-05,0.0,0.0,0.02679079,-0.0026800237,0.87761575,-0.0022043074,6.2169776e-05,0.0025317722,-0.9014303,0.06663865,-0.0014007305,-9.1509006e-05,0.06137112,0.0072958847,-0.1868998,0.0028011184,0.025048155
441,1,2,A,A,258,0.028652627,-0.007276452,0.9005961,8.308689e-05,4.827084e-07,0.00020443222,-0.17351067,0.00043527797,0.89786893,6.8658956e-06,1.7537619e-05,-7.09281e-05,0.0002623349,0.001815986,7.957772e-05,0.0019926408,0.0,0.011005513,0.0061587673,-0.0038647458,-0.009284384,-0.8929632,-0.89387673,-0.8874255,9.3044e-06,-0.05446299,-0.89998007,0.049343616,-0.0023777068,0.0007852787,-0.000355784,6.2630443e-06,-5.06087e-05,0.0,0.0,0.024607055,-0.0026452832,0.88821936,-0.002197841,5.3277137e-05,0.0023361468,-0.9112417,0.06663694,-0.0011589929,-8.715786e-05,0.8339993,0.0071619176,-0.6622853,0.0027987233,0.023731971
442,4,1,B,A,271,-0.0065118484,-0.0073496765,0.8934648,8.315093e-05,4.874905e-07,0.00020503132,-0.17351538,0.00043576295,0.890729,6.878652e-06,1.7537619e-05,-7.305833e-05,0.00026235814,0.001860088,7.9620775e-05,0.0020505688,0.0,0.011019776,0.0061635952,-0.003876719,-0.009289121,-0.8859031,-0.8867558,-0.8807645,9.659186e-06,-0.054685082,-0.8928122,0.049374837,-0.0023777557,0.00081304094,-0.00035978504,6.407752e-06,-5.1331073e-05,0.0,0.0,0.025052788,-0.002655005,0.881575,-0.0022000386,5.4873657e-05,0.0023764737,-0.90506226,0.06663786,-0.0012140844,-8.8139015e-05,0.90775144,0.0071975137,-0.7455,0.0027996546,0.024024896
443,4,1,A,B,281,0.5543495,-0.0073974943,0.9015472,8.3137806e-05,4.8879235e-07,0.00020538697,-0.17351551,0.00043603108,0.89919776,6.885974e-06,1.7537619e-05,-7.4583695e-05,0.00026236888,0.001891135,7.9643374e-05,0.002091962,0.0,0.011027748,0.0061662025,-0.0038838761,-0.009291594,-0.8939182,-0.8948361,-0.8883388,9.919021e-06,-0.054820396,-0.9009342,0.04939776,-0.0023777613,0.0008332155,-0.00036242217,6.5090258e-06,-5.1816678e-05,0.0,0.0,0.025358243,-0.002660876,0.88913083,-0.0022012433,5.601865e-05,0.0024043238,-0.9122297,0.06663834,-0.0012093709,-8.880943e-05,-0.884182,0.0072195106,0.43591666,0.002800126,0.024219379
444,3,1,B,B,327,0.15758929,-0.007547859,0.8910508,8.324815e-05,4.99471e-07,0.00020629833,-0.17351907,0.00043662413,0.8884172,6.9034645e-06,1.7537619e-05,-8.050672e-05,0.00026238532,0.0020062486,7.9688405e-05,0.0022514872,0.0,0.011045784,0.0061716656,-0.0039023238,-0.009296486,-0.883534,-0.88436204,-0.87854964,1.0981457e-05,-0.055185508,-0.89038557,0.049428154,-0.0023777927,0.0009143825,-0.00037087817,6.8814024e-06,-5.3442876e-05,0.0,0.0,0.02642894,-0.0026764679,0.8793664,-0.002203868,6.04547e-05,0.0024996933,-0.9030474,0.066638745,-0.0013500372,-9.087606e-05,0.68493974,0.007280848,-0.5117939,0.0028010039,0.02485374
445,1,1,A,A,272,0.19166301,-0.00735477,0.8986255,8.314791e-05,4.874237e-07,0.00020507057,-0.17351472,0.00043579334,0.8959806,6.87947e-06,1.7537619e-05,-7.321492e-05,0.00026235945,0.0018633078,7.96234e-05,0.0020548366,0.0,0.011020676,0.0061638937,-0.003877513,-0.009289407,-0.8910173,-0.891912,-0.88559335,9.68567e-06,-0.054699954,-0.8979977,0.049378723,-0.0023777531,0.00081509905,-0.0003600651,6.4182573e-06,-5.138233e-05,0.0,0.0,0.025084719,-0.002655649,0.88639295,-0.0022001753,5.4991677e-05,0.002379404,-0.90961426,0.06663802,-0.0011995329,-8.821493e-05,0.60623014,0.007199905,-0.45281136,0.00279971,0.024045479
446,2,0,A,B,327,0.405856,-0.007547859,0.8980492,8.3214676e-05,4.983701e-07,0.00020629833,-0.17351812,0.00043662413,0.8955737,6.9034645e-06,1.7537619e-05,-8.050615e-05,0.00026238532,0.0020062819,7.9688405e-05,0.002251499,0.0,0.011045784,0.006171668,-0.0039023394,-0.009296486,-0.890434,-0.8913272,-0.8850315,1.0981454e-05,-0.05518566,-0.89741975,0.0494312,-0.0023777888,0.0009143699,-0.0003708782,6.8814024e-06,-5.344301e-05,0.0,0.0,0.026428923,-0.0026764679,0.885832,-0.002203868,6.0455663e-05,0.0024999725,-0.9091332,0.06663879,-0.0013144438,-9.0889844e-05,-0.40272138,0.007280848,0.030602645,0.0028010039,0.02485374
447,4,1,B,B,306,0.0071630203,-0.0074911686,0.8931555,8.323316e-05,4.9629784e-07,0.00020599464,-0.1735186,0.000436445,0.8904272,6.897897e-06,1.7537619e-05,-7.801054e-05,0.00026238165,0.0019587728,7.967578e-05,0.0021844807,0.0,0.011040249,0.006170075,-0.0038961377,-0.009295123,-0.8855957,-0.8864463,-0.88047355,1.05221825e-05,-0.055059686,-0.892502,0.049416658,-0.0023777888,0.000879582,-0.0003676541,6.728685e-06,-5.2807798e-05,0.0,0.0,0.026000656,-0.0026711517,0.8812847,-0.0022030836,5.858466e-05,0.002461583,-0.9047911,0.06663871,-0.0012982268,-9.007621e-05,0.8909312,0.007259294,-0.7234284,0.0028007694,0.024609623
448,1,1,A,A,337,0.19345476,-0.0075694635,0.8988885,8.325062e-05,5.0058907e-07,0.0002063999,-0.173518,0.00043667838,0.89624465,6.9052376e-06,1.7537619e-05,-8.158545e-05,0.00026238614,0.0020262615,7.969194e-05,0.0022803715,0.0,0.011047485,0.006172134,-0.0039044202,-0.009296867,-0.8912761,-0.89217347,-0.8858358,1.1186119e-05,-0.0552292,-0.89826256,0.04943129,-0.0023777892,0.0009297281,-0.00037212213,6.9453813e-06,-5.3694657e-05,0.0,0.0,0.026603322,-0.002678288,0.88663447,-0.002204103,6.1263236e-05,0.002515156,-0.9098326,0.0666389,-0.001327098,-9.1185764e-05,0.59499335,0.007288463,-0.44532138,0.0028010658,0.0249489
449,1,1,B,A,256,0.4300374,-0.007263939,0.8867292,8.3045765e-05,4.811096e-07,0.00020432359,-0.17351186,0.00043518603,0.88435197,6.8635327e-06,1.7537619e-05,-7.058543e-05,0.00026233,0.0018088148,7.956931e-05,0.0019832633,0.0,0.011002829,0.0061578257,-0.003862557,-0.009283454,-0.8792669,-0.88005835,-0.8745357,9.2480805e-06,-0.054423198,-0.88604623,0.049341317,-0.0023777105,0.00078085915,-0.0003551038,6.2393824e-06,-5.0487193e-05,0.0,0.0,0.024533175,-0.0026435386,0.8753596,-0.0021974228,5.3020543e-05,0.00232961,-0.8993306,0.06663645,-0.0011909007,-8.700163e-05,-0.514443,0.007155621,0.092743166,0.0027985373,0.02368243
450,2,0,A,B,340,0.43061143,-0.00757537,0.8979956,8.32188e-05,4.9995464e-07,0.0002064262,-0.1735182,0.0004366918,0.8955389,6.9056887e-06,1.7537619e-05,-8.189654e-05,0.0002623863,0.0020319927,7.9692785e-05,0.0022886675,0.0,0.011047909,0.006172248,-0.003904959,-0.009296958,-0.89038056,-0.8912732,-0.8849804,1.1245837e-05,-0.05524062,-0.8973663,0.049434982,-0.0023777902,0.0009341902,-0.00037246358,6.963574e-06,-5.3764557e-05,0.0,0.0,0.026652314,-0.002678763,0.8857809,-0.002204161,6.149696e-05,0.0025197396,-0.9090911,0.066638805,-0.0013352133,-9.128185e-05,-0.52165526,0.0072904797,0.09030053,0.0028010816,0.024975158
451,1,1,A,B,279,0.14911453,-0.0073884665,0.89904875,8.317352e-05,4.8961556e-07,0.00020532208,-0.17351575,0.0004359834,0.8963745,6.884654e-06,1.7537619e-05,-7.428618e-05,0.0002623671,0.0018850893,7.963943e-05,0.0020838985,0.0,0.011026324,0.0061657405,-0.0038825665,-0.009291163,-0.8914354,-0.8923339,-0.8859872,9.86794e-06,-0.05479552,-0.89842296,0.04939023,-0.0023777646,0.0008292616,-0.00036192246,6.4894307e-06,-5.1724026e-05,0.0,0.0,0.025299598,-0.002659798,0.8867858,-0.0022010296,5.579453e-05,0.0023987642,-0.9099642,0.066638306,-0.0012150927,-8.8670284e-05,0.7041794,0.0072154375,-0.52718854,0.0028000446,0.02418244
452,10,1,A,B,295,0.6568979,-0.0074540055,0.90656555,8.316491e-05,4.917298e-07,0.00020576842,-0.17351589,0.00043629837,0.9042889,6.89356e-06,1.7537619e-05,-7.6567085e-05,0.0002623777,0.0019306771,7.966471e-05,0.0021456168,0.0,0.011035787,0.0061687366,-0.0038915796,-0.009293923,-0.8989242,-0.8998784,-0.89309955,1.0264627e-05,-0.05496918,-0.9059789,0.049415242,-0.0023777697,0.00085986225,-0.00036556742,6.637555e-06,-5.2407537e-05,0.0,0.0,0.025737654,-0.0026672825,0.89387816,-0.0022024354,5.750571e-05,0.0024384428,-0.9165976,0.06663868,-0.0012150576,-8.9589696e-05,-0.9757692,0.0072440784,0.7176911,0.0028005561,0.024453148
453,2,1,A,B,338,0.32696858,-0.0075714593,0.89939636,8.323433e-05,5.0017695e-07,0.00020640888,-0.17351791,0.00043668292,0.89684504,6.9053917e-06,1.7537619e-05,-8.168976e-05,0.0002623862,0.0020281924,7.969223e-05,0.0022831552,0.0,0.011047631,0.006172174,-0.0039046064,-0.009296898,-0.891774,-0.89267707,-0.8863011,1.1206107e-05,-0.055233076,-0.89877343,0.049433164,-0.0023777888,0.00093121995,-0.00037223764,6.9514954e-06,-5.3718275e-05,0.0,0.0,0.02661981,-0.0026784497,0.88709885,-0.002204123,6.134184e-05,0.0025167516,-0.9102879,0.0666389,-0.0013249074,-9.1221016e-05,0.030967467,0.007289148,-0.16790704,0.0028010712,0.024957765
454,2,1,A,A,258,0.3279916,-0.007276452,0.8996193,8.306841e-05,4.821555e-07,0.00020443222,-0.17351076,0.00043527797,0.8970775,6.8658956e-06,1.7537619e-05,-7.092812e-05,0.0002623349,0.0018160002,7.957772e-05,0.001992636,0.0,0.011005513,0.0061587673,-0.0038647442,-0.009284384,-0.8920042,-0.8929065,-0.886527,9.304403e-06,-0.054462984,-0.89899606,0.049346313,-0.0023777082,0.00078527816,-0.00035578394,6.2630443e-06,-5.0608673e-05,0.0,0.0,0.024607044,-0.0026452832,0.8873245,-0.002197841,5.3277672e-05,0.0023362571,-0.9105131,0.06663689,-0.0011622044,-8.716627e-05,-0.0070902817,0.0071619176,-0.15354863,0.0027987233,0.023731971
455,4,1,B,B,317,-0.0019051782,-0.007522962,0.8933548,8.3245526e-05,4.982953e-07,0.00020617139,-0.17351879,0.00043655204,0.89062995,6.901179e-06,1.7537619e-05,-7.9358295e-05,0.00026238398,0.001984606,7.968346e-05,0.0022207107,0.0,0.011043544,0.0061710356,-0.0038997352,-0.009295955,-0.88580084,-0.88665146,-0.8806754,1.0767875e-05,-0.055132233,-0.892701,0.049422298,-0.002377791,0.0008982531,-0.0003694557,6.811954e-06,-5.3159914e-05,0.0,0.0,0.026236203,-0.0026742264,0.88148713,-0.0022035537,5.9594146e-05,0.0024825558,-0.9049858,0.06663877,-0.0013192357,-9.051812e-05,0.89340156,0.007271647,-0.7216808,0.002800915,0.024745625
456,10,1,A,B,275,0.656877,-0.007369621,0.90674037,8.3118306e-05,4.8676964e-07,0.0002051832,-0.17351393,0.00043587945,0.9044648,6.881804e-06,1.7537619e-05,-7.367931e-05,0.00026236303,0.0018728321,7.963073e-05,0.0020674602,0.0,0.011023231,0.0061647445,-0.0038797879,-0.009290211,-0.8991029,-0.90005684,-0.8932726,9.764396e-06,-0.054742575,-0.90615416,0.049389087,-0.00237775,0.0008212185,-0.00036088348,6.449261e-06,-5.153241e-05,0.0,0.0,0.025178628,-0.002657502,0.8940508,-0.002200563,5.534119e-05,0.0023881407,-0.9167644,0.06663817,-0.0011759867,-8.843363e-05,-0.9752607,0.0072068144,0.71552926,0.0027998635,0.024105709
457,0,1,A,A,316,0.08288931,-0.0075202715,0.8978708,8.324357e-05,4.980084e-07,0.00020615706,-0.173518,0.00043654363,0.8951549,6.900917e-06,1.7537619e-05,-7.9239144e-05,0.0002623838,0.0019823508,7.968288e-05,0.0022175335,0.0,0.011043284,0.006170961,-0.003899453,-0.009295891,-0.8902594,-0.8911504,-0.88486844,1.0746011e-05,-0.05512641,-0.8972404,0.049422607,-0.0023777876,0.0008965903,-0.00036930278,6.804691e-06,-5.312986e-05,0.0,0.0,0.02621584,-0.0026739752,0.88566923,-0.0022035171,5.9505437e-05,0.002480758,-0.9088983,0.06663885,-0.0012946655,-9.048417e-05,0.83756846,0.0072706277,-0.6461127,0.0028009042,0.024734035
458,10,1,B,B,271,-0.7791388,-0.0073496765,0.9061007,8.315384e-05,4.877933e-07,0.00020503132,-0.17351334,0.00043576295,0.90326667,6.878652e-06,1.7537619e-05,-7.305767e-05,0.00026235814,0.0018600781,7.9620775e-05,0.0020505982,0.0,0.011019776,0.0061636074,-0.0038767417,-0.009289121,-0.8984597,-0.8994105,-0.892656,9.659142e-06,-0.054685187,-0.9055117,0.04936671,-0.002377743,0.0008130292,-0.00035978624,6.407752e-06,-5.1331353e-05,0.0,0.0,0.02505281,-0.002655005,0.89343596,-0.0022000386,5.4872027e-05,0.0023764577,-0.9158554,0.06663805,-0.0011707473,-8.811347e-05,0.99769545,0.0071975137,-0.99628264,0.0027996546,0.024024915
459,3,1,B,B,336,0.18673307,-0.007567438,0.891361,8.3251354e-05,5.0053336e-07,0.00020639073,-0.17351912,0.0004366736,0.8887476,6.9050798e-06,1.7537619e-05,-8.148112e-05,0.00026238605,0.0020243276,7.9691636e-05,0.0022775477,0.0,0.011047334,0.0061720903,-0.0039042172,-0.009296834,-0.8838243,-0.88465935,-0.8788082,1.1166049e-05,-0.05522508,-0.8906992,0.049431,-0.002377793,0.0009282378,-0.0003720048,6.9392177e-06,-5.3670654e-05,0.0,0.0,0.026586667,-0.0026781226,0.87962323,-0.0022040824,6.118451e-05,0.002513661,-0.90328074,0.06663875,-0.0013654241,-9.1155154e-05,0.59972894,0.007287764,-0.440776,0.0028010604,0.02493992
460,2,1,A,A,344,0.32470426,-0.007582863,0.899511,8.323799e-05,5.009327e-07,0.0002064586,-0.17351797,0.00043670798,0.8969591,6.9062385e-06,1.7537619e-05,-8.230225e-05,0.00026238654,0.0020393757,7.96938e-05,0.0022994995,0.0,0.011048424,0.006172386,-0.0039056286,-0.009297067,-0.891892,-0.89279485,-0.88641715,1.1324282e-05,-0.05525482,-0.89888823,0.049434356,-0.0023777892,0.0009400381,-0.00037289865,6.9871444e-06,-5.385409e-05,0.0,0.0,0.026715405,-0.0026793522,0.8872141,-0.0022042308,6.18004e-05,0.0025251547,-0.9104006,0.06663891,-0.0013340302,-9.138341e-05,0.034685377,0.007292995,-0.17333268,0.0028011,0.025008641
461,10,1,A,B,280,0.6568924,-0.0073930128,0.90632194,8.3132785e-05,4.881491e-07,0.00020535488,-0.17351471,0.00043600757,0.904044,6.885322e-06,1.7537619e-05,-7.443505e-05,0.00026236798,0.0018881528,7.9641424e-05,0.0020879512,0.0,0.0110270465,0.0061659836,-0.0038832384,-0.009291382,-0.89867723,-0.8996307,-0.892861,9.8934825e-06,-0.05480809,-0.90573484,0.049397253,-0.0023777573,0.0008312367,-0.00036217485,6.499269e-06,-5.177079e-05,0.0,0.0,0.025329044,-0.0026603425,0.8936399,-0.0022011378,5.5907716e-05,0.0024017089,-0.9163699,0.06663835,-0.0011877511,-8.875227e-05,-0.97554696,0.007217493,0.71665764,0.002800086,0.024201047
462,2,0,B,B,324,0.24039236,-0.007540758,0.8882251,8.324027e-05,4.987942e-07,0.00020626318,-0.1735197,0.00043660466,0.8856633,6.902839e-06,1.7537619e-05,-8.016978e-05,0.00026238497,0.0019999421,7.968708e-05,0.0022424487,0.0,0.011045176,0.00617149,-0.003901599,-0.009296345,-0.8807451,-0.88154906,-0.87592787,1.0918361e-05,-0.055170633,-0.8875482,0.049428005,-0.0023777948,0.0009096309,-0.00037047124,6.8611657e-06,-5.3361386e-05,0.0,0.0,0.026373131,-0.0026758441,0.8767496,-0.0022037833,6.020249e-05,0.002494789,-0.9005942,0.0666386,-0.0013574765,-9.077894e-05,0.44864473,0.007278269,-0.36104485,0.0028009801,0.02482274
463,1,2,B,A,262,0.5556791,-0.007300437,0.88801,8.3070416e-05,4.8300643e-07,0.00020463545,-0.17351393,0.0004354468,0.8857506,6.8702766e-06,1.7537619e-05,-7.1602226e-05,0.00026234353,0.0018300691,7.959299e-05,0.0020109606,0.0,0.011010461,0.0061604544,-0.0038687834,-0.0092860665,-0.8805283,-0.8813312,-0.87571925,9.415687e-06,-0.05453757,-0.88733286,0.049359992,-0.0023777345,0.00079401635,-0.00035708997,6.3092243e-06,-5.0842642e-05,0.0,0.0,0.024750417,-0.002648561,0.8765409,-0.0021986081,5.378315e-05,0.0023493688,-0.9004828,0.06663704,-0.0012065051,-8.7494336e-05,-0.8759197,0.007173819,0.42500982,0.0027990574,0.023827331
464,1,1,B,A,299,0.4510945,-0.0074681956,0.8870456,8.3184736e-05,4.935917e-07,0.0002058572,-0.17351933,0.00043635708,0.88468874,6.8952777e-06,1.7537619e-05,-7.7104145e-05,0.00026237936,0.0019411705,7.9669204e-05,0.0021600365,0.0,0.011037568,0.0061692568,-0.00389334,-0.009294411,-0.8795934,-0.88038415,-0.87485665,1.0359752e-05,-0.05500433,-0.88636255,0.04941657,-0.0023777892,0.00086717197,-0.00036636123,6.67165e-06,-5.2558775e-05,0.0,0.0,0.025836673,-0.0026687935,0.8756812,-0.0022026955,5.790663e-05,0.0024471981,-0.89965093,0.06663835,-0.0013067746,-8.977523e-05,-0.5812963,0.0072499816,0.13651067,0.0028006441,0.02451259
465,2,1,B,B,297,0.28042662,-0.0074612014,0.88931984,8.320207e-05,4.937052e-07,0.00020581379,-0.1735187,0.00043632858,0.8867841,6.894441e-06,1.7537619e-05,-7.683774e-05,0.00026237857,0.0019359359,7.966703e-05,0.00215286,0.0,0.011036702,0.0061689997,-0.0038924653,-0.009294176,-0.8818207,-0.88263506,-0.8769345,1.0312423e-05,-0.054987043,-0.8886477,0.04941305,-0.0023777871,0.0008635442,-0.00036596897,6.6547427e-06,-5.2483883e-05,0.0,0.0,0.02578767,-0.0026680538,0.8777539,-0.002202569,5.770664e-05,0.0024426752,-0.9015541,0.06663844,-0.0012942705,-8.967236e-05,0.261867,0.007247086,-0.27193913,0.002800602,0.02448324
466,3,1,B,A,269,0.15452176,-0.0073392713,0.89135724,8.31379e-05,4.865323e-07,0.0002049501,-0.17351533,0.00043569953,0.88870984,6.876952e-06,1.7537619e-05,-7.274178e-05,0.00026235534,0.001853597,7.961531e-05,0.0020419634,0.0,0.011017901,0.0061629694,-0.0038750872,-0.00928852,-0.8838198,-0.884655,-0.87880236,9.605879e-06,-0.054654583,-0.8906955,0.04937252,-0.002377753,0.0008088869,-0.00035921394,6.3864804e-06,-5.1226947e-05,0.0,0.0,0.024987929,-0.0026536766,0.8796177,-0.0021997525,5.4636657e-05,0.0023706455,-0.90326583,0.06663768,-0.0012164693,-8.800419e-05,0.7038011,0.007192591,-0.524725,0.002799538,0.023982935
467,0,1,B,A,346,0.52748513,-0.007586453,0.88549364,8.3211e-05,5.000734e-07,0.00020647375,-0.17352028,0.00043671543,0.88323176,6.906493e-06,1.7537619e-05,-8.250248e-05,0.00026238666,0.0020430211,7.969426e-05,0.0023047596,0.0,0.011048661,0.006172432,-0.0039059091,-0.009297116,-0.878054,-0.8788336,-0.87340105,1.1363088e-05,-0.05526131,-0.88480514,0.049437746,-0.0023778041,0.0009429434,-0.000373107,6.998651e-06,-5.389688e-05,0.0,0.0,0.026746001,-0.0026796293,0.8742278,-0.002204263,6.195037e-05,0.0025280828,-0.8982882,0.0666385,-0.0014155802,-9.1445654e-05,-0.8478656,0.007294184,0.35730127,0.0028011082,0.02502475
468,0,1,A,A,256,0.048398256,-0.007263939,0.89830047,8.307609e-05,4.8199524e-07,0.00020432359,-0.17351016,0.00043518603,0.89556915,6.8635327e-06,1.7537619e-05,-7.0585025e-05,0.00026233,0.0018087919,7.956931e-05,0.0019832852,0.0,0.011002829,0.006157836,-0.0038625756,-0.009283454,-0.89068824,-0.8915824,-0.88527644,9.248055e-06,-0.054423314,-0.89767194,0.049337503,-0.002377701,0.0007808517,-0.00035510398,6.239379e-06,-5.048739e-05,0.0,0.0,0.024533184,-0.0026435386,0.88607645,-0.0021974228,5.3019845e-05,0.0023294345,-0.90927243,0.066636674,-0.001160373,-8.699046e-05,0.8664128,0.007155621,-0.6931611,0.0027985373,0.02368243
469,2,1,B,B,300,0.31768632,-0.0074716187,0.8895576,8.320122e-05,4.941974e-07,0.00020587817,-0.1735188,0.00043637076,0.8870529,6.895681e-06,1.7537619e-05,-7.723599e-05,0.00026237973,0.0019437389,7.9670244e-05,0.0021635992,0.0,0.011037983,0.00616939,-0.0038937682,-0.009294524,-0.882048,-0.8828667,-0.87714124,1.0383241e-05,-0.055012733,-0.88888735,0.049416017,-0.0023777883,0.0008689692,-0.00036655343,6.6799985e-06,-5.259567e-05,0.0,0.0,0.025860805,-0.0026691516,0.87795967,-0.002202756,5.8005182e-05,0.0024492613,-0.9017508,0.06663846,-0.0013005866,-8.981823e-05,0.047664348,0.007251389,-0.18103188,0.002800664,0.024526987
470,10,1,B,B,268,-0.7790203,-0.007333956,0.9060086,8.314154e-05,4.867901e-07,0.00020490812,-0.17351276,0.0004356664,0.90317625,6.8760696e-06,1.7537619e-05,-7.258126e-05,0.00026235386,0.0018502949,7.961242e-05,0.0020376535,0.0,0.011016924,0.0061626565,-0.0038742728,-0.009288203,-0.89837027,-0.8993193,-0.8925734,9.5790065e-06,-0.054638986,-0.9054186,0.04936065,-0.002377736,0.00080678007,-0.00035892375,6.3757134e-06,-5.117425e-05,0.0,0.0,0.02495505,-0.0026529909,0.8933541,-0.002199603,5.4514938e-05,0.0023676248,-0.9157894,0.06663788,-0.0011649589,-8.790207e-05,0.99751645,0.0071900594,-0.9950227,0.0027994767,0.023961568
472,1,1,B,A,328,0.43383193,-0.0075501595,0.8869709,8.321242e-05,4.984391e-07,0.00020630956,-0.17352003,0.00043663027,0.884594,6.903663e-06,1.7537619e-05,-8.061785e-05,0.0002623854,0.0020083564,7.968881e-05,0.0022544374,0.0,0.011045976,0.0061717094,-0.0039025436,-0.009296531,-0.8795043,-0.8802983,-0.8747578,1.1002358e-05,-0.055190224,-0.886289,0.04943209,-0.0023777972,0.0009159561,-0.0003710102,6.8880418e-06,-5.346924e-05,0.0,0.0,0.026447166,-0.0026766672,0.87558174,-0.0022038948,6.053883e-05,0.0025015986,-0.89954025,0.06663852,-0.0013722259,-9.0922906e-05,-0.53139323,0.0072816773,0.097261146,0.0028010109,0.024863813
473,0,1,B,A,256,0.52661484,-0.007263939,0.88547635,8.3039944e-05,4.808748e-07,0.00020432359,-0.17351216,0.00043518603,0.88321084,6.8635327e-06,1.7537619e-05,-7.058553e-05,0.00026233,0.0018088206,7.956931e-05,0.001983261,0.0,0.011002829,0.0061578243,-0.0038625556,-0.009283454,-0.8780404,-0.8788192,-0.87339234,9.24809e-06,-0.054423198,-0.8847877,0.04934214,-0.0023777126,0.0007808598,-0.0003551038,6.239387e-06,-5.0487164e-05,0.0,0.0,0.024533175,-0.0026435386,0.8742188,-0.0021974228,5.3020696e-05,0.002329642,-0.8982806,0.066636436,-0.0011939242,-8.700406e-05,-0.8174237,0.007155621,0.34457457,0.0027985373,0.02368243
474,2,0,B,B,307,0.16154611,-0.007494268,0.88882744,8.322844e-05,4.9611396e-07,0.00020601256,-0.17351939,0.00043645618,0.8862019,6.8982354e-06,1.7537619e-05,-7.813709e-05,0.00026238192,0.0019612238,7.96766e-05,0.0021878693,0.0,0.011040591,0.0061701685,-0.0038964932,-0.009295212,-0.8813319,-0.882143,-0.8764714,1.0545008e-05,-0.055066958,-0.888154,0.049419142,-0.002377791,0.00088132627,-0.00036782914,6.7365695e-06,-5.2841668e-05,0.0,0.0,0.026023155,-0.002671461,0.8772919,-0.0022031327,5.8679827e-05,0.0024636325,-0.90108144,0.06663858,-0.0013189325,-9.012575e-05,0.68858856,0.0072605265,-0.5111045,0.0028007852,0.02462279
475,1,1,A,A,277,0.22020859,-0.007379178,0.8984653,8.3163344e-05,4.888865e-07,0.0002052542,-0.17351551,0.00043593295,0.89583063,6.883265e-06,1.7537619e-05,-7.398482e-05,0.00026236515,0.0018789907,7.963521e-05,0.0020757269,0.0,0.011024819,0.0061652525,-0.0038812004,-0.009290703,-0.890849,-0.8917448,-0.88542527,9.816417e-06,-0.054769583,-0.8978376,0.049387902,-0.002377762,0.00082526443,-0.00036140945,6.4695105e-06,-5.162925e-05,0.0,0.0,0.025239721,-0.0026586738,0.8862247,-0.002200803,5.556883e-05,0.002393396,-0.90944856,0.066638224,-0.0012113695,-8.854695e-05,0.5349661,0.007211207,-0.4107381,0.0027999573,0.024144553
476,0,1,B,A,259,0.5310085,-0.007282577,0.885198,8.3055915e-05,4.8198126e-07,0.00020448474,-0.17351343,0.000435322,0.8829416,6.8670324e-06,1.7537619e-05,-7.109864e-05,0.0002623372,0.0018195693,7.958174e-05,0.0019972418,0.0,0.011006802,0.0061591975,-0.0038657708,-0.009284825,-0.87777007,-0.8785452,-0.8731423,9.332435e-06,-0.054482114,-0.88450754,0.0493515,-0.0023777264,0.0007874872,-0.00035611689,6.274738e-06,-5.0667993e-05,0.0,0.0,0.024643427,-0.0026461286,0.8739698,-0.0021980412,5.3405485e-05,0.0023396583,-0.89804846,0.06663676,-0.0012042676,-8.725401e-05,-0.8363764,0.0071649784,0.3572235,0.0027988115,0.023756268
477,0,1,B,B,287,0.53352326,-0.0074230935,0.8852157,8.315306e-05,4.904297e-07,0.00020556517,-0.17351885,0.00043615882,0.882968,6.889556e-06,1.7537619e-05,-7.545578e-05,0.0002623733,0.0019086046,7.9653735e-05,0.0021155113,0.0,0.0110315755,0.0061673997,-0.0038874361,-0.009292726,-0.8777871,-0.87856233,-0.87315744,1.0069753e-05,-0.054889217,-0.8845256,0.049405865,-0.0023777885,0.00084487937,-0.00036384183,6.5659297e-06,-5.2081406e-05,0.0,0.0,0.025527395,-0.0026638522,0.8739846,-0.0022018144,5.667158e-05,0.0024195262,-0.8980626,0.066638164,-0.0012844529,-8.915828e-05,-0.85759294,0.007230842,0.37972665,0.002800337,0.02432469
478,2,1,A,B,257,0.30482343,-0.00727024,0.89959615,8.306662e-05,4.8187013e-07,0.00020437854,-0.17351036,0.00043523262,0.897029,6.8647287e-06,1.7537619e-05,-7.075709e-05,0.0002623325,0.0018124155,7.957359e-05,0.0019879758,0.0,0.011004189,0.006158309,-0.003863673,-0.009283926,-0.89196783,-0.8928736,-0.8864808,9.276289e-06,-0.054443344,-0.8989749,0.04934292,-0.0023777036,0.0007830693,-0.00035544627,6.25126e-06,-5.0548402e-05,0.0,0.0,0.024570296,-0.00264442,0.887277,-0.002197635,5.3149335e-05,0.0023328944,-0.9104388,0.06663679,-0.0011596031,-8.7082015e-05,0.12570304,0.007158799,-0.20710829,0.0027986325,0.023707356
479,0,1,A,A,320,0.039495073,-0.007530806,0.89807355,8.324761e-05,4.986871e-07,0.0002062125,-0.17351805,0.0004365759,0.8953307,6.901926e-06,1.7537619e-05,-7.970989e-05,0.00026238445,0.001991278,7.968512e-05,0.002230165,0.0,0.0110442825,0.006171246,-0.0039005845,-0.009296133,-0.89045364,-0.89134806,-0.8850458,1.0832904e-05,-0.055149503,-0.89744496,0.049424205,-0.0023777883,0.00090316706,-0.0003699027,6.83339e-06,-5.324843e-05,0.0,0.0,0.026296062,-0.0026749487,0.8858458,-0.002203658,5.985805e-05,0.002487884,-0.9090437,0.06663887,-0.0013022836,-9.0631926e-05,0.887238,0.0072745914,-0.7151018,0.0028009447,0.024779517
480,4,1,A,B,339,0.5488821,-0.0075734286,0.9012423,8.320745e-05,4.991687e-07,0.00020641762,-0.17351764,0.00043668743,0.89888835,6.9055427e-06,1.7537619e-05,-8.1793245e-05,0.00026238625,0.0020301263,7.9692516e-05,0.002285924,0.0,0.011047772,0.0061722165,-0.00390479,-0.0092969285,-0.89361227,-0.894529,-0.88804656,1.1226005e-05,-0.055236872,-0.9006285,0.049436174,-0.0023777871,0.00093270466,-0.00037235205,6.9575594e-06,-5.3741653e-05,0.0,0.0,0.026636116,-0.002678608,0.8888392,-0.0022041423,6.142028e-05,0.0025184122,-0.9119543,0.066638894,-0.0013151267,-9.126081e-05,-0.8820428,0.00728982,0.41892493,0.0028010765,0.02496652
481,0,1,A,A,311,0.12569514,-0.007506235,0.8978065,8.3236926e-05,4.9702476e-07,0.00020608038,-0.17351791,0.00043649785,0.89511335,6.8995023e-06,1.7537619e-05,-7.8634155e-05,0.00026238288,0.001970795,7.967961e-05,0.002201278,0.0,0.011041871,0.006170552,-0.0038978911,-0.009295539,-0.89020056,-0.8910898,-0.8848173,1.0635285e-05,-0.055094793,-0.89717513,0.04942063,-0.002377787,0.0008881871,-0.00036850612,6.7674678e-06,-5.29736e-05,0.0,0.0,0.026110938,-0.0026726364,0.8856187,-0.0022033162,5.9052392e-05,0.0024714342,-0.9088736,0.066638805,-0.0012863759,-9.0290254e-05,0.7856211,0.007265229,-0.5913747,0.0028008427,0.02467381
482,6,1,B,B,267,-0.34409323,-0.007328566,0.89780533,8.313646e-05,4.863829e-07,0.00020486518,-0.17351381,0.0004356324,0.89498675,6.875164e-06,1.7537619e-05,-7.2420866e-05,0.00026235232,0.001846985,7.9609454e-05,0.002033264,0.0,0.011015919,0.0061623096,-0.0038733964,-0.009287876,-0.8901942,-0.8910845,-0.8848064,9.552107e-06,-0.054622892,-0.89717484,0.0493632,-0.0023777422,0.00080468325,-0.00035862735,6.3648577e-06,-5.1120474e-05,0.0,0.0,0.024921777,-0.0026522907,0.885607,-0.002199449,5.4395365e-05,0.0023646208,-0.9087293,0.066637725,-0.0011903559,-8.784434e-05,0.98064375,0.007187479,-0.9381957,0.0027994132,0.023939883
483,2,1,A,A,267,0.3232166,-0.007328566,0.89981073,8.311295e-05,4.8540204e-07,0.00020486518,-0.17351343,0.0004356324,0.8972585,6.875164e-06,1.7537619e-05,-7.24208e-05,0.00026235232,0.001847011,7.9609454e-05,0.0020332627,0.0,0.011015919,0.006162311,-0.0038734004,-0.009287876,-0.8921883,-0.89309394,-0.88669646,9.552106e-06,-0.054622926,-0.8991896,0.04936979,-0.0023777392,0.00080468075,-0.00035862759,6.3648577e-06,-5.1120514e-05,0.0,0.0,0.02492175,-0.0026522907,0.88749284,-0.002199449,5.4396725e-05,0.0023647698,-0.910654,0.06663769,-0.0011837204,-8.7866116e-05,0.01970903,0.007187479,-0.16620934,0.0027994132,0.023939883
484,6,1,B,B,318,-0.31825382,-0.0075256135,0.8976803,8.324927e-05,4.98855e-07,0.00020618539,-0.17351805,0.00043656025,0.8948647,6.9014345e-06,1.7537619e-05,-7.9476e-05,0.00026238416,0.001986834,7.968403e-05,0.002223893,0.0,0.011043798,0.0061711087,-0.0039000318,-0.009296016,-0.89007616,-0.89096457,-0.88470113,1.0789647e-05,-0.055138145,-0.89704823,0.049418736,-0.002377788,0.00089989504,-0.0003696068,6.8191584e-06,-5.318984e-05,0.0,0.0,0.026256368,-0.002674472,0.88550276,-0.0022035898,5.9681515e-05,0.002484325,-0.9086491,0.066638865,-0.0012991999,-9.0540394e-05,0.98021597,0.0072726463,-0.9360974,0.0028009252,0.024757065
485,4,1,A,B,343,0.5682034,-0.0075810296,0.9014936,8.3208615e-05,4.995405e-07,0.00020645076,-0.17351775,0.0004367041,0.8991594,6.906106e-06,1.7537619e-05,-8.22016e-05,0.00026238651,0.0020375864,7.969355e-05,0.0022968177,0.0,0.011048301,0.0061723576,-0.0039054712,-0.009297042,-0.8938689,-0.89478517,-0.8882948,1.1304789e-05,-0.05525137,-0.90088,0.04943721,-0.0023777876,0.00093858346,-0.00037279286,6.9813245e-06,-5.3832176e-05,0.0,0.0,0.026699841,-0.0026792097,0.8890883,-0.0022042142,6.172609e-05,0.00252404,-0.91220343,0.066638894,-0.0013224493,-9.1370326e-05,-0.90476906,0.007292384,0.4666429,0.0028010956,0.025000429
486,1,1,B,A,273,0.43527508,-0.00735979,0.8872946,8.312303e-05,4.869886e-07,0.00020510895,-0.17351674,0.00043582282,0.88492084,6.880268e-06,1.7537619e-05,-7.3371295e-05,0.00026236067,0.001866513,7.962592e-05,0.0020590439,0.0,0.011021551,0.0061641703,-0.0038782628,-0.009289684,-0.87983435,-0.88062835,-0.8750782,9.71207e-06,-0.054714337,-0.8866131,0.04938356,-0.0023777636,0.00081716175,-0.00036034104,6.428678e-06,-5.143266e-05,0.0,0.0,0.025116334,-0.0026562798,0.8759024,-0.0022003083,5.5109096e-05,0.0023824307,-0.8998525,0.06663774,-0.0012403984,-8.829161e-05,-0.53175294,0.0072022523,0.10330257,0.0027997629,0.024065804
487,6,1,B,B,253,-0.3140128,-0.0072444915,0.8976312,8.3059e-05,4.810024e-07,0.0002041512,-0.17350885,0.00043503795,0.8948226,6.8597565e-06,1.7537619e-05,-7.006233e-05,0.00026232176,0.0017977846,7.955558e-05,0.0019690306,0.0,0.010998513,0.006156328,-0.0038591397,-0.009281937,-0.8900171,-0.8909078,-0.8846354,9.162628e-06,-0.054360695,-0.89700025,0.049324304,-0.0023776859,0.00077412766,-0.00035404915,6.203147e-06,-5.0300056e-05,0.0,0.0,0.024419578,-0.0026407815,0.8854365,-0.002196747,5.262733e-05,0.0023190982,-0.908575,0.066636294,-0.0011543328,-8.672117e-05,0.9630574,0.0071457163,-0.909514,0.0027982318,0.023605714
488,0,1,B,A,291,0.5358984,-0.007438988,0.8854032,8.316023e-05,4.913209e-07,0.00020567133,-0.17351912,0.00043623257,0.8831537,6.8916597e-06,1.7537619e-05,-7.601893e-05,0.0002623757,0.0019198082,7.9659585e-05,0.0021307338,0.0,0.011033796,0.0061680954,-0.0038895784,-0.009293364,-0.8779683,-0.8787461,-0.873324,1.016808e-05,-0.05493073,-0.8847139,0.049410496,-0.002377791,0.0008524565,-0.00036472708,6.602333e-06,-5.224804e-05,0.0,0.0,0.025634637,-0.002665639,0.87415123,-0.0022021427,5.709367e-05,0.0024291687,-0.8982192,0.066638246,-0.0012947064,-8.937725e-05,-0.8658539,0.0072377115,0.3861429,0.0028004542,0.024390554
489,3,1,B,B,301,0.1183313,-0.0074749934,0.89139867,8.3222054e-05,4.949782e-07,0.00020589867,-0.17351858,0.000436384,0.88873756,6.8960753e-06,1.7537619e-05,-7.736707e-05,0.00026238005,0.0019462815,7.967124e-05,0.0021671418,0.0,0.011038387,0.0061695175,-0.0038941873,-0.009294633,-0.8838626,-0.8846975,-0.87884474,1.040664e-05,-0.055020966,-0.89073694,0.04941444,-0.002377788,0.00087075937,-0.0003667431,6.6882803e-06,-5.2632087e-05,0.0,0.0,0.02588471,-0.0026695027,0.87966,-0.0022028144,5.8102887e-05,0.0024512645,-0.9032971,0.06663865,-0.0012947348,-8.985674e-05,0.7638956,0.0072527695,-0.56482774,0.0028006835,0.024541205
490,0,1,B,A,261,0.545232,-0.0072945682,0.8853768,8.306623e-05,4.827036e-07,0.00020458635,-0.17351411,0.00043540637,0.883134,6.8692225e-06,1.7537619e-05,-7.143549e-05,0.00026234152,0.0018265954,7.9589365e-05,0.002006415,0.0,0.011009275,0.006160045,-0.0038677996,-0.009285666,-0.8779465,-0.8787229,-0.87330836,9.388068e-06,-0.05451945,-0.8846867,0.04935719,-0.0023777343,0.0007918518,-0.00035676998,6.297827e-06,-5.0785064e-05,0.0,0.0,0.02471511,-0.002647767,0.8741354,-0.002198425,5.3658016e-05,0.0023461606,-0.8982099,0.06663695,-0.0012099865,-8.741487e-05,-0.85494447,0.0071709277,0.39576828,0.0027989785,0.023803947
491,6,1,A,B,274,0.6448332,-0.007364741,0.9031655,8.311519e-05,4.865013e-07,0.0002051465,-0.17351437,0.0004358516,0.9008899,6.881046e-06,1.7537619e-05,-7.352545e-05,0.00026236186,0.0018696934,7.962836e-05,0.0020632744,0.0,0.011022402,0.0061644716,-0.0038790444,-0.009289952,-0.8955244,-0.8964561,-0.8898583,9.738282e-06,-0.054728623,-0.9025621,0.049387254,-0.0023777504,0.0008191897,-0.00036061445,6.439011e-06,-5.1482933e-05,0.0,0.0,0.025147628,-0.0026568973,0.8906454,-0.0022004375,5.5225755e-05,0.0023853404,-0.9136295,0.0666381,-0.0011877164,-8.8366774e-05,-0.9702873,0.0072045554,0.6833134,0.0027998143,0.024085872
492,1,1,B,A,286,0.44261023,-0.007418977,0.8867476,8.315811e-05,4.905444e-07,0.0002055371,-0.17351857,0.00043613906,0.8843819,6.888997e-06,1.7537619e-05,-7.531272e-05,0.00026237263,0.0019057397,7.965215e-05,0.0021116482,0.0,0.011030979,0.0061672153,-0.0038868734,-0.009292553,-0.8792881,-0.8800791,-0.8745586,1.0044884e-05,-0.054878306,-0.88606375,0.049403578,-0.0023777822,0.00084295997,-0.00036361295,6.5566364e-06,-5.2038566e-05,0.0,0.0,0.025499905,-0.0026633816,0.87538356,-0.0022017257,5.656421e-05,0.002417009,-0.8993576,0.06663816,-0.0012759956,-8.9098336e-05,-0.5715625,0.0072290422,0.12038087,0.0028003051,0.024307694
493,2,0,A,B,329,0.4219807,-0.0075524286,0.8981974,8.3217936e-05,4.9871664e-07,0.0002063205,-0.17351812,0.00043663624,0.8957302,6.903856e-06,1.7537619e-05,-8.072737e-05,0.00026238553,0.0020104074,7.9689205e-05,0.0022574228,0.0,0.011046162,0.0061717737,-0.003902793,-0.009296573,-0.8905786,-0.8914738,-0.8851658,1.1023088e-05,-0.05519509,-0.89756936,0.049431667,-0.0023777888,0.0009175014,-0.00037114054,6.894621e-06,-5.349574e-05,0.0,0.0,0.026465219,-0.0026768625,0.8859655,-0.0022039209,6.06213e-05,0.0025031688,-0.9092563,0.0666388,-0.0013160424,-9.0953734e-05,-0.4410054,0.0072824885,0.06509118,0.0028010178,0.024873756
494,2,0,A,B,327,0.4099735,-0.007547859,0.898368,8.3215375e-05,4.984278e-07,0.00020629833,-0.17351812,0.00043662413,0.8958942,6.9034645e-06,1.7537619e-05,-8.0506106e-05,0.00026238532,0.0020062802,7.9688405e-05,0.0022515003,0.0,0.011045784,0.006171668,-0.0039023396,-0.009296486,-0.8907553,-0.8916497,-0.8853395,1.0981454e-05,-0.05518566,-0.8977401,0.049431153,-0.0023777892,0.00091436954,-0.0003708782,6.8814024e-06,-5.3443e-05,0.0,0.0,0.026428929,-0.0026764679,0.8861394,-0.002203868,6.0455637e-05,0.00249996,-0.9094257,0.0666388,-0.0013130814,-9.0889436e-05,-0.42197633,0.007280848,0.037422527,0.0028010039,0.02485374
495,1,2,A,A,302,0.025223525,-0.0074783205,0.9003865,8.322692e-05,4.9540364e-07,0.00020591874,-0.17351717,0.00043639686,0.8976536,6.896458e-06,1.7537619e-05,-7.749679e-05,0.0002623804,0.0019488145,7.967221e-05,0.002170677,0.0,0.011038781,0.0061696386,-0.003894614,-0.009294737,-0.89275825,-0.89366907,-0.8872337,1.042994e-05,-0.055029206,-0.899769,0.049413923,-0.0023777813,0.0008725303,-0.00036693068,6.696494e-06,-5.266826e-05,0.0,0.0,0.025908366,-0.0026698462,0.88802856,-0.0022028715,5.820022e-05,0.0024533551,-0.9110701,0.06663876,-0.0012563029,-8.989926e-05,0.8695389,0.007254124,-0.6855166,0.002800702,0.02455524
496,2,1,B,A,285,0.31263223,-0.0074148015,0.8891628,8.3175284e-05,4.9081285e-07,0.00020550839,-0.17351791,0.00043611866,0.88664895,6.888422e-06,1.7537619e-05,-7.516872e-05,0.00026237196,0.0019028476,7.96505e-05,0.0021077646,0.0,0.0110303685,0.006167027,-0.0038862987,-0.009292373,-0.8816501,-0.88246703,-0.8767584,1.0019913e-05,-0.054867182,-0.8884918,0.04940063,-0.002377779,0.0008410308,-0.00036338108,6.5472677e-06,-5.1995226e-05,0.0,0.0,0.025472146,-0.0026629013,0.87757736,-0.0022016347,5.6456014e-05,0.0024143802,-0.90138143,0.06663817,-0.0012647801,-8.903536e-05,0.098999776,0.0072272075,-0.19769777,0.0028002718,0.02429048
497,2,1,A,A,275,0.29232097,-0.007369621,0.89952433,8.314632e-05,4.880015e-07,0.0002051832,-0.1735151,0.00043587945,0.8969429,6.881804e-06,1.7537619e-05,-7.367968e-05,0.00026236303,0.0018727991,7.9630736e-05,0.0020674511,0.0,0.011023231,0.006164735,-0.0038797762,-0.009290211,-0.89189684,-0.892802,-0.88641447,9.7644515e-06,-0.054742575,-0.89890295,0.04938551,-0.002377757,0.00082122616,-0.00036088255,6.449261e-06,-5.1532246e-05,0.0,0.0,0.025178645,-0.002657502,0.8872109,-0.002200563,5.5340395e-05,0.0023879614,-0.91037446,0.06663814,-0.0012034002,-8.84208e-05,0.2048306,0.0072068144,-0.2514501,0.0027998635,0.02410568
498,1,1,A,A,350,0.22211492,-0.0075933337,0.8986309,8.325671e-05,5.02106e-07,0.00020650204,-0.17351805,0.0004367291,0.8959974,6.906966e-06,1.7537619e-05,-8.28925e-05,0.0002623868,0.0020500321,7.969509e-05,0.0023152246,0.0,0.011049097,0.006172561,-0.003906524,-0.009297204,-0.8910127,-0.89190996,-0.8855804,1.1439473e-05,-0.055274084,-0.8980042,0.049433842,-0.0023777897,0.0009486044,-0.00037350855,7.021082e-06,-5.3980653e-05,0.0,0.0,0.02680542,-0.0026801494,0.8863795,-0.0022043216,6.224182e-05,0.0025329394,-0.90959495,0.06663891,-0.001345972,-9.1526934e-05,0.52723277,0.00729643,-0.41149318,0.0028011217,0.02505576
499,1,2,A,A,276,0.03506648,-0.0073744333,0.9006307,8.316794e-05,4.8893764e-07,0.00020521908,-0.17351496,0.00043590664,0.8979001,6.882543e-06,1.7537619e-05,-7.383266e-05,0.0002623641,0.0018758946,7.963301e-05,0.0020716086,0.0,0.011024036,0.0061649997,-0.003880499,-0.0092904605,-0.89300835,-0.8939188,-0.8874774,9.790487e-06,-0.054756228,-0.90001297,0.04938439,-0.0023777569,0.0008232498,-0.000361148,6.4594274e-06,-5.1581057e-05,0.0,0.0,0.025209352,-0.0026580943,0.8882721,-0.0022006847,5.5454457e-05,0.00239061,-0.9113091,0.06663821,-0.0012020865,-8.847653e-05,0.8685442,0.0072090323,-0.6843398,0.0027999114,0.02412524
500,1,2,B,A,326,0.5471431,-0.007545526,0.88832456,8.320086e-05,4.9759734e-07,0.00020628687,-0.17351975,0.00043661782,0.8860561,6.903261e-06,1.7537619e-05,-8.039515e-05,0.0002623852,0.0020042118,7.9687976e-05,0.0022484784,0.0,0.011045586,0.0061716046,-0.003902082,-0.009296441,-0.8808353,-0.8816422,-0.87600434,1.0960531e-05,-0.055180606,-0.88764906,0.04943279,-0.0023777955,0.00091280753,-0.00037074432,6.8747113e-06,-5.3415977e-05,0.0,0.0,0.026410498,-0.0026762644,0.8768255,-0.0022038405,6.037245e-05,0.00249843,-0.9007476,0.066638485,-0.0013629495,-9.086282e-05,-0.8737766,0.007280005,0.4115609,0.002800996,0.024843538
