trial,n_B,n_A,juice_left,chosen_juice,n_steps,unit_00,unit_01,unit_02,unit_03,unit_04,unit_05,unit_06,unit_07,unit_08,unit_09,unit_10,unit_11,unit_12,unit_13,unit_14,unit_15,unit_16,unit_17,unit_18,unit_19,unit_20,unit_21,unit_22,unit_23,unit_24,unit_25,unit_26,unit_27,unit_28,unit_29,unit_30,unit_31,unit_32,unit_33,unit_34,unit_35,unit_36,unit_37,unit_38,unit_39,unit_40,unit_41,unit_42,unit_43,unit_44,unit_45,unit_46,unit_47,unit_48,unit_49
1,3,1,A,B,279,0.0,0.0,0.0,0.0,0.0,0.0,0.119368486,0.10905638,0.0,0.0,0.0,0.0,0.56797034,0.0,0.0,0.0,0.0,1.237502,0.0,0.074222095,0.0,0.0,0.0,0.0,0.0,0.31505,0.0,0.0,0.0,0.025826607,0.1267646,0.0,0.0,0.0,0.4528886,0.0,0.0,0.0,1.345304,2.2667413,0.0,8.053972,0.0,0.0,0.0,0.0,0.40567183,0.0,0.0,0.67982054
2,6,1,B,B,283,0.0,0.0,0.0,0.0,0.0,0.0,0.119368486,0.10905638,0.0,0.0,0.0,0.0,0.51929116,0.0,2.0885308,0.0,0.0,0.9769922,0.0,0.074222095,0.0,0.0,0.0,1.6667562,0.0,0.31505,0.5787021,1.3465681,0.0,0.17016166,0.12675856,0.0,0.0,0.0,0.3958793,0.0,0.0,0.0,0.003201292,1.8563094,4.1511526,3.4913418,0.0,0.0,0.31320933,0.14248656,0.40555203,1.3432562,0.0,0.67966753
3,10,1,B,B,271,0.0,0.0,0.0,0.0,0.0,0.0,0.119368486,0.10905638,0.0,0.0,0.0,8.187762e-05,0.5192869,0.0,4.50007,0.0,0.0,0.9769369,0.0,0.074222095,0.0,0.0,0.0,2.481006,0.0,0.31505,1.3835541,2.9805758,0.0,1.2782077,0.1267585,0.0,0.0,0.0,0.39587024,0.0,0.0,0.0,0.0,3.4145148,6.78956,3.4863863,0.0,0.0,0.7065247,0.26746976,0.40555188,2.6192975,0.0,0.67966735
4,2,1,B,B,253,0.0,0.0,0.0,0.0,0.0,0.0,0.119368486,0.10905638,0.0,0.0,0.0,0.0,0.55332273,0.0,0.0,0.0,0.0,1.0203984,0.0,0.074222095,0.0,0.0,0.0,0.0,0.0,0.31505,0.0,0.0,0.0,0.025894184,0.12676418,0.0,0.07114597,0.0,0.48689857,0.0,0.0,0.0,2.4747214,0.5254125,0.001211121,3.4153461,0.0,0.0,0.0,0.0,0.4057733,0.0017435476,0.0,0.680514
5,3,1,A,B,320,0.0,0.0,0.0,0.0,0.0,0.0,0.119368486,0.10905638,0.0,0.0,0.0,0.0,0.5564148,0.0,0.0,0.0,0.0,1.1716815,0.0,0.074222095,0.0,0.0,0.0,0.0,0.0,0.31505,0.0,0.0,0.0,0.025826607,0.12676615,0.0,0.0,0.0,0.44834813,0.0,0.0,0.0,1.364028,2.1858044,0.0,7.8401313,0.0,0.0,0.0,0.0,0.4056621,0.0,0.0,0.67979056
6,1,2,A,A,276,0.0,0.0,0.0,0.0,0.0,0.0,0.119368486,0.10905638,0.0,0.0,0.0,0.0,0.5193811,0.0,0.1905294,0.0,0.0,0.9777556,0.0,0.074222095,0.0,0.0,0.0,0.3789891,0.0,0.31505,0.028814696,0.15159863,0.0,0.15121663,0.12676503,0.0,0.0,0.0,0.39603412,0.0,0.0,0.0,0.88363814,0.89882714,1.8279208,3.19287,0.0,0.0,0.14761183,0.0009623234,0.40556678,0.9128521,0.0,0.6796776
7,2,0,B,B,309,0.0,0.0,0.0,0.0,0.0,0.0,0.119368486,0.10905638,0.0,0.0,0.0,0.0,0.5196854,0.0,0.1408291,0.0,0.0,0.9786745,0.0,0.074222095,0.0,0.0,0.0,0.05907233,0.0,0.31505,0.07106121,0.06359381,0.0,0.13893907,0.12676321,0.0,0.14650206,0.0,0.3966407,0.0,0.0,0.0,2.5950222,0.29728016,1.4591533,3.1905878,0.0,0.0,0.09875161,0.02338398,0.40558174,0.61571807,0.0,0.6797073
8,3,1,A,B,278,0.0,0.0,0.0,0.0,0.0,0.0,0.119368486,0.10905638,0.0,0.0,0.0,0.0,0.5447017,0.0,0.0,0.0,0.0,1.13488,0.0,0.074222095,0.0,0.0,0.0,0.0,0.0,0.31505,0.0,0.0,0.0,0.025826711,0.12677103,0.0,0.0,0.0,0.42582262,0.0,0.0,0.0,1.4050019,1.9766078,0.0,6.868273,0.0,0.0,0.0,0.0,0.40568763,0.0,0.0,0.6798189
9,1,2,A,A,266,0.0,0.0,0.0,1.2134247e-05,0.0,0.0,0.119368486,0.10905638,0.0,0.0,0.0,0.0,0.5193153,0.0,0.037677396,0.0,0.0,0.97719526,0.0,0.074222095,0.0,0.0,0.0,0.14597087,0.0,0.31505,0.009746882,0.042767156,0.0,0.17091009,0.1267601,0.0,0.0,0.0,0.39591968,0.0,0.0,0.0,1.1887579,0.8100756,1.6070331,3.3758051,0.0,0.0,0.1458091,0.000120773555,0.40555564,1.0425066,0.0,0.6796693
10,10,1,B,B,328,0.0,0.0,0.0,0.0,0.0,0.0,0.119368486,0.10905638,0.0,0.0,0.0,0.0,0.51928705,0.0,3.9534812,0.0,0.0,0.9769434,0.0,0.074222095,0.0,0.0,0.0,1.9692949,0.0,0.31505,1.1220855,2.5208895,0.0,0.88461214,0.1267585,0.0,0.0,0.0,0.39587134,0.0,0.0,0.0,0.0,3.0851068,5.457899,3.485382,0.0,0.0,0.9604395,0.11681184,0.40555188,2.4799023,0.0,0.67966735
11,4,1,A,B,253,0.0,0.0,0.0,0.0,0.0,0.0,0.119368486,0.10905638,0.0,0.0,0.0,0.0,0.646437,0.0,0.0,0.0,0.0,2.6099992,0.0,0.074222095,0.0,0.0,0.0,0.0,0.0,0.31505,0.0,0.0,0.0,0.025826607,0.1267621,0.0,0.0,0.0,0.539732,0.0,0.0,0.0,1.3300568,2.9134479,0.0,9.994692,0.0,0.0,0.0,0.0,0.40569633,0.0,0.0,0.6799271
12,4,1,B,B,327,0.0,0.0,0.0,0.0,0.0,0.0,0.119368486,0.10905638,0.0,1.3529981e-05,0.0,0.0,0.51934546,0.0,0.48344716,0.0,0.0,0.9774921,0.0,0.074222095,0.0,0.0,0.0,0.68641305,0.0,0.31505,0.17490052,0.30325103,0.0,0.13133246,0.12676173,0.0,0.0,0.0,0.39597213,0.0,0.0,0.0,1.328326,0.74991804,2.165987,3.2550154,0.0,0.0,0.17118177,0.06094742,0.4055602,1.087163,0.0,0.67967224
13,2,0,A,B,254,0.0,0.0,0.0,0.0,0.0,0.0,0.119368486,0.10905638,0.0,0.0,0.0,0.0,0.52951044,0.0,0.0,0.0,0.0,1.0462584,0.0,0.074222095,0.0,0.0,0.0,0.0,0.0,0.31505,0.0,0.0,0.0,0.025826605,0.1267687,0.0,0.0,0.0,0.40919068,0.0,0.0,0.0,1.3893671,1.6168551,0.0,5.541707,0.0,0.0,0.0,0.0,0.40564975,0.0,0.0,0.679766
14,10,1,B,B,256,0.0,0.0,0.0,0.0,0.0,0.0,0.119368486,0.10905638,0.0,0.0,0.0,9.390155e-05,0.5192868,0.0,4.117923,0.0,0.0,0.9769365,0.0,0.074222095,0.0,0.0,0.0,2.3846564,0.0,0.31505,1.2652978,2.7294161,0.0,0.861539,0.1267585,0.0,0.0,0.0,0.3958702,0.0,0.0,0.0,0.038153484,3.3060398,6.5599737,3.4865088,0.0,0.0,0.72553134,0.2670537,0.40555188,2.4446301,0.0,0.67966735
15,0,1,B,A,258,0.0,0.0,0.0,0.0,0.0,0.0,0.119368486,0.10905638,0.0,0.0,0.0,0.0,0.5614203,0.0,0.0,0.0,0.0,1.0956428,0.0,0.074222095,0.0,0.0,0.0,0.0,0.0,0.31505,0.0,0.0,0.0,0.025826607,0.12676215,0.0,0.0005949143,0.0,0.49874997,0.0,0.0,0.0,2.8580923,0.89099044,0.0,5.4198427,0.0,0.0,0.0,0.0,0.4056789,0.0,0.0,0.67991585
16,1,2,A,A,296,0.0,0.0,0.0,0.0,0.0,0.0,0.119368486,0.10905638,0.0,0.0,0.0,0.0,0.5193694,0.0,0.06479131,0.0,0.0,0.97768426,0.0,0.074222095,0.0,0.0,0.0,0.10360911,0.0,0.31505,0.026057351,0.06571208,0.0,0.1529409,0.12676272,0.0,0.0,0.0,0.3960097,0.0,0.0,0.0,1.3991027,0.5611329,1.9392034,3.2869234,0.0,0.0,0.12360392,0.007944919,0.40556198,1.1602964,0.0,0.6796747
17,0,1,B,A,292,0.0,0.0,0.0,0.0,0.0,0.0,0.119368486,0.10905638,0.0,0.0,0.0,0.0,0.59562606,0.0,0.0,0.0,0.0,1.2227575,0.0,0.074222095,0.0,0.0,0.0,0.0,0.0,0.31505,0.0,0.0,0.0,0.025826607,0.12676145,0.0,0.003802872,0.0,0.52642953,0.0,0.0,0.0,3.3488352,0.7828097,0.0,5.7969985,0.0,0.0,0.0,0.0,0.40570122,0.0,0.0,0.6799888
18,4,1,B,B,285,0.0,0.0,0.0,0.0,0.0,0.0,0.119368486,0.10905638,0.0,4.9345467e-06,0.0,0.0,0.5193052,0.0,0.40443444,0.0,0.0,0.9771021,0.0,0.074222095,0.0,0.0,0.0,0.403447,0.0,0.31505,0.15322743,0.28062674,0.0,0.12571892,0.12675945,0.0,0.0,0.0,0.39590415,0.0,0.0,0.0,1.0281073,0.6217182,2.7884393,3.4098322,0.0,0.0,0.13623126,0.050437283,0.40555486,1.312079,0.0,0.6796688
19,4,1,A,B,335,0.0,0.0,0.0,0.0,0.0,0.0,0.119368486,0.10905638,0.0,0.0,0.0,0.0,0.7058866,0.0,0.0,0.0,0.0,2.2665899,0.0,0.074222095,0.0,0.0,0.0,0.0,0.0,0.31505,0.0,0.0,0.0,0.025826607,0.12676209,0.0,0.0,0.0,0.6048887,0.0,0.0,0.0,1.332518,2.8652637,0.0,10.468981,0.0,0.0,0.0,0.0,0.40571362,0.0,0.0,0.6800148
20,2,1,A,B,279,0.0,0.0,0.0,0.0,0.0,0.0,0.119368486,0.10905638,0.0,0.0,0.0,0.0,0.5269223,0.0,0.0,0.0,0.0,1.0381149,0.0,0.074222095,0.0,0.0,0.0,0.0,0.0,0.31505,0.0,0.0,0.0,0.025826698,0.12677194,0.0,0.0,0.0,0.40588224,0.0,0.0,0.0,1.4857007,1.2197201,0.0,4.425336,0.0,0.0,0.0,0.0,0.4056827,0.0,0.0,0.6797995
21,2,1,A,A,337,0.0,0.0,0.0,0.0,0.0,0.0,0.119368486,0.10905638,0.0,0.0,0.0,0.0,0.5302367,0.0,0.0,0.0,0.0,1.0633279,0.0,0.074222095,0.0,0.0,0.0,0.0,0.0,0.31505,0.0,0.0,0.0,0.02582666,0.12677994,0.0,0.0,0.0,0.41123366,0.0,0.0,0.0,1.577518,1.4341822,0.0,5.197597,0.0,0.0,0.0,0.0,0.40573555,0.00020787894,0.0,0.67984027
22,2,0,A,B,300,0.0,0.0,0.0,0.0,0.0,0.0,0.119368486,0.10905638,0.0,0.0,0.0,0.0,0.53835464,0.0,0.0,0.0,0.0,1.0910476,0.0,0.074222095,0.0,0.0,0.0,0.0,0.0,0.31505,0.0,0.0,0.0,0.025826601,0.12676927,0.0,0.0,0.0,0.42362565,0.0,0.0,0.0,1.4164032,1.8388745,0.0,6.534657,0.0,0.0,0.0,0.0,0.40567306,0.0,0.0,0.6797922
23,1,2,B,A,306,0.0,0.0,0.0,0.0,0.0,0.0,0.119368486,0.10905638,0.0,0.0,0.0,0.0,0.6080895,0.0,0.0,0.0,0.0,1.1438124,0.0,0.074222095,0.0,0.0,0.0,0.0,0.0,0.31505,0.0,0.0,0.0,0.025826618,0.12676407,0.0,0.0,0.0,0.5815062,0.0,0.0,0.0,1.7670548,1.7008324,0.0,8.164203,0.0,0.0,0.0,0.0,0.4056927,0.0,0.0,0.67995435
24,4,1,A,B,289,0.0,0.0,0.0,0.0,0.0,0.0,0.119368486,0.10905638,0.0,0.0,0.0,0.0,0.64666444,0.0,0.0,0.0,0.0,3.0053856,0.0,0.074222095,0.0,0.0,0.0,0.0,0.0,0.31505,0.0,0.0,0.0,0.025826607,0.12676121,0.0,0.0,0.0,0.53239614,0.0,0.0,0.0,1.3304687,2.9850836,0.0,10.736921,0.0,0.0,0.0,0.0,0.40570453,0.0,0.0,0.6799727
25,1,2,B,A,295,0.0,0.0,0.0,0.0,0.0,0.0,0.119368486,0.10905638,0.0,0.0,0.0,0.0,0.62731194,0.0,0.0,0.0,0.0,1.3375,0.0,0.074222095,0.0,0.0,0.0,0.0,0.0,0.31505,0.0,0.0,0.0,0.025826607,0.1267621,0.0,0.0,0.0,0.53031915,0.0,0.0,0.0,1.8759644,1.5449909,0.0,7.8217006,0.0,0.0,0.0,0.0,0.40570736,0.0,0.0,0.6800066
26,2,0,B,B,333,0.0,0.0,0.0,0.0,0.0,0.0,0.119368486,0.10905638,0.0,0.0,0.0,0.0,0.5205881,0.0,0.023499949,0.0,0.0,0.98083043,0.0,0.074222095,0.0,0.0,0.0,0.00443961,0.0,0.31505,0.01132711,0.014441674,0.0,0.20561782,0.1267649,0.0,0.13701032,0.0,0.39853203,0.0,0.0,0.0,2.8400228,0.37249142,0.6754355,3.1455238,0.0,0.0,0.08886283,0.004766904,0.40561268,0.168033,0.0,0.67976654
27,1,2,B,A,255,0.0,0.0,0.0,0.0,0.0,0.0,0.119368486,0.10905638,0.0,0.0,0.0,0.0,0.59646124,0.0,0.0,0.0,0.0,1.2212667,0.0,0.074222095,0.0,0.0,0.0,0.0,0.0,0.31505,0.0,0.0,0.0,0.025826607,0.12676166,0.0,1.6283455e-07,0.0,0.5056345,0.0,0.0,0.0,2.023265,1.4495082,0.0,6.88096,0.0,0.0,0.0,0.0,0.4056897,0.0,0.0,0.6799391
28,2,0,B,B,268,0.0,0.0,0.00084586913,0.0,0.0,0.0,0.119368486,0.10905638,0.0,0.0,0.0,0.0,0.52165884,0.0,0.00011201422,0.0,0.0,0.98247963,0.0,0.074222095,0.0,0.0,0.0,0.0029198637,0.0,0.31505,0.00021968753,0.0015713264,0.0,0.043788858,0.12676291,0.0,0.16699526,0.0,0.40293008,0.0,0.0,0.0,2.5411406,0.2866921,0.4717797,3.3421583,0.0,0.0,0.03306412,0.00021010119,0.40563393,0.04477944,0.0,0.67984587
29,2,0,A,B,351,0.0,0.0,0.0,0.0,0.0,0.0,0.119368486,0.10905638,0.0,0.0,0.0,0.0,0.53829616,0.0,0.0,0.0,0.0,1.0947843,0.0,0.074222095,0.0,0.0,0.0,0.0,0.0,0.31505,0.0,0.0,0.0,0.025826607,0.12676767,0.0,0.0,0.0,0.42505887,0.0,0.0,0.0,1.4454317,1.7014885,0.0,6.1484027,0.0,0.0,0.0,0.0,0.40567273,0.0,0.0,0.6797905
30,10,1,B,B,342,0.0,0.0,0.0,0.0,0.0,0.0,0.119368486,0.10905638,0.0,0.0,0.0,0.0,0.51928425,0.0,3.9959414,0.0,0.0,0.97692305,0.0,0.074222095,0.0,0.0,0.0,2.178079,0.0,0.31505,1.1939924,2.6156094,0.0,1.4869368,0.12675835,0.0,0.0,0.0,0.3958665,0.0,0.0,0.0,0.0,3.0586271,6.06464,3.511544,0.0,0.0,0.70736957,0.18979402,0.4055518,2.4110126,0.0,0.67966735
31,6,1,A,B,311,0.0,0.0,0.0,0.0,0.0,0.0,0.119368486,0.10905638,0.0,0.0,0.0,0.0,0.9080149,0.0,0.0,0.0,0.0,6.8679185,0.0,0.074222095,0.0,0.0,0.0,0.0,0.0,0.31505,0.0,0.0,0.0,0.025826607,0.1267605,0.0,0.0,0.0,0.86322075,0.0,0.0,0.0,1.3269333,4.152478,0.0,14.604575,0.0,0.0,0.0,0.0,0.40576133,0.0,0.0,0.6802632
32,2,1,B,A,279,0.0,0.0,0.0,0.0,0.0,0.0,0.119368486,0.10905638,0.0,0.0,0.0,0.0,0.55111593,0.0,0.0,0.0,0.0,1.0640398,0.0,0.074222095,0.0,0.0,0.0,0.0,0.0,0.31505,0.0,0.0,0.0,0.025896918,0.12676553,0.0,0.038220603,0.0,0.48885736,0.0,0.0,0.0,2.6478717,0.64081436,0.0,4.221217,0.0,0.0,0.0,0.0,0.40576062,0.00018562126,0.0,0.68019015
33,1,1,B,A,295,0.0,0.0,0.0,0.0,0.0,0.0,0.119368486,0.10905638,0.0,0.0,0.0,0.0,0.5666402,0.0,0.0,0.0,0.0,1.0814306,0.0,0.074222095,0.0,0.0,0.0,0.0,0.0,0.31505,0.0,0.0,0.0,0.025826614,0.1267636,0.0,0.08697326,0.0,0.48159108,0.0,0.0,0.0,3.2674255,0.49314633,0.0,5.537923,0.0,0.0,0.0,0.0,0.40568858,0.0,0.0,0.67995834
34,1,1,A,A,276,0.0,0.0,0.0,8.407367e-06,2.7777132e-06,0.0,0.119368486,0.10905638,0.0,0.0,0.0,0.0,0.5198903,0.0,0.003739125,0.0,0.0,0.98194337,0.0,0.074222095,0.0,0.0,0.0,0.0052400227,0.0,0.31505,0.00012483007,0.010421252,0.0,0.11835417,0.12678319,0.0,0.0,0.0,0.39669552,0.0,0.0,0.0,1.5139734,0.7951949,0.5807709,2.7857897,0.0,0.0,0.031366803,0.00022747234,0.405636,0.52815837,0.0,0.6797376
35,3,1,A,B,307,0.0,0.0,0.0,0.0,0.0,0.0,0.119368486,0.10905638,0.0,0.0,0.0,0.0,0.5485035,0.0,0.0,0.0,0.0,1.1313201,0.0,0.074222095,0.0,0.0,0.0,0.0,0.0,0.31505,0.0,0.0,0.0,0.025826607,0.12676553,0.0,0.0,0.0,0.43946114,0.0,0.0,0.0,1.3695586,2.0208325,0.0,7.28094,0.0,0.0,0.0,0.0,0.40565977,0.0,0.0,0.6797872
36,1,2,B,A,296,0.0,0.0,0.0,0.0,0.0,0.0,0.119368486,0.10905638,0.0,0.0,0.0,0.0,0.61256665,0.0,0.0,0.0,0.0,1.2358725,0.0,0.074222095,0.0,0.0,0.0,0.0,0.0,0.31505,0.0,0.0,0.0,0.025826607,0.1267624,0.0,0.0,0.0,0.5362964,0.0,0.0,0.0,1.725301,1.6387496,0.0,8.252458,0.0,0.0,0.0,0.0,0.40569687,0.0,0.0,0.6799622
37,1,1,A,A,334,0.0,0.0,0.0,0.0,0.0,0.0,0.119368486,0.10905638,0.0,0.0,0.0,0.0,0.5209539,0.0,0.0,0.0,0.0,0.99222785,0.0,0.074222095,0.0,0.0,0.0,0.0,0.0,0.31505,0.0,0.0,0.0,0.13537215,0.12682147,0.0,0.0,0.0,0.39793697,0.0,0.0,0.0,1.7014285,0.7748465,0.20914268,2.6701765,0.0,0.0,0.009453272,0.0,0.40576625,0.37656155,0.0,0.67985785
38,0,1,A,A,342,0.0,0.0,0.0,2.026341e-05,1.3606456e-05,0.0,0.119368486,0.10905638,0.0,0.0,0.0,0.0,0.51944315,0.0,0.022312913,0.0,0.0,0.97844034,0.0,0.074222095,0.0,0.0,0.0,0.15959346,0.0,0.31505,0.025750058,0.02014366,0.0,0.20166595,0.1267647,0.0,0.0,0.0,0.3961123,0.0,0.0,0.0,1.8205538,0.48837945,1.1690512,3.2587655,0.0,0.0,0.121939346,0.011162018,0.40556815,1.0569274,0.0,0.6796795
39,2,0,A,B,318,0.0,0.0,0.0,0.0,0.0,0.0,0.119368486,0.10905638,0.0,0.0,0.0,0.0,0.5419735,0.0,0.0,0.0,0.0,1.1114261,0.0,0.074222095,0.0,0.0,0.0,0.0,0.0,0.31505,0.0,0.0,0.0,0.025826607,0.12676714,0.0,0.0,0.0,0.42835563,0.0,0.0,0.0,1.3946437,1.9144957,0.0,6.833517,0.0,0.0,0.0,0.0,0.4056651,0.0,0.0,0.6797866
40,2,0,B,B,333,0.0,0.0,0.0,7.315579e-06,0.0,0.0,0.119368486,0.10905638,0.0,0.0,0.0,0.0,0.5223659,0.0,0.07206671,0.0,0.0,0.9846572,0.0,0.074222095,0.0,0.0,0.0,0.008220885,0.0,0.31505,0.034839004,0.042901363,0.0,0.0365762,0.12676482,0.0,0.157934,0.0,0.40290165,0.0,0.0,0.0,2.6996818,0.34513423,0.930909,3.1515374,0.0,0.0,0.008109925,0.0068871016,0.40568534,0.33322203,0.0,0.6799466
41,2,0,B,B,270,0.0,0.0,0.0,6.584158e-07,0.0,0.0,0.119368486,0.10905638,0.0,0.0,0.0,0.0,0.5198564,0.0,0.0,0.0,0.0,0.97912735,0.0,0.074222095,0.0,0.0,0.0,1.6752514e-05,0.0,0.31505,0.0,0.00024079187,0.0,0.08444274,0.12676303,0.0,0.4107592,0.0,0.3969333,0.0,0.0,0.0,2.38436,0.3552897,0.2430574,3.264764,0.0,0.0,0.00015241693,0.0,0.40558252,0.021247193,0.0,0.6797111
42,2,1,A,B,280,0.0,0.0,0.0,0.0,0.0,0.0,0.119368486,0.10905638,0.0,0.0,0.0,0.0,0.5265729,0.0,0.0,0.0,0.0,1.036737,0.0,0.074222095,0.0,0.0,0.0,0.0,0.0,0.31505,0.0,0.0,0.0,0.025827017,0.12677884,0.0,0.0,0.0,0.40548497,0.0,0.0,0.0,1.4934888,1.3560743,0.0,4.753737,0.0,0.0,0.0,0.0,0.40569875,0.0,0.0,0.6798099
43,3,1,B,B,288,0.0,0.0,0.0,1.3126034e-05,1.2531564e-06,0.0,0.119368486,0.10905638,0.0,1.9677464e-05,0.0,0.0,0.51969564,0.0,0.015036769,0.0,0.0,0.9792984,0.0,0.074222095,0.0,0.0,0.0,0.009791588,0.0,0.31505,0.014810661,0.021390662,0.0,0.19172765,0.12676454,0.0,0.0,0.0,0.3965628,0.0,0.0,0.0,1.8085353,0.6668454,1.222962,3.1773813,0.0,0.0,0.07807185,0.006397267,0.40558356,0.8691235,0.0,0.67969644
44,10,1,B,B,317,0.0,0.0,0.0,0.0,0.0,0.0,0.119368486,0.10905638,0.0,0.0,0.0,0.0005004075,0.5192862,0.0,4.341033,0.0,0.0,0.97693586,0.0,0.074222095,0.0,0.0,0.0,1.7504364,0.0,0.31505,1.1307999,2.654924,0.0,0.54600775,0.1267585,0.0,0.0,0.0,0.39587012,0.0,0.0,0.0,0.0,3.4756382,4.8444896,3.4890344,0.0,0.0,1.6226761,0.048414227,0.40555188,2.8748887,0.0,0.67966735
45,1,2,B,A,343,0.0,0.0,0.0,0.0,0.0,0.0,0.119368486,0.10905638,0.0,0.0,0.0,0.0,0.5815694,0.0,0.0,0.0,0.0,1.1447586,0.0,0.074222095,0.0,0.0,0.0,0.0,0.0,0.31505,0.0,0.0,0.0,0.025826607,0.12676309,0.0,0.0,0.0,0.53631616,0.0,0.0,0.0,1.9882035,1.7613139,0.0,8.211613,0.0,0.0,0.0,0.0,0.4056774,0.0,0.0,0.67987055
46,1,2,B,A,301,0.0,0.0,0.0,0.0,0.0,0.0,0.119368486,0.10905638,0.0,0.0,0.0,0.0,0.5743665,0.0,0.0,0.0,0.0,1.1249168,0.0,0.074222095,0.0,0.0,0.0,0.0,0.0,0.31505,0.0,0.0,0.0,0.025826607,0.12676327,0.0,0.0,0.0,0.51515764,0.0,0.0,0.0,2.1642365,1.5332778,0.0,7.582293,0.0,0.0,0.0,0.0,0.4056733,0.0,0.0,0.6798666
47,4,1,B,B,293,0.0,0.0,0.0,0.0,0.0,0.0,0.119368486,0.10905638,0.0,3.051724e-05,0.0,0.0,0.51935965,0.0,0.7972896,0.0,0.0,0.9776687,0.0,0.074222095,0.0,0.0,0.0,0.5265629,0.0,0.31505,0.26209554,0.4951101,0.0,0.15881601,0.1267596,0.0,0.0,0.0,0.39598313,0.0,0.0,0.0,0.52271456,0.70418847,3.1461506,3.4380126,0.0,0.0,0.1971796,0.059675608,0.40555725,1.3104669,0.0,0.6796722
48,2,1,A,A,335,0.0,0.0,0.0,0.0,0.0,0.0,0.119368486,0.10905638,0.0,0.0,0.0,0.0,0.53032583,0.0,0.0,0.0,0.0,1.0656143,0.0,0.074222095,0.0,0.0,0.0,0.0,0.0,0.31505,0.0,0.0,0.0,0.025826747,0.126777,0.0,0.0,0.0,0.41108754,0.0,0.0,0.0,1.5700189,1.3454131,0.0,4.8312845,0.0,0.0,0.0,0.0,0.40572536,0.00014494092,0.0,0.67983377
49,3,1,A,B,259,0.0,0.0,0.0,0.0,0.0,0.0,0.119368486,0.10905638,0.0,0.0,0.0,0.0,0.6478109,0.0,0.0,0.0,0.0,2.4352274,0.0,0.074222095,0.0,0.0,0.0,0.0,0.0,0.31505,0.0,0.0,0.0,0.025826607,0.12676457,0.0,0.0,0.0,0.534325,0.0,0.0,0.0,1.3412014,2.13225,0.0,7.4076457,0.0,0.0,0.0,0.0,0.40567932,0.0,0.0,0.67984045
50,2,1,A,A,300,0.0,0.0,0.0,0.0,0.0,0.0,0.119368486,0.10905638,0.0,0.0,0.0,0.0,0.52892506,0.0,0.0,0.0,0.0,1.0472753,0.0,0.074222095,0.0,0.0,0.0,0.0,0.0,0.31505,0.0,0.0,0.0,0.025826607,0.12677088,0.0,0.0,0.0,0.40947354,0.0,0.0,0.0,1.4793781,1.2711426,0.0,4.7134585,0.0,0.0,0.0,0.0,0.40567625,0.0,0.0,0.6797863
51,1,1,B,A,320,0.0,0.0,0.0,0.0,0.0,0.0,0.119368486,0.10905638,0.0,0.0,0.0,0.0,0.5904773,0.0,0.0,0.0,0.0,1.1981728,0.0,0.074222095,0.0,0.0,0.0,0.0,0.0,0.31505,0.0,0.0,0.0,0.025826607,0.12676424,0.0,0.013137035,0.0,0.6683295,0.0,0.0,0.0,3.2115133,0.82215387,0.0,5.476969,0.0,0.0,0.0,0.0,0.40573445,0.0,0.0,0.6801624
52,6,1,B,B,272,0.0,0.0,0.0,0.0,0.0,0.0,0.119368486,0.10905638,0.0,0.0,0.0,0.0,0.5192997,0.0,2.1239877,0.0,0.0,0.97706795,0.0,0.074222095,0.0,0.0,0.0,1.7219758,0.0,0.31505,0.5837674,1.3508992,0.0,0.5137835,0.1267588,0.0,0.0,0.0,0.39589456,0.0,0.0,0.0,0.0033602437,1.9411228,4.101193,3.4464216,0.0,0.0,0.4030489,0.15433817,0.4055533,1.380665,0.0,0.6796682
53,1,2,A,A,289,0.0,0.0,0.0,0.0,0.0,0.0,0.119368486,0.10905638,0.0,2.4649569e-06,0.0,0.0,0.5193641,0.0,0.21926026,0.0,0.0,0.9777401,0.0,0.074222095,0.0,0.0,0.0,0.44195244,0.0,0.31505,0.03879521,0.16144663,0.0,0.17254344,0.12676363,0.0,0.0,0.0,0.3960038,0.0,0.0,0.0,0.89057803,0.81367606,2.162769,3.1370919,0.0,0.0,0.18337339,0.012194859,0.40556538,1.1578026,0.0,0.67967635
54,2,1,A,A,286,0.0,0.0,0.0,0.0,0.0,0.0,0.119368486,0.10905638,0.0,0.0,0.0,0.0,0.5264541,0.0,0.0,0.0,0.0,1.0358659,0.0,0.074222095,0.0,0.0,0.0,0.0,0.0,0.31505,0.0,0.0,0.0,0.025826648,0.1267761,0.0,0.0,0.0,0.40533298,0.0,0.0,0.0,1.5061502,1.1690731,0.0,4.3487816,0.0,0.0,0.0,0.0,0.40569374,5.097187e-05,0.0,0.67980456
55,2,0,A,B,252,0.0,0.0,0.0,0.0,0.0,0.0,0.119368486,0.10905638,0.0,0.0,0.0,0.0,0.53315395,0.0,0.0,0.0,0.0,1.0655949,0.0,0.074222095,0.0,0.0,0.0,0.0,0.0,0.31505,0.0,0.0,0.0,0.025826607,0.12676571,0.0,0.0,0.0,0.41391018,0.0,0.0,0.0,1.3559604,1.7096071,0.0,5.930124,0.0,0.0,0.0,0.0,0.40564433,0.0,0.0,0.67976713
56,0,1,A,A,311,0.0,0.0,0.0,0.0,0.0,0.0,0.119368486,0.10905638,0.0,0.0,0.0,0.0,0.5193702,0.0,0.0042397953,0.0,0.0,0.97772515,0.0,0.074222095,0.0,0.0,0.0,0.009098711,0.0,0.31505,0.0012414337,0.009379424,0.0,0.1621642,0.12676336,0.0,0.0,0.0,0.39600676,0.0,0.0,0.0,1.6428826,0.5044571,1.363244,3.2477298,0.0,0.0,0.04879572,0.0004741189,0.4055629,1.0218439,0.0,0.6796752
57,2,1,A,A,343,0.0,0.0,0.0,0.0,0.0,0.0,0.119368486,0.10905638,0.0,0.0,0.0,0.0,0.52757645,0.0,0.0,0.0,0.0,1.0540979,0.0,0.074222095,0.0,0.0,0.0,0.0,0.0,0.31505,0.0,0.0,0.0,0.025832582,0.12679183,0.0,0.0,0.0,0.40656576,0.0,0.0,0.0,1.6608348,1.0105212,0.0,3.7667124,0.0,0.0,0.0,0.0,0.40577847,0.0008960371,0.0,0.67988336
58,6,1,A,B,260,0.0,0.0,0.0,0.0,0.0,0.0,0.119368486,0.10905638,0.0,0.0,0.0,0.0,0.96413976,0.0,0.0,0.0,0.0,7.3802476,0.0,0.074222095,0.0,0.0,0.0,0.0,0.0,0.31505,0.0,0.0,0.0,0.025826607,0.12676041,0.0,0.0,0.0,0.9400761,0.0,0.0,0.0,1.3271027,4.0768356,0.0,14.081051,0.0,0.0,0.0,0.0,0.40576813,0.0,0.0,0.6803172
59,4,1,A,B,286,0.0,0.0,0.0,0.0,0.0,0.0,0.119368486,0.10905638,0.0,0.0,0.0,0.0,0.6458809,0.0,0.0,0.0,0.0,2.0742784,0.0,0.074222095,0.0,0.0,0.0,0.0,0.0,0.31505,0.0,0.0,0.0,0.025826607,0.12676336,0.0,0.0,0.0,0.5360878,0.0,0.0,0.0,1.3342589,3.106323,0.0,10.950928,0.0,0.0,0.0,0.0,0.4056954,0.0,0.0,0.6799079
60,0,1,A,A,262,0.0,0.0,0.0,0.0,0.0,0.0,0.119368486,0.10905638,0.0,0.0,0.0,0.0,0.5194098,0.0,0.011290265,0.0,0.0,0.9780077,0.0,0.074222095,0.0,0.0,0.0,0.026337106,0.0,0.31505,0.0069377166,0.026588518,0.0,0.114752054,0.12676564,0.0,0.0,0.0,0.39607325,0.0,0.0,0.0,1.3415277,0.797266,1.6181633,3.1233103,0.0,0.0,0.03233917,0.0022527992,0.40557128,0.90824926,0.0,0.6796818
61,2,1,A,B,281,0.0,0.0,0.0,0.0,0.0,0.0,0.119368486,0.10905638,0.0,0.0,0.0,0.0,0.52711165,0.0,0.0,0.0,0.0,1.0429394,0.0,0.074222095,0.0,0.0,0.0,0.0,0.0,0.31505,0.0,0.0,0.0,0.025828447,0.12677862,0.0,0.0,0.0,0.40551296,0.0,0.0,0.0,1.5148243,1.2071371,0.0,4.3965597,0.0,0.0,0.0,0.0,0.40570986,0.0,0.0,0.6798281
62,1,2,A,A,331,0.0,0.0,0.0,0.0,0.0,0.0,0.119368486,0.10905638,0.0,0.0,0.0,0.0,0.5193981,0.0,0.072827846,0.0,0.0,0.97798324,0.0,0.074222095,0.0,0.0,0.0,0.30077317,0.0,0.31505,0.04515985,0.058868192,0.0,0.26996645,0.12676357,0.0,0.0,0.0,0.39605293,0.0,0.0,0.0,1.7823443,0.5279617,1.4879814,3.2712955,0.0,0.0,0.16750729,0.024288945,0.40556538,1.1342237,0.0,0.6796763
63,2,1,B,A,304,0.0,0.0,0.0,0.0,0.0,0.0,0.119368486,0.10905638,0.0,0.0,0.0,0.0,0.5522576,0.0,0.0,0.0,0.0,1.0359206,0.0,0.074222095,0.0,0.0,0.0,0.0,0.0,0.31505,0.0,0.0,0.0,0.025826866,0.12676615,0.0,0.011341112,0.0,0.49783203,0.0,0.0,0.0,2.7787561,0.6622601,0.0,4.5083537,0.0,0.0,0.0,0.0,0.40573865,0.0,0.0,0.68007386
64,0,1,A,A,309,0.0,0.0,0.0,7.205283e-06,0.0,0.0,0.119368486,0.10905638,0.0,0.0,0.0,0.0,0.5194448,0.0,0.01027624,0.0,0.0,0.9783876,0.0,0.074222095,0.0,0.0,0.0,0.08216497,0.0,0.31505,0.0017785998,0.016260957,0.0,0.15383808,0.12677094,0.0,0.0,0.0,0.39613494,0.0,0.0,0.0,1.0226582,0.6929487,1.315658,2.9565833,0.0,0.0,0.12726912,0.00046258396,0.40558138,0.9212259,0.0,0.6796883
65,1,2,B,A,296,0.0,0.0,0.0,0.0,0.0,0.0,0.119368486,0.10905638,0.0,0.0,0.0,0.0,0.6074188,0.0,0.0,0.0,0.0,1.2630132,0.0,0.074222095,0.0,0.0,0.0,0.0,0.0,0.31505,0.0,0.0,0.0,0.025826607,0.12676172,0.0,0.0,0.0,0.52925646,0.0,0.0,0.0,1.8772403,1.5245839,0.0,7.8295097,0.0,0.0,0.0,0.0,0.4056926,0.0,0.0,0.67993134
66,1,2,B,A,332,0.0,0.0,0.0,0.0,0.0,0.0,0.119368486,0.10905638,0.0,0.0,0.0,0.0,0.6080992,0.0,0.0,0.0,0.0,1.2542403,0.0,0.074222095,0.0,0.0,0.0,0.0,0.0,0.31505,0.0,0.0,0.0,0.025826607,0.12676166,0.0,0.0,0.0,0.5371763,0.0,0.0,0.0,2.1486433,1.394976,0.0,7.4018154,0.0,0.0,0.0,0.0,0.405705,0.0,0.0,0.68000674
67,1,2,A,A,287,0.0,0.0,0.0,0.0,0.0,0.0,0.119368486,0.10905638,0.0,0.0,0.0,0.0,0.5194107,0.0,0.05423168,0.0,0.0,0.9781468,0.0,0.074222095,0.0,0.0,0.0,0.057961807,0.0,0.31505,0.026947055,0.054799728,0.0,0.20838895,0.12676261,0.0,0.0,0.0,0.39606258,0.0,0.0,0.0,1.1487521,0.64147913,1.917516,3.2923598,0.0,0.0,0.15342222,0.010890331,0.40556335,1.1813229,0.0,0.67967635
68,4,1,B,B,321,0.0,0.0,0.0,0.0,0.0,0.0,0.119368486,0.10905638,0.0,0.000491097,0.0,0.0,0.5193567,0.0,0.639683,0.0,0.0,0.9776559,0.0,0.074222095,0.0,0.0,0.0,0.7002874,0.0,0.31505,0.32148582,0.34827814,0.0,0.14241168,0.12676047,0.0,0.0,0.0,0.39598462,0.0,0.0,0.0,1.5765142,0.44504926,2.5825346,3.354064,0.0,0.0,0.1800415,0.17341323,0.40555924,1.478219,0.0,0.6796723
69,1,1,B,A,287,0.0,0.0,0.0,0.0,0.0,0.0,0.119368486,0.10905638,0.0,0.0,0.0,0.0,0.55344796,0.0,0.0,0.0,0.0,1.0810425,0.0,0.074222095,0.0,0.0,0.0,0.0,0.0,0.31505,0.0,0.0,0.0,0.025826607,0.12676267,0.0,0.103970215,0.0,0.4764844,0.0,0.0,0.0,3.1029725,0.62540907,0.0,5.2957125,0.0,0.0,0.0,0.0,0.40567616,0.0,0.0,0.67988753
70,2,0,A,B,317,0.0,0.0,0.0,0.0,0.0,0.0,0.119368486,0.10905638,0.0,0.0,0.0,0.0,0.5357122,0.0,0.0,0.0,0.0,1.0779214,0.0,0.074222095,0.0,0.0,0.0,0.0,0.0,0.31505,0.0,0.0,0.0,0.025826605,0.12676871,0.0,0.0,0.0,0.42149666,0.0,0.0,0.0,1.4272014,1.9422944,0.0,6.83001,0.0,0.0,0.0,0.0,0.40566933,0.0,0.0,0.67978317
71,0,1,B,A,292,0.0,0.0,0.0,0.0,0.0,0.0,0.119368486,0.10905638,0.0,0.0,0.0,0.0,0.5705713,0.0,0.0,0.0,0.0,1.1194249,0.0,0.074222095,0.0,0.0,0.0,0.0,0.0,0.31505,0.0,0.0,0.0,0.025826607,0.12676233,0.0,0.0019763424,0.0,0.5616956,0.0,0.0,0.0,3.387986,0.7659323,0.0,5.093051,0.0,0.0,0.0,0.0,0.40569192,0.0,0.0,0.679971
72,6,1,A,B,316,0.0,0.0,0.0,0.0,0.0,0.0,0.119368486,0.10905638,0.0,0.0,0.0,0.0,0.93700165,0.0,0.0,0.0,0.0,7.230391,0.0,0.074222095,0.0,0.0,0.0,0.0,0.0,0.31505,0.0,0.0,0.0,0.025826607,0.1267605,0.0,0.0,0.0,0.8938114,0.0,0.0,0.0,1.3256279,4.2681885,0.0,14.873617,0.0,0.0,0.0,0.0,0.4057621,0.0,0.0,0.6802747
73,3,1,A,B,298,0.0,0.0,0.0,0.0,0.0,0.0,0.119368486,0.10905638,0.0,0.0,0.0,0.0,0.55321026,0.0,0.0,0.0,0.0,1.1696887,0.0,0.074222095,0.0,0.0,0.0,0.0,0.0,0.31505,0.0,0.0,0.0,0.025826607,0.12676547,0.0,0.0,0.0,0.43880507,0.0,0.0,0.0,1.3628666,2.062392,0.0,7.3985686,0.0,0.0,0.0,0.0,0.40566468,0.0,0.0,0.6797981
74,10,1,B,B,338,0.0,0.0,0.0,0.0,0.0,0.0,0.119368486,0.10905638,0.0,0.0,0.0,0.0,0.5192844,0.0,3.8959663,0.0,0.0,0.97692627,0.0,0.074222095,0.0,0.0,0.0,2.0160253,0.0,0.31505,1.1329254,2.5083005,0.0,2.8004458,0.12675835,0.0,0.0,0.0,0.39586678,0.0,0.0,0.0,0.0,2.9978693,5.6893525,3.5045462,0.0,0.0,0.8445799,0.14854996,0.4055518,2.4293373,0.0,0.67966735
75,2,1,A,B,338,0.0,0.0,0.0,0.0,0.0,0.0,0.119368486,0.10905638,0.0,0.0,0.0,0.0,0.5301418,0.0,0.0,0.0,0.0,1.0624563,0.0,0.074222095,0.0,0.0,0.0,0.0,0.0,0.31505,0.0,0.0,0.0,0.025831386,0.12677674,0.0,0.0,0.0,0.41072136,0.0,0.0,0.0,1.5847784,1.0908442,0.0,4.1269917,0.0,0.0,0.0,0.0,0.40572137,0.0009051377,0.0,0.67983156
76,1,1,A,A,254,0.0,0.0,0.0,0.0,0.0,0.0,0.119368486,0.10905638,0.0,0.0,0.0,0.0,0.5197601,0.0,0.0065348186,0.0,0.0,0.9811249,0.0,0.074222095,0.0,0.0,0.0,0.0037456434,0.0,0.31505,0.0015533349,0.011847123,0.0,0.10481292,0.12677474,0.0,0.0,0.0,0.39654708,0.0,0.0,0.0,1.4558312,0.7742193,0.4285581,2.9825013,0.0,0.0,0.017202439,5.5355515e-05,0.4056089,0.44110665,0.0,0.67971504
77,4,1,A,B,328,0.0,0.0,0.0,0.0,0.0,0.0,0.119368486,0.10905638,0.0,0.0,0.0,0.0,0.7897161,0.0,0.0,0.0,0.0,3.8445294,0.0,0.074222095,0.0,0.0,0.0,0.0,0.0,0.31505,0.0,0.0,0.0,0.025826607,0.12676056,0.0,0.0,0.0,0.72140104,0.0,0.0,0.0,1.3308388,2.9271688,0.0,10.603771,0.0,0.0,0.0,0.0,0.40573505,0.0,0.0,0.68010736
78,1,2,B,A,287,0.0,0.0,0.0,0.0,0.0,0.0,0.119368486,0.10905638,0.0,0.0,0.0,0.0,0.5790516,0.0,0.0,0.0,0.0,1.1829396,0.0,0.074222095,0.0,0.0,0.0,0.0,0.0,0.31505,0.0,0.0,0.0,0.025826607,0.12676214,0.0,0.0,0.0,0.496883,0.0,0.0,0.0,1.8180063,1.499471,0.0,7.7348986,0.0,0.0,0.0,0.0,0.40568292,0.0,0.0,0.6798985
79,1,1,B,A,288,0.0,0.0,0.0,0.0,0.0,0.0,0.119368486,0.10905638,0.0,0.0,0.0,0.0,0.56797284,0.0,0.0,0.0,0.0,1.054307,0.0,0.074222095,0.0,0.0,0.0,0.0,0.0,0.31505,0.0,0.0,0.0,0.025826843,0.12676437,0.0,0.012165546,0.0,0.56214577,0.0,0.0,0.0,3.0738833,0.61661184,0.0,4.3527827,0.0,0.0,0.0,0.0,0.40577334,0.0,0.0,0.6803087
80,10,1,A,B,296,0.0,0.0,0.0,0.0,0.0,0.0,0.119368486,0.10905638,0.0,0.0,0.0,0.0,1.0347667,0.0,0.0,0.0,0.0,8.8808155,0.0,0.074222095,0.0,0.0,0.0,0.0,0.0,0.31505,0.0,0.0,0.0,0.025826607,0.1267596,0.0,0.0,0.0,1.0812373,0.0,0.0,0.0,1.3328922,4.651738,0.0,16.242273,0.0,0.0,0.0,0.0,0.40578693,0.0,0.0,0.68051225
81,2,0,B,B,270,0.0,0.0,0.0,0.0,0.0,0.0,0.119368486,0.10905638,0.0,0.0,0.0,0.0,0.5201334,0.0,0.0,0.0,0.0,0.9799931,0.0,0.074222095,0.0,0.0,0.0,0.0,0.0,0.31505,0.0,0.0,0.0,0.02754569,0.1267637,0.0,0.44358653,0.0,0.39769638,0.0,0.0,0.0,2.374832,0.3630261,0.025116352,3.1494133,0.0,0.0,0.0,0.0,0.40561494,3.2575692e-05,0.0,0.67976516
82,4,1,B,B,278,0.0,0.0,0.0,0.0,0.0,0.0,0.119368486,0.10905638,0.0,0.0,0.0,0.0,0.51937777,0.0,0.6335106,0.0,0.0,0.97784483,0.0,0.074222095,0.0,0.0,0.0,0.48212296,0.0,0.31505,0.20009893,0.39871526,0.0,0.10650756,0.1267605,0.0,0.0,0.0,0.39601254,0.0,0.0,0.0,0.8552093,0.6860231,3.0061774,3.3884754,0.0,0.0,0.13625881,0.05254786,0.40555984,1.3459598,0.0,0.67967314
83,3,1,B,B,268,0.0,0.0,0.0,0.0,0.0,0.0,0.119368486,0.10905638,0.0,0.0,0.0,0.0,0.5196258,0.0,0.0032964943,0.0,0.0,0.9802623,0.0,0.074222095,0.0,0.0,0.0,0.08750875,0.0,0.31505,0.0,0.014371724,0.0,0.15867096,0.12676878,0.0,0.0001306993,0.0,0.39639804,0.0,0.0,0.0,1.7320642,0.7111495,1.188966,3.075723,0.0,0.0,0.09441983,8.6774875e-05,0.4055913,0.7710488,0.0,0.6797012
84,2,0,A,B,275,0.0,0.0,0.0,0.0,0.0,0.0,0.119368486,0.10905638,0.0,0.0,0.0,0.0,0.53616923,0.0,0.0,0.0,0.0,1.0777494,0.0,0.074222095,0.0,0.0,0.0,0.0,0.0,0.31505,0.0,0.0,0.0,0.025826607,0.1267664,0.0,0.0,0.0,0.42040706,0.0,0.0,0.0,1.3724475,1.9342761,0.0,6.7483172,0.0,0.0,0.0,0.0,0.40565318,0.0,0.0,0.679772
85,10,1,A,B,332,0.0,0.0,0.0,0.0,0.0,0.0,0.119368486,0.10905638,0.0,0.0,0.0,0.0,1.0867289,0.0,0.0,0.0,0.0,8.636417,0.0,0.074222095,0.0,0.0,0.0,0.0,0.0,0.31505,0.0,0.0,0.0,0.025826607,0.1267596,0.0,0.0,0.0,1.1594294,0.0,0.0,0.0,1.3331103,4.628656,0.0,16.179462,0.0,0.0,0.0,0.0,0.40579262,0.0,0.0,0.68055654
86,4,1,A,B,338,0.0,0.0,0.0,0.0,0.0,0.0,0.119368486,0.10905638,0.0,0.0,0.0,0.0,0.6015711,0.0,0.0,0.0,0.0,1.4703932,0.0,0.074222095,0.0,0.0,0.0,0.0,0.0,0.31505,0.0,0.0,0.0,0.025826607,0.12676269,0.0,0.0,0.0,0.49339455,0.0,0.0,0.0,1.334115,3.1349723,0.0,11.126849,0.0,0.0,0.0,0.0,0.40568164,0.0,0.0,0.67986786
87,2,0,A,B,300,0.0,0.0,0.0,0.0,0.0,0.0,0.119368486,0.10905638,0.0,0.0,0.0,0.0,0.5405652,0.0,0.0,0.0,0.0,1.1008453,0.0,0.074222095,0.0,0.0,0.0,0.0,0.0,0.31505,0.0,0.0,0.0,0.025826607,0.12676701,0.0,0.0,0.0,0.4260164,0.0,0.0,0.0,1.4018223,1.8077868,0.0,6.4352765,0.0,0.0,0.0,0.0,0.40566224,0.0,0.0,0.6797804
88,1,1,B,A,316,0.0,0.0,0.0,0.0,0.0,0.0,0.119368486,0.10905638,0.0,0.0,0.0,0.0,0.58971304,0.0,0.0,0.0,0.0,1.1672518,0.0,0.074222095,0.0,0.0,0.0,0.0,0.0,0.31505,0.0,0.0,0.0,0.025826607,0.12676357,0.0,0.0012506881,0.0,0.6653837,0.0,0.0,0.0,3.2295268,0.7676201,0.0,4.897992,0.0,0.0,0.0,0.0,0.4057317,0.0,0.0,0.6801441
89,10,1,A,B,310,0.0,0.0,0.0,0.0,0.0,0.0,0.119368486,0.10905638,0.0,0.0,0.0,0.0,1.044146,0.0,0.0,0.0,0.0,8.795274,0.0,0.074222095,0.0,0.0,0.0,0.0,0.0,0.31505,0.0,0.0,0.0,0.025826607,0.12675954,0.0,0.0,0.0,1.1100366,0.0,0.0,0.0,1.3355991,4.635373,0.0,16.212393,0.0,0.0,0.0,0.0,0.40578812,0.0,0.0,0.68053865
90,3,1,B,B,252,0.0,0.0,0.0,0.0,0.0,0.0,0.119368486,0.10905638,0.0,0.0,0.0,0.0,0.5196332,0.0,0.0048158662,0.0,0.0,0.98036355,0.0,0.074222095,0.0,0.0,0.0,0.02550133,0.0,0.31505,0.0014582004,0.017005548,0.0,0.15419665,0.12676446,0.0,0.0,0.0,0.39636192,0.0,0.0,0.0,1.5534616,0.6929714,1.2702631,3.3691123,0.0,0.0,0.05838326,0.0005716842,0.40557578,0.8186999,0.0,0.6796869
91,1,1,B,A,303,0.0,0.0,0.0,0.0,0.0,0.0,0.119368486,0.10905638,0.0,0.0,0.0,0.0,0.5571884,0.0,0.0,0.0,0.0,1.0547001,0.0,0.074222095,0.0,0.0,0.0,0.0,0.0,0.31505,0.0,0.0,0.0,0.025826607,0.12676357,0.0,0.0040088654,0.0,0.5259297,0.0,0.0,0.0,3.1278281,0.7226604,0.0,4.689005,0.0,0.0,0.0,0.0,0.40569195,0.0,0.0,0.6799497
92,6,1,B,B,276,0.0,0.0,0.0,0.0,0.0,0.0,0.119368486,0.10905638,0.0,0.0,0.0,0.0,0.5193023,0.0,2.078224,0.0,0.0,0.9770837,0.0,0.074222095,0.0,0.0,0.0,1.8486705,0.0,0.31505,0.60242796,1.3611296,0.0,0.13755354,0.1267588,0.0,0.0,0.0,0.3958968,0.0,0.0,0.0,0.0032707455,1.884092,4.316884,3.4643817,0.0,0.0,0.22153324,0.1845019,0.4055533,1.2896471,0.0,0.6796682
93,1,2,B,A,328,0.0,0.0,0.0,0.0,0.0,0.0,0.119368486,0.10905638,0.0,0.0,0.0,0.0,0.5976162,0.0,0.0,0.0,0.0,1.2153865,0.0,0.074222095,0.0,0.0,0.0,0.0,0.0,0.31505,0.0,0.0,0.0,0.025826607,0.12676151,0.0,0.0,0.0,0.5142517,0.0,0.0,0.0,1.8951709,1.5660415,0.0,7.89492,0.0,0.0,0.0,0.0,0.40569896,0.0,0.0,0.6799738
94,2,1,A,A,257,0.0,0.0,0.0,0.0,0.0,0.0,0.119368486,0.10905638,0.0,0.0,0.0,0.0,0.5231829,0.0,0.0,0.0,0.0,1.0126103,0.0,0.074222095,0.0,0.0,0.0,0.0,0.0,0.31505,0.0,0.0,0.0,0.025827091,0.12677673,0.0,0.0,0.0,0.40086994,0.0,0.0,0.0,1.4722152,1.1525795,0.0,4.12525,0.0,0.0,0.0,0.0,0.40567178,0.0,0.0,0.679784
95,1,1,B,A,328,0.0,0.0,0.0,0.0,0.0,0.0,0.119368486,0.10905638,0.0,0.0,0.0,0.0,0.56044173,0.0,0.0,0.0,0.0,1.0672531,0.0,0.074222095,0.0,0.0,0.0,0.0,0.0,0.31505,0.0,0.0,0.0,0.025826607,0.12676364,0.0,3.843657e-06,0.0,0.5316333,0.0,0.0,0.0,3.1583176,0.8305687,0.0,4.545679,0.0,0.0,0.0,0.0,0.40571058,0.0,0.0,0.68
96,2,1,A,B,341,0.0,0.0,0.0,0.0,0.0,0.0,0.119368486,0.10905638,0.0,0.0,0.0,0.0,0.52948076,0.0,0.0,0.0,0.0,1.0634258,0.0,0.074222095,0.0,0.0,0.0,0.0,0.0,0.31505,0.0,0.0,0.0,0.025858596,0.12678955,0.0,0.0,0.0,0.409622,0.0,0.0,0.0,1.6254219,1.1898429,0.0,4.441392,0.0,0.0,0.0,0.0,0.4057696,0.0,0.0,0.67988265
97,6,1,B,B,281,0.0,0.0,0.0,0.0,0.0,0.0,0.119368486,0.10905638,0.0,0.0,0.0,0.0,0.5192988,0.0,2.0250673,0.0,0.0,0.9770603,0.0,0.074222095,0.0,0.0,0.0,1.73826,0.0,0.31505,0.57779235,1.3230559,0.0,0.11346794,0.12675865,0.0,0.0,0.0,0.3958927,0.0,0.0,0.0,0.0032108126,1.8361322,4.2601933,3.4621003,0.0,0.0,0.23256513,0.15720329,0.40555313,1.2889764,0.0,0.6796681
98,0,1,B,A,298,0.0,0.0,0.0,0.0,0.0,0.0,0.119368486,0.10905638,0.0,0.0,0.0,0.0,0.56255716,0.0,0.0,0.0,0.0,1.1156697,0.0,0.074222095,0.0,0.0,0.0,0.0,0.0,0.31505,0.0,0.0,0.0,0.025826607,0.12676142,0.0,0.010647676,0.0,0.50332314,0.0,0.0,0.0,3.2510922,0.68702865,0.0,5.7525663,0.0,0.0,0.0,0.0,0.40567932,0.0,0.0,0.67989266
99,6,1,B,B,278,0.0,0.0,0.0,0.0,0.0,0.0,0.119368486,0.10905638,0.0,5.7120133e-06,0.0,0.0,0.5192936,0.0,2.0798142,0.0,0.0,0.9769972,0.0,0.074222095,0.0,0.0,0.0,1.7583761,0.0,0.31505,0.59349763,1.3559844,0.0,0.12983389,0.12675865,0.0,0.0,0.0,0.39588287,0.0,0.0,0.0,0.008909928,1.8620887,4.28437,3.4653373,0.0,0.0,0.25819066,0.15937921,0.40555304,1.32506,0.0,0.67966807
100,1,1,A,A,338,0.0,0.0,0.0,0.0,0.0,0.0,0.119368486,0.10905638,0.0,0.0,0.0,0.0,0.5205238,0.0,0.0,0.0,0.0,0.9861011,0.0,0.074222095,0.0,0.0,0.0,0.002656917,0.0,0.31505,0.0,0.00036172252,0.0,0.29353362,0.12681423,0.0,0.0,0.0,0.39748684,0.0,0.0,0.0,1.7704968,0.82300043,0.22533566,2.4168274,0.0,0.0,0.10604832,0.0,0.40572226,0.4637389,0.0,0.67981035
101,1,2,B,A,347,0.0,0.0,0.0,0.0,0.0,0.0,0.119368486,0.10905638,0.0,0.0,0.0,0.0,0.5613734,0.0,0.0,0.0,0.0,1.121922,0.0,0.074222095,0.0,0.0,0.0,0.0,0.0,0.31505,0.0,0.0,0.0,0.025826607,0.12676232,0.0,0.0,0.0,0.49664447,0.0,0.0,0.0,2.027699,1.6063931,0.0,8.0763035,0.0,0.0,0.0,0.0,0.40566933,0.0,0.0,0.6798464
102,1,1,B,A,343,0.0,0.0,0.0,0.0,0.0,0.0,0.119368486,0.10905638,0.0,0.0,0.0,0.0,0.5540111,0.0,0.0,0.0,0.0,1.0692496,0.0,0.074222095,0.0,0.0,0.0,0.0,0.0,0.31505,0.0,0.0,0.0,0.02582667,0.12676357,0.0,0.024740465,0.0,0.50255275,0.0,0.0,0.0,3.3110468,0.6646224,0.0,4.2196484,0.0,0.0,0.0,0.0,0.40573037,0.0,0.0,0.68005824
103,2,0,B,B,329,0.0,0.0,0.0,3.1196616e-06,0.0,0.0,0.119368486,0.10905638,0.0,0.0,0.0,0.0,0.5231789,0.0,0.0,0.0,0.0,0.98385376,0.0,0.074222095,0.0,0.0,0.0,0.0008395051,0.0,0.31505,0.0,0.00063669926,0.0,0.16473055,0.12676305,0.0,0.3476774,0.0,0.4038641,0.0,0.0,0.0,2.9187195,0.4643322,0.15566929,3.2381537,0.0,0.0,0.014371628,0.0,0.40564513,0.025543313,0.0,0.679875
104,2,0,B,B,341,0.0,0.0,0.0,3.7929433e-06,0.0,0.0,0.119368486,0.10905638,0.0,0.0,0.0,0.0,0.5215324,0.0,0.0,0.0,0.0,0.9839872,0.0,0.074222095,0.0,0.0,0.0,2.8918255e-06,0.0,0.31505,0.0,0.00010202693,0.0,0.04731541,0.12676327,0.0,0.27278575,0.0,0.40088254,0.0,0.0,0.0,2.7420783,0.40392,0.10397468,3.2930422,0.0,0.0,0.00020475838,0.0,0.40564078,0.0014499023,0.0,0.6798288
105,0,1,A,A,321,0.0,0.0,0.0,1.5406635e-05,0.0,0.0,0.119368486,0.10905638,0.0,0.0,0.0,0.0,0.5193613,0.0,0.0,0.0,0.0,0.9775698,0.0,0.074222095,0.0,0.0,0.0,0.058757197,0.0,0.31505,0.0,0.0016535557,0.0,0.19789913,0.1267639,0.0,0.0,0.0,0.39599583,0.0,0.0,0.0,1.5938596,0.53668195,0.95845795,3.2483206,0.0,0.0,0.08755293,1.3559287e-05,0.40556377,0.9251373,0.0,0.67967534
106,4,1,B,B,261,0.0,0.0,0.0,0.0,0.0,0.0,0.119368486,0.10905638,0.0,2.0333078e-05,0.0,0.0,0.519329,0.0,0.5307486,0.0,0.0,0.97735023,0.0,0.074222095,0.0,0.0,0.0,0.4110096,0.0,0.31505,0.12872194,0.3630965,0.0,0.116421096,0.1267602,0.0,0.0,0.0,0.3959423,0.0,0.0,0.0,0.74552536,0.75134885,3.0590134,3.3823617,0.0,0.0,0.1308245,0.033164456,0.40555695,1.2101045,0.0,0.67967147
107,10,1,B,B,285,0.0,0.0,0.0,0.0,0.0,0.0,0.119368486,0.10905638,0.0,0.0,0.0,0.000120428835,0.5192844,0.0,4.4683456,0.0,0.0,0.97692627,0.0,0.074222095,0.0,0.0,0.0,2.3819134,0.0,0.31505,1.3431925,2.9479918,0.0,0.77215177,0.12675835,0.0,0.0,0.0,0.39586753,0.0,0.0,0.0,0.0,3.415813,6.519023,3.5058734,0.0,0.0,0.7336722,0.2170661,0.40555182,2.6082592,0.0,0.67966735
108,6,1,A,B,317,0.0,0.0,0.0,0.0,0.0,0.0,0.119368486,0.10905638,0.0,0.0,0.0,0.0,0.7537615,0.0,0.0,0.0,0.0,7.200723,0.0,0.074222095,0.0,0.0,0.0,0.0,0.0,0.31505,0.0,0.0,0.0,0.025826607,0.12676047,0.0,0.0,0.0,0.680085,0.0,0.0,0.0,1.328909,4.183937,0.0,14.669811,0.0,0.0,0.0,0.0,0.40573362,0.0,0.0,0.6801259
109,2,0,A,B,330,0.0,0.0,0.0,0.0,0.0,0.0,0.119368486,0.10905638,0.0,0.0,0.0,0.0,0.5463524,0.0,0.0,0.0,0.0,1.1409566,0.0,0.074222095,0.0,0.0,0.0,0.0,0.0,0.31505,0.0,0.0,0.0,0.025826607,0.1267661,0.0,0.0,0.0,0.43047383,0.0,0.0,0.0,1.4043231,1.8824071,0.0,6.6481543,0.0,0.0,0.0,0.0,0.4056729,0.0,0.0,0.6798072
110,1,1,A,A,285,0.0,0.0,0.0,0.0,0.0,0.0,0.119368486,0.10905638,0.0,0.0,0.0,0.0,0.5203648,0.0,0.002947756,0.0,0.0,0.9863737,0.0,0.074222095,0.0,0.0,0.0,0.002518372,0.0,0.31505,0.00040774106,0.0067089107,0.0,0.13297382,0.12678985,0.0,0.0,0.0,0.39733887,0.0,0.0,0.0,1.5786324,0.7966082,0.37136704,2.779203,0.0,0.0,0.015760785,0.0,0.40567002,0.49417296,0.0,0.6797703
111,6,1,A,B,342,0.0,0.0,0.0,0.0,0.0,0.0,0.119368486,0.10905638,0.0,0.0,0.0,0.0,0.9123612,0.0,0.0,0.0,0.0,7.875126,0.0,0.074222095,0.0,0.0,0.0,0.0,0.0,0.31505,0.0,0.0,0.0,0.025826607,0.12676041,0.0,0.0,0.0,0.87014765,0.0,0.0,0.0,1.3257546,4.1829457,0.0,14.618151,0.0,0.0,0.0,0.0,0.40576053,0.0,0.0,0.6802604
112,4,1,B,B,326,0.0,0.0,0.0,0.0,0.0,0.0,0.119368486,0.10905638,0.0,1.983269e-06,0.0,0.0,0.5193595,0.0,0.5079275,0.0,0.0,0.9776617,0.0,0.074222095,0.0,0.0,0.0,0.49675742,0.0,0.31505,0.21686123,0.26674205,0.0,0.40457997,0.12676023,0.0,0.0,0.0,0.39598477,0.0,0.0,0.0,1.721765,0.48871803,2.4456985,3.395093,0.0,0.0,0.27562383,0.106356576,0.4055584,1.4871314,0.0,0.6796723
113,2,1,A,B,298,0.0,0.0,0.0,0.0,0.0,0.0,0.119368486,0.10905638,0.0,0.0,0.0,0.0,0.52657735,0.0,0.0,0.0,0.0,1.0376921,0.0,0.074222095,0.0,0.0,0.0,0.0,0.0,0.31505,0.0,0.0,0.0,0.025826605,0.12677664,0.0,0.0,0.0,0.40590632,0.0,0.0,0.0,1.5219102,1.3088231,0.0,4.682249,0.0,0.0,0.0,0.0,0.40570256,0.0,0.0,0.6798099
114,0,1,A,A,292,0.0,0.0,0.0,2.1312533e-05,8.67722e-06,0.0,0.119368486,0.10905638,0.0,0.0,0.0,0.0,0.519447,0.0,1.4491109e-05,0.0,0.0,0.9783897,0.0,0.074222095,0.0,0.0,0.0,0.0015461696,0.0,0.31505,0.0,0.002642981,0.0,0.22344616,0.12676635,0.0,0.0,0.0,0.39612603,0.0,0.0,0.0,1.313286,0.70118296,0.89764804,3.1950197,0.0,0.0,0.07401767,0.00011992075,0.4055722,0.83917636,0.0,0.6796816
115,2,1,A,A,325,0.0,0.0,0.0,0.0,0.0,0.0,0.119368486,0.10905638,0.0,0.0,0.0,0.0,0.526201,0.0,0.0,0.0,0.0,1.0415905,0.0,0.074222095,0.0,0.0,0.0,0.0,0.0,0.31505,0.0,0.0,0.0,0.025827087,0.12678939,0.0,0.0,0.0,0.40500793,0.0,0.0,0.0,1.6216649,1.1196352,0.0,4.0688534,0.0,0.0,0.0,0.0,0.40575737,0.00019234516,0.0,0.6798619
116,2,1,A,B,264,0.0,0.0,0.0,0.0,0.0,0.0,0.119368486,0.10905638,0.0,0.0,0.0,0.0,0.5255498,0.0,0.0,0.0,0.0,1.0285859,0.0,0.074222095,0.0,0.0,0.0,0.0,0.0,0.31505,0.0,0.0,0.0,0.02582734,0.12677628,0.0,0.0,0.0,0.40358382,0.0,0.0,0.0,1.4884856,1.2072502,0.0,4.280667,0.0,0.0,0.0,0.0,0.40568498,0.0,0.0,0.67980134
117,3,1,B,B,283,0.0,0.0,0.0,3.2163139e-06,0.0,0.0,0.119368486,0.10905638,0.0,0.0,0.0,0.0,0.51955277,0.0,0.057723824,0.0,0.0,0.97967523,0.0,0.074222095,0.0,0.0,0.0,0.15747699,0.0,0.31505,0.0081156185,0.06713507,0.0,0.13127472,0.12676884,0.0,0.0,0.0,0.39627916,0.0,0.0,0.0,1.4420902,0.6780652,1.6943116,3.0373697,0.0,0.0,0.04580098,0.00060082535,0.40558484,0.9949297,0.0,0.67969453
118,1,2,A,A,337,0.0,0.0,0.0,1.1294187e-05,6.639284e-06,0.0,0.119368486,0.10905638,0.0,0.0,0.0,0.0,0.5193594,0.0,0.21161026,0.0,0.0,0.97759837,0.0,0.074222095,0.0,0.0,0.0,0.5712501,0.0,0.31505,0.08181841,0.12471326,0.0,0.22507727,0.12676322,0.0,0.0,0.0,0.3959947,0.0,0.0,0.0,1.6879983,0.6756283,1.6262378,3.2486358,0.0,0.0,0.32157096,0.053393915,0.4055629,1.2044063,0.0,0.6796749
119,6,1,B,B,328,0.0,0.0,0.0,0.0,0.0,0.0,0.119368486,0.10905638,0.0,0.0,0.0,0.0,0.51929003,0.0,1.6766893,0.0,0.0,0.9769616,0.0,0.074222095,0.0,0.0,0.0,1.4848872,0.0,0.31505,0.42219532,1.0253134,0.0,0.3055302,0.12675859,0.0,0.0,0.0,0.39587745,0.0,0.0,0.0,0.0032551375,1.6398433,3.4622684,3.468786,0.0,0.0,0.39669913,0.12532152,0.4055522,1.1609913,0.0,0.67966753
120,0,1,A,A,336,0.0,0.0,0.0,1.5314132e-05,7.908912e-06,0.0,0.119368486,0.10905638,0.0,0.0,0.0,0.0,0.5195116,0.0,0.0136361895,0.0,0.0,0.9791109,0.0,0.074222095,0.0,0.0,0.0,0.061948456,0.0,0.31505,0.02245114,0.016310059,0.0,0.17448452,0.12677011,0.0,0.0,0.0,0.39621043,0.0,0.0,0.0,1.7056874,0.43713498,1.2994182,3.0173242,0.0,0.0,0.066698134,0.0066100005,0.4055807,1.063387,0.0,0.67968994
122,3,1,A,B,337,0.0,0.0,0.0,0.0,0.0,0.0,0.119368486,0.10905638,0.0,0.0,0.0,0.0,0.5634032,0.0,0.0,0.0,0.0,1.2159814,0.0,0.074222095,0.0,0.0,0.0,0.0,0.0,0.31505,0.0,0.0,0.0,0.025826607,0.12676503,0.0,0.0,0.0,0.45559117,0.0,0.0,0.0,1.3691417,2.1111922,0.0,7.569477,0.0,0.0,0.0,0.0,0.40566742,0.0,0.0,0.6798043
123,2,0,A,B,291,0.0,0.0,0.0,0.0,0.0,0.0,0.119368486,0.10905638,0.0,0.0,0.0,0.0,0.5363113,0.0,0.0,0.0,0.0,1.0815554,0.0,0.074222095,0.0,0.0,0.0,0.0,0.0,0.31505,0.0,0.0,0.0,0.025826607,0.12676686,0.0,0.0,0.0,0.42080018,0.0,0.0,0.0,1.389116,1.885823,0.0,6.71077,0.0,0.0,0.0,0.0,0.40565807,0.0,0.0,0.6797776
124,1,2,B,A,278,0.0,0.0,0.0,0.0,0.0,0.0,0.119368486,0.10905638,0.0,0.0,0.0,0.0,0.6000145,0.0,0.0,0.0,0.0,1.2584984,0.0,0.074222095,0.0,0.0,0.0,0.0,0.0,0.31505,0.0,0.0,0.0,0.025826607,0.1267624,0.0,0.0,0.0,0.50101155,0.0,0.0,0.0,1.5822537,1.7698549,0.0,8.382367,0.0,0.0,0.0,0.0,0.40569305,0.0,0.0,0.67993635
125,3,1,A,B,321,0.0,0.0,0.0,0.0,0.0,0.0,0.119368486,0.10905638,0.0,0.0,0.0,0.0,0.54902524,0.0,0.0,0.0,0.0,1.1407042,0.0,0.074222095,0.0,0.0,0.0,0.0,0.0,0.31505,0.0,0.0,0.0,0.025826618,0.12676555,0.0,0.0,0.0,0.43826053,0.0,0.0,0.0,1.3706398,2.2369578,0.0,7.9312806,0.0,0.0,0.0,0.0,0.40566608,0.0,0.0,0.679802
126,0,1,A,A,303,0.0,0.0,0.0,0.0,0.0,0.0,0.119368486,0.10905638,0.0,0.0,0.0,0.0,0.5194763,0.0,0.004299857,0.0,0.0,0.978601,0.0,0.074222095,0.0,0.0,0.0,0.049959827,0.0,0.31505,0.004812702,0.0076638325,0.0,0.15447362,0.12676983,0.0,0.0,0.0,0.39617145,0.0,0.0,0.0,1.4368123,0.64043736,1.05365,2.98491,0.0,0.0,0.055720452,0.0014030751,0.40558076,0.8312738,0.0,0.67968744
127,2,1,A,B,260,0.0,0.0,0.0,0.0,0.0,0.0,0.119368486,0.10905638,0.0,0.0,0.0,0.0,0.5254676,0.0,0.0,0.0,0.0,1.0251886,0.0,0.074222095,0.0,0.0,0.0,0.0,0.0,0.31505,0.0,0.0,0.0,0.025827121,0.12677236,0.0,0.0,0.0,0.4042341,0.0,0.0,0.0,1.4379869,1.3037845,0.0,4.6992774,0.0,0.0,0.0,0.0,0.405661,0.00025772458,0.0,0.67977303
128,2,0,B,B,318,0.0,0.0,0.0,3.3665763e-06,0.0,0.0,0.119368486,0.10905638,0.0,0.0,0.0,0.0,0.5206177,0.0,0.0,0.0,0.0,0.9802682,0.0,0.074222095,0.0,0.0,0.0,0.008529231,0.0,0.31505,0.0,0.0012842837,0.0,0.12017374,0.12676138,0.0,0.25540888,0.0,0.39879835,0.0,0.0,0.0,2.810187,0.45734763,0.18653381,3.3487263,0.0,0.0,0.097913064,0.0,0.4056067,0.053424455,0.0,0.679772
129,4,1,B,B,295,0.0,0.0,0.0,0.0,0.0,0.0,0.119368486,0.10905638,0.0,9.951813e-06,0.0,0.0,0.5193948,0.0,0.4554356,0.0,0.0,0.9780278,0.0,0.074222095,0.0,0.0,0.0,0.473902,0.0,0.31505,0.20108864,0.28729886,0.0,0.16242915,0.12676162,0.0,0.0,0.0,0.39604184,0.0,0.0,0.0,1.0860142,0.6012261,2.6712406,3.3050156,0.0,0.0,0.15540577,0.091167375,0.40556297,1.3893619,0.0,0.6796758
130,10,1,A,B,321,0.0,0.0,0.0,0.0,0.0,0.0,0.119368486,0.10905638,0.0,0.0,0.0,0.0,1.079742,0.0,0.0,0.0,0.0,8.529128,0.0,0.074222095,0.0,0.0,0.0,0.0,0.0,0.31505,0.0,0.0,0.0,0.025826607,0.12675978,0.0,0.0,0.0,1.1303384,0.0,0.0,0.0,1.3306754,4.631927,0.0,16.19988,0.0,0.0,0.0,0.0,0.40579262,0.0,0.0,0.6805343
131,6,1,B,B,259,0.0,0.0,0.0,0.0,0.0,0.0,0.119368486,0.10905638,0.0,0.0,0.0,0.0,0.5193012,0.0,1.9726862,0.0,0.0,0.9770712,0.0,0.074222095,0.0,0.0,0.0,1.6252748,0.0,0.31505,0.5766248,1.3244238,0.0,0.120522566,0.1267588,0.0,0.0,0.0,0.39589348,0.0,0.0,0.0,0.11422538,1.8250118,4.558337,3.465954,0.0,0.0,0.20536748,0.1493399,0.4055533,1.3312404,0.0,0.6796682
132,2,0,B,A,275,0.0,0.0,0.001609053,0.0,0.0,0.0,0.119368486,0.10905638,0.0,0.0,0.0,0.0,0.52120644,0.0,0.0,0.0,0.0,0.9842748,0.0,0.074222095,0.0,0.0,0.0,2.3127839e-06,0.0,0.31505,0.0002902556,0.0,0.0,0.029222574,0.12676518,0.0,0.35250282,0.0,0.400598,0.0,0.0,0.0,2.441888,0.32191142,0.31565502,3.3363156,0.0,0.0,0.00016516185,0.0,0.40564156,0.0027795422,0.0,0.6798163
133,2,1,A,A,315,0.0,0.0,0.0,0.0,0.0,0.0,0.119368486,0.10905638,0.0,0.0,0.0,0.0,0.52619004,0.0,0.0,0.0,0.0,1.0406147,0.0,0.074222095,0.0,0.0,0.0,0.0,0.0,0.31505,0.0,0.0,0.0,0.02583141,0.12679179,0.0,0.0,0.0,0.4050628,0.0,0.0,0.0,1.600259,1.206083,0.0,4.378212,0.0,0.0,0.0,0.0,0.40575805,0.0,0.0,0.679866
134,3,1,B,B,338,0.0,0.0,0.0,0.0,0.0,0.0,0.119368486,0.10905638,0.0,0.0,0.0,0.0,0.51970464,0.0,0.023508742,0.0,0.0,0.9808603,0.0,0.074222095,0.0,0.0,0.0,0.0085537955,0.0,0.31505,0.018130625,0.027507946,0.0,0.20064777,0.1267757,0.0,0.0,0.0,0.3965186,0.0,0.0,0.0,1.8861825,0.50356096,1.400652,2.9129004,0.0,0.0,0.038841426,0.008288508,0.4056067,0.941903,0.0,0.6797112
135,1,1,A,A,256,0.0,0.0,0.0,0.0,0.0,0.0,0.119368486,0.10905638,0.0,0.0,0.0,0.0,0.52009445,0.0,0.0,0.0,0.0,0.98560953,0.0,0.074222095,0.0,0.0,0.0,0.0033220553,0.0,0.31505,0.0,0.0015077997,0.0,0.06489337,0.12678352,0.0,0.0,0.0,0.3969791,0.0,0.0,0.0,1.4903301,0.86084175,0.4119237,2.812077,0.0,0.0,0.03610131,0.0,0.40563962,0.41841465,0.0,0.67974615
136,3,1,A,B,262,0.0,0.0,0.0,0.0,0.0,0.0,0.119368486,0.10905638,0.0,0.0,0.0,0.0,0.555965,0.0,0.0,0.0,0.0,1.1653835,0.0,0.074222095,0.0,0.0,0.0,0.0,0.0,0.31505,0.0,0.0,0.0,0.025826607,0.12676422,0.0,0.0,0.0,0.44038162,0.0,0.0,0.0,1.3464584,2.198213,0.0,7.5250883,0.0,0.0,0.0,0.0,0.4056597,0.0,0.0,0.67980367
137,4,1,B,B,263,0.0,0.0,0.0,0.0,0.0,0.0,0.119368486,0.10905638,0.0,1.8163286e-05,0.0,0.0,0.5193587,0.0,0.67331904,0.0,0.0,0.97765297,0.0,0.074222095,0.0,0.0,0.0,0.5119572,0.0,0.31505,0.18379429,0.44036534,0.0,0.2437563,0.12676145,0.0,0.0,0.0,0.39598998,0.0,0.0,0.0,0.77800834,0.8406911,3.10592,3.3174322,0.0,0.0,0.1790567,0.049898133,0.40556094,1.2241114,0.0,0.6796731
138,1,2,B,A,312,0.0,0.0,0.0,0.0,0.0,0.0,0.119368486,0.10905638,0.0,0.0,0.0,0.0,0.59226966,0.0,0.0,0.0,0.0,1.1880666,0.0,0.074222095,0.0,0.0,0.0,0.0,0.0,0.31505,0.0,0.0,0.0,0.025826607,0.1267624,0.0,0.0,0.0,0.514454,0.0,0.0,0.0,1.5969286,1.7400322,0.0,8.831474,0.0,0.0,0.0,0.0,0.40568656,0.0,0.0,0.67991614
139,0,1,B,A,291,0.0,0.0,0.0,0.0,0.0,0.0,0.119368486,0.10905638,0.0,0.0,0.0,0.0,0.5677713,0.0,0.0,0.0,0.0,1.1211648,0.0,0.074222095,0.0,0.0,0.0,0.0,0.0,0.31505,0.0,0.0,0.0,0.025826607,0.12676172,0.0,0.00061450194,0.0,0.5283035,0.0,0.0,0.0,3.1377735,0.75140643,0.0,5.1806645,0.0,0.0,0.0,0.0,0.40569296,0.0,0.0,0.67995155
140,3,1,A,B,263,0.0,0.0,0.0,0.0,0.0,0.0,0.119368486,0.10905638,0.0,0.0,0.0,0.0,0.53407073,0.0,0.0,0.0,0.0,1.0630724,0.0,0.074222095,0.0,0.0,0.0,0.0,0.0,0.31505,0.0,0.0,0.0,0.025826607,0.12676693,0.0,0.0,0.0,0.4186756,0.0,0.0,0.0,1.3680797,2.0588095,0.0,6.976784,0.0,0.0,0.0,0.0,0.4056506,0.0,0.0,0.67976904
141,1,1,A,A,297,0.0,0.0,0.0,0.0,0.0,0.0,0.119368486,0.10905638,0.0,0.0,0.0,0.0,0.52015454,0.0,0.0062938654,0.0,0.0,0.98336935,0.0,0.074222095,0.0,0.0,0.0,0.00049946463,0.0,0.31505,0.0037109046,0.008165018,0.0,0.23599745,0.12677999,0.0,0.0,0.0,0.3969784,0.0,0.0,0.0,1.6978291,0.86338943,0.42778435,3.018483,0.0,0.0,0.1021559,0.0013974132,0.40562665,0.51899743,0.0,0.6797279
142,4,1,B,B,295,0.0,0.0,0.0,0.0,0.0,0.0,0.119368486,0.10905638,0.0,2.6572336e-05,0.0,0.0,0.5193748,0.0,0.7660833,0.0,0.0,0.9778309,0.0,0.074222095,0.0,0.0,0.0,0.5333352,0.0,0.31505,0.28152353,0.45864335,0.0,0.14460653,0.12676041,0.0,0.0,0.0,0.39600724,0.0,0.0,0.0,0.8837391,0.60898226,2.9265325,3.3872037,0.0,0.0,0.20034066,0.0957189,0.4055595,1.3932672,0.0,0.67967296
143,2,0,B,B,261,0.0,0.0,0.0,0.0,0.0,0.0,0.119368486,0.10905638,0.0,0.0,0.0,0.0,0.5236824,0.0,0.0005663798,0.0,0.0,0.98451996,0.0,0.074222095,0.0,0.0,0.0,0.00048681494,0.0,0.31505,0.0015793655,0.0018754038,0.0,0.031896144,0.12676367,0.0,0.21282198,0.0,0.40786472,0.0,0.0,0.0,2.403792,0.29721963,0.39112386,3.293951,0.0,0.0,0.009515578,0.0003003795,0.4056391,0.037678953,0.0,0.6798911
144,3,1,A,B,343,0.0,0.0,0.0,0.0,0.0,0.0,0.119368486,0.10905638,0.0,0.0,0.0,0.0,0.55642587,0.0,0.0,0.0,0.0,1.178243,0.0,0.074222095,0.0,0.0,0.0,0.0,0.0,0.31505,0.0,0.0,0.0,0.025826607,0.1267659,0.0,0.0,0.0,0.44826576,0.0,0.0,0.0,1.3667932,2.1919172,0.0,7.912293,0.0,0.0,0.0,0.0,0.40566462,0.0,0.0,0.6797968
145,10,1,A,B,294,0.0,0.0,0.0,0.0,0.0,0.0,0.119368486,0.10905638,0.0,0.0,0.0,0.0,1.0647641,0.0,0.0,0.0,0.0,8.767561,0.0,0.074222095,0.0,0.0,0.0,0.0,0.0,0.31505,0.0,0.0,0.0,0.025826607,0.12675959,0.0,0.0,0.0,1.1405867,0.0,0.0,0.0,1.3352627,4.6535416,0.0,16.242073,0.0,0.0,0.0,0.0,0.40578982,0.0,0.0,0.68055254
146,0,1,A,A,289,0.0,0.0,0.0,8.373901e-06,0.0,0.0,0.119368486,0.10905638,0.0,0.0,0.0,0.0,0.5193694,0.0,0.0013814005,0.0,0.0,0.97758156,0.0,0.074222095,0.0,0.0,0.0,0.00029140088,0.0,0.31505,0.0025287527,0.00398584,0.0,0.17741475,0.12676409,0.0,0.0,0.0,0.39600956,0.0,0.0,0.0,1.5075618,0.59450364,1.2038609,3.2144732,0.0,0.0,0.023025375,0.0005435843,0.40556544,0.97700614,0.0,0.6796775
147,1,1,B,B,326,0.0,0.0,0.0,0.0,0.0,0.0,0.119368486,0.10905638,0.0,0.0,0.0,0.0,0.55535513,0.0,0.0,0.0,0.0,1.053743,0.0,0.074222095,0.0,0.0,0.0,0.0,0.0,0.31505,0.0,0.0,0.0,0.025826652,0.12676404,0.0,0.028896675,0.0,0.53784686,0.0,0.0,0.0,3.1749146,0.59700984,0.0,4.4468646,0.0,0.0,0.0,0.0,0.40570676,0.0,0.0,0.67999893
148,3,1,A,B,302,0.0,0.0,0.0,0.0,0.0,0.0,0.119368486,0.10905638,0.0,0.0,0.0,0.0,0.5477678,0.0,0.0,0.0,0.0,1.1256062,0.0,0.074222095,0.0,0.0,0.0,0.0,0.0,0.31505,0.0,0.0,0.0,0.025826607,0.12676527,0.0,0.0,0.0,0.43993717,0.0,0.0,0.0,1.3743865,2.2397256,0.0,7.9003015,0.0,0.0,0.0,0.0,0.4056676,0.0,0.0,0.67980796
149,4,1,B,B,305,0.0,0.0,0.0,0.0,0.0,0.0,0.119368486,0.10905638,0.0,6.9605725e-05,0.0,0.0,0.51931757,0.0,0.57894844,0.0,0.0,0.97724533,0.0,0.074222095,0.0,0.0,0.0,0.5848121,0.0,0.31505,0.26637727,0.3513949,0.0,0.105434276,0.12675947,0.0,0.0,0.0,0.3959221,0.0,0.0,0.0,1.2057987,0.5308897,2.6202428,3.434409,0.0,0.0,0.14927839,0.12303795,0.40555537,1.394199,0.0,0.6796693
150,6,1,B,B,338,0.0,0.0,0.0,0.0,0.0,0.0,0.119368486,0.10905638,0.0,0.0,0.0,0.0,0.5193061,0.0,1.6812642,0.0,0.0,0.97712654,0.0,0.074222095,0.0,0.0,0.0,1.8522966,0.0,0.31505,0.4410097,1.0226719,0.0,0.21557483,0.12675881,0.0,0.0,0.0,0.3959022,0.0,0.0,0.0,0.003118269,1.6988199,3.3058126,3.4623656,0.0,0.0,0.33823872,0.21479192,0.4055534,1.0236571,0.0,0.67966866
151,1,2,A,A,257,0.0,0.0,0.0,0.0,0.0,0.0,0.119368486,0.10905638,0.0,2.4175763e-05,0.0,0.0,0.51934165,0.0,0.032346148,0.0,0.0,0.97745436,0.0,0.074222095,0.0,0.0,0.0,0.022152646,0.0,0.31505,0.021028109,0.03339845,0.0,0.1565813,0.12676033,0.0,0.0,0.0,0.39595687,0.0,0.0,0.0,1.4274247,0.7322847,1.7438664,3.407067,0.0,0.0,0.10457696,0.0073786722,0.40555763,1.038383,0.0,0.6796714
152,10,1,B,B,344,0.0,0.0,0.0,0.0,0.0,0.0,0.119368486,0.10905638,0.0,0.0,0.0,0.0,0.5192844,0.0,3.9671237,0.0,0.0,0.9769263,0.0,0.074222095,0.0,0.0,0.0,2.0845459,0.0,0.31505,1.1640114,2.5699909,0.0,2.519107,0.12675835,0.0,0.0,0.0,0.39586678,0.0,0.0,0.0,0.0,3.038672,5.8439026,3.5038252,0.0,0.0,0.80181724,0.16371433,0.4055518,2.4403598,0.0,0.67966735
153,4,1,B,B,284,0.0,0.0,0.0,0.0,0.0,0.0,0.119368486,0.10905638,0.0,3.788142e-05,0.0,0.0,0.51934326,0.0,0.7529052,0.0,0.0,0.97750556,0.0,0.074222095,0.0,0.0,0.0,0.6660085,0.0,0.31505,0.24087828,0.46711403,0.0,0.16687998,0.12675947,0.0,0.0,0.0,0.39595687,0.0,0.0,0.0,0.9001106,0.7959075,2.7226822,3.460869,0.0,0.0,0.24460477,0.06841643,0.40555584,1.2883592,0.0,0.6796714
154,10,1,A,B,307,0.0,0.0,0.0,0.0,0.0,0.0,0.119368486,0.10905638,0.0,0.0,0.0,0.0,1.1346898,0.0,0.0,0.0,0.0,8.596454,0.0,0.074222095,0.0,0.0,0.0,0.0,0.0,0.31505,0.0,0.0,0.0,0.025826607,0.12675954,0.0,0.0,0.0,1.2680745,0.0,0.0,0.0,1.3384525,4.6404567,0.0,16.226618,0.0,0.0,0.0,0.0,0.40579718,0.0,0.0,0.6806142
155,10,1,A,B,283,0.0,0.0,0.0,0.0,0.0,0.0,0.119368486,0.10905638,0.0,0.0,0.0,0.0,1.1119689,0.0,0.0,0.0,0.0,8.736576,0.0,0.074222095,0.0,0.0,0.0,0.0,0.0,0.31505,0.0,0.0,0.0,0.025826607,0.12675954,0.0,0.0,0.0,1.223076,0.0,0.0,0.0,1.3366836,4.6571736,0.0,16.19684,0.0,0.0,0.0,0.0,0.40579566,0.0,0.0,0.68059516
156,0,1,B,A,263,0.0,0.0,0.0,0.0,0.0,0.0,0.119368486,0.10905638,0.0,0.0,0.0,0.0,0.5822437,0.0,0.0,0.0,0.0,1.1481615,0.0,0.074222095,0.0,0.0,0.0,0.0,0.0,0.31505,0.0,0.0,0.0,0.025826607,0.12676209,0.0,1.2515143e-06,0.0,0.54580784,0.0,0.0,0.0,2.5422063,0.97845876,0.0,5.8958387,0.0,0.0,0.0,0.0,0.4056933,0.0,0.0,0.67995507
157,4,1,B,B,317,0.0,0.0,0.0,0.0,0.0,0.0,0.119368486,0.10905638,0.0,0.00015773281,0.0,0.0,0.51932174,0.0,0.5316111,0.0,0.0,0.9772796,0.0,0.074222095,0.0,0.0,0.0,0.605624,0.0,0.31505,0.24857403,0.30125615,0.0,0.14394365,0.12675954,0.0,0.0,0.0,0.3959297,0.0,0.0,0.0,1.5061947,0.46506822,2.4415035,3.4253912,0.0,0.0,0.19823621,0.120718405,0.4055557,1.4244663,0.0,0.6796695
158,1,1,A,A,321,0.0,0.0,0.0,5.556855e-06,0.0,0.0,0.119368486,0.10905638,0.0,0.0,0.0,0.0,0.52070284,0.0,0.00054112636,0.0,0.0,0.9883595,0.0,0.074222095,0.0,0.0,0.0,0.01918782,0.0,0.31505,0.0,0.0032696407,0.0,0.13411227,0.12683018,0.0,0.0,0.0,0.3976392,0.0,0.0,0.0,1.5966929,0.8517797,0.476264,2.455253,0.0,0.0,0.1052263,0.0,0.40578517,0.52841735,0.0,0.6798832
159,1,2,B,A,337,0.0,0.0,0.0,0.0,0.0,0.0,0.119368486,0.10905638,0.0,0.0,0.0,0.0,0.6004952,0.0,0.0,0.0,0.0,1.2242243,0.0,0.074222095,0.0,0.0,0.0,0.0,0.0,0.31505,0.0,0.0,0.0,0.025826607,0.12676173,0.0,0.0,0.0,0.5286482,0.0,0.0,0.0,1.8326224,1.4615086,0.0,7.8856006,0.0,0.0,0.0,0.0,0.4056947,0.0,0.0,0.6799557
160,1,2,A,A,270,0.0,0.0,0.0,1.1150884e-05,6.252757e-06,0.0,0.119368486,0.10905638,0.0,0.0,0.0,0.0,0.5193508,0.0,0.031227717,0.0,0.0,0.97751236,0.0,0.074222095,0.0,0.0,0.0,0.05321095,0.0,0.31505,0.0018903221,0.042269617,0.0,0.19718634,0.12676221,0.0,0.0,0.0,0.39597964,0.0,0.0,0.0,1.2566816,0.79839706,1.7671198,3.270888,0.0,0.0,0.09784626,0.00028031148,0.4055617,0.99155396,0.0,0.6796736
161,2,1,A,B,297,0.0,0.0,0.0,0.0,0.0,0.0,0.119368486,0.10905638,0.0,0.0,0.0,0.0,0.5254869,0.0,0.0,0.0,0.0,1.0351019,0.0,0.074222095,0.0,0.0,0.0,0.0,0.0,0.31505,0.0,0.0,0.0,0.025828687,0.1267913,0.0,0.0,0.0,0.40354216,0.0,0.0,0.0,1.5894684,1.1935328,0.0,4.248817,0.0,0.0,0.0,0.0,0.40574896,7.7787874e-05,0.0,0.6798575
162,6,1,A,B,271,0.0,0.0,0.0,0.0,0.0,0.0,0.119368486,0.10905638,0.0,0.0,0.0,0.0,0.87692964,0.0,0.0,0.0,0.0,7.5897985,0.0,0.074222095,0.0,0.0,0.0,0.0,0.0,0.31505,0.0,0.0,0.0,0.025826607,0.12676041,0.0,0.0,0.0,0.8198806,0.0,0.0,0.0,1.327112,4.2799563,0.0,14.832364,0.0,0.0,0.0,0.0,0.4057605,0.0,0.0,0.68031335
163,1,2,A,A,333,0.0,0.0,0.0,9.797293e-06,6.6923913e-06,0.0,0.119368486,0.10905638,0.0,0.0,0.0,0.0,0.51938474,0.0,0.066236876,0.0,0.0,0.9775995,0.0,0.074222095,0.0,0.0,0.0,0.17187071,0.0,0.31505,0.021236507,0.055659723,0.0,0.28156188,0.12676573,0.0,0.0,0.0,0.39604995,0.0,0.0,0.0,1.6471676,0.59935707,1.4349948,2.9988558,0.0,0.0,0.18714033,0.007563415,0.4055699,1.0564667,0.0,0.67967856
164,2,0,B,B,316,0.0,0.0,0.0,3.3275946e-06,0.0,0.0,0.119368486,0.10905638,0.0,1.7581269e-06,0.0,0.0,0.5243659,0.0,0.05079787,0.0,0.0,0.9994095,0.0,0.074222095,0.0,0.0,0.0,0.0022509713,0.0,0.31505,0.039700188,0.020194763,0.0,0.051373295,0.12676364,0.0,0.14167379,0.0,0.40392172,0.0,0.0,0.0,2.6529605,0.36014214,0.66689646,4.2508955,0.0,0.0,0.04274104,0.01131661,0.4056252,0.19005045,0.0,0.67976654
165,10,1,B,B,267,0.0,0.0,0.0,0.0,0.0,0.0,0.119368486,0.10905638,0.0,0.0,0.0,4.1972013e-05,0.5192898,0.0,4.3102527,0.0,0.0,0.9769664,0.0,0.074222095,0.0,0.0,0.0,2.3527427,0.0,0.31505,1.3089505,2.8311844,0.0,2.3769228,0.12675856,0.0,0.0,0.0,0.39587638,0.0,0.0,0.0,0.0,3.319106,6.4688134,3.4778662,0.0,0.0,0.7658272,0.23949558,0.40555203,2.5631292,0.0,0.67966753
166,2,1,B,A,269,0.0,0.0,0.0,0.0,0.0,0.0,0.119368486,0.10905638,0.0,0.0,0.0,0.0,0.5452884,0.0,0.0,0.0,0.0,1.0248815,0.0,0.074222095,0.0,0.0,0.0,0.0,0.0,0.31505,0.0,0.0,0.0,0.025829488,0.12676641,0.0,0.19215204,0.0,0.45873034,0.0,0.0,0.0,2.6021812,0.5811088,0.0,3.625227,0.0,0.0,0.0,0.0,0.4057797,0.0,0.0,0.68030375
167,1,2,B,A,339,0.0,0.0,0.0,0.0,0.0,0.0,0.119368486,0.10905638,0.0,0.0,0.0,0.0,0.5746997,0.0,0.0,0.0,0.0,1.1634431,0.0,0.074222095,0.0,0.0,0.0,0.0,0.0,0.31505,0.0,0.0,0.0,0.025826607,0.12676172,0.0,0.0,0.0,0.5053368,0.0,0.0,0.0,2.1591253,1.5458367,0.0,7.8870735,0.0,0.0,0.0,0.0,0.40567994,0.0,0.0,0.679881
168,2,1,B,B,300,0.0,0.0,0.0,0.0,0.0,0.0,0.119368486,0.10905638,0.0,0.0,0.0,0.0,0.6421086,0.0,0.0,0.0,0.0,1.9087197,0.0,0.074222095,0.0,0.0,0.0,0.0,0.0,0.31505,0.0,0.0,0.0,0.030659502,0.12676916,0.0,0.13951054,0.0,0.71916056,0.0,0.0,0.0,2.6104357,0.63362163,0.0032544457,4.1351104,0.0,0.0,0.0,0.0,0.40594193,0.00014915576,0.0,0.68081474
169,1,1,B,A,313,0.0,0.0,0.0,0.0,0.0,0.0,0.119368486,0.10905638,0.0,0.0,0.0,0.0,0.5455917,0.0,0.0,0.0,0.0,1.0526173,0.0,0.074222095,0.0,0.0,0.0,0.0,0.0,0.31505,0.0,0.0,0.0,0.025826607,0.1267636,0.0,0.026973214,0.0,0.48160535,0.0,0.0,0.0,3.207658,0.6613129,0.0,4.364997,0.0,0.0,0.0,0.0,0.40569887,0.0,0.0,0.67997414
170,2,1,B,B,270,0.0,0.0,0.0,0.0,0.0,0.0,0.119368486,0.10905638,0.0,0.0,0.0,0.0,0.55154365,0.0,0.0,0.0,0.0,1.0454044,0.0,0.074222095,0.0,0.0,0.0,0.0,0.0,0.31505,0.0,0.0,0.0,0.025862675,0.12676516,0.0,0.16161576,0.0,0.4823526,0.0,0.0,0.0,2.6561255,0.62090605,0.0009990054,4.0050983,0.0,0.0,0.0,0.0,0.40581578,0.00011062164,0.0,0.6804537
171,1,2,B,A,268,0.0,0.0,0.0,0.0,0.0,0.0,0.119368486,0.10905638,0.0,0.0,0.0,0.0,0.6445982,0.0,0.0,0.0,0.0,1.3053023,0.0,0.074222095,0.0,0.0,0.0,0.0,0.0,0.31505,0.0,0.0,0.0,0.025826607,0.12676172,0.0,0.0,0.0,0.5784988,0.0,0.0,0.0,1.7100968,1.6775326,0.0,8.043424,0.0,0.0,0.0,0.0,0.40569916,0.0,0.0,0.6799764
172,0,1,A,A,278,0.0,0.0,0.0,1.30409135e-05,0.0,0.0,0.119368486,0.10905638,0.0,0.0,0.0,0.0,0.5195727,0.0,0.017787414,0.0,0.0,0.9796264,0.0,0.074222095,0.0,0.0,0.0,0.014157314,0.0,0.31505,0.0029576754,0.027974935,0.0,0.13805224,0.12677263,0.0,0.0,0.0,0.39631644,0.0,0.0,0.0,1.3141699,0.75929904,1.4560505,2.8862123,0.0,0.0,0.039283067,0.00021307849,0.405593,0.96655875,0.0,0.6796994
173,2,1,B,B,259,0.0,0.0,0.0,0.0,0.0,0.0,0.119368486,0.10905638,0.0,0.0,0.0,0.0,0.54866236,0.0,0.0,0.0,0.0,1.1147552,0.0,0.074222095,0.0,0.0,0.0,0.0,0.0,0.31505,0.0,0.0,0.0,0.026162652,0.12676586,0.0,0.13175023,0.0,0.4713045,0.0,0.0,0.0,2.452462,0.4891321,0.0,3.4482033,0.0,0.0,0.0,0.0,0.40575305,0.00032727784,0.0,0.68025124
174,10,1,A,B,301,0.0,0.0,0.0,0.0,0.0,0.0,0.119368486,0.10905638,0.0,0.0,0.0,0.0,1.0727763,0.0,0.0,0.0,0.0,8.836364,0.0,0.074222095,0.0,0.0,0.0,0.0,0.0,0.31505,0.0,0.0,0.0,0.025826607,0.12675959,0.0,0.0,0.0,1.1497422,0.0,0.0,0.0,1.3351289,4.644513,0.0,16.234922,0.0,0.0,0.0,0.0,0.40579084,0.0,0.0,0.6805488
175,3,1,B,B,309,0.0,0.0,0.0,8.144415e-06,2.9097368e-06,0.0,0.119368486,0.10905638,0.0,0.0,0.0,0.0,0.5193835,0.0,0.008315905,0.0,0.0,0.9777968,0.0,0.074222095,0.0,0.0,0.0,0.0019865863,0.0,0.31505,0.0067726537,0.017100254,0.0,0.20673268,0.1267633,0.0,0.0,0.0,0.3960284,0.0,0.0,0.0,1.9778161,0.43072444,1.3386099,3.3014727,0.0,0.0,0.041852437,0.0022417947,0.4055647,0.94671166,0.0,0.67967534
176,0,1,A,A,281,0.0,0.0,0.0,2.215332e-05,1.18596245e-05,0.0,0.119368486,0.10905638,0.0,0.0,0.0,0.0,0.5194011,0.0,0.0003762582,0.0,0.0,0.9777785,0.0,0.074222095,0.0,0.0,0.0,0.002045253,0.0,0.31505,6.062295e-05,0.003576885,0.0,0.17331456,0.126764,0.0,0.0,0.0,0.3960586,0.0,0.0,0.0,1.5408471,0.75020975,0.83703035,3.142394,0.0,0.0,0.039531063,0.00015740204,0.40556782,0.86407274,0.0,0.6796794
177,1,1,A,A,264,0.0,0.0,0.0,0.0,0.0,0.0,0.119368486,0.10905638,0.0,0.0,0.0,0.0,0.5196411,0.0,0.0,0.0,0.0,0.9799659,0.0,0.074222095,0.0,0.0,0.0,0.00020263444,0.0,0.31505,0.0,0.00056451984,0.0,0.08690186,0.12677741,0.0,0.0,0.0,0.3964008,0.0,0.0,0.0,1.5058092,0.8159161,0.30356526,2.816947,0.0,0.0,0.004621775,0.0,0.4056099,0.49083653,0.0,0.6797148
178,2,1,A,A,332,0.0,0.0,0.0,0.0,0.0,0.0,0.119368486,0.10905638,0.0,0.0,0.0,0.0,0.5273411,0.0,0.0,0.0,0.0,1.055632,0.0,0.074222095,0.0,0.0,0.0,0.0,0.0,0.31505,0.0,0.0,0.0,0.02621202,0.12680168,0.0,0.0,0.0,0.4056662,0.0,0.0,0.0,1.6683421,1.2015712,0.0,4.3874507,0.0,0.0,0.0,0.0,0.40580767,0.00020107912,0.0,0.67992043
179,6,1,B,B,265,0.0,0.0,0.0,0.0,0.0,0.0,0.119368486,0.10905638,0.0,0.0,0.0,0.0,0.5193112,0.0,2.0889,0.0,0.0,0.97719,0.0,0.074222095,0.0,0.0,0.0,1.6915959,0.0,0.31505,0.5981425,1.3738358,0.0,0.295545,0.12675887,0.0,0.0,0.0,0.39591226,0.0,0.0,0.0,0.030936308,1.9175689,4.468095,3.4462898,0.0,0.0,0.284243,0.15211092,0.4055545,1.3762028,0.0,0.6796688
180,2,0,B,B,255,0.0,0.0,5.65545e-05,0.0,0.0,0.0,0.119368486,0.10905638,0.0,0.0,0.0,0.0,0.51960677,0.0,0.0016032887,0.0,0.0,0.9786982,0.0,0.074222095,0.0,0.0,0.0,0.0026925888,0.0,0.31505,0.010220744,0.002303774,0.0,0.032278493,0.12676309,0.0,0.22566937,0.0,0.39655036,0.0,0.0,0.0,2.1486032,0.27403924,0.7854301,3.1676607,0.0,0.0,0.010929009,0.00019961828,0.40558547,0.07648386,0.0,0.6797082
181,1,2,A,A,319,0.0,0.0,0.0,5.315492e-06,1.7650107e-06,0.0,0.119368486,0.10905638,0.0,0.0,0.0,0.0,0.5194191,0.0,0.12422128,0.0,0.0,0.9781914,0.0,0.074222095,0.0,0.0,0.0,0.20186429,0.0,0.31505,0.057851486,0.08830666,0.0,0.20345125,0.1267619,0.0,0.0,0.0,0.39606598,0.0,0.0,0.0,1.513384,0.4934173,1.907475,3.3754425,0.0,0.0,0.15456736,0.015050721,0.40556276,1.2283779,0.0,0.6796756
182,1,1,B,A,298,0.0,0.0,0.0,0.0,0.0,0.0,0.119368486,0.10905638,0.0,0.0,0.0,0.0,0.56404227,0.0,0.0,0.0,0.0,1.1243116,0.0,0.074222095,0.0,0.0,0.0,0.0,0.0,0.31505,0.0,0.0,0.0,0.025826607,0.12676238,0.0,0.0030040415,0.0,0.48445216,0.0,0.0,0.0,3.3720603,0.75202966,0.0,4.944104,0.0,0.0,0.0,0.0,0.4056915,0.0,0.0,0.67993164
183,6,1,B,B,273,0.0,0.0,0.0,0.0,0.0,0.0,0.119368486,0.10905638,0.0,0.0,0.0,0.0,0.5192986,0.0,2.1518443,0.0,0.0,0.9770527,0.0,0.074222095,0.0,0.0,0.0,1.8542471,0.0,0.31505,0.621884,1.4079417,0.0,0.15442508,0.12675865,0.0,0.0,0.0,0.3958919,0.0,0.0,0.0,0.0033203436,1.9494433,4.3952312,3.4554853,0.0,0.0,0.25813854,0.18208127,0.4055533,1.3389807,0.0,0.6796682
184,4,1,B,B,314,0.0,0.0,0.0,0.0,0.0,0.0,0.119368486,0.10905638,0.0,7.029065e-05,0.0,0.0,0.51932615,0.0,0.25941956,0.0,0.0,0.9773219,0.0,0.074222095,0.0,0.0,0.0,0.53019774,0.0,0.31505,0.16035569,0.16356188,0.0,0.16090259,0.12675957,0.0,0.0,0.0,0.39593467,0.0,0.0,0.0,1.7191204,0.46504733,2.0941901,3.4311292,0.0,0.0,0.16936295,0.097440444,0.40555573,1.3431599,0.0,0.6796695
186,2,0,A,B,262,0.0,0.0,0.0,0.0,0.0,0.0,0.119368486,0.10905638,0.0,0.0,0.0,0.0,0.5305631,0.0,0.0,0.0,0.0,1.050835,0.0,0.074222095,0.0,0.0,0.0,0.0,0.0,0.31505,0.0,0.0,0.0,0.02582669,0.12676963,0.0,0.0,0.0,0.4119584,0.0,0.0,0.0,1.3945601,1.6954232,0.0,5.8888044,0.0,0.0,0.0,0.0,0.40565833,0.0,0.0,0.67977446
187,0,1,A,A,315,0.0,0.0,0.0,4.7196013e-06,1.0175132e-06,0.0,0.119368486,0.10905638,0.0,0.0,0.0,0.0,0.51938844,0.0,0.008175302,0.0,0.0,0.9777109,0.0,0.074222095,0.0,0.0,0.0,0.04695889,0.0,0.31505,0.005664463,0.010287744,0.0,0.18961573,0.12676702,0.0,0.0,0.0,0.39604622,0.0,0.0,0.0,1.6870457,0.56540906,0.9368344,3.1089835,0.0,0.0,0.0952577,0.002372083,0.4055708,0.89507955,0.0,0.679679
188,4,1,B,B,261,0.0,0.0,0.0,0.0,0.0,0.0,0.119368486,0.10905638,0.0,2.8439821e-05,0.0,0.0,0.5193226,0.0,0.48607773,0.0,0.0,0.97728175,0.0,0.074222095,0.0,0.0,0.0,0.3752636,0.0,0.31505,0.14132565,0.3441589,0.0,0.10614933,0.12676047,0.0,0.0,0.0,0.39593476,0.0,0.0,0.0,0.8380154,0.73722863,3.0544767,3.3718255,0.0,0.0,0.114056185,0.032688025,0.40555713,1.2237921,0.0,0.67967147
189,0,1,B,A,263,0.0,0.0,0.0,0.0,0.0,0.0,0.119368486,0.10905638,0.0,0.0,0.0,0.0,0.5628862,0.0,0.0,0.0,0.0,1.1196882,0.0,0.074222095,0.0,0.0,0.0,0.0,0.0,0.31505,0.0,0.0,0.0,0.025826607,0.12676142,0.0,0.0022072901,0.0,0.4898752,0.0,0.0,0.0,3.058104,0.786465,0.0,5.678024,0.0,0.0,0.0,0.0,0.40568212,0.0,0.0,0.67992294
190,3,1,A,B,259,0.0,0.0,0.0,0.0,0.0,0.0,0.119368486,0.10905638,0.0,0.0,0.0,0.0,0.54902613,0.0,0.0,0.0,0.0,1.1379646,0.0,0.074222095,0.0,0.0,0.0,0.0,0.0,0.31505,0.0,0.0,0.0,0.025826607,0.12676418,0.0,0.0,0.0,0.4315391,0.0,0.0,0.0,1.357742,1.9021177,0.0,6.636411,0.0,0.0,0.0,0.0,0.4056679,0.0,0.0,0.6798246
191,6,1,A,B,283,0.0,0.0,0.0,0.0,0.0,0.0,0.119368486,0.10905638,0.0,0.0,0.0,0.0,0.840004,0.0,0.0,0.0,0.0,6.1404424,0.0,0.074222095,0.0,0.0,0.0,0.0,0.0,0.31505,0.0,0.0,0.0,0.025826607,0.1267605,0.0,0.0,0.0,0.78676313,0.0,0.0,0.0,1.3274623,4.237351,0.0,14.79379,0.0,0.0,0.0,0.0,0.40574262,0.0,0.0,0.68012583
192,10,1,B,B,331,0.0,0.0,0.0,0.0,0.0,0.0,0.119368486,0.10905638,0.0,0.0,0.0,0.00015857784,0.5192874,0.0,4.311585,0.0,0.0,0.9769535,0.0,0.074222095,0.0,0.0,0.0,1.8440334,0.0,0.31505,1.1527529,2.6673136,0.0,0.44701454,0.12675852,0.0,0.0,0.0,0.39587364,0.0,0.0,0.0,0.0,3.4369965,5.0596247,3.4869328,0.0,0.0,1.4900048,0.068785995,0.40555194,2.8030438,0.0,0.67966753
193,1,2,A,A,305,0.0,0.0,0.0,2.2118395e-05,5.437592e-06,0.0,0.119368486,0.10905638,0.0,0.0,0.0,0.0,0.5193789,0.0,0.057450198,0.0,0.0,0.97769475,0.0,0.074222095,0.0,0.0,0.0,0.020068038,0.0,0.31505,0.026336132,0.0526777,0.0,0.23204817,0.12676392,0.0,0.0,0.0,0.3960321,0.0,0.0,0.0,1.2084926,0.49169716,1.9242531,3.2368727,0.0,0.0,0.114569016,0.0023332457,0.40556583,1.2225785,0.0,0.679679
194,1,2,A,A,252,0.0,0.0,0.0,0.0,0.0,0.0,0.119368486,0.10905638,0.0,2.885438e-05,0.0,0.0,0.5193618,0.0,0.12752338,0.0,0.0,0.97761846,0.0,0.074222095,0.0,0.0,0.0,0.047959004,0.0,0.31505,0.05124221,0.118980974,0.0,0.13791223,0.12676136,0.0,0.0,0.0,0.3959924,0.0,0.0,0.0,1.0836267,0.7440164,2.0136645,3.319014,0.0,0.0,0.099670686,0.016714523,0.40556023,0.9754236,0.0,0.67967314
195,1,1,A,A,328,0.0,0.0,0.0,0.0,0.0,0.0,0.119368486,0.10905638,0.0,0.0,0.0,0.0,0.5203929,0.0,0.0006700819,0.0,0.0,0.98533225,0.0,0.074222095,0.0,0.0,0.0,0.0033966822,0.0,0.31505,0.0,0.0042942585,0.0,0.22067331,0.12680775,0.0,0.0,0.0,0.39733872,0.0,0.0,0.0,1.7769886,0.70841515,0.24907468,2.5838625,0.0,0.0,0.017817529,2.9052106e-05,0.40571404,0.43230897,0.0,0.67980367
196,3,1,A,B,314,0.0,0.0,0.0,0.0,0.0,0.0,0.119368486,0.10905638,0.0,0.0,0.0,0.0,0.56071347,0.0,0.0,0.0,0.0,1.1768277,0.0,0.074222095,0.0,0.0,0.0,0.0,0.0,0.31505,0.0,0.0,0.0,0.025826607,0.12676407,0.0,0.0,0.0,0.44964564,0.0,0.0,0.0,1.3687348,2.1951778,0.0,7.793154,0.0,0.0,0.0,0.0,0.4056755,0.0,0.0,0.6798428
197,10,1,A,B,277,0.0,0.0,0.0,0.0,0.0,0.0,0.119368486,0.10905638,0.0,0.0,0.0,0.0,1.0231729,0.0,0.0,0.0,0.0,8.917832,0.0,0.074222095,0.0,0.0,0.0,0.0,0.0,0.31505,0.0,0.0,0.0,0.025826607,0.12675954,0.0,0.0,0.0,1.079239,0.0,0.0,0.0,1.3362498,4.6477094,0.0,16.136995,0.0,0.0,0.0,0.0,0.40578574,0.0,0.0,0.680524
198,1,1,B,A,275,0.0,0.0,0.0,0.0,0.0,0.0,0.119368486,0.10905638,0.0,0.0,0.0,0.0,0.5527285,0.0,0.0,0.0,0.0,1.0389457,0.0,0.074222095,0.0,0.0,0.0,0.0,0.0,0.31505,0.0,0.0,0.0,0.025826784,0.12676328,0.0,0.00063826673,0.0,0.5222273,0.0,0.0,0.0,3.0051603,0.7113505,0.0,4.6262994,0.0,0.0,0.0,0.0,0.4057004,0.0,0.0,0.6800057
199,10,1,A,B,280,0.0,0.0,0.0,0.0,0.0,0.0,0.119368486,0.10905638,0.0,0.0,0.0,0.0,1.0972362,0.0,0.0,0.0,0.0,8.620376,0.0,0.074222095,0.0,0.0,0.0,0.0,0.0,0.31505,0.0,0.0,0.0,0.025826607,0.12675959,0.0,0.0,0.0,1.2009505,0.0,0.0,0.0,1.3367494,4.656431,0.0,16.181585,0.0,0.0,0.0,0.0,0.40579456,0.0,0.0,0.68059134
200,2,0,B,B,328,0.0,0.0,0.0,0.0,0.0,0.0,0.119368486,0.10905638,0.0,0.0,0.0,0.0,0.52152526,0.0,0.0,0.0,0.0,0.98471856,0.0,0.074222095,0.0,0.0,0.0,0.0,0.0,0.31505,0.0,0.0,0.0,0.03250984,0.12676579,0.0,0.30482316,0.0,0.40022165,0.0,0.0,0.0,2.7098029,0.425898,0.0061966274,3.153592,0.0,0.0,0.0,0.0,0.40565902,0.0004434131,0.0,0.6798548
201,2,0,B,B,323,0.0,0.0,0.0,0.0,0.0,0.0,0.119368486,0.10905638,0.0,0.0,0.0,0.0,0.5203069,0.0,0.105337106,0.0,0.0,0.9807692,0.0,0.074222095,0.0,0.0,0.0,0.050207186,0.0,0.31505,0.042125773,0.07581277,0.0,0.060710497,0.12676387,0.0,0.05301368,0.0,0.3981916,0.0,0.0,0.0,2.5125415,0.37917516,1.6268688,3.195332,0.0,0.0,0.11300213,0.006631431,0.40562218,0.63493544,0.0,0.6797752
202,1,2,A,A,349,0.0,0.0,0.0,2.3138593e-05,1.5026561e-05,0.0,0.119368486,0.10905638,0.0,0.0,0.0,0.0,0.5193176,0.0,0.09335849,0.0,0.0,0.97722787,0.0,0.074222095,0.0,0.0,0.0,0.47607848,0.0,0.31505,0.05880451,0.054425143,0.0,0.17383692,0.12675992,0.0,0.0,0.0,0.39592457,0.0,0.0,0.0,2.0424597,0.52474886,1.5769843,3.3954988,0.0,0.0,0.16330871,0.038360838,0.40555573,1.2435383,0.0,0.6796695
203,6,1,A,B,313,0.0,0.0,0.0,0.0,0.0,0.0,0.119368486,0.10905638,0.0,0.0,0.0,0.0,1.0182441,0.0,0.0,0.0,0.0,5.431736,0.0,0.074222095,0.0,0.0,0.0,0.0,0.0,0.31505,0.0,0.0,0.0,0.025826607,0.12676047,0.0,0.0,0.0,1.0041715,0.0,0.0,0.0,1.3256471,4.3006783,0.0,15.037432,0.0,0.0,0.0,0.0,0.40577278,0.0,0.0,0.6803208
204,3,1,A,B,288,0.0,0.0,0.0,0.0,0.0,0.0,0.119368486,0.10905638,0.0,0.0,0.0,0.0,0.5460862,0.0,0.0,0.0,0.0,1.1196965,0.0,0.074222095,0.0,0.0,0.0,0.0,0.0,0.31505,0.0,0.0,0.0,0.025826607,0.12676495,0.0,0.0,0.0,0.43622383,0.0,0.0,0.0,1.3684543,2.1055744,0.0,7.4619164,0.0,0.0,0.0,0.0,0.4056646,0.0,0.0,0.67980456
205,10,1,B,B,285,0.0,0.0,0.0,0.0,0.0,0.0,0.119368486,0.10905638,0.0,0.0,0.0,0.00010338377,0.51928717,0.0,4.378622,0.0,0.0,0.9769459,0.0,0.074222095,0.0,0.0,0.0,2.2835693,0.0,0.31505,1.2982986,2.8649485,0.0,0.9577388,0.1267585,0.0,0.0,0.0,0.39587167,0.0,0.0,0.0,0.0,3.349244,6.2754674,3.4849882,0.0,0.0,0.80509967,0.19594015,0.40555188,2.6004443,0.0,0.67966735
206,2,1,B,A,260,0.0,0.0,0.0,0.0,0.0,0.0,0.119368486,0.10905638,0.0,0.0,0.0,0.0,0.5515986,0.0,0.0,0.0,0.0,1.0244578,0.0,0.074222095,0.0,0.0,0.0,0.0,0.0,0.31505,0.0,0.0,0.0,0.02582682,0.12676522,0.0,0.023915015,0.0,0.5018756,0.0,0.0,0.0,2.4947932,0.6705552,0.0,4.2218237,0.0,0.0,0.0,0.0,0.40572062,4.3367385e-05,0.0,0.68013275
207,0,1,A,A,280,0.0,0.0,0.0,7.3267233e-06,1.3154031e-06,0.0,0.119368486,0.10905638,0.0,0.0,0.0,0.0,0.5194501,0.0,0.038069457,0.0,0.0,0.9781666,0.0,0.074222095,0.0,0.0,0.0,0.019712176,0.0,0.31505,0.013476389,0.044414684,0.0,0.16215727,0.12676756,0.0,0.0,0.0,0.39616245,0.0,0.0,0.0,1.1363846,0.62196946,1.5845755,3.1529772,0.0,0.0,0.03086233,0.0018742026,0.40557757,1.0417774,0.0,0.6796858
208,3,1,A,B,291,0.0,0.0,0.0,0.0,0.0,0.0,0.119368486,0.10905638,0.0,0.0,0.0,0.0,0.5464277,0.0,0.0,0.0,0.0,1.1295476,0.0,0.074222095,0.0,0.0,0.0,0.0,0.0,0.31505,0.0,0.0,0.0,0.025826607,0.12676553,0.0,0.0,0.0,0.43263233,0.0,0.0,0.0,1.359065,2.0931864,0.0,7.466413,0.0,0.0,0.0,0.0,0.4056593,0.0,0.0,0.6797888
209,4,1,B,B,272,0.0,0.0,0.0,0.0,0.0,0.0,0.119368486,0.10905638,0.0,2.9908022e-05,0.0,0.0,0.5193014,0.0,0.35787117,0.0,0.0,0.9770655,0.0,0.074222095,0.0,0.0,0.0,0.155602,0.0,0.31505,0.12557283,0.2484502,0.0,0.10970736,0.1267592,0.0,0.0,0.0,0.3958954,0.0,0.0,0.0,0.8876057,0.6104533,2.9717157,3.4477475,0.0,0.0,0.10279856,0.030465161,0.4055534,1.315177,0.0,0.6796682
210,10,1,A,B,328,0.0,0.0,0.0,0.0,0.0,0.0,0.119368486,0.10905638,0.0,0.0,0.0,0.0,1.074415,0.0,0.0,0.0,0.0,8.771166,0.0,0.074222095,0.0,0.0,0.0,0.0,0.0,0.31505,0.0,0.0,0.0,0.025826607,0.12675959,0.0,0.0,0.0,1.1555802,0.0,0.0,0.0,1.3349077,4.6294007,0.0,16.188618,0.0,0.0,0.0,0.0,0.40579075,0.0,0.0,0.680558
211,3,1,B,B,336,0.0,0.0,0.0,5.8337796e-06,2.0941256e-07,0.0,0.119368486,0.10905638,0.0,0.0,0.0,0.0,0.51952684,0.0,0.0070349765,0.0,0.0,0.9788137,0.0,0.074222095,0.0,0.0,0.0,0.0065366207,0.0,0.31505,0.0052103656,0.012610078,0.0,0.25993416,0.12677376,0.0,0.0,0.0,0.39626706,0.0,0.0,0.0,1.9460597,0.51694703,1.0638971,2.8872688,0.0,0.0,0.08510347,0.0019972164,0.40559334,0.94357604,0.0,0.67969733
212,6,1,B,B,262,0.0,0.0,0.0,0.0,0.0,0.0,0.119368486,0.10905638,0.0,1.147044e-07,0.0,0.0,0.519295,0.0,2.051808,0.0,0.0,0.9770197,0.0,0.074222095,0.0,0.0,0.0,1.6825356,0.0,0.31505,0.58912086,1.35877,0.0,0.20829383,0.12675865,0.0,0.0,0.0,0.3958856,0.0,0.0,0.0,0.058778707,1.8845671,4.490799,3.475515,0.0,0.0,0.25104535,0.14963178,0.40555304,1.3500087,0.0,0.67966807
213,0,1,B,A,326,0.0,0.0,0.0,0.0,0.0,0.0,0.119368486,0.10905638,0.0,0.0,0.0,0.0,0.56933457,0.0,0.0,0.0,0.0,1.1317266,0.0,0.074222095,0.0,0.0,0.0,0.0,0.0,0.31505,0.0,0.0,0.0,0.025826607,0.12676172,0.0,0.0025174946,0.0,0.54322356,0.0,0.0,0.0,3.363573,0.72348845,0.0,5.087947,0.0,0.0,0.0,0.0,0.40569144,0.0,0.0,0.67993855
214,1,1,A,A,273,0.0,0.0,0.0,0.0,0.0,0.0,0.119368486,0.10905638,0.0,0.0,0.0,0.0,0.5210156,0.0,0.0,0.0,0.0,0.9945467,0.0,0.074222095,0.0,0.0,0.0,7.8717954e-07,0.0,0.31505,0.0,3.6248678e-06,0.0,0.06748415,0.12678926,0.0,0.0,0.0,0.39805642,0.0,0.0,0.0,1.5671235,0.79719245,0.119983464,2.9450397,0.0,0.0,0.00050532626,0.0,0.40568057,0.32959637,0.0,0.6797875
215,3,1,A,B,320,0.0,0.0,0.0,0.0,0.0,0.0,0.119368486,0.10905638,0.0,0.0,0.0,0.0,0.5533767,0.0,0.0,0.0,0.0,1.1553204,0.0,0.074222095,0.0,0.0,0.0,0.0,0.0,0.31505,0.0,0.0,0.0,0.025826607,0.12676693,0.0,0.0,0.0,0.44443598,0.0,0.0,0.0,1.3730718,2.1327944,0.0,7.748775,0.0,0.0,0.0,0.0,0.40566075,0.0,0.0,0.67978305
216,0,1,B,A,265,0.0,0.0,0.0,0.0,0.0,0.0,0.119368486,0.10905638,0.0,0.0,0.0,0.0,0.55196583,0.0,0.0,0.0,0.0,1.0464964,0.0,0.074222095,0.0,0.0,0.0,0.0,0.0,0.31505,0.0,0.0,0.0,0.025826607,0.12676264,0.0,0.00064200436,0.0,0.53843653,0.0,0.0,0.0,3.0021582,0.84650975,0.0,5.4208355,0.0,0.0,0.0,0.0,0.40566406,0.0,0.0,0.6798813
217,10,1,A,B,307,0.0,0.0,0.0,0.0,0.0,0.0,0.119368486,0.10905638,0.0,0.0,0.0,0.0,1.0624641,0.0,0.0,0.0,0.0,8.810482,0.0,0.074222095,0.0,0.0,0.0,0.0,0.0,0.31505,0.0,0.0,0.0,0.025826607,0.12675959,0.0,0.0,0.0,1.1327821,0.0,0.0,0.0,1.334867,4.641961,0.0,16.232512,0.0,0.0,0.0,0.0,0.4057888,0.0,0.0,0.68053865
218,1,1,B,A,264,0.0,0.0,0.0,0.0,0.0,0.0,0.119368486,0.10905638,0.0,0.0,0.0,0.0,0.5539714,0.0,0.0,0.0,0.0,1.0817856,0.0,0.074222095,0.0,0.0,0.0,0.0,0.0,0.31505,0.0,0.0,0.0,0.025826618,0.12676336,0.0,0.004695558,0.0,0.46595576,0.0,0.0,0.0,2.6814868,0.8460007,0.0,5.5982423,0.0,0.0,0.0,0.0,0.40567797,0.0,0.0,0.6798859
219,1,2,B,A,281,0.0,0.0,0.0,0.0,0.0,0.0,0.119368486,0.10905638,0.0,0.0,0.0,0.0,0.560046,0.0,0.0,0.0,0.0,1.0821366,0.0,0.074222095,0.0,0.0,0.0,0.0,0.0,0.31505,0.0,0.0,0.0,0.025826607,0.12676269,0.0,0.0,0.0,0.5146253,0.0,0.0,0.0,1.5971074,1.6930455,0.0,8.266889,0.0,0.0,0.0,0.0,0.4056589,0.0,0.0,0.6798238
220,4,1,A,B,276,0.0,0.0,0.0,0.0,0.0,0.0,0.119368486,0.10905638,0.0,0.0,0.0,0.0,0.698827,0.0,0.0,0.0,0.0,2.339558,0.0,0.074222095,0.0,0.0,0.0,0.0,0.0,0.31505,0.0,0.0,0.0,0.025826607,0.1267624,0.0,0.0,0.0,0.60942996,0.0,0.0,0.0,1.3335702,2.9290097,0.0,10.216906,0.0,0.0,0.0,0.0,0.4056969,0.0,0.0,0.679902
221,0,1,B,A,259,0.0,0.0,0.0,0.0,0.0,0.0,0.119368486,0.10905638,0.0,0.0,0.0,0.0,0.59255975,0.0,0.0,0.0,0.0,1.1706932,0.0,0.074222095,0.0,0.0,0.0,0.0,0.0,0.31505,0.0,0.0,0.0,0.025826607,0.12676151,0.0,0.00031883523,0.0,0.5384098,0.0,0.0,0.0,2.6745832,0.8806897,0.0,5.485495,0.0,0.0,0.0,0.0,0.40570468,0.0,0.0,0.68000966
222,6,1,B,B,336,0.0,0.0,0.0,0.0,0.0,0.0,0.119368486,0.10905638,0.0,0.0,0.0,0.0,0.5192948,0.0,1.6907983,0.0,0.0,0.9770202,0.0,0.074222095,0.0,0.0,0.0,1.7512026,0.0,0.31505,0.4359388,1.0231521,0.0,0.32311252,0.12675859,0.0,0.0,0.0,0.39588517,0.0,0.0,0.0,0.0031623663,1.707372,3.3155453,3.4749224,0.0,0.0,0.38237643,0.19231597,0.4055523,1.0686436,0.0,0.67966795
223,0,1,B,A,308,0.0,0.0,0.0,0.0,0.0,0.0,0.119368486,0.10905638,0.0,0.0,0.0,0.0,0.5765366,0.0,0.0,0.0,0.0,1.0972365,0.0,0.074222095,0.0,0.0,0.0,0.0,0.0,0.31505,0.0,0.0,0.0,0.025826607,0.12676245,0.0,3.6825822e-05,0.0,0.5941176,0.0,0.0,0.0,3.126468,0.7838221,0.0,4.681009,0.0,0.0,0.0,0.0,0.4057148,0.0,0.0,0.6800434
224,10,1,A,B,271,0.0,0.0,0.0,0.0,0.0,0.0,0.119368486,0.10905638,0.0,0.0,0.0,0.0,1.0741649,0.0,0.0,0.0,0.0,8.752995,0.0,0.074222095,0.0,0.0,0.0,0.0,0.0,0.31505,0.0,0.0,0.0,0.025826607,0.12675959,0.0,0.0,0.0,1.1595474,0.0,0.0,0.0,1.3359728,4.6049695,0.0,16.05767,0.0,0.0,0.0,0.0,0.40579185,0.0,0.0,0.6805678
225,0,1,A,A,276,0.0,0.0,0.0,2.3838742e-05,1.3033892e-05,0.0,0.119368486,0.10905638,0.0,0.0,0.0,0.0,0.51938653,0.0,0.0004624289,0.0,0.0,0.97785896,0.0,0.074222095,0.0,0.0,0.0,0.002729066,0.0,0.31505,9.142916e-05,0.0047898577,0.0,0.14668302,0.12676185,0.0,0.0,0.0,0.3960212,0.0,0.0,0.0,1.4999568,0.7342159,1.2611842,3.349726,0.0,0.0,0.0449429,0.00019850142,0.40556115,0.96613157,0.0,0.67967474
226,1,1,A,A,260,0.0,0.0,0.0,0.0,0.0,0.0,0.119368486,0.10905638,0.0,0.0,0.0,0.0,0.5201614,0.0,0.0,0.0,0.0,0.9858591,0.0,0.074222095,0.0,0.0,0.0,1.0762268e-05,0.0,0.31505,0.0,0.00010522524,0.0,0.085404545,0.12678444,0.0,0.0,0.0,0.39704168,0.0,0.0,0.0,1.5564891,0.799337,0.23807238,2.8584542,0.0,0.0,0.0026387537,0.0,0.40564552,0.35476676,0.0,0.6797508
227,1,2,B,A,278,0.0,0.0,0.0,0.0,0.0,0.0,0.119368486,0.10905638,0.0,0.0,0.0,0.0,0.6050512,0.0,0.0,0.0,0.0,1.2564331,0.0,0.074222095,0.0,0.0,0.0,0.0,0.0,0.31505,0.0,0.0,0.0,0.025826607,0.12676172,0.0,0.0,0.0,0.508437,0.0,0.0,0.0,1.5436006,1.6857622,0.0,8.274359,0.0,0.0,0.0,0.0,0.4057007,0.0,0.0,0.67998594
228,2,1,B,A,318,0.0,0.0,0.0,0.0,0.0,0.0,0.119368486,0.10905638,0.0,0.0,0.0,0.0,0.5351341,0.0,0.0,0.0,0.0,1.0274788,0.0,0.074222095,0.0,0.0,0.0,0.0,0.0,0.31505,0.0,0.0,0.0,0.030493662,0.12676646,0.0,0.21693882,0.0,0.4266337,0.0,0.0,0.0,2.6932478,0.5755757,0.041245516,3.4241657,0.0,0.0,3.174369e-06,0.0,0.4057856,0.016864397,0.0,0.6802024
229,10,1,B,B,274,0.0,0.0,0.0,0.0,0.0,0.0,0.119368486,0.10905638,0.0,0.0,0.0,0.00018346694,0.51928616,0.0,4.470142,0.0,0.0,0.9769339,0.0,0.074222095,0.0,0.0,0.0,2.4103749,0.0,0.31505,1.3519064,2.9367075,0.0,0.8603973,0.1267585,0.0,0.0,0.0,0.39586982,0.0,0.0,0.0,0.0,3.4273205,6.5379624,3.4906166,0.0,0.0,0.79611915,0.24510023,0.40555188,2.628904,0.0,0.67966735
230,0,1,A,A,330,0.0,0.0,0.0,1.3465549e-05,4.138464e-06,0.0,0.119368486,0.10905638,0.0,0.0,0.0,0.0,0.5193752,0.0,0.0073862933,0.0,0.0,0.9777446,0.0,0.074222095,0.0,0.0,0.0,0.020909749,0.0,0.31505,0.01031402,0.010088992,0.0,0.18457118,0.12676524,0.0,0.0,0.0,0.39601716,0.0,0.0,0.0,1.7096347,0.40107468,1.3185401,3.1833658,0.0,0.0,0.057735495,0.004229683,0.40556678,1.0579975,0.0,0.6796782
231,4,1,B,B,303,0.0,0.0,0.0,0.0,0.0,0.0,0.119368486,0.10905638,0.0,9.8252485e-06,0.0,0.0,0.5193173,0.0,0.64610255,0.0,0.0,0.97722054,0.0,0.074222095,0.0,0.0,0.0,0.60822254,0.0,0.31505,0.21436705,0.35023993,0.0,0.35509583,0.12675951,0.0,0.0,0.0,0.3959194,0.0,0.0,0.0,1.1938899,0.67606467,2.546751,3.450239,0.0,0.0,0.35850322,0.09725137,0.40555534,1.400324,0.0,0.6796689
232,3,1,A,B,350,0.0,0.0,0.0,0.0,0.0,0.0,0.119368486,0.10905638,0.0,0.0,0.0,0.0,0.5841359,0.0,0.0,0.0,0.0,1.2644203,0.0,0.074222095,0.0,0.0,0.0,0.0,0.0,0.31505,0.0,0.0,0.0,0.025826607,0.126764,0.0,0.0,0.0,0.47372878,0.0,0.0,0.0,1.3898143,1.9944944,0.0,7.2218323,0.0,0.0,0.0,0.0,0.40569034,0.0,0.0,0.67989546
233,6,1,A,B,326,0.0,0.0,0.0,0.0,0.0,0.0,0.119368486,0.10905638,0.0,0.0,0.0,0.0,0.8926265,0.0,0.0,0.0,0.0,7.157149,0.0,0.074222095,0.0,0.0,0.0,0.0,0.0,0.31505,0.0,0.0,0.0,0.025826607,0.12676047,0.0,0.0,0.0,0.847242,0.0,0.0,0.0,1.3252625,4.2571893,0.0,14.934574,0.0,0.0,0.0,0.0,0.40575412,0.0,0.0,0.6802072
234,1,2,B,A,331,0.0,0.0,0.0,0.0,0.0,0.0,0.119368486,0.10905638,0.0,0.0,0.0,0.0,0.64497083,0.0,0.0,0.0,0.0,1.3651729,0.0,0.074222095,0.0,0.0,0.0,0.0,0.0,0.31505,0.0,0.0,0.0,0.025826607,0.12676167,0.0,0.0,0.0,0.5612916,0.0,0.0,0.0,2.2802694,1.4584788,0.0,7.3838863,0.0,0.0,0.0,0.0,0.40571418,0.0,0.0,0.68004245
235,0,1,A,A,302,0.0,0.0,0.0,1.4044374e-05,6.008758e-08,0.0,0.119368486,0.10905638,0.0,0.0,0.0,0.0,0.519398,0.0,0.035127427,0.0,0.0,0.9779883,0.0,0.074222095,0.0,0.0,0.0,0.12943143,0.0,0.31505,2.8939145e-05,0.0358056,0.0,0.23172809,0.12676254,0.0,0.0,0.0,0.39604405,0.0,0.0,0.0,1.3159024,0.65707445,1.3528299,3.303878,0.0,0.0,0.1863848,0.0,0.40556297,1.0221385,0.0,0.6796761
236,10,1,B,B,268,0.0,0.0,0.0,0.0,0.0,0.0,0.119368486,0.10905638,0.0,0.0,0.0,8.831658e-05,0.5192859,0.0,4.307414,0.0,0.0,0.97692823,0.0,0.074222095,0.0,0.0,0.0,2.360736,0.0,0.31505,1.3060019,2.823085,0.0,0.64915717,0.12675835,0.0,0.0,0.0,0.39586788,0.0,0.0,0.0,0.0,3.3265665,6.435047,3.4998803,0.0,0.0,0.8164423,0.25840932,0.40555182,2.561546,0.0,0.67966735
237,2,1,B,A,276,0.0,0.0,0.0,0.0,0.0,0.0,0.119368486,0.10905638,0.0,0.0,0.0,0.0,0.5437574,0.0,0.0,0.0,0.0,1.0404365,0.0,0.074222095,0.0,0.0,0.0,0.0,0.0,0.31505,0.0,0.0,0.0,0.025826847,0.12676437,0.0,0.05875617,0.0,0.4690857,0.0,0.0,0.0,2.860646,0.5631422,0.0,4.1796184,0.0,0.0,0.0,0.0,0.40573624,0.0,0.0,0.6801255
238,4,1,B,B,278,0.0,0.0,0.0,0.0,0.0,0.0,0.119368486,0.10905638,0.0,6.260169e-05,0.0,0.0,0.51930994,0.0,0.5440477,0.0,0.0,0.9771657,0.0,0.074222095,0.0,0.0,0.0,0.375307,0.0,0.31505,0.2201055,0.35804573,0.0,0.10343771,0.12675945,0.0,0.0,0.0,0.3959107,0.0,0.0,0.0,0.8277424,0.5938378,3.0144565,3.4274235,0.0,0.0,0.12684856,0.078791864,0.4055546,1.3998992,0.0,0.6796689
239,0,1,A,A,303,0.0,0.0,0.0,2.3474982e-05,1.0373694e-05,0.0,0.119368486,0.10905638,0.0,0.0,0.0,0.0,0.5194801,0.0,0.0,0.0,0.0,0.97851473,0.0,0.074222095,0.0,0.0,0.0,0.0024861817,0.0,0.31505,0.0,0.004191452,0.0,0.2518321,0.12676667,0.0,0.0,0.0,0.39618284,0.0,0.0,0.0,1.4581053,0.6018822,1.2421739,3.1055992,0.0,0.0,0.0458623,1.5944128e-05,0.40557617,0.9668132,0.0,0.6796866
240,10,1,A,B,273,0.0,0.0,0.0,0.0,0.0,0.0,0.119368486,0.10905638,0.0,0.0,0.0,0.0,1.061632,0.0,0.0,0.0,0.0,8.8266735,0.0,0.074222095,0.0,0.0,0.0,0.0,0.0,0.31505,0.0,0.0,0.0,0.025826607,0.12675954,0.0,0.0,0.0,1.1559983,0.0,0.0,0.0,1.3381864,4.6239095,0.0,16.102192,0.0,0.0,0.0,0.0,0.40578964,0.0,0.0,0.6805801
241,0,1,B,A,335,0.0,0.0,0.0,0.0,0.0,0.0,0.119368486,0.10905638,0.0,0.0,0.0,0.0,0.575585,0.0,0.0,0.0,0.0,1.1382643,0.0,0.074222095,0.0,0.0,0.0,0.0,0.0,0.31505,0.0,0.0,0.0,0.025826607,0.12676217,0.0,0.0043969234,0.0,0.5865384,0.0,0.0,0.0,3.4055877,0.65284204,0.0,4.731103,0.0,0.0,0.0,0.0,0.4056985,0.0,0.0,0.67996466
242,2,1,A,B,261,0.0,0.0,0.0,0.0,0.0,0.0,0.119368486,0.10905638,0.0,0.0,0.0,0.0,0.52379054,0.0,0.0,0.0,0.0,1.0158845,0.0,0.074222095,0.0,0.0,0.0,0.0,0.0,0.31505,0.0,0.0,0.0,0.02582667,0.12677369,0.0,0.0,0.0,0.40198308,0.0,0.0,0.0,1.4582633,1.2278874,0.0,4.3567386,0.0,0.0,0.0,0.0,0.40566495,0.0,0.0,0.67977446
243,2,0,A,B,336,0.0,0.0,0.0,0.0,0.0,0.0,0.119368486,0.10905638,0.0,0.0,0.0,0.0,0.5358059,0.0,0.0,0.0,0.0,1.0781418,0.0,0.074222095,0.0,0.0,0.0,0.0,0.0,0.31505,0.0,0.0,0.0,0.025826607,0.12676781,0.0,0.0,0.0,0.42279553,0.0,0.0,0.0,1.4257877,1.7444634,0.0,6.3908753,0.0,0.0,0.0,0.0,0.4056672,0.0,0.0,0.67978215
244,2,0,B,B,268,0.0,0.0,0.0,0.0,0.0,0.0,0.119368486,0.10905638,0.0,0.0,0.0,0.0,0.52062255,0.0,0.0,0.0,0.0,0.9840616,0.0,0.074222095,0.0,0.0,0.0,1.9334263e-06,0.0,0.31505,0.0,8.215984e-05,0.0,0.026116636,0.12676495,0.0,0.47642025,0.0,0.39865825,0.0,0.0,0.0,2.4468572,0.39490357,0.055770844,3.4430718,0.0,0.0,0.00014653563,0.0,0.40562114,0.0012640246,0.0,0.6797666
245,1,2,B,A,337,0.0,0.0,0.0,0.0,0.0,0.0,0.119368486,0.10905638,0.0,0.0,0.0,0.0,0.6163076,0.0,0.0,0.0,0.0,1.3044255,0.0,0.074222095,0.0,0.0,0.0,0.0,0.0,0.31505,0.0,0.0,0.0,0.025826607,0.1267615,0.0,0.0,0.0,0.5286481,0.0,0.0,0.0,1.9846928,1.505454,0.0,7.8957434,0.0,0.0,0.0,0.0,0.40569946,0.0,0.0,0.6799693
246,6,1,A,B,318,0.0,0.0,0.0,0.0,0.0,0.0,0.119368486,0.10905638,0.0,0.0,0.0,0.0,0.8149649,0.0,0.0,0.0,0.0,6.7551055,0.0,0.074222095,0.0,0.0,0.0,0.0,0.0,0.31505,0.0,0.0,0.0,0.025826607,0.12676077,0.0,0.0,0.0,0.7575454,0.0,0.0,0.0,1.3258077,4.198109,0.0,14.641132,0.0,0.0,0.0,0.0,0.4057308,0.0,0.0,0.68008447
247,1,2,B,A,266,0.0,0.0,0.0,0.0,0.0,0.0,0.119368486,0.10905638,0.0,0.0,0.0,0.0,0.6840798,0.0,0.0,0.0,0.0,1.4829934,0.0,0.074222095,0.0,0.0,0.0,0.0,0.0,0.31505,0.0,0.0,0.0,0.025826607,0.12676077,0.0,0.0,0.0,0.5789423,0.0,0.0,0.0,1.6988156,1.5064154,0.0,7.5539317,0.0,0.0,0.0,0.0,0.40573102,0.0,0.0,0.68016547
248,6,1,A,B,273,0.0,0.0,0.0,0.0,0.0,0.0,0.119368486,0.10905638,0.0,0.0,0.0,0.0,0.8127237,0.0,0.0,0.0,0.0,5.639081,0.0,0.074222095,0.0,0.0,0.0,0.0,0.0,0.31505,0.0,0.0,0.0,0.025826607,0.1267605,0.0,0.0,0.0,0.7384287,0.0,0.0,0.0,1.3257957,4.2730684,0.0,14.7149,0.0,0.0,0.0,0.0,0.40574414,0.0,0.0,0.68016905
249,1,2,A,A,279,0.0,0.0,0.0,0.0,0.0,0.0,0.119368486,0.10905638,0.0,0.0,0.0,0.0,0.5193863,0.0,0.4472184,0.0,0.0,0.97794616,0.0,0.074222095,0.0,0.0,0.0,0.5303198,0.0,0.31505,0.11420458,0.29269066,0.0,0.16944122,0.12676142,0.0,0.0,0.0,0.39602888,0.0,0.0,0.0,0.83144385,0.8490724,2.5621636,3.2800345,0.0,0.0,0.18958049,0.025984671,0.40556222,1.2586261,0.0,0.6796756
250,1,1,B,A,269,0.0,0.0,0.0,0.0,0.0,0.0,0.119368486,0.10905638,0.0,0.0,0.0,0.0,0.562095,0.0,0.0,0.0,0.0,1.0871369,0.0,0.074222095,0.0,0.0,0.0,0.0,0.0,0.31505,0.0,0.0,0.0,0.025826843,0.12676269,0.0,0.011569559,0.0,0.48061407,0.0,0.0,0.0,2.745127,0.738981,0.0,5.590007,0.0,0.0,0.0,0.0,0.40569207,0.0,0.0,0.6799467
251,10,1,A,B,338,0.0,0.0,0.0,0.0,0.0,0.0,0.119368486,0.10905638,0.0,0.0,0.0,0.0,1.041771,0.0,0.0,0.0,0.0,8.884586,0.0,0.074222095,0.0,0.0,0.0,0.0,0.0,0.31505,0.0,0.0,0.0,0.025826607,0.1267596,0.0,0.0,0.0,1.0924684,0.0,0.0,0.0,1.3334641,4.6273813,0.0,16.174654,0.0,0.0,0.0,0.0,0.40578854,0.0,0.0,0.6805301
252,6,1,B,B,318,0.0,0.0,0.0,0.0,0.0,0.0,0.119368486,0.10905638,0.0,0.0,0.0,0.0,0.51931787,0.0,1.7627329,0.0,0.0,0.97725105,0.0,0.074222095,0.0,0.0,0.0,1.6398742,0.0,0.31505,0.46865445,1.1087193,0.0,0.15346849,0.12675945,0.0,0.0,0.0,0.39592323,0.0,0.0,0.0,0.0032167218,1.6822697,3.667858,3.4304006,0.0,0.0,0.2964648,0.15183085,0.40555543,1.1408402,0.0,0.6796693
253,10,1,A,B,252,0.0,0.0,0.0,0.0,0.0,0.0,0.119368486,0.10905638,0.0,0.0,0.0,0.0,1.028736,0.0,0.0,0.0,0.0,8.513664,0.0,0.074222095,0.0,0.0,0.0,0.0,0.0,0.31505,0.0,0.0,0.0,0.025826607,0.12675954,0.0,0.0,0.0,1.0947534,0.0,0.0,0.0,1.3362556,4.163652,0.0,14.769544,0.0,0.0,0.0,0.0,0.40578488,0.0,0.0,0.6805357
254,3,1,B,A,265,0.0,0.0,0.0,0.0,0.0,0.0,0.119368486,0.10905638,0.0,0.0,0.0,0.0,0.5193835,0.0,0.0202662,0.0,0.0,0.97775245,0.0,0.074222095,0.0,0.0,0.0,0.009868936,0.0,0.31505,0.011173456,0.026882296,0.0,0.22196335,0.12676519,0.0,0.0,0.0,0.3960357,0.0,0.0,0.0,1.8087944,0.58189565,0.9568072,3.147773,0.0,0.0,0.049062256,0.0014035325,0.40556926,0.8289871,0.0,0.6796785
255,4,1,A,B,340,0.0,0.0,0.0,0.0,0.0,0.0,0.119368486,0.10905638,0.0,0.0,0.0,0.0,0.75580156,0.0,0.0,0.0,0.0,2.5459287,0.0,0.074222095,0.0,0.0,0.0,0.0,0.0,0.31505,0.0,0.0,0.0,0.025826607,0.12676264,0.0,0.0,0.0,0.674908,0.0,0.0,0.0,1.337247,2.9913468,0.0,10.830088,0.0,0.0,0.0,0.0,0.40571204,0.0,0.0,0.67998993
256,1,2,A,A,335,0.0,0.0,0.0,7.660335e-06,4.4471008e-06,0.0,0.119368486,0.10905638,0.0,0.0,0.0,0.0,0.51949304,0.0,0.053457007,0.0,0.0,0.97820646,0.0,0.074222095,0.0,0.0,0.0,0.01016171,0.0,0.31505,0.03523524,0.051822174,0.0,0.25020084,0.12677246,0.0,0.0,0.0,0.39623535,0.0,0.0,0.0,1.7476602,0.43079388,1.6403569,2.9340875,0.0,0.0,0.041169353,0.0069259303,0.40558827,1.1085763,0.0,0.6796924
257,0,1,B,A,339,0.0,0.0,0.0,0.0,0.0,0.0,0.119368486,0.10905638,0.0,0.0,0.0,0.0,0.566453,0.0,0.0,0.0,0.0,1.1410303,0.0,0.074222095,0.0,0.0,0.0,0.0,0.0,0.31505,0.0,0.0,0.0,0.025826607,0.12676261,0.0,0.018542862,0.0,0.68084234,0.0,0.0,0.0,3.5486403,0.6708176,0.0,5.3766727,0.0,0.0,0.0,0.0,0.4056777,0.0,0.0,0.67990386
258,4,1,B,B,264,0.0,0.0,0.0,0.0,0.0,0.0,0.119368486,0.10905638,0.0,4.7126723e-06,0.0,0.0,0.5193253,0.0,0.7730689,0.0,0.0,0.9773135,0.0,0.074222095,0.0,0.0,0.0,0.5234166,0.0,0.31505,0.20971689,0.5111217,0.0,0.26611096,0.12675951,0.0,0.0,0.0,0.3959336,0.0,0.0,0.0,0.6691399,0.8841133,3.0192819,3.4247596,0.0,0.0,0.20691113,0.016565658,0.40555575,1.2073512,0.0,0.6796695
259,0,1,A,A,261,0.0,0.0,0.0,8.387056e-06,2.597152e-06,0.0,0.119368486,0.10905638,0.0,0.0,0.0,0.0,0.5193689,0.0,0.0112078795,0.0,0.0,0.9776739,0.0,0.074222095,0.0,0.0,0.0,0.030077789,0.0,0.31505,0.00029002555,0.026546402,0.0,0.10913119,0.12676343,0.0,0.0,0.0,0.39600834,0.0,0.0,0.0,1.2964708,0.7950565,1.494365,3.2546084,0.0,0.0,0.04420808,0.00042651364,0.4055645,0.88711584,0.0,0.679676
260,4,1,A,B,330,0.0,0.0,0.0,0.0,0.0,0.0,0.119368486,0.10905638,0.0,0.0,0.0,0.0,0.6285234,0.0,0.0,0.0,0.0,2.446883,0.0,0.074222095,0.0,0.0,0.0,0.0,0.0,0.31505,0.0,0.0,0.0,0.025826607,0.12676246,0.0,0.0,0.0,0.5123269,0.0,0.0,0.0,1.3314778,2.9775095,0.0,10.705247,0.0,0.0,0.0,0.0,0.40568683,0.0,0.0,0.6798867
261,1,1,A,A,256,0.0,0.0,0.0,0.0,0.0,0.0,0.119368486,0.10905638,0.0,0.0,0.0,0.0,0.5202913,0.0,0.0,0.0,0.0,0.9876981,0.0,0.074222095,0.0,0.0,0.0,6.172808e-06,0.0,0.31505,0.0,0.00012818775,0.0,0.046605334,0.12679139,0.0,0.0,0.0,0.39717552,0.0,0.0,0.0,1.5242784,0.7989019,0.05150224,2.7783651,0.0,0.0,0.00052465557,0.0,0.40566906,0.25006822,0.0,0.6797757
262,0,1,A,A,312,0.0,0.0,0.0,0.0,0.0,0.0,0.119368486,0.10905638,0.0,0.0,0.0,0.0,0.51937616,0.0,0.011226342,0.0,0.0,0.9777856,0.0,0.074222095,0.0,0.0,0.0,0.109021045,0.0,0.31505,0.0043410705,0.019481415,0.0,0.2357929,0.12676224,0.0,0.0,0.0,0.39601582,0.0,0.0,0.0,1.5425605,0.51889855,1.6586543,3.3041215,0.0,0.0,0.15927064,0.0018223419,0.40556297,1.1707233,0.0,0.6796756
263,1,2,A,A,303,0.0,0.0,0.0,0.0,0.0,0.0,0.119368486,0.10905638,0.0,0.0,0.0,0.0,0.51931655,0.0,0.15924384,0.0,0.0,0.97718674,0.0,0.074222095,0.0,0.0,0.0,0.17714182,0.0,0.31505,0.081606075,0.11227767,0.0,0.18586354,0.12676054,0.0,0.0,0.0,0.39592144,0.0,0.0,0.0,1.3042054,0.5891339,1.7196878,3.3931732,0.0,0.0,0.18404745,0.02843567,0.4055561,1.1791416,0.0,0.67966956
264,3,1,A,B,347,0.0,0.0,0.0,0.0,0.0,0.0,0.119368486,0.10905638,0.0,0.0,0.0,0.0,0.5666291,0.0,0.0,0.0,0.0,1.2268741,0.0,0.074222095,0.0,0.0,0.0,0.0,0.0,0.31505,0.0,0.0,0.0,0.025826607,0.12676455,0.0,0.0,0.0,0.4551193,0.0,0.0,0.0,1.3694502,2.1555424,0.0,7.916201,0.0,0.0,0.0,0.0,0.40567723,0.0,0.0,0.67983675
265,0,1,B,A,307,0.0,0.0,0.0,0.0,0.0,0.0,0.119368486,0.10905638,0.0,0.0,0.0,0.0,0.56455195,0.0,0.0,0.0,0.0,1.0997425,0.0,0.074222095,0.0,0.0,0.0,0.0,0.0,0.31505,0.0,0.0,0.0,0.025826607,0.12676166,0.0,0.0055134064,0.0,0.53585684,0.0,0.0,0.0,3.4046447,0.66134566,0.0,4.790527,0.0,0.0,0.0,0.0,0.405691,0.0,0.0,0.67994887
266,1,1,A,A,253,0.0,0.0,0.0,0.0,0.0,0.0,0.119368486,0.10905638,0.0,0.0,0.0,0.0,0.5196573,0.0,0.0,0.0,0.0,0.9801818,0.0,0.074222095,0.0,0.0,0.0,0.00028357358,0.0,0.31505,0.0,0.0002695018,0.0,0.0990068,0.12677436,0.0,0.0,0.0,0.39642152,0.0,0.0,0.0,1.4895967,0.803788,0.3432779,2.8891842,0.0,0.0,0.0022546805,0.0,0.40560406,0.49069443,0.0,0.67971087
267,10,1,A,B,311,0.0,0.0,0.0,0.0,0.0,0.0,0.119368486,0.10905638,0.0,0.0,0.0,0.0,1.0799483,0.0,0.0,0.0,0.0,8.50783,0.0,0.074222095,0.0,0.0,0.0,0.0,0.0,0.31505,0.0,0.0,0.0,0.025826607,0.12675954,0.0,0.0,0.0,1.1773372,0.0,0.0,0.0,1.3376493,4.6367903,0.0,16.21703,0.0,0.0,0.0,0.0,0.4057922,0.0,0.0,0.6805809
268,10,1,A,B,331,0.0,0.0,0.0,0.0,0.0,0.0,0.119368486,0.10905638,0.0,0.0,0.0,0.0,1.0898802,0.0,0.0,0.0,0.0,8.639283,0.0,0.074222095,0.0,0.0,0.0,0.0,0.0,0.31505,0.0,0.0,0.0,0.025826607,0.1267596,0.0,0.0,0.0,1.1795518,0.0,0.0,0.0,1.3355017,4.625988,0.0,16.17199,0.0,0.0,0.0,0.0,0.40579364,0.0,0.0,0.6805774
269,3,1,B,A,348,0.0,0.0,0.0,0.0,0.0,0.0,0.119368486,0.10905638,0.0,0.0,0.0,0.0,0.51942235,0.0,0.043434758,0.0,0.0,0.9780951,0.0,0.074222095,0.0,0.0,0.0,0.02001547,0.0,0.31505,0.016624177,0.03466487,0.0,0.23446776,0.12676688,0.0,0.0013725903,0.0,0.39609444,0.0,0.0,0.0,1.7494459,0.5104536,0.9182178,3.2656317,0.0,0.0,0.029320164,0.0015123943,0.4055722,0.84801894,0.0,0.6796801
270,0,1,A,A,342,0.0,0.0,0.0,5.9851736e-06,1.9081315e-06,0.0,0.119368486,0.10905638,0.0,0.0,0.0,0.0,0.51937133,0.0,0.0022195275,0.0,0.0,0.9773794,0.0,0.074222095,0.0,0.0,0.0,0.0008293342,0.0,0.31505,0.0005476897,0.004529104,0.0,0.37308112,0.12676674,0.0,0.0,0.0,0.3960351,0.0,0.0,0.0,1.9252877,0.46332765,1.1899108,3.1491346,0.0,0.0,0.13570115,0.0005180154,0.40556926,1.0559028,0.0,0.67967886
271,4,1,A,B,313,0.0,0.0,0.0,0.0,0.0,0.0,0.119368486,0.10905638,0.0,0.0,0.0,0.0,0.5996397,0.0,0.0,0.0,0.0,1.4415785,0.0,0.074222095,0.0,0.0,0.0,0.0,0.0,0.31505,0.0,0.0,0.0,0.025826607,0.1267634,0.0,0.0,0.0,0.49050823,0.0,0.0,0.0,1.3374029,2.9279444,0.0,10.380471,0.0,0.0,0.0,0.0,0.40567777,0.0,0.0,0.679852
272,10,1,B,B,307,0.0,0.0,0.0,0.0,0.0,0.0,0.119368486,0.10905638,0.0,0.0,0.0,5.5469922e-08,0.51928425,0.0,4.1356263,0.0,0.0,0.97692317,0.0,0.074222095,0.0,0.0,0.0,2.227051,0.0,0.31505,1.2323278,2.7156603,0.0,1.4351659,0.12675835,0.0,0.0,0.0,0.3958667,0.0,0.0,0.0,0.0,3.1217382,6.18153,3.5099902,0.0,0.0,0.7098005,0.19542018,0.4055518,2.4681377,0.0,0.67966735
273,3,1,B,B,327,0.0,0.0,0.0,0.0,0.0,0.0,0.119368486,0.10905638,0.0,3.432333e-06,0.0,0.0,0.5194183,0.0,0.08716817,0.0,0.0,0.9779451,0.0,0.074222095,0.0,0.0,0.0,0.23979959,0.0,0.31505,0.017105509,0.095893286,0.0,0.2806179,0.12676513,0.0,0.01465898,0.0,0.3961113,0.0,0.0,0.0,1.9332705,0.82353866,1.8551651,3.2718356,0.0,0.0,0.120548144,0.007804864,0.40557277,0.88419604,0.0,0.6796802
274,1,1,B,A,269,0.0,0.0,0.0,0.0,0.0,0.0,0.119368486,0.10905638,0.0,0.0,0.0,0.0,0.54456073,0.0,0.0,0.0,0.0,1.0610831,0.0,0.074222095,0.0,0.0,0.0,0.0,0.0,0.31505,0.0,0.0,0.0,0.025826607,0.12676336,0.0,0.0150940195,0.0,0.46809623,0.0,0.0,0.0,2.9276125,0.6311932,0.0,5.387372,0.0,0.0,0.0,0.0,0.40566447,0.0,0.0,0.67985487
275,1,2,A,A,330,0.0,0.0,0.0,0.0,0.0,0.0,0.119368486,0.10905638,0.0,8.162922e-07,0.0,0.0,0.5193627,0.0,0.12808535,0.0,0.0,0.9776063,0.0,0.074222095,0.0,0.0,0.0,0.35933578,0.0,0.31505,0.07242808,0.09342508,0.0,0.28738636,0.12676235,0.0,0.0,0.0,0.39600253,0.0,0.0,0.0,1.832067,0.5093688,1.8529129,3.2064383,0.0,0.0,0.2067548,0.037767127,0.40556213,1.2525184,0.0,0.6796731
276,1,1,B,A,252,0.0,0.0,0.0,0.0,0.0,0.0,0.119368486,0.10905638,0.0,0.0,0.0,0.0,0.54528576,0.0,0.0,0.0,0.0,1.0284324,0.0,0.074222095,0.0,0.0,0.0,0.0,0.0,0.31505,0.0,0.0,0.0,0.025826605,0.12676378,0.0,0.0076036756,0.0,0.47943357,0.0,0.0,0.0,2.4472487,0.7407006,0.0,4.9782243,0.0,0.0,0.0,0.0,0.40567026,3.9872237e-05,0.0,0.6799022
277,1,1,B,A,325,0.0,0.0,0.0,0.0,0.0,0.0,0.119368486,0.10905638,0.0,0.0,0.0,0.0,0.5841422,0.0,0.0,0.0,0.0,1.1658443,0.0,0.074222095,0.0,0.0,0.0,0.0,0.0,0.31505,0.0,0.0,0.0,0.025826607,0.1267631,0.0,0.037011687,0.0,0.4960228,0.0,0.0,0.0,3.2649653,0.6553164,0.0,5.5201554,0.0,0.0,0.0,0.0,0.40569302,0.0,0.0,0.67994285
278,2,1,A,B,274,0.0,0.0,0.0,0.0,0.0,0.0,0.119368486,0.10905638,0.0,0.0,0.0,0.0,0.52758044,0.0,0.0,0.0,0.0,1.0420426,0.0,0.074222095,0.0,0.0,0.0,0.0,0.0,0.31505,0.0,0.0,0.0,0.025827674,0.12677631,0.0,0.0,0.0,0.40649682,0.0,0.0,0.0,1.4832977,1.2808741,0.0,4.607674,0.0,0.0,0.0,0.0,0.4056924,0.0,0.0,0.679808
279,2,0,B,A,301,0.0,0.0,0.0,0.0,0.0,0.0,0.119368486,0.10905638,0.0,0.0,0.0,0.0,0.51989657,0.0,0.0,0.0,0.0,0.97918135,0.0,0.074222095,0.0,0.0,0.0,6.6888542e-06,0.0,0.31505,0.0,0.0,0.0,0.06637898,0.12676235,0.0,0.33899078,0.0,0.39717197,0.0,0.0,0.0,2.6336303,0.41887668,0.0061882557,3.328304,0.0,0.0,0.034637112,0.0,0.40559414,0.00046915366,0.0,0.6797287
280,2,1,A,A,264,0.0,0.0,0.0,0.0,0.0,0.0,0.119368486,0.10905638,0.0,0.0,0.0,0.0,0.524467,0.0,0.0,0.0,0.0,1.0194491,0.0,0.074222095,0.0,0.0,0.0,0.0,0.0,0.31505,0.0,0.0,0.0,0.025826605,0.12677097,0.0,0.0,0.0,0.40309075,0.0,0.0,0.0,1.4431822,1.2978218,0.0,4.6164904,0.0,0.0,0.0,0.0,0.4056582,0.0,0.0,0.67976785
281,3,1,A,B,300,0.0,0.0,0.0,0.0,0.0,0.0,0.119368486,0.10905638,0.0,0.0,0.0,0.0,0.5583329,0.0,0.0,0.0,0.0,1.1667823,0.0,0.074222095,0.0,0.0,0.0,0.0,0.0,0.31505,0.0,0.0,0.0,0.025826622,0.12676555,0.0,0.0,0.0,0.44862083,0.0,0.0,0.0,1.3754557,2.031343,0.0,7.392894,0.0,0.0,0.0,0.0,0.40567702,0.0,0.0,0.6798392
282,6,1,B,B,296,0.0,0.0,0.0,0.0,0.0,0.0,0.119368486,0.10905638,0.0,0.0,0.0,0.0,0.5193071,0.0,1.9258116,0.0,0.0,0.97714216,0.0,0.074222095,0.0,0.0,0.0,1.6181873,0.0,0.31505,0.5200255,1.2298722,0.0,0.15945904,0.1267588,0.0,0.0,0.0,0.39590424,0.0,0.0,0.0,0.0032383015,1.7527034,3.915745,3.4673634,0.0,0.0,0.3047373,0.13522701,0.4055534,1.2549253,0.0,0.67966866
283,1,1,A,A,285,0.0,0.0,0.0,0.0,0.0,0.0,0.119368486,0.10905638,0.0,0.0,0.0,0.0,0.5202845,0.0,0.0,0.0,0.0,0.9862309,0.0,0.074222095,0.0,0.0,0.0,4.4568646e-05,0.0,0.31505,0.0,0.00029746132,0.0,0.11957475,0.1267798,0.0,0.0,0.0,0.39723188,0.0,0.0,0.0,1.5686375,0.79500085,0.49399364,3.0089676,0.0,0.0,0.013709551,0.0,0.40563166,0.49647874,0.0,0.679734
284,6,1,A,B,296,0.0,0.0,0.0,0.0,0.0,0.0,0.119368486,0.10905638,0.0,0.0,0.0,0.0,0.96635383,0.0,0.0,0.0,0.0,6.345819,0.0,0.074222095,0.0,0.0,0.0,0.0,0.0,0.31505,0.0,0.0,0.0,0.025826607,0.12676042,0.0,0.0,0.0,0.9363455,0.0,0.0,0.0,1.3260928,4.2306457,0.0,14.783411,0.0,0.0,0.0,0.0,0.40576583,0.0,0.0,0.6802722
285,1,2,A,A,320,0.0,0.0,0.0,4.0034956e-06,2.511045e-06,0.0,0.119368486,0.10905638,0.0,0.0,0.0,0.0,0.519493,0.0,0.068262376,0.0,0.0,0.9790216,0.0,0.074222095,0.0,0.0,0.0,0.00839011,0.0,0.31505,0.016682822,0.04676117,0.0,0.6863802,0.12676421,0.0,0.0,0.0,0.39618373,0.0,0.0,0.0,1.5978214,0.5988784,1.5392406,3.2402189,0.0,0.0,0.33095375,0.0031298175,0.405571,1.1749893,0.0,0.6796828
286,6,1,A,B,272,0.0,0.0,0.0,0.0,0.0,0.0,0.119368486,0.10905638,0.0,0.0,0.0,0.0,0.85047156,0.0,0.0,0.0,0.0,7.792378,0.0,0.074222095,0.0,0.0,0.0,0.0,0.0,0.31505,0.0,0.0,0.0,0.025826607,0.12676115,0.0,0.0,0.0,0.7819626,0.0,0.0,0.0,1.3297722,4.010636,0.0,13.914376,0.0,0.0,0.0,0.0,0.40575176,0.0,0.0,0.68021804
287,2,0,B,B,337,0.0,0.0,0.0,0.0,0.0,0.0,0.119368486,0.10905638,0.0,0.0,0.0,0.0,0.5217303,0.0,0.0,0.0,0.0,0.98287386,0.0,0.074222095,0.0,0.0,0.0,0.0,0.0,0.31505,0.0,0.0,0.0,0.04771441,0.12676369,0.0,0.30325738,0.0,0.4014184,0.0,0.0,0.0,2.7913332,0.39809853,0.02051705,3.288767,0.0,0.0,0.00011779209,0.0,0.40564916,0.00064824504,0.0,0.6798568
288,1,1,B,A,295,0.0,0.0,0.0,0.0,0.0,0.0,0.119368486,0.10905638,0.0,0.0,0.0,0.0,0.5446363,0.0,0.0,0.0,0.0,1.0709313,0.0,0.074222095,0.0,0.0,0.0,0.0,0.0,0.31505,0.0,0.0,0.0,0.025826607,0.12676404,0.0,0.057490293,0.0,0.48140115,0.0,0.0,0.0,3.1804626,0.6665789,0.0,5.0430927,0.0,0.0,0.0,0.0,0.40566677,0.0,0.0,0.679863
289,3,1,B,B,257,0.0,0.0,0.0,0.0,0.0,0.0,0.119368486,0.10905638,0.0,0.0,0.0,0.0,0.5195747,0.0,0.078511626,0.0,0.0,0.9796135,0.0,0.074222095,0.0,0.0,0.0,0.17854944,0.0,0.31505,0.014318019,0.07944624,0.0,0.1411538,0.12676793,0.0,0.0,0.0,0.39631963,0.0,0.0,0.0,1.2489997,0.7989546,1.3295287,3.0224676,0.0,0.0,0.07346615,0.0027650807,0.4055832,0.70641065,0.0,0.67969424
290,1,2,B,A,323,0.0,0.0,0.0,0.0,0.0,0.0,0.119368486,0.10905638,0.0,0.0,0.0,0.0,0.56039125,0.0,0.0,0.0,0.0,1.1055161,0.0,0.074222095,0.0,0.0,0.0,0.0,0.0,0.31505,0.0,0.0,0.0,0.025826607,0.12676306,0.0,0.0,0.0,0.51387143,0.0,0.0,0.0,1.8130707,1.7761041,0.0,8.280146,0.0,0.0,0.0,0.0,0.40566817,0.0,0.0,0.67984164
291,10,1,A,B,314,0.0,0.0,0.0,0.0,0.0,0.0,0.119368486,0.10905638,0.0,0.0,0.0,0.0,1.084597,0.0,0.0,0.0,0.0,8.75163,0.0,0.074222095,0.0,0.0,0.0,0.0,0.0,0.31505,0.0,0.0,0.0,0.025826607,0.1267596,0.0,0.0,0.0,1.1631932,0.0,0.0,0.0,1.3340343,4.6329637,0.0,16.20229,0.0,0.0,0.0,0.0,0.40579253,0.0,0.0,0.6805614
292,2,0,B,B,253,0.0,0.0,0.0,0.0,0.0,0.0,0.119368486,0.10905638,0.0,0.0,0.0,0.0,0.5202948,0.0,0.0,0.0,0.0,0.9801538,0.0,0.074222095,0.0,0.0,0.0,0.0,0.0,0.31505,0.0,0.0,0.0,0.027316377,0.12676287,0.0,0.3833015,0.0,0.39819086,0.0,0.0,0.0,2.2597647,0.41378078,0.013009421,3.2486246,0.0,0.0,3.8460774e-05,0.0,0.40560493,0.005218219,0.0,0.67976195
293,6,1,A,B,282,0.0,0.0,0.0,0.0,0.0,0.0,0.119368486,0.10905638,0.0,0.0,0.0,0.0,0.90956324,0.0,0.0,0.0,0.0,6.8845825,0.0,0.074222095,0.0,0.0,0.0,0.0,0.0,0.31505,0.0,0.0,0.0,0.025826607,0.12676023,0.0,0.0,0.0,0.8553694,0.0,0.0,0.0,1.3253502,4.272633,0.0,14.806474,0.0,0.0,0.0,0.0,0.40576932,0.0,0.0,0.6803515
294,0,1,B,A,274,0.0,0.0,0.0,0.0,0.0,0.0,0.119368486,0.10905638,0.0,0.0,0.0,0.0,0.5568845,0.0,0.0,0.0,0.0,1.1045069,0.0,0.074222095,0.0,0.0,0.0,0.0,0.0,0.31505,0.0,0.0,0.0,0.025826607,0.12676173,0.0,0.0229244,0.0,0.5116489,0.0,0.0,0.0,3.1644154,0.7385452,0.0,5.732402,0.0,0.0,0.0,0.0,0.40567374,0.0,0.0,0.6798834
295,4,1,B,B,330,0.0,0.0,0.0,0.0,0.0,0.0,0.119368486,0.10905638,0.0,3.9269482e-05,0.0,0.0,0.5193607,0.0,0.24523675,0.0,0.0,0.9776535,0.0,0.074222095,0.0,0.0,0.0,0.3293254,0.0,0.31505,0.19436218,0.16631976,0.0,0.1927095,0.12676051,0.0,0.0,0.0,0.39598495,0.0,0.0,0.0,1.9319167,0.28122273,2.4185984,3.4119604,0.0,0.0,0.10011519,0.101258285,0.4055584,1.4894253,0.0,0.67967224
296,2,1,B,A,349,0.0,0.0,0.0,0.0,0.0,0.0,0.119368486,0.10905638,0.0,0.0,0.0,0.0,0.5504574,0.0,0.0,0.0,0.0,1.0248315,0.0,0.074222095,0.0,0.0,0.0,0.0,0.0,0.31505,0.0,0.0,0.0,0.02584251,0.12676428,0.0,0.24522957,0.0,0.4932199,0.0,0.0,0.0,3.0731,0.5378198,0.0,4.684378,0.0,0.0,0.0,0.0,0.40570554,0.00038133332,0.0,0.6800226
297,3,1,B,B,270,0.0,0.0,0.0,8.352619e-06,0.0,0.0,0.119368486,0.10905638,0.0,0.0,0.0,0.0,0.5196455,0.0,0.065040015,0.0,0.0,0.98010164,0.0,0.074222095,0.0,0.0,0.0,0.018869529,0.0,0.31505,0.01936023,0.06145234,0.0,0.14533322,0.12677181,0.0,0.003599737,0.0,0.39640287,0.0,0.0,0.0,1.5671282,0.5439704,1.2930683,2.9886968,0.0,0.0,0.02299227,0.0026366783,0.405595,0.6437796,0.0,0.67969996
298,1,2,B,A,262,0.0,0.0,0.0,0.0,0.0,0.0,0.119368486,0.10905638,0.0,0.0,0.0,0.0,0.5601852,0.0,0.0,0.0,0.0,1.1003296,0.0,0.074222095,0.0,0.0,0.0,0.0,0.0,0.31505,0.0,0.0,0.0,0.025826607,0.12676328,0.0,0.0,0.0,0.48044944,0.0,0.0,0.0,1.6931739,1.5561435,0.0,7.480186,0.0,0.0,0.0,0.0,0.4056725,0.0,0.0,0.6798676
299,1,2,A,A,256,0.0,0.0,0.0,1.769647e-05,7.954679e-06,0.0,0.119368486,0.10905638,0.0,0.0,0.0,0.0,0.51934457,0.0,0.08526454,0.0,0.0,0.9774028,0.0,0.074222095,0.0,0.0,0.0,0.18176863,0.0,0.31505,0.006107754,0.08431718,0.0,0.13789561,0.12676123,0.0,0.0,0.0,0.39597023,0.0,0.0,0.0,1.2033246,0.8137506,1.6196498,3.320826,0.0,0.0,0.0692084,0.0002314572,0.40555954,0.9219244,0.0,0.67967165
300,1,2,B,A,309,0.0,0.0,0.0,0.0,0.0,0.0,0.119368486,0.10905638,0.0,0.0,0.0,0.0,0.55489415,0.0,0.0,0.0,0.0,1.0746471,0.0,0.074222095,0.0,0.0,0.0,0.0,0.0,0.31505,0.0,0.0,0.0,0.025826607,0.12676327,0.0,0.0,0.0,0.5031082,0.0,0.0,0.0,1.8905287,1.5733832,0.0,7.8749156,0.0,0.0,0.0,0.0,0.40566516,0.0,0.0,0.679841
301,10,1,A,B,332,0.0,0.0,0.0,0.0,0.0,0.0,0.119368486,0.10905638,0.0,0.0,0.0,0.0,1.0589582,0.0,0.0,0.0,0.0,8.819013,0.0,0.074222095,0.0,0.0,0.0,0.0,0.0,0.31505,0.0,0.0,0.0,0.025826607,0.12675975,0.0,0.0,0.0,1.1194403,0.0,0.0,0.0,1.3329278,4.62397,0.0,16.158167,0.0,0.0,0.0,0.0,0.40579075,0.0,0.0,0.6805463
302,1,1,B,A,278,0.0,0.0,0.0,0.0,0.0,0.0,0.119368486,0.10905638,0.0,0.0,0.0,0.0,0.5444439,0.0,0.0,0.0,0.0,1.0430651,0.0,0.074222095,0.0,0.0,0.0,0.0,0.0,0.31505,0.0,0.0,0.0,0.025826614,0.12676428,0.0,0.009546179,0.0,0.47092298,0.0,0.0,0.0,2.93229,0.6704701,0.0,5.132851,0.0,0.0,0.0,0.0,0.4056756,0.0,0.0,0.67988557
303,6,1,B,B,298,0.0,0.0,0.0,0.0,0.0,0.0,0.119368486,0.10905638,0.0,0.0,0.0,0.0,0.51930505,0.0,1.941149,0.0,0.0,0.9771036,0.0,0.074222095,0.0,0.0,0.0,1.6867348,0.0,0.31505,0.51491386,1.218032,0.0,0.35253605,0.12675929,0.0,0.0,0.0,0.39590225,0.0,0.0,0.0,0.0033881324,1.7969451,3.7526748,3.4260926,0.0,0.0,0.36942512,0.15397348,0.4055545,1.2468168,0.0,0.6796687
304,2,1,A,A,255,0.0,0.0,0.0,0.0,0.0,0.0,0.119368486,0.10905638,0.0,0.0,0.0,0.0,0.52325773,0.0,0.0,0.0,0.0,1.0110744,0.0,0.074222095,0.0,0.0,0.0,0.0,0.0,0.31505,0.0,0.0,0.0,0.025828533,0.12677263,0.0,0.0,0.0,0.40139753,0.0,0.0,0.0,1.4417205,1.2287482,0.0,4.4189043,0.0,0.0,0.0,0.0,0.40565422,0.0005510275,0.0,0.67976403
305,4,1,B,B,322,0.0,0.0,0.0,0.0,0.0,0.0,0.119368486,0.10905638,0.0,1.2071881e-06,0.0,0.0,0.5193177,0.0,0.4920138,0.0,0.0,0.9772562,0.0,0.074222095,0.0,0.0,0.0,0.7157142,0.0,0.31505,0.24393573,0.25206092,0.0,0.11610343,0.12675992,0.0,0.0,0.0,0.3959263,0.0,0.0,0.0,1.760353,0.483411,2.418034,3.347735,0.0,0.0,0.15808569,0.1506454,0.4055561,1.4661577,0.0,0.67967135
306,4,1,A,B,280,0.0,0.0,0.0,0.0,0.0,0.0,0.119368486,0.10905638,0.0,0.0,0.0,0.0,0.6359683,0.0,0.0,0.0,0.0,1.7304791,0.0,0.074222095,0.0,0.0,0.0,0.0,0.0,0.31505,0.0,0.0,0.0,0.025826607,0.12676151,0.0,0.0,0.0,0.5241403,0.0,0.0,0.0,1.3356587,3.049126,0.0,10.615634,0.0,0.0,0.0,0.0,0.4057069,0.0,0.0,0.679985
307,1,2,B,A,290,0.0,0.0,0.0,0.0,0.0,0.0,0.119368486,0.10905638,0.0,0.0,0.0,0.0,0.65691066,0.0,0.0,0.0,0.0,1.3239436,0.0,0.074222095,0.0,0.0,0.0,0.0,0.0,0.31505,0.0,0.0,0.0,0.025826607,0.12676233,0.0,0.0,0.0,0.57488245,0.0,0.0,0.0,1.7032623,1.5699103,0.0,8.064143,0.0,0.0,0.0,0.0,0.40570834,0.0,0.0,0.68003756
308,2,1,B,A,318,0.0,0.0,0.0,0.0,0.0,0.0,0.119368486,0.10905638,0.0,0.0,0.0,0.0,0.5831474,0.0,0.0,0.0,0.0,1.0755948,0.0,0.074222095,0.0,0.0,0.0,0.0,0.0,0.31505,0.0,0.0,0.0,0.026334172,0.12676452,0.0,0.18294975,0.0,0.53938496,0.0,0.0,0.0,2.8313217,0.65802276,0.0,3.960553,0.0,0.0,0.0,0.0,0.40587726,0.00013503182,0.0,0.6808257
309,0,1,B,A,303,0.0,0.0,0.0,0.0,0.0,0.0,0.119368486,0.10905638,0.0,0.0,0.0,0.0,0.554191,0.0,0.0,0.0,0.0,1.0820436,0.0,0.074222095,0.0,0.0,0.0,0.0,0.0,0.31505,0.0,0.0,0.0,0.025826607,0.12676261,0.0,0.010359753,0.0,0.4981476,0.0,0.0,0.0,3.5008502,0.74131125,0.0,5.146039,0.0,0.0,0.0,0.0,0.4056767,0.0,0.0,0.6798957
311,2,1,A,A,294,0.0,0.0,0.0,0.0,0.0,0.0,0.119368486,0.10905638,0.0,0.0,0.0,0.0,0.52902037,0.0,0.0,0.0,0.0,1.0487332,0.0,0.074222095,0.0,0.0,0.0,0.0,0.0,0.31505,0.0,0.0,0.0,0.025826607,0.12677148,0.0,0.0,0.0,0.4093711,0.0,0.0,0.0,1.4752812,1.3088679,0.0,4.859628,0.0,0.0,0.0,0.0,0.4056803,0.0,0.0,0.67979234
312,1,2,B,A,349,0.0,0.0,0.0,0.0,0.0,0.0,0.119368486,0.10905638,0.0,0.0,0.0,0.0,0.5810128,0.0,0.0,0.0,0.0,1.1671005,0.0,0.074222095,0.0,0.0,0.0,0.0,0.0,0.31505,0.0,0.0,0.0,0.025826607,0.1267624,0.0,0.0,0.0,0.5351133,0.0,0.0,0.0,2.1454191,1.5127349,0.0,7.7907014,0.0,0.0,0.0,0.0,0.40567738,0.0,0.0,0.67986643
313,2,0,B,B,338,0.0,0.0,0.0,0.0,0.0,0.0,0.119368486,0.10905638,0.0,0.0,0.0,0.0,0.5306477,0.0,0.0025685246,0.0,0.0,0.9975209,0.0,0.074222095,0.0,0.0,0.0,0.002720805,0.0,0.31505,0.003225913,0.0022081793,0.0,0.043942586,0.12676544,0.0,0.14887665,0.0,0.42587087,0.0,0.0,0.0,2.7680042,0.29095373,0.7127441,3.1823492,0.0,0.0,0.007073094,0.0010098175,0.40578294,0.2007586,0.0,0.68030393
314,6,1,A,B,269,0.0,0.0,0.0,0.0,0.0,0.0,0.119368486,0.10905638,0.0,0.0,0.0,0.0,0.94539624,0.0,0.0,0.0,0.0,7.8049498,0.0,0.074222095,0.0,0.0,0.0,0.0,0.0,0.31505,0.0,0.0,0.0,0.025826607,0.12676074,0.0,0.0,0.0,0.92918897,0.0,0.0,0.0,1.328264,4.1679473,0.0,14.338296,0.0,0.0,0.0,0.0,0.40576136,0.0,0.0,0.68025887
315,1,2,B,A,307,0.0,0.0,0.0,0.0,0.0,0.0,0.119368486,0.10905638,0.0,0.0,0.0,0.0,0.5727812,0.0,0.0,0.0,0.0,1.1456813,0.0,0.074222095,0.0,0.0,0.0,0.0,0.0,0.31505,0.0,0.0,0.0,0.025826607,0.12676209,0.0,4.689374e-08,0.0,0.5238428,0.0,0.0,0.0,2.055889,1.5543761,0.0,7.814828,0.0,0.0,0.0,0.0,0.40567505,0.0,0.0,0.6798734
316,2,1,B,A,350,0.0,0.0,0.0,0.0,0.0,0.0,0.119368486,0.10905638,0.0,0.0,0.0,0.0,0.5427252,0.0,0.0,0.0,0.0,1.0309881,0.0,0.074222095,0.0,0.0,0.0,0.0,0.0,0.31505,0.0,0.0,0.0,0.026169796,0.12676422,0.0,0.17510974,0.0,0.46039608,0.0,0.0,0.0,3.076169,0.56691027,0.0,4.450704,0.0,0.0,0.0,0.0,0.40571213,0.0,0.0,0.6800175
317,3,1,B,B,305,0.0,0.0,0.0,4.499496e-06,0.0,0.0,0.119368486,0.10905638,0.0,0.0,0.0,0.0,0.51943225,0.0,0.08208819,0.0,0.0,0.978219,0.0,0.074222095,0.0,0.0,0.0,0.15694682,0.0,0.31505,0.023965394,0.08528049,0.0,0.19198722,0.12676826,0.0,0.00014231242,0.0,0.39611936,0.0,0.0,0.0,1.5425217,0.6796676,1.7566528,3.1059504,0.0,0.0,0.033001732,0.0070400173,0.40557724,0.89374006,0.0,0.6796842
318,1,2,A,A,268,0.0,0.0,0.0,0.0,0.0,0.0,0.119368486,0.10905638,0.0,8.013472e-06,0.0,0.0,0.5193438,0.0,0.27114186,0.0,0.0,0.97749716,0.0,0.074222095,0.0,0.0,0.0,0.47888824,0.0,0.31505,0.030906761,0.21301144,0.0,0.1522462,0.12676165,0.0,0.0,0.0,0.3959683,0.0,0.0,0.0,0.80845934,0.94585335,2.2553675,3.28152,0.0,0.0,0.14850093,0.006512022,0.40556008,0.992906,0.0,0.6796723
319,0,1,B,A,267,0.0,0.0,0.0,0.0,0.0,0.0,0.119368486,0.10905638,0.0,0.0,0.0,0.0,0.55158395,0.0,0.0,0.0,0.0,1.0631276,0.0,0.074222095,0.0,0.0,0.0,0.0,0.0,0.31505,0.0,0.0,0.0,0.025826607,0.12676238,0.0,0.0009662216,0.0,0.49917853,0.0,0.0,0.0,2.9455993,0.79138505,0.0,5.266386,0.0,0.0,0.0,0.0,0.4056698,0.0,0.0,0.67988336
320,3,1,A,B,295,0.0,0.0,0.0,0.0,0.0,0.0,0.119368486,0.10905638,0.0,0.0,0.0,0.0,0.5550107,0.0,0.0,0.0,0.0,1.1582972,0.0,0.074222095,0.0,0.0,0.0,0.0,0.0,0.31505,0.0,0.0,0.0,0.025826674,0.12676503,0.0,0.0,0.0,0.44526032,0.0,0.0,0.0,1.365686,2.2916927,0.0,8.201877,0.0,0.0,0.0,0.0,0.40567967,0.0,0.0,0.67984664
321,2,0,B,B,303,0.0,0.0,0.0,5.452239e-06,0.0,0.0,0.119368486,0.10905638,0.0,0.0,0.0,0.0,0.5196045,0.0,0.0027294862,0.0,0.0,0.97835886,0.0,0.074222095,0.0,0.0,0.0,0.0014840184,0.0,0.31505,0.014120166,0.0005788823,0.0,0.11771934,0.12676121,0.0,0.1622807,0.0,0.39652598,0.0,0.0,0.0,2.5946949,0.26443723,0.724011,3.3442905,0.0,0.0,0.003826749,0.0006095413,0.40557382,0.11404163,0.0,0.6796976
322,10,1,B,B,300,0.0,0.0,0.0,0.0,0.0,0.0,0.119368486,0.10905638,0.0,0.0,0.0,0.00021560809,0.519286,0.0,4.4008927,0.0,0.0,0.97692865,0.0,0.074222095,0.0,0.0,0.0,2.040389,0.0,0.31505,1.2278217,2.7896223,0.0,0.5482793,0.12675835,0.0,0.0,0.0,0.3958679,0.0,0.0,0.0,0.0,3.4565644,5.5731554,3.49887,0.0,0.0,1.214297,0.12268651,0.40555188,2.7473097,0.0,0.67966735
323,3,1,A,B,276,0.0,0.0,0.0,0.0,0.0,0.0,0.119368486,0.10905638,0.0,0.0,0.0,0.0,0.5505884,0.0,0.0,0.0,0.0,1.1433196,0.0,0.074222095,0.0,0.0,0.0,0.0,0.0,0.31505,0.0,0.0,0.0,0.025826607,0.12676407,0.0,0.0,0.0,0.43736488,0.0,0.0,0.0,1.3500764,2.0674675,0.0,7.4359784,0.0,0.0,0.0,0.0,0.40566432,0.0,0.0,0.67981315
324,3,1,B,B,297,0.0,0.0,0.0,0.0,0.0,0.0,0.119368486,0.10905638,0.0,0.0,0.0,0.0,0.5194015,0.0,0.08788968,0.0,0.0,0.97799647,0.0,0.074222095,0.0,0.0,0.0,0.04766522,0.0,0.31505,0.018010516,0.08113406,0.0,0.24778898,0.12676673,0.0,0.0,0.0,0.39606395,0.0,0.0,0.0,1.5649742,0.7330931,1.4918251,3.1258378,0.0,0.0,0.11792732,0.0042322874,0.4055714,0.9293305,0.0,0.67968005
325,1,2,A,A,346,0.0,0.0,0.0,0.0,0.0,0.0,0.119368486,0.10905638,0.0,7.960383e-06,0.0,0.0,0.5194444,0.0,0.11134286,0.0,0.0,0.9783273,0.0,0.074222095,0.0,0.0,0.0,0.02450812,0.0,0.31505,0.05507445,0.08707989,0.0,0.28834638,0.1267655,0.0,0.0,0.0,0.39611912,0.0,0.0,0.0,1.6594539,0.402832,1.9143705,3.2562292,0.0,0.0,0.13908763,0.008482999,0.40556937,1.2165164,0.0,0.6796798
326,1,2,A,A,300,0.0,0.0,0.0,0.0,0.0,0.0,0.119368486,0.10905638,0.0,0.0,0.0,0.0,0.51933444,0.0,0.14163096,0.0,0.0,0.9772546,0.0,0.074222095,0.0,0.0,0.0,0.26248416,0.0,0.31505,0.06577625,0.1054148,0.0,0.19288677,0.12676227,0.0,0.0,0.0,0.39595908,0.0,0.0,0.0,1.3902017,0.6276919,1.7752678,3.2045016,0.0,0.0,0.11076716,0.021521455,0.40556085,1.1029143,0.0,0.67967194
327,3,1,B,B,308,0.0,0.0,0.0,0.0,0.0,0.0,0.119368486,0.10905638,0.0,0.0,0.0,0.0,0.5194772,0.0,0.026938131,0.0,0.0,0.9786389,0.0,0.074222095,0.0,0.0,0.0,0.017403979,0.0,0.31505,0.020234628,0.034711644,0.0,0.19461112,0.1267694,0.0,0.0,0.0,0.39617774,0.0,0.0,0.0,1.7900702,0.46267056,1.5788134,3.0151663,0.0,0.0,0.04325262,0.006286416,0.40558025,1.0189,0.0,0.6796872
328,1,2,B,A,291,0.0,0.0,0.0,0.0,0.0,0.0,0.119368486,0.10905638,0.0,0.0,0.0,0.0,0.59586054,0.0,0.0,0.0,0.0,1.226776,0.0,0.074222095,0.0,0.0,0.0,0.0,0.0,0.31505,0.0,0.0,0.0,0.025826607,0.12676215,0.0,0.0,0.0,0.51139206,0.0,0.0,0.0,1.6567596,1.7177875,0.0,8.465423,0.0,0.0,0.0,0.0,0.40569186,0.0,0.0,0.6799384
329,1,1,A,A,347,0.0,0.0,0.0,0.0,0.0,0.0,0.119368486,0.10905638,0.0,0.0,0.0,0.0,0.5208507,0.0,0.0009404546,0.0,0.0,0.99038476,0.0,0.074222095,0.0,0.0,0.0,0.0009093925,0.0,0.31505,0.00015686738,0.0035398996,0.0,0.17881723,0.12682785,0.0,0.0,0.0,0.39785585,0.0,0.0,0.0,1.7403963,0.74186254,0.65299726,2.7193906,0.0,0.0,0.009061122,0.00015300131,0.4057743,0.5707337,0.0,0.6798621
330,6,1,A,B,269,0.0,0.0,0.0,0.0,0.0,0.0,0.119368486,0.10905638,0.0,0.0,0.0,0.0,0.97987175,0.0,0.0,0.0,0.0,6.4699745,0.0,0.074222095,0.0,0.0,0.0,0.0,0.0,0.31505,0.0,0.0,0.0,0.025826607,0.12676042,0.0,0.0,0.0,0.95607257,0.0,0.0,0.0,1.3253429,4.1315527,0.0,14.303136,0.0,0.0,0.0,0.0,0.40576673,0.0,0.0,0.6802817
331,3,1,B,B,292,0.0,0.0,0.0,1.6739012e-05,1.1345343e-05,0.0,0.119368486,0.10905638,0.0,0.0,0.0,0.0,0.519411,0.0,0.0013123581,0.0,0.0,0.9780592,0.0,0.074222095,0.0,0.0,0.0,0.031932134,0.0,0.31505,0.0,0.005341825,0.0,0.23919943,0.1267667,0.0,0.0,0.0,0.39607772,0.0,0.0,0.0,1.492216,0.6948143,0.6670458,3.1397314,0.0,0.0,0.074057296,6.6242654e-05,0.40557182,0.685981,0.0,0.6796806
332,2,0,A,B,339,0.0,0.0,0.0,0.0,0.0,0.0,0.119368486,0.10905638,0.0,0.0,0.0,0.0,0.5393852,0.0,0.0,0.0,0.0,1.0987194,0.0,0.074222095,0.0,0.0,0.0,0.0,0.0,0.31505,0.0,0.0,0.0,0.025826607,0.12676804,0.0,0.0,0.0,0.4264108,0.0,0.0,0.0,1.4152112,1.8931123,0.0,6.823208,0.0,0.0,0.0,0.0,0.40566912,0.0,0.0,0.6797876
333,2,0,A,B,267,0.0,0.0,0.0,0.0,0.0,0.0,0.119368486,0.10905638,0.0,0.0,0.0,0.0,0.5314934,0.0,0.0,0.0,0.0,1.0533953,0.0,0.074222095,0.0,0.0,0.0,0.0,0.0,0.31505,0.0,0.0,0.0,0.025826607,0.126767,0.0,0.0,0.0,0.41420388,0.0,0.0,0.0,1.37314,1.8247194,0.0,6.3534713,0.0,0.0,0.0,0.0,0.40564847,0.0,0.0,0.67976487
334,6,1,A,B,339,0.0,0.0,0.0,0.0,0.0,0.0,0.119368486,0.10905638,0.0,0.0,0.0,0.0,0.7869036,0.0,0.0,0.0,0.0,7.243269,0.0,0.074222095,0.0,0.0,0.0,0.0,0.0,0.31505,0.0,0.0,0.0,0.025826607,0.1267605,0.0,0.0,0.0,0.7132195,0.0,0.0,0.0,1.3279922,4.179007,0.0,14.627789,0.0,0.0,0.0,0.0,0.40573996,0.0,0.0,0.6801785
335,3,1,B,B,318,0.0,0.0,0.0,0.0,0.0,0.0,0.119368486,0.10905638,0.0,0.0,0.0,0.0,0.51953703,0.0,0.044922832,0.0,0.0,0.97910446,0.0,0.074222095,0.0,0.0,0.0,0.016192978,0.0,0.31505,0.02092569,0.055461798,0.0,0.19774431,0.12677053,0.0,0.0,0.0,0.39627197,0.0,0.0,0.0,1.9169383,0.45785764,1.6666725,3.037878,0.0,0.0,0.012786305,0.0072063906,0.40558642,0.9297861,0.0,0.6796906
336,10,1,B,B,268,0.0,0.0,0.0,0.0,0.0,0.0,0.119368486,0.10905638,0.0,0.0,0.0,6.089457e-05,0.5192869,0.0,4.287264,0.0,0.0,0.9769388,0.0,0.074222095,0.0,0.0,0.0,2.4182372,0.0,0.31505,1.3160205,2.832572,0.0,1.2128083,0.1267585,0.0,0.0,0.0,0.39587033,0.0,0.0,0.0,0.0,3.279662,6.5768404,3.4859838,0.0,0.0,0.70094544,0.26894847,0.40555188,2.5153,0.0,0.67966735
337,1,1,B,A,278,0.0,0.0,0.0,0.0,0.0,0.0,0.119368486,0.10905638,0.0,0.0,0.0,0.0,0.5486914,0.0,0.0,0.0,0.0,1.0602295,0.0,0.074222095,0.0,0.0,0.0,0.0,0.0,0.31505,0.0,0.0,0.0,0.025826607,0.12676312,0.0,0.0050836313,0.0,0.47190365,0.0,0.0,0.0,2.8894742,0.71577406,0.0,5.4526057,0.0,0.0,0.0,0.0,0.405668,0.0,0.0,0.6798629
338,1,2,A,A,267,0.0,0.0,0.0,0.0,0.0,0.0,0.119368486,0.10905638,0.0,0.0,0.0,0.0,0.51933295,0.0,0.44590828,0.0,0.0,0.9773769,0.0,0.074222095,0.0,0.0,0.0,0.5467117,0.0,0.31505,0.082341716,0.31489173,0.0,0.20747167,0.12676041,0.0,0.0,0.0,0.39594945,0.0,0.0,0.0,0.78819185,0.93382394,2.5404334,3.3562589,0.0,0.0,0.18647707,0.004523014,0.40555805,1.1306597,0.0,0.679672
339,6,1,A,B,286,0.0,0.0,0.0,0.0,0.0,0.0,0.119368486,0.10905638,0.0,0.0,0.0,0.0,0.74079967,0.0,0.0,0.0,0.0,5.267653,0.0,0.074222095,0.0,0.0,0.0,0.0,0.0,0.31505,0.0,0.0,0.0,0.025826607,0.12676024,0.0,0.0,0.0,0.6464661,0.0,0.0,0.0,1.3282568,4.270826,0.0,14.880729,0.0,0.0,0.0,0.0,0.40573895,0.0,0.0,0.6801938
340,10,1,B,B,298,0.0,0.0,0.0,0.0,0.0,0.0,0.119368486,0.10905638,0.0,0.0,0.0,0.00018090986,0.5192862,0.0,4.252537,0.0,0.0,0.97693574,0.0,0.074222095,0.0,0.0,0.0,2.0510507,0.0,0.31505,1.1930416,2.7124352,0.0,0.48963428,0.1267585,0.0,0.0,0.0,0.3958701,0.0,0.0,0.0,0.0,3.388924,5.549183,3.489223,0.0,0.0,1.0731132,0.12743813,0.40555188,2.6231623,0.0,0.67966735
341,2,0,A,B,257,0.0,0.0,0.0,0.0,0.0,0.0,0.119368486,0.10905638,0.0,0.0,0.0,0.0,0.5327719,0.0,0.0,0.0,0.0,1.064072,0.0,0.074222095,0.0,0.0,0.0,0.0,0.0,0.31505,0.0,0.0,0.0,0.025826607,0.12676656,0.0,0.0,0.0,0.4138177,0.0,0.0,0.0,1.3645843,1.813107,0.0,6.1432467,0.0,0.0,0.0,0.0,0.40564907,0.0,0.0,0.67976946
342,4,1,B,B,269,0.0,0.0,0.0,0.0,0.0,0.0,0.119368486,0.10905638,0.0,0.0,0.0,0.0,0.51935965,0.0,0.3879762,0.0,0.0,0.97767085,0.0,0.074222095,0.0,0.0,0.0,0.3225728,0.0,0.31505,0.14192516,0.27241603,0.0,0.12337518,0.12676127,0.0,0.0,0.0,0.39598992,0.0,0.0,0.0,0.79455566,0.67634016,2.902319,3.3064225,0.0,0.0,0.112869285,0.0389506,0.40555993,1.2844547,0.0,0.679673
343,6,1,B,B,333,0.0,0.0,0.0,0.0,0.0,0.0,0.119368486,0.10905638,0.0,0.0,0.0,0.0,0.51930326,0.0,1.6601089,0.0,0.0,0.97709864,0.0,0.074222095,0.0,0.0,0.0,1.5869434,0.0,0.31505,0.41587096,1.0063404,0.0,0.60237604,0.1267588,0.0,0.0,0.0,0.39589837,0.0,0.0,0.0,0.003633195,1.6537232,3.3336117,3.4621155,0.0,0.0,0.401833,0.1495965,0.4055533,1.1126332,0.0,0.6796682
344,10,1,A,B,341,0.0,0.0,0.0,0.0,0.0,0.0,0.119368486,0.10905638,0.0,0.0,0.0,0.0,1.0711751,0.0,0.0,0.0,0.0,8.733995,0.0,0.074222095,0.0,0.0,0.0,0.0,0.0,0.31505,0.0,0.0,0.0,0.025826607,0.12675959,0.0,0.0,0.0,1.1569158,0.0,0.0,0.0,1.33627,4.6266627,0.0,16.168346,0.0,0.0,0.0,0.0,0.405791,0.0,0.0,0.6805651
345,2,0,B,A,294,0.0,0.0,0.0,0.0,0.0,0.0,0.119368486,0.10905638,0.0,0.0,0.0,0.0,0.5201664,0.0,0.0,0.0,0.0,0.9802784,0.0,0.074222095,0.0,0.0,0.0,0.0,0.0,0.31505,0.0,0.0,0.0,0.032579508,0.12676421,0.0,0.46044338,0.0,0.3975589,0.0,0.0,0.0,2.5041316,0.4174366,0.022631265,3.1876023,0.0,0.0,7.619474e-05,0.0,0.4056087,0.000461863,0.0,0.6797512
346,10,1,B,B,346,0.0,0.0,0.0,0.0,0.0,0.0,0.119368486,0.10905638,0.0,0.0,0.0,0.0008108422,0.51928806,0.0,4.3102,0.0,0.0,0.97695976,0.0,0.074222095,0.0,0.0,0.0,1.6660408,0.0,0.31505,1.0991569,2.6026382,0.0,0.47259915,0.12675852,0.0,0.0,0.0,0.39587405,0.0,0.0,0.0,0.0,3.4213006,4.654355,3.4875848,0.0,0.0,1.7689352,0.055959802,0.40555194,2.9167528,0.0,0.67966753
347,10,1,A,B,280,0.0,0.0,0.0,0.0,0.0,0.0,0.119368486,0.10905638,0.0,0.0,0.0,0.0,1.0955945,0.0,0.0,0.0,0.0,8.658021,0.0,0.074222095,0.0,0.0,0.0,0.0,0.0,0.31505,0.0,0.0,0.0,0.025826607,0.1267596,0.0,0.0,0.0,1.1801931,0.0,0.0,0.0,1.3341398,4.6535873,0.0,16.166697,0.0,0.0,0.0,0.0,0.40579373,0.0,0.0,0.6805678
348,1,1,B,A,262,0.0,0.0,0.0,0.0,0.0,0.0,0.119368486,0.10905638,0.0,0.0,0.0,0.0,0.54190075,0.0,0.0,0.0,0.0,1.0353833,0.0,0.074222095,0.0,0.0,0.0,0.0,0.0,0.31505,0.0,0.0,0.0,0.025826618,0.12676336,0.0,0.0052154195,0.0,0.46754575,0.0,0.0,0.0,2.7852883,0.7074702,0.0,5.0412517,0.0,0.0,0.0,0.0,0.40566373,0.0,0.0,0.67986715
349,0,1,B,A,312,0.0,0.0,0.0,0.0,0.0,0.0,0.119368486,0.10905638,0.0,0.0,0.0,0.0,0.571944,0.0,0.0,0.0,0.0,1.1302927,0.0,0.074222095,0.0,0.0,0.0,0.0,0.0,0.31505,0.0,0.0,0.0,0.025826607,0.12676245,0.0,0.008839269,0.0,0.5206435,0.0,0.0,0.0,3.3739417,0.73081917,0.0,5.5002093,0.0,0.0,0.0,0.0,0.40568855,0.0,0.0,0.6799237
350,0,1,A,A,343,0.0,0.0,0.0,1.3685052e-05,0.0,0.0,0.119368486,0.10905638,0.0,0.0,0.0,0.0,0.5194775,0.0,0.030133307,0.0,0.0,0.97826385,0.0,0.074222095,0.0,0.0,0.0,0.121639326,0.0,0.31505,0.0339859,0.030347256,0.0,0.19445771,0.12677372,0.0,0.0,0.0,0.39620113,0.0,0.0,0.0,1.8355604,0.47259322,1.2065872,2.9233587,0.0,0.0,0.013921785,0.008986151,0.40558815,0.9702214,0.0,0.67968905
351,10,1,B,B,301,0.0,0.0,0.0,0.0,0.0,0.0,0.119368486,0.10905638,0.0,0.0,0.0,2.5307818e-05,0.5192844,0.0,4.3169804,0.0,0.0,0.9769281,0.0,0.074222095,0.0,0.0,0.0,2.290625,0.0,0.31505,1.2887566,2.8459287,0.0,1.5720581,0.12675835,0.0,0.0,0.0,0.39586765,0.0,0.0,0.0,0.0,3.2206018,6.376449,3.5013318,0.0,0.0,0.70811236,0.20142771,0.40555182,2.5483952,0.0,0.67966735
352,0,1,B,A,265,0.0,0.0,0.0,0.0,0.0,0.0,0.119368486,0.10905638,0.0,0.0,0.0,0.0,0.56575674,0.0,0.0,0.0,0.0,1.1187817,0.0,0.074222095,0.0,0.0,0.0,0.0,0.0,0.31505,0.0,0.0,0.0,0.025826607,0.12676173,0.0,0.0016597223,0.0,0.49402112,0.0,0.0,0.0,2.978748,0.8071347,0.0,5.661126,0.0,0.0,0.0,0.0,0.40568545,0.0,0.0,0.67992735
353,1,2,A,A,264,0.0,0.0,0.0,2.3512288e-05,1.6077602e-05,0.0,0.119368486,0.10905638,0.0,0.0,0.0,0.0,0.5194649,0.0,0.13419859,0.0,0.0,0.9785089,0.0,0.074222095,0.0,0.0,0.0,0.15146673,0.0,0.31505,0.014468288,0.12198596,0.0,0.12747778,0.12676284,0.0,0.0,0.0,0.39613667,0.0,0.0,0.0,1.133047,0.83483636,1.9185774,3.2531607,0.0,0.0,0.09649695,0.00021752458,0.40556815,0.97669715,0.0,0.6796795
354,0,1,B,A,334,0.0,0.0,0.0,0.0,0.0,0.0,0.119368486,0.10905638,0.0,0.0,0.0,0.0,0.5910112,0.0,0.0,0.0,0.0,1.1803386,0.0,0.074222095,0.0,0.0,0.0,0.0,0.0,0.31505,0.0,0.0,0.0,0.025826607,0.12676209,0.0,0.023852224,0.0,0.53606164,0.0,0.0,0.0,3.48124,0.7745985,0.0,5.407877,0.0,0.0,0.0,0.0,0.40570354,0.0,0.0,0.67998594
355,0,1,B,A,263,0.0,0.0,0.0,0.0,0.0,0.0,0.119368486,0.10905638,0.0,0.0,0.0,0.0,0.55240923,0.0,0.0,0.0,0.0,1.0815845,0.0,0.074222095,0.0,0.0,0.0,0.0,0.0,0.31505,0.0,0.0,0.0,0.025826607,0.12676233,0.0,0.0043198434,0.0,0.48110333,0.0,0.0,0.0,3.0735297,0.79664606,0.0,5.623663,0.0,0.0,0.0,0.0,0.4056698,0.0,0.0,0.67987996
356,0,1,A,A,266,0.0,0.0,0.0,0.0,0.0,0.0,0.119368486,0.10905638,0.0,0.0,0.0,0.0,0.5193667,0.0,0.051152788,0.0,0.0,0.97766423,0.0,0.074222095,0.0,0.0,0.0,0.010487233,0.0,0.31505,0.0090232305,0.05532975,0.0,0.15430148,0.12676336,0.0,0.0,0.0,0.39600295,0.0,0.0,0.0,1.1400037,0.7512769,1.6869781,3.2212417,0.0,0.0,0.055145346,0.00054003374,0.4055636,0.98318917,0.0,0.6796759
357,3,1,B,B,258,0.0,0.0,0.0,0.0,0.0,0.0,0.119368486,0.10905638,0.0,2.0399148e-05,0.0,0.0,0.51939845,0.0,0.124417916,0.0,0.0,0.97804826,0.0,0.074222095,0.0,0.0,0.0,0.13206378,0.0,0.31505,0.036814343,0.1121125,0.0,0.11749328,0.12676357,0.0,0.0,0.0,0.39605194,0.0,0.0,0.0,1.5164955,0.6376592,2.1526916,3.2438455,0.0,0.0,0.07958132,0.013322261,0.40556633,1.0233661,0.0,0.6796785
358,1,1,A,A,267,0.0,0.0,0.0,0.0,0.0,0.0,0.119368486,0.10905638,0.0,0.0,0.0,0.0,0.51960886,0.0,0.0,0.0,0.0,0.97950864,0.0,0.074222095,0.0,0.0,0.0,0.0007846936,0.0,0.31505,0.0,0.0006719204,0.0,0.16896166,0.12677203,0.0,0.0,0.0,0.39636967,0.0,0.0,0.0,1.5540116,0.78452134,0.3052466,2.9473636,0.0,0.0,0.0096351355,0.0,0.40559718,0.5801268,0.0,0.6797023
359,2,1,B,A,269,0.0,0.0,0.0,0.0,0.0,0.0,0.119368486,0.10905638,0.0,0.0,0.0,0.0,0.547696,0.0,0.0,0.0,0.0,1.0167961,0.0,0.074222095,0.0,0.0,0.0,0.0,0.0,0.31505,0.0,0.0,0.0,0.02584163,0.1267653,0.0,0.18175651,0.0,0.47519958,0.0,0.0,0.0,2.6493921,0.5780132,0.0,3.699811,0.0,0.0,0.0,0.0,0.40575543,0.0,0.0,0.6803455
360,6,1,A,B,312,0.0,0.0,0.0,0.0,0.0,0.0,0.119368486,0.10905638,0.0,0.0,0.0,0.0,0.87074333,0.0,0.0,0.0,0.0,7.5762324,0.0,0.074222095,0.0,0.0,0.0,0.0,0.0,0.31505,0.0,0.0,0.0,0.025826607,0.12676041,0.0,0.0,0.0,0.8239489,0.0,0.0,0.0,1.3271456,4.1600227,0.0,14.633562,0.0,0.0,0.0,0.0,0.40575558,0.0,0.0,0.6802213
361,4,1,B,B,283,0.0,0.0,0.0,0.0,0.0,0.0,0.119368486,0.10905638,0.0,2.8095152e-05,0.0,0.0,0.5193264,0.0,0.33438155,0.0,0.0,0.9773555,0.0,0.074222095,0.0,0.0,0.0,0.39208382,0.0,0.31505,0.11240328,0.23104171,0.0,0.18193609,0.12676105,0.0,0.0,0.0,0.3959436,0.0,0.0,0.0,0.96591896,0.6647549,2.5885885,3.2975075,0.0,0.0,0.16806376,0.05073671,0.4055584,1.3234982,0.0,0.679672
362,1,1,B,A,294,0.0,0.0,0.0,0.0,0.0,0.0,0.119368486,0.10905638,0.0,0.0,0.0,0.0,0.5516693,0.0,0.0,0.0,0.0,1.0631704,0.0,0.074222095,0.0,0.0,0.0,0.0,0.0,0.31505,0.0,0.0,0.0,0.025826607,0.12676312,0.0,0.0030710206,0.0,0.48361072,0.0,0.0,0.0,3.1802435,0.6752707,0.0,4.682223,0.0,0.0,0.0,0.0,0.40569246,0.0,0.0,0.67994505
363,6,1,B,B,316,0.0,0.0,0.0,0.0,0.0,0.0,0.119368486,0.10905638,0.0,0.0,0.0,0.0,0.51929766,0.0,1.7465268,0.0,0.0,0.97703743,0.0,0.074222095,0.0,0.0,0.0,1.6555588,0.0,0.31505,0.44760504,1.0747252,0.0,0.2419644,0.1267588,0.0,0.0,0.0,0.39588967,0.0,0.0,0.0,0.0032793954,1.6873437,3.4610152,3.4503596,0.0,0.0,0.37090456,0.15621,0.4055533,1.1387974,0.0,0.6796681
364,1,1,B,B,302,0.0,0.0,0.0,0.0,0.0,0.0,0.119368486,0.10905638,0.0,0.0,0.0,0.0,0.551851,0.0,0.0,0.0,0.0,1.0689969,0.0,0.074222095,0.0,0.0,0.0,0.0,0.0,0.31505,0.0,0.0,0.0,0.025826622,0.12676312,0.0,0.030227382,0.0,0.48032334,0.0,0.0,0.0,3.2672238,0.7012413,0.0,4.774008,0.0,0.0,0.0,0.0,0.40570068,0.0,0.0,0.6799815
365,1,1,B,A,304,0.0,0.0,0.0,0.0,0.0,0.0,0.119368486,0.10905638,0.0,0.0,0.0,0.0,0.54302496,0.0,0.0,0.0,0.0,1.050787,0.0,0.074222095,0.0,0.0,0.0,0.0,0.0,0.31505,0.0,0.0,0.0,0.025826607,0.12676306,0.0,0.0064521246,0.0,0.4819459,0.0,0.0,0.0,3.1986783,0.6502909,0.0,4.8758717,0.0,0.0,0.0,0.0,0.4056741,0.0,0.0,0.6798838
366,1,1,B,A,267,0.0,0.0,0.0,0.0,0.0,0.0,0.119368486,0.10905638,0.0,0.0,0.0,0.0,0.5445506,0.0,0.0,0.0,0.0,1.0752995,0.0,0.074222095,0.0,0.0,0.0,0.0,0.0,0.31505,0.0,0.0,0.0,0.025826607,0.12676336,0.0,0.00311453,0.0,0.44954038,0.0,0.0,0.0,2.6634798,0.8268556,0.0,5.5236835,0.0,0.0,0.0,0.0,0.40566418,0.0,0.0,0.67983836
367,1,1,A,A,294,0.0,0.0,0.0,1.7255074e-05,1.3992902e-05,0.0,0.119368486,0.10905638,0.0,0.0,0.0,0.0,0.5199202,0.0,0.00033949697,0.0,0.0,0.98213106,0.0,0.074222095,0.0,0.0,0.0,0.0008935779,0.0,0.31505,1.2012299e-05,0.0045066504,0.0,0.1792524,0.12678339,0.0,0.0,0.0,0.39673364,0.0,0.0,0.0,1.6255339,0.731056,0.301612,2.8018417,0.0,0.0,0.030464863,0.0,0.4056328,0.4489743,0.0,0.67973214
368,4,1,B,B,299,0.0,0.0,0.0,2.2694605e-06,0.0,0.0,0.119368486,0.10905638,0.0,0.0,0.0,0.0,0.5194004,0.0,0.2630536,0.0,0.0,0.97806597,0.0,0.074222095,0.0,0.0,0.0,0.57427716,0.0,0.31505,0.056362357,0.15453537,0.0,0.14319372,0.1267607,0.0,0.0,0.0,0.39604038,0.0,0.0,0.0,1.3301121,0.63604426,2.1081443,3.3587048,0.0,0.0,0.1994152,0.030171847,0.40556076,1.2717471,0.0,0.679675
369,6,1,B,B,261,0.0,0.0,0.0,0.0,0.0,0.0,0.119368486,0.10905638,0.0,0.0,0.0,0.0,0.5193052,0.0,1.9626336,0.0,0.0,0.9771124,0.0,0.074222095,0.0,0.0,0.0,1.6279383,0.0,0.31505,0.5412581,1.2703136,0.0,0.42108354,0.1267588,0.0,0.0,0.0,0.39590085,0.0,0.0,0.0,0.047334827,1.8529177,4.184872,3.455002,0.0,0.0,0.35039666,0.14175928,0.4055534,1.3270736,0.0,0.67966866
370,6,1,B,B,335,0.0,0.0,0.0,0.0,0.0,0.0,0.119368486,0.10905638,0.0,0.0,0.0,0.0,0.5193064,0.0,1.7325487,0.0,0.0,0.9771366,0.0,0.074222095,0.0,0.0,0.0,1.7380852,0.0,0.31505,0.4651536,1.0769697,0.0,0.19821282,0.12675881,0.0,0.0,0.0,0.3959034,0.0,0.0,0.0,0.0033566693,1.7086458,3.5637815,3.4667459,0.0,0.0,0.3049652,0.18651964,0.4055534,1.0858556,0.0,0.67966866
371,2,1,A,B,312,0.0,0.0,0.0,0.0,0.0,0.0,0.119368486,0.10905638,0.0,0.0,0.0,0.0,0.52569574,0.0,0.0,0.0,0.0,1.0364305,0.0,0.074222095,0.0,0.0,0.0,0.0,0.0,0.31505,0.0,0.0,0.0,0.0258479,0.12678829,0.0,0.0,0.0,0.4042831,0.0,0.0,0.0,1.6143348,1.0367069,0.0,3.9308693,0.0,0.0,0.0,0.0,0.40575096,0.0007191684,0.0,0.67986137
372,2,1,B,A,285,0.0,0.0,0.0,0.0,0.0,0.0,0.119368486,0.10905638,0.0,0.0,0.0,0.0,0.53541166,0.0,0.0,0.0,0.0,1.0102689,0.0,0.074222095,0.0,0.0,0.0,0.0,0.0,0.31505,0.0,0.0,0.0,0.025828129,0.12676422,0.0,0.17035891,0.0,0.45032394,0.0,0.0,0.0,2.8992517,0.53132963,0.0,4.4886556,0.0,0.0,0.0,0.0,0.40568674,0.0001006194,0.0,0.67994773
373,6,1,A,B,291,0.0,0.0,0.0,0.0,0.0,0.0,0.119368486,0.10905638,0.0,0.0,0.0,0.0,0.79942346,0.0,0.0,0.0,0.0,6.697931,0.0,0.074222095,0.0,0.0,0.0,0.0,0.0,0.31505,0.0,0.0,0.0,0.025826607,0.12676047,0.0,0.0,0.0,0.7324674,0.0,0.0,0.0,1.3271599,4.124384,0.0,14.368008,0.0,0.0,0.0,0.0,0.40573648,0.0,0.0,0.6801374
374,2,1,A,A,271,0.0,0.0,0.0,0.0,0.0,0.0,0.119368486,0.10905638,0.0,0.0,0.0,0.0,0.52573943,0.0,0.0,0.0,0.0,1.0311637,0.0,0.074222095,0.0,0.0,0.0,0.0,0.0,0.31505,0.0,0.0,0.0,0.02582666,0.12677474,0.0,0.0,0.0,0.40398398,0.0,0.0,0.0,1.4871876,1.1263344,0.0,4.161666,0.0,0.0,0.0,0.0,0.40568322,8.21552e-05,0.0,0.6797963
375,1,1,A,A,272,0.0,0.0,0.0,0.0,0.0,0.0,0.119368486,0.10905638,0.0,0.0,0.0,0.0,0.5201973,0.0,0.00790083,0.0,0.0,0.9853285,0.0,0.074222095,0.0,0.0,0.0,0.018818107,0.0,0.31505,0.0001314607,0.013782581,0.0,0.12408031,0.12679136,0.0,0.0,0.0,0.39711648,0.0,0.0,0.0,1.4858478,0.83067214,0.32575092,2.58789,0.0,0.0,0.083845854,0.0,0.40566337,0.46390328,0.0,0.67976755
376,0,1,B,A,298,0.0,0.0,0.0,0.0,0.0,0.0,0.119368486,0.10905638,0.0,0.0,0.0,0.0,0.5788699,0.0,0.0,0.0,0.0,1.1341147,0.0,0.074222095,0.0,0.0,0.0,0.0,0.0,0.31505,0.0,0.0,0.0,0.025826607,0.12676173,0.0,0.0025842867,0.0,0.5461697,0.0,0.0,0.0,3.2861314,0.7636091,0.0,5.048608,0.0,0.0,0.0,0.0,0.40570533,0.0,0.0,0.68000966
377,2,1,A,B,313,0.0,0.0,0.0,0.0,0.0,0.0,0.119368486,0.10905638,0.0,0.0,0.0,0.0,0.52759784,0.0,0.0,0.0,0.0,1.0431992,0.0,0.074222095,0.0,0.0,0.0,0.0,0.0,0.31505,0.0,0.0,0.0,0.025826685,0.12677436,0.0,0.0,0.0,0.4079198,0.0,0.0,0.0,1.519294,1.3653858,0.0,4.925886,0.0,0.0,0.0,0.0,0.40569818,0.0,0.0,0.6798044
378,1,2,B,A,266,0.0,0.0,0.0,0.0,0.0,0.0,0.119368486,0.10905638,0.0,0.0,0.0,0.0,0.67002165,0.0,0.0,0.0,0.0,1.3252723,0.0,0.074222095,0.0,0.0,0.0,0.0,0.0,0.31505,0.0,0.0,0.0,0.0258267,0.12676217,0.0,0.0,0.0,0.5937479,0.0,0.0,0.0,1.4932274,1.8205785,0.0,8.397119,0.0,0.0,0.0,0.0,0.40573233,0.0,0.0,0.68016785
379,4,1,B,B,302,0.0,0.0,0.0,0.0,0.0,0.0,0.119368486,0.10905638,0.0,2.7505854e-05,0.0,0.0,0.5193338,0.0,0.4442487,0.0,0.0,0.977407,0.0,0.074222095,0.0,0.0,0.0,0.5597881,0.0,0.31505,0.16857134,0.24933034,0.0,0.14394544,0.12675981,0.0,0.0,0.0,0.39594802,0.0,0.0,0.0,1.3528094,0.5375826,2.416571,3.3928049,0.0,0.0,0.18489696,0.08162849,0.40555692,1.376498,0.0,0.67967147
380,10,1,B,B,297,0.0,0.0,0.0,0.0,0.0,0.0,0.119368486,0.10905638,0.0,0.0,0.0,3.222992e-05,0.5192844,0.0,4.2053947,0.0,0.0,0.9769268,0.0,0.074222095,0.0,0.0,0.0,2.2407808,0.0,0.31505,1.246968,2.7621753,0.0,1.0985509,0.12675835,0.0,0.0,0.0,0.39586765,0.0,0.0,0.0,0.0,3.1829362,6.188858,3.5016284,0.0,0.0,0.7232734,0.19497137,0.40555182,2.4946668,0.0,0.67966735
381,2,0,A,B,344,0.0,0.0,0.0,0.0,0.0,0.0,0.119368486,0.10905638,0.0,0.0,0.0,0.0,0.5380037,0.0,0.0,0.0,0.0,1.0869795,0.0,0.074222095,0.0,0.0,0.0,0.0,0.0,0.31505,0.0,0.0,0.0,0.025826607,0.12676775,0.0,0.0,0.0,0.42598838,0.0,0.0,0.0,1.4347832,1.8075157,0.0,6.4074097,0.0,0.0,0.0,0.0,0.40566817,0.0,0.0,0.6797826
382,10,1,B,B,314,0.0,0.0,0.0,0.0,0.0,0.0,0.119368486,0.10905638,0.0,0.0,0.0,0.00023193087,0.51928806,0.0,4.3603907,0.0,0.0,0.9769593,0.0,0.074222095,0.0,0.0,0.0,1.991753,0.0,0.31505,1.2082322,2.7423072,0.0,0.9818167,0.12675852,0.0,0.0,0.0,0.39587405,0.0,0.0,0.0,0.0,3.3880832,5.439381,3.4875793,0.0,0.0,1.2512387,0.10721555,0.40555194,2.7656052,0.0,0.67966753
383,3,1,B,B,337,0.0,0.0,0.0,8.683432e-06,0.0,0.0,0.119368486,0.10905638,0.0,2.4741585e-06,0.0,0.0,0.5195572,0.0,0.01509463,0.0,0.0,0.9795696,0.0,0.074222095,0.0,0.0,0.0,0.0024216273,0.0,0.31505,0.01731064,0.022604454,0.0,0.23928113,0.12676558,0.0,0.0,0.0,0.39626724,0.0,0.0,0.0,2.0472345,0.43426523,1.3574524,3.307504,0.0,0.0,0.049129825,0.006840402,0.40557387,1.1015449,0.0,0.6796844
384,2,1,B,A,278,0.0,0.0,0.0,0.0,0.0,0.0,0.119368486,0.10905638,0.0,0.0,0.0,0.0,0.5294895,0.0,0.0,0.0,0.0,1.0098408,0.0,0.074222095,0.0,0.0,0.0,0.0026829236,0.0,0.31505,1.08592185e-05,0.0018617341,0.0,0.04417689,0.12676437,0.0,0.18412487,0.0,0.4170482,0.0,0.0,0.0,2.4326682,0.51709056,0.16927235,4.7666235,0.0,0.0,0.04017695,0.00017345442,0.40564963,0.090505965,0.0,0.67981875
385,3,1,B,B,345,0.0,0.0,0.0,1.1216084e-05,7.227003e-06,0.0,0.119368486,0.10905638,0.0,1.4229664e-06,0.0,0.0,0.51946753,0.0,0.011561559,0.0,0.0,0.97850007,0.0,0.074222095,0.0,0.0,0.0,0.07856514,0.0,0.31505,0.01124932,0.014639034,0.0,0.24598475,0.12676759,0.0,0.0,0.0,0.39615875,0.0,0.0,0.0,1.9794921,0.5812192,0.8483317,3.2434583,0.0,0.0,0.09221546,0.005364233,0.40557346,0.81850046,0.0,0.6796815
386,0,1,A,A,290,0.0,0.0,0.0,2.0575048e-05,1.1232438e-05,0.0,0.119368486,0.10905638,0.0,0.0,0.0,0.0,0.5194118,0.0,0.0003468612,0.0,0.0,0.97788423,0.0,0.074222095,0.0,0.0,0.0,0.0011026082,0.0,0.31505,3.5708727e-05,0.004859337,0.0,0.21027441,0.1267643,0.0,0.0,0.0,0.396074,0.0,0.0,0.0,1.6050137,0.67718405,0.8994486,3.1905146,0.0,0.0,0.039592423,0.0001158526,0.40556854,0.90116554,0.0,0.6796797
387,1,1,A,A,275,0.0,0.0,0.0,0.0,0.0,0.0,0.119368486,0.10905638,0.0,0.0,0.0,0.0,0.52015424,0.0,0.0,0.0,0.0,0.9849554,0.0,0.074222095,0.0,0.0,0.0,2.2538525e-06,0.0,0.31505,0.0,5.7759546e-05,0.0,0.086044356,0.12679307,0.0,0.0,0.0,0.39708957,0.0,0.0,0.0,1.5616925,0.809652,0.14009923,2.6611145,0.0,0.0,0.0014817868,0.0,0.40567094,0.45805028,0.0,0.67977107
388,0,1,B,A,343,0.0,0.0,0.0,0.0,0.0,0.0,0.119368486,0.10905638,0.0,0.0,0.0,0.0,0.6064745,0.0,0.0,0.0,0.0,1.2188861,0.0,0.074222095,0.0,0.0,0.0,0.0,0.0,0.31505,0.0,0.0,0.0,0.025826607,0.12676144,0.0,0.0014119189,0.0,0.550857,0.0,0.0,0.0,3.4464731,0.78752744,0.0,4.870469,0.0,0.0,0.0,0.0,0.4057253,0.0,0.0,0.68009067
389,0,1,B,A,270,0.0,0.0,0.0,0.0,0.0,0.0,0.119368486,0.10905638,0.0,0.0,0.0,0.0,0.5620051,0.0,0.0,0.0,0.0,1.0609602,0.0,0.074222095,0.0,0.0,0.0,0.0,0.0,0.31505,0.0,0.0,0.0,0.025826618,0.12676267,0.0,0.00026535767,0.0,0.55327874,0.0,0.0,0.0,2.89409,0.87761307,0.0,5.3602905,0.0,0.0,0.0,0.0,0.405688,0.0,0.0,0.6799504
390,1,2,A,A,282,0.0,0.0,0.0,9.3362667e-07,3.1442224e-07,0.0,0.119368486,0.10905638,0.0,0.0,0.0,0.0,0.5193481,0.0,0.3470227,0.0,0.0,0.97752625,0.0,0.074222095,0.0,0.0,0.0,0.4547387,0.0,0.31505,0.09885944,0.22340395,0.0,0.18292932,0.1267605,0.0,0.0,0.0,0.39596927,0.0,0.0,0.0,0.94873315,0.76672345,2.6213343,3.3544085,0.0,0.0,0.18274517,0.036576726,0.4055584,1.2913945,0.0,0.6796722
391,2,1,B,A,281,0.0,0.0,0.0,0.0,0.0,0.0,0.119368486,0.10905638,0.0,0.0,0.0,0.0,0.53640735,0.0,0.0,0.0,0.0,1.0166104,0.0,0.074222095,0.0,0.0,0.0,0.0,0.0,0.31505,0.0,0.0,0.0,0.026496692,0.12676583,0.0,0.3378451,0.0,0.43225926,0.0,0.0,0.0,2.5785325,0.5304068,0.012976673,3.3211112,0.0,0.0,0.0,0.0,0.40580168,0.0,0.0,0.6802975
392,2,0,B,B,312,0.0,0.0,0.0,1.106284e-06,0.0,0.0,0.119368486,0.10905638,0.0,0.0,0.0,0.0,0.5198549,0.0,0.0017879244,0.0,0.0,0.9796097,0.0,0.074222095,0.0,0.0,0.0,0.0015473706,0.0,0.31505,0.00651185,0.0017760587,0.0,0.13730265,0.12676224,0.0,0.13199198,0.0,0.39697465,0.0,0.0,0.0,2.6153567,0.29443684,0.72574997,3.392908,0.0,0.0,0.00888211,0.0009860714,0.40558183,0.12165403,0.0,0.67970824
393,10,1,A,B,291,0.0,0.0,0.0,0.0,0.0,0.0,0.119368486,0.10905638,0.0,0.0,0.0,0.0,1.0278395,0.0,0.0,0.0,0.0,8.845219,0.0,0.074222095,0.0,0.0,0.0,0.0,0.0,0.31505,0.0,0.0,0.0,0.025826607,0.12675975,0.0,0.0,0.0,1.066017,0.0,0.0,0.0,1.3323137,4.655567,0.0,16.23397,0.0,0.0,0.0,0.0,0.4057872,0.0,0.0,0.6805114
394,4,1,A,B,284,0.0,0.0,0.0,0.0,0.0,0.0,0.119368486,0.10905638,0.0,0.0,0.0,0.0,0.69447845,0.0,0.0,0.0,0.0,2.2230353,0.0,0.074222095,0.0,0.0,0.0,0.0,0.0,0.31505,0.0,0.0,0.0,0.025826607,0.12676431,0.0,0.0,0.0,0.587589,0.0,0.0,0.0,1.3377553,3.0784414,0.0,10.685258,0.0,0.0,0.0,0.0,0.40570077,0.0,0.0,0.6799344
395,1,2,A,A,324,0.0,0.0,0.0,0.0,0.0,0.0,0.119368486,0.10905638,0.0,1.5976616e-06,0.0,0.0,0.51940846,0.0,0.06522558,0.0,0.0,0.9781482,0.0,0.074222095,0.0,0.0,0.0,0.4317559,0.0,0.31505,0.029399795,0.05163022,0.0,0.23093279,0.12676218,0.0,0.0,0.0,0.3960586,0.0,0.0,0.0,1.7496566,0.58585227,1.5675873,3.2895663,0.0,0.0,0.18813479,0.019949462,0.4055631,1.1420289,0.0,0.6796758
396,4,1,B,B,329,0.0,0.0,0.0,0.0,0.0,0.0,0.119368486,0.10905638,0.0,0.00012925956,0.0,0.0,0.5193061,0.0,0.7010212,0.0,0.0,0.97710663,0.0,0.074222095,0.0,0.0,0.0,0.49730018,0.0,0.31505,0.3481621,0.4054943,0.0,0.14844109,0.12675959,0.0,0.0,0.0,0.39590713,0.0,0.0,0.0,1.3237327,0.40803373,2.845736,3.407198,0.0,0.0,0.19245385,0.15299107,0.40555564,1.5346346,0.0,0.6796689
397,4,1,B,B,276,0.0,0.0,0.0,0.0,0.0,0.0,0.119368486,0.10905638,0.0,0.0,0.0,0.0,0.5193212,0.0,0.5339336,0.0,0.0,0.9772861,0.0,0.074222095,0.0,0.0,0.0,0.5883971,0.0,0.31505,0.138915,0.3460597,0.0,0.2520793,0.12676011,0.0,0.0,0.0,0.39593086,0.0,0.0,0.0,0.91580576,0.8504228,2.5974658,3.362323,0.0,0.0,0.21000741,0.034387078,0.40555608,1.2386495,0.0,0.67967135
398,0,1,B,A,351,0.0,0.0,0.0,0.0,0.0,0.0,0.119368486,0.10905638,0.0,0.0,0.0,0.0,0.5872639,0.0,0.0,0.0,0.0,1.109901,0.0,0.074222095,0.0,0.0,0.0,0.0,0.0,0.31505,0.0,0.0,0.0,0.025826607,0.12676239,0.0,0.00046901614,0.0,0.6696268,0.0,0.0,0.0,3.3063247,0.71684974,0.0,4.470208,0.0,0.0,0.0,0.0,0.40572307,0.0,0.0,0.68008184
399,2,1,A,A,345,0.0,0.0,0.0,0.0,0.0,0.0,0.119368486,0.10905638,0.0,0.0,0.0,0.0,0.5287641,0.0,0.0,0.0,0.0,1.0595535,0.0,0.074222095,0.0,0.0,0.0,0.0,0.0,0.31505,0.0,0.0,0.0,0.025827503,0.12678526,0.0,0.0,0.0,0.40865317,0.0,0.0,0.0,1.6143101,1.2379686,0.0,4.4989834,0.0,0.0,0.0,0.0,0.4057566,0.0,0.0,0.6798626
400,1,2,B,A,303,0.0,0.0,0.0,0.0,0.0,0.0,0.119368486,0.10905638,0.0,0.0,0.0,0.0,0.63367116,0.0,0.0,0.0,0.0,1.3438834,0.0,0.074222095,0.0,0.0,0.0,0.0,0.0,0.31505,0.0,0.0,0.0,0.025826607,0.1267615,0.0,0.0,0.0,0.5475807,0.0,0.0,0.0,1.6571196,1.7046851,0.0,8.376736,0.0,0.0,0.0,0.0,0.40571064,0.0,0.0,0.68001837
401,2,0,A,B,326,0.0,0.0,0.0,0.0,0.0,0.0,0.119368486,0.10905638,0.0,0.0,0.0,0.0,0.5405794,0.0,0.0,0.0,0.0,1.1029043,0.0,0.074222095,0.0,0.0,0.0,0.0,0.0,0.31505,0.0,0.0,0.0,0.025826607,0.12676579,0.0,0.0,0.0,0.426074,0.0,0.0,0.0,1.409451,1.7807044,0.0,6.3581886,0.0,0.0,0.0,0.0,0.40566924,0.0,0.0,0.67980176
402,2,1,B,A,349,0.0,0.0,0.0,0.0,0.0,0.0,0.119368486,0.10905638,0.0,0.0,0.0,0.0,0.546376,0.0,0.0,0.0,0.0,1.0515045,0.0,0.074222095,0.0,0.0,0.0,0.0,0.0,0.31505,0.0,0.0,0.0,0.025842836,0.12676738,0.0,0.14488116,0.0,0.45821422,0.0,0.0,0.0,2.927823,0.5740907,0.0,4.1863065,0.0,0.0,0.0,0.0,0.40588936,0.00012517699,0.0,0.6805156
403,3,1,A,B,317,0.0,0.0,0.0,0.0,0.0,0.0,0.119368486,0.10905638,0.0,0.0,0.0,0.0,0.5511502,0.0,0.0,0.0,0.0,1.1501721,0.0,0.074222095,0.0,0.0,0.0,0.0,0.0,0.31505,0.0,0.0,0.0,0.025826607,0.12676327,0.0,0.0,0.0,0.43871078,0.0,0.0,0.0,1.3683286,2.154699,0.0,7.54587,0.0,0.0,0.0,0.0,0.40567008,0.0,0.0,0.6798286
404,3,1,B,B,304,0.0,0.0,0.0,4.160818e-06,0.0,0.0,0.119368486,0.10905638,0.0,0.0,0.0,0.0,0.5197657,0.0,0.07856421,0.0,0.0,0.9816565,0.0,0.074222095,0.0,0.0,0.0,0.008384598,0.0,0.31505,0.034331877,0.073645376,0.0,0.23819141,0.12676989,0.0,0.0,0.0,0.39656407,0.0,0.0,0.0,1.6642641,0.5192631,1.5539082,3.1442628,0.0,0.0,0.103430636,0.0047278954,0.40559238,1.1085745,0.0,0.67970145
405,3,1,B,B,341,0.0,0.0,0.0,9.792823e-06,0.0,0.0,0.119368486,0.10905638,0.0,0.0001232433,0.0,0.0,0.51951087,0.0,0.10920178,0.0,0.0,0.97901213,0.0,0.074222095,0.0,0.0,0.0,0.31433138,0.0,0.31505,0.08868813,0.08690108,0.0,0.2064296,0.12676676,0.0,0.0,0.0,0.3962198,0.0,0.0,0.0,1.9843842,0.45405364,1.5596263,3.1700842,0.0,0.0,0.08995056,0.04694365,0.40557438,1.1057092,0.0,0.6796829
406,4,1,B,B,271,0.0,0.0,0.0,0.0,0.0,0.0,0.119368486,0.10905638,0.0,3.8846767e-05,0.0,0.0,0.5193141,0.0,0.73232126,0.0,0.0,0.97720283,0.0,0.074222095,0.0,0.0,0.0,0.5008786,0.0,0.31505,0.23528357,0.47615635,0.0,0.11684408,0.1267596,0.0,0.0,0.0,0.39591983,0.0,0.0,0.0,0.7777636,0.7377589,3.285089,3.3894227,0.0,0.0,0.12773591,0.061448574,0.40555575,1.3321971,0.0,0.6796695
407,0,1,A,A,263,0.0,0.0,0.0,8.176741e-06,2.656118e-06,0.0,0.119368486,0.10905638,0.0,0.0,0.0,0.0,0.5193853,0.0,0.11025671,0.0,0.0,0.9778721,0.0,0.074222095,0.0,0.0,0.0,0.17480814,0.0,0.31505,0.0060003754,0.10724508,0.0,0.15958577,0.12676151,0.0,0.0,0.0,0.39602304,0.0,0.0,0.0,1.0211072,0.79904526,1.943172,3.3638902,0.0,0.0,0.0957086,0.0007241525,0.4055613,1.011415,0.0,0.6796749
408,2,0,B,B,263,0.0,0.0,0.0,6.927826e-06,0.0,0.0,0.119368486,0.10905638,0.0,0.0,0.0,0.0,0.5201722,0.0,0.09519464,0.0,0.0,0.97908837,0.0,0.074222095,0.0,0.0,0.0,0.010290969,0.0,0.31505,0.04109412,0.05192224,0.0,0.05231336,0.12676187,0.0,0.20340809,0.0,0.39830893,0.0,0.0,0.0,2.3553047,0.32499126,0.75608385,3.3379896,0.0,0.0,0.030602977,0.012101543,0.4055981,0.27556935,0.0,0.6797535
409,0,1,A,A,286,0.0,0.0,0.0,2.6192758e-05,1.6421875e-05,0.0,0.119368486,0.10905638,0.0,0.0,0.0,0.0,0.5194099,0.0,0.03671696,0.0,0.0,0.9781498,0.0,0.074222095,0.0,0.0,0.0,0.0674076,0.0,0.31505,0.010777259,0.04290208,0.0,0.15054981,0.12676299,0.0,0.0,0.0,0.39606434,0.0,0.0,0.0,1.3627402,0.6910613,1.7024546,3.231559,0.0,0.0,0.09432361,0.00017897919,0.40556556,1.0961477,0.0,0.67967725
410,10,1,B,B,323,0.0,0.0,0.0,0.0,0.0,0.0,0.119368486,0.10905638,0.0,0.0,0.0,3.6253487e-06,0.5192844,0.0,4.0682807,0.0,0.0,0.97692674,0.0,0.074222095,0.0,0.0,0.0,2.139444,0.0,0.31505,1.1983501,2.6507146,0.0,2.303712,0.12675835,0.0,0.0,0.0,0.3958676,0.0,0.0,0.0,0.0,3.0809298,5.995976,3.5026355,0.0,0.0,0.77321553,0.17390634,0.4055518,2.4716856,0.0,0.67966735
411,0,1,B,A,317,0.0,0.0,0.0,0.0,0.0,0.0,0.119368486,0.10905638,0.0,0.0,0.0,0.0,0.5801445,0.0,0.0,0.0,0.0,1.1118457,0.0,0.074222095,0.0,0.0,0.0,0.0,0.0,0.31505,0.0,0.0,0.0,0.025826607,0.12676238,0.0,0.00021973015,0.0,0.64234954,0.0,0.0,0.0,3.327262,0.8924495,0.0,5.459046,0.0,0.0,0.0,0.0,0.40568748,0.0,0.0,0.6799428
412,10,1,B,B,348,0.0,0.0,0.0,0.0,0.0,0.0,0.119368486,0.10905638,0.0,0.0,0.0,0.00037305427,0.51928735,0.0,4.285093,0.0,0.0,0.9769521,0.0,0.074222095,0.0,0.0,0.0,1.7290202,0.0,0.31505,1.1175215,2.613268,0.0,0.5827491,0.12675852,0.0,0.0,0.0,0.39587283,0.0,0.0,0.0,0.0,3.4265525,4.798235,3.4867814,0.0,0.0,1.6203412,0.04238961,0.40555194,2.8555515,0.0,0.67966753
413,10,1,B,B,279,0.0,0.0,0.0,0.0,0.0,0.0,0.119368486,0.10905638,0.0,0.0,0.0,8.226831e-05,0.51928616,0.0,4.5763597,0.0,0.0,0.97693115,0.0,0.074222095,0.0,0.0,0.0,2.5158627,0.0,0.31505,1.4074962,3.044114,0.0,1.2639408,0.12675835,0.0,0.0,0.0,0.39586908,0.0,0.0,0.0,0.0,3.4231102,6.8914948,3.491397,0.0,0.0,0.6629089,0.27027938,0.40555188,2.634129,0.0,0.67966735
414,1,2,A,A,275,0.0,0.0,0.0,6.442226e-06,1.5964541e-06,0.0,0.119368486,0.10905638,0.0,0.0,0.0,0.0,0.5194113,0.0,0.10645093,0.0,0.0,0.978207,0.0,0.074222095,0.0,0.0,0.0,0.21440826,0.0,0.31505,0.017444706,0.10562632,0.0,0.1319787,0.12676309,0.0,0.0,0.0,0.39606693,0.0,0.0,0.0,1.1266613,0.73990613,2.2288346,3.2336533,0.0,0.0,0.09075253,0.005952162,0.40556568,1.1412125,0.0,0.679679
415,2,1,A,B,352,0.0,0.0,0.0,0.0,0.0,0.0,0.119368486,0.10905638,0.0,0.0,0.0,0.0,0.5328384,0.0,0.0,0.0,0.0,1.0878115,0.0,0.074222095,0.0,0.0,0.0,0.0,0.0,0.31505,0.0,0.0,0.0,0.025838368,0.12678823,0.0,0.0,0.0,0.41317105,0.0,0.0,0.0,1.686171,1.2850271,0.0,4.822756,0.0,0.0,0.0,0.0,0.4057871,0.0004233298,0.0,0.6799023
416,1,1,A,A,269,0.0,0.0,0.0,0.0,0.0,0.0,0.119368486,0.10905638,0.0,0.0,0.0,0.0,0.5200396,0.0,0.0,0.0,0.0,0.98379743,0.0,0.074222095,0.0,0.0,0.0,0.0,0.0,0.31505,0.0,0.0,0.0,0.09607683,0.1267954,0.0,0.0,0.0,0.39687592,0.0,0.0,0.0,1.5671235,0.7974354,0.03982611,2.6320136,0.0,0.0,0.0103180455,0.0,0.40567014,0.34112477,0.0,0.6797701
417,2,1,B,B,283,0.0,0.0,0.0,0.0,0.0,0.0,0.119368486,0.10905638,0.0,0.0,0.0,0.0,0.5585226,0.0,0.0,0.0,0.0,1.052906,0.0,0.074222095,0.0,0.0,0.0,0.0,0.0,0.31505,0.0,0.0,0.0,0.02587572,0.12676744,0.0,0.024834268,0.0,0.48931137,0.0,0.0,0.0,2.6065655,0.654117,0.0,3.997224,0.0,0.0,0.0,0.0,0.4058286,0.0,0.0,0.6804054
418,1,2,B,A,282,0.0,0.0,0.0,0.0,0.0,0.0,0.119368486,0.10905638,0.0,0.0,0.0,0.0,0.58356035,0.0,0.0,0.0,0.0,1.2049273,0.0,0.074222095,0.0,0.0,0.0,0.0,0.0,0.31505,0.0,0.0,0.0,0.025826607,0.12676138,0.0,0.0,0.0,0.491296,0.0,0.0,0.0,1.6248044,1.7131636,0.0,8.323789,0.0,0.0,0.0,0.0,0.40569296,0.0,0.0,0.6799433
419,2,0,B,B,321,0.0,0.0,0.0,0.0,0.0,0.0,0.119368486,0.10905638,0.0,0.0,0.0,0.0,0.52090734,0.0,0.028757181,0.0,0.0,0.9832807,0.0,0.074222095,0.0,0.0,0.0,0.009868055,0.0,0.31505,0.031541403,0.018623713,0.0,0.0387503,0.12676547,0.0,0.19547085,0.0,0.39931256,0.0,0.0,0.0,2.663158,0.32548484,0.9514967,3.2547421,0.0,0.0,0.033446524,0.005562502,0.40564546,0.32654217,0.0,0.67981863
420,0,1,B,A,332,0.0,0.0,0.0,0.0,0.0,0.0,0.119368486,0.10905638,0.0,0.0,0.0,0.0,0.5723775,0.0,0.0,0.0,0.0,1.1102147,0.0,0.074222095,0.0,0.0,0.0,0.0,0.0,0.31505,0.0,0.0,0.0,0.025826607,0.12676233,0.0,0.003071671,0.0,0.57547987,0.0,0.0,0.0,3.385339,0.76618177,0.0,4.7553596,0.0,0.0,0.0,0.0,0.40570354,0.0,0.0,0.67999095
421,2,1,A,A,307,0.0,0.0,0.0,0.0,0.0,0.0,0.119368486,0.10905638,0.0,0.0,0.0,0.0,0.5287562,0.0,0.0,0.0,0.0,1.0526738,0.0,0.074222095,0.0,0.0,0.0,0.0,0.0,0.31505,0.0,0.0,0.0,0.025831597,0.12677583,0.0,0.0,0.0,0.40821862,0.0,0.0,0.0,1.5377759,1.1255883,0.0,4.2811604,0.0,0.0,0.0,0.0,0.4057069,0.0009994741,0.0,0.67981666
422,2,1,B,B,257,0.0,0.0,0.0,0.0,0.0,0.0,0.119368486,0.10905638,0.0,0.0,0.0,0.0,0.5312595,0.0,0.0,0.0,0.0,1.0014285,0.0,0.074222095,0.0,0.0,0.0,0.0,0.0,0.31505,0.0,0.0,0.0,0.025834825,0.12676509,0.0,0.18769136,0.0,0.43278277,0.0,0.0,0.0,2.368984,0.56279665,0.0,3.9489548,0.0,0.0,0.0,0.0,0.40566626,0.0,0.0,0.6799306
423,3,1,A,B,340,0.0,0.0,0.0,0.0,0.0,0.0,0.119368486,0.10905638,0.0,0.0,0.0,0.0,0.5517528,0.0,0.0,0.0,0.0,1.1404026,0.0,0.074222095,0.0,0.0,0.0,0.0,0.0,0.31505,0.0,0.0,0.0,0.025826607,0.12676524,0.0,0.0,0.0,0.44827145,0.0,0.0,0.0,1.3834007,2.1855726,0.0,7.790537,0.0,0.0,0.0,0.0,0.4056678,0.0,0.0,0.6798049
424,4,1,B,B,336,0.0,0.0,0.0,0.0,0.0,0.0,0.119368486,0.10905638,0.0,4.1446918e-05,0.0,0.0,0.5193396,0.0,0.47135457,0.0,0.0,0.97745574,0.0,0.074222095,0.0,0.0,0.0,0.5630526,0.0,0.31505,0.25069323,0.26711497,0.0,0.14484887,0.12676023,0.0,0.0,0.0,0.39595792,0.0,0.0,0.0,1.7584399,0.41244897,2.426659,3.3979223,0.0,0.0,0.18128833,0.1283766,0.40555805,1.4779997,0.0,0.679672
425,1,2,B,A,262,0.0,0.0,0.0,0.0,0.0,0.0,0.119368486,0.10905638,0.0,0.0,0.0,0.0,0.59255344,0.0,0.0,0.0,0.0,1.1973586,0.0,0.074222095,0.0,0.0,0.0,0.0,0.0,0.31505,0.0,0.0,0.0,0.025826607,0.12676217,0.0,0.0,0.0,0.50467765,0.0,0.0,0.0,1.5978289,1.6119003,0.0,7.794143,0.0,0.0,0.0,0.0,0.40569237,0.0,0.0,0.6799461
426,2,0,B,B,328,0.0,0.0,0.0,0.0,0.0,0.0,0.119368486,0.10905638,0.0,0.0,0.0,0.0,0.5222928,0.0,0.0074359626,0.0,0.0,0.9870118,0.0,0.074222095,0.0,0.0,0.0,0.002435403,0.0,0.31505,0.011975633,0.004882621,0.0,0.04011752,0.12676288,0.0,0.123238675,0.0,0.40268624,0.0,0.0,0.0,2.6913695,0.32103044,0.65812075,3.293194,0.0,0.0,0.0068597286,0.0021957546,0.40564972,0.16553779,0.0,0.67985207
427,3,1,A,B,316,0.0,0.0,0.0,0.0,0.0,0.0,0.119368486,0.10905638,0.0,0.0,0.0,0.0,0.54398847,0.0,0.0,0.0,0.0,1.1126053,0.0,0.074222095,0.0,0.0,0.0,0.0,0.0,0.31505,0.0,0.0,0.0,0.025826607,0.1267659,0.0,0.0,0.0,0.4333549,0.0,0.0,0.0,1.3736461,1.9846034,0.0,7.1763654,0.0,0.0,0.0,0.0,0.4056574,0.0,0.0,0.6797813
428,2,0,B,B,294,0.0,0.0,0.0,8.424586e-06,0.0,0.0,0.119368486,0.10905638,0.0,0.0,0.0,0.0,0.52569383,0.0,0.0,0.0,0.0,0.98626953,0.0,0.074222095,0.0,0.0,0.0,1.8819166e-05,0.0,0.31505,0.0,0.0002011817,0.0,0.04458356,0.1267619,0.0,0.2688759,0.0,0.41462985,0.0,0.0,0.0,2.783418,0.36541766,0.14987645,3.3474433,0.0,0.0,0.0004905299,0.0,0.40567407,0.0030710676,0.0,0.680014
429,2,0,B,B,279,0.0,0.0,0.00042853935,0.0,0.0,0.0,0.119368486,0.10905638,0.0,0.0,0.0,0.0,0.5200255,0.0,1.8514518e-05,0.0,0.0,0.97945124,0.0,0.074222095,0.0,0.0,0.0,1.3380009e-05,0.0,0.31505,0.0012093519,0.0,0.0,0.06867044,0.12676214,0.0,0.44023645,0.0,0.39747882,0.0,0.0,0.0,2.5007,0.38023672,0.20072132,3.323047,0.0,0.0,0.00047726222,0.0,0.40559423,0.00050276675,0.0,0.6797344
430,3,1,B,B,261,0.0,0.0,0.0,0.0,0.0,0.0,0.119368486,0.10905638,0.0,0.0,0.0,0.0,0.5193632,0.0,0.048189398,0.0,0.0,0.9775739,0.0,0.074222095,0.0,0.0,0.0,0.009506612,0.0,0.31505,0.017081028,0.053347412,0.0,0.13653049,0.12676384,0.0,0.0,0.0,0.39600196,0.0,0.0,0.0,1.5691081,0.60666966,1.3209364,3.2705395,0.0,0.0,0.04057974,0.0039185933,0.40556496,0.85017467,0.0,0.679676
431,0,1,A,A,286,0.0,0.0,0.0,2.3881137e-05,1.2586101e-05,0.0,0.119368486,0.10905638,0.0,0.0,0.0,0.0,0.51934916,0.0,0.00034775902,0.0,0.0,0.9774357,0.0,0.074222095,0.0,0.0,0.0,0.0061724805,0.0,0.31505,2.4184219e-05,0.0052207396,0.0,0.14881939,0.12676363,0.0,0.0,0.0,0.3959763,0.0,0.0,0.0,1.4503632,0.6856889,1.198881,3.2554133,0.0,0.0,0.022070661,0.00016989671,0.40556318,0.9549391,0.0,0.67967534
432,1,2,A,A,323,0.0,0.0,0.0,5.494568e-06,2.7452852e-06,0.0,0.119368486,0.10905638,0.0,0.0,0.0,0.0,0.51935256,0.0,0.14631921,0.0,0.0,0.9775478,0.0,0.074222095,0.0,0.0,0.0,0.24010684,0.0,0.31505,0.08776955,0.10012644,0.0,0.20758039,0.12676169,0.0,0.0,0.0,0.395977,0.0,0.0,0.0,1.6812761,0.4387986,1.8834583,3.3262699,0.0,0.0,0.11771163,0.033394013,0.40555957,1.2913792,0.0,0.6796723
433,6,1,A,B,297,0.0,0.0,0.0,0.0,0.0,0.0,0.119368486,0.10905638,0.0,0.0,0.0,0.0,0.9051611,0.0,0.0,0.0,0.0,4.284104,0.0,0.074222095,0.0,0.0,0.0,0.0,0.0,0.31505,0.0,0.0,0.0,0.025826607,0.12676018,0.0,0.0,0.0,0.8572721,0.0,0.0,0.0,1.3270394,4.1611724,0.0,14.501234,0.0,0.0,0.0,0.0,0.40576932,0.0,0.0,0.6803505
434,2,1,A,B,329,0.0,0.0,0.0,0.0,0.0,0.0,0.119368486,0.10905638,0.0,0.0,0.0,0.0,0.5288315,0.0,0.0,0.0,0.0,1.052079,0.0,0.074222095,0.0,0.0,0.0,0.0,0.0,0.31505,0.0,0.0,0.0,0.025827587,0.12677698,0.0,0.0,0.0,0.40939048,0.0,0.0,0.0,1.5749648,1.113267,0.0,4.257423,0.0,0.0,0.0,0.0,0.4057175,0.00024488795,0.0,0.67982614
435,0,1,B,A,304,0.0,0.0,0.0,0.0,0.0,0.0,0.119368486,0.10905638,0.0,0.0,0.0,0.0,0.5526557,0.0,0.0,0.0,0.0,1.0846951,0.0,0.074222095,0.0,0.0,0.0,0.0,0.0,0.31505,0.0,0.0,0.0,0.025826607,0.12676233,0.0,0.024816625,0.0,0.4921237,0.0,0.0,0.0,3.3801088,0.7520128,0.0,5.4123254,0.0,0.0,0.0,0.0,0.4056741,0.0,0.0,0.6798813
436,0,1,B,A,259,0.0,0.0,0.0,0.0,0.0,0.0,0.119368486,0.10905638,0.0,0.0,0.0,0.0,0.5647451,0.0,0.0,0.0,0.0,1.1165149,0.0,0.074222095,0.0,0.0,0.0,0.0,0.0,0.31505,0.0,0.0,0.0,0.025826607,0.12676239,0.0,0.0013683897,0.0,0.49321115,0.0,0.0,0.0,2.639059,0.84595275,0.0,5.8112364,0.0,0.0,0.0,0.0,0.40567744,0.0,0.0,0.6798896
437,6,1,A,B,275,0.0,0.0,0.0,0.0,0.0,0.0,0.119368486,0.10905638,0.0,0.0,0.0,0.0,0.80034715,0.0,0.0,0.0,0.0,7.1585293,0.0,0.074222095,0.0,0.0,0.0,0.0,0.0,0.31505,0.0,0.0,0.0,0.025826607,0.12676142,0.0,0.0,0.0,0.74896234,0.0,0.0,0.0,1.3258685,4.2507353,0.0,14.689963,0.0,0.0,0.0,0.0,0.40571827,0.0,0.0,0.6800039
438,1,2,B,A,278,0.0,0.0,0.0,0.0,0.0,0.0,0.119368486,0.10905638,0.0,0.0,0.0,0.0,0.65891135,0.0,0.0,0.0,0.0,1.4005431,0.0,0.074222095,0.0,0.0,0.0,0.0,0.0,0.31505,0.0,0.0,0.0,0.025826607,0.1267612,0.0,0.0,0.0,0.5711715,0.0,0.0,0.0,1.8338356,1.4784054,0.0,7.6940327,0.0,0.0,0.0,0.0,0.40570563,0.0,0.0,0.6799974
439,2,1,B,B,325,0.0,0.0,0.0,0.0,0.0,0.0,0.119368486,0.10905638,0.0,0.0,0.0,0.0,0.5496019,0.0,0.0067089675,0.0,0.0,1.0691389,0.0,0.074222095,0.0,0.0,0.0,0.00046669468,0.0,0.31505,0.0038399873,0.012637035,0.0,0.034304913,0.12676334,0.0,0.29375297,0.0,0.46288356,0.0,0.0,0.0,2.766549,0.58980674,0.29380208,3.6476395,0.0,0.0,0.0032304907,0.00020363236,0.40579882,0.07491064,0.0,0.6802996
440,2,1,B,A,309,0.0,0.0,0.0,0.0,0.0,0.0,0.119368486,0.10905638,0.0,0.0,0.0,0.0,0.53900456,0.0,0.0,0.0,0.0,1.0384594,0.0,0.074222095,0.0,0.0,0.0,0.0,0.0,0.31505,0.0,0.0,0.0,0.025828756,0.12676503,0.0,0.111134075,0.0,0.45411187,0.0,0.0,0.0,2.8876612,0.67099786,0.0,4.639299,0.0,0.0,0.0,0.0,0.4056804,0.00023919177,0.0,0.67989355
441,1,2,A,A,276,0.0,0.0,0.0,0.0,0.0,0.0,0.119368486,0.10905638,0.0,0.0,0.0,0.0,0.5193946,0.0,0.5650665,0.0,0.0,0.97799665,0.0,0.074222095,0.0,0.0,0.0,0.4837273,0.0,0.31505,0.14080529,0.37322205,0.0,0.11773122,0.12676042,0.0,0.0,0.0,0.39603034,0.0,0.0,0.0,0.85027003,0.8569353,2.673789,3.4430408,0.0,0.0,0.16488415,0.015916936,0.40555957,1.2076969,0.0,0.6796731
442,4,1,B,B,280,0.0,0.0,0.0,0.0,4.831135e-07,0.0,0.119368486,0.10905638,0.0,1.6435406e-06,0.0,0.0,0.5193167,0.0,0.4354296,0.0,0.0,0.97722685,0.0,0.074222095,0.0,0.0,0.0,0.39526463,0.0,0.31505,0.12839527,0.27701697,0.0,0.21391419,0.12675959,0.0,0.0,0.0,0.39592323,0.0,0.0,0.0,0.87585855,0.7202866,2.6845615,3.3933685,0.0,0.0,0.20725985,0.040687412,0.40555575,1.3324744,0.0,0.6796695
443,4,1,A,B,306,0.0,0.0,0.0,0.0,0.0,0.0,0.119368486,0.10905638,0.0,0.0,0.0,0.0,0.5828075,0.0,0.0,0.0,0.0,1.267406,0.0,0.074222095,0.0,0.0,0.0,0.0,0.0,0.31505,0.0,0.0,0.0,0.025826607,0.1267646,0.0,0.0,0.0,0.48918524,0.0,0.0,0.0,1.3348329,3.0437858,0.0,10.729152,0.0,0.0,0.0,0.0,0.40566644,0.0,0.0,0.6798104
444,3,1,B,B,306,0.0,0.0,0.0,0.0,0.0,0.0,0.119368486,0.10905638,0.0,1.041081e-06,0.0,0.0,0.5196297,0.0,0.033945583,0.0,0.0,0.9804854,0.0,0.074222095,0.0,0.0,0.0,0.06103669,0.0,0.31505,0.019520706,0.039174564,0.0,0.19134024,0.12676926,0.0,0.0,0.0,0.39637876,0.0,0.0,0.0,1.8468599,0.50280446,1.4018831,3.1332014,0.0,0.0,0.077480644,0.005036867,0.4055866,1.0055704,0.0,0.6796955
445,1,1,A,A,270,0.0,0.0,0.0,0.0,0.0,0.0,0.119368486,0.10905638,0.0,0.0,0.0,0.0,0.52000326,0.0,0.0,0.0,0.0,0.98389715,0.0,0.074222095,0.0,0.0,0.0,0.00196683,0.0,0.31505,0.0,0.0015790933,0.0,0.108207904,0.12677497,0.0,0.0,0.0,0.39687297,0.0,0.0,0.0,1.5081074,0.83873194,0.6396392,2.933704,0.0,0.0,0.03212689,0.0,0.4056113,0.6516133,0.0,0.67971885
446,2,0,A,B,291,0.0,0.0,0.0,0.0,0.0,0.0,0.119368486,0.10905638,0.0,0.0,0.0,0.0,0.5418347,0.0,0.0,0.0,0.0,1.1095829,0.0,0.074222095,0.0,0.0,0.0,0.0,0.0,0.31505,0.0,0.0,0.0,0.025826607,0.12676616,0.0,0.0,0.0,0.42515567,0.0,0.0,0.0,1.4019209,1.6417515,0.0,5.9587355,0.0,0.0,0.0,0.0,0.40566695,0.0,0.0,0.67979926
447,4,1,B,B,293,0.0,0.0,0.0,0.0,0.0,0.0,0.119368486,0.10905638,0.0,8.205361e-05,0.0,0.0,0.51935583,0.0,0.57115495,0.0,0.0,0.97763765,0.0,0.074222095,0.0,0.0,0.0,0.46087006,0.0,0.31505,0.23301582,0.3591781,0.0,0.13001949,0.12676115,0.0,0.0,0.0,0.39598495,0.0,0.0,0.0,0.98918885,0.58475894,2.8578658,3.3235333,0.0,0.0,0.14426278,0.09909208,0.40555984,1.4025611,0.0,0.67967296
448,1,1,A,A,285,0.0,0.0,0.0,0.0,0.0,0.0,0.119368486,0.10905638,0.0,0.0,0.0,0.0,0.5203873,0.0,0.0005866244,0.0,0.0,0.9885665,0.0,0.074222095,0.0,0.0,0.0,0.006305641,0.0,0.31505,0.0,0.002849237,0.0,0.06019924,0.12681141,0.0,0.0,0.0,0.39726445,0.0,0.0,0.0,1.5979096,0.8284988,0.4136497,2.5902896,0.0,0.0,0.015311598,0.0,0.40572318,0.4495121,0.0,0.6798234
449,1,1,B,A,323,0.0,0.0,0.0,0.0,0.0,0.0,0.119368486,0.10905638,0.0,0.0,0.0,0.0,0.56391793,0.0,0.0,0.0,0.0,1.0689808,0.0,0.074222095,0.0,0.0,0.0,0.0,0.0,0.31505,0.0,0.0,0.0,0.025826605,0.12676357,0.0,0.0107916,0.0,0.54290307,0.0,0.0,0.0,3.2535303,0.6894433,0.0,4.73945,0.0,0.0,0.0,0.0,0.40571707,0.0,0.0,0.68005633
450,2,0,A,B,346,0.0,0.0,0.0,0.0,0.0,0.0,0.119368486,0.10905638,0.0,0.0,0.0,0.0,0.5402044,0.0,0.0,0.0,0.0,1.102194,0.0,0.074222095,0.0,0.0,0.0,0.0,0.0,0.31505,0.0,0.0,0.0,0.0258267,0.12676977,0.0,0.0,0.0,0.42724925,0.0,0.0,0.0,1.4496726,1.6530629,0.0,5.976447,0.0,0.0,0.0,0.0,0.40568143,0.0,0.0,0.6798002
451,1,1,A,A,306,0.0,0.0,0.0,0.0,0.0,0.0,0.119368486,0.10905638,0.0,0.0,0.0,0.0,0.51986253,0.0,0.0,0.0,0.0,0.98067343,0.0,0.074222095,0.0,0.0,0.0,0.029663038,0.0,0.31505,0.0,0.0,0.0,0.21974993,0.12679595,0.0,0.0,0.0,0.3966773,0.0,0.0,0.0,1.5908796,0.8650547,0.03437855,2.3785152,0.0,0.0,0.21897213,0.0,0.40564737,0.54635435,0.0,0.67974246
452,10,1,A,B,342,0.0,0.0,0.0,0.0,0.0,0.0,0.119368486,0.10905638,0.0,0.0,0.0,0.0,1.0989833,0.0,0.0,0.0,0.0,8.75085,0.0,0.074222095,0.0,0.0,0.0,0.0,0.0,0.31505,0.0,0.0,0.0,0.025826607,0.12675959,0.0,0.0,0.0,1.1934276,0.0,0.0,0.0,1.3351425,4.62489,0.0,16.162468,0.0,0.0,0.0,0.0,0.40579346,0.0,0.0,0.6805774
453,2,1,A,A,318,0.0,0.0,0.0,0.0,0.0,0.0,0.119368486,0.10905638,0.0,0.0,0.0,0.0,0.5286778,0.0,0.0,0.0,0.0,1.0550703,0.0,0.074222095,0.0,0.0,0.0,0.0,0.0,0.31505,0.0,0.0,0.0,0.025838273,0.12678517,0.0,0.0,0.0,0.4083131,0.0,0.0,0.0,1.5832164,1.2277718,0.0,4.5821376,0.0,0.0,0.0,0.0,0.4057448,0.00072188355,0.0,0.679854
454,2,1,A,A,338,0.0,0.0,0.0,0.0,0.0,0.0,0.119368486,0.10905638,0.0,0.0,0.0,0.0,0.5301049,0.0,0.0,0.0,0.0,1.0618587,0.0,0.074222095,0.0,0.0,0.0,0.0,0.0,0.31505,0.0,0.0,0.0,0.025826642,0.12677917,0.0,0.0,0.0,0.41115397,0.0,0.0,0.0,1.5662488,1.3368001,0.0,4.9641995,0.0,0.0,0.0,0.0,0.405729,6.971891e-05,0.0,0.67983514
455,4,1,B,B,261,0.0,0.0,0.0,0.0,0.0,0.0,0.119368486,0.10905638,0.0,0.0,0.0,0.0,0.51936746,0.0,0.20995197,0.0,0.0,0.977686,0.0,0.074222095,0.0,0.0,0.0,0.11998288,0.0,0.31505,0.049007755,0.16914459,0.0,0.15045144,0.12676132,0.0,0.0,0.0,0.39600173,0.0,0.0,0.0,1.0517327,0.658149,2.6139648,3.2881744,0.0,0.0,0.10026253,0.006845625,0.40556163,1.1430684,0.0,0.67967474
456,10,1,A,B,260,0.0,0.0,0.0,0.0,0.0,0.0,0.119368486,0.10905638,0.0,0.0,0.0,0.0,1.0464015,0.0,0.0,0.0,0.0,8.774226,0.0,0.074222095,0.0,0.0,0.0,0.0,0.0,0.31505,0.0,0.0,0.0,0.025826607,0.12675959,0.0,0.0,0.0,1.1141455,0.0,0.0,0.0,1.3349363,4.409493,0.0,15.571394,0.0,0.0,0.0,0.0,0.40578833,0.0,0.0,0.6805531
457,0,1,A,A,335,0.0,0.0,0.0,1.150348e-05,0.0,0.0,0.119368486,0.10905638,0.0,0.0,0.0,0.0,0.5194012,0.0,0.020347109,0.0,0.0,0.977889,0.0,0.074222095,0.0,0.0,0.0,0.0021200564,0.0,0.31505,0.024404554,0.026382653,0.0,0.23076543,0.1267653,0.0,0.0,0.0,0.39606202,0.0,0.0,0.0,1.8877984,0.37172234,1.4385761,3.257547,0.0,0.0,0.040875334,0.0065824175,0.40556905,1.117361,0.0,0.67967874
459,3,1,B,B,254,0.0,0.0,0.0,2.7318126e-06,0.0,0.0,0.119368486,0.10905638,0.0,0.0,0.0,0.0,0.5197784,0.0,0.051427092,0.0,0.0,0.9805982,0.0,0.074222095,0.0,0.0,0.0,0.014324325,0.0,0.31505,0.029022606,0.055812474,0.0,0.08280813,0.1267669,0.0,0.016608393,0.0,0.39667892,0.0,0.0,0.0,1.604126,0.5630016,1.3291061,3.1979532,0.0,0.0,0.014679806,0.011061294,0.4055928,0.59082735,0.0,0.67970794
460,2,1,A,A,260,0.0,0.0,0.0,0.0,0.0,0.0,0.119368486,0.10905638,0.0,0.0,0.0,0.0,0.52498627,0.0,0.0,0.0,0.0,1.0216472,0.0,0.074222095,0.0,0.0,0.0,0.0,0.0,0.31505,0.0,0.0,0.0,0.025834614,0.126776,0.0,0.0,0.0,0.40292022,0.0,0.0,0.0,1.50483,1.0341663,0.0,3.8115816,0.0,0.0,0.0,0.0,0.4056872,0.00018689706,0.0,0.67981565
461,10,1,A,B,251,0.0,0.0,0.0,0.0,0.0,0.0,0.119368486,0.10905638,0.0,0.0,0.0,0.0,1.0462847,0.0,0.0,0.0,0.0,8.268964,0.0,0.074222095,0.0,0.0,0.0,0.0,0.0,0.31505,0.0,0.0,0.0,0.025826607,0.12675959,0.0,0.0,0.0,1.1245949,0.0,0.0,0.0,1.3364967,4.1295886,0.0,14.638174,0.0,0.0,0.0,0.0,0.4057857,0.0,0.0,0.6805538
462,2,0,B,B,327,0.0,0.0,0.0,9.2089215e-07,0.0,0.0,0.119368486,0.10905638,0.0,0.0,0.0,0.0,0.51987916,0.0,0.05333076,0.0,0.0,0.9796298,0.0,0.074222095,0.0,0.0,0.0,0.008634972,0.0,0.31505,0.019944131,0.033138767,0.0,0.061085474,0.12676322,0.0,0.116634995,0.0,0.39702553,0.0,0.0,0.0,2.6705337,0.32807592,0.941683,3.227283,0.0,0.0,0.012635852,0.006848629,0.40559426,0.30556083,0.0,0.6797259
463,1,2,B,A,345,0.0,0.0,0.0,0.0,0.0,0.0,0.119368486,0.10905638,0.0,0.0,0.0,0.0,0.613811,0.0,0.0,0.0,0.0,1.2441202,0.0,0.074222095,0.0,0.0,0.0,0.0,0.0,0.31505,0.0,0.0,0.0,0.025826607,0.12676217,0.0,0.0,0.0,0.54402167,0.0,0.0,0.0,2.033828,1.5273062,0.0,7.7712116,0.0,0.0,0.0,0.0,0.4057004,0.0,0.0,0.6799767
464,1,1,B,A,319,0.0,0.0,0.0,0.0,0.0,0.0,0.119368486,0.10905638,0.0,0.0,0.0,0.0,0.5704736,0.0,0.0,0.0,0.0,1.1186162,0.0,0.074222095,0.0,0.0,0.0,0.0,0.0,0.31505,0.0,0.0,0.0,0.025826618,0.126764,0.0,0.006775992,0.0,0.62151897,0.0,0.0,0.0,3.40781,0.69991195,0.0,4.609781,0.0,0.0,0.0,0.0,0.405707,0.0,0.0,0.6800647
465,2,1,B,B,305,0.0,0.0,0.0,0.0,0.0,0.0,0.119368486,0.10905638,0.0,0.0,0.0,0.0,0.580239,0.0,0.0,0.0,0.0,1.0492337,0.0,0.074222095,0.0,0.0,0.0,0.0,0.0,0.31505,0.0,0.0,0.0,0.025848642,0.1267659,0.0,0.19159162,0.0,0.57566226,0.0,0.0,0.0,2.982047,0.5149343,0.0030773478,3.8854413,0.0,0.0,0.0,0.0,0.40582985,0.0004959975,0.0,0.6806921
466,3,1,B,B,271,0.0,0.0,0.0,6.4489814e-06,3.0361155e-06,0.0,0.119368486,0.10905638,0.0,0.0,0.0,0.0,0.51934195,0.0,0.036629613,0.0,0.0,0.97744423,0.0,0.074222095,0.0,0.0,0.0,0.034519676,0.0,0.31505,0.012983628,0.04736025,0.0,0.12980074,0.12676296,0.0,0.0,0.0,0.39596993,0.0,0.0,0.0,1.5810463,0.5548198,1.7358912,3.2822037,0.0,0.0,0.042950105,0.0037296906,0.4055623,1.0407382,0.0,0.67967343
467,0,1,B,A,340,0.0,0.0,0.0,0.0,0.0,0.0,0.119368486,0.10905638,0.0,0.0,0.0,0.0,0.5855334,0.0,0.0,0.0,0.0,1.1145064,0.0,0.074222095,0.0,0.0,0.0,0.0,0.0,0.31505,0.0,0.0,0.0,0.025826607,0.12676246,0.0,3.3907934e-05,0.0,0.65089905,0.0,0.0,0.0,3.363641,0.8297922,0.0,4.720943,0.0,0.0,0.0,0.0,0.40571508,0.0,0.0,0.68005973
468,0,1,A,A,267,0.0,0.0,0.0,5.220616e-06,8.710434e-07,0.0,0.119368486,0.10905638,0.0,0.0,0.0,0.0,0.5193601,0.0,0.0645674,0.0,0.0,0.9776686,0.0,0.074222095,0.0,0.0,0.0,0.074421555,0.0,0.31505,0.008650721,0.07649605,0.0,0.12521347,0.12676197,0.0,0.0,0.0,0.39599288,0.0,0.0,0.0,1.0332105,0.739,2.2108746,3.2443278,0.0,0.0,0.10009459,0.0009907547,0.40556186,1.1087465,0.0,0.679675
469,2,1,B,A,285,0.0,0.0,0.0,0.0,0.0,0.0,0.119368486,0.10905638,0.0,0.0,0.0,0.0,0.54460275,0.0,0.0,0.0,0.0,1.033405,0.0,0.074222095,0.0,0.0,0.0,0.0,0.0,0.31505,0.0,0.0,0.0,0.02605556,0.12676404,0.0,0.1995094,0.0,0.45493722,0.0,0.0,0.0,2.8151662,0.5291753,0.00757063,4.764333,0.0,0.0,0.0,0.0,0.40568656,0.0,0.0,0.67994255
470,10,1,B,B,315,0.0,0.0,0.0,0.0,0.0,0.0,0.119368486,0.10905638,0.0,0.0,0.0,0.0,0.5192862,0.0,4.215853,0.0,0.0,0.97693616,0.0,0.074222095,0.0,0.0,0.0,2.257377,0.0,0.31505,1.2560613,2.7717056,0.0,1.0156426,0.1267585,0.0,0.0,0.0,0.3958701,0.0,0.0,0.0,0.0,3.1967363,6.2367473,3.48857,0.0,0.0,0.71344477,0.18843842,0.40555188,2.500942,0.0,0.67966735
471,3,1,A,B,292,0.0,0.0,0.0,0.0,0.0,0.0,0.119368486,0.10905638,0.0,0.0,0.0,0.0,0.56983125,0.0,0.0,0.0,0.0,1.2420502,0.0,0.074222095,0.0,0.0,0.0,0.0,0.0,0.31505,0.0,0.0,0.0,0.025826622,0.1267659,0.0,0.0,0.0,0.45520154,0.0,0.0,0.0,1.3672419,2.043521,0.0,7.4894586,0.0,0.0,0.0,0.0,0.40567905,0.0,0.0,0.67983466
472,1,1,B,A,322,0.0,0.0,0.0,0.0,0.0,0.0,0.119368486,0.10905638,0.0,0.0,0.0,0.0,0.55996704,0.0,0.0,0.0,0.0,1.1160322,0.0,0.074222095,0.0,0.0,0.0,0.0,0.0,0.31505,0.0,0.0,0.0,0.02582664,0.12676232,0.0,0.06037705,0.0,0.4633898,0.0,0.0,0.0,3.358922,0.6508489,0.0,5.4902534,0.0,0.0,0.0,0.0,0.40567884,0.0,0.0,0.679893
473,0,1,B,A,342,0.0,0.0,0.0,0.0,0.0,0.0,0.119368486,0.10905638,0.0,0.0,0.0,0.0,0.5731274,0.0,0.0,0.0,0.0,1.146409,0.0,0.074222095,0.0,0.0,0.0,0.0,0.0,0.31505,0.0,0.0,0.0,0.025826607,0.12676209,0.0,0.013297626,0.0,0.53361297,0.0,0.0,0.0,3.4981894,0.7608142,0.0,4.693414,0.0,0.0,0.0,0.0,0.40570727,0.0,0.0,0.680005
474,2,0,B,B,297,0.0,0.0,0.0,4.47196e-06,0.0,0.0,0.119368486,0.10905638,0.0,0.0,0.0,0.0,0.5214544,0.0,0.0001540088,0.0,0.0,0.98358566,0.0,0.074222095,0.0,0.0,0.0,0.00026280218,0.0,0.31505,0.0027157224,0.00026214134,0.0,0.03461568,0.12676488,0.0,0.25149873,0.0,0.40035468,0.0,0.0,0.0,2.6070974,0.3440497,0.37343803,3.2214892,0.0,0.0,0.0014988218,1.8066832e-05,0.40563956,0.037832145,0.0,0.679829
475,1,1,A,A,303,0.0,0.0,0.0,0.0,0.0,0.0,0.119368486,0.10905638,0.0,0.0,0.0,0.0,0.52018154,0.0,0.0,0.0,0.0,0.9842109,0.0,0.074222095,0.0,0.0,0.0,0.0,0.0,0.31505,0.0,0.0,0.0,0.13345583,0.12680651,0.0,0.0,0.0,0.39708936,0.0,0.0,0.0,1.6186274,0.7988746,0.12296485,2.51744,0.0,0.0,0.00056448224,0.0,0.40570754,0.47980538,0.0,0.6798023
476,0,1,B,A,269,0.0,0.0,0.0,0.0,0.0,0.0,0.119368486,0.10905638,0.0,0.0,0.0,0.0,0.5634628,0.0,0.0,0.0,0.0,1.1225682,0.0,0.074222095,0.0,0.0,0.0,0.0,0.0,0.31505,0.0,0.0,0.0,0.025826607,0.12676239,0.0,0.0069341483,0.0,0.49017882,0.0,0.0,0.0,3.2213178,0.7302436,0.0,5.8904176,0.0,0.0,0.0,0.0,0.40568042,0.0,0.0,0.6799031
477,0,1,B,A,278,0.0,0.0,0.0,0.0,0.0,0.0,0.119368486,0.10905638,0.0,0.0,0.0,0.0,0.56494635,0.0,0.0,0.0,0.0,1.0821869,0.0,0.074222095,0.0,0.0,0.0,0.0,0.0,0.31505,0.0,0.0,0.0,0.025826607,0.1267621,0.0,3.6632925e-06,0.0,0.5669338,0.0,0.0,0.0,2.9220774,0.8669213,0.0,5.288326,0.0,0.0,0.0,0.0,0.4056849,0.0,0.0,0.6799366
478,2,1,A,A,270,0.0,0.0,0.0,0.0,0.0,0.0,0.119368486,0.10905638,0.0,0.0,0.0,0.0,0.5280226,0.0,0.0,0.0,0.0,1.0480096,0.0,0.074222095,0.0,0.0,0.0,0.0,0.0,0.31505,0.0,0.0,0.0,0.025839943,0.12678134,0.0,0.0,0.0,0.40579468,0.0,0.0,0.0,1.5139875,1.2149135,0.0,4.328759,0.0,0.0,0.0,0.0,0.40571204,1.7028498e-05,0.0,0.6798362
479,0,1,A,A,255,0.0,0.0,0.0,9.828739e-06,3.4916156e-06,0.0,0.119368486,0.10905638,0.0,0.0,0.0,0.0,0.5193651,0.0,0.002257721,0.0,0.0,0.97766024,0.0,0.074222095,0.0,0.0,0.0,0.045339156,0.0,0.31505,0.00022946071,0.016744861,0.0,0.12797514,0.12676267,0.0,0.0,0.0,0.39600292,0.0,0.0,0.0,1.3118768,0.8262207,1.4350384,3.2705529,0.0,0.0,0.07680218,0.0004218971,0.4055635,0.8442811,0.0,0.6796758
480,4,1,A,B,263,0.0,0.0,0.0,0.0,0.0,0.0,0.119368486,0.10905638,0.0,0.0,0.0,0.0,0.68987495,0.0,0.0,0.0,0.0,2.7120771,0.0,0.074222095,0.0,0.0,0.0,0.0,0.0,0.31505,0.0,0.0,0.0,0.025826607,0.1267621,0.0,0.0,0.0,0.5800091,0.0,0.0,0.0,1.3305564,2.9279096,0.0,10.17913,0.0,0.0,0.0,0.0,0.40571594,0.0,0.0,0.68002677
481,0,1,A,A,256,0.0,0.0,0.0,0.0,0.0,0.0,0.119368486,0.10905638,0.0,0.0,0.0,0.0,0.5194109,0.0,0.051322717,0.0,0.0,0.978124,0.0,0.074222095,0.0,0.0,0.0,0.016793739,0.0,0.31505,0.007601863,0.058369566,0.0,0.124218896,0.12676139,0.0,0.0,0.0,0.39605626,0.0,0.0,0.0,1.1105592,0.7363557,1.8939513,3.3602521,0.0,0.0,0.04968701,0.00030230999,0.40556175,1.0192398,0.0,0.67967576
482,6,1,B,B,294,0.0,0.0,0.0,0.0,0.0,0.0,0.119368486,0.10905638,0.0,4.2097417e-07,0.0,0.0,0.5193021,0.0,2.0443974,0.0,0.0,0.97708845,0.0,0.074222095,0.0,0.0,0.0,1.7400143,0.0,0.31505,0.5663555,1.3126978,0.0,0.17070259,0.12675886,0.0,0.0,0.0,0.3958973,0.0,0.0,0.0,0.0033386417,1.8465937,4.0482464,3.4400115,0.0,0.0,0.29755908,0.16361238,0.4055542,1.2804139,0.0,0.6796682
483,2,1,A,B,347,0.0,0.0,0.0,0.0,0.0,0.0,0.119368486,0.10905638,0.0,0.0,0.0,0.0,0.5339596,0.0,0.0,0.0,0.0,1.0851564,0.0,0.074222095,0.0,0.0,0.0,0.0,0.0,0.31505,0.0,0.0,0.0,0.025826687,0.12677436,0.0,0.0,0.0,0.41584846,0.0,0.0,0.0,1.5453387,1.3780642,0.0,4.998083,0.0,0.0,0.0,0.0,0.4057157,0.0,0.0,0.6798295
484,6,1,B,B,301,0.0,0.0,0.0,0.0,0.0,0.0,0.119368486,0.10905638,0.0,0.0,0.0,0.0,0.5193012,0.0,1.8097332,0.0,0.0,0.9770731,0.0,0.074222095,0.0,0.0,0.0,1.6484677,0.0,0.31505,0.49312198,1.1551213,0.0,0.12858514,0.12675865,0.0,3.0896063e-05,0.0,0.3958943,0.0,0.0,0.0,0.0049135233,1.6784477,3.8142867,3.4615142,0.0,0.0,0.25720096,0.15042728,0.4055533,1.174999,0.0,0.6796682
485,4,1,A,B,328,0.0,0.0,0.0,0.0,0.0,0.0,0.119368486,0.10905638,0.0,0.0,0.0,0.0,0.6537822,0.0,0.0,0.0,0.0,2.861129,0.0,0.074222095,0.0,0.0,0.0,0.0,0.0,0.31505,0.0,0.0,0.0,0.025826607,0.12676145,0.0,0.0,0.0,0.54607385,0.0,0.0,0.0,1.328454,3.1196299,0.0,11.136313,0.0,0.0,0.0,0.0,0.40570077,0.0,0.0,0.679944
486,1,1,B,A,262,0.0,0.0,0.0,0.0,0.0,0.0,0.119368486,0.10905638,0.0,0.0,0.0,0.0,0.5437181,0.0,0.0,0.0,0.0,1.0377593,0.0,0.074222095,0.0,0.0,0.0,0.0,0.0,0.31505,0.0,0.0,0.0,0.025826607,0.1267634,0.0,0.012290129,0.0,0.47521567,0.0,0.0,0.0,2.6073694,0.70179224,0.0,5.43108,0.0,0.0,0.0,0.0,0.40566263,0.0,0.0,0.6798555
487,6,1,B,B,290,0.0,0.0,0.0,0.0,0.0,0.0,0.119368486,0.10905638,0.0,0.0,0.0,0.0,0.5192919,0.0,2.1834276,0.0,0.0,0.9769969,0.0,0.074222095,0.0,0.0,0.0,1.8431902,0.0,0.31505,0.5981464,1.3884645,0.0,0.31208733,0.12675859,0.0,0.0,0.0,0.39588135,0.0,0.0,0.0,0.0033230502,1.9509808,4.01377,3.480871,0.0,0.0,0.37416875,0.1799373,0.4055522,1.3424239,0.0,0.67966795
488,0,1,B,A,285,0.0,0.0,0.0,0.0,0.0,0.0,0.119368486,0.10905638,0.0,0.0,0.0,0.0,0.5643753,0.0,0.0,0.0,0.0,1.0750632,0.0,0.074222095,0.0,0.0,0.0,0.0,0.0,0.31505,0.0,0.0,0.0,0.025826607,0.12676306,0.0,0.0005722072,0.0,0.56395936,0.0,0.0,0.0,3.0568786,0.7504265,0.0,5.2678113,0.0,0.0,0.0,0.0,0.40567836,0.0,0.0,0.6799074
489,3,1,B,A,261,0.0,0.0,0.0,3.4189552e-06,0.0,0.0,0.119368486,0.10905638,0.0,0.0,0.0,0.0,0.51997167,0.0,0.008698911,0.0,0.0,0.9815405,0.0,0.074222095,0.0,0.0,0.0,0.043119878,0.0,0.31505,0.003018757,0.017723937,0.0,0.095239505,0.12676775,0.0,0.0,0.0,0.39706245,0.0,0.0,0.0,1.7504224,0.6692782,0.91786313,3.103276,0.0,0.0,0.07991105,0.0013888353,0.40560636,0.6472347,0.0,0.67972666
490,0,1,B,A,326,0.0,0.0,0.0,0.0,0.0,0.0,0.119368486,0.10905638,0.0,0.0,0.0,0.0,0.5666461,0.0,0.0,0.0,0.0,1.0989316,0.0,0.074222095,0.0,0.0,0.0,0.0,0.0,0.31505,0.0,0.0,0.0,0.025826607,0.12676261,0.0,0.024110537,0.0,0.56876403,0.0,0.0,0.0,3.534556,0.7651379,0.0,4.9429717,0.0,0.0,0.0,0.0,0.40569332,0.0,0.0,0.6799655
491,6,1,A,B,256,0.0,0.0,0.0,0.0,0.0,0.0,0.119368486,0.10905638,0.0,0.0,0.0,0.0,0.8709538,0.0,0.0,0.0,0.0,7.432682,0.0,0.074222095,0.0,0.0,0.0,0.0,0.0,0.31505,0.0,0.0,0.0,0.025826607,0.12675983,0.0,0.0,0.0,0.8314784,0.0,0.0,0.0,1.3304938,3.9770937,0.0,13.7934265,0.0,0.0,0.0,0.0,0.40575904,0.0,0.0,0.6802945
492,1,1,B,A,307,0.0,0.0,0.0,0.0,0.0,0.0,0.119368486,0.10905638,0.0,0.0,0.0,0.0,0.5517977,0.0,0.0,0.0,0.0,1.064931,0.0,0.074222095,0.0,0.0,0.0,0.0,0.0,0.31505,0.0,0.0,0.0,0.025826618,0.12676305,0.0,0.0070287124,0.0,0.49617758,0.0,0.0,0.0,3.1537442,0.6966816,0.0,4.5674176,0.0,0.0,0.0,0.0,0.40569785,0.0,0.0,0.6799592
493,2,0,A,B,306,0.0,0.0,0.0,0.0,0.0,0.0,0.119368486,0.10905638,0.0,0.0,0.0,0.0,0.54004174,0.0,0.0,0.0,0.0,1.09169,0.0,0.074222095,0.0,0.0,0.0,0.0,0.0,0.31505,0.0,0.0,0.0,0.025826605,0.12676834,0.0,0.0,0.0,0.42798173,0.0,0.0,0.0,1.4023613,1.9691919,0.0,7.058197,0.0,0.0,0.0,0.0,0.40566352,0.0,0.0,0.67977846
494,2,0,A,B,265,0.0,0.0,0.0,0.0,0.0,0.0,0.119368486,0.10905638,0.0,0.0,0.0,0.0,0.52990425,0.0,0.0,0.0,0.0,1.0464535,0.0,0.074222095,0.0,0.0,0.0,0.0,0.0,0.31505,0.0,0.0,0.0,0.025826605,0.12676871,0.0,0.0,0.0,0.4109086,0.0,0.0,0.0,1.397758,1.6351863,0.0,5.7159925,0.0,0.0,0.0,0.0,0.4056531,0.0,0.0,0.6797668
495,1,2,A,A,258,0.0,0.0,0.0,2.0227535e-05,1.1734048e-05,0.0,0.119368486,0.10905638,0.0,0.0,0.0,0.0,0.5193759,0.0,0.22321182,0.0,0.0,0.9778003,0.0,0.074222095,0.0,0.0,0.0,0.24348901,0.0,0.31505,0.046772383,0.18024907,0.0,0.1376174,0.1267635,0.0,0.0,0.0,0.3960229,0.0,0.0,0.0,0.8687738,0.8395459,1.9827343,3.2022958,0.0,0.0,0.07935736,0.00036320253,0.40556455,0.9417226,0.0,0.67967683
496,2,1,B,B,331,0.0,0.0,0.0,0.0,0.0,0.0,0.119368486,0.10905638,0.0,0.0,0.0,0.0,0.5373909,0.0,0.0,0.0,0.0,1.0349487,0.0,0.074222095,0.0,0.0,0.0,0.0,0.0,0.31505,0.0,0.0,0.0,0.025849512,0.12676533,0.0,0.23654522,0.0,0.44321254,0.0,0.0,0.0,2.8701773,0.679172,0.0,4.33039,0.0,0.0,0.0,0.0,0.40570003,0.0,0.0,0.6799527
497,2,1,A,A,274,0.0,0.0,0.0,0.0,0.0,0.0,0.119368486,0.10905638,0.0,0.0,0.0,0.0,0.5259478,0.0,0.0,0.0,0.0,1.0287532,0.0,0.074222095,0.0,0.0,0.0,0.0,0.0,0.31505,0.0,0.0,0.0,0.025826719,0.12677167,0.0,0.0,0.0,0.4052598,0.0,0.0,0.0,1.4654694,1.2448401,0.0,4.5628777,0.0,0.0,0.0,0.0,0.40566856,2.7234577e-05,0.0,0.6797787
498,1,1,A,A,282,0.0,0.0,0.0,0.0,0.0,0.0,0.119368486,0.10905638,0.0,0.0,0.0,0.0,0.5206332,0.0,0.0,0.0,0.0,0.9911142,0.0,0.074222095,0.0,0.0,0.0,4.521381e-06,0.0,0.31505,0.0,0.0002332897,0.0,0.07817976,0.12681061,0.0,0.0,0.0,0.39757308,0.0,0.0,0.0,1.5768532,0.8482231,0.27935886,2.6142316,0.0,0.0,0.008709272,0.0,0.40572715,0.44738773,0.0,0.67983025
499,1,2,A,A,313,0.0,0.0,0.0,0.0,2.4889502e-07,0.0,0.119368486,0.10905638,0.0,0.0,0.0,0.0,0.51932573,0.0,0.012755046,0.0,0.0,0.9772914,0.0,0.074222095,0.0,0.0,0.0,0.6496434,0.0,0.31505,0.00036019215,0.00803324,0.0,0.18787399,0.12676138,0.0,0.0,0.0,0.39594027,0.0,0.0,0.0,1.6068246,0.8589129,0.68519485,3.3433459,0.0,0.0,0.15735514,0.00078079925,0.40555793,0.74146056,0.0,0.6796714
500,1,2,B,A,347,0.0,0.0,0.0,0.0,0.0,0.0,0.119368486,0.10905638,0.0,0.0,0.0,0.0,0.5753866,0.0,0.0,0.0,0.0,1.1783009,0.0,0.074222095,0.0,0.0,0.0,0.0,0.0,0.31505,0.0,0.0,0.0,0.025826607,0.12676245,0.0,0.0,0.0,0.5053247,0.0,0.0,0.0,2.0236602,1.571185,0.0,7.9841795,0.0,0.0,0.0,0.0,0.40567482,0.0,0.0,0.6798573
