trial,n_B,n_A,juice_left,chosen_juice,n_steps,unit_00,unit_01,unit_02,unit_03,unit_04,unit_05,unit_06,unit_07,unit_08,unit_09,unit_10,unit_11,unit_12,unit_13,unit_14,unit_15,unit_16,unit_17,unit_18,unit_19,unit_20,unit_21,unit_22,unit_23,unit_24,unit_25,unit_26,unit_27,unit_28,unit_29,unit_30,unit_31,unit_32,unit_33,unit_34,unit_35,unit_36,unit_37,unit_38,unit_39,unit_40,unit_41,unit_42,unit_43,unit_44,unit_45,unit_46,unit_47,unit_48,unit_49
1,3,1,A,B,279,8.804473,0.0,2.8180892,73.669525,0.0,1.7854685,0.0,6.1066093,0.0,0.0,0.0,0.0,0.0,11.34763,1.8782055,1.5319232,0.0,0.0,0.0,6.5947905,0.0,0.0,3.010901,0.0,0.0,0.0,0.0,0.0,0.0,0.0,0.0,0.0,0.0,0.9121086,0.0,0.0,0.0,0.0,0.0,0.0,0.0,0.0,1.9160472,0.0,0.0,0.0,0.0,0.0,24.836803,4.0859947
2,6,1,B,B,283,7.8066616,0.0,1.4901427,60.29299,0.0,1.4492743,0.0,6.52461,0.0,1.544323,0.0,0.0,0.0,11.993024,0.006324057,1.5424488,0.0,0.0,0.0,6.1254535,0.0,0.0,9.155324,0.0,0.0,0.0,0.0,0.0,0.0,0.0,0.0,0.0,0.0,0.018852724,0.0,0.0,0.0,0.0,0.0,0.0,0.0,0.0,9.667688,0.0,0.0,0.0,0.0,0.0,20.615791,0.0064343642
3,10,1,B,B,271,7.17993,0.0,1.4992647,57.988842,0.0,1.2366768,0.0,6.3731995,0.0,1.5310593,0.0,0.0,0.0,11.487844,0.0059873466,1.5475516,0.0,0.0,0.0,6.032682,0.0,0.0,13.365467,0.0,0.0,0.0,0.0,0.0,0.0,0.0,0.0,0.0,0.0,0.018852724,0.0,0.0,0.0,0.0,0.0,0.0,0.0,0.0,14.006536,0.0,0.0,0.0,0.0,0.0,20.088972,0.0045657726
4,2,1,B,B,253,6.834346,0.0,1.2638481,17.224463,0.0,1.651032,0.0,1.8603531,0.0,0.0008087842,0.0,0.0,0.0,3.653071,0.1623768,0.89580077,0.0,0.0,0.0,4.7150774,0.0,0.0,4.7383895,0.0,0.0,0.0,0.0,0.0,0.0,0.0,0.0,0.0,0.0,1.5182805,0.0,0.0,0.0,0.0,0.0,0.0,0.0,0.0,1.1889912,0.0,0.0,0.0,0.0,0.0,4.6340923,1.0765505
5,3,1,A,B,320,8.784733,0.0,2.7881763,75.27771,0.0,1.7789029,0.0,5.9948244,0.0,0.0,0.0,0.0,0.0,11.30747,1.8239529,1.5319232,0.0,0.0,0.0,6.589057,0.0,0.0,3.0991023,0.0,0.0,0.0,0.0,0.0,0.0,0.0,0.0,0.0,0.0,0.8680379,0.0,0.0,0.0,0.0,0.0,0.0,0.0,0.0,2.0740156,0.0,0.0,0.0,0.0,0.0,24.631323,4.0236125
6,1,2,A,A,276,7.972088,0.0,1.5582187,50.79372,0.0,1.4990505,0.0,5.7487197,0.0,1.2890115,0.0,0.0,0.0,10.307339,0.07901299,1.5475516,0.0,0.0,0.0,5.834069,0.0,0.0,6.3308344,0.0,0.0,0.0,0.0,0.0,0.0,0.0,0.0,0.0,0.0,0.025001194,0.0,0.0,0.0,0.0,0.0,0.0,0.0,0.0,6.803044,0.0,0.0,0.0,0.0,0.0,17.503485,0.3659701
7,2,0,B,B,309,6.3082194,0.0,0.99000657,4.4132237,0.0,1.564241,0.0,1.3351904,0.0,0.024100982,0.0,0.0,0.0,2.2555566,0.027323045,0.85134566,0.0,0.0,0.0,4.3630314,0.0,0.0,5.7186947,0.0,0.0,0.0,0.0,0.0,0.0,0.0,0.0,0.0,0.0,1.2787689,0.0,0.0,0.0,0.0,0.0,0.0,0.0,0.0,2.1763892,0.0,0.0,0.0,0.0,0.0,1.3413843,0.11329041
8,3,1,A,B,278,8.706504,0.0,2.6442344,62.569057,0.0,1.753089,0.0,5.460892,0.0,0.0,0.0,0.0,0.0,9.9708805,1.6677868,1.5319232,0.0,0.0,0.0,6.2468376,0.0,0.0,3.3549893,0.0,0.0,0.0,0.0,0.0,0.0,0.0,0.0,0.0,0.0,0.7408232,0.0,0.0,0.0,0.0,0.0,0.0,0.0,0.0,2.6387703,0.0,0.0,0.0,0.0,0.0,21.394743,3.6271057
9,1,2,A,A,266,7.9305186,0.0,1.5702063,49.921505,0.0,1.4961689,0.0,5.702096,0.0,1.2353731,0.0,0.0,0.0,10.153026,0.11461427,1.5319232,0.0,0.0,0.0,5.746048,0.0,0.0,6.212597,0.0,0.0,0.0,0.0,0.0,0.0,0.0,0.0,0.0,0.0,0.067852885,0.0,0.0,0.0,0.0,0.0,0.0,0.0,0.0,6.712854,0.0,0.0,0.0,0.0,0.0,17.265205,0.4517843
10,10,1,B,B,328,7.255823,0.0,1.491951,67.44513,0.0,1.2619779,0.0,6.6491766,0.0,1.5544915,0.0,0.0,0.0,12.562187,0.0059873466,1.5475516,0.0,0.0,0.0,6.2594824,0.0,0.0,13.067889,0.0,0.0,0.0,0.0,0.0,0.0,0.0,0.0,0.0,0.0,0.018852724,0.0,0.0,0.0,0.0,0.0,0.0,0.0,0.0,13.699245,0.0,0.0,0.0,0.0,0.0,22.109509,0.00456577
11,4,1,A,B,253,9.161509,0.0,3.142758,83.76309,0.0,1.8930107,0.0,7.31322,0.0,0.0,0.0,0.0,0.0,13.037598,2.5000124,1.5475516,0.0,0.0,0.0,7.0942063,0.0,0.0,2.0157845,0.0,0.0,0.0,0.0,0.0,0.0,0.0,0.0,0.0,0.0,1.3890235,0.0,0.0,0.0,0.0,0.0,0.0,0.0,0.0,0.45976907,0.0,0.0,0.0,0.0,0.0,29.440943,5.0155697
12,4,1,B,B,327,7.9394073,0.0,1.4724951,58.381126,0.0,1.5831791,0.0,5.982352,0.0,1.2786793,0.0,0.0,0.0,11.274286,0.07053519,1.4207633,0.0,0.0,0.0,5.9724846,0.0,0.0,6.62873,0.0,0.0,0.0,0.0,0.0,0.0,0.0,0.0,0.0,0.0,0.1276444,0.0,0.0,0.0,0.0,0.0,0.0,0.0,0.0,7.0489073,0.0,0.0,0.0,0.0,0.0,19.114386,0.22558545
13,2,0,A,B,254,8.459406,0.0,2.4427118,51.75487,0.0,1.6713945,0.0,4.711649,0.0,0.0,0.0,0.0,0.0,8.49008,1.4256968,1.5319232,0.0,0.0,0.0,5.8785863,0.0,0.0,3.7505465,0.0,0.0,0.0,0.0,0.0,0.0,0.0,0.0,0.0,0.0,0.53856635,0.0,0.0,0.0,0.0,0.0,0.0,0.0,0.0,3.452069,0.0,0.0,0.0,0.0,0.0,17.721481,3.1090534
14,10,1,B,B,256,7.256502,0.0,1.5265684,52.809948,0.0,1.2618505,0.0,5.927776,0.0,1.4543804,0.0,0.0,0.0,10.526092,0.0059873466,1.5475516,0.0,0.0,0.0,5.86275,0.0,0.0,12.861604,0.0,0.0,0.0,0.0,0.0,0.0,0.0,0.0,0.0,0.0,0.018852724,0.0,0.0,0.0,0.0,0.0,0.0,0.0,0.0,13.466654,0.0,0.0,0.0,0.0,0.0,18.276636,0.0045657847
15,0,1,B,A,258,5.9497414,0.0,1.0122464,22.348228,0.0,1.7589006,0.0,2.3778715,0.0,0.0,0.0,0.0,0.0,4.488556,0.41243812,0.54311836,0.0,0.0,0.0,4.9540854,0.0,0.0,2.9615524,0.0,0.0,0.0,0.0,0.0,0.0,0.0,0.0,0.0,0.0,3.5540726,0.0,0.0,0.0,0.0,0.0,0.0,0.0,0.0,0.0039420975,0.0,0.0,0.0,0.0,0.0,6.7340956,1.9170471
16,1,2,A,A,296,7.9454436,0.0,1.5560406,57.07298,0.0,1.4902,0.0,6.017381,0.0,1.2908318,0.0,0.0,0.0,11.176226,0.09341145,1.5475516,0.0,0.0,0.0,6.015599,0.0,0.0,6.405963,0.0,0.0,0.0,0.0,0.0,0.0,0.0,0.0,0.0,0.0,0.029099965,0.0,0.0,0.0,0.0,0.0,0.0,0.0,0.0,6.938897,0.0,0.0,0.0,0.0,0.0,19.216349,0.29728937
17,0,1,B,A,292,5.80001,0.0,0.8439176,16.506145,0.0,1.76319,0.0,2.066786,0.0,0.0,0.0,0.0,0.0,3.8024938,0.3215848,0.52012885,0.0,0.0,0.0,4.7936845,0.0,0.0,2.9047284,0.0,0.0,0.0,0.0,0.0,0.0,0.0,0.0,0.0,0.0,3.7328165,0.0,0.0,0.0,0.0,0.0,0.0,0.0,0.0,0.0026835054,0.0,0.0,0.0,0.0,0.0,4.9814477,1.6401856
18,4,1,B,B,285,7.9802566,0.0,1.4663489,56.963207,0.0,1.5718217,0.0,6.264513,0.0,1.4321029,0.0,0.0,0.0,11.48292,0.04375219,1.459881,0.0,0.0,0.0,6.0424433,0.0,0.0,6.8285413,0.0,0.0,0.0,0.0,0.0,0.0,0.0,0.0,0.0,0.0,0.03537248,0.0,0.0,0.0,0.0,0.0,0.0,0.0,0.0,7.3065553,0.0,0.0,0.0,0.0,0.0,19.476555,0.09748201
19,4,1,A,B,335,9.110087,0.0,3.1873453,99.0887,0.0,1.8866382,0.0,7.479061,0.0,0.0,0.0,0.0,0.0,14.27009,2.3805883,1.5319232,0.0,0.0,0.0,7.3413024,0.0,0.0,2.198479,0.0,0.0,0.0,0.0,0.0,0.0,0.0,0.0,0.0,0.0,1.3238077,0.0,0.0,0.0,0.0,0.0,0.0,0.0,0.0,0.39897746,0.0,0.0,0.0,0.0,0.0,32.07826,5.114972
20,2,1,A,B,279,8.373054,0.0,2.2460265,44.446026,0.0,1.6426444,0.0,3.980703,0.0,0.0,0.0,0.0,0.0,7.3719316,1.0791445,1.5319232,0.0,0.0,0.0,5.6001673,0.0,0.0,4.3149123,0.0,0.0,0.0,0.0,0.0,0.0,0.0,0.0,0.0,0.0,0.289989,0.0,0.0,0.0,0.0,0.0,0.0,0.0,0.0,4.398376,0.0,0.0,0.0,0.0,0.0,14.669334,2.5502892
21,2,1,A,A,337,8.44643,0.0,2.369575,50.506138,0.0,1.6669221,0.0,4.4392676,0.0,0.0,0.0,0.0,0.0,8.231548,1.2318414,1.5319232,0.0,0.0,0.0,5.8155894,0.0,0.0,4.0634136,0.0,0.0,0.0,0.0,0.0,0.0,0.0,0.0,0.0,0.0,0.38708988,0.0,0.0,0.0,0.0,0.0,0.0,0.0,0.0,3.950577,0.0,0.0,0.0,0.0,0.0,16.880198,2.8638604
22,2,0,A,B,300,8.540236,0.0,2.5874147,62.27032,0.0,1.6980226,0.0,5.249047,0.0,0.0,0.0,0.0,0.0,9.724641,1.5778913,1.5319232,0.0,0.0,0.0,6.189922,0.0,0.0,3.5049114,0.0,0.0,0.0,0.0,0.0,0.0,0.0,0.0,0.0,0.0,0.6632316,0.0,0.0,0.0,0.0,0.0,0.0,0.0,0.0,2.9172857,0.0,0.0,0.0,0.0,0.0,20.76049,3.4865408
23,1,2,B,A,306,7.126294,0.0,1.812793,47.893265,0.0,1.8423156,0.0,4.3017764,0.0,0.0,0.0,0.0,0.0,8.009912,1.1689306,0.8374809,0.0,0.0,0.0,5.8171077,0.0,0.0,2.6034298,0.0,0.0,0.0,0.0,0.0,0.0,0.0,0.0,0.0,0.0,2.8591268,0.0,0.0,0.0,0.0,0.0,0.0,0.0,0.0,0.0119921975,0.0,0.0,0.0,0.0,0.0,15.907411,3.0768518
24,4,1,A,B,289,9.144316,0.0,3.2390058,97.44259,0.0,1.898003,0.0,7.6717253,0.0,0.0,0.0,0.0,0.0,14.391802,2.4873023,1.5319232,0.0,0.0,0.0,7.369454,0.0,0.0,2.0237727,0.0,0.0,0.0,0.0,0.0,0.0,0.0,0.0,0.0,0.0,1.4108188,0.0,0.0,0.0,0.0,0.0,0.0,0.0,0.0,0.37983623,0.0,0.0,0.0,0.0,0.0,32.535202,5.2443647
25,1,2,B,A,295,7.029198,0.0,1.7127407,45.499256,0.0,1.8290186,0.0,4.006832,0.0,0.0,0.0,0.0,0.0,7.553874,1.056959,0.8243621,0.0,0.0,0.0,5.701922,0.0,0.0,2.7251709,0.0,0.0,0.0,0.0,0.0,0.0,0.0,0.0,0.0,0.0,2.8556085,0.0,0.0,0.0,0.0,0.0,0.0,0.0,0.0,0.024450125,0.0,0.0,0.0,0.0,0.0,14.666559,2.890222
26,2,0,B,B,333,6.3925853,0.0,1.002898,3.451226,0.0,1.5809838,0.0,1.317108,0.0,0.017448973,0.0,0.0,0.0,2.1779184,0.041072,0.86448157,0.0,0.0,0.0,4.3443804,0.0,0.0,5.5445957,0.0,0.0,0.0,0.0,0.0,0.0,0.0,0.0,0.0,0.0,1.3342358,0.0,0.0,0.0,0.0,0.0,0.0,0.0,0.0,1.7163082,0.0,0.0,0.0,0.0,0.0,1.1854023,0.17084144
27,1,2,B,A,255,6.884485,0.0,1.6224937,37.824883,0.0,1.8018361,0.0,3.6692545,0.0,0.0,0.0,0.0,0.0,6.690152,0.9636524,0.77542686,0.0,0.0,0.0,5.4783955,0.0,0.0,2.8785615,0.0,0.0,0.0,0.0,0.0,0.0,0.0,0.0,0.0,0.0,2.8368256,0.0,0.0,0.0,0.0,0.0,0.0,0.0,0.0,0.03432627,0.0,0.0,0.0,0.0,0.0,12.6032295,2.703706
28,2,0,B,B,268,6.369688,0.0,1.0314562,9.264973,0.0,1.5784471,0.0,1.4170073,0.0,0.018486803,0.0,0.0,0.0,2.6493766,0.03642602,0.85181814,0.0,0.0,0.0,4.465591,0.0,0.0,5.5409737,0.0,0.0,0.0,0.0,0.0,0.0,0.0,0.0,0.0,0.0,1.3500019,0.0,0.0,0.0,0.0,0.0,0.0,0.0,0.0,1.8408103,0.0,0.0,0.0,0.0,0.0,2.1848414,0.28016555
29,2,0,A,B,351,8.493933,0.0,2.5240889,61.33232,0.0,1.6826797,0.0,5.013323,0.0,0.0,0.0,0.0,0.0,9.438965,1.4695292,1.5319232,0.0,0.0,0.0,6.1211267,0.0,0.0,3.6750247,0.0,0.0,0.0,0.0,0.0,0.0,0.0,0.0,0.0,0.0,0.57483405,0.0,0.0,0.0,0.0,0.0,0.0,0.0,0.0,3.2307816,0.0,0.0,0.0,0.0,0.0,19.936089,3.323822
30,10,1,B,B,342,7.189488,0.0,1.4919357,67.81912,0.0,1.2399794,0.0,6.6508937,0.0,1.5545634,0.0,0.0,0.0,12.576298,0.0059873466,1.5475516,0.0,0.0,0.0,6.2640204,0.0,0.0,13.35717,0.0,0.0,0.0,0.0,0.0,0.0,0.0,0.0,0.0,0.0,0.018852724,0.0,0.0,0.0,0.0,0.0,0.0,0.0,0.0,14.002742,0.0,0.0,0.0,0.0,0.0,22.182934,0.00456577
31,6,1,A,B,311,9.941991,0.0,4.0405645,143.2866,0.0,2.1511674,0.0,10.649484,0.0,0.0,0.0,0.0,0.0,20.219276,3.6119127,1.5475516,0.0,0.0,0.0,8.947523,0.0,0.0,0.25722224,0.0,0.0,0.0,0.0,0.0,0.0,0.0,0.0,0.0,0.0,2.3050013,0.0,0.0,0.0,0.0,0.0,0.0,0.0,0.0,0.0033695397,0.0,0.0,0.0,0.0,0.0,47.17023,7.4137206
32,2,1,B,A,279,7.1703835,0.0,1.324783,15.478341,0.0,1.6927425,0.0,1.9701997,0.0,0.0037835888,0.0,0.0,0.0,3.6156254,0.2898854,1.0112832,0.0,0.0,0.0,4.6915007,0.0,0.0,4.531574,0.0,0.0,0.0,0.0,0.0,0.0,0.0,0.0,0.0,0.0,1.4241912,0.0,0.0,0.0,0.0,0.0,0.0,0.0,0.0,1.1414372,0.0,0.0,0.0,0.0,0.0,4.625776,1.2030892
33,1,1,B,A,295,6.1647854,0.0,0.87718153,7.444404,0.0,1.6934786,0.0,1.462764,0.0,0.0,0.0,0.0,0.0,2.5827014,0.115505114,0.685422,0.0,0.0,0.0,4.463251,0.0,0.0,3.9823618,0.0,0.0,0.0,0.0,0.0,0.0,0.0,0.0,0.0,0.0,2.648903,0.0,0.0,0.0,0.0,0.0,0.0,0.0,0.0,0.01935696,0.0,0.0,0.0,0.0,0.0,1.9822978,0.9556864
34,1,1,A,A,276,8.0323715,0.0,1.7609521,37.613625,0.0,1.5298795,0.0,3.96469,0.0,0.48074368,0.0,0.0,0.0,7.3300147,0.37350708,1.5319232,0.0,0.0,0.0,5.366006,0.0,0.0,5.4976,0.0,0.0,0.0,0.0,0.0,0.0,0.0,0.0,0.0,0.0,0.074099444,0.0,0.0,0.0,0.0,0.0,0.0,0.0,0.0,5.9638014,0.0,0.0,0.0,0.0,0.0,12.554348,1.1537784
35,3,1,A,B,307,8.739979,0.0,2.693605,69.4176,0.0,1.7641101,0.0,5.6432757,0.0,0.0,0.0,0.0,0.0,10.607277,1.6991581,1.5319232,0.0,0.0,0.0,6.4093175,0.0,0.0,3.3034174,0.0,0.0,0.0,0.0,0.0,0.0,0.0,0.0,0.0,0.0,0.7662438,0.0,0.0,0.0,0.0,0.0,0.0,0.0,0.0,2.4775333,0.0,0.0,0.0,0.0,0.0,22.848064,3.7722223
36,1,2,B,A,296,6.936362,0.0,1.7081746,46.483192,0.0,1.8488033,0.0,4.1823406,0.0,0.0,0.0,0.0,0.0,7.7760625,1.1456047,0.77880025,0.0,0.0,0.0,5.7630205,0.0,0.0,2.4324083,0.0,0.0,0.0,0.0,0.0,0.0,0.0,0.0,0.0,0.0,3.14499,0.0,0.0,0.0,0.0,0.0,0.0,0.0,0.0,0.007745393,0.0,0.0,0.0,0.0,0.0,15.28578,3.0513663
37,1,1,A,A,334,8.064579,0.0,1.8285614,33.572495,0.0,1.5405182,0.0,3.4123456,0.0,0.27222168,0.0,0.0,0.0,6.3204412,0.4771378,1.5319232,0.0,0.0,0.0,5.217049,0.0,0.0,5.3029943,0.0,0.0,0.0,0.0,0.0,0.0,0.0,0.0,0.0,0.0,0.09548225,0.0,0.0,0.0,0.0,0.0,0.0,0.0,0.0,5.7671013,0.0,0.0,0.0,0.0,0.0,10.869786,1.3694618
38,0,1,A,A,342,7.75672,0.0,1.5302987,63.853237,0.0,1.4387916,0.0,6.3697057,0.0,1.3874567,0.0,0.0,0.0,12.047063,0.07024564,1.5319232,0.0,0.0,0.0,6.1164465,0.0,0.0,6.2772923,0.0,0.0,0.0,0.0,0.0,0.0,0.0,0.0,0.0,0.0,0.056079283,0.0,0.0,0.0,0.0,0.0,0.0,0.0,0.0,6.6821218,0.0,0.0,0.0,0.0,0.0,20.913025,0.31632835
39,2,0,A,B,318,8.552964,0.0,2.6367188,66.58915,0.0,1.7022384,0.0,5.4321556,0.0,0.0,0.0,0.0,0.0,10.180508,1.6387019,1.5319232,0.0,0.0,0.0,6.307632,0.0,0.0,3.401826,0.0,0.0,0.0,0.0,0.0,0.0,0.0,0.0,0.0,0.0,0.71249247,0.0,0.0,0.0,0.0,0.0,0.0,0.0,0.0,2.7314234,0.0,0.0,0.0,0.0,0.0,21.875317,3.6296954
40,2,0,B,B,333,6.4295716,0.0,1.0199093,4.0811443,0.0,1.5794055,0.0,1.3682514,0.0,0.028677296,0.0,0.0,0.0,2.2839339,0.036125533,0.8765834,0.0,0.0,0.0,4.3672123,0.0,0.0,5.599099,0.0,0.0,0.0,0.0,0.0,0.0,0.0,0.0,0.0,0.0,1.2677013,0.0,0.0,0.0,0.0,0.0,0.0,0.0,0.0,2.0159721,0.0,0.0,0.0,0.0,0.0,1.4007907,0.1484145
41,2,0,B,B,270,6.4042974,0.0,1.0372558,9.197201,0.0,1.5874643,0.0,1.4290811,0.0,0.012764182,0.0,0.0,0.0,2.6697755,0.04239966,0.8410258,0.0,0.0,0.0,4.466955,0.0,0.0,5.4479427,0.0,0.0,0.0,0.0,0.0,0.0,0.0,0.0,0.0,0.0,1.390986,0.0,0.0,0.0,0.0,0.0,0.0,0.0,0.0,1.7417852,0.0,0.0,0.0,0.0,0.0,2.2072027,0.29852128
42,2,1,A,B,280,8.441032,0.0,2.306885,46.009384,0.0,1.6652507,0.0,4.2068706,0.0,0.0,0.0,0.0,0.0,7.6561546,1.2079711,1.5319232,0.0,0.0,0.0,5.668102,0.0,0.0,4.101282,0.0,0.0,0.0,0.0,0.0,0.0,0.0,0.0,0.0,0.0,0.3725777,0.0,0.0,0.0,0.0,0.0,0.0,0.0,0.0,4.0554767,0.0,0.0,0.0,0.0,0.0,15.464777,2.7369218
43,3,1,B,B,288,7.5850916,0.0,1.3897488,37.682907,0.0,1.6247795,0.0,4.423724,0.0,0.8240037,0.0,0.0,0.0,7.9754796,0.10737627,1.2197565,0.0,0.0,0.0,5.389555,0.0,0.0,5.663212,0.0,0.0,0.0,0.0,0.0,0.0,0.0,0.0,0.0,0.0,0.32534626,0.0,0.0,0.0,0.0,0.0,0.0,0.0,0.0,5.5177608,0.0,0.0,0.0,0.0,0.0,12.737604,0.5450626
44,10,1,B,B,317,7.1683216,0.0,1.491993,67.171234,0.0,1.2329879,0.0,6.645287,0.0,1.5543121,0.0,0.0,0.0,12.534062,0.0059873466,1.5475516,0.0,0.0,0.0,6.2546625,0.0,0.0,13.405684,0.0,0.0,0.0,0.0,0.0,0.0,0.0,0.0,0.0,0.0,0.018852724,0.0,0.0,0.0,0.0,0.0,0.0,0.0,0.0,14.051897,0.0,0.0,0.0,0.0,0.0,22.114971,0.00456577
45,1,2,B,A,343,7.1211066,0.0,1.809926,47.465797,0.0,1.863687,0.0,4.3984694,0.0,0.0,0.0,0.0,0.0,8.01107,1.2577382,0.8093572,0.0,0.0,0.0,5.8704596,0.0,0.0,2.3916545,0.0,0.0,0.0,0.0,0.0,0.0,0.0,0.0,0.0,0.0,3.0396314,0.0,0.0,0.0,0.0,0.0,0.0,0.0,0.0,0.008652737,0.0,0.0,0.0,0.0,0.0,15.986007,3.1917768
46,1,2,B,A,301,6.9431977,0.0,1.649563,41.13268,0.0,1.832991,0.0,3.882531,0.0,0.0,0.0,0.0,0.0,7.1170325,1.0679821,0.78860474,0.0,0.0,0.0,5.5928025,0.0,0.0,2.6254432,0.0,0.0,0.0,0.0,0.0,0.0,0.0,0.0,0.0,0.0,2.9981704,0.0,0.0,0.0,0.0,0.0,0.0,0.0,0.0,0.0065716254,0.0,0.0,0.0,0.0,0.0,13.649487,2.8443725
47,4,1,B,B,293,7.7948427,0.0,1.4439018,59.945065,0.0,1.5343207,0.0,6.431926,0.0,1.4702454,0.0,0.0,0.0,11.903795,0.031619906,1.4258815,0.0,0.0,0.0,6.0574512,0.0,0.0,7.2221375,0.0,0.0,0.0,0.0,0.0,0.0,0.0,0.0,0.0,0.0,0.064965956,0.0,0.0,0.0,0.0,0.0,0.0,0.0,0.0,7.6933556,0.0,0.0,0.0,0.0,0.0,20.322817,0.058903757
48,2,1,A,A,335,8.450035,0.0,2.3155603,47.759262,0.0,1.6681583,0.0,4.238168,0.0,0.0,0.0,0.0,0.0,7.84079,1.169558,1.5319232,0.0,0.0,0.0,5.7177367,0.0,0.0,4.1615615,0.0,0.0,0.0,0.0,0.0,0.0,0.0,0.0,0.0,0.0,0.3376255,0.0,0.0,0.0,0.0,0.0,0.0,0.0,0.0,4.1410985,0.0,0.0,0.0,0.0,0.0,15.859837,2.7315338
49,3,1,A,B,259,8.77632,0.0,2.7254071,65.915955,0.0,1.7762572,0.0,5.762794,0.0,0.0,0.0,0.0,0.0,10.457826,1.8033584,1.5319232,0.0,0.0,0.0,6.370006,0.0,0.0,3.1353772,0.0,0.0,0.0,0.0,0.0,0.0,0.0,0.0,0.0,0.0,0.8511612,0.0,0.0,0.0,0.0,0.0,0.0,0.0,0.0,2.2171507,0.0,0.0,0.0,0.0,0.0,22.680166,3.851966
50,2,1,A,A,300,8.413429,0.0,2.28956,48.623535,0.0,1.6559274,0.0,4.141326,0.0,0.0,0.0,0.0,0.0,7.8156867,1.114073,1.5319232,0.0,0.0,0.0,5.713219,0.0,0.0,4.261174,0.0,0.0,0.0,0.0,0.0,0.0,0.0,0.0,0.0,0.0,0.29304236,0.0,0.0,0.0,0.0,0.0,0.0,0.0,0.0,4.3390365,0.0,0.0,0.0,0.0,0.0,15.713797,2.6679728
51,1,1,B,A,320,6.433833,0.0,1.1067512,15.533577,0.0,1.7383902,0.0,2.1484818,0.0,0.0,0.0,0.0,0.0,3.8044822,0.37667617,0.72198325,0.0,0.0,0.0,4.767856,0.0,0.0,3.5643246,0.0,0.0,0.0,0.0,0.0,0.0,0.0,0.0,0.0,0.0,2.7370367,0.0,0.0,0.0,0.0,0.0,0.0,0.0,0.0,0.024929935,0.0,0.0,0.0,0.0,0.0,5.148656,1.5165613
52,6,1,B,B,272,7.8312697,0.0,1.4977412,56.349926,0.0,1.4555876,0.0,6.3581614,0.0,1.5277194,0.0,0.0,0.0,11.445792,0.0067929816,1.5431236,0.0,0.0,0.0,6.013748,0.0,0.0,8.98491,0.0,0.0,0.0,0.0,0.0,0.0,0.0,0.0,0.0,0.0,0.018852724,0.0,0.0,0.0,0.0,0.0,0.0,0.0,0.0,9.4812765,0.0,0.0,0.0,0.0,0.0,19.55323,0.0070068627
53,1,2,A,A,289,7.8991585,0.0,1.5345367,56.335796,0.0,1.4749123,0.0,6.1729536,0.0,1.3794767,0.0,0.0,0.0,11.281517,0.06402007,1.5475516,0.0,0.0,0.0,6.012472,0.0,0.0,6.5637517,0.0,0.0,0.0,0.0,0.0,0.0,0.0,0.0,0.0,0.0,0.0252969,0.0,0.0,0.0,0.0,0.0,0.0,0.0,0.0,7.068311,0.0,0.0,0.0,0.0,0.0,19.353914,0.20092435
54,2,1,A,A,286,8.353501,0.0,2.2281873,44.533794,0.0,1.6361638,0.0,3.9134743,0.0,0.0,0.0,0.0,0.0,7.3514476,1.0231022,1.5319232,0.0,0.0,0.0,5.597247,0.0,0.0,4.4027953,0.0,0.0,0.0,0.0,0.0,0.0,0.0,0.0,0.0,0.0,0.23292778,0.0,0.0,0.0,0.0,0.0,0.0,0.0,0.0,4.5559797,0.0,0.0,0.0,0.0,0.0,14.558516,2.489052
55,2,0,A,B,252,8.471506,0.0,2.5008516,55.623104,0.0,1.6753421,0.0,4.927568,0.0,0.0,0.0,0.0,0.0,8.968274,1.4845169,1.5319232,0.0,0.0,0.0,6.002469,0.0,0.0,3.6529453,0.0,0.0,0.0,0.0,0.0,0.0,0.0,0.0,0.0,0.0,0.586365,0.0,0.0,0.0,0.0,0.0,0.0,0.0,0.0,3.2374356,0.0,0.0,0.0,0.0,0.0,18.921743,3.2548711
56,0,1,A,A,311,7.772771,0.0,1.5327095,61.149834,0.0,1.4440405,0.0,6.284975,0.0,1.3744241,0.0,0.0,0.0,11.768047,0.06940991,1.5319232,0.0,0.0,0.0,6.0599823,0.0,0.0,6.2837214,0.0,0.0,0.0,0.0,0.0,0.0,0.0,0.0,0.0,0.0,0.058864452,0.0,0.0,0.0,0.0,0.0,0.0,0.0,0.0,6.7111726,0.0,0.0,0.0,0.0,0.0,20.36605,0.32102805
57,2,1,A,A,343,8.319004,0.0,2.1354623,39.734035,0.0,1.624729,0.0,3.570392,0.0,0.00022222854,0.0,0.0,0.0,6.68367,0.90605706,1.5319232,0.0,0.0,0.0,5.431698,0.0,0.0,4.599598,0.0,0.0,0.0,0.0,0.0,0.0,0.0,0.0,0.0,0.0,0.18054022,0.0,0.0,0.0,0.0,0.0,0.0,0.0,0.0,4.9110355,0.0,0.0,0.0,0.0,0.0,12.8401985,2.2443185
58,6,1,A,B,260,9.911469,0.0,3.9090395,118.47823,0.0,2.1412868,0.0,10.162607,0.0,0.0,0.0,0.0,0.0,18.021748,3.6238613,1.5475516,0.0,0.0,0.0,8.372146,0.0,0.0,0.25502646,0.0,0.0,0.0,0.0,0.0,0.0,0.0,0.0,0.0,0.0,2.3133273,0.0,0.0,0.0,0.0,0.0,0.0,0.0,0.0,0.0,0.0,0.0,0.0,0.0,0.0,42.272114,7.0401545
59,4,1,A,B,286,9.211288,0.0,3.293414,98.17961,0.0,1.9202087,0.0,7.8744173,0.0,0.0,0.0,0.0,0.0,14.612903,2.5818064,1.5319232,0.0,0.0,0.0,7.4228663,0.0,0.0,1.8674059,0.0,0.0,0.0,0.0,0.0,0.0,0.0,0.0,0.0,0.0,1.4887643,0.0,0.0,0.0,0.0,0.0,0.0,0.0,0.0,0.19823477,0.0,0.0,0.0,0.0,0.0,33.17697,5.380367
60,0,1,A,A,262,7.8013124,0.0,1.6112702,44.095196,0.0,1.4533737,0.0,5.0973005,0.0,1.0885546,0.0,0.0,0.0,8.982281,0.12731718,1.5319232,0.0,0.0,0.0,5.556351,0.0,0.0,6.0836964,0.0,0.0,0.0,0.0,0.0,0.0,0.0,0.0,0.0,0.0,0.060815033,0.0,0.0,0.0,0.0,0.0,0.0,0.0,0.0,6.47852,0.0,0.0,0.0,0.0,0.0,15.250347,0.6141552
61,2,1,A,B,281,8.369745,0.0,2.237594,43.98451,0.0,1.6415716,0.0,3.9496396,0.0,0.0,0.0,0.0,0.0,7.323473,1.0709192,1.5319232,0.0,0.0,0.0,5.587767,0.0,0.0,4.328709,0.0,0.0,0.0,0.0,0.0,0.0,0.0,0.0,0.0,0.0,0.2792188,0.0,0.0,0.0,0.0,0.0,0.0,0.0,0.0,4.408415,0.0,0.0,0.0,0.0,0.0,14.5371275,2.532477
62,1,2,A,A,331,7.912771,0.0,1.5636843,61.156803,0.0,1.4902877,0.0,6.0778313,0.0,1.2503364,0.0,0.0,0.0,11.547995,0.1134507,1.5319232,0.0,0.0,0.0,6.0431476,0.0,0.0,6.355305,0.0,0.0,0.0,0.0,0.0,0.0,0.0,0.0,0.0,0.0,0.06192461,0.0,0.0,0.0,0.0,0.0,0.0,0.0,0.0,6.89638,0.0,0.0,0.0,0.0,0.0,19.983362,0.34602547
63,2,1,B,A,304,6.921029,0.0,1.2319312,14.237502,0.0,1.6957012,0.0,1.8878653,0.0,0.00022311736,0.0,0.0,0.0,3.476445,0.24940342,0.9177532,0.0,0.0,0.0,4.6668973,0.0,0.0,4.3637066,0.0,0.0,0.0,0.0,0.0,0.0,0.0,0.0,0.0,0.0,1.7515252,0.0,0.0,0.0,0.0,0.0,0.0,0.0,0.0,0.461359,0.0,0.0,0.0,0.0,0.0,4.262234,1.1793337
64,0,1,A,A,309,7.7944613,0.0,1.5473257,58.178978,0.0,1.4512379,0.0,6.131794,0.0,1.316403,0.0,0.0,0.0,11.377102,0.09298589,1.5319232,0.0,0.0,0.0,5.987943,0.0,0.0,6.22793,0.0,0.0,0.0,0.0,0.0,0.0,0.0,0.0,0.0,0.0,0.06009349,0.0,0.0,0.0,0.0,0.0,0.0,0.0,0.0,6.6670537,0.0,0.0,0.0,0.0,0.0,19.65324,0.3846818
65,1,2,B,A,296,7.1341157,0.0,1.719968,45.187973,0.0,1.8351278,0.0,3.9788673,0.0,0.0,0.0,0.0,0.0,7.504422,1.0639056,0.8569423,0.0,0.0,0.0,5.740672,0.0,0.0,2.7644036,0.0,0.0,0.0,0.0,0.0,0.0,0.0,0.0,0.0,0.0,2.7553933,0.0,0.0,0.0,0.0,0.0,0.0,0.0,0.0,0.019169396,0.0,0.0,0.0,0.0,0.0,14.523855,2.8627746
66,1,2,B,A,332,6.8699474,0.0,1.5668533,39.041462,0.0,1.814775,0.0,3.6155152,0.0,0.0,0.0,0.0,0.0,6.773037,0.91060877,0.7888604,0.0,0.0,0.0,5.5027466,0.0,0.0,2.8538382,0.0,0.0,0.0,0.0,0.0,0.0,0.0,0.0,0.0,0.0,2.90267,0.0,0.0,0.0,0.0,0.0,0.0,0.0,0.0,0.018015973,0.0,0.0,0.0,0.0,0.0,12.677025,2.6224244
67,1,2,A,A,287,7.887194,0.0,1.5360465,55.543175,0.0,1.4817942,0.0,6.1093082,0.0,1.3620497,0.0,0.0,0.0,11.144988,0.06796528,1.5319232,0.0,0.0,0.0,5.9249973,0.0,0.0,6.422845,0.0,0.0,0.0,0.0,0.0,0.0,0.0,0.0,0.0,0.0,0.060194116,0.0,0.0,0.0,0.0,0.0,0.0,0.0,0.0,6.9114757,0.0,0.0,0.0,0.0,0.0,19.081038,0.2822753
68,4,1,B,B,321,7.7668657,0.0,1.4336554,63.474747,0.0,1.5511745,0.0,6.4716444,0.0,1.4461851,0.0,0.0,0.0,12.205928,0.03654765,1.3831314,0.0,0.0,0.0,6.1358933,0.0,0.0,6.9079156,0.0,0.0,0.0,0.0,0.0,0.0,0.0,0.0,0.0,0.0,0.08782421,0.0,0.0,0.0,0.0,0.0,0.0,0.0,0.0,7.3659205,0.0,0.0,0.0,0.0,0.0,20.891926,0.07424901
69,1,1,B,A,287,6.211779,0.0,0.95274454,12.276242,0.0,1.7094984,0.0,1.7557845,0.0,0.00030933833,0.0,0.0,0.0,3.195066,0.2090927,0.6852278,0.0,0.0,0.0,4.61445,0.0,0.0,3.8006725,0.0,0.0,0.0,0.0,0.0,0.0,0.0,0.0,0.0,0.0,2.7415366,0.0,0.0,0.0,0.0,0.0,0.0,0.0,0.0,0.023269048,0.0,0.0,0.0,0.0,0.0,3.5120795,1.18856
70,2,0,A,B,317,8.565107,0.0,2.6384048,64.70411,0.0,1.7062967,0.0,5.438649,0.0,0.0,0.0,0.0,0.0,10.071968,1.6557487,1.5319232,0.0,0.0,0.0,6.278575,0.0,0.0,3.3703308,0.0,0.0,0.0,0.0,0.0,0.0,0.0,0.0,0.0,0.0,0.72680223,0.0,0.0,0.0,0.0,0.0,0.0,0.0,0.0,2.6692672,0.0,0.0,0.0,0.0,0.0,21.662277,3.627392
71,0,1,B,A,292,5.702269,0.0,0.7806378,13.370824,0.0,1.7602897,0.0,1.936193,0.0,0.0,0.0,0.0,0.0,3.4769926,0.27239034,0.49337977,0.0,0.0,0.0,4.7133036,0.0,0.0,2.892893,0.0,0.0,0.0,0.0,0.0,0.0,0.0,0.0,0.0,0.0,3.8238735,0.0,0.0,0.0,0.0,0.0,0.0,0.0,0.0,0.0,0.0,0.0,0.0,0.0,0.0,4.1988287,1.5589825
72,6,1,A,B,316,10.009067,0.0,4.114434,146.99405,0.0,2.17341,0.0,10.924243,0.0,0.0,0.0,0.0,0.0,20.697111,3.734351,1.5475516,0.0,0.0,0.0,9.072162,0.0,0.0,0.08577945,0.0,0.0,0.0,0.0,0.0,0.0,0.0,0.0,0.0,0.0,2.4059484,0.0,0.0,0.0,0.0,0.0,0.0,0.0,0.0,0.0,0.0,0.0,0.0,0.0,0.0,48.405624,7.6220436
73,3,1,A,B,298,8.740724,0.0,2.71388,70.756226,0.0,1.7644053,0.0,5.7188597,0.0,0.0,0.0,0.0,0.0,10.762531,1.7382584,1.5319232,0.0,0.0,0.0,6.4499474,0.0,0.0,3.235206,0.0,0.0,0.0,0.0,0.0,0.0,0.0,0.0,0.0,0.0,0.7978707,0.0,0.0,0.0,0.0,0.0,0.0,0.0,0.0,2.3842788,0.0,0.0,0.0,0.0,0.0,23.246704,3.8393333
74,10,1,B,B,338,7.2580724,0.0,1.4919381,67.645935,0.0,1.2626976,0.0,6.650603,0.0,1.5545518,0.0,0.0,0.0,12.573761,0.0059873466,1.5475516,0.0,0.0,0.0,6.2621326,0.0,0.0,13.097906,0.0,0.0,0.0,0.0,0.0,0.0,0.0,0.0,0.0,0.0,0.018852724,0.0,0.0,0.0,0.0,0.0,0.0,0.0,0.0,13.7375145,0.0,0.0,0.0,0.0,0.0,22.130638,0.00456577
75,2,1,A,B,338,8.350489,0.0,2.1837943,43.072056,0.0,1.6351914,0.0,3.7505736,0.0,0.00020323826,0.0,0.0,0.0,7.056545,0.9835406,1.5319232,0.0,0.0,0.0,5.52257,0.0,0.0,4.4732165,0.0,0.0,0.0,0.0,0.0,0.0,0.0,0.0,0.0,0.0,0.23249614,0.0,0.0,0.0,0.0,0.0,0.0,0.0,0.0,4.6384034,0.0,0.0,0.0,0.0,0.0,13.775045,2.3921127
76,1,1,A,A,254,8.040903,0.0,1.8033043,37.224125,0.0,1.5327466,0.0,3.8187604,0.0,0.4152531,0.0,0.0,0.0,7.0289574,0.42497757,1.5319232,0.0,0.0,0.0,5.329065,0.0,0.0,5.415025,0.0,0.0,0.0,0.0,0.0,0.0,0.0,0.0,0.0,0.0,0.08249146,0.0,0.0,0.0,0.0,0.0,0.0,0.0,0.0,5.829365,0.0,0.0,0.0,0.0,0.0,12.155294,1.2860411
77,4,1,A,B,328,9.18039,0.0,3.2140343,99.26019,0.0,1.8990948,0.0,7.576151,0.0,0.0,0.0,0.0,0.0,14.343137,2.4677644,1.5475516,0.0,0.0,0.0,7.4306765,0.0,0.0,2.0487711,0.0,0.0,0.0,0.0,0.0,0.0,0.0,0.0,0.0,0.0,1.3639942,0.0,0.0,0.0,0.0,0.0,0.0,0.0,0.0,0.30844215,0.0,0.0,0.0,0.0,0.0,32.31723,5.2150807
78,1,2,B,A,287,6.9364758,0.0,1.6502736,42.71026,0.0,1.826905,0.0,3.8686945,0.0,0.0,0.0,0.0,0.0,7.2364726,1.019193,0.79256517,0.0,0.0,0.0,5.6223626,0.0,0.0,2.7179089,0.0,0.0,0.0,0.0,0.0,0.0,0.0,0.0,0.0,0.0,2.9419458,0.0,0.0,0.0,0.0,0.0,0.0,0.0,0.0,0.012653378,0.0,0.0,0.0,0.0,0.0,13.878675,2.8254724
79,1,1,B,A,288,6.292156,0.0,0.97743815,10.725852,0.0,1.7086984,0.0,1.7291548,0.0,0.0,0.0,0.0,0.0,3.0623734,0.20638897,0.70590127,0.0,0.0,0.0,4.5796328,0.0,0.0,3.8559341,0.0,0.0,0.0,0.0,0.0,0.0,0.0,0.0,0.0,0.0,2.6373355,0.0,0.0,0.0,0.0,0.0,0.0,0.0,0.0,0.02869034,0.0,0.0,0.0,0.0,0.0,3.2328684,1.1780021
80,10,1,A,B,296,11.484602,0.0,4.35084,155.26117,0.0,2.661825,0.0,11.803319,0.0,0.0,0.0,0.0,0.0,22.333286,4.0533557,1.5475516,0.0,0.0,0.0,9.416442,0.0,0.0,0.0,0.0,0.0,0.0,0.0,0.0,0.0,0.0,0.0,0.0,0.0,2.7045891,0.0,0.0,0.0,0.0,0.0,0.0,0.0,0.0,0.0,0.0,0.0,0.0,0.0,0.0,51.699135,8.275993
81,2,0,B,B,270,6.3500276,0.0,1.012878,8.398878,0.0,1.5886933,0.0,1.3610764,0.0,0.006614132,0.0,0.0,0.0,2.5341017,0.036974534,0.82799333,0.0,0.0,0.0,4.441613,0.0,0.0,5.399739,0.0,0.0,0.0,0.0,0.0,0.0,0.0,0.0,0.0,0.0,1.4701288,0.0,0.0,0.0,0.0,0.0,0.0,0.0,0.0,1.40193,0.0,0.0,0.0,0.0,0.0,1.9213533,0.3075653
82,4,1,B,B,278,7.8948083,0.0,1.4632218,55.528023,0.0,1.5625163,0.0,6.270613,0.0,1.4350585,0.0,0.0,0.0,11.348549,0.039147515,1.4242243,0.0,0.0,0.0,5.94731,0.0,0.0,6.8707685,0.0,0.0,0.0,0.0,0.0,0.0,0.0,0.0,0.0,0.0,0.07256445,0.0,0.0,0.0,0.0,0.0,0.0,0.0,0.0,7.3948226,0.0,0.0,0.0,0.0,0.0,19.220802,0.097467095
83,3,1,B,B,268,7.5559387,0.0,1.3919306,30.199034,0.0,1.6267655,0.0,3.860919,0.0,0.7115505,0.0,0.0,0.0,6.7015657,0.11409572,1.2182057,0.0,0.0,0.0,5.1473823,0.0,0.0,5.6302533,0.0,0.0,0.0,0.0,0.0,0.0,0.0,0.0,0.0,0.0,0.35781804,0.0,0.0,0.0,0.0,0.0,0.0,0.0,0.0,5.4261665,0.0,0.0,0.0,0.0,0.0,10.321083,0.6049176
84,2,0,A,B,275,8.568374,0.0,2.6280487,62.568287,0.0,1.7073543,0.0,5.400549,0.0,0.0,0.0,0.0,0.0,9.893215,1.6487782,1.5319232,0.0,0.0,0.0,6.231637,0.0,0.0,3.38825,0.0,0.0,0.0,0.0,0.0,0.0,0.0,0.0,0.0,0.0,0.72105616,0.0,0.0,0.0,0.0,0.0,0.0,0.0,0.0,2.71159,0.0,0.0,0.0,0.0,0.0,21.261896,3.5894697
85,10,1,A,B,332,11.515983,0.0,4.361478,160.11009,0.0,2.6721973,0.0,11.842656,0.0,0.0,0.0,0.0,0.0,22.62208,4.0546007,1.5475516,0.0,0.0,0.0,9.490795,0.0,0.0,0.0,0.0,0.0,0.0,0.0,0.0,0.0,0.0,0.0,0.0,0.0,2.7065878,0.0,0.0,0.0,0.0,0.0,0.0,0.0,0.0,0.0,0.0,0.0,0.0,0.0,0.0,52.29297,8.328674
86,4,1,A,B,338,9.226982,0.0,3.3314102,103.564255,0.0,1.9253933,0.0,8.015482,0.0,0.0,0.0,0.0,0.0,15.051295,2.6453516,1.5319232,0.0,0.0,0.0,7.53857,0.0,0.0,1.7695214,0.0,0.0,0.0,0.0,0.0,0.0,0.0,0.0,0.0,0.0,1.5400989,0.0,0.0,0.0,0.0,0.0,0.0,0.0,0.0,0.16049753,0.0,0.0,0.0,0.0,0.0,34.202602,5.5214562
87,2,0,A,B,300,8.51023,0.0,2.5726779,62.42934,0.0,1.6881104,0.0,5.194049,0.0,0.0,0.0,0.0,0.0,9.681628,1.5591584,1.5319232,0.0,0.0,0.0,6.180843,0.0,0.0,3.5288796,0.0,0.0,0.0,0.0,0.0,0.0,0.0,0.0,0.0,0.0,0.64753836,0.0,0.0,0.0,0.0,0.0,0.0,0.0,0.0,2.9879496,0.0,0.0,0.0,0.0,0.0,20.62765,3.4586382
88,1,1,B,A,316,6.248128,0.0,0.99823576,13.400147,0.0,1.7397391,0.0,1.9789673,0.0,0.0,0.0,0.0,0.0,3.5106506,0.30548877,0.66719645,0.0,0.0,0.0,4.698659,0.0,0.0,3.4568377,0.0,0.0,0.0,0.0,0.0,0.0,0.0,0.0,0.0,0.0,2.9692535,0.0,0.0,0.0,0.0,0.0,0.0,0.0,0.0,0.0150228795,0.0,0.0,0.0,0.0,0.0,4.359094,1.4488581
89,10,1,A,B,310,11.391801,0.0,4.3610263,158.74695,0.0,2.6310716,0.0,11.84104,0.0,0.0,0.0,0.0,0.0,22.54922,4.058252,1.5475516,0.0,0.0,0.0,9.478722,0.0,0.0,0.0,0.0,0.0,0.0,0.0,0.0,0.0,0.0,0.0,0.0,0.0,2.706158,0.0,0.0,0.0,0.0,0.0,0.0,0.0,0.0,0.0,0.0,0.0,0.0,0.0,0.0,52.233833,8.315465
90,3,1,B,B,252,7.6196856,0.0,1.500774,38.86128,0.0,1.6077429,0.0,4.537558,0.0,0.8487961,0.0,0.0,0.0,8.044511,0.15369366,1.2423373,0.0,0.0,0.0,5.4233065,0.0,0.0,5.742536,0.0,0.0,0.0,0.0,0.0,0.0,0.0,0.0,0.0,0.0,0.23218296,0.0,0.0,0.0,0.0,0.0,0.0,0.0,0.0,5.901986,0.0,0.0,0.0,0.0,0.0,13.277166,0.71616805
91,1,1,B,A,303,6.1975427,0.0,0.9863753,14.575519,0.0,1.7241509,0.0,1.9351708,0.0,0.0,0.0,0.0,0.0,3.5511878,0.2609812,0.66426104,0.0,0.0,0.0,4.7139645,0.0,0.0,3.611607,0.0,0.0,0.0,0.0,0.0,0.0,0.0,0.0,0.0,0.0,2.892434,0.0,0.0,0.0,0.0,0.0,0.0,0.0,0.0,0.011383039,0.0,0.0,0.0,0.0,0.0,4.4110246,1.3524218
92,6,1,B,B,276,7.8423824,0.0,1.4967296,57.802834,0.0,1.4576807,0.0,6.4275637,0.0,1.532329,0.0,0.0,0.0,11.664737,0.007738359,1.5459114,0.0,0.0,0.0,6.058153,0.0,0.0,9.002693,0.0,0.0,0.0,0.0,0.0,0.0,0.0,0.0,0.0,0.0,0.019592157,0.0,0.0,0.0,0.0,0.0,0.0,0.0,0.0,9.506122,0.0,0.0,0.0,0.0,0.0,19.970339,0.008344309
93,1,2,B,A,328,7.0609283,0.0,1.7368639,46.058125,0.0,1.8348521,0.0,4.064868,0.0,0.0,0.0,0.0,0.0,7.6368713,1.1009098,0.8226648,0.0,0.0,0.0,5.720312,0.0,0.0,2.6858137,0.0,0.0,0.0,0.0,0.0,0.0,0.0,0.0,0.0,0.0,2.8626914,0.0,0.0,0.0,0.0,0.0,0.0,0.0,0.0,0.02227476,0.0,0.0,0.0,0.0,0.0,14.893415,2.949492
94,2,1,A,A,257,8.365565,0.0,2.2037466,41.110146,0.0,1.6402786,0.0,3.8226855,0.0,0.0,0.0,0.0,0.0,6.997183,1.0315048,1.5319232,0.0,0.0,0.0,5.5057206,0.0,0.0,4.3912435,0.0,0.0,0.0,0.0,0.0,0.0,0.0,0.0,0.0,0.0,0.23712946,0.0,0.0,0.0,0.0,0.0,0.0,0.0,0.0,4.590725,0.0,0.0,0.0,0.0,0.0,13.742676,2.434742
95,1,1,B,A,328,6.4382014,0.0,1.1001575,15.284245,0.0,1.736362,0.0,2.1188607,0.0,0.0,0.0,0.0,0.0,3.772453,0.35592982,0.7263786,0.0,0.0,0.0,4.756249,0.0,0.0,3.5877554,0.0,0.0,0.0,0.0,0.0,0.0,0.0,0.0,0.0,0.0,2.7140546,0.0,0.0,0.0,0.0,0.0,0.0,0.0,0.0,0.028300678,0.0,0.0,0.0,0.0,0.0,5.0595155,1.4931512
96,2,1,A,B,341,8.390351,0.0,2.2409744,46.406548,0.0,1.6483876,0.0,3.9611924,0.0,0.0,0.0,0.0,0.0,7.493573,1.057751,1.5319232,0.0,0.0,0.0,5.632283,0.0,0.0,4.3456135,0.0,0.0,0.0,0.0,0.0,0.0,0.0,0.0,0.0,0.0,0.26328716,0.0,0.0,0.0,0.0,0.0,0.0,0.0,0.0,4.4605513,0.0,0.0,0.0,0.0,0.0,14.871141,2.5500104
97,6,1,B,B,281,7.8413887,0.0,1.494186,59.4024,0.0,1.4588389,0.0,6.497097,0.0,1.5385829,0.0,0.0,0.0,11.892428,0.008065685,1.5430886,0.0,0.0,0.0,6.1040783,0.0,0.0,9.071479,0.0,0.0,0.0,0.0,0.0,0.0,0.0,0.0,0.0,0.0,0.01925263,0.0,0.0,0.0,0.0,0.0,0.0,0.0,0.0,9.585954,0.0,0.0,0.0,0.0,0.0,20.405773,0.0077615855
98,0,1,B,A,298,5.633524,0.0,0.7393373,13.482766,0.0,1.7492409,0.0,1.8313409,0.0,0.0,0.0,0.0,0.0,3.394002,0.21030486,0.48650345,0.0,0.0,0.0,4.695313,0.0,0.0,2.994397,0.0,0.0,0.0,0.0,0.0,0.0,0.0,0.0,0.0,0.0,3.804304,0.0,0.0,0.0,0.0,0.0,0.0,0.0,0.0,0.0,0.0,0.0,0.0,0.0,0.0,3.913959,1.4568253
99,6,1,B,B,278,7.789544,0.0,1.4956527,58.56158,0.0,1.451054,0.0,6.4681354,0.0,1.521733,0.0,0.0,0.0,11.777736,0.014334993,1.5296919,0.0,0.0,0.0,6.0194445,0.0,0.0,9.06312,0.0,0.0,0.0,0.0,0.0,0.0,0.0,0.0,0.0,0.0,0.054929048,0.0,0.0,0.0,0.0,0.0,0.0,0.0,0.0,9.571995,0.0,0.0,0.0,0.0,0.0,20.201696,0.01685813
100,1,1,A,A,338,8.057433,0.0,1.7912384,33.696938,0.0,1.5381713,0.0,3.5570655,0.0,0.36335313,0.0,0.0,0.0,6.481012,0.420728,1.5319232,0.0,0.0,0.0,5.218959,0.0,0.0,5.3926516,0.0,0.0,0.0,0.0,0.0,0.0,0.0,0.0,0.0,0.0,0.082090355,0.0,0.0,0.0,0.0,0.0,0.0,0.0,0.0,5.8685308,0.0,0.0,0.0,0.0,0.0,11.015024,1.2660565
101,1,2,B,A,347,6.8838415,0.0,1.6797029,44.992653,0.0,1.844155,0.0,4.097956,0.0,0.0,0.0,0.0,0.0,7.5914245,1.1205838,0.7568833,0.0,0.0,0.0,5.716828,0.0,0.0,2.4523826,0.0,0.0,0.0,0.0,0.0,0.0,0.0,0.0,0.0,0.0,3.1720393,0.0,0.0,0.0,0.0,0.0,0.0,0.0,0.0,0.0005406694,0.0,0.0,0.0,0.0,0.0,14.8278675,3.0059426
102,1,1,B,A,343,6.180332,0.0,0.9404512,9.383614,0.0,1.7094649,0.0,1.7105713,0.0,0.00010794485,0.0,0.0,0.0,3.0033536,0.18672833,0.6658887,0.0,0.0,0.0,4.571252,0.0,0.0,3.79741,0.0,0.0,0.0,0.0,0.0,0.0,0.0,0.0,0.0,0.0,2.7754853,0.0,0.0,0.0,0.0,0.0,0.0,0.0,0.0,0.029063206,0.0,0.0,0.0,0.0,0.0,3.0940156,1.1671599
103,2,0,B,B,329,6.393573,0.0,0.99540657,3.9043827,0.0,1.603448,0.0,1.3378656,0.0,0.012319619,0.0,0.0,0.0,2.2391806,0.046450377,0.838353,0.0,0.0,0.0,4.3636827,0.0,0.0,5.2650456,0.0,0.0,0.0,0.0,0.0,0.0,0.0,0.0,0.0,0.0,1.5369067,0.0,0.0,0.0,0.0,0.0,0.0,0.0,0.0,0.91698074,0.0,0.0,0.0,0.0,0.0,1.3005223,0.2819623
104,2,0,B,B,341,6.3136406,0.0,0.96818626,2.7568107,0.0,1.5953507,0.0,1.2597685,0.0,0.004873422,0.0,0.0,0.0,2.0782309,0.031524535,0.8159036,0.0,0.0,0.0,4.329298,0.0,0.0,5.3178325,0.0,0.0,0.0,0.0,0.0,0.0,0.0,0.0,0.0,0.0,1.562107,0.0,0.0,0.0,0.0,0.0,0.0,0.0,0.0,0.9680694,0.0,0.0,0.0,0.0,0.0,0.944479,0.22775023
105,0,1,A,A,321,7.7901654,0.0,1.5482243,61.432053,0.0,1.4498531,0.0,6.2050653,0.0,1.3154584,0.0,0.0,0.0,11.679318,0.10089364,1.5319232,0.0,0.0,0.0,6.05338,0.0,0.0,6.1545453,0.0,0.0,0.0,0.0,0.0,0.0,0.0,0.0,0.0,0.0,0.05907093,0.0,0.0,0.0,0.0,0.0,0.0,0.0,0.0,6.595022,0.0,0.0,0.0,0.0,0.0,20.252987,0.4159941
106,4,1,B,B,261,7.797713,0.0,1.465461,49.91104,0.0,1.556402,0.0,5.798852,0.0,1.360847,0.0,0.0,0.0,10.295145,0.03545063,1.3913127,0.0,0.0,0.0,5.7583776,0.0,0.0,6.7652364,0.0,0.0,0.0,0.0,0.0,0.0,0.0,0.0,0.0,0.0,0.07387294,0.0,0.0,0.0,0.0,0.0,0.0,0.0,0.0,7.1713524,0.0,0.0,0.0,0.0,0.0,17.272963,0.1423888
107,10,1,B,B,285,7.1709766,0.0,1.4936279,62.525814,0.0,1.2337906,0.0,6.5581317,0.0,1.5486245,0.0,0.0,0.0,12.10421,0.0059873466,1.5475516,0.0,0.0,0.0,6.159715,0.0,0.0,13.405018,0.0,0.0,0.0,0.0,0.0,0.0,0.0,0.0,0.0,0.0,0.018852724,0.0,0.0,0.0,0.0,0.0,0.0,0.0,0.0,14.054807,0.0,0.0,0.0,0.0,0.0,21.277891,0.00456577
108,6,1,A,B,317,9.954323,0.0,4.065151,145.17702,0.0,2.1552258,0.0,10.740854,0.0,0.0,0.0,0.0,0.0,20.443182,3.627524,1.5475516,0.0,0.0,0.0,9.005956,0.0,0.0,0.24218786,0.0,0.0,0.0,0.0,0.0,0.0,0.0,0.0,0.0,0.0,2.318127,0.0,0.0,0.0,0.0,0.0,0.0,0.0,0.0,0.006013604,0.0,0.0,0.0,0.0,0.0,47.715416,7.468754
109,2,0,A,B,330,8.555774,0.0,2.6125684,64.413025,0.0,1.7031785,0.0,5.3425746,0.0,0.0,0.0,0.0,0.0,9.940597,1.6136589,1.5319232,0.0,0.0,0.0,6.2438536,0.0,0.0,3.4418583,0.0,0.0,0.0,0.0,0.0,0.0,0.0,0.0,0.0,0.0,0.69248873,0.0,0.0,0.0,0.0,0.0,0.0,0.0,0.0,2.8093379,0.0,0.0,0.0,0.0,0.0,21.29056,3.5617325
110,1,1,A,A,285,8.051486,0.0,1.801297,34.27271,0.0,1.5362506,0.0,3.6528177,0.0,0.3500214,0.0,0.0,0.0,6.6618147,0.46438903,1.5319232,0.0,0.0,0.0,5.255831,0.0,0.0,5.337062,0.0,0.0,0.0,0.0,0.0,0.0,0.0,0.0,0.0,0.0,0.09061432,0.0,0.0,0.0,0.0,0.0,0.0,0.0,0.0,5.795635,0.0,0.0,0.0,0.0,0.0,11.420592,1.3082668
111,6,1,A,B,342,10.000989,0.0,4.0638003,146.01328,0.0,2.1707003,0.0,10.735826,0.0,0.0,0.0,0.0,0.0,20.452076,3.64223,1.5475516,0.0,0.0,0.0,9.006405,0.0,0.0,0.1975199,0.0,0.0,0.0,0.0,0.0,0.0,0.0,0.0,0.0,0.0,2.3309622,0.0,0.0,0.0,0.0,0.0,0.0,0.0,0.0,0.0021168238,0.0,0.0,0.0,0.0,0.0,47.694286,7.486701
112,4,1,B,B,326,7.832337,0.0,1.4449658,63.37688,0.0,1.554337,0.0,6.474163,0.0,1.4418231,0.0,0.0,0.0,12.19265,0.044948168,1.4145513,0.0,0.0,0.0,6.1293526,0.0,0.0,6.9129243,0.0,0.0,0.0,0.0,0.0,0.0,0.0,0.0,0.0,0.0,0.07723719,0.0,0.0,0.0,0.0,0.0,0.0,0.0,0.0,7.4078326,0.0,0.0,0.0,0.0,0.0,20.875221,0.088257656
113,2,1,A,B,298,8.438774,0.0,2.2906773,46.226086,0.0,1.6644348,0.0,4.1459613,0.0,0.0,0.0,0.0,0.0,7.641351,1.1594281,1.5319232,0.0,0.0,0.0,5.666067,0.0,0.0,4.181013,0.0,0.0,0.0,0.0,0.0,0.0,0.0,0.0,0.0,0.0,0.32804486,0.0,0.0,0.0,0.0,0.0,0.0,0.0,0.0,4.2139955,0.0,0.0,0.0,0.0,0.0,15.360862,2.6844926
114,0,1,A,A,292,7.8160777,0.0,1.5643535,55.47061,0.0,1.4583719,0.0,5.927298,0.0,1.2498399,0.0,0.0,0.0,10.9178295,0.11351615,1.5319232,0.0,0.0,0.0,5.9077883,0.0,0.0,6.0610237,0.0,0.0,0.0,0.0,0.0,0.0,0.0,0.0,0.0,0.0,0.06016205,0.0,0.0,0.0,0.0,0.0,0.0,0.0,0.0,6.4857574,0.0,0.0,0.0,0.0,0.0,18.817234,0.5103114
115,2,1,A,A,325,8.355801,0.0,2.1877422,41.351505,0.0,1.6369705,0.0,3.7630281,0.0,0.0,0.0,0.0,0.0,6.958804,0.9963643,1.5319232,0.0,0.0,0.0,5.496294,0.0,0.0,4.4429445,0.0,0.0,0.0,0.0,0.0,0.0,0.0,0.0,0.0,0.0,0.22405487,0.0,0.0,0.0,0.0,0.0,0.0,0.0,0.0,4.614765,0.0,0.0,0.0,0.0,0.0,13.598749,2.390627
116,2,1,A,B,264,8.411131,0.0,2.2277498,41.314682,0.0,1.6552958,0.0,3.9128103,0.0,0.0,0.0,0.0,0.0,7.0894933,1.0717933,1.5319232,0.0,0.0,0.0,5.5244756,0.0,0.0,4.3265343,0.0,0.0,0.0,0.0,0.0,0.0,0.0,0.0,0.0,0.0,0.28749985,0.0,0.0,0.0,0.0,0.0,0.0,0.0,0.0,4.428141,0.0,0.0,0.0,0.0,0.0,14.004636,2.492795
117,3,1,B,B,283,7.5205255,0.0,1.3580507,48.111404,0.0,1.5908668,0.0,5.729278,0.0,1.2538885,0.0,0.0,0.0,10.173217,0.05416803,1.2343364,0.0,0.0,0.0,5.7457323,0.0,0.0,6.080867,0.0,0.0,0.0,0.0,0.0,0.0,0.0,0.0,0.0,0.0,0.18806268,0.0,0.0,0.0,0.0,0.0,0.0,0.0,0.0,6.277848,0.0,0.0,0.0,0.0,0.0,16.912016,0.24072121
118,1,2,A,A,337,7.86109,0.0,1.5303072,62.251904,0.0,1.4732263,0.0,6.3163714,0.0,1.3849422,0.0,0.0,0.0,11.8835745,0.06720692,1.5319232,0.0,0.0,0.0,6.078659,0.0,0.0,6.540963,0.0,0.0,0.0,0.0,0.0,0.0,0.0,0.0,0.0,0.0,0.058363426,0.0,0.0,0.0,0.0,0.0,0.0,0.0,0.0,7.020815,0.0,0.0,0.0,0.0,0.0,20.52073,0.22454488
119,6,1,B,B,328,7.819112,0.0,1.492937,66.13702,0.0,1.4486309,0.0,6.6413603,0.0,1.5506799,0.0,0.0,0.0,12.546021,0.00727996,1.5469527,0.0,0.0,0.0,6.2465253,0.0,0.0,9.05228,0.0,0.0,0.0,0.0,0.0,0.0,0.0,0.0,0.0,0.0,0.018852724,0.0,0.0,0.0,0.0,0.0,0.0,0.0,0.0,9.552522,0.0,0.0,0.0,0.0,0.0,21.693323,0.008380158
120,0,1,A,A,336,7.7510056,0.0,1.5270565,62.855743,0.0,1.4368536,0.0,6.36582,0.0,1.3986177,0.0,0.0,0.0,11.984288,0.06112223,1.5319232,0.0,0.0,0.0,6.099855,0.0,0.0,6.3027935,0.0,0.0,0.0,0.0,0.0,0.0,0.0,0.0,0.0,0.0,0.057657022,0.0,0.0,0.0,0.0,0.0,0.0,0.0,0.0,6.733182,0.0,0.0,0.0,0.0,0.0,20.778599,0.2939936
122,3,1,A,B,337,8.743952,0.0,2.7415137,72.01007,0.0,1.7654728,0.0,5.8218493,0.0,0.0,0.0,0.0,0.0,10.891031,1.8105588,1.5319232,0.0,0.0,0.0,6.480759,0.0,0.0,3.1166446,0.0,0.0,0.0,0.0,0.0,0.0,0.0,0.0,0.0,0.0,0.8560962,0.0,0.0,0.0,0.0,0.0,0.0,0.0,0.0,2.1910622,0.0,0.0,0.0,0.0,0.0,23.625664,3.934781
123,2,0,A,B,291,8.526789,0.0,2.6154299,63.645096,0.0,1.6935644,0.0,5.3530955,0.0,0.0,0.0,0.0,0.0,9.935676,1.600312,1.5319232,0.0,0.0,0.0,6.2448993,0.0,0.0,3.4635203,0.0,0.0,0.0,0.0,0.0,0.0,0.0,0.0,0.0,0.0,0.6810994,0.0,0.0,0.0,0.0,0.0,0.0,0.0,0.0,2.8304386,0.0,0.0,0.0,0.0,0.0,21.314146,3.5463257
124,1,2,B,A,278,7.085569,0.0,1.8231603,49.867783,0.0,1.8581874,0.0,4.446517,0.0,0.0,0.0,0.0,0.0,8.269829,1.2371316,0.8103528,0.0,0.0,0.0,5.880831,0.0,0.0,2.412318,0.0,0.0,0.0,0.0,0.0,0.0,0.0,0.0,0.0,0.0,3.04377,0.0,0.0,0.0,0.0,0.0,0.0,0.0,0.0,0.0032186613,0.0,0.0,0.0,0.0,0.0,16.566578,3.2375786
125,3,1,A,B,321,8.842003,0.0,2.803528,75.35121,0.0,1.7979257,0.0,6.0523925,0.0,0.0,0.0,0.0,0.0,11.369469,1.878,1.5319232,0.0,0.0,0.0,6.600658,0.0,0.0,3.0079749,0.0,0.0,0.0,0.0,0.0,0.0,0.0,0.0,0.0,0.0,0.91305536,0.0,0.0,0.0,0.0,0.0,0.0,0.0,0.0,1.9470124,0.0,0.0,0.0,0.0,0.0,24.785564,4.091183
126,0,1,A,A,303,7.82036,0.0,1.5885578,55.869804,0.0,1.4598053,0.0,5.750966,0.0,1.1514902,0.0,0.0,0.0,10.7511215,0.14908151,1.5319232,0.0,0.0,0.0,5.9025273,0.0,0.0,6.006323,0.0,0.0,0.0,0.0,0.0,0.0,0.0,0.0,0.0,0.0,0.06313736,0.0,0.0,0.0,0.0,0.0,0.0,0.0,0.0,6.438084,0.0,0.0,0.0,0.0,0.0,18.60096,0.5725338
127,2,1,A,B,260,8.346807,0.0,2.2893164,46.412968,0.0,1.6495329,0.0,4.147249,0.0,0.0,0.0,0.0,0.0,7.6669035,1.1453118,1.5162948,0.0,0.0,0.0,5.620337,0.0,0.0,4.1986494,0.0,0.0,0.0,0.0,0.0,0.0,0.0,0.0,0.0,0.0,0.36794278,0.0,0.0,0.0,0.0,0.0,0.0,0.0,0.0,4.1815104,0.0,0.0,0.0,0.0,0.0,15.443836,2.6769202
128,2,0,B,B,318,6.407552,0.0,1.0101752,3.8942611,0.0,1.5929649,0.0,1.3447,0.0,0.016194196,0.0,0.0,0.0,2.2339282,0.04928488,0.85364485,0.0,0.0,0.0,4.3606977,0.0,0.0,5.41139,0.0,0.0,0.0,0.0,0.0,0.0,0.0,0.0,0.0,0.0,1.4227893,0.0,0.0,0.0,0.0,0.0,0.0,0.0,0.0,1.3186455,0.0,0.0,0.0,0.0,0.0,1.3104826,0.23289096
129,4,1,B,B,295,7.9699397,0.0,1.4652246,58.424454,0.0,1.5701644,0.0,6.328761,0.0,1.4393706,0.0,0.0,0.0,11.6828165,0.038530145,1.4524102,0.0,0.0,0.0,6.082644,0.0,0.0,6.863643,0.0,0.0,0.0,0.0,0.0,0.0,0.0,0.0,0.0,0.0,0.03501668,0.0,0.0,0.0,0.0,0.0,0.0,0.0,0.0,7.3894234,0.0,0.0,0.0,0.0,0.0,19.86265,0.09117281
130,10,1,A,B,321,11.504826,0.0,4.3608346,159.5991,0.0,2.6684883,0.0,11.840281,0.0,0.0,0.0,0.0,0.0,22.597618,4.0548573,1.5475516,0.0,0.0,0.0,9.485544,0.0,0.0,0.0,0.0,0.0,0.0,0.0,0.0,0.0,0.0,0.0,0.0,0.0,2.7064834,0.0,0.0,0.0,0.0,0.0,0.0,0.0,0.0,0.0,0.0,0.0,0.0,0.0,0.0,52.24979,8.32429
131,6,1,B,B,259,7.8524566,0.0,1.5196773,52.072945,0.0,1.4600776,0.0,5.9890766,0.0,1.4694088,0.0,0.0,0.0,10.6299715,0.0059873466,1.5465633,0.0,0.0,0.0,5.8674383,0.0,0.0,8.953897,0.0,0.0,0.0,0.0,0.0,0.0,0.0,0.0,0.0,0.0,0.018852724,0.0,0.0,0.0,0.0,0.0,0.0,0.0,0.0,9.406895,0.0,0.0,0.0,0.0,0.0,18.037502,0.014656786
132,2,0,B,A,275,6.3205547,0.0,0.9937803,7.467368,0.0,1.582496,0.0,1.3502135,0.0,0.014747655,0.0,0.0,0.0,2.4510145,0.033786807,0.8331591,0.0,0.0,0.0,4.417201,0.0,0.0,5.48577,0.0,0.0,0.0,0.0,0.0,0.0,0.0,0.0,0.0,0.0,1.4353555,0.0,0.0,0.0,0.0,0.0,0.0,0.0,0.0,1.5055791,0.0,0.0,0.0,0.0,0.0,1.7363244,0.22239646
133,2,1,A,A,315,8.394094,0.0,2.2371438,43.904087,0.0,1.649632,0.0,3.9471374,0.0,0.0,0.0,0.0,0.0,7.299863,1.0726658,1.5319232,0.0,0.0,0.0,5.5813074,0.0,0.0,4.3220634,0.0,0.0,0.0,0.0,0.0,0.0,0.0,0.0,0.0,0.0,0.27770367,0.0,0.0,0.0,0.0,0.0,0.0,0.0,0.0,4.4331803,0.0,0.0,0.0,0.0,0.0,14.471863,2.5317845
134,3,1,B,B,338,7.337162,0.0,1.3188766,37.415108,0.0,1.6085227,0.0,3.9742773,0.0,0.6589778,0.0,0.0,0.0,7.568226,0.10043426,1.1601267,0.0,0.0,0.0,5.300731,0.0,0.0,5.6562285,0.0,0.0,0.0,0.0,0.0,0.0,0.0,0.0,0.0,0.0,0.49143657,0.0,0.0,0.0,0.0,0.0,0.0,0.0,0.0,5.222917,0.0,0.0,0.0,0.0,0.0,11.88451,0.42883596
135,1,1,A,A,256,8.045732,0.0,1.8262154,34.05016,0.0,1.5342864,0.0,3.6997159,0.0,0.4053574,0.0,0.0,0.0,6.608665,0.43689853,1.5319232,0.0,0.0,0.0,5.245935,0.0,0.0,5.3732133,0.0,0.0,0.0,0.0,0.0,0.0,0.0,0.0,0.0,0.0,0.0811563,0.0,0.0,0.0,0.0,0.0,0.0,0.0,0.0,5.7971883,0.0,0.0,0.0,0.0,0.0,11.435097,1.3589189
136,3,1,A,B,262,8.782703,0.0,2.7539845,66.79407,0.0,1.7783622,0.0,5.8692794,0.0,0.0,0.0,0.0,0.0,10.604526,1.859313,1.5319232,0.0,0.0,0.0,6.4048533,0.0,0.0,3.0439675,0.0,0.0,0.0,0.0,0.0,0.0,0.0,0.0,0.0,0.0,0.8964157,0.0,0.0,0.0,0.0,0.0,0.0,0.0,0.0,2.0640438,0.0,0.0,0.0,0.0,0.0,23.097221,3.9350116
137,4,1,B,B,263,7.8325944,0.0,1.4697379,49.068817,0.0,1.5583513,0.0,5.734113,0.0,1.3470223,0.0,0.0,0.0,10.153644,0.036584936,1.4102488,0.0,0.0,0.0,5.728779,0.0,0.0,6.8545475,0.0,0.0,0.0,0.0,0.0,0.0,0.0,0.0,0.0,0.0,0.074451715,0.0,0.0,0.0,0.0,0.0,0.0,0.0,0.0,7.2116656,0.0,0.0,0.0,0.0,0.0,16.994518,0.1507182
138,1,2,B,A,312,6.839529,0.0,1.7415559,53.04571,0.0,1.8688099,0.0,4.485831,0.0,0.0,0.0,0.0,0.0,8.520427,1.231527,0.72293556,0.0,0.0,0.0,5.9582796,0.0,0.0,2.1321607,0.0,0.0,0.0,0.0,0.0,0.0,0.0,0.0,0.0,0.0,3.4388006,0.0,0.0,0.0,0.0,0.0,0.0,0.0,0.0,0.0034112213,0.0,0.0,0.0,0.0,0.0,17.084824,3.3261862
139,0,1,B,A,291,5.7498407,0.0,0.80293924,14.658439,0.0,1.7591859,0.0,1.9589463,0.0,0.0,0.0,0.0,0.0,3.5668015,0.29035234,0.5100542,0.0,0.0,0.0,4.7298427,0.0,0.0,2.9266737,0.0,0.0,0.0,0.0,0.0,0.0,0.0,0.0,0.0,0.0,3.7564206,0.0,0.0,0.0,0.0,0.0,0.0,0.0,0.0,0.0,0.0,0.0,0.0,0.0,0.0,4.4057894,1.5728122
140,3,1,A,B,263,8.761166,0.0,2.669731,61.59789,0.0,1.7713274,0.0,5.5561504,0.0,0.0,0.0,0.0,0.0,9.963135,1.7460179,1.5319232,0.0,0.0,0.0,6.2405267,0.0,0.0,3.214882,0.0,0.0,0.0,0.0,0.0,0.0,0.0,0.0,0.0,0.0,0.8047723,0.0,0.0,0.0,0.0,0.0,0.0,0.0,0.0,2.4208825,0.0,0.0,0.0,0.0,0.0,21.461489,3.7060199
141,1,1,A,A,297,8.074871,0.0,1.8069419,43.34108,0.0,1.544028,0.0,4.418704,0.0,0.47127038,0.0,0.0,0.0,8.286448,0.51743394,1.5319232,0.0,0.0,0.0,5.5662,0.0,0.0,5.269954,0.0,0.0,0.0,0.0,0.0,0.0,0.0,0.0,0.0,0.0,0.13262454,0.0,0.0,0.0,0.0,0.0,0.0,0.0,0.0,5.7040806,0.0,0.0,0.0,0.0,0.0,14.6169815,1.2985549
142,4,1,B,B,295,7.7594314,0.0,1.4331405,60.933624,0.0,1.5416324,0.0,6.475802,0.0,1.4681963,0.0,0.0,0.0,12.04125,0.032613017,1.3973975,0.0,0.0,0.0,6.0916533,0.0,0.0,7.0616093,0.0,0.0,0.0,0.0,0.0,0.0,0.0,0.0,0.0,0.0,0.07327754,0.0,0.0,0.0,0.0,0.0,0.0,0.0,0.0,7.555063,0.0,0.0,0.0,0.0,0.0,20.57958,0.06402395
143,2,0,B,B,261,6.4171324,0.0,1.076756,11.723761,0.0,1.5800442,0.0,1.4816136,0.0,0.01069237,0.0,0.0,0.0,2.9022708,0.034365945,0.848209,0.0,0.0,0.0,4.531998,0.0,0.0,5.508703,0.0,0.0,0.0,0.0,0.0,0.0,0.0,0.0,0.0,0.0,1.3267632,0.0,0.0,0.0,0.0,0.0,0.0,0.0,0.0,1.9816133,0.0,0.0,0.0,0.0,0.0,2.7869663,0.37960914
144,3,1,A,B,343,8.78036,0.0,2.7943275,76.054344,0.0,1.7774603,0.0,6.0175276,0.0,0.0,0.0,0.0,0.0,11.394588,1.831175,1.5319232,0.0,0.0,0.0,6.611372,0.0,0.0,3.086706,0.0,0.0,0.0,0.0,0.0,0.0,0.0,0.0,0.0,0.0,0.87364495,0.0,0.0,0.0,0.0,0.0,0.0,0.0,0.0,2.0399778,0.0,0.0,0.0,0.0,0.0,24.833534,4.0457954
145,10,1,A,B,294,11.474255,0.0,4.348528,154.52364,0.0,2.6583884,0.0,11.7947645,0.0,0.0,0.0,0.0,0.0,22.282042,4.0531535,1.5475516,0.0,0.0,0.0,9.402744,0.0,0.0,0.0,0.0,0.0,0.0,0.0,0.0,0.0,0.0,0.0,0.0,0.0,2.7041168,0.0,0.0,0.0,0.0,0.0,0.0,0.0,0.0,0.0,0.0,0.0,0.0,0.0,0.0,51.59513,8.266508
146,0,1,A,A,289,7.813956,0.0,1.5477475,56.137726,0.0,1.4576354,0.0,6.0585394,0.0,1.316094,0.0,0.0,0.0,11.126953,0.0875833,1.5319232,0.0,0.0,0.0,5.9343915,0.0,0.0,6.167298,0.0,0.0,0.0,0.0,0.0,0.0,0.0,0.0,0.0,0.0,0.059696227,0.0,0.0,0.0,0.0,0.0,0.0,0.0,0.0,6.5907707,0.0,0.0,0.0,0.0,0.0,19.151125,0.42120993
147,1,1,B,B,326,6.185479,0.0,0.91899484,9.132296,0.0,1.7001071,0.0,1.6469836,0.0,0.0,0.0,0.0,0.0,2.9034839,0.17501748,0.69159967,0.0,0.0,0.0,4.5427785,0.0,0.0,3.9144273,0.0,0.0,0.0,0.0,0.0,0.0,0.0,0.0,0.0,0.0,2.6825528,0.0,0.0,0.0,0.0,0.0,0.0,0.0,0.0,0.03254518,0.0,0.0,0.0,0.0,0.0,2.825024,1.0425609
148,3,1,A,B,302,8.787068,0.0,2.7991667,73.028206,0.0,1.7797164,0.0,6.036451,0.0,0.0,0.0,0.0,0.0,11.196062,1.8798513,1.5319232,0.0,0.0,0.0,6.5575104,0.0,0.0,3.018447,0.0,0.0,0.0,0.0,0.0,0.0,0.0,0.0,0.0,0.0,0.9126726,0.0,0.0,0.0,0.0,0.0,0.0,0.0,0.0,1.9244388,0.0,0.0,0.0,0.0,0.0,24.463598,4.060307
149,4,1,B,B,305,7.9080663,0.0,1.4702841,62.395924,0.0,1.5569873,0.0,6.3825374,0.0,1.4059149,0.0,0.0,0.0,12.0631485,0.051976956,1.44386,0.0,0.0,0.0,6.1106596,0.0,0.0,6.9671187,0.0,0.0,0.0,0.0,0.0,0.0,0.0,0.0,0.0,0.0,0.07653219,0.0,0.0,0.0,0.0,0.0,0.0,0.0,0.0,7.4674306,0.0,0.0,0.0,0.0,0.0,20.65665,0.11378588
150,6,1,B,B,338,7.888403,0.0,1.4932809,66.15237,0.0,1.4741616,0.0,6.6329455,0.0,1.5451938,0.0,0.0,0.0,12.539905,0.009300026,1.5421826,0.0,0.0,0.0,6.245194,0.0,0.0,8.800126,0.0,0.0,0.0,0.0,0.0,0.0,0.0,0.0,0.0,0.0,0.019483026,0.0,0.0,0.0,0.0,0.0,0.0,0.0,0.0,9.356812,0.0,0.0,0.0,0.0,0.0,21.634434,0.011233364
151,1,2,A,A,257,7.924748,0.0,1.5827402,47.892155,0.0,1.4941603,0.0,5.4640203,0.0,1.2170236,0.0,0.0,0.0,9.71926,0.086541064,1.5319232,0.0,0.0,0.0,5.6783366,0.0,0.0,6.218484,0.0,0.0,0.0,0.0,0.0,0.0,0.0,0.0,0.0,0.0,0.061343573,0.0,0.0,0.0,0.0,0.0,0.0,0.0,0.0,6.6808834,0.0,0.0,0.0,0.0,0.0,16.476011,0.50067097
152,10,1,B,B,344,7.230432,0.0,1.4919348,67.7766,0.0,1.253523,0.0,6.6509986,0.0,1.5545676,0.0,0.0,0.0,12.577237,0.0059873466,1.5475516,0.0,0.0,0.0,6.26372,0.0,0.0,13.24131,0.0,0.0,0.0,0.0,0.0,0.0,0.0,0.0,0.0,0.0,0.018852724,0.0,0.0,0.0,0.0,0.0,0.0,0.0,0.0,13.889483,0.0,0.0,0.0,0.0,0.0,22.15655,0.00456577
153,4,1,B,B,284,7.7601275,0.0,1.4422606,57.749893,0.0,1.5504584,0.0,6.2899384,0.0,1.4032683,0.0,0.0,0.0,11.567815,0.054964814,1.3872461,0.0,0.0,0.0,6.005762,0.0,0.0,6.8840423,0.0,0.0,0.0,0.0,0.0,0.0,0.0,0.0,0.0,0.0,0.08739904,0.0,0.0,0.0,0.0,0.0,0.0,0.0,0.0,7.3718495,0.0,0.0,0.0,0.0,0.0,19.697697,0.11929451
154,10,1,A,B,307,11.467493,0.0,4.358647,158.08896,0.0,2.6561527,0.0,11.832217,0.0,0.0,0.0,0.0,0.0,22.513823,4.0555315,1.5475516,0.0,0.0,0.0,9.4653635,0.0,0.0,0.0,0.0,0.0,0.0,0.0,0.0,0.0,0.0,0.0,0.0,0.0,2.705983,0.0,0.0,0.0,0.0,0.0,0.0,0.0,0.0,0.0,0.0,0.0,0.0,0.0,0.0,52.101112,8.3090925
155,10,1,A,B,283,11.443552,0.0,4.326478,148.99246,0.0,2.6482446,0.0,11.713103,0.0,0.0,0.0,0.0,0.0,21.851961,4.047861,1.5475516,0.0,0.0,0.0,9.291618,0.0,0.0,0.0,0.0,0.0,0.0,0.0,0.0,0.0,0.0,0.0,0.0,0.0,2.6987383,0.0,0.0,0.0,0.0,0.0,0.0,0.0,0.0,0.0,0.0,0.0,0.0,0.0,0.0,50.67073,8.185158
156,0,1,B,A,263,5.890263,0.0,1.0138623,25.801252,0.0,1.7743496,0.0,2.5376813,0.0,0.0,0.0,0.0,0.0,4.91223,0.4484669,0.52318895,0.0,0.0,0.0,5.0689855,0.0,0.0,2.7787724,0.0,0.0,0.0,0.0,0.0,0.0,0.0,0.0,0.0,0.0,3.7480786,0.0,0.0,0.0,0.0,0.0,0.0,0.0,0.0,0.0,0.0,0.0,0.0,0.0,0.0,7.738233,2.0518916
157,4,1,B,B,317,7.911713,0.0,1.4607548,63.67273,0.0,1.5629125,0.0,6.5021687,0.0,1.4599271,0.0,0.0,0.0,12.263025,0.037887234,1.4297593,0.0,0.0,0.0,6.1392694,0.0,0.0,6.8805394,0.0,0.0,0.0,0.0,0.0,0.0,0.0,0.0,0.0,0.0,0.066389434,0.0,0.0,0.0,0.0,0.0,0.0,0.0,0.0,7.371084,0.0,0.0,0.0,0.0,0.0,20.983177,0.09240638
158,1,1,A,A,321,8.029798,0.0,1.7549427,35.732067,0.0,1.5290605,0.0,3.9161758,0.0,0.5024902,0.0,0.0,0.0,7.0900793,0.36413887,1.5319232,0.0,0.0,0.0,5.3074293,0.0,0.0,5.492216,0.0,0.0,0.0,0.0,0.0,0.0,0.0,0.0,0.0,0.0,0.070696905,0.0,0.0,0.0,0.0,0.0,0.0,0.0,0.0,5.931194,0.0,0.0,0.0,0.0,0.0,12.05784,1.1493441
159,1,2,B,A,337,6.945224,0.0,1.6574204,46.017975,0.0,1.8253975,0.0,3.8989382,0.0,0.0,0.0,0.0,0.0,7.4944043,1.0079421,0.8036221,0.0,0.0,0.0,5.6882014,0.0,0.0,2.7316232,0.0,0.0,0.0,0.0,0.0,0.0,0.0,0.0,0.0,0.0,2.922178,0.0,0.0,0.0,0.0,0.0,0.0,0.0,0.0,0.008316227,0.0,0.0,0.0,0.0,0.0,14.423806,2.8382478
160,1,2,A,A,270,7.9223146,0.0,1.5647658,49.682205,0.0,1.4934509,0.0,5.708856,0.0,1.2575848,0.0,0.0,0.0,10.171834,0.08931968,1.5319232,0.0,0.0,0.0,5.747413,0.0,0.0,6.252324,0.0,0.0,0.0,0.0,0.0,0.0,0.0,0.0,0.0,0.0,0.0598847,0.0,0.0,0.0,0.0,0.0,0.0,0.0,0.0,6.7040467,0.0,0.0,0.0,0.0,0.0,17.28218,0.42854795
161,2,1,A,B,297,8.310379,0.0,2.2214282,41.63536,0.0,1.6374006,0.0,3.8959546,0.0,0.0,0.0,0.0,0.0,7.1015444,1.0718665,1.5162948,0.0,0.0,0.0,5.471693,0.0,0.0,4.325147,0.0,0.0,0.0,0.0,0.0,0.0,0.0,0.0,0.0,0.0,0.34005204,0.0,0.0,0.0,0.0,0.0,0.0,0.0,0.0,4.4448743,0.0,0.0,0.0,0.0,0.0,14.044788,2.497654
162,6,1,A,B,271,10.028008,0.0,4.063327,131.84225,0.0,2.179724,0.0,10.73529,0.0,0.0,0.0,0.0,0.0,19.565283,3.733493,1.5475516,0.0,0.0,0.0,8.770584,0.0,0.0,0.11976485,0.0,0.0,0.0,0.0,0.0,0.0,0.0,0.0,0.0,0.0,2.4048688,0.0,0.0,0.0,0.0,0.0,0.0,0.0,0.0,0.0012012977,0.0,0.0,0.0,0.0,0.0,45.936768,7.424017
163,1,2,A,A,333,7.920818,0.0,1.5831189,57.50154,0.0,1.4929729,0.0,5.841493,0.0,1.1727663,0.0,0.0,0.0,10.952249,0.14568526,1.5319232,0.0,0.0,0.0,5.934414,0.0,0.0,6.2023683,0.0,0.0,0.0,0.0,0.0,0.0,0.0,0.0,0.0,0.0,0.06369026,0.0,0.0,0.0,0.0,0.0,0.0,0.0,0.0,6.7385716,0.0,0.0,0.0,0.0,0.0,18.900711,0.45460945
164,2,0,B,B,316,6.4347987,0.0,1.020811,5.2138977,0.0,1.598887,0.0,1.3842219,0.0,0.01843951,0.0,0.0,0.0,2.3755753,0.051212322,0.850059,0.0,0.0,0.0,4.3925514,0.0,0.0,5.3491254,0.0,0.0,0.0,0.0,0.0,0.0,0.0,0.0,0.0,0.0,1.4438887,0.0,0.0,0.0,0.0,0.0,0.0,0.0,0.0,1.5597291,0.0,0.0,0.0,0.0,0.0,1.5816853,0.28491253
165,10,1,B,B,267,7.26565,0.0,1.503424,56.221912,0.0,1.2649968,0.0,6.2693367,0.0,1.5183064,0.0,0.0,0.0,11.215534,0.0059873466,1.5475516,0.0,0.0,0.0,5.97962,0.0,0.0,12.986774,0.0,0.0,0.0,0.0,0.0,0.0,0.0,0.0,0.0,0.0,0.018852724,0.0,0.0,0.0,0.0,0.0,0.0,0.0,0.0,13.615911,0.0,0.0,0.0,0.0,0.0,19.515078,0.004565774
166,2,1,B,A,269,7.0101957,0.0,1.2419608,13.890112,0.0,1.6765122,0.0,1.7702435,0.0,0.0048415875,0.0,0.0,0.0,3.3301737,0.18521781,0.9653412,0.0,0.0,0.0,4.6248493,0.0,0.0,4.636399,0.0,0.0,0.0,0.0,0.0,0.0,0.0,0.0,0.0,0.0,1.4775139,0.0,0.0,0.0,0.0,0.0,0.0,0.0,0.0,1.0180742,0.0,0.0,0.0,0.0,0.0,3.8305902,1.05774
167,1,2,B,A,339,6.863832,0.0,1.6307783,42.201794,0.0,1.8352652,0.0,3.9248018,0.0,0.0,0.0,0.0,0.0,7.2594633,1.0550457,0.7628857,0.0,0.0,0.0,5.626961,0.0,0.0,2.5456774,0.0,0.0,0.0,0.0,0.0,0.0,0.0,0.0,0.0,0.0,3.1139812,0.0,0.0,0.0,0.0,0.0,0.0,0.0,0.0,0.0034498116,0.0,0.0,0.0,0.0,0.0,13.978545,2.8760855
168,2,1,B,B,300,6.952903,0.0,1.2213782,10.976224,0.0,1.6829373,0.0,1.7821457,0.0,0.0026606729,0.0,0.0,0.0,3.1410348,0.22940886,0.93694025,0.0,0.0,0.0,4.5770435,0.0,0.0,4.5544763,0.0,0.0,0.0,0.0,0.0,0.0,0.0,0.0,0.0,0.0,1.5928131,0.0,0.0,0.0,0.0,0.0,0.0,0.0,0.0,0.59440005,0.0,0.0,0.0,0.0,0.0,3.4713295,1.0287074
169,1,1,B,A,313,6.2954435,0.0,0.9818973,10.369359,0.0,1.7084131,0.0,1.7450688,0.0,0.0,0.0,0.0,0.0,3.0904703,0.20434031,0.7059885,0.0,0.0,0.0,4.5873165,0.0,0.0,3.871726,0.0,0.0,0.0,0.0,0.0,0.0,0.0,0.0,0.0,0.0,2.6286538,0.0,0.0,0.0,0.0,0.0,0.0,0.0,0.0,0.04624358,0.0,0.0,0.0,0.0,0.0,3.2947888,1.1689233
170,2,1,B,B,270,6.916011,0.0,1.2411647,15.092884,0.0,1.680306,0.0,1.865538,0.0,0.004151442,0.0,0.0,0.0,3.5047228,0.21711922,0.9208824,0.0,0.0,0.0,4.6710668,0.0,0.0,4.5535836,0.0,0.0,0.0,0.0,0.0,0.0,0.0,0.0,0.0,0.0,1.621531,0.0,0.0,0.0,0.0,0.0,0.0,0.0,0.0,0.6778892,0.0,0.0,0.0,0.0,0.0,4.2909355,1.1147002
171,1,2,B,A,268,6.9344172,0.0,1.7039927,45.874386,0.0,1.8529916,0.0,4.188888,0.0,0.0,0.0,0.0,0.0,7.762933,1.145103,0.7628477,0.0,0.0,0.0,5.810752,0.0,0.0,2.4197567,0.0,0.0,0.0,0.0,0.0,0.0,0.0,0.0,0.0,0.0,3.1702344,0.0,0.0,0.0,0.0,0.0,0.0,0.0,0.0,0.0075060534,0.0,0.0,0.0,0.0,0.0,15.258679,3.0946348
172,0,1,A,A,278,7.80311,0.0,1.5690503,47.41065,0.0,1.4540505,0.0,5.528882,0.0,1.2357996,0.0,0.0,0.0,9.732937,0.0930573,1.5319232,0.0,0.0,0.0,5.666548,0.0,0.0,6.097562,0.0,0.0,0.0,0.0,0.0,0.0,0.0,0.0,0.0,0.0,0.058576945,0.0,0.0,0.0,0.0,0.0,0.0,0.0,0.0,6.4838653,0.0,0.0,0.0,0.0,0.0,16.523869,0.52741283
173,2,1,B,B,259,6.7882953,0.0,1.2045715,14.643044,0.0,1.6546822,0.0,1.7502847,0.0,0.0049289525,0.0,0.0,0.0,3.3671274,0.1443822,0.89085597,0.0,0.0,0.0,4.6406817,0.0,0.0,4.74326,0.0,0.0,0.0,0.0,0.0,0.0,0.0,0.0,0.0,0.0,1.5739402,0.0,0.0,0.0,0.0,0.0,0.0,0.0,0.0,1.3197631,0.0,0.0,0.0,0.0,0.0,3.91512,0.9762991
174,10,1,A,B,301,11.42055,0.0,4.3562965,156.88684,0.0,2.640592,0.0,11.823543,0.0,0.0,0.0,0.0,0.0,22.437872,4.0564494,1.5475516,0.0,0.0,0.0,9.447063,0.0,0.0,0.0,0.0,0.0,0.0,0.0,0.0,0.0,0.0,0.0,0.0,0.0,2.705418,0.0,0.0,0.0,0.0,0.0,0.0,0.0,0.0,0.0,0.0,0.0,0.0,0.0,0.0,51.97376,8.295193
175,3,1,B,B,309,7.4086695,0.0,1.3281496,36.471905,0.0,1.6219759,0.0,3.831668,0.0,0.5979566,0.0,0.0,0.0,7.3385773,0.10439804,1.1649637,0.0,0.0,0.0,5.31316,0.0,0.0,5.6096992,0.0,0.0,0.0,0.0,0.0,0.0,0.0,0.0,0.0,0.0,0.4637493,0.0,0.0,0.0,0.0,0.0,0.0,0.0,0.0,5.178733,0.0,0.0,0.0,0.0,0.0,11.453219,0.4799839
176,0,1,A,A,281,7.823153,0.0,1.5732722,51.89141,0.0,1.4606935,0.0,5.7664757,0.0,1.2169906,0.0,0.0,0.0,10.446764,0.11573571,1.5319232,0.0,0.0,0.0,5.814929,0.0,0.0,6.007291,0.0,0.0,0.0,0.0,0.0,0.0,0.0,0.0,0.0,0.0,0.05944529,0.0,0.0,0.0,0.0,0.0,0.0,0.0,0.0,6.411745,0.0,0.0,0.0,0.0,0.0,17.93012,0.5656382
177,1,1,A,A,264,8.01339,0.0,1.7338283,38.683483,0.0,1.5237024,0.0,4.2461004,0.0,0.6167782,0.0,0.0,0.0,7.661063,0.3398816,1.5319232,0.0,0.0,0.0,5.3926873,0.0,0.0,5.529654,0.0,0.0,0.0,0.0,0.0,0.0,0.0,0.0,0.0,0.0,0.06883604,0.0,0.0,0.0,0.0,0.0,0.0,0.0,0.0,5.9025526,0.0,0.0,0.0,0.0,0.0,13.089034,1.1130166
178,2,1,A,A,332,8.390729,0.0,2.238445,43.63632,0.0,1.6484576,0.0,3.9523087,0.0,0.0,0.0,0.0,0.0,7.3279357,1.0472975,1.5319232,0.0,0.0,0.0,5.5894985,0.0,0.0,4.365907,0.0,0.0,0.0,0.0,0.0,0.0,0.0,0.0,0.0,0.0,0.2509757,0.0,0.0,0.0,0.0,0.0,0.0,0.0,0.0,4.506602,0.0,0.0,0.0,0.0,0.0,14.535221,2.5105443
179,6,1,B,B,265,7.8269386,0.0,1.5076628,53.820972,0.0,1.4509435,0.0,6.173191,0.0,1.5045669,0.0,0.0,0.0,10.990741,0.0059873466,1.5475516,0.0,0.0,0.0,5.928835,0.0,0.0,9.1197405,0.0,0.0,0.0,0.0,0.0,0.0,0.0,0.0,0.0,0.0,0.018852724,0.0,0.0,0.0,0.0,0.0,0.0,0.0,0.0,9.586604,0.0,0.0,0.0,0.0,0.0,18.706314,0.0050775046
180,2,0,B,B,255,6.44318,0.0,1.1221219,13.014923,0.0,1.5690581,0.0,1.5684952,0.0,0.017769935,0.0,0.0,0.0,3.065402,0.049361072,0.8571093,0.0,0.0,0.0,4.567751,0.0,0.0,5.6064043,0.0,0.0,0.0,0.0,0.0,0.0,0.0,0.0,0.0,0.0,1.2216469,0.0,0.0,0.0,0.0,0.0,0.0,0.0,0.0,2.6333098,0.0,0.0,0.0,0.0,0.0,3.2106392,0.38875207
181,1,2,A,A,319,7.8669133,0.0,1.534576,61.87055,0.0,1.4750818,0.0,6.2935443,0.0,1.3679407,0.0,0.0,0.0,11.834938,0.07359108,1.5319232,0.0,0.0,0.0,6.07211,0.0,0.0,6.5047493,0.0,0.0,0.0,0.0,0.0,0.0,0.0,0.0,0.0,0.0,0.059161745,0.0,0.0,0.0,0.0,0.0,0.0,0.0,0.0,7.0375047,0.0,0.0,0.0,0.0,0.0,20.441313,0.2627898
182,1,1,B,A,298,6.2574725,0.0,1.0111946,14.705929,0.0,1.7336644,0.0,1.9967623,0.0,0.0,0.0,0.0,0.0,3.6030183,0.300529,0.67417234,0.0,0.0,0.0,4.724587,0.0,0.0,3.5295162,0.0,0.0,0.0,0.0,0.0,0.0,0.0,0.0,0.0,0.0,2.9081511,0.0,0.0,0.0,0.0,0.0,0.0,0.0,0.0,0.015780527,0.0,0.0,0.0,0.0,0.0,4.5665298,1.4289113
183,6,1,B,B,273,7.8141365,0.0,1.4984246,56.86166,0.0,1.4469502,0.0,6.386136,0.0,1.5323907,0.0,0.0,0.0,11.521577,0.0060849097,1.547274,0.0,0.0,0.0,6.028534,0.0,0.0,9.127595,0.0,0.0,0.0,0.0,0.0,0.0,0.0,0.0,0.0,0.0,0.018852724,0.0,0.0,0.0,0.0,0.0,0.0,0.0,0.0,9.625584,0.0,0.0,0.0,0.0,0.0,19.713737,0.005593113
184,4,1,B,B,314,7.9455,0.0,1.4649352,62.509926,0.0,1.5763342,0.0,6.374281,0.0,1.4097743,0.0,0.0,0.0,12.036831,0.050421067,1.4340767,0.0,0.0,0.0,6.105532,0.0,0.0,6.678926,0.0,0.0,0.0,0.0,0.0,0.0,0.0,0.0,0.0,0.0,0.079682894,0.0,0.0,0.0,0.0,0.0,0.0,0.0,0.0,7.130133,0.0,0.0,0.0,0.0,0.0,20.554617,0.12162947
186,2,0,A,B,262,8.48026,0.0,2.4925637,55.22272,0.0,1.6782306,0.0,4.896873,0.0,0.0,0.0,0.0,0.0,8.911388,1.4746292,1.5319232,0.0,0.0,0.0,5.9872913,0.0,0.0,3.6699862,0.0,0.0,0.0,0.0,0.0,0.0,0.0,0.0,0.0,0.0,0.5823281,0.0,0.0,0.0,0.0,0.0,0.0,0.0,0.0,3.2588947,0.0,0.0,0.0,0.0,0.0,18.765575,3.2348258
187,0,1,A,A,315,7.795047,0.0,1.549918,59.283825,0.0,1.4513949,0.0,6.095799,0.0,1.3050416,0.0,0.0,0.0,11.413935,0.08364852,1.5319232,0.0,0.0,0.0,6.0033736,0.0,0.0,6.1518464,0.0,0.0,0.0,0.0,0.0,0.0,0.0,0.0,0.0,0.0,0.05902232,0.0,0.0,0.0,0.0,0.0,0.0,0.0,0.0,6.5549626,0.0,0.0,0.0,0.0,0.0,19.736876,0.42660233
188,4,1,B,B,261,7.9397845,0.0,1.4989476,49.6163,0.0,1.5648822,0.0,5.7538238,0.0,1.3469636,0.0,0.0,0.0,10.22375,0.03786921,1.4401741,0.0,0.0,0.0,5.7458296,0.0,0.0,6.810318,0.0,0.0,0.0,0.0,0.0,0.0,0.0,0.0,0.0,0.0,0.074229114,0.0,0.0,0.0,0.0,0.0,0.0,0.0,0.0,7.2149653,0.0,0.0,0.0,0.0,0.0,17.13234,0.1681351
189,0,1,B,A,263,5.7443085,0.0,0.8695246,19.746227,0.0,1.7544075,0.0,2.117289,0.0,0.0,0.0,0.0,0.0,4.116287,0.28472203,0.50291157,0.0,0.0,0.0,4.8698444,0.0,0.0,2.9362388,0.0,0.0,0.0,0.0,0.0,0.0,0.0,0.0,0.0,0.0,3.7429156,0.0,0.0,0.0,0.0,0.0,0.0,0.0,0.0,0.0,0.0,0.0,0.0,0.0,0.0,5.673619,1.7480953
190,3,1,A,B,259,8.697889,0.0,2.6027973,59.777714,0.0,1.7503123,0.0,5.307137,0.0,0.0,0.0,0.0,0.0,9.601543,1.635291,1.5319232,0.0,0.0,0.0,6.1526737,0.0,0.0,3.3979232,0.0,0.0,0.0,0.0,0.0,0.0,0.0,0.0,0.0,0.0,0.71391594,0.0,0.0,0.0,0.0,0.0,0.0,0.0,0.0,2.7743163,0.0,0.0,0.0,0.0,0.0,20.483343,3.5279858
191,6,1,A,B,283,9.954902,0.0,4.0602617,138.78085,0.0,2.1554654,0.0,10.723161,0.0,0.0,0.0,0.0,0.0,20.087252,3.6418183,1.5475516,0.0,0.0,0.0,8.9113865,0.0,0.0,0.16493826,0.0,0.0,0.0,0.0,0.0,0.0,0.0,0.0,0.0,0.0,2.3297744,0.0,0.0,0.0,0.0,0.0,0.0,0.0,0.0,0.0002817421,0.0,0.0,0.0,0.0,0.0,46.995064,7.4208236
192,10,1,B,B,331,7.1410866,0.0,1.4919457,67.761795,0.0,1.2239546,0.0,6.649723,0.0,1.5545152,0.0,0.0,0.0,12.566489,0.0059873466,1.5475516,0.0,0.0,0.0,6.262455,0.0,0.0,13.504605,0.0,0.0,0.0,0.0,0.0,0.0,0.0,0.0,0.0,0.0,0.018852724,0.0,0.0,0.0,0.0,0.0,0.0,0.0,0.0,14.158482,0.0,0.0,0.0,0.0,0.0,22.197163,0.00456577
193,1,2,A,A,305,7.888402,0.0,1.5331844,58.744705,0.0,1.4822847,0.0,6.179636,0.0,1.373396,0.0,0.0,0.0,11.466328,0.06745336,1.5319232,0.0,0.0,0.0,5.9928255,0.0,0.0,6.4491034,0.0,0.0,0.0,0.0,0.0,0.0,0.0,0.0,0.0,0.0,0.057656955,0.0,0.0,0.0,0.0,0.0,0.0,0.0,0.0,6.919507,0.0,0.0,0.0,0.0,0.0,19.696878,0.2589083
194,1,2,A,A,252,7.897559,0.0,1.6178745,46.226303,0.0,1.485162,0.0,5.1947,0.0,1.1065272,0.0,0.0,0.0,9.277875,0.10800904,1.5319232,0.0,0.0,0.0,5.619623,0.0,0.0,6.2812986,0.0,0.0,0.0,0.0,0.0,0.0,0.0,0.0,0.0,0.0,0.06441648,0.0,0.0,0.0,0.0,0.0,0.0,0.0,0.0,6.6852984,0.0,0.0,0.0,0.0,0.0,15.793539,0.5275412
195,1,1,A,A,328,8.048979,0.0,1.7720604,38.079357,0.0,1.5353693,0.0,3.8871806,0.0,0.42977268,0.0,0.0,0.0,7.2314544,0.4047158,1.5319232,0.0,0.0,0.0,5.3570933,0.0,0.0,5.4286785,0.0,0.0,0.0,0.0,0.0,0.0,0.0,0.0,0.0,0.0,0.076953314,0.0,0.0,0.0,0.0,0.0,0.0,0.0,0.0,5.9404817,0.0,0.0,0.0,0.0,0.0,12.402244,1.2036015
196,3,1,A,B,314,8.798352,0.0,2.7824326,73.62188,0.0,1.7834698,0.0,5.9739923,0.0,0.0,0.0,0.0,0.0,11.1642275,1.8485425,1.5319232,0.0,0.0,0.0,6.548299,0.0,0.0,3.056176,0.0,0.0,0.0,0.0,0.0,0.0,0.0,0.0,0.0,0.0,0.88827085,0.0,0.0,0.0,0.0,0.0,0.0,0.0,0.0,2.0404437,0.0,0.0,0.0,0.0,0.0,24.314905,4.0238357
197,10,1,A,B,277,11.466832,0.0,4.3015904,144.48624,0.0,2.655975,0.0,11.620846,0.0,0.0,0.0,0.0,0.0,21.457447,4.0389724,1.5475516,0.0,0.0,0.0,9.187808,0.0,0.0,0.0,0.0,0.0,0.0,0.0,0.0,0.0,0.0,0.0,0.0,0.0,2.6919067,0.0,0.0,0.0,0.0,0.0,0.0,0.0,0.0,0.0,0.0,0.0,0.0,0.0,0.0,49.765507,8.108196
198,1,1,B,A,275,6.2639537,0.0,1.0064111,15.815707,0.0,1.7306418,0.0,1.953356,0.0,0.0,0.0,0.0,0.0,3.636561,0.28562167,0.679552,0.0,0.0,0.0,4.726423,0.0,0.0,3.5523782,0.0,0.0,0.0,0.0,0.0,0.0,0.0,0.0,0.0,0.0,2.8794167,0.0,0.0,0.0,0.0,0.0,0.0,0.0,0.0,0.0073832567,0.0,0.0,0.0,0.0,0.0,4.582201,1.4502323
199,10,1,A,B,280,11.497322,0.0,4.3142824,146.69125,0.0,2.666049,0.0,11.667889,0.0,0.0,0.0,0.0,0.0,21.662134,4.042651,1.5475516,0.0,0.0,0.0,9.238988,0.0,0.0,0.0,0.0,0.0,0.0,0.0,0.0,0.0,0.0,0.0,0.0,0.0,2.6958506,0.0,0.0,0.0,0.0,0.0,0.0,0.0,0.0,0.0,0.0,0.0,0.0,0.0,0.0,50.20478,8.148618
200,2,0,B,B,328,6.3282013,0.0,0.9705557,3.4641542,0.0,1.599301,0.0,1.3084298,0.0,0.0121307485,0.0,0.0,0.0,2.1685946,0.04390954,0.82227373,0.0,0.0,0.0,4.3472166,0.0,0.0,5.2860103,0.0,0.0,0.0,0.0,0.0,0.0,0.0,0.0,0.0,0.0,1.5780221,0.0,0.0,0.0,0.0,0.0,0.0,0.0,0.0,0.7752868,0.0,0.0,0.0,0.0,0.0,1.1395333,0.24579972
201,2,0,B,B,323,6.5727534,0.0,1.0684533,4.73499,0.0,1.5784042,0.0,1.4750006,0.0,0.053249065,0.0,0.0,0.0,2.4379988,0.04242728,0.91905266,0.0,0.0,0.0,4.3876133,0.0,0.0,5.676936,0.0,0.0,0.0,0.0,0.0,0.0,0.0,0.0,0.0,0.0,1.0927782,0.0,0.0,0.0,0.0,0.0,0.0,0.0,0.0,2.943356,0.0,0.0,0.0,0.0,0.0,1.7129141,0.18200168
202,1,2,A,A,349,7.8696246,0.0,1.5297699,63.44175,0.0,1.4761136,0.0,6.3701696,0.0,1.3883356,0.0,0.0,0.0,12.020825,0.075377285,1.5319232,0.0,0.0,0.0,6.105523,0.0,0.0,6.447121,0.0,0.0,0.0,0.0,0.0,0.0,0.0,0.0,0.0,0.0,0.059414014,0.0,0.0,0.0,0.0,0.0,0.0,0.0,0.0,6.935318,0.0,0.0,0.0,0.0,0.0,20.781357,0.2425521
203,6,1,A,B,313,10.025226,0.0,4.147284,149.18698,0.0,2.178728,0.0,11.046323,0.0,0.0,0.0,0.0,0.0,20.989773,3.7550166,1.5475516,0.0,0.0,0.0,9.1501,0.0,0.0,0.10582618,0.0,0.0,0.0,0.0,0.0,0.0,0.0,0.0,0.0,0.0,2.423052,0.0,0.0,0.0,0.0,0.0,0.0,0.0,0.0,0.0022483985,0.0,0.0,0.0,0.0,0.0,49.12151,7.694195
204,3,1,A,B,288,8.770821,0.0,2.7254865,68.899605,0.0,1.7743492,0.0,5.762556,0.0,0.0,0.0,0.0,0.0,10.671923,1.7782403,1.5319232,0.0,0.0,0.0,6.4224453,0.0,0.0,3.181708,0.0,0.0,0.0,0.0,0.0,0.0,0.0,0.0,0.0,0.0,0.8305019,0.0,0.0,0.0,0.0,0.0,0.0,0.0,0.0,2.2622714,0.0,0.0,0.0,0.0,0.0,23.103313,3.864688
205,10,1,B,B,285,7.2334886,0.0,1.4936593,62.33161,0.0,1.2545671,0.0,6.5559893,0.0,1.5484637,0.0,0.0,0.0,12.095223,0.0059873466,1.5475516,0.0,0.0,0.0,6.157011,0.0,0.0,13.221728,0.0,0.0,0.0,0.0,0.0,0.0,0.0,0.0,0.0,0.0,0.018852724,0.0,0.0,0.0,0.0,0.0,0.0,0.0,0.0,13.861259,0.0,0.0,0.0,0.0,0.0,21.217112,0.00456577
206,2,1,B,A,260,6.9981294,0.0,1.3236089,18.727657,0.0,1.6910344,0.0,2.078578,0.0,0.0017136846,0.0,0.0,0.0,3.9440758,0.2956943,0.9275106,0.0,0.0,0.0,4.779751,0.0,0.0,4.4029174,0.0,0.0,0.0,0.0,0.0,0.0,0.0,0.0,0.0,0.0,1.650745,0.0,0.0,0.0,0.0,0.0,0.0,0.0,0.0,0.7323072,0.0,0.0,0.0,0.0,0.0,5.415857,1.3490996
207,0,1,A,A,280,7.7752423,0.0,1.5496445,53.77412,0.0,1.4448503,0.0,5.995828,0.0,1.3115611,0.0,0.0,0.0,10.829307,0.08813508,1.5319232,0.0,0.0,0.0,5.8719573,0.0,0.0,6.2396975,0.0,0.0,0.0,0.0,0.0,0.0,0.0,0.0,0.0,0.0,0.05764982,0.0,0.0,0.0,0.0,0.0,0.0,0.0,0.0,6.637274,0.0,0.0,0.0,0.0,0.0,18.602543,0.39629394
208,3,1,A,B,291,8.762342,0.0,2.726386,69.87947,0.0,1.7715286,0.0,5.7654543,0.0,0.0,0.0,0.0,0.0,10.744442,1.7589364,1.5319232,0.0,0.0,0.0,6.443227,0.0,0.0,3.2083008,0.0,0.0,0.0,0.0,0.0,0.0,0.0,0.0,0.0,0.0,0.8146213,0.0,0.0,0.0,0.0,0.0,0.0,0.0,0.0,2.3169537,0.0,0.0,0.0,0.0,0.0,23.254976,3.8579416
209,4,1,B,B,272,7.9143443,0.0,1.4756606,54.454777,0.0,1.5603365,0.0,6.188557,0.0,1.4149203,0.0,0.0,0.0,11.156907,0.045334805,1.4335591,0.0,0.0,0.0,5.912096,0.0,0.0,6.8676357,0.0,0.0,0.0,0.0,0.0,0.0,0.0,0.0,0.0,0.0,0.07258424,0.0,0.0,0.0,0.0,0.0,0.0,0.0,0.0,7.3078365,0.0,0.0,0.0,0.0,0.0,18.87353,0.14538103
210,10,1,A,B,328,11.497778,0.0,4.3611674,159.91115,0.0,2.6661522,0.0,11.841505,0.0,0.0,0.0,0.0,0.0,22.611605,4.0551796,1.5475516,0.0,0.0,0.0,9.488543,0.0,0.0,0.0,0.0,0.0,0.0,0.0,0.0,0.0,0.0,0.0,0.0,0.0,2.7065625,0.0,0.0,0.0,0.0,0.0,0.0,0.0,0.0,0.0,0.0,0.0,0.0,0.0,0.0,52.28359,8.326821
211,3,1,B,B,336,7.473387,0.0,1.3511407,42.60856,0.0,1.6169912,0.0,4.634644,0.0,0.8217739,0.0,0.0,0.0,8.675835,0.10603872,1.1923133,0.0,0.0,0.0,5.53269,0.0,0.0,5.708998,0.0,0.0,0.0,0.0,0.0,0.0,0.0,0.0,0.0,0.0,0.35316813,0.0,0.0,0.0,0.0,0.0,0.0,0.0,0.0,5.631612,0.0,0.0,0.0,0.0,0.0,14.072334,0.445937
212,6,1,B,B,262,7.828189,0.0,1.5113035,53.136024,0.0,1.452119,0.0,6.0998015,0.0,1.4914641,0.0,0.0,0.0,10.841382,0.006649209,1.547329,0.0,0.0,0.0,5.9019747,0.0,0.0,8.999161,0.0,0.0,0.0,0.0,0.0,0.0,0.0,0.0,0.0,0.0,0.018852724,0.0,0.0,0.0,0.0,0.0,0.0,0.0,0.0,9.478761,0.0,0.0,0.0,0.0,0.0,18.432417,0.007342899
213,0,1,B,A,326,5.745343,0.0,0.76634514,10.60348,0.0,1.7506217,0.0,1.8096356,0.0,0.0,0.0,0.0,0.0,3.1719303,0.23124833,0.51694906,0.0,0.0,0.0,4.6267776,0.0,0.0,3.0379457,0.0,0.0,0.0,0.0,0.0,0.0,0.0,0.0,0.0,0.0,3.6814005,0.0,0.0,0.0,0.0,0.0,0.0,0.0,0.0,0.004327695,0.0,0.0,0.0,0.0,0.0,3.4665296,1.4217335
214,1,1,A,A,273,8.069657,0.0,1.8601078,33.908764,0.0,1.5421879,0.0,3.4457443,0.0,0.26471666,0.0,0.0,0.0,6.3341846,0.49216,1.5319232,0.0,0.0,0.0,5.231119,0.0,0.0,5.2785716,0.0,0.0,0.0,0.0,0.0,0.0,0.0,0.0,0.0,0.0,0.088850975,0.0,0.0,0.0,0.0,0.0,0.0,0.0,0.0,5.732161,0.0,0.0,0.0,0.0,0.0,11.039698,1.4525281
215,3,1,A,B,320,8.768744,0.0,2.7631195,74.416466,0.0,1.7736325,0.0,5.9018054,0.0,0.0,0.0,0.0,0.0,11.175777,1.7959125,1.5319232,0.0,0.0,0.0,6.5542073,0.0,0.0,3.1412554,0.0,0.0,0.0,0.0,0.0,0.0,0.0,0.0,0.0,0.0,0.84504473,0.0,0.0,0.0,0.0,0.0,0.0,0.0,0.0,2.1863518,0.0,0.0,0.0,0.0,0.0,24.267271,3.9713752
216,0,1,B,A,265,5.778523,0.0,0.8932386,19.95557,0.0,1.7676897,0.0,2.2261884,0.0,0.0,0.0,0.0,0.0,4.1926746,0.36788762,0.5022845,0.0,0.0,0.0,4.8886967,0.0,0.0,2.798471,0.0,0.0,0.0,0.0,0.0,0.0,0.0,0.0,0.0,0.0,3.8196197,0.0,0.0,0.0,0.0,0.0,0.0,0.0,0.0,0.0,0.0,0.0,0.0,0.0,0.0,5.9392943,1.846283
217,10,1,A,B,307,11.502542,0.0,4.357576,157.92296,0.0,2.6677363,0.0,11.82823,0.0,0.0,0.0,0.0,0.0,22.505138,4.054367,1.5475516,0.0,0.0,0.0,9.460295,0.0,0.0,0.0,0.0,0.0,0.0,0.0,0.0,0.0,0.0,0.0,0.0,0.0,2.705983,0.0,0.0,0.0,0.0,0.0,0.0,0.0,0.0,0.0,0.0,0.0,0.0,0.0,0.0,52.054955,8.307585
218,1,1,B,A,264,6.5229554,0.0,1.1969525,22.47527,0.0,1.7318665,0.0,2.3295321,0.0,0.0,0.0,0.0,0.0,4.476005,0.37369427,0.75075096,0.0,0.0,0.0,4.9299006,0.0,0.0,3.6455746,0.0,0.0,0.0,0.0,0.0,0.0,0.0,0.0,0.0,0.0,2.5922244,0.0,0.0,0.0,0.0,0.0,0.0,0.0,0.0,0.029620415,0.0,0.0,0.0,0.0,0.0,6.693113,1.688436
219,1,2,B,A,281,7.040225,0.0,1.7767401,48.27178,0.0,1.8491812,0.0,4.2947974,0.0,0.0,0.0,0.0,0.0,8.023938,1.1797067,0.8035475,0.0,0.0,0.0,5.822913,0.0,0.0,2.500123,0.0,0.0,0.0,0.0,0.0,0.0,0.0,0.0,0.0,0.0,3.0199904,0.0,0.0,0.0,0.0,0.0,0.0,0.0,0.0,0.0047153067,0.0,0.0,0.0,0.0,0.0,15.912162,3.1230295
220,4,1,A,B,276,9.128688,0.0,3.1640089,89.53575,0.0,1.892857,0.0,7.3936462,0.0,0.0,0.0,0.0,0.0,13.600883,2.4143465,1.5319232,0.0,0.0,0.0,7.162118,0.0,0.0,2.1401732,0.0,0.0,0.0,0.0,0.0,0.0,0.0,0.0,0.0,0.0,1.3520426,0.0,0.0,0.0,0.0,0.0,0.0,0.0,0.0,0.38039517,0.0,0.0,0.0,0.0,0.0,30.646418,5.032222
221,0,1,B,A,259,5.7610865,0.0,0.9479729,23.739038,0.0,1.7572521,0.0,2.3491724,0.0,0.0,0.0,0.0,0.0,4.5920715,0.35823464,0.48651725,0.0,0.0,0.0,4.9915824,0.0,0.0,2.8846743,0.0,0.0,0.0,0.0,0.0,0.0,0.0,0.0,0.0,0.0,3.762271,0.0,0.0,0.0,0.0,0.0,0.0,0.0,0.0,0.0,0.0,0.0,0.0,0.0,0.0,6.8965883,1.9194458
222,6,1,B,B,336,7.8488646,0.0,1.4898719,66.28375,0.0,1.4622197,0.0,6.6467986,0.0,1.5528837,0.0,0.0,0.0,12.564545,0.006541741,1.5418036,0.0,0.0,0.0,6.2495995,0.0,0.0,8.939092,0.0,0.0,0.0,0.0,0.0,0.0,0.0,0.0,0.0,0.0,0.018852724,0.0,0.0,0.0,0.0,0.0,0.0,0.0,0.0,9.431463,0.0,0.0,0.0,0.0,0.0,21.698753,0.006437267
223,0,1,B,A,308,5.79743,0.0,0.81950116,14.325423,0.0,1.7599505,0.0,1.970127,0.0,0.0,0.0,0.0,0.0,3.5789979,0.28832933,0.52546865,0.0,0.0,0.0,4.730648,0.0,0.0,2.9453728,0.0,0.0,0.0,0.0,0.0,0.0,0.0,0.0,0.0,0.0,3.7047982,0.0,0.0,0.0,0.0,0.0,0.0,0.0,0.0,0.006447528,0.0,0.0,0.0,0.0,0.0,4.450305,1.5721233
224,10,1,A,B,271,11.439633,0.0,4.2633524,139.03835,0.0,2.647002,0.0,11.479052,0.0,0.0,0.0,0.0,0.0,20.921282,4.0246115,1.5475516,0.0,0.0,0.0,9.049905,0.0,0.0,0.0006008628,0.0,0.0,0.0,0.0,0.0,0.0,0.0,0.0,0.0,0.0,2.679164,0.0,0.0,0.0,0.0,0.0,0.0,0.0,0.0,0.0,0.0,0.0,0.0,0.0,0.0,48.555195,7.9992895
225,0,1,A,A,276,7.8086915,0.0,1.5519465,53.096508,0.0,1.4558948,0.0,5.936818,0.0,1.3027081,0.0,0.0,0.0,10.706396,0.087182194,1.5319232,0.0,0.0,0.0,5.848131,0.0,0.0,6.1273327,0.0,0.0,0.0,0.0,0.0,0.0,0.0,0.0,0.0,0.0,0.061129723,0.0,0.0,0.0,0.0,0.0,0.0,0.0,0.0,6.561962,0.0,0.0,0.0,0.0,0.0,18.349018,0.46499458
226,1,1,A,A,260,8.044895,0.0,1.8535113,32.66173,0.0,1.5340177,0.0,3.4052,0.0,0.25891316,0.0,0.0,0.0,6.179865,0.4888736,1.5319232,0.0,0.0,0.0,5.1925397,0.0,0.0,5.283368,0.0,0.0,0.0,0.0,0.0,0.0,0.0,0.0,0.0,0.0,0.08862455,0.0,0.0,0.0,0.0,0.0,0.0,0.0,0.0,5.713612,0.0,0.0,0.0,0.0,0.0,10.722996,1.441453
227,1,2,B,A,278,7.066247,0.0,1.7927426,49.179268,0.0,1.8432437,0.0,4.3004346,0.0,0.0,0.0,0.0,0.0,8.101911,1.162516,0.8194046,0.0,0.0,0.0,5.8448596,0.0,0.0,2.5576851,0.0,0.0,0.0,0.0,0.0,0.0,0.0,0.0,0.0,0.0,2.9438927,0.0,0.0,0.0,0.0,0.0,0.0,0.0,0.0,0.01647877,0.0,0.0,0.0,0.0,0.0,16.084198,3.1134174
228,2,1,B,A,318,7.0043416,0.0,1.2052925,7.8467674,0.0,1.6586758,0.0,1.6324561,0.0,0.018200826,0.0,0.0,0.0,2.8077857,0.15113533,0.98519784,0.0,0.0,0.0,4.48644,0.0,0.0,4.880002,0.0,0.0,0.0,0.0,0.0,0.0,0.0,0.0,0.0,0.0,1.3092794,0.0,0.0,0.0,0.0,0.0,0.0,0.0,0.0,1.5687709,0.0,0.0,0.0,0.0,0.0,2.63737,0.78046584
229,10,1,B,B,274,7.1997294,0.0,1.4972863,59.013107,0.0,1.2433194,0.0,6.4292607,0.0,1.5370792,0.0,0.0,0.0,11.652426,0.0059873466,1.5475516,0.0,0.0,0.0,6.0650854,0.0,0.0,13.294225,0.0,0.0,0.0,0.0,0.0,0.0,0.0,0.0,0.0,0.0,0.018852724,0.0,0.0,0.0,0.0,0.0,0.0,0.0,0.0,13.929705,0.0,0.0,0.0,0.0,0.0,20.388807,0.0045657717
230,0,1,A,A,330,7.7688513,0.0,1.5295202,63.26123,0.0,1.4427664,0.0,6.3539057,0.0,1.3896843,0.0,0.0,0.0,11.986704,0.07063933,1.5319232,0.0,0.0,0.0,6.102541,0.0,0.0,6.288131,0.0,0.0,0.0,0.0,0.0,0.0,0.0,0.0,0.0,0.0,0.056914855,0.0,0.0,0.0,0.0,0.0,0.0,0.0,0.0,6.726185,0.0,0.0,0.0,0.0,0.0,20.782787,0.3108779
231,4,1,B,B,303,7.907751,0.0,1.4631802,61.66047,0.0,1.5553672,0.0,6.4100366,0.0,1.4403497,0.0,0.0,0.0,12.017048,0.04037781,1.4475045,0.0,0.0,0.0,6.091303,0.0,0.0,6.968172,0.0,0.0,0.0,0.0,0.0,0.0,0.0,0.0,0.0,0.0,0.06883428,0.0,0.0,0.0,0.0,0.0,0.0,0.0,0.0,7.4865894,0.0,0.0,0.0,0.0,0.0,20.535164,0.07993457
232,3,1,A,B,350,8.719933,0.0,2.6837244,69.08872,0.0,1.7574813,0.0,5.606872,0.0,0.0,0.0,0.0,0.0,10.513272,1.702755,1.5319232,0.0,0.0,0.0,6.385313,0.0,0.0,3.2986526,0.0,0.0,0.0,0.0,0.0,0.0,0.0,0.0,0.0,0.0,0.7684963,0.0,0.0,0.0,0.0,0.0,0.0,0.0,0.0,2.498242,0.0,0.0,0.0,0.0,0.0,22.63176,3.758365
233,6,1,A,B,326,10.001702,0.0,4.12467,150.13904,0.0,2.1708932,0.0,10.962084,0.0,0.0,0.0,0.0,0.0,20.959602,3.7172837,1.5475516,0.0,0.0,0.0,9.142567,0.0,0.0,0.12218718,0.0,0.0,0.0,0.0,0.0,0.0,0.0,0.0,0.0,0.0,2.391969,0.0,0.0,0.0,0.0,0.0,0.0,0.0,0.0,0.0020852094,0.0,0.0,0.0,0.0,0.0,48.972866,7.650326
234,1,2,B,A,331,6.867768,0.0,1.5705285,37.918007,0.0,1.8265746,0.0,3.6876621,0.0,0.0,0.0,0.0,0.0,6.7131114,0.98847276,0.7823898,0.0,0.0,0.0,5.4880676,0.0,0.0,2.6745038,0.0,0.0,0.0,0.0,0.0,0.0,0.0,0.0,0.0,0.0,3.025822,0.0,0.0,0.0,0.0,0.0,0.0,0.0,0.0,0.0074368496,0.0,0.0,0.0,0.0,0.0,12.626814,2.695449
235,0,1,A,A,302,7.758423,0.0,1.5315126,60.693047,0.0,1.4393072,0.0,6.308993,0.0,1.3832469,0.0,0.0,0.0,11.774278,0.07242894,1.5319232,0.0,0.0,0.0,6.0560894,0.0,0.0,6.3236985,0.0,0.0,0.0,0.0,0.0,0.0,0.0,0.0,0.0,0.0,0.05689444,0.0,0.0,0.0,0.0,0.0,0.0,0.0,0.0,6.744265,0.0,0.0,0.0,0.0,0.0,20.38275,0.29174334
236,10,1,B,B,268,7.2550135,0.0,1.5018373,56.84099,0.0,1.261512,0.0,6.3108134,0.0,1.5235983,0.0,0.0,0.0,11.321314,0.0059873466,1.5475516,0.0,0.0,0.0,5.9995723,0.0,0.0,13.030865,0.0,0.0,0.0,0.0,0.0,0.0,0.0,0.0,0.0,0.0,0.018852724,0.0,0.0,0.0,0.0,0.0,0.0,0.0,0.0,13.657567,0.0,0.0,0.0,0.0,0.0,19.722452,0.004565774
237,2,1,B,A,276,6.873566,0.0,1.1988814,12.818744,0.0,1.6815715,0.0,1.7537396,0.0,0.0011354005,0.0,0.0,0.0,3.2170658,0.21490099,0.9065834,0.0,0.0,0.0,4.6019664,0.0,0.0,4.505391,0.0,0.0,0.0,0.0,0.0,0.0,0.0,0.0,0.0,0.0,1.686167,0.0,0.0,0.0,0.0,0.0,0.0,0.0,0.0,0.36273646,0.0,0.0,0.0,0.0,0.0,3.5994122,1.0566237
238,4,1,B,B,278,7.8414764,0.0,1.4494694,56.029186,0.0,1.5541666,0.0,6.2930493,0.0,1.4418471,0.0,0.0,0.0,11.426048,0.037489735,1.4174713,0.0,0.0,0.0,5.963374,0.0,0.0,6.8833513,0.0,0.0,0.0,0.0,0.0,0.0,0.0,0.0,0.0,0.0,0.07608065,0.0,0.0,0.0,0.0,0.0,0.0,0.0,0.0,7.307439,0.0,0.0,0.0,0.0,0.0,19.371727,0.06972947
239,0,1,A,A,303,7.761481,0.0,1.5393966,58.135166,0.0,1.4403049,0.0,6.124442,0.0,1.3502463,0.0,0.0,0.0,11.355433,0.06949739,1.5319232,0.0,0.0,0.0,5.9793043,0.0,0.0,6.211125,0.0,0.0,0.0,0.0,0.0,0.0,0.0,0.0,0.0,0.0,0.058640853,0.0,0.0,0.0,0.0,0.0,0.0,0.0,0.0,6.621728,0.0,0.0,0.0,0.0,0.0,19.595915,0.38048753
240,10,1,A,B,273,11.45962,0.0,4.2773924,140.8446,0.0,2.653593,0.0,11.531123,0.0,0.0,0.0,0.0,0.0,21.11057,4.0301375,1.5475516,0.0,0.0,0.0,9.09763,0.0,0.0,0.0,0.0,0.0,0.0,0.0,0.0,0.0,0.0,0.0,0.0,0.0,2.6843178,0.0,0.0,0.0,0.0,0.0,0.0,0.0,0.0,0.0,0.0,0.0,0.0,0.0,0.0,48.977882,8.038554
241,0,1,B,A,335,5.5716443,0.0,0.6789052,9.450691,0.0,1.7432362,0.0,1.6755902,0.0,0.0,0.0,0.0,0.0,2.9683552,0.17229639,0.47316256,0.0,0.0,0.0,4.581306,0.0,0.0,3.049131,0.0,0.0,0.0,0.0,0.0,0.0,0.0,0.0,0.0,0.0,3.8214307,0.0,0.0,0.0,0.0,0.0,0.0,0.0,0.0,0.0,0.0,0.0,0.0,0.0,0.0,2.9021847,1.3231692
242,2,1,A,B,261,8.413248,0.0,2.2423618,42.95951,0.0,1.656051,0.0,3.9662762,0.0,0.0,0.0,0.0,0.0,7.247861,1.0935426,1.5319232,0.0,0.0,0.0,5.567198,0.0,0.0,4.286828,0.0,0.0,0.0,0.0,0.0,0.0,0.0,0.0,0.0,0.0,0.280299,0.0,0.0,0.0,0.0,0.0,0.0,0.0,0.0,4.4040008,0.0,0.0,0.0,0.0,0.0,14.381792,2.545794
243,2,0,A,B,336,8.478868,0.0,2.5586016,64.03018,0.0,1.6776575,0.0,5.1408553,0.0,0.0,0.0,0.0,0.0,9.766862,1.4785452,1.5319232,0.0,0.0,0.0,6.206669,0.0,0.0,3.6576896,0.0,0.0,0.0,0.0,0.0,0.0,0.0,0.0,0.0,0.0,0.581745,0.0,0.0,0.0,0.0,0.0,0.0,0.0,0.0,3.1643045,0.0,0.0,0.0,0.0,0.0,20.749676,3.3914127
244,2,0,B,B,268,6.3478746,0.0,1.0137858,9.532178,0.0,1.5916106,0.0,1.3854126,0.0,0.0050463523,0.0,0.0,0.0,2.6472619,0.033086322,0.8286467,0.0,0.0,0.0,4.4727917,0.0,0.0,5.357036,0.0,0.0,0.0,0.0,0.0,0.0,0.0,0.0,0.0,0.0,1.5015717,0.0,0.0,0.0,0.0,0.0,0.0,0.0,0.0,1.1233705,0.0,0.0,0.0,0.0,0.0,2.1661592,0.32818526
245,1,2,B,A,337,6.8988347,0.0,1.6583384,45.7887,0.0,1.8283386,0.0,3.944194,0.0,0.0,0.0,0.0,0.0,7.537765,1.0256314,0.77808875,0.0,0.0,0.0,5.7053447,0.0,0.0,2.6725216,0.0,0.0,0.0,0.0,0.0,0.0,0.0,0.0,0.0,0.0,3.0057604,0.0,0.0,0.0,0.0,0.0,0.0,0.0,0.0,0.0048339968,0.0,0.0,0.0,0.0,0.0,14.559702,2.8784506
246,6,1,A,B,318,9.937535,0.0,4.064312,144.71828,0.0,2.1497338,0.0,10.737845,0.0,0.0,0.0,0.0,0.0,20.362541,3.666783,1.5475516,0.0,0.0,0.0,8.986002,0.0,0.0,0.15713653,0.0,0.0,0.0,0.0,0.0,0.0,0.0,0.0,0.0,0.0,2.3492532,0.0,0.0,0.0,0.0,0.0,0.0,0.0,0.0,0.00013290167,0.0,0.0,0.0,0.0,0.0,47.565025,7.4936376
247,1,2,B,A,266,6.955137,0.0,1.6641617,43.575054,0.0,1.8238323,0.0,3.875925,0.0,0.0,0.0,0.0,0.0,7.3227863,1.0016347,0.78780824,0.0,0.0,0.0,5.6978,0.0,0.0,2.779537,0.0,0.0,0.0,0.0,0.0,0.0,0.0,0.0,0.0,0.0,2.8875384,0.0,0.0,0.0,0.0,0.0,0.0,0.0,0.0,0.01590954,0.0,0.0,0.0,0.0,0.0,14.0620985,2.8566806
248,6,1,A,B,273,10.035336,0.0,4.0539036,131.90901,0.0,2.1821322,0.0,10.700266,0.0,0.0,0.0,0.0,0.0,19.558039,3.707299,1.5475516,0.0,0.0,0.0,8.768495,0.0,0.0,0.14139222,0.0,0.0,0.0,0.0,0.0,0.0,0.0,0.0,0.0,0.0,2.3842175,0.0,0.0,0.0,0.0,0.0,0.0,0.0,0.0,0.0033296493,0.0,0.0,0.0,0.0,0.0,45.873547,7.3967605
249,1,2,A,A,279,7.8731565,0.0,1.5301962,54.93731,0.0,1.4663528,0.0,6.162298,0.0,1.4016026,0.0,0.0,0.0,11.1254225,0.05558157,1.5475516,0.0,0.0,0.0,5.97324,0.0,0.0,6.697669,0.0,0.0,0.0,0.0,0.0,0.0,0.0,0.0,0.0,0.0,0.02303978,0.0,0.0,0.0,0.0,0.0,0.0,0.0,0.0,7.2116914,0.0,0.0,0.0,0.0,0.0,19.045013,0.16248165
250,1,1,B,A,269,6.449054,0.0,1.110525,19.010185,0.0,1.719739,0.0,2.0900266,0.0,0.0002679074,0.0,0.0,0.0,4.0001006,0.3015157,0.75251204,0.0,0.0,0.0,4.8135114,0.0,0.0,3.7777262,0.0,0.0,0.0,0.0,0.0,0.0,0.0,0.0,0.0,0.0,2.5600753,0.0,0.0,0.0,0.0,0.0,0.0,0.0,0.0,0.060258053,0.0,0.0,0.0,0.0,0.0,5.480384,1.4561403
251,10,1,A,B,338,11.517164,0.0,4.3614964,160.22768,0.0,2.672575,0.0,11.842716,0.0,0.0,0.0,0.0,0.0,22.626787,4.0545855,1.5475516,0.0,0.0,0.0,9.491884,0.0,0.0,0.0,0.0,0.0,0.0,0.0,0.0,0.0,0.0,0.0,0.0,0.0,2.7066102,0.0,0.0,0.0,0.0,0.0,0.0,0.0,0.0,0.0,0.0,0.0,0.0,0.0,0.0,52.301495,8.329526
252,6,1,B,B,318,7.8308787,0.0,1.4913268,65.661285,0.0,1.4533719,0.0,6.6435366,0.0,1.5541885,0.0,0.0,0.0,12.525078,0.005987345,1.5461018,0.0,0.0,0.0,6.240456,0.0,0.0,9.097335,0.0,0.0,0.0,0.0,0.0,0.0,0.0,0.0,0.0,0.0,0.018852724,0.0,0.0,0.0,0.0,0.0,0.0,0.0,0.0,9.599155,0.0,0.0,0.0,0.0,0.0,21.63823,0.0054515535
253,10,1,A,B,252,11.268601,0.0,3.9761264,116.733665,0.0,2.5905633,0.0,10.41234,0.0,0.0,0.0,0.0,0.0,18.240488,3.821725,1.5475516,0.0,0.0,0.0,8.365771,0.0,0.0,0.2624819,0.0,0.0,0.0,0.0,0.0,0.0,0.0,0.0,0.0,0.0,2.5088432,0.0,0.0,0.0,0.0,0.0,0.0,0.0,0.0,0.12188916,0.0,0.0,0.0,0.0,0.0,42.078453,7.3198338
254,3,1,B,A,265,7.4598694,0.0,1.4154809,29.800102,0.0,1.627158,0.0,3.4351087,0.0,0.4749948,0.0,0.0,0.0,6.31259,0.17255102,1.169252,0.0,0.0,0.0,5.074961,0.0,0.0,5.452154,0.0,0.0,0.0,0.0,0.0,0.0,0.0,0.0,0.0,0.0,0.5302693,0.0,0.0,0.0,0.0,0.0,0.0,0.0,0.0,5.1534843,0.0,0.0,0.0,0.0,0.0,9.689269,0.768713
255,4,1,A,B,340,9.137753,0.0,3.260308,102.38497,0.0,1.895769,0.0,7.750486,0.0,0.0,0.0,0.0,0.0,14.780354,2.4818144,1.5319232,0.0,0.0,0.0,7.4718256,0.0,0.0,2.024992,0.0,0.0,0.0,0.0,0.0,0.0,0.0,0.0,0.0,0.0,1.4067622,0.0,0.0,0.0,0.0,0.0,0.0,0.0,0.0,0.30080363,0.0,0.0,0.0,0.0,0.0,33.400337,5.306797
256,1,2,A,A,335,7.922656,0.0,1.5791053,59.714745,0.0,1.4935906,0.0,6.016848,0.0,1.193945,0.0,0.0,0.0,11.390829,0.14087027,1.5319232,0.0,0.0,0.0,6.0186567,0.0,0.0,6.2909174,0.0,0.0,0.0,0.0,0.0,0.0,0.0,0.0,0.0,0.0,0.061759084,0.0,0.0,0.0,0.0,0.0,0.0,0.0,0.0,6.822761,0.0,0.0,0.0,0.0,0.0,19.740717,0.41677722
257,0,1,B,A,339,5.7375245,0.0,0.7231641,8.396895,0.0,1.7494545,0.0,1.7040701,0.0,0.0,0.0,0.0,0.0,2.9146087,0.21332665,0.51632106,0.0,0.0,0.0,4.608362,0.0,0.0,3.106045,0.0,0.0,0.0,0.0,0.0,0.0,0.0,0.0,0.0,0.0,3.6539059,0.0,0.0,0.0,0.0,0.0,0.0,0.0,0.0,0.00846034,0.0,0.0,0.0,0.0,0.0,2.8281217,1.3110423
258,4,1,B,B,264,7.8512783,0.0,1.4690776,52.193443,0.0,1.5531094,0.0,6.009445,0.0,1.408339,0.0,0.0,0.0,10.728491,0.033356924,1.4168493,0.0,0.0,0.0,5.8328123,0.0,0.0,6.8945813,0.0,0.0,0.0,0.0,0.0,0.0,0.0,0.0,0.0,0.0,0.074094765,0.0,0.0,0.0,0.0,0.0,0.0,0.0,0.0,7.300282,0.0,0.0,0.0,0.0,0.0,18.06278,0.13881841
259,0,1,A,A,261,7.8110337,0.0,1.582639,47.178413,0.0,1.4566388,0.0,5.4190936,0.0,1.2051438,0.0,0.0,0.0,9.590863,0.08763705,1.5319232,0.0,0.0,0.0,5.6524153,0.0,0.0,6.1246734,0.0,0.0,0.0,0.0,0.0,0.0,0.0,0.0,0.0,0.0,0.0589132,0.0,0.0,0.0,0.0,0.0,0.0,0.0,0.0,6.4823346,0.0,0.0,0.0,0.0,0.0,16.302588,0.54484713
260,4,1,A,B,330,9.131606,0.0,3.2436323,100.79074,0.0,1.8938165,0.0,7.6887293,0.0,0.0,0.0,0.0,0.0,14.583897,2.4809883,1.5319232,0.0,0.0,0.0,7.420137,0.0,0.0,2.026545,0.0,0.0,0.0,0.0,0.0,0.0,0.0,0.0,0.0,0.0,1.4058938,0.0,0.0,0.0,0.0,0.0,0.0,0.0,0.0,0.2953441,0.0,0.0,0.0,0.0,0.0,32.941784,5.271474
261,1,1,A,A,256,8.084879,0.0,1.8890326,31.582626,0.0,1.5473002,0.0,3.1684992,0.0,0.15214323,0.0,0.0,0.0,5.848421,0.5416167,1.5319232,0.0,0.0,0.0,5.1587124,0.0,0.0,5.195646,0.0,0.0,0.0,0.0,0.0,0.0,0.0,0.0,0.0,0.0,0.09584757,0.0,0.0,0.0,0.0,0.0,0.0,0.0,0.0,5.570134,0.0,0.0,0.0,0.0,0.0,10.212058,1.5468313
262,0,1,A,A,312,7.740483,0.0,1.5234687,61.84276,0.0,1.4333643,0.0,6.3748903,0.0,1.4119226,0.0,0.0,0.0,11.924221,0.05741317,1.5319232,0.0,0.0,0.0,6.082859,0.0,0.0,6.4113994,0.0,0.0,0.0,0.0,0.0,0.0,0.0,0.0,0.0,0.0,0.05851528,0.0,0.0,0.0,0.0,0.0,0.0,0.0,0.0,6.851975,0.0,0.0,0.0,0.0,0.0,20.65128,0.22704068
263,1,2,A,A,303,7.8644,0.0,1.5393294,61.41954,0.0,1.4743198,0.0,6.2880793,0.0,1.3499221,0.0,0.0,0.0,11.83364,0.08208983,1.5319232,0.0,0.0,0.0,6.0752983,0.0,0.0,6.479559,0.0,0.0,0.0,0.0,0.0,0.0,0.0,0.0,0.0,0.0,0.059962187,0.0,0.0,0.0,0.0,0.0,0.0,0.0,0.0,6.9706774,0.0,0.0,0.0,0.0,0.0,20.462679,0.29378513
264,3,1,A,B,347,8.781739,0.0,2.7840934,76.67923,0.0,1.7779902,0.0,5.9796185,0.0,0.0,0.0,0.0,0.0,11.414124,1.8113353,1.5319232,0.0,0.0,0.0,6.617199,0.0,0.0,3.106135,0.0,0.0,0.0,0.0,0.0,0.0,0.0,0.0,0.0,0.0,0.857905,0.0,0.0,0.0,0.0,0.0,0.0,0.0,0.0,2.1274433,0.0,0.0,0.0,0.0,0.0,24.823088,4.029131
265,0,1,B,A,307,5.5881696,0.0,0.70025474,11.006869,0.0,1.7405608,0.0,1.7228318,0.0,0.0,0.0,0.0,0.0,3.1253846,0.17624065,0.4816063,0.0,0.0,0.0,4.6224127,0.0,0.0,3.0810866,0.0,0.0,0.0,0.0,0.0,0.0,0.0,0.0,0.0,0.0,3.7783563,0.0,0.0,0.0,0.0,0.0,0.0,0.0,0.0,0.0026928494,0.0,0.0,0.0,0.0,0.0,3.2654967,1.3374897
266,1,1,A,A,253,8.019203,0.0,1.7715216,36.38638,0.0,1.5255554,0.0,3.946002,0.0,0.5400995,0.0,0.0,0.0,7.0680265,0.35722587,1.5319232,0.0,0.0,0.0,5.303308,0.0,0.0,5.4955754,0.0,0.0,0.0,0.0,0.0,0.0,0.0,0.0,0.0,0.0,0.0752827,0.0,0.0,0.0,0.0,0.0,0.0,0.0,0.0,5.9020143,0.0,0.0,0.0,0.0,0.0,12.097851,1.210059
267,10,1,A,B,311,11.452623,0.0,4.3599377,158.69955,0.0,2.65122,0.0,11.836984,0.0,0.0,0.0,0.0,0.0,22.548096,4.056279,1.5475516,0.0,0.0,0.0,9.4748,0.0,0.0,0.0,0.0,0.0,0.0,0.0,0.0,0.0,0.0,0.0,0.0,0.0,2.706205,0.0,0.0,0.0,0.0,0.0,0.0,0.0,0.0,0.0,0.0,0.0,0.0,0.0,0.0,52.18456,8.315327
268,10,1,A,B,331,11.472032,0.0,4.3607087,160.07843,0.0,2.657629,0.0,11.839795,0.0,0.0,0.0,0.0,0.0,22.613628,4.054009,1.5475516,0.0,0.0,0.0,9.491168,0.0,0.0,0.0,0.0,0.0,0.0,0.0,0.0,0.0,0.0,0.0,0.0,0.0,2.7049193,0.0,0.0,0.0,0.0,0.0,0.0,0.0,0.0,0.0,0.0,0.0,0.0,0.0,0.0,52.303173,8.325144
269,3,1,B,A,348,7.4601617,0.0,1.3587929,50.644917,0.0,1.6148938,0.0,5.0347304,0.0,0.85659164,0.0,0.0,0.0,9.811869,0.1253977,1.1876894,0.0,0.0,0.0,5.7091346,0.0,0.0,5.714792,0.0,0.0,0.0,0.0,0.0,0.0,0.0,0.0,0.0,0.0,0.45390016,0.0,0.0,0.0,0.0,0.0,0.0,0.0,0.0,5.5662913,0.0,0.0,0.0,0.0,0.0,16.283228,0.4768129
270,0,1,A,A,342,7.767001,0.0,1.528519,62.259068,0.0,1.4421363,0.0,6.333577,0.0,1.3922906,0.0,0.0,0.0,11.875967,0.06433797,1.5319232,0.0,0.0,0.0,6.0777473,0.0,0.0,6.270152,0.0,0.0,0.0,0.0,0.0,0.0,0.0,0.0,0.0,0.0,0.057941273,0.0,0.0,0.0,0.0,0.0,0.0,0.0,0.0,6.701841,0.0,0.0,0.0,0.0,0.0,20.56204,0.3182556
271,4,1,A,B,313,9.117317,0.0,3.1921759,95.81456,0.0,1.8891127,0.0,7.4976516,0.0,0.0,0.0,0.0,0.0,14.051333,2.447412,1.5319232,0.0,0.0,0.0,7.2827997,0.0,0.0,2.0800064,0.0,0.0,0.0,0.0,0.0,0.0,0.0,0.0,0.0,0.0,1.3786082,0.0,0.0,0.0,0.0,0.0,0.0,0.0,0.0,0.33805457,0.0,0.0,0.0,0.0,0.0,31.667723,5.144197
272,10,1,B,B,307,7.2243123,0.0,1.4921039,66.29675,0.0,1.2514803,0.0,6.63683,0.0,1.5538784,0.0,0.0,0.0,12.480143,0.0059873466,1.5475516,0.0,0.0,0.0,6.2416286,0.0,0.0,13.306361,0.0,0.0,0.0,0.0,0.0,0.0,0.0,0.0,0.0,0.0,0.018852724,0.0,0.0,0.0,0.0,0.0,0.0,0.0,0.0,13.952544,0.0,0.0,0.0,0.0,0.0,21.97122,0.00456577
273,3,1,B,B,327,7.5003595,0.0,1.3333359,32.061863,0.0,1.6042138,0.0,4.2049093,0.0,0.84454226,0.0,0.0,0.0,7.353322,0.065316595,1.2352142,0.0,0.0,0.0,5.246102,0.0,0.0,5.9124236,0.0,0.0,0.0,0.0,0.0,0.0,0.0,0.0,0.0,0.0,0.35550904,0.0,0.0,0.0,0.0,0.0,0.0,0.0,0.0,5.5779443,0.0,0.0,0.0,0.0,0.0,11.3969145,0.30760723
274,1,1,B,A,269,6.1978035,0.0,0.9805393,16.029505,0.0,1.7170792,0.0,1.8576258,0.0,8.3979365e-05,0.0,0.0,0.0,3.5717564,0.22222371,0.6639767,0.0,0.0,0.0,4.713396,0.0,0.0,3.6830916,0.0,0.0,0.0,0.0,0.0,0.0,0.0,0.0,0.0,0.0,2.8387785,0.0,0.0,0.0,0.0,0.0,0.0,0.0,0.0,0.01734449,0.0,0.0,0.0,0.0,0.0,4.3530335,1.3774779
275,1,2,A,A,330,7.887275,0.0,1.5430638,61.087025,0.0,1.4818555,0.0,6.159065,0.0,1.3289521,0.0,0.0,0.0,11.626084,0.07152297,1.5319232,0.0,0.0,0.0,6.0426674,0.0,0.0,6.482369,0.0,0.0,0.0,0.0,0.0,0.0,0.0,0.0,0.0,0.0,0.058630675,0.0,0.0,0.0,0.0,0.0,0.0,0.0,0.0,6.9634795,0.0,0.0,0.0,0.0,0.0,20.05726,0.23896386
276,1,1,B,A,252,6.3142686,0.0,1.1503406,21.22254,0.0,1.705835,0.0,2.1998627,0.0,0.0,0.0,0.0,0.0,4.2267346,0.32784548,0.6728771,0.0,0.0,0.0,4.8752623,0.0,0.0,3.7509265,0.0,0.0,0.0,0.0,0.0,0.0,0.0,0.0,0.0,0.0,2.6624453,0.0,0.0,0.0,0.0,0.0,0.0,0.0,0.0,0.3179332,0.0,0.0,0.0,0.0,0.0,6.101356,1.5973799
277,1,1,B,A,325,6.2317486,0.0,0.9413097,9.52436,0.0,1.7163858,0.0,1.7106155,0.0,0.0,0.0,0.0,0.0,2.9790525,0.21356325,0.6845954,0.0,0.0,0.0,4.5598507,0.0,0.0,3.7356477,0.0,0.0,0.0,0.0,0.0,0.0,0.0,0.0,0.0,0.0,2.7783892,0.0,0.0,0.0,0.0,0.0,0.0,0.0,0.0,0.01448905,0.0,0.0,0.0,0.0,0.0,3.0364802,1.1858003
278,2,1,A,B,274,8.343852,0.0,2.2750442,45.195786,0.0,1.6485088,0.0,4.0951033,0.0,0.0,0.0,0.0,0.0,7.5146046,1.1351464,1.5162948,0.0,0.0,0.0,5.5785193,0.0,0.0,4.214418,0.0,0.0,0.0,0.0,0.0,0.0,0.0,0.0,0.0,0.0,0.36644652,0.0,0.0,0.0,0.0,0.0,0.0,0.0,0.0,4.1980042,0.0,0.0,0.0,0.0,0.0,15.081435,2.6389828
279,2,0,B,A,301,6.226005,0.0,0.95715487,4.5915456,0.0,1.5858471,0.0,1.3096745,0.0,0.0058993353,0.0,0.0,0.0,2.2559295,0.03186234,0.79607195,0.0,0.0,0.0,4.373905,0.0,0.0,5.4000535,0.0,0.0,0.0,0.0,0.0,0.0,0.0,0.0,0.0,0.0,1.5781353,0.0,0.0,0.0,0.0,0.0,0.0,0.0,0.0,0.73157525,0.0,0.0,0.0,0.0,0.0,1.329131,0.19084902
280,2,1,A,A,264,8.409192,0.0,2.285327,45.384605,0.0,1.6546507,0.0,4.1257467,0.0,0.0,0.0,0.0,0.0,7.5618505,1.1464183,1.5319232,0.0,0.0,0.0,5.6471314,0.0,0.0,4.2051644,0.0,0.0,0.0,0.0,0.0,0.0,0.0,0.0,0.0,0.0,0.3122238,0.0,0.0,0.0,0.0,0.0,0.0,0.0,0.0,4.265169,0.0,0.0,0.0,0.0,0.0,15.200543,2.6567872
281,3,1,A,B,300,8.719431,0.0,2.7085106,70.78667,0.0,1.7572507,0.0,5.698403,0.0,0.0,0.0,0.0,0.0,10.781503,1.6790564,1.5319232,0.0,0.0,0.0,6.456735,0.0,0.0,3.3314362,0.0,0.0,0.0,0.0,0.0,0.0,0.0,0.0,0.0,0.0,0.74962336,0.0,0.0,0.0,0.0,0.0,0.0,0.0,0.0,2.4976218,0.0,0.0,0.0,0.0,0.0,23.27302,3.7819555
282,6,1,B,B,296,7.822338,0.0,1.4927498,63.259777,0.0,1.449736,0.0,6.6056433,0.0,1.550755,0.0,0.0,0.0,12.323635,0.0064683883,1.5471978,0.0,0.0,0.0,6.196233,0.0,0.0,9.11366,0.0,0.0,0.0,0.0,0.0,0.0,0.0,0.0,0.0,0.0,0.018852724,0.0,0.0,0.0,0.0,0.0,0.0,0.0,0.0,9.621209,0.0,0.0,0.0,0.0,0.0,21.254946,0.0068220343
283,1,1,A,A,285,8.009067,0.0,1.7409734,39.20245,0.0,1.522159,0.0,4.198886,0.0,0.5623452,0.0,0.0,0.0,7.6618614,0.36259165,1.5319232,0.0,0.0,0.0,5.4072585,0.0,0.0,5.500526,0.0,0.0,0.0,0.0,0.0,0.0,0.0,0.0,0.0,0.0,0.07972132,0.0,0.0,0.0,0.0,0.0,0.0,0.0,0.0,5.964939,0.0,0.0,0.0,0.0,0.0,13.127602,1.1238315
284,6,1,A,B,296,9.954979,0.0,4.07991,143.5651,0.0,2.155497,0.0,10.79593,0.0,0.0,0.0,0.0,0.0,20.408485,3.6778433,1.5475516,0.0,0.0,0.0,8.997381,0.0,0.0,0.1849214,0.0,0.0,0.0,0.0,0.0,0.0,0.0,0.0,0.0,0.0,2.3585143,0.0,0.0,0.0,0.0,0.0,0.0,0.0,0.0,0.0007915747,0.0,0.0,0.0,0.0,0.0,47.716026,7.5131617
285,1,2,A,A,320,7.909923,0.0,1.540856,61.18924,0.0,1.4893342,0.0,6.2536607,0.0,1.3428872,0.0,0.0,0.0,11.762101,0.08181396,1.5319232,0.0,0.0,0.0,6.061573,0.0,0.0,6.4317875,0.0,0.0,0.0,0.0,0.0,0.0,0.0,0.0,0.0,0.0,0.059819993,0.0,0.0,0.0,0.0,0.0,0.0,0.0,0.0,6.9393616,0.0,0.0,0.0,0.0,0.0,20.298237,0.28342617
286,6,1,A,B,272,9.830418,0.0,3.8736198,123.178246,0.0,2.114275,0.0,10.029861,0.0,0.0,0.0,0.0,0.0,18.348392,3.4286752,1.5475516,0.0,0.0,0.0,8.456355,0.0,0.0,0.4840778,0.0,0.0,0.0,0.0,0.0,0.0,0.0,0.0,0.0,0.0,2.153549,0.0,0.0,0.0,0.0,0.0,0.0,0.0,0.0,0.0107105365,0.0,0.0,0.0,0.0,0.0,42.801792,6.8996105
287,2,0,B,B,337,6.375615,0.0,0.9855044,2.777316,0.0,1.5911853,0.0,1.2587022,0.0,0.00712041,0.0,0.0,0.0,2.0748034,0.028868401,0.84716314,0.0,0.0,0.0,4.3254604,0.0,0.0,5.415448,0.0,0.0,0.0,0.0,0.0,0.0,0.0,0.0,0.0,0.0,1.4437093,0.0,0.0,0.0,0.0,0.0,0.0,0.0,0.0,1.2137928,0.0,0.0,0.0,0.0,0.0,0.93768644,0.1708006
288,1,1,B,A,295,6.3517394,0.0,1.0005105,10.838693,0.0,1.7174239,0.0,1.7790986,0.0,0.0,0.0,0.0,0.0,3.1319997,0.23140162,0.7161285,0.0,0.0,0.0,4.595301,0.0,0.0,3.789859,0.0,0.0,0.0,0.0,0.0,0.0,0.0,0.0,0.0,0.0,2.6393466,0.0,0.0,0.0,0.0,0.0,0.0,0.0,0.0,0.037103616,0.0,0.0,0.0,0.0,0.0,3.4106812,1.2427319
289,3,1,B,B,257,7.5992713,0.0,1.480706,38.47176,0.0,1.6112609,0.0,4.4893003,0.0,0.82291406,0.0,0.0,0.0,8.005187,0.16189484,1.2315117,0.0,0.0,0.0,5.414858,0.0,0.0,5.7638664,0.0,0.0,0.0,0.0,0.0,0.0,0.0,0.0,0.0,0.0,0.27364123,0.0,0.0,0.0,0.0,0.0,0.0,0.0,0.0,5.8728523,0.0,0.0,0.0,0.0,0.0,13.135626,0.670197
290,1,2,B,A,323,7.1984105,0.0,1.8488073,48.916824,0.0,1.8626943,0.0,4.460149,0.0,0.0,0.0,0.0,0.0,8.175012,1.2668117,0.8409326,0.0,0.0,0.0,5.91209,0.0,0.0,2.4425788,0.0,0.0,0.0,0.0,0.0,0.0,0.0,0.0,0.0,0.0,2.9379826,0.0,0.0,0.0,0.0,0.0,0.0,0.0,0.0,0.018017543,0.0,0.0,0.0,0.0,0.0,16.38748,3.2086053
291,10,1,A,B,314,11.462293,0.0,4.3592563,159.04295,0.0,2.6544166,0.0,11.834437,0.0,0.0,0.0,0.0,0.0,22.561611,4.05408,1.5475516,0.0,0.0,0.0,9.479001,0.0,0.0,0.0,0.0,0.0,0.0,0.0,0.0,0.0,0.0,0.0,0.0,0.0,2.7046893,0.0,0.0,0.0,0.0,0.0,0.0,0.0,0.0,0.0,0.0,0.0,0.0,0.0,0.0,52.201183,8.315805
292,2,0,B,B,253,6.5028157,0.0,1.1396769,13.638023,0.0,1.5942427,0.0,1.6031096,0.0,0.004858436,0.0,0.0,0.0,3.1466653,0.06433663,0.84639513,0.0,0.0,0.0,4.5928483,0.0,0.0,5.287619,0.0,0.0,0.0,0.0,0.0,0.0,0.0,0.0,0.0,0.0,1.3956695,0.0,0.0,0.0,0.0,0.0,0.0,0.0,0.0,1.7297608,0.0,0.0,0.0,0.0,0.0,3.4140177,0.5711004
293,6,1,A,B,282,9.974137,0.0,4.076818,137.97427,0.0,2.1618416,0.0,10.784907,0.0,0.0,0.0,0.0,0.0,20.065384,3.6974347,1.5475516,0.0,0.0,0.0,8.90501,0.0,0.0,0.12777217,0.0,0.0,0.0,0.0,0.0,0.0,0.0,0.0,0.0,0.0,2.3747942,0.0,0.0,0.0,0.0,0.0,0.0,0.0,0.0,0.0017550555,0.0,0.0,0.0,0.0,0.0,47.016518,7.473485
294,0,1,B,A,274,5.7551723,0.0,0.844186,17.782185,0.0,1.7504146,0.0,2.0478916,0.0,0.0,0.0,0.0,0.0,3.8775167,0.29881898,0.51723784,0.0,0.0,0.0,4.809176,0.0,0.0,3.0405982,0.0,0.0,0.0,0.0,0.0,0.0,0.0,0.0,0.0,0.0,3.6752026,0.0,0.0,0.0,0.0,0.0,0.0,0.0,0.0,0.0019767846,0.0,0.0,0.0,0.0,0.0,5.117513,1.6077877
295,4,1,B,B,330,7.895987,0.0,1.4527411,61.92224,0.0,1.5745811,0.0,6.3402333,0.0,1.4154781,0.0,0.0,0.0,11.919964,0.04943001,1.4141315,0.0,0.0,0.0,6.0786347,0.0,0.0,6.6854296,0.0,0.0,0.0,0.0,0.0,0.0,0.0,0.0,0.0,0.0,0.07588539,0.0,0.0,0.0,0.0,0.0,0.0,0.0,0.0,7.1422234,0.0,0.0,0.0,0.0,0.0,20.32713,0.11379299
296,2,1,B,A,349,6.7102747,0.0,1.0963187,5.396906,0.0,1.6480883,0.0,1.4495832,0.0,0.0043585817,0.0,0.0,0.0,2.457819,0.09814719,0.9057293,0.0,0.0,0.0,4.3658886,0.0,0.0,4.7841644,0.0,0.0,0.0,0.0,0.0,0.0,0.0,0.0,0.0,0.0,1.6043346,0.0,0.0,0.0,0.0,0.0,0.0,0.0,0.0,0.8845218,0.0,0.0,0.0,0.0,0.0,1.8136132,0.69312406
297,3,1,B,B,270,7.5001965,0.0,1.3954723,29.430134,0.0,1.6338115,0.0,3.3828585,0.0,0.48152375,0.0,0.0,0.0,6.1881084,0.15303375,1.1747149,0.0,0.0,0.0,5.1048813,0.0,0.0,5.5147038,0.0,0.0,0.0,0.0,0.0,0.0,0.0,0.0,0.0,0.0,0.49451894,0.0,0.0,0.0,0.0,0.0,0.0,0.0,0.0,5.003537,0.0,0.0,0.0,0.0,0.0,9.377877,0.68595225
298,1,2,B,A,262,7.017707,0.0,1.684603,40.90969,0.0,1.8302616,0.0,3.909015,0.0,0.0,0.0,0.0,0.0,7.131603,1.064058,0.80201006,0.0,0.0,0.0,5.6438985,0.0,0.0,2.7128785,0.0,0.0,0.0,0.0,0.0,0.0,0.0,0.0,0.0,0.0,2.878868,0.0,0.0,0.0,0.0,0.0,0.0,0.0,0.0,0.013896747,0.0,0.0,0.0,0.0,0.0,13.717724,2.8853643
299,1,2,A,A,256,7.9434814,0.0,1.6048596,47.51864,0.0,1.5004529,0.0,5.3650994,0.0,1.1368678,0.0,0.0,0.0,9.58518,0.12310311,1.5319232,0.0,0.0,0.0,5.6654468,0.0,0.0,6.149695,0.0,0.0,0.0,0.0,0.0,0.0,0.0,0.0,0.0,0.0,0.06536827,0.0,0.0,0.0,0.0,0.0,0.0,0.0,0.0,6.633169,0.0,0.0,0.0,0.0,0.0,16.30393,0.5614728
300,1,2,B,A,309,6.940763,0.0,1.6731762,43.12529,0.0,1.8391194,0.0,4.0056515,0.0,0.0,0.0,0.0,0.0,7.3714314,1.0951883,0.78515756,0.0,0.0,0.0,5.6547194,0.0,0.0,2.5535784,0.0,0.0,0.0,0.0,0.0,0.0,0.0,0.0,0.0,0.0,3.0534196,0.0,0.0,0.0,0.0,0.0,0.0,0.0,0.0,0.015747758,0.0,0.0,0.0,0.0,0.0,14.290012,2.9223585
301,10,1,A,B,332,11.425541,0.0,4.360608,159.98882,0.0,2.6422412,0.0,11.839435,0.0,0.0,0.0,0.0,0.0,22.59893,4.0559225,1.5475516,0.0,0.0,0.0,9.489799,0.0,0.0,0.0,0.0,0.0,0.0,0.0,0.0,0.0,0.0,0.0,0.0,0.0,2.705194,0.0,0.0,0.0,0.0,0.0,0.0,0.0,0.0,0.0,0.0,0.0,0.0,0.0,0.0,52.30598,8.322953
302,1,1,B,A,278,6.268187,0.0,1.020408,16.342457,0.0,1.7168739,0.0,1.9187206,0.0,0.0,0.0,0.0,0.0,3.653,0.23849568,0.68423355,0.0,0.0,0.0,4.7322135,0.0,0.0,3.733721,0.0,0.0,0.0,0.0,0.0,0.0,0.0,0.0,0.0,0.0,2.742034,0.0,0.0,0.0,0.0,0.0,0.0,0.0,0.0,0.012319513,0.0,0.0,0.0,0.0,0.0,4.5909967,1.3700376
303,6,1,B,B,298,7.8593683,0.0,1.4921461,63.23654,0.0,1.462769,0.0,6.6053524,0.0,1.5507991,0.0,0.0,0.0,12.327731,0.006201716,1.5461028,0.0,0.0,0.0,6.1966386,0.0,0.0,9.075726,0.0,0.0,0.0,0.0,0.0,0.0,0.0,0.0,0.0,0.0,0.018852724,0.0,0.0,0.0,0.0,0.0,0.0,0.0,0.0,9.582324,0.0,0.0,0.0,0.0,0.0,21.235598,0.0059682713
304,2,1,A,A,255,8.37236,0.0,2.2460263,43.632305,0.0,1.6425221,0.0,3.979515,0.0,0.0,0.0,0.0,0.0,7.3241076,1.0774215,1.5319232,0.0,0.0,0.0,5.5901394,0.0,0.0,4.313183,0.0,0.0,0.0,0.0,0.0,0.0,0.0,0.0,0.0,0.0,0.27445206,0.0,0.0,0.0,0.0,0.0,0.0,0.0,0.0,4.387796,0.0,0.0,0.0,0.0,0.0,14.575829,2.5414398
305,4,1,B,B,322,7.8971086,0.0,1.4516989,61.882935,0.0,1.5693173,0.0,6.341017,0.0,1.4098669,0.0,0.0,0.0,11.935001,0.054417163,1.4302089,0.0,0.0,0.0,6.082232,0.0,0.0,6.7803764,0.0,0.0,0.0,0.0,0.0,0.0,0.0,0.0,0.0,0.0,0.07761747,0.0,0.0,0.0,0.0,0.0,0.0,0.0,0.0,7.271689,0.0,0.0,0.0,0.0,0.0,20.367405,0.10824813
306,4,1,A,B,280,9.151355,0.0,3.2423594,94.98008,0.0,1.9003369,0.0,7.6847167,0.0,0.0,0.0,0.0,0.0,14.251123,2.5083735,1.5319232,0.0,0.0,0.0,7.332044,0.0,0.0,1.9977876,0.0,0.0,0.0,0.0,0.0,0.0,0.0,0.0,0.0,0.0,1.4279529,0.0,0.0,0.0,0.0,0.0,0.0,0.0,0.0,0.23031546,0.0,0.0,0.0,0.0,0.0,32.270958,5.2412887
307,1,2,B,A,290,6.9122953,0.0,1.6812099,44.987404,0.0,1.8383363,0.0,4.0406976,0.0,0.0,0.0,0.0,0.0,7.55052,1.0883629,0.7694716,0.0,0.0,0.0,5.706809,0.0,0.0,2.569722,0.0,0.0,0.0,0.0,0.0,0.0,0.0,0.0,0.0,0.0,3.0757923,0.0,0.0,0.0,0.0,0.0,0.0,0.0,0.0,0.01202783,0.0,0.0,0.0,0.0,0.0,14.687012,2.9660027
308,2,1,B,A,318,6.883844,0.0,1.212425,10.638807,0.0,1.6739844,0.0,1.7796444,0.0,0.009167321,0.0,0.0,0.0,3.1275744,0.22518633,0.92971563,0.0,0.0,0.0,4.524977,0.0,0.0,4.5545697,0.0,0.0,0.0,0.0,0.0,0.0,0.0,0.0,0.0,0.0,1.6312802,0.0,0.0,0.0,0.0,0.0,0.0,0.0,0.0,0.82405096,0.0,0.0,0.0,0.0,0.0,3.447215,1.0071219
309,0,1,B,A,303,5.853289,0.0,0.79114664,11.034765,0.0,1.7645122,0.0,1.8686662,0.0,0.0,0.0,0.0,0.0,3.2287095,0.2889894,0.53862953,0.0,0.0,0.0,4.6844006,0.0,0.0,2.9761202,0.0,0.0,0.0,0.0,0.0,0.0,0.0,0.0,0.0,0.0,3.6515815,0.0,0.0,0.0,0.0,0.0,0.0,0.0,0.0,0.0026772278,0.0,0.0,0.0,0.0,0.0,3.6234608,1.4816495
311,2,1,A,A,294,8.410221,0.0,2.3071506,49.350845,0.0,1.6549443,0.0,4.206847,0.0,0.0,0.0,0.0,0.0,7.941216,1.1330254,1.5319232,0.0,0.0,0.0,5.745734,0.0,0.0,4.2194185,0.0,0.0,0.0,0.0,0.0,0.0,0.0,0.0,0.0,0.0,0.30879304,0.0,0.0,0.0,0.0,0.0,0.0,0.0,0.0,4.2014227,0.0,0.0,0.0,0.0,0.0,16.044094,2.7095504
312,1,2,B,A,349,6.8450465,0.0,1.612285,41.257393,0.0,1.8322976,0.0,3.865821,0.0,0.0,0.0,0.0,0.0,7.118842,1.0343537,0.7587804,0.0,0.0,0.0,5.595284,0.0,0.0,2.5698977,0.0,0.0,0.0,0.0,0.0,0.0,0.0,0.0,0.0,0.0,3.1096487,0.0,0.0,0.0,0.0,0.0,0.0,0.0,0.0,0.0042902934,0.0,0.0,0.0,0.0,0.0,13.634627,2.8257499
313,2,0,B,B,338,6.405157,0.0,1.0141118,3.343612,0.0,1.580538,0.0,1.2978379,0.0,0.012932955,0.0,0.0,0.0,2.1481879,0.039742276,0.86055213,0.0,0.0,0.0,4.3410444,0.0,0.0,5.554718,0.0,0.0,0.0,0.0,0.0,0.0,0.0,0.0,0.0,0.0,1.3161427,0.0,0.0,0.0,0.0,0.0,0.0,0.0,0.0,1.93496,0.0,0.0,0.0,0.0,0.0,1.12645,0.15909472
314,6,1,A,B,269,9.932648,0.0,3.9706872,125.5988,0.0,2.1481993,0.0,10.391143,0.0,0.0,0.0,0.0,0.0,18.803936,3.6254623,1.5475516,0.0,0.0,0.0,8.574297,0.0,0.0,0.219785,0.0,0.0,0.0,0.0,0.0,0.0,0.0,0.0,0.0,0.0,2.3150997,0.0,0.0,0.0,0.0,0.0,0.0,0.0,0.0,0.0026589811,0.0,0.0,0.0,0.0,0.0,44.07786,7.1796794
315,1,2,B,A,307,6.9582176,0.0,1.6923218,45.56252,0.0,1.8315206,0.0,4.0200047,0.0,0.0,0.0,0.0,0.0,7.583352,1.0621843,0.7960492,0.0,0.0,0.0,5.712465,0.0,0.0,2.662325,0.0,0.0,0.0,0.0,0.0,0.0,0.0,0.0,0.0,0.0,2.9650712,0.0,0.0,0.0,0.0,0.0,0.0,0.0,0.0,0.012474235,0.0,0.0,0.0,0.0,0.0,14.729849,2.9128842
316,2,1,B,A,350,6.8873663,0.0,1.1590173,6.2936115,0.0,1.6665732,0.0,1.5418631,0.0,0.0025561803,0.0,0.0,0.0,2.6110046,0.14523153,0.92827994,0.0,0.0,0.0,4.4478207,0.0,0.0,4.7180824,0.0,0.0,0.0,0.0,0.0,0.0,0.0,0.0,0.0,0.0,1.5240638,0.0,0.0,0.0,0.0,0.0,0.0,0.0,0.0,0.8778201,0.0,0.0,0.0,0.0,0.0,2.1930056,0.8251628
317,3,1,B,B,305,7.311955,0.0,1.3078021,36.718143,0.0,1.5991875,0.0,4.172171,0.0,0.7215527,0.0,0.0,0.0,7.814807,0.07576653,1.1611619,0.0,0.0,0.0,5.316184,0.0,0.0,5.7978306,0.0,0.0,0.0,0.0,0.0,0.0,0.0,0.0,0.0,0.0,0.4815184,0.0,0.0,0.0,0.0,0.0,0.0,0.0,0.0,5.398981,0.0,0.0,0.0,0.0,0.0,12.320853,0.35694855
318,1,2,A,A,268,7.8714385,0.0,1.5540167,50.258495,0.0,1.4765662,0.0,5.739061,0.0,1.2963288,0.0,0.0,0.0,10.230459,0.07249705,1.5319232,0.0,0.0,0.0,5.754294,0.0,0.0,6.4604883,0.0,0.0,0.0,0.0,0.0,0.0,0.0,0.0,0.0,0.0,0.062544025,0.0,0.0,0.0,0.0,0.0,0.0,0.0,0.0,6.9595056,0.0,0.0,0.0,0.0,0.0,17.381687,0.29909694
319,0,1,B,A,267,5.846571,0.0,0.90147364,19.428066,0.0,1.7524843,0.0,2.1241865,0.0,0.0,0.0,0.0,0.0,4.080078,0.3054989,0.5323344,0.0,0.0,0.0,4.856637,0.0,0.0,3.040842,0.0,0.0,0.0,0.0,0.0,0.0,0.0,0.0,0.0,0.0,3.593265,0.0,0.0,0.0,0.0,0.0,0.0,0.0,0.0,0.0029960233,0.0,0.0,0.0,0.0,0.0,5.6226377,1.7062448
320,3,1,A,B,295,8.797004,0.0,2.8391564,76.9091,0.0,1.782968,0.0,6.1844273,0.0,0.0,0.0,0.0,0.0,11.640115,1.8914669,1.5319232,0.0,0.0,0.0,6.674083,0.0,0.0,2.9852934,0.0,0.0,0.0,0.0,0.0,0.0,0.0,0.0,0.0,0.0,0.9229309,0.0,0.0,0.0,0.0,0.0,0.0,0.0,0.0,1.8365253,0.0,0.0,0.0,0.0,0.0,25.51305,4.150603
321,2,0,B,B,303,6.3680263,0.0,1.0014395,4.0218368,0.0,1.5763756,0.0,1.2877834,0.0,0.012472739,0.0,0.0,0.0,2.1761806,0.02597121,0.85241914,0.0,0.0,0.0,4.348778,0.0,0.0,5.589085,0.0,0.0,0.0,0.0,0.0,0.0,0.0,0.0,0.0,0.0,1.3220913,0.0,0.0,0.0,0.0,0.0,0.0,0.0,0.0,1.910103,0.0,0.0,0.0,0.0,0.0,1.158132,0.130661
322,10,1,B,B,300,7.1834154,0.0,1.4922911,65.52433,0.0,1.2379317,0.0,6.6244674,0.0,1.553179,0.0,0.0,0.0,12.409911,0.0059873466,1.5475516,0.0,0.0,0.0,6.226746,0.0,0.0,13.419807,0.0,0.0,0.0,0.0,0.0,0.0,0.0,0.0,0.0,0.0,0.018852724,0.0,0.0,0.0,0.0,0.0,0.0,0.0,0.0,14.069782,0.0,0.0,0.0,0.0,0.0,21.862598,0.00456577
323,3,1,A,B,276,8.746568,0.0,2.7168088,69.851654,0.0,1.7663046,0.0,5.729706,0.0,0.0,0.0,0.0,0.0,10.74802,1.7214825,1.5319232,0.0,0.0,0.0,6.4491134,0.0,0.0,3.2677927,0.0,0.0,0.0,0.0,0.0,0.0,0.0,0.0,0.0,0.0,0.7841369,0.0,0.0,0.0,0.0,0.0,0.0,0.0,0.0,2.398048,0.0,0.0,0.0,0.0,0.0,23.227896,3.8195314
324,3,1,B,B,297,7.454947,0.0,1.3389955,35.537056,0.0,1.6112819,0.0,4.2080913,0.0,0.72989404,0.0,0.0,0.0,7.721493,0.09129962,1.1960901,0.0,0.0,0.0,5.34777,0.0,0.0,5.8073974,0.0,0.0,0.0,0.0,0.0,0.0,0.0,0.0,0.0,0.0,0.41236538,0.0,0.0,0.0,0.0,0.0,0.0,0.0,0.0,5.4524593,0.0,0.0,0.0,0.0,0.0,12.177027,0.385767
325,1,2,A,A,346,7.8826137,0.0,1.5221993,60.93342,0.0,1.4802955,0.0,6.272942,0.0,1.4149065,0.0,0.0,0.0,11.702054,0.047996987,1.5319232,0.0,0.0,0.0,6.0368433,0.0,0.0,6.514321,0.0,0.0,0.0,0.0,0.0,0.0,0.0,0.0,0.0,0.0,0.057162058,0.0,0.0,0.0,0.0,0.0,0.0,0.0,0.0,6.953402,0.0,0.0,0.0,0.0,0.0,20.111628,0.22144155
326,1,2,A,A,300,7.872927,0.0,1.5575705,57.579784,0.0,1.4770536,0.0,6.01135,0.0,1.264108,0.0,0.0,0.0,11.222077,0.09749388,1.5319232,0.0,0.0,0.0,5.9684296,0.0,0.0,6.4023724,0.0,0.0,0.0,0.0,0.0,0.0,0.0,0.0,0.0,0.0,0.069939435,0.0,0.0,0.0,0.0,0.0,0.0,0.0,0.0,6.889842,0.0,0.0,0.0,0.0,0.0,19.343065,0.32986274
327,3,1,B,B,308,7.486471,0.0,1.3481183,41.43058,0.0,1.6124059,0.0,4.537571,0.0,0.86045927,0.0,0.0,0.0,8.412026,0.104093686,1.2083875,0.0,0.0,0.0,5.475222,0.0,0.0,5.814287,0.0,0.0,0.0,0.0,0.0,0.0,0.0,0.0,0.0,0.0,0.32480195,0.0,0.0,0.0,0.0,0.0,0.0,0.0,0.0,5.7022614,0.0,0.0,0.0,0.0,0.0,13.53413,0.3771723
328,1,2,B,A,291,6.9329553,0.0,1.7414595,48.395084,0.0,1.859903,0.0,4.3389964,0.0,0.0,0.0,0.0,0.0,8.060788,1.2072997,0.76266366,0.0,0.0,0.0,5.837976,0.0,0.0,2.3107874,0.0,0.0,0.0,0.0,0.0,0.0,0.0,0.0,0.0,0.0,3.244389,0.0,0.0,0.0,0.0,0.0,0.0,0.0,0.0,0.0029948128,0.0,0.0,0.0,0.0,0.0,16.018156,3.1858473
329,1,1,A,A,347,7.995367,0.0,1.7408485,37.048386,0.0,1.5176215,0.0,3.9888635,0.0,0.5566787,0.0,0.0,0.0,7.219364,0.33777532,1.5319232,0.0,0.0,0.0,5.323528,0.0,0.0,5.551077,0.0,0.0,0.0,0.0,0.0,0.0,0.0,0.0,0.0,0.0,0.08214229,0.0,0.0,0.0,0.0,0.0,0.0,0.0,0.0,5.9621887,0.0,0.0,0.0,0.0,0.0,12.268826,1.0984329
330,6,1,A,B,269,9.920764,0.0,3.953623,126.351524,0.0,2.1442366,0.0,10.327509,0.0,0.0,0.0,0.0,0.0,18.82483,3.5671477,1.5475516,0.0,0.0,0.0,8.579652,0.0,0.0,0.2796007,0.0,0.0,0.0,0.0,0.0,0.0,0.0,0.0,0.0,0.0,2.2681494,0.0,0.0,0.0,0.0,0.0,0.0,0.0,0.0,0.0024196377,0.0,0.0,0.0,0.0,0.0,44.047123,7.124425
331,3,1,B,B,292,7.5433397,0.0,1.3862329,45.263115,0.0,1.622915,0.0,4.6619945,0.0,0.7770133,0.0,0.0,0.0,8.984639,0.13201675,1.218634,0.0,0.0,0.0,5.559195,0.0,0.0,5.594003,0.0,0.0,0.0,0.0,0.0,0.0,0.0,0.0,0.0,0.0,0.42218903,0.0,0.0,0.0,0.0,0.0,0.0,0.0,0.0,5.3936067,0.0,0.0,0.0,0.0,0.0,14.724404,0.58300287
332,2,0,A,B,339,8.548232,0.0,2.6318367,67.46176,0.0,1.7006258,0.0,5.413531,0.0,0.0,0.0,0.0,0.0,10.234609,1.6105076,1.5319232,0.0,0.0,0.0,6.3245306,0.0,0.0,3.4468644,0.0,0.0,0.0,0.0,0.0,0.0,0.0,0.0,0.0,0.0,0.68986183,0.0,0.0,0.0,0.0,0.0,0.0,0.0,0.0,2.7827106,0.0,0.0,0.0,0.0,0.0,21.961224,3.610233
333,2,0,A,B,267,8.5091095,0.0,2.5687385,59.196667,0.0,1.6877394,0.0,5.1799793,0.0,0.0,0.0,0.0,0.0,9.452729,1.5652276,1.5319232,0.0,0.0,0.0,6.1226482,0.0,0.0,3.5256705,0.0,0.0,0.0,0.0,0.0,0.0,0.0,0.0,0.0,0.0,0.6522047,0.0,0.0,0.0,0.0,0.0,0.0,0.0,0.0,2.9816175,0.0,0.0,0.0,0.0,0.0,20.162539,3.4250855
334,6,1,A,B,339,9.911822,0.0,4.0645995,146.30226,0.0,2.1411657,0.0,10.738788,0.0,0.0,0.0,0.0,0.0,20.47772,3.6308384,1.5475516,0.0,0.0,0.0,9.019015,0.0,0.0,0.19015883,0.0,0.0,0.0,0.0,0.0,0.0,0.0,0.0,0.0,0.0,2.319553,0.0,0.0,0.0,0.0,0.0,0.0,0.0,0.0,0.004565312,0.0,0.0,0.0,0.0,0.0,47.809784,7.4767303
335,3,1,B,B,318,7.5637207,0.0,1.3918486,40.619064,0.0,1.6204404,0.0,4.3045716,0.0,0.7555455,0.0,0.0,0.0,8.053228,0.13979697,1.228951,0.0,0.0,0.0,5.4313145,0.0,0.0,5.775918,0.0,0.0,0.0,0.0,0.0,0.0,0.0,0.0,0.0,0.0,0.33651286,0.0,0.0,0.0,0.0,0.0,0.0,0.0,0.0,5.6304874,0.0,0.0,0.0,0.0,0.0,12.946842,0.47417
336,10,1,B,B,268,7.2618146,0.0,1.5019455,56.757492,0.0,1.2637172,0.0,6.3066797,0.0,1.5231011,0.0,0.0,0.0,11.3101425,0.0059873466,1.5475516,0.0,0.0,0.0,5.9974127,0.0,0.0,13.012073,0.0,0.0,0.0,0.0,0.0,0.0,0.0,0.0,0.0,0.0,0.018852724,0.0,0.0,0.0,0.0,0.0,0.0,0.0,0.0,13.63899,0.0,0.0,0.0,0.0,0.0,19.696453,0.004565774
337,1,1,B,A,278,6.318036,0.0,1.0432426,17.184828,0.0,1.7273085,0.0,2.0020843,0.0,2.1462203e-05,0.0,0.0,0.0,3.7888641,0.28683338,0.6959059,0.0,0.0,0.0,4.7648077,0.0,0.0,3.6262207,0.0,0.0,0.0,0.0,0.0,0.0,0.0,0.0,0.0,0.0,2.7797844,0.0,0.0,0.0,0.0,0.0,0.0,0.0,0.0,0.019656528,0.0,0.0,0.0,0.0,0.0,4.9438567,1.4529281
338,1,2,A,A,267,7.8428307,0.0,1.5391454,52.071434,0.0,1.467085,0.0,5.9445553,0.0,1.3613434,0.0,0.0,0.0,10.598913,0.059696645,1.5319232,0.0,0.0,0.0,5.8135357,0.0,0.0,6.612485,0.0,0.0,0.0,0.0,0.0,0.0,0.0,0.0,0.0,0.0,0.060857724,0.0,0.0,0.0,0.0,0.0,0.0,0.0,0.0,7.1494255,0.0,0.0,0.0,0.0,0.0,18.054266,0.21912903
339,6,1,A,B,286,10.036704,0.0,4.085325,140.58696,0.0,2.1825256,0.0,10.816305,0.0,0.0,0.0,0.0,0.0,20.28978,3.6827831,1.5475516,0.0,0.0,0.0,8.960538,0.0,0.0,0.12628861,0.0,0.0,0.0,0.0,0.0,0.0,0.0,0.0,0.0,0.0,2.3646424,0.0,0.0,0.0,0.0,0.0,0.0,0.0,0.0,0.003661778,0.0,0.0,0.0,0.0,0.0,47.452667,7.5000005
340,10,1,B,B,298,7.2641273,0.0,1.4923772,65.067726,0.0,1.2647338,0.0,6.6191773,0.0,1.5528617,0.0,0.0,0.0,12.381809,0.0059873466,1.5475516,0.0,0.0,0.0,6.2190437,0.0,0.0,13.087024,0.0,0.0,0.0,0.0,0.0,0.0,0.0,0.0,0.0,0.0,0.018852724,0.0,0.0,0.0,0.0,0.0,0.0,0.0,0.0,13.723839,0.0,0.0,0.0,0.0,0.0,21.752031,0.00456577
341,2,0,A,B,257,8.517296,0.0,2.544556,56.02211,0.0,1.6905437,0.0,5.0905905,0.0,0.0,0.0,0.0,0.0,9.1123495,1.5773642,1.5319232,0.0,0.0,0.0,6.032606,0.0,0.0,3.4993834,0.0,0.0,0.0,0.0,0.0,0.0,0.0,0.0,0.0,0.0,0.66241354,0.0,0.0,0.0,0.0,0.0,0.0,0.0,0.0,2.9778707,0.0,0.0,0.0,0.0,0.0,19.37743,3.376832
342,4,1,B,B,269,7.947785,0.0,1.4780923,51.36455,0.0,1.5737586,0.0,5.9940205,0.0,1.3992708,0.0,0.0,0.0,10.648438,0.040632594,1.4332799,0.0,0.0,0.0,5.811841,0.0,0.0,6.7299995,0.0,0.0,0.0,0.0,0.0,0.0,0.0,0.0,0.0,0.0,0.06818584,0.0,0.0,0.0,0.0,0.0,0.0,0.0,0.0,7.161089,0.0,0.0,0.0,0.0,0.0,17.87268,0.1351982
343,6,1,B,B,333,7.8926177,0.0,1.4907154,66.13694,0.0,1.4750615,0.0,6.647771,0.0,1.5531496,0.0,0.0,0.0,12.562065,0.0065533645,1.544436,0.0,0.0,0.0,6.2487125,0.0,0.0,8.940066,0.0,0.0,0.0,0.0,0.0,0.0,0.0,0.0,0.0,0.0,0.018852724,0.0,0.0,0.0,0.0,0.0,0.0,0.0,0.0,9.452367,0.0,0.0,0.0,0.0,0.0,21.666843,0.0066445125
344,10,1,A,B,341,11.51732,0.0,4.3618608,160.35783,0.0,2.672648,0.0,11.844067,0.0,0.0,0.0,0.0,0.0,22.633396,4.054587,1.5475516,0.0,0.0,0.0,9.494554,0.0,0.0,0.0,0.0,0.0,0.0,0.0,0.0,0.0,0.0,0.0,0.0,0.0,2.7066169,0.0,0.0,0.0,0.0,0.0,0.0,0.0,0.0,0.0,0.0,0.0,0.0,0.0,0.0,52.315975,8.330686
345,2,0,B,A,294,6.2460136,0.0,0.96170294,4.875805,0.0,1.5927771,0.0,1.3000909,0.0,0.003768868,0.0,0.0,0.0,2.2574515,0.029824853,0.78669566,0.0,0.0,0.0,4.373869,0.0,0.0,5.3140016,0.0,0.0,0.0,0.0,0.0,0.0,0.0,0.0,0.0,0.0,1.6211634,0.0,0.0,0.0,0.0,0.0,0.0,0.0,0.0,0.9096923,0.0,0.0,0.0,0.0,0.0,1.3098568,0.2298343
346,10,1,B,B,346,7.161782,0.0,1.4919342,67.955734,0.0,1.2308667,0.0,6.6510754,0.0,1.5545704,0.0,0.0,0.0,12.57793,0.0059873466,1.5475516,0.0,0.0,0.0,6.2648864,0.0,0.0,13.436598,0.0,0.0,0.0,0.0,0.0,0.0,0.0,0.0,0.0,0.0,0.018852724,0.0,0.0,0.0,0.0,0.0,0.0,0.0,0.0,14.09028,0.0,0.0,0.0,0.0,0.0,22.20511,0.00456577
347,10,1,A,B,280,11.420874,0.0,4.316112,146.95839,0.0,2.640731,0.0,11.67469,0.0,0.0,0.0,0.0,0.0,21.675327,4.045195,1.5475516,0.0,0.0,0.0,9.247468,0.0,0.0,0.0,0.0,0.0,0.0,0.0,0.0,0.0,0.0,0.0,0.0,0.0,2.6958506,0.0,0.0,0.0,0.0,0.0,0.0,0.0,0.0,0.0,0.0,0.0,0.0,0.0,0.0,50.291958,8.150908
348,1,1,B,A,262,6.174867,0.0,1.0152727,18.216637,0.0,1.7220114,0.0,2.0126593,0.0,0.0,0.0,0.0,0.0,3.8790295,0.2597175,0.6442035,0.0,0.0,0.0,4.7903094,0.0,0.0,3.5775793,0.0,0.0,0.0,0.0,0.0,0.0,0.0,0.0,0.0,0.0,2.927269,0.0,0.0,0.0,0.0,0.0,0.0,0.0,0.0,0.026384445,0.0,0.0,0.0,0.0,0.0,5.1338325,1.5158856
349,0,1,B,A,312,5.725913,0.0,0.7751173,13.429872,0.0,1.7581308,0.0,1.9008392,0.0,0.0,0.0,0.0,0.0,3.454384,0.2652072,0.51103437,0.0,0.0,0.0,4.702864,0.0,0.0,2.9314508,0.0,0.0,0.0,0.0,0.0,0.0,0.0,0.0,0.0,0.0,3.7741067,0.0,0.0,0.0,0.0,0.0,0.0,0.0,0.0,0.001762121,0.0,0.0,0.0,0.0,0.0,4.1033945,1.5237968
350,0,1,A,A,343,7.795496,0.0,1.5576181,59.58333,0.0,1.4515859,0.0,6.0734196,0.0,1.2782617,0.0,0.0,0.0,11.36274,0.11220725,1.5319232,0.0,0.0,0.0,5.9963408,0.0,0.0,6.1837435,0.0,0.0,0.0,0.0,0.0,0.0,0.0,0.0,0.0,0.0,0.05885528,0.0,0.0,0.0,0.0,0.0,0.0,0.0,0.0,6.6231694,0.0,0.0,0.0,0.0,0.0,19.672548,0.41531906
351,10,1,B,B,301,7.172803,0.0,1.4922551,65.728615,0.0,1.2344975,0.0,6.6267376,0.0,1.553312,0.0,0.0,0.0,12.422275,0.0059873466,1.5475516,0.0,0.0,0.0,6.2287383,0.0,0.0,13.443295,0.0,0.0,0.0,0.0,0.0,0.0,0.0,0.0,0.0,0.0,0.018852724,0.0,0.0,0.0,0.0,0.0,0.0,0.0,0.0,14.094348,0.0,0.0,0.0,0.0,0.0,21.893835,0.00456577
352,0,1,B,A,265,5.8279667,0.0,0.9132118,19.654896,0.0,1.7537503,0.0,2.1684408,0.0,0.0,0.0,0.0,0.0,4.1306868,0.32452682,0.5223204,0.0,0.0,0.0,4.8733263,0.0,0.0,3.0044389,0.0,0.0,0.0,0.0,0.0,0.0,0.0,0.0,0.0,0.0,3.6312485,0.0,0.0,0.0,0.0,0.0,0.0,0.0,0.0,0.0,0.0,0.0,0.0,0.0,0.0,5.772897,1.7462027
353,1,2,A,A,264,7.9162407,0.0,1.604114,45.872368,0.0,1.4914174,0.0,5.3029237,0.0,1.1163105,0.0,0.0,0.0,9.367431,0.13692115,1.5319232,0.0,0.0,0.0,5.617382,0.0,0.0,6.2525463,0.0,0.0,0.0,0.0,0.0,0.0,0.0,0.0,0.0,0.0,0.062017564,0.0,0.0,0.0,0.0,0.0,0.0,0.0,0.0,6.716729,0.0,0.0,0.0,0.0,0.0,15.892939,0.51947355
354,0,1,B,A,334,5.7932982,0.0,0.7875257,11.828874,0.0,1.7644773,0.0,1.916197,0.0,0.0,0.0,0.0,0.0,3.3562634,0.29430825,0.5171056,0.0,0.0,0.0,4.7187843,0.0,0.0,2.9405365,0.0,0.0,0.0,0.0,0.0,0.0,0.0,0.0,0.0,0.0,3.7247086,0.0,0.0,0.0,0.0,0.0,0.0,0.0,0.0,0.0,0.0,0.0,0.0,0.0,0.0,3.9361637,1.5084288
355,0,1,B,A,263,5.8086348,0.0,0.90749824,19.7649,0.0,1.7521574,0.0,2.1701593,0.0,0.0,0.0,0.0,0.0,4.1551633,0.31463468,0.51925707,0.0,0.0,0.0,4.877175,0.0,0.0,3.0032063,0.0,0.0,0.0,0.0,0.0,0.0,0.0,0.0,0.0,0.0,3.6446905,0.0,0.0,0.0,0.0,0.0,0.0,0.0,0.0,0.0,0.0,0.0,0.0,0.0,0.0,5.8166227,1.75077
356,0,1,A,A,266,7.7723217,0.0,1.5638995,49.288506,0.0,1.4438415,0.0,5.630692,0.0,1.2659931,0.0,0.0,0.0,10.013106,0.07566694,1.5319232,0.0,0.0,0.0,5.722673,0.0,0.0,6.2133203,0.0,0.0,0.0,0.0,0.0,0.0,0.0,0.0,0.0,0.0,0.057385314,0.0,0.0,0.0,0.0,0.0,0.0,0.0,0.0,6.577635,0.0,0.0,0.0,0.0,0.0,17.069744,0.45781213
357,3,1,B,B,258,7.403125,0.0,1.3906815,37.323895,0.0,1.5866524,0.0,4.430576,0.0,0.8869265,0.0,0.0,0.0,7.86004,0.084725164,1.1959777,0.0,0.0,0.0,5.3662705,0.0,0.0,5.992071,0.0,0.0,0.0,0.0,0.0,0.0,0.0,0.0,0.0,0.0,0.28123933,0.0,0.0,0.0,0.0,0.0,0.0,0.0,0.0,6.035705,0.0,0.0,0.0,0.0,0.0,12.677073,0.46083775
358,1,1,A,A,267,8.00011,0.0,1.7112219,40.021183,0.0,1.5191988,0.0,4.43352,0.0,0.6959145,0.0,0.0,0.0,7.9387608,0.31444466,1.5319232,0.0,0.0,0.0,5.426973,0.0,0.0,5.585781,0.0,0.0,0.0,0.0,0.0,0.0,0.0,0.0,0.0,0.0,0.07628267,0.0,0.0,0.0,0.0,0.0,0.0,0.0,0.0,6.048492,0.0,0.0,0.0,0.0,0.0,13.536681,1.0490233
359,2,1,B,A,269,6.9356365,0.0,1.2333504,14.155117,0.0,1.6724645,0.0,1.8018105,0.0,0.0063451193,0.0,0.0,0.0,3.3723843,0.2055948,0.9388747,0.0,0.0,0.0,4.6363072,0.0,0.0,4.645344,0.0,0.0,0.0,0.0,0.0,0.0,0.0,0.0,0.0,0.0,1.5328659,0.0,0.0,0.0,0.0,0.0,0.0,0.0,0.0,0.9615303,0.0,0.0,0.0,0.0,0.0,3.9520617,1.0412632
360,6,1,A,B,312,9.892186,0.0,4.0495377,145.63908,0.0,2.1346784,0.0,10.682734,0.0,0.0,0.0,0.0,0.0,20.408947,3.6072412,1.5475516,0.0,0.0,0.0,9.001178,0.0,0.0,0.21812119,0.0,0.0,0.0,0.0,0.0,0.0,0.0,0.0,0.0,0.0,2.3004313,0.0,0.0,0.0,0.0,0.0,0.0,0.0,0.0,7.788086e-05,0.0,0.0,0.0,0.0,0.0,47.618095,7.440384
361,4,1,B,B,283,7.942287,0.0,1.4691926,55.936764,0.0,1.5734807,0.0,6.2319746,0.0,1.4007599,0.0,0.0,0.0,11.368648,0.05016157,1.4336051,0.0,0.0,0.0,5.958417,0.0,0.0,6.7553453,0.0,0.0,0.0,0.0,0.0,0.0,0.0,0.0,0.0,0.0,0.084003046,0.0,0.0,0.0,0.0,0.0,0.0,0.0,0.0,7.187507,0.0,0.0,0.0,0.0,0.0,19.256773,0.1229655
362,1,1,B,A,294,6.268857,0.0,0.9724167,12.715714,0.0,1.7247777,0.0,1.8287762,0.0,0.0,0.0,0.0,0.0,3.3056328,0.24780868,0.6933296,0.0,0.0,0.0,4.642669,0.0,0.0,3.642347,0.0,0.0,0.0,0.0,0.0,0.0,0.0,0.0,0.0,0.0,2.8118517,0.0,0.0,0.0,0.0,0.0,0.0,0.0,0.0,0.025295796,0.0,0.0,0.0,0.0,0.0,3.794306,1.3061107
363,6,1,B,B,316,7.870551,0.0,1.4914774,65.3818,0.0,1.4681207,0.0,6.631639,0.0,1.5487715,0.0,0.0,0.0,12.496294,0.007823006,1.5439471,0.0,0.0,0.0,6.2352734,0.0,0.0,8.924997,0.0,0.0,0.0,0.0,0.0,0.0,0.0,0.0,0.0,0.0,0.019384071,0.0,0.0,0.0,0.0,0.0,0.0,0.0,0.0,9.450652,0.0,0.0,0.0,0.0,0.0,21.55725,0.008232107
364,1,1,B,B,302,6.341131,0.0,1.0044852,10.250746,0.0,1.7219768,0.0,1.8318846,0.0,0.0,0.0,0.0,0.0,3.141447,0.26252127,0.7119347,0.0,0.0,0.0,4.6008644,0.0,0.0,3.71768,0.0,0.0,0.0,0.0,0.0,0.0,0.0,0.0,0.0,0.0,2.6976442,0.0,0.0,0.0,0.0,0.0,0.0,0.0,0.0,0.011794115,0.0,0.0,0.0,0.0,0.0,3.4979415,1.266678
365,1,1,B,A,304,6.1389465,0.0,0.904348,10.692569,0.0,1.7281084,0.0,1.7309014,0.0,0.0,0.0,0.0,0.0,3.0781078,0.22049852,0.64754295,0.0,0.0,0.0,4.5888176,0.0,0.0,3.5268028,0.0,0.0,0.0,0.0,0.0,0.0,0.0,0.0,0.0,0.0,2.9994886,0.0,0.0,0.0,0.0,0.0,0.0,0.0,0.0,0.01159493,0.0,0.0,0.0,0.0,0.0,3.225268,1.2863557
366,1,1,B,A,267,6.360035,0.0,1.1308558,22.290382,0.0,1.7330191,0.0,2.272241,0.0,0.0,0.0,0.0,0.0,4.4139395,0.3474136,0.6988874,0.0,0.0,0.0,4.9219284,0.0,0.0,3.5652401,0.0,0.0,0.0,0.0,0.0,0.0,0.0,0.0,0.0,0.0,2.794365,0.0,0.0,0.0,0.0,0.0,0.0,0.0,0.0,0.039450366,0.0,0.0,0.0,0.0,0.0,6.50375,1.670342
367,1,1,A,A,294,8.030735,0.0,1.7687541,40.31977,0.0,1.5293807,0.0,4.0297084,0.0,0.44052,0.0,0.0,0.0,7.6491237,0.40665808,1.5319232,0.0,0.0,0.0,5.4426994,0.0,0.0,5.4229794,0.0,0.0,0.0,0.0,0.0,0.0,0.0,0.0,0.0,0.0,0.082423,0.0,0.0,0.0,0.0,0.0,0.0,0.0,0.0,5.8762555,0.0,0.0,0.0,0.0,0.0,13.218327,1.1927356
368,4,1,B,B,299,7.9060993,0.0,1.4483064,60.237255,0.0,1.5826888,0.0,6.4161534,0.0,1.4308276,0.0,0.0,0.0,11.925104,0.054826714,1.4069847,0.0,0.0,0.0,6.0693555,0.0,0.0,6.613529,0.0,0.0,0.0,0.0,0.0,0.0,0.0,0.0,0.0,0.0,0.07709249,0.0,0.0,0.0,0.0,0.0,0.0,0.0,0.0,7.1037507,0.0,0.0,0.0,0.0,0.0,20.310371,0.13326412
369,6,1,B,B,261,7.881214,0.0,1.5150847,52.596832,0.0,1.4689293,0.0,6.0548644,0.0,1.4836277,0.0,0.0,0.0,10.752056,0.0060502095,1.5475516,0.0,0.0,0.0,5.8867755,0.0,0.0,8.771337,0.0,0.0,0.0,0.0,0.0,0.0,0.0,0.0,0.0,0.0,0.018852724,0.0,0.0,0.0,0.0,0.0,0.0,0.0,0.0,9.231902,0.0,0.0,0.0,0.0,0.0,18.235035,0.0069452734
370,6,1,B,B,335,7.8229237,0.0,1.49094,66.28942,0.0,1.4512739,0.0,6.6462874,0.0,1.5531566,0.0,0.0,0.0,12.560576,0.006427877,1.5456103,0.0,0.0,0.0,6.249364,0.0,0.0,9.092862,0.0,0.0,0.0,0.0,0.0,0.0,0.0,0.0,0.0,0.0,0.018852724,0.0,0.0,0.0,0.0,0.0,0.0,0.0,0.0,9.617917,0.0,0.0,0.0,0.0,0.0,21.713451,0.00682935
371,2,1,A,B,312,8.255983,0.0,2.1543725,40.921608,0.0,1.6193463,0.0,3.6461108,0.0,0.0,0.0,0.0,0.0,6.85406,0.91918975,1.5162948,0.0,0.0,0.0,5.4194007,0.0,0.0,4.570579,0.0,0.0,0.0,0.0,0.0,0.0,0.0,0.0,0.0,0.0,0.23174065,0.0,0.0,0.0,0.0,0.0,0.0,0.0,0.0,4.796025,0.0,0.0,0.0,0.0,0.0,13.282036,2.2935662
372,2,1,B,A,285,6.9094768,0.0,1.1804918,9.786383,0.0,1.6730119,0.0,1.6297492,0.0,0.0024448032,0.0,0.0,0.0,2.8930132,0.16719653,0.9393933,0.0,0.0,0.0,4.519398,0.0,0.0,4.6577463,0.0,0.0,0.0,0.0,0.0,0.0,0.0,0.0,0.0,0.0,1.5512375,0.0,0.0,0.0,0.0,0.0,0.0,0.0,0.0,1.007471,0.0,0.0,0.0,0.0,0.0,2.8370466,0.90624803
373,6,1,A,B,291,9.936632,0.0,3.9857786,136.6964,0.0,2.1493845,0.0,10.446072,0.0,0.0,0.0,0.0,0.0,19.645441,3.5537186,1.5475516,0.0,0.0,0.0,8.793399,0.0,0.0,0.30042157,0.0,0.0,0.0,0.0,0.0,0.0,0.0,0.0,0.0,0.0,2.2575655,0.0,0.0,0.0,0.0,0.0,0.0,0.0,0.0,0.0067800106,0.0,0.0,0.0,0.0,0.0,45.79368,7.255105
374,2,1,A,A,271,8.346954,0.0,2.1999078,42.45068,0.0,1.6340001,0.0,3.8087041,0.0,0.0,0.0,0.0,0.0,7.1134977,0.9882704,1.5319232,0.0,0.0,0.0,5.536469,0.0,0.0,4.4598207,0.0,0.0,0.0,0.0,0.0,0.0,0.0,0.0,0.0,0.0,0.21295452,0.0,0.0,0.0,0.0,0.0,0.0,0.0,0.0,4.657133,0.0,0.0,0.0,0.0,0.0,13.964725,2.4096854
375,1,1,A,A,272,8.049675,0.0,1.7963006,33.24106,0.0,1.5356476,0.0,3.6201499,0.0,0.38703522,0.0,0.0,0.0,6.4990015,0.42364842,1.5319232,0.0,0.0,0.0,5.215079,0.0,0.0,5.403724,0.0,0.0,0.0,0.0,0.0,0.0,0.0,0.0,0.0,0.0,0.07645597,0.0,0.0,0.0,0.0,0.0,0.0,0.0,0.0,5.8242826,0.0,0.0,0.0,0.0,0.0,11.078139,1.2814025
376,0,1,B,A,298,5.7291317,0.0,0.78946084,13.150424,0.0,1.7564154,0.0,1.9310035,0.0,0.0,0.0,0.0,0.0,3.453898,0.27610633,0.5096135,0.0,0.0,0.0,4.704875,0.0,0.0,2.957223,0.0,0.0,0.0,0.0,0.0,0.0,0.0,0.0,0.0,0.0,3.7541294,0.0,0.0,0.0,0.0,0.0,0.0,0.0,0.0,0.0057083084,0.0,0.0,0.0,0.0,0.0,4.158155,1.5208201
377,2,1,A,B,313,8.4702635,0.0,2.3290124,49.14936,0.0,1.6748433,0.0,4.2885985,0.0,0.0,0.0,0.0,0.0,7.976492,1.2012082,1.5319232,0.0,0.0,0.0,5.751003,0.0,0.0,4.1190233,0.0,0.0,0.0,0.0,0.0,0.0,0.0,0.0,0.0,0.0,0.36544836,0.0,0.0,0.0,0.0,0.0,0.0,0.0,0.0,4.088786,0.0,0.0,0.0,0.0,0.0,16.174894,2.7883804
378,1,2,B,A,266,6.9978466,0.0,1.824173,51.194984,0.0,1.8597256,0.0,4.534439,0.0,0.0,0.0,0.0,0.0,8.446583,1.2673358,0.7700537,0.0,0.0,0.0,5.930902,0.0,0.0,2.2982435,0.0,0.0,0.0,0.0,0.0,0.0,0.0,0.0,0.0,0.0,3.1903946,0.0,0.0,0.0,0.0,0.0,0.0,0.0,0.0,0.0056430716,0.0,0.0,0.0,0.0,0.0,17.019691,3.3442822
379,4,1,B,B,302,7.917301,0.0,1.4578928,61.317814,0.0,1.5686853,0.0,6.418895,0.0,1.4420506,0.0,0.0,0.0,12.006848,0.041038588,1.430878,0.0,0.0,0.0,6.0901165,0.0,0.0,6.75941,0.0,0.0,0.0,0.0,0.0,0.0,0.0,0.0,0.0,0.0,0.06993528,0.0,0.0,0.0,0.0,0.0,0.0,0.0,0.0,7.2799897,0.0,0.0,0.0,0.0,0.0,20.484678,0.092366636
380,10,1,B,B,297,7.239391,0.0,1.4924216,64.95938,0.0,1.2564529,0.0,6.616724,0.0,1.5527104,0.0,0.0,0.0,12.369152,0.0059873466,1.5475516,0.0,0.0,0.0,6.2165394,0.0,0.0,13.175411,0.0,0.0,0.0,0.0,0.0,0.0,0.0,0.0,0.0,0.0,0.018852724,0.0,0.0,0.0,0.0,0.0,0.0,0.0,0.0,13.819005,0.0,0.0,0.0,0.0,0.0,21.744684,0.00456577
381,2,0,A,B,344,8.531574,0.0,2.5724638,62.461117,0.0,1.6951935,0.0,5.193405,0.0,0.0,0.0,0.0,0.0,9.66438,1.558621,1.5319232,0.0,0.0,0.0,6.176088,0.0,0.0,3.5282447,0.0,0.0,0.0,0.0,0.0,0.0,0.0,0.0,0.0,0.0,0.64767545,0.0,0.0,0.0,0.0,0.0,0.0,0.0,0.0,2.9766064,0.0,0.0,0.0,0.0,0.0,20.578337,3.4561322
382,10,1,B,B,314,7.1699324,0.0,1.4920168,66.9773,0.0,1.2334259,0.0,6.643265,0.0,1.554213,0.0,0.0,0.0,12.520483,0.0059873466,1.5475516,0.0,0.0,0.0,6.2516756,0.0,0.0,13.534567,0.0,0.0,0.0,0.0,0.0,0.0,0.0,0.0,0.0,0.0,0.018852724,0.0,0.0,0.0,0.0,0.0,0.0,0.0,0.0,14.195993,0.0,0.0,0.0,0.0,0.0,22.087557,0.00456577
383,3,1,B,B,337,7.446926,0.0,1.3295819,49.629623,0.0,1.6058687,0.0,5.2003813,0.0,0.97948617,0.0,0.0,0.0,9.866149,0.09259517,1.2021502,0.0,0.0,0.0,5.746312,0.0,0.0,5.865538,0.0,0.0,0.0,0.0,0.0,0.0,0.0,0.0,0.0,0.0,0.31074834,0.0,0.0,0.0,0.0,0.0,0.0,0.0,0.0,5.8532434,0.0,0.0,0.0,0.0,0.0,16.346962,0.33237493
384,2,1,B,A,278,6.9489403,0.0,1.2024086,13.78462,0.0,1.6460668,0.0,1.8512605,0.0,0.0744431,0.0,0.0,0.0,3.44214,0.121147014,0.96724147,0.0,0.0,0.0,4.6221766,0.0,0.0,5.005066,0.0,0.0,0.0,0.0,0.0,0.0,0.0,0.0,0.0,0.0,1.264454,0.0,0.0,0.0,0.0,0.0,0.0,0.0,0.0,2.1406395,0.0,0.0,0.0,0.0,0.0,3.8516836,0.7480859
385,3,1,B,B,345,7.571088,0.0,1.3692664,49.19976,0.0,1.6199619,0.0,5.034676,0.0,0.92946494,0.0,0.0,0.0,9.617542,0.09527688,1.2252046,0.0,0.0,0.0,5.710402,0.0,0.0,5.7219,0.0,0.0,0.0,0.0,0.0,0.0,0.0,0.0,0.0,0.0,0.30776748,0.0,0.0,0.0,0.0,0.0,0.0,0.0,0.0,5.6585884,0.0,0.0,0.0,0.0,0.0,15.8837,0.4547543
386,0,1,A,A,290,7.8007402,0.0,1.5711272,54.13468,0.0,1.4532739,0.0,5.8403378,0.0,1.2246113,0.0,0.0,0.0,10.716535,0.11135873,1.5319232,0.0,0.0,0.0,5.8724303,0.0,0.0,6.063736,0.0,0.0,0.0,0.0,0.0,0.0,0.0,0.0,0.0,0.0,0.058561783,0.0,0.0,0.0,0.0,0.0,0.0,0.0,0.0,6.469376,0.0,0.0,0.0,0.0,0.0,18.464746,0.5214012
387,1,1,A,A,275,8.0270195,0.0,1.7958101,32.992672,0.0,1.5281308,0.0,3.5572174,0.0,0.37152553,0.0,0.0,0.0,6.416816,0.41449848,1.5319232,0.0,0.0,0.0,5.203637,0.0,0.0,5.4045177,0.0,0.0,0.0,0.0,0.0,0.0,0.0,0.0,0.0,0.0,0.07649136,0.0,0.0,0.0,0.0,0.0,0.0,0.0,0.0,5.858529,0.0,0.0,0.0,0.0,0.0,10.930416,1.2848853
388,0,1,B,A,343,5.7193847,0.0,0.7961789,14.46442,0.0,1.7596462,0.0,1.9779153,0.0,0.0,0.0,0.0,0.0,3.6173956,0.27217552,0.50140923,0.0,0.0,0.0,4.744574,0.0,0.0,2.906844,0.0,0.0,0.0,0.0,0.0,0.0,0.0,0.0,0.0,0.0,3.7960844,0.0,0.0,0.0,0.0,0.0,0.0,0.0,0.0,0.0,0.0,0.0,0.0,0.0,0.0,4.5297704,1.5687513
389,0,1,B,A,270,5.878014,0.0,0.9349621,20.262386,0.0,1.768189,0.0,2.2727778,0.0,0.0,0.0,0.0,0.0,4.2553086,0.39505738,0.52973336,0.0,0.0,0.0,4.901628,0.0,0.0,2.8628452,0.0,0.0,0.0,0.0,0.0,0.0,0.0,0.0,0.0,0.0,3.6962245,0.0,0.0,0.0,0.0,0.0,0.0,0.0,0.0,0.0,0.0,0.0,0.0,0.0,0.0,6.1330614,1.8400192
390,1,2,A,A,282,7.81154,0.0,1.5219247,55.894424,0.0,1.456787,0.0,6.216886,0.0,1.419051,0.0,0.0,0.0,11.272148,0.043217886,1.5319232,0.0,0.0,0.0,5.9363027,0.0,0.0,6.709392,0.0,0.0,0.0,0.0,0.0,0.0,0.0,0.0,0.0,0.0,0.05722351,0.0,0.0,0.0,0.0,0.0,0.0,0.0,0.0,7.151026,0.0,0.0,0.0,0.0,0.0,19.316221,0.14149567
391,2,1,B,A,281,6.7827306,0.0,1.1412278,10.206435,0.0,1.6500958,0.0,1.5933924,0.0,0.008690678,0.0,0.0,0.0,2.8912416,0.13608134,0.9202345,0.0,0.0,0.0,4.5174975,0.0,0.0,4.8820815,0.0,0.0,0.0,0.0,0.0,0.0,0.0,0.0,0.0,0.0,1.4971957,0.0,0.0,0.0,0.0,0.0,0.0,0.0,0.0,1.0339539,0.0,0.0,0.0,0.0,0.0,2.7894952,0.7414256
392,2,0,B,B,312,6.4263477,0.0,1.0264297,4.7772274,0.0,1.5832535,0.0,1.3366162,0.0,0.010680895,0.0,0.0,0.0,2.285752,0.040196612,0.8636705,0.0,0.0,0.0,4.374229,0.0,0.0,5.5450587,0.0,0.0,0.0,0.0,0.0,0.0,0.0,0.0,0.0,0.0,1.3103511,0.0,0.0,0.0,0.0,0.0,0.0,0.0,0.0,1.9239851,0.0,0.0,0.0,0.0,0.0,1.420952,0.19148867
393,10,1,A,B,291,11.45998,0.0,4.3445983,153.35078,0.0,2.653667,0.0,11.780218,0.0,0.0,0.0,0.0,0.0,22.196358,4.0525556,1.5475516,0.0,0.0,0.0,9.381738,0.0,0.0,0.0,0.0,0.0,0.0,0.0,0.0,0.0,0.0,0.0,0.0,0.0,2.7031958,0.0,0.0,0.0,0.0,0.0,0.0,0.0,0.0,0.0,0.0,0.0,0.0,0.0,0.0,51.41874,8.250483
394,4,1,A,B,284,9.242951,0.0,3.2588744,94.296745,0.0,1.9198296,0.0,7.7438555,0.0,0.0,0.0,0.0,0.0,14.2298765,2.5582914,1.5475516,0.0,0.0,0.0,7.3967566,0.0,0.0,1.9155872,0.0,0.0,0.0,0.0,0.0,0.0,0.0,0.0,0.0,0.0,1.4377055,0.0,0.0,0.0,0.0,0.0,0.0,0.0,0.0,0.29256737,0.0,0.0,0.0,0.0,0.0,32.262775,5.2880416
395,1,2,A,A,324,7.8828654,0.0,1.5408187,62.03972,0.0,1.4804081,0.0,6.2216535,0.0,1.3397727,0.0,0.0,0.0,11.757476,0.08136725,1.5319232,0.0,0.0,0.0,6.0662727,0.0,0.0,6.420042,0.0,0.0,0.0,0.0,0.0,0.0,0.0,0.0,0.0,0.0,0.06113594,0.0,0.0,0.0,0.0,0.0,0.0,0.0,0.0,6.9042335,0.0,0.0,0.0,0.0,0.0,20.307493,0.26667157
396,4,1,B,B,329,7.8118134,0.0,1.450532,63.89664,0.0,1.5425361,0.0,6.480576,0.0,1.4571854,0.0,0.0,0.0,12.230958,0.037037265,1.4141057,0.0,0.0,0.0,6.135217,0.0,0.0,7.1232653,0.0,0.0,0.0,0.0,0.0,0.0,0.0,0.0,0.0,0.0,0.0725713,0.0,0.0,0.0,0.0,0.0,0.0,0.0,0.0,7.615799,0.0,0.0,0.0,0.0,0.0,20.960388,0.06645498
397,4,1,B,B,276,7.9565,0.0,1.4783564,54.521202,0.0,1.5735165,0.0,6.150774,0.0,1.3843179,0.0,0.0,0.0,11.140547,0.055606376,1.4421511,0.0,0.0,0.0,5.914351,0.0,0.0,6.8124886,0.0,0.0,0.0,0.0,0.0,0.0,0.0,0.0,0.0,0.0,0.072090395,0.0,0.0,0.0,0.0,0.0,0.0,0.0,0.0,7.2987037,0.0,0.0,0.0,0.0,0.0,18.842806,0.15136638
398,0,1,B,A,351,5.725496,0.0,0.7592823,11.918776,0.0,1.7531428,0.0,1.8162013,0.0,0.0,0.0,0.0,0.0,3.2729318,0.23446402,0.5079199,0.0,0.0,0.0,4.6530986,0.0,0.0,3.0055773,0.0,0.0,0.0,0.0,0.0,0.0,0.0,0.0,0.0,0.0,3.7284024,0.0,0.0,0.0,0.0,0.0,0.0,0.0,0.0,0.0,0.0,0.0,0.0,0.0,0.0,3.6576529,1.4570404
399,2,1,A,A,345,8.404054,0.0,2.2614515,46.07244,0.0,1.6529334,0.0,4.036834,0.0,0.0,0.0,0.0,0.0,7.5275593,1.0929523,1.5319232,0.0,0.0,0.0,5.640645,0.0,0.0,4.286979,0.0,0.0,0.0,0.0,0.0,0.0,0.0,0.0,0.0,0.0,0.26905832,0.0,0.0,0.0,0.0,0.0,0.0,0.0,0.0,4.3861055,0.0,0.0,0.0,0.0,0.0,15.024567,2.5946884
400,1,2,B,A,303,7.1784143,0.0,1.8429419,51.06415,0.0,1.8479277,0.0,4.3944855,0.0,0.0,0.0,0.0,0.0,8.302725,1.2023959,0.8576812,0.0,0.0,0.0,5.8888564,0.0,0.0,2.5725458,0.0,0.0,0.0,0.0,0.0,0.0,0.0,0.0,0.0,0.0,2.845973,0.0,0.0,0.0,0.0,0.0,0.0,0.0,0.0,0.020061541,0.0,0.0,0.0,0.0,0.0,16.58584,3.1576397
401,2,0,A,B,326,8.489784,0.0,2.5641012,62.804096,0.0,1.68135,0.0,5.161965,0.0,0.0,0.0,0.0,0.0,9.674224,1.5267859,1.5319232,0.0,0.0,0.0,6.180923,0.0,0.0,3.5772524,0.0,0.0,0.0,0.0,0.0,0.0,0.0,0.0,0.0,0.0,0.6209355,0.0,0.0,0.0,0.0,0.0,0.0,0.0,0.0,3.0618572,0.0,0.0,0.0,0.0,0.0,20.587034,3.4245079
402,2,1,B,A,349,6.901727,0.0,1.1795516,8.990621,0.0,1.6694336,0.0,1.644352,0.0,0.00597372,0.0,0.0,0.0,2.8803406,0.17842169,0.9374974,0.0,0.0,0.0,4.5136275,0.0,0.0,4.709837,0.0,0.0,0.0,0.0,0.0,0.0,0.0,0.0,0.0,0.0,1.522989,0.0,0.0,0.0,0.0,0.0,0.0,0.0,0.0,0.7902172,0.0,0.0,0.0,0.0,0.0,2.8153064,0.8636567
403,3,1,A,B,317,8.777459,0.0,2.7517395,71.03699,0.0,1.7765455,0.0,5.8602223,0.0,0.0,0.0,0.0,0.0,10.864851,1.8295646,1.5319232,0.0,0.0,0.0,6.471842,0.0,0.0,3.0981524,0.0,0.0,0.0,0.0,0.0,0.0,0.0,0.0,0.0,0.0,0.87187886,0.0,0.0,0.0,0.0,0.0,0.0,0.0,0.0,2.1342504,0.0,0.0,0.0,0.0,0.0,23.59968,3.951282
404,3,1,B,B,304,7.419361,0.0,1.3460286,44.688602,0.0,1.5975964,0.0,4.942117,0.0,0.91869843,0.0,0.0,0.0,9.18742,0.08765988,1.188293,0.0,0.0,0.0,5.6150885,0.0,0.0,5.9522753,0.0,0.0,0.0,0.0,0.0,0.0,0.0,0.0,0.0,0.0,0.32697254,0.0,0.0,0.0,0.0,0.0,0.0,0.0,0.0,5.9185767,0.0,0.0,0.0,0.0,0.0,15.065736,0.3283668
405,3,1,B,B,341,7.429736,0.0,1.3488717,47.58113,0.0,1.5982801,0.0,4.7239027,0.0,0.85336846,0.0,0.0,0.0,9.109952,0.08782446,1.1909435,0.0,0.0,0.0,5.6279817,0.0,0.0,5.9279356,0.0,0.0,0.0,0.0,0.0,0.0,0.0,0.0,0.0,0.0,0.3529039,0.0,0.0,0.0,0.0,0.0,0.0,0.0,0.0,5.8027744,0.0,0.0,0.0,0.0,0.0,14.918967,0.34961703
406,4,1,B,B,271,7.9359245,0.0,1.475441,53.26676,0.0,1.5592182,0.0,6.1310625,0.0,1.4274192,0.0,0.0,0.0,10.973835,0.03442259,1.4523478,0.0,0.0,0.0,5.871174,0.0,0.0,6.982992,0.0,0.0,0.0,0.0,0.0,0.0,0.0,0.0,0.0,0.0,0.06460766,0.0,0.0,0.0,0.0,0.0,0.0,0.0,0.0,7.4309425,0.0,0.0,0.0,0.0,0.0,18.507414,0.10348322
407,0,1,A,A,263,7.762438,0.0,1.5616126,50.03498,0.0,1.4405503,0.0,5.6651835,0.0,1.2830477,0.0,0.0,0.0,10.095747,0.073099844,1.5319232,0.0,0.0,0.0,5.7373567,0.0,0.0,6.2843475,0.0,0.0,0.0,0.0,0.0,0.0,0.0,0.0,0.0,0.0,0.05881463,0.0,0.0,0.0,0.0,0.0,0.0,0.0,0.0,6.7020845,0.0,0.0,0.0,0.0,0.0,17.227522,0.40883788
408,2,0,B,B,263,6.317452,0.0,1.0319039,10.646659,0.0,1.5740515,0.0,1.4797276,0.0,0.02818106,0.0,0.0,0.0,2.8238773,0.030694874,0.8281013,0.0,0.0,0.0,4.5059404,0.0,0.0,5.546241,0.0,0.0,0.0,0.0,0.0,0.0,0.0,0.0,0.0,0.0,1.3856162,0.0,0.0,0.0,0.0,0.0,0.0,0.0,0.0,1.7456697,0.0,0.0,0.0,0.0,0.0,2.558702,0.32196942
409,0,1,A,A,286,7.7653375,0.0,1.5411155,55.758804,0.0,1.4415828,0.0,6.1421137,0.0,1.3438442,0.0,0.0,0.0,11.180791,0.08022088,1.5319232,0.0,0.0,0.0,5.935354,0.0,0.0,6.324243,0.0,0.0,0.0,0.0,0.0,0.0,0.0,0.0,0.0,0.0,0.058504626,0.0,0.0,0.0,0.0,0.0,0.0,0.0,0.0,6.7516117,0.0,0.0,0.0,0.0,0.0,19.258963,0.32751134
410,10,1,B,B,323,7.212516,0.0,1.491964,67.38797,0.0,1.2476726,0.0,6.647917,0.0,1.5544354,0.0,0.0,0.0,12.552688,0.0059873466,1.5475516,0.0,0.0,0.0,6.258318,0.0,0.0,13.306249,0.0,0.0,0.0,0.0,0.0,0.0,0.0,0.0,0.0,0.0,0.018852724,0.0,0.0,0.0,0.0,0.0,0.0,0.0,0.0,13.95121,0.0,0.0,0.0,0.0,0.0,22.120747,0.00456577
411,0,1,B,A,317,5.845069,0.0,0.89343715,17.025873,0.0,1.7713283,0.0,2.2190318,0.0,0.0,0.0,0.0,0.0,4.004041,0.37527883,0.52480435,0.0,0.0,0.0,4.837112,0.0,0.0,2.8206143,0.0,0.0,0.0,0.0,0.0,0.0,0.0,0.0,0.0,0.0,3.7525337,0.0,0.0,0.0,0.0,0.0,0.0,0.0,0.0,0.0,0.0,0.0,0.0,0.0,0.0,5.5663853,1.7274786
412,10,1,B,B,348,7.1794014,0.0,1.4919336,67.92541,0.0,1.2367331,0.0,6.651156,0.0,1.5545734,0.0,0.0,0.0,12.578675,0.0059873466,1.5475516,0.0,0.0,0.0,6.2648573,0.0,0.0,13.468511,0.0,0.0,0.0,0.0,0.0,0.0,0.0,0.0,0.0,0.0,0.018852724,0.0,0.0,0.0,0.0,0.0,0.0,0.0,0.0,14.119193,0.0,0.0,0.0,0.0,0.0,22.194336,0.00456577
413,10,1,B,B,279,7.14066,0.0,1.4951199,60.775234,0.0,1.2237078,0.0,6.4997683,0.0,1.5437988,0.0,0.0,0.0,11.883825,0.0059873466,1.5475516,0.0,0.0,0.0,6.1139064,0.0,0.0,13.559017,0.0,0.0,0.0,0.0,0.0,0.0,0.0,0.0,0.0,0.0,0.018852724,0.0,0.0,0.0,0.0,0.0,0.0,0.0,0.0,14.212255,0.0,0.0,0.0,0.0,0.0,20.873543,0.0045657707
414,1,2,A,A,275,7.890616,0.0,1.5459441,51.897793,0.0,1.4829493,0.0,5.913058,0.0,1.3279369,0.0,0.0,0.0,10.572382,0.07688384,1.5319232,0.0,0.0,0.0,5.812607,0.0,0.0,6.4436097,0.0,0.0,0.0,0.0,0.0,0.0,0.0,0.0,0.0,0.0,0.06126334,0.0,0.0,0.0,0.0,0.0,0.0,0.0,0.0,6.9201097,0.0,0.0,0.0,0.0,0.0,18.001614,0.29416245
415,2,1,A,B,352,8.414024,0.0,2.2865899,46.638565,0.0,1.6561486,0.0,4.1352057,0.0,0.00060853956,0.0,0.0,0.0,7.6902633,1.1260613,1.5319232,0.0,0.0,0.0,5.677332,0.0,0.0,4.2413754,0.0,0.0,0.0,0.0,0.0,0.0,0.0,0.0,0.0,0.0,0.35236013,0.0,0.0,0.0,0.0,0.0,0.0,0.0,0.0,4.199041,0.0,0.0,0.0,0.0,0.0,15.454058,2.6539478
416,1,1,A,A,269,8.083475,0.0,1.8511531,29.903479,0.0,1.5468209,0.0,3.0915813,0.0,0.16376536,0.0,0.0,0.0,5.661924,0.5066553,1.5319232,0.0,0.0,0.0,5.103418,0.0,0.0,5.2533083,0.0,0.0,0.0,0.0,0.0,0.0,0.0,0.0,0.0,0.0,0.08978304,0.0,0.0,0.0,0.0,0.0,0.0,0.0,0.0,5.6815877,0.0,0.0,0.0,0.0,0.0,9.671386,1.4455334
417,2,1,B,B,283,6.991106,0.0,1.2680684,14.908319,0.0,1.6910359,0.0,1.9178536,0.0,0.00052209204,0.0,0.0,0.0,3.5323212,0.25456855,0.9378038,0.0,0.0,0.0,4.6775694,0.0,0.0,4.4537783,0.0,0.0,0.0,0.0,0.0,0.0,0.0,0.0,0.0,0.0,1.6274436,0.0,0.0,0.0,0.0,0.0,0.0,0.0,0.0,0.49377373,0.0,0.0,0.0,0.0,0.0,4.401991,1.1884857
418,1,2,B,A,282,7.10522,0.0,1.8020781,48.55553,0.0,1.855786,0.0,4.351762,0.0,0.0,0.0,0.0,0.0,8.057994,1.2386763,0.8210953,0.0,0.0,0.0,5.82139,0.0,0.0,2.4288735,0.0,0.0,0.0,0.0,0.0,0.0,0.0,0.0,0.0,0.0,3.0100565,0.0,0.0,0.0,0.0,0.0,0.0,0.0,0.0,0.0071412055,0.0,0.0,0.0,0.0,0.0,16.037086,3.1809487
419,2,0,B,B,321,6.3856883,0.0,1.0027094,3.35615,0.0,1.5775871,0.0,1.3269925,0.0,0.026962338,0.0,0.0,0.0,2.1735265,0.030476894,0.8648745,0.0,0.0,0.0,4.3413773,0.0,0.0,5.5880623,0.0,0.0,0.0,0.0,0.0,0.0,0.0,0.0,0.0,0.0,1.3088179,0.0,0.0,0.0,0.0,0.0,0.0,0.0,0.0,1.9462259,0.0,0.0,0.0,0.0,0.0,1.1600055,0.13430592
420,0,1,B,A,332,5.715002,0.0,0.7646485,11.412566,0.0,1.7605361,0.0,1.885692,0.0,0.0,0.0,0.0,0.0,3.2945797,0.2787331,0.50063235,0.0,0.0,0.0,4.660892,0.0,0.0,2.8961804,0.0,0.0,0.0,0.0,0.0,0.0,0.0,0.0,0.0,0.0,3.809653,0.0,0.0,0.0,0.0,0.0,0.0,0.0,0.0,0.0,0.0,0.0,0.0,0.0,0.0,3.7819815,1.5138124
421,2,1,A,A,307,8.365525,0.0,2.2108495,45.053783,0.0,1.6401426,0.0,3.8529773,0.0,0.0015046361,0.0,0.0,0.0,7.345661,0.9819274,1.5319232,0.0,0.0,0.0,5.597122,0.0,0.0,4.472427,0.0,0.0,0.0,0.0,0.0,0.0,0.0,0.0,0.0,0.0,0.21456884,0.0,0.0,0.0,0.0,0.0,0.0,0.0,0.0,4.678226,0.0,0.0,0.0,0.0,0.0,14.456943,2.444036
422,2,1,B,B,257,6.9948707,0.0,1.2966712,17.504053,0.0,1.6529921,0.0,1.8981559,0.0,0.010486465,0.0,0.0,0.0,3.7101252,0.17633468,0.96951085,0.0,0.0,0.0,4.7199473,0.0,0.0,4.862451,0.0,0.0,0.0,0.0,0.0,0.0,0.0,0.0,0.0,0.0,1.3129256,0.0,0.0,0.0,0.0,0.0,0.0,0.0,0.0,1.6503892,0.0,0.0,0.0,0.0,0.0,4.7488227,1.0275823
423,3,1,A,B,340,8.796554,0.0,2.781253,74.26784,0.0,1.7828681,0.0,5.9694242,0.0,0.0,0.0,0.0,0.0,11.199314,1.842246,1.5319232,0.0,0.0,0.0,6.55906,0.0,0.0,3.0707397,0.0,0.0,0.0,0.0,0.0,0.0,0.0,0.0,0.0,0.0,0.88291055,0.0,0.0,0.0,0.0,0.0,0.0,0.0,0.0,2.0511968,0.0,0.0,0.0,0.0,0.0,24.379175,4.0234056
424,4,1,B,B,336,7.885602,0.0,1.4417508,63.869938,0.0,1.5651593,0.0,6.440663,0.0,1.4483707,0.0,0.0,0.0,12.196403,0.03677652,1.4260663,0.0,0.0,0.0,6.194938,0.0,0.0,6.879543,0.0,0.0,0.0,0.0,0.0,0.0,0.0,0.0,0.0,0.0,0.04348048,0.0,0.0,0.0,0.0,0.0,0.0,0.0,0.0,7.365683,0.0,0.0,0.0,0.0,0.0,20.86064,0.098721504
425,1,2,B,A,262,6.913411,0.0,1.7017562,44.064938,0.0,1.8325124,0.0,4.069069,0.0,0.0,0.0,0.0,0.0,7.506272,1.1006734,0.7647074,0.0,0.0,0.0,5.691722,0.0,0.0,2.5780668,0.0,0.0,0.0,0.0,0.0,0.0,0.0,0.0,0.0,0.0,3.0505044,0.0,0.0,0.0,0.0,0.0,0.0,0.0,0.0,0.0036306777,0.0,0.0,0.0,0.0,0.0,14.648486,3.0051408
426,2,0,B,B,328,6.3892975,0.0,0.99446625,3.2355223,0.0,1.5954779,0.0,1.2875607,0.0,0.0082896445,0.0,0.0,0.0,2.1426983,0.031110888,0.8379762,0.0,0.0,0.0,4.3405266,0.0,0.0,5.3612957,0.0,0.0,0.0,0.0,0.0,0.0,0.0,0.0,0.0,0.0,1.4704028,0.0,0.0,0.0,0.0,0.0,0.0,0.0,0.0,1.3430427,0.0,0.0,0.0,0.0,0.0,1.0745643,0.25384974
427,3,1,A,B,316,8.730599,0.0,2.6784115,69.89778,0.0,1.7610486,0.0,5.586661,0.0,0.0,0.0,0.0,0.0,10.575142,1.6772403,1.5319232,0.0,0.0,0.0,6.4050927,0.0,0.0,3.3313446,0.0,0.0,0.0,0.0,0.0,0.0,0.0,0.0,0.0,0.0,0.74835914,0.0,0.0,0.0,0.0,0.0,0.0,0.0,0.0,2.5635254,0.0,0.0,0.0,0.0,0.0,22.720284,3.7440765
428,2,0,B,B,294,6.2862983,0.0,0.969383,4.4536085,0.0,1.5865325,0.0,1.3036307,0.0,0.00884715,0.0,0.0,0.0,2.2161863,0.038340516,0.8233461,0.0,0.0,0.0,4.362174,0.0,0.0,5.4156513,0.0,0.0,0.0,0.0,0.0,0.0,0.0,0.0,0.0,0.0,1.5148071,0.0,0.0,0.0,0.0,0.0,0.0,0.0,0.0,1.0490837,0.0,0.0,0.0,0.0,0.0,1.2569425,0.20161317
429,2,0,B,B,279,6.313132,0.0,0.990247,6.646825,0.0,1.5897615,0.0,1.3432945,0.0,0.010893952,0.0,0.0,0.0,2.3953257,0.040985275,0.8206071,0.0,0.0,0.0,4.4064536,0.0,0.0,5.392445,0.0,0.0,0.0,0.0,0.0,0.0,0.0,0.0,0.0,0.0,1.5098425,0.0,0.0,0.0,0.0,0.0,0.0,0.0,0.0,1.1097616,0.0,0.0,0.0,0.0,0.0,1.6184269,0.23346083
430,3,1,B,B,261,7.4499474,0.0,1.3872331,30.366905,0.0,1.6220822,0.0,3.7023602,0.0,0.5840191,0.0,0.0,0.0,6.619263,0.13508454,1.1688251,0.0,0.0,0.0,5.155391,0.0,0.0,5.595481,0.0,0.0,0.0,0.0,0.0,0.0,0.0,0.0,0.0,0.0,0.44397125,0.0,0.0,0.0,0.0,0.0,0.0,0.0,0.0,5.281762,0.0,0.0,0.0,0.0,0.0,10.216117,0.6320026
431,0,1,A,A,286,7.7833486,0.0,1.530379,56.222504,0.0,1.4475615,0.0,6.1878285,0.0,1.3860421,0.0,0.0,0.0,11.264997,0.061883874,1.5319232,0.0,0.0,0.0,5.9445996,0.0,0.0,6.169667,0.0,0.0,0.0,0.0,0.0,0.0,0.0,0.0,0.0,0.0,0.058110908,0.0,0.0,0.0,0.0,0.0,0.0,0.0,0.0,6.5616984,0.0,0.0,0.0,0.0,0.0,19.361164,0.39557734
432,1,2,A,A,323,7.86559,0.0,1.5340796,62.87953,0.0,1.4746809,0.0,6.337716,0.0,1.3713771,0.0,0.0,0.0,11.957948,0.079162605,1.5319232,0.0,0.0,0.0,6.0961485,0.0,0.0,6.521255,0.0,0.0,0.0,0.0,0.0,0.0,0.0,0.0,0.0,0.0,0.06237865,0.0,0.0,0.0,0.0,0.0,0.0,0.0,0.0,7.050191,0.0,0.0,0.0,0.0,0.0,20.681364,0.24780029
433,6,1,A,B,297,9.934756,0.0,4.0176134,139.29968,0.0,2.1487966,0.0,10.564389,0.0,0.0,0.0,0.0,0.0,19.912624,3.594986,1.5475516,0.0,0.0,0.0,8.865613,0.0,0.0,0.22904056,0.0,0.0,0.0,0.0,0.0,0.0,0.0,0.0,0.0,0.0,2.290973,0.0,0.0,0.0,0.0,0.0,0.0,0.0,0.0,0.0022162492,0.0,0.0,0.0,0.0,0.0,46.46722,7.3430314
434,2,1,A,B,329,8.283162,0.0,2.2010043,44.621273,0.0,1.628313,0.0,3.8201356,0.0,6.6956327e-06,0.0,0.0,0.0,7.257944,0.9801511,1.5162948,0.0,0.0,0.0,5.5210543,0.0,0.0,4.470659,0.0,0.0,0.0,0.0,0.0,0.0,0.0,0.0,0.0,0.0,0.2817936,0.0,0.0,0.0,0.0,0.0,0.0,0.0,0.0,4.568638,0.0,0.0,0.0,0.0,0.0,14.272492,2.4290671
435,0,1,B,A,304,5.829076,0.0,0.8021611,11.643649,0.0,1.7635466,0.0,1.9208571,0.0,0.0,0.0,0.0,0.0,3.3052323,0.31610745,0.5291981,0.0,0.0,0.0,4.704738,0.0,0.0,2.9640386,0.0,0.0,0.0,0.0,0.0,0.0,0.0,0.0,0.0,0.0,3.6744356,0.0,0.0,0.0,0.0,0.0,0.0,0.0,0.0,0.0,0.0,0.0,0.0,0.0,0.0,3.8445098,1.5019602
436,0,1,B,A,259,5.8528733,0.0,0.9713503,23.095055,0.0,1.7481154,0.0,2.2908525,0.0,0.0,0.0,0.0,0.0,4.4939113,0.33067787,0.5184519,0.0,0.0,0.0,4.964729,0.0,0.0,3.060076,0.0,0.0,0.0,0.0,0.0,0.0,0.0,0.0,0.0,0.0,3.5670977,0.0,0.0,0.0,0.0,0.0,0.0,0.0,0.0,0.0,0.0,0.0,0.0,0.0,0.0,6.6453815,1.8455297
437,6,1,A,B,275,9.963112,0.0,4.043388,132.05963,0.0,2.1582232,0.0,10.661066,0.0,0.0,0.0,0.0,0.0,19.534283,3.6867645,1.5475516,0.0,0.0,0.0,8.76507,0.0,0.0,0.1608512,0.0,0.0,0.0,0.0,0.0,0.0,0.0,0.0,0.0,0.0,2.3657856,0.0,0.0,0.0,0.0,0.0,0.0,0.0,0.0,0.0,0.0,0.0,0.0,0.0,0.0,45.82755,7.369684
438,1,2,B,A,278,6.9357142,0.0,1.6583138,45.463024,0.0,1.8198563,0.0,3.8754287,0.0,0.0,0.0,0.0,0.0,7.471983,0.9829671,0.8024533,0.0,0.0,0.0,5.6809125,0.0,0.0,2.7804062,0.0,0.0,0.0,0.0,0.0,0.0,0.0,0.0,0.0,0.0,2.8882074,0.0,0.0,0.0,0.0,0.0,0.0,0.0,0.0,0.0121849915,0.0,0.0,0.0,0.0,0.0,14.361936,2.8309333
439,2,1,B,B,325,6.970807,0.0,1.175337,6.9977264,0.0,1.6579193,0.0,1.5861553,0.0,0.03578384,0.0,0.0,0.0,2.6861603,0.11321272,0.9821961,0.0,0.0,0.0,4.456173,0.0,0.0,4.879494,0.0,0.0,0.0,0.0,0.0,0.0,0.0,0.0,0.0,0.0,1.3423016,0.0,0.0,0.0,0.0,0.0,0.0,0.0,0.0,1.2425816,0.0,0.0,0.0,0.0,0.0,2.3328507,0.7377728
440,2,1,B,A,309,6.9023547,0.0,1.2116997,11.359306,0.0,1.6879108,0.0,1.816646,0.0,0.0029221505,0.0,0.0,0.0,3.2065444,0.2273543,0.91621447,0.0,0.0,0.0,4.596693,0.0,0.0,4.4575715,0.0,0.0,0.0,0.0,0.0,0.0,0.0,0.0,0.0,0.0,1.7016505,0.0,0.0,0.0,0.0,0.0,0.0,0.0,0.0,0.5405321,0.0,0.0,0.0,0.0,0.0,3.6503992,1.0776081
441,1,2,A,A,276,7.819344,0.0,1.5362532,55.140457,0.0,1.4593602,0.0,6.1169887,0.0,1.3648814,0.0,0.0,0.0,11.088545,0.069116116,1.5319232,0.0,0.0,0.0,5.9113216,0.0,0.0,6.7398596,0.0,0.0,0.0,0.0,0.0,0.0,0.0,0.0,0.0,0.0,0.062110867,0.0,0.0,0.0,0.0,0.0,0.0,0.0,0.0,7.2513037,0.0,0.0,0.0,0.0,0.0,19.017632,0.20302366
442,4,1,B,B,280,7.9427032,0.0,1.4649287,55.753086,0.0,1.5704004,0.0,6.2592316,0.0,1.4327626,0.0,0.0,0.0,11.3669815,0.04135509,1.4355582,0.0,0.0,0.0,6.0154567,0.0,0.0,6.820969,0.0,0.0,0.0,0.0,0.0,0.0,0.0,0.0,0.0,0.0,0.037640557,0.0,0.0,0.0,0.0,0.0,0.0,0.0,0.0,7.312321,0.0,0.0,0.0,0.0,0.0,19.255438,0.106499955
443,4,1,A,B,306,9.147317,0.0,3.2553184,99.198685,0.0,1.898981,0.0,7.7323394,0.0,0.0,0.0,0.0,0.0,14.554737,2.5089283,1.5319232,0.0,0.0,0.0,7.412813,0.0,0.0,1.9796977,0.0,0.0,0.0,0.0,0.0,0.0,0.0,0.0,0.0,0.0,1.4288172,0.0,0.0,0.0,0.0,0.0,0.0,0.0,0.0,0.17803136,0.0,0.0,0.0,0.0,0.0,32.928665,5.29502
444,3,1,B,B,306,7.339523,0.0,1.2930657,30.6744,0.0,1.6213487,0.0,3.4722552,0.0,0.5123393,0.0,0.0,0.0,6.527876,0.083712146,1.138831,0.0,0.0,0.0,5.1516094,0.0,0.0,5.5925636,0.0,0.0,0.0,0.0,0.0,0.0,0.0,0.0,0.0,0.0,0.53642106,0.0,0.0,0.0,0.0,0.0,0.0,0.0,0.0,5.0080314,0.0,0.0,0.0,0.0,0.0,9.781284,0.44508466
445,1,1,A,A,270,8.001222,0.0,1.6937127,39.268658,0.0,1.519551,0.0,4.50506,0.0,0.78735167,0.0,0.0,0.0,7.9546275,0.25610566,1.5319232,0.0,0.0,0.0,5.4103484,0.0,0.0,5.7022595,0.0,0.0,0.0,0.0,0.0,0.0,0.0,0.0,0.0,0.0,0.06880006,0.0,0.0,0.0,0.0,0.0,0.0,0.0,0.0,6.1333985,0.0,0.0,0.0,0.0,0.0,13.484428,0.96772707
446,2,0,A,B,291,8.443922,0.0,2.488716,59.01557,0.0,1.6661339,0.0,4.881843,0.0,0.0,0.0,0.0,0.0,9.182128,1.4242618,1.5319232,0.0,0.0,0.0,6.0568495,0.0,0.0,3.7511563,0.0,0.0,0.0,0.0,0.0,0.0,0.0,0.0,0.0,0.0,0.53699815,0.0,0.0,0.0,0.0,0.0,0.0,0.0,0.0,3.3719208,0.0,0.0,0.0,0.0,0.0,19.301863,3.2302282
447,4,1,B,B,293,7.809073,0.0,1.44389,59.554176,0.0,1.5492833,0.0,6.403307,0.0,1.440331,0.0,0.0,0.0,11.860374,0.040017746,1.4128411,0.0,0.0,0.0,6.059335,0.0,0.0,6.9702125,0.0,0.0,0.0,0.0,0.0,0.0,0.0,0.0,0.0,0.0,0.07758542,0.0,0.0,0.0,0.0,0.0,0.0,0.0,0.0,7.4904456,0.0,0.0,0.0,0.0,0.0,20.237137,0.07674515
448,1,1,A,A,285,8.067662,0.0,1.8268292,29.134672,0.0,1.5415578,0.0,3.2230299,0.0,0.2723088,0.0,0.0,0.0,5.7253613,0.4596198,1.5319232,0.0,0.0,0.0,5.0889907,0.0,0.0,5.3458085,0.0,0.0,0.0,0.0,0.0,0.0,0.0,0.0,0.0,0.0,0.08795797,0.0,0.0,0.0,0.0,0.0,0.0,0.0,0.0,5.763026,0.0,0.0,0.0,0.0,0.0,9.692522,1.357656
449,1,1,B,A,323,6.2928596,0.0,0.9945828,11.087039,0.0,1.7173662,0.0,1.8315746,0.0,0.0,0.0,0.0,0.0,3.204293,0.25221702,0.6972536,0.0,0.0,0.0,4.6145782,0.0,0.0,3.750932,0.0,0.0,0.0,0.0,0.0,0.0,0.0,0.0,0.0,0.0,2.7141318,0.0,0.0,0.0,0.0,0.0,0.0,0.0,0.0,0.025950063,0.0,0.0,0.0,0.0,0.0,3.6098855,1.2512901
450,2,0,A,B,346,8.451034,0.0,2.4986043,60.301315,0.0,1.6685177,0.0,4.9181957,0.0,0.0,0.0,0.0,0.0,9.286657,1.425681,1.5319232,0.0,0.0,0.0,6.0845976,0.0,0.0,3.7411118,0.0,0.0,0.0,0.0,0.0,0.0,0.0,0.0,0.0,0.0,0.5384154,0.0,0.0,0.0,0.0,0.0,0.0,0.0,0.0,3.353125,0.0,0.0,0.0,0.0,0.0,19.54775,3.2513077
451,1,1,A,A,306,8.011657,0.0,1.7116029,41.818466,0.0,1.5230801,0.0,4.5488343,0.0,0.6694432,0.0,0.0,0.0,8.280411,0.34010738,1.5319232,0.0,0.0,0.0,5.497302,0.0,0.0,5.5348496,0.0,0.0,0.0,0.0,0.0,0.0,0.0,0.0,0.0,0.0,0.08032692,0.0,0.0,0.0,0.0,0.0,0.0,0.0,0.0,5.9896264,0.0,0.0,0.0,0.0,0.0,14.202056,1.0496584
452,10,1,A,B,342,11.457867,0.0,4.3627586,160.47755,0.0,2.652942,0.0,11.847408,0.0,0.0,0.0,0.0,0.0,22.638212,4.05657,1.5475516,0.0,0.0,0.0,9.498958,0.0,0.0,0.0,0.0,0.0,0.0,0.0,0.0,0.0,0.0,0.0,0.0,0.0,2.7066185,0.0,0.0,0.0,0.0,0.0,0.0,0.0,0.0,0.0,0.0,0.0,0.0,0.0,0.0,52.370674,8.331521
453,2,1,A,A,318,8.373787,0.0,2.2614658,46.694477,0.0,1.642845,0.0,4.0376854,0.0,0.0,0.0,0.0,0.0,7.605759,1.069575,1.5319232,0.0,0.0,0.0,5.663058,0.0,0.0,4.3296046,0.0,0.0,0.0,0.0,0.0,0.0,0.0,0.0,0.0,0.0,0.2736158,0.0,0.0,0.0,0.0,0.0,0.0,0.0,0.0,4.3869314,0.0,0.0,0.0,0.0,0.0,15.19787,2.5813253
454,2,1,A,A,338,8.398517,0.0,2.325394,50.865616,0.0,1.6510582,0.0,4.2741456,0.0,0.0,0.0,0.0,0.0,8.103679,1.1572304,1.5319232,0.0,0.0,0.0,5.788082,0.0,0.0,4.1832643,0.0,0.0,0.0,0.0,0.0,0.0,0.0,0.0,0.0,0.0,0.3213723,0.0,0.0,0.0,0.0,0.0,0.0,0.0,0.0,4.1394334,0.0,0.0,0.0,0.0,0.0,16.455652,2.7634993
455,4,1,B,B,261,7.9264307,0.0,1.494295,48.13054,0.0,1.5843788,0.0,5.6088066,0.0,1.28901,0.0,0.0,0.0,9.954018,0.052645057,1.4089932,0.0,0.0,0.0,5.7018976,0.0,0.0,6.552481,0.0,0.0,0.0,0.0,0.0,0.0,0.0,0.0,0.0,0.0,0.08339271,0.0,0.0,0.0,0.0,0.0,0.0,0.0,0.0,6.9524345,0.0,0.0,0.0,0.0,0.0,16.625525,0.30983296
456,10,1,A,B,260,11.35162,0.0,4.1334887,126.7152,0.0,2.6179595,0.0,10.997058,0.0,0.0,0.0,0.0,0.0,19.515448,3.9563055,1.5475516,0.0,0.0,0.0,8.691625,0.0,0.0,0.07206124,0.0,0.0,0.0,0.0,0.0,0.0,0.0,0.0,0.0,0.0,2.6204908,0.0,0.0,0.0,0.0,0.0,0.0,0.0,0.0,0.0,0.0,0.0,0.0,0.0,0.0,45.25481,7.6819215
457,0,1,A,A,335,7.767953,0.0,1.5469692,61.360672,0.0,1.4424987,0.0,6.169381,0.0,1.3207583,0.0,0.0,0.0,11.608595,0.09680693,1.5319232,0.0,0.0,0.0,6.0398655,0.0,0.0,6.266715,0.0,0.0,0.0,0.0,0.0,0.0,0.0,0.0,0.0,0.0,0.05727808,0.0,0.0,0.0,0.0,0.0,0.0,0.0,0.0,6.681323,0.0,0.0,0.0,0.0,0.0,20.123657,0.3559046
459,3,1,B,B,254,7.419975,0.0,1.4358786,30.494946,0.0,1.6201537,0.0,3.3746655,0.0,0.48945403,0.0,0.0,0.0,6.1662908,0.16689539,1.1572354,0.0,0.0,0.0,5.1216955,0.0,0.0,5.507051,0.0,0.0,0.0,0.0,0.0,0.0,0.0,0.0,0.0,0.0,0.53214073,0.0,0.0,0.0,0.0,0.0,0.0,0.0,0.0,4.8471284,0.0,0.0,0.0,0.0,0.0,9.580699,0.7794868
460,2,1,A,A,260,8.3294735,0.0,2.1391609,38.50422,0.0,1.6283205,0.0,3.5868697,0.0,0.0007645613,0.0,0.0,0.0,6.6077533,0.92907315,1.5319232,0.0,0.0,0.0,5.408624,0.0,0.0,4.555868,0.0,0.0,0.0,0.0,0.0,0.0,0.0,0.0,0.0,0.0,0.19617367,0.0,0.0,0.0,0.0,0.0,0.0,0.0,0.0,4.7798576,0.0,0.0,0.0,0.0,0.0,12.701921,2.2542999
461,10,1,A,B,251,11.233564,0.0,3.9538202,115.512726,0.0,2.5789587,0.0,10.329404,0.0,0.0,0.0,0.0,0.0,18.077919,3.7961001,1.5475516,0.0,0.0,0.0,8.325136,0.0,0.0,0.3004486,0.0,0.0,0.0,0.0,0.0,0.0,0.0,0.0,0.0,0.0,2.4871874,0.0,0.0,0.0,0.0,0.0,0.0,0.0,0.0,0.16510516,0.0,0.0,0.0,0.0,0.0,41.679813,7.264209
462,2,0,B,B,327,6.3223853,0.0,0.992475,3.781539,0.0,1.5737419,0.0,1.3581398,0.0,0.030393966,0.0,0.0,0.0,2.2429075,0.031330105,0.84291,0.0,0.0,0.0,4.3574033,0.0,0.0,5.6000557,0.0,0.0,0.0,0.0,0.0,0.0,0.0,0.0,0.0,0.0,1.3523303,0.0,0.0,0.0,0.0,0.0,0.0,0.0,0.0,1.7614359,0.0,0.0,0.0,0.0,0.0,1.3203048,0.16302212
463,1,2,B,A,345,6.999876,0.0,1.6782781,42.697353,0.0,1.831217,0.0,3.9303255,0.0,0.0,0.0,0.0,0.0,7.271703,1.057849,0.81314933,0.0,0.0,0.0,5.6295314,0.0,0.0,2.6923022,0.0,0.0,0.0,0.0,0.0,0.0,0.0,0.0,0.0,0.0,2.906113,0.0,0.0,0.0,0.0,0.0,0.0,0.0,0.0,0.023161437,0.0,0.0,0.0,0.0,0.0,14.016375,2.846355
464,1,1,B,A,319,6.315899,0.0,0.9932249,11.345403,0.0,1.7273425,0.0,1.8584883,0.0,0.0,0.0,0.0,0.0,3.24046,0.28764427,0.7045716,0.0,0.0,0.0,4.6237774,0.0,0.0,3.6506796,0.0,0.0,0.0,0.0,0.0,0.0,0.0,0.0,0.0,0.0,2.777687,0.0,0.0,0.0,0.0,0.0,0.0,0.0,0.0,0.024174917,0.0,0.0,0.0,0.0,0.0,3.706491,1.3074112
465,2,1,B,B,305,6.8320594,0.0,1.150929,8.303291,0.0,1.6486858,0.0,1.552164,0.0,0.010357179,0.0,0.0,0.0,2.7452962,0.1181663,0.932302,0.0,0.0,0.0,4.481058,0.0,0.0,4.931786,0.0,0.0,0.0,0.0,0.0,0.0,0.0,0.0,0.0,0.0,1.4213889,0.0,0.0,0.0,0.0,0.0,0.0,0.0,0.0,1.2017266,0.0,0.0,0.0,0.0,0.0,2.461983,0.6987164
466,3,1,B,B,271,7.5353394,0.0,1.3529975,37.054577,0.0,1.6123637,0.0,4.484283,0.0,0.8981279,0.0,0.0,0.0,7.95301,0.07474857,1.2293782,0.0,0.0,0.0,5.360819,0.0,0.0,5.8338575,0.0,0.0,0.0,0.0,0.0,0.0,0.0,0.0,0.0,0.0,0.29743326,0.0,0.0,0.0,0.0,0.0,0.0,0.0,0.0,5.7165165,0.0,0.0,0.0,0.0,0.0,12.603297,0.40105468
467,0,1,B,A,340,5.849906,0.0,0.82524484,13.9235935,0.0,1.7774745,0.0,2.0524004,0.0,0.0,0.0,0.0,0.0,3.607372,0.35414922,0.52708936,0.0,0.0,0.0,4.7813053,0.0,0.0,2.7995713,0.0,0.0,0.0,0.0,0.0,0.0,0.0,0.0,0.0,0.0,3.7774856,0.0,0.0,0.0,0.0,0.0,0.0,0.0,0.0,0.0,0.0,0.0,0.0,0.0,0.0,4.581389,1.6354176
468,0,1,A,A,267,7.742483,0.0,1.5415375,50.2473,0.0,1.4339811,0.0,5.799968,0.0,1.3524393,0.0,0.0,0.0,10.259183,0.051593248,1.5319232,0.0,0.0,0.0,5.7509913,0.0,0.0,6.3817263,0.0,0.0,0.0,0.0,0.0,0.0,0.0,0.0,0.0,0.0,0.057357118,0.0,0.0,0.0,0.0,0.0,0.0,0.0,0.0,6.7562184,0.0,0.0,0.0,0.0,0.0,17.468212,0.3198384
469,2,1,B,A,285,6.8477592,0.0,1.1753798,11.021337,0.0,1.6576382,0.0,1.6634046,0.0,0.010481536,0.0,0.0,0.0,3.0075998,0.15951274,0.93067473,0.0,0.0,0.0,4.545451,0.0,0.0,4.8188944,0.0,0.0,0.0,0.0,0.0,0.0,0.0,0.0,0.0,0.0,1.4873048,0.0,0.0,0.0,0.0,0.0,0.0,0.0,0.0,1.0560246,0.0,0.0,0.0,0.0,0.0,3.086421,0.8173352
470,10,1,B,B,315,7.1579437,0.0,1.4920075,67.087715,0.0,1.2295705,0.0,6.6440783,0.0,1.5542532,0.0,0.0,0.0,12.525895,0.0059873466,1.5475516,0.0,0.0,0.0,6.2525544,0.0,0.0,13.48541,0.0,0.0,0.0,0.0,0.0,0.0,0.0,0.0,0.0,0.0,0.018852724,0.0,0.0,0.0,0.0,0.0,0.0,0.0,0.0,14.136289,0.0,0.0,0.0,0.0,0.0,22.106142,0.00456577
471,3,1,A,B,292,8.731699,0.0,2.7148645,71.85013,0.0,1.7612997,0.0,5.722107,0.0,0.0,0.0,0.0,0.0,10.876697,1.7095633,1.5319232,0.0,0.0,0.0,6.481451,0.0,0.0,3.2873445,0.0,0.0,0.0,0.0,0.0,0.0,0.0,0.0,0.0,0.0,0.7743786,0.0,0.0,0.0,0.0,0.0,0.0,0.0,0.0,2.42241,0.0,0.0,0.0,0.0,0.0,23.480898,3.8296354
472,1,1,B,A,322,6.4196367,0.0,0.9896648,8.502646,0.0,1.7083892,0.0,1.6700225,0.0,0.0,0.0,0.0,0.0,2.8838503,0.19124894,0.75990397,0.0,0.0,0.0,4.531069,0.0,0.0,3.927998,0.0,0.0,0.0,0.0,0.0,0.0,0.0,0.0,0.0,0.0,2.4780324,0.0,0.0,0.0,0.0,0.0,0.0,0.0,0.0,0.048177034,0.0,0.0,0.0,0.0,0.0,2.8153958,1.0994444
473,0,1,B,A,342,5.76884,0.0,0.795005,10.955522,0.0,1.7489631,0.0,1.8785533,0.0,0.0,0.0,0.0,0.0,3.2641513,0.26177397,0.5244616,0.0,0.0,0.0,4.652899,0.0,0.0,3.0691314,0.0,0.0,0.0,0.0,0.0,0.0,0.0,0.0,0.0,0.0,3.6378708,0.0,0.0,0.0,0.0,0.0,0.0,0.0,0.0,0.0,0.0,0.0,0.0,0.0,0.0,3.7373753,1.431107
474,2,0,B,B,297,6.2987647,0.0,0.97406405,4.2804036,0.0,1.5834343,0.0,1.2861546,0.0,0.008637388,0.0,0.0,0.0,2.1892118,0.029197358,0.82992345,0.0,0.0,0.0,4.355465,0.0,0.0,5.4626226,0.0,0.0,0.0,0.0,0.0,0.0,0.0,0.0,0.0,0.0,1.4702997,0.0,0.0,0.0,0.0,0.0,0.0,0.0,0.0,1.2892166,0.0,0.0,0.0,0.0,0.0,1.1895072,0.19447741
475,1,1,A,A,303,8.020127,0.0,1.7575306,36.975315,0.0,1.5258619,0.0,4.014637,0.0,0.49119714,0.0,0.0,0.0,7.3111897,0.38268456,1.5319232,0.0,0.0,0.0,5.347979,0.0,0.0,5.456286,0.0,0.0,0.0,0.0,0.0,0.0,0.0,0.0,0.0,0.0,0.07860473,0.0,0.0,0.0,0.0,0.0,0.0,0.0,0.0,5.907771,0.0,0.0,0.0,0.0,0.0,12.510665,1.1700585
476,0,1,B,A,269,5.763006,0.0,0.85786605,19.070576,0.0,1.7506056,0.0,2.071167,0.0,0.0,0.0,0.0,0.0,4.0187125,0.26544553,0.5154619,0.0,0.0,0.0,4.8473134,0.0,0.0,3.018742,0.0,0.0,0.0,0.0,0.0,0.0,0.0,0.0,0.0,0.0,3.673432,0.0,0.0,0.0,0.0,0.0,0.0,0.0,0.0,0.0014025139,0.0,0.0,0.0,0.0,0.0,5.4123626,1.6630342
477,0,1,B,A,278,5.7790456,0.0,0.8821602,19.708288,0.0,1.7736952,0.0,2.2330368,0.0,0.0,0.0,0.0,0.0,4.1758037,0.38301837,0.49754983,0.0,0.0,0.0,4.8848786,0.0,0.0,2.7559202,0.0,0.0,0.0,0.0,0.0,0.0,0.0,0.0,0.0,0.0,3.8591626,0.0,0.0,0.0,0.0,0.0,0.0,0.0,0.0,0.0,0.0,0.0,0.0,0.0,0.0,5.922329,1.8269494
478,2,1,A,A,270,8.419705,0.0,2.2350597,42.122665,0.0,1.6581213,0.0,3.9414034,0.0,0.0,0.0,0.0,0.0,7.15888,1.095602,1.5319232,0.0,0.0,0.0,5.544081,0.0,0.0,4.294477,0.0,0.0,0.0,0.0,0.0,0.0,0.0,0.0,0.0,0.0,0.3056852,0.0,0.0,0.0,0.0,0.0,0.0,0.0,0.0,4.4357414,0.0,0.0,0.0,0.0,0.0,14.1685915,2.5285954
479,0,1,A,A,255,7.8147087,0.0,1.6093765,45.971066,0.0,1.457853,0.0,5.2358556,0.0,1.1272128,0.0,0.0,0.0,9.296246,0.111494005,1.5319232,0.0,0.0,0.0,5.6151233,0.0,0.0,6.083775,0.0,0.0,0.0,0.0,0.0,0.0,0.0,0.0,0.0,0.0,0.05831768,0.0,0.0,0.0,0.0,0.0,0.0,0.0,0.0,6.4274054,0.0,0.0,0.0,0.0,0.0,15.847307,0.61502767
480,4,1,A,B,263,9.107538,0.0,3.1592832,86.50202,0.0,1.885908,0.0,7.376445,0.0,0.0,0.0,0.0,0.0,13.346688,2.4279807,1.5319232,0.0,0.0,0.0,7.100473,0.0,0.0,2.12528,0.0,0.0,0.0,0.0,0.0,0.0,0.0,0.0,0.0,0.0,1.3622084,0.0,0.0,0.0,0.0,0.0,0.0,0.0,0.0,0.37641317,0.0,0.0,0.0,0.0,0.0,30.141125,5.0001116
481,0,1,A,A,256,7.778358,0.0,1.5885464,47.867867,0.0,1.4457936,0.0,5.4456663,0.0,1.2108738,0.0,0.0,0.0,9.671516,0.078981355,1.5319232,0.0,0.0,0.0,5.673678,0.0,0.0,6.2348695,0.0,0.0,0.0,0.0,0.0,0.0,0.0,0.0,0.0,0.0,0.05754868,0.0,0.0,0.0,0.0,0.0,0.0,0.0,0.0,6.60876,0.0,0.0,0.0,0.0,0.0,16.510214,0.4896578
482,6,1,B,B,294,7.800261,0.0,1.4902129,62.786827,0.0,1.4457862,0.0,6.5987115,0.0,1.5515602,0.0,0.0,0.0,12.279772,0.0059873466,1.5425495,0.0,0.0,0.0,6.185861,0.0,0.0,9.249295,0.0,0.0,0.0,0.0,0.0,0.0,0.0,0.0,0.0,0.0,0.018852724,0.0,0.0,0.0,0.0,0.0,0.0,0.0,0.0,9.750028,0.0,0.0,0.0,0.0,0.0,21.176184,0.005319944
483,2,1,A,B,347,8.441748,0.0,2.3387842,50.566696,0.0,1.6653934,0.0,4.3246675,0.0,0.0,0.0,0.0,0.0,8.088947,1.2184666,1.5319232,0.0,0.0,0.0,5.7823644,0.0,0.0,4.086853,0.0,0.0,0.0,0.0,0.0,0.0,0.0,0.0,0.0,0.0,0.3717499,0.0,0.0,0.0,0.0,0.0,0.0,0.0,0.0,4.019377,0.0,0.0,0.0,0.0,0.0,16.46041,2.8244622
484,6,1,B,B,301,7.854477,0.0,1.4924312,64.04694,0.0,1.4611375,0.0,6.6197395,0.0,1.5499561,0.0,0.0,0.0,12.400883,0.00693046,1.5460199,0.0,0.0,0.0,6.212976,0.0,0.0,8.952972,0.0,0.0,0.0,0.0,0.0,0.0,0.0,0.0,0.0,0.0,0.018852724,0.0,0.0,0.0,0.0,0.0,0.0,0.0,0.0,9.484664,0.0,0.0,0.0,0.0,0.0,21.383572,0.008693846
485,4,1,A,B,328,9.188505,0.0,3.3317442,105.50963,0.0,1.9125983,0.0,8.0163145,0.0,0.0,0.0,0.0,0.0,15.2053,2.60219,1.5319232,0.0,0.0,0.0,7.5812335,0.0,0.0,1.8379787,0.0,0.0,0.0,0.0,0.0,0.0,0.0,0.0,0.0,0.0,1.5045816,0.0,0.0,0.0,0.0,0.0,0.0,0.0,0.0,0.15633696,0.0,0.0,0.0,0.0,0.0,34.53216,5.5037947
486,1,1,B,A,262,6.245246,0.0,1.0572667,19.442036,0.0,1.7116416,0.0,2.0285125,0.0,0.0,0.0,0.0,0.0,3.9796305,0.2510992,0.67147696,0.0,0.0,0.0,4.815438,0.0,0.0,3.7597864,0.0,0.0,0.0,0.0,0.0,0.0,0.0,0.0,0.0,0.0,2.7445326,0.0,0.0,0.0,0.0,0.0,0.0,0.0,0.0,0.007929856,0.0,0.0,0.0,0.0,0.0,5.3818207,1.4667311
487,6,1,B,B,290,7.788748,0.0,1.4930032,62.25815,0.0,1.4384264,0.0,6.584786,0.0,1.5505971,0.0,0.0,0.0,12.216719,0.0059873466,1.5475516,0.0,0.0,0.0,6.1730623,0.0,0.0,9.294107,0.0,0.0,0.0,0.0,0.0,0.0,0.0,0.0,0.0,0.0,0.018852724,0.0,0.0,0.0,0.0,0.0,0.0,0.0,0.0,9.796284,0.0,0.0,0.0,0.0,0.0,21.069239,0.0054403613
488,0,1,B,A,285,5.7114215,0.0,0.80083054,16.474146,0.0,1.7584409,0.0,1.9807954,0.0,0.0,0.0,0.0,0.0,3.7257438,0.26973566,0.4972519,0.0,0.0,0.0,4.7726707,0.0,0.0,2.9109638,0.0,0.0,0.0,0.0,0.0,0.0,0.0,0.0,0.0,0.0,3.7971692,0.0,0.0,0.0,0.0,0.0,0.0,0.0,0.0,0.0,0.0,0.0,0.0,0.0,0.0,4.735463,1.6072377
489,3,1,B,A,261,7.459448,0.0,1.4363039,29.719915,0.0,1.6277764,0.0,3.4686108,0.0,0.49072132,0.0,0.0,0.0,6.292835,0.1851162,1.1717503,0.0,0.0,0.0,5.071166,0.0,0.0,5.44579,0.0,0.0,0.0,0.0,0.0,0.0,0.0,0.0,0.0,0.0,0.52965224,0.0,0.0,0.0,0.0,0.0,0.0,0.0,0.0,5.0010476,0.0,0.0,0.0,0.0,0.0,9.764834,0.812229
490,0,1,B,A,326,5.6856556,0.0,0.76137507,11.830456,0.0,1.7563156,0.0,1.8910145,0.0,0.0,0.0,0.0,0.0,3.3522336,0.26147175,0.49475697,0.0,0.0,0.0,4.675614,0.0,0.0,2.9419541,0.0,0.0,0.0,0.0,0.0,0.0,0.0,0.0,0.0,0.0,3.8037863,0.0,0.0,0.0,0.0,0.0,0.0,0.0,0.0,0.00090663607,0.0,0.0,0.0,0.0,0.0,3.8960323,1.4917989
491,6,1,A,B,256,9.93608,0.0,3.8488355,114.40052,0.0,2.149429,0.0,9.938948,0.0,0.0,0.0,0.0,0.0,17.526627,3.5661469,1.5475516,0.0,0.0,0.0,8.242581,0.0,0.0,0.3677948,0.0,0.0,0.0,0.0,0.0,0.0,0.0,0.0,0.0,0.0,2.266297,0.0,0.0,0.0,0.0,0.0,0.0,0.0,0.0,0.029704016,0.0,0.0,0.0,0.0,0.0,41.003754,6.8959517
492,1,1,B,A,307,6.2542205,0.0,0.9805725,12.282897,0.0,1.722715,0.0,1.8283103,0.0,0.0,0.0,0.0,0.0,3.2977762,0.23012958,0.6803125,0.0,0.0,0.0,4.645834,0.0,0.0,3.6624193,0.0,0.0,0.0,0.0,0.0,0.0,0.0,0.0,0.0,0.0,2.8105025,0.0,0.0,0.0,0.0,0.0,0.0,0.0,0.0,0.031928636,0.0,0.0,0.0,0.0,0.0,3.7866294,1.3155171
493,2,0,A,B,306,8.556222,0.0,2.6682954,68.02467,0.0,1.7032917,0.0,5.5492406,0.0,0.0,0.0,0.0,0.0,10.407549,1.6681526,1.5319232,0.0,0.0,0.0,6.366525,0.0,0.0,3.3507078,0.0,0.0,0.0,0.0,0.0,0.0,0.0,0.0,0.0,0.0,0.73655456,0.0,0.0,0.0,0.0,0.0,0.0,0.0,0.0,2.619941,0.0,0.0,0.0,0.0,0.0,22.465183,3.6995642
494,2,0,A,B,265,8.457523,0.0,2.4644141,54.2324,0.0,1.6706824,0.0,4.7920885,0.0,0.0,0.0,0.0,0.0,8.758661,1.4218893,1.5319232,0.0,0.0,0.0,5.9488583,0.0,0.0,3.7573333,0.0,0.0,0.0,0.0,0.0,0.0,0.0,0.0,0.0,0.0,0.53549665,0.0,0.0,0.0,0.0,0.0,0.0,0.0,0.0,3.416335,0.0,0.0,0.0,0.0,0.0,18.350336,3.1537967
495,1,2,A,A,258,7.9093304,0.0,1.5853027,47.103325,0.0,1.48915,0.0,5.39721,0.0,1.2052449,0.0,0.0,0.0,9.575791,0.081413925,1.5319232,0.0,0.0,0.0,5.6497393,0.0,0.0,6.3285656,0.0,0.0,0.0,0.0,0.0,0.0,0.0,0.0,0.0,0.0,0.057882193,0.0,0.0,0.0,0.0,0.0,0.0,0.0,0.0,6.7134337,0.0,0.0,0.0,0.0,0.0,16.217402,0.4454169
496,2,1,B,B,331,6.9360375,0.0,1.2060325,10.584768,0.0,1.6864318,0.0,1.7487179,0.0,0.0014696058,0.0,0.0,0.0,3.094542,0.2227241,0.93291646,0.0,0.0,0.0,4.5680113,0.0,0.0,4.488039,0.0,0.0,0.0,0.0,0.0,0.0,0.0,0.0,0.0,0.0,1.6498549,0.0,0.0,0.0,0.0,0.0,0.0,0.0,0.0,0.37160647,0.0,0.0,0.0,0.0,0.0,3.357109,1.0460258
497,2,1,A,A,274,8.390415,0.0,2.2651987,45.992626,0.0,1.6484044,0.0,4.0514092,0.0,0.0,0.0,0.0,0.0,7.5484295,1.0988003,1.5319232,0.0,0.0,0.0,5.6466417,0.0,0.0,4.2789474,0.0,0.0,0.0,0.0,0.0,0.0,0.0,0.0,0.0,0.0,0.29340228,0.0,0.0,0.0,0.0,0.0,0.0,0.0,0.0,4.3565283,0.0,0.0,0.0,0.0,0.0,15.092208,2.602624
498,1,1,A,A,282,8.05139,0.0,1.8331033,29.731129,0.0,1.5360929,0.0,3.2346766,0.0,0.2643723,0.0,0.0,0.0,5.7794576,0.45470062,1.5319232,0.0,0.0,0.0,5.10507,0.0,0.0,5.3469305,0.0,0.0,0.0,0.0,0.0,0.0,0.0,0.0,0.0,0.0,0.08611921,0.0,0.0,0.0,0.0,0.0,0.0,0.0,0.0,5.821069,0.0,0.0,0.0,0.0,0.0,9.838633,1.3780676
499,1,2,A,A,313,7.954153,0.0,1.5678952,61.486675,0.0,1.5040172,0.0,6.1074066,0.0,1.2349936,0.0,0.0,0.0,11.636423,0.12688553,1.5319232,0.0,0.0,0.0,6.063261,0.0,0.0,6.115932,0.0,0.0,0.0,0.0,0.0,0.0,0.0,0.0,0.0,0.0,0.06831191,0.0,0.0,0.0,0.0,0.0,0.0,0.0,0.0,6.72225,0.0,0.0,0.0,0.0,0.0,20.148252,0.4756665
500,1,2,B,A,347,6.926712,0.0,1.6579705,43.065098,0.0,1.8445247,0.0,4.01054,0.0,0.0,0.0,0.0,0.0,7.3564453,1.1124091,0.7819563,0.0,0.0,0.0,5.6483293,0.0,0.0,2.486865,0.0,0.0,0.0,0.0,0.0,0.0,0.0,0.0,0.0,0.0,3.119447,0.0,0.0,0.0,0.0,0.0,0.0,0.0,0.0,0.005935156,0.0,0.0,0.0,0.0,0.0,14.256942,2.936022
