stage,episode,completed,juice_left,juice_right,n_B,n_A,chosen_juice
1,1,False,,,,,
1,2,False,,,,,
1,3,False,,,,,
1,4,False,,,,,
1,5,False,,,,,
1,6,False,,,,,
1,7,False,,,,,
1,8,True,B,A,2,1,B
1,9,False,,,,,
1,10,False,,,,,
1,11,False,,,,,
1,12,False,,,,,
1,13,False,,,,,
1,14,False,,,,,
1,15,False,,,,,
1,16,False,,,,,
1,17,False,,,,,
1,18,False,,,,,
1,19,False,,,,,
1,20,False,,,,,
1,21,False,,,,,
1,22,False,,,,,
1,23,False,,,,,
1,24,False,,,,,
1,25,False,,,,,
1,26,False,,,,,
1,27,False,,,,,
1,28,False,,,,,
1,29,False,,,,,
1,30,True,A,B,4,1,B
1,31,False,,,,,
1,32,False,,,,,
1,33,False,,,,,
1,34,False,,,,,
1,35,False,,,,,
1,36,False,,,,,
1,37,True,B,A,6,1,B
1,38,False,,,,,
1,39,False,,,,,
1,40,False,,,,,
1,41,True,A,B,6,1,B
1,42,False,,,,,
1,43,True,B,A,3,1,A
1,44,False,,,,,
1,45,False,,,,,
1,46,False,,,,,
1,47,False,,,,,
1,48,False,,,,,
1,49,False,,,,,
1,50,True,B,A,10,1,A
1,51,False,,,,,
1,52,False,,,,,
1,53,False,,,,,
1,54,False,,,,,
1,55,False,,,,,
1,56,False,,,,,
1,57,False,,,,,
1,58,False,,,,,
1,59,True,A,B,10,1,B
1,60,False,,,,,
1,61,False,,,,,
1,62,False,,,,,
1,63,False,,,,,
1,64,False,,,,,
1,65,False,,,,,
1,66,False,,,,,
1,67,False,,,,,
1,68,False,,,,,
1,69,True,B,A,1,2,A
1,70,False,,,,,
1,71,True,B,A,4,1,A
1,72,False,,,,,
1,73,True,B,A,1,2,A
1,74,False,,,,,
1,75,False,,,,,
1,76,False,,,,,
1,77,False,,,,,
1,78,False,,,,,
1,79,False,,,,,
1,80,False,,,,,
1,81,False,,,,,
1,82,False,,,,,
1,83,False,,,,,
1,84,False,,,,,
1,85,False,,,,,
1,86,True,A,B,2,1,B
1,87,False,,,,,
1,88,False,,,,,
1,89,False,,,,,
1,90,True,A,B,6,1,A
1,91,False,,,,,
1,92,False,,,,,
1,93,False,,,,,
1,94,True,B,A,1,1,A
1,95,False,,,,,
1,96,False,,,,,
1,97,False,,,,,
1,98,False,,,,,
1,99,False,,,,,
1,100,False,,,,,
1,101,False,,,,,
1,102,False,,,,,
1,103,False,,,,,
1,104,True,A,B,2,1,A
1,105,True,B,A,1,1,A
1,106,False,,,,,
1,107,True,A,B,3,1,B
1,108,True,A,B,6,1,B
1,109,False,,,,,
1,110,False,,,,,
1,111,False,,,,,
1,112,False,,,,,
1,113,False,,,,,
1,114,False,,,,,
1,115,True,A,B,3,1,B
1,116,False,,,,,
1,117,False,,,,,
1,118,False,,,,,
1,119,False,,,,,
1,120,False,,,,,
1,121,True,A,B,2,0,B
1,122,False,,,,,
1,123,True,A,B,6,1,A
1,124,False,,,,,
1,125,False,,,,,
1,126,False,,,,,
1,127,False,,,,,
1,128,False,,,,,
1,129,False,,,,,
1,130,False,,,,,
1,131,True,A,B,10,1,B
1,132,False,,,,,
1,133,True,A,B,3,1,A
1,134,False,,,,,
1,135,False,,,,,
1,136,False,,,,,
1,137,False,,,,,
1,138,False,,,,,
1,139,True,A,B,10,1,A
1,140,False,,,,,
1,141,True,A,B,1,2,B
1,142,False,,,,,
1,143,False,,,,,
1,144,False,,,,,
1,145,False,,,,,
1,146,False,,,,,
1,147,False,,,,,
1,148,True,A,B,3,1,B
1,149,False,,,,,
1,150,True,B,A,4,1,A
1,151,False,,,,,
1,152,True,A,B,4,1,B
1,153,True,B,A,1,2,A
1,154,False,,,,,
1,155,False,,,,,
1,156,True,B,A,1,1,B
1,157,False,,,,,
1,158,False,,,,,
1,159,True,B,A,1,2,A
1,160,True,B,A,1,2,B
1,161,False,,,,,
1,162,False,,,,,
1,163,False,,,,,
1,164,False,,,,,
1,165,True,A,B,4,1,A
1,166,False,,,,,
1,167,False,,,,,
1,168,False,,,,,
1,169,False,,,,,
1,170,True,A,B,6,1,B
1,171,True,A,B,3,1,B
1,172,False,,,,,
1,173,True,A,B,0,1,A
1,174,True,B,A,4,1,B
1,175,False,,,,,
1,176,False,,,,,
1,177,False,,,,,
1,178,False,,,,,
1,179,True,A,B,1,1,B
1,180,False,,,,,
1,181,False,,,,,
1,182,True,B,A,1,1,B
1,183,True,A,B,1,1,B
1,184,True,A,B,4,1,B
1,185,False,,,,,
1,186,False,,,,,
1,187,False,,,,,
1,188,False,,,,,
1,189,False,,,,,
1,190,False,,,,,
1,191,False,,,,,
1,192,False,,,,,
1,193,False,,,,,
1,194,False,,,,,
1,195,False,,,,,
1,196,False,,,,,
1,197,False,,,,,
1,198,True,A,B,4,1,B
1,199,True,A,B,1,1,A
1,200,False,,,,,
1,201,True,B,A,6,1,A
1,202,False,,,,,
1,203,True,A,B,2,1,B
1,204,False,,,,,
1,205,True,A,B,2,0,B
1,206,False,,,,,
1,207,True,B,A,2,1,A
1,208,True,A,B,4,1,A
1,209,False,,,,,
1,210,False,,,,,
1,211,False,,,,,
1,212,False,,,,,
1,213,True,A,B,1,2,B
1,214,False,,,,,
1,215,True,A,B,3,1,A
1,216,True,B,A,3,1,A
1,217,False,,,,,
1,218,True,B,A,1,2,A
1,219,False,,,,,
1,220,False,,,,,
1,221,True,A,B,3,1,B
1,222,True,B,A,2,1,A
1,223,True,A,B,10,1,B
1,224,True,B,A,4,1,A
1,225,False,,,,,
1,226,False,,,,,
1,227,True,A,B,2,0,B
1,228,True,A,B,3,1,B
1,229,True,A,B,3,1,B
1,230,True,A,B,1,1,B
1,231,True,A,B,10,1,B
1,232,True,A,B,6,1,B
1,233,True,B,A,6,1,B
1,234,True,A,B,4,1,B
1,235,False,,,,,
1,236,True,B,A,2,1,A
1,237,False,,,,,
1,238,False,,,,,
1,239,True,B,A,3,1,A
1,240,True,A,B,6,1,B
1,241,True,A,B,2,1,B
1,242,True,B,A,0,1,A
1,243,True,A,B,2,1,B
1,244,False,,,,,
1,245,True,A,B,3,1,B
1,246,True,A,B,2,0,B
1,247,True,A,B,3,1,B
1,248,False,,,,,
1,249,True,B,A,1,1,A
1,250,True,B,A,10,1,A
1,251,True,B,A,1,2,A
1,252,True,A,B,6,1,B
1,253,True,A,B,3,1,B
1,254,False,,,,,
1,255,False,,,,,
1,256,True,B,A,1,1,B
1,257,False,,,,,
1,258,True,B,A,3,1,A
1,259,False,,,,,
1,260,True,B,A,2,0,B
1,261,True,B,A,0,1,A
1,262,True,A,B,10,1,B
1,263,True,B,A,4,1,A
1,264,False,,,,,
1,265,True,B,A,4,1,A
1,266,False,,,,,
1,267,True,B,A,6,1,A
1,268,True,A,B,2,0,B
1,269,True,A,B,3,1,B
1,270,True,A,B,10,1,B
1,271,True,B,A,3,1,B
1,272,True,A,B,10,1,A
1,273,True,A,B,4,1,A
1,274,True,A,B,6,1,B
1,275,True,B,A,6,1,A
1,276,True,B,A,1,2,A
1,277,True,B,A,2,1,B
1,278,True,B,A,0,1,A
1,279,True,B,A,1,1,A
1,280,True,B,A,3,1,A
1,281,False,,,,,
1,282,False,,,,,
1,283,True,B,A,6,1,A
1,284,True,B,A,1,1,A
1,285,True,B,A,3,1,A
1,286,True,B,A,1,1,A
1,287,False,,,,,
1,288,True,A,B,3,1,B
1,289,True,A,B,6,1,B
1,290,True,A,B,4,1,B
1,291,True,A,B,10,1,B
1,292,True,A,B,1,1,B
1,293,True,A,B,1,2,B
1,294,True,B,A,3,1,A
1,295,True,B,A,2,1,A
1,296,True,A,B,2,1,B
1,297,True,B,A,3,1,A
1,298,True,A,B,1,2,B
1,299,True,B,A,10,1,A
1,300,True,A,B,1,1,B
1,301,False,,,,,
1,302,True,B,A,4,1,A
1,303,True,A,B,6,1,B
1,304,True,B,A,1,1,A
1,305,False,,,,,
1,306,True,B,A,2,1,A
1,307,True,B,A,2,1,B
1,308,True,A,B,6,1,B
1,309,True,B,A,6,1,A
1,310,True,A,B,3,1,B
1,311,True,A,B,1,2,A
1,312,True,A,B,10,1,A
1,313,True,A,B,3,1,B
1,314,False,,,,,
1,315,True,A,B,1,1,B
1,316,True,A,B,10,1,B
1,317,True,B,A,3,1,A
1,318,True,B,A,2,1,A
1,319,True,A,B,2,1,A
1,320,False,,,,,
1,321,True,A,B,2,1,B
1,322,False,,,,,
1,323,True,B,A,1,2,B
1,324,False,,,,,
1,325,False,,,,,
1,326,False,,,,,
1,327,False,,,,,
1,328,True,B,A,4,1,B
1,329,True,B,A,1,2,B
1,330,True,A,B,1,2,B
1,331,True,A,B,6,1,B
1,332,True,A,B,10,1,B
1,333,True,B,A,6,1,A
1,334,True,A,B,2,1,B
1,335,True,A,B,3,1,B
1,336,False,,,,,
1,337,True,B,A,2,1,A
1,338,True,B,A,3,1,A
1,339,True,B,A,10,1,A
1,340,True,A,B,2,1,A
1,341,False,,,,,
1,342,False,,,,,
1,343,True,B,A,4,1,A
1,344,True,B,A,3,1,B
1,345,True,A,B,6,1,B
1,346,True,A,B,1,1,B
1,347,False,,,,,
1,348,False,,,,,
1,349,True,A,B,6,1,B
1,350,True,B,A,1,1,A
1,351,True,A,B,10,1,B
1,352,True,B,A,0,1,A
1,353,True,A,B,2,0,B
1,354,True,A,B,2,0,B
1,355,False,,,,,
1,356,True,B,A,1,2,B
1,357,False,,,,,
1,358,False,,,,,
1,359,True,B,A,1,1,A
1,360,True,B,A,2,1,A
1,361,True,B,A,6,1,B
1,362,True,B,A,3,1,A
1,363,True,B,A,2,1,A
1,364,False,,,,,
1,365,True,A,B,4,1,B
1,366,True,B,A,2,0,B
1,367,True,A,B,4,1,B
1,368,True,B,A,2,0,B
1,369,True,A,B,2,0,B
1,370,True,B,A,1,2,B
1,371,True,B,A,1,2,A
1,372,True,B,A,1,1,A
1,373,True,A,B,1,1,B
1,374,True,A,B,2,1,B
1,375,False,,,,,
1,376,True,A,B,1,2,B
1,377,False,,,,,
1,378,True,B,A,1,2,A
1,379,False,,,,,
1,380,True,A,B,2,0,B
1,381,False,,,,,
1,382,True,A,B,6,1,B
1,383,True,B,A,0,1,A
1,384,True,B,A,1,2,A
1,385,True,B,A,4,1,A
1,386,True,A,B,3,1,B
1,387,True,A,B,6,1,B
1,388,True,A,B,3,1,B
1,389,True,B,A,1,1,A
1,390,True,B,A,6,1,A
1,391,True,A,B,3,1,B
1,392,True,A,B,6,1,B
1,393,False,,,,,
1,394,True,A,B,4,1,B
1,395,False,,,,,
1,396,True,B,A,10,1,A
1,397,True,A,B,1,1,B
1,398,False,,,,,
1,399,True,A,B,3,1,B
1,400,True,A,B,2,1,B
1,401,True,B,A,6,1,A
1,402,True,B,A,1,2,B
1,403,True,B,A,4,1,A
1,404,True,A,B,1,2,B
1,405,True,A,B,3,1,A
1,406,False,,,,,
1,407,True,B,A,4,1,A
1,408,True,B,A,3,1,A
1,409,False,,,,,
1,410,True,A,B,2,0,B
1,411,True,A,B,1,1,B
1,412,True,B,A,4,1,A
1,413,True,B,A,1,2,A
1,414,True,B,A,3,1,A
1,415,True,B,A,10,1,A
1,416,True,B,A,6,1,A
1,417,True,A,B,0,1,A
1,418,False,,,,,
1,419,True,B,A,3,1,A
1,420,True,A,B,4,1,B
1,421,True,B,A,4,1,A
1,422,True,B,A,3,1,A
1,423,True,B,A,4,1,A
1,424,False,,,,,
1,425,True,A,B,3,1,A
1,426,True,A,B,1,1,B
1,427,True,A,B,1,1,B
1,428,True,B,A,0,1,A
1,429,True,A,B,2,0,B
1,430,True,B,A,1,2,A
1,431,True,A,B,3,1,B
1,432,True,A,B,2,0,B
1,433,True,A,B,1,2,B
1,434,False,,,,,
1,435,True,B,A,0,1,A
1,436,False,,,,,
1,437,True,B,A,2,1,A
1,438,True,A,B,10,1,B
1,439,True,A,B,6,1,B
1,440,True,B,A,4,1,A
1,441,True,A,B,10,1,B
1,442,True,A,B,3,1,B
1,443,True,B,A,2,1,A
1,444,True,A,B,2,0,B
1,445,False,,,,,
1,446,True,B,A,1,2,A
1,447,False,,,,,
1,448,True,B,A,0,1,A
1,449,True,B,A,10,1,B
1,450,True,A,B,2,1,B
1,451,True,B,A,0,1,A
1,452,True,A,B,3,1,B
1,453,False,,,,,
1,454,False,,,,,
1,455,False,,,,,
1,456,True,B,A,3,1,A
1,457,False,,,,,
1,458,True,A,B,2,0,B
1,459,True,B,A,1,1,A
1,460,True,A,B,3,1,B
1,461,True,A,B,6,1,B
1,462,True,A,B,4,1,B
1,463,True,B,A,6,1,A
1,464,True,B,A,0,1,A
1,465,True,A,B,1,2,B
1,466,True,A,B,6,1,B
1,467,True,B,A,10,1,A
1,468,True,B,A,4,1,A
1,469,False,,,,,
1,470,True,B,A,10,1,A
1,471,True,A,B,10,1,B
1,472,True,B,A,1,1,A
1,473,False,,,,,
1,474,True,A,B,1,1,B
1,475,True,B,A,4,1,A
1,476,False,,,,,
1,477,True,B,A,3,1,A
1,478,True,B,A,6,1,A
1,479,True,B,A,6,1,A
1,480,True,B,A,10,1,A
1,481,True,A,B,10,1,B
1,482,True,B,A,6,1,A
1,483,True,A,B,1,2,B
1,484,True,A,B,2,1,B
1,485,True,A,B,2,1,B
1,486,True,A,B,1,2,B
1,487,True,B,A,1,1,A
1,488,True,B,A,1,2,A
1,489,True,B,A,1,1,A
1,490,True,A,B,1,2,B
1,491,True,B,A,0,1,A
1,492,True,A,B,2,0,B
1,493,True,B,A,4,1,A
1,494,True,A,B,1,2,B
1,495,True,B,A,1,2,A
1,496,True,B,A,3,1,A
1,497,True,A,B,10,1,B
1,498,True,A,B,2,1,B
1,499,True,A,B,6,1,B
1,500,True,A,B,10,1,B
1,501,False,,,,,
1,502,True,B,A,6,1,A
1,503,True,A,B,10,1,B
1,504,True,A,B,1,1,B
1,505,True,B,A,2,1,A
1,506,True,A,B,2,0,B
1,507,True,B,A,6,1,A
1,508,True,B,A,10,1,A
1,509,True,A,B,4,1,B
1,510,True,B,A,1,2,A
1,511,True,A,B,4,1,B
1,512,True,B,A,0,1,A
1,513,True,B,A,3,1,A
1,514,True,A,B,2,1,B
1,515,True,B,A,3,1,B
1,516,True,A,B,6,1,B
1,517,True,A,B,1,1,B
1,518,True,B,A,2,1,B
1,519,False,,,,,
1,520,True,A,B,2,0,B
1,521,True,A,B,6,1,B
1,522,True,B,A,3,1,A
1,523,True,B,A,3,1,A
1,524,True,B,A,10,1,A
1,525,True,A,B,10,1,B
1,526,True,B,A,10,1,B
1,527,True,A,B,4,1,B
1,528,True,A,B,1,1,B
1,529,False,,,,,
1,530,False,,,,,
1,531,False,,,,,
1,532,True,A,B,2,1,A
1,533,True,B,A,10,1,A
1,534,True,B,A,4,1,A
1,535,True,A,B,1,1,B
1,536,True,A,B,3,1,B
1,537,True,A,B,1,2,B
1,538,True,A,B,1,1,B
1,539,True,A,B,2,1,B
1,540,True,A,B,2,0,B
1,541,True,B,A,6,1,A
1,542,True,B,A,0,1,A
1,543,True,A,B,3,1,B
1,544,True,A,B,1,2,B
1,545,True,A,B,3,1,B
1,546,True,B,A,3,1,A
1,547,True,B,A,0,1,A
1,548,True,A,B,4,1,B
1,549,True,B,A,1,1,A
1,550,True,A,B,3,1,B
1,551,False,,,,,
1,552,True,B,A,1,2,A
1,553,True,A,B,1,2,B
1,554,True,B,A,4,1,A
1,555,True,A,B,3,1,B
1,556,True,A,B,4,1,B
1,557,True,A,B,1,2,A
1,558,True,A,B,6,1,B
1,559,True,B,A,2,1,A
1,560,True,A,B,4,1,B
1,561,True,B,A,0,1,A
1,562,True,B,A,1,2,A
1,563,True,B,A,1,1,A
1,564,True,B,A,6,1,A
1,565,True,A,B,2,0,B
1,566,True,B,A,6,1,A
1,567,True,B,A,3,1,A
1,568,True,A,B,3,1,B
1,569,False,,,,,
1,570,True,A,B,1,1,B
1,571,True,A,B,2,1,B
1,572,True,B,A,3,1,A
1,573,True,A,B,3,1,B
1,574,False,,,,,
1,575,True,B,A,10,1,A
1,576,True,A,B,6,1,B
1,577,True,A,B,4,1,B
1,578,True,A,B,2,0,B
1,579,False,,,,,
1,580,True,A,B,3,1,B
1,581,True,B,A,1,1,A
1,582,True,A,B,1,2,B
1,583,True,A,B,2,1,B
1,584,True,B,A,4,1,A
1,585,True,B,A,3,1,A
1,586,True,A,B,1,1,B
1,587,True,B,A,10,1,A
1,588,True,B,A,1,2,A
1,589,True,A,B,3,1,B
1,590,True,B,A,0,1,A
1,591,True,A,B,1,1,B
1,592,True,B,A,2,0,B
1,593,True,A,B,10,1,B
1,594,True,A,B,6,1,B
1,595,True,B,A,3,1,A
1,596,True,B,A,6,1,B
1,597,False,,,,,
1,598,True,A,B,1,2,B
1,599,True,B,A,0,1,A
1,600,True,A,B,0,1,A
1,601,True,A,B,1,1,B
1,602,False,,,,,
1,603,True,B,A,4,1,A
1,604,True,B,A,2,1,A
1,605,True,A,B,1,2,B
1,606,False,,,,,
1,607,False,,,,,
1,608,True,B,A,6,1,A
1,609,True,B,A,3,1,A
1,610,True,A,B,6,1,B
1,611,True,B,A,6,1,A
1,612,True,B,A,3,1,A
1,613,True,B,A,10,1,A
1,614,True,A,B,2,0,B
1,615,False,,,,,
1,616,True,B,A,1,2,A
1,617,True,A,B,2,0,B
1,618,True,B,A,4,1,A
1,619,False,,,,,
1,620,True,B,A,2,1,A
1,621,True,B,A,1,1,A
1,622,True,B,A,2,1,A
1,623,False,,,,,
1,624,True,B,A,4,1,A
1,625,True,A,B,10,1,B
1,626,True,B,A,4,1,A
1,627,True,B,A,2,1,A
1,628,True,B,A,10,1,A
1,629,False,,,,,
1,630,True,A,B,10,1,B
1,631,True,B,A,1,1,A
1,632,False,,,,,
1,633,True,B,A,6,1,A
1,634,False,,,,,
1,635,True,A,B,1,1,B
1,636,True,B,A,6,1,A
1,637,True,B,A,1,1,A
1,638,True,A,B,2,0,B
1,639,True,A,B,3,1,B
1,640,True,A,B,10,1,B
1,641,True,B,A,2,1,A
1,642,False,,,,,
1,643,True,A,B,6,1,B
1,644,True,A,B,1,1,B
1,645,True,B,A,2,1,B
1,646,True,A,B,2,0,B
1,647,True,A,B,1,1,B
1,648,True,B,A,0,1,A
1,649,True,A,B,6,1,B
1,650,True,A,B,0,1,A
1,651,True,A,B,2,0,B
1,652,True,A,B,2,1,B
1,653,True,B,A,10,1,A
1,654,False,,,,,
1,655,True,B,A,1,2,A
1,656,True,A,B,10,1,B
1,657,True,A,B,2,0,B
1,658,False,,,,,
1,659,True,A,B,3,1,A
1,660,True,B,A,3,1,A
1,661,True,B,A,1,1,A
1,662,True,A,B,2,0,B
1,663,True,B,A,2,0,B
1,664,False,,,,,
1,665,False,,,,,
1,666,True,A,B,6,1,B
1,667,True,B,A,2,1,A
1,668,True,B,A,3,1,A
1,669,False,,,,,
1,670,True,B,A,3,1,B
1,671,True,A,B,1,2,B
1,672,False,,,,,
1,673,True,A,B,3,1,B
1,674,True,B,A,3,1,A
1,675,True,B,A,6,1,B
1,676,True,B,A,10,1,A
1,677,True,A,B,1,1,B
1,678,True,A,B,3,1,B
1,679,True,A,B,2,1,B
1,680,False,,,,,
1,681,True,A,B,2,0,B
1,682,True,B,A,2,1,A
1,683,True,A,B,2,0,B
1,684,True,B,A,6,1,A
1,685,True,A,B,1,2,B
1,686,True,A,B,1,1,B
1,687,False,,,,,
1,688,True,B,A,6,1,A
1,689,True,B,A,1,1,A
1,690,True,A,B,2,0,B
1,691,True,A,B,2,1,B
1,692,True,B,A,1,1,A
1,693,True,B,A,2,1,A
1,694,True,B,A,4,1,B
1,695,True,A,B,2,1,A
1,696,True,B,A,1,1,A
1,697,True,B,A,10,1,B
1,698,True,B,A,1,2,A
1,699,True,B,A,2,1,A
1,700,True,B,A,0,1,A
1,701,True,B,A,1,2,A
1,702,True,B,A,10,1,A
1,703,True,B,A,0,1,A
1,704,True,A,B,4,1,B
1,705,True,A,B,1,1,B
1,706,True,A,B,1,2,B
1,707,True,B,A,2,1,A
1,708,True,A,B,2,0,B
1,709,True,B,A,1,2,A
1,710,True,A,B,6,1,B
1,711,True,A,B,3,1,B
1,712,True,A,B,1,2,B
1,713,True,A,B,6,1,B
1,714,False,,,,,
1,715,True,A,B,3,1,A
1,716,True,A,B,1,1,A
1,717,True,A,B,6,1,B
1,718,True,B,A,6,1,A
1,719,True,B,A,3,1,A
1,720,True,B,A,1,2,A
1,721,True,A,B,1,1,B
1,722,True,A,B,10,1,B
1,723,True,A,B,10,1,B
1,724,True,A,B,6,1,B
1,725,True,B,A,2,1,A
1,726,True,A,B,1,2,B
1,727,True,A,B,6,1,B
1,728,True,B,A,2,1,A
1,729,True,A,B,2,0,B
1,730,False,,,,,
1,731,False,,,,,
1,732,True,B,A,2,1,A
1,733,True,A,B,4,1,B
1,734,True,A,B,4,1,B
1,735,True,A,B,10,1,B
1,736,True,A,B,1,1,A
1,737,True,A,B,3,1,B
1,738,True,B,A,0,1,A
1,739,True,A,B,6,1,B
1,740,True,A,B,6,1,B
1,741,True,B,A,6,1,B
1,742,True,B,A,4,1,A
1,743,True,B,A,0,1,A
1,744,True,B,A,0,1,A
1,745,True,B,A,3,1,A
1,746,True,B,A,1,1,A
1,747,True,B,A,1,2,A
1,748,True,B,A,6,1,A
1,749,True,B,A,2,0,B
1,750,True,A,B,1,2,B
1,751,True,A,B,2,0,B
1,752,True,A,B,1,2,B
1,753,True,B,A,4,1,A
1,754,False,,,,,
1,755,True,A,B,4,1,B
1,756,True,A,B,10,1,B
1,757,True,A,B,2,0,B
1,758,True,B,A,4,1,A
1,759,True,A,B,1,1,B
1,760,True,B,A,4,1,A
1,761,True,A,B,1,1,A
1,762,True,A,B,1,2,B
1,763,True,B,A,4,1,A
1,764,True,B,A,4,1,A
1,765,True,B,A,3,1,A
1,766,True,B,A,0,1,A
1,767,True,A,B,2,1,B
1,768,True,B,A,6,1,A
1,769,True,B,A,1,2,A
1,770,True,A,B,1,1,B
1,771,True,B,A,6,1,B
1,772,True,A,B,1,1,B
1,773,False,,,,,
1,774,True,B,A,2,1,A
1,775,True,A,B,1,2,B
1,776,True,B,A,10,1,A
1,777,True,A,B,2,0,B
1,778,True,B,A,2,1,B
1,779,True,A,B,2,0,B
1,780,True,B,A,4,1,B
1,781,False,,,,,
1,782,True,A,B,0,1,A
1,783,True,B,A,4,1,A
1,784,False,,,,,
1,785,False,,,,,
1,786,True,A,B,2,0,B
1,787,True,A,B,2,0,B
1,788,True,B,A,1,1,B
1,789,True,A,B,2,1,B
1,790,True,A,B,1,1,B
1,791,True,A,B,3,1,B
1,792,True,B,A,2,1,A
1,793,True,A,B,4,1,B
1,794,True,B,A,4,1,A
1,795,True,B,A,2,1,A
1,796,True,A,B,0,1,A
1,797,True,B,A,0,1,A
1,798,True,A,B,3,1,B
1,799,False,,,,,
1,800,True,A,B,1,2,B
1,801,False,,,,,
1,802,True,A,B,2,1,B
1,803,True,B,A,3,1,A
1,804,True,A,B,10,1,B
1,805,True,B,A,4,1,A
1,806,True,B,A,1,2,B
1,807,True,A,B,1,1,B
1,808,True,A,B,3,1,B
1,809,True,B,A,10,1,B
1,810,True,B,A,0,1,A
1,811,True,B,A,0,1,A
1,812,True,A,B,6,1,B
1,813,True,B,A,4,1,A
1,814,True,A,B,6,1,B
1,815,True,A,B,2,0,B
1,816,False,,,,,
1,817,True,B,A,10,1,A
1,818,True,B,A,1,1,A
1,819,False,,,,,
1,820,True,B,A,6,1,A
1,821,True,B,A,3,1,A
1,822,True,B,A,0,1,A
1,823,True,A,B,10,1,B
1,824,True,B,A,4,1,A
1,825,True,A,B,2,0,B
1,826,True,B,A,2,1,A
1,827,True,B,A,4,1,A
1,828,True,A,B,6,1,B
1,829,True,B,A,0,1,A
1,830,True,A,B,4,1,B
1,831,True,A,B,3,1,B
1,832,True,A,B,3,1,B
1,833,True,B,A,0,1,A
1,834,True,B,A,4,1,A
1,835,True,B,A,0,1,A
1,836,True,A,B,1,2,B
1,837,True,B,A,1,2,B
1,838,True,A,B,1,1,B
1,839,True,B,A,6,1,A
1,840,True,B,A,2,1,A
1,841,True,A,B,1,1,B
1,842,True,B,A,3,1,B
1,843,True,B,A,6,1,A
1,844,False,,,,,
1,845,True,B,A,1,2,A
1,846,True,A,B,6,1,B
1,847,False,,,,,
1,848,True,A,B,2,1,B
1,849,True,A,B,6,1,B
1,850,True,B,A,2,1,A
1,851,True,A,B,3,1,B
1,852,True,B,A,0,1,A
1,853,True,B,A,10,1,B
1,854,True,B,A,1,1,B
1,855,False,,,,,
1,856,True,B,A,6,1,A
1,857,False,,,,,
1,858,True,B,A,4,1,B
1,859,True,A,B,3,1,A
1,860,True,B,A,6,1,A
1,861,True,A,B,3,1,B
1,862,True,A,B,10,1,B
1,863,True,A,B,2,0,B
1,864,True,A,B,3,1,B
1,865,True,B,A,4,1,A
1,866,False,,,,,
1,867,True,A,B,2,0,B
1,868,True,A,B,1,1,B
1,869,True,B,A,0,1,A
1,870,True,A,B,2,1,B
1,871,False,,,,,
1,872,True,B,A,0,1,A
1,873,False,,,,,
1,874,True,A,B,0,1,A
1,875,True,B,A,4,1,A
1,876,False,,,,,
1,877,True,A,B,10,1,B
1,878,True,A,B,3,1,B
1,879,False,,,,,
1,880,True,B,A,2,1,B
1,881,True,A,B,2,1,B
1,882,True,B,A,0,1,A
1,883,False,,,,,
1,884,False,,,,,
1,885,True,B,A,4,1,B
1,886,True,B,A,1,2,A
1,887,True,A,B,1,1,A
1,888,True,A,B,1,1,B
1,889,True,A,B,2,1,B
1,890,True,A,B,3,1,B
1,891,False,,,,,
1,892,True,B,A,1,1,A
1,893,True,A,B,10,1,B
1,894,True,A,B,2,1,A
1,895,True,A,B,3,1,B
1,896,True,B,A,0,1,A
1,897,True,A,B,10,1,B
1,898,True,A,B,2,1,B
1,899,True,A,B,1,2,A
1,900,True,A,B,2,1,B
1,901,True,A,B,1,2,B
1,902,True,A,B,2,1,B
1,903,True,B,A,3,1,A
1,904,True,B,A,2,1,A
1,905,True,A,B,3,1,A
1,906,True,A,B,4,1,B
1,907,True,B,A,4,1,A
1,908,True,B,A,6,1,A
1,909,True,B,A,1,2,B
1,910,True,B,A,2,1,A
1,911,True,B,A,4,1,A
1,912,True,A,B,1,2,B
1,913,True,A,B,1,2,A
1,914,True,B,A,3,1,A
1,915,True,B,A,4,1,A
1,916,True,B,A,6,1,A
1,917,True,B,A,4,1,B
1,918,True,B,A,4,1,A
1,919,True,B,A,10,1,B
1,920,True,A,B,4,1,B
1,921,True,A,B,3,1,B
1,922,True,A,B,3,1,B
1,923,False,,,,,
1,924,True,A,B,1,1,B
1,925,True,B,A,1,1,B
1,926,True,A,B,1,1,B
1,927,True,A,B,3,1,B
1,928,True,A,B,4,1,A
1,929,True,B,A,1,1,B
1,930,True,B,A,10,1,A
1,931,True,B,A,1,2,A
1,932,True,B,A,1,1,A
1,933,True,B,A,10,1,A
1,934,True,A,B,1,1,B
1,935,True,B,A,1,2,A
1,936,True,A,B,10,1,B
1,937,False,,,,,
1,938,True,A,B,4,1,B
1,939,False,,,,,
1,940,True,B,A,2,0,B
1,941,True,B,A,4,1,A
1,942,False,,,,,
1,943,True,B,A,0,1,A
1,944,True,B,A,2,1,A
1,945,True,A,B,2,1,B
1,946,True,B,A,4,1,A
1,947,True,B,A,2,1,B
1,948,True,B,A,0,1,A
1,949,True,A,B,3,1,B
1,950,True,A,B,2,1,B
1,951,True,A,B,1,1,B
1,952,True,A,B,4,1,B
1,953,True,B,A,1,1,A
1,954,True,A,B,2,1,B
1,955,True,A,B,3,1,A
1,956,True,B,A,10,1,A
1,957,True,B,A,1,1,A
1,958,True,B,A,2,1,A
1,959,True,B,A,1,2,A
1,960,True,B,A,2,1,B
1,961,True,A,B,1,1,A
1,962,True,A,B,2,1,B
1,963,True,A,B,1,1,A
1,964,True,B,A,4,1,A
1,965,False,,,,,
1,966,True,B,A,1,2,A
1,967,True,A,B,2,1,B
1,968,True,A,B,10,1,B
1,969,True,A,B,4,1,B
1,970,True,A,B,0,1,A
1,971,True,A,B,4,1,B
1,972,False,,,,,
1,973,False,,,,,
1,974,True,B,A,10,1,A
1,975,True,B,A,1,1,A
1,976,True,B,A,1,2,A
1,977,True,B,A,3,1,A
1,978,True,B,A,1,2,A
1,979,True,B,A,4,1,B
1,980,True,B,A,1,2,A
1,981,True,B,A,1,2,A
1,982,True,B,A,0,1,A
1,983,True,A,B,4,1,B
1,984,True,A,B,4,1,B
1,985,True,B,A,3,1,B
1,986,True,B,A,10,1,A
1,987,True,B,A,0,1,A
1,988,True,B,A,1,1,A
1,989,True,B,A,0,1,A
1,990,True,A,B,6,1,B
1,991,True,B,A,2,1,A
1,992,True,B,A,4,1,B
1,993,True,B,A,3,1,A
1,994,True,B,A,1,1,A
1,995,True,B,A,1,1,A
1,996,True,B,A,1,2,B
1,997,True,B,A,4,1,A
1,998,True,A,B,6,1,B
1,999,True,B,A,1,1,B
1,1000,True,B,A,2,1,A
1,1001,True,A,B,2,1,B
1,1002,True,A,B,1,2,B
1,1003,True,A,B,2,0,B
1,1004,True,B,A,10,1,A
1,1005,False,,,,,
1,1006,True,A,B,10,1,B
1,1007,False,,,,,
1,1008,False,,,,,
1,1009,True,B,A,1,1,A
1,1010,True,B,A,0,1,A
1,1011,True,B,A,4,1,A
1,1012,True,B,A,2,1,A
1,1013,True,B,A,1,2,A
1,1014,True,B,A,4,1,A
1,1015,True,A,B,1,1,B
1,1016,True,A,B,10,1,B
1,1017,True,A,B,4,1,B
1,1018,True,B,A,1,1,A
1,1019,True,B,A,10,1,A
1,1020,True,A,B,2,1,B
1,1021,True,A,B,10,1,B
1,1022,True,A,B,2,0,B
1,1023,True,A,B,6,1,B
1,1024,True,B,A,1,2,A
1,1025,True,B,A,3,1,A
1,1026,True,A,B,1,1,B
1,1027,True,B,A,1,1,A
1,1028,True,A,B,2,0,B
1,1029,True,B,A,2,1,A
1,1030,True,B,A,10,1,B
1,1031,False,,,,,
1,1032,True,B,A,1,1,A
1,1033,True,B,A,2,1,A
1,1034,True,B,A,1,1,A
1,1035,True,A,B,4,1,B
1,1036,True,A,B,6,1,B
1,1037,False,,,,,
1,1038,True,A,B,10,1,B
1,1039,False,,,,,
1,1040,True,B,A,4,1,A
1,1041,False,,,,,
1,1042,True,A,B,1,2,A
1,1043,True,A,B,2,0,B
1,1044,True,B,A,1,1,A
1,1045,False,,,,,
1,1046,True,A,B,10,1,B
1,1047,False,,,,,
1,1048,True,A,B,2,1,B
1,1049,True,B,A,10,1,A
1,1050,True,B,A,3,1,A
1,1051,False,,,,,
1,1052,True,B,A,1,1,A
1,1053,True,A,B,2,0,B
1,1054,True,A,B,1,2,B
1,1055,True,A,B,10,1,B
1,1056,True,B,A,10,1,B
1,1057,True,B,A,1,2,B
1,1058,False,,,,,
1,1059,True,B,A,3,1,A
1,1060,True,B,A,10,1,B
1,1061,False,,,,,
1,1062,True,A,B,1,1,A
1,1063,False,,,,,
1,1064,True,B,A,10,1,A
1,1065,True,A,B,4,1,B
1,1066,True,A,B,4,1,B
1,1067,True,A,B,2,1,B
1,1068,True,A,B,2,1,A
1,1069,True,B,A,1,1,A
1,1070,True,A,B,1,2,A
1,1071,True,B,A,0,1,A
1,1072,True,B,A,1,1,A
1,1073,False,,,,,
1,1074,True,B,A,3,1,A
1,1075,False,,,,,
1,1076,True,B,A,10,1,B
1,1077,True,B,A,3,1,A
1,1078,True,B,A,6,1,A
1,1079,True,B,A,3,1,A
1,1080,False,,,,,
1,1081,True,B,A,1,1,B
1,1082,True,B,A,1,1,A
1,1083,True,B,A,1,2,A
1,1084,False,,,,,
1,1085,True,B,A,4,1,A
1,1086,False,,,,,
1,1087,True,B,A,4,1,A
1,1088,True,B,A,4,1,A
1,1089,True,B,A,6,1,A
1,1090,True,A,B,1,1,B
1,1091,True,A,B,2,0,B
1,1092,True,A,B,2,1,B
1,1093,True,A,B,4,1,B
1,1094,True,A,B,4,1,B
1,1095,True,B,A,0,1,A
1,1096,True,B,A,4,1,A
1,1097,True,B,A,6,1,A
1,1098,True,A,B,3,1,B
1,1099,True,A,B,4,1,B
1,1100,True,B,A,6,1,A
1,1101,False,,,,,
1,1102,True,B,A,4,1,A
1,1103,True,A,B,2,1,B
1,1104,True,A,B,4,1,B
1,1105,True,B,A,2,1,A
1,1106,True,B,A,1,2,A
1,1107,True,B,A,0,1,A
1,1108,True,B,A,1,2,B
1,1109,True,B,A,1,1,A
1,1110,True,A,B,2,0,B
1,1111,True,A,B,4,1,A
1,1112,True,A,B,6,1,B
1,1113,True,B,A,4,1,A
1,1114,True,B,A,2,1,A
1,1115,True,A,B,1,1,A
1,1116,False,,,,,
1,1117,True,A,B,1,1,B
1,1118,True,A,B,10,1,B
1,1119,True,A,B,6,1,B
1,1120,True,A,B,4,1,B
1,1121,True,B,A,1,1,B
1,1122,True,A,B,4,1,B
1,1123,True,A,B,2,1,B
1,1124,True,A,B,10,1,B
1,1125,True,B,A,0,1,A
1,1126,True,A,B,1,1,B
1,1127,True,B,A,1,1,B
1,1128,True,A,B,4,1,B
1,1129,True,A,B,3,1,B
1,1130,True,B,A,1,2,B
1,1131,True,B,A,10,1,A
1,1132,True,A,B,2,0,B
1,1133,True,B,A,2,1,A
1,1134,True,A,B,2,1,B
1,1135,True,A,B,3,1,B
1,1136,True,A,B,3,1,B
1,1137,True,A,B,1,2,B
1,1138,True,A,B,1,2,B
1,1139,True,B,A,4,1,A
1,1140,True,A,B,10,1,B
1,1141,True,B,A,3,1,A
1,1142,True,A,B,6,1,B
1,1143,True,B,A,4,1,A
1,1144,True,B,A,6,1,A
1,1145,True,B,A,4,1,A
1,1146,True,A,B,2,1,B
1,1147,False,,,,,
1,1148,True,A,B,2,1,B
1,1149,True,A,B,2,1,B
1,1150,True,B,A,10,1,A
1,1151,True,B,A,1,2,A
1,1152,True,A,B,1,1,A
1,1153,False,,,,,
1,1154,True,B,A,3,1,A
1,1155,True,B,A,1,1,A
1,1156,True,A,B,4,1,B
1,1157,True,B,A,4,1,B
1,1158,True,A,B,2,0,B
1,1159,True,B,A,1,1,A
1,1160,True,B,A,0,1,A
1,1161,True,B,A,1,2,A
1,1162,True,A,B,1,2,A
1,1163,True,B,A,1,1,A
1,1164,True,A,B,4,1,B
1,1165,True,A,B,1,1,B
1,1166,True,B,A,0,1,A
1,1167,True,B,A,0,1,A
1,1168,True,B,A,1,2,A
1,1169,True,B,A,1,2,A
1,1170,True,B,A,2,0,B
1,1171,True,A,B,1,1,A
1,1172,False,,,,,
1,1173,True,B,A,2,1,A
1,1174,True,B,A,10,1,A
1,1175,True,B,A,10,1,A
1,1176,True,A,B,1,2,B
1,1177,True,A,B,4,1,B
1,1178,True,A,B,1,2,A
1,1179,True,B,A,1,2,A
1,1180,False,,,,,
1,1181,True,A,B,0,1,A
1,1182,True,B,A,2,1,B
1,1183,True,A,B,3,1,B
1,1184,False,,,,,
1,1185,True,B,A,2,0,B
1,1186,True,B,A,6,1,A
1,1187,False,,,,,
1,1188,True,B,A,10,1,A
1,1189,True,B,A,2,1,A
1,1190,True,B,A,4,1,A
1,1191,True,B,A,10,1,A
1,1192,True,A,B,3,1,B
1,1193,True,A,B,10,1,B
1,1194,True,B,A,3,1,A
1,1195,True,A,B,4,1,B
1,1196,True,B,A,6,1,A
1,1197,True,B,A,10,1,A
1,1198,True,A,B,3,1,B
1,1199,True,A,B,1,2,B
1,1200,True,A,B,10,1,B
1,1201,True,A,B,4,1,B
1,1202,True,B,A,3,1,A
1,1203,True,B,A,1,1,A
1,1204,True,A,B,2,0,B
1,1205,False,,,,,
1,1206,True,A,B,10,1,B
1,1207,True,B,A,4,1,A
1,1208,True,B,A,1,1,A
1,1209,True,A,B,2,0,B
1,1210,True,A,B,3,1,B
1,1211,True,A,B,10,1,B
1,1212,True,B,A,0,1,A
1,1213,False,,,,,
1,1214,True,A,B,6,1,B
1,1215,True,A,B,1,2,A
1,1216,True,B,A,10,1,A
1,1217,True,A,B,10,1,B
1,1218,True,B,A,0,1,A
1,1219,True,A,B,1,1,A
1,1220,True,A,B,1,2,B
1,1221,True,A,B,1,2,A
1,1222,True,B,A,2,1,B
1,1223,True,A,B,2,0,B
1,1224,True,A,B,2,1,B
1,1225,True,A,B,1,2,A
1,1226,True,B,A,6,1,A
1,1227,True,B,A,1,1,A
1,1228,True,B,A,2,1,A
1,1229,True,A,B,3,1,A
1,1230,False,,,,,
1,1231,True,B,A,3,1,A
1,1232,True,B,A,6,1,A
1,1233,True,B,A,1,2,A
1,1234,True,A,B,2,1,B
1,1235,True,A,B,6,1,B
1,1236,True,B,A,4,1,A
1,1237,False,,,,,
1,1238,True,A,B,1,1,B
1,1239,True,A,B,2,1,B
1,1240,True,A,B,4,1,B
1,1241,True,A,B,10,1,B
1,1242,True,B,A,2,1,A
1,1243,True,A,B,3,1,A
1,1244,True,A,B,2,0,B
1,1245,True,B,A,1,2,A
1,1246,True,B,A,0,1,A
1,1247,True,B,A,3,1,B
1,1248,True,B,A,3,1,A
1,1249,True,A,B,1,1,B
1,1250,True,B,A,0,1,A
1,1251,True,B,A,10,1,A
1,1252,True,A,B,1,1,A
1,1253,True,A,B,10,1,B
1,1254,True,A,B,3,1,A
1,1255,True,B,A,2,1,A
1,1256,True,B,A,1,2,A
1,1257,True,A,B,2,1,A
1,1258,True,B,A,1,2,A
1,1259,True,A,B,10,1,B
1,1260,True,B,A,6,1,A
1,1261,False,,,,,
1,1262,True,B,A,0,1,A
1,1263,True,B,A,1,1,B
1,1264,True,B,A,1,1,A
1,1265,True,A,B,3,1,A
1,1266,True,B,A,6,1,A
1,1267,True,A,B,2,1,B
1,1268,True,B,A,10,1,A
1,1269,True,B,A,3,1,A
1,1270,True,A,B,4,1,B
1,1271,True,A,B,2,0,B
1,1272,True,B,A,0,1,A
1,1273,True,A,B,4,1,B
1,1274,True,B,A,3,1,A
1,1275,True,A,B,3,1,B
1,1276,False,,,,,
1,1277,True,B,A,6,1,A
1,1278,True,A,B,10,1,B
1,1279,True,A,B,2,0,B
1,1280,True,B,A,10,1,A
1,1281,True,A,B,2,0,B
1,1282,True,A,B,6,1,B
1,1283,True,A,B,6,1,B
1,1284,False,,,,,
1,1285,True,A,B,10,1,B
1,1286,True,A,B,3,1,B
1,1287,True,A,B,4,1,B
1,1288,True,A,B,1,2,A
1,1289,False,,,,,
1,1290,True,B,A,4,1,A
1,1291,True,B,A,1,2,A
1,1292,True,B,A,4,1,A
1,1293,True,B,A,1,1,A
1,1294,False,,,,,
1,1295,True,A,B,4,1,B
1,1296,True,A,B,2,1,B
1,1297,True,A,B,3,1,B
1,1298,False,,,,,
1,1299,True,B,A,3,1,A
1,1300,True,A,B,10,1,B
1,1301,True,B,A,2,1,A
1,1302,True,A,B,2,1,A
1,1303,True,A,B,1,2,B
1,1304,True,B,A,6,1,A
1,1305,True,A,B,1,1,B
1,1306,True,A,B,2,0,B
1,1307,True,A,B,4,1,B
1,1308,True,B,A,2,1,A
1,1309,True,A,B,0,1,A
1,1310,True,B,A,2,1,A
1,1311,True,B,A,1,2,A
1,1312,True,B,A,2,1,A
1,1313,False,,,,,
1,1314,True,B,A,4,1,A
1,1315,True,A,B,1,2,A
1,1316,True,A,B,2,1,A
1,1317,True,A,B,2,0,B
1,1318,False,,,,,
1,1319,True,B,A,0,1,A
1,1320,True,A,B,10,1,B
1,1321,False,,,,,
1,1322,True,A,B,2,1,B
1,1323,True,A,B,2,1,A
1,1324,True,B,A,2,1,A
1,1325,True,B,A,3,1,A
1,1326,True,B,A,4,1,A
1,1327,False,,,,,
1,1328,True,A,B,0,1,A
1,1329,True,A,B,10,1,B
1,1330,True,A,B,2,1,A
1,1331,True,A,B,4,1,B
1,1332,True,B,A,3,1,A
1,1333,True,A,B,2,1,A
1,1334,True,A,B,2,1,A
1,1335,True,A,B,2,1,A
1,1336,False,,,,,
1,1337,True,B,A,0,1,A
1,1338,True,A,B,10,1,B
1,1339,False,,,,,
1,1340,True,A,B,2,1,B
1,1341,True,A,B,1,2,A
1,1342,True,A,B,1,1,B
1,1343,True,B,A,1,2,A
1,1344,True,B,A,2,1,A
1,1345,True,B,A,0,1,A
1,1346,True,B,A,4,1,A
1,1347,False,,,,,
1,1348,True,B,A,6,1,A
1,1349,True,B,A,3,1,A
1,1350,False,,,,,
1,1351,True,B,A,6,1,A
1,1352,True,A,B,2,1,A
1,1353,True,A,B,2,0,B
1,1354,True,A,B,4,1,A
1,1355,True,A,B,2,1,B
1,1356,True,B,A,6,1,A
1,1357,True,A,B,6,1,B
1,1358,False,,,,,
1,1359,True,A,B,0,1,A
1,1360,False,,,,,
1,1361,False,,,,,
1,1362,True,B,A,2,0,B
1,1363,True,B,A,0,1,A
1,1364,True,A,B,2,1,A
1,1365,False,,,,,
1,1366,True,B,A,2,0,B
1,1367,True,A,B,3,1,A
1,1368,True,A,B,2,0,B
1,1369,True,A,B,2,1,B
1,1370,True,A,B,2,1,A
1,1371,True,B,A,1,1,B
1,1372,True,A,B,6,1,A
1,1373,False,,,,,
1,1374,False,,,,,
1,1375,True,A,B,6,1,B
1,1376,True,B,A,1,1,A
1,1377,True,A,B,10,1,A
1,1378,True,A,B,6,1,B
1,1379,False,,,,,
1,1380,True,A,B,4,1,A
1,1381,True,B,A,10,1,A
1,1382,True,B,A,6,1,A
1,1383,True,A,B,10,1,B
1,1384,True,B,A,6,1,B
1,1385,True,B,A,6,1,A
1,1386,True,A,B,6,1,B
1,1387,True,A,B,1,1,A
1,1388,True,B,A,1,2,A
1,1389,True,A,B,6,1,B
1,1390,False,,,,,
1,1391,True,B,A,1,2,A
1,1392,True,A,B,10,1,B
1,1393,False,,,,,
1,1394,True,A,B,4,1,B
1,1395,True,A,B,3,1,B
1,1396,True,B,A,1,1,A
1,1397,True,A,B,6,1,B
1,1398,True,B,A,10,1,B
1,1399,True,A,B,10,1,B
1,1400,True,B,A,0,1,A
1,1401,True,B,A,1,2,A
1,1402,True,B,A,3,1,A
1,1403,True,A,B,1,2,A
1,1404,False,,,,,
1,1405,True,A,B,2,1,A
1,1406,True,B,A,1,2,A
1,1407,True,A,B,10,1,B
1,1408,False,,,,,
1,1409,True,B,A,10,1,A
1,1410,True,A,B,10,1,B
1,1411,False,,,,,
1,1412,True,A,B,0,1,A
1,1413,True,B,A,0,1,A
1,1414,True,B,A,3,1,A
1,1415,False,,,,,
1,1416,True,B,A,4,1,A
1,1417,True,A,B,10,1,B
1,1418,True,B,A,2,1,A
1,1419,True,A,B,4,1,B
1,1420,True,A,B,0,1,A
1,1421,False,,,,,
1,1422,True,A,B,6,1,B
1,1423,True,A,B,1,1,B
1,1424,True,A,B,1,2,B
1,1425,True,B,A,0,1,A
1,1426,True,A,B,4,1,B
1,1427,True,A,B,10,1,B
1,1428,True,A,B,0,1,A
1,1429,True,B,A,2,1,A
1,1430,True,B,A,2,0,B
1,1431,True,B,A,2,1,A
1,1432,True,A,B,6,1,B
1,1433,True,B,A,6,1,A
1,1434,False,,,,,
1,1435,False,,,,,
1,1436,True,A,B,1,2,B
1,1437,False,,,,,
1,1438,True,A,B,6,1,B
1,1439,False,,,,,
1,1440,True,A,B,3,1,B
1,1441,True,B,A,10,1,A
1,1442,True,B,A,4,1,A
1,1443,True,B,A,6,1,A
1,1444,True,B,A,3,1,A
1,1445,True,A,B,4,1,B
1,1446,True,A,B,3,1,A
1,1447,True,A,B,1,2,B
1,1448,True,B,A,6,1,A
1,1449,True,A,B,3,1,B
1,1450,False,,,,,
1,1451,True,A,B,1,1,B
1,1452,True,B,A,1,2,A
1,1453,False,,,,,
1,1454,True,A,B,6,1,B
1,1455,True,A,B,1,1,B
1,1456,True,A,B,1,2,B
1,1457,False,,,,,
1,1458,False,,,,,
1,1459,True,A,B,3,1,B
1,1460,True,A,B,2,0,B
1,1461,True,B,A,2,1,A
1,1462,True,B,A,10,1,A
1,1463,True,A,B,4,1,B
1,1464,True,B,A,6,1,A
1,1465,True,B,A,3,1,A
1,1466,True,A,B,2,1,B
1,1467,False,,,,,
1,1468,True,B,A,6,1,A
1,1469,True,B,A,6,1,A
1,1470,True,B,A,1,1,B
1,1471,False,,,,,
1,1472,True,B,A,4,1,A
1,1473,True,B,A,1,2,A
1,1474,True,B,A,1,1,A
1,1475,True,A,B,1,2,B
1,1476,True,A,B,10,1,B
1,1477,True,A,B,4,1,B
1,1478,True,A,B,2,1,A
1,1479,True,B,A,1,1,A
1,1480,True,A,B,6,1,B
1,1481,True,B,A,10,1,A
1,1482,False,,,,,
1,1483,False,,,,,
1,1484,True,B,A,2,1,A
1,1485,True,A,B,2,1,B
1,1486,True,B,A,10,1,A
1,1487,True,B,A,6,1,A
1,1488,True,B,A,10,1,A
1,1489,True,B,A,1,2,B
1,1490,False,,,,,
1,1491,True,B,A,1,1,A
1,1492,True,A,B,0,1,A
1,1493,False,,,,,
1,1494,True,A,B,3,1,A
1,1495,True,A,B,10,1,B
1,1496,False,,,,,
1,1497,True,B,A,3,1,A
1,1498,True,B,A,1,2,A
1,1499,True,B,A,10,1,A
1,1500,True,A,B,1,2,B
1,1501,True,B,A,1,1,A
1,1502,True,A,B,6,1,B
1,1503,True,A,B,3,1,B
1,1504,True,B,A,0,1,A
1,1505,True,B,A,4,1,A
1,1506,False,,,,,
1,1507,True,B,A,6,1,A
1,1508,True,A,B,10,1,B
1,1509,True,A,B,6,1,B
1,1510,True,B,A,1,2,A
1,1511,False,,,,,
1,1512,True,B,A,4,1,A
1,1513,True,A,B,6,1,B
1,1514,True,A,B,1,1,A
1,1515,False,,,,,
1,1516,True,B,A,1,1,A
1,1517,True,B,A,3,1,A
1,1518,True,B,A,0,1,A
1,1519,False,,,,,
1,1520,True,B,A,1,1,A
1,1521,True,B,A,1,1,A
1,1522,True,B,A,6,1,A
1,1523,True,A,B,2,0,B
1,1524,True,A,B,6,1,B
1,1525,True,B,A,6,1,A
1,1526,True,B,A,0,1,A
1,1527,True,B,A,1,1,A
1,1528,True,B,A,6,1,A
1,1529,True,B,A,1,2,A
1,1530,True,B,A,0,1,A
1,1531,True,A,B,1,2,B
1,1532,True,B,A,1,1,A
1,1533,True,B,A,2,1,A
1,1534,True,A,B,0,1,A
1,1535,True,A,B,1,2,A
1,1536,True,A,B,1,2,B
1,1537,True,A,B,1,2,B
1,1538,True,A,B,3,1,B
1,1539,True,B,A,1,1,A
1,1540,True,B,A,1,2,A
1,1541,True,A,B,6,1,B
1,1542,True,A,B,1,1,B
1,1543,True,B,A,1,1,A
1,1544,True,B,A,6,1,A
1,1545,True,A,B,4,1,B
1,1546,False,,,,,
1,1547,True,A,B,3,1,B
1,1548,True,A,B,10,1,B
1,1549,False,,,,,
1,1550,True,A,B,3,1,B
1,1551,True,B,A,3,1,A
1,1552,True,B,A,6,1,B
1,1553,True,A,B,2,1,A
1,1554,True,B,A,1,1,A
1,1555,True,A,B,4,1,B
1,1556,True,B,A,1,2,A
1,1557,True,B,A,1,1,A
1,1558,True,B,A,1,2,A
1,1559,True,B,A,3,1,B
1,1560,True,A,B,4,1,B
1,1561,True,A,B,2,0,B
1,1562,False,,,,,
1,1563,True,A,B,10,1,B
1,1564,True,B,A,1,1,A
1,1565,True,B,A,4,1,A
1,1566,True,B,A,10,1,A
1,1567,True,A,B,3,1,B
1,1568,True,A,B,2,0,B
1,1569,False,,,,,
1,1570,True,B,A,2,1,A
1,1571,True,A,B,2,1,B
1,1572,True,A,B,6,1,A
1,1573,True,B,A,3,1,A
1,1574,True,A,B,10,1,B
1,1575,True,A,B,6,1,B
1,1576,True,B,A,1,2,A
1,1577,True,B,A,1,2,A
1,1578,True,A,B,1,2,B
1,1579,True,B,A,6,1,A
1,1580,True,A,B,1,2,A
1,1581,False,,,,,
1,1582,False,,,,,
1,1583,True,A,B,3,1,B
1,1584,True,B,A,4,1,A
1,1585,True,B,A,3,1,A
1,1586,True,A,B,0,1,A
1,1587,True,A,B,3,1,B
1,1588,False,,,,,
1,1589,True,A,B,4,1,B
1,1590,True,A,B,1,1,B
1,1591,True,A,B,3,1,B
1,1592,True,A,B,1,2,A
1,1593,True,B,A,4,1,A
1,1594,True,B,A,2,1,B
1,1595,False,,,,,
1,1596,True,B,A,4,1,A
1,1597,True,B,A,6,1,A
1,1598,True,B,A,3,1,A
1,1599,True,B,A,3,1,A
1,1600,True,B,A,1,2,A
1,1601,True,B,A,2,1,A
1,1602,True,B,A,4,1,A
1,1603,True,B,A,0,1,A
1,1604,True,A,B,2,0,B
1,1605,True,A,B,1,1,A
1,1606,True,A,B,2,0,B
1,1607,True,B,A,3,1,A
1,1608,True,B,A,6,1,B
1,1609,True,A,B,1,2,A
1,1610,True,B,A,1,1,B
1,1611,True,A,B,10,1,B
1,1612,True,B,A,10,1,A
1,1613,True,A,B,6,1,B
1,1614,True,A,B,10,1,B
1,1615,True,A,B,3,1,B
1,1616,True,A,B,3,1,B
1,1617,True,B,A,1,1,A
1,1618,True,B,A,2,0,B
1,1619,True,B,A,10,1,A
1,1620,True,A,B,6,1,B
1,1621,False,,,,,
1,1622,True,B,A,2,1,A
1,1623,True,B,A,0,1,A
1,1624,False,,,,,
1,1625,True,B,A,10,1,A
1,1626,True,B,A,3,1,A
1,1627,True,A,B,3,1,B
1,1628,True,B,A,4,1,A
1,1629,True,A,B,3,1,B
1,1630,True,B,A,10,1,B
1,1631,True,B,A,1,1,A
1,1632,True,B,A,0,1,A
1,1633,True,A,B,2,1,A
1,1634,True,B,A,0,1,A
1,1635,True,B,A,0,1,A
1,1636,True,B,A,1,2,A
1,1637,True,B,A,1,1,A
1,1638,True,A,B,4,1,B
1,1639,True,A,B,4,1,A
1,1640,True,B,A,2,1,A
1,1641,True,A,B,0,1,A
1,1642,True,B,A,0,1,A
1,1643,False,,,,,
1,1644,True,A,B,3,1,B
1,1645,True,A,B,6,1,B
1,1646,True,B,A,1,1,A
1,1647,False,,,,,
1,1648,True,B,A,6,1,A
1,1649,True,A,B,6,1,B
1,1650,True,B,A,6,1,A
1,1651,True,A,B,2,1,B
1,1652,True,B,A,6,1,A
1,1653,True,B,A,2,1,A
1,1654,True,A,B,4,1,B
1,1655,True,B,A,1,1,A
1,1656,False,,,,,
1,1657,True,B,A,1,2,A
1,1658,True,B,A,6,1,B
1,1659,True,A,B,3,1,B
1,1660,True,A,B,3,1,B
1,1661,True,A,B,3,1,B
1,1662,False,,,,,
1,1663,False,,,,,
1,1664,True,B,A,3,1,A
1,1665,True,A,B,3,1,B
1,1666,True,A,B,10,1,B
1,1667,True,A,B,3,1,B
1,1668,True,A,B,1,1,A
1,1669,True,A,B,6,1,B
1,1670,True,A,B,2,0,B
1,1671,True,B,A,0,1,A
1,1672,True,B,A,4,1,A
1,1673,True,A,B,3,1,A
1,1674,True,A,B,2,1,B
1,1675,True,A,B,1,1,B
1,1676,False,,,,,
1,1677,True,A,B,2,1,B
1,1678,True,B,A,0,1,A
1,1679,True,A,B,2,0,B
1,1680,True,B,A,1,1,A
1,1681,True,A,B,6,1,B
1,1682,True,B,A,2,1,B
1,1683,True,A,B,2,1,B
1,1684,True,A,B,10,1,B
1,1685,True,B,A,3,1,A
1,1686,True,A,B,2,0,B
1,1687,True,B,A,6,1,A
1,1688,True,A,B,3,1,B
1,1689,True,B,A,1,1,A
1,1690,True,B,A,4,1,A
1,1691,False,,,,,
1,1692,True,A,B,2,1,B
1,1693,True,A,B,1,2,B
1,1694,True,A,B,3,1,A
1,1695,True,A,B,4,1,B
1,1696,True,A,B,1,1,B
1,1697,True,A,B,2,1,A
1,1698,True,B,A,3,1,A
1,1699,True,B,A,2,1,A
1,1700,True,B,A,6,1,B
1,1701,False,,,,,
1,1702,True,A,B,10,1,B
1,1703,True,B,A,3,1,A
1,1704,True,B,A,6,1,A
1,1705,True,B,A,2,1,B
1,1706,True,B,A,3,1,B
1,1707,False,,,,,
1,1708,True,A,B,4,1,B
1,1709,True,A,B,6,1,B
1,1710,True,A,B,1,2,A
1,1711,True,B,A,1,2,A
1,1712,True,B,A,2,1,A
1,1713,True,B,A,3,1,B
1,1714,True,A,B,3,1,B
1,1715,True,B,A,0,1,A
1,1716,True,B,A,6,1,A
1,1717,True,B,A,6,1,A
1,1718,True,B,A,10,1,A
1,1719,True,A,B,6,1,B
1,1720,True,B,A,3,1,A
1,1721,True,A,B,1,2,A
1,1722,True,A,B,4,1,A
1,1723,True,B,A,6,1,B
1,1724,True,B,A,1,2,A
1,1725,False,,,,,
1,1726,True,B,A,2,1,B
1,1727,True,A,B,2,1,B
1,1728,True,B,A,6,1,A
1,1729,True,A,B,1,1,A
1,1730,True,A,B,1,2,A
1,1731,True,B,A,4,1,A
1,1732,True,B,A,1,1,A
1,1733,False,,,,,
1,1734,True,A,B,0,1,A
1,1735,True,A,B,2,1,B
1,1736,True,A,B,1,2,B
1,1737,True,B,A,2,0,B
1,1738,True,A,B,0,1,A
1,1739,True,B,A,3,1,A
1,1740,True,A,B,0,1,A
1,1741,True,B,A,1,1,B
1,1742,True,A,B,1,2,A
1,1743,True,A,B,6,1,A
1,1744,True,B,A,1,1,A
1,1745,True,A,B,2,1,A
1,1746,True,A,B,6,1,B
1,1747,True,A,B,6,1,B
1,1748,True,B,A,1,1,A
1,1749,True,A,B,10,1,B
1,1750,True,A,B,2,1,A
1,1751,True,A,B,1,1,A
1,1752,True,A,B,2,1,B
1,1753,False,,,,,
1,1754,True,B,A,1,2,A
1,1755,True,B,A,1,2,A
1,1756,False,,,,,
1,1757,True,B,A,1,1,A
1,1758,True,B,A,6,1,A
1,1759,True,A,B,1,1,B
1,1760,True,A,B,6,1,B
1,1761,True,B,A,4,1,A
1,1762,True,A,B,10,1,B
1,1763,True,B,A,4,1,A
1,1764,True,A,B,0,1,A
1,1765,True,A,B,4,1,B
1,1766,True,B,A,1,1,A
1,1767,True,B,A,4,1,A
1,1768,True,B,A,1,1,B
1,1769,True,B,A,2,1,A
1,1770,True,B,A,2,0,B
1,1771,True,B,A,2,1,A
1,1772,True,A,B,2,1,A
1,1773,True,B,A,1,2,A
1,1774,True,A,B,2,1,A
1,1775,False,,,,,
1,1776,True,A,B,3,1,A
1,1777,False,,,,,
1,1778,True,B,A,2,1,A
1,1779,True,A,B,3,1,A
1,1780,True,B,A,2,1,A
1,1781,True,B,A,0,1,A
1,1782,True,B,A,4,1,A
1,1783,True,B,A,2,1,A
1,1784,True,A,B,1,1,A
1,1785,True,A,B,6,1,B
1,1786,True,A,B,0,1,A
1,1787,True,B,A,10,1,A
1,1788,False,,,,,
1,1789,True,B,A,0,1,A
1,1790,True,B,A,6,1,A
1,1791,False,,,,,
1,1792,False,,,,,
1,1793,True,A,B,2,1,A
1,1794,False,,,,,
1,1795,True,A,B,10,1,B
1,1796,True,A,B,10,1,B
1,1797,True,A,B,1,1,B
1,1798,False,,,,,
1,1799,True,B,A,1,2,A
1,1800,True,A,B,1,2,B
1,1801,True,B,A,10,1,A
1,1802,True,B,A,2,1,B
1,1803,True,A,B,2,0,B
1,1804,True,B,A,2,1,A
1,1805,True,B,A,2,1,A
1,1806,True,A,B,2,1,B
1,1807,True,A,B,2,0,B
1,1808,True,B,A,3,1,A
1,1809,False,,,,,
1,1810,True,A,B,2,1,A
1,1811,True,B,A,1,2,A
1,1812,True,A,B,0,1,A
1,1813,True,B,A,1,2,A
1,1814,True,A,B,10,1,B
1,1815,True,A,B,6,1,B
1,1816,False,,,,,
1,1817,True,A,B,1,1,A
1,1818,True,B,A,4,1,A
1,1819,True,B,A,2,1,A
1,1820,True,B,A,10,1,A
1,1821,True,A,B,6,1,B
1,1822,True,B,A,0,1,A
1,1823,True,B,A,2,1,A
1,1824,True,B,A,4,1,A
1,1825,False,,,,,
1,1826,True,B,A,6,1,A
1,1827,True,B,A,1,1,A
1,1828,True,B,A,2,1,A
1,1829,True,B,A,4,1,A
1,1830,False,,,,,
1,1831,True,A,B,0,1,A
1,1832,True,A,B,10,1,B
1,1833,True,B,A,0,1,A
1,1834,False,,,,,
1,1835,True,B,A,1,2,A
1,1836,True,A,B,0,1,A
1,1837,True,A,B,6,1,B
1,1838,True,B,A,3,1,A
1,1839,True,B,A,0,1,A
1,1840,True,B,A,1,2,A
1,1841,True,B,A,6,1,A
1,1842,True,A,B,2,1,A
1,1843,True,B,A,3,1,A
1,1844,True,A,B,0,1,A
1,1845,True,A,B,10,1,B
1,1846,True,A,B,4,1,A
1,1847,True,A,B,2,1,A
1,1848,True,A,B,1,1,A
1,1849,True,B,A,1,1,A
1,1850,True,B,A,2,1,A
1,1851,True,A,B,1,1,A
1,1852,True,A,B,1,1,A
1,1853,True,A,B,3,1,B
1,1854,True,B,A,4,1,B
1,1855,True,A,B,1,1,A
1,1856,True,A,B,1,2,A
1,1857,True,B,A,6,1,A
1,1858,True,B,A,3,1,A
1,1859,True,A,B,6,1,B
1,1860,True,B,A,4,1,A
1,1861,True,B,A,4,1,B
1,1862,True,B,A,10,1,A
1,1863,True,A,B,3,1,B
1,1864,True,A,B,3,1,B
1,1865,True,A,B,0,1,A
1,1866,False,,,,,
1,1867,True,A,B,1,2,A
1,1868,True,B,A,0,1,A
1,1869,True,A,B,1,1,A
1,1870,True,B,A,6,1,A
1,1871,True,A,B,3,1,B
1,1872,True,A,B,2,1,A
1,1873,True,A,B,1,2,A
1,1874,True,B,A,4,1,B
1,1875,True,A,B,1,2,A
1,1876,True,A,B,2,1,B
1,1877,False,,,,,
1,1878,True,B,A,1,2,B
1,1879,True,B,A,4,1,A
1,1880,True,A,B,1,1,A
1,1881,True,A,B,4,1,B
1,1882,True,A,B,10,1,B
1,1883,True,A,B,10,1,B
1,1884,True,B,A,2,1,A
1,1885,True,A,B,1,2,A
1,1886,True,B,A,4,1,A
1,1887,True,B,A,4,1,B
1,1888,False,,,,,
1,1889,True,A,B,2,1,A
1,1890,True,B,A,4,1,A
1,1891,True,B,A,4,1,A
1,1892,True,A,B,10,1,B
1,1893,False,,,,,
1,1894,True,A,B,3,1,B
1,1895,True,B,A,1,1,A
1,1896,True,A,B,3,1,B
1,1897,True,A,B,1,1,A
1,1898,False,,,,,
1,1899,True,A,B,3,1,B
1,1900,True,A,B,1,1,A
1,1901,True,B,A,2,1,A
1,1902,True,B,A,6,1,A
1,1903,True,A,B,1,1,A
1,1904,True,B,A,4,1,A
1,1905,True,B,A,6,1,A
1,1906,True,A,B,6,1,B
1,1907,False,,,,,
1,1908,True,A,B,6,1,B
1,1909,True,B,A,1,2,A
1,1910,False,,,,,
1,1911,True,A,B,0,1,A
1,1912,True,A,B,2,1,A
1,1913,True,A,B,4,1,B
1,1914,True,A,B,2,1,A
1,1915,False,,,,,
1,1916,True,B,A,1,1,A
1,1917,False,,,,,
1,1918,False,,,,,
1,1919,True,A,B,1,1,A
1,1920,True,A,B,0,1,A
1,1921,False,,,,,
1,1922,True,B,A,2,1,A
1,1923,True,B,A,4,1,A
1,1924,True,A,B,1,2,A
1,1925,True,B,A,6,1,A
1,1926,True,B,A,0,1,A
1,1927,False,,,,,
1,1928,True,A,B,4,1,B
1,1929,True,B,A,3,1,B
1,1930,True,B,A,3,1,A
1,1931,True,B,A,10,1,A
1,1932,True,B,A,1,2,A
1,1933,True,A,B,1,2,B
1,1934,True,B,A,1,2,A
1,1935,True,A,B,1,2,B
1,1936,True,A,B,2,1,A
1,1937,True,B,A,1,2,B
1,1938,True,A,B,4,1,B
1,1939,True,A,B,3,1,B
1,1940,True,B,A,10,1,A
1,1941,False,,,,,
1,1942,True,A,B,10,1,B
1,1943,True,B,A,1,2,A
1,1944,True,A,B,1,2,B
1,1945,True,B,A,10,1,A
1,1946,True,A,B,3,1,B
1,1947,True,B,A,1,1,A
1,1948,True,B,A,6,1,A
1,1949,True,B,A,2,1,A
1,1950,True,A,B,10,1,B
1,1951,True,A,B,3,1,B
1,1952,True,B,A,10,1,B
1,1953,True,B,A,4,1,A
1,1954,True,A,B,1,2,A
1,1955,True,A,B,10,1,B
1,1956,True,B,A,2,1,A
1,1957,True,B,A,0,1,A
1,1958,True,A,B,6,1,B
1,1959,True,B,A,4,1,A
1,1960,True,A,B,1,2,A
1,1961,True,A,B,0,1,A
1,1962,False,,,,,
1,1963,True,B,A,3,1,B
1,1964,True,B,A,10,1,A
1,1965,True,A,B,0,1,A
1,1966,True,B,A,6,1,A
1,1967,True,B,A,6,1,B
1,1968,True,B,A,2,1,A
1,1969,True,B,A,2,1,A
1,1970,True,B,A,10,1,A
1,1971,True,B,A,6,1,A
1,1972,True,B,A,3,1,A
1,1973,True,B,A,1,2,A
1,1974,True,A,B,4,1,B
1,1975,True,B,A,3,1,B
1,1976,False,,,,,
1,1977,True,B,A,2,1,A
1,1978,True,A,B,1,1,A
1,1979,True,B,A,2,1,A
1,1980,True,B,A,0,1,A
1,1981,True,B,A,6,1,A
1,1982,True,A,B,1,1,B
1,1983,True,A,B,1,2,A
1,1984,True,A,B,10,1,B
1,1985,True,B,A,2,1,B
1,1986,True,B,A,6,1,A
1,1987,False,,,,,
1,1988,True,B,A,1,1,A
1,1989,True,A,B,6,1,B
1,1990,True,B,A,3,1,A
1,1991,True,B,A,2,0,B
1,1992,True,A,B,1,1,A
1,1993,True,A,B,1,1,B
1,1994,True,B,A,6,1,A
1,1995,True,A,B,0,1,A
1,1996,True,B,A,4,1,A
1,1997,True,B,A,0,1,A
1,1998,True,B,A,10,1,B
1,1999,True,A,B,4,1,B
1,2000,False,,,,,
1,2001,True,A,B,3,1,A
1,2002,True,B,A,1,1,A
1,2003,False,,,,,
1,2004,True,B,A,2,0,B
1,2005,True,A,B,0,1,A
1,2006,True,A,B,1,1,A
1,2007,True,B,A,4,1,A
1,2008,True,B,A,10,1,A
1,2009,True,A,B,3,1,A
1,2010,True,A,B,3,1,A
1,2011,False,,,,,
1,2012,True,A,B,6,1,B
1,2013,True,B,A,0,1,A
1,2014,True,B,A,1,2,A
1,2015,True,A,B,0,1,A
1,2016,True,B,A,1,2,A
1,2017,True,B,A,2,1,B
1,2018,True,B,A,0,1,A
1,2019,True,B,A,10,1,A
1,2020,True,B,A,2,1,A
1,2021,True,A,B,1,1,A
1,2022,True,B,A,10,1,B
1,2023,True,B,A,6,1,B
1,2024,True,A,B,6,1,B
1,2025,False,,,,,
1,2026,True,B,A,1,2,A
1,2027,True,A,B,6,1,B
1,2028,True,A,B,4,1,B
1,2029,True,A,B,1,2,A
1,2030,True,B,A,4,1,A
1,2031,True,A,B,4,1,B
1,2032,True,A,B,2,1,B
1,2033,True,B,A,1,1,A
1,2034,True,A,B,4,1,B
1,2035,True,A,B,2,1,A
1,2036,False,,,,,
1,2037,True,A,B,10,1,B
1,2038,True,B,A,2,0,B
1,2039,True,B,A,6,1,B
1,2040,False,,,,,
1,2041,True,B,A,1,1,A
1,2042,True,A,B,0,1,A
1,2043,True,A,B,3,1,A
1,2044,True,A,B,1,1,A
1,2045,True,A,B,1,1,A
1,2046,True,A,B,10,1,B
1,2047,True,A,B,1,2,A
1,2048,True,B,A,2,0,B
1,2049,True,B,A,6,1,B
1,2050,False,,,,,
1,2051,True,B,A,10,1,B
1,2052,True,B,A,10,1,B
1,2053,True,A,B,2,1,B
1,2054,True,B,A,0,1,A
1,2055,True,B,A,1,1,A
1,2056,True,B,A,2,1,A
1,2057,True,A,B,6,1,B
1,2058,True,B,A,0,1,A
1,2059,True,B,A,2,1,A
1,2060,True,A,B,3,1,A
1,2061,True,B,A,4,1,A
1,2062,True,A,B,1,2,A
1,2063,True,B,A,1,2,B
1,2064,True,A,B,0,1,A
1,2065,True,A,B,1,2,A
1,2066,True,A,B,1,1,A
1,2067,True,B,A,0,1,A
1,2068,True,A,B,6,1,A
1,2069,True,B,A,3,1,B
1,2070,False,,,,,
1,2071,True,A,B,6,1,B
1,2072,True,A,B,4,1,B
1,2073,True,A,B,6,1,B
1,2074,True,B,A,4,1,A
1,2075,True,A,B,0,1,A
1,2076,True,A,B,1,1,A
1,2077,True,B,A,2,1,A
1,2078,True,A,B,1,2,A
1,2079,True,A,B,10,1,B
1,2080,True,A,B,4,1,B
1,2081,True,B,A,3,1,A
1,2082,True,A,B,10,1,B
1,2083,True,A,B,0,1,A
1,2084,True,B,A,1,1,B
1,2085,True,A,B,4,1,B
1,2086,True,A,B,1,1,A
1,2087,False,,,,,
1,2088,True,A,B,3,1,B
1,2089,False,,,,,
1,2090,True,A,B,1,2,A
1,2091,True,A,B,3,1,B
1,2092,True,A,B,2,1,A
1,2093,True,A,B,1,1,A
1,2094,True,A,B,10,1,B
1,2095,True,A,B,0,1,A
1,2096,True,A,B,4,1,B
1,2097,True,A,B,3,1,B
1,2098,True,A,B,1,2,A
1,2099,True,B,A,2,1,A
1,2100,True,B,A,3,1,A
1,2101,True,A,B,3,1,A
1,2102,True,A,B,3,1,B
1,2103,True,A,B,3,1,B
1,2104,True,A,B,2,1,A
1,2105,True,B,A,6,1,B
1,2106,True,A,B,0,1,A
1,2107,True,B,A,10,1,A
1,2108,True,A,B,3,1,B
1,2109,True,B,A,10,1,A
1,2110,True,B,A,1,1,A
1,2111,True,A,B,10,1,B
1,2112,True,A,B,2,0,B
1,2113,True,A,B,1,1,A
1,2114,True,B,A,2,1,A
1,2115,True,B,A,10,1,B
1,2116,True,A,B,0,1,A
1,2117,True,A,B,1,2,B
1,2118,True,B,A,1,2,A
1,2119,True,A,B,2,1,B
1,2120,True,B,A,4,1,A
1,2121,True,B,A,10,1,B
1,2122,True,B,A,10,1,B
1,2123,True,B,A,4,1,A
1,2124,True,A,B,2,1,A
1,2125,True,B,A,1,1,A
1,2126,True,A,B,6,1,B
1,2127,True,A,B,4,1,B
1,2128,True,A,B,0,1,A
1,2129,True,A,B,2,1,A
1,2130,True,B,A,2,1,A
1,2131,True,B,A,3,1,B
1,2132,True,B,A,2,1,A
1,2133,True,A,B,2,1,B
1,2134,True,B,A,3,1,A
1,2135,True,A,B,1,2,A
1,2136,True,A,B,4,1,B
1,2137,True,A,B,6,1,B
1,2138,True,B,A,10,1,A
1,2139,True,A,B,2,1,A
1,2140,True,B,A,0,1,A
1,2141,True,A,B,2,1,A
1,2142,True,A,B,2,1,A
1,2143,True,B,A,1,1,A
1,2144,True,B,A,6,1,A
1,2145,True,B,A,1,2,A
1,2146,False,,,,,
1,2147,True,B,A,4,1,A
1,2148,False,,,,,
1,2149,True,B,A,4,1,B
1,2150,True,A,B,1,2,B
1,2151,True,B,A,3,1,A
1,2152,True,B,A,0,1,A
1,2153,True,B,A,3,1,A
1,2154,True,A,B,10,1,B
1,2155,True,B,A,6,1,A
1,2156,False,,,,,
1,2157,True,A,B,1,1,A
1,2158,True,A,B,6,1,B
1,2159,True,B,A,2,1,B
1,2160,True,B,A,2,1,B
1,2161,True,A,B,1,1,B
1,2162,True,B,A,6,1,B
1,2163,True,B,A,1,1,A
1,2164,True,A,B,3,1,B
1,2165,True,A,B,3,1,B
1,2166,True,A,B,10,1,B
1,2167,True,B,A,0,1,A
1,2168,True,A,B,3,1,A
1,2169,True,A,B,1,1,A
1,2170,True,B,A,0,1,A
1,2171,False,,,,,
1,2172,False,,,,,
1,2173,True,A,B,6,1,B
1,2174,True,A,B,3,1,A
1,2175,True,B,A,10,1,A
1,2176,False,,,,,
1,2177,True,B,A,6,1,A
1,2178,True,A,B,3,1,A
1,2179,True,A,B,3,1,B
1,2180,True,B,A,4,1,A
1,2181,True,A,B,1,1,A
1,2182,True,A,B,2,1,A
1,2183,True,B,A,1,2,A
1,2184,True,A,B,3,1,B
1,2185,True,B,A,2,0,B
1,2186,True,A,B,1,2,A
1,2187,False,,,,,
1,2188,True,A,B,6,1,B
1,2189,True,B,A,1,1,A
1,2190,True,B,A,6,1,A
1,2191,True,B,A,3,1,A
1,2192,False,,,,,
1,2193,True,A,B,2,0,B
1,2194,True,A,B,0,1,A
1,2195,True,A,B,2,1,A
1,2196,True,B,A,10,1,B
1,2197,True,A,B,1,1,A
1,2198,True,A,B,6,1,B
1,2199,True,A,B,1,2,A
1,2200,True,B,A,3,1,A
1,2201,True,B,A,4,1,A
1,2202,True,B,A,3,1,B
1,2203,True,B,A,6,1,A
1,2204,True,B,A,10,1,B
1,2205,True,B,A,4,1,A
1,2206,True,B,A,1,1,A
1,2207,True,A,B,10,1,B
1,2208,True,B,A,3,1,A
1,2209,True,B,A,10,1,B
1,2210,True,A,B,3,1,B
1,2211,True,B,A,4,1,A
1,2212,True,B,A,1,1,A
1,2213,True,B,A,1,1,A
1,2214,True,B,A,1,1,A
1,2215,True,A,B,4,1,B
1,2216,True,A,B,2,0,B
1,2217,True,B,A,1,1,B
1,2218,True,B,A,6,1,A
1,2219,True,B,A,3,1,A
1,2220,True,A,B,0,1,A
1,2221,True,B,A,4,1,A
1,2222,True,A,B,3,1,B
1,2223,True,B,A,6,1,A
1,2224,True,B,A,0,1,A
1,2225,True,B,A,3,1,A
1,2226,True,B,A,2,0,B
1,2227,True,A,B,4,1,B
1,2228,True,A,B,2,1,A
1,2229,True,B,A,1,2,A
1,2230,True,A,B,4,1,B
1,2231,True,A,B,10,1,B
1,2232,False,,,,,
1,2233,True,A,B,10,1,B
1,2234,True,A,B,0,1,A
1,2235,True,A,B,6,1,B
1,2236,True,B,A,3,1,A
1,2237,True,B,A,3,1,A
1,2238,True,A,B,6,1,B
1,2239,True,A,B,2,1,A
1,2240,True,A,B,4,1,B
1,2241,True,B,A,3,1,A
1,2242,True,A,B,3,1,B
1,2243,True,B,A,4,1,B
1,2244,True,B,A,4,1,A
1,2245,True,B,A,1,2,A
1,2246,True,B,A,0,1,A
1,2247,True,B,A,2,1,B
1,2248,True,A,B,3,1,A
1,2249,True,A,B,3,1,B
1,2250,True,B,A,1,2,A
1,2251,True,B,A,10,1,B
1,2252,False,,,,,
1,2253,True,B,A,4,1,A
1,2254,True,A,B,10,1,B
1,2255,True,A,B,1,2,A
1,2256,True,B,A,10,1,B
1,2257,True,B,A,0,1,A
1,2258,True,B,A,2,1,B
1,2259,True,A,B,4,1,B
1,2260,True,A,B,2,1,B
1,2261,True,B,A,1,1,B
1,2262,True,B,A,4,1,A
1,2263,True,A,B,2,1,B
1,2264,True,A,B,10,1,B
1,2265,True,B,A,10,1,A
1,2266,False,,,,,
1,2267,True,B,A,6,1,A
1,2268,True,B,A,1,2,B
1,2269,True,A,B,4,1,B
1,2270,True,A,B,4,1,B
1,2271,True,A,B,6,1,B
1,2272,True,B,A,4,1,A
1,2273,True,A,B,2,1,B
1,2274,True,A,B,3,1,A
1,2275,True,B,A,10,1,A
1,2276,True,B,A,4,1,B
1,2277,False,,,,,
1,2278,True,A,B,10,1,B
1,2279,True,B,A,2,0,B
1,2280,True,A,B,1,1,A
1,2281,True,B,A,1,2,A
1,2282,True,A,B,6,1,B
1,2283,True,A,B,6,1,B
1,2284,True,A,B,1,1,A
1,2285,True,A,B,2,0,B
1,2286,True,A,B,1,2,A
1,2287,True,A,B,4,1,B
1,2288,True,A,B,2,0,B
1,2289,True,B,A,6,1,A
1,2290,True,B,A,1,2,A
1,2291,True,B,A,10,1,B
1,2292,True,B,A,6,1,A
1,2293,True,B,A,6,1,B
1,2294,True,A,B,10,1,B
1,2295,True,B,A,6,1,A
1,2296,True,A,B,4,1,B
1,2297,True,B,A,1,1,A
1,2298,True,B,A,0,1,A
1,2299,True,A,B,1,1,A
1,2300,True,A,B,0,1,A
1,2301,True,B,A,4,1,A
1,2302,True,A,B,1,1,A
1,2303,True,B,A,10,1,B
1,2304,True,A,B,6,1,B
1,2305,True,B,A,1,2,A
1,2306,True,B,A,0,1,A
1,2307,True,A,B,1,1,A
1,2308,False,,,,,
1,2309,True,B,A,6,1,A
1,2310,True,B,A,1,1,A
1,2311,True,B,A,1,1,A
1,2312,False,,,,,
1,2313,True,A,B,1,1,A
1,2314,True,A,B,2,1,A
1,2315,True,A,B,2,1,B
1,2316,False,,,,,
1,2317,True,B,A,4,1,A
1,2318,True,B,A,6,1,B
1,2319,True,A,B,6,1,B
1,2320,True,A,B,6,1,B
1,2321,True,B,A,0,1,A
1,2322,True,B,A,1,2,A
1,2323,True,A,B,6,1,B
1,2324,True,B,A,1,1,A
1,2325,True,B,A,2,0,B
1,2326,True,B,A,3,1,A
1,2327,True,A,B,1,2,A
1,2328,True,B,A,6,1,B
1,2329,True,B,A,4,1,A
1,2330,False,,,,,
1,2331,True,B,A,10,1,B
1,2332,True,B,A,2,0,B
1,2333,True,A,B,0,1,A
1,2334,True,B,A,4,1,A
1,2335,True,A,B,1,2,A
1,2336,True,A,B,4,1,A
1,2337,True,A,B,1,1,A
1,2338,True,B,A,1,2,A
1,2339,True,A,B,1,1,A
1,2340,True,B,A,1,2,A
1,2341,True,A,B,3,1,A
1,2342,True,B,A,4,1,B
1,2343,True,A,B,2,1,B
1,2344,True,A,B,3,1,B
1,2345,True,B,A,2,0,B
1,2346,True,B,A,3,1,A
1,2347,True,A,B,0,1,A
1,2348,True,B,A,10,1,B
1,2349,True,A,B,2,1,A
1,2350,True,A,B,1,1,A
1,2351,True,B,A,1,2,A
1,2352,True,B,A,1,1,B
1,2353,True,B,A,3,1,A
1,2354,True,A,B,10,1,B
1,2355,True,B,A,1,2,A
1,2356,True,B,A,4,1,A
1,2357,True,A,B,0,1,A
1,2358,True,A,B,10,1,B
1,2359,True,A,B,3,1,B
1,2360,True,B,A,1,1,B
1,2361,True,B,A,4,1,A
1,2362,False,,,,,
1,2363,True,A,B,2,1,A
1,2364,True,B,A,2,1,A
1,2365,True,A,B,0,1,A
1,2366,True,A,B,10,1,B
1,2367,True,B,A,2,1,A
1,2368,True,A,B,1,2,A
1,2369,True,A,B,2,1,A
1,2370,True,A,B,0,1,A
1,2371,True,B,A,1,1,A
1,2372,True,A,B,10,1,B
1,2373,True,B,A,0,1,A
1,2374,True,B,A,2,0,B
1,2375,True,B,A,3,1,A
1,2376,True,A,B,2,0,B
1,2377,True,A,B,2,1,B
1,2378,True,A,B,10,1,B
1,2379,True,B,A,2,1,A
1,2380,True,B,A,1,2,A
1,2381,True,B,A,1,1,A
1,2382,True,B,A,6,1,B
1,2383,True,B,A,1,2,A
1,2384,True,A,B,0,1,A
1,2385,False,,,,,
1,2386,True,A,B,0,1,A
1,2387,True,B,A,1,1,B
1,2388,True,A,B,0,1,A
1,2389,True,A,B,3,1,B
1,2390,True,A,B,0,1,A
1,2391,True,B,A,10,1,B
1,2392,True,B,A,4,1,B
1,2393,True,A,B,2,1,B
1,2394,True,A,B,4,1,B
1,2395,True,A,B,4,1,B
1,2396,True,A,B,4,1,B
1,2397,True,A,B,10,1,B
1,2398,True,B,A,10,1,B
1,2399,True,B,A,1,2,A
1,2400,True,A,B,2,1,A
1,2401,True,A,B,2,1,B
1,2402,True,A,B,3,1,B
1,2403,True,B,A,1,2,A
1,2404,True,A,B,4,1,B
1,2405,True,A,B,2,0,B
1,2406,True,B,A,3,1,A
1,2407,True,A,B,1,1,A
1,2408,True,B,A,2,1,A
1,2409,True,B,A,1,1,A
1,2410,True,A,B,1,2,A
1,2411,True,B,A,1,2,A
1,2412,True,B,A,1,1,A
1,2413,True,A,B,3,1,A
1,2414,True,B,A,2,0,B
1,2415,True,B,A,6,1,B
1,2416,True,A,B,1,2,A
1,2417,True,B,A,10,1,B
1,2418,True,B,A,6,1,A
1,2419,True,A,B,4,1,B
1,2420,True,A,B,3,1,B
1,2421,True,B,A,2,1,A
1,2422,True,A,B,6,1,B
1,2423,True,B,A,4,1,A
1,2424,False,,,,,
1,2425,True,A,B,4,1,B
1,2426,True,B,A,4,1,B
1,2427,True,A,B,0,1,A
1,2428,True,B,A,1,1,B
1,2429,True,B,A,10,1,B
1,2430,True,A,B,3,1,B
1,2431,True,B,A,1,1,A
1,2432,True,B,A,1,2,A
1,2433,True,B,A,2,1,B
1,2434,True,B,A,4,1,B
1,2435,True,A,B,1,2,A
1,2436,True,B,A,2,1,A
1,2437,True,B,A,1,1,A
1,2438,True,A,B,6,1,B
1,2439,True,A,B,6,1,B
1,2440,True,A,B,6,1,B
1,2441,False,,,,,
1,2442,True,B,A,1,1,A
1,2443,True,A,B,2,0,B
1,2444,True,A,B,2,1,A
1,2445,True,B,A,10,1,B
1,2446,True,B,A,4,1,B
1,2447,True,B,A,2,0,B
1,2448,True,A,B,2,0,B
1,2449,False,,,,,
1,2450,True,B,A,2,0,B
1,2451,True,B,A,1,1,A
1,2452,True,A,B,3,1,B
1,2453,True,A,B,6,1,B
1,2454,True,A,B,10,1,B
1,2455,True,B,A,0,1,A
1,2456,True,B,A,1,2,A
1,2457,True,A,B,2,1,A
1,2458,True,B,A,6,1,B
1,2459,True,B,A,4,1,B
1,2460,True,B,A,2,1,A
1,2461,True,B,A,1,1,A
1,2462,True,A,B,6,1,B
1,2463,True,A,B,2,1,A
1,2464,True,A,B,1,1,A
1,2465,True,B,A,1,1,A
1,2466,True,A,B,2,1,A
1,2467,True,B,A,0,1,A
1,2468,False,,,,,
1,2469,True,B,A,4,1,B
1,2470,True,B,A,2,1,A
1,2471,True,B,A,6,1,B
1,2472,True,A,B,2,1,A
1,2473,True,B,A,1,1,A
1,2474,True,B,A,4,1,A
1,2475,True,A,B,10,1,B
1,2476,True,B,A,6,1,A
1,2477,True,B,A,1,2,A
1,2478,True,B,A,10,1,B
1,2479,True,A,B,3,1,B
1,2480,True,A,B,2,0,B
1,2481,True,B,A,6,1,B
1,2482,True,A,B,4,1,B
1,2483,True,B,A,4,1,A
1,2484,True,B,A,2,0,B
1,2485,True,A,B,1,1,A
1,2486,True,A,B,1,2,A
1,2487,True,A,B,3,1,B
1,2488,True,B,A,2,1,A
1,2489,True,A,B,10,1,B
1,2490,True,B,A,4,1,A
1,2491,True,A,B,1,1,A
1,2492,True,B,A,2,0,B
1,2493,True,B,A,4,1,B
1,2494,True,B,A,3,1,A
1,2495,True,B,A,10,1,B
1,2496,True,A,B,0,1,A
1,2497,False,,,,,
1,2498,True,B,A,3,1,A
1,2499,True,A,B,6,1,B
1,2500,True,A,B,2,1,B
1,2501,True,B,A,1,2,A
1,2502,True,B,A,6,1,B
1,2503,True,B,A,3,1,B
1,2504,True,B,A,1,2,A
1,2505,True,B,A,2,1,A
1,2506,True,A,B,10,1,B
1,2507,False,,,,,
1,2508,True,B,A,2,0,B
1,2509,True,A,B,0,1,A
1,2510,True,A,B,4,1,B
1,2511,True,A,B,10,1,B
1,2512,True,A,B,2,1,A
1,2513,True,A,B,10,1,B
1,2514,True,A,B,1,2,A
1,2515,True,B,A,1,2,B
1,2516,True,A,B,1,1,A
1,2517,True,B,A,1,1,B
1,2518,True,B,A,6,1,B
1,2519,True,B,A,3,1,B
1,2520,True,A,B,3,1,A
1,2521,True,A,B,1,2,A
1,2522,True,B,A,0,1,A
1,2523,False,,,,,
1,2524,True,A,B,0,1,A
1,2525,True,B,A,0,1,A
1,2526,True,A,B,4,1,B
1,2527,True,B,A,2,0,B
1,2528,True,A,B,10,1,B
1,2529,True,B,A,4,1,A
1,2530,True,A,B,6,1,B
1,2531,True,B,A,1,2,A
1,2532,True,B,A,3,1,A
1,2533,True,A,B,1,2,A
1,2534,True,B,A,2,1,B
1,2535,True,B,A,0,1,A
1,2536,True,B,A,1,2,B
1,2537,True,A,B,2,1,A
1,2538,True,A,B,6,1,B
1,2539,True,B,A,2,0,B
1,2540,False,,,,,
1,2541,True,A,B,1,1,A
1,2542,True,B,A,10,1,B
1,2543,True,B,A,1,1,B
1,2544,True,A,B,2,1,B
1,2545,True,B,A,2,0,B
1,2546,True,A,B,10,1,B
1,2547,True,B,A,1,1,A
1,2548,True,A,B,4,1,B
1,2549,True,B,A,10,1,B
1,2550,True,B,A,10,1,B
1,2551,True,B,A,6,1,B
1,2552,True,A,B,0,1,A
1,2553,True,A,B,2,0,B
1,2554,True,A,B,2,1,B
1,2555,True,B,A,6,1,B
1,2556,True,A,B,1,2,A
1,2557,True,A,B,2,1,A
1,2558,True,B,A,2,1,B
1,2559,True,A,B,2,0,B
1,2560,True,A,B,2,0,B
1,2561,False,,,,,
1,2562,True,A,B,0,1,A
1,2563,True,B,A,3,1,A
1,2564,True,B,A,4,1,B
1,2565,True,B,A,4,1,B
1,2566,True,A,B,0,1,A
1,2567,True,B,A,1,1,B
1,2568,True,A,B,6,1,A
1,2569,True,A,B,1,1,A
1,2570,True,A,B,3,1,B
1,2571,True,B,A,2,1,B
1,2572,True,B,A,2,1,A
1,2573,True,A,B,6,1,B
1,2574,True,A,B,6,1,B
1,2575,True,B,A,0,1,A
1,2576,True,A,B,0,1,A
1,2577,True,A,B,1,2,A
1,2578,True,A,B,3,1,B
1,2579,True,A,B,2,0,B
1,2580,True,B,A,4,1,B
1,2581,True,A,B,1,1,A
1,2582,False,,,,,
1,2583,True,A,B,10,1,B
1,2584,True,A,B,10,1,B
1,2585,True,A,B,3,1,B
1,2586,True,B,A,4,1,B
1,2587,True,B,A,2,1,A
1,2588,True,A,B,2,1,A
1,2589,True,A,B,3,1,B
1,2590,True,A,B,6,1,B
1,2591,True,B,A,2,1,B
1,2592,True,B,A,10,1,B
1,2593,True,B,A,2,1,B
1,2594,True,B,A,2,0,B
1,2595,True,B,A,0,1,A
1,2596,True,A,B,2,1,B
1,2597,True,A,B,6,1,B
1,2598,True,A,B,2,0,B
1,2599,True,A,B,6,1,B
1,2600,True,B,A,2,0,B
1,2601,True,B,A,10,1,B
1,2602,True,A,B,2,1,A
1,2603,True,A,B,6,1,B
1,2604,True,A,B,2,0,B
1,2605,True,A,B,6,1,B
1,2606,True,B,A,4,1,B
1,2607,True,A,B,6,1,B
1,2608,True,B,A,2,0,B
1,2609,True,B,A,4,1,A
1,2610,True,A,B,6,1,B
1,2611,True,A,B,2,1,A
1,2612,True,A,B,2,1,A
1,2613,True,A,B,3,1,B
1,2614,True,B,A,2,1,B
1,2615,True,B,A,3,1,B
1,2616,True,A,B,6,1,B
1,2617,True,B,A,6,1,B
1,2618,True,B,A,6,1,B
1,2619,True,A,B,0,1,A
1,2620,True,B,A,2,1,B
1,2621,True,A,B,1,1,A
1,2622,True,B,A,2,0,B
1,2623,True,B,A,10,1,B
1,2624,True,B,A,3,1,B
1,2625,True,B,A,4,1,B
1,2626,True,B,A,2,1,B
1,2627,True,B,A,6,1,B
1,2628,False,,,,,
1,2629,True,A,B,1,2,A
1,2630,True,A,B,2,1,B
1,2631,True,B,A,1,1,B
1,2632,True,B,A,6,1,B
1,2633,True,B,A,0,1,A
1,2634,True,B,A,4,1,B
1,2635,True,A,B,4,1,B
1,2636,True,A,B,2,1,A
1,2637,True,B,A,2,1,B
1,2638,True,B,A,2,0,B
1,2639,True,A,B,10,1,B
1,2640,True,A,B,1,2,A
1,2641,True,A,B,6,1,B
1,2642,True,A,B,6,1,B
1,2643,True,A,B,10,1,B
1,2644,True,B,A,2,0,B
1,2645,True,A,B,1,1,A
1,2646,True,A,B,4,1,B
1,2647,True,A,B,10,1,B
1,2648,True,A,B,10,1,B
1,2649,True,B,A,2,1,A
1,2650,True,A,B,0,1,A
1,2651,True,B,A,2,1,B
1,2652,True,B,A,3,1,B
1,2653,False,,,,,
1,2654,False,,,,,
1,2655,False,,,,,
1,2656,True,A,B,2,1,A
1,2657,True,A,B,3,1,B
1,2658,True,B,A,1,2,A
1,2659,True,A,B,0,1,A
1,2660,True,B,A,3,1,B
1,2661,True,A,B,3,1,B
1,2662,True,A,B,1,1,A
1,2663,True,B,A,2,0,B
1,2664,True,A,B,3,1,A
1,2665,True,B,A,2,1,A
1,2666,True,A,B,0,1,A
1,2667,True,A,B,6,1,B
1,2668,True,B,A,4,1,B
1,2669,True,B,A,0,1,A
1,2670,True,B,A,1,2,B
1,2671,True,A,B,10,1,B
1,2672,True,A,B,4,1,B
1,2673,True,B,A,1,1,A
1,2674,True,A,B,10,1,B
1,2675,True,B,A,4,1,B
1,2676,True,B,A,4,1,B
1,2677,False,,,,,
1,2678,True,A,B,2,1,A
1,2679,True,B,A,1,2,A
1,2680,True,A,B,3,1,B
1,2681,True,B,A,2,0,B
1,2682,True,B,A,4,1,B
1,2683,True,B,A,0,1,A
1,2684,True,B,A,10,1,B
1,2685,True,A,B,0,1,A
1,2686,True,B,A,6,1,B
1,2687,True,A,B,3,1,B
1,2688,True,B,A,2,1,B
1,2689,True,B,A,0,1,A
1,2690,True,A,B,10,1,B
1,2691,True,B,A,4,1,B
1,2692,True,B,A,3,1,B
1,2693,True,A,B,0,1,A
1,2694,True,B,A,1,1,A
1,2695,True,A,B,0,1,A
1,2696,True,B,A,10,1,B
1,2697,True,A,B,0,1,A
1,2698,True,A,B,0,1,A
1,2699,True,B,A,10,1,B
1,2700,True,B,A,6,1,B
1,2701,True,A,B,6,1,B
1,2702,True,A,B,1,2,A
1,2703,True,A,B,3,1,B
1,2704,True,B,A,2,1,B
1,2705,True,A,B,1,2,A
1,2706,True,A,B,6,1,B
1,2707,True,B,A,10,1,B
1,2708,True,B,A,3,1,B
1,2709,True,A,B,10,1,B
1,2710,True,A,B,3,1,A
1,2711,True,B,A,3,1,B
1,2712,True,B,A,0,1,A
1,2713,True,B,A,2,1,B
1,2714,True,B,A,10,1,B
1,2715,True,A,B,0,1,A
1,2716,True,B,A,10,1,B
1,2717,True,A,B,1,2,A
1,2718,True,B,A,4,1,B
1,2719,False,,,,,
1,2720,True,A,B,2,0,B
1,2721,True,B,A,4,1,B
1,2722,True,B,A,6,1,B
1,2723,True,A,B,0,1,A
1,2724,True,B,A,4,1,B
1,2725,True,A,B,2,1,A
1,2726,True,B,A,1,1,A
1,2727,True,B,A,2,0,B
1,2728,True,B,A,1,2,B
1,2729,True,B,A,1,2,A
1,2730,True,B,A,1,1,A
1,2731,True,B,A,10,1,B
1,2732,True,A,B,1,2,A
1,2733,True,A,B,2,0,B
1,2734,True,B,A,2,0,B
1,2735,True,A,B,2,1,A
1,2736,False,,,,,
1,2737,True,B,A,6,1,B
1,2738,True,B,A,3,1,B
1,2739,True,B,A,2,0,B
1,2740,True,B,A,2,0,B
1,2741,False,,,,,
1,2742,True,A,B,6,1,B
1,2743,True,A,B,10,1,B
1,2744,True,B,A,3,1,B
1,2745,True,A,B,1,2,A
1,2746,True,B,A,3,1,B
1,2747,True,A,B,3,1,B
1,2748,True,B,A,10,1,B
1,2749,True,A,B,1,2,A
1,2750,True,A,B,0,1,A
1,2751,True,B,A,3,1,B
1,2752,True,A,B,2,0,B
1,2753,True,A,B,1,1,A
1,2754,True,A,B,6,1,B
1,2755,True,B,A,2,1,B
1,2756,True,B,A,1,1,B
1,2757,True,A,B,2,1,A
1,2758,True,A,B,0,1,A
1,2759,True,A,B,6,1,B
1,2760,True,B,A,6,1,B
1,2761,True,A,B,1,1,A
1,2762,True,A,B,6,1,B
1,2763,True,A,B,2,1,A
1,2764,True,A,B,6,1,B
1,2765,True,A,B,4,1,B
1,2766,True,B,A,2,0,B
1,2767,True,A,B,6,1,B
1,2768,True,A,B,4,1,B
1,2769,False,,,,,
1,2770,True,B,A,2,1,B
1,2771,True,B,A,2,0,B
1,2772,True,A,B,6,1,B
1,2773,False,,,,,
1,2774,True,B,A,2,0,B
1,2775,True,B,A,2,1,A
1,2776,True,B,A,10,1,B
1,2777,True,B,A,4,1,B
1,2778,True,A,B,0,1,A
1,2779,True,B,A,6,1,B
1,2780,True,A,B,1,1,A
1,2781,True,B,A,2,1,A
1,2782,True,A,B,10,1,B
1,2783,True,B,A,4,1,B
1,2784,True,A,B,4,1,B
1,2785,True,B,A,4,1,B
1,2786,True,A,B,6,1,B
1,2787,True,A,B,0,1,A
1,2788,True,A,B,0,1,A
1,2789,True,B,A,3,1,B
1,2790,True,B,A,0,1,A
1,2791,True,A,B,1,1,A
1,2792,True,A,B,2,1,B
1,2793,True,B,A,2,1,B
1,2794,True,A,B,10,1,B
1,2795,True,A,B,6,1,B
1,2796,True,B,A,1,1,A
1,2797,True,B,A,1,1,A
1,2798,False,,,,,
1,2799,True,A,B,1,2,A
1,2800,True,A,B,1,1,A
1,2801,True,B,A,3,1,B
1,2802,True,A,B,0,1,A
1,2803,True,A,B,2,0,B
1,2804,True,B,A,3,1,A
1,2805,True,B,A,2,0,B
1,2806,True,B,A,10,1,B
1,2807,True,A,B,4,1,B
1,2808,True,A,B,3,1,B
1,2809,True,A,B,0,1,A
1,2810,True,A,B,1,2,A
1,2811,True,A,B,1,1,A
1,2812,True,B,A,6,1,B
1,2813,True,A,B,2,1,A
1,2814,True,A,B,10,1,B
1,2815,True,A,B,1,2,A
1,2816,True,B,A,10,1,B
1,2817,True,B,A,0,1,A
1,2818,True,B,A,10,1,B
1,2819,True,A,B,2,1,A
1,2820,True,B,A,1,1,A
1,2821,True,B,A,1,2,A
1,2822,True,B,A,1,2,A
1,2823,True,B,A,2,0,B
1,2824,True,B,A,1,1,B
1,2825,True,A,B,4,1,B
1,2826,True,A,B,1,1,A
1,2827,True,A,B,1,1,A
1,2828,True,A,B,2,0,B
1,2829,True,A,B,0,1,A
1,2830,False,,,,,
1,2831,True,B,A,10,1,B
1,2832,False,,,,,
1,2833,True,A,B,10,1,B
1,2834,True,B,A,0,1,A
1,2835,True,B,A,4,1,A
1,2836,True,B,A,1,2,A
1,2837,True,B,A,1,2,A
1,2838,True,A,B,1,1,A
1,2839,True,A,B,6,1,B
1,2840,True,A,B,2,1,A
1,2841,True,A,B,10,1,B
1,2842,True,A,B,4,1,B
1,2843,True,B,A,1,2,A
1,2844,False,,,,,
1,2845,True,B,A,1,2,A
1,2846,True,B,A,1,2,A
1,2847,True,A,B,4,1,B
1,2848,True,B,A,3,1,B
1,2849,True,B,A,3,1,B
1,2850,True,B,A,2,0,B
1,2851,True,B,A,1,1,A
1,2852,True,B,A,3,1,B
1,2853,True,A,B,3,1,B
1,2854,True,A,B,6,1,B
1,2855,True,A,B,10,1,B
1,2856,True,B,A,3,1,B
1,2857,True,A,B,3,1,B
1,2858,True,B,A,2,1,A
1,2859,True,A,B,6,1,B
1,2860,True,A,B,6,1,B
1,2861,True,A,B,3,1,B
1,2862,True,A,B,3,1,B
1,2863,True,A,B,4,1,B
1,2864,True,A,B,3,1,B
1,2865,True,B,A,1,2,A
1,2866,True,A,B,2,1,B
1,2867,True,B,A,4,1,B
1,2868,True,B,A,6,1,B
1,2869,False,,,,,
1,2870,True,B,A,0,1,A
1,2871,True,B,A,2,1,B
1,2872,True,B,A,3,1,B
1,2873,True,A,B,1,1,A
1,2874,True,B,A,0,1,A
1,2875,True,A,B,0,1,A
1,2876,True,B,A,0,1,A
1,2877,True,B,A,2,0,B
1,2878,True,B,A,4,1,B
1,2879,True,A,B,2,1,A
1,2880,True,B,A,2,1,B
1,2881,True,A,B,6,1,B
1,2882,True,B,A,10,1,B
1,2883,True,B,A,3,1,B
1,2884,True,A,B,3,1,B
1,2885,True,A,B,2,0,B
1,2886,True,A,B,2,0,B
1,2887,True,B,A,2,0,B
1,2888,True,A,B,1,2,A
1,2889,True,B,A,1,2,A
1,2890,True,B,A,2,0,B
1,2891,True,A,B,1,2,A
1,2892,True,B,A,2,0,B
1,2893,True,B,A,2,1,B
1,2894,True,A,B,10,1,B
1,2895,True,A,B,1,2,A
1,2896,True,A,B,10,1,B
1,2897,True,B,A,2,0,B
1,2898,True,B,A,0,1,A
1,2899,True,B,A,6,1,B
1,2900,True,A,B,6,1,B
1,2901,True,A,B,2,0,B
1,2902,True,B,A,1,2,A
1,2903,True,B,A,3,1,B
1,2904,True,B,A,2,0,B
1,2905,True,A,B,1,2,A
1,2906,True,B,A,1,2,A
1,2907,True,B,A,6,1,B
1,2908,True,A,B,1,2,B
1,2909,True,B,A,1,2,A
1,2910,True,B,A,10,1,B
1,2911,True,B,A,1,1,A
1,2912,False,,,,,
1,2913,True,B,A,6,1,B
1,2914,True,B,A,6,1,B
1,2915,True,B,A,0,1,A
1,2916,True,A,B,2,0,B
1,2917,True,A,B,1,2,A
1,2918,True,B,A,6,1,B
1,2919,True,A,B,1,2,A
1,2920,True,B,A,2,1,A
1,2921,True,B,A,6,1,B
1,2922,True,B,A,0,1,A
1,2923,False,,,,,
1,2924,True,A,B,10,1,B
1,2925,True,B,A,1,1,A
1,2926,True,A,B,2,1,A
1,2927,True,B,A,3,1,B
1,2928,False,,,,,
1,2929,True,A,B,6,1,B
1,2930,True,A,B,10,1,B
1,2931,True,A,B,3,1,A
1,2932,True,A,B,3,1,B
1,2933,False,,,,,
1,2934,True,B,A,3,1,B
1,2935,True,A,B,10,1,B
1,2936,True,A,B,1,1,A
1,2937,True,B,A,10,1,B
1,2938,True,B,A,10,1,B
1,2939,True,A,B,6,1,B
1,2940,True,A,B,3,1,B
1,2941,True,A,B,4,1,B
1,2942,True,A,B,4,1,B
1,2943,True,A,B,2,1,A
1,2944,True,A,B,1,2,A
1,2945,True,A,B,1,2,A
1,2946,True,A,B,3,1,A
1,2947,True,B,A,10,1,B
1,2948,False,,,,,
1,2949,True,B,A,2,0,B
1,2950,True,B,A,2,1,B
1,2951,False,,,,,
1,2952,True,A,B,6,1,B
1,2953,True,B,A,2,1,B
1,2954,True,A,B,2,0,B
1,2955,True,B,A,6,1,B
1,2956,True,B,A,2,0,B
1,2957,True,A,B,1,1,B
1,2958,True,B,A,1,1,A
1,2959,True,A,B,1,2,A
1,2960,True,B,A,1,1,B
1,2961,True,B,A,10,1,B
1,2962,True,B,A,2,0,B
1,2963,True,A,B,3,1,B
1,2964,True,A,B,3,1,B
1,2965,False,,,,,
1,2966,True,B,A,2,1,B
1,2967,True,A,B,3,1,B
1,2968,True,A,B,1,1,A
1,2969,True,A,B,10,1,B
1,2970,True,B,A,1,1,A
1,2971,True,A,B,3,1,A
1,2972,True,A,B,6,1,B
1,2973,True,B,A,10,1,B
1,2974,True,A,B,1,1,A
1,2975,True,B,A,10,1,B
1,2976,True,B,A,3,1,B
1,2977,True,B,A,1,1,A
1,2978,True,B,A,2,0,B
1,2979,True,B,A,1,2,A
1,2980,True,B,A,2,1,B
1,2981,True,B,A,1,2,A
1,2982,True,B,A,2,1,B
1,2983,True,A,B,4,1,B
1,2984,True,B,A,0,1,A
1,2985,True,B,A,2,0,B
1,2986,True,A,B,6,1,B
1,2987,True,A,B,0,1,A
1,2988,True,A,B,1,1,A
1,2989,True,B,A,1,2,A
1,2990,True,A,B,4,1,B
1,2991,False,,,,,
1,2992,True,A,B,6,1,B
1,2993,True,A,B,10,1,B
1,2994,True,A,B,2,0,B
1,2995,True,B,A,10,1,B
1,2996,True,A,B,4,1,B
1,2997,True,A,B,1,2,A
1,2998,True,A,B,1,2,A
1,2999,True,B,A,1,1,A
1,3000,True,A,B,2,1,B
1,3001,True,B,A,1,2,A
1,3002,True,A,B,2,1,B
1,3003,True,A,B,2,1,B
1,3004,True,A,B,10,1,B
1,3005,True,A,B,6,1,B
1,3006,True,B,A,1,1,A
1,3007,True,B,A,4,1,A
1,3008,True,B,A,1,2,A
1,3009,True,A,B,4,1,B
1,3010,True,A,B,6,1,B
1,3011,True,B,A,2,1,A
1,3012,True,A,B,0,1,A
1,3013,True,B,A,10,1,B
1,3014,True,A,B,1,2,A
1,3015,True,A,B,2,1,B
1,3016,True,A,B,2,1,A
1,3017,True,A,B,2,0,B
1,3018,True,B,A,2,0,B
1,3019,False,,,,,
1,3020,True,A,B,10,1,B
1,3021,True,A,B,1,2,A
1,3022,True,A,B,6,1,B
1,3023,True,A,B,10,1,B
1,3024,True,A,B,2,1,A
1,3025,True,A,B,4,1,B
1,3026,True,A,B,2,0,B
1,3027,True,A,B,6,1,B
1,3028,True,A,B,3,1,B
1,3029,True,B,A,2,0,B
1,3030,True,A,B,3,1,B
1,3031,True,A,B,1,2,A
1,3032,True,A,B,4,1,B
1,3033,True,B,A,2,0,B
1,3034,True,A,B,1,1,A
1,3035,True,B,A,4,1,B
1,3036,True,B,A,0,1,A
1,3037,True,A,B,0,1,A
1,3038,True,B,A,10,1,B
1,3039,True,A,B,2,1,A
1,3040,True,B,A,1,2,A
1,3041,True,B,A,6,1,B
1,3042,True,B,A,2,0,B
1,3043,True,A,B,10,1,B
1,3044,True,A,B,2,1,B
1,3045,True,A,B,3,1,B
1,3046,True,B,A,0,1,A
1,3047,True,A,B,6,1,B
1,3048,True,A,B,2,1,A
1,3049,True,B,A,3,1,B
1,3050,True,A,B,10,1,B
1,3051,True,A,B,10,1,B
1,3052,True,A,B,6,1,B
1,3053,True,B,A,6,1,B
1,3054,True,A,B,0,1,A
1,3055,True,B,A,4,1,A
1,3056,True,A,B,2,1,A
1,3057,True,B,A,2,0,B
1,3058,True,B,A,10,1,B
1,3059,True,A,B,2,0,B
1,3060,True,A,B,1,2,A
1,3061,True,B,A,3,1,B
1,3062,True,B,A,2,1,B
1,3063,True,A,B,3,1,B
1,3064,True,B,A,2,0,B
1,3065,True,B,A,1,2,B
1,3066,True,B,A,6,1,B
1,3067,True,B,A,10,1,B
1,3068,True,B,A,2,1,A
1,3069,True,A,B,1,1,A
1,3070,True,B,A,10,1,B
1,3071,True,A,B,1,2,A
1,3072,True,A,B,6,1,B
1,3073,True,B,A,3,1,B
1,3074,True,A,B,10,1,B
1,3075,True,B,A,6,1,B
1,3076,True,A,B,0,1,A
1,3077,True,A,B,10,1,B
1,3078,True,B,A,3,1,B
1,3079,True,B,A,1,2,A
1,3080,True,A,B,6,1,B
1,3081,True,A,B,0,1,A
1,3082,True,A,B,4,1,B
1,3083,True,A,B,1,1,A
1,3084,True,B,A,1,2,A
1,3085,True,A,B,0,1,A
1,3086,True,B,A,3,1,B
1,3087,True,A,B,1,1,A
1,3088,True,A,B,4,1,B
1,3089,True,A,B,1,2,A
1,3090,True,B,A,10,1,B
1,3091,True,A,B,3,1,B
1,3092,True,A,B,2,1,A
1,3093,True,A,B,4,1,B
1,3094,True,A,B,2,1,A
1,3095,True,B,A,1,2,A
1,3096,True,B,A,3,1,B
1,3097,True,A,B,0,1,A
1,3098,True,B,A,6,1,B
1,3099,True,B,A,6,1,B
1,3100,True,A,B,4,1,B
1,3101,True,B,A,1,1,B
1,3102,True,B,A,3,1,B
1,3103,True,B,A,1,1,A
1,3104,True,B,A,2,1,B
1,3105,True,B,A,10,1,B
1,3106,True,A,B,10,1,B
1,3107,False,,,,,
1,3108,True,A,B,3,1,B
1,3109,True,B,A,6,1,B
1,3110,True,B,A,3,1,B
1,3111,True,A,B,4,1,B
1,3112,True,A,B,2,1,B
1,3113,True,A,B,6,1,B
1,3114,True,A,B,3,1,B
1,3115,True,A,B,1,1,A
1,3116,True,A,B,4,1,B
1,3117,True,A,B,10,1,B
1,3118,True,B,A,0,1,A
1,3119,True,A,B,2,1,A
1,3120,True,A,B,4,1,B
1,3121,True,A,B,1,1,A
1,3122,True,A,B,2,1,A
1,3123,True,A,B,0,1,A
1,3124,True,A,B,6,1,B
1,3125,True,B,A,0,1,A
1,3126,True,A,B,2,0,B
1,3127,True,A,B,1,2,A
1,3128,True,B,A,6,1,B
1,3129,True,A,B,0,1,A
1,3130,True,B,A,3,1,A
1,3131,True,B,A,0,1,A
1,3132,True,B,A,4,1,A
1,3133,True,B,A,10,1,B
1,3134,True,B,A,10,1,B
1,3135,True,B,A,1,1,A
1,3136,True,B,A,0,1,A
1,3137,True,B,A,3,1,B
1,3138,True,A,B,0,1,A
1,3139,True,B,A,1,1,B
1,3140,True,B,A,2,1,B
1,3141,True,B,A,2,0,B
1,3142,True,B,A,1,1,B
1,3143,False,,,,,
1,3144,True,A,B,1,1,A
1,3145,True,B,A,10,1,B
1,3146,True,A,B,2,1,A
1,3147,True,A,B,6,1,B
1,3148,False,,,,,
1,3149,False,,,,,
1,3150,True,A,B,2,1,A
1,3151,True,B,A,4,1,B
1,3152,True,A,B,1,2,A
1,3153,True,B,A,4,1,B
1,3154,True,A,B,1,2,A
1,3155,True,A,B,4,1,B
1,3156,True,B,A,0,1,A
1,3157,True,B,A,3,1,A
1,3158,True,B,A,3,1,B
1,3159,True,A,B,1,1,A
1,3160,True,A,B,0,1,A
1,3161,True,A,B,6,1,B
1,3162,True,A,B,2,1,B
1,3163,True,B,A,1,2,B
1,3164,True,A,B,6,1,B
1,3165,False,,,,,
1,3166,True,B,A,2,0,B
1,3167,True,B,A,1,1,B
1,3168,True,B,A,2,1,A
1,3169,True,B,A,4,1,B
1,3170,True,A,B,1,2,A
1,3171,True,A,B,10,1,B
1,3172,True,A,B,2,0,B
1,3173,True,B,A,4,1,B
1,3174,True,A,B,1,2,A
1,3175,True,B,A,3,1,B
1,3176,True,A,B,4,1,B
1,3177,True,B,A,1,1,A
1,3178,True,B,A,10,1,B
1,3179,True,A,B,1,1,A
1,3180,True,B,A,2,0,B
1,3181,True,A,B,1,2,A
1,3182,True,A,B,6,1,B
1,3183,True,B,A,2,0,B
1,3184,True,A,B,6,1,B
1,3185,True,B,A,2,0,B
1,3186,True,A,B,10,1,B
1,3187,True,B,A,2,0,B
1,3188,True,B,A,3,1,A
1,3189,True,B,A,10,1,B
1,3190,True,A,B,2,1,A
1,3191,True,A,B,1,1,A
1,3192,True,A,B,3,1,B
1,3193,True,A,B,10,1,B
1,3194,True,B,A,1,1,B
1,3195,True,A,B,3,1,B
1,3196,True,B,A,1,1,A
1,3197,True,A,B,1,1,A
1,3198,True,A,B,1,1,A
1,3199,True,A,B,6,1,B
1,3200,True,A,B,2,1,B
1,3201,True,B,A,3,1,B
1,3202,True,B,A,1,1,B
1,3203,True,A,B,6,1,B
1,3204,True,B,A,0,1,A
1,3205,True,A,B,1,1,A
1,3206,False,,,,,
1,3207,True,A,B,2,1,B
1,3208,True,A,B,6,1,B
1,3209,True,A,B,2,0,B
1,3210,True,A,B,1,1,A
1,3211,False,,,,,
1,3212,True,B,A,6,1,B
1,3213,True,A,B,4,1,B
1,3214,True,B,A,2,1,A
1,3215,True,B,A,2,0,B
1,3216,True,B,A,1,2,A
1,3217,True,B,A,0,1,A
1,3218,True,B,A,2,0,B
1,3219,True,A,B,3,1,B
1,3220,True,A,B,1,2,A
1,3221,True,B,A,4,1,B
1,3222,True,A,B,2,0,B
1,3223,True,B,A,3,1,B
1,3224,True,A,B,0,1,A
1,3225,True,B,A,4,1,B
1,3226,True,B,A,2,1,B
1,3227,True,B,A,10,1,B
1,3228,True,B,A,1,2,A
1,3229,True,A,B,6,1,B
1,3230,True,B,A,10,1,B
1,3231,True,A,B,6,1,B
1,3232,True,B,A,6,1,B
1,3233,True,A,B,10,1,B
1,3234,True,A,B,2,0,B
1,3235,True,B,A,6,1,B
1,3236,True,A,B,2,1,A
1,3237,True,A,B,0,1,A
1,3238,True,A,B,10,1,B
1,3239,True,B,A,4,1,B
1,3240,True,A,B,3,1,B
1,3241,True,A,B,4,1,B
1,3242,True,B,A,0,1,A
1,3243,True,B,A,6,1,B
1,3244,True,B,A,3,1,A
1,3245,True,B,A,1,2,A
1,3246,True,A,B,3,1,B
1,3247,True,B,A,1,1,A
1,3248,True,A,B,4,1,B
1,3249,True,B,A,0,1,A
1,3250,True,A,B,2,0,B
1,3251,True,A,B,2,1,B
1,3252,True,A,B,2,1,A
1,3253,True,A,B,2,1,A
1,3254,True,A,B,0,1,A
1,3255,True,B,A,4,1,B
1,3256,True,A,B,0,1,A
1,3257,True,B,A,2,1,A
1,3258,True,A,B,0,1,A
1,3259,True,A,B,0,1,A
1,3260,True,A,B,4,1,B
1,3261,True,A,B,6,1,B
1,3262,True,A,B,4,1,B
1,3263,True,B,A,3,1,B
1,3264,True,A,B,3,1,B
1,3265,True,B,A,3,1,B
1,3266,True,B,A,2,1,B
1,3267,True,A,B,1,2,A
1,3268,True,B,A,1,1,B
1,3269,True,B,A,3,1,B
1,3270,True,B,A,2,0,B
1,3271,True,B,A,0,1,A
1,3272,True,A,B,1,2,A
1,3273,True,B,A,4,1,B
1,3274,True,B,A,2,0,B
1,3275,True,A,B,3,1,B
1,3276,True,B,A,6,1,B
1,3277,True,B,A,1,1,B
1,3278,True,A,B,2,0,B
1,3279,True,A,B,1,1,B
1,3280,True,A,B,3,1,B
1,3281,True,B,A,6,1,B
1,3282,True,B,A,2,0,B
1,3283,True,B,A,3,1,B
1,3284,True,B,A,10,1,B
1,3285,True,A,B,10,1,B
1,3286,True,B,A,0,1,A
1,3287,True,A,B,3,1,B
1,3288,True,A,B,1,2,A
1,3289,True,A,B,2,1,A
1,3290,True,B,A,10,1,B
1,3291,True,B,A,3,1,B
1,3292,True,A,B,3,1,B
1,3293,True,A,B,1,1,A
1,3294,True,B,A,4,1,B
1,3295,True,A,B,4,1,B
1,3296,True,A,B,0,1,A
1,3297,True,A,B,1,1,A
1,3298,True,B,A,10,1,B
1,3299,True,A,B,6,1,B
1,3300,True,A,B,1,1,A
1,3301,True,A,B,3,1,B
1,3302,True,A,B,10,1,B
1,3303,True,A,B,2,1,A
1,3304,True,A,B,1,1,A
1,3305,True,B,A,1,1,B
1,3306,True,A,B,1,1,B
1,3307,True,B,A,0,1,A
1,3308,True,B,A,0,1,A
1,3309,True,B,A,10,1,B
1,3310,True,A,B,0,1,A
1,3311,True,B,A,1,1,A
1,3312,True,B,A,3,1,B
1,3313,True,A,B,0,1,A
1,3314,True,A,B,1,1,A
1,3315,True,A,B,3,1,B
1,3316,True,A,B,3,1,B
1,3317,True,A,B,0,1,A
1,3318,True,A,B,10,1,B
1,3319,True,A,B,3,1,B
1,3320,False,,,,,
1,3321,True,A,B,4,1,B
1,3322,True,A,B,2,1,B
1,3323,True,A,B,4,1,B
1,3324,True,B,A,4,1,B
1,3325,True,A,B,1,2,A
1,3326,True,B,A,2,0,B
1,3327,True,A,B,0,1,A
1,3328,True,B,A,3,1,A
1,3329,True,A,B,0,1,A
1,3330,True,B,A,2,0,B
1,3331,True,A,B,4,1,B
1,3332,False,,,,,
1,3333,True,B,A,10,1,B
1,3334,True,B,A,4,1,B
1,3335,True,B,A,1,2,A
1,3336,True,A,B,1,2,A
1,3337,True,A,B,4,1,B
1,3338,True,A,B,0,1,A
1,3339,True,A,B,4,1,B
1,3340,True,A,B,6,1,B
1,3341,True,B,A,0,1,A
1,3342,True,A,B,6,1,B
1,3343,True,B,A,4,1,B
1,3344,True,A,B,1,2,A
1,3345,True,B,A,1,1,B
1,3346,True,B,A,6,1,B
1,3347,True,B,A,1,1,B
1,3348,True,A,B,6,1,B
1,3349,True,B,A,2,1,B
1,3350,True,A,B,2,0,B
1,3351,True,A,B,2,1,A
1,3352,True,A,B,1,2,A
1,3353,True,A,B,1,2,A
1,3354,True,A,B,10,1,B
1,3355,True,B,A,0,1,A
1,3356,True,B,A,3,1,B
1,3357,True,B,A,2,1,B
1,3358,True,B,A,1,2,A
1,3359,True,A,B,2,1,B
1,3360,True,A,B,2,1,B
1,3361,True,A,B,1,1,A
1,3362,True,B,A,10,1,B
1,3363,True,B,A,4,1,B
1,3364,True,A,B,2,1,A
1,3365,True,B,A,1,2,A
1,3366,True,B,A,4,1,B
1,3367,True,B,A,1,2,A
1,3368,True,B,A,2,0,B
1,3369,True,A,B,2,1,A
1,3370,True,B,A,4,1,B
1,3371,False,,,,,
1,3372,True,A,B,2,1,B
1,3373,True,B,A,4,1,B
1,3374,True,B,A,10,1,B
1,3375,True,B,A,1,2,A
1,3376,True,A,B,2,1,A
1,3377,True,B,A,1,2,A
1,3378,True,B,A,3,1,B
1,3379,True,A,B,0,1,A
1,3380,True,B,A,1,2,A
1,3381,True,B,A,1,1,B
1,3382,True,B,A,4,1,B
1,3383,True,A,B,3,1,B
1,3384,True,A,B,10,1,B
1,3385,True,B,A,1,1,B
1,3386,True,A,B,0,1,A
1,3387,True,A,B,2,1,A
1,3388,True,A,B,4,1,B
1,3389,True,A,B,6,1,B
1,3390,True,B,A,2,0,B
1,3391,True,B,A,4,1,B
1,3392,True,B,A,10,1,B
1,3393,True,B,A,2,0,B
1,3394,True,B,A,2,1,B
1,3395,True,A,B,2,0,B
1,3396,True,B,A,2,0,B
1,3397,True,A,B,10,1,B
1,3398,True,B,A,6,1,B
1,3399,True,A,B,0,1,A
1,3400,True,A,B,10,1,B
1,3401,True,A,B,6,1,B
1,3402,True,A,B,1,1,A
1,3403,True,A,B,2,0,B
1,3404,True,A,B,6,1,B
1,3405,True,A,B,2,0,B
1,3406,True,B,A,4,1,B
1,3407,True,B,A,1,1,A
1,3408,True,B,A,3,1,A
1,3409,True,A,B,4,1,B
1,3410,True,A,B,3,1,B
1,3411,True,B,A,2,0,B
1,3412,True,B,A,1,1,A
1,3413,True,A,B,10,1,B
1,3414,True,A,B,3,1,B
1,3415,True,A,B,1,2,A
1,3416,True,A,B,1,2,A
1,3417,True,B,A,1,1,B
1,3418,True,B,A,10,1,B
1,3419,True,B,A,2,1,A
1,3420,True,A,B,6,1,B
1,3421,True,A,B,0,1,A
1,3422,True,B,A,10,1,B
1,3423,True,A,B,1,1,A
1,3424,True,A,B,2,1,A
1,3425,True,A,B,2,1,B
1,3426,True,A,B,0,1,A
1,3427,True,B,A,0,1,A
1,3428,True,B,A,4,1,B
1,3429,True,B,A,4,1,B
1,3430,True,A,B,4,1,B
1,3431,True,B,A,2,0,B
1,3432,True,B,A,0,1,A
1,3433,False,,,,,
1,3434,True,A,B,1,2,A
1,3435,True,A,B,0,1,A
1,3436,True,B,A,1,2,A
1,3437,True,A,B,6,1,B
1,3438,True,B,A,1,2,A
1,3439,True,B,A,2,0,B
1,3440,True,B,A,0,1,A
1,3441,True,B,A,2,1,A
1,3442,True,A,B,2,0,B
1,3443,True,A,B,3,1,B
1,3444,True,B,A,1,2,A
1,3445,True,B,A,4,1,B
1,3446,True,B,A,0,1,A
1,3447,True,B,A,1,1,A
1,3448,True,A,B,0,1,A
1,3449,True,A,B,10,1,B
1,3450,True,A,B,6,1,B
1,3451,True,A,B,2,0,B
1,3452,False,,,,,
1,3453,True,A,B,10,1,B
1,3454,True,A,B,0,1,A
1,3455,True,A,B,1,1,A
1,3456,True,A,B,0,1,A
1,3457,True,A,B,2,0,B
1,3458,True,A,B,6,1,B
1,3459,True,A,B,10,1,B
1,3460,True,B,A,4,1,B
1,3461,True,A,B,2,1,A
1,3462,True,A,B,1,2,A
1,3463,True,A,B,1,1,A
1,3464,True,B,A,1,2,A
1,3465,True,A,B,2,1,A
1,3466,True,A,B,1,2,A
1,3467,True,B,A,3,1,B
1,3468,True,B,A,2,1,A
1,3469,True,A,B,1,1,A
1,3470,True,A,B,6,1,B
1,3471,True,A,B,4,1,B
1,3472,True,A,B,0,1,A
1,3473,True,A,B,3,1,B
1,3474,True,A,B,2,0,B
1,3475,True,B,A,6,1,B
1,3476,True,A,B,1,2,A
1,3477,True,B,A,4,1,B
1,3478,True,B,A,1,1,A
1,3479,True,B,A,3,1,A
1,3480,True,B,A,2,0,B
1,3481,True,B,A,2,0,B
1,3482,True,B,A,1,2,A
1,3483,True,A,B,1,2,A
1,3484,True,A,B,3,1,B
1,3485,True,B,A,6,1,B
1,3486,True,B,A,4,1,B
1,3487,True,A,B,1,1,A
1,3488,True,B,A,2,0,B
1,3489,True,B,A,2,1,B
1,3490,True,B,A,6,1,B
1,3491,True,B,A,3,1,B
1,3492,True,A,B,0,1,A
1,3493,True,A,B,1,2,A
1,3494,True,B,A,1,2,A
1,3495,True,B,A,4,1,B
1,3496,True,B,A,1,2,A
1,3497,True,B,A,6,1,B
1,3498,True,A,B,1,1,A
1,3499,True,B,A,2,0,B
1,3500,True,A,B,10,1,B
1,3501,True,B,A,1,2,A
1,3502,True,B,A,1,2,A
1,3503,True,A,B,2,0,B
1,3504,True,A,B,10,1,B
1,3505,True,A,B,10,1,B
1,3506,True,B,A,0,1,A
1,3507,True,A,B,0,1,A
1,3508,True,A,B,6,1,B
1,3509,True,B,A,3,1,B
1,3510,True,A,B,4,1,B
1,3511,True,A,B,1,2,A
1,3512,True,A,B,0,1,A
1,3513,True,A,B,4,1,B
1,3514,True,B,A,3,1,B
1,3515,True,A,B,1,1,A
1,3516,True,A,B,6,1,B
1,3517,True,A,B,1,1,A
1,3518,True,A,B,10,1,B
1,3519,True,A,B,3,1,B
1,3520,True,B,A,1,1,A
1,3521,True,B,A,2,0,B
1,3522,True,B,A,2,1,B
1,3523,True,A,B,1,1,A
1,3524,True,B,A,0,1,A
1,3525,True,A,B,1,1,A
1,3526,True,A,B,6,1,B
1,3527,True,A,B,4,1,B
1,3528,True,B,A,1,1,B
1,3529,True,B,A,2,1,B
1,3530,True,A,B,2,0,B
1,3531,True,B,A,1,1,A
1,3532,True,A,B,3,1,B
1,3533,True,B,A,4,1,B
1,3534,True,A,B,2,0,B
1,3535,True,B,A,1,1,A
1,3536,False,,,,,
1,3537,True,B,A,6,1,B
1,3538,True,A,B,0,1,A
1,3539,True,A,B,0,1,A
1,3540,True,A,B,0,1,A
1,3541,True,A,B,4,1,B
1,3542,True,A,B,10,1,B
1,3543,True,A,B,0,1,A
1,3544,True,A,B,3,1,B
1,3545,True,A,B,2,0,B
1,3546,True,A,B,2,1,B
1,3547,True,A,B,4,1,B
1,3548,True,A,B,1,1,A
1,3549,True,A,B,4,1,B
1,3550,True,A,B,2,0,B
1,3551,True,B,A,10,1,B
1,3552,True,A,B,2,0,B
1,3553,True,B,A,1,2,A
1,3554,True,A,B,10,1,B
1,3555,True,B,A,4,1,B
1,3556,True,B,A,6,1,B
1,3557,True,A,B,1,2,A
1,3558,True,A,B,10,1,B
1,3559,True,B,A,1,1,A
1,3560,True,A,B,6,1,B
1,3561,False,,,,,
1,3562,True,B,A,0,1,A
1,3563,True,A,B,3,1,B
1,3564,True,B,A,3,1,A
1,3565,True,A,B,10,1,B
1,3566,True,B,A,0,1,A
1,3567,True,A,B,0,1,A
1,3568,True,B,A,6,1,B
1,3569,True,A,B,2,1,A
1,3570,True,A,B,6,1,B
1,3571,True,A,B,3,1,A
1,3572,True,A,B,0,1,A
1,3573,False,,,,,
1,3574,True,B,A,3,1,B
1,3575,True,B,A,0,1,A
1,3576,True,A,B,6,1,B
1,3577,True,A,B,10,1,B
1,3578,True,A,B,1,1,A
1,3579,True,B,A,0,1,A
1,3580,True,A,B,6,1,B
1,3581,True,A,B,0,1,A
1,3582,True,B,A,10,1,B
1,3583,True,A,B,1,2,A
1,3584,True,B,A,3,1,B
1,3585,True,A,B,0,1,A
1,3586,True,A,B,2,0,B
1,3587,True,B,A,1,2,A
1,3588,True,A,B,4,1,B
1,3589,True,B,A,2,0,B
1,3590,True,A,B,10,1,B
1,3591,True,B,A,3,1,B
1,3592,True,B,A,10,1,B
1,3593,True,A,B,3,1,B
1,3594,True,A,B,1,1,A
1,3595,True,A,B,1,2,A
1,3596,True,B,A,1,2,A
1,3597,True,A,B,3,1,B
1,3598,True,A,B,3,1,B
1,3599,True,A,B,1,1,A
1,3600,True,B,A,1,2,A
1,3601,True,B,A,1,2,A
1,3602,True,B,A,2,0,B
1,3603,True,A,B,10,1,B
1,3604,True,B,A,1,2,A
1,3605,True,A,B,10,1,B
1,3606,True,B,A,3,1,B
1,3607,True,B,A,10,1,B
1,3608,True,B,A,6,1,B
1,3609,True,B,A,1,2,A
1,3610,True,B,A,4,1,B
1,3611,True,A,B,1,2,A
1,3612,True,A,B,10,1,B
1,3613,True,B,A,0,1,A
1,3614,True,A,B,6,1,B
1,3615,True,B,A,0,1,A
1,3616,True,A,B,2,0,B
1,3617,True,A,B,10,1,B
1,3618,True,A,B,10,1,B
1,3619,True,B,A,6,1,B
1,3620,True,A,B,2,0,B
1,3621,True,A,B,6,1,B
1,3622,True,B,A,10,1,B
1,3623,True,B,A,6,1,B
1,3624,False,,,,,
1,3625,True,A,B,1,1,A
1,3626,True,B,A,2,0,B
1,3627,True,A,B,3,1,B
1,3628,True,A,B,10,1,B
1,3629,True,A,B,4,1,B
1,3630,True,A,B,1,1,A
1,3631,False,,,,,
1,3632,True,B,A,0,1,A
1,3633,True,A,B,3,1,B
1,3634,True,B,A,1,1,A
1,3635,True,B,A,3,1,B
1,3636,True,B,A,3,1,B
1,3637,True,B,A,3,1,B
1,3638,False,,,,,
1,3639,True,A,B,2,0,B
1,3640,True,A,B,1,1,A
1,3641,True,B,A,1,2,A
1,3642,True,A,B,0,1,A
1,3643,True,A,B,2,0,B
1,3644,False,,,,,
1,3645,True,A,B,2,0,B
1,3646,True,A,B,1,1,B
1,3647,True,B,A,6,1,B
1,3648,True,A,B,0,1,A
1,3649,False,,,,,
1,3650,True,B,A,1,1,A
1,3651,True,A,B,4,1,B
1,3652,True,A,B,0,1,A
1,3653,True,B,A,1,1,A
1,3654,True,B,A,2,1,A
1,3655,True,A,B,10,1,B
1,3656,True,B,A,3,1,B
1,3657,True,B,A,2,1,B
1,3658,True,A,B,1,2,A
1,3659,True,A,B,10,1,B
1,3660,True,A,B,6,1,B
1,3661,True,A,B,0,1,A
1,3662,True,A,B,0,1,A
1,3663,False,,,,,
1,3664,True,A,B,10,1,B
1,3665,True,B,A,0,1,A
1,3666,True,B,A,3,1,B
1,3667,True,B,A,3,1,B
1,3668,True,B,A,10,1,B
1,3669,True,A,B,1,2,A
1,3670,True,B,A,6,1,B
1,3671,True,B,A,2,1,A
1,3672,False,,,,,
1,3673,True,A,B,1,2,A
1,3674,True,B,A,2,1,B
1,3675,True,A,B,4,1,B
1,3676,True,B,A,1,1,A
1,3677,True,A,B,4,1,B
1,3678,True,B,A,1,1,A
1,3679,True,A,B,1,2,A
1,3680,True,A,B,3,1,B
1,3681,True,A,B,1,2,A
1,3682,True,A,B,4,1,B
1,3683,True,B,A,2,1,B
1,3684,True,B,A,1,2,A
1,3685,True,B,A,10,1,B
1,3686,True,B,A,3,1,A
1,3687,False,,,,,
1,3688,True,A,B,2,0,B
1,3689,True,A,B,1,1,A
1,3690,True,A,B,0,1,A
1,3691,True,A,B,2,1,A
1,3692,True,A,B,6,1,B
1,3693,True,B,A,1,1,A
1,3694,True,A,B,6,1,B
1,3695,True,A,B,2,1,B
1,3696,True,A,B,2,1,B
1,3697,True,A,B,4,1,B
1,3698,True,A,B,4,1,B
1,3699,True,A,B,3,1,B
1,3700,True,B,A,6,1,B
1,3701,True,B,A,0,1,A
1,3702,True,B,A,2,1,B
1,3703,True,A,B,10,1,B
1,3704,True,A,B,6,1,B
1,3705,True,B,A,2,1,B
1,3706,True,B,A,4,1,B
1,3707,True,A,B,10,1,B
1,3708,True,B,A,6,1,B
1,3709,True,A,B,10,1,B
1,3710,True,B,A,10,1,B
1,3711,True,B,A,0,1,A
1,3712,True,B,A,6,1,B
1,3713,True,B,A,10,1,B
1,3714,True,B,A,0,1,A
1,3715,True,B,A,2,1,B
1,3716,True,A,B,3,1,B
1,3717,True,A,B,10,1,B
1,3718,True,A,B,3,1,B
1,3719,False,,,,,
1,3720,True,B,A,6,1,B
1,3721,True,A,B,2,1,A
1,3722,True,B,A,0,1,A
1,3723,True,B,A,3,1,B
1,3724,True,B,A,1,2,A
1,3725,True,B,A,0,1,A
1,3726,True,A,B,2,1,A
1,3727,True,B,A,2,1,A
1,3728,True,B,A,4,1,B
1,3729,True,B,A,10,1,B
1,3730,True,B,A,3,1,B
1,3731,True,A,B,6,1,B
1,3732,True,B,A,10,1,B
1,3733,True,A,B,2,1,B
1,3734,True,B,A,10,1,B
1,3735,True,A,B,6,1,B
1,3736,True,A,B,0,1,A
1,3737,True,A,B,4,1,B
1,3738,True,A,B,1,2,A
1,3739,True,A,B,10,1,B
1,3740,True,A,B,0,1,A
1,3741,True,A,B,4,1,B
1,3742,True,A,B,2,0,B
1,3743,True,B,A,2,1,B
1,3744,True,A,B,6,1,B
1,3745,True,A,B,1,1,A
1,3746,True,B,A,0,1,A
1,3747,True,A,B,0,1,A
1,3748,True,A,B,2,0,B
1,3749,True,A,B,1,1,A
1,3750,True,B,A,1,1,A
1,3751,True,A,B,6,1,B
1,3752,True,A,B,0,1,A
1,3753,True,B,A,2,0,B
1,3754,True,A,B,2,1,A
1,3755,True,A,B,10,1,B
1,3756,True,B,A,1,2,A
1,3757,True,A,B,3,1,B
1,3758,True,A,B,6,1,B
1,3759,True,B,A,2,0,B
1,3760,True,A,B,1,1,A
1,3761,True,B,A,1,2,A
1,3762,True,B,A,3,1,B
1,3763,True,A,B,2,0,B
1,3764,True,A,B,0,1,A
1,3765,True,B,A,2,1,B
1,3766,True,A,B,2,1,A
1,3767,True,A,B,10,1,B
1,3768,True,B,A,6,1,B
1,3769,True,B,A,1,2,A
1,3770,True,B,A,1,2,A
1,3771,True,B,A,3,1,A
1,3772,True,B,A,0,1,A
1,3773,True,A,B,4,1,B
1,3774,False,,,,,
1,3775,False,,,,,
1,3776,True,A,B,0,1,A
1,3777,True,B,A,1,2,A
1,3778,True,A,B,0,1,A
1,3779,True,B,A,4,1,B
1,3780,True,A,B,1,2,A
1,3781,True,B,A,3,1,A
1,3782,True,A,B,2,1,B
1,3783,True,A,B,10,1,B
1,3784,True,A,B,6,1,B
1,3785,True,B,A,0,1,A
1,3786,True,A,B,4,1,B
1,3787,True,B,A,3,1,A
1,3788,True,B,A,0,1,A
1,3789,True,B,A,4,1,B
1,3790,True,B,A,0,1,A
1,3791,True,A,B,3,1,B
1,3792,True,B,A,2,1,A
1,3793,True,A,B,1,1,A
1,3794,True,B,A,6,1,B
1,3795,True,B,A,2,0,B
1,3796,True,B,A,4,1,B
1,3797,True,B,A,1,1,A
1,3798,True,A,B,6,1,B
1,3799,True,A,B,1,2,A
1,3800,True,A,B,1,1,A
1,3801,True,A,B,0,1,A
1,3802,True,A,B,10,1,B
1,3803,True,A,B,1,1,A
1,3804,True,B,A,2,0,B
1,3805,True,A,B,1,1,A
1,3806,True,B,A,1,2,A
1,3807,True,B,A,1,2,A
1,3808,True,A,B,10,1,B
1,3809,True,B,A,6,1,B
1,3810,True,A,B,4,1,B
1,3811,True,A,B,2,1,A
1,3812,True,B,A,4,1,B
1,3813,True,A,B,2,0,B
1,3814,True,A,B,3,1,A
1,3815,True,B,A,2,1,A
1,3816,True,B,A,1,1,A
1,3817,True,B,A,0,1,A
1,3818,True,A,B,2,1,A
1,3819,False,,,,,
1,3820,True,A,B,0,1,A
1,3821,True,B,A,4,1,B
1,3822,True,B,A,2,0,B
1,3823,True,B,A,2,1,A
1,3824,True,A,B,1,2,A
1,3825,True,A,B,1,1,A
1,3826,True,B,A,2,1,B
1,3827,True,B,A,3,1,B
1,3828,True,B,A,1,2,A
1,3829,True,A,B,1,2,A
1,3830,True,B,A,1,1,A
1,3831,True,A,B,6,1,B
1,3832,True,B,A,6,1,B
1,3833,True,B,A,2,0,B
1,3834,True,A,B,6,1,B
1,3835,False,,,,,
1,3836,True,A,B,2,1,A
1,3837,True,B,A,6,1,B
1,3838,True,B,A,6,1,B
1,3839,True,B,A,10,1,B
1,3840,True,B,A,1,1,A
1,3841,True,A,B,6,1,B
1,3842,True,B,A,4,1,B
1,3843,True,B,A,2,0,B
1,3844,True,B,A,0,1,A
1,3845,True,B,A,1,2,A
1,3846,True,B,A,0,1,A
1,3847,True,A,B,4,1,B
1,3848,True,A,B,2,0,B
1,3849,True,B,A,10,1,B
1,3850,True,A,B,6,1,B
1,3851,True,B,A,4,1,B
1,3852,True,A,B,1,1,A
1,3853,True,A,B,4,1,B
1,3854,True,B,A,10,1,B
1,3855,True,A,B,1,2,A
1,3856,True,B,A,0,1,A
1,3857,True,B,A,2,1,B
1,3858,True,B,A,3,1,B
1,3859,True,B,A,3,1,B
1,3860,True,A,B,2,0,B
1,3861,True,A,B,10,1,B
1,3862,True,A,B,0,1,A
1,3863,True,A,B,2,0,B
1,3864,True,A,B,2,1,A
1,3865,True,A,B,10,1,B
1,3866,True,B,A,2,1,A
1,3867,True,A,B,1,2,A
1,3868,True,A,B,3,1,B
1,3869,True,B,A,1,2,A
1,3870,True,A,B,4,1,B
1,3871,True,B,A,6,1,B
1,3872,True,B,A,0,1,A
1,3873,True,B,A,1,2,A
1,3874,True,B,A,2,1,B
1,3875,True,A,B,2,1,A
1,3876,True,B,A,10,1,B
1,3877,True,B,A,3,1,B
1,3878,True,A,B,2,0,B
1,3879,True,B,A,1,1,A
1,3880,True,A,B,2,0,B
1,3881,True,A,B,6,1,B
1,3882,True,B,A,6,1,B
1,3883,True,B,A,2,1,B
1,3884,True,A,B,6,1,B
1,3885,False,,,,,
1,3886,True,B,A,2,1,B
1,3887,True,A,B,1,1,A
1,3888,True,B,A,1,2,A
1,3889,True,A,B,2,1,B
1,3890,True,A,B,3,1,B
1,3891,True,A,B,1,1,A
1,3892,True,B,A,6,1,B
1,3893,True,A,B,1,2,A
1,3894,True,A,B,1,1,B
1,3895,True,B,A,6,1,B
1,3896,True,B,A,2,1,A
1,3897,True,A,B,10,1,B
1,3898,True,A,B,2,1,A
1,3899,True,B,A,2,0,B
1,3900,True,B,A,10,1,B
1,3901,True,B,A,1,1,B
1,3902,True,A,B,0,1,A
1,3903,True,A,B,2,0,B
1,3904,True,A,B,0,1,A
1,3905,True,B,A,2,0,B
1,3906,True,A,B,0,1,A
1,3907,True,B,A,10,1,B
1,3908,True,A,B,2,1,B
1,3909,True,B,A,1,1,A
1,3910,True,A,B,1,1,A
1,3911,True,B,A,2,1,A
1,3912,True,A,B,2,1,B
1,3913,True,A,B,2,0,B
1,3914,True,B,A,2,1,A
1,3915,True,B,A,10,1,B
1,3916,True,B,A,1,1,A
1,3917,True,A,B,0,1,A
1,3918,True,A,B,0,1,A
1,3919,True,B,A,10,1,B
1,3920,True,A,B,1,2,A
1,3921,True,B,A,4,1,B
1,3922,True,B,A,2,1,A
1,3923,True,A,B,3,1,B
1,3924,True,A,B,1,1,A
1,3925,True,B,A,3,1,B
1,3926,True,B,A,4,1,B
1,3927,True,A,B,1,2,A
1,3928,True,A,B,1,1,A
1,3929,True,B,A,10,1,B
1,3930,True,A,B,0,1,A
1,3931,True,B,A,6,1,B
1,3932,True,B,A,4,1,B
1,3933,True,B,A,10,1,B
1,3934,True,A,B,3,1,B
1,3935,True,A,B,0,1,A
1,3936,True,B,A,6,1,B
1,3937,True,B,A,6,1,B
1,3938,True,A,B,3,1,B
1,3939,True,A,B,1,2,A
1,3940,True,B,A,0,1,A
1,3941,True,B,A,0,1,A
1,3942,True,B,A,0,1,A
1,3943,True,B,A,2,1,A
1,3944,True,B,A,3,1,B
1,3945,True,A,B,2,1,B
1,3946,True,A,B,1,1,A
1,3947,True,B,A,2,1,A
1,3948,True,B,A,4,1,B
1,3949,True,A,B,6,1,B
1,3950,True,B,A,0,1,A
1,3951,True,B,A,0,1,A
1,3952,True,B,A,0,1,A
1,3953,True,A,B,1,1,A
1,3954,True,A,B,0,1,A
1,3955,True,B,A,10,1,B
1,3956,True,A,B,1,2,A
1,3957,True,A,B,2,1,B
1,3958,True,B,A,4,1,B
1,3959,True,B,A,1,2,A
1,3960,True,A,B,2,1,B
1,3961,True,A,B,1,1,A
1,3962,True,B,A,4,1,B
1,3963,True,B,A,6,1,B
1,3964,True,B,A,6,1,B
1,3965,True,B,A,2,1,B
1,3966,True,A,B,10,1,B
1,3967,True,A,B,3,1,B
1,3968,False,,,,,
1,3969,True,B,A,2,1,A
1,3970,True,B,A,3,1,B
1,3971,True,B,A,2,1,A
1,3972,True,B,A,4,1,B
1,3973,True,B,A,6,1,B
1,3974,True,A,B,6,1,B
1,3975,True,A,B,10,1,B
1,3976,True,A,B,2,1,A
1,3977,True,B,A,10,1,B
1,3978,False,,,,,
1,3979,True,A,B,3,1,B
1,3980,True,A,B,2,0,B
1,3981,True,B,A,1,2,A
1,3982,True,B,A,2,0,B
1,3983,True,A,B,4,1,B
1,3984,True,B,A,6,1,B
1,3985,True,B,A,1,1,B
1,3986,True,B,A,2,1,B
1,3987,True,A,B,6,1,B
1,3988,True,B,A,2,0,B
1,3989,True,A,B,3,1,B
1,3990,True,B,A,2,0,B
1,3991,True,B,A,0,1,A
1,3992,True,A,B,10,1,B
1,3993,True,B,A,0,1,A
1,3994,True,A,B,6,1,B
1,3995,True,B,A,1,2,A
1,3996,True,A,B,6,1,B
1,3997,True,B,A,6,1,B
1,3998,True,B,A,6,1,B
1,3999,True,B,A,1,2,A
1,4000,True,B,A,1,1,A
1,4001,True,A,B,1,1,A
1,4002,True,A,B,6,1,B
1,4003,True,B,A,2,1,A
1,4004,True,A,B,6,1,B
1,4005,True,B,A,4,1,B
1,4006,True,A,B,2,0,B
1,4007,True,A,B,2,1,A
1,4008,True,B,A,2,0,B
1,4009,True,A,B,1,2,A
1,4010,True,A,B,2,1,B
1,4011,True,B,A,10,1,B
1,4012,True,A,B,4,1,B
1,4013,True,A,B,1,2,A
1,4014,True,B,A,1,2,A
1,4015,True,B,A,1,1,A
1,4016,True,B,A,2,1,A
1,4017,True,B,A,2,1,B
1,4018,True,B,A,1,1,B
1,4019,True,B,A,1,2,A
1,4020,True,A,B,1,2,A
1,4021,True,B,A,2,0,B
1,4022,True,B,A,1,2,A
1,4023,True,B,A,2,1,A
1,4024,True,B,A,2,1,B
1,4025,True,A,B,6,1,B
1,4026,True,A,B,4,1,B
1,4027,True,B,A,10,1,B
1,4028,True,B,A,2,0,B
1,4029,True,A,B,6,1,B
1,4030,True,B,A,6,1,B
1,4031,True,A,B,6,1,B
1,4032,True,B,A,1,2,A
1,4033,True,A,B,4,1,B
1,4034,True,B,A,4,1,B
1,4035,True,B,A,10,1,B
1,4036,True,B,A,2,1,B
1,4037,True,A,B,1,1,A
1,4038,True,A,B,1,2,A
1,4039,True,A,B,1,1,A
1,4040,True,B,A,4,1,B
1,4041,True,B,A,3,1,B
1,4042,True,A,B,2,1,A
1,4043,True,A,B,3,1,A
1,4044,True,A,B,1,2,A
1,4045,True,B,A,2,0,B
1,4046,True,B,A,4,1,B
1,4047,True,B,A,1,1,A
1,4048,True,B,A,2,0,B
1,4049,True,A,B,4,1,B
1,4050,True,A,B,2,0,B
1,4051,True,B,A,1,1,A
1,4052,True,A,B,6,1,B
1,4053,True,B,A,0,1,A
1,4054,True,A,B,0,1,A
1,4055,True,B,A,4,1,A
1,4056,True,A,B,2,0,B
1,4057,True,B,A,10,1,B
1,4058,False,,,,,
1,4059,True,B,A,6,1,B
1,4060,True,B,A,3,1,A
1,4061,True,B,A,1,2,A
1,4062,True,A,B,1,1,A
1,4063,True,B,A,1,2,A
1,4064,True,B,A,0,1,A
1,4065,True,A,B,6,1,B
1,4066,True,B,A,2,1,A
1,4067,True,A,B,6,1,B
1,4068,True,A,B,3,1,B
1,4069,True,B,A,0,1,A
1,4070,True,A,B,2,1,B
1,4071,True,B,A,6,1,B
1,4072,True,B,A,10,1,B
1,4073,True,B,A,10,1,B
1,4074,True,B,A,3,1,B
1,4075,True,A,B,10,1,B
1,4076,True,B,A,10,1,B
1,4077,True,B,A,2,1,A
1,4078,True,B,A,6,1,B
1,4079,True,A,B,1,1,A
1,4080,True,B,A,2,0,B
1,4081,True,B,A,2,0,B
1,4082,True,A,B,2,1,B
1,4083,True,A,B,4,1,B
1,4084,True,A,B,10,1,B
1,4085,True,A,B,4,1,B
1,4086,True,A,B,1,2,A
1,4087,True,B,A,2,1,A
1,4088,True,A,B,4,1,B
1,4089,True,A,B,2,1,B
1,4090,True,B,A,2,1,A
1,4091,True,B,A,2,1,A
1,4092,True,B,A,0,1,A
1,4093,True,A,B,3,1,B
1,4094,True,B,A,10,1,B
1,4095,True,A,B,10,1,B
1,4096,True,B,A,3,1,B
1,4097,True,A,B,0,1,A
1,4098,True,B,A,10,1,B
1,4099,False,,,,,
1,4100,True,B,A,2,1,A
1,4101,True,B,A,6,1,B
1,4102,True,A,B,4,1,B
1,4103,True,A,B,2,0,B
1,4104,True,B,A,3,1,B
1,4105,True,B,A,4,1,B
1,4106,True,A,B,4,1,B
1,4107,True,B,A,4,1,B
1,4108,True,A,B,10,1,B
1,4109,True,B,A,3,1,B
1,4110,True,A,B,2,1,A
1,4111,True,A,B,4,1,B
1,4112,True,A,B,1,2,A
1,4113,True,A,B,2,1,B
1,4114,True,A,B,2,0,B
1,4115,True,A,B,6,1,B
1,4116,True,A,B,1,1,A
1,4117,True,B,A,10,1,B
1,4118,True,B,A,1,2,A
1,4119,True,A,B,6,1,B
1,4120,True,A,B,6,1,B
1,4121,True,A,B,1,1,A
1,4122,True,A,B,2,0,B
1,4123,True,B,A,3,1,B
1,4124,True,A,B,4,1,B
1,4125,True,A,B,10,1,B
1,4126,True,A,B,2,0,B
1,4127,True,A,B,2,1,B
1,4128,True,B,A,10,1,B
1,4129,True,A,B,2,1,A
1,4130,True,A,B,0,1,A
1,4131,True,A,B,3,1,B
1,4132,True,A,B,6,1,B
1,4133,True,A,B,2,0,B
1,4134,True,B,A,1,1,A
1,4135,False,,,,,
1,4136,True,A,B,2,1,B
1,4137,True,A,B,1,2,A
1,4138,True,B,A,0,1,A
1,4139,True,B,A,1,2,A
1,4140,True,A,B,2,1,A
1,4141,True,A,B,0,1,A
1,4142,True,A,B,1,1,A
1,4143,True,B,A,2,1,B
1,4144,True,A,B,0,1,A
1,4145,True,B,A,10,1,B
1,4146,True,A,B,1,1,A
1,4147,True,B,A,3,1,B
1,4148,True,B,A,2,0,B
1,4149,True,B,A,4,1,B
1,4150,True,B,A,6,1,B
1,4151,True,A,B,4,1,B
1,4152,True,B,A,10,1,B
1,4153,True,B,A,0,1,A
1,4154,True,A,B,4,1,B
1,4155,True,A,B,1,2,A
1,4156,True,B,A,10,1,B
1,4157,True,A,B,1,1,A
1,4158,True,B,A,2,0,B
1,4159,True,A,B,10,1,B
1,4160,True,B,A,1,1,A
1,4161,True,A,B,0,1,A
1,4162,True,B,A,10,1,B
1,4163,True,B,A,2,0,B
1,4164,True,B,A,3,1,B
1,4165,True,B,A,2,1,A
1,4166,True,A,B,4,1,B
1,4167,True,B,A,3,1,B
1,4168,True,B,A,6,1,B
1,4169,True,B,A,2,1,B
1,4170,True,A,B,10,1,B
1,4171,True,A,B,4,1,B
1,4172,True,A,B,2,0,B
1,4173,True,A,B,10,1,B
1,4174,True,B,A,4,1,B
1,4175,True,B,A,1,2,A
1,4176,True,A,B,2,1,A
1,4177,True,A,B,4,1,B
1,4178,True,B,A,2,0,B
1,4179,True,A,B,1,1,A
1,4180,True,A,B,2,1,B
1,4181,False,,,,,
1,4182,True,A,B,6,1,B
1,4183,True,A,B,10,1,B
1,4184,True,B,A,4,1,B
1,4185,True,A,B,4,1,B
1,4186,True,A,B,1,1,A
1,4187,True,A,B,6,1,B
1,4188,True,B,A,1,1,B
1,4189,True,A,B,1,2,A
1,4190,True,A,B,0,1,A
1,4191,True,B,A,1,1,A
1,4192,True,A,B,2,0,B
1,4193,True,A,B,1,1,A
1,4194,True,A,B,6,1,B
1,4195,True,B,A,2,1,A
1,4196,True,B,A,10,1,B
1,4197,True,B,A,10,1,B
1,4198,True,B,A,10,1,B
1,4199,True,B,A,1,2,A
1,4200,True,B,A,4,1,B
1,4201,True,A,B,10,1,B
1,4202,True,B,A,3,1,B
1,4203,True,B,A,4,1,B
1,4204,True,A,B,3,1,B
1,4205,True,A,B,3,1,B
1,4206,True,A,B,1,1,A
1,4207,True,A,B,1,1,A
1,4208,True,B,A,1,2,A
1,4209,True,A,B,6,1,B
1,4210,True,A,B,3,1,B
1,4211,True,B,A,2,0,B
1,4212,True,A,B,6,1,B
1,4213,True,A,B,6,1,B
1,4214,True,B,A,2,1,B
1,4215,True,A,B,1,2,A
1,4216,True,A,B,6,1,B
1,4217,True,A,B,0,1,A
1,4218,True,B,A,4,1,B
1,4219,True,B,A,1,2,A
1,4220,True,A,B,1,1,A
1,4221,True,A,B,2,1,A
1,4222,True,B,A,2,1,A
1,4223,True,A,B,10,1,B
1,4224,True,B,A,10,1,B
1,4225,True,A,B,6,1,B
1,4226,True,A,B,0,1,A
1,4227,True,A,B,1,1,A
1,4228,True,A,B,2,1,A
1,4229,True,B,A,4,1,B
1,4230,True,A,B,6,1,B
1,4231,True,B,A,1,1,A
1,4232,True,A,B,3,1,B
1,4233,True,B,A,2,1,B
1,4234,True,B,A,10,1,B
1,4235,True,A,B,3,1,B
1,4236,True,B,A,0,1,A
1,4237,True,B,A,10,1,B
1,4238,True,A,B,2,1,B
1,4239,True,A,B,0,1,A
1,4240,True,B,A,1,1,A
1,4241,True,B,A,3,1,A
1,4242,True,A,B,2,1,B
1,4243,True,A,B,1,1,A
1,4244,True,A,B,4,1,B
1,4245,True,A,B,2,0,B
1,4246,True,A,B,0,1,A
1,4247,True,A,B,1,1,A
1,4248,True,A,B,1,1,A
1,4249,True,A,B,2,0,B
1,4250,True,A,B,2,1,B
1,4251,True,B,A,2,0,B
1,4252,True,B,A,2,1,A
1,4253,True,A,B,6,1,B
1,4254,True,A,B,1,1,A
1,4255,True,B,A,6,1,B
1,4256,True,A,B,1,2,A
1,4257,True,A,B,2,0,B
1,4258,True,A,B,1,1,A
1,4259,True,B,A,2,1,A
1,4260,True,B,A,1,2,A
1,4261,True,B,A,0,1,A
1,4262,True,B,A,1,1,A
1,4263,True,B,A,1,1,A
1,4264,True,B,A,6,1,B
1,4265,True,A,B,0,1,A
1,4266,True,A,B,2,1,B
1,4267,True,A,B,3,1,B
1,4268,True,B,A,3,1,B
1,4269,True,A,B,0,1,A
1,4270,True,B,A,10,1,B
1,4271,True,A,B,6,1,B
1,4272,True,A,B,6,1,B
1,4273,True,A,B,0,1,A
1,4274,True,A,B,3,1,B
1,4275,True,A,B,2,1,B
1,4276,True,A,B,2,1,B
1,4277,True,B,A,3,1,B
1,4278,False,,,,,
1,4279,True,A,B,3,1,B
1,4280,True,B,A,6,1,B
1,4281,True,A,B,6,1,B
1,4282,False,,,,,
1,4283,True,B,A,3,1,B
1,4284,True,A,B,3,1,B
1,4285,True,A,B,2,1,B
1,4286,True,B,A,1,2,A
1,4287,True,B,A,2,1,B
1,4288,True,A,B,0,1,A
1,4289,True,B,A,6,1,B
1,4290,True,A,B,1,1,A
1,4291,True,A,B,3,1,B
1,4292,True,B,A,6,1,B
1,4293,True,A,B,1,2,A
1,4294,True,B,A,10,1,B
1,4295,True,A,B,3,1,B
1,4296,True,A,B,1,1,B
1,4297,True,B,A,10,1,B
1,4298,True,A,B,6,1,B
1,4299,True,A,B,2,1,A
1,4300,True,B,A,1,1,A
1,4301,True,B,A,0,1,A
1,4302,True,A,B,0,1,A
1,4303,True,A,B,1,1,A
1,4304,True,B,A,2,1,B
1,4305,False,,,,,
1,4306,True,A,B,4,1,B
1,4307,True,B,A,6,1,B
1,4308,True,B,A,2,1,A
1,4309,True,B,A,0,1,A
1,4310,True,A,B,4,1,B
1,4311,True,B,A,6,1,B
1,4312,True,B,A,3,1,B
1,4313,True,A,B,4,1,B
1,4314,True,A,B,0,1,A
1,4315,True,A,B,0,1,A
1,4316,True,A,B,10,1,B
1,4317,True,B,A,6,1,B
1,4318,True,A,B,10,1,B
1,4319,True,A,B,10,1,B
1,4320,True,B,A,2,1,A
1,4321,True,B,A,1,1,A
1,4322,True,B,A,2,1,B
1,4323,True,B,A,6,1,B
1,4324,True,A,B,10,1,B
1,4325,True,B,A,4,1,B
1,4326,True,A,B,0,1,A
1,4327,True,A,B,3,1,B
1,4328,True,A,B,2,1,A
1,4329,True,B,A,2,1,A
1,4330,True,A,B,0,1,A
1,4331,True,A,B,3,1,B
1,4332,True,A,B,0,1,A
1,4333,True,A,B,1,1,A
1,4334,True,B,A,1,1,A
1,4335,True,A,B,0,1,A
1,4336,True,A,B,2,1,B
1,4337,True,A,B,2,0,B
1,4338,True,A,B,10,1,B
1,4339,True,A,B,6,1,B
1,4340,True,A,B,1,1,B
1,4341,True,B,A,0,1,A
1,4342,True,B,A,6,1,B
1,4343,True,A,B,4,1,B
1,4344,True,A,B,2,1,B
1,4345,True,B,A,6,1,B
1,4346,True,A,B,10,1,B
1,4347,True,B,A,1,1,A
1,4348,True,B,A,3,1,A
1,4349,True,A,B,0,1,A
1,4350,True,B,A,2,0,B
1,4351,True,B,A,1,2,A
1,4352,True,A,B,1,1,A
1,4353,True,B,A,4,1,B
1,4354,True,A,B,3,1,B
1,4355,True,A,B,6,1,B
1,4356,True,A,B,10,1,B
1,4357,True,A,B,1,1,A
1,4358,True,A,B,1,1,A
1,4359,True,A,B,10,1,B
1,4360,True,A,B,1,1,A
1,4361,True,A,B,1,1,A
1,4362,True,B,A,2,1,A
1,4363,True,A,B,4,1,B
1,4364,True,B,A,1,2,A
1,4365,True,A,B,1,1,A
1,4366,True,A,B,0,1,A
1,4367,True,A,B,0,1,A
1,4368,True,B,A,1,1,A
1,4369,True,A,B,1,1,A
1,4370,True,B,A,0,1,A
1,4371,True,B,A,0,1,A
1,4372,True,A,B,1,1,A
1,4373,True,A,B,0,1,A
1,4374,True,A,B,4,1,B
1,4375,True,B,A,10,1,B
1,4376,True,B,A,10,1,B
1,4377,True,A,B,2,0,B
1,4378,True,A,B,2,1,A
1,4379,True,B,A,2,0,B
1,4380,True,B,A,10,1,B
1,4381,True,A,B,3,1,B
1,4382,True,B,A,10,1,B
1,4383,True,A,B,6,1,B
1,4384,True,A,B,1,1,A
1,4385,True,A,B,1,2,A
1,4386,True,B,A,2,1,A
1,4387,True,B,A,0,1,A
1,4388,True,A,B,4,1,B
1,4389,True,A,B,2,0,B
1,4390,True,B,A,2,1,B
1,4391,True,A,B,2,1,A
1,4392,True,B,A,2,1,A
1,4393,True,B,A,1,1,A
1,4394,True,B,A,10,1,B
1,4395,True,A,B,6,1,B
1,4396,True,B,A,4,1,B
1,4397,True,B,A,3,1,B
1,4398,True,A,B,4,1,B
1,4399,True,A,B,4,1,B
1,4400,True,A,B,1,1,B
1,4401,True,B,A,1,1,B
1,4402,True,B,A,2,1,A
1,4403,True,A,B,10,1,B
1,4404,True,A,B,3,1,B
1,4405,True,B,A,10,1,B
1,4406,True,B,A,1,1,A
1,4407,True,B,A,3,1,B
1,4408,True,A,B,0,1,A
1,4409,True,B,A,6,1,B
1,4410,True,B,A,4,1,B
1,4411,True,A,B,1,1,A
1,4412,True,A,B,1,2,A
1,4413,True,A,B,1,2,A
1,4414,True,A,B,2,1,B
1,4415,True,B,A,0,1,A
1,4416,True,A,B,4,1,B
1,4417,True,B,A,6,1,B
1,4418,True,B,A,10,1,B
1,4419,True,B,A,0,1,A
1,4420,True,B,A,10,1,B
1,4421,True,B,A,1,2,A
1,4422,True,B,A,1,2,A
1,4423,True,B,A,10,1,B
1,4424,True,B,A,1,2,A
1,4425,True,B,A,3,1,B
1,4426,True,B,A,6,1,B
1,4427,True,B,A,1,1,B
1,4428,True,A,B,4,1,B
1,4429,True,A,B,6,1,B
1,4430,True,A,B,2,0,B
1,4431,True,B,A,0,1,A
1,4432,False,,,,,
1,4433,True,A,B,1,2,A
1,4434,True,A,B,0,1,A
1,4435,True,B,A,4,1,B
1,4436,True,B,A,6,1,B
1,4437,True,A,B,4,1,B
1,4438,True,A,B,0,1,A
1,4439,True,B,A,1,2,A
1,4440,True,A,B,0,1,A
1,4441,True,A,B,10,1,B
1,4442,True,A,B,4,1,B
1,4443,True,B,A,4,1,A
1,4444,True,A,B,1,1,A
1,4445,True,B,A,3,1,A
1,4446,True,A,B,6,1,B
1,4447,True,B,A,10,1,B
1,4448,True,B,A,1,1,A
1,4449,True,B,A,0,1,A
1,4450,True,B,A,6,1,B
1,4451,True,A,B,2,0,B
1,4452,True,A,B,1,1,A
1,4453,True,A,B,2,0,B
1,4454,True,B,A,3,1,B
1,4455,True,B,A,1,2,A
1,4456,True,A,B,4,1,B
1,4457,True,B,A,10,1,B
1,4458,True,B,A,6,1,B
1,4459,True,A,B,2,0,B
1,4460,False,,,,,
1,4461,True,A,B,2,1,A
1,4462,True,B,A,2,1,B
1,4463,True,B,A,10,1,B
1,4464,True,B,A,4,1,B
1,4465,True,B,A,10,1,B
1,4466,True,B,A,6,1,B
1,4467,True,A,B,3,1,A
1,4468,True,B,A,3,1,B
1,4469,True,B,A,1,2,A
1,4470,True,A,B,1,2,A
1,4471,False,,,,,
1,4472,True,B,A,1,1,A
1,4473,True,B,A,1,1,B
1,4474,True,A,B,6,1,B
1,4475,True,A,B,2,1,A
1,4476,True,B,A,1,1,A
1,4477,True,A,B,10,1,B
1,4478,True,A,B,2,1,A
1,4479,True,B,A,4,1,B
1,4480,True,A,B,1,1,A
1,4481,True,A,B,0,1,A
1,4482,True,B,A,1,1,A
1,4483,True,B,A,3,1,B
1,4484,True,A,B,3,1,B
1,4485,True,B,A,10,1,B
1,4486,True,A,B,3,1,B
1,4487,True,B,A,1,2,A
1,4488,True,B,A,10,1,B
1,4489,True,B,A,0,1,A
1,4490,True,B,A,10,1,B
1,4491,True,B,A,4,1,B
1,4492,True,A,B,4,1,B
1,4493,True,A,B,1,1,A
1,4494,True,A,B,1,2,A
1,4495,True,B,A,6,1,B
1,4496,True,B,A,4,1,B
1,4497,False,,,,,
1,4498,True,B,A,1,2,A
1,4499,True,B,A,2,1,A
1,4500,True,A,B,10,1,B
1,4501,True,A,B,1,1,A
1,4502,True,B,A,2,1,A
1,4503,True,B,A,1,2,A
1,4504,True,A,B,10,1,B
1,4505,True,B,A,10,1,B
1,4506,True,A,B,6,1,B
1,4507,True,A,B,3,1,B
1,4508,True,B,A,0,1,A
1,4509,True,B,A,1,1,B
1,4510,True,B,A,6,1,B
1,4511,True,B,A,2,1,A
1,4512,True,B,A,4,1,B
1,4513,True,B,A,3,1,B
1,4514,True,B,A,10,1,B
1,4515,True,A,B,2,1,A
1,4516,True,A,B,3,1,B
1,4517,True,B,A,0,1,A
1,4518,True,A,B,2,0,B
1,4519,True,A,B,4,1,B
1,4520,True,B,A,4,1,B
1,4521,True,A,B,1,2,A
1,4522,True,A,B,2,1,A
1,4523,True,B,A,6,1,B
1,4524,True,B,A,4,1,B
1,4525,True,B,A,0,1,A
1,4526,True,B,A,3,1,B
1,4527,True,B,A,6,1,B
1,4528,True,B,A,0,1,A
1,4529,True,B,A,0,1,A
1,4530,True,A,B,3,1,B
1,4531,True,A,B,6,1,B
1,4532,True,A,B,4,1,B
1,4533,True,B,A,3,1,B
1,4534,True,B,A,3,1,B
1,4535,True,A,B,2,0,B
1,4536,True,A,B,1,1,A
1,4537,True,B,A,3,1,B
1,4538,True,A,B,6,1,B
1,4539,True,A,B,4,1,B
1,4540,True,A,B,4,1,B
1,4541,True,A,B,2,1,B
1,4542,True,B,A,10,1,B
1,4543,True,A,B,10,1,B
1,4544,True,A,B,4,1,B
1,4545,True,B,A,1,1,B
1,4546,True,B,A,1,2,A
1,4547,True,B,A,1,2,A
1,4548,True,A,B,0,1,A
1,4549,True,A,B,1,1,A
1,4550,True,A,B,2,1,B
1,4551,True,B,A,1,1,A
1,4552,True,B,A,6,1,B
1,4553,True,B,A,0,1,A
1,4554,True,B,A,1,1,B
1,4555,True,B,A,10,1,B
1,4556,True,B,A,10,1,B
1,4557,True,B,A,6,1,B
1,4558,True,A,B,0,1,A
1,4559,True,B,A,1,1,A
1,4560,True,B,A,10,1,B
1,4561,True,B,A,0,1,A
1,4562,True,B,A,1,2,A
1,4563,True,A,B,4,1,B
1,4564,True,A,B,2,1,A
1,4565,True,A,B,6,1,B
1,4566,True,B,A,2,0,B
1,4567,True,B,A,0,1,A
1,4568,True,A,B,0,1,A
1,4569,True,A,B,2,1,A
1,4570,True,B,A,4,1,B
1,4571,True,B,A,10,1,B
1,4572,True,B,A,0,1,A
1,4573,True,A,B,1,2,A
1,4574,True,A,B,1,2,A
1,4575,True,A,B,0,1,A
1,4576,True,A,B,1,2,A
1,4577,True,A,B,6,1,B
1,4578,True,B,A,2,1,B
1,4579,True,A,B,2,1,A
1,4580,True,B,A,10,1,B
1,4581,True,B,A,6,1,B
1,4582,True,A,B,0,1,A
1,4583,True,B,A,2,1,A
1,4584,True,B,A,2,1,B
1,4585,True,B,A,4,1,B
1,4586,True,B,A,4,1,B
1,4587,True,A,B,3,1,B
1,4588,True,A,B,6,1,B
1,4589,True,A,B,6,1,B
1,4590,True,A,B,2,1,A
1,4591,True,B,A,0,1,A
1,4592,True,B,A,6,1,B
1,4593,True,A,B,6,1,B
1,4594,True,A,B,2,0,B
1,4595,True,B,A,2,1,B
1,4596,True,B,A,1,2,A
1,4597,True,A,B,3,1,B
1,4598,True,B,A,4,1,B
1,4599,True,B,A,2,1,B
1,4600,True,B,A,1,2,A
1,4601,True,B,A,2,1,B
1,4602,True,B,A,6,1,B
1,4603,True,B,A,3,1,B
1,4604,True,A,B,2,1,A
1,4605,False,,,,,
1,4606,True,A,B,2,1,A
1,4607,True,B,A,1,2,A
1,4608,True,A,B,3,1,B
1,4609,True,A,B,2,1,B
1,4610,True,B,A,2,1,A
1,4611,True,A,B,1,1,A
1,4612,True,B,A,10,1,B
1,4613,True,A,B,2,0,B
1,4614,True,A,B,2,1,B
1,4615,True,A,B,10,1,B
1,4616,True,B,A,1,1,A
1,4617,True,B,A,0,1,A
1,4618,True,A,B,2,1,B
1,4619,True,A,B,2,1,A
1,4620,True,A,B,10,1,B
1,4621,True,A,B,4,1,B
1,4622,True,B,A,2,1,A
1,4623,True,A,B,1,2,A
1,4624,True,B,A,3,1,B
1,4625,True,A,B,0,1,A
1,4626,True,B,A,2,0,B
1,4627,True,A,B,4,1,B
1,4628,True,B,A,10,1,B
1,4629,True,B,A,3,1,B
1,4630,True,A,B,10,1,B
1,4631,True,B,A,4,1,B
1,4632,True,A,B,6,1,B
1,4633,True,A,B,3,1,B
1,4634,True,A,B,6,1,B
1,4635,True,B,A,1,2,A
1,4636,True,A,B,2,1,A
1,4637,True,B,A,6,1,B
1,4638,True,B,A,0,1,A
1,4639,True,A,B,10,1,B
1,4640,True,B,A,1,2,A
1,4641,True,B,A,2,1,A
1,4642,True,A,B,1,2,A
1,4643,True,A,B,0,1,A
1,4644,True,B,A,3,1,B
1,4645,True,A,B,0,1,A
1,4646,True,B,A,1,1,A
1,4647,True,B,A,10,1,B
1,4648,True,B,A,0,1,A
1,4649,True,B,A,0,1,A
1,4650,True,A,B,6,1,B
1,4651,True,A,B,6,1,B
1,4652,True,A,B,4,1,B
1,4653,True,B,A,6,1,B
1,4654,True,A,B,1,1,A
1,4655,True,B,A,6,1,B
1,4656,True,A,B,6,1,B
1,4657,True,B,A,6,1,B
1,4658,True,B,A,6,1,B
1,4659,True,A,B,1,2,A
1,4660,True,A,B,2,1,A
1,4661,True,A,B,0,1,A
1,4662,True,B,A,4,1,B
1,4663,True,A,B,2,1,B
1,4664,True,B,A,0,1,A
1,4665,True,B,A,10,1,B
1,4666,True,B,A,3,1,B
1,4667,True,A,B,2,1,A
1,4668,True,B,A,2,1,B
1,4669,True,B,A,4,1,B
1,4670,True,A,B,1,2,A
1,4671,True,A,B,1,1,A
1,4672,True,A,B,1,2,A
1,4673,False,,,,,
1,4674,True,A,B,2,1,A
1,4675,True,B,A,2,1,B
1,4676,True,B,A,1,2,A
1,4677,True,B,A,4,1,A
1,4678,True,B,A,10,1,B
1,4679,True,B,A,1,2,A
1,4680,True,B,A,0,1,A
1,4681,True,B,A,0,1,A
1,4682,True,A,B,6,1,B
1,4683,True,A,B,10,1,B
1,4684,True,B,A,4,1,B
1,4685,True,A,B,10,1,B
1,4686,True,B,A,3,1,B
1,4687,True,B,A,10,1,B
1,4688,True,A,B,1,2,A
1,4689,True,A,B,4,1,B
1,4690,True,A,B,6,1,B
1,4691,True,A,B,0,1,A
1,4692,True,A,B,4,1,B
1,4693,True,B,A,2,1,B
1,4694,True,B,A,10,1,B
1,4695,False,,,,,
1,4696,True,A,B,1,2,A
1,4697,True,A,B,3,1,B
1,4698,True,B,A,6,1,B
1,4699,True,B,A,2,1,B
1,4700,True,A,B,3,1,A
1,4701,True,B,A,2,1,A
1,4702,True,A,B,1,2,A
1,4703,True,A,B,4,1,B
1,4704,True,A,B,1,2,A
1,4705,True,B,A,4,1,B
1,4706,True,B,A,1,2,A
1,4707,True,A,B,3,1,B
1,4708,True,B,A,3,1,B
1,4709,True,A,B,1,1,A
1,4710,True,B,A,2,1,B
1,4711,True,A,B,1,1,A
1,4712,True,A,B,10,1,B
1,4713,True,B,A,4,1,B
1,4714,True,A,B,4,1,B
1,4715,True,B,A,0,1,A
1,4716,True,B,A,2,1,A
1,4717,True,B,A,10,1,B
1,4718,True,A,B,10,1,B
1,4719,True,B,A,2,0,B
1,4720,True,A,B,1,2,A
1,4721,True,A,B,0,1,A
1,4722,True,B,A,1,2,A
1,4723,True,B,A,3,1,B
1,4724,True,A,B,1,1,A
1,4725,True,B,A,2,0,B
1,4726,True,B,A,6,1,B
1,4727,True,B,A,1,1,A
1,4728,True,B,A,4,1,A
1,4729,True,B,A,2,1,A
1,4730,True,B,A,6,1,B
1,4731,True,B,A,2,0,B
1,4732,True,A,B,0,1,A
1,4733,True,A,B,4,1,B
1,4734,True,A,B,0,1,A
1,4735,True,A,B,10,1,B
1,4736,True,B,A,6,1,B
1,4737,True,A,B,6,1,B
1,4738,True,B,A,4,1,B
1,4739,True,B,A,2,1,A
1,4740,True,A,B,2,0,B
1,4741,True,A,B,1,1,B
1,4742,True,B,A,1,1,B
1,4743,True,A,B,1,2,A
1,4744,True,A,B,6,1,B
1,4745,True,A,B,2,1,A
1,4746,True,B,A,1,1,A
1,4747,True,A,B,1,1,A
1,4748,True,B,A,1,2,A
1,4749,True,A,B,10,1,B
1,4750,True,B,A,10,1,B
1,4751,True,B,A,2,0,B
1,4752,True,A,B,0,1,A
1,4753,True,A,B,4,1,B
1,4754,True,B,A,2,0,B
1,4755,True,A,B,2,0,B
1,4756,True,B,A,1,2,A
1,4757,True,B,A,1,1,A
1,4758,True,A,B,2,1,A
1,4759,True,A,B,4,1,B
1,4760,True,A,B,4,1,B
1,4761,True,A,B,4,1,B
1,4762,True,A,B,2,0,B
1,4763,True,B,A,1,1,A
1,4764,True,B,A,4,1,B
1,4765,True,B,A,6,1,B
1,4766,True,A,B,10,1,B
1,4767,True,B,A,6,1,B
1,4768,True,B,A,0,1,A
1,4769,True,B,A,3,1,B
1,4770,True,A,B,0,1,A
1,4771,True,A,B,2,0,B
1,4772,True,A,B,3,1,B
1,4773,True,A,B,1,2,A
1,4774,True,B,A,10,1,B
1,4775,False,,,,,
1,4776,True,A,B,2,1,A
1,4777,True,A,B,4,1,B
1,4778,True,B,A,1,2,A
1,4779,True,A,B,2,1,B
1,4780,True,A,B,1,2,A
1,4781,True,B,A,2,1,B
1,4782,True,A,B,0,1,A
1,4783,True,B,A,0,1,A
1,4784,True,B,A,0,1,A
1,4785,True,A,B,1,2,A
1,4786,True,B,A,2,1,B
1,4787,True,B,A,0,1,A
1,4788,True,B,A,10,1,B
1,4789,True,A,B,2,1,A
1,4790,False,,,,,
1,4791,True,A,B,6,1,B
1,4792,True,B,A,1,1,A
1,4793,True,B,A,10,1,B
1,4794,True,B,A,1,2,A
1,4795,True,A,B,6,1,B
1,4796,True,A,B,4,1,B
1,4797,True,A,B,2,1,B
1,4798,True,B,A,6,1,B
1,4799,True,B,A,2,1,A
1,4800,True,A,B,6,1,B
1,4801,True,A,B,2,1,A
1,4802,True,B,A,0,1,A
1,4803,True,B,A,4,1,B
1,4804,True,B,A,2,1,A
1,4805,True,A,B,4,1,B
1,4806,True,B,A,2,1,B
1,4807,True,B,A,0,1,A
1,4808,True,B,A,0,1,A
1,4809,True,B,A,0,1,A
1,4810,False,,,,,
1,4811,True,B,A,6,1,B
1,4812,True,B,A,6,1,B
1,4813,True,B,A,0,1,A
1,4814,True,B,A,2,1,A
1,4815,True,A,B,2,1,A
1,4816,True,A,B,1,2,A
1,4817,True,A,B,4,1,B
1,4818,True,A,B,3,1,B
1,4819,True,B,A,10,1,B
1,4820,True,A,B,4,1,B
1,4821,True,A,B,1,2,A
1,4822,True,A,B,4,1,B
1,4823,True,B,A,0,1,A
1,4824,True,A,B,6,1,B
1,4825,True,A,B,1,2,A
1,4826,True,B,A,6,1,B
1,4827,True,A,B,0,1,A
1,4828,True,A,B,6,1,B
1,4829,True,B,A,3,1,B
1,4830,True,B,A,6,1,B
1,4831,True,A,B,2,0,B
1,4832,True,B,A,1,2,A
1,4833,True,A,B,0,1,A
1,4834,True,A,B,10,1,B
1,4835,True,A,B,2,0,B
1,4836,True,B,A,3,1,B
1,4837,True,A,B,10,1,B
1,4838,True,A,B,1,1,A
1,4839,True,A,B,3,1,B
1,4840,True,B,A,1,2,A
1,4841,True,A,B,1,1,A
1,4842,True,A,B,4,1,B
1,4843,True,A,B,0,1,A
1,4844,True,B,A,2,0,B
1,4845,False,,,,,
1,4846,False,,,,,
1,4847,True,A,B,6,1,B
1,4848,True,B,A,10,1,B
1,4849,True,A,B,6,1,B
1,4850,True,A,B,1,2,A
1,4851,True,A,B,1,1,A
1,4852,False,,,,,
1,4853,True,B,A,3,1,B
1,4854,True,A,B,2,1,B
1,4855,True,A,B,10,1,B
1,4856,True,A,B,2,1,B
1,4857,True,A,B,2,0,B
1,4858,True,A,B,0,1,A
1,4859,True,A,B,3,1,B
1,4860,True,A,B,1,2,A
1,4861,True,B,A,1,2,A
1,4862,True,B,A,10,1,B
1,4863,True,A,B,0,1,A
1,4864,True,A,B,2,0,B
1,4865,True,B,A,0,1,A
1,4866,True,A,B,1,1,A
1,4867,True,A,B,3,1,B
1,4868,True,B,A,1,1,A
1,4869,True,A,B,3,1,B
1,4870,True,B,A,1,1,A
1,4871,True,A,B,3,1,B
1,4872,True,B,A,2,0,B
1,4873,True,B,A,10,1,B
1,4874,True,B,A,2,0,B
1,4875,True,B,A,10,1,B
1,4876,True,B,A,0,1,A
1,4877,True,A,B,4,1,B
1,4878,True,B,A,1,1,A
1,4879,True,B,A,6,1,B
1,4880,True,B,A,10,1,B
1,4881,False,,,,,
1,4882,True,A,B,2,0,B
1,4883,True,A,B,2,1,A
1,4884,True,B,A,2,1,A
1,4885,True,A,B,1,2,A
1,4886,True,B,A,6,1,B
1,4887,False,,,,,
1,4888,True,B,A,3,1,A
1,4889,True,A,B,4,1,B
1,4890,True,B,A,4,1,B
1,4891,True,B,A,6,1,B
1,4892,True,A,B,10,1,B
1,4893,True,A,B,1,1,A
1,4894,True,B,A,3,1,B
1,4895,True,A,B,6,1,B
1,4896,True,A,B,6,1,B
1,4897,True,B,A,1,2,A
1,4898,True,A,B,4,1,B
1,4899,True,A,B,1,2,A
1,4900,False,,,,,
1,4901,True,A,B,3,1,B
1,4902,True,B,A,1,2,A
1,4903,True,B,A,1,2,A
1,4904,True,A,B,0,1,A
1,4905,True,A,B,3,1,A
1,4906,True,A,B,2,0,B
1,4907,False,,,,,
1,4908,True,B,A,1,1,A
1,4909,True,A,B,0,1,A
1,4910,True,B,A,6,1,B
1,4911,True,B,A,6,1,B
1,4912,True,B,A,2,1,B
1,4913,True,A,B,10,1,B
1,4914,True,A,B,1,2,A
1,4915,True,A,B,2,1,A
1,4916,True,A,B,2,0,B
1,4917,True,A,B,2,1,A
1,4918,False,,,,,
1,4919,True,A,B,10,1,B
1,4920,True,A,B,2,0,B
1,4921,True,B,A,1,2,A
1,4922,True,A,B,4,1,B
1,4923,True,B,A,10,1,B
1,4924,True,A,B,1,2,A
1,4925,True,B,A,1,2,A
1,4926,True,A,B,0,1,A
1,4927,True,B,A,1,2,A
1,4928,True,B,A,1,1,A
1,4929,True,B,A,4,1,B
1,4930,True,A,B,1,1,A
1,4931,True,A,B,1,2,A
1,4932,True,B,A,2,1,B
1,4933,True,A,B,1,1,A
1,4934,True,B,A,1,1,A
1,4935,True,A,B,2,1,B
1,4936,True,B,A,10,1,B
1,4937,True,A,B,10,1,B
1,4938,True,A,B,1,2,A
1,4939,True,B,A,1,2,A
1,4940,True,B,A,6,1,B
1,4941,True,B,A,4,1,B
1,4942,True,B,A,0,1,A
1,4943,True,B,A,2,0,B
1,4944,True,B,A,10,1,B
1,4945,True,A,B,1,1,A
1,4946,True,A,B,1,1,A
1,4947,True,A,B,1,1,A
1,4948,True,B,A,4,1,B
1,4949,True,A,B,2,1,B
1,4950,True,B,A,0,1,A
1,4951,True,B,A,1,1,A
1,4952,True,A,B,1,2,A
1,4953,True,B,A,2,0,B
1,4954,True,B,A,10,1,B
1,4955,True,B,A,4,1,B
1,4956,True,A,B,10,1,B
1,4957,True,B,A,0,1,A
1,4958,True,B,A,2,1,A
1,4959,True,B,A,0,1,A
1,4960,True,B,A,2,1,B
1,4961,True,B,A,0,1,A
1,4962,True,B,A,10,1,B
1,4963,True,B,A,3,1,B
1,4964,True,B,A,2,1,A
1,4965,True,B,A,3,1,A
1,4966,True,A,B,1,1,A
1,4967,True,A,B,2,1,A
1,4968,True,B,A,4,1,B
1,4969,True,B,A,1,2,B
1,4970,True,B,A,1,1,B
1,4971,True,A,B,0,1,A
1,4972,False,,,,,
1,4973,True,A,B,3,1,B
1,4974,True,B,A,1,2,A
1,4975,True,B,A,4,1,B
1,4976,True,B,A,3,1,B
1,4977,True,B,A,2,1,A
1,4978,True,A,B,10,1,B
1,4979,True,A,B,2,0,B
1,4980,True,B,A,6,1,B
1,4981,True,A,B,2,0,B
1,4982,True,A,B,1,2,A
1,4983,True,B,A,1,2,B
1,4984,True,B,A,1,1,A
1,4985,True,A,B,1,1,A
1,4986,True,A,B,6,1,B
1,4987,True,A,B,2,1,B
1,4988,True,A,B,2,1,A
1,4989,True,B,A,10,1,B
1,4990,True,A,B,10,1,B
1,4991,True,A,B,6,1,B
1,4992,True,B,A,3,1,B
1,4993,True,A,B,6,1,B
1,4994,True,A,B,3,1,B
1,4995,True,A,B,10,1,B
1,4996,True,A,B,3,1,B
1,4997,True,A,B,4,1,B
1,4998,True,A,B,1,2,A
1,4999,True,B,A,0,1,A
1,5000,True,A,B,4,1,B
2,5001,True,A,B,1,2,A
2,5002,True,A,B,10,1,B
2,5003,True,B,A,2,1,A
2,5004,True,A,B,10,1,B
2,5005,True,A,B,2,0,B
2,5006,True,A,B,1,2,A
2,5007,True,B,A,6,1,B
2,5008,False,,,,,
2,5009,True,B,A,1,1,A
2,5010,True,B,A,3,1,B
2,5011,True,A,B,2,1,B
2,5012,True,B,A,1,2,A
2,5013,True,B,A,3,1,A
2,5014,True,B,A,1,2,B
2,5015,True,A,B,2,1,B
2,5016,True,B,A,1,2,B
2,5017,True,A,B,10,1,B
2,5018,True,B,A,6,1,B
2,5019,True,A,B,2,1,B
2,5020,True,B,A,6,1,B
2,5021,True,A,B,4,1,B
2,5022,True,B,A,4,1,A
2,5023,True,A,B,0,1,A
2,5024,True,B,A,4,1,A
2,5025,True,B,A,1,1,A
2,5026,True,B,A,1,2,A
2,5027,True,B,A,2,1,A
2,5028,False,,,,,
2,5029,True,B,A,2,0,B
2,5030,True,B,A,6,1,B
2,5031,True,A,B,2,1,A
2,5032,True,A,B,0,1,A
2,5033,True,A,B,4,1,B
2,5034,True,A,B,3,1,B
2,5035,True,B,A,1,2,A
2,5036,True,A,B,0,1,A
2,5037,True,A,B,3,1,B
2,5038,True,A,B,2,1,A
2,5039,True,A,B,4,1,B
2,5040,True,B,A,2,1,B
2,5041,True,A,B,3,1,B
2,5042,True,A,B,2,1,B
2,5043,True,A,B,3,1,B
2,5044,True,B,A,2,0,B
2,5045,True,A,B,3,1,B
2,5046,True,A,B,2,1,A
2,5047,True,B,A,0,1,A
2,5048,True,B,A,6,1,B
2,5049,True,A,B,2,1,A
2,5050,True,A,B,0,1,A
2,5051,True,B,A,3,1,A
2,5052,True,A,B,2,0,B
2,5053,True,A,B,6,1,B
2,5054,True,B,A,1,1,A
2,5055,True,B,A,2,0,B
2,5056,False,,,,,
2,5057,True,A,B,3,1,B
2,5058,True,B,A,10,1,B
2,5059,True,A,B,10,1,B
2,5060,True,A,B,2,1,B
2,5061,True,A,B,0,1,A
2,5062,True,B,A,1,1,A
2,5063,True,A,B,0,1,A
2,5064,True,B,A,4,1,B
2,5065,True,A,B,2,1,A
2,5066,True,A,B,2,0,B
2,5067,True,A,B,1,2,A
2,5068,True,B,A,2,1,A
2,5069,True,B,A,10,1,B
2,5070,True,A,B,10,1,B
2,5071,True,A,B,2,0,B
2,5072,True,B,A,1,1,A
2,5073,True,B,A,2,1,B
2,5074,True,B,A,3,1,B
2,5075,True,B,A,10,1,B
2,5076,True,A,B,1,1,A
2,5077,True,A,B,1,1,A
2,5078,True,B,A,6,1,B
2,5079,True,B,A,1,1,A
2,5080,True,A,B,3,1,B
2,5081,True,A,B,6,1,B
2,5082,True,B,A,1,1,A
2,5083,True,B,A,1,2,A
2,5084,True,B,A,0,1,A
2,5085,True,A,B,6,1,B
2,5086,True,A,B,1,2,B
2,5087,False,,,,,
2,5088,True,A,B,10,1,B
2,5089,True,B,A,4,1,A
2,5090,True,A,B,1,1,A
2,5091,True,A,B,0,1,A
2,5092,True,B,A,1,2,A
2,5093,True,A,B,1,2,A
2,5094,True,A,B,1,1,A
2,5095,True,A,B,3,1,B
2,5096,True,A,B,2,1,A
2,5097,True,A,B,4,1,B
2,5098,True,B,A,4,1,B
2,5099,True,B,A,6,1,B
2,5100,True,A,B,3,1,B
2,5101,True,A,B,6,1,B
2,5102,True,A,B,6,1,B
2,5103,True,A,B,1,2,A
2,5104,True,B,A,1,1,A
2,5105,True,B,A,2,1,A
2,5106,False,,,,,
2,5107,True,B,A,0,1,A
2,5108,True,A,B,1,1,B
2,5109,True,B,A,3,1,B
2,5110,True,B,A,1,2,A
2,5111,True,A,B,1,1,B
2,5112,True,B,A,2,1,B
2,5113,True,A,B,3,1,A
2,5114,True,A,B,1,2,A
2,5115,True,A,B,6,1,B
2,5116,True,B,A,3,1,B
2,5117,True,A,B,1,2,A
2,5118,True,B,A,10,1,B
2,5119,True,B,A,2,1,A
2,5120,True,A,B,3,1,A
2,5121,True,B,A,6,1,B
2,5122,True,A,B,4,1,B
2,5123,True,B,A,10,1,B
2,5124,False,,,,,
2,5125,True,A,B,10,1,B
2,5126,True,A,B,1,1,B
2,5127,True,A,B,6,1,B
2,5128,True,A,B,1,1,A
2,5129,True,A,B,2,0,B
2,5130,True,A,B,1,2,A
2,5131,True,A,B,10,1,B
2,5132,False,,,,,
2,5133,True,B,A,4,1,B
2,5134,True,B,A,1,2,A
2,5135,True,A,B,4,1,B
2,5136,True,A,B,1,2,A
2,5137,True,B,A,3,1,B
2,5138,True,B,A,2,0,B
2,5139,True,B,A,1,1,A
2,5140,True,B,A,10,1,B
2,5141,True,B,A,6,1,B
2,5142,False,,,,,
2,5143,True,B,A,2,1,B
2,5144,True,B,A,4,1,B
2,5145,True,A,B,2,0,B
2,5146,True,B,A,3,1,B
2,5147,True,B,A,6,1,B
2,5148,True,B,A,0,1,A
2,5149,True,B,A,1,1,B
2,5150,True,A,B,4,1,B
2,5151,True,A,B,2,1,B
2,5152,True,B,A,1,1,B
2,5153,True,A,B,4,1,B
2,5154,True,A,B,3,1,B
2,5155,False,,,,,
2,5156,True,A,B,3,1,B
2,5157,True,B,A,4,1,B
2,5158,True,A,B,0,1,A
2,5159,True,B,A,3,1,B
2,5160,True,A,B,1,2,A
2,5161,True,A,B,3,1,A
2,5162,False,,,,,
2,5163,True,B,A,0,1,A
2,5164,True,B,A,10,1,B
2,5165,True,A,B,2,1,A
2,5166,True,A,B,0,1,A
2,5167,True,B,A,3,1,B
2,5168,True,B,A,2,0,B
2,5169,True,A,B,4,1,B
2,5170,True,B,A,10,1,B
2,5171,True,A,B,1,1,A
2,5172,True,A,B,2,1,A
2,5173,True,A,B,0,1,A
2,5174,True,A,B,0,1,A
2,5175,True,A,B,2,1,A
2,5176,True,B,A,6,1,B
2,5177,True,A,B,2,1,A
2,5178,True,A,B,4,1,B
2,5179,True,A,B,2,1,A
2,5180,True,A,B,6,1,B
2,5181,True,B,A,2,0,B
2,5182,True,B,A,1,1,A
2,5183,True,B,A,1,1,B
2,5184,True,A,B,10,1,B
2,5185,True,B,A,6,1,B
2,5186,True,B,A,1,2,A
2,5187,True,A,B,4,1,B
2,5188,True,B,A,6,1,B
2,5189,True,B,A,10,1,B
2,5190,True,B,A,1,2,A
2,5191,True,B,A,0,1,A
2,5192,True,B,A,1,2,A
2,5193,True,B,A,1,1,B
2,5194,True,A,B,4,1,B
2,5195,True,B,A,1,1,A
2,5196,True,A,B,1,1,A
2,5197,True,B,A,6,1,B
2,5198,True,A,B,2,1,A
2,5199,True,A,B,10,1,B
2,5200,True,B,A,3,1,B
2,5201,True,A,B,3,1,B
2,5202,True,B,A,0,1,A
2,5203,True,B,A,1,1,A
2,5204,True,B,A,3,1,A
2,5205,True,B,A,1,2,A
2,5206,True,B,A,6,1,B
2,5207,True,A,B,1,2,A
2,5208,True,A,B,10,1,B
2,5209,True,A,B,4,1,B
2,5210,True,B,A,2,1,B
2,5211,True,A,B,2,0,B
2,5212,False,,,,,
2,5213,True,B,A,6,1,B
2,5214,True,A,B,4,1,B
2,5215,True,B,A,2,1,B
2,5216,True,A,B,1,1,A
2,5217,True,A,B,10,1,B
2,5218,True,B,A,1,2,A
2,5219,True,A,B,0,1,A
2,5220,True,A,B,1,2,A
2,5221,True,B,A,6,1,B
2,5222,True,B,A,2,1,A
2,5223,True,A,B,4,1,B
2,5224,True,B,A,1,2,A
2,5225,True,B,A,1,1,A
2,5226,True,B,A,2,1,A
2,5227,False,,,,,
2,5228,True,B,A,2,0,B
2,5229,True,A,B,6,1,B
2,5230,False,,,,,
2,5231,True,B,A,6,1,A
2,5232,True,A,B,4,1,B
2,5233,True,B,A,2,1,A
2,5234,True,A,B,2,1,A
2,5235,True,B,A,2,0,B
2,5236,True,B,A,2,0,B
2,5237,True,A,B,4,1,B
2,5238,True,B,A,1,2,A
2,5239,True,A,B,6,1,B
2,5240,True,B,A,10,1,B
2,5241,True,B,A,3,1,A
2,5242,True,A,B,2,1,B
2,5243,True,B,A,0,1,A
2,5244,True,A,B,1,2,A
2,5245,True,B,A,6,1,B
2,5246,True,A,B,10,1,B
2,5247,False,,,,,
2,5248,True,B,A,2,1,B
2,5249,True,B,A,3,1,A
2,5250,True,B,A,4,1,A
2,5251,True,B,A,2,0,B
2,5252,True,A,B,2,0,B
2,5253,True,A,B,2,0,B
2,5254,True,A,B,1,2,A
2,5255,True,A,B,0,1,A
2,5256,True,A,B,1,1,A
2,5257,True,B,A,6,1,B
2,5258,True,A,B,1,2,A
2,5259,True,A,B,2,1,A
2,5260,True,A,B,10,1,B
2,5261,True,A,B,1,1,A
2,5262,True,A,B,2,1,B
2,5263,True,A,B,1,1,A
2,5264,True,A,B,4,1,B
2,5265,True,A,B,2,1,B
2,5266,True,A,B,1,1,A
2,5267,True,A,B,1,2,A
2,5268,True,A,B,6,1,B
2,5269,True,A,B,2,1,B
2,5270,False,,,,,
2,5271,True,A,B,4,1,B
2,5272,True,B,A,3,1,B
2,5273,True,A,B,2,1,A
2,5274,True,B,A,0,1,A
2,5275,True,A,B,2,0,B
2,5276,True,A,B,1,2,A
2,5277,True,B,A,2,1,A
2,5278,True,A,B,1,2,A
2,5279,False,,,,,
2,5280,True,B,A,10,1,B
2,5281,True,A,B,0,1,A
2,5282,True,A,B,2,0,B
2,5283,True,A,B,3,1,B
2,5284,True,A,B,3,1,A
2,5285,True,B,A,1,1,A
2,5286,True,B,A,0,1,A
2,5287,True,A,B,2,0,B
2,5288,True,B,A,4,1,B
2,5289,False,,,,,
2,5290,True,B,A,1,2,A
2,5291,True,B,A,2,0,B
2,5292,True,A,B,10,1,B
2,5293,True,A,B,1,2,A
2,5294,True,A,B,0,1,A
2,5295,True,A,B,0,1,A
2,5296,True,A,B,2,1,B
2,5297,True,B,A,3,1,B
2,5298,True,A,B,3,1,B
2,5299,True,A,B,2,0,B
2,5300,True,A,B,3,1,B
2,5301,True,B,A,10,1,B
2,5302,True,B,A,3,1,A
2,5303,True,B,A,6,1,B
2,5304,True,A,B,0,1,A
2,5305,True,B,A,1,2,A
2,5306,True,A,B,1,1,A
2,5307,True,A,B,10,1,B
2,5308,True,A,B,0,1,A
2,5309,True,A,B,6,1,B
2,5310,True,B,A,4,1,B
2,5311,True,B,A,3,1,B
2,5312,True,A,B,0,1,A
2,5313,True,A,B,1,2,B
2,5314,True,A,B,2,1,A
2,5315,True,B,A,2,1,A
2,5316,True,A,B,1,2,A
2,5317,True,B,A,1,2,A
2,5318,True,A,B,1,1,A
2,5319,True,B,A,1,1,B
2,5320,True,B,A,1,1,B
2,5321,True,A,B,1,2,A
2,5322,True,B,A,10,1,B
2,5323,False,,,,,
2,5324,True,B,A,2,1,A
2,5325,True,B,A,2,1,A
2,5326,True,B,A,2,1,B
2,5327,True,B,A,3,1,B
2,5328,True,A,B,10,1,B
2,5329,True,A,B,6,1,B
2,5330,True,B,A,1,1,A
2,5331,True,B,A,10,1,B
2,5332,True,B,A,1,1,A
2,5333,True,A,B,10,1,B
2,5334,True,B,A,6,1,B
2,5335,True,B,A,6,1,B
2,5336,True,B,A,6,1,B
2,5337,True,A,B,2,0,B
2,5338,True,B,A,2,1,A
2,5339,True,A,B,1,2,A
2,5340,True,B,A,2,0,B
2,5341,True,B,A,2,1,A
2,5342,True,B,A,1,2,A
2,5343,True,B,A,1,2,B
2,5344,True,A,B,6,1,B
2,5345,True,A,B,2,1,B
2,5346,True,B,A,2,0,B
2,5347,True,B,A,6,1,B
2,5348,True,B,A,1,2,A
2,5349,True,A,B,6,1,B
2,5350,True,A,B,2,0,B
2,5351,True,B,A,10,1,B
2,5352,True,B,A,3,1,B
2,5353,True,B,A,2,0,B
2,5354,True,B,A,2,1,A
2,5355,True,B,A,4,1,A
2,5356,True,A,B,4,1,B
2,5357,True,A,B,3,1,B
2,5358,True,A,B,10,1,B
2,5359,True,B,A,3,1,B
2,5360,True,A,B,0,1,A
2,5361,True,B,A,2,0,B
2,5362,True,B,A,6,1,B
2,5363,True,A,B,1,2,B
2,5364,True,B,A,3,1,A
2,5365,True,A,B,4,1,B
2,5366,True,B,A,2,1,A
2,5367,True,A,B,6,1,B
2,5368,True,B,A,2,0,B
2,5369,True,B,A,4,1,A
2,5370,True,B,A,10,1,B
2,5371,False,,,,,
2,5372,True,B,A,0,1,A
2,5373,True,B,A,6,1,B
2,5374,True,B,A,10,1,B
2,5375,True,A,B,1,2,A
2,5376,True,B,A,10,1,B
2,5377,True,B,A,2,0,B
2,5378,True,A,B,3,1,A
2,5379,True,A,B,2,1,B
2,5380,True,A,B,10,1,B
2,5381,True,A,B,1,2,A
2,5382,True,A,B,0,1,A
2,5383,True,A,B,0,1,A
2,5384,True,A,B,10,1,B
2,5385,True,B,A,6,1,B
2,5386,True,B,A,6,1,B
2,5387,True,A,B,2,1,A
2,5388,True,A,B,0,1,A
2,5389,True,A,B,1,2,A
2,5390,True,A,B,2,1,A
2,5391,True,A,B,0,1,A
2,5392,True,B,A,4,1,B
2,5393,True,A,B,1,1,A
2,5394,True,B,A,6,1,B
2,5395,True,B,A,2,1,A
2,5396,True,B,A,3,1,A
2,5397,True,B,A,2,1,A
2,5398,True,A,B,4,1,B
2,5399,True,A,B,6,1,B
2,5400,True,B,A,4,1,B
2,5401,True,A,B,4,1,B
2,5402,True,B,A,1,1,A
2,5403,True,B,A,1,2,A
2,5404,True,A,B,2,1,B
2,5405,True,A,B,0,1,A
2,5406,True,A,B,3,1,A
2,5407,True,A,B,4,1,B
2,5408,True,A,B,0,1,A
2,5409,True,B,A,2,1,A
2,5410,True,A,B,2,1,A
2,5411,False,,,,,
2,5412,True,B,A,0,1,A
2,5413,True,A,B,10,1,B
2,5414,False,,,,,
2,5415,True,B,A,1,2,A
2,5416,True,B,A,6,1,B
2,5417,True,B,A,4,1,B
2,5418,True,B,A,4,1,B
2,5419,True,B,A,10,1,B
2,5420,True,B,A,2,0,B
2,5421,False,,,,,
2,5422,True,A,B,1,2,A
2,5423,True,B,A,1,1,A
2,5424,True,A,B,2,1,B
2,5425,True,B,A,6,1,B
2,5426,True,B,A,2,0,B
2,5427,True,B,A,0,1,A
2,5428,True,B,A,1,1,B
2,5429,True,A,B,4,1,B
2,5430,True,B,A,3,1,B
2,5431,True,B,A,1,1,A
2,5432,True,B,A,2,1,A
2,5433,True,A,B,4,1,B
2,5434,True,A,B,2,1,B
2,5435,True,B,A,0,1,A
2,5436,True,B,A,3,1,A
2,5437,True,A,B,2,1,A
2,5438,True,B,A,4,1,A
2,5439,True,B,A,0,1,A
2,5440,False,,,,,
2,5441,True,A,B,2,1,A
2,5442,True,B,A,1,1,A
2,5443,False,,,,,
2,5444,True,A,B,2,1,A
2,5445,True,A,B,2,0,B
2,5446,True,B,A,6,1,B
2,5447,True,B,A,0,1,A
2,5448,False,,,,,
2,5449,True,B,A,4,1,B
2,5450,True,B,A,1,1,A
2,5451,True,A,B,10,1,B
2,5452,True,A,B,6,1,B
2,5453,True,A,B,3,1,B
2,5454,True,B,A,0,1,A
2,5455,True,B,A,1,1,A
2,5456,True,A,B,6,1,B
2,5457,True,A,B,6,1,B
2,5458,True,B,A,1,1,A
2,5459,True,A,B,1,2,A
2,5460,True,B,A,10,1,B
2,5461,True,B,A,1,2,A
2,5462,True,B,A,4,1,A
2,5463,True,A,B,1,2,A
2,5464,True,A,B,6,1,B
2,5465,True,A,B,6,1,B
2,5466,False,,,,,
2,5467,True,B,A,6,1,B
2,5468,True,B,A,10,1,B
2,5469,True,B,A,2,1,A
2,5470,True,B,A,2,1,A
2,5471,True,A,B,0,1,A
2,5472,True,B,A,4,1,A
2,5473,True,A,B,3,1,B
2,5474,True,B,A,4,1,B
2,5475,True,A,B,4,1,B
2,5476,True,A,B,2,1,B
2,5477,True,A,B,10,1,B
2,5478,True,A,B,1,1,B
2,5479,True,A,B,2,1,A
2,5480,True,A,B,6,1,B
2,5481,True,B,A,4,1,B
2,5482,False,,,,,
2,5483,True,B,A,4,1,B
2,5484,True,A,B,10,1,B
2,5485,True,B,A,10,1,B
2,5486,True,A,B,2,0,B
2,5487,True,A,B,1,1,A
2,5488,True,A,B,1,1,A
2,5489,True,A,B,1,1,A
2,5490,True,B,A,6,1,B
2,5491,True,B,A,10,1,B
2,5492,True,B,A,1,2,A
2,5493,True,A,B,0,1,A
2,5494,True,B,A,6,1,B
2,5495,True,B,A,2,1,A
2,5496,True,B,A,1,2,A
2,5497,True,A,B,10,1,B
2,5498,True,B,A,0,1,A
2,5499,True,B,A,3,1,B
2,5500,True,A,B,1,1,A
2,5501,True,B,A,3,1,B
2,5502,True,B,A,0,1,A
2,5503,True,B,A,10,1,B
2,5504,True,B,A,4,1,B
2,5505,True,B,A,4,1,B
2,5506,True,A,B,1,2,A
2,5507,False,,,,,
2,5508,True,A,B,10,1,B
2,5509,True,B,A,2,1,A
2,5510,True,B,A,3,1,A
2,5511,True,A,B,3,1,A
2,5512,True,B,A,4,1,B
2,5513,True,A,B,1,2,A
2,5514,False,,,,,
2,5515,True,B,A,4,1,B
2,5516,True,B,A,3,1,A
2,5517,True,B,A,3,1,A
2,5518,True,A,B,0,1,A
2,5519,True,A,B,0,1,A
2,5520,True,A,B,0,1,A
2,5521,True,B,A,1,1,A
2,5522,True,A,B,10,1,B
2,5523,True,B,A,6,1,B
2,5524,True,B,A,6,1,B
2,5525,True,A,B,1,1,A
2,5526,True,A,B,6,1,B
2,5527,True,B,A,2,0,B
2,5528,True,B,A,2,1,B
2,5529,True,A,B,2,1,A
2,5530,True,A,B,10,1,B
2,5531,True,A,B,4,1,B
2,5532,True,A,B,1,1,A
2,5533,True,A,B,1,1,A
2,5534,True,A,B,6,1,B
2,5535,True,B,A,0,1,A
2,5536,True,B,A,2,1,A
2,5537,True,A,B,10,1,B
2,5538,True,A,B,2,0,B
2,5539,True,B,A,2,1,A
2,5540,True,A,B,4,1,B
2,5541,True,A,B,10,1,B
2,5542,True,B,A,2,1,A
2,5543,True,A,B,10,1,B
2,5544,True,A,B,1,1,A
2,5545,True,A,B,2,0,B
2,5546,True,A,B,10,1,B
2,5547,True,B,A,1,2,B
2,5548,True,A,B,3,1,B
2,5549,True,B,A,6,1,B
2,5550,True,B,A,0,1,A
2,5551,True,B,A,1,1,A
2,5552,True,B,A,2,0,B
2,5553,True,B,A,6,1,B
2,5554,True,B,A,3,1,B
2,5555,True,B,A,10,1,B
2,5556,True,A,B,4,1,B
2,5557,True,A,B,1,1,A
2,5558,True,A,B,3,1,B
2,5559,True,A,B,1,2,A
2,5560,True,B,A,10,1,B
2,5561,True,B,A,1,2,A
2,5562,True,B,A,6,1,B
2,5563,True,B,A,4,1,B
2,5564,True,B,A,3,1,B
2,5565,True,B,A,10,1,B
2,5566,True,B,A,3,1,B
2,5567,True,B,A,10,1,B
2,5568,True,A,B,4,1,B
2,5569,True,A,B,2,0,B
2,5570,True,B,A,3,1,B
2,5571,False,,,,,
2,5572,True,A,B,4,1,B
2,5573,True,B,A,10,1,B
2,5574,True,A,B,1,2,A
2,5575,True,A,B,10,1,B
2,5576,True,B,A,3,1,A
2,5577,True,B,A,1,2,A
2,5578,True,B,A,2,1,A
2,5579,True,B,A,1,2,A
2,5580,True,A,B,10,1,B
2,5581,True,B,A,4,1,B
2,5582,True,B,A,1,2,A
2,5583,True,B,A,0,1,A
2,5584,True,A,B,10,1,B
2,5585,True,B,A,1,2,B
2,5586,True,B,A,4,1,A
2,5587,True,A,B,1,2,A
2,5588,True,B,A,1,1,A
2,5589,True,B,A,0,1,A
2,5590,True,A,B,0,1,A
2,5591,True,A,B,1,2,A
2,5592,True,B,A,1,2,A
2,5593,True,A,B,1,2,A
2,5594,True,B,A,0,1,A
2,5595,True,A,B,3,1,B
2,5596,True,A,B,10,1,B
2,5597,True,A,B,1,1,A
2,5598,True,A,B,2,1,A
2,5599,True,B,A,10,1,B
2,5600,True,A,B,1,2,A
2,5601,True,A,B,10,1,B
2,5602,True,B,A,3,1,A
2,5603,True,A,B,3,1,B
2,5604,False,,,,,
2,5605,False,,,,,
2,5606,True,A,B,10,1,B
2,5607,True,A,B,2,0,B
2,5608,True,B,A,6,1,B
2,5609,True,A,B,2,1,A
2,5610,True,A,B,3,1,B
2,5611,True,A,B,0,1,A
2,5612,True,A,B,6,1,B
2,5613,True,B,A,1,1,A
2,5614,False,,,,,
2,5615,True,B,A,2,1,B
2,5616,True,A,B,1,1,A
2,5617,True,A,B,3,1,B
2,5618,True,B,A,0,1,A
2,5619,True,B,A,4,1,B
2,5620,True,B,A,2,0,B
2,5621,True,A,B,4,1,B
2,5622,True,A,B,0,1,A
2,5623,True,B,A,10,1,B
2,5624,True,A,B,6,1,B
2,5625,True,A,B,0,1,A
2,5626,True,A,B,1,1,A
2,5627,True,B,A,0,1,A
2,5628,True,B,A,6,1,B
2,5629,True,B,A,1,1,A
2,5630,True,B,A,1,1,A
2,5631,True,A,B,2,0,B
2,5632,True,A,B,10,1,B
2,5633,True,A,B,2,0,B
2,5634,True,A,B,0,1,A
2,5635,True,B,A,0,1,A
2,5636,True,B,A,1,2,A
2,5637,True,B,A,6,1,B
2,5638,True,B,A,10,1,B
2,5639,True,B,A,3,1,B
2,5640,True,A,B,3,1,A
2,5641,True,B,A,10,1,B
2,5642,True,B,A,2,1,A
2,5643,True,B,A,3,1,B
2,5644,True,B,A,1,1,B
2,5645,True,B,A,0,1,A
2,5646,True,A,B,2,1,A
2,5647,True,B,A,2,1,A
2,5648,True,A,B,6,1,B
2,5649,True,B,A,1,1,A
2,5650,True,A,B,4,1,B
2,5651,True,A,B,2,1,B
2,5652,True,B,A,4,1,B
2,5653,True,A,B,3,1,B
2,5654,True,B,A,6,1,B
2,5655,True,A,B,1,2,B
2,5656,True,A,B,1,1,B
2,5657,True,B,A,0,1,A
2,5658,True,A,B,4,1,B
2,5659,True,A,B,1,2,A
2,5660,True,A,B,2,0,B
2,5661,False,,,,,
2,5662,True,B,A,1,1,A
2,5663,False,,,,,
2,5664,True,A,B,4,1,B
2,5665,True,B,A,1,2,B
2,5666,True,A,B,10,1,B
2,5667,True,B,A,4,1,B
2,5668,True,A,B,10,1,B
2,5669,True,B,A,3,1,B
2,5670,True,A,B,10,1,B
2,5671,True,B,A,0,1,A
2,5672,True,B,A,4,1,A
2,5673,True,A,B,6,1,B
2,5674,False,,,,,
2,5675,True,B,A,1,2,A
2,5676,False,,,,,
2,5677,True,B,A,0,1,A
2,5678,True,A,B,2,0,B
2,5679,True,B,A,10,1,B
2,5680,True,A,B,2,1,A
2,5681,True,A,B,4,1,B
2,5682,True,A,B,2,1,A
2,5683,True,A,B,2,1,A
2,5684,True,B,A,3,1,B
2,5685,True,A,B,0,1,A
2,5686,True,B,A,3,1,B
2,5687,True,B,A,3,1,B
2,5688,True,B,A,1,2,A
2,5689,True,A,B,3,1,A
2,5690,True,A,B,3,1,A
2,5691,True,A,B,2,1,A
2,5692,True,B,A,0,1,A
2,5693,True,A,B,10,1,B
2,5694,True,A,B,0,1,A
2,5695,True,A,B,0,1,A
2,5696,True,B,A,10,1,B
2,5697,True,A,B,10,1,B
2,5698,True,A,B,4,1,B
2,5699,True,A,B,4,1,A
2,5700,True,A,B,1,2,A
2,5701,True,A,B,3,1,A
2,5702,True,A,B,1,2,A
2,5703,True,A,B,2,0,B
2,5704,True,B,A,1,1,B
2,5705,True,A,B,1,1,A
2,5706,True,A,B,1,1,A
2,5707,True,B,A,1,1,A
2,5708,True,A,B,0,1,A
2,5709,True,B,A,1,2,A
2,5710,True,B,A,6,1,B
2,5711,True,B,A,3,1,A
2,5712,True,B,A,1,2,A
2,5713,True,A,B,0,1,A
2,5714,True,A,B,3,1,B
2,5715,True,A,B,3,1,B
2,5716,True,B,A,10,1,B
2,5717,True,B,A,1,1,A
2,5718,False,,,,,
2,5719,True,A,B,2,1,B
2,5720,True,B,A,3,1,A
2,5721,True,B,A,2,0,B
2,5722,True,A,B,3,1,B
2,5723,True,B,A,1,2,A
2,5724,True,A,B,3,1,B
2,5725,True,A,B,10,1,B
2,5726,True,B,A,6,1,B
2,5727,True,B,A,2,0,B
2,5728,True,B,A,10,1,B
2,5729,True,B,A,6,1,B
2,5730,True,A,B,2,0,B
2,5731,True,B,A,1,1,A
2,5732,True,A,B,1,1,A
2,5733,True,A,B,1,2,A
2,5734,True,B,A,2,1,A
2,5735,True,A,B,6,1,B
2,5736,True,A,B,1,2,A
2,5737,True,B,A,2,1,B
2,5738,True,B,A,6,1,B
2,5739,True,B,A,1,1,A
2,5740,True,B,A,6,1,B
2,5741,True,B,A,2,1,B
2,5742,True,A,B,6,1,B
2,5743,True,A,B,1,2,A
2,5744,True,B,A,6,1,B
2,5745,True,B,A,1,2,A
2,5746,True,B,A,1,1,A
2,5747,True,A,B,1,2,A
2,5748,True,B,A,1,2,A
2,5749,True,A,B,1,1,A
2,5750,True,B,A,3,1,A
2,5751,False,,,,,
2,5752,False,,,,,
2,5753,True,B,A,4,1,B
2,5754,True,B,A,1,1,A
2,5755,True,A,B,4,1,B
2,5756,True,A,B,1,1,A
2,5757,True,A,B,3,1,B
2,5758,True,A,B,1,1,A
2,5759,True,A,B,1,1,B
2,5760,False,,,,,
2,5761,False,,,,,
2,5762,True,B,A,4,1,B
2,5763,False,,,,,
2,5764,True,B,A,1,1,B
2,5765,True,B,A,6,1,B
2,5766,True,A,B,2,0,B
2,5767,True,A,B,6,1,B
2,5768,True,A,B,4,1,B
2,5769,True,B,A,0,1,A
2,5770,True,B,A,1,2,A
2,5771,True,A,B,0,1,A
2,5772,True,B,A,3,1,A
2,5773,True,A,B,10,1,B
2,5774,True,B,A,6,1,B
2,5775,False,,,,,
2,5776,True,B,A,0,1,A
2,5777,True,B,A,3,1,B
2,5778,True,B,A,2,1,B
2,5779,True,A,B,2,1,B
2,5780,True,B,A,1,1,A
2,5781,True,B,A,3,1,A
2,5782,True,B,A,4,1,B
2,5783,True,B,A,2,0,B
2,5784,True,B,A,3,1,B
2,5785,True,A,B,1,1,A
2,5786,True,B,A,3,1,B
2,5787,True,B,A,1,1,A
2,5788,True,A,B,2,1,A
2,5789,True,B,A,2,0,B
2,5790,True,A,B,1,2,A
2,5791,True,A,B,2,0,B
2,5792,True,B,A,1,1,A
2,5793,True,B,A,1,1,A
2,5794,True,A,B,3,1,B
2,5795,True,A,B,4,1,B
2,5796,True,B,A,10,1,B
2,5797,True,A,B,4,1,B
2,5798,True,B,A,1,1,A
2,5799,True,A,B,4,1,B
2,5800,True,A,B,4,1,B
2,5801,True,B,A,6,1,B
2,5802,True,B,A,2,1,A
2,5803,True,B,A,2,1,B
2,5804,True,B,A,4,1,B
2,5805,True,B,A,2,0,B
2,5806,True,A,B,4,1,B
2,5807,True,A,B,6,1,B
2,5808,True,B,A,3,1,B
2,5809,True,B,A,3,1,B
2,5810,True,A,B,1,1,A
2,5811,True,B,A,4,1,B
2,5812,True,A,B,4,1,B
2,5813,True,B,A,2,1,B
2,5814,True,B,A,0,1,A
2,5815,True,B,A,2,0,B
2,5816,True,A,B,2,1,B
2,5817,True,A,B,6,1,B
2,5818,True,A,B,1,1,A
2,5819,True,A,B,4,1,B
2,5820,True,A,B,6,1,B
2,5821,True,B,A,10,1,B
2,5822,True,A,B,10,1,B
2,5823,True,A,B,0,1,A
2,5824,True,B,A,3,1,B
2,5825,False,,,,,
2,5826,True,A,B,6,1,B
2,5827,True,B,A,1,2,A
2,5828,True,B,A,1,1,A
2,5829,False,,,,,
2,5830,True,A,B,1,1,B
2,5831,True,A,B,1,1,B
2,5832,True,B,A,4,1,B
2,5833,True,A,B,3,1,B
2,5834,True,A,B,2,0,B
2,5835,True,B,A,1,2,A
2,5836,True,A,B,3,1,B
2,5837,True,A,B,1,1,B
2,5838,True,B,A,2,0,B
2,5839,True,B,A,2,1,A
2,5840,True,A,B,1,1,A
2,5841,True,B,A,4,1,B
2,5842,True,B,A,0,1,A
2,5843,True,A,B,4,1,B
2,5844,True,B,A,0,1,A
2,5845,True,B,A,1,2,A
2,5846,True,B,A,10,1,B
2,5847,True,A,B,1,1,B
2,5848,True,B,A,3,1,B
2,5849,True,B,A,1,1,A
2,5850,True,B,A,1,2,A
2,5851,True,B,A,4,1,B
2,5852,True,A,B,1,2,A
2,5853,True,B,A,0,1,A
2,5854,True,A,B,0,1,A
2,5855,True,B,A,1,1,B
2,5856,True,A,B,2,1,A
2,5857,True,A,B,2,0,B
2,5858,True,B,A,0,1,A
2,5859,False,,,,,
2,5860,True,A,B,2,1,B
2,5861,True,A,B,3,1,A
2,5862,True,B,A,0,1,A
2,5863,True,B,A,1,1,A
2,5864,True,A,B,2,1,B
2,5865,True,A,B,1,2,A
2,5866,True,B,A,1,1,B
2,5867,True,A,B,3,1,B
2,5868,True,B,A,2,0,B
2,5869,True,B,A,0,1,A
2,5870,True,A,B,4,1,A
2,5871,True,B,A,6,1,B
2,5872,True,B,A,1,2,A
2,5873,True,A,B,2,1,B
2,5874,True,B,A,1,1,A
2,5875,True,B,A,10,1,B
2,5876,True,B,A,6,1,B
2,5877,True,A,B,10,1,B
2,5878,True,B,A,3,1,B
2,5879,True,A,B,0,1,A
2,5880,True,B,A,6,1,B
2,5881,True,A,B,2,1,A
2,5882,True,B,A,1,1,B
2,5883,True,A,B,1,2,A
2,5884,False,,,,,
2,5885,True,B,A,0,1,A
2,5886,True,A,B,10,1,B
2,5887,True,A,B,3,1,B
2,5888,True,B,A,1,2,A
2,5889,True,A,B,0,1,A
2,5890,False,,,,,
2,5891,True,B,A,2,1,A
2,5892,True,A,B,10,1,B
2,5893,True,B,A,1,1,A
2,5894,True,B,A,0,1,A
2,5895,True,B,A,1,2,A
2,5896,True,A,B,1,2,A
2,5897,True,B,A,1,1,A
2,5898,True,B,A,10,1,B
2,5899,True,A,B,3,1,B
2,5900,True,A,B,2,1,B
2,5901,True,A,B,3,1,B
2,5902,True,A,B,1,2,B
2,5903,True,A,B,2,0,B
2,5904,True,A,B,2,1,A
2,5905,True,B,A,1,2,A
2,5906,True,B,A,2,0,B
2,5907,True,B,A,2,1,A
2,5908,True,A,B,0,1,A
2,5909,True,B,A,0,1,A
2,5910,True,B,A,1,2,A
2,5911,True,A,B,10,1,B
2,5912,True,B,A,3,1,A
2,5913,True,B,A,3,1,A
2,5914,False,,,,,
2,5915,True,B,A,2,0,B
2,5916,True,A,B,4,1,B
2,5917,True,B,A,6,1,B
2,5918,True,A,B,0,1,A
2,5919,True,A,B,0,1,A
2,5920,True,A,B,1,1,A
2,5921,True,B,A,10,1,B
2,5922,True,B,A,2,1,A
2,5923,True,A,B,2,1,B
2,5924,True,A,B,0,1,A
2,5925,True,B,A,2,1,A
2,5926,True,B,A,1,2,A
2,5927,True,B,A,4,1,A
2,5928,True,A,B,3,1,B
2,5929,True,A,B,2,1,A
2,5930,True,A,B,0,1,A
2,5931,True,B,A,3,1,A
2,5932,True,B,A,1,1,A
2,5933,True,A,B,3,1,B
2,5934,True,A,B,2,0,B
2,5935,True,B,A,4,1,A
2,5936,True,A,B,10,1,B
2,5937,True,A,B,6,1,B
2,5938,True,B,A,3,1,A
2,5939,True,B,A,10,1,B
2,5940,True,A,B,1,2,A
2,5941,True,B,A,10,1,B
2,5942,True,B,A,3,1,A
2,5943,True,A,B,3,1,B
2,5944,True,A,B,6,1,B
2,5945,True,A,B,1,2,A
2,5946,True,B,A,2,0,B
2,5947,True,B,A,2,1,B
2,5948,True,B,A,2,0,B
2,5949,True,B,A,2,0,B
2,5950,True,B,A,2,1,A
2,5951,True,B,A,10,1,B
2,5952,True,A,B,1,1,A
2,5953,False,,,,,
2,5954,True,A,B,4,1,B
2,5955,True,B,A,1,1,A
2,5956,True,A,B,2,0,B
2,5957,True,A,B,1,1,A
2,5958,True,B,A,0,1,A
2,5959,True,A,B,1,1,A
2,5960,True,A,B,4,1,B
2,5961,True,A,B,4,1,B
2,5962,True,B,A,4,1,A
2,5963,True,B,A,1,2,A
2,5964,True,A,B,2,1,B
2,5965,True,B,A,1,2,A
2,5966,True,B,A,2,1,B
2,5967,True,B,A,0,1,A
2,5968,True,B,A,2,0,B
2,5969,True,B,A,1,2,A
2,5970,True,B,A,0,1,A
2,5971,True,B,A,2,0,B
2,5972,True,A,B,3,1,B
2,5973,True,A,B,3,1,B
2,5974,True,A,B,6,1,B
2,5975,True,B,A,6,1,B
2,5976,True,A,B,4,1,B
2,5977,True,A,B,1,2,A
2,5978,True,A,B,1,2,A
2,5979,True,B,A,2,1,B
2,5980,True,A,B,1,1,A
2,5981,True,B,A,4,1,B
2,5982,False,,,,,
2,5983,True,B,A,4,1,B
2,5984,True,B,A,0,1,A
2,5985,False,,,,,
2,5986,True,A,B,1,2,A
2,5987,True,B,A,10,1,B
2,5988,True,B,A,0,1,A
2,5989,True,A,B,0,1,A
2,5990,True,B,A,1,1,A
2,5991,True,B,A,1,1,A
2,5992,True,B,A,0,1,A
2,5993,True,B,A,2,1,B
2,5994,True,A,B,1,1,A
2,5995,True,A,B,4,1,B
2,5996,True,A,B,1,2,A
2,5997,True,B,A,6,1,B
2,5998,True,B,A,2,0,B
2,5999,True,B,A,3,1,B
2,6000,True,B,A,10,1,B
2,6001,True,A,B,2,1,B
2,6002,True,B,A,4,1,B
2,6003,True,B,A,4,1,B
2,6004,True,B,A,1,2,A
2,6005,True,A,B,0,1,A
2,6006,True,A,B,0,1,A
2,6007,True,B,A,6,1,B
2,6008,True,B,A,0,1,A
2,6009,True,B,A,10,1,B
2,6010,True,B,A,4,1,B
2,6011,False,,,,,
2,6012,True,B,A,10,1,B
2,6013,True,A,B,10,1,B
2,6014,True,A,B,1,2,A
2,6015,True,B,A,3,1,A
2,6016,True,A,B,6,1,B
2,6017,True,B,A,1,2,A
2,6018,True,B,A,6,1,B
2,6019,True,B,A,3,1,B
2,6020,True,B,A,3,1,B
2,6021,True,A,B,4,1,B
2,6022,True,B,A,4,1,B
2,6023,True,A,B,1,1,A
2,6024,True,B,A,4,1,B
2,6025,True,A,B,4,1,B
2,6026,True,B,A,3,1,B
2,6027,True,B,A,1,2,A
2,6028,False,,,,,
2,6029,True,B,A,10,1,B
2,6030,True,B,A,6,1,B
2,6031,False,,,,,
2,6032,True,A,B,2,1,B
2,6033,False,,,,,
2,6034,True,A,B,4,1,B
2,6035,False,,,,,
2,6036,True,A,B,3,1,B
2,6037,True,A,B,1,1,B
2,6038,True,B,A,0,1,A
2,6039,True,A,B,3,1,B
2,6040,True,A,B,2,1,A
2,6041,True,A,B,2,0,B
2,6042,True,B,A,1,2,A
2,6043,True,A,B,3,1,B
2,6044,True,A,B,10,1,B
2,6045,True,A,B,10,1,B
2,6046,True,B,A,1,2,A
2,6047,True,A,B,1,2,A
2,6048,True,A,B,0,1,A
2,6049,True,B,A,1,2,A
2,6050,True,B,A,10,1,B
2,6051,True,A,B,4,1,B
2,6052,True,B,A,10,1,B
2,6053,True,B,A,1,2,A
2,6054,False,,,,,
2,6055,True,A,B,10,1,B
2,6056,True,B,A,2,1,A
2,6057,True,B,A,10,1,B
2,6058,False,,,,,
2,6059,True,B,A,3,1,A
2,6060,True,A,B,3,1,B
2,6061,True,A,B,2,0,B
2,6062,True,A,B,3,1,B
2,6063,True,A,B,3,1,B
2,6064,False,,,,,
2,6065,True,A,B,6,1,B
2,6066,True,B,A,1,1,A
2,6067,True,A,B,4,1,B
2,6068,True,A,B,10,1,B
2,6069,True,B,A,1,1,A
2,6070,True,B,A,6,1,B
2,6071,True,B,A,0,1,A
2,6072,True,B,A,1,2,B
2,6073,True,A,B,6,1,A
2,6074,True,B,A,0,1,A
2,6075,False,,,,,
2,6076,True,A,B,2,1,B
2,6077,True,A,B,3,1,B
2,6078,False,,,,,
2,6079,False,,,,,
2,6080,True,B,A,6,1,B
2,6081,True,B,A,1,2,A
2,6082,True,A,B,4,1,B
2,6083,True,A,B,4,1,B
2,6084,True,A,B,3,1,B
2,6085,True,A,B,2,0,B
2,6086,True,A,B,2,1,B
2,6087,True,A,B,1,1,B
2,6088,True,B,A,6,1,B
2,6089,True,A,B,0,1,A
2,6090,False,,,,,
2,6091,True,B,A,1,1,A
2,6092,True,B,A,2,1,A
2,6093,True,A,B,1,1,A
2,6094,True,B,A,6,1,B
2,6095,True,B,A,2,1,A
2,6096,True,B,A,6,1,B
2,6097,True,B,A,6,1,B
2,6098,True,B,A,1,2,A
2,6099,True,B,A,2,1,A
2,6100,False,,,,,
2,6101,True,B,A,3,1,B
2,6102,True,B,A,6,1,B
2,6103,True,A,B,2,1,B
2,6104,True,A,B,2,1,B
2,6105,True,A,B,10,1,B
2,6106,True,B,A,1,1,A
2,6107,True,A,B,6,1,B
2,6108,False,,,,,
2,6109,True,A,B,6,1,B
2,6110,True,B,A,0,1,A
2,6111,True,B,A,4,1,B
2,6112,True,A,B,6,1,B
2,6113,True,A,B,1,1,B
2,6114,True,B,A,0,1,A
2,6115,True,B,A,6,1,B
2,6116,True,B,A,4,1,B
2,6117,True,A,B,1,2,A
2,6118,True,B,A,1,2,A
2,6119,True,A,B,0,1,A
2,6120,True,A,B,3,1,B
2,6121,True,A,B,2,1,B
2,6122,True,A,B,1,1,A
2,6123,True,B,A,6,1,B
2,6124,True,B,A,2,0,B
2,6125,True,B,A,1,2,A
2,6126,True,B,A,4,1,B
2,6127,True,A,B,1,1,A
2,6128,True,A,B,2,1,A
2,6129,True,B,A,10,1,B
2,6130,True,B,A,4,1,B
2,6131,True,A,B,2,0,B
2,6132,True,A,B,1,1,A
2,6133,True,A,B,3,1,B
2,6134,True,B,A,2,1,B
2,6135,True,A,B,10,1,B
2,6136,True,A,B,1,1,A
2,6137,True,B,A,1,1,A
2,6138,True,B,A,10,1,B
2,6139,True,B,A,1,1,A
2,6140,True,A,B,3,1,B
2,6141,True,B,A,3,1,A
2,6142,True,A,B,1,2,A
2,6143,True,B,A,1,1,A
2,6144,True,A,B,3,1,A
2,6145,True,B,A,3,1,B
2,6146,True,B,A,4,1,B
2,6147,True,B,A,6,1,B
2,6148,True,B,A,0,1,A
2,6149,True,A,B,3,1,A
2,6150,True,A,B,6,1,B
2,6151,True,B,A,1,1,B
2,6152,True,B,A,1,2,A
2,6153,True,B,A,10,1,B
2,6154,True,B,A,1,2,A
2,6155,True,B,A,1,2,A
2,6156,True,A,B,6,1,B
2,6157,True,B,A,3,1,B
2,6158,True,A,B,2,0,B
2,6159,True,B,A,0,1,A
2,6160,True,B,A,1,1,A
2,6161,True,B,A,10,1,B
2,6162,True,A,B,3,1,B
2,6163,True,B,A,1,1,A
2,6164,True,B,A,3,1,B
2,6165,True,B,A,2,1,B
2,6166,True,A,B,2,1,A
2,6167,True,A,B,6,1,B
2,6168,True,A,B,10,1,B
2,6169,True,A,B,6,1,B
2,6170,True,B,A,2,1,A
2,6171,True,B,A,1,1,A
2,6172,True,A,B,2,0,B
2,6173,True,B,A,10,1,B
2,6174,True,B,A,1,1,A
2,6175,True,B,A,3,1,A
2,6176,True,B,A,6,1,B
2,6177,True,B,A,6,1,B
2,6178,True,B,A,1,1,B
2,6179,False,,,,,
2,6180,True,B,A,1,2,B
2,6181,True,B,A,2,1,A
2,6182,True,B,A,0,1,A
2,6183,True,A,B,3,1,B
2,6184,True,A,B,4,1,B
2,6185,True,A,B,6,1,B
2,6186,True,B,A,1,1,A
2,6187,True,A,B,10,1,B
2,6188,True,A,B,10,1,B
2,6189,True,A,B,1,2,A
2,6190,True,A,B,4,1,B
2,6191,True,B,A,4,1,A
2,6192,True,B,A,6,1,B
2,6193,True,B,A,1,1,B
2,6194,True,A,B,6,1,B
2,6195,True,B,A,1,2,B
2,6196,True,B,A,4,1,B
2,6197,True,A,B,4,1,B
2,6198,True,B,A,1,2,B
2,6199,True,B,A,4,1,B
2,6200,True,A,B,1,2,A
2,6201,True,B,A,2,0,B
2,6202,True,A,B,6,1,B
2,6203,True,A,B,2,0,B
2,6204,True,B,A,4,1,B
2,6205,True,A,B,1,2,A
2,6206,True,A,B,4,1,B
2,6207,True,B,A,1,2,A
2,6208,True,A,B,0,1,A
2,6209,True,B,A,1,1,A
2,6210,False,,,,,
2,6211,False,,,,,
2,6212,True,A,B,6,1,B
2,6213,True,A,B,1,2,A
2,6214,True,B,A,1,1,B
2,6215,True,A,B,1,2,A
2,6216,True,B,A,1,1,A
2,6217,True,A,B,2,0,B
2,6218,True,A,B,1,2,A
2,6219,True,A,B,3,1,B
2,6220,True,B,A,10,1,B
2,6221,True,B,A,10,1,B
2,6222,True,A,B,10,1,B
2,6223,True,B,A,4,1,B
2,6224,True,A,B,10,1,B
2,6225,True,B,A,2,1,A
2,6226,True,B,A,4,1,B
2,6227,True,A,B,6,1,B
2,6228,True,B,A,3,1,B
2,6229,True,B,A,4,1,B
2,6230,True,B,A,2,1,A
2,6231,True,B,A,2,1,A
2,6232,True,B,A,4,1,B
2,6233,True,A,B,1,1,B
2,6234,True,A,B,1,1,A
2,6235,True,B,A,1,1,A
2,6236,False,,,,,
2,6237,True,A,B,4,1,B
2,6238,True,A,B,3,1,A
2,6239,True,B,A,0,1,A
2,6240,True,B,A,4,1,B
2,6241,True,B,A,10,1,B
2,6242,True,B,A,3,1,A
2,6243,False,,,,,
2,6244,True,B,A,1,2,A
2,6245,True,A,B,2,0,B
2,6246,True,A,B,10,1,B
2,6247,True,A,B,4,1,B
2,6248,True,B,A,2,0,B
2,6249,True,A,B,4,1,B
2,6250,True,A,B,10,1,B
2,6251,True,A,B,1,2,A
2,6252,True,B,A,1,1,A
2,6253,True,A,B,1,1,A
2,6254,True,A,B,1,1,A
2,6255,True,B,A,0,1,A
2,6256,True,A,B,0,1,A
2,6257,True,A,B,1,1,A
2,6258,False,,,,,
2,6259,True,A,B,3,1,B
2,6260,True,B,A,1,1,A
2,6261,True,B,A,2,1,A
2,6262,True,B,A,10,1,B
2,6263,True,A,B,10,1,B
2,6264,True,B,A,2,1,A
2,6265,True,A,B,1,1,A
2,6266,True,B,A,2,0,B
2,6267,True,A,B,1,2,A
2,6268,True,B,A,4,1,B
2,6269,True,B,A,1,2,B
2,6270,True,A,B,1,1,A
2,6271,True,A,B,4,1,B
2,6272,True,A,B,1,1,B
2,6273,True,B,A,1,2,A
2,6274,True,B,A,6,1,B
2,6275,True,A,B,1,1,A
2,6276,True,B,A,1,2,A
2,6277,True,B,A,2,1,A
2,6278,True,A,B,6,1,B
2,6279,True,B,A,2,1,A
2,6280,True,A,B,1,1,A
2,6281,False,,,,,
2,6282,True,A,B,2,1,A
2,6283,True,A,B,2,0,B
2,6284,True,B,A,1,1,A
2,6285,True,A,B,2,0,B
2,6286,True,B,A,10,1,B
2,6287,True,A,B,2,0,B
2,6288,True,B,A,6,1,B
2,6289,False,,,,,
2,6290,True,B,A,1,1,A
2,6291,True,A,B,3,1,B
2,6292,True,B,A,3,1,B
2,6293,True,A,B,4,1,B
2,6294,True,B,A,2,0,B
2,6295,True,A,B,2,0,B
2,6296,True,B,A,1,2,A
2,6297,True,A,B,2,1,B
2,6298,True,A,B,0,1,A
2,6299,True,A,B,0,1,A
2,6300,True,B,A,3,1,B
2,6301,True,B,A,0,1,A
2,6302,True,A,B,0,1,A
2,6303,True,B,A,1,1,A
2,6304,True,B,A,0,1,A
2,6305,True,B,A,10,1,B
2,6306,True,A,B,3,1,A
2,6307,True,B,A,1,1,B
2,6308,True,B,A,4,1,A
2,6309,True,A,B,3,1,A
2,6310,True,A,B,4,1,B
2,6311,True,A,B,10,1,B
2,6312,True,A,B,3,1,B
2,6313,True,B,A,10,1,B
2,6314,True,A,B,2,1,A
2,6315,True,B,A,1,1,A
2,6316,True,B,A,10,1,B
2,6317,True,A,B,10,1,B
2,6318,True,B,A,3,1,B
2,6319,False,,,,,
2,6320,True,B,A,1,1,A
2,6321,True,B,A,3,1,B
2,6322,True,A,B,6,1,B
2,6323,True,A,B,2,1,B
2,6324,True,A,B,1,2,A
2,6325,True,A,B,1,1,A
2,6326,True,B,A,6,1,B
2,6327,True,A,B,2,1,B
2,6328,True,A,B,10,1,B
2,6329,True,B,A,2,0,B
2,6330,True,A,B,3,1,A
2,6331,True,A,B,1,2,A
2,6332,True,A,B,2,0,B
2,6333,True,A,B,1,1,B
2,6334,True,B,A,10,1,B
2,6335,True,A,B,4,1,B
2,6336,False,,,,,
2,6337,True,B,A,0,1,A
2,6338,True,B,A,4,1,B
2,6339,True,B,A,1,1,A
2,6340,True,B,A,1,1,A
2,6341,True,B,A,4,1,B
2,6342,True,A,B,1,1,B
2,6343,True,B,A,10,1,B
2,6344,True,B,A,6,1,B
2,6345,True,A,B,3,1,B
2,6346,True,B,A,6,1,B
2,6347,True,B,A,1,1,A
2,6348,True,B,A,1,2,A
2,6349,True,A,B,0,1,A
2,6350,True,A,B,2,0,B
2,6351,True,A,B,3,1,B
2,6352,True,B,A,2,1,A
2,6353,True,A,B,0,1,A
2,6354,True,B,A,0,1,A
2,6355,True,B,A,1,2,A
2,6356,True,B,A,1,1,A
2,6357,True,B,A,2,0,B
2,6358,True,A,B,1,1,A
2,6359,True,A,B,1,2,A
2,6360,True,A,B,1,2,A
2,6361,True,A,B,2,0,B
2,6362,True,A,B,10,1,B
2,6363,True,A,B,4,1,B
2,6364,True,A,B,0,1,A
2,6365,True,A,B,4,1,B
2,6366,True,B,A,1,1,A
2,6367,True,A,B,10,1,B
2,6368,True,A,B,3,1,B
2,6369,True,A,B,4,1,B
2,6370,True,B,A,2,1,A
2,6371,True,A,B,0,1,A
2,6372,True,B,A,1,1,A
2,6373,True,B,A,0,1,A
2,6374,True,A,B,2,0,B
2,6375,True,B,A,4,1,B
2,6376,True,B,A,4,1,B
2,6377,True,B,A,3,1,B
2,6378,True,A,B,3,1,B
2,6379,True,B,A,6,1,B
2,6380,True,A,B,4,1,B
2,6381,True,A,B,10,1,B
2,6382,True,A,B,10,1,B
2,6383,True,B,A,1,2,A
2,6384,True,B,A,3,1,B
2,6385,True,B,A,2,1,A
2,6386,True,B,A,10,1,B
2,6387,True,A,B,10,1,B
2,6388,True,A,B,6,1,B
2,6389,True,B,A,3,1,B
2,6390,True,A,B,0,1,A
2,6391,True,A,B,6,1,B
2,6392,True,B,A,2,1,B
2,6393,True,B,A,4,1,B
2,6394,True,B,A,6,1,B
2,6395,True,B,A,2,0,B
2,6396,True,A,B,3,1,B
2,6397,True,A,B,3,1,B
2,6398,True,A,B,1,2,A
2,6399,True,A,B,1,1,A
2,6400,True,B,A,1,2,A
2,6401,True,B,A,3,1,B
2,6402,True,B,A,4,1,B
2,6403,True,A,B,1,2,A
2,6404,True,A,B,1,1,A
2,6405,True,B,A,1,2,A
2,6406,True,A,B,2,1,B
2,6407,True,B,A,0,1,A
2,6408,True,A,B,2,1,B
2,6409,True,B,A,1,1,A
2,6410,True,A,B,1,1,B
2,6411,True,A,B,2,1,B
2,6412,True,A,B,2,1,A
2,6413,True,B,A,3,1,B
2,6414,True,B,A,4,1,B
2,6415,True,A,B,4,1,B
2,6416,True,A,B,2,1,B
2,6417,True,A,B,3,1,B
2,6418,True,A,B,1,2,A
2,6419,True,B,A,1,2,A
2,6420,True,A,B,1,1,A
2,6421,True,B,A,3,1,B
2,6422,True,B,A,0,1,A
2,6423,True,A,B,2,1,A
2,6424,True,B,A,0,1,A
2,6425,True,B,A,0,1,A
2,6426,True,B,A,1,1,B
2,6427,True,A,B,1,1,A
2,6428,True,B,A,1,1,A
2,6429,True,B,A,10,1,B
2,6430,True,A,B,4,1,B
2,6431,True,A,B,0,1,A
2,6432,True,A,B,1,1,B
2,6433,True,B,A,6,1,B
2,6434,True,A,B,4,1,B
2,6435,True,B,A,4,1,B
2,6436,True,A,B,0,1,A
2,6437,True,B,A,1,1,A
2,6438,True,B,A,3,1,A
2,6439,True,B,A,2,0,B
2,6440,True,A,B,1,1,A
2,6441,True,B,A,1,1,A
2,6442,True,A,B,10,1,B
2,6443,True,B,A,2,0,B
2,6444,True,A,B,2,1,A
2,6445,True,B,A,10,1,B
2,6446,True,B,A,2,1,A
2,6447,True,A,B,2,1,A
2,6448,True,B,A,6,1,B
2,6449,False,,,,,
2,6450,True,A,B,0,1,A
2,6451,True,A,B,3,1,A
2,6452,True,B,A,1,2,A
2,6453,True,B,A,2,1,A
2,6454,True,B,A,1,2,A
2,6455,True,B,A,1,1,A
2,6456,True,A,B,0,1,A
2,6457,False,,,,,
2,6458,True,B,A,4,1,B
2,6459,True,A,B,10,1,B
2,6460,True,B,A,4,1,B
2,6461,True,A,B,10,1,B
2,6462,True,A,B,1,1,A
2,6463,True,A,B,0,1,A
2,6464,True,A,B,2,0,B
2,6465,True,B,A,2,1,A
2,6466,True,A,B,0,1,A
2,6467,False,,,,,
2,6468,True,A,B,2,0,B
2,6469,True,B,A,4,1,B
2,6470,True,A,B,0,1,A
2,6471,False,,,,,
2,6472,True,B,A,1,2,B
2,6473,False,,,,,
2,6474,True,B,A,4,1,B
2,6475,True,A,B,2,1,A
2,6476,True,B,A,10,1,B
2,6477,True,A,B,1,1,A
2,6478,True,B,A,10,1,B
2,6479,True,B,A,1,2,A
2,6480,True,B,A,0,1,A
2,6481,True,A,B,1,2,B
2,6482,True,B,A,0,1,A
2,6483,True,B,A,1,1,B
2,6484,True,A,B,2,0,B
2,6485,True,B,A,1,2,A
2,6486,True,A,B,6,1,B
2,6487,True,B,A,3,1,B
2,6488,True,A,B,4,1,B
2,6489,True,A,B,6,1,B
2,6490,True,B,A,1,1,A
2,6491,True,A,B,4,1,B
2,6492,True,A,B,10,1,B
2,6493,True,B,A,1,2,A
2,6494,True,B,A,6,1,B
2,6495,True,A,B,2,1,A
2,6496,True,A,B,10,1,B
2,6497,True,A,B,4,1,B
2,6498,True,B,A,10,1,B
2,6499,True,B,A,2,1,B
2,6500,True,A,B,1,1,A
2,6501,True,B,A,0,1,A
2,6502,True,A,B,2,1,A
2,6503,True,A,B,1,2,A
2,6504,True,A,B,0,1,A
2,6505,True,B,A,4,1,B
2,6506,True,B,A,2,1,A
2,6507,True,A,B,2,1,B
2,6508,True,B,A,4,1,B
2,6509,True,B,A,4,1,B
2,6510,False,,,,,
2,6511,False,,,,,
2,6512,True,B,A,6,1,B
2,6513,True,A,B,2,1,A
2,6514,True,B,A,1,2,A
2,6515,True,B,A,6,1,B
2,6516,True,A,B,2,1,A
2,6517,True,A,B,3,1,A
2,6518,True,A,B,1,1,A
2,6519,True,A,B,1,1,A
2,6520,True,A,B,1,2,A
2,6521,True,A,B,3,1,B
2,6522,True,A,B,3,1,B
2,6523,True,B,A,3,1,B
2,6524,True,A,B,6,1,B
2,6525,True,B,A,0,1,A
2,6526,True,B,A,6,1,B
2,6527,True,A,B,0,1,A
2,6528,True,A,B,1,1,B
2,6529,True,A,B,3,1,B
2,6530,False,,,,,
2,6531,True,A,B,2,0,B
2,6532,True,B,A,1,1,A
2,6533,True,B,A,10,1,B
2,6534,True,B,A,10,1,B
2,6535,True,A,B,3,1,B
2,6536,True,A,B,4,1,B
2,6537,True,B,A,0,1,A
2,6538,True,B,A,6,1,B
2,6539,True,A,B,6,1,B
2,6540,True,B,A,1,1,A
2,6541,False,,,,,
2,6542,True,B,A,1,2,A
2,6543,True,A,B,0,1,A
2,6544,True,A,B,1,2,B
2,6545,True,A,B,1,2,A
2,6546,True,A,B,1,1,A
2,6547,True,B,A,3,1,B
2,6548,True,A,B,3,1,B
2,6549,True,A,B,1,1,A
2,6550,True,B,A,4,1,B
2,6551,True,A,B,10,1,B
2,6552,True,B,A,1,1,A
2,6553,True,A,B,2,0,B
2,6554,True,A,B,4,1,B
2,6555,True,B,A,10,1,B
2,6556,True,B,A,10,1,B
2,6557,True,A,B,1,2,A
2,6558,True,A,B,2,1,B
2,6559,True,B,A,3,1,B
2,6560,True,B,A,0,1,A
2,6561,True,A,B,1,1,A
2,6562,True,B,A,3,1,B
2,6563,True,A,B,2,1,B
2,6564,True,A,B,3,1,B
2,6565,True,B,A,6,1,B
2,6566,True,B,A,10,1,B
2,6567,True,B,A,1,1,A
2,6568,True,B,A,2,1,B
2,6569,False,,,,,
2,6570,True,B,A,3,1,B
2,6571,True,B,A,0,1,A
2,6572,True,A,B,6,1,B
2,6573,True,B,A,2,1,A
2,6574,True,A,B,3,1,B
2,6575,True,A,B,2,0,B
2,6576,False,,,,,
2,6577,True,A,B,10,1,B
2,6578,True,A,B,1,1,A
2,6579,True,A,B,0,1,A
2,6580,True,B,A,3,1,B
2,6581,True,A,B,2,0,B
2,6582,True,A,B,2,1,B
2,6583,True,B,A,1,2,A
2,6584,True,B,A,6,1,B
2,6585,True,A,B,2,1,B
2,6586,True,A,B,1,2,A
2,6587,True,B,A,10,1,B
2,6588,False,,,,,
2,6589,True,A,B,2,0,B
2,6590,True,A,B,1,2,A
2,6591,True,A,B,0,1,A
2,6592,True,A,B,10,1,B
2,6593,True,B,A,3,1,B
2,6594,True,B,A,3,1,B
2,6595,True,B,A,3,1,A
2,6596,True,A,B,6,1,B
2,6597,True,B,A,10,1,B
2,6598,True,B,A,2,1,A
2,6599,True,B,A,4,1,B
2,6600,True,A,B,0,1,A
2,6601,True,A,B,6,1,B
2,6602,True,B,A,3,1,A
2,6603,True,B,A,6,1,B
2,6604,True,A,B,4,1,B
2,6605,True,A,B,6,1,B
2,6606,True,A,B,1,2,A
2,6607,True,A,B,1,2,A
2,6608,True,B,A,1,1,A
2,6609,True,A,B,0,1,A
2,6610,True,B,A,2,1,B
2,6611,True,A,B,3,1,B
2,6612,True,A,B,2,1,A
2,6613,True,A,B,1,1,A
2,6614,True,B,A,3,1,B
2,6615,True,A,B,4,1,B
2,6616,True,B,A,4,1,B
2,6617,True,B,A,1,2,A
2,6618,True,B,A,3,1,B
2,6619,True,A,B,4,1,B
2,6620,True,A,B,2,1,A
2,6621,True,A,B,3,1,B
2,6622,True,A,B,10,1,B
2,6623,True,B,A,4,1,B
2,6624,True,A,B,6,1,B
2,6625,True,A,B,2,1,B
2,6626,True,A,B,2,1,A
2,6627,True,B,A,2,1,A
2,6628,True,A,B,2,1,A
2,6629,True,B,A,2,1,B
2,6630,False,,,,,
2,6631,True,A,B,2,1,A
2,6632,True,A,B,3,1,B
2,6633,True,A,B,0,1,A
2,6634,False,,,,,
2,6635,True,A,B,0,1,A
2,6636,True,A,B,3,1,A
2,6637,True,A,B,2,0,B
2,6638,True,A,B,6,1,B
2,6639,True,A,B,3,1,B
2,6640,False,,,,,
2,6641,True,B,A,0,1,A
2,6642,True,B,A,6,1,B
2,6643,True,A,B,10,1,B
2,6644,True,B,A,1,1,A
2,6645,True,A,B,3,1,B
2,6646,True,A,B,10,1,B
2,6647,True,A,B,6,1,B
2,6648,True,B,A,3,1,A
2,6649,True,A,B,2,1,A
2,6650,True,A,B,4,1,B
2,6651,True,A,B,0,1,A
2,6652,True,A,B,1,2,A
2,6653,True,A,B,1,2,A
2,6654,True,B,A,4,1,B
2,6655,True,A,B,1,2,A
2,6656,True,B,A,0,1,A
2,6657,True,A,B,2,1,A
2,6658,True,B,A,2,0,B
2,6659,True,A,B,6,1,B
2,6660,True,B,A,3,1,B
2,6661,True,B,A,1,1,A
2,6662,True,A,B,6,1,B
2,6663,True,B,A,10,1,B
2,6664,True,A,B,2,0,B
2,6665,True,A,B,1,2,A
2,6666,True,B,A,10,1,B
2,6667,True,A,B,1,1,B
2,6668,True,B,A,2,1,A
2,6669,True,A,B,1,1,A
2,6670,True,B,A,2,1,A
2,6671,True,B,A,6,1,B
2,6672,True,B,A,6,1,B
2,6673,True,A,B,2,0,B
2,6674,True,B,A,2,1,A
2,6675,True,A,B,6,1,B
2,6676,True,A,B,2,1,B
2,6677,True,A,B,1,1,A
2,6678,True,B,A,2,0,B
2,6679,True,A,B,3,1,A
2,6680,True,B,A,2,0,B
2,6681,True,A,B,2,0,B
2,6682,True,A,B,3,1,B
2,6683,True,A,B,1,1,A
2,6684,True,A,B,0,1,A
2,6685,True,B,A,3,1,A
2,6686,True,A,B,1,1,A
2,6687,True,B,A,2,0,B
2,6688,True,B,A,6,1,B
2,6689,True,A,B,4,1,B
2,6690,False,,,,,
2,6691,True,B,A,6,1,B
2,6692,True,A,B,10,1,B
2,6693,True,B,A,10,1,B
2,6694,True,B,A,6,1,B
2,6695,True,A,B,0,1,A
2,6696,True,B,A,1,1,A
2,6697,True,B,A,2,1,B
2,6698,True,A,B,1,1,A
2,6699,True,A,B,2,0,B
2,6700,True,B,A,0,1,A
2,6701,True,A,B,6,1,B
2,6702,True,A,B,10,1,B
2,6703,True,A,B,1,2,A
2,6704,True,B,A,6,1,B
2,6705,True,A,B,10,1,B
2,6706,True,A,B,6,1,B
2,6707,True,B,A,6,1,B
2,6708,True,B,A,10,1,B
2,6709,True,B,A,6,1,B
2,6710,True,A,B,4,1,B
2,6711,True,A,B,10,1,B
2,6712,True,A,B,4,1,B
2,6713,True,A,B,1,2,A
2,6714,True,B,A,6,1,B
2,6715,True,A,B,6,1,B
2,6716,True,B,A,2,1,B
2,6717,True,A,B,0,1,A
2,6718,True,A,B,6,1,B
2,6719,True,A,B,4,1,B
2,6720,True,B,A,1,1,B
2,6721,True,A,B,1,1,A
2,6722,True,A,B,1,1,A
2,6723,True,A,B,6,1,B
2,6724,True,B,A,10,1,B
2,6725,True,B,A,4,1,B
2,6726,True,B,A,0,1,A
2,6727,True,B,A,6,1,B
2,6728,True,B,A,6,1,B
2,6729,True,A,B,1,2,A
2,6730,True,B,A,3,1,B
2,6731,True,A,B,10,1,B
2,6732,True,A,B,3,1,B
2,6733,True,A,B,0,1,A
2,6734,True,B,A,0,1,A
2,6735,True,A,B,10,1,B
2,6736,True,A,B,2,0,B
2,6737,True,B,A,4,1,B
2,6738,True,B,A,3,1,B
2,6739,False,,,,,
2,6740,True,B,A,1,1,A
2,6741,True,B,A,4,1,B
2,6742,True,B,A,3,1,B
2,6743,True,A,B,2,0,B
2,6744,True,A,B,3,1,A
2,6745,True,B,A,2,0,B
2,6746,True,B,A,2,1,A
2,6747,True,B,A,0,1,A
2,6748,True,B,A,6,1,B
2,6749,True,A,B,2,0,B
2,6750,True,A,B,1,1,A
2,6751,True,B,A,1,2,B
2,6752,True,A,B,6,1,B
2,6753,True,B,A,10,1,B
2,6754,True,B,A,2,0,B
2,6755,True,A,B,2,0,B
2,6756,True,A,B,0,1,A
2,6757,True,A,B,2,1,A
2,6758,True,A,B,4,1,B
2,6759,False,,,,,
2,6760,True,B,A,3,1,B
2,6761,True,A,B,4,1,B
2,6762,True,A,B,2,0,B
2,6763,True,A,B,1,2,A
2,6764,True,B,A,2,0,B
2,6765,True,B,A,4,1,B
2,6766,True,A,B,1,1,A
2,6767,True,A,B,1,1,A
2,6768,True,B,A,10,1,B
2,6769,True,A,B,4,1,B
2,6770,True,B,A,6,1,B
2,6771,True,A,B,10,1,B
2,6772,True,B,A,6,1,B
2,6773,True,A,B,2,1,B
2,6774,True,A,B,6,1,B
2,6775,True,A,B,6,1,B
2,6776,True,A,B,1,1,B
2,6777,True,B,A,10,1,B
2,6778,True,B,A,6,1,B
2,6779,True,A,B,10,1,B
2,6780,True,A,B,6,1,B
2,6781,True,A,B,1,2,B
2,6782,True,B,A,4,1,B
2,6783,True,A,B,1,2,A
2,6784,True,B,A,3,1,A
2,6785,True,B,A,2,1,B
2,6786,True,A,B,1,1,A
2,6787,True,B,A,3,1,B
2,6788,True,A,B,2,0,B
2,6789,True,B,A,4,1,B
2,6790,True,A,B,1,2,A
2,6791,True,A,B,1,2,A
2,6792,True,B,A,2,0,B
2,6793,True,B,A,2,1,B
2,6794,True,B,A,1,1,B
2,6795,True,A,B,1,1,A
2,6796,True,A,B,4,1,B
2,6797,True,B,A,4,1,B
2,6798,True,B,A,4,1,B
2,6799,False,,,,,
2,6800,True,B,A,1,1,A
2,6801,True,B,A,6,1,B
2,6802,True,B,A,3,1,B
2,6803,True,B,A,2,1,B
2,6804,True,A,B,6,1,B
2,6805,True,B,A,1,2,A
2,6806,True,A,B,2,0,B
2,6807,True,A,B,4,1,B
2,6808,True,B,A,10,1,B
2,6809,True,B,A,1,2,A
2,6810,False,,,,,
2,6811,True,A,B,2,1,B
2,6812,True,B,A,6,1,B
2,6813,True,A,B,1,1,A
2,6814,True,B,A,0,1,A
2,6815,True,B,A,1,2,B
2,6816,True,B,A,6,1,B
2,6817,True,B,A,3,1,B
2,6818,False,,,,,
2,6819,True,B,A,4,1,B
2,6820,True,B,A,2,1,A
2,6821,False,,,,,
2,6822,True,A,B,2,1,B
2,6823,True,A,B,6,1,B
2,6824,True,A,B,1,1,B
2,6825,True,A,B,2,0,B
2,6826,True,A,B,3,1,B
2,6827,True,A,B,10,1,B
2,6828,True,B,A,1,2,A
2,6829,True,A,B,2,1,A
2,6830,True,B,A,1,1,B
2,6831,False,,,,,
2,6832,True,B,A,6,1,B
2,6833,True,A,B,3,1,B
2,6834,True,A,B,2,1,A
2,6835,True,A,B,0,1,A
2,6836,True,A,B,1,1,A
2,6837,True,A,B,2,1,A
2,6838,True,A,B,1,2,A
2,6839,True,A,B,10,1,B
2,6840,True,A,B,3,1,B
2,6841,True,B,A,2,0,B
2,6842,True,B,A,10,1,B
2,6843,True,B,A,1,1,B
2,6844,True,B,A,3,1,B
2,6845,True,A,B,1,2,A
2,6846,True,A,B,1,1,A
2,6847,True,B,A,2,0,B
2,6848,True,A,B,6,1,B
2,6849,True,B,A,1,1,A
2,6850,True,B,A,1,1,A
2,6851,True,B,A,0,1,A
2,6852,True,A,B,6,1,B
2,6853,True,B,A,1,2,B
2,6854,True,B,A,0,1,A
2,6855,False,,,,,
2,6856,True,A,B,1,1,A
2,6857,True,B,A,4,1,B
2,6858,True,A,B,10,1,B
2,6859,True,A,B,4,1,B
2,6860,True,B,A,4,1,B
2,6861,True,A,B,1,1,A
2,6862,True,A,B,2,0,B
2,6863,True,A,B,6,1,B
2,6864,True,B,A,0,1,A
2,6865,True,A,B,10,1,B
2,6866,True,A,B,6,1,B
2,6867,True,B,A,4,1,B
2,6868,True,B,A,0,1,A
2,6869,True,B,A,10,1,B
2,6870,True,B,A,4,1,B
2,6871,True,A,B,2,1,B
2,6872,True,B,A,2,0,B
2,6873,True,B,A,1,2,A
2,6874,True,A,B,10,1,B
2,6875,True,B,A,1,2,A
2,6876,True,A,B,6,1,B
2,6877,False,,,,,
2,6878,True,A,B,4,1,B
2,6879,True,A,B,2,0,B
2,6880,True,A,B,2,0,B
2,6881,True,A,B,6,1,B
2,6882,True,A,B,1,2,B
2,6883,True,B,A,10,1,B
2,6884,True,B,A,1,2,A
2,6885,False,,,,,
2,6886,True,B,A,1,2,A
2,6887,True,A,B,2,0,B
2,6888,True,B,A,1,1,A
2,6889,True,B,A,1,1,A
2,6890,True,A,B,10,1,B
2,6891,True,A,B,1,1,A
2,6892,True,A,B,2,1,A
2,6893,False,,,,,
2,6894,True,B,A,2,0,B
2,6895,True,A,B,4,1,B
2,6896,True,B,A,10,1,B
2,6897,True,B,A,0,1,A
2,6898,True,A,B,1,1,A
2,6899,True,B,A,1,2,A
2,6900,True,B,A,6,1,B
2,6901,True,B,A,2,1,B
2,6902,True,A,B,2,0,B
2,6903,True,A,B,1,1,A
2,6904,True,A,B,0,1,A
2,6905,True,B,A,3,1,A
2,6906,True,A,B,3,1,B
2,6907,True,A,B,2,1,B
2,6908,True,A,B,1,2,A
2,6909,True,A,B,1,2,A
2,6910,True,A,B,2,0,B
2,6911,True,A,B,10,1,B
2,6912,True,B,A,3,1,B
2,6913,True,A,B,1,2,A
2,6914,True,B,A,1,2,A
2,6915,True,A,B,1,2,A
2,6916,True,B,A,0,1,A
2,6917,True,B,A,10,1,B
2,6918,True,B,A,0,1,A
2,6919,True,A,B,1,1,A
2,6920,True,A,B,1,2,A
2,6921,True,B,A,1,1,A
2,6922,True,A,B,3,1,B
2,6923,True,B,A,10,1,B
2,6924,True,A,B,10,1,B
2,6925,True,A,B,1,1,A
2,6926,True,A,B,3,1,B
2,6927,True,A,B,0,1,A
2,6928,True,B,A,10,1,B
2,6929,True,A,B,2,1,B
2,6930,True,B,A,1,1,B
2,6931,False,,,,,
2,6932,True,A,B,10,1,B
2,6933,True,B,A,1,1,A
2,6934,False,,,,,
2,6935,True,B,A,4,1,B
2,6936,True,A,B,1,2,A
2,6937,True,A,B,4,1,B
2,6938,True,B,A,1,1,A
2,6939,True,B,A,0,1,A
2,6940,True,B,A,1,2,A
2,6941,True,B,A,10,1,B
2,6942,True,A,B,1,2,A
2,6943,True,A,B,2,1,A
2,6944,True,B,A,1,1,A
2,6945,True,B,A,10,1,B
2,6946,True,B,A,6,1,B
2,6947,True,A,B,4,1,B
2,6948,True,B,A,6,1,B
2,6949,True,A,B,1,2,A
2,6950,True,A,B,4,1,B
2,6951,True,B,A,1,2,A
2,6952,False,,,,,
2,6953,True,B,A,0,1,A
2,6954,True,B,A,0,1,A
2,6955,True,A,B,1,1,A
2,6956,True,A,B,0,1,A
2,6957,True,A,B,6,1,B
2,6958,True,A,B,6,1,B
2,6959,True,B,A,2,0,B
2,6960,True,B,A,1,1,B
2,6961,True,B,A,0,1,A
2,6962,True,B,A,6,1,B
2,6963,True,B,A,0,1,A
2,6964,True,A,B,0,1,A
2,6965,True,B,A,6,1,B
2,6966,True,A,B,1,1,A
2,6967,True,B,A,0,1,A
2,6968,True,B,A,1,2,A
2,6969,True,B,A,4,1,B
2,6970,True,A,B,1,1,B
2,6971,True,A,B,1,1,A
2,6972,True,B,A,10,1,B
2,6973,True,B,A,1,1,A
2,6974,True,B,A,0,1,A
2,6975,True,B,A,4,1,B
2,6976,True,B,A,4,1,B
2,6977,True,A,B,1,2,A
2,6978,True,B,A,6,1,B
2,6979,True,B,A,10,1,B
2,6980,True,A,B,2,1,A
2,6981,True,A,B,0,1,A
2,6982,True,A,B,10,1,B
2,6983,True,B,A,2,1,A
2,6984,True,A,B,6,1,B
2,6985,True,B,A,1,2,A
2,6986,True,A,B,6,1,B
2,6987,True,B,A,4,1,B
2,6988,True,B,A,0,1,A
2,6989,True,A,B,3,1,B
2,6990,True,A,B,4,1,B
2,6991,True,A,B,4,1,B
2,6992,True,A,B,1,2,A
2,6993,True,B,A,4,1,B
2,6994,True,B,A,3,1,B
2,6995,True,B,A,1,1,A
2,6996,True,B,A,3,1,A
2,6997,True,A,B,0,1,A
2,6998,True,A,B,1,1,A
2,6999,True,A,B,3,1,A
2,7000,True,B,A,1,2,A
3,7001,True,A,B,0,1,A
3,7002,True,A,B,10,1,B
3,7003,True,A,B,4,1,B
3,7004,False,,,,,
3,7005,True,A,B,0,1,A
3,7006,True,B,A,2,1,B
3,7007,False,,,,,
3,7008,True,A,B,1,2,A
3,7009,True,A,B,4,1,B
3,7010,True,B,A,10,1,B
3,7011,True,A,B,6,1,B
3,7012,True,A,B,0,1,A
3,7013,True,A,B,2,1,A
3,7014,True,A,B,3,1,A
3,7015,True,A,B,4,1,B
3,7016,True,B,A,3,1,B
3,7017,True,B,A,4,1,A
3,7018,True,A,B,10,1,B
3,7019,True,B,A,10,1,B
3,7020,True,B,A,0,1,A
3,7021,True,A,B,0,1,A
3,7022,True,A,B,6,1,B
3,7023,True,A,B,6,1,B
3,7024,True,B,A,3,1,A
3,7025,True,A,B,1,1,A
3,7026,True,B,A,6,1,B
3,7027,True,A,B,1,1,A
3,7028,True,A,B,4,1,B
3,7029,True,A,B,6,1,B
3,7030,True,B,A,3,1,A
3,7031,True,B,A,1,1,A
3,7032,True,B,A,3,1,B
3,7033,True,B,A,6,1,B
3,7034,True,A,B,2,1,A
3,7035,True,B,A,2,1,A
3,7036,True,A,B,1,2,A
3,7037,True,B,A,6,1,B
3,7038,True,B,A,2,1,A
3,7039,True,B,A,2,1,A
3,7040,True,B,A,1,2,A
3,7041,True,A,B,0,1,A
3,7042,True,A,B,6,1,B
3,7043,True,A,B,10,1,B
3,7044,True,B,A,1,2,A
3,7045,True,B,A,1,1,B
3,7046,True,A,B,2,0,B
3,7047,True,B,A,2,0,B
3,7048,True,A,B,1,2,A
3,7049,True,B,A,10,1,B
3,7050,True,A,B,0,1,A
3,7051,True,B,A,4,1,B
3,7052,True,B,A,2,1,B
3,7053,True,A,B,10,1,B
3,7054,True,B,A,2,1,A
3,7055,True,B,A,1,1,A
3,7056,True,B,A,6,1,B
3,7057,True,B,A,1,2,A
3,7058,True,B,A,0,1,A
3,7059,True,A,B,10,1,B
3,7060,True,A,B,3,1,B
3,7061,True,B,A,4,1,B
3,7062,True,B,A,6,1,B
3,7063,True,B,A,6,1,B
3,7064,True,B,A,10,1,B
3,7065,True,A,B,3,1,B
3,7066,True,B,A,6,1,B
3,7067,True,A,B,3,1,B
3,7068,True,A,B,3,1,B
3,7069,True,B,A,1,1,A
3,7070,True,A,B,6,1,B
3,7071,False,,,,,
3,7072,False,,,,,
3,7073,True,A,B,6,1,B
3,7074,True,B,A,0,1,A
3,7075,True,B,A,1,1,A
3,7076,False,,,,,
3,7077,True,B,A,0,1,A
3,7078,True,B,A,10,1,B
3,7079,True,A,B,1,2,A
3,7080,True,B,A,1,2,A
3,7081,True,B,A,4,1,B
3,7082,True,A,B,6,1,B
3,7083,True,B,A,1,2,A
3,7084,True,B,A,4,1,B
3,7085,True,A,B,2,0,B
3,7086,True,A,B,2,1,A
3,7087,True,B,A,1,2,A
3,7088,True,A,B,1,1,B
3,7089,True,A,B,6,1,B
3,7090,True,A,B,6,1,B
3,7091,True,A,B,2,1,B
3,7092,False,,,,,
3,7093,True,B,A,2,0,B
3,7094,True,B,A,2,1,B
3,7095,True,B,A,0,1,A
3,7096,True,B,A,2,0,B
3,7097,True,A,B,3,1,A
3,7098,True,B,A,2,0,B
3,7099,True,A,B,4,1,B
3,7100,True,B,A,3,1,B
3,7101,True,A,B,4,1,B
3,7102,True,B,A,2,0,B
3,7103,True,B,A,10,1,B
3,7104,True,A,B,4,1,B
3,7105,True,A,B,3,1,B
3,7106,True,B,A,6,1,B
3,7107,True,B,A,1,1,B
3,7108,True,A,B,10,1,B
3,7109,True,B,A,4,1,B
3,7110,True,B,A,4,1,B
3,7111,True,A,B,1,1,A
3,7112,True,B,A,6,1,B
3,7113,True,A,B,1,1,A
3,7114,True,B,A,6,1,B
3,7115,True,B,A,2,1,B
3,7116,True,A,B,6,1,B
3,7117,True,A,B,1,1,B
3,7118,True,A,B,10,1,B
3,7119,True,A,B,1,1,A
3,7120,True,A,B,10,1,B
3,7121,True,A,B,0,1,A
3,7122,True,A,B,10,1,B
3,7123,True,A,B,2,1,A
3,7124,True,B,A,2,1,A
3,7125,True,B,A,1,1,B
3,7126,True,B,A,6,1,B
3,7127,True,A,B,1,1,A
3,7128,True,A,B,1,2,A
3,7129,True,B,A,3,1,A
3,7130,True,B,A,2,0,B
3,7131,True,B,A,1,1,A
3,7132,True,B,A,2,0,B
3,7133,True,A,B,1,1,A
3,7134,True,B,A,0,1,A
3,7135,True,A,B,6,1,B
3,7136,True,B,A,0,1,A
3,7137,True,B,A,3,1,B
3,7138,True,B,A,2,0,B
3,7139,True,A,B,1,1,A
3,7140,True,A,B,1,1,A
3,7141,True,B,A,0,1,A
3,7142,True,A,B,10,1,B
3,7143,True,B,A,1,2,A
3,7144,True,A,B,4,1,B
3,7145,True,A,B,2,1,A
3,7146,True,B,A,1,2,A
3,7147,False,,,,,
3,7148,True,B,A,3,1,A
3,7149,True,B,A,10,1,B
3,7150,True,A,B,4,1,B
3,7151,True,A,B,0,1,A
3,7152,True,A,B,6,1,B
3,7153,True,B,A,6,1,B
3,7154,True,A,B,4,1,B
3,7155,True,B,A,1,1,A
3,7156,True,A,B,10,1,B
3,7157,True,A,B,6,1,B
3,7158,True,B,A,0,1,A
3,7159,True,B,A,6,1,B
3,7160,True,B,A,0,1,A
3,7161,True,B,A,4,1,B
3,7162,True,B,A,0,1,A
3,7163,True,B,A,2,0,B
3,7164,True,A,B,0,1,A
3,7165,True,A,B,4,1,B
3,7166,True,A,B,1,2,A
3,7167,True,B,A,3,1,A
3,7168,True,A,B,0,1,A
3,7169,True,A,B,10,1,B
3,7170,True,A,B,4,1,B
3,7171,True,B,A,2,0,B
3,7172,False,,,,,
3,7173,True,B,A,2,1,B
3,7174,True,B,A,1,1,A
3,7175,False,,,,,
3,7176,True,B,A,2,1,B
3,7177,True,A,B,0,1,A
3,7178,True,B,A,0,1,A
3,7179,True,B,A,2,0,B
3,7180,True,B,A,2,1,A
3,7181,True,B,A,3,1,B
3,7182,True,A,B,4,1,B
3,7183,True,B,A,2,1,A
3,7184,True,B,A,1,2,A
3,7185,False,,,,,
3,7186,True,A,B,1,1,A
3,7187,True,A,B,0,1,A
3,7188,False,,,,,
3,7189,True,A,B,1,2,A
3,7190,True,B,A,10,1,B
3,7191,True,B,A,2,1,B
3,7192,True,B,A,4,1,B
3,7193,True,A,B,1,1,B
3,7194,True,A,B,4,1,A
3,7195,True,B,A,1,2,A
3,7196,True,A,B,10,1,B
3,7197,True,A,B,1,2,A
3,7198,True,A,B,4,1,B
3,7199,True,A,B,3,1,B
3,7200,True,A,B,0,1,A
3,7201,True,A,B,2,1,A
3,7202,True,B,A,6,1,B
3,7203,True,B,A,1,1,A
3,7204,True,A,B,4,1,B
3,7205,True,A,B,2,1,A
3,7206,True,B,A,1,1,A
3,7207,True,A,B,2,0,B
3,7208,True,B,A,6,1,B
3,7209,True,B,A,0,1,A
3,7210,True,B,A,1,2,B
3,7211,True,A,B,4,1,B
3,7212,True,B,A,3,1,B
3,7213,False,,,,,
3,7214,True,B,A,10,1,B
3,7215,True,B,A,6,1,B
3,7216,True,A,B,2,1,B
3,7217,True,A,B,10,1,B
3,7218,True,B,A,4,1,A
3,7219,True,B,A,2,1,B
3,7220,True,A,B,1,2,A
3,7221,True,A,B,6,1,B
3,7222,True,A,B,1,1,B
3,7223,True,A,B,10,1,B
3,7224,True,B,A,1,1,A
3,7225,True,B,A,2,1,B
3,7226,True,B,A,1,1,B
3,7227,True,B,A,1,1,A
3,7228,True,B,A,0,1,A
3,7229,True,B,A,1,2,A
3,7230,True,A,B,1,1,B
3,7231,True,B,A,2,1,A
3,7232,True,A,B,1,1,A
3,7233,True,B,A,3,1,B
3,7234,True,B,A,3,1,B
3,7235,True,B,A,2,1,B
3,7236,True,A,B,6,1,B
3,7237,True,A,B,6,1,B
3,7238,True,A,B,0,1,A
3,7239,True,A,B,2,1,A
3,7240,True,B,A,2,1,A
3,7241,True,B,A,2,0,B
3,7242,True,B,A,3,1,B
3,7243,True,B,A,2,1,A
3,7244,True,B,A,1,1,B
3,7245,True,A,B,6,1,B
3,7246,True,B,A,3,1,A
3,7247,True,B,A,1,1,B
3,7248,True,B,A,2,0,B
3,7249,True,B,A,10,1,B
3,7250,True,B,A,2,0,B
3,7251,True,B,A,3,1,A
3,7252,True,A,B,1,2,A
3,7253,True,B,A,1,1,B
3,7254,True,B,A,1,2,A
3,7255,True,B,A,6,1,B
3,7256,True,B,A,3,1,B
3,7257,True,B,A,10,1,B
3,7258,True,A,B,10,1,B
3,7259,True,B,A,3,1,B
3,7260,True,A,B,4,1,B
3,7261,True,B,A,6,1,B
3,7262,True,B,A,3,1,A
3,7263,True,B,A,2,1,A
3,7264,True,A,B,6,1,B
3,7265,True,A,B,10,1,B
3,7266,True,B,A,6,1,B
3,7267,True,A,B,3,1,B
3,7268,True,B,A,1,2,A
3,7269,True,B,A,0,1,A
3,7270,True,A,B,3,1,B
3,7271,True,A,B,0,1,A
3,7272,True,B,A,4,1,B
3,7273,True,B,A,2,1,B
3,7274,True,B,A,0,1,A
3,7275,True,B,A,4,1,B
3,7276,True,B,A,4,1,A
3,7277,True,A,B,6,1,B
3,7278,False,,,,,
3,7279,True,A,B,1,2,A
3,7280,True,A,B,4,1,B
3,7281,True,B,A,4,1,B
3,7282,True,A,B,1,1,B
3,7283,True,A,B,4,1,A
3,7284,True,A,B,1,1,A
3,7285,True,A,B,10,1,B
3,7286,True,A,B,1,1,A
3,7287,True,B,A,0,1,A
3,7288,True,A,B,2,1,A
3,7289,True,B,A,1,2,A
3,7290,False,,,,,
3,7291,True,A,B,1,2,A
3,7292,True,A,B,2,0,B
3,7293,True,A,B,1,1,A
3,7294,True,A,B,6,1,B
3,7295,True,A,B,3,1,B
3,7296,True,B,A,3,1,B
3,7297,True,A,B,10,1,B
3,7298,True,A,B,10,1,B
3,7299,True,B,A,1,1,A
3,7300,True,B,A,1,1,A
3,7301,True,B,A,6,1,B
3,7302,True,B,A,10,1,B
3,7303,True,A,B,4,1,B
3,7304,True,B,A,1,1,A
3,7305,True,A,B,3,1,A
3,7306,True,A,B,6,1,B
3,7307,False,,,,,
3,7308,True,B,A,1,1,A
3,7309,True,A,B,0,1,A
3,7310,True,A,B,2,0,B
3,7311,True,A,B,1,1,B
3,7312,True,A,B,10,1,B
3,7313,True,B,A,1,1,A
3,7314,True,A,B,2,1,B
3,7315,True,A,B,4,1,B
3,7316,True,B,A,6,1,B
3,7317,True,B,A,4,1,B
3,7318,True,B,A,1,1,B
3,7319,True,B,A,6,1,B
3,7320,True,A,B,6,1,B
3,7321,True,A,B,2,0,B
3,7322,True,B,A,2,0,B
3,7323,True,A,B,6,1,B
3,7324,True,B,A,1,1,A
3,7325,True,B,A,2,1,A
3,7326,True,A,B,10,1,B
3,7327,True,A,B,6,1,B
3,7328,True,B,A,3,1,B
3,7329,True,A,B,10,1,B
3,7330,True,A,B,3,1,A
3,7331,True,A,B,3,1,B
3,7332,True,B,A,2,0,B
3,7333,True,B,A,2,0,B
3,7334,True,A,B,0,1,A
3,7335,True,B,A,1,2,A
3,7336,False,,,,,
3,7337,True,B,A,1,2,A
3,7338,True,B,A,4,1,B
3,7339,True,A,B,6,1,B
3,7340,True,B,A,3,1,B
3,7341,False,,,,,
3,7342,True,A,B,1,1,A
3,7343,True,A,B,2,0,B
3,7344,True,B,A,1,1,A
3,7345,True,B,A,2,0,B
3,7346,True,A,B,1,2,A
3,7347,True,A,B,6,1,B
3,7348,False,,,,,
3,7349,True,A,B,1,1,A
3,7350,True,B,A,2,0,B
3,7351,True,A,B,6,1,B
3,7352,True,B,A,6,1,B
3,7353,True,A,B,2,1,A
3,7354,True,B,A,6,1,B
3,7355,True,B,A,1,1,A
3,7356,False,,,,,
3,7357,True,B,A,4,1,B
3,7358,True,B,A,1,1,A
3,7359,True,A,B,1,2,A
3,7360,True,A,B,6,1,B
3,7361,True,B,A,0,1,A
3,7362,True,A,B,0,1,A
3,7363,False,,,,,
3,7364,True,B,A,1,2,A
3,7365,True,B,A,1,2,A
3,7366,True,A,B,4,1,B
3,7367,True,B,A,2,0,B
3,7368,True,B,A,3,1,B
3,7369,True,B,A,10,1,B
3,7370,True,B,A,1,1,A
3,7371,True,A,B,10,1,B
3,7372,True,A,B,4,1,B
3,7373,True,B,A,2,1,B
3,7374,True,A,B,3,1,B
3,7375,True,A,B,6,1,B
3,7376,True,A,B,2,0,B
3,7377,True,B,A,0,1,A
3,7378,True,B,A,1,1,A
3,7379,True,A,B,1,1,A
3,7380,True,B,A,1,1,B
3,7381,True,A,B,4,1,B
3,7382,True,A,B,2,0,B
3,7383,True,B,A,10,1,B
3,7384,True,B,A,1,2,A
3,7385,True,A,B,6,1,B
3,7386,True,B,A,6,1,B
3,7387,False,,,,,
3,7388,True,B,A,2,1,B
3,7389,True,A,B,2,0,B
3,7390,True,B,A,10,1,B
3,7391,True,A,B,10,1,B
3,7392,True,B,A,6,1,B
3,7393,False,,,,,
3,7394,True,B,A,6,1,B
3,7395,True,B,A,0,1,A
3,7396,True,A,B,2,1,B
3,7397,True,B,A,1,2,A
3,7398,True,B,A,4,1,B
3,7399,True,B,A,2,1,B
3,7400,True,A,B,2,0,B
3,7401,True,B,A,1,2,A
3,7402,True,B,A,0,1,A
3,7403,False,,,,,
3,7404,True,B,A,6,1,B
3,7405,True,B,A,10,1,B
3,7406,True,B,A,6,1,B
3,7407,True,A,B,0,1,A
3,7408,True,B,A,1,2,A
3,7409,True,A,B,0,1,A
3,7410,True,A,B,2,0,B
3,7411,True,A,B,0,1,A
3,7412,True,B,A,2,1,A
3,7413,True,A,B,3,1,B
3,7414,False,,,,,
3,7415,True,B,A,3,1,B
3,7416,True,B,A,2,0,B
3,7417,True,A,B,6,1,B
3,7418,True,A,B,2,0,B
3,7419,True,B,A,6,1,B
3,7420,False,,,,,
3,7421,True,A,B,4,1,B
3,7422,True,B,A,10,1,B
3,7423,True,A,B,2,0,B
3,7424,True,B,A,3,1,A
3,7425,True,A,B,6,1,B
3,7426,True,B,A,1,2,A
3,7427,True,B,A,10,1,B
3,7428,True,A,B,1,1,B
3,7429,False,,,,,
3,7430,True,B,A,6,1,B
3,7431,True,B,A,2,0,B
3,7432,True,B,A,6,1,B
3,7433,True,B,A,1,2,A
3,7434,True,B,A,2,0,B
3,7435,True,A,B,2,0,B
3,7436,True,B,A,2,1,B
3,7437,True,B,A,3,1,A
3,7438,True,A,B,0,1,A
3,7439,True,B,A,10,1,B
3,7440,True,B,A,3,1,A
3,7441,True,B,A,4,1,B
3,7442,True,A,B,3,1,B
3,7443,True,B,A,1,1,A
3,7444,True,A,B,6,1,B
3,7445,True,A,B,4,1,B
3,7446,True,A,B,4,1,B
3,7447,True,B,A,2,1,A
3,7448,True,B,A,1,2,A
3,7449,True,A,B,3,1,B
3,7450,True,B,A,6,1,B
3,7451,True,B,A,0,1,A
3,7452,True,B,A,3,1,B
3,7453,True,B,A,1,2,A
3,7454,True,B,A,4,1,B
3,7455,True,B,A,4,1,B
3,7456,False,,,,,
3,7457,True,A,B,6,1,B
3,7458,True,B,A,1,2,A
3,7459,True,A,B,2,0,B
3,7460,True,A,B,6,1,B
3,7461,True,B,A,1,1,A
3,7462,True,A,B,2,0,B
3,7463,True,A,B,1,1,A
3,7464,True,A,B,0,1,A
3,7465,True,A,B,10,1,B
3,7466,True,B,A,1,1,B
3,7467,True,A,B,10,1,B
3,7468,True,B,A,10,1,B
3,7469,True,A,B,0,1,A
3,7470,True,B,A,1,1,A
3,7471,True,A,B,10,1,B
3,7472,True,A,B,1,2,A
3,7473,True,B,A,1,1,A
3,7474,True,A,B,6,1,B
3,7475,True,A,B,1,1,A
3,7476,True,B,A,6,1,B
3,7477,True,B,A,6,1,B
3,7478,True,A,B,1,2,A
3,7479,False,,,,,
3,7480,True,B,A,2,0,B
3,7481,True,B,A,1,1,A
3,7482,True,B,A,1,2,A
3,7483,True,B,A,4,1,B
3,7484,True,A,B,1,1,A
3,7485,True,A,B,0,1,A
3,7486,True,B,A,3,1,A
3,7487,True,B,A,6,1,B
3,7488,True,B,A,6,1,B
3,7489,True,B,A,6,1,B
3,7490,True,B,A,1,2,A
3,7491,True,B,A,4,1,B
3,7492,True,A,B,1,1,B
3,7493,True,A,B,1,1,A
3,7494,True,B,A,1,1,A
3,7495,True,B,A,0,1,A
3,7496,True,B,A,6,1,B
3,7497,True,B,A,3,1,B
3,7498,True,A,B,1,2,A
3,7499,True,A,B,6,1,B
3,7500,True,B,A,4,1,A
3,7501,True,A,B,1,1,A
3,7502,True,A,B,0,1,A
3,7503,True,A,B,3,1,A
3,7504,True,B,A,6,1,B
3,7505,True,A,B,1,2,A
3,7506,True,A,B,0,1,A
3,7507,True,B,A,1,2,A
3,7508,True,B,A,2,1,B
3,7509,True,B,A,1,1,B
3,7510,True,A,B,4,1,B
3,7511,True,B,A,4,1,B
3,7512,True,A,B,1,1,A
3,7513,False,,,,,
3,7514,True,B,A,0,1,A
3,7515,True,A,B,1,2,A
3,7516,True,B,A,4,1,B
3,7517,True,B,A,4,1,B
3,7518,False,,,,,
3,7519,True,A,B,6,1,B
3,7520,True,B,A,1,1,A
3,7521,True,A,B,3,1,B
3,7522,True,A,B,2,0,B
3,7523,True,B,A,4,1,B
3,7524,True,B,A,6,1,B
3,7525,True,B,A,6,1,B
3,7526,True,A,B,0,1,A
3,7527,False,,,,,
3,7528,True,B,A,3,1,B
3,7529,True,B,A,3,1,B
3,7530,False,,,,,
3,7531,True,B,A,4,1,B
3,7532,True,B,A,1,1,A
3,7533,True,A,B,1,2,A
3,7534,False,,,,,
3,7535,True,A,B,6,1,B
3,7536,True,B,A,10,1,B
3,7537,True,B,A,1,1,A
3,7538,True,A,B,6,1,B
3,7539,True,A,B,4,1,A
3,7540,True,A,B,6,1,B
3,7541,True,A,B,3,1,B
3,7542,True,A,B,3,1,B
3,7543,True,A,B,6,1,B
3,7544,True,B,A,2,0,B
3,7545,True,A,B,2,1,B
3,7546,True,A,B,0,1,A
3,7547,True,B,A,10,1,B
3,7548,True,B,A,1,2,A
3,7549,True,B,A,0,1,A
3,7550,True,A,B,6,1,B
3,7551,True,A,B,3,1,B
3,7552,True,A,B,2,0,B
3,7553,True,A,B,2,1,A
3,7554,True,B,A,10,1,B
3,7555,True,A,B,4,1,B
3,7556,True,A,B,2,0,B
3,7557,True,B,A,6,1,B
3,7558,True,A,B,2,1,A
3,7559,True,B,A,2,1,B
3,7560,True,B,A,6,1,B
3,7561,True,A,B,3,1,B
3,7562,True,A,B,3,1,B
3,7563,True,B,A,6,1,B
3,7564,True,A,B,6,1,B
3,7565,True,A,B,4,1,B
3,7566,True,B,A,1,2,A
3,7567,True,A,B,6,1,B
3,7568,True,B,A,1,1,A
3,7569,True,A,B,1,2,A
3,7570,True,A,B,1,2,A
3,7571,True,A,B,3,1,B
3,7572,True,B,A,3,1,B
3,7573,True,B,A,1,1,A
3,7574,True,B,A,0,1,A
3,7575,True,B,A,0,1,A
3,7576,True,B,A,1,2,A
3,7577,True,A,B,3,1,B
3,7578,True,B,A,2,1,A
3,7579,True,A,B,2,1,A
3,7580,True,A,B,3,1,A
3,7581,True,B,A,2,1,B
3,7582,True,A,B,1,1,A
3,7583,True,B,A,10,1,B
3,7584,True,B,A,1,1,A
3,7585,True,B,A,1,2,B
3,7586,True,A,B,3,1,B
3,7587,True,B,A,6,1,B
3,7588,True,B,A,2,1,A
3,7589,True,A,B,6,1,B
3,7590,True,B,A,1,1,A
3,7591,True,B,A,0,1,A
3,7592,True,B,A,1,1,A
3,7593,True,A,B,0,1,A
3,7594,True,A,B,2,0,B
3,7595,True,A,B,3,1,B
3,7596,True,A,B,1,2,A
3,7597,True,A,B,6,1,B
3,7598,True,B,A,1,1,A
3,7599,False,,,,,
3,7600,True,B,A,10,1,B
3,7601,True,B,A,6,1,B
3,7602,False,,,,,
3,7603,True,B,A,2,1,B
3,7604,True,B,A,10,1,B
3,7605,True,A,B,0,1,A
3,7606,True,B,A,1,1,A
3,7607,True,A,B,10,1,B
3,7608,True,A,B,4,1,B
3,7609,False,,,,,
3,7610,True,A,B,3,1,B
3,7611,True,B,A,2,0,B
3,7612,True,B,A,1,2,A
3,7613,True,A,B,3,1,B
3,7614,True,B,A,3,1,B
3,7615,True,A,B,3,1,B
3,7616,False,,,,,
3,7617,True,A,B,0,1,A
3,7618,True,B,A,2,0,B
3,7619,True,B,A,1,1,A
3,7620,True,B,A,1,2,A
3,7621,True,B,A,6,1,B
3,7622,True,A,B,2,1,A
3,7623,True,B,A,2,1,A
3,7624,True,B,A,2,1,A
3,7625,True,A,B,1,1,B
3,7626,True,A,B,2,0,B
3,7627,True,B,A,10,1,B
3,7628,True,B,A,0,1,A
3,7629,True,B,A,0,1,A
3,7630,True,A,B,4,1,A
3,7631,True,A,B,4,1,B
3,7632,True,A,B,3,1,B
3,7633,True,A,B,3,1,B
3,7634,True,B,A,0,1,A
3,7635,True,A,B,0,1,A
3,7636,True,A,B,3,1,B
3,7637,True,A,B,1,1,B
3,7638,True,A,B,4,1,B
3,7639,True,A,B,10,1,B
3,7640,True,B,A,1,1,B
3,7641,False,,,,,
3,7642,True,B,A,6,1,B
3,7643,True,A,B,0,1,A
3,7644,True,A,B,0,1,A
3,7645,True,A,B,1,1,A
3,7646,True,B,A,10,1,B
3,7647,True,B,A,0,1,A
3,7648,True,A,B,1,2,A
3,7649,True,B,A,1,1,A
3,7650,True,A,B,4,1,B
3,7651,True,A,B,1,1,A
3,7652,True,A,B,6,1,B
3,7653,True,A,B,10,1,B
3,7654,True,B,A,1,2,A
3,7655,True,A,B,2,1,A
3,7656,True,A,B,6,1,B
3,7657,True,A,B,4,1,B
3,7658,True,A,B,2,0,B
3,7659,True,A,B,10,1,B
3,7660,True,B,A,6,1,B
3,7661,True,B,A,3,1,B
3,7662,True,B,A,4,1,B
3,7663,True,B,A,2,0,B
3,7664,True,A,B,1,2,A
3,7665,True,A,B,1,1,A
3,7666,True,A,B,0,1,A
3,7667,True,A,B,6,1,B
3,7668,True,B,A,2,1,A
3,7669,True,B,A,6,1,B
3,7670,True,B,A,1,2,A
3,7671,True,B,A,3,1,B
3,7672,True,B,A,10,1,B
3,7673,True,A,B,4,1,B
3,7674,True,A,B,6,1,B
3,7675,True,A,B,10,1,B
3,7676,True,B,A,1,2,A
3,7677,True,B,A,1,1,B
3,7678,True,A,B,2,0,B
3,7679,True,A,B,10,1,B
3,7680,True,A,B,3,1,B
3,7681,True,B,A,10,1,B
3,7682,True,B,A,0,1,A
3,7683,True,B,A,10,1,B
3,7684,True,B,A,2,1,B
3,7685,True,A,B,4,1,B
3,7686,True,A,B,4,1,B
3,7687,True,B,A,1,1,A
3,7688,True,A,B,0,1,A
3,7689,True,A,B,1,2,B
3,7690,True,B,A,4,1,B
3,7691,True,A,B,10,1,B
3,7692,True,B,A,1,1,A
3,7693,True,B,A,6,1,B
3,7694,True,B,A,2,1,B
3,7695,True,A,B,4,1,B
3,7696,True,A,B,2,1,B
3,7697,True,B,A,6,1,B
3,7698,True,A,B,2,1,B
3,7699,True,B,A,3,1,A
3,7700,True,A,B,2,1,B
3,7701,True,A,B,10,1,B
3,7702,True,B,A,6,1,B
3,7703,True,A,B,10,1,B
3,7704,True,A,B,0,1,A
3,7705,True,A,B,10,1,B
3,7706,True,A,B,4,1,B
3,7707,True,A,B,1,1,A
3,7708,True,B,A,3,1,B
3,7709,True,A,B,1,2,A
3,7710,True,A,B,0,1,A
3,7711,True,A,B,3,1,B
3,7712,True,B,A,3,1,A
3,7713,False,,,,,
3,7714,True,B,A,6,1,B
3,7715,True,A,B,2,0,B
3,7716,True,A,B,1,1,A
3,7717,True,B,A,4,1,B
3,7718,True,A,B,0,1,A
3,7719,True,B,A,1,2,A
3,7720,True,B,A,1,1,B
3,7721,True,A,B,1,2,A
3,7722,True,A,B,2,0,B
3,7723,True,A,B,0,1,A
3,7724,True,A,B,10,1,B
3,7725,True,B,A,0,1,A
3,7726,True,A,B,1,1,A
3,7727,True,A,B,10,1,B
3,7728,False,,,,,
3,7729,True,B,A,2,0,B
3,7730,True,A,B,2,1,B
3,7731,True,B,A,1,2,A
3,7732,True,A,B,4,1,B
3,7733,True,B,A,3,1,B
3,7734,True,B,A,4,1,A
3,7735,True,A,B,0,1,A
3,7736,True,A,B,2,1,B
3,7737,True,A,B,0,1,A
3,7738,True,A,B,10,1,B
3,7739,True,A,B,0,1,A
3,7740,True,B,A,1,1,A
3,7741,True,B,A,1,2,A
3,7742,True,B,A,2,0,B
3,7743,True,A,B,1,2,A
3,7744,True,A,B,2,1,A
3,7745,True,B,A,2,1,A
3,7746,True,B,A,4,1,B
3,7747,True,A,B,1,1,B
3,7748,True,A,B,10,1,B
3,7749,True,B,A,6,1,B
3,7750,True,B,A,3,1,B
3,7751,True,A,B,10,1,B
3,7752,True,A,B,3,1,B
3,7753,True,B,A,10,1,B
3,7754,True,A,B,1,1,A
3,7755,True,A,B,4,1,B
3,7756,True,A,B,4,1,B
3,7757,True,B,A,10,1,B
3,7758,True,A,B,6,1,B
3,7759,True,B,A,4,1,B
3,7760,True,A,B,0,1,A
3,7761,True,B,A,1,1,A
3,7762,True,B,A,4,1,B
3,7763,True,A,B,3,1,A
3,7764,True,A,B,3,1,B
3,7765,True,B,A,1,2,A
3,7766,True,A,B,1,2,A
3,7767,True,B,A,2,1,A
3,7768,True,A,B,3,1,A
3,7769,True,A,B,2,1,B
3,7770,True,B,A,0,1,A
3,7771,True,A,B,10,1,B
3,7772,True,B,A,3,1,A
3,7773,True,A,B,3,1,B
3,7774,True,B,A,3,1,B
3,7775,True,A,B,1,1,A
3,7776,True,A,B,1,2,A
3,7777,True,B,A,2,1,A
3,7778,True,A,B,1,2,A
3,7779,True,A,B,0,1,A
3,7780,True,A,B,1,1,A
3,7781,True,A,B,0,1,A
3,7782,True,A,B,4,1,B
3,7783,True,A,B,1,2,A
3,7784,True,A,B,10,1,B
3,7785,True,A,B,0,1,A
3,7786,True,A,B,0,1,A
3,7787,True,B,A,3,1,A
3,7788,True,A,B,1,1,A
3,7789,True,B,A,6,1,B
3,7790,False,,,,,
3,7791,True,A,B,10,1,B
3,7792,True,A,B,2,1,A
3,7793,True,A,B,2,1,A
3,7794,True,A,B,1,1,A
3,7795,True,B,A,1,1,A
3,7796,True,A,B,2,1,A
3,7797,True,B,A,2,1,A
3,7798,True,B,A,1,2,A
3,7799,True,A,B,1,2,A
3,7800,True,B,A,1,2,A
3,7801,True,A,B,1,1,A
3,7802,True,A,B,1,2,A
3,7803,True,A,B,4,1,B
3,7804,True,B,A,6,1,B
3,7805,True,B,A,4,1,B
3,7806,False,,,,,
3,7807,True,B,A,10,1,B
3,7808,True,A,B,1,2,A
3,7809,True,A,B,3,1,B
3,7810,True,B,A,6,1,B
3,7811,True,A,B,1,1,A
3,7812,True,A,B,4,1,B
3,7813,True,B,A,0,1,A
3,7814,True,A,B,3,1,B
3,7815,True,A,B,2,1,A
3,7816,True,B,A,10,1,B
3,7817,True,B,A,10,1,B
3,7818,True,A,B,1,1,B
3,7819,True,B,A,3,1,B
3,7820,True,A,B,6,1,B
3,7821,True,A,B,1,2,A
3,7822,False,,,,,
3,7823,True,B,A,2,1,B
3,7824,True,A,B,2,0,B
3,7825,True,B,A,6,1,B
3,7826,True,A,B,3,1,B
3,7827,True,B,A,6,1,B
3,7828,True,A,B,3,1,B
3,7829,True,B,A,1,2,A
3,7830,True,A,B,3,1,B
3,7831,True,B,A,1,1,A
3,7832,True,B,A,3,1,B
3,7833,True,A,B,3,1,B
3,7834,True,B,A,4,1,B
3,7835,True,A,B,6,1,B
3,7836,True,B,A,2,1,B
3,7837,True,B,A,4,1,B
3,7838,True,B,A,2,1,B
3,7839,True,B,A,2,1,B
3,7840,True,A,B,10,1,B
3,7841,True,A,B,6,1,B
3,7842,True,A,B,1,2,A
3,7843,True,B,A,3,1,B
3,7844,True,B,A,6,1,B
3,7845,True,B,A,10,1,B
3,7846,False,,,,,
3,7847,True,A,B,10,1,B
3,7848,True,B,A,4,1,B
3,7849,True,B,A,1,2,A
3,7850,True,A,B,2,1,A
3,7851,True,B,A,3,1,A
3,7852,True,B,A,2,0,B
3,7853,True,A,B,1,1,A
3,7854,True,B,A,3,1,B
3,7855,True,A,B,1,2,A
3,7856,True,B,A,1,2,A
3,7857,True,B,A,6,1,B
3,7858,True,A,B,1,2,A
3,7859,True,A,B,10,1,B
3,7860,True,B,A,4,1,B
3,7861,True,B,A,2,1,B
3,7862,True,B,A,3,1,B
3,7863,True,B,A,1,2,A
3,7864,True,A,B,2,1,A
3,7865,False,,,,,
3,7866,False,,,,,
3,7867,True,B,A,6,1,B
3,7868,True,A,B,3,1,A
3,7869,True,A,B,0,1,A
3,7870,True,A,B,3,1,A
3,7871,True,B,A,10,1,B
3,7872,True,B,A,2,1,B
3,7873,True,B,A,0,1,A
3,7874,True,A,B,6,1,B
3,7875,True,B,A,3,1,B
3,7876,True,B,A,4,1,B
3,7877,True,A,B,4,1,B
3,7878,True,A,B,2,1,B
3,7879,True,A,B,10,1,B
3,7880,True,A,B,10,1,B
3,7881,True,B,A,2,1,B
3,7882,True,A,B,3,1,B
3,7883,True,B,A,2,1,B
3,7884,True,B,A,2,1,A
3,7885,True,A,B,3,1,B
3,7886,True,B,A,2,1,A
3,7887,True,B,A,1,2,A
3,7888,True,A,B,10,1,B
3,7889,True,B,A,10,1,B
3,7890,True,B,A,1,2,A
3,7891,True,B,A,4,1,B
3,7892,True,B,A,3,1,B
3,7893,True,B,A,10,1,B
3,7894,True,A,B,3,1,B
3,7895,True,A,B,10,1,B
3,7896,True,A,B,4,1,B
3,7897,True,B,A,3,1,B
3,7898,True,B,A,10,1,B
3,7899,True,A,B,1,2,A
3,7900,True,B,A,1,2,A
3,7901,True,B,A,4,1,B
3,7902,True,A,B,1,2,A
3,7903,True,A,B,4,1,B
3,7904,True,B,A,3,1,B
3,7905,True,B,A,2,1,A
3,7906,True,A,B,2,1,B
3,7907,True,B,A,2,0,B
3,7908,True,A,B,6,1,B
3,7909,True,A,B,3,1,B
3,7910,True,B,A,2,1,A
3,7911,True,A,B,1,1,A
3,7912,True,A,B,1,2,A
3,7913,True,A,B,3,1,B
3,7914,True,A,B,2,0,B
3,7915,True,A,B,10,1,B
3,7916,True,A,B,1,1,A
3,7917,True,A,B,1,2,A
3,7918,True,A,B,2,1,B
3,7919,False,,,,,
3,7920,True,B,A,3,1,B
3,7921,True,A,B,10,1,B
3,7922,True,B,A,4,1,B
3,7923,True,B,A,6,1,B
3,7924,True,B,A,1,2,A
3,7925,True,A,B,10,1,B
3,7926,True,B,A,3,1,B
3,7927,True,A,B,6,1,B
3,7928,True,A,B,10,1,B
3,7929,True,B,A,2,1,A
3,7930,True,B,A,3,1,B
3,7931,True,B,A,1,2,A
3,7932,True,A,B,1,2,A
3,7933,True,B,A,3,1,B
3,7934,True,B,A,2,1,A
3,7935,True,A,B,6,1,B
3,7936,True,B,A,6,1,B
3,7937,True,B,A,2,0,B
3,7938,True,A,B,2,1,B
3,7939,True,B,A,0,1,A
3,7940,True,B,A,4,1,B
3,7941,True,A,B,2,0,B
3,7942,True,A,B,4,1,B
3,7943,True,B,A,4,1,B
3,7944,True,B,A,6,1,B
3,7945,True,A,B,1,1,A
3,7946,True,A,B,10,1,B
3,7947,True,A,B,4,1,B
3,7948,True,A,B,1,2,A
3,7949,True,A,B,10,1,B
3,7950,True,B,A,0,1,A
3,7951,True,B,A,6,1,B
3,7952,True,B,A,1,1,A
3,7953,True,A,B,10,1,B
3,7954,True,A,B,6,1,B
3,7955,True,A,B,1,2,A
3,7956,True,B,A,2,1,B
3,7957,True,A,B,1,1,A
3,7958,True,B,A,10,1,B
3,7959,True,A,B,2,0,B
3,7960,True,A,B,10,1,B
3,7961,True,B,A,3,1,B
3,7962,True,A,B,6,1,B
3,7963,True,A,B,10,1,B
3,7964,True,B,A,1,1,A
3,7965,True,B,A,10,1,B
3,7966,True,A,B,3,1,B
3,7967,True,A,B,3,1,A
3,7968,True,B,A,10,1,B
3,7969,True,A,B,2,1,A
3,7970,True,A,B,3,1,A
3,7971,True,A,B,1,1,A
3,7972,True,A,B,2,0,B
3,7973,True,B,A,6,1,B
3,7974,True,B,A,1,2,A
3,7975,True,B,A,1,2,A
3,7976,True,B,A,2,0,B
3,7977,True,A,B,1,1,A
3,7978,True,A,B,0,1,A
3,7979,True,B,A,2,1,B
3,7980,True,B,A,1,2,B
3,7981,True,B,A,6,1,B
3,7982,True,B,A,0,1,A
3,7983,True,A,B,2,1,A
3,7984,True,B,A,4,1,B
3,7985,True,A,B,4,1,A
3,7986,True,A,B,1,2,A
3,7987,True,A,B,2,1,B
3,7988,True,B,A,4,1,A
3,7989,True,B,A,3,1,B
3,7990,True,A,B,3,1,B
3,7991,True,B,A,1,1,A
3,7992,True,A,B,0,1,A
3,7993,True,A,B,1,2,A
3,7994,True,A,B,0,1,A
3,7995,True,B,A,4,1,B
3,7996,True,B,A,3,1,A
3,7997,True,B,A,1,2,A
3,7998,True,A,B,2,1,B
3,7999,True,B,A,6,1,B
3,8000,True,A,B,3,1,B
3,8001,True,A,B,1,2,A
3,8002,True,A,B,2,0,B
3,8003,True,A,B,1,1,A
3,8004,True,A,B,2,0,B
3,8005,True,B,A,2,1,B
3,8006,True,A,B,3,1,B
3,8007,True,A,B,0,1,A
3,8008,True,A,B,2,1,A
3,8009,True,A,B,6,1,B
3,8010,True,B,A,10,1,B
3,8011,True,B,A,2,1,B
3,8012,True,A,B,0,1,A
3,8013,True,B,A,1,2,A
3,8014,True,B,A,2,0,B
3,8015,True,A,B,6,1,B
3,8016,False,,,,,
3,8017,True,A,B,10,1,B
3,8018,True,B,A,10,1,B
3,8019,True,A,B,1,2,B
3,8020,True,B,A,6,1,B
3,8021,True,A,B,0,1,A
3,8022,True,B,A,2,1,B
3,8023,True,B,A,1,1,A
3,8024,True,A,B,6,1,B
3,8025,True,B,A,10,1,B
3,8026,True,A,B,2,1,B
3,8027,True,B,A,4,1,B
3,8028,True,B,A,0,1,A
3,8029,True,A,B,2,1,A
3,8030,True,A,B,1,2,A
3,8031,True,A,B,2,1,A
3,8032,False,,,,,
3,8033,True,B,A,4,1,B
3,8034,True,A,B,1,1,A
3,8035,True,A,B,10,1,B
3,8036,True,B,A,2,1,B
3,8037,True,B,A,1,1,B
3,8038,True,A,B,1,1,A
3,8039,True,A,B,0,1,A
3,8040,True,A,B,0,1,A
3,8041,True,B,A,1,1,B
3,8042,True,A,B,2,1,A
3,8043,True,A,B,1,1,A
3,8044,True,A,B,10,1,B
3,8045,True,B,A,2,1,A
3,8046,True,A,B,1,2,A
3,8047,True,A,B,6,1,B
3,8048,True,B,A,2,0,B
3,8049,False,,,,,
3,8050,True,A,B,4,1,B
3,8051,True,A,B,1,1,A
3,8052,True,A,B,4,1,B
3,8053,True,B,A,2,1,A
3,8054,True,B,A,2,0,B
3,8055,True,B,A,1,2,A
3,8056,True,A,B,10,1,B
3,8057,True,A,B,1,2,A
3,8058,True,A,B,2,0,B
3,8059,True,A,B,10,1,B
3,8060,True,B,A,3,1,B
3,8061,True,A,B,1,2,A
3,8062,True,A,B,0,1,A
3,8063,True,A,B,2,0,B
3,8064,True,B,A,4,1,A
3,8065,True,B,A,1,1,A
3,8066,True,A,B,1,2,A
3,8067,True,B,A,4,1,B
3,8068,True,B,A,1,1,A
3,8069,True,B,A,10,1,B
3,8070,True,B,A,1,1,A
3,8071,True,A,B,4,1,B
3,8072,True,A,B,2,1,A
3,8073,True,A,B,6,1,B
3,8074,True,B,A,4,1,B
3,8075,True,A,B,4,1,B
3,8076,True,A,B,4,1,B
3,8077,True,B,A,10,1,B
3,8078,True,B,A,4,1,B
3,8079,True,A,B,2,0,B
3,8080,True,A,B,10,1,B
3,8081,True,A,B,10,1,B
3,8082,True,B,A,6,1,B
3,8083,True,A,B,4,1,B
3,8084,True,A,B,4,1,B
3,8085,True,A,B,4,1,B
3,8086,True,A,B,3,1,A
3,8087,True,B,A,4,1,B
3,8088,True,B,A,10,1,B
3,8089,True,A,B,4,1,B
3,8090,True,B,A,6,1,B
3,8091,True,B,A,2,1,B
3,8092,True,A,B,6,1,B
3,8093,True,A,B,2,1,B
3,8094,True,B,A,4,1,B
3,8095,True,B,A,4,1,B
3,8096,True,B,A,0,1,A
3,8097,True,B,A,2,0,B
3,8098,True,A,B,4,1,B
3,8099,True,B,A,1,1,B
3,8100,True,A,B,10,1,B
3,8101,True,B,A,4,1,B
3,8102,True,A,B,1,2,B
3,8103,True,B,A,6,1,B
3,8104,True,A,B,4,1,B
3,8105,True,B,A,4,1,B
3,8106,True,A,B,4,1,A
3,8107,True,A,B,0,1,A
3,8108,True,B,A,3,1,B
3,8109,True,B,A,1,2,A
3,8110,True,B,A,6,1,B
3,8111,True,B,A,1,2,A
3,8112,True,B,A,2,1,A
3,8113,True,B,A,10,1,B
3,8114,True,A,B,2,1,B
3,8115,True,A,B,1,2,A
3,8116,True,A,B,1,1,A
3,8117,True,A,B,0,1,A
3,8118,True,A,B,4,1,B
3,8119,True,A,B,2,1,B
3,8120,True,A,B,4,1,B
3,8121,True,A,B,0,1,A
3,8122,False,,,,,
3,8123,True,B,A,4,1,B
3,8124,True,B,A,10,1,B
3,8125,True,B,A,1,2,A
3,8126,True,A,B,10,1,B
3,8127,True,A,B,3,1,B
3,8128,True,A,B,2,1,B
3,8129,True,B,A,1,2,A
3,8130,True,A,B,3,1,B
3,8131,True,B,A,6,1,B
3,8132,True,B,A,6,1,B
3,8133,True,A,B,2,1,A
3,8134,True,B,A,0,1,A
3,8135,True,A,B,2,1,A
3,8136,True,B,A,10,1,B
3,8137,True,B,A,6,1,B
3,8138,True,A,B,3,1,B
3,8139,True,B,A,10,1,B
3,8140,True,B,A,2,0,B
3,8141,True,B,A,4,1,B
3,8142,True,A,B,10,1,B
3,8143,True,B,A,1,2,A
3,8144,True,A,B,2,0,B
3,8145,True,B,A,10,1,B
3,8146,True,A,B,2,1,B
3,8147,True,A,B,6,1,B
3,8148,True,B,A,2,1,A
3,8149,True,A,B,2,0,B
3,8150,False,,,,,
3,8151,True,A,B,3,1,B
3,8152,True,A,B,2,1,B
3,8153,True,A,B,10,1,B
3,8154,True,A,B,10,1,B
3,8155,True,B,A,10,1,B
3,8156,True,A,B,1,2,A
3,8157,True,B,A,0,1,A
3,8158,True,B,A,1,1,A
3,8159,True,A,B,0,1,A
3,8160,True,A,B,1,2,A
3,8161,True,A,B,10,1,B
3,8162,True,B,A,10,1,B
3,8163,True,B,A,3,1,B
3,8164,True,A,B,4,1,B
3,8165,True,B,A,1,2,A
3,8166,True,A,B,10,1,B
3,8167,True,B,A,1,2,A
3,8168,True,A,B,0,1,A
3,8169,True,B,A,2,1,B
3,8170,True,B,A,1,2,A
3,8171,True,B,A,0,1,A
3,8172,True,B,A,10,1,B
3,8173,False,,,,,
3,8174,True,B,A,1,2,A
3,8175,True,A,B,1,2,A
3,8176,True,B,A,10,1,B
3,8177,True,A,B,6,1,B
3,8178,True,B,A,6,1,B
3,8179,True,A,B,0,1,A
3,8180,True,B,A,1,2,A
3,8181,True,A,B,10,1,B
3,8182,True,B,A,0,1,A
3,8183,True,B,A,10,1,B
3,8184,True,B,A,1,1,A
3,8185,True,A,B,10,1,B
3,8186,True,A,B,10,1,B
3,8187,True,A,B,6,1,B
3,8188,True,B,A,1,2,A
3,8189,True,A,B,2,1,B
3,8190,True,B,A,2,1,A
3,8191,True,B,A,10,1,B
3,8192,False,,,,,
3,8193,True,B,A,6,1,B
3,8194,True,B,A,3,1,A
3,8195,True,B,A,10,1,B
3,8196,True,B,A,6,1,B
3,8197,True,B,A,10,1,B
3,8198,True,A,B,2,1,B
3,8199,True,A,B,2,1,B
3,8200,True,B,A,2,1,A
3,8201,True,B,A,6,1,B
3,8202,False,,,,,
3,8203,True,B,A,2,1,A
3,8204,False,,,,,
3,8205,True,B,A,3,1,B
3,8206,True,A,B,2,0,B
3,8207,True,A,B,4,1,B
3,8208,True,B,A,6,1,B
3,8209,True,B,A,3,1,A
3,8210,True,B,A,6,1,B
3,8211,True,B,A,1,1,A
3,8212,True,A,B,1,1,B
3,8213,True,B,A,4,1,B
3,8214,True,A,B,2,1,A
3,8215,True,B,A,2,1,A
3,8216,True,B,A,2,1,A
3,8217,True,A,B,1,2,A
3,8218,True,B,A,10,1,B
3,8219,True,B,A,6,1,B
3,8220,True,B,A,10,1,B
3,8221,True,A,B,4,1,B
3,8222,True,B,A,0,1,A
3,8223,True,B,A,4,1,A
3,8224,True,A,B,2,1,B
3,8225,True,B,A,10,1,B
3,8226,True,B,A,0,1,A
3,8227,True,A,B,6,1,B
3,8228,True,B,A,4,1,B
3,8229,True,B,A,1,1,A
3,8230,True,A,B,4,1,B
3,8231,True,B,A,10,1,B
3,8232,True,A,B,6,1,B
3,8233,True,B,A,6,1,B
3,8234,True,B,A,6,1,B
3,8235,True,A,B,1,1,B
3,8236,True,B,A,3,1,A
3,8237,True,B,A,4,1,A
3,8238,True,A,B,4,1,B
3,8239,True,A,B,0,1,A
3,8240,True,A,B,2,0,B
3,8241,True,A,B,1,1,A
3,8242,True,B,A,3,1,A
3,8243,True,A,B,1,1,B
3,8244,False,,,,,
3,8245,True,A,B,10,1,B
3,8246,True,A,B,1,1,B
3,8247,True,B,A,2,1,A
3,8248,False,,,,,
3,8249,True,A,B,3,1,B
3,8250,True,B,A,2,0,B
3,8251,True,B,A,1,2,A
3,8252,True,A,B,2,0,B
3,8253,True,B,A,6,1,B
3,8254,True,B,A,0,1,A
3,8255,True,B,A,10,1,B
3,8256,True,A,B,0,1,A
3,8257,True,B,A,1,1,B
3,8258,True,A,B,6,1,B
3,8259,True,B,A,1,2,A
3,8260,True,A,B,1,1,A
3,8261,True,B,A,2,1,B
3,8262,True,B,A,0,1,A
3,8263,False,,,,,
3,8264,True,B,A,4,1,B
3,8265,True,A,B,2,0,B
3,8266,True,A,B,3,1,A
3,8267,True,A,B,1,2,A
3,8268,True,A,B,2,0,B
3,8269,True,A,B,6,1,B
3,8270,False,,,,,
3,8271,True,A,B,0,1,A
3,8272,False,,,,,
3,8273,True,B,A,1,2,B
3,8274,True,A,B,3,1,B
3,8275,True,B,A,2,0,B
3,8276,True,B,A,6,1,B
3,8277,True,B,A,2,1,B
3,8278,True,B,A,0,1,A
3,8279,True,A,B,1,2,A
3,8280,True,B,A,3,1,B
3,8281,True,A,B,4,1,B
3,8282,True,B,A,3,1,B
3,8283,True,A,B,1,1,A
3,8284,False,,,,,
3,8285,True,B,A,1,1,B
3,8286,True,A,B,2,1,A
3,8287,True,B,A,4,1,B
3,8288,True,A,B,0,1,A
3,8289,True,B,A,10,1,B
3,8290,True,A,B,1,2,A
3,8291,True,A,B,0,1,A
3,8292,True,B,A,3,1,B
3,8293,True,A,B,1,1,A
3,8294,True,A,B,2,0,B
3,8295,True,B,A,10,1,B
3,8296,True,A,B,0,1,A
3,8297,True,A,B,0,1,A
3,8298,True,A,B,1,1,A
3,8299,True,A,B,10,1,B
3,8300,True,B,A,1,1,A
3,8301,True,A,B,1,2,A
3,8302,False,,,,,
3,8303,True,A,B,2,0,B
3,8304,True,A,B,2,1,A
3,8305,True,B,A,10,1,B
3,8306,True,A,B,1,1,A
3,8307,True,B,A,3,1,B
3,8308,True,A,B,2,1,B
3,8309,True,A,B,1,2,A
3,8310,True,B,A,2,1,B
3,8311,True,A,B,1,1,A
3,8312,True,A,B,1,1,A
3,8313,True,B,A,2,1,B
3,8314,True,B,A,10,1,B
3,8315,True,B,A,1,2,A
3,8316,True,B,A,0,1,A
3,8317,True,A,B,1,1,B
3,8318,True,B,A,2,0,B
3,8319,True,B,A,0,1,A
3,8320,True,B,A,1,2,A
3,8321,True,A,B,6,1,B
3,8322,True,B,A,2,0,B
3,8323,True,B,A,0,1,A
3,8324,True,A,B,1,1,A
3,8325,True,B,A,10,1,B
3,8326,True,B,A,0,1,A
3,8327,True,B,A,2,1,B
3,8328,True,B,A,1,2,A
3,8329,True,B,A,1,2,A
3,8330,True,A,B,1,1,A
3,8331,False,,,,,
3,8332,False,,,,,
3,8333,True,B,A,10,1,B
3,8334,True,B,A,2,1,B
3,8335,True,A,B,2,0,B
3,8336,True,A,B,2,0,B
3,8337,True,B,A,2,1,A
3,8338,True,A,B,0,1,A
3,8339,True,A,B,3,1,B
3,8340,True,A,B,10,1,B
3,8341,True,A,B,2,1,B
3,8342,True,B,A,2,1,B
3,8343,True,A,B,10,1,B
3,8344,True,A,B,1,2,A
3,8345,True,A,B,1,2,A
3,8346,True,B,A,1,2,B
3,8347,True,B,A,1,2,A
3,8348,False,,,,,
3,8349,True,B,A,4,1,B
3,8350,True,B,A,4,1,B
3,8351,True,A,B,3,1,A
3,8352,True,B,A,6,1,B
3,8353,True,A,B,6,1,B
3,8354,True,B,A,1,2,B
3,8355,True,B,A,0,1,A
3,8356,False,,,,,
3,8357,True,A,B,4,1,B
3,8358,True,A,B,6,1,B
3,8359,True,B,A,1,2,A
3,8360,True,B,A,4,1,B
3,8361,True,B,A,1,1,B
3,8362,True,B,A,3,1,B
3,8363,True,A,B,4,1,A
3,8364,True,B,A,2,1,B
3,8365,True,A,B,1,1,A
3,8366,True,A,B,6,1,B
3,8367,True,A,B,3,1,A
3,8368,False,,,,,
3,8369,True,B,A,3,1,B
3,8370,True,A,B,4,1,A
3,8371,True,A,B,1,1,A
3,8372,True,B,A,2,1,B
3,8373,True,A,B,2,1,A
3,8374,True,B,A,6,1,B
3,8375,True,B,A,0,1,A
3,8376,True,A,B,1,1,A
3,8377,True,B,A,10,1,B
3,8378,True,A,B,4,1,B
3,8379,True,B,A,6,1,B
3,8380,True,A,B,1,2,A
3,8381,True,A,B,2,0,B
3,8382,False,,,,,
3,8383,True,A,B,6,1,B
3,8384,True,B,A,3,1,B
3,8385,True,A,B,1,2,A
3,8386,True,A,B,2,1,A
3,8387,True,A,B,3,1,B
3,8388,True,B,A,10,1,B
3,8389,True,B,A,1,2,A
3,8390,True,B,A,3,1,B
3,8391,True,A,B,1,2,A
3,8392,True,B,A,6,1,B
3,8393,True,B,A,1,1,A
3,8394,True,B,A,1,2,A
3,8395,True,B,A,3,1,B
3,8396,True,A,B,1,2,A
3,8397,True,A,B,1,2,A
3,8398,True,B,A,1,1,A
3,8399,True,B,A,4,1,B
3,8400,True,B,A,2,0,B
3,8401,True,B,A,1,2,A
3,8402,True,B,A,3,1,B
3,8403,True,B,A,4,1,B
3,8404,True,B,A,6,1,B
3,8405,False,,,,,
3,8406,True,A,B,1,1,A
3,8407,True,A,B,6,1,B
3,8408,True,A,B,2,1,B
3,8409,False,,,,,
3,8410,True,A,B,2,1,A
3,8411,True,B,A,1,1,A
3,8412,True,B,A,2,0,B
3,8413,True,A,B,0,1,A
3,8414,True,B,A,1,2,B
3,8415,True,B,A,6,1,B
3,8416,True,A,B,2,1,A
3,8417,True,A,B,1,1,B
3,8418,True,B,A,6,1,B
3,8419,False,,,,,
3,8420,True,B,A,3,1,B
3,8421,True,A,B,6,1,B
3,8422,True,B,A,2,1,B
3,8423,True,B,A,6,1,B
3,8424,True,B,A,6,1,B
3,8425,True,A,B,2,1,A
3,8426,True,A,B,2,1,A
3,8427,True,B,A,10,1,B
3,8428,True,A,B,2,1,A
3,8429,True,A,B,0,1,A
3,8430,True,B,A,2,1,B
3,8431,True,A,B,0,1,A
3,8432,True,B,A,10,1,B
3,8433,True,B,A,0,1,A
3,8434,True,B,A,2,1,A
3,8435,True,A,B,10,1,B
3,8436,True,A,B,2,1,A
3,8437,True,B,A,2,0,B
3,8438,False,,,,,
3,8439,True,A,B,10,1,B
3,8440,False,,,,,
3,8441,True,A,B,2,0,B
3,8442,True,A,B,6,1,B
3,8443,True,A,B,10,1,B
3,8444,True,A,B,0,1,A
3,8445,True,A,B,3,1,B
3,8446,True,B,A,6,1,B
3,8447,True,A,B,1,2,A
3,8448,True,A,B,1,1,A
3,8449,True,A,B,0,1,A
3,8450,True,B,A,1,1,A
3,8451,True,A,B,0,1,A
3,8452,True,B,A,10,1,B
3,8453,True,A,B,3,1,A
3,8454,True,A,B,0,1,A
3,8455,True,B,A,1,2,A
3,8456,False,,,,,
3,8457,True,A,B,3,1,B
3,8458,True,B,A,4,1,B
3,8459,True,B,A,3,1,B
3,8460,True,B,A,2,0,B
3,8461,True,B,A,1,1,A
3,8462,True,B,A,4,1,B
3,8463,True,A,B,1,2,A
3,8464,True,B,A,2,1,B
3,8465,True,A,B,1,2,A
3,8466,True,A,B,10,1,B
3,8467,True,B,A,1,1,B
3,8468,False,,,,,
3,8469,True,B,A,6,1,B
3,8470,False,,,,,
3,8471,True,B,A,0,1,A
3,8472,True,B,A,4,1,B
3,8473,True,A,B,6,1,B
3,8474,True,A,B,2,1,A
3,8475,True,B,A,3,1,A
3,8476,True,A,B,2,1,B
3,8477,True,A,B,6,1,B
3,8478,True,A,B,3,1,B
3,8479,True,B,A,3,1,B
3,8480,True,A,B,10,1,B
3,8481,True,A,B,2,1,A
3,8482,True,A,B,0,1,A
3,8483,True,B,A,2,1,A
3,8484,True,A,B,10,1,B
3,8485,True,B,A,6,1,B
3,8486,True,B,A,0,1,A
3,8487,True,B,A,0,1,A
3,8488,True,A,B,6,1,B
3,8489,True,A,B,4,1,B
3,8490,True,B,A,4,1,B
3,8491,True,A,B,6,1,B
3,8492,True,B,A,1,2,A
3,8493,True,A,B,2,1,A
3,8494,True,A,B,0,1,A
3,8495,True,B,A,1,1,B
3,8496,True,B,A,1,2,A
3,8497,True,A,B,1,1,A
3,8498,True,A,B,2,1,B
3,8499,True,B,A,3,1,B
3,8500,True,B,A,6,1,B
3,8501,True,A,B,2,1,A
3,8502,True,B,A,2,0,B
3,8503,True,A,B,4,1,B
3,8504,True,B,A,10,1,B
3,8505,True,B,A,2,1,A
3,8506,True,A,B,10,1,B
3,8507,True,A,B,0,1,A
3,8508,True,B,A,0,1,A
3,8509,True,A,B,3,1,A
3,8510,True,A,B,6,1,B
3,8511,True,B,A,1,1,B
3,8512,True,B,A,2,0,B
3,8513,True,A,B,10,1,B
3,8514,True,B,A,3,1,B
3,8515,True,B,A,3,1,B
3,8516,True,B,A,0,1,A
3,8517,True,B,A,2,0,B
3,8518,True,B,A,2,1,B
3,8519,True,B,A,0,1,A
3,8520,True,B,A,10,1,B
3,8521,True,A,B,4,1,B
3,8522,True,B,A,2,1,B
3,8523,True,A,B,6,1,B
3,8524,True,A,B,3,1,A
3,8525,True,A,B,3,1,A
3,8526,True,B,A,2,1,B
3,8527,True,A,B,0,1,A
3,8528,True,B,A,0,1,A
3,8529,True,B,A,0,1,A
3,8530,True,B,A,1,2,A
3,8531,True,B,A,1,1,B
3,8532,True,A,B,4,1,B
3,8533,True,B,A,1,2,A
3,8534,True,B,A,3,1,B
3,8535,True,A,B,1,2,A
3,8536,True,B,A,6,1,B
3,8537,False,,,,,
3,8538,True,A,B,6,1,B
3,8539,True,B,A,1,1,A
3,8540,True,A,B,1,2,A
3,8541,True,B,A,3,1,B
3,8542,True,A,B,1,2,A
3,8543,True,A,B,1,1,A
3,8544,True,A,B,1,1,B
3,8545,True,A,B,3,1,A
3,8546,True,B,A,6,1,B
3,8547,True,B,A,0,1,A
3,8548,False,,,,,
3,8549,True,A,B,3,1,B
3,8550,True,B,A,1,1,A
3,8551,True,A,B,6,1,B
3,8552,True,A,B,10,1,B
3,8553,True,B,A,0,1,A
3,8554,True,B,A,4,1,B
3,8555,True,B,A,3,1,B
3,8556,True,A,B,6,1,B
3,8557,True,B,A,1,1,A
3,8558,True,B,A,0,1,A
3,8559,True,A,B,3,1,B
3,8560,True,B,A,1,2,A
3,8561,True,B,A,10,1,B
3,8562,True,B,A,2,1,A
3,8563,True,A,B,10,1,B
3,8564,True,B,A,2,1,A
3,8565,False,,,,,
3,8566,True,A,B,2,0,B
3,8567,True,A,B,3,1,A
3,8568,True,A,B,3,1,B
3,8569,True,B,A,6,1,B
3,8570,True,B,A,3,1,B
3,8571,True,A,B,4,1,B
3,8572,True,B,A,4,1,B
3,8573,True,A,B,3,1,B
3,8574,True,A,B,2,0,B
3,8575,False,,,,,
3,8576,True,A,B,1,2,A
3,8577,True,B,A,2,1,B
3,8578,True,A,B,10,1,B
3,8579,True,A,B,6,1,B
3,8580,True,B,A,3,1,B
3,8581,True,B,A,0,1,A
3,8582,True,A,B,2,0,B
3,8583,True,A,B,1,2,A
3,8584,True,A,B,3,1,B
3,8585,True,B,A,6,1,B
3,8586,True,B,A,3,1,B
3,8587,True,B,A,6,1,B
3,8588,True,A,B,4,1,B
3,8589,True,A,B,3,1,B
3,8590,True,A,B,2,1,A
3,8591,True,A,B,10,1,B
3,8592,True,B,A,6,1,B
3,8593,True,B,A,3,1,B
3,8594,True,B,A,3,1,B
3,8595,True,B,A,1,2,A
3,8596,True,A,B,2,1,B
3,8597,True,A,B,2,1,A
3,8598,True,B,A,2,1,A
3,8599,False,,,,,
3,8600,True,A,B,0,1,A
3,8601,True,A,B,2,1,A
3,8602,True,A,B,1,2,A
3,8603,True,B,A,10,1,B
3,8604,True,B,A,6,1,B
3,8605,True,A,B,10,1,B
3,8606,True,A,B,6,1,B
3,8607,True,B,A,0,1,A
3,8608,True,B,A,2,0,B
3,8609,True,B,A,4,1,B
3,8610,True,A,B,2,0,B
3,8611,True,A,B,1,1,A
3,8612,True,A,B,3,1,B
3,8613,True,B,A,1,2,B
3,8614,True,A,B,2,0,B
3,8615,True,A,B,2,0,B
3,8616,True,A,B,0,1,A
3,8617,True,B,A,2,1,B
3,8618,True,A,B,6,1,B
3,8619,True,A,B,3,1,A
3,8620,True,B,A,4,1,B
3,8621,False,,,,,
3,8622,True,A,B,10,1,B
3,8623,True,A,B,2,1,B
3,8624,True,B,A,1,1,B
3,8625,True,B,A,10,1,B
3,8626,True,B,A,6,1,B
3,8627,True,B,A,1,2,A
3,8628,True,B,A,4,1,B
3,8629,True,B,A,6,1,B
3,8630,True,A,B,6,1,B
3,8631,False,,,,,
3,8632,True,A,B,3,1,B
3,8633,True,A,B,10,1,B
3,8634,True,B,A,3,1,A
3,8635,True,A,B,10,1,B
3,8636,True,B,A,1,2,A
3,8637,True,B,A,1,2,B
3,8638,True,A,B,10,1,B
3,8639,True,A,B,10,1,B
3,8640,True,B,A,2,1,A
3,8641,True,B,A,1,2,A
3,8642,True,B,A,3,1,B
3,8643,True,B,A,2,1,B
3,8644,True,B,A,3,1,B
3,8645,True,A,B,6,1,B
3,8646,True,A,B,10,1,B
3,8647,True,A,B,1,2,A
3,8648,True,A,B,10,1,B
3,8649,False,,,,,
3,8650,True,A,B,10,1,B
3,8651,True,A,B,3,1,B
3,8652,False,,,,,
3,8653,True,B,A,6,1,B
3,8654,True,B,A,10,1,B
3,8655,True,B,A,0,1,A
3,8656,True,B,A,2,1,B
3,8657,True,A,B,4,1,B
3,8658,True,A,B,10,1,B
3,8659,True,A,B,6,1,B
3,8660,True,A,B,6,1,B
3,8661,True,B,A,1,2,A
3,8662,True,A,B,2,0,B
3,8663,True,A,B,0,1,A
3,8664,True,B,A,4,1,B
3,8665,True,A,B,4,1,B
3,8666,True,B,A,2,1,A
3,8667,True,B,A,2,1,B
3,8668,True,A,B,1,1,B
3,8669,True,B,A,3,1,B
3,8670,True,A,B,10,1,B
3,8671,True,B,A,1,2,A
3,8672,False,,,,,
3,8673,True,A,B,2,0,B
3,8674,True,B,A,1,1,A
3,8675,True,A,B,6,1,B
3,8676,True,A,B,1,2,A
3,8677,True,A,B,6,1,B
3,8678,True,B,A,10,1,B
3,8679,True,B,A,0,1,A
3,8680,True,A,B,2,1,B
3,8681,True,A,B,4,1,B
3,8682,True,A,B,4,1,B
3,8683,True,B,A,1,2,B
3,8684,True,B,A,2,0,B
3,8685,True,B,A,2,1,A
3,8686,True,B,A,6,1,B
3,8687,True,A,B,10,1,B
3,8688,True,A,B,0,1,A
3,8689,True,A,B,4,1,B
3,8690,True,A,B,1,2,A
3,8691,True,A,B,1,1,A
3,8692,True,A,B,2,0,B
3,8693,True,B,A,2,0,B
3,8694,True,A,B,2,0,B
3,8695,True,B,A,2,1,A
3,8696,True,B,A,1,2,A
3,8697,True,B,A,0,1,A
3,8698,True,B,A,1,2,A
3,8699,True,B,A,2,1,B
3,8700,True,A,B,2,1,B
3,8701,True,B,A,1,2,A
3,8702,True,B,A,4,1,B
3,8703,True,B,A,2,0,B
3,8704,False,,,,,
3,8705,True,B,A,4,1,B
3,8706,True,B,A,3,1,A
3,8707,False,,,,,
3,8708,True,B,A,2,0,B
3,8709,False,,,,,
3,8710,True,B,A,2,0,B
3,8711,False,,,,,
3,8712,True,A,B,1,2,B
3,8713,True,B,A,6,1,B
3,8714,True,A,B,0,1,A
3,8715,True,B,A,3,1,A
3,8716,True,A,B,2,1,B
3,8717,True,A,B,4,1,B
3,8718,True,A,B,6,1,B
3,8719,True,A,B,4,1,B
3,8720,True,B,A,1,1,A
3,8721,True,A,B,1,1,A
3,8722,True,B,A,10,1,B
3,8723,True,A,B,10,1,B
3,8724,True,A,B,1,1,B
3,8725,True,A,B,1,2,A
3,8726,True,A,B,0,1,A
3,8727,False,,,,,
3,8728,True,A,B,1,1,A
3,8729,True,A,B,2,0,B
3,8730,False,,,,,
3,8731,True,B,A,0,1,A
3,8732,True,B,A,0,1,A
3,8733,True,B,A,1,2,A
3,8734,True,B,A,0,1,A
3,8735,True,B,A,0,1,A
3,8736,True,A,B,1,2,A
3,8737,True,B,A,2,1,A
3,8738,True,B,A,4,1,B
3,8739,True,A,B,0,1,A
3,8740,True,A,B,1,1,A
3,8741,True,B,A,2,0,B
3,8742,True,B,A,0,1,A
3,8743,False,,,,,
3,8744,True,B,A,10,1,B
3,8745,True,B,A,0,1,A
3,8746,True,B,A,1,2,A
3,8747,True,A,B,2,1,A
3,8748,True,B,A,6,1,B
3,8749,True,A,B,1,1,B
3,8750,True,A,B,1,1,A
3,8751,True,A,B,0,1,A
3,8752,True,B,A,1,2,A
3,8753,False,,,,,
3,8754,True,A,B,2,0,B
3,8755,True,A,B,10,1,B
3,8756,True,A,B,3,1,B
3,8757,True,B,A,4,1,B
3,8758,True,A,B,2,1,B
3,8759,True,B,A,2,1,A
3,8760,True,B,A,1,2,A
3,8761,True,A,B,1,1,A
3,8762,True,B,A,0,1,A
3,8763,True,B,A,2,0,B
3,8764,True,A,B,6,1,B
3,8765,True,A,B,1,2,A
3,8766,True,B,A,0,1,A
3,8767,True,A,B,4,1,B
3,8768,False,,,,,
3,8769,True,A,B,1,1,A
3,8770,True,B,A,10,1,B
3,8771,False,,,,,
3,8772,True,B,A,6,1,B
3,8773,True,B,A,4,1,B
3,8774,True,A,B,2,1,A
3,8775,True,B,A,1,1,A
3,8776,True,A,B,3,1,A
3,8777,True,B,A,2,1,B
3,8778,True,A,B,1,2,A
3,8779,True,A,B,6,1,B
3,8780,True,B,A,1,1,A
3,8781,True,B,A,10,1,B
3,8782,True,B,A,4,1,B
3,8783,True,A,B,1,1,A
3,8784,True,A,B,6,1,B
3,8785,True,B,A,10,1,B
3,8786,True,A,B,6,1,B
3,8787,True,B,A,2,1,B
3,8788,True,B,A,3,1,B
3,8789,True,A,B,6,1,B
3,8790,True,B,A,1,1,A
3,8791,True,B,A,1,2,A
3,8792,True,B,A,6,1,B
3,8793,True,B,A,2,1,A
3,8794,True,A,B,0,1,A
3,8795,True,A,B,1,1,A
3,8796,True,B,A,3,1,A
3,8797,True,A,B,1,2,A
3,8798,True,B,A,2,1,A
3,8799,True,A,B,6,1,B
3,8800,True,B,A,0,1,A
3,8801,True,A,B,4,1,B
3,8802,True,A,B,1,1,A
3,8803,True,B,A,10,1,B
3,8804,True,A,B,10,1,B
3,8805,True,A,B,3,1,A
3,8806,True,B,A,1,1,A
3,8807,True,A,B,1,2,A
3,8808,True,B,A,2,1,A
3,8809,True,A,B,1,2,A
3,8810,True,B,A,6,1,B
3,8811,True,B,A,6,1,B
3,8812,True,B,A,1,1,A
3,8813,True,A,B,3,1,B
3,8814,True,A,B,1,1,A
3,8815,True,B,A,10,1,B
3,8816,True,A,B,2,1,A
3,8817,True,B,A,3,1,B
3,8818,True,A,B,10,1,B
3,8819,True,B,A,1,1,A
3,8820,True,B,A,1,2,A
3,8821,True,A,B,4,1,B
3,8822,True,A,B,4,1,B
3,8823,True,A,B,2,1,A
3,8824,True,A,B,1,2,A
3,8825,True,A,B,6,1,B
3,8826,True,A,B,10,1,B
3,8827,True,A,B,1,1,A
3,8828,True,A,B,1,2,A
3,8829,True,A,B,0,1,A
3,8830,True,B,A,0,1,A
3,8831,True,A,B,1,2,A
3,8832,True,A,B,3,1,B
3,8833,True,A,B,10,1,B
3,8834,True,A,B,10,1,B
3,8835,True,B,A,4,1,B
3,8836,False,,,,,
3,8837,False,,,,,
3,8838,False,,,,,
3,8839,True,A,B,10,1,B
3,8840,True,B,A,2,0,B
3,8841,True,A,B,0,1,A
3,8842,True,B,A,10,1,B
3,8843,True,B,A,2,0,B
3,8844,True,B,A,6,1,B
3,8845,True,A,B,3,1,B
3,8846,True,A,B,2,1,B
3,8847,True,A,B,3,1,B
3,8848,True,B,A,1,2,A
3,8849,True,B,A,10,1,B
3,8850,True,A,B,3,1,B
3,8851,True,B,A,10,1,B
3,8852,True,A,B,4,1,A
3,8853,True,B,A,6,1,B
3,8854,True,A,B,2,1,B
3,8855,True,B,A,10,1,B
3,8856,True,A,B,0,1,A
3,8857,True,A,B,0,1,A
3,8858,True,B,A,1,1,A
3,8859,True,B,A,1,2,A
3,8860,True,A,B,1,2,A
3,8861,True,A,B,0,1,A
3,8862,True,A,B,0,1,A
3,8863,True,B,A,1,1,A
3,8864,True,B,A,2,1,B
3,8865,True,A,B,1,1,B
3,8866,True,B,A,0,1,A
3,8867,True,B,A,6,1,B
3,8868,True,B,A,1,2,A
3,8869,True,A,B,1,1,B
3,8870,True,B,A,10,1,B
3,8871,False,,,,,
3,8872,True,B,A,2,1,A
3,8873,True,B,A,1,2,A
3,8874,True,B,A,0,1,A
3,8875,True,A,B,6,1,B
3,8876,True,B,A,1,2,A
3,8877,True,A,B,1,2,A
3,8878,True,A,B,0,1,A
3,8879,True,B,A,2,0,B
3,8880,True,B,A,1,2,A
3,8881,False,,,,,
3,8882,True,A,B,6,1,B
3,8883,True,B,A,6,1,B
3,8884,True,B,A,3,1,A
3,8885,True,B,A,0,1,A
3,8886,True,A,B,1,2,A
3,8887,True,B,A,10,1,B
3,8888,False,,,,,
3,8889,True,B,A,6,1,B
3,8890,True,B,A,2,0,B
3,8891,True,B,A,1,1,A
3,8892,True,A,B,4,1,B
3,8893,True,A,B,1,1,B
3,8894,True,B,A,1,1,B
3,8895,True,A,B,3,1,B
3,8896,True,A,B,6,1,B
3,8897,True,A,B,2,0,B
3,8898,True,A,B,3,1,B
3,8899,True,A,B,2,1,B
3,8900,True,A,B,4,1,B
3,8901,True,A,B,2,1,B
3,8902,True,A,B,3,1,B
3,8903,True,B,A,0,1,A
3,8904,True,A,B,2,0,B
3,8905,True,A,B,1,2,A
3,8906,True,A,B,3,1,B
3,8907,True,A,B,1,1,B
3,8908,True,B,A,2,0,B
3,8909,True,A,B,6,1,B
3,8910,True,A,B,10,1,B
3,8911,False,,,,,
3,8912,True,A,B,6,1,B
3,8913,True,A,B,10,1,B
3,8914,True,A,B,2,0,B
3,8915,True,B,A,10,1,B
3,8916,True,B,A,10,1,B
3,8917,True,A,B,2,0,B
3,8918,True,A,B,6,1,B
3,8919,True,A,B,2,1,B
3,8920,True,B,A,6,1,B
3,8921,True,B,A,2,1,A
3,8922,True,A,B,1,2,A
3,8923,True,B,A,2,0,B
3,8924,True,B,A,3,1,B
3,8925,True,B,A,1,2,A
3,8926,True,A,B,1,2,A
3,8927,True,B,A,0,1,A
3,8928,True,B,A,4,1,B
3,8929,True,A,B,2,0,B
3,8930,True,B,A,10,1,B
3,8931,True,A,B,6,1,B
3,8932,False,,,,,
3,8933,True,B,A,3,1,B
3,8934,True,A,B,4,1,B
3,8935,True,A,B,2,0,B
3,8936,True,B,A,1,2,A
3,8937,True,A,B,4,1,B
3,8938,True,B,A,10,1,B
3,8939,True,B,A,2,1,B
3,8940,True,B,A,2,0,B
3,8941,True,A,B,2,1,B
3,8942,True,B,A,2,0,B
3,8943,True,B,A,1,1,A
3,8944,True,B,A,1,1,A
3,8945,True,B,A,6,1,B
3,8946,True,B,A,4,1,A
3,8947,True,A,B,1,2,A
3,8948,True,A,B,0,1,A
3,8949,True,A,B,1,2,A
3,8950,True,B,A,6,1,B
3,8951,True,B,A,6,1,B
3,8952,True,A,B,1,2,A
3,8953,True,A,B,10,1,B
3,8954,True,B,A,0,1,A
3,8955,False,,,,,
3,8956,True,A,B,3,1,A
3,8957,True,A,B,6,1,B
3,8958,True,B,A,10,1,B
3,8959,True,B,A,6,1,B
3,8960,True,B,A,0,1,A
3,8961,True,B,A,3,1,B
3,8962,True,A,B,3,1,B
3,8963,True,B,A,3,1,B
3,8964,True,A,B,1,2,A
3,8965,True,A,B,6,1,B
3,8966,True,B,A,4,1,B
3,8967,True,A,B,2,1,A
3,8968,True,A,B,0,1,A
3,8969,True,A,B,1,2,A
3,8970,True,A,B,0,1,A
3,8971,True,B,A,2,1,A
3,8972,False,,,,,
3,8973,True,A,B,6,1,B
3,8974,True,B,A,1,2,A
3,8975,True,B,A,4,1,B
3,8976,True,B,A,3,1,B
3,8977,True,A,B,6,1,B
3,8978,True,A,B,1,2,A
3,8979,True,A,B,3,1,B
3,8980,True,A,B,4,1,B
3,8981,True,B,A,4,1,A
3,8982,True,B,A,4,1,B
3,8983,True,B,A,6,1,B
3,8984,True,A,B,4,1,B
3,8985,True,A,B,10,1,B
3,8986,True,B,A,2,1,A
3,8987,True,A,B,3,1,B
3,8988,True,A,B,4,1,B
3,8989,True,B,A,1,1,A
3,8990,True,B,A,2,1,B
3,8991,True,B,A,6,1,B
3,8992,False,,,,,
3,8993,True,B,A,2,1,A
3,8994,True,B,A,6,1,A
3,8995,True,A,B,0,1,A
3,8996,True,A,B,0,1,A
3,8997,True,B,A,1,2,B
3,8998,True,B,A,6,1,B
3,8999,True,A,B,4,1,B
3,9000,True,B,A,3,1,A
4,9001,True,A,B,6,1,B
4,9002,True,A,B,0,1,A
4,9003,True,B,A,1,2,A
4,9004,True,B,A,10,1,B
4,9005,False,,,,,
4,9006,True,A,B,2,1,A
4,9007,True,A,B,2,1,B
4,9008,True,A,B,3,1,B
4,9009,True,A,B,1,1,B
4,9010,True,B,A,2,0,B
4,9011,True,A,B,0,1,A
4,9012,True,A,B,6,1,B
4,9013,True,A,B,4,1,B
4,9014,True,B,A,1,2,A
4,9015,True,A,B,10,1,B
4,9016,True,A,B,10,1,B
4,9017,True,B,A,4,1,B
4,9018,True,B,A,4,1,B
4,9019,True,B,A,0,1,A
4,9020,True,B,A,3,1,B
4,9021,True,A,B,10,1,B
4,9022,True,B,A,2,1,B
4,9023,True,A,B,3,1,B
4,9024,True,B,A,2,0,B
4,9025,True,B,A,2,1,A
4,9026,True,B,A,6,1,B
4,9027,True,A,B,1,1,A
4,9028,True,A,B,6,1,B
4,9029,False,,,,,
4,9030,True,A,B,6,1,B
4,9031,True,B,A,0,1,A
4,9032,True,A,B,10,1,B
4,9033,True,B,A,2,0,B
4,9034,True,B,A,2,1,A
4,9035,True,A,B,10,1,B
4,9036,True,A,B,6,1,B
4,9037,True,B,A,1,1,A
4,9038,True,A,B,2,0,B
4,9039,True,A,B,0,1,A
4,9040,True,B,A,6,1,B
4,9041,True,B,A,1,1,A
4,9042,True,B,A,3,1,A
4,9043,True,B,A,6,1,B
4,9044,True,B,A,3,1,B
4,9045,True,B,A,3,1,B
4,9046,True,A,B,6,1,B
4,9047,True,B,A,2,0,B
4,9048,True,B,A,6,1,B
4,9049,True,A,B,4,1,B
4,9050,True,A,B,4,1,B
4,9051,True,B,A,6,1,B
4,9052,True,B,A,0,1,A
4,9053,True,B,A,1,1,A
4,9054,True,B,A,0,1,A
4,9055,True,A,B,6,1,B
4,9056,True,A,B,3,1,A
4,9057,True,B,A,6,1,B
4,9058,True,B,A,0,1,A
4,9059,True,B,A,1,1,A
4,9060,True,A,B,0,1,A
4,9061,True,A,B,0,1,A
4,9062,True,A,B,0,1,A
4,9063,True,B,A,1,2,A
4,9064,True,B,A,10,1,B
4,9065,True,A,B,2,1,B
4,9066,True,B,A,10,1,B
4,9067,True,A,B,1,2,A
4,9068,True,B,A,10,1,B
4,9069,True,A,B,10,1,B
4,9070,True,B,A,3,1,B
4,9071,True,B,A,2,0,B
4,9072,True,B,A,0,1,A
4,9073,True,A,B,3,1,B
4,9074,True,A,B,4,1,B
4,9075,True,B,A,1,1,A
4,9076,False,,,,,
4,9077,True,A,B,1,1,A
4,9078,True,B,A,10,1,B
4,9079,True,B,A,2,0,B
4,9080,True,B,A,3,1,A
4,9081,True,A,B,6,1,B
4,9082,True,B,A,3,1,B
4,9083,True,A,B,6,1,B
4,9084,False,,,,,
4,9085,True,A,B,4,1,B
4,9086,True,A,B,10,1,B
4,9087,False,,,,,
4,9088,True,A,B,1,2,A
4,9089,True,B,A,4,1,B
4,9090,True,B,A,3,1,B
4,9091,True,B,A,1,1,A
4,9092,True,A,B,1,1,A
4,9093,True,B,A,6,1,B
4,9094,True,B,A,1,2,A
4,9095,True,B,A,1,1,A
4,9096,True,A,B,4,1,B
4,9097,True,A,B,10,1,B
4,9098,True,A,B,3,1,A
4,9099,True,B,A,2,1,A
4,9100,True,B,A,2,1,B
4,9101,True,A,B,1,1,B
4,9102,True,B,A,10,1,B
4,9103,True,A,B,4,1,B
4,9104,True,B,A,4,1,B
4,9105,True,B,A,2,1,A
4,9106,True,A,B,6,1,B
4,9107,True,A,B,1,2,A
4,9108,True,B,A,2,1,B
4,9109,True,B,A,1,2,A
4,9110,True,B,A,1,2,A
4,9111,True,B,A,2,1,A
4,9112,True,B,A,10,1,B
4,9113,True,B,A,2,0,B
4,9114,False,,,,,
4,9115,True,A,B,3,1,B
4,9116,True,B,A,10,1,B
4,9117,True,B,A,4,1,A
4,9118,True,A,B,10,1,B
4,9119,True,B,A,1,1,A
4,9120,True,A,B,3,1,B
4,9121,True,A,B,2,0,B
4,9122,True,B,A,0,1,A
4,9123,True,B,A,3,1,A
4,9124,True,A,B,2,1,B
4,9125,True,A,B,1,1,B
4,9126,True,A,B,6,1,B
4,9127,True,A,B,2,1,B
4,9128,True,A,B,2,1,B
4,9129,True,B,A,1,1,B
4,9130,True,A,B,3,1,A
4,9131,True,B,A,6,1,B
4,9132,True,A,B,2,0,B
4,9133,True,A,B,2,0,B
4,9134,True,A,B,3,1,A
4,9135,True,B,A,1,2,A
4,9136,True,B,A,2,0,B
4,9137,True,B,A,1,2,A
4,9138,True,A,B,1,2,A
4,9139,True,B,A,2,1,A
4,9140,True,B,A,3,1,A
4,9141,True,B,A,1,2,A
4,9142,True,A,B,4,1,B
4,9143,True,B,A,1,2,A
4,9144,True,B,A,1,1,A
4,9145,True,B,A,0,1,A
4,9146,True,B,A,2,1,A
4,9147,True,B,A,1,1,A
4,9148,True,B,A,1,2,A
4,9149,True,B,A,1,1,A
4,9150,True,B,A,6,1,B
4,9151,True,B,A,0,1,A
4,9152,True,A,B,4,1,B
4,9153,True,B,A,4,1,B
4,9154,True,A,B,2,1,A
4,9155,True,A,B,2,0,B
4,9156,True,A,B,10,1,B
4,9157,True,A,B,3,1,B
4,9158,True,B,A,10,1,B
4,9159,True,B,A,1,2,A
4,9160,True,B,A,4,1,B
4,9161,True,B,A,2,0,B
4,9162,True,B,A,2,1,A
4,9163,True,A,B,1,2,A
4,9164,True,A,B,3,1,B
4,9165,True,A,B,10,1,B
4,9166,True,A,B,1,2,B
4,9167,True,A,B,0,1,A
4,9168,True,B,A,1,1,A
4,9169,True,B,A,2,0,B
4,9170,True,A,B,3,1,B
4,9171,True,B,A,4,1,B
4,9172,True,A,B,1,2,A
4,9173,True,B,A,4,1,A
4,9174,True,B,A,3,1,B
4,9175,True,B,A,4,1,A
4,9176,True,B,A,4,1,A
4,9177,False,,,,,
4,9178,True,A,B,2,1,B
4,9179,True,B,A,1,1,A
4,9180,True,B,A,1,2,A
4,9181,True,A,B,6,1,B
4,9182,True,B,A,6,1,B
4,9183,True,B,A,4,1,A
4,9184,True,B,A,2,1,A
4,9185,True,A,B,1,2,A
4,9186,True,A,B,2,0,B
4,9187,True,A,B,1,2,B
4,9188,True,B,A,1,2,A
4,9189,True,B,A,10,1,B
4,9190,True,B,A,2,0,B
4,9191,True,B,A,4,1,B
4,9192,True,B,A,1,1,A
4,9193,True,B,A,6,1,B
4,9194,True,A,B,0,1,A
4,9195,True,A,B,1,2,A
4,9196,True,B,A,0,1,A
4,9197,True,B,A,1,1,A
4,9198,True,A,B,6,1,B
4,9199,True,B,A,6,1,A
4,9200,True,A,B,6,1,B
4,9201,True,B,A,6,1,B
4,9202,True,B,A,3,1,B
4,9203,True,A,B,4,1,B
4,9204,True,A,B,1,2,B
4,9205,True,A,B,2,1,B
4,9206,True,A,B,2,1,A
4,9207,True,B,A,0,1,A
4,9208,False,,,,,
4,9209,True,B,A,6,1,B
4,9210,True,A,B,1,2,A
4,9211,True,B,A,3,1,A
4,9212,True,A,B,4,1,B
4,9213,True,B,A,1,2,A
4,9214,True,A,B,2,0,B
4,9215,True,B,A,6,1,B
4,9216,True,B,A,1,2,A
4,9217,True,A,B,0,1,A
4,9218,True,B,A,1,2,A
4,9219,True,A,B,6,1,B
4,9220,True,B,A,3,1,B
4,9221,True,A,B,6,1,B
4,9222,True,B,A,3,1,B
4,9223,True,A,B,4,1,B
4,9224,True,B,A,6,1,B
4,9225,True,A,B,0,1,A
4,9226,True,A,B,6,1,B
4,9227,True,A,B,2,0,B
4,9228,True,B,A,3,1,A
4,9229,True,B,A,2,0,B
4,9230,True,B,A,2,1,B
4,9231,True,A,B,4,1,B
4,9232,True,B,A,10,1,B
4,9233,True,A,B,2,0,B
4,9234,True,B,A,6,1,B
4,9235,True,A,B,10,1,B
4,9236,True,A,B,1,2,A
4,9237,True,A,B,3,1,B
4,9238,True,B,A,10,1,B
4,9239,True,B,A,3,1,A
4,9240,True,B,A,1,1,A
4,9241,True,B,A,2,0,B
4,9242,True,A,B,4,1,B
4,9243,True,B,A,2,1,B
4,9244,True,A,B,1,1,A
4,9245,True,B,A,3,1,A
4,9246,False,,,,,
4,9247,True,A,B,1,1,A
4,9248,True,B,A,1,1,A
4,9249,True,B,A,3,1,A
4,9250,True,B,A,1,1,A
4,9251,True,B,A,2,0,B
4,9252,True,A,B,0,1,A
4,9253,True,B,A,1,1,A
4,9254,True,A,B,0,1,A
4,9255,True,A,B,0,1,A
4,9256,True,A,B,4,1,B
4,9257,True,A,B,1,2,A
4,9258,True,B,A,6,1,B
4,9259,True,A,B,0,1,A
4,9260,True,B,A,2,1,A
4,9261,True,A,B,6,1,B
4,9262,True,B,A,3,1,B
4,9263,True,A,B,3,1,B
4,9264,True,B,A,6,1,B
4,9265,True,B,A,0,1,A
4,9266,True,A,B,1,1,A
4,9267,True,A,B,3,1,B
4,9268,True,B,A,1,2,A
4,9269,True,A,B,2,0,B
4,9270,True,A,B,10,1,B
4,9271,False,,,,,
4,9272,True,A,B,10,1,B
4,9273,True,B,A,3,1,A
4,9274,True,B,A,1,1,A
4,9275,True,B,A,1,1,A
4,9276,True,A,B,3,1,B
4,9277,True,A,B,3,1,B
4,9278,True,B,A,1,1,A
4,9279,True,B,A,3,1,A
4,9280,True,A,B,3,1,B
4,9281,True,A,B,10,1,B
4,9282,True,B,A,3,1,A
4,9283,True,B,A,1,2,A
4,9284,True,B,A,1,2,A
4,9285,True,B,A,1,1,A
4,9286,True,A,B,4,1,B
4,9287,True,A,B,2,1,B
4,9288,True,B,A,10,1,B
4,9289,True,A,B,10,1,B
4,9290,True,A,B,2,1,A
4,9291,True,A,B,4,1,B
4,9292,True,A,B,3,1,B
4,9293,True,B,A,2,1,A
4,9294,True,B,A,4,1,A
4,9295,True,B,A,3,1,B
4,9296,True,B,A,1,1,B
4,9297,True,A,B,10,1,B
4,9298,True,B,A,1,1,B
4,9299,False,,,,,
4,9300,True,B,A,10,1,B
4,9301,True,A,B,4,1,B
4,9302,True,B,A,10,1,B
4,9303,True,B,A,10,1,B
4,9304,True,A,B,3,1,B
4,9305,True,B,A,3,1,A
4,9306,True,B,A,1,1,A
4,9307,True,A,B,3,1,A
4,9308,True,B,A,1,2,A
4,9309,True,A,B,3,1,B
4,9310,True,A,B,2,0,B
4,9311,True,B,A,3,1,A
4,9312,True,B,A,4,1,A
4,9313,False,,,,,
4,9314,True,B,A,4,1,A
4,9315,True,A,B,1,1,A
4,9316,True,B,A,1,2,A
4,9317,True,B,A,2,1,A
4,9318,True,B,A,6,1,B
4,9319,True,A,B,1,2,A
4,9320,True,B,A,10,1,B
4,9321,True,B,A,3,1,B
4,9322,True,A,B,1,1,A
4,9323,True,B,A,2,1,B
4,9324,True,B,A,1,1,A
4,9325,True,B,A,6,1,B
4,9326,True,A,B,1,2,A
4,9327,True,B,A,6,1,B
4,9328,True,B,A,0,1,A
4,9329,False,,,,,
4,9330,True,B,A,0,1,A
4,9331,True,B,A,10,1,B
4,9332,True,B,A,6,1,B
4,9333,True,B,A,1,2,A
4,9334,True,B,A,4,1,A
4,9335,True,B,A,4,1,A
4,9336,True,A,B,2,0,B
4,9337,True,B,A,10,1,B
4,9338,True,A,B,4,1,B
4,9339,True,A,B,0,1,A
4,9340,True,A,B,1,1,B
4,9341,True,B,A,6,1,B
4,9342,True,B,A,1,1,A
4,9343,True,B,A,0,1,A
4,9344,True,B,A,4,1,B
4,9345,True,A,B,4,1,B
4,9346,True,B,A,2,1,A
4,9347,True,A,B,2,0,B
4,9348,True,B,A,2,0,B
4,9349,True,A,B,1,1,A
4,9350,True,B,A,6,1,B
4,9351,True,A,B,4,1,B
4,9352,True,B,A,2,1,B
4,9353,True,A,B,1,2,A
4,9354,True,B,A,2,1,A
4,9355,True,B,A,3,1,B
4,9356,True,A,B,0,1,A
4,9357,True,B,A,3,1,A
4,9358,False,,,,,
4,9359,True,B,A,2,1,A
4,9360,True,A,B,1,2,A
4,9361,True,B,A,4,1,B
4,9362,True,B,A,4,1,B
4,9363,True,A,B,3,1,B
4,9364,True,A,B,4,1,B
4,9365,True,A,B,1,1,A
4,9366,True,A,B,0,1,A
4,9367,True,A,B,1,2,A
4,9368,True,B,A,1,2,B
4,9369,True,A,B,2,0,B
4,9370,True,A,B,2,0,B
4,9371,True,A,B,2,0,B
4,9372,True,A,B,2,0,B
4,9373,True,B,A,0,1,A
4,9374,True,B,A,2,0,B
4,9375,True,A,B,10,1,B
4,9376,True,A,B,3,1,B
4,9377,True,A,B,2,0,B
4,9378,True,B,A,4,1,B
4,9379,True,A,B,2,1,B
4,9380,False,,,,,
4,9381,True,B,A,6,1,B
4,9382,True,B,A,1,2,A
4,9383,True,B,A,2,1,A
4,9384,True,B,A,1,2,A
4,9385,True,B,A,2,1,A
4,9386,True,A,B,1,1,B
4,9387,True,A,B,1,2,A
4,9388,True,B,A,10,1,B
4,9389,True,B,A,2,1,A
4,9390,True,B,A,1,1,A
4,9391,True,A,B,6,1,B
4,9392,True,A,B,1,2,A
4,9393,True,A,B,6,1,B
4,9394,True,B,A,1,2,A
4,9395,True,B,A,10,1,B
4,9396,True,A,B,1,1,A
4,9397,True,A,B,1,2,A
4,9398,True,A,B,3,1,B
4,9399,True,B,A,4,1,A
4,9400,True,B,A,0,1,A
4,9401,True,A,B,4,1,B
4,9402,True,A,B,0,1,A
4,9403,True,A,B,4,1,B
4,9404,True,B,A,3,1,A
4,9405,True,B,A,2,0,B
4,9406,True,B,A,1,1,A
4,9407,True,A,B,10,1,B
4,9408,True,A,B,10,1,B
4,9409,True,B,A,2,1,A
4,9410,True,A,B,1,2,A
4,9411,True,B,A,4,1,A
4,9412,True,A,B,10,1,B
4,9413,False,,,,,
4,9414,True,A,B,2,1,B
4,9415,True,B,A,1,1,B
4,9416,True,B,A,3,1,A
4,9417,True,B,A,1,1,A
4,9418,True,A,B,6,1,B
4,9419,True,A,B,2,0,B
4,9420,True,A,B,4,1,B
4,9421,True,B,A,1,2,A
4,9422,True,B,A,6,1,B
4,9423,True,A,B,2,1,A
4,9424,True,B,A,3,1,A
4,9425,True,A,B,3,1,B
4,9426,True,A,B,0,1,A
4,9427,True,B,A,3,1,A
4,9428,True,B,A,1,1,A
4,9429,False,,,,,
4,9430,True,A,B,10,1,B
4,9431,True,A,B,3,1,B
4,9432,True,A,B,1,1,A
4,9433,True,A,B,2,0,B
4,9434,True,B,A,1,2,A
4,9435,True,B,A,0,1,A
4,9436,True,B,A,1,1,A
4,9437,True,B,A,3,1,A
4,9438,True,A,B,2,0,B
4,9439,True,A,B,2,0,B
4,9440,True,A,B,2,1,B
4,9441,True,B,A,2,1,A
4,9442,True,A,B,1,1,B
4,9443,True,B,A,1,2,A
4,9444,True,A,B,4,1,B
4,9445,True,B,A,3,1,B
4,9446,True,A,B,6,1,B
4,9447,True,A,B,1,2,A
4,9448,True,A,B,0,1,A
4,9449,True,A,B,1,2,A
4,9450,True,A,B,0,1,A
4,9451,True,B,A,1,2,A
4,9452,False,,,,,
4,9453,True,B,A,0,1,A
4,9454,True,A,B,1,2,A
4,9455,True,A,B,1,2,A
4,9456,True,B,A,1,2,A
4,9457,True,A,B,1,1,B
4,9458,True,B,A,0,1,A
4,9459,True,B,A,2,0,B
4,9460,True,A,B,2,0,B
4,9461,True,A,B,1,1,B
4,9462,True,A,B,1,2,A
4,9463,True,B,A,2,1,A
4,9464,True,B,A,2,1,A
4,9465,True,B,A,0,1,A
4,9466,False,,,,,
4,9467,True,B,A,1,1,A
4,9468,True,B,A,2,1,A
4,9469,True,B,A,1,1,A
4,9470,True,B,A,0,1,A
4,9471,True,A,B,6,1,B
4,9472,True,B,A,2,1,A
4,9473,True,A,B,3,1,B
4,9474,True,A,B,2,1,B
4,9475,True,B,A,1,2,A
4,9476,True,B,A,4,1,B
4,9477,True,A,B,10,1,B
4,9478,True,B,A,4,1,B
4,9479,True,A,B,0,1,A
4,9480,True,B,A,3,1,A
4,9481,True,B,A,3,1,A
4,9482,True,A,B,2,1,A
4,9483,True,B,A,6,1,B
4,9484,False,,,,,
4,9485,True,A,B,6,1,B
4,9486,True,A,B,1,1,A
4,9487,True,A,B,2,1,A
4,9488,True,A,B,3,1,B
4,9489,True,A,B,10,1,B
4,9490,True,A,B,10,1,B
4,9491,True,B,A,6,1,B
4,9492,True,A,B,1,2,A
4,9493,True,A,B,3,1,B
4,9494,True,A,B,0,1,A
4,9495,True,A,B,1,2,B
4,9496,True,A,B,6,1,B
4,9497,True,B,A,2,1,B
4,9498,True,A,B,3,1,A
4,9499,True,A,B,0,1,A
4,9500,True,A,B,2,1,B
4,9501,True,B,A,4,1,B
4,9502,False,,,,,
4,9503,False,,,,,
4,9504,True,B,A,1,1,A
4,9505,True,B,A,0,1,A
4,9506,True,A,B,2,0,B
4,9507,True,A,B,2,0,B
4,9508,True,A,B,0,1,A
4,9509,True,A,B,6,1,B
4,9510,True,B,A,4,1,B
4,9511,True,B,A,10,1,B
4,9512,True,B,A,0,1,A
4,9513,False,,,,,
4,9514,True,B,A,4,1,B
4,9515,True,B,A,2,0,B
4,9516,True,B,A,6,1,B
4,9517,True,A,B,4,1,B
4,9518,True,A,B,4,1,B
4,9519,True,B,A,2,0,B
4,9520,False,,,,,
4,9521,True,B,A,4,1,B
4,9522,True,A,B,4,1,B
4,9523,True,B,A,6,1,B
4,9524,True,B,A,6,1,B
4,9525,True,A,B,4,1,B
4,9526,True,A,B,2,1,A
4,9527,True,B,A,1,2,A
4,9528,True,B,A,1,1,A
4,9529,True,A,B,2,1,B
4,9530,True,A,B,10,1,B
4,9531,True,A,B,0,1,A
4,9532,True,B,A,10,1,B
4,9533,True,A,B,0,1,A
4,9534,False,,,,,
4,9535,True,B,A,6,1,B
4,9536,True,B,A,6,1,B
4,9537,True,A,B,6,1,B
4,9538,True,B,A,3,1,A
4,9539,True,A,B,6,1,B
4,9540,True,A,B,3,1,B
4,9541,True,B,A,4,1,B
4,9542,True,A,B,1,2,A
4,9543,True,A,B,2,1,B
4,9544,True,A,B,3,1,B
4,9545,True,B,A,10,1,B
4,9546,True,B,A,4,1,B
4,9547,True,A,B,10,1,B
4,9548,True,B,A,3,1,A
4,9549,True,B,A,10,1,B
4,9550,True,B,A,10,1,B
4,9551,True,B,A,10,1,B
4,9552,True,A,B,4,1,B
4,9553,True,B,A,2,1,B
4,9554,True,B,A,10,1,B
4,9555,True,A,B,2,0,B
4,9556,True,A,B,0,1,A
4,9557,True,B,A,3,1,A
4,9558,True,A,B,3,1,B
4,9559,True,A,B,3,1,B
4,9560,True,B,A,3,1,A
4,9561,True,A,B,1,1,A
4,9562,True,B,A,1,2,B
4,9563,True,B,A,10,1,B
4,9564,True,A,B,3,1,B
4,9565,True,A,B,4,1,B
4,9566,True,B,A,3,1,B
4,9567,True,A,B,0,1,A
4,9568,False,,,,,
4,9569,True,B,A,4,1,B
4,9570,True,A,B,0,1,A
4,9571,True,A,B,1,2,A
4,9572,True,B,A,10,1,B
4,9573,True,A,B,3,1,A
4,9574,True,B,A,2,1,A
4,9575,True,B,A,0,1,A
4,9576,True,A,B,0,1,A
4,9577,True,B,A,2,1,B
4,9578,True,A,B,2,1,B
4,9579,True,A,B,10,1,B
4,9580,True,A,B,1,2,A
4,9581,True,A,B,0,1,A
4,9582,True,B,A,1,1,A
4,9583,True,A,B,3,1,B
4,9584,True,B,A,0,1,A
4,9585,True,A,B,3,1,B
4,9586,True,A,B,10,1,B
4,9587,True,B,A,10,1,B
4,9588,True,A,B,0,1,A
4,9589,True,A,B,2,1,B
4,9590,True,B,A,6,1,B
4,9591,False,,,,,
4,9592,True,B,A,4,1,B
4,9593,True,A,B,4,1,B
4,9594,True,A,B,0,1,A
4,9595,False,,,,,
4,9596,True,A,B,10,1,B
4,9597,False,,,,,
4,9598,True,B,A,10,1,B
4,9599,True,B,A,1,1,B
4,9600,True,B,A,4,1,B
4,9601,True,B,A,6,1,B
4,9602,True,B,A,1,1,A
4,9603,True,B,A,3,1,B
4,9604,True,A,B,2,0,B
4,9605,True,B,A,4,1,B
4,9606,True,B,A,6,1,B
4,9607,True,A,B,2,1,B
4,9608,True,A,B,1,2,B
4,9609,True,B,A,3,1,A
4,9610,False,,,,,
4,9611,True,B,A,2,1,A
4,9612,False,,,,,
4,9613,True,B,A,4,1,A
4,9614,True,A,B,1,2,A
4,9615,True,B,A,1,2,A
4,9616,True,A,B,6,1,B
4,9617,True,A,B,10,1,B
4,9618,True,A,B,0,1,A
4,9619,True,A,B,2,1,B
4,9620,True,A,B,3,1,A
4,9621,True,A,B,10,1,B
4,9622,True,A,B,10,1,B
4,9623,True,A,B,0,1,A
4,9624,True,A,B,3,1,B
4,9625,True,A,B,10,1,B
4,9626,True,A,B,4,1,B
4,9627,True,B,A,4,1,B
4,9628,True,B,A,2,1,B
4,9629,True,B,A,1,2,A
4,9630,True,B,A,1,2,A
4,9631,True,B,A,0,1,A
4,9632,True,A,B,4,1,B
4,9633,True,A,B,2,1,B
4,9634,True,B,A,1,1,A
4,9635,True,B,A,1,1,A
4,9636,True,B,A,0,1,A
4,9637,True,B,A,4,1,B
4,9638,True,A,B,10,1,B
4,9639,True,A,B,3,1,A
4,9640,True,B,A,10,1,B
4,9641,True,A,B,2,1,B
4,9642,True,B,A,1,1,A
4,9643,True,B,A,10,1,B
4,9644,True,A,B,0,1,A
4,9645,True,A,B,4,1,B
4,9646,True,B,A,1,2,A
4,9647,True,B,A,0,1,A
4,9648,True,A,B,1,2,B
4,9649,False,,,,,
4,9650,True,B,A,4,1,B
4,9651,True,B,A,3,1,B
4,9652,True,B,A,4,1,A
4,9653,True,B,A,1,2,B
4,9654,True,A,B,4,1,B
4,9655,True,B,A,1,1,A
4,9656,True,A,B,1,1,A
4,9657,True,B,A,2,1,B
4,9658,True,A,B,0,1,A
4,9659,True,B,A,4,1,B
4,9660,True,B,A,6,1,B
4,9661,True,A,B,4,1,B
4,9662,True,B,A,10,1,B
4,9663,True,A,B,2,1,B
4,9664,False,,,,,
4,9665,True,A,B,1,1,A
4,9666,True,B,A,10,1,B
4,9667,True,A,B,1,2,A
4,9668,False,,,,,
4,9669,True,B,A,1,1,A
4,9670,True,B,A,0,1,A
4,9671,True,A,B,1,2,B
4,9672,True,A,B,2,1,A
4,9673,True,A,B,2,0,B
4,9674,True,A,B,6,1,B
4,9675,True,B,A,3,1,A
4,9676,True,B,A,1,2,A
4,9677,True,A,B,2,0,B
4,9678,True,A,B,1,1,A
4,9679,True,A,B,3,1,B
4,9680,True,B,A,10,1,B
4,9681,True,A,B,0,1,A
4,9682,True,B,A,2,0,B
4,9683,True,B,A,3,1,B
4,9684,True,A,B,0,1,A
4,9685,True,B,A,1,1,A
4,9686,True,B,A,3,1,A
4,9687,True,B,A,1,2,A
4,9688,True,B,A,2,1,B
4,9689,True,B,A,10,1,B
4,9690,True,A,B,10,1,B
4,9691,True,B,A,4,1,B
4,9692,True,A,B,2,1,A
4,9693,True,B,A,3,1,B
4,9694,True,B,A,4,1,B
4,9695,True,B,A,1,2,A
4,9696,True,A,B,1,1,A
4,9697,True,A,B,2,1,B
4,9698,False,,,,,
4,9699,False,,,,,
4,9700,True,B,A,10,1,B
4,9701,False,,,,,
4,9702,True,A,B,4,1,B
4,9703,True,B,A,4,1,B
4,9704,True,B,A,1,2,A
4,9705,True,A,B,10,1,B
4,9706,True,B,A,2,0,B
4,9707,True,B,A,4,1,B
4,9708,True,B,A,1,1,A
4,9709,True,B,A,6,1,B
4,9710,True,A,B,0,1,A
4,9711,True,B,A,1,2,A
4,9712,True,A,B,2,1,B
4,9713,True,B,A,4,1,B
4,9714,True,A,B,1,1,B
4,9715,True,A,B,3,1,A
4,9716,True,A,B,1,2,A
4,9717,True,A,B,6,1,B
4,9718,True,A,B,6,1,B
4,9719,True,B,A,1,2,A
4,9720,True,B,A,3,1,B
4,9721,True,B,A,3,1,B
4,9722,True,A,B,2,1,B
4,9723,True,A,B,0,1,A
4,9724,True,A,B,10,1,B
4,9725,True,A,B,10,1,B
4,9726,True,A,B,4,1,B
4,9727,True,B,A,0,1,A
4,9728,True,A,B,0,1,A
4,9729,True,B,A,10,1,B
4,9730,True,B,A,6,1,B
4,9731,True,B,A,2,1,B
4,9732,True,B,A,2,1,A
4,9733,True,B,A,1,1,B
4,9734,True,B,A,4,1,B
4,9735,True,A,B,1,1,A
4,9736,False,,,,,
4,9737,True,A,B,1,1,A
4,9738,True,A,B,1,2,A
4,9739,True,A,B,10,1,B
4,9740,False,,,,,
4,9741,False,,,,,
4,9742,True,B,A,3,1,B
4,9743,True,A,B,0,1,A
4,9744,True,A,B,10,1,B
4,9745,True,B,A,2,1,B
4,9746,True,A,B,2,1,A
4,9747,True,A,B,1,1,B
4,9748,True,B,A,6,1,B
4,9749,True,B,A,4,1,B
4,9750,True,B,A,1,2,A
4,9751,True,A,B,1,2,A
4,9752,True,A,B,6,1,B
4,9753,True,B,A,3,1,B
4,9754,True,B,A,0,1,A
4,9755,True,A,B,4,1,B
4,9756,True,A,B,2,1,B
4,9757,True,B,A,3,1,B
4,9758,True,A,B,4,1,B
4,9759,True,A,B,2,0,B
4,9760,True,B,A,0,1,A
4,9761,True,A,B,1,2,A
4,9762,True,A,B,1,1,B
4,9763,True,B,A,0,1,A
4,9764,True,B,A,10,1,B
4,9765,True,B,A,3,1,B
4,9766,True,B,A,4,1,B
4,9767,True,A,B,1,1,A
4,9768,True,B,A,2,1,A
4,9769,True,B,A,10,1,B
4,9770,True,B,A,4,1,B
4,9771,True,B,A,4,1,B
4,9772,True,A,B,2,0,B
4,9773,True,A,B,10,1,B
4,9774,True,B,A,1,1,A
4,9775,True,B,A,2,0,B
4,9776,True,A,B,6,1,B
4,9777,True,A,B,0,1,A
4,9778,True,A,B,2,1,A
4,9779,True,A,B,1,1,A
4,9780,True,B,A,4,1,B
4,9781,True,B,A,4,1,B
4,9782,True,A,B,1,2,A
4,9783,True,A,B,1,2,B
4,9784,True,A,B,2,0,B
4,9785,True,A,B,2,1,B
4,9786,True,A,B,2,1,A
4,9787,True,B,A,1,2,A
4,9788,True,A,B,1,2,A
4,9789,True,B,A,4,1,B
4,9790,True,B,A,2,1,A
4,9791,True,A,B,4,1,B
4,9792,True,A,B,3,1,B
4,9793,True,B,A,2,1,B
4,9794,True,B,A,4,1,B
4,9795,True,A,B,4,1,B
4,9796,True,A,B,2,0,B
4,9797,True,A,B,1,2,A
4,9798,True,B,A,4,1,B
4,9799,True,A,B,4,1,B
4,9800,True,B,A,1,1,A
4,9801,True,B,A,2,0,B
4,9802,True,B,A,3,1,B
4,9803,True,A,B,0,1,A
4,9804,True,A,B,2,1,B
4,9805,True,B,A,3,1,A
4,9806,True,B,A,6,1,B
4,9807,False,,,,,
4,9808,True,B,A,2,0,B
4,9809,True,A,B,2,1,B
4,9810,True,A,B,1,2,A
4,9811,True,B,A,2,0,B
4,9812,True,B,A,6,1,B
4,9813,True,A,B,2,0,B
4,9814,True,A,B,0,1,A
4,9815,True,A,B,3,1,A
4,9816,True,B,A,1,2,A
4,9817,True,B,A,1,2,B
4,9818,True,A,B,1,1,B
4,9819,True,B,A,10,1,B
4,9820,True,B,A,1,1,A
4,9821,True,A,B,2,1,A
4,9822,False,,,,,
4,9823,True,B,A,2,0,B
4,9824,True,B,A,2,1,B
4,9825,True,A,B,4,1,B
4,9826,True,A,B,1,1,A
4,9827,True,B,A,1,1,A
4,9828,True,B,A,3,1,A
4,9829,True,B,A,4,1,B
4,9830,True,B,A,6,1,B
4,9831,True,A,B,1,1,A
4,9832,True,B,A,2,1,A
4,9833,False,,,,,
4,9834,True,A,B,1,1,A
4,9835,True,B,A,6,1,B
4,9836,True,B,A,1,1,A
4,9837,True,B,A,6,1,B
4,9838,True,B,A,6,1,B
4,9839,True,A,B,4,1,A
4,9840,True,A,B,10,1,B
4,9841,True,B,A,4,1,B
4,9842,True,A,B,2,1,A
4,9843,True,A,B,2,1,A
4,9844,True,B,A,6,1,B
4,9845,True,A,B,6,1,B
4,9846,True,A,B,3,1,A
4,9847,True,B,A,1,2,A
4,9848,True,B,A,0,1,A
4,9849,True,B,A,6,1,B
4,9850,True,B,A,0,1,A
4,9851,True,A,B,0,1,A
4,9852,True,B,A,2,0,B
4,9853,True,B,A,2,0,B
4,9854,True,B,A,6,1,B
4,9855,True,B,A,1,1,A
4,9856,True,B,A,2,1,A
4,9857,True,B,A,10,1,B
4,9858,True,A,B,10,1,B
4,9859,True,B,A,1,2,A
4,9860,True,B,A,10,1,B
4,9861,True,B,A,1,2,A
4,9862,True,A,B,1,1,A
4,9863,True,B,A,0,1,A
4,9864,True,A,B,6,1,B
4,9865,True,B,A,1,1,A
4,9866,True,B,A,2,1,B
4,9867,True,A,B,10,1,B
4,9868,True,B,A,2,0,B
4,9869,True,B,A,0,1,A
4,9870,True,B,A,2,1,A
4,9871,True,A,B,4,1,B
4,9872,True,A,B,3,1,B
4,9873,True,A,B,0,1,A
4,9874,True,B,A,2,0,B
4,9875,False,,,,,
4,9876,True,B,A,6,1,B
4,9877,True,A,B,10,1,B
4,9878,True,B,A,4,1,B
4,9879,True,A,B,10,1,B
4,9880,True,A,B,4,1,A
4,9881,True,A,B,0,1,A
4,9882,True,A,B,0,1,A
4,9883,True,A,B,1,2,A
4,9884,True,B,A,4,1,B
4,9885,True,B,A,6,1,B
4,9886,True,A,B,3,1,A
4,9887,True,A,B,3,1,A
4,9888,True,A,B,3,1,B
4,9889,True,B,A,10,1,B
4,9890,True,A,B,2,0,B
4,9891,True,B,A,4,1,B
4,9892,True,B,A,1,2,A
4,9893,True,A,B,10,1,B
4,9894,True,A,B,6,1,B
4,9895,True,A,B,2,0,B
4,9896,True,B,A,1,2,A
4,9897,True,B,A,1,1,A
4,9898,True,A,B,0,1,A
4,9899,False,,,,,
4,9900,True,A,B,1,1,A
4,9901,True,B,A,1,1,A
4,9902,True,B,A,1,2,A
4,9903,True,B,A,6,1,B
4,9904,True,A,B,1,2,A
4,9905,True,B,A,1,2,A
4,9906,True,B,A,2,1,A
4,9907,True,B,A,10,1,B
4,9908,True,B,A,10,1,B
4,9909,True,A,B,10,1,B
4,9910,True,B,A,0,1,A
4,9911,True,B,A,2,1,A
4,9912,True,B,A,2,0,B
4,9913,True,B,A,2,1,A
4,9914,True,B,A,6,1,B
4,9915,True,B,A,1,1,A
4,9916,True,A,B,1,1,A
4,9917,True,A,B,0,1,A
4,9918,True,A,B,1,1,A
4,9919,True,B,A,3,1,A
4,9920,True,A,B,0,1,A
4,9921,True,B,A,1,2,A
4,9922,True,A,B,4,1,B
4,9923,True,A,B,1,2,A
4,9924,True,B,A,0,1,A
4,9925,True,B,A,3,1,A
4,9926,True,A,B,10,1,B
4,9927,True,B,A,1,1,A
4,9928,True,A,B,2,1,B
4,9929,True,A,B,2,0,B
4,9930,True,A,B,2,1,B
4,9931,True,A,B,1,1,B
4,9932,True,B,A,2,1,B
4,9933,True,A,B,4,1,B
4,9934,True,A,B,10,1,B
4,9935,True,A,B,1,1,A
4,9936,True,A,B,4,1,B
4,9937,True,B,A,1,2,B
4,9938,True,A,B,10,1,B
4,9939,True,B,A,6,1,B
4,9940,True,A,B,6,1,B
4,9941,True,B,A,1,2,A
4,9942,True,A,B,4,1,A
4,9943,True,A,B,6,1,B
4,9944,True,B,A,1,1,A
4,9945,False,,,,,
4,9946,True,A,B,2,1,A
4,9947,True,B,A,10,1,B
4,9948,True,B,A,6,1,B
4,9949,True,B,A,4,1,B
4,9950,True,A,B,10,1,B
4,9951,True,A,B,1,1,A
4,9952,True,A,B,10,1,B
4,9953,True,A,B,4,1,B
4,9954,True,B,A,10,1,B
4,9955,True,A,B,0,1,A
4,9956,True,A,B,1,1,A
4,9957,True,A,B,0,1,A
4,9958,True,B,A,1,1,A
4,9959,True,A,B,2,1,A
4,9960,True,A,B,2,1,A
4,9961,True,A,B,3,1,A
4,9962,True,A,B,1,2,A
4,9963,True,B,A,10,1,B
4,9964,True,B,A,1,1,A
4,9965,True,A,B,4,1,B
4,9966,True,B,A,6,1,B
4,9967,True,B,A,2,1,B
4,9968,True,A,B,1,2,A
4,9969,True,B,A,10,1,B
4,9970,True,A,B,4,1,B
4,9971,True,B,A,0,1,A
4,9972,True,A,B,2,1,B
4,9973,True,A,B,1,1,B
4,9974,True,A,B,1,1,A
4,9975,True,A,B,10,1,B
4,9976,True,A,B,1,1,A
4,9977,True,B,A,0,1,A
4,9978,True,B,A,1,2,A
4,9979,True,A,B,3,1,A
4,9980,False,,,,,
4,9981,True,B,A,6,1,B
4,9982,True,A,B,6,1,B
4,9983,True,B,A,1,1,A
4,9984,True,A,B,4,1,B
4,9985,True,B,A,4,1,B
4,9986,True,A,B,2,1,B
4,9987,True,B,A,3,1,B
4,9988,True,A,B,2,1,A
4,9989,True,A,B,0,1,A
4,9990,True,B,A,6,1,B
4,9991,True,B,A,2,0,B
4,9992,True,A,B,10,1,B
4,9993,True,B,A,2,1,B
4,9994,True,A,B,6,1,B
4,9995,True,B,A,2,0,B
4,9996,True,A,B,1,1,B
4,9997,False,,,,,
4,9998,True,B,A,6,1,B
4,9999,True,A,B,0,1,A
4,10000,True,B,A,10,1,B
5,10001,True,B,A,1,2,A
5,10002,True,B,A,10,1,B
5,10003,True,B,A,6,1,B
5,10004,True,A,B,1,2,A
5,10005,True,B,A,0,1,A
5,10006,True,B,A,6,1,B
5,10007,True,A,B,10,1,B
5,10008,True,B,A,2,1,A
5,10009,True,A,B,4,1,B
5,10010,True,A,B,0,1,A
5,10011,True,A,B,2,0,B
5,10012,True,A,B,6,1,B
5,10013,True,A,B,6,1,B
5,10014,True,A,B,2,0,B
5,10015,True,A,B,10,1,B
5,10016,True,B,A,2,0,B
5,10017,True,A,B,4,1,B
5,10018,True,A,B,2,1,B
5,10019,True,B,A,3,1,B
5,10020,True,A,B,6,1,B
5,10021,True,A,B,1,1,A
5,10022,True,B,A,1,2,A
5,10023,False,,,,,
5,10024,False,,,,,
5,10025,True,A,B,3,1,A
5,10026,True,B,A,10,1,B
5,10027,True,B,A,0,1,A
5,10028,True,B,A,2,1,A
5,10029,True,B,A,6,1,B
5,10030,True,A,B,4,1,B
5,10031,True,B,A,1,2,A
5,10032,True,B,A,2,0,B
5,10033,True,A,B,1,1,A
5,10034,True,B,A,4,1,B
5,10035,True,B,A,0,1,A
5,10036,True,B,A,0,1,A
5,10037,True,B,A,6,1,B
5,10038,True,A,B,1,1,A
5,10039,True,A,B,0,1,A
5,10040,True,A,B,2,0,B
5,10041,True,A,B,6,1,B
5,10042,True,B,A,4,1,B
5,10043,True,B,A,3,1,B
5,10044,True,A,B,6,1,B
5,10045,True,A,B,2,0,B
5,10046,True,A,B,6,1,B
5,10047,True,A,B,10,1,B
5,10048,False,,,,,
5,10049,True,A,B,2,0,B
5,10050,True,B,A,10,1,B
5,10051,True,B,A,6,1,B
5,10052,False,,,,,
5,10053,True,B,A,10,1,B
5,10054,True,A,B,2,1,A
5,10055,True,A,B,2,0,B
5,10056,True,A,B,1,2,A
5,10057,True,B,A,0,1,A
5,10058,True,A,B,1,2,A
5,10059,True,A,B,10,1,B
5,10060,True,A,B,3,1,B
5,10061,True,A,B,3,1,A
5,10062,True,A,B,1,1,A
5,10063,True,B,A,3,1,B
5,10064,True,A,B,1,1,A
5,10065,True,A,B,3,1,A
5,10066,True,A,B,3,1,B
5,10067,True,B,A,10,1,B
5,10068,True,B,A,10,1,B
5,10069,True,B,A,1,2,A
5,10070,True,A,B,3,1,B
5,10071,True,B,A,4,1,B
5,10072,True,B,A,2,1,A
5,10073,True,B,A,1,2,A
5,10074,True,B,A,2,0,B
5,10075,True,A,B,6,1,B
5,10076,True,A,B,2,1,B
5,10077,True,A,B,6,1,B
5,10078,True,A,B,0,1,A
5,10079,True,A,B,10,1,B
5,10080,False,,,,,
5,10081,True,A,B,2,0,B
5,10082,True,B,A,2,1,A
5,10083,True,A,B,6,1,B
5,10084,True,B,A,6,1,B
5,10085,True,A,B,3,1,B
5,10086,True,A,B,2,1,A
5,10087,True,A,B,3,1,B
5,10088,True,A,B,1,2,A
5,10089,True,B,A,3,1,B
5,10090,True,A,B,6,1,B
5,10091,True,B,A,1,1,B
5,10092,True,A,B,2,0,B
5,10093,True,A,B,2,1,B
5,10094,True,B,A,1,1,B
5,10095,True,A,B,6,1,B
5,10096,True,A,B,4,1,B
5,10097,True,A,B,2,1,A
5,10098,True,B,A,2,1,A
5,10099,True,B,A,1,2,A
5,10100,True,B,A,3,1,B
5,10101,True,B,A,0,1,A
5,10102,True,B,A,6,1,B
5,10103,True,B,A,0,1,A
5,10104,True,A,B,2,1,B
5,10105,True,B,A,1,1,A
5,10106,True,B,A,6,1,B
5,10107,True,A,B,3,1,B
5,10108,True,A,B,6,1,B
5,10109,True,B,A,2,0,B
5,10110,True,B,A,2,0,B
5,10111,True,A,B,1,2,A
5,10112,True,A,B,1,2,A
5,10113,True,A,B,1,1,A
5,10114,True,A,B,2,0,B
5,10115,True,A,B,3,1,B
5,10116,False,,,,,
5,10117,True,B,A,4,1,B
5,10118,True,B,A,4,1,B
5,10119,True,A,B,3,1,A
5,10120,True,A,B,10,1,B
5,10121,False,,,,,
5,10122,True,A,B,4,1,B
5,10123,True,A,B,6,1,B
5,10124,True,A,B,6,1,B
5,10125,True,A,B,1,1,A
5,10126,True,B,A,1,2,A
5,10127,True,B,A,1,2,A
5,10128,True,A,B,1,2,A
5,10129,True,B,A,4,1,B
5,10130,False,,,,,
5,10131,True,A,B,10,1,B
5,10132,True,B,A,1,2,A
5,10133,True,A,B,3,1,B
5,10134,True,A,B,0,1,A
5,10135,True,A,B,6,1,B
5,10136,True,A,B,0,1,A
5,10137,True,A,B,2,1,A
5,10138,True,B,A,1,1,A
5,10139,True,A,B,10,1,B
5,10140,True,A,B,2,1,B
5,10141,True,A,B,1,2,A
5,10142,True,B,A,6,1,B
5,10143,False,,,,,
5,10144,True,B,A,10,1,B
5,10145,True,B,A,1,2,A
5,10146,True,A,B,4,1,B
5,10147,True,A,B,0,1,A
5,10148,True,A,B,3,1,B
5,10149,True,B,A,10,1,B
5,10150,True,B,A,4,1,B
5,10151,True,B,A,1,2,A
5,10152,True,A,B,4,1,B
5,10153,True,B,A,1,2,A
5,10154,True,B,A,2,1,A
5,10155,True,B,A,4,1,B
5,10156,True,B,A,1,1,B
5,10157,True,A,B,3,1,B
5,10158,True,A,B,2,1,A
5,10159,True,B,A,1,2,A
5,10160,True,B,A,1,2,A
5,10161,True,B,A,1,2,A
5,10162,True,B,A,2,1,A
5,10163,True,B,A,3,1,B
5,10164,True,A,B,4,1,B
5,10165,True,A,B,4,1,B
5,10166,True,B,A,2,1,A
5,10167,True,B,A,1,2,A
5,10168,True,A,B,2,1,A
5,10169,True,A,B,0,1,A
5,10170,True,A,B,6,1,B
5,10171,True,A,B,3,1,A
5,10172,True,A,B,1,2,A
5,10173,True,A,B,0,1,A
5,10174,True,B,A,4,1,B
5,10175,True,B,A,10,1,B
5,10176,True,A,B,1,2,A
5,10177,True,B,A,1,2,A
5,10178,True,A,B,1,1,A
5,10179,True,A,B,1,1,B
5,10180,True,B,A,3,1,B
5,10181,True,A,B,2,0,B
5,10182,True,B,A,1,1,A
5,10183,True,A,B,1,1,B
5,10184,True,A,B,4,1,B
5,10185,True,A,B,1,1,A
5,10186,True,B,A,6,1,B
5,10187,True,A,B,0,1,A
5,10188,True,A,B,3,1,A
5,10189,True,A,B,10,1,B
5,10190,True,B,A,2,0,B
5,10191,False,,,,,
5,10192,True,B,A,2,0,B
5,10193,True,B,A,0,1,A
5,10194,True,B,A,4,1,B
5,10195,True,A,B,3,1,B
5,10196,True,B,A,0,1,A
5,10197,True,B,A,0,1,A
5,10198,True,A,B,4,1,B
5,10199,True,A,B,1,1,A
5,10200,True,A,B,3,1,B
5,10201,True,B,A,6,1,B
5,10202,True,B,A,1,1,A
5,10203,True,A,B,2,1,A
5,10204,True,B,A,0,1,A
5,10205,False,,,,,
5,10206,True,B,A,2,0,B
5,10207,True,B,A,2,1,A
5,10208,True,A,B,4,1,B
5,10209,True,B,A,10,1,B
5,10210,True,A,B,6,1,B
5,10211,True,B,A,2,0,B
5,10212,True,B,A,2,1,B
5,10213,True,A,B,1,2,A
5,10214,True,B,A,1,1,A
5,10215,True,A,B,3,1,A
5,10216,True,B,A,3,1,B
5,10217,True,B,A,1,1,B
5,10218,True,B,A,1,2,A
5,10219,False,,,,,
5,10220,True,B,A,1,1,B
5,10221,True,A,B,3,1,B
5,10222,True,B,A,2,1,A
5,10223,True,A,B,10,1,B
5,10224,True,B,A,4,1,B
5,10225,True,B,A,2,0,B
5,10226,False,,,,,
5,10227,True,A,B,2,0,B
5,10228,True,A,B,3,1,B
5,10229,True,A,B,3,1,A
5,10230,True,A,B,1,1,A
5,10231,True,A,B,10,1,B
5,10232,True,A,B,6,1,B
5,10233,True,B,A,6,1,B
5,10234,True,A,B,4,1,B
5,10235,True,B,A,1,1,A
5,10236,True,B,A,2,1,B
5,10237,True,A,B,6,1,B
5,10238,True,B,A,1,2,A
5,10239,True,B,A,3,1,B
5,10240,True,A,B,6,1,B
5,10241,True,A,B,2,1,A
5,10242,True,B,A,0,1,A
5,10243,True,A,B,2,1,B
5,10244,True,B,A,2,1,A
5,10245,True,A,B,3,1,B
5,10246,True,A,B,2,0,B
5,10247,True,A,B,3,1,B
5,10248,True,B,A,3,1,B
5,10249,True,B,A,1,1,A
5,10250,True,B,A,10,1,B
5,10251,True,B,A,1,2,A
5,10252,True,A,B,6,1,B
5,10253,True,A,B,3,1,B
5,10254,True,A,B,0,1,A
5,10255,True,A,B,0,1,A
5,10256,True,B,A,1,1,A
5,10257,True,A,B,2,0,B
5,10258,True,B,A,3,1,B
5,10259,False,,,,,
5,10260,False,,,,,
5,10261,True,B,A,0,1,A
5,10262,True,A,B,10,1,B
5,10263,True,B,A,4,1,B
5,10264,False,,,,,
5,10265,True,B,A,4,1,B
5,10266,True,B,A,1,2,A
5,10267,True,B,A,6,1,B
5,10268,True,A,B,2,0,B
5,10269,True,A,B,3,1,A
5,10270,True,A,B,10,1,B
5,10271,True,B,A,3,1,B
5,10272,True,A,B,10,1,B
5,10273,True,A,B,4,1,B
5,10274,True,A,B,6,1,B
5,10275,True,B,A,6,1,B
5,10276,True,B,A,1,2,A
5,10277,True,B,A,2,1,A
5,10278,True,B,A,0,1,A
5,10279,True,B,A,1,1,A
5,10280,True,B,A,3,1,B
5,10281,True,A,B,1,2,A
5,10282,True,A,B,4,1,B
5,10283,True,B,A,6,1,B
5,10284,True,B,A,1,1,A
5,10285,True,B,A,3,1,B
5,10286,True,B,A,1,1,A
5,10287,True,B,A,2,0,B
5,10288,True,A,B,3,1,B
5,10289,True,A,B,6,1,B
5,10290,True,A,B,4,1,B
5,10291,True,A,B,10,1,B
5,10292,True,A,B,1,1,A
5,10293,True,A,B,1,2,A
5,10294,True,B,A,3,1,B
5,10295,True,B,A,2,1,B
5,10296,True,A,B,2,1,B
5,10297,True,B,A,3,1,B
5,10298,True,A,B,1,2,A
5,10299,True,B,A,10,1,B
5,10300,True,A,B,1,1,B
5,10301,False,,,,,
5,10302,True,B,A,4,1,A
5,10303,True,A,B,6,1,B
5,10304,True,B,A,1,1,A
5,10305,True,B,A,3,1,B
5,10306,True,B,A,2,1,A
5,10307,True,B,A,2,1,A
5,10308,True,A,B,6,1,B
5,10309,True,B,A,6,1,B
5,10310,True,A,B,3,1,B
5,10311,True,A,B,1,2,B
5,10312,True,A,B,10,1,B
5,10313,True,A,B,3,1,B
5,10314,False,,,,,
5,10315,True,A,B,1,1,A
5,10316,True,A,B,10,1,B
5,10317,True,B,A,3,1,B
5,10318,True,B,A,2,1,A
5,10319,True,A,B,2,1,A
5,10320,True,B,A,1,2,A
5,10321,True,A,B,2,1,A
5,10322,True,B,A,4,1,B
5,10323,True,B,A,1,2,A
5,10324,True,A,B,0,1,A
5,10325,True,A,B,0,1,A
5,10326,True,A,B,0,1,A
5,10327,False,,,,,
5,10328,True,B,A,4,1,A
5,10329,True,B,A,1,2,A
5,10330,True,A,B,1,2,A
5,10331,True,A,B,6,1,B
5,10332,True,A,B,10,1,B
5,10333,True,B,A,6,1,B
5,10334,True,A,B,2,1,A
5,10335,True,A,B,3,1,B
5,10336,True,B,A,2,0,B
5,10337,True,B,A,2,1,A
5,10338,True,B,A,3,1,B
5,10339,True,B,A,10,1,B
5,10340,True,A,B,2,1,A
5,10341,True,A,B,0,1,A
5,10342,True,A,B,0,1,A
5,10343,True,B,A,4,1,B
5,10344,True,B,A,3,1,B
5,10345,True,A,B,6,1,B
5,10346,True,A,B,1,1,B
5,10347,True,A,B,0,1,A
5,10348,True,B,A,1,1,A
5,10349,True,A,B,6,1,B
5,10350,True,B,A,1,1,A
5,10351,True,A,B,10,1,B
5,10352,True,B,A,0,1,A
5,10353,True,A,B,2,0,B
5,10354,True,A,B,2,0,B
5,10355,True,A,B,0,1,A
5,10356,True,B,A,1,2,A
5,10357,True,B,A,1,2,A
5,10358,True,A,B,0,1,A
5,10359,True,B,A,1,1,A
5,10360,True,B,A,2,1,B
5,10361,True,B,A,6,1,B
5,10362,True,B,A,3,1,B
5,10363,True,B,A,2,1,A
5,10364,True,A,B,0,1,A
5,10365,True,A,B,4,1,B
5,10366,True,B,A,2,0,B
5,10367,True,A,B,4,1,B
5,10368,True,B,A,2,0,B
5,10369,True,A,B,2,0,B
5,10370,True,B,A,1,2,A
5,10371,True,B,A,1,2,A
5,10372,True,B,A,1,1,B
5,10373,True,A,B,1,1,A
5,10374,True,A,B,2,1,A
5,10375,True,B,A,0,1,A
5,10376,True,A,B,1,2,A
5,10377,True,B,A,2,0,B
5,10378,True,B,A,1,2,A
5,10379,True,B,A,0,1,A
5,10380,False,,,,,
5,10381,True,A,B,10,1,B
5,10382,True,A,B,6,1,B
5,10383,True,B,A,0,1,A
5,10384,True,B,A,1,2,A
5,10385,True,B,A,4,1,B
5,10386,True,A,B,3,1,A
5,10387,True,A,B,6,1,B
5,10388,True,A,B,3,1,B
5,10389,True,B,A,1,1,B
5,10390,True,B,A,6,1,B
5,10391,True,A,B,3,1,B
5,10392,True,A,B,6,1,B
5,10393,False,,,,,
5,10394,True,A,B,4,1,B
5,10395,True,B,A,2,0,B
5,10396,True,B,A,10,1,B
5,10397,True,A,B,1,1,A
5,10398,True,B,A,2,0,B
5,10399,True,A,B,3,1,B
5,10400,True,A,B,2,1,A
5,10401,True,B,A,6,1,B
5,10402,True,B,A,1,2,A
5,10403,True,B,A,4,1,B
5,10404,True,A,B,1,2,A
5,10405,True,A,B,3,1,B
5,10406,True,B,A,6,1,B
5,10407,True,B,A,4,1,A
5,10408,True,B,A,3,1,B
5,10409,True,B,A,2,0,B
5,10410,True,A,B,2,0,B
5,10411,True,A,B,1,1,A
5,10412,True,B,A,4,1,B
5,10413,True,B,A,1,2,A
5,10414,True,B,A,3,1,B
5,10415,True,B,A,10,1,B
5,10416,True,B,A,6,1,B
5,10417,True,A,B,0,1,A
5,10418,True,A,B,0,1,A
5,10419,True,B,A,3,1,B
5,10420,True,A,B,4,1,B
5,10421,True,B,A,4,1,B
5,10422,True,B,A,3,1,B
5,10423,True,B,A,4,1,B
5,10424,True,A,B,0,1,A
5,10425,True,A,B,3,1,B
5,10426,True,A,B,1,1,A
5,10427,True,A,B,1,1,A
5,10428,True,B,A,0,1,A
5,10429,False,,,,,
5,10430,True,B,A,1,2,A
5,10431,True,A,B,3,1,A
5,10432,False,,,,,
5,10433,True,A,B,1,2,A
5,10434,True,A,B,1,1,A
5,10435,False,,,,,
5,10436,True,B,A,10,1,B
5,10437,True,B,A,2,1,B
5,10438,True,A,B,10,1,B
5,10439,True,A,B,6,1,B
5,10440,True,B,A,4,1,B
5,10441,True,A,B,10,1,B
5,10442,True,A,B,3,1,A
5,10443,True,B,A,2,1,A
5,10444,True,A,B,2,0,B
5,10445,True,B,A,2,0,B
5,10446,True,B,A,1,2,A
5,10447,True,B,A,2,0,B
5,10448,True,B,A,0,1,A
5,10449,True,B,A,10,1,B
5,10450,True,A,B,2,1,A
5,10451,True,B,A,0,1,A
5,10452,True,A,B,3,1,A
5,10453,False,,,,,
5,10454,True,B,A,2,0,B
5,10455,False,,,,,
5,10456,True,B,A,3,1,B
5,10457,True,B,A,3,1,B
5,10458,False,,,,,
5,10459,True,B,A,1,1,A
5,10460,True,A,B,3,1,A
5,10461,True,A,B,6,1,B
5,10462,True,A,B,4,1,B
5,10463,True,B,A,6,1,B
5,10464,False,,,,,
5,10465,True,A,B,1,2,A
5,10466,True,A,B,6,1,B
5,10467,True,B,A,10,1,B
5,10468,True,B,A,4,1,B
5,10469,True,B,A,4,1,B
5,10470,True,B,A,10,1,B
5,10471,True,A,B,10,1,B
5,10472,True,B,A,1,1,A
5,10473,True,B,A,1,1,B
5,10474,True,A,B,1,1,B
5,10475,True,B,A,4,1,B
5,10476,True,A,B,3,1,A
5,10477,True,B,A,3,1,B
5,10478,True,B,A,6,1,B
5,10479,True,B,A,6,1,B
5,10480,True,B,A,10,1,B
5,10481,True,A,B,10,1,B
5,10482,True,B,A,6,1,B
5,10483,True,A,B,1,2,A
5,10484,True,A,B,2,1,A
5,10485,True,A,B,2,1,A
5,10486,True,A,B,1,2,A
5,10487,True,B,A,1,1,A
5,10488,True,B,A,1,2,A
5,10489,True,B,A,1,1,A
5,10490,True,A,B,1,2,A
5,10491,True,B,A,0,1,A
5,10492,False,,,,,
5,10493,True,B,A,4,1,B
5,10494,True,A,B,1,2,A
5,10495,True,B,A,1,2,A
5,10496,True,B,A,3,1,B
5,10497,True,A,B,10,1,B
5,10498,True,A,B,2,1,B
5,10499,True,A,B,6,1,B
5,10500,True,A,B,10,1,B
5,10501,False,,,,,
5,10502,True,B,A,6,1,B
5,10503,True,A,B,10,1,B
5,10504,True,A,B,1,1,A
5,10505,True,B,A,2,1,A
5,10506,False,,,,,
5,10507,True,B,A,6,1,B
5,10508,True,B,A,10,1,B
5,10509,True,A,B,4,1,B
5,10510,True,B,A,1,2,A
5,10511,True,A,B,4,1,B
5,10512,True,B,A,0,1,A
5,10513,True,B,A,3,1,B
5,10514,True,A,B,2,1,A
5,10515,True,B,A,3,1,B
5,10516,True,A,B,6,1,B
5,10517,True,A,B,1,1,B
5,10518,True,B,A,2,1,A
5,10519,True,B,A,2,0,B
5,10520,False,,,,,
5,10521,True,A,B,6,1,B
5,10522,True,B,A,3,1,B
5,10523,True,B,A,3,1,B
5,10524,True,B,A,10,1,B
5,10525,True,A,B,10,1,B
5,10526,True,B,A,10,1,B
5,10527,True,A,B,4,1,A
5,10528,True,A,B,1,1,B
5,10529,True,B,A,2,0,B
5,10530,True,A,B,0,1,A
5,10531,True,B,A,2,0,B
5,10532,True,A,B,2,1,A
5,10533,True,B,A,10,1,B
5,10534,True,B,A,4,1,B
5,10535,True,A,B,1,1,A
5,10536,True,A,B,3,1,B
5,10537,True,A,B,1,2,A
5,10538,True,A,B,1,1,B
5,10539,True,A,B,2,1,B
5,10540,True,A,B,2,0,B
5,10541,True,B,A,6,1,B
5,10542,True,B,A,0,1,A
5,10543,True,A,B,3,1,B
5,10544,True,A,B,1,2,A
5,10545,True,A,B,3,1,B
5,10546,True,B,A,3,1,B
5,10547,True,B,A,0,1,A
5,10548,True,A,B,4,1,B
5,10549,True,B,A,1,1,A
5,10550,True,A,B,3,1,A
5,10551,True,A,B,0,1,A
5,10552,True,B,A,1,2,A
5,10553,True,A,B,1,2,A
5,10554,True,B,A,4,1,B
5,10555,True,A,B,3,1,A
5,10556,True,A,B,4,1,B
5,10557,True,A,B,1,2,B
5,10558,True,A,B,6,1,B
5,10559,True,B,A,2,1,A
5,10560,True,A,B,4,1,B
5,10561,True,B,A,0,1,A
5,10562,True,B,A,1,2,A
5,10563,True,B,A,1,1,B
5,10564,True,B,A,6,1,B
5,10565,True,A,B,2,0,B
5,10566,True,B,A,6,1,B
5,10567,True,B,A,3,1,A
5,10568,True,A,B,3,1,A
5,10569,True,A,B,0,1,A
5,10570,True,A,B,1,1,A
5,10571,True,A,B,2,1,B
5,10572,True,B,A,3,1,B
5,10573,True,A,B,3,1,B
5,10574,False,,,,,
5,10575,True,B,A,10,1,B
5,10576,True,A,B,6,1,B
5,10577,True,A,B,4,1,B
5,10578,False,,,,,
5,10579,False,,,,,
5,10580,True,A,B,3,1,A
5,10581,True,B,A,1,1,A
5,10582,True,A,B,1,2,A
5,10583,True,A,B,2,1,B
5,10584,True,B,A,4,1,B
5,10585,True,B,A,3,1,B
5,10586,True,A,B,1,1,A
5,10587,True,B,A,10,1,B
5,10588,True,B,A,1,2,A
5,10589,True,A,B,3,1,A
5,10590,True,B,A,0,1,A
5,10591,True,A,B,1,1,A
5,10592,True,B,A,2,0,B
5,10593,True,A,B,10,1,B
5,10594,True,A,B,6,1,B
5,10595,True,B,A,3,1,B
5,10596,True,B,A,6,1,B
5,10597,True,B,A,10,1,B
5,10598,True,A,B,1,2,A
5,10599,True,B,A,0,1,A
5,10600,True,A,B,0,1,A
5,10601,True,A,B,1,1,A
5,10602,False,,,,,
5,10603,True,B,A,4,1,B
5,10604,True,B,A,2,1,A
5,10605,True,A,B,1,2,A
5,10606,True,B,A,1,1,B
5,10607,True,A,B,0,1,A
5,10608,True,B,A,6,1,B
5,10609,True,B,A,3,1,A
5,10610,True,A,B,6,1,B
5,10611,True,B,A,6,1,B
5,10612,True,B,A,3,1,B
5,10613,True,B,A,10,1,B
5,10614,True,A,B,2,0,B
5,10615,True,A,B,0,1,A
5,10616,True,B,A,1,2,A
5,10617,True,A,B,2,0,B
5,10618,True,B,A,4,1,B
5,10619,True,A,B,0,1,A
5,10620,True,B,A,2,1,B
5,10621,True,B,A,1,1,A
5,10622,True,B,A,2,1,A
5,10623,True,A,B,2,1,A
5,10624,True,B,A,4,1,A
5,10625,True,A,B,10,1,B
5,10626,True,B,A,4,1,B
5,10627,True,B,A,2,1,A
5,10628,True,B,A,10,1,B
5,10629,True,B,A,2,0,B
5,10630,True,A,B,10,1,B
5,10631,True,B,A,1,1,A
5,10632,True,A,B,0,1,A
5,10633,True,B,A,6,1,B
5,10634,True,A,B,0,1,A
5,10635,True,A,B,1,1,A
5,10636,True,B,A,6,1,B
5,10637,True,B,A,1,1,A
5,10638,False,,,,,
5,10639,True,A,B,3,1,A
5,10640,True,A,B,10,1,B
5,10641,True,B,A,2,1,B
5,10642,True,B,A,0,1,A
5,10643,True,A,B,6,1,B
5,10644,True,A,B,1,1,A
5,10645,True,B,A,2,1,A
5,10646,True,A,B,2,0,B
5,10647,True,A,B,1,1,A
5,10648,True,B,A,0,1,A
5,10649,True,A,B,6,1,B
5,10650,True,A,B,0,1,A
5,10651,False,,,,,
5,10652,True,A,B,2,1,A
5,10653,True,B,A,10,1,B
5,10654,True,A,B,0,1,A
5,10655,True,B,A,1,2,B
5,10656,True,A,B,10,1,B
5,10657,False,,,,,
5,10658,True,A,B,0,1,A
5,10659,True,A,B,3,1,B
5,10660,True,B,A,3,1,A
5,10661,True,B,A,1,1,A
5,10662,False,,,,,
5,10663,True,B,A,2,0,B
5,10664,True,B,A,2,0,B
5,10665,False,,,,,
5,10666,True,A,B,6,1,B
5,10667,True,B,A,2,1,A
5,10668,True,B,A,3,1,A
5,10669,True,B,A,1,1,A
5,10670,True,B,A,3,1,B
5,10671,True,A,B,1,2,A
5,10672,True,B,A,4,1,B
5,10673,True,A,B,3,1,B
5,10674,True,B,A,3,1,B
5,10675,True,B,A,6,1,B
5,10676,True,B,A,10,1,B
5,10677,True,A,B,1,1,A
5,10678,True,A,B,3,1,A
5,10679,True,A,B,2,1,A
5,10680,True,A,B,2,0,B
5,10681,True,A,B,2,0,B
5,10682,True,B,A,2,1,B
5,10683,True,A,B,2,0,B
5,10684,True,B,A,6,1,B
5,10685,True,A,B,1,2,A
5,10686,True,A,B,1,1,A
5,10687,True,A,B,0,1,A
5,10688,True,B,A,6,1,B
5,10689,True,B,A,1,1,A
5,10690,True,A,B,2,0,B
5,10691,True,A,B,2,1,B
5,10692,True,B,A,1,1,A
5,10693,True,B,A,2,1,A
5,10694,True,B,A,4,1,B
5,10695,True,A,B,2,1,A
5,10696,True,B,A,1,1,A
5,10697,True,B,A,10,1,B
5,10698,True,B,A,1,2,A
5,10699,True,B,A,2,1,A
5,10700,True,B,A,0,1,A
5,10701,True,B,A,1,2,A
5,10702,False,,,,,
5,10703,True,B,A,0,1,A
5,10704,True,A,B,4,1,B
5,10705,True,A,B,1,1,A
5,10706,True,A,B,1,2,A
5,10707,True,B,A,2,1,B
5,10708,False,,,,,
5,10709,True,B,A,1,2,A
5,10710,True,A,B,6,1,B
5,10711,True,A,B,3,1,B
5,10712,True,A,B,1,2,A
5,10713,True,A,B,6,1,B
5,10714,True,B,A,2,0,B
5,10715,True,A,B,3,1,A
5,10716,True,A,B,1,1,A
5,10717,True,A,B,6,1,B
5,10718,True,B,A,6,1,B
5,10719,True,B,A,3,1,B
5,10720,True,B,A,1,2,A
5,10721,True,A,B,1,1,A
5,10722,True,A,B,10,1,B
5,10723,True,A,B,10,1,B
5,10724,True,A,B,6,1,B
5,10725,True,B,A,2,1,A
5,10726,True,A,B,1,2,A
5,10727,True,A,B,6,1,B
5,10728,True,B,A,2,1,B
5,10729,True,A,B,2,0,B
5,10730,False,,,,,
5,10731,True,B,A,2,0,B
5,10732,True,B,A,2,1,B
5,10733,True,A,B,4,1,B
5,10734,True,A,B,4,1,B
5,10735,True,A,B,10,1,B
5,10736,True,A,B,1,1,A
5,10737,True,A,B,3,1,B
5,10738,True,B,A,0,1,A
5,10739,True,A,B,6,1,B
5,10740,True,A,B,6,1,B
5,10741,True,B,A,6,1,B
5,10742,True,B,A,4,1,B
5,10743,True,B,A,0,1,A
5,10744,True,B,A,0,1,A
5,10745,True,B,A,3,1,B
5,10746,True,B,A,1,1,A
5,10747,True,B,A,1,2,A
5,10748,True,B,A,6,1,B
5,10749,False,,,,,
5,10750,True,A,B,1,2,A
5,10751,True,A,B,2,0,B
5,10752,True,A,B,1,2,A
5,10753,True,B,A,4,1,B
5,10754,True,B,A,2,0,B
5,10755,True,A,B,4,1,B
5,10756,True,A,B,10,1,B
5,10757,True,A,B,2,0,B
5,10758,True,B,A,4,1,B
5,10759,True,A,B,1,1,A
5,10760,True,B,A,4,1,B
5,10761,True,A,B,1,1,A
5,10762,True,A,B,1,2,A
5,10763,True,B,A,4,1,B
5,10764,True,B,A,4,1,B
5,10765,True,B,A,3,1,A
5,10766,True,B,A,0,1,A
5,10767,True,A,B,2,1,A
5,10768,True,B,A,6,1,B
5,10769,True,B,A,1,2,A
5,10770,True,A,B,1,1,A
5,10771,True,B,A,6,1,B
5,10772,True,A,B,1,1,B
5,10773,True,B,A,2,0,B
5,10774,True,B,A,2,1,B
5,10775,True,A,B,1,2,A
5,10776,True,B,A,10,1,B
5,10777,True,A,B,2,0,B
5,10778,True,B,A,2,1,A
5,10779,True,A,B,2,0,B
5,10780,True,B,A,4,1,B
5,10781,True,B,A,2,0,B
5,10782,True,A,B,0,1,A
5,10783,True,B,A,4,1,B
5,10784,True,A,B,0,1,A
5,10785,True,B,A,6,1,B
5,10786,True,A,B,2,0,B
5,10787,False,,,,,
5,10788,True,B,A,1,1,B
5,10789,True,A,B,2,1,A
5,10790,True,A,B,1,1,A
5,10791,True,A,B,3,1,B
5,10792,True,B,A,2,1,B
5,10793,True,A,B,4,1,B
5,10794,True,B,A,4,1,B
5,10795,True,B,A,2,1,A
5,10796,True,A,B,0,1,A
5,10797,True,B,A,0,1,A
5,10798,True,A,B,3,1,A
5,10799,True,A,B,0,1,A
5,10800,True,A,B,1,2,A
5,10801,True,A,B,0,1,A
5,10802,True,A,B,2,1,B
5,10803,True,B,A,3,1,B
5,10804,True,A,B,10,1,B
5,10805,True,B,A,4,1,A
5,10806,True,B,A,1,2,A
5,10807,True,A,B,1,1,A
5,10808,True,A,B,3,1,B
5,10809,True,B,A,10,1,B
5,10810,True,B,A,0,1,A
5,10811,True,B,A,0,1,A
5,10812,True,A,B,6,1,B
5,10813,True,B,A,4,1,B
5,10814,True,A,B,6,1,B
5,10815,True,A,B,2,0,B
5,10816,False,,,,,
5,10817,True,B,A,10,1,B
5,10818,True,B,A,1,1,A
5,10819,True,B,A,2,0,B
5,10820,True,B,A,6,1,B
5,10821,True,B,A,3,1,B
5,10822,True,B,A,0,1,A
5,10823,True,A,B,10,1,B
5,10824,True,B,A,4,1,B
5,10825,True,A,B,2,0,B
5,10826,True,B,A,2,1,A
5,10827,True,B,A,4,1,A
5,10828,True,A,B,6,1,B
5,10829,True,B,A,0,1,A
5,10830,True,A,B,4,1,B
5,10831,True,A,B,3,1,B
5,10832,True,A,B,3,1,B
5,10833,True,B,A,0,1,A
5,10834,True,B,A,4,1,B
5,10835,True,B,A,0,1,A
5,10836,True,A,B,1,2,A
5,10837,True,B,A,1,2,A
5,10838,True,A,B,1,1,A
5,10839,True,B,A,6,1,B
5,10840,True,B,A,2,1,A
5,10841,True,A,B,1,1,A
5,10842,True,B,A,3,1,B
5,10843,True,B,A,6,1,B
5,10844,False,,,,,
5,10845,True,B,A,1,2,A
5,10846,True,A,B,6,1,B
5,10847,True,A,B,0,1,A
5,10848,True,A,B,2,1,B
5,10849,True,A,B,6,1,B
5,10850,True,B,A,2,1,A
5,10851,True,A,B,3,1,B
5,10852,True,B,A,0,1,A
5,10853,True,B,A,10,1,B
5,10854,True,B,A,1,1,B
5,10855,True,A,B,0,1,A
5,10856,True,B,A,6,1,B
5,10857,True,B,A,2,0,B
5,10858,True,B,A,4,1,A
5,10859,True,A,B,3,1,A
5,10860,True,B,A,6,1,B
5,10861,True,A,B,3,1,B
5,10862,True,A,B,10,1,B
5,10863,False,,,,,
5,10864,True,A,B,3,1,B
5,10865,True,B,A,4,1,A
5,10866,True,A,B,0,1,A
5,10867,True,A,B,2,0,B
5,10868,True,A,B,1,1,A
5,10869,True,B,A,0,1,A
5,10870,True,A,B,2,1,B
5,10871,True,A,B,0,1,A
5,10872,True,B,A,0,1,A
5,10873,True,A,B,0,1,A
5,10874,True,A,B,0,1,A
5,10875,True,B,A,4,1,B
5,10876,True,A,B,0,1,A
5,10877,True,A,B,10,1,B
5,10878,True,A,B,3,1,B
5,10879,True,B,A,2,0,B
5,10880,True,B,A,2,1,A
5,10881,True,A,B,2,1,A
5,10882,True,B,A,0,1,A
5,10883,True,A,B,2,0,B
5,10884,True,B,A,0,1,A
5,10885,True,B,A,4,1,B
5,10886,True,B,A,1,2,A
5,10887,True,A,B,1,1,A
5,10888,True,A,B,1,1,A
5,10889,True,A,B,2,1,A
5,10890,True,A,B,3,1,B
5,10891,True,A,B,0,1,A
5,10892,True,B,A,1,1,A
5,10893,True,A,B,10,1,B
5,10894,True,A,B,2,1,B
5,10895,True,A,B,3,1,A
5,10896,True,B,A,0,1,A
5,10897,True,A,B,10,1,B
5,10898,True,A,B,2,1,B
5,10899,True,A,B,1,2,A
5,10900,True,A,B,2,1,A
5,10901,True,A,B,1,2,A
5,10902,True,A,B,2,1,A
5,10903,True,B,A,3,1,B
5,10904,True,B,A,2,1,B
5,10905,True,A,B,3,1,B
5,10906,True,A,B,4,1,B
5,10907,True,B,A,4,1,B
5,10908,True,B,A,6,1,B
5,10909,True,B,A,1,2,A
5,10910,True,B,A,2,1,B
5,10911,True,B,A,4,1,B
5,10912,True,A,B,1,2,A
5,10913,True,A,B,1,2,B
5,10914,True,B,A,3,1,A
5,10915,True,B,A,4,1,B
5,10916,True,B,A,6,1,B
5,10917,True,B,A,4,1,B
5,10918,True,B,A,4,1,B
5,10919,True,B,A,10,1,B
5,10920,True,A,B,4,1,B
5,10921,True,A,B,3,1,B
5,10922,True,A,B,3,1,B
5,10923,True,A,B,2,0,B
5,10924,True,A,B,1,1,B
5,10925,True,B,A,1,1,A
5,10926,True,A,B,1,1,A
5,10927,True,A,B,3,1,A
5,10928,True,A,B,4,1,B
5,10929,True,B,A,1,1,B
5,10930,True,B,A,10,1,B
5,10931,True,B,A,1,2,A
5,10932,True,B,A,1,1,A
5,10933,True,B,A,10,1,B
5,10934,True,A,B,1,1,A
5,10935,True,B,A,1,2,B
5,10936,True,A,B,10,1,B
5,10937,True,A,B,0,1,A
5,10938,True,A,B,4,1,B
5,10939,True,B,A,2,0,B
5,10940,True,B,A,2,0,B
5,10941,True,B,A,4,1,B
5,10942,True,A,B,1,1,A
5,10943,True,B,A,0,1,A
5,10944,True,B,A,2,1,A
5,10945,True,A,B,2,1,B
5,10946,True,B,A,4,1,B
5,10947,True,B,A,2,1,B
5,10948,False,,,,,
5,10949,True,A,B,3,1,B
5,10950,True,A,B,2,1,B
5,10951,True,A,B,1,1,A
5,10952,True,A,B,4,1,B
5,10953,True,B,A,1,1,A
5,10954,True,A,B,2,1,B
5,10955,True,A,B,3,1,A
5,10956,True,B,A,10,1,B
5,10957,True,B,A,1,1,A
5,10958,True,B,A,2,1,B
5,10959,True,B,A,1,2,A
5,10960,True,B,A,2,1,A
5,10961,True,A,B,1,1,A
5,10962,True,A,B,2,1,A
5,10963,True,A,B,1,1,A
5,10964,True,B,A,4,1,B
5,10965,True,A,B,0,1,A
5,10966,True,B,A,1,2,A
5,10967,True,A,B,2,1,A
5,10968,True,A,B,10,1,B
5,10969,True,A,B,4,1,B
5,10970,True,A,B,0,1,A
5,10971,True,A,B,4,1,B
5,10972,True,B,A,2,0,B
5,10973,True,A,B,0,1,A
5,10974,True,B,A,10,1,B
5,10975,True,B,A,1,1,A
5,10976,True,B,A,1,2,A
5,10977,True,B,A,3,1,B
5,10978,True,B,A,1,2,A
5,10979,True,B,A,4,1,B
5,10980,True,B,A,1,2,A
5,10981,True,B,A,1,2,A
5,10982,True,B,A,0,1,A
5,10983,True,A,B,4,1,B
5,10984,True,A,B,4,1,B
5,10985,True,B,A,3,1,B
5,10986,True,B,A,10,1,B
5,10987,True,B,A,0,1,A
5,10988,True,B,A,1,1,B
5,10989,True,B,A,0,1,A
5,10990,True,A,B,6,1,B
5,10991,True,B,A,2,1,B
5,10992,True,B,A,4,1,B
5,10993,True,B,A,3,1,A
5,10994,True,B,A,1,1,A
5,10995,True,B,A,1,1,A
5,10996,True,B,A,1,2,A
5,10997,True,B,A,4,1,B
5,10998,True,A,B,6,1,B
5,10999,True,B,A,1,1,A
5,11000,True,B,A,2,1,A
6,11001,True,B,A,1,2,A
6,11002,True,B,A,10,1,B
6,11003,True,B,A,6,1,B
6,11004,True,A,B,1,2,A
6,11005,True,B,A,0,1,A
6,11006,True,B,A,6,1,B
6,11007,True,A,B,10,1,B
6,11008,True,B,A,2,1,B
6,11009,True,A,B,4,1,B
6,11010,True,A,B,0,1,A
6,11011,True,A,B,2,0,B
6,11012,True,A,B,6,1,B
6,11013,True,A,B,6,1,B
6,11014,True,A,B,2,0,B
6,11015,True,A,B,10,1,B
6,11016,True,B,A,2,0,B
6,11017,True,A,B,4,1,B
6,11018,True,A,B,2,1,B
6,11019,True,B,A,3,1,A
6,11020,True,A,B,6,1,B
6,11021,True,A,B,1,1,A
6,11022,True,B,A,1,2,A
6,11023,False,,,,,
6,11024,True,B,A,2,0,B
6,11025,True,A,B,3,1,B
6,11026,True,B,A,10,1,B
6,11027,True,B,A,0,1,A
6,11028,True,B,A,2,1,B
6,11029,True,B,A,6,1,B
6,11030,True,A,B,4,1,B
6,11031,True,B,A,1,2,A
6,11032,True,B,A,2,0,B
6,11033,True,A,B,1,1,A
6,11034,True,B,A,4,1,A
6,11035,True,B,A,0,1,A
6,11036,True,B,A,0,1,A
6,11037,True,B,A,6,1,B
6,11038,True,A,B,1,1,B
6,11039,True,A,B,0,1,A
6,11040,True,A,B,2,0,B
6,11041,True,A,B,6,1,B
6,11042,True,B,A,4,1,B
6,11043,True,B,A,3,1,A
6,11044,True,A,B,6,1,B
6,11045,True,A,B,2,0,B
6,11046,True,A,B,6,1,B
6,11047,True,A,B,10,1,B
6,11048,False,,,,,
6,11049,False,,,,,
6,11050,True,B,A,10,1,B
6,11051,True,B,A,6,1,B
6,11052,True,B,A,0,1,A
6,11053,True,B,A,10,1,B
6,11054,True,A,B,2,1,B
6,11055,False,,,,,
6,11056,True,A,B,1,2,A
6,11057,True,B,A,0,1,A
6,11058,True,A,B,1,2,A
6,11059,True,A,B,10,1,B
6,11060,True,A,B,3,1,B
6,11061,True,A,B,3,1,B
6,11062,True,A,B,1,1,A
6,11063,True,B,A,3,1,B
6,11064,True,A,B,1,1,A
6,11065,True,A,B,3,1,B
6,11066,True,A,B,3,1,B
6,11067,True,B,A,10,1,B
6,11068,True,B,A,10,1,B
6,11069,True,B,A,1,2,A
6,11070,True,A,B,3,1,B
6,11071,True,B,A,4,1,B
6,11072,True,B,A,2,1,A
6,11073,True,B,A,1,2,A
6,11074,True,B,A,2,0,B
6,11075,True,A,B,6,1,B
6,11076,True,A,B,2,1,B
6,11077,True,A,B,6,1,B
6,11078,True,A,B,0,1,A
6,11079,True,A,B,10,1,B
6,11080,False,,,,,
6,11081,False,,,,,
6,11082,True,B,A,2,1,A
6,11083,True,A,B,6,1,B
6,11084,True,B,A,6,1,B
6,11085,True,A,B,3,1,B
6,11086,True,A,B,2,1,B
6,11087,True,A,B,3,1,B
6,11088,True,A,B,1,2,A
6,11089,True,B,A,3,1,A
6,11090,True,A,B,6,1,B
6,11091,True,B,A,1,1,B
6,11092,True,A,B,2,0,B
6,11093,True,A,B,2,1,B
6,11094,True,B,A,1,1,A
6,11095,True,A,B,6,1,B
6,11096,True,A,B,4,1,B
6,11097,True,A,B,2,1,A
6,11098,True,B,A,2,1,A
6,11099,True,B,A,1,2,A
6,11100,True,B,A,3,1,B
6,11101,True,B,A,0,1,A
6,11102,True,B,A,6,1,B
6,11103,True,B,A,0,1,A
6,11104,True,A,B,2,1,B
6,11105,True,B,A,1,1,A
6,11106,True,B,A,6,1,B
6,11107,True,A,B,3,1,B
6,11108,True,A,B,6,1,B
6,11109,True,B,A,2,0,B
6,11110,False,,,,,
6,11111,True,A,B,1,2,A
6,11112,True,A,B,1,2,B
6,11113,True,A,B,1,1,A
6,11114,True,A,B,2,0,B
6,11115,True,A,B,3,1,B
6,11116,True,B,A,2,0,B
6,11117,True,B,A,4,1,B
6,11118,True,B,A,4,1,B
6,11119,True,A,B,3,1,B
6,11120,True,A,B,10,1,B
6,11121,False,,,,,
6,11122,True,A,B,4,1,B
6,11123,True,A,B,6,1,B
6,11124,True,A,B,6,1,B
6,11125,True,A,B,1,1,A
6,11126,True,B,A,1,2,A
6,11127,True,B,A,1,2,A
6,11128,True,A,B,1,2,A
6,11129,True,B,A,4,1,B
6,11130,True,B,A,2,0,B
6,11131,True,A,B,10,1,B
6,11132,True,B,A,1,2,A
6,11133,True,A,B,3,1,A
6,11134,True,A,B,0,1,A
6,11135,True,A,B,6,1,B
6,11136,True,A,B,0,1,A
6,11137,True,A,B,2,1,A
6,11138,True,B,A,1,1,A
6,11139,True,A,B,10,1,B
6,11140,True,A,B,2,1,B
6,11141,True,A,B,1,2,A
6,11142,True,B,A,6,1,B
6,11143,False,,,,,
6,11144,True,B,A,10,1,B
6,11145,True,B,A,1,2,A
6,11146,True,A,B,4,1,B
6,11147,True,A,B,0,1,A
6,11148,True,A,B,3,1,B
6,11149,True,B,A,10,1,B
6,11150,True,B,A,4,1,B
6,11151,True,B,A,1,2,A
6,11152,True,A,B,4,1,B
6,11153,True,B,A,1,2,A
6,11154,True,B,A,2,1,A
6,11155,True,B,A,4,1,B
6,11156,True,B,A,1,1,B
6,11157,True,A,B,3,1,B
6,11158,True,A,B,2,1,A
6,11159,True,B,A,1,2,A
6,11160,True,B,A,1,2,A
6,11161,True,B,A,1,2,A
6,11162,True,B,A,2,1,B
6,11163,True,B,A,3,1,B
6,11164,True,A,B,4,1,B
6,11165,True,A,B,4,1,B
6,11166,True,B,A,2,1,A
6,11167,True,B,A,1,2,A
6,11168,True,A,B,2,1,A
6,11169,True,A,B,0,1,A
6,11170,True,A,B,6,1,B
6,11171,True,A,B,3,1,B
6,11172,True,A,B,1,2,A
6,11173,True,A,B,0,1,A
6,11174,True,B,A,4,1,B
6,11175,True,B,A,10,1,B
6,11176,True,A,B,1,2,A
6,11177,True,B,A,1,2,A
6,11178,True,A,B,1,1,A
6,11179,True,A,B,1,1,A
6,11180,True,B,A,3,1,A
6,11181,False,,,,,
6,11182,True,B,A,1,1,A
6,11183,True,A,B,1,1,B
6,11184,True,A,B,4,1,A
6,11185,True,A,B,1,1,A
6,11186,True,B,A,6,1,B
6,11187,True,A,B,0,1,A
6,11188,True,A,B,3,1,B
6,11189,True,A,B,10,1,B
6,11190,False,,,,,
6,11191,True,B,A,2,0,B
6,11192,False,,,,,
6,11193,True,B,A,0,1,A
6,11194,True,B,A,4,1,B
6,11195,True,A,B,3,1,A
6,11196,True,B,A,0,1,A
6,11197,True,B,A,0,1,A
6,11198,True,A,B,4,1,B
6,11199,True,A,B,1,1,B
6,11200,True,A,B,3,1,B
6,11201,True,B,A,6,1,B
6,11202,True,B,A,1,1,A
6,11203,True,A,B,2,1,A
6,11204,True,B,A,0,1,A
6,11205,True,A,B,2,0,B
6,11206,True,B,A,2,0,B
6,11207,True,B,A,2,1,A
6,11208,True,A,B,4,1,B
6,11209,True,B,A,10,1,B
6,11210,True,A,B,6,1,B
6,11211,True,B,A,2,0,B
6,11212,True,B,A,2,1,B
6,11213,True,A,B,1,2,A
6,11214,True,B,A,1,1,A
6,11215,True,A,B,3,1,B
6,11216,True,B,A,3,1,B
6,11217,True,B,A,1,1,A
6,11218,True,B,A,1,2,B
6,11219,False,,,,,
6,11220,True,B,A,1,1,A
6,11221,True,A,B,3,1,B
6,11222,True,B,A,2,1,B
6,11223,True,A,B,10,1,B
6,11224,True,B,A,4,1,B
6,11225,True,B,A,2,0,B
6,11226,True,A,B,2,0,B
6,11227,True,A,B,2,0,B
6,11228,True,A,B,3,1,B
6,11229,True,A,B,3,1,A
6,11230,True,A,B,1,1,B
6,11231,True,A,B,10,1,B
6,11232,True,A,B,6,1,B
6,11233,True,B,A,6,1,B
6,11234,True,A,B,4,1,B
6,11235,True,B,A,1,1,A
6,11236,True,B,A,2,1,B
6,11237,True,A,B,6,1,B
6,11238,True,B,A,1,2,A
6,11239,True,B,A,3,1,B
6,11240,True,A,B,6,1,B
6,11241,True,A,B,2,1,B
6,11242,True,B,A,0,1,A
6,11243,True,A,B,2,1,B
6,11244,True,B,A,2,1,A
6,11245,True,A,B,3,1,B
6,11246,True,A,B,2,0,B
6,11247,True,A,B,3,1,B
6,11248,True,B,A,3,1,B
6,11249,True,B,A,1,1,A
6,11250,True,B,A,10,1,B
6,11251,True,B,A,1,2,A
6,11252,True,A,B,6,1,B
6,11253,True,A,B,3,1,B
6,11254,True,A,B,0,1,A
6,11255,True,A,B,0,1,A
6,11256,True,B,A,1,1,A
6,11257,False,,,,,
6,11258,True,B,A,3,1,B
6,11259,False,,,,,
6,11260,False,,,,,
6,11261,True,B,A,0,1,A
6,11262,True,A,B,10,1,B
6,11263,True,B,A,4,1,B
6,11264,True,B,A,2,0,B
6,11265,True,B,A,4,1,B
6,11266,True,B,A,1,2,A
6,11267,True,B,A,6,1,B
6,11268,True,A,B,2,0,B
6,11269,True,A,B,3,1,A
6,11270,True,A,B,10,1,B
6,11271,True,B,A,3,1,B
6,11272,True,A,B,10,1,B
6,11273,True,A,B,4,1,B
6,11274,True,A,B,6,1,B
6,11275,True,B,A,6,1,B
6,11276,True,B,A,1,2,A
6,11277,True,B,A,2,1,A
6,11278,True,B,A,0,1,A
6,11279,True,B,A,1,1,A
6,11280,True,B,A,3,1,B
6,11281,True,A,B,1,2,A
6,11282,True,A,B,4,1,B
6,11283,True,B,A,6,1,B
6,11284,True,B,A,1,1,A
6,11285,True,B,A,3,1,B
6,11286,True,B,A,1,1,A
6,11287,True,B,A,2,0,B
6,11288,True,A,B,3,1,B
6,11289,True,A,B,6,1,B
6,11290,True,A,B,4,1,B
6,11291,False,,,,,
6,11292,True,A,B,1,1,A
6,11293,True,A,B,1,2,B
6,11294,True,B,A,3,1,B
6,11295,True,B,A,2,1,B
6,11296,True,A,B,2,1,A
6,11297,True,B,A,3,1,B
6,11298,True,A,B,1,2,A
6,11299,True,B,A,10,1,B
6,11300,True,A,B,1,1,A
6,11301,True,B,A,2,0,B
6,11302,True,B,A,4,1,B
6,11303,True,A,B,6,1,B
6,11304,True,B,A,1,1,A
6,11305,True,B,A,3,1,B
6,11306,True,B,A,2,1,A
6,11307,True,B,A,2,1,A
6,11308,True,A,B,6,1,B
6,11309,True,B,A,6,1,B
6,11310,True,A,B,3,1,B
6,11311,True,A,B,1,2,A
6,11312,True,A,B,10,1,B
6,11313,True,A,B,3,1,B
6,11314,False,,,,,
6,11315,True,A,B,1,1,A
6,11316,True,A,B,10,1,B
6,11317,True,B,A,3,1,A
6,11318,True,B,A,2,1,B
6,11319,True,A,B,2,1,B
6,11320,True,B,A,1,2,A
6,11321,True,A,B,2,1,A
6,11322,True,B,A,4,1,B
6,11323,True,B,A,1,2,A
6,11324,True,A,B,0,1,A
6,11325,True,A,B,0,1,A
6,11326,True,A,B,0,1,A
6,11327,False,,,,,
6,11328,True,B,A,4,1,B
6,11329,True,B,A,1,2,A
6,11330,True,A,B,1,2,A
6,11331,True,A,B,6,1,B
6,11332,True,A,B,10,1,B
6,11333,True,B,A,6,1,B
6,11334,True,A,B,2,1,B
6,11335,True,A,B,3,1,B
6,11336,False,,,,,
6,11337,True,B,A,2,1,B
6,11338,True,B,A,3,1,B
6,11339,True,B,A,10,1,B
6,11340,True,A,B,2,1,A
6,11341,True,A,B,0,1,A
6,11342,True,A,B,0,1,A
6,11343,True,B,A,4,1,B
6,11344,True,B,A,3,1,B
6,11345,True,A,B,6,1,B
6,11346,True,A,B,1,1,B
6,11347,True,A,B,0,1,A
6,11348,True,B,A,1,1,A
6,11349,True,A,B,6,1,B
6,11350,True,B,A,1,1,A
6,11351,True,A,B,10,1,B
6,11352,True,B,A,0,1,A
6,11353,True,A,B,2,0,B
6,11354,True,A,B,2,0,B
6,11355,True,A,B,0,1,A
6,11356,True,B,A,1,2,A
6,11357,True,B,A,1,2,A
6,11358,True,A,B,0,1,A
6,11359,True,B,A,1,1,B
6,11360,True,B,A,2,1,B
6,11361,True,B,A,6,1,B
6,11362,True,B,A,3,1,B
6,11363,True,B,A,2,1,A
6,11364,True,A,B,0,1,A
6,11365,True,A,B,4,1,A
6,11366,True,B,A,2,0,B
6,11367,True,A,B,4,1,B
6,11368,True,B,A,2,0,B
6,11369,True,A,B,2,0,B
6,11370,True,B,A,1,2,A
6,11371,True,B,A,1,2,A
6,11372,True,B,A,1,1,B
6,11373,True,A,B,1,1,A
6,11374,True,A,B,2,1,A
6,11375,True,B,A,0,1,A
6,11376,True,A,B,1,2,B
6,11377,True,B,A,2,0,B
6,11378,True,B,A,1,2,A
6,11379,True,B,A,0,1,A
6,11380,False,,,,,
6,11381,True,A,B,10,1,B
6,11382,True,A,B,6,1,B
6,11383,True,B,A,0,1,A
6,11384,True,B,A,1,2,A
6,11385,True,B,A,4,1,B
6,11386,True,A,B,3,1,B
6,11387,True,A,B,6,1,B
6,11388,True,A,B,3,1,B
6,11389,True,B,A,1,1,A
6,11390,True,B,A,6,1,B
6,11391,True,A,B,3,1,B
6,11392,True,A,B,6,1,B
6,11393,True,A,B,2,0,B
6,11394,True,A,B,4,1,B
6,11395,False,,,,,
6,11396,True,B,A,10,1,B
6,11397,True,A,B,1,1,A
6,11398,False,,,,,
6,11399,True,A,B,3,1,B
6,11400,True,A,B,2,1,B
6,11401,True,B,A,6,1,B
6,11402,True,B,A,1,2,B
6,11403,True,B,A,4,1,B
6,11404,True,A,B,1,2,A
6,11405,True,A,B,3,1,B
6,11406,True,B,A,6,1,B
6,11407,True,B,A,4,1,B
6,11408,True,B,A,3,1,B
6,11409,True,B,A,2,0,B
6,11410,False,,,,,
6,11411,True,A,B,1,1,B
6,11412,True,B,A,4,1,A
6,11413,True,B,A,1,2,A
6,11414,True,B,A,3,1,B
6,11415,True,B,A,10,1,B
6,11416,True,B,A,6,1,B
6,11417,True,A,B,0,1,A
6,11418,True,A,B,0,1,A
6,11419,True,B,A,3,1,B
6,11420,True,A,B,4,1,B
6,11421,True,B,A,4,1,B
6,11422,True,B,A,3,1,B
6,11423,True,B,A,4,1,B
6,11424,True,A,B,0,1,A
6,11425,True,A,B,3,1,A
6,11426,True,A,B,1,1,A
6,11427,True,A,B,1,1,A
6,11428,True,B,A,0,1,A
6,11429,True,A,B,2,0,B
6,11430,True,B,A,1,2,B
6,11431,True,A,B,3,1,A
6,11432,False,,,,,
6,11433,True,A,B,1,2,A
6,11434,True,A,B,1,1,A
6,11435,True,B,A,0,1,A
6,11436,True,B,A,10,1,B
6,11437,True,B,A,2,1,B
6,11438,True,A,B,10,1,B
6,11439,True,A,B,6,1,B
6,11440,True,B,A,4,1,B
6,11441,True,A,B,10,1,B
6,11442,True,A,B,3,1,B
6,11443,True,B,A,2,1,A
6,11444,False,,,,,
6,11445,True,B,A,2,0,B
6,11446,True,B,A,1,2,A
6,11447,True,B,A,2,0,B
6,11448,True,B,A,0,1,A
6,11449,True,B,A,10,1,B
6,11450,True,A,B,2,1,A
6,11451,True,B,A,0,1,A
6,11452,True,A,B,3,1,B
6,11453,True,B,A,2,0,B
6,11454,True,B,A,2,0,B
6,11455,False,,,,,
6,11456,True,B,A,3,1,B
6,11457,True,B,A,3,1,B
6,11458,True,A,B,2,0,B
6,11459,True,B,A,1,1,A
6,11460,True,A,B,3,1,A
6,11461,True,A,B,6,1,B
6,11462,True,A,B,4,1,B
6,11463,True,B,A,6,1,B
6,11464,True,B,A,0,1,A
6,11465,True,A,B,1,2,A
6,11466,True,A,B,6,1,B
6,11467,True,B,A,10,1,B
6,11468,True,B,A,4,1,B
6,11469,True,B,A,4,1,B
6,11470,True,B,A,10,1,B
6,11471,True,A,B,10,1,B
6,11472,True,B,A,1,1,B
6,11473,True,B,A,1,1,B
6,11474,True,A,B,1,1,A
6,11475,True,B,A,4,1,B
6,11476,True,A,B,3,1,B
6,11477,True,B,A,3,1,B
6,11478,True,B,A,6,1,B
6,11479,True,B,A,6,1,B
6,11480,True,B,A,10,1,B
6,11481,True,A,B,10,1,B
6,11482,True,B,A,6,1,B
6,11483,True,A,B,1,2,A
6,11484,True,A,B,2,1,B
6,11485,True,A,B,2,1,B
6,11486,True,A,B,1,2,A
6,11487,True,B,A,1,1,B
6,11488,True,B,A,1,2,A
6,11489,True,B,A,1,1,B
6,11490,True,A,B,1,2,B
6,11491,True,B,A,0,1,A
6,11492,True,A,B,2,0,B
6,11493,True,B,A,4,1,B
6,11494,True,A,B,1,2,A
6,11495,True,B,A,1,2,A
6,11496,True,B,A,3,1,B
6,11497,True,A,B,10,1,B
6,11498,True,A,B,2,1,A
6,11499,True,A,B,6,1,B
6,11500,True,A,B,10,1,B
7,11501,True,B,A,1,2,A
7,11502,True,B,A,10,1,B
7,11503,True,B,A,6,1,B
7,11504,True,A,B,1,2,A
7,11505,True,B,A,0,1,A
7,11506,True,B,A,6,1,B
7,11507,True,A,B,10,1,B
7,11508,True,B,A,2,1,A
7,11509,True,A,B,4,1,B
7,11510,True,A,B,0,1,A
7,11511,True,A,B,2,0,B
7,11512,True,A,B,6,1,B
7,11513,True,A,B,6,1,B
7,11514,True,A,B,2,0,B
7,11515,True,A,B,10,1,B
7,11516,True,B,A,2,0,B
7,11517,True,A,B,4,1,B
7,11518,True,A,B,2,1,B
7,11519,True,B,A,3,1,B
7,11520,True,A,B,6,1,B
7,11521,True,A,B,1,1,A
7,11522,True,B,A,1,2,B
7,11523,False,,,,,
7,11524,False,,,,,
7,11525,True,A,B,3,1,B
7,11526,True,B,A,10,1,B
7,11527,True,B,A,0,1,A
7,11528,True,B,A,2,1,A
7,11529,True,B,A,6,1,B
7,11530,True,A,B,4,1,B
7,11531,True,B,A,1,2,A
7,11532,True,B,A,2,0,B
7,11533,True,A,B,1,1,A
7,11534,True,B,A,4,1,B
7,11535,True,B,A,0,1,A
7,11536,False,,,,,
7,11537,True,B,A,6,1,B
7,11538,True,A,B,1,1,A
7,11539,True,A,B,0,1,A
7,11540,True,A,B,2,0,B
7,11541,True,A,B,6,1,B
7,11542,True,B,A,4,1,B
7,11543,True,B,A,3,1,B
7,11544,True,A,B,6,1,B
7,11545,True,A,B,2,0,B
7,11546,True,A,B,6,1,B
7,11547,True,A,B,10,1,B
7,11548,True,B,A,2,0,B
7,11549,True,A,B,2,0,B
7,11550,True,B,A,10,1,B
7,11551,True,B,A,6,1,B
7,11552,True,B,A,0,1,A
7,11553,True,B,A,10,1,B
7,11554,True,A,B,2,1,A
7,11555,True,A,B,2,0,B
7,11556,True,A,B,1,2,A
7,11557,True,B,A,0,1,A
7,11558,True,A,B,1,2,A
7,11559,True,A,B,10,1,B
7,11560,True,A,B,3,1,B
7,11561,True,A,B,3,1,A
7,11562,True,A,B,1,1,A
7,11563,True,B,A,3,1,A
7,11564,True,A,B,1,1,A
7,11565,True,A,B,3,1,B
7,11566,True,A,B,3,1,B
7,11567,True,B,A,10,1,B
7,11568,True,B,A,10,1,B
7,11569,True,B,A,1,2,A
7,11570,True,A,B,3,1,B
7,11571,True,B,A,4,1,B
7,11572,True,B,A,2,1,B
7,11573,True,B,A,1,2,A
7,11574,True,B,A,2,0,B
7,11575,True,A,B,6,1,B
7,11576,True,A,B,2,1,B
7,11577,True,A,B,6,1,B
7,11578,True,A,B,0,1,A
7,11579,True,A,B,10,1,B
7,11580,False,,,,,
7,11581,False,,,,,
7,11582,True,B,A,2,1,B
7,11583,True,A,B,6,1,B
7,11584,True,B,A,6,1,B
7,11585,True,A,B,3,1,B
7,11586,True,A,B,2,1,A
7,11587,True,A,B,3,1,B
7,11588,True,A,B,1,2,A
7,11589,True,B,A,3,1,B
7,11590,True,A,B,6,1,B
7,11591,True,B,A,1,1,A
7,11592,False,,,,,
7,11593,True,A,B,2,1,A
7,11594,True,B,A,1,1,A
7,11595,True,A,B,6,1,B
7,11596,True,A,B,4,1,B
7,11597,True,A,B,2,1,A
7,11598,True,B,A,2,1,B
7,11599,True,B,A,1,2,A
7,11600,True,B,A,3,1,A
7,11601,True,B,A,0,1,A
7,11602,True,B,A,6,1,B
7,11603,False,,,,,
7,11604,True,A,B,2,1,B
7,11605,True,B,A,1,1,B
7,11606,True,B,A,6,1,B
7,11607,True,A,B,3,1,B
7,11608,True,A,B,6,1,B
7,11609,True,B,A,2,0,B
7,11610,True,B,A,2,0,B
7,11611,True,A,B,1,2,B
7,11612,True,A,B,1,2,A
7,11613,True,A,B,1,1,B
7,11614,True,A,B,2,0,B
7,11615,True,A,B,3,1,B
7,11616,False,,,,,
7,11617,True,B,A,4,1,B
7,11618,True,B,A,4,1,B
7,11619,True,A,B,3,1,B
7,11620,True,A,B,10,1,B
7,11621,True,A,B,2,0,B
7,11622,True,A,B,4,1,B
7,11623,True,A,B,6,1,B
7,11624,True,A,B,6,1,B
7,11625,True,A,B,1,1,B
7,11626,True,B,A,1,2,A
7,11627,True,B,A,1,2,A
7,11628,True,A,B,1,2,A
7,11629,True,B,A,4,1,A
7,11630,False,,,,,
7,11631,True,A,B,10,1,B
7,11632,True,B,A,1,2,A
7,11633,True,A,B,3,1,B
7,11634,True,A,B,0,1,A
7,11635,True,A,B,6,1,B
7,11636,True,A,B,0,1,A
7,11637,True,A,B,2,1,A
7,11638,True,B,A,1,1,B
7,11639,True,A,B,10,1,B
7,11640,True,A,B,2,1,B
7,11641,True,A,B,1,2,A
7,11642,True,B,A,6,1,B
7,11643,False,,,,,
7,11644,True,B,A,10,1,B
7,11645,True,B,A,1,2,A
7,11646,True,A,B,4,1,B
7,11647,True,A,B,0,1,A
7,11648,True,A,B,3,1,B
7,11649,True,B,A,10,1,B
7,11650,True,B,A,4,1,B
7,11651,True,B,A,1,2,A
7,11652,True,A,B,4,1,B
7,11653,True,B,A,1,2,A
7,11654,True,B,A,2,1,A
7,11655,True,B,A,4,1,B
7,11656,True,B,A,1,1,A
7,11657,True,A,B,3,1,B
7,11658,True,A,B,2,1,A
7,11659,True,B,A,1,2,A
7,11660,True,B,A,1,2,A
7,11661,True,B,A,1,2,A
7,11662,True,B,A,2,1,B
7,11663,True,B,A,3,1,A
7,11664,True,A,B,4,1,B
7,11665,True,A,B,4,1,B
7,11666,True,B,A,2,1,B
7,11667,True,B,A,1,2,A
7,11668,True,A,B,2,1,B
7,11669,True,A,B,0,1,A
7,11670,True,A,B,6,1,B
7,11671,True,A,B,3,1,B
7,11672,True,A,B,1,2,A
7,11673,False,,,,,
7,11674,True,B,A,4,1,A
7,11675,True,B,A,10,1,B
7,11676,True,A,B,1,2,A
7,11677,True,B,A,1,2,A
7,11678,True,A,B,1,1,A
7,11679,True,A,B,1,1,A
7,11680,True,B,A,3,1,A
7,11681,True,A,B,2,0,B
7,11682,True,B,A,1,1,A
7,11683,True,A,B,1,1,A
7,11684,True,A,B,4,1,B
7,11685,True,A,B,1,1,A
7,11686,True,B,A,6,1,B
7,11687,True,A,B,0,1,A
7,11688,True,A,B,3,1,A
7,11689,True,A,B,10,1,B
7,11690,True,B,A,2,0,B
7,11691,True,B,A,2,0,B
7,11692,True,B,A,2,0,B
7,11693,True,B,A,0,1,A
7,11694,True,B,A,4,1,B
7,11695,True,A,B,3,1,A
7,11696,True,B,A,0,1,A
7,11697,True,B,A,0,1,A
7,11698,True,A,B,4,1,B
7,11699,True,A,B,1,1,B
7,11700,True,A,B,3,1,B
7,11701,True,B,A,6,1,B
7,11702,True,B,A,1,1,A
7,11703,True,A,B,2,1,B
7,11704,True,B,A,0,1,A
7,11705,True,A,B,2,0,B
7,11706,True,B,A,2,0,B
7,11707,True,B,A,2,1,A
7,11708,True,A,B,4,1,B
7,11709,True,B,A,10,1,B
7,11710,True,A,B,6,1,B
7,11711,True,B,A,2,0,B
7,11712,True,B,A,2,1,B
7,11713,True,A,B,1,2,A
7,11714,True,B,A,1,1,A
7,11715,True,A,B,3,1,B
7,11716,True,B,A,3,1,A
7,11717,True,B,A,1,1,A
7,11718,True,B,A,1,2,A
7,11719,True,A,B,2,0,B
7,11720,True,B,A,1,1,A
7,11721,True,A,B,3,1,B
7,11722,True,B,A,2,1,B
7,11723,True,A,B,10,1,B
7,11724,True,B,A,4,1,B
7,11725,True,B,A,2,0,B
7,11726,True,A,B,2,0,B
7,11727,False,,,,,
7,11728,True,A,B,3,1,B
7,11729,True,A,B,3,1,A
7,11730,True,A,B,1,1,A
7,11731,True,A,B,10,1,B
7,11732,True,A,B,6,1,B
7,11733,True,B,A,6,1,B
7,11734,True,A,B,4,1,B
7,11735,True,B,A,1,1,A
7,11736,True,B,A,2,1,A
7,11737,True,A,B,6,1,B
7,11738,True,B,A,1,2,A
7,11739,True,B,A,3,1,B
7,11740,True,A,B,6,1,B
7,11741,True,A,B,2,1,B
7,11742,True,B,A,0,1,A
7,11743,True,A,B,2,1,A
7,11744,True,B,A,2,1,A
7,11745,True,A,B,3,1,B
7,11746,True,A,B,2,0,B
7,11747,True,A,B,3,1,B
7,11748,True,B,A,3,1,B
7,11749,True,B,A,1,1,A
7,11750,True,B,A,10,1,B
7,11751,True,B,A,1,2,A
7,11752,True,A,B,6,1,B
7,11753,True,A,B,3,1,B
7,11754,True,A,B,0,1,A
7,11755,True,A,B,0,1,A
7,11756,True,B,A,1,1,A
7,11757,True,A,B,2,0,B
7,11758,True,B,A,3,1,B
7,11759,False,,,,,
7,11760,True,B,A,2,0,B
7,11761,True,B,A,0,1,A
7,11762,True,A,B,10,1,B
7,11763,True,B,A,4,1,B
7,11764,False,,,,,
7,11765,True,B,A,4,1,B
7,11766,True,B,A,1,2,A
7,11767,True,B,A,6,1,B
7,11768,True,A,B,2,0,B
7,11769,True,A,B,3,1,B
7,11770,True,A,B,10,1,B
7,11771,True,B,A,3,1,A
7,11772,True,A,B,10,1,B
7,11773,True,A,B,4,1,B
7,11774,True,A,B,6,1,B
7,11775,True,B,A,6,1,B
7,11776,True,B,A,1,2,A
7,11777,True,B,A,2,1,B
7,11778,True,B,A,0,1,A
7,11779,True,B,A,1,1,B
7,11780,True,B,A,3,1,A
7,11781,True,A,B,1,2,A
7,11782,True,A,B,4,1,B
7,11783,True,B,A,6,1,B
7,11784,True,B,A,1,1,A
7,11785,True,B,A,3,1,B
7,11786,True,B,A,1,1,B
7,11787,True,B,A,2,0,B
7,11788,True,A,B,3,1,B
7,11789,True,A,B,6,1,B
7,11790,True,A,B,4,1,A
7,11791,True,A,B,10,1,B
7,11792,True,A,B,1,1,A
7,11793,True,A,B,1,2,B
7,11794,True,B,A,3,1,B
7,11795,True,B,A,2,1,B
7,11796,True,A,B,2,1,B
7,11797,True,B,A,3,1,A
7,11798,True,A,B,1,2,A
7,11799,True,B,A,10,1,B
7,11800,True,A,B,1,1,B
7,11801,True,B,A,2,0,B
7,11802,True,B,A,4,1,B
7,11803,True,A,B,6,1,B
7,11804,True,B,A,1,1,B
7,11805,True,B,A,3,1,B
7,11806,True,B,A,2,1,A
7,11807,True,B,A,2,1,A
7,11808,True,A,B,6,1,B
7,11809,True,B,A,6,1,B
7,11810,True,A,B,3,1,B
7,11811,True,A,B,1,2,A
7,11812,True,A,B,10,1,B
7,11813,True,A,B,3,1,B
7,11814,True,B,A,2,0,B
7,11815,True,A,B,1,1,B
7,11816,True,A,B,10,1,B
7,11817,True,B,A,3,1,B
7,11818,True,B,A,2,1,A
7,11819,True,A,B,2,1,A
7,11820,True,B,A,1,2,A
7,11821,True,A,B,2,1,A
7,11822,True,B,A,4,1,B
7,11823,True,B,A,1,2,A
7,11824,True,A,B,0,1,A
7,11825,True,A,B,0,1,A
7,11826,True,A,B,0,1,A
7,11827,True,B,A,2,0,B
7,11828,True,B,A,4,1,B
7,11829,True,B,A,1,2,A
7,11830,True,A,B,1,2,A
7,11831,True,A,B,6,1,B
7,11832,True,A,B,10,1,B
7,11833,True,B,A,6,1,B
7,11834,True,A,B,2,1,A
7,11835,True,A,B,3,1,B
7,11836,True,B,A,2,0,B
7,11837,True,B,A,2,1,A
7,11838,True,B,A,3,1,A
7,11839,True,B,A,10,1,B
7,11840,True,A,B,2,1,B
7,11841,True,A,B,0,1,A
7,11842,True,A,B,0,1,A
7,11843,True,B,A,4,1,B
7,11844,True,B,A,3,1,B
7,11845,True,A,B,6,1,B
7,11846,True,A,B,1,1,A
7,11847,True,A,B,0,1,A
7,11848,True,B,A,1,1,A
7,11849,True,A,B,6,1,B
7,11850,True,B,A,1,1,B
7,11851,True,A,B,10,1,B
7,11852,True,B,A,0,1,A
7,11853,True,A,B,2,0,B
7,11854,True,A,B,2,0,B
7,11855,False,,,,,
7,11856,True,B,A,1,2,A
7,11857,True,B,A,1,2,A
7,11858,True,A,B,0,1,A
7,11859,True,B,A,1,1,B
7,11860,True,B,A,2,1,A
7,11861,True,B,A,6,1,B
7,11862,True,B,A,3,1,A
7,11863,True,B,A,2,1,B
7,11864,True,A,B,0,1,A
7,11865,True,A,B,4,1,B
7,11866,True,B,A,2,0,B
7,11867,True,A,B,4,1,B
7,11868,True,B,A,2,0,B
7,11869,True,A,B,2,0,B
7,11870,True,B,A,1,2,A
7,11871,True,B,A,1,2,A
7,11872,True,B,A,1,1,A
7,11873,True,A,B,1,1,B
7,11874,True,A,B,2,1,A
7,11875,True,B,A,0,1,A
7,11876,True,A,B,1,2,A
7,11877,True,B,A,2,0,B
7,11878,True,B,A,1,2,A
7,11879,True,B,A,0,1,A
7,11880,True,A,B,2,0,B
7,11881,True,A,B,10,1,B
7,11882,True,A,B,6,1,B
7,11883,True,B,A,0,1,A
7,11884,True,B,A,1,2,A
7,11885,True,B,A,4,1,B
7,11886,True,A,B,3,1,B
7,11887,True,A,B,6,1,B
7,11888,True,A,B,3,1,B
7,11889,True,B,A,1,1,B
7,11890,True,B,A,6,1,B
7,11891,True,A,B,3,1,A
7,11892,True,A,B,6,1,B
7,11893,True,A,B,2,0,B
7,11894,True,A,B,4,1,B
7,11895,True,B,A,2,0,B
7,11896,True,B,A,10,1,B
7,11897,True,A,B,1,1,B
7,11898,True,B,A,2,0,B
7,11899,True,A,B,3,1,B
7,11900,True,A,B,2,1,B
7,11901,True,B,A,6,1,B
7,11902,True,B,A,1,2,B
7,11903,True,B,A,4,1,B
7,11904,True,A,B,1,2,A
7,11905,True,A,B,3,1,B
7,11906,True,B,A,6,1,B
7,11907,True,B,A,4,1,B
7,11908,True,B,A,3,1,B
7,11909,False,,,,,
7,11910,True,A,B,2,0,B
7,11911,True,A,B,1,1,A
7,11912,True,B,A,4,1,B
7,11913,True,B,A,1,2,A
7,11914,True,B,A,3,1,B
7,11915,True,B,A,10,1,B
7,11916,True,B,A,6,1,B
7,11917,True,A,B,0,1,A
7,11918,True,A,B,0,1,A
7,11919,True,B,A,3,1,A
7,11920,True,A,B,4,1,B
7,11921,True,B,A,4,1,B
7,11922,True,B,A,3,1,B
7,11923,True,B,A,4,1,B
7,11924,True,A,B,0,1,A
7,11925,True,A,B,3,1,B
7,11926,True,A,B,1,1,A
7,11927,True,A,B,1,1,B
7,11928,True,B,A,0,1,A
7,11929,True,A,B,2,0,B
7,11930,True,B,A,1,2,A
7,11931,True,A,B,3,1,B
7,11932,True,A,B,2,0,B
7,11933,True,A,B,1,2,A
7,11934,True,A,B,1,1,B
7,11935,True,B,A,0,1,A
7,11936,True,B,A,10,1,B
7,11937,True,B,A,2,1,B
7,11938,True,A,B,10,1,B
7,11939,True,A,B,6,1,B
7,11940,True,B,A,4,1,A
7,11941,True,A,B,10,1,B
7,11942,True,A,B,3,1,A
7,11943,True,B,A,2,1,A
7,11944,True,A,B,2,0,B
7,11945,False,,,,,
7,11946,True,B,A,1,2,A
7,11947,True,B,A,2,0,B
7,11948,True,B,A,0,1,A
7,11949,True,B,A,10,1,B
7,11950,True,A,B,2,1,A
8,11951,True,B,A,1,2,B
8,11952,True,B,A,10,1,B
8,11953,True,B,A,6,1,B
8,11954,True,A,B,1,2,A
8,11955,True,B,A,0,1,A
8,11956,True,B,A,6,1,B
8,11957,True,A,B,10,1,B
8,11958,True,B,A,2,1,A
8,11959,True,A,B,4,1,A
8,11960,True,A,B,0,1,A
8,11961,False,,,,,
8,11962,True,A,B,6,1,B
8,11963,True,A,B,6,1,B
8,11964,False,,,,,
8,11965,True,A,B,10,1,B
8,11966,True,B,A,2,0,B
8,11967,True,A,B,4,1,A
8,11968,True,A,B,2,1,B
8,11969,True,B,A,3,1,B
8,11970,True,A,B,6,1,B
8,11971,True,A,B,1,1,A
8,11972,True,B,A,1,2,A
8,11973,False,,,,,
8,11974,True,B,A,2,0,B
8,11975,True,A,B,3,1,B
8,11976,True,B,A,10,1,B
8,11977,True,B,A,0,1,A
8,11978,True,B,A,2,1,A
8,11979,True,B,A,6,1,B
8,11980,True,A,B,4,1,B
8,11981,True,B,A,1,2,A
8,11982,True,B,A,2,0,B
8,11983,True,A,B,1,1,A
8,11984,True,B,A,4,1,B
8,11985,True,B,A,0,1,A
8,11986,True,B,A,0,1,A
8,11987,True,B,A,6,1,B
8,11988,True,A,B,1,1,B
8,11989,True,A,B,0,1,A
8,11990,False,,,,,
8,11991,True,A,B,6,1,B
8,11992,True,B,A,4,1,B
8,11993,True,B,A,3,1,B
8,11994,True,A,B,6,1,B
8,11995,True,A,B,2,0,B
8,11996,True,A,B,6,1,B
8,11997,True,A,B,10,1,B
8,11998,True,B,A,2,0,B
8,11999,False,,,,,
8,12000,True,B,A,10,1,B
8,12001,True,B,A,6,1,B
8,12002,True,B,A,0,1,A
8,12003,True,B,A,10,1,B
8,12004,True,A,B,2,1,A
8,12005,False,,,,,
8,12006,True,A,B,1,2,A
8,12007,False,,,,,
8,12008,True,A,B,1,2,A
8,12009,True,A,B,10,1,B
8,12010,True,A,B,3,1,A
8,12011,True,A,B,3,1,A
8,12012,True,A,B,1,1,A
8,12013,True,B,A,3,1,B
8,12014,True,A,B,1,1,B
8,12015,True,A,B,3,1,B
8,12016,True,A,B,3,1,B
8,12017,True,B,A,10,1,B
8,12018,True,B,A,10,1,B
8,12019,True,B,A,1,2,A
8,12020,True,A,B,3,1,A
8,12021,True,B,A,4,1,B
8,12022,True,B,A,2,1,A
8,12023,True,B,A,1,2,A
8,12024,False,,,,,
8,12025,True,A,B,6,1,B
8,12026,True,A,B,2,1,B
8,12027,True,A,B,6,1,B
8,12028,True,A,B,0,1,A
8,12029,True,A,B,10,1,B
8,12030,True,B,A,2,0,B
8,12031,False,,,,,
8,12032,True,B,A,2,1,A
8,12033,True,A,B,6,1,B
8,12034,True,B,A,6,1,B
8,12035,True,A,B,3,1,B
8,12036,True,A,B,2,1,A
8,12037,True,A,B,3,1,B
8,12038,True,A,B,1,2,A
8,12039,True,B,A,3,1,B
8,12040,True,A,B,6,1,B
8,12041,True,B,A,1,1,A
8,12042,True,A,B,2,0,B
8,12043,True,A,B,2,1,B
8,12044,True,B,A,1,1,A
8,12045,True,A,B,6,1,B
8,12046,True,A,B,4,1,B
8,12047,True,A,B,2,1,B
8,12048,True,B,A,2,1,A
8,12049,True,B,A,1,2,A
8,12050,True,B,A,3,1,B
8,12051,True,B,A,0,1,A
8,12052,True,B,A,6,1,B
8,12053,False,,,,,
8,12054,True,A,B,2,1,A
8,12055,True,B,A,1,1,A
8,12056,True,B,A,6,1,B
8,12057,True,A,B,3,1,B
8,12058,True,A,B,6,1,B
8,12059,True,B,A,2,0,B
8,12060,True,B,A,2,0,B
8,12061,True,A,B,1,2,A
8,12062,True,A,B,1,2,A
8,12063,True,A,B,1,1,A
8,12064,False,,,,,
8,12065,True,A,B,3,1,B
8,12066,True,B,A,2,0,B
8,12067,True,B,A,4,1,B
8,12068,True,B,A,4,1,B
8,12069,True,A,B,3,1,A
8,12070,True,A,B,10,1,B
8,12071,False,,,,,
8,12072,True,A,B,4,1,B
8,12073,True,A,B,6,1,B
8,12074,True,A,B,6,1,B
8,12075,True,A,B,1,1,A
8,12076,True,B,A,1,2,A
8,12077,True,B,A,1,2,A
8,12078,True,A,B,1,2,A
8,12079,True,B,A,4,1,B
8,12080,True,B,A,2,0,B
8,12081,True,A,B,10,1,B
8,12082,True,B,A,1,2,A
8,12083,True,A,B,3,1,B
8,12084,True,A,B,0,1,A
8,12085,True,A,B,6,1,B
8,12086,True,A,B,0,1,A
8,12087,True,A,B,2,1,B
8,12088,True,B,A,1,1,A
8,12089,True,A,B,10,1,B
8,12090,True,A,B,2,1,B
8,12091,True,A,B,1,2,A
8,12092,True,B,A,6,1,B
8,12093,False,,,,,
8,12094,True,B,A,10,1,B
8,12095,True,B,A,1,2,A
8,12096,True,A,B,4,1,A
8,12097,True,A,B,0,1,A
8,12098,True,A,B,3,1,B
8,12099,True,B,A,10,1,B
8,12100,True,B,A,4,1,B
8,12101,True,B,A,1,2,A
8,12102,True,A,B,4,1,B
8,12103,True,B,A,1,2,A
8,12104,True,B,A,2,1,B
8,12105,True,B,A,4,1,B
8,12106,True,B,A,1,1,A
8,12107,True,A,B,3,1,A
8,12108,True,A,B,2,1,A
8,12109,True,B,A,1,2,A
8,12110,True,B,A,1,2,A
8,12111,True,B,A,1,2,A
8,12112,True,B,A,2,1,B
8,12113,True,B,A,3,1,A
8,12114,True,A,B,4,1,B
8,12115,True,A,B,4,1,B
8,12116,True,B,A,2,1,B
8,12117,True,B,A,1,2,A
8,12118,True,A,B,2,1,B
8,12119,True,A,B,0,1,A
8,12120,True,A,B,6,1,B
8,12121,True,A,B,3,1,B
8,12122,True,A,B,1,2,A
8,12123,True,A,B,0,1,A
8,12124,True,B,A,4,1,B
8,12125,True,B,A,10,1,B
8,12126,True,A,B,1,2,A
8,12127,True,B,A,1,2,B
8,12128,True,A,B,1,1,A
8,12129,True,A,B,1,1,A
8,12130,True,B,A,3,1,B
8,12131,False,,,,,
8,12132,True,B,A,1,1,A
8,12133,True,A,B,1,1,A
8,12134,True,A,B,4,1,B
8,12135,True,A,B,1,1,A
8,12136,True,B,A,6,1,B
8,12137,True,A,B,0,1,A
8,12138,True,A,B,3,1,B
8,12139,True,A,B,10,1,B
8,12140,True,B,A,2,0,B
8,12141,False,,,,,
8,12142,False,,,,,
8,12143,True,B,A,0,1,A
8,12144,True,B,A,4,1,B
8,12145,True,A,B,3,1,B
8,12146,True,B,A,0,1,A
8,12147,True,B,A,0,1,A
8,12148,True,A,B,4,1,B
8,12149,True,A,B,1,1,A
8,12150,True,A,B,3,1,B
8,12151,True,B,A,6,1,B
8,12152,True,B,A,1,1,A
8,12153,True,A,B,2,1,A
8,12154,True,B,A,0,1,A
8,12155,False,,,,,
8,12156,True,B,A,2,0,B
8,12157,True,B,A,2,1,A
8,12158,True,A,B,4,1,A
8,12159,True,B,A,10,1,B
8,12160,True,A,B,6,1,B
8,12161,True,B,A,2,0,B
8,12162,True,B,A,2,1,B
8,12163,True,A,B,1,2,A
8,12164,True,B,A,1,1,A
8,12165,True,A,B,3,1,A
8,12166,True,B,A,3,1,B
8,12167,True,B,A,1,1,A
8,12168,True,B,A,1,2,A
8,12169,False,,,,,
8,12170,True,B,A,1,1,B
8,12171,True,A,B,3,1,B
8,12172,True,B,A,2,1,A
8,12173,True,A,B,10,1,B
8,12174,True,B,A,4,1,A
8,12175,True,B,A,2,0,B
8,12176,True,A,B,2,0,B
8,12177,False,,,,,
8,12178,True,A,B,3,1,B
8,12179,True,A,B,3,1,A
8,12180,True,A,B,1,1,A
8,12181,True,A,B,10,1,B
8,12182,True,A,B,6,1,B
8,12183,True,B,A,6,1,B
8,12184,True,A,B,4,1,A
8,12185,True,B,A,1,1,A
8,12186,True,B,A,2,1,B
8,12187,True,A,B,6,1,B
8,12188,True,B,A,1,2,A
8,12189,True,B,A,3,1,B
8,12190,True,A,B,6,1,B
8,12191,True,A,B,2,1,A
8,12192,True,B,A,0,1,A
8,12193,True,A,B,2,1,A
8,12194,True,B,A,2,1,A
8,12195,True,A,B,3,1,A
8,12196,True,A,B,2,0,B
8,12197,True,A,B,3,1,B
8,12198,True,B,A,3,1,A
8,12199,True,B,A,1,1,A
8,12200,True,B,A,10,1,B
9,12201,True,B,A,1,2,A
9,12202,True,B,A,10,1,B
9,12203,True,B,A,6,1,B
9,12204,True,A,B,1,2,A
9,12205,True,B,A,0,1,A
9,12206,True,B,A,6,1,B
9,12207,True,A,B,10,1,B
9,12208,True,B,A,2,1,A
9,12209,True,A,B,4,1,B
9,12210,True,A,B,0,1,A
9,12211,True,A,B,2,0,B
9,12212,True,A,B,6,1,B
9,12213,True,A,B,6,1,B
9,12214,True,A,B,2,0,B
9,12215,True,A,B,10,1,B
9,12216,True,B,A,2,0,B
9,12217,True,A,B,4,1,B
9,12218,True,A,B,2,1,A
9,12219,True,B,A,3,1,B
9,12220,True,A,B,6,1,B
9,12221,True,A,B,1,1,A
9,12222,True,B,A,1,2,A
9,12223,True,B,A,2,0,B
9,12224,True,B,A,2,0,B
9,12225,True,A,B,3,1,B
9,12226,True,B,A,10,1,B
9,12227,True,B,A,0,1,A
9,12228,True,B,A,2,1,A
9,12229,True,B,A,6,1,B
9,12230,True,A,B,4,1,B
9,12231,True,B,A,1,2,A
9,12232,False,,,,,
9,12233,True,A,B,1,1,A
9,12234,True,B,A,4,1,B
9,12235,True,B,A,0,1,A
9,12236,True,B,A,0,1,A
9,12237,True,B,A,6,1,B
9,12238,True,A,B,1,1,A
9,12239,True,A,B,0,1,A
9,12240,True,A,B,2,0,B
9,12241,True,A,B,6,1,B
9,12242,True,B,A,4,1,B
9,12243,True,B,A,3,1,B
9,12244,True,A,B,6,1,B
9,12245,True,A,B,2,0,B
9,12246,True,A,B,6,1,B
9,12247,True,A,B,10,1,B
9,12248,False,,,,,
9,12249,True,A,B,2,0,B
9,12250,True,B,A,10,1,B
9,12251,True,B,A,6,1,B
9,12252,False,,,,,
9,12253,True,B,A,10,1,B
9,12254,True,A,B,2,1,A
9,12255,True,A,B,2,0,B
9,12256,True,A,B,1,2,A
9,12257,True,B,A,0,1,A
9,12258,True,A,B,1,2,A
9,12259,True,A,B,10,1,B
9,12260,True,A,B,3,1,B
9,12261,True,A,B,3,1,B
9,12262,True,A,B,1,1,A
9,12263,True,B,A,3,1,B
9,12264,True,A,B,1,1,A
9,12265,True,A,B,3,1,B
9,12266,True,A,B,3,1,B
9,12267,True,B,A,10,1,B
9,12268,True,B,A,10,1,B
9,12269,True,B,A,1,2,A
9,12270,True,A,B,3,1,A
9,12271,True,B,A,4,1,B
9,12272,True,B,A,2,1,B
9,12273,True,B,A,1,2,A
9,12274,True,B,A,2,0,B
9,12275,True,A,B,6,1,B
9,12276,True,A,B,2,1,A
9,12277,True,A,B,6,1,B
9,12278,True,A,B,0,1,A
9,12279,True,A,B,10,1,B
9,12280,False,,,,,
9,12281,True,A,B,2,0,B
9,12282,True,B,A,2,1,A
9,12283,True,A,B,6,1,B
9,12284,True,B,A,6,1,B
9,12285,True,A,B,3,1,B
9,12286,True,A,B,2,1,A
9,12287,True,A,B,3,1,B
9,12288,True,A,B,1,2,A
9,12289,True,B,A,3,1,B
9,12290,True,A,B,6,1,B
9,12291,True,B,A,1,1,B
9,12292,True,A,B,2,0,B
9,12293,True,A,B,2,1,A
9,12294,True,B,A,1,1,B
9,12295,True,A,B,6,1,B
9,12296,True,A,B,4,1,B
9,12297,True,A,B,2,1,B
9,12298,True,B,A,2,1,B
9,12299,True,B,A,1,2,A
9,12300,True,B,A,3,1,B
9,12301,True,B,A,0,1,A
9,12302,True,B,A,6,1,B
9,12303,True,B,A,0,1,A
9,12304,True,A,B,2,1,B
9,12305,True,B,A,1,1,A
9,12306,True,B,A,6,1,B
9,12307,True,A,B,3,1,B
9,12308,True,A,B,6,1,B
9,12309,True,B,A,2,0,B
9,12310,True,B,A,2,0,B
9,12311,True,A,B,1,2,A
9,12312,True,A,B,1,2,A
9,12313,True,A,B,1,1,A
9,12314,True,A,B,2,0,B
9,12315,True,A,B,3,1,B
9,12316,False,,,,,
9,12317,True,B,A,4,1,B
9,12318,True,B,A,4,1,B
9,12319,True,A,B,3,1,B
9,12320,True,A,B,10,1,B
9,12321,True,A,B,2,0,B
9,12322,True,A,B,4,1,B
9,12323,True,A,B,6,1,B
9,12324,True,A,B,6,1,B
9,12325,True,A,B,1,1,A
9,12326,True,B,A,1,2,A
9,12327,True,B,A,1,2,A
9,12328,True,A,B,1,2,A
9,12329,True,B,A,4,1,B
9,12330,False,,,,,
9,12331,True,A,B,10,1,B
9,12332,True,B,A,1,2,A
9,12333,True,A,B,3,1,B
9,12334,True,A,B,0,1,A
9,12335,True,A,B,6,1,B
9,12336,True,A,B,0,1,A
9,12337,True,A,B,2,1,A
9,12338,True,B,A,1,1,B
9,12339,True,A,B,10,1,B
9,12340,True,A,B,2,1,B
9,12341,True,A,B,1,2,A
9,12342,True,B,A,6,1,B
9,12343,True,B,A,2,0,B
9,12344,True,B,A,10,1,B
9,12345,True,B,A,1,2,A
9,12346,True,A,B,4,1,B
9,12347,True,A,B,0,1,A
9,12348,True,A,B,3,1,B
9,12349,True,B,A,10,1,B
9,12350,True,B,A,4,1,B
9,12351,True,B,A,1,2,A
9,12352,True,A,B,4,1,B
9,12353,True,B,A,1,2,A
9,12354,True,B,A,2,1,A
9,12355,True,B,A,4,1,B
9,12356,True,B,A,1,1,B
9,12357,True,A,B,3,1,B
9,12358,True,A,B,2,1,B
9,12359,True,B,A,1,2,B
9,12360,True,B,A,1,2,A
9,12361,True,B,A,1,2,A
9,12362,True,B,A,2,1,A
9,12363,True,B,A,3,1,B
9,12364,True,A,B,4,1,B
9,12365,True,A,B,4,1,B
9,12366,True,B,A,2,1,B
9,12367,True,B,A,1,2,A
9,12368,True,A,B,2,1,A
9,12369,True,A,B,0,1,A
9,12370,True,A,B,6,1,B
9,12371,True,A,B,3,1,B
9,12372,True,A,B,1,2,A
9,12373,True,A,B,0,1,A
9,12374,True,B,A,4,1,B
9,12375,True,B,A,10,1,B
9,12376,True,A,B,1,2,A
9,12377,True,B,A,1,2,B
9,12378,True,A,B,1,1,B
9,12379,True,A,B,1,1,A
9,12380,True,B,A,3,1,B
9,12381,False,,,,,
9,12382,True,B,A,1,1,B
9,12383,True,A,B,1,1,A
9,12384,True,A,B,4,1,B
9,12385,True,A,B,1,1,A
9,12386,True,B,A,6,1,B
9,12387,True,A,B,0,1,A
9,12388,True,A,B,3,1,A
9,12389,True,A,B,10,1,B
9,12390,False,,,,,
9,12391,True,B,A,2,0,B
9,12392,False,,,,,
9,12393,True,B,A,0,1,A
9,12394,True,B,A,4,1,B
9,12395,True,A,B,3,1,B
9,12396,True,B,A,0,1,A
9,12397,True,B,A,0,1,A
9,12398,True,A,B,4,1,B
9,12399,True,A,B,1,1,A
9,12400,True,A,B,3,1,A
9,12401,True,B,A,6,1,B
9,12402,True,B,A,1,1,B
9,12403,True,A,B,2,1,B
9,12404,True,B,A,0,1,A
9,12405,True,A,B,2,0,B
9,12406,True,B,A,2,0,B
9,12407,True,B,A,2,1,A
9,12408,True,A,B,4,1,B
9,12409,True,B,A,10,1,B
9,12410,True,A,B,6,1,B
9,12411,True,B,A,2,0,B
9,12412,True,B,A,2,1,A
9,12413,True,A,B,1,2,A
9,12414,True,B,A,1,1,A
9,12415,True,A,B,3,1,B
9,12416,True,B,A,3,1,B
9,12417,True,B,A,1,1,A
9,12418,True,B,A,1,2,A
9,12419,True,A,B,2,0,B
9,12420,True,B,A,1,1,A
9,12421,True,A,B,3,1,B
9,12422,True,B,A,2,1,A
9,12423,True,A,B,10,1,B
9,12424,True,B,A,4,1,B
9,12425,True,B,A,2,0,B
9,12426,True,A,B,2,0,B
9,12427,True,A,B,2,0,B
9,12428,True,A,B,3,1,B
9,12429,True,A,B,3,1,B
9,12430,True,A,B,1,1,A
9,12431,True,A,B,10,1,B
9,12432,True,A,B,6,1,B
9,12433,True,B,A,6,1,B
9,12434,True,A,B,4,1,B
9,12435,True,B,A,1,1,A
9,12436,True,B,A,2,1,B
9,12437,True,A,B,6,1,B
9,12438,True,B,A,1,2,A
9,12439,True,B,A,3,1,B
9,12440,True,A,B,6,1,B
9,12441,True,A,B,2,1,A
9,12442,True,B,A,0,1,A
9,12443,True,A,B,2,1,B
9,12444,True,B,A,2,1,B
9,12445,True,A,B,3,1,B
9,12446,True,A,B,2,0,B
9,12447,True,A,B,3,1,B
9,12448,True,B,A,3,1,B
9,12449,True,B,A,1,1,A
9,12450,True,B,A,10,1,B
