stage,episode,completed,juice_left,juice_right,n_B,n_A,chosen_juice
1,1,True,A,B,3,1,A
1,2,False,,,,,
1,3,False,,,,,
1,4,False,,,,,
1,5,False,,,,,
1,6,False,,,,,
1,7,False,,,,,
1,8,False,,,,,
1,9,False,,,,,
1,10,False,,,,,
1,11,False,,,,,
1,12,False,,,,,
1,13,False,,,,,
1,14,False,,,,,
1,15,False,,,,,
1,16,False,,,,,
1,17,False,,,,,
1,18,False,,,,,
1,19,False,,,,,
1,20,False,,,,,
1,21,False,,,,,
1,22,False,,,,,
1,23,False,,,,,
1,24,False,,,,,
1,25,False,,,,,
1,26,False,,,,,
1,27,False,,,,,
1,28,False,,,,,
1,29,True,A,B,1,1,B
1,30,False,,,,,
1,31,False,,,,,
1,32,False,,,,,
1,33,False,,,,,
1,34,False,,,,,
1,35,False,,,,,
1,36,False,,,,,
1,37,False,,,,,
1,38,False,,,,,
1,39,False,,,,,
1,40,False,,,,,
1,41,False,,,,,
1,42,True,A,B,6,1,B
1,43,False,,,,,
1,44,False,,,,,
1,45,False,,,,,
1,46,False,,,,,
1,47,False,,,,,
1,48,False,,,,,
1,49,True,B,A,10,1,A
1,50,False,,,,,
1,51,False,,,,,
1,52,False,,,,,
1,53,False,,,,,
1,54,False,,,,,
1,55,False,,,,,
1,56,False,,,,,
1,57,False,,,,,
1,58,True,A,B,1,1,B
1,59,False,,,,,
1,60,False,,,,,
1,61,False,,,,,
1,62,False,,,,,
1,63,False,,,,,
1,64,False,,,,,
1,65,False,,,,,
1,66,False,,,,,
1,67,False,,,,,
1,68,False,,,,,
1,69,False,,,,,
1,70,False,,,,,
1,71,False,,,,,
1,72,False,,,,,
1,73,False,,,,,
1,74,False,,,,,
1,75,False,,,,,
1,76,False,,,,,
1,77,False,,,,,
1,78,False,,,,,
1,79,False,,,,,
1,80,False,,,,,
1,81,False,,,,,
1,82,False,,,,,
1,83,False,,,,,
1,84,False,,,,,
1,85,False,,,,,
1,86,True,A,B,6,1,A
1,87,False,,,,,
1,88,False,,,,,
1,89,False,,,,,
1,90,True,B,A,1,1,B
1,91,False,,,,,
1,92,False,,,,,
1,93,False,,,,,
1,94,False,,,,,
1,95,False,,,,,
1,96,False,,,,,
1,97,False,,,,,
1,98,False,,,,,
1,99,False,,,,,
1,100,False,,,,,
1,101,False,,,,,
1,102,False,,,,,
1,103,False,,,,,
1,104,False,,,,,
1,105,False,,,,,
1,106,False,,,,,
1,107,False,,,,,
1,108,False,,,,,
1,109,False,,,,,
1,110,False,,,,,
1,111,False,,,,,
1,112,False,,,,,
1,113,False,,,,,
1,114,True,B,A,4,1,B
1,115,True,A,B,3,1,B
1,116,True,A,B,10,1,A
1,117,False,,,,,
1,118,False,,,,,
1,119,False,,,,,
1,120,False,,,,,
1,121,False,,,,,
1,122,False,,,,,
1,123,True,B,A,1,2,A
1,124,False,,,,,
1,125,False,,,,,
1,126,False,,,,,
1,127,False,,,,,
1,128,False,,,,,
1,129,False,,,,,
1,130,False,,,,,
1,131,False,,,,,
1,132,False,,,,,
1,133,False,,,,,
1,134,False,,,,,
1,135,False,,,,,
1,136,True,A,B,2,1,A
1,137,False,,,,,
1,138,True,B,A,6,1,B
1,139,False,,,,,
1,140,False,,,,,
1,141,False,,,,,
1,142,False,,,,,
1,143,False,,,,,
1,144,False,,,,,
1,145,False,,,,,
1,146,False,,,,,
1,147,False,,,,,
1,148,False,,,,,
1,149,False,,,,,
1,150,False,,,,,
1,151,False,,,,,
1,152,False,,,,,
1,153,False,,,,,
1,154,False,,,,,
1,155,False,,,,,
1,156,False,,,,,
1,157,False,,,,,
1,158,False,,,,,
1,159,False,,,,,
1,160,True,A,B,4,1,A
1,161,False,,,,,
1,162,False,,,,,
1,163,True,B,A,1,2,A
1,164,False,,,,,
1,165,False,,,,,
1,166,False,,,,,
1,167,False,,,,,
1,168,False,,,,,
1,169,False,,,,,
1,170,True,B,A,4,1,A
1,171,False,,,,,
1,172,False,,,,,
1,173,False,,,,,
1,174,False,,,,,
1,175,True,A,B,1,1,B
1,176,False,,,,,
1,177,False,,,,,
1,178,False,,,,,
1,179,False,,,,,
1,180,False,,,,,
1,181,False,,,,,
1,182,True,B,A,6,1,B
1,183,False,,,,,
1,184,True,A,B,3,1,A
1,185,False,,,,,
1,186,False,,,,,
1,187,False,,,,,
1,188,False,,,,,
1,189,False,,,,,
1,190,False,,,,,
1,191,False,,,,,
1,192,False,,,,,
1,193,False,,,,,
1,194,False,,,,,
1,195,False,,,,,
1,196,False,,,,,
1,197,False,,,,,
1,198,False,,,,,
1,199,False,,,,,
1,200,False,,,,,
1,201,False,,,,,
1,202,False,,,,,
1,203,False,,,,,
1,204,False,,,,,
1,205,True,B,A,10,1,A
1,206,False,,,,,
1,207,False,,,,,
1,208,False,,,,,
1,209,False,,,,,
1,210,False,,,,,
1,211,True,A,B,3,1,A
1,212,False,,,,,
1,213,False,,,,,
1,214,False,,,,,
1,215,False,,,,,
1,216,True,B,A,1,1,A
1,217,False,,,,,
1,218,False,,,,,
1,219,True,A,B,10,1,B
1,220,False,,,,,
1,221,False,,,,,
1,222,False,,,,,
1,223,False,,,,,
1,224,False,,,,,
1,225,True,A,B,3,1,A
1,226,False,,,,,
1,227,False,,,,,
1,228,False,,,,,
1,229,False,,,,,
1,230,True,A,B,4,1,B
1,231,True,B,A,1,1,A
1,232,False,,,,,
1,233,False,,,,,
1,234,False,,,,,
1,235,False,,,,,
1,236,False,,,,,
1,237,False,,,,,
1,238,False,,,,,
1,239,True,A,B,2,1,B
1,240,False,,,,,
1,241,False,,,,,
1,242,False,,,,,
1,243,True,A,B,3,1,B
1,244,False,,,,,
1,245,False,,,,,
1,246,False,,,,,
1,247,False,,,,,
1,248,False,,,,,
1,249,False,,,,,
1,250,False,,,,,
1,251,True,A,B,0,1,A
1,252,False,,,,,
1,253,False,,,,,
1,254,False,,,,,
1,255,False,,,,,
1,256,False,,,,,
1,257,False,,,,,
1,258,False,,,,,
1,259,False,,,,,
1,260,True,B,A,2,0,B
1,261,False,,,,,
1,262,False,,,,,
1,263,False,,,,,
1,264,False,,,,,
1,265,True,A,B,3,1,A
1,266,False,,,,,
1,267,False,,,,,
1,268,False,,,,,
1,269,False,,,,,
1,270,False,,,,,
1,271,False,,,,,
1,272,True,B,A,1,2,A
1,273,True,B,A,2,1,B
1,274,False,,,,,
1,275,False,,,,,
1,276,False,,,,,
1,277,True,A,B,1,2,B
1,278,False,,,,,
1,279,True,B,A,6,1,A
1,280,False,,,,,
1,281,False,,,,,
1,282,False,,,,,
1,283,False,,,,,
1,284,False,,,,,
1,285,True,A,B,6,1,A
1,286,True,A,B,4,1,B
1,287,False,,,,,
1,288,False,,,,,
1,289,False,,,,,
1,290,False,,,,,
1,291,False,,,,,
1,292,False,,,,,
1,293,False,,,,,
1,294,False,,,,,
1,295,False,,,,,
1,296,False,,,,,
1,297,False,,,,,
1,298,False,,,,,
1,299,False,,,,,
1,300,True,B,A,1,1,A
1,301,False,,,,,
1,302,False,,,,,
1,303,False,,,,,
1,304,True,A,B,6,1,B
1,305,False,,,,,
1,306,False,,,,,
1,307,False,,,,,
1,308,False,,,,,
1,309,False,,,,,
1,310,False,,,,,
1,311,False,,,,,
1,312,False,,,,,
1,313,False,,,,,
1,314,False,,,,,
1,315,False,,,,,
1,316,False,,,,,
1,317,False,,,,,
1,318,False,,,,,
1,319,False,,,,,
1,320,False,,,,,
1,321,False,,,,,
1,322,False,,,,,
1,323,False,,,,,
1,324,False,,,,,
1,325,True,B,A,1,2,A
1,326,False,,,,,
1,327,False,,,,,
1,328,False,,,,,
1,329,False,,,,,
1,330,False,,,,,
1,331,False,,,,,
1,332,False,,,,,
1,333,False,,,,,
1,334,True,B,A,3,1,B
1,335,False,,,,,
1,336,False,,,,,
1,337,False,,,,,
1,338,False,,,,,
1,339,True,B,A,4,1,A
1,340,False,,,,,
1,341,False,,,,,
1,342,True,A,B,1,1,A
1,343,False,,,,,
1,344,False,,,,,
1,345,False,,,,,
1,346,False,,,,,
1,347,False,,,,,
1,348,False,,,,,
1,349,False,,,,,
1,350,False,,,,,
1,351,False,,,,,
1,352,False,,,,,
1,353,False,,,,,
1,354,False,,,,,
1,355,False,,,,,
1,356,False,,,,,
1,357,False,,,,,
1,358,False,,,,,
1,359,False,,,,,
1,360,False,,,,,
1,361,False,,,,,
1,362,False,,,,,
1,363,False,,,,,
1,364,False,,,,,
1,365,False,,,,,
1,366,True,B,A,1,2,B
1,367,False,,,,,
1,368,False,,,,,
1,369,False,,,,,
1,370,False,,,,,
1,371,False,,,,,
1,372,False,,,,,
1,373,False,,,,,
1,374,True,B,A,1,2,A
1,375,False,,,,,
1,376,False,,,,,
1,377,False,,,,,
1,378,False,,,,,
1,379,False,,,,,
1,380,False,,,,,
1,381,False,,,,,
1,382,False,,,,,
1,383,False,,,,,
1,384,False,,,,,
1,385,False,,,,,
1,386,False,,,,,
1,387,False,,,,,
1,388,False,,,,,
1,389,False,,,,,
1,390,False,,,,,
1,391,False,,,,,
1,392,False,,,,,
1,393,False,,,,,
1,394,False,,,,,
1,395,False,,,,,
1,396,True,A,B,2,1,B
1,397,False,,,,,
1,398,False,,,,,
1,399,False,,,,,
1,400,False,,,,,
1,401,False,,,,,
1,402,False,,,,,
1,403,False,,,,,
1,404,False,,,,,
1,405,False,,,,,
1,406,True,A,B,2,0,B
1,407,False,,,,,
1,408,True,B,A,4,1,A
1,409,True,B,A,1,2,B
1,410,True,B,A,3,1,A
1,411,True,B,A,10,1,B
1,412,True,B,A,6,1,A
1,413,False,,,,,
1,414,False,,,,,
1,415,False,,,,,
1,416,True,A,B,4,1,A
1,417,False,,,,,
1,418,True,B,A,3,1,A
1,419,False,,,,,
1,420,False,,,,,
1,421,False,,,,,
1,422,False,,,,,
1,423,False,,,,,
1,424,True,B,A,0,1,A
1,425,False,,,,,
1,426,True,B,A,1,2,A
1,427,True,A,B,3,1,B
1,428,True,A,B,2,0,B
1,429,False,,,,,
1,430,False,,,,,
1,431,False,,,,,
1,432,False,,,,,
1,433,False,,,,,
1,434,False,,,,,
1,435,True,A,B,6,1,A
1,436,False,,,,,
1,437,True,A,B,10,1,B
1,438,True,A,B,3,1,A
1,439,False,,,,,
1,440,False,,,,,
1,441,False,,,,,
1,442,False,,,,,
1,443,False,,,,,
1,444,False,,,,,
1,445,False,,,,,
1,446,True,A,B,2,1,B
1,447,False,,,,,
1,448,True,A,B,3,1,A
1,449,False,,,,,
1,450,False,,,,,
1,451,False,,,,,
1,452,False,,,,,
1,453,False,,,,,
1,454,False,,,,,
1,455,False,,,,,
1,456,True,A,B,3,1,B
1,457,True,A,B,6,1,A
1,458,False,,,,,
1,459,False,,,,,
1,460,False,,,,,
1,461,False,,,,,
1,462,True,A,B,6,1,B
1,463,True,B,A,10,1,B
1,464,False,,,,,
1,465,True,B,A,4,1,A
1,466,False,,,,,
1,467,False,,,,,
1,468,False,,,,,
1,469,False,,,,,
1,470,False,,,,,
1,471,False,,,,,
1,472,False,,,,,
1,473,False,,,,,
1,474,True,B,A,6,1,A
1,475,False,,,,,
1,476,False,,,,,
1,477,False,,,,,
1,478,False,,,,,
1,479,True,A,B,1,2,B
1,480,False,,,,,
1,481,False,,,,,
1,482,False,,,,,
1,483,True,B,A,1,1,B
1,484,False,,,,,
1,485,False,,,,,
1,486,False,,,,,
1,487,False,,,,,
1,488,False,,,,,
1,489,False,,,,,
1,490,False,,,,,
1,491,False,,,,,
1,492,True,B,A,3,1,A
1,493,False,,,,,
1,494,False,,,,,
1,495,False,,,,,
1,496,True,A,B,10,1,A
1,497,False,,,,,
1,498,False,,,,,
1,499,True,A,B,10,1,B
1,500,False,,,,,
1,501,False,,,,,
1,502,False,,,,,
1,503,False,,,,,
1,504,False,,,,,
1,505,True,A,B,4,1,B
1,506,False,,,,,
1,507,False,,,,,
1,508,False,,,,,
1,509,False,,,,,
1,510,False,,,,,
1,511,True,B,A,3,1,B
1,512,False,,,,,
1,513,False,,,,,
1,514,False,,,,,
1,515,False,,,,,
1,516,True,A,B,2,0,B
1,517,False,,,,,
1,518,False,,,,,
1,519,False,,,,,
1,520,True,B,A,10,1,A
1,521,True,A,B,10,1,B
1,522,True,B,A,10,1,A
1,523,False,,,,,
1,524,True,A,B,1,1,B
1,525,False,,,,,
1,526,False,,,,,
1,527,False,,,,,
1,528,False,,,,,
1,529,False,,,,,
1,530,False,,,,,
1,531,True,A,B,1,1,B
1,532,False,,,,,
1,533,True,A,B,1,2,B
1,534,False,,,,,
1,535,True,A,B,2,1,A
1,536,False,,,,,
1,537,True,B,A,6,1,A
1,538,False,,,,,
1,539,False,,,,,
1,540,False,,,,,
1,541,False,,,,,
1,542,True,B,A,3,1,B
1,543,True,B,A,0,1,A
1,544,False,,,,,
1,545,True,B,A,1,1,A
1,546,False,,,,,
1,547,False,,,,,
1,548,False,,,,,
1,549,False,,,,,
1,550,False,,,,,
1,551,False,,,,,
1,552,True,A,B,4,1,A
1,553,False,,,,,
1,554,True,A,B,6,1,A
1,555,False,,,,,
1,556,False,,,,,
1,557,True,B,A,0,1,A
1,558,False,,,,,
1,559,False,,,,,
1,560,True,B,A,6,1,A
1,561,True,A,B,2,0,B
1,562,False,,,,,
1,563,False,,,,,
1,564,False,,,,,
1,565,False,,,,,
1,566,False,,,,,
1,567,False,,,,,
1,568,True,B,A,3,1,B
1,569,True,A,B,3,1,A
1,570,False,,,,,
1,571,False,,,,,
1,572,True,A,B,6,1,B
1,573,False,,,,,
1,574,False,,,,,
1,575,False,,,,,
1,576,False,,,,,
1,577,False,,,,,
1,578,True,A,B,1,2,A
1,579,False,,,,,
1,580,True,B,A,4,1,A
1,581,False,,,,,
1,582,False,,,,,
1,583,False,,,,,
1,584,True,B,A,1,2,A
1,585,False,,,,,
1,586,False,,,,,
1,587,False,,,,,
1,588,False,,,,,
1,589,False,,,,,
1,590,False,,,,,
1,591,True,B,A,3,1,A
1,592,False,,,,,
1,593,False,,,,,
1,594,True,A,B,1,2,B
1,595,False,,,,,
1,596,False,,,,,
1,597,True,A,B,1,1,B
1,598,False,,,,,
1,599,True,B,A,4,1,A
1,600,False,,,,,
1,601,True,A,B,1,2,A
1,602,False,,,,,
1,603,False,,,,,
1,604,False,,,,,
1,605,True,B,A,3,1,A
1,606,False,,,,,
1,607,False,,,,,
1,608,False,,,,,
1,609,True,B,A,10,1,A
1,610,True,A,B,2,0,B
1,611,False,,,,,
1,612,False,,,,,
1,613,False,,,,,
1,614,True,B,A,4,1,A
1,615,False,,,,,
1,616,True,B,A,2,1,A
1,617,True,B,A,1,1,A
1,618,False,,,,,
1,619,False,,,,,
1,620,False,,,,,
1,621,True,A,B,10,1,A
1,622,False,,,,,
1,623,False,,,,,
1,624,False,,,,,
1,625,False,,,,,
1,626,False,,,,,
1,627,True,B,A,1,1,B
1,628,True,A,B,0,1,A
1,629,False,,,,,
1,630,False,,,,,
1,631,True,A,B,1,1,A
1,632,True,B,A,6,1,A
1,633,True,B,A,1,1,A
1,634,False,,,,,
1,635,False,,,,,
1,636,True,A,B,10,1,B
1,637,True,B,A,2,1,B
1,638,False,,,,,
1,639,False,,,,,
1,640,False,,,,,
1,641,True,B,A,2,1,A
1,642,False,,,,,
1,643,True,A,B,1,1,B
1,644,True,B,A,0,1,A
1,645,False,,,,,
1,646,True,A,B,0,1,A
1,647,False,,,,,
1,648,True,A,B,2,1,A
1,649,True,B,A,10,1,B
1,650,False,,,,,
1,651,True,B,A,1,2,A
1,652,False,,,,,
1,653,False,,,,,
1,654,False,,,,,
1,655,True,A,B,3,1,B
1,656,True,B,A,3,1,B
1,657,False,,,,,
1,658,True,A,B,2,0,B
1,659,False,,,,,
1,660,False,,,,,
1,661,False,,,,,
1,662,True,A,B,6,1,A
1,663,False,,,,,
1,664,True,B,A,3,1,A
1,665,False,,,,,
1,666,True,B,A,3,1,A
1,667,False,,,,,
1,668,False,,,,,
1,669,False,,,,,
1,670,False,,,,,
1,671,True,B,A,6,1,A
1,672,True,B,A,10,1,A
1,673,True,A,B,1,1,B
1,674,False,,,,,
1,675,False,,,,,
1,676,False,,,,,
1,677,False,,,,,
1,678,True,B,A,2,1,B
1,679,True,A,B,2,0,B
1,680,True,B,A,6,1,A
1,681,False,,,,,
1,682,True,A,B,1,1,A
1,683,False,,,,,
1,684,True,B,A,6,1,A
1,685,True,B,A,1,1,A
1,686,False,,,,,
1,687,True,A,B,2,1,B
1,688,False,,,,,
1,689,True,B,A,2,1,B
1,690,False,,,,,
1,691,False,,,,,
1,692,False,,,,,
1,693,False,,,,,
1,694,True,B,A,1,2,B
1,695,True,B,A,2,1,B
1,696,True,B,A,0,1,A
1,697,True,B,A,1,2,A
1,698,True,B,A,10,1,A
1,699,True,B,A,0,1,A
1,700,False,,,,,
1,701,True,A,B,1,1,B
1,702,False,,,,,
1,703,True,B,A,2,1,A
1,704,True,A,B,2,0,B
1,705,True,B,A,1,2,B
1,706,True,A,B,6,1,B
1,707,False,,,,,
1,708,False,,,,,
1,709,True,A,B,6,1,A
1,710,False,,,,,
1,711,True,A,B,3,1,A
1,712,False,,,,,
1,713,False,,,,,
1,714,True,B,A,6,1,B
1,715,True,B,A,3,1,A
1,716,True,B,A,1,2,A
1,717,False,,,,,
1,718,False,,,,,
1,719,True,A,B,10,1,B
1,720,True,A,B,6,1,B
1,721,False,,,,,
1,722,True,A,B,1,2,B
1,723,False,,,,,
1,724,True,B,A,2,1,A
1,725,False,,,,,
1,726,True,A,B,2,0,B
1,727,True,B,A,2,0,B
1,728,True,B,A,2,1,A
1,729,False,,,,,
1,730,False,,,,,
1,731,True,A,B,10,1,B
1,732,True,A,B,1,1,B
1,733,True,A,B,3,1,B
1,734,False,,,,,
1,735,True,A,B,6,1,A
1,736,True,A,B,6,1,A
1,737,True,B,A,6,1,B
1,738,False,,,,,
1,739,False,,,,,
1,740,False,,,,,
1,741,True,B,A,3,1,A
1,742,True,B,A,1,1,B
1,743,True,B,A,1,2,B
1,744,True,B,A,6,1,A
1,745,False,,,,,
1,746,True,A,B,1,2,B
1,747,False,,,,,
1,748,True,A,B,1,2,B
1,749,False,,,,,
1,750,False,,,,,
1,751,True,A,B,4,1,B
1,752,True,A,B,10,1,B
1,753,True,A,B,2,0,B
1,754,True,B,A,4,1,B
1,755,True,A,B,1,1,B
1,756,True,B,A,4,1,A
1,757,True,A,B,1,1,A
1,758,False,,,,,
1,759,True,B,A,4,1,A
1,760,True,B,A,4,1,A
1,761,True,B,A,3,1,A
1,762,True,B,A,0,1,A
1,763,True,A,B,2,1,B
1,764,True,B,A,6,1,A
1,765,True,B,A,1,2,A
1,766,True,A,B,1,1,A
1,767,True,B,A,6,1,A
1,768,True,A,B,1,1,B
1,769,True,B,A,2,0,B
1,770,False,,,,,
1,771,False,,,,,
1,772,False,,,,,
1,773,True,A,B,2,0,B
1,774,False,,,,,
1,775,True,A,B,2,0,B
1,776,True,B,A,4,1,B
1,777,False,,,,,
1,778,False,,,,,
1,779,True,B,A,4,1,A
1,780,False,,,,,
1,781,True,B,A,6,1,A
1,782,False,,,,,
1,783,True,A,B,2,0,B
1,784,True,B,A,1,1,A
1,785,False,,,,,
1,786,True,A,B,1,1,B
1,787,False,,,,,
1,788,True,B,A,2,1,A
1,789,True,A,B,4,1,B
1,790,True,B,A,4,1,A
1,791,True,B,A,2,1,A
1,792,False,,,,,
1,793,True,B,A,0,1,A
1,794,True,A,B,3,1,B
1,795,False,,,,,
1,796,True,A,B,1,2,B
1,797,False,,,,,
1,798,True,A,B,2,1,A
1,799,True,B,A,3,1,A
1,800,True,A,B,10,1,B
1,801,True,B,A,4,1,B
1,802,True,B,A,1,2,A
1,803,True,A,B,1,1,B
1,804,True,A,B,3,1,B
1,805,False,,,,,
1,806,True,B,A,0,1,A
1,807,False,,,,,
1,808,True,A,B,6,1,B
1,809,True,B,A,4,1,A
1,810,True,A,B,6,1,B
1,811,True,A,B,2,0,B
1,812,False,,,,,
1,813,False,,,,,
1,814,True,B,A,1,1,A
1,815,False,,,,,
1,816,True,B,A,6,1,A
1,817,False,,,,,
1,818,False,,,,,
1,819,False,,,,,
1,820,True,B,A,4,1,A
1,821,True,A,B,2,0,B
1,822,True,B,A,2,1,A
1,823,True,B,A,4,1,A
1,824,True,A,B,6,1,B
1,825,True,B,A,0,1,A
1,826,True,A,B,4,1,B
1,827,True,A,B,3,1,B
1,828,True,A,B,3,1,B
1,829,True,B,A,0,1,A
1,830,True,B,A,4,1,B
1,831,True,B,A,0,1,A
1,832,True,A,B,1,2,B
1,833,False,,,,,
1,834,False,,,,,
1,835,False,,,,,
1,836,True,B,A,2,1,A
1,837,True,A,B,1,1,B
1,838,False,,,,,
1,839,True,B,A,6,1,A
1,840,False,,,,,
1,841,True,B,A,1,2,A
1,842,True,A,B,6,1,B
1,843,False,,,,,
1,844,True,A,B,2,1,A
1,845,True,A,B,6,1,B
1,846,True,B,A,2,1,B
1,847,True,A,B,3,1,B
1,848,True,B,A,0,1,A
1,849,True,B,A,10,1,A
1,850,True,B,A,1,1,A
1,851,False,,,,,
1,852,True,B,A,6,1,A
1,853,False,,,,,
1,854,True,B,A,4,1,A
1,855,True,A,B,3,1,B
1,856,True,B,A,6,1,A
1,857,True,A,B,3,1,B
1,858,True,A,B,10,1,B
1,859,True,A,B,2,0,B
1,860,True,A,B,3,1,B
1,861,True,B,A,4,1,A
1,862,False,,,,,
1,863,False,,,,,
1,864,True,A,B,1,1,A
1,865,True,B,A,0,1,A
1,866,True,A,B,2,1,A
1,867,False,,,,,
1,868,True,B,A,0,1,A
1,869,False,,,,,
1,870,False,,,,,
1,871,True,B,A,4,1,A
1,872,False,,,,,
1,873,True,A,B,10,1,B
1,874,True,A,B,3,1,B
1,875,False,,,,,
1,876,True,B,A,2,1,B
1,877,True,A,B,2,1,B
1,878,True,B,A,0,1,A
1,879,True,A,B,2,0,B
1,880,True,B,A,0,1,A
1,881,True,B,A,4,1,A
1,882,True,B,A,1,2,A
1,883,True,A,B,1,1,B
1,884,True,A,B,1,1,A
1,885,True,A,B,2,1,B
1,886,False,,,,,
1,887,False,,,,,
1,888,True,B,A,1,1,A
1,889,True,A,B,10,1,B
1,890,True,A,B,2,1,B
1,891,True,A,B,3,1,B
1,892,False,,,,,
1,893,True,A,B,10,1,B
1,894,True,A,B,2,1,B
1,895,True,A,B,1,2,B
1,896,True,A,B,2,1,B
1,897,True,A,B,1,2,B
1,898,True,A,B,2,1,B
1,899,True,B,A,3,1,A
1,900,True,B,A,2,1,A
1,901,True,A,B,3,1,B
1,902,False,,,,,
1,903,True,B,A,4,1,A
1,904,True,B,A,6,1,A
1,905,True,B,A,1,2,A
1,906,True,B,A,2,1,A
1,907,True,B,A,4,1,A
1,908,True,A,B,1,2,B
1,909,True,A,B,1,2,B
1,910,True,B,A,3,1,A
1,911,True,B,A,4,1,A
1,912,False,,,,,
1,913,True,B,A,4,1,A
1,914,True,B,A,4,1,A
1,915,True,B,A,10,1,A
1,916,True,A,B,4,1,B
1,917,True,A,B,3,1,B
1,918,True,A,B,3,1,B
1,919,True,A,B,2,0,B
1,920,True,A,B,1,1,B
1,921,True,B,A,1,1,A
1,922,True,A,B,1,1,B
1,923,True,A,B,3,1,B
1,924,True,A,B,4,1,B
1,925,True,B,A,1,1,A
1,926,True,B,A,10,1,A
1,927,True,B,A,1,2,A
1,928,True,B,A,1,1,A
1,929,False,,,,,
1,930,True,A,B,1,1,B
1,931,True,B,A,1,2,A
1,932,False,,,,,
1,933,False,,,,,
1,934,True,A,B,4,1,B
1,935,False,,,,,
1,936,False,,,,,
1,937,True,B,A,4,1,B
1,938,True,A,B,1,1,B
1,939,False,,,,,
1,940,True,B,A,2,1,A
1,941,True,A,B,2,1,A
1,942,False,,,,,
1,943,True,B,A,2,1,A
1,944,False,,,,,
1,945,True,A,B,3,1,B
1,946,False,,,,,
1,947,True,A,B,1,1,B
1,948,False,,,,,
1,949,True,B,A,1,1,A
1,950,True,A,B,2,1,B
1,951,True,A,B,3,1,B
1,952,True,B,A,10,1,A
1,953,False,,,,,
1,954,True,B,A,2,1,A
1,955,False,,,,,
1,956,True,B,A,2,1,A
1,957,True,A,B,1,1,B
1,958,True,A,B,2,1,B
1,959,True,A,B,1,1,B
1,960,True,B,A,4,1,A
1,961,False,,,,,
1,962,True,B,A,1,2,A
1,963,True,A,B,2,1,B
1,964,True,A,B,10,1,B
1,965,True,A,B,4,1,A
1,966,False,,,,,
1,967,True,A,B,4,1,B
1,968,False,,,,,
1,969,False,,,,,
1,970,True,B,A,10,1,A
1,971,False,,,,,
1,972,True,B,A,1,2,B
1,973,True,B,A,3,1,A
1,974,True,B,A,1,2,A
1,975,True,B,A,4,1,A
1,976,True,B,A,1,2,A
1,977,True,B,A,1,2,A
1,978,False,,,,,
1,979,True,A,B,4,1,B
1,980,True,A,B,4,1,B
1,981,True,B,A,3,1,B
1,982,True,B,A,10,1,A
1,983,True,B,A,0,1,A
1,984,True,B,A,1,1,A
1,985,True,B,A,0,1,A
1,986,True,A,B,6,1,A
1,987,True,B,A,2,1,A
1,988,True,B,A,4,1,A
1,989,True,B,A,3,1,A
1,990,True,B,A,1,1,A
1,991,True,B,A,1,1,A
1,992,True,B,A,1,2,A
1,993,True,B,A,4,1,A
1,994,True,A,B,6,1,A
1,995,True,B,A,1,1,A
1,996,True,B,A,2,1,A
1,997,True,A,B,2,1,B
1,998,True,A,B,1,2,A
1,999,True,A,B,2,0,B
1,1000,False,,,,,
1,1001,False,,,,,
1,1002,True,A,B,10,1,B
1,1003,True,B,A,0,1,A
1,1004,False,,,,,
1,1005,True,B,A,1,1,A
1,1006,False,,,,,
1,1007,True,B,A,4,1,A
1,1008,True,B,A,2,1,A
1,1009,True,B,A,1,2,A
1,1010,True,B,A,4,1,A
1,1011,True,A,B,1,1,B
1,1012,False,,,,,
1,1013,True,A,B,4,1,A
1,1014,True,B,A,1,1,B
1,1015,True,B,A,10,1,A
1,1016,True,A,B,2,1,B
1,1017,True,A,B,10,1,B
1,1018,True,A,B,2,0,B
1,1019,False,,,,,
1,1020,False,,,,,
1,1021,True,B,A,3,1,A
1,1022,True,A,B,1,1,B
1,1023,True,B,A,1,1,A
1,1024,True,A,B,2,0,B
1,1025,True,B,A,2,1,A
1,1026,True,B,A,10,1,A
1,1027,False,,,,,
1,1028,True,B,A,1,1,A
1,1029,True,B,A,2,1,A
1,1030,True,B,A,1,1,A
1,1031,True,A,B,4,1,B
1,1032,True,A,B,6,1,B
1,1033,False,,,,,
1,1034,True,A,B,10,1,B
1,1035,False,,,,,
1,1036,True,B,A,4,1,A
1,1037,False,,,,,
1,1038,True,A,B,1,2,B
1,1039,True,A,B,2,0,B
1,1040,True,B,A,1,1,A
1,1041,True,B,A,6,1,A
1,1042,True,A,B,10,1,B
1,1043,False,,,,,
1,1044,True,A,B,2,1,B
1,1045,True,B,A,10,1,A
1,1046,True,B,A,3,1,A
1,1047,True,B,A,1,1,A
1,1048,True,B,A,1,1,A
1,1049,True,A,B,2,0,B
1,1050,True,A,B,1,2,B
1,1051,True,A,B,10,1,B
1,1052,True,B,A,10,1,A
1,1053,True,B,A,1,2,A
1,1054,True,B,A,0,1,A
1,1055,True,B,A,3,1,A
1,1056,True,B,A,10,1,A
1,1057,False,,,,,
1,1058,True,A,B,1,1,B
1,1059,False,,,,,
1,1060,True,B,A,10,1,A
1,1061,True,A,B,4,1,B
1,1062,True,A,B,4,1,B
1,1063,True,A,B,2,1,B
1,1064,True,A,B,2,1,B
1,1065,True,B,A,1,1,A
1,1066,False,,,,,
1,1067,True,B,A,0,1,A
1,1068,False,,,,,
1,1069,False,,,,,
1,1070,True,B,A,3,1,A
1,1071,True,B,A,0,1,A
1,1072,True,B,A,10,1,A
1,1073,True,B,A,3,1,A
1,1074,True,B,A,6,1,A
1,1075,True,B,A,3,1,A
1,1076,True,A,B,1,2,B
1,1077,False,,,,,
1,1078,True,B,A,1,1,A
1,1079,True,B,A,1,2,A
1,1080,True,A,B,2,0,B
1,1081,True,B,A,4,1,A
1,1082,False,,,,,
1,1083,True,B,A,4,1,A
1,1084,True,B,A,4,1,A
1,1085,True,B,A,6,1,A
1,1086,True,A,B,1,1,B
1,1087,True,A,B,2,0,B
1,1088,True,A,B,2,1,B
1,1089,True,A,B,4,1,B
1,1090,False,,,,,
1,1091,True,B,A,0,1,A
1,1092,True,B,A,4,1,A
1,1093,True,B,A,6,1,B
1,1094,True,A,B,3,1,B
1,1095,True,A,B,4,1,B
1,1096,True,B,A,6,1,A
1,1097,False,,,,,
1,1098,True,B,A,4,1,A
1,1099,True,A,B,2,1,B
1,1100,True,A,B,4,1,B
1,1101,True,B,A,2,1,A
1,1102,True,B,A,1,2,B
1,1103,True,B,A,0,1,A
1,1104,True,B,A,1,2,A
1,1105,True,B,A,1,1,A
1,1106,True,A,B,2,0,B
1,1107,True,A,B,4,1,B
1,1108,False,,,,,
1,1109,True,B,A,4,1,A
1,1110,True,B,A,2,1,A
1,1111,True,A,B,1,1,B
1,1112,True,A,B,2,0,B
1,1113,True,A,B,1,1,B
1,1114,True,A,B,10,1,B
1,1115,True,A,B,6,1,B
1,1116,True,A,B,4,1,B
1,1117,True,B,A,1,1,A
1,1118,True,A,B,4,1,B
1,1119,True,A,B,2,1,A
1,1120,True,A,B,10,1,B
1,1121,False,,,,,
1,1122,True,A,B,1,1,B
1,1123,True,B,A,1,1,A
1,1124,True,A,B,4,1,B
1,1125,True,A,B,3,1,B
1,1126,True,B,A,1,2,B
1,1127,True,B,A,10,1,A
1,1128,True,A,B,2,0,B
1,1129,False,,,,,
1,1130,True,A,B,2,1,B
1,1131,True,A,B,3,1,B
1,1132,True,A,B,3,1,B
1,1133,True,A,B,1,2,B
1,1134,True,A,B,1,2,B
1,1135,True,B,A,4,1,A
1,1136,True,A,B,10,1,B
1,1137,True,B,A,3,1,A
1,1138,True,A,B,6,1,B
1,1139,True,B,A,4,1,A
1,1140,True,B,A,6,1,A
1,1141,True,B,A,4,1,A
1,1142,True,A,B,2,1,B
1,1143,True,A,B,1,1,B
1,1144,True,A,B,2,1,B
1,1145,True,A,B,2,1,B
1,1146,True,B,A,10,1,A
1,1147,True,B,A,1,2,A
1,1148,True,A,B,1,1,B
1,1149,False,,,,,
1,1150,True,B,A,3,1,A
1,1151,False,,,,,
1,1152,True,A,B,4,1,B
1,1153,True,B,A,4,1,A
1,1154,True,A,B,2,0,B
1,1155,True,B,A,1,1,A
1,1156,True,B,A,0,1,A
1,1157,True,B,A,1,2,A
1,1158,True,A,B,1,2,B
1,1159,True,B,A,1,1,A
1,1160,True,A,B,4,1,B
1,1161,True,A,B,1,1,B
1,1162,True,B,A,0,1,A
1,1163,True,B,A,0,1,A
1,1164,True,B,A,1,2,A
1,1165,True,B,A,1,2,A
1,1166,False,,,,,
1,1167,True,A,B,1,1,B
1,1168,False,,,,,
1,1169,True,B,A,2,1,A
1,1170,True,B,A,10,1,A
1,1171,True,B,A,10,1,A
1,1172,True,A,B,1,2,B
1,1173,True,A,B,4,1,B
1,1174,True,A,B,1,2,B
1,1175,True,B,A,1,2,A
1,1176,True,A,B,1,2,B
1,1177,False,,,,,
1,1178,True,B,A,2,1,A
1,1179,True,A,B,3,1,B
1,1180,True,B,A,0,1,A
1,1181,False,,,,,
1,1182,True,B,A,6,1,A
1,1183,True,A,B,0,1,A
1,1184,True,B,A,10,1,A
1,1185,True,B,A,2,1,A
1,1186,True,B,A,4,1,A
1,1187,True,B,A,10,1,A
1,1188,True,A,B,3,1,B
1,1189,True,A,B,10,1,B
1,1190,True,B,A,3,1,A
1,1191,True,A,B,4,1,B
1,1192,True,B,A,6,1,A
1,1193,True,B,A,10,1,A
1,1194,True,A,B,3,1,B
1,1195,True,A,B,1,2,B
1,1196,True,A,B,10,1,A
1,1197,True,A,B,4,1,B
1,1198,True,B,A,3,1,A
1,1199,True,B,A,1,1,A
1,1200,True,A,B,2,0,B
1,1201,True,A,B,10,1,B
1,1202,True,A,B,10,1,B
1,1203,False,,,,,
1,1204,True,B,A,1,1,A
1,1205,True,A,B,2,0,B
1,1206,True,A,B,3,1,B
1,1207,True,A,B,10,1,B
1,1208,True,B,A,0,1,A
1,1209,False,,,,,
1,1210,True,A,B,6,1,B
1,1211,True,A,B,1,2,B
1,1212,True,B,A,10,1,A
1,1213,True,A,B,10,1,B
1,1214,True,B,A,0,1,A
1,1215,True,A,B,1,1,B
1,1216,True,A,B,1,2,B
1,1217,True,A,B,1,2,B
1,1218,True,B,A,2,1,A
1,1219,True,A,B,2,0,B
1,1220,True,A,B,2,1,B
1,1221,True,A,B,1,2,B
1,1222,True,B,A,6,1,A
1,1223,True,B,A,1,1,A
1,1224,True,B,A,2,1,A
1,1225,True,A,B,3,1,A
1,1226,False,,,,,
1,1227,True,B,A,3,1,A
1,1228,True,B,A,6,1,A
1,1229,True,B,A,1,2,A
1,1230,True,A,B,2,1,B
1,1231,True,A,B,6,1,B
1,1232,True,B,A,4,1,A
1,1233,False,,,,,
1,1234,True,A,B,1,1,B
1,1235,True,A,B,2,1,B
1,1236,True,A,B,4,1,B
1,1237,True,A,B,10,1,B
1,1238,True,B,A,2,1,A
1,1239,True,A,B,3,1,A
1,1240,True,A,B,2,0,B
1,1241,True,B,A,1,2,A
1,1242,True,B,A,0,1,A
1,1243,True,B,A,3,1,A
1,1244,False,,,,,
1,1245,True,A,B,1,1,B
1,1246,True,B,A,0,1,A
1,1247,True,B,A,10,1,A
1,1248,True,A,B,1,1,B
1,1249,True,A,B,10,1,B
1,1250,True,A,B,3,1,B
1,1251,True,B,A,2,1,A
1,1252,True,B,A,1,2,A
1,1253,True,A,B,2,1,B
1,1254,True,B,A,1,2,A
1,1255,True,A,B,10,1,B
1,1256,True,B,A,6,1,A
1,1257,False,,,,,
1,1258,True,B,A,0,1,A
1,1259,True,B,A,1,1,A
1,1260,True,B,A,1,1,A
1,1261,True,A,B,3,1,B
1,1262,True,B,A,6,1,A
1,1263,True,A,B,2,1,A
1,1264,True,B,A,10,1,A
1,1265,True,B,A,3,1,A
1,1266,True,A,B,4,1,B
1,1267,True,A,B,2,0,B
1,1268,True,B,A,0,1,A
1,1269,True,A,B,4,1,B
1,1270,True,B,A,3,1,A
1,1271,True,A,B,3,1,B
1,1272,True,A,B,1,2,B
1,1273,True,B,A,6,1,A
1,1274,False,,,,,
1,1275,False,,,,,
1,1276,True,B,A,10,1,A
1,1277,True,A,B,2,0,B
1,1278,True,A,B,6,1,B
1,1279,True,A,B,6,1,B
1,1280,True,A,B,2,1,B
1,1281,True,A,B,10,1,B
1,1282,True,A,B,3,1,B
1,1283,True,A,B,4,1,B
1,1284,True,A,B,1,2,B
1,1285,False,,,,,
1,1286,True,B,A,4,1,A
1,1287,True,B,A,1,2,A
1,1288,True,B,A,4,1,A
1,1289,True,B,A,1,1,A
1,1290,False,,,,,
1,1291,True,A,B,4,1,B
1,1292,True,A,B,2,1,B
1,1293,True,A,B,3,1,B
1,1294,False,,,,,
1,1295,True,B,A,3,1,A
1,1296,True,A,B,10,1,B
1,1297,True,B,A,2,1,A
1,1298,True,A,B,2,1,B
1,1299,True,A,B,1,2,B
1,1300,True,B,A,6,1,A
1,1301,True,A,B,1,1,B
1,1302,True,A,B,2,0,B
1,1303,True,A,B,4,1,B
1,1304,True,B,A,2,1,A
1,1305,False,,,,,
1,1306,True,B,A,2,1,A
1,1307,True,B,A,1,2,A
1,1308,True,B,A,2,1,A
1,1309,False,,,,,
1,1310,True,B,A,4,1,A
1,1311,True,A,B,1,2,B
1,1312,True,A,B,2,1,B
1,1313,True,A,B,2,0,B
1,1314,False,,,,,
1,1315,True,B,A,0,1,A
1,1316,True,A,B,10,1,B
1,1317,False,,,,,
1,1318,False,,,,,
1,1319,True,A,B,2,1,B
1,1320,True,B,A,2,1,A
1,1321,True,B,A,3,1,A
1,1322,True,B,A,4,1,A
1,1323,True,B,A,3,1,A
1,1324,False,,,,,
1,1325,True,A,B,10,1,B
1,1326,True,A,B,2,1,B
1,1327,True,A,B,4,1,B
1,1328,True,B,A,3,1,A
1,1329,True,A,B,2,1,B
1,1330,True,A,B,2,1,B
1,1331,False,,,,,
1,1332,False,,,,,
1,1333,True,B,A,0,1,A
1,1334,True,A,B,10,1,B
1,1335,True,A,B,2,0,B
1,1336,True,A,B,2,1,B
1,1337,True,A,B,1,2,B
1,1338,True,A,B,1,1,B
1,1339,True,B,A,1,2,A
1,1340,True,B,A,2,1,B
1,1341,True,B,A,0,1,A
1,1342,True,B,A,4,1,A
1,1343,False,,,,,
1,1344,True,B,A,6,1,A
1,1345,True,B,A,3,1,A
1,1346,True,A,B,1,1,B
1,1347,True,B,A,6,1,A
1,1348,True,A,B,2,1,B
1,1349,True,A,B,2,0,B
1,1350,True,A,B,4,1,B
1,1351,False,,,,,
1,1352,True,B,A,6,1,A
1,1353,True,A,B,6,1,B
1,1354,False,,,,,
1,1355,False,,,,,
1,1356,True,A,B,2,0,B
1,1357,False,,,,,
1,1358,False,,,,,
1,1359,True,B,A,0,1,A
1,1360,True,A,B,2,1,B
1,1361,True,B,A,6,1,A
1,1362,False,,,,,
1,1363,True,A,B,3,1,B
1,1364,True,A,B,2,0,B
1,1365,True,A,B,2,1,B
1,1366,True,A,B,2,1,B
1,1367,True,B,A,1,1,A
1,1368,True,A,B,6,1,B
1,1369,True,B,A,0,1,A
1,1370,True,A,B,1,2,B
1,1371,True,A,B,6,1,B
1,1372,True,B,A,1,1,A
1,1373,False,,,,,
1,1374,True,A,B,6,1,B
1,1375,True,A,B,1,2,B
1,1376,True,A,B,4,1,B
1,1377,True,B,A,10,1,A
1,1378,True,B,A,6,1,A
1,1379,True,A,B,10,1,B
1,1380,True,B,A,6,1,A
1,1381,True,B,A,6,1,A
1,1382,True,A,B,6,1,B
1,1383,True,A,B,1,1,B
1,1384,True,B,A,1,2,A
1,1385,True,A,B,6,1,B
1,1386,True,B,A,0,1,A
1,1387,False,,,,,
1,1388,True,A,B,10,1,A
1,1389,False,,,,,
1,1390,True,A,B,4,1,B
1,1391,True,A,B,3,1,A
1,1392,True,B,A,1,1,A
1,1393,True,A,B,6,1,B
1,1394,True,B,A,10,1,A
1,1395,True,A,B,10,1,B
1,1396,True,B,A,0,1,A
1,1397,True,B,A,1,2,A
1,1398,True,B,A,3,1,A
1,1399,True,A,B,1,2,B
1,1400,False,,,,,
1,1401,True,A,B,2,1,B
1,1402,True,B,A,1,2,A
1,1403,True,A,B,10,1,B
1,1404,True,B,A,6,1,A
1,1405,True,B,A,10,1,A
1,1406,True,A,B,10,1,B
1,1407,False,,,,,
1,1408,False,,,,,
1,1409,False,,,,,
1,1410,True,B,A,3,1,A
1,1411,True,A,B,2,0,B
1,1412,True,B,A,4,1,B
1,1413,True,A,B,10,1,B
1,1414,True,B,A,2,1,A
1,1415,True,A,B,4,1,B
1,1416,False,,,,,
1,1417,False,,,,,
1,1418,True,A,B,6,1,B
1,1419,True,A,B,1,1,B
1,1420,True,A,B,1,2,B
1,1421,True,B,A,0,1,A
1,1422,True,A,B,4,1,B
1,1423,True,A,B,10,1,B
1,1424,False,,,,,
1,1425,True,B,A,2,1,A
1,1426,False,,,,,
1,1427,True,B,A,2,1,A
1,1428,True,A,B,6,1,B
1,1429,True,B,A,6,1,A
1,1430,True,B,A,3,1,A
1,1431,True,B,A,4,1,A
1,1432,True,A,B,1,2,B
1,1433,True,B,A,6,1,A
1,1434,True,A,B,6,1,B
1,1435,True,A,B,2,0,B
1,1436,True,A,B,3,1,B
1,1437,True,B,A,10,1,A
1,1438,True,B,A,4,1,A
1,1439,True,B,A,6,1,A
1,1440,True,B,A,3,1,A
1,1441,True,A,B,4,1,B
1,1442,True,A,B,3,1,B
1,1443,True,A,B,1,2,B
1,1444,True,B,A,6,1,A
1,1445,True,A,B,3,1,B
1,1446,True,B,A,10,1,A
1,1447,True,A,B,1,1,B
1,1448,True,B,A,1,2,A
1,1449,True,A,B,1,1,B
1,1450,True,A,B,6,1,B
1,1451,True,A,B,1,1,B
1,1452,True,A,B,1,2,B
1,1453,False,,,,,
1,1454,True,B,A,0,1,A
1,1455,True,A,B,3,1,B
1,1456,True,A,B,2,0,B
1,1457,True,B,A,2,1,A
1,1458,True,B,A,10,1,A
1,1459,True,A,B,4,1,B
1,1460,True,B,A,6,1,B
1,1461,False,,,,,
1,1462,True,A,B,2,1,B
1,1463,False,,,,,
1,1464,True,B,A,6,1,A
1,1465,True,B,A,6,1,A
1,1466,True,B,A,1,1,A
1,1467,False,,,,,
1,1468,True,B,A,4,1,A
1,1469,True,B,A,1,2,A
1,1470,True,B,A,1,1,A
1,1471,False,,,,,
1,1472,True,A,B,10,1,B
1,1473,True,A,B,4,1,B
1,1474,True,A,B,2,1,B
1,1475,True,B,A,1,1,A
1,1476,False,,,,,
1,1477,True,B,A,10,1,A
1,1478,True,B,A,0,1,A
1,1479,False,,,,,
1,1480,True,B,A,2,1,A
1,1481,True,A,B,2,1,B
1,1482,True,B,A,10,1,A
1,1483,True,B,A,6,1,A
1,1484,True,B,A,10,1,A
1,1485,True,B,A,1,2,A
1,1486,True,A,B,1,1,B
1,1487,True,B,A,1,1,A
1,1488,False,,,,,
1,1489,False,,,,,
1,1490,True,A,B,3,1,B
1,1491,True,A,B,10,1,B
1,1492,False,,,,,
1,1493,True,B,A,3,1,A
1,1494,True,B,A,1,2,A
1,1495,True,B,A,10,1,A
1,1496,False,,,,,
1,1497,True,B,A,1,1,A
1,1498,True,A,B,6,1,B
1,1499,True,A,B,3,1,B
1,1500,True,B,A,0,1,A
1,1501,True,B,A,4,1,A
1,1502,True,A,B,2,0,B
1,1503,True,B,A,6,1,A
1,1504,True,A,B,10,1,B
1,1505,True,A,B,6,1,B
1,1506,True,B,A,1,2,A
1,1507,False,,,,,
1,1508,True,B,A,4,1,A
1,1509,True,A,B,6,1,B
1,1510,True,A,B,1,1,B
1,1511,False,,,,,
1,1512,True,B,A,1,1,A
1,1513,True,B,A,3,1,A
1,1514,True,B,A,0,1,A
1,1515,False,,,,,
1,1516,True,B,A,1,1,A
1,1517,True,B,A,1,1,A
1,1518,True,B,A,6,1,A
1,1519,True,A,B,2,0,B
1,1520,True,A,B,6,1,B
1,1521,True,B,A,6,1,A
1,1522,True,B,A,0,1,A
1,1523,True,B,A,1,1,A
1,1524,True,B,A,6,1,A
1,1525,True,B,A,1,2,A
1,1526,True,B,A,0,1,A
1,1527,True,A,B,1,2,B
1,1528,True,B,A,1,1,A
1,1529,True,B,A,2,1,A
1,1530,False,,,,,
1,1531,True,A,B,1,2,B
1,1532,True,A,B,1,2,B
1,1533,True,A,B,1,2,B
1,1534,True,A,B,3,1,B
1,1535,True,B,A,1,1,A
1,1536,True,B,A,1,2,A
1,1537,True,A,B,6,1,B
1,1538,True,A,B,1,1,B
1,1539,True,B,A,1,1,A
1,1540,True,B,A,6,1,A
1,1541,True,A,B,4,1,B
1,1542,False,,,,,
1,1543,True,A,B,3,1,B
1,1544,True,A,B,10,1,B
1,1545,False,,,,,
1,1546,True,A,B,3,1,B
1,1547,True,B,A,3,1,A
1,1548,True,B,A,6,1,A
1,1549,True,A,B,2,1,B
1,1550,True,B,A,1,1,A
1,1551,True,A,B,4,1,B
1,1552,True,B,A,1,2,A
1,1553,True,B,A,1,1,A
1,1554,True,B,A,1,2,A
1,1555,True,B,A,3,1,A
1,1556,True,A,B,4,1,B
1,1557,True,A,B,2,0,B
1,1558,False,,,,,
1,1559,True,A,B,10,1,B
1,1560,True,B,A,1,1,A
1,1561,True,B,A,4,1,A
1,1562,True,B,A,10,1,A
1,1563,True,A,B,3,1,B
1,1564,True,A,B,2,0,B
1,1565,False,,,,,
1,1566,True,B,A,2,1,A
1,1567,True,A,B,2,1,B
1,1568,True,A,B,6,1,B
1,1569,True,B,A,3,1,A
1,1570,True,A,B,10,1,B
1,1571,True,A,B,6,1,B
1,1572,True,B,A,1,2,A
1,1573,True,B,A,1,2,A
1,1574,True,A,B,1,2,B
1,1575,True,B,A,6,1,A
1,1576,True,A,B,1,2,B
1,1577,False,,,,,
1,1578,True,A,B,1,1,B
1,1579,True,A,B,3,1,B
1,1580,True,B,A,4,1,A
1,1581,True,B,A,3,1,A
1,1582,False,,,,,
1,1583,True,A,B,3,1,B
1,1584,False,,,,,
1,1585,True,A,B,4,1,B
1,1586,True,A,B,1,1,B
1,1587,True,A,B,3,1,B
1,1588,False,,,,,
1,1589,True,B,A,4,1,A
1,1590,True,B,A,2,1,A
1,1591,False,,,,,
1,1592,True,B,A,4,1,A
1,1593,True,B,A,6,1,A
1,1594,True,B,A,3,1,A
1,1595,True,B,A,3,1,A
1,1596,True,B,A,1,2,A
1,1597,True,B,A,2,1,A
1,1598,True,B,A,4,1,A
1,1599,True,B,A,0,1,A
1,1600,True,A,B,2,0,B
1,1601,True,A,B,1,1,B
1,1602,True,A,B,2,0,B
1,1603,True,B,A,3,1,A
1,1604,True,B,A,6,1,A
1,1605,True,A,B,1,2,B
1,1606,True,B,A,1,1,A
1,1607,True,A,B,10,1,B
1,1608,True,B,A,10,1,A
1,1609,True,A,B,6,1,B
1,1610,True,A,B,10,1,B
1,1611,True,A,B,3,1,B
1,1612,True,A,B,3,1,B
1,1613,True,B,A,1,1,A
1,1614,False,,,,,
1,1615,True,B,A,10,1,A
1,1616,True,A,B,6,1,B
1,1617,False,,,,,
1,1618,False,,,,,
1,1619,True,B,A,0,1,A
1,1620,False,,,,,
1,1621,True,B,A,10,1,A
1,1622,True,B,A,3,1,A
1,1623,True,A,B,3,1,B
1,1624,True,B,A,4,1,A
1,1625,True,A,B,3,1,B
1,1626,True,B,A,10,1,A
1,1627,True,B,A,1,1,A
1,1628,True,B,A,0,1,A
1,1629,False,,,,,
1,1630,True,B,A,0,1,A
1,1631,True,B,A,0,1,A
1,1632,True,B,A,1,2,A
1,1633,True,B,A,1,1,A
1,1634,False,,,,,
1,1635,True,A,B,4,1,B
1,1636,True,B,A,2,1,A
1,1637,False,,,,,
1,1638,True,B,A,0,1,A
1,1639,True,B,A,0,1,A
1,1640,True,A,B,3,1,B
1,1641,True,A,B,6,1,B
1,1642,True,B,A,1,1,A
1,1643,False,,,,,
1,1644,True,B,A,6,1,A
1,1645,True,A,B,6,1,A
1,1646,True,B,A,6,1,A
1,1647,True,A,B,2,1,B
1,1648,True,B,A,6,1,A
1,1649,True,B,A,2,1,A
1,1650,True,A,B,4,1,B
1,1651,True,B,A,1,1,A
1,1652,True,A,B,2,0,B
1,1653,True,B,A,1,2,A
1,1654,True,B,A,6,1,A
1,1655,True,A,B,3,1,B
1,1656,True,A,B,3,1,B
1,1657,True,A,B,3,1,B
1,1658,True,A,B,1,1,B
1,1659,True,B,A,10,1,A
1,1660,True,B,A,3,1,A
1,1661,True,A,B,3,1,B
1,1662,True,A,B,10,1,B
1,1663,True,A,B,3,1,B
1,1664,True,A,B,1,1,B
1,1665,True,A,B,6,1,B
1,1666,True,A,B,2,0,B
1,1667,True,B,A,0,1,A
1,1668,True,B,A,4,1,A
1,1669,True,A,B,3,1,B
1,1670,True,A,B,2,1,B
1,1671,True,A,B,1,1,B
1,1672,False,,,,,
1,1673,True,A,B,2,1,B
1,1674,True,B,A,0,1,A
1,1675,True,A,B,2,0,B
1,1676,True,B,A,1,1,A
1,1677,True,A,B,6,1,B
1,1678,True,B,A,2,1,A
1,1679,True,A,B,2,1,B
1,1680,True,A,B,10,1,B
1,1681,True,B,A,3,1,A
1,1682,True,A,B,2,0,B
1,1683,False,,,,,
1,1684,True,A,B,3,1,B
1,1685,True,B,A,1,1,A
1,1686,True,B,A,4,1,A
1,1687,False,,,,,
1,1688,True,A,B,2,1,B
1,1689,True,A,B,1,2,B
1,1690,True,A,B,3,1,B
1,1691,True,A,B,4,1,B
1,1692,True,A,B,1,1,B
1,1693,True,A,B,2,1,B
1,1694,True,B,A,3,1,A
1,1695,True,B,A,2,1,A
1,1696,True,B,A,6,1,A
1,1697,False,,,,,
1,1698,True,A,B,10,1,B
1,1699,True,B,A,3,1,A
1,1700,True,B,A,6,1,A
1,1701,True,B,A,2,1,A
1,1702,True,B,A,3,1,B
1,1703,True,B,A,10,1,A
1,1704,True,A,B,4,1,B
1,1705,True,A,B,6,1,B
1,1706,True,A,B,1,2,B
1,1707,True,B,A,1,2,A
1,1708,True,B,A,2,1,A
1,1709,True,B,A,3,1,A
1,1710,True,A,B,3,1,B
1,1711,True,B,A,0,1,A
1,1712,True,B,A,6,1,A
1,1713,True,B,A,6,1,A
1,1714,True,B,A,10,1,A
1,1715,True,A,B,6,1,B
1,1716,True,B,A,3,1,A
1,1717,True,A,B,1,2,B
1,1718,True,A,B,4,1,B
1,1719,True,B,A,6,1,A
1,1720,True,B,A,1,2,A
1,1721,False,,,,,
1,1722,True,B,A,2,1,A
1,1723,True,A,B,2,1,B
1,1724,True,B,A,6,1,A
1,1725,True,A,B,1,1,B
1,1726,True,A,B,1,2,B
1,1727,True,B,A,4,1,A
1,1728,True,B,A,1,1,A
1,1729,True,B,A,10,1,A
1,1730,False,,,,,
1,1731,True,A,B,2,1,B
1,1732,True,A,B,1,2,B
1,1733,False,,,,,
1,1734,False,,,,,
1,1735,True,B,A,3,1,A
1,1736,False,,,,,
1,1737,True,B,A,1,1,A
1,1738,True,A,B,1,2,B
1,1739,True,A,B,6,1,B
1,1740,True,B,A,1,1,A
1,1741,True,A,B,2,1,B
1,1742,True,A,B,6,1,B
1,1743,True,A,B,6,1,B
1,1744,True,B,A,1,1,A
1,1745,True,A,B,10,1,B
1,1746,True,A,B,2,1,B
1,1747,True,A,B,1,1,B
1,1748,True,A,B,2,1,B
1,1749,True,A,B,2,0,B
1,1750,True,B,A,1,2,A
1,1751,True,B,A,1,2,A
1,1752,False,,,,,
1,1753,True,B,A,1,1,A
1,1754,True,B,A,6,1,A
1,1755,True,A,B,1,1,B
1,1756,True,A,B,6,1,B
1,1757,True,B,A,4,1,A
1,1758,True,A,B,10,1,B
1,1759,True,B,A,4,1,A
1,1760,False,,,,,
1,1761,True,A,B,4,1,B
1,1762,False,,,,,
1,1763,True,B,A,4,1,A
1,1764,True,B,A,1,1,A
1,1765,True,B,A,2,1,A
1,1766,False,,,,,
1,1767,True,B,A,2,1,A
1,1768,True,A,B,2,1,B
1,1769,True,B,A,1,2,A
1,1770,True,A,B,2,1,B
1,1771,False,,,,,
1,1772,True,A,B,3,1,B
1,1773,True,B,A,0,1,A
1,1774,True,B,A,2,1,A
1,1775,True,A,B,3,1,B
1,1776,True,B,A,2,1,A
1,1777,True,B,A,0,1,A
1,1778,True,B,A,4,1,A
1,1779,True,B,A,2,1,A
1,1780,True,A,B,1,1,B
1,1781,True,A,B,6,1,B
1,1782,False,,,,,
1,1783,True,B,A,10,1,A
1,1784,False,,,,,
1,1785,True,B,A,0,1,A
1,1786,True,B,A,6,1,A
1,1787,True,A,B,2,0,B
1,1788,True,A,B,2,0,B
1,1789,True,A,B,2,1,B
1,1790,True,B,A,0,1,A
1,1791,True,A,B,10,1,B
1,1792,True,A,B,10,1,B
1,1793,True,A,B,1,1,B
1,1794,False,,,,,
1,1795,True,B,A,1,2,A
1,1796,True,A,B,1,2,B
1,1797,True,B,A,10,1,A
1,1798,True,B,A,2,1,A
1,1799,True,A,B,2,0,B
1,1800,True,B,A,2,1,A
1,1801,True,B,A,2,1,A
1,1802,True,A,B,2,1,B
1,1803,True,A,B,2,0,B
1,1804,True,B,A,3,1,A
1,1805,False,,,,,
1,1806,True,A,B,2,1,B
1,1807,True,B,A,1,2,A
1,1808,False,,,,,
1,1809,True,B,A,1,2,A
1,1810,True,A,B,10,1,B
1,1811,True,A,B,6,1,B
1,1812,True,A,B,2,0,B
1,1813,True,A,B,1,1,B
1,1814,True,B,A,4,1,A
1,1815,True,B,A,2,1,A
1,1816,True,B,A,10,1,A
1,1817,True,A,B,6,1,B
1,1818,True,B,A,0,1,A
1,1819,True,B,A,2,1,A
1,1820,True,B,A,4,1,A
1,1821,True,A,B,1,2,B
1,1822,True,B,A,6,1,A
1,1823,True,B,A,1,1,A
1,1824,True,B,A,2,1,A
1,1825,True,B,A,4,1,A
1,1826,False,,,,,
1,1827,False,,,,,
1,1828,True,A,B,10,1,B
1,1829,True,B,A,0,1,A
1,1830,False,,,,,
1,1831,True,B,A,1,2,A
1,1832,False,,,,,
1,1833,True,A,B,6,1,B
1,1834,True,B,A,3,1,A
1,1835,True,B,A,0,1,A
1,1836,True,B,A,1,2,A
1,1837,True,B,A,6,1,A
1,1838,True,A,B,2,1,B
1,1839,True,B,A,3,1,A
1,1840,False,,,,,
1,1841,True,A,B,10,1,B
1,1842,True,A,B,4,1,B
1,1843,True,A,B,2,1,B
1,1844,True,A,B,1,1,B
1,1845,True,B,A,1,1,A
1,1846,True,B,A,2,1,A
1,1847,True,A,B,1,1,B
1,1848,True,A,B,1,1,B
1,1849,True,A,B,3,1,B
1,1850,True,B,A,4,1,A
1,1851,True,A,B,1,1,B
1,1852,True,A,B,1,2,B
1,1853,True,B,A,6,1,A
1,1854,True,B,A,3,1,A
1,1855,True,A,B,6,1,B
1,1856,True,B,A,4,1,A
1,1857,True,B,A,4,1,A
1,1858,True,B,A,10,1,A
1,1859,True,A,B,3,1,B
1,1860,True,A,B,3,1,B
1,1861,False,,,,,
1,1862,True,B,A,0,1,A
1,1863,True,A,B,1,2,B
1,1864,True,B,A,0,1,A
1,1865,True,A,B,1,1,B
1,1866,True,B,A,6,1,A
1,1867,True,A,B,3,1,B
1,1868,True,A,B,2,1,B
1,1869,True,A,B,1,2,B
1,1870,True,B,A,4,1,A
1,1871,True,A,B,1,2,B
1,1872,True,A,B,2,1,B
1,1873,False,,,,,
1,1874,True,B,A,1,2,A
1,1875,True,B,A,4,1,A
1,1876,True,A,B,1,1,B
1,1877,True,A,B,4,1,B
1,1878,True,A,B,10,1,B
1,1879,True,A,B,10,1,B
1,1880,True,B,A,2,1,A
1,1881,True,A,B,1,2,B
1,1882,True,B,A,4,1,A
1,1883,True,B,A,4,1,A
1,1884,True,B,A,6,1,A
1,1885,True,A,B,2,1,B
1,1886,True,B,A,4,1,A
1,1887,True,B,A,4,1,A
1,1888,True,A,B,10,1,B
1,1889,True,B,A,0,1,A
1,1890,True,A,B,3,1,B
1,1891,True,B,A,1,1,A
1,1892,True,A,B,3,1,B
1,1893,True,A,B,1,1,B
1,1894,True,B,A,0,1,A
1,1895,True,A,B,3,1,B
1,1896,True,A,B,1,1,B
1,1897,True,B,A,2,1,A
1,1898,True,B,A,6,1,A
1,1899,True,A,B,1,1,B
1,1900,True,B,A,4,1,A
1,1901,True,B,A,6,1,A
1,1902,True,A,B,6,1,B
1,1903,True,A,B,2,0,B
1,1904,True,A,B,6,1,B
1,1905,True,B,A,1,2,A
1,1906,False,,,,,
1,1907,False,,,,,
1,1908,True,A,B,2,1,B
1,1909,True,A,B,4,1,B
1,1910,True,A,B,2,1,B
1,1911,False,,,,,
1,1912,True,B,A,1,1,A
1,1913,False,,,,,
1,1914,True,A,B,2,0,B
1,1915,True,A,B,1,1,B
1,1916,False,,,,,
1,1917,True,A,B,2,0,B
1,1918,True,B,A,2,1,A
1,1919,True,B,A,4,1,A
1,1920,True,A,B,1,2,B
1,1921,True,B,A,6,1,A
1,1922,True,B,A,0,1,A
1,1923,True,A,B,10,1,B
1,1924,True,A,B,4,1,B
1,1925,True,B,A,3,1,A
1,1926,True,B,A,3,1,A
1,1927,True,B,A,10,1,A
1,1928,True,B,A,1,2,A
1,1929,True,A,B,1,2,B
1,1930,True,B,A,1,2,A
1,1931,True,A,B,1,2,B
1,1932,True,A,B,2,1,B
1,1933,True,B,A,1,2,A
1,1934,True,A,B,4,1,B
1,1935,True,A,B,3,1,B
1,1936,True,B,A,10,1,A
1,1937,False,,,,,
1,1938,True,A,B,10,1,B
1,1939,True,B,A,1,2,A
1,1940,True,A,B,1,2,B
1,1941,True,B,A,10,1,A
1,1942,True,A,B,3,1,B
1,1943,True,B,A,1,1,A
1,1944,True,B,A,6,1,A
1,1945,True,B,A,2,1,A
1,1946,False,,,,,
1,1947,True,A,B,3,1,B
1,1948,True,B,A,10,1,A
1,1949,True,B,A,4,1,A
1,1950,True,A,B,1,2,B
1,1951,True,A,B,10,1,B
1,1952,True,B,A,2,1,A
1,1953,True,B,A,0,1,A
1,1954,True,A,B,6,1,B
1,1955,True,B,A,4,1,A
1,1956,True,A,B,1,2,B
1,1957,False,,,,,
1,1958,True,A,B,2,0,B
1,1959,True,B,A,3,1,A
1,1960,True,B,A,10,1,A
1,1961,False,,,,,
1,1962,True,B,A,6,1,A
1,1963,True,B,A,6,1,A
1,1964,True,B,A,2,1,A
1,1965,True,B,A,2,1,A
1,1966,True,B,A,10,1,A
1,1967,True,B,A,6,1,A
1,1968,True,B,A,3,1,A
1,1969,True,B,A,1,2,A
1,1970,True,A,B,4,1,B
1,1971,True,B,A,3,1,A
1,1972,True,A,B,2,0,B
1,1973,True,B,A,2,1,A
1,1974,True,A,B,1,1,B
1,1975,True,B,A,2,1,A
1,1976,True,B,A,0,1,A
1,1977,True,B,A,6,1,A
1,1978,True,A,B,1,1,B
1,1979,True,A,B,1,2,B
1,1980,True,A,B,10,1,B
1,1981,True,B,A,2,1,A
1,1982,True,B,A,6,1,A
1,1983,True,B,A,0,1,A
1,1984,True,B,A,1,1,A
1,1985,True,A,B,6,1,B
1,1986,True,B,A,3,1,A
1,1987,False,,,,,
1,1988,True,A,B,1,1,B
1,1989,True,A,B,1,1,B
1,1990,True,B,A,6,1,A
1,1991,False,,,,,
1,1992,True,B,A,4,1,A
1,1993,True,B,A,0,1,A
1,1994,True,B,A,10,1,A
1,1995,True,A,B,4,1,B
1,1996,False,,,,,
1,1997,True,A,B,3,1,B
1,1998,True,B,A,1,1,A
1,1999,False,,,,,
1,2000,False,,,,,
1,2001,False,,,,,
1,2002,True,A,B,1,1,B
1,2003,True,B,A,4,1,A
1,2004,True,B,A,10,1,A
1,2005,True,A,B,3,1,B
1,2006,True,A,B,3,1,B
1,2007,True,A,B,2,0,B
1,2008,True,A,B,6,1,B
1,2009,True,B,A,0,1,A
1,2010,True,B,A,1,2,A
1,2011,False,,,,,
1,2012,True,B,A,1,2,A
1,2013,True,B,A,2,1,A
1,2014,True,B,A,0,1,A
1,2015,True,B,A,10,1,A
1,2016,True,B,A,2,1,A
1,2017,True,A,B,1,1,B
1,2018,True,B,A,10,1,A
1,2019,True,B,A,6,1,A
1,2020,True,A,B,6,1,B
1,2021,False,,,,,
1,2022,True,B,A,1,2,A
1,2023,True,A,B,6,1,B
1,2024,True,A,B,4,1,B
1,2025,True,A,B,1,2,B
1,2026,True,B,A,4,1,A
1,2027,True,A,B,4,1,B
1,2028,True,A,B,2,1,B
1,2029,True,B,A,1,1,A
1,2030,True,A,B,4,1,B
1,2031,True,A,B,2,1,B
1,2032,False,,,,,
1,2033,True,A,B,10,1,B
1,2034,False,,,,,
1,2035,True,B,A,6,1,A
1,2036,False,,,,,
1,2037,True,B,A,1,1,A
1,2038,False,,,,,
1,2039,True,A,B,3,1,B
1,2040,True,A,B,1,1,B
1,2041,True,A,B,1,1,B
1,2042,True,A,B,10,1,B
1,2043,True,A,B,1,2,B
1,2044,False,,,,,
1,2045,True,B,A,6,1,A
1,2046,False,,,,,
1,2047,True,B,A,10,1,A
1,2048,True,B,A,10,1,A
1,2049,True,A,B,2,1,B
1,2050,True,B,A,0,1,A
1,2051,True,B,A,1,1,A
1,2052,True,B,A,2,1,A
1,2053,True,A,B,6,1,B
1,2054,True,B,A,0,1,A
1,2055,True,B,A,2,1,A
1,2056,True,A,B,3,1,B
1,2057,True,B,A,4,1,A
1,2058,True,A,B,1,2,B
1,2059,True,B,A,1,2,A
1,2060,False,,,,,
1,2061,True,A,B,1,2,B
1,2062,True,A,B,1,1,B
1,2063,True,B,A,0,1,A
1,2064,True,A,B,6,1,B
1,2065,True,B,A,3,1,A
1,2066,True,B,A,2,1,A
1,2067,True,A,B,6,1,B
1,2068,True,A,B,4,1,B
1,2069,True,A,B,6,1,B
1,2070,True,B,A,4,1,A
1,2071,False,,,,,
1,2072,True,A,B,1,1,B
1,2073,True,B,A,2,1,A
1,2074,True,A,B,1,2,B
1,2075,True,A,B,10,1,B
1,2076,True,A,B,4,1,B
1,2077,True,B,A,3,1,A
1,2078,True,A,B,10,1,B
1,2079,False,,,,,
1,2080,True,B,A,1,1,A
1,2081,True,A,B,4,1,B
1,2082,True,A,B,1,1,B
1,2083,True,B,A,1,2,A
1,2084,True,A,B,3,1,B
1,2085,True,B,A,10,1,A
1,2086,True,A,B,1,2,B
1,2087,True,A,B,3,1,B
1,2088,True,A,B,2,1,B
1,2089,True,A,B,1,1,B
1,2090,True,A,B,10,1,B
1,2091,False,,,,,
1,2092,True,A,B,4,1,B
1,2093,True,A,B,3,1,B
1,2094,True,A,B,1,2,B
1,2095,True,B,A,2,1,A
1,2096,True,B,A,3,1,A
1,2097,True,A,B,3,1,B
1,2098,True,A,B,3,1,B
1,2099,True,A,B,3,1,B
1,2100,True,A,B,2,1,B
1,2101,True,B,A,6,1,A
1,2102,True,A,B,0,1,A
1,2103,True,B,A,10,1,A
1,2104,True,A,B,3,1,B
1,2105,True,B,A,10,1,A
1,2106,True,B,A,1,1,A
1,2107,True,A,B,10,1,B
1,2108,True,A,B,2,0,B
1,2109,True,A,B,1,1,B
1,2110,True,B,A,2,1,A
1,2111,True,B,A,10,1,A
1,2112,False,,,,,
1,2113,True,A,B,1,2,B
1,2114,False,,,,,
1,2115,True,A,B,2,1,A
1,2116,True,B,A,4,1,A
1,2117,True,B,A,10,1,A
1,2118,True,B,A,10,1,A
1,2119,True,B,A,4,1,A
1,2120,True,A,B,2,1,B
1,2121,True,B,A,1,1,A
1,2122,True,A,B,6,1,B
1,2123,True,A,B,4,1,B
1,2124,False,,,,,
1,2125,True,A,B,2,1,B
1,2126,True,B,A,2,1,A
1,2127,True,B,A,3,1,A
1,2128,True,B,A,2,1,A
1,2129,True,A,B,2,1,B
1,2130,True,B,A,3,1,A
1,2131,True,A,B,1,2,B
1,2132,True,A,B,4,1,B
1,2133,True,A,B,6,1,B
1,2134,True,B,A,10,1,A
1,2135,True,A,B,2,1,B
1,2136,True,B,A,0,1,A
1,2137,True,A,B,2,1,B
1,2138,True,A,B,2,1,B
1,2139,True,B,A,1,1,A
1,2140,True,B,A,6,1,A
1,2141,True,B,A,1,2,A
1,2142,True,A,B,2,0,B
1,2143,True,B,A,4,1,A
1,2144,True,B,A,4,1,A
1,2145,True,B,A,4,1,A
1,2146,True,A,B,1,2,B
1,2147,True,B,A,3,1,A
1,2148,True,B,A,0,1,A
1,2149,True,B,A,3,1,A
1,2150,True,A,B,10,1,B
1,2151,True,B,A,6,1,A
1,2152,False,,,,,
1,2153,True,A,B,1,1,B
1,2154,True,A,B,6,1,B
1,2155,True,B,A,2,1,A
1,2156,True,B,A,2,1,A
1,2157,True,A,B,1,1,B
1,2158,True,B,A,6,1,A
1,2159,True,B,A,1,1,A
1,2160,True,A,B,3,1,B
1,2161,True,A,B,3,1,B
1,2162,True,A,B,10,1,B
1,2163,True,B,A,0,1,A
1,2164,True,A,B,3,1,B
1,2165,True,A,B,1,1,B
1,2166,True,B,A,0,1,A
1,2167,False,,,,,
1,2168,False,,,,,
1,2169,True,A,B,6,1,B
1,2170,True,A,B,3,1,B
1,2171,True,B,A,10,1,A
1,2172,True,A,B,2,0,B
1,2173,True,B,A,6,1,A
1,2174,True,A,B,3,1,B
1,2175,True,A,B,3,1,B
1,2176,True,B,A,4,1,A
1,2177,True,A,B,1,1,B
1,2178,False,,,,,
1,2179,True,B,A,1,2,A
1,2180,True,A,B,3,1,B
1,2181,False,,,,,
1,2182,True,A,B,1,2,B
1,2183,False,,,,,
1,2184,True,A,B,6,1,B
1,2185,True,B,A,1,1,A
1,2186,True,B,A,6,1,A
1,2187,True,B,A,3,1,A
1,2188,False,,,,,
1,2189,True,A,B,2,0,B
1,2190,False,,,,,
1,2191,True,A,B,2,1,B
1,2192,True,B,A,10,1,A
1,2193,True,A,B,1,1,B
1,2194,True,A,B,6,1,B
1,2195,True,A,B,1,2,B
1,2196,True,B,A,3,1,A
1,2197,True,B,A,4,1,A
1,2198,True,B,A,3,1,A
1,2199,True,B,A,6,1,A
1,2200,True,B,A,10,1,A
1,2201,True,B,A,4,1,A
1,2202,True,B,A,1,1,A
1,2203,True,A,B,10,1,B
1,2204,True,B,A,3,1,A
1,2205,True,B,A,10,1,A
1,2206,True,A,B,3,1,B
1,2207,True,B,A,4,1,A
1,2208,True,B,A,1,1,A
1,2209,True,B,A,1,1,A
1,2210,True,B,A,1,1,A
1,2211,True,A,B,4,1,B
1,2212,True,A,B,2,0,B
1,2213,True,B,A,1,1,A
1,2214,True,B,A,6,1,A
1,2215,True,B,A,3,1,A
1,2216,False,,,,,
1,2217,True,B,A,4,1,A
1,2218,True,A,B,3,1,B
1,2219,True,B,A,6,1,A
1,2220,True,B,A,0,1,A
1,2221,True,B,A,3,1,A
1,2222,False,,,,,
1,2223,True,A,B,4,1,B
1,2224,True,A,B,2,1,B
1,2225,True,B,A,1,2,A
1,2226,True,A,B,4,1,B
1,2227,True,A,B,10,1,B
1,2228,False,,,,,
1,2229,True,A,B,10,1,B
1,2230,False,,,,,
1,2231,True,A,B,6,1,B
1,2232,True,B,A,3,1,A
1,2233,True,B,A,3,1,A
1,2234,True,A,B,6,1,A
1,2235,True,A,B,2,1,B
1,2236,True,A,B,4,1,B
1,2237,True,B,A,3,1,A
1,2238,True,A,B,3,1,B
1,2239,True,B,A,4,1,A
1,2240,True,B,A,4,1,A
1,2241,True,B,A,1,2,A
1,2242,True,B,A,0,1,A
1,2243,True,B,A,2,1,A
1,2244,True,A,B,3,1,B
1,2245,True,A,B,3,1,B
1,2246,True,B,A,1,2,A
1,2247,True,B,A,10,1,A
1,2248,False,,,,,
1,2249,True,B,A,4,1,A
1,2250,True,A,B,10,1,B
1,2251,True,A,B,1,2,B
1,2252,True,B,A,10,1,A
1,2253,True,B,A,0,1,A
1,2254,True,B,A,2,1,A
1,2255,False,,,,,
1,2256,True,A,B,2,1,B
1,2257,True,B,A,1,1,A
1,2258,True,B,A,4,1,A
1,2259,True,A,B,2,1,B
1,2260,True,A,B,10,1,B
1,2261,True,B,A,10,1,A
1,2262,True,B,A,10,1,A
1,2263,True,B,A,6,1,A
1,2264,True,B,A,1,2,A
1,2265,True,A,B,4,1,B
1,2266,True,A,B,4,1,B
1,2267,True,A,B,6,1,B
1,2268,True,B,A,4,1,A
1,2269,True,A,B,2,1,B
1,2270,True,A,B,3,1,B
1,2271,True,B,A,10,1,A
1,2272,True,B,A,4,1,A
1,2273,False,,,,,
1,2274,True,A,B,10,1,B
1,2275,False,,,,,
1,2276,True,A,B,1,1,B
1,2277,True,B,A,1,2,A
1,2278,True,A,B,6,1,B
1,2279,True,A,B,6,1,B
1,2280,True,A,B,1,1,B
1,2281,True,A,B,2,0,B
1,2282,True,A,B,1,2,B
1,2283,True,A,B,4,1,B
1,2284,True,A,B,2,0,B
1,2285,True,B,A,6,1,A
1,2286,True,B,A,1,2,A
1,2287,True,B,A,10,1,A
1,2288,True,B,A,6,1,A
1,2289,True,B,A,6,1,A
1,2290,True,A,B,10,1,B
1,2291,True,B,A,6,1,A
1,2292,True,A,B,4,1,B
1,2293,True,B,A,1,1,A
1,2294,True,B,A,0,1,A
1,2295,True,A,B,1,1,B
1,2296,False,,,,,
1,2297,True,B,A,4,1,A
1,2298,True,A,B,1,1,B
1,2299,True,B,A,10,1,A
1,2300,True,A,B,6,1,B
1,2301,True,B,A,1,2,A
1,2302,True,B,A,0,1,A
1,2303,True,A,B,1,1,B
1,2304,True,A,B,2,0,B
1,2305,True,B,A,6,1,A
1,2306,True,B,A,1,1,A
1,2307,True,B,A,1,1,A
1,2308,True,A,B,2,0,B
1,2309,True,A,B,1,1,B
1,2310,True,A,B,2,1,B
1,2311,True,A,B,2,1,B
1,2312,False,,,,,
1,2313,True,B,A,4,1,A
1,2314,True,B,A,6,1,A
1,2315,True,A,B,6,1,B
1,2316,True,A,B,6,1,B
1,2317,True,B,A,0,1,A
1,2318,True,B,A,1,2,A
1,2319,True,A,B,6,1,B
1,2320,True,B,A,1,1,A
1,2321,False,,,,,
1,2322,True,B,A,3,1,A
1,2323,True,A,B,1,2,B
1,2324,True,B,A,6,1,A
1,2325,True,B,A,4,1,B
1,2326,False,,,,,
1,2327,True,B,A,10,1,A
1,2328,False,,,,,
1,2329,False,,,,,
1,2330,True,B,A,4,1,A
1,2331,True,A,B,1,2,B
1,2332,False,,,,,
1,2333,True,A,B,1,1,B
1,2334,True,B,A,1,2,A
1,2335,True,A,B,1,1,B
1,2336,True,B,A,1,2,A
1,2337,True,A,B,3,1,B
1,2338,True,B,A,4,1,A
1,2339,True,A,B,2,1,B
1,2340,False,,,,,
1,2341,False,,,,,
1,2342,True,B,A,3,1,A
1,2343,False,,,,,
1,2344,True,B,A,10,1,A
1,2345,True,A,B,2,1,B
1,2346,True,A,B,1,1,B
1,2347,True,B,A,1,2,A
1,2348,True,B,A,1,1,A
1,2349,True,B,A,3,1,A
1,2350,True,A,B,10,1,B
1,2351,True,B,A,1,2,A
1,2352,True,B,A,4,1,A
1,2353,False,,,,,
1,2354,True,A,B,10,1,B
1,2355,True,A,B,3,1,B
1,2356,True,B,A,1,1,A
1,2357,True,B,A,4,1,A
1,2358,True,B,A,0,1,A
1,2359,True,A,B,2,1,B
1,2360,True,B,A,2,1,A
1,2361,False,,,,,
1,2362,True,A,B,10,1,B
1,2363,True,B,A,2,1,A
1,2364,True,A,B,1,2,B
1,2365,True,A,B,2,1,B
1,2366,False,,,,,
1,2367,True,B,A,1,1,A
1,2368,True,A,B,10,1,B
1,2369,True,B,A,0,1,A
1,2370,False,,,,,
1,2371,True,B,A,3,1,A
1,2372,True,A,B,2,0,B
1,2373,False,,,,,
1,2374,True,A,B,10,1,B
1,2375,True,B,A,2,1,A
1,2376,True,B,A,1,2,A
1,2377,True,B,A,1,1,A
1,2378,True,B,A,6,1,A
1,2379,True,B,A,1,2,A
1,2380,False,,,,,
1,2381,False,,,,,
1,2382,False,,,,,
1,2383,True,B,A,1,1,A
1,2384,False,,,,,
1,2385,True,A,B,3,1,B
1,2386,False,,,,,
1,2387,True,B,A,10,1,A
1,2388,False,,,,,
1,2389,True,A,B,2,1,B
1,2390,True,A,B,4,1,B
1,2391,True,A,B,4,1,B
1,2392,True,A,B,4,1,B
1,2393,True,A,B,10,1,B
1,2394,True,B,A,10,1,A
1,2395,True,B,A,1,2,A
1,2396,True,A,B,2,1,B
1,2397,True,A,B,2,1,B
1,2398,True,A,B,3,1,B
1,2399,True,B,A,1,2,A
1,2400,True,A,B,4,1,B
1,2401,True,A,B,2,0,B
1,2402,True,B,A,3,1,A
1,2403,True,A,B,1,1,B
1,2404,True,B,A,2,1,A
1,2405,True,B,A,1,1,A
1,2406,True,A,B,1,2,B
1,2407,True,B,A,1,2,A
1,2408,True,B,A,1,1,A
1,2409,True,A,B,3,1,B
1,2410,False,,,,,
1,2411,True,B,A,6,1,A
1,2412,True,A,B,1,2,B
1,2413,True,B,A,10,1,A
1,2414,True,B,A,6,1,A
1,2415,True,A,B,4,1,B
1,2416,True,A,B,3,1,B
1,2417,True,B,A,2,1,A
1,2418,True,A,B,6,1,B
1,2419,True,B,A,4,1,A
1,2420,True,A,B,1,1,B
1,2421,True,A,B,4,1,B
1,2422,True,B,A,4,1,A
1,2423,False,,,,,
1,2424,True,B,A,1,1,A
1,2425,True,B,A,10,1,A
1,2426,True,A,B,3,1,B
1,2427,True,B,A,1,1,A
1,2428,True,B,A,1,2,A
1,2429,True,B,A,2,1,A
1,2430,True,B,A,4,1,A
1,2431,True,A,B,1,2,B
1,2432,True,B,A,2,1,A
1,2433,True,B,A,1,1,A
1,2434,True,A,B,6,1,B
1,2435,True,A,B,6,1,B
1,2436,True,A,B,6,1,B
1,2437,False,,,,,
1,2438,True,B,A,1,1,A
1,2439,True,A,B,2,0,B
1,2440,True,A,B,2,1,B
1,2441,True,B,A,10,1,A
1,2442,True,B,A,4,1,A
1,2443,False,,,,,
1,2444,True,A,B,2,0,B
1,2445,True,B,A,0,1,A
1,2446,False,,,,,
1,2447,True,B,A,1,1,A
1,2448,True,A,B,3,1,B
1,2449,True,A,B,6,1,B
1,2450,True,A,B,10,1,B
1,2451,True,B,A,0,1,A
1,2452,True,B,A,1,2,A
1,2453,True,A,B,2,1,B
1,2454,True,B,A,6,1,A
1,2455,True,B,A,4,1,A
1,2456,True,B,A,2,1,A
1,2457,True,B,A,1,1,A
1,2458,True,A,B,6,1,B
1,2459,True,A,B,2,1,B
1,2460,True,A,B,1,1,B
1,2461,True,B,A,1,1,A
1,2462,True,A,B,2,1,B
1,2463,True,B,A,0,1,A
1,2464,False,,,,,
1,2465,True,B,A,4,1,A
1,2466,True,B,A,2,1,A
1,2467,True,B,A,6,1,A
1,2468,True,A,B,2,1,B
1,2469,True,B,A,1,1,A
1,2470,True,B,A,4,1,A
1,2471,True,A,B,10,1,B
1,2472,True,B,A,6,1,A
1,2473,True,B,A,1,2,A
1,2474,True,B,A,10,1,A
1,2475,True,A,B,3,1,B
1,2476,True,A,B,2,0,B
1,2477,True,B,A,6,1,A
1,2478,True,A,B,4,1,B
1,2479,True,B,A,4,1,A
1,2480,False,,,,,
1,2481,True,A,B,1,1,B
1,2482,True,A,B,1,2,B
1,2483,True,A,B,3,1,B
1,2484,True,B,A,2,1,A
1,2485,True,A,B,10,1,B
1,2486,True,B,A,4,1,A
1,2487,True,A,B,1,1,B
1,2488,False,,,,,
1,2489,True,B,A,4,1,A
1,2490,True,B,A,3,1,A
1,2491,True,B,A,10,1,A
1,2492,False,,,,,
1,2493,True,A,B,2,0,B
1,2494,True,B,A,3,1,A
1,2495,True,A,B,6,1,B
1,2496,True,A,B,2,1,B
1,2497,True,B,A,1,2,A
1,2498,True,B,A,6,1,A
1,2499,True,B,A,3,1,A
1,2500,True,B,A,1,2,A
1,2501,True,B,A,2,1,A
1,2502,True,A,B,10,1,B
1,2503,True,A,B,2,0,B
1,2504,False,,,,,
1,2505,False,,,,,
1,2506,True,A,B,4,1,B
1,2507,True,A,B,10,1,B
1,2508,True,A,B,2,1,B
1,2509,True,A,B,10,1,B
1,2510,True,A,B,1,2,B
1,2511,True,B,A,1,2,A
1,2512,True,A,B,1,1,B
1,2513,True,B,A,1,1,A
1,2514,True,B,A,6,1,A
1,2515,True,B,A,3,1,A
1,2516,True,A,B,3,1,B
1,2517,True,A,B,1,2,B
1,2518,True,B,A,0,1,A
1,2519,True,A,B,2,0,B
1,2520,False,,,,,
1,2521,True,B,A,0,1,A
1,2522,True,A,B,4,1,B
1,2523,False,,,,,
1,2524,True,A,B,10,1,B
1,2525,True,B,A,4,1,A
1,2526,True,A,B,6,1,B
1,2527,True,B,A,1,2,A
1,2528,True,B,A,3,1,A
1,2529,True,A,B,1,2,B
1,2530,True,B,A,2,1,A
1,2531,True,B,A,0,1,A
1,2532,True,B,A,1,2,A
1,2533,True,A,B,2,1,B
1,2534,True,A,B,6,1,B
1,2535,False,,,,,
1,2536,False,,,,,
1,2537,True,A,B,1,1,B
1,2538,True,B,A,10,1,A
1,2539,True,B,A,1,1,A
1,2540,True,A,B,2,1,B
1,2541,False,,,,,
1,2542,True,A,B,10,1,B
1,2543,True,B,A,1,1,A
1,2544,True,A,B,4,1,B
1,2545,True,B,A,10,1,A
1,2546,True,B,A,10,1,A
1,2547,True,B,A,6,1,A
1,2548,False,,,,,
1,2549,True,A,B,2,0,B
1,2550,True,A,B,2,1,B
1,2551,True,B,A,6,1,A
1,2552,True,A,B,1,2,B
1,2553,True,A,B,2,1,B
1,2554,True,B,A,2,1,A
1,2555,True,A,B,2,0,B
1,2556,True,A,B,2,0,B
1,2557,True,A,B,2,0,B
1,2558,False,,,,,
1,2559,True,B,A,3,1,A
1,2560,True,B,A,4,1,A
1,2561,True,B,A,4,1,A
1,2562,False,,,,,
1,2563,True,B,A,1,1,A
1,2564,True,A,B,6,1,B
1,2565,True,A,B,1,1,B
1,2566,True,A,B,3,1,B
1,2567,True,B,A,2,1,A
1,2568,True,B,A,2,1,A
1,2569,True,A,B,6,1,B
1,2570,True,A,B,6,1,B
1,2571,True,B,A,0,1,A
1,2572,False,,,,,
1,2573,True,A,B,1,2,B
1,2574,True,A,B,3,1,B
1,2575,True,A,B,2,0,B
1,2576,True,B,A,4,1,A
1,2577,True,A,B,1,1,B
1,2578,True,A,B,2,0,B
1,2579,True,A,B,10,1,B
1,2580,True,A,B,10,1,B
1,2581,True,A,B,3,1,B
1,2582,True,B,A,4,1,A
1,2583,True,B,A,2,1,B
1,2584,True,A,B,2,1,B
1,2585,True,A,B,3,1,B
1,2586,True,A,B,6,1,B
1,2587,True,B,A,2,1,A
1,2588,True,B,A,10,1,A
1,2589,True,B,A,2,1,A
1,2590,False,,,,,
1,2591,True,B,A,0,1,A
1,2592,True,A,B,2,1,B
1,2593,True,A,B,6,1,B
1,2594,True,A,B,2,0,B
1,2595,True,A,B,6,1,B
1,2596,False,,,,,
1,2597,True,B,A,10,1,A
1,2598,True,A,B,2,1,B
1,2599,True,A,B,6,1,B
1,2600,True,A,B,2,0,B
1,2601,True,A,B,6,1,B
1,2602,True,B,A,4,1,A
1,2603,True,A,B,6,1,B
1,2604,False,,,,,
1,2605,True,B,A,4,1,A
1,2606,True,A,B,6,1,B
1,2607,True,A,B,2,1,B
1,2608,True,A,B,2,1,B
1,2609,False,,,,,
1,2610,True,B,A,2,1,A
1,2611,True,B,A,3,1,A
1,2612,True,A,B,6,1,B
1,2613,True,B,A,6,1,A
1,2614,True,B,A,6,1,A
1,2615,False,,,,,
1,2616,True,B,A,2,1,A
1,2617,True,A,B,1,1,B
1,2618,False,,,,,
1,2619,True,B,A,10,1,A
1,2620,True,B,A,3,1,A
1,2621,True,B,A,4,1,A
1,2622,True,B,A,2,1,A
1,2623,True,B,A,6,1,A
1,2624,True,B,A,0,1,A
1,2625,True,A,B,1,2,B
1,2626,True,A,B,2,1,B
1,2627,True,B,A,1,1,A
1,2628,True,B,A,6,1,A
1,2629,True,B,A,0,1,A
1,2630,True,B,A,4,1,A
1,2631,True,A,B,4,1,B
1,2632,True,A,B,2,1,B
1,2633,True,B,A,2,1,A
1,2634,False,,,,,
1,2635,True,A,B,10,1,B
1,2636,True,A,B,1,2,B
1,2637,True,A,B,6,1,B
1,2638,True,A,B,6,1,B
1,2639,True,A,B,10,1,B
1,2640,False,,,,,
1,2641,True,A,B,1,1,B
1,2642,True,A,B,4,1,B
1,2643,True,A,B,10,1,B
1,2644,True,A,B,10,1,B
1,2645,True,B,A,2,1,A
1,2646,False,,,,,
1,2647,True,B,A,2,1,A
1,2648,True,B,A,3,1,A
1,2649,True,A,B,2,0,B
1,2650,False,,,,,
1,2651,True,B,A,0,1,A
1,2652,True,A,B,2,1,B
1,2653,True,A,B,3,1,B
1,2654,True,B,A,1,2,A
1,2655,False,,,,,
1,2656,True,B,A,3,1,A
1,2657,True,A,B,3,1,B
1,2658,True,A,B,1,1,B
1,2659,False,,,,,
1,2660,True,A,B,3,1,B
1,2661,True,B,A,2,1,A
1,2662,False,,,,,
1,2663,True,A,B,6,1,B
1,2664,True,B,A,4,1,A
1,2665,True,B,A,0,1,A
1,2666,True,B,A,1,2,A
1,2667,True,A,B,10,1,B
1,2668,True,A,B,4,1,B
1,2669,True,B,A,1,1,A
1,2670,True,A,B,10,1,B
1,2671,True,B,A,4,1,A
1,2672,True,B,A,4,1,A
1,2673,True,A,B,2,0,B
1,2674,True,A,B,2,1,B
1,2675,True,B,A,1,2,A
1,2676,True,A,B,3,1,B
1,2677,False,,,,,
1,2678,True,B,A,4,1,A
1,2679,True,B,A,0,1,A
1,2680,True,B,A,10,1,A
1,2681,False,,,,,
1,2682,True,B,A,6,1,A
1,2683,True,A,B,3,1,B
1,2684,True,B,A,2,1,A
1,2685,True,B,A,0,1,A
1,2686,True,A,B,10,1,B
1,2687,True,B,A,4,1,A
1,2688,True,B,A,3,1,A
1,2689,False,,,,,
1,2690,True,B,A,1,1,A
1,2691,False,,,,,
1,2692,True,B,A,10,1,A
1,2693,False,,,,,
1,2694,False,,,,,
1,2695,True,B,A,10,1,A
1,2696,True,B,A,6,1,A
1,2697,True,A,B,6,1,B
1,2698,True,A,B,1,2,B
1,2699,True,A,B,3,1,B
1,2700,True,B,A,2,1,A
1,2701,True,A,B,1,2,B
1,2702,True,A,B,6,1,B
1,2703,True,B,A,10,1,A
1,2704,True,B,A,3,1,A
1,2705,True,A,B,10,1,B
1,2706,True,A,B,3,1,B
1,2707,True,B,A,3,1,A
1,2708,True,B,A,0,1,A
1,2709,True,B,A,2,1,A
1,2710,True,B,A,10,1,A
1,2711,False,,,,,
1,2712,True,B,A,10,1,A
1,2713,True,A,B,1,2,B
1,2714,True,B,A,4,1,A
1,2715,True,B,A,0,1,A
1,2716,True,A,B,2,0,B
1,2717,True,B,A,4,1,A
1,2718,True,B,A,6,1,A
1,2719,False,,,,,
1,2720,True,B,A,4,1,A
1,2721,True,A,B,2,1,B
1,2722,True,B,A,1,1,A
1,2723,False,,,,,
1,2724,True,B,A,1,2,A
1,2725,True,B,A,1,2,A
1,2726,True,B,A,1,1,A
1,2727,True,B,A,10,1,A
1,2728,True,A,B,1,2,B
1,2729,True,A,B,2,0,B
1,2730,False,,,,,
1,2731,True,A,B,2,1,B
1,2732,True,A,B,2,0,B
1,2733,True,B,A,6,1,A
1,2734,True,B,A,3,1,A
1,2735,False,,,,,
1,2736,False,,,,,
1,2737,True,B,A,0,1,A
1,2738,True,A,B,6,1,B
1,2739,True,A,B,10,1,B
1,2740,True,B,A,3,1,A
1,2741,True,A,B,1,2,B
1,2742,True,B,A,3,1,A
1,2743,True,A,B,3,1,B
1,2744,True,B,A,10,1,A
1,2745,True,A,B,1,2,B
1,2746,False,,,,,
1,2747,True,B,A,3,1,A
1,2748,True,A,B,2,0,B
1,2749,True,A,B,1,1,B
1,2750,True,A,B,6,1,B
1,2751,True,B,A,2,1,A
1,2752,True,B,A,1,1,B
1,2753,True,A,B,2,1,B
1,2754,False,,,,,
1,2755,True,A,B,6,1,B
1,2756,True,B,A,6,1,A
1,2757,True,A,B,1,1,B
1,2758,True,A,B,6,1,B
1,2759,True,A,B,2,1,B
1,2760,True,A,B,6,1,B
1,2761,True,A,B,4,1,B
1,2762,True,B,A,2,0,B
1,2763,True,A,B,6,1,B
1,2764,True,A,B,4,1,B
1,2765,True,B,A,0,1,A
1,2766,True,B,A,2,1,A
1,2767,False,,,,,
1,2768,True,A,B,6,1,B
1,2769,True,B,A,0,1,A
1,2770,False,,,,,
1,2771,True,B,A,2,1,A
1,2772,True,B,A,10,1,A
1,2773,True,B,A,4,1,A
1,2774,False,,,,,
1,2775,True,B,A,6,1,A
1,2776,True,A,B,1,1,B
1,2777,True,B,A,2,1,A
1,2778,True,A,B,10,1,B
1,2779,True,B,A,4,1,A
1,2780,True,A,B,4,1,B
1,2781,True,B,A,4,1,A
1,2782,True,A,B,6,1,B
1,2783,False,,,,,
1,2784,False,,,,,
1,2785,True,B,A,3,1,A
1,2786,True,B,A,0,1,A
1,2787,True,A,B,1,1,B
1,2788,True,A,B,2,1,B
1,2789,True,B,A,2,1,A
1,2790,True,A,B,10,1,B
1,2791,True,A,B,6,1,B
1,2792,True,B,A,1,1,A
1,2793,True,B,A,1,1,A
1,2794,True,B,A,0,1,A
1,2795,True,A,B,1,2,B
1,2796,True,A,B,1,1,B
1,2797,True,B,A,3,1,A
1,2798,False,,,,,
1,2799,True,A,B,2,0,B
1,2800,True,B,A,3,1,A
1,2801,False,,,,,
1,2802,True,B,A,10,1,A
1,2803,True,A,B,4,1,B
1,2804,True,A,B,3,1,B
1,2805,False,,,,,
1,2806,True,A,B,1,2,B
1,2807,True,A,B,1,1,B
1,2808,True,B,A,6,1,A
1,2809,True,A,B,2,1,B
1,2810,True,A,B,10,1,B
1,2811,True,A,B,1,2,B
1,2812,True,B,A,10,1,A
1,2813,True,B,A,0,1,A
1,2814,True,B,A,10,1,A
1,2815,True,A,B,2,1,B
1,2816,True,B,A,1,1,A
1,2817,True,B,A,1,2,A
1,2818,True,B,A,1,2,A
1,2819,False,,,,,
1,2820,True,B,A,1,1,A
1,2821,True,A,B,4,1,B
1,2822,True,A,B,1,1,B
1,2823,True,A,B,1,1,B
1,2824,True,A,B,2,0,B
1,2825,False,,,,,
1,2826,True,A,B,2,0,B
1,2827,True,B,A,10,1,A
1,2828,True,A,B,2,0,B
1,2829,True,A,B,10,1,B
1,2830,True,B,A,0,1,A
1,2831,True,B,A,4,1,A
1,2832,True,B,A,1,2,A
1,2833,True,B,A,1,2,A
1,2834,True,A,B,1,1,B
1,2835,True,A,B,6,1,B
1,2836,True,A,B,2,1,B
1,2837,True,A,B,10,1,B
1,2838,True,A,B,4,1,B
1,2839,True,B,A,1,2,A
1,2840,True,A,B,2,0,B
1,2841,True,B,A,1,2,A
1,2842,True,B,A,1,2,A
1,2843,True,A,B,4,1,B
1,2844,True,B,A,3,1,A
1,2845,True,B,A,3,1,A
1,2846,False,,,,,
1,2847,True,B,A,1,1,A
1,2848,True,B,A,3,1,A
1,2849,True,A,B,3,1,B
1,2850,True,A,B,6,1,B
1,2851,True,A,B,10,1,B
1,2852,True,B,A,3,1,A
1,2853,True,A,B,3,1,B
1,2854,True,B,A,2,1,A
1,2855,True,A,B,6,1,B
1,2856,True,A,B,6,1,B
1,2857,True,A,B,3,1,B
1,2858,True,A,B,3,1,B
1,2859,True,A,B,4,1,B
1,2860,True,A,B,3,1,B
1,2861,True,B,A,1,2,A
1,2862,True,A,B,2,1,B
1,2863,True,B,A,4,1,A
1,2864,True,B,A,6,1,A
1,2865,True,A,B,2,0,B
1,2866,True,B,A,0,1,A
1,2867,True,B,A,2,1,A
1,2868,True,B,A,3,1,A
1,2869,True,A,B,1,1,B
1,2870,True,B,A,0,1,A
1,2871,False,,,,,
1,2872,True,B,A,0,1,A
1,2873,False,,,,,
1,2874,True,B,A,4,1,A
1,2875,True,A,B,2,1,B
1,2876,True,B,A,2,1,A
1,2877,True,A,B,6,1,B
1,2878,True,B,A,10,1,A
1,2879,True,B,A,3,1,A
1,2880,True,A,B,3,1,B
1,2881,True,A,B,2,0,B
1,2882,True,A,B,2,0,B
1,2883,False,,,,,
1,2884,True,A,B,1,2,B
1,2885,True,B,A,1,2,A
1,2886,False,,,,,
1,2887,True,A,B,1,2,B
1,2888,False,,,,,
1,2889,True,B,A,2,1,A
1,2890,True,A,B,10,1,B
1,2891,True,A,B,1,2,B
1,2892,True,A,B,10,1,B
1,2893,False,,,,,
1,2894,True,B,A,0,1,A
1,2895,True,B,A,6,1,A
1,2896,True,A,B,6,1,B
1,2897,True,A,B,2,0,B
1,2898,True,B,A,1,2,A
1,2899,True,B,A,3,1,A
1,2900,False,,,,,
1,2901,True,A,B,1,2,B
1,2902,True,B,A,1,2,A
1,2903,True,B,A,6,1,A
1,2904,True,A,B,1,2,B
1,2905,True,B,A,1,2,A
1,2906,True,B,A,10,1,A
1,2907,True,B,A,1,1,A
1,2908,True,B,A,0,1,A
1,2909,True,B,A,6,1,A
1,2910,True,B,A,6,1,A
1,2911,True,B,A,0,1,A
1,2912,True,A,B,2,0,B
1,2913,True,A,B,1,2,B
1,2914,True,B,A,6,1,A
1,2915,True,A,B,1,2,B
1,2916,True,B,A,2,1,A
1,2917,True,B,A,6,1,A
1,2918,True,B,A,0,1,A
1,2919,True,B,A,0,1,A
1,2920,True,A,B,10,1,B
1,2921,True,B,A,1,1,A
1,2922,True,A,B,2,1,B
1,2923,True,B,A,3,1,A
1,2924,True,A,B,2,0,B
1,2925,True,A,B,6,1,B
1,2926,True,A,B,10,1,B
1,2927,True,A,B,3,1,B
1,2928,True,A,B,3,1,B
1,2929,True,B,A,0,1,A
1,2930,True,B,A,3,1,A
1,2931,True,A,B,10,1,B
1,2932,True,A,B,1,1,B
1,2933,True,B,A,10,1,A
1,2934,True,B,A,10,1,A
1,2935,True,A,B,6,1,B
1,2936,True,A,B,3,1,B
1,2937,True,A,B,4,1,B
1,2938,True,A,B,4,1,B
1,2939,True,A,B,2,1,B
1,2940,True,A,B,1,2,B
1,2941,True,A,B,1,2,B
1,2942,True,A,B,3,1,B
1,2943,True,B,A,10,1,A
1,2944,True,B,A,0,1,A
1,2945,False,,,,,
1,2946,True,B,A,2,1,A
1,2947,True,A,B,2,0,B
1,2948,True,A,B,6,1,B
1,2949,True,B,A,2,1,A
1,2950,True,A,B,2,0,B
1,2951,True,B,A,6,1,A
1,2952,False,,,,,
1,2953,True,A,B,1,1,B
1,2954,True,B,A,1,1,A
1,2955,True,A,B,1,2,B
1,2956,True,B,A,1,1,A
1,2957,True,B,A,10,1,A
1,2958,False,,,,,
1,2959,True,A,B,3,1,B
1,2960,True,A,B,3,1,B
1,2961,True,A,B,2,0,B
1,2962,True,B,A,2,1,A
1,2963,True,A,B,3,1,B
1,2964,True,A,B,1,1,B
1,2965,True,A,B,10,1,B
1,2966,True,B,A,1,1,A
1,2967,True,A,B,3,1,B
1,2968,True,A,B,6,1,B
1,2969,True,B,A,10,1,A
1,2970,True,A,B,1,1,B
1,2971,True,B,A,10,1,A
1,2972,True,B,A,3,1,A
1,2973,True,B,A,1,1,A
1,2974,False,,,,,
1,2975,True,B,A,1,2,A
1,2976,True,B,A,2,1,A
1,2977,True,B,A,1,2,A
1,2978,True,B,A,2,1,A
1,2979,True,A,B,4,1,B
1,2980,True,B,A,0,1,A
1,2981,False,,,,,
1,2982,True,A,B,6,1,B
1,2983,False,,,,,
1,2984,True,A,B,1,1,B
1,2985,True,B,A,1,2,A
1,2986,True,A,B,4,1,B
1,2987,True,A,B,2,0,B
1,2988,True,A,B,6,1,B
1,2989,True,A,B,10,1,B
1,2990,True,A,B,2,0,B
1,2991,True,B,A,10,1,A
1,2992,True,A,B,4,1,B
1,2993,True,A,B,1,2,B
1,2994,True,A,B,1,2,B
1,2995,True,B,A,1,1,A
1,2996,True,A,B,2,1,B
1,2997,True,B,A,1,2,A
1,2998,True,A,B,2,1,B
1,2999,True,A,B,2,1,B
1,3000,True,A,B,10,1,B
1,3001,True,A,B,6,1,B
1,3002,True,B,A,1,1,A
1,3003,True,B,A,4,1,A
1,3004,True,B,A,1,2,A
1,3005,True,A,B,4,1,B
1,3006,True,A,B,6,1,B
1,3007,True,B,A,2,1,A
1,3008,False,,,,,
1,3009,True,B,A,10,1,A
1,3010,True,A,B,1,2,B
1,3011,True,A,B,2,1,B
1,3012,True,A,B,2,1,B
1,3013,True,A,B,2,0,B
1,3014,False,,,,,
1,3015,True,A,B,2,0,B
1,3016,True,A,B,10,1,B
1,3017,True,A,B,1,2,B
1,3018,True,A,B,6,1,B
1,3019,True,A,B,10,1,B
1,3020,True,A,B,2,1,B
1,3021,True,A,B,4,1,B
1,3022,True,A,B,2,0,B
1,3023,True,A,B,6,1,B
1,3024,True,A,B,3,1,B
1,3025,False,,,,,
1,3026,True,A,B,3,1,B
1,3027,True,A,B,1,2,B
1,3028,True,A,B,4,1,B
1,3029,False,,,,,
1,3030,True,A,B,1,1,B
1,3031,True,B,A,4,1,A
1,3032,True,B,A,0,1,A
1,3033,False,,,,,
1,3034,True,B,A,10,1,A
1,3035,True,A,B,2,1,B
1,3036,True,B,A,1,2,A
1,3037,True,B,A,6,1,A
1,3038,False,,,,,
1,3039,True,A,B,10,1,B
1,3040,True,A,B,2,1,B
1,3041,True,A,B,3,1,B
1,3042,True,B,A,0,1,A
1,3043,True,A,B,6,1,B
1,3044,True,A,B,2,1,B
1,3045,True,B,A,3,1,A
1,3046,True,A,B,10,1,B
1,3047,True,A,B,10,1,B
1,3048,True,A,B,6,1,B
1,3049,True,B,A,6,1,A
1,3050,False,,,,,
1,3051,True,B,A,4,1,A
1,3052,True,A,B,2,1,B
1,3053,False,,,,,
1,3054,True,B,A,10,1,A
1,3055,True,A,B,2,0,B
1,3056,True,A,B,1,2,B
1,3057,True,B,A,3,1,A
1,3058,True,B,A,2,1,A
1,3059,True,A,B,3,1,B
1,3060,False,,,,,
1,3061,True,B,A,1,2,A
1,3062,True,B,A,6,1,A
1,3063,True,B,A,10,1,A
1,3064,True,B,A,2,1,A
1,3065,True,A,B,1,1,B
1,3066,True,B,A,10,1,A
1,3067,True,A,B,1,2,B
1,3068,True,A,B,6,1,B
1,3069,True,B,A,3,1,A
1,3070,True,A,B,10,1,B
1,3071,True,B,A,6,1,A
1,3072,False,,,,,
1,3073,True,A,B,10,1,B
1,3074,True,B,A,3,1,A
1,3075,True,B,A,1,2,A
1,3076,True,A,B,6,1,B
1,3077,False,,,,,
1,3078,True,A,B,4,1,B
1,3079,True,A,B,1,1,B
1,3080,True,B,A,1,2,A
1,3081,False,,,,,
1,3082,True,B,A,3,1,A
1,3083,True,A,B,1,1,B
1,3084,True,A,B,4,1,B
1,3085,True,A,B,1,2,B
1,3086,True,B,A,10,1,A
1,3087,True,A,B,3,1,B
1,3088,True,A,B,2,1,B
1,3089,True,A,B,4,1,B
1,3090,True,A,B,2,1,B
1,3091,True,B,A,1,2,A
1,3092,True,B,A,3,1,A
1,3093,False,,,,,
1,3094,True,B,A,6,1,A
1,3095,True,B,A,6,1,A
1,3096,True,A,B,4,1,B
1,3097,True,B,A,1,1,A
1,3098,True,B,A,3,1,A
1,3099,True,B,A,1,1,A
1,3100,True,B,A,2,1,A
1,3101,True,B,A,10,1,A
1,3102,True,A,B,10,1,B
1,3103,True,A,B,2,0,B
1,3104,True,A,B,3,1,B
1,3105,True,B,A,6,1,A
1,3106,True,B,A,3,1,A
1,3107,True,A,B,4,1,B
1,3108,True,A,B,2,1,B
1,3109,True,A,B,6,1,B
1,3110,True,A,B,3,1,B
1,3111,True,A,B,1,1,B
1,3112,True,A,B,4,1,B
1,3113,True,A,B,10,1,B
1,3114,True,B,A,0,1,A
1,3115,True,A,B,2,1,B
1,3116,True,A,B,4,1,B
1,3117,True,A,B,1,1,B
1,3118,True,A,B,2,1,B
1,3119,False,,,,,
1,3120,True,A,B,6,1,B
1,3121,True,B,A,0,1,A
1,3122,True,A,B,2,0,B
1,3123,True,A,B,1,2,B
1,3124,True,B,A,6,1,A
1,3125,False,,,,,
1,3126,True,B,A,3,1,A
1,3127,True,B,A,0,1,A
1,3128,True,B,A,4,1,A
1,3129,True,B,A,10,1,A
1,3130,True,B,A,10,1,A
1,3131,True,B,A,1,1,A
1,3132,True,B,A,0,1,A
1,3133,True,B,A,3,1,A
1,3134,False,,,,,
1,3135,True,B,A,1,1,A
1,3136,True,B,A,2,1,A
1,3137,False,,,,,
1,3138,True,B,A,1,1,A
1,3139,True,A,B,2,0,B
1,3140,True,A,B,1,1,B
1,3141,True,B,A,10,1,A
1,3142,True,A,B,2,1,B
1,3143,True,A,B,6,1,B
1,3144,True,A,B,2,0,B
1,3145,True,B,A,0,1,A
1,3146,True,A,B,2,1,B
1,3147,True,B,A,4,1,A
1,3148,True,A,B,1,2,B
1,3149,True,B,A,4,1,A
1,3150,True,A,B,1,2,B
1,3151,True,A,B,4,1,B
1,3152,True,B,A,0,1,A
1,3153,True,B,A,3,1,A
1,3154,True,B,A,3,1,A
1,3155,True,A,B,1,1,B
1,3156,False,,,,,
1,3157,True,A,B,6,1,B
1,3158,True,A,B,2,1,B
1,3159,True,B,A,1,2,A
1,3160,True,A,B,6,1,B
1,3161,True,A,B,2,0,B
1,3162,False,,,,,
1,3163,True,B,A,1,1,A
1,3164,True,B,A,2,1,A
1,3165,True,B,A,4,1,A
1,3166,True,A,B,1,2,B
1,3167,True,A,B,10,1,B
1,3168,True,A,B,2,0,B
1,3169,True,B,A,4,1,A
1,3170,True,A,B,1,2,B
1,3171,True,B,A,3,1,A
1,3172,True,A,B,4,1,B
1,3173,True,B,A,1,1,A
1,3174,True,B,A,10,1,A
1,3175,True,A,B,1,1,B
1,3176,False,,,,,
1,3177,True,A,B,1,2,B
1,3178,True,A,B,6,1,B
1,3179,False,,,,,
1,3180,True,A,B,6,1,B
1,3181,False,,,,,
1,3182,True,A,B,10,1,B
1,3183,False,,,,,
1,3184,True,B,A,3,1,A
1,3185,True,B,A,10,1,A
1,3186,True,A,B,2,1,B
1,3187,True,A,B,1,1,B
1,3188,True,A,B,3,1,B
1,3189,True,A,B,10,1,B
1,3190,True,B,A,1,1,A
1,3191,True,A,B,3,1,B
1,3192,True,B,A,1,1,A
1,3193,True,A,B,1,1,B
1,3194,True,A,B,1,1,B
1,3195,True,A,B,6,1,B
1,3196,True,A,B,2,1,B
1,3197,True,B,A,3,1,A
1,3198,True,B,A,1,1,A
1,3199,True,A,B,6,1,B
1,3200,True,B,A,0,1,A
1,3201,True,A,B,1,1,B
1,3202,True,B,A,0,1,A
1,3203,True,A,B,2,1,B
1,3204,True,A,B,6,1,B
1,3205,True,A,B,2,0,B
1,3206,True,A,B,1,1,B
1,3207,True,A,B,2,0,B
1,3208,True,B,A,6,1,A
1,3209,True,A,B,4,1,B
1,3210,True,B,A,2,1,A
1,3211,False,,,,,
1,3212,True,B,A,1,2,A
1,3213,True,B,A,0,1,A
1,3214,False,,,,,
1,3215,True,A,B,3,1,B
1,3216,True,A,B,1,2,B
1,3217,True,B,A,4,1,A
1,3218,True,A,B,2,0,B
1,3219,True,B,A,3,1,A
1,3220,False,,,,,
1,3221,True,B,A,4,1,A
1,3222,True,B,A,2,1,A
1,3223,True,B,A,10,1,A
1,3224,True,B,A,1,2,A
1,3225,True,A,B,6,1,B
1,3226,True,B,A,10,1,A
1,3227,True,A,B,6,1,B
1,3228,True,B,A,6,1,A
1,3229,True,A,B,10,1,B
1,3230,True,A,B,2,0,B
1,3231,True,B,A,6,1,A
1,3232,True,A,B,2,1,B
1,3233,False,,,,,
1,3234,True,A,B,10,1,B
1,3235,True,B,A,4,1,A
1,3236,True,A,B,3,1,B
1,3237,True,A,B,4,1,B
1,3238,True,B,A,0,1,A
1,3239,True,B,A,6,1,A
1,3240,True,B,A,3,1,A
1,3241,True,B,A,1,2,A
1,3242,True,A,B,3,1,B
1,3243,True,B,A,1,1,A
1,3244,True,A,B,4,1,B
1,3245,True,B,A,0,1,A
1,3246,True,A,B,2,0,B
1,3247,True,A,B,2,1,B
1,3248,True,A,B,2,1,B
1,3249,True,A,B,2,1,B
1,3250,False,,,,,
1,3251,True,B,A,4,1,A
1,3252,False,,,,,
1,3253,True,B,A,2,1,A
1,3254,False,,,,,
1,3255,False,,,,,
1,3256,True,A,B,4,1,B
1,3257,True,A,B,6,1,B
1,3258,True,A,B,4,1,B
1,3259,True,B,A,3,1,A
1,3260,True,A,B,3,1,B
1,3261,True,B,A,3,1,A
1,3262,True,B,A,2,1,A
1,3263,True,A,B,1,2,B
1,3264,True,B,A,1,1,A
1,3265,True,B,A,3,1,A
1,3266,False,,,,,
1,3267,True,B,A,0,1,A
1,3268,True,A,B,1,2,B
1,3269,True,B,A,4,1,A
1,3270,False,,,,,
1,3271,True,A,B,3,1,B
1,3272,True,B,A,6,1,A
1,3273,True,B,A,1,1,A
1,3274,True,A,B,2,0,B
1,3275,True,A,B,1,1,B
1,3276,True,A,B,3,1,B
1,3277,True,B,A,6,1,A
1,3278,False,,,,,
1,3279,True,B,A,3,1,A
1,3280,True,B,A,10,1,A
1,3281,True,A,B,10,1,B
1,3282,True,B,A,0,1,A
1,3283,True,A,B,3,1,B
1,3284,True,A,B,1,2,B
1,3285,True,A,B,2,1,B
1,3286,True,B,A,10,1,A
1,3287,True,B,A,3,1,A
1,3288,True,A,B,3,1,B
1,3289,True,A,B,1,1,B
1,3290,True,B,A,4,1,A
1,3291,True,A,B,4,1,B
1,3292,False,,,,,
1,3293,True,A,B,1,1,B
1,3294,True,B,A,10,1,A
1,3295,True,A,B,6,1,B
1,3296,True,A,B,1,1,B
1,3297,True,A,B,3,1,B
1,3298,True,A,B,10,1,B
1,3299,True,A,B,2,1,B
1,3300,True,A,B,1,1,B
1,3301,True,B,A,1,1,A
1,3302,True,A,B,1,1,B
1,3303,True,B,A,0,1,A
1,3304,True,B,A,0,1,A
1,3305,True,B,A,10,1,A
1,3306,False,,,,,
1,3307,True,B,A,1,1,A
1,3308,True,B,A,3,1,A
1,3309,False,,,,,
1,3310,True,A,B,1,1,B
1,3311,True,A,B,3,1,B
1,3312,True,A,B,3,1,B
1,3313,False,,,,,
1,3314,True,A,B,10,1,B
1,3315,True,A,B,3,1,B
1,3316,True,A,B,2,0,B
1,3317,True,A,B,4,1,B
1,3318,True,A,B,2,1,B
1,3319,True,A,B,4,1,B
1,3320,True,B,A,4,1,A
1,3321,True,A,B,1,2,B
1,3322,False,,,,,
1,3323,False,,,,,
1,3324,True,B,A,3,1,A
1,3325,False,,,,,
1,3326,False,,,,,
1,3327,True,A,B,4,1,B
1,3328,False,,,,,
1,3329,True,B,A,10,1,A
1,3330,True,B,A,4,1,A
1,3331,True,B,A,1,2,A
1,3332,True,A,B,1,2,B
1,3333,True,A,B,4,1,B
1,3334,False,,,,,
1,3335,True,A,B,4,1,B
1,3336,True,A,B,6,1,B
1,3337,True,B,A,0,1,A
1,3338,True,A,B,6,1,B
1,3339,True,B,A,4,1,A
1,3340,True,A,B,1,2,B
1,3341,True,B,A,1,1,A
1,3342,True,B,A,6,1,A
1,3343,True,B,A,1,1,A
1,3344,True,A,B,6,1,B
1,3345,True,B,A,2,1,A
1,3346,True,A,B,2,0,B
1,3347,True,A,B,2,1,B
1,3348,True,A,B,1,2,B
1,3349,True,A,B,1,2,B
1,3350,True,A,B,10,1,B
1,3351,True,B,A,0,1,A
1,3352,True,B,A,3,1,A
1,3353,True,B,A,2,1,A
1,3354,True,B,A,1,2,A
1,3355,True,A,B,2,1,B
1,3356,True,A,B,2,1,B
1,3357,True,A,B,1,1,B
1,3358,True,B,A,10,1,A
1,3359,True,B,A,4,1,A
1,3360,True,A,B,2,1,B
1,3361,True,B,A,1,2,A
1,3362,True,B,A,4,1,A
1,3363,True,B,A,1,2,A
1,3364,False,,,,,
1,3365,True,A,B,2,1,B
1,3366,True,B,A,4,1,A
1,3367,True,B,A,0,1,A
1,3368,True,A,B,2,1,B
1,3369,True,B,A,4,1,A
1,3370,True,B,A,10,1,A
1,3371,True,B,A,1,2,A
1,3372,True,A,B,2,1,B
1,3373,True,B,A,1,2,A
1,3374,True,B,A,3,1,A
1,3375,False,,,,,
1,3376,True,B,A,1,2,A
1,3377,True,B,A,1,1,A
1,3378,True,B,A,4,1,A
1,3379,True,A,B,3,1,B
1,3380,True,A,B,10,1,B
1,3381,True,B,A,1,1,A
1,3382,False,,,,,
1,3383,True,A,B,2,1,B
1,3384,True,A,B,4,1,B
1,3385,True,A,B,6,1,B
1,3386,False,,,,,
1,3387,True,B,A,4,1,A
1,3388,True,B,A,10,1,A
1,3389,False,,,,,
1,3390,True,B,A,2,1,A
1,3391,True,A,B,2,0,B
1,3392,False,,,,,
1,3393,True,A,B,10,1,B
1,3394,True,B,A,6,1,A
1,3395,False,,,,,
1,3396,True,A,B,10,1,B
1,3397,True,A,B,6,1,B
1,3398,True,A,B,1,1,B
1,3399,True,A,B,2,0,B
1,3400,True,A,B,6,1,B
1,3401,True,A,B,2,0,B
1,3402,True,B,A,4,1,A
1,3403,True,B,A,1,1,A
1,3404,True,B,A,3,1,A
1,3405,True,A,B,4,1,B
1,3406,True,A,B,3,1,B
1,3407,False,,,,,
1,3408,True,B,A,1,1,A
1,3409,True,A,B,10,1,B
1,3410,True,A,B,3,1,B
1,3411,True,A,B,1,2,B
1,3412,True,A,B,1,2,B
1,3413,True,B,A,1,1,A
1,3414,True,B,A,10,1,A
1,3415,True,B,A,2,1,A
1,3416,True,A,B,6,1,B
1,3417,False,,,,,
1,3418,True,B,A,10,1,A
1,3419,True,A,B,1,1,B
1,3420,True,A,B,2,1,B
1,3421,True,A,B,2,1,B
1,3422,False,,,,,
1,3423,True,B,A,0,1,A
1,3424,True,B,A,4,1,A
1,3425,True,B,A,4,1,A
1,3426,True,A,B,4,1,B
1,3427,False,,,,,
1,3428,True,B,A,0,1,A
1,3429,True,B,A,10,1,A
1,3430,True,A,B,1,2,B
1,3431,False,,,,,
1,3432,True,B,A,1,2,A
1,3433,True,A,B,6,1,B
1,3434,True,B,A,1,2,A
1,3435,False,,,,,
1,3436,True,B,A,0,1,A
1,3437,True,B,A,2,1,A
1,3438,True,A,B,2,0,B
1,3439,True,A,B,3,1,B
1,3440,True,B,A,1,2,A
1,3441,True,B,A,4,1,A
1,3442,True,B,A,0,1,A
1,3443,True,B,A,1,1,A
1,3444,False,,,,,
1,3445,True,A,B,10,1,B
1,3446,True,A,B,6,1,B
1,3447,True,A,B,2,0,B
1,3448,True,A,B,2,0,B
1,3449,True,A,B,10,1,B
1,3450,False,,,,,
1,3451,True,A,B,1,1,B
1,3452,False,,,,,
1,3453,True,A,B,2,0,B
1,3454,True,A,B,6,1,B
1,3455,True,A,B,10,1,B
1,3456,True,B,A,4,1,A
1,3457,True,A,B,2,1,B
1,3458,True,A,B,1,2,B
1,3459,True,A,B,1,1,B
1,3460,True,B,A,1,2,A
1,3461,True,A,B,2,1,B
1,3462,True,A,B,1,2,B
1,3463,True,B,A,3,1,A
1,3464,True,B,A,2,1,A
1,3465,True,A,B,1,1,B
1,3466,True,A,B,6,1,B
1,3467,True,A,B,4,1,B
1,3468,False,,,,,
1,3469,True,A,B,3,1,B
1,3470,True,A,B,2,0,B
1,3471,True,B,A,6,1,A
1,3472,True,A,B,1,2,B
1,3473,True,B,A,4,1,A
1,3474,True,B,A,1,1,A
1,3475,True,B,A,3,1,A
1,3476,False,,,,,
1,3477,False,,,,,
1,3478,True,B,A,1,2,A
1,3479,True,A,B,1,2,B
1,3480,True,A,B,3,1,B
1,3481,True,B,A,6,1,A
1,3482,True,B,A,4,1,A
1,3483,True,A,B,1,1,B
1,3484,False,,,,,
1,3485,True,B,A,2,1,A
1,3486,True,B,A,6,1,A
1,3487,True,B,A,3,1,A
1,3488,False,,,,,
1,3489,True,A,B,1,2,B
1,3490,True,B,A,1,2,A
1,3491,True,B,A,4,1,A
1,3492,True,B,A,1,2,A
1,3493,True,B,A,6,1,A
1,3494,True,A,B,1,1,B
1,3495,False,,,,,
1,3496,True,A,B,10,1,B
1,3497,True,B,A,1,2,A
1,3498,True,B,A,1,2,A
1,3499,True,A,B,2,0,B
1,3500,True,A,B,10,1,B
1,3501,True,A,B,10,1,B
1,3502,True,B,A,0,1,A
1,3503,False,,,,,
1,3504,True,A,B,6,1,B
1,3505,True,B,A,3,1,A
1,3506,True,A,B,4,1,B
1,3507,True,A,B,1,2,B
1,3508,False,,,,,
1,3509,True,A,B,4,1,B
1,3510,True,B,A,3,1,A
1,3511,True,A,B,1,1,B
1,3512,True,A,B,6,1,B
1,3513,True,A,B,1,1,B
1,3514,True,A,B,10,1,B
1,3515,True,A,B,3,1,B
1,3516,True,B,A,1,1,A
1,3517,False,,,,,
1,3518,True,B,A,2,1,A
1,3519,True,A,B,1,1,B
1,3520,True,B,A,0,1,A
1,3521,True,A,B,1,1,B
1,3522,True,A,B,6,1,B
1,3523,True,A,B,4,1,B
1,3524,True,B,A,1,1,A
1,3525,True,B,A,2,1,A
1,3526,True,A,B,2,0,B
1,3527,True,B,A,1,1,A
1,3528,True,A,B,3,1,B
1,3529,True,B,A,4,1,A
1,3530,True,A,B,2,0,B
1,3531,True,B,A,1,1,A
1,3532,True,B,A,0,1,A
1,3533,True,B,A,6,1,A
1,3534,False,,,,,
1,3535,False,,,,,
1,3536,False,,,,,
1,3537,True,A,B,4,1,B
1,3538,True,A,B,10,1,B
1,3539,False,,,,,
1,3540,False,,,,,
1,3541,True,A,B,2,0,B
1,3542,True,A,B,2,1,B
1,3543,True,A,B,4,1,B
1,3544,True,A,B,1,1,B
1,3545,True,A,B,4,1,B
1,3546,True,A,B,2,0,B
1,3547,True,B,A,10,1,A
1,3548,True,A,B,2,0,B
1,3549,True,B,A,1,2,A
1,3550,True,A,B,10,1,B
1,3551,True,B,A,4,1,A
1,3552,True,B,A,6,1,A
1,3553,True,A,B,1,2,B
1,3554,True,A,B,10,1,B
1,3555,True,B,A,1,1,A
1,3556,True,A,B,6,1,B
1,3557,True,A,B,2,0,B
1,3558,True,B,A,0,1,A
1,3559,True,A,B,3,1,B
1,3560,True,B,A,3,1,A
1,3561,True,A,B,10,1,B
1,3562,True,B,A,0,1,A
1,3563,False,,,,,
1,3564,True,B,A,6,1,A
1,3565,True,A,B,2,1,B
1,3566,True,A,B,6,1,B
1,3567,True,A,B,3,1,B
1,3568,False,,,,,
1,3569,True,A,B,2,0,B
1,3570,True,B,A,3,1,A
1,3571,True,B,A,0,1,A
1,3572,True,A,B,6,1,B
1,3573,True,A,B,10,1,B
1,3574,True,A,B,1,1,B
1,3575,True,B,A,0,1,A
1,3576,True,A,B,6,1,B
1,3577,False,,,,,
1,3578,True,B,A,10,1,A
1,3579,True,A,B,1,2,B
1,3580,True,B,A,3,1,A
1,3581,False,,,,,
1,3582,True,A,B,2,0,B
1,3583,True,B,A,1,2,A
1,3584,True,A,B,4,1,B
1,3585,False,,,,,
1,3586,True,A,B,10,1,B
1,3587,True,B,A,3,1,A
1,3588,True,B,A,10,1,A
1,3589,True,A,B,3,1,B
1,3590,True,A,B,1,1,B
1,3591,True,A,B,1,2,B
1,3592,True,B,A,1,2,A
1,3593,True,A,B,3,1,B
1,3594,True,A,B,3,1,B
1,3595,True,A,B,1,1,B
1,3596,True,B,A,1,2,A
1,3597,True,B,A,1,2,A
1,3598,False,,,,,
1,3599,True,A,B,10,1,B
1,3600,True,B,A,1,2,A
1,3601,True,A,B,10,1,B
1,3602,True,B,A,3,1,A
1,3603,True,B,A,10,1,A
1,3604,True,B,A,6,1,A
1,3605,True,B,A,1,2,A
1,3606,True,B,A,4,1,A
1,3607,True,A,B,1,2,B
1,3608,True,A,B,10,1,B
1,3609,True,B,A,0,1,A
1,3610,True,A,B,6,1,B
1,3611,True,B,A,0,1,A
1,3612,True,A,B,2,0,B
1,3613,True,A,B,10,1,B
1,3614,True,A,B,10,1,B
1,3615,True,B,A,6,1,A
1,3616,True,A,B,2,0,B
1,3617,True,A,B,6,1,B
1,3618,True,B,A,10,1,A
1,3619,True,B,A,6,1,A
1,3620,True,A,B,2,0,B
1,3621,True,A,B,1,1,B
1,3622,False,,,,,
1,3623,True,A,B,3,1,B
1,3624,True,A,B,10,1,B
1,3625,True,A,B,4,1,B
1,3626,True,A,B,1,1,B
1,3627,True,B,A,0,1,A
1,3628,True,B,A,0,1,A
1,3629,True,A,B,3,1,B
1,3630,True,B,A,1,1,A
1,3631,True,B,A,3,1,A
1,3632,True,B,A,3,1,A
1,3633,True,B,A,3,1,A
1,3634,True,A,B,2,0,B
1,3635,True,A,B,2,0,B
1,3636,True,A,B,1,1,B
1,3637,True,B,A,1,2,A
1,3638,False,,,,,
1,3639,True,A,B,2,0,B
1,3640,False,,,,,
1,3641,True,A,B,2,0,B
1,3642,True,A,B,1,1,B
1,3643,True,B,A,6,1,A
1,3644,False,,,,,
1,3645,True,B,A,0,1,A
1,3646,True,B,A,1,1,A
1,3647,True,A,B,4,1,B
1,3648,False,,,,,
1,3649,True,B,A,1,1,A
1,3650,True,B,A,2,1,A
1,3651,True,A,B,10,1,B
1,3652,True,B,A,3,1,A
1,3653,True,B,A,2,1,A
1,3654,True,A,B,1,2,B
1,3655,True,A,B,10,1,B
1,3656,True,A,B,6,1,B
1,3657,False,,,,,
1,3658,False,,,,,
1,3659,True,A,B,2,0,B
1,3660,True,A,B,10,1,B
1,3661,True,B,A,0,1,A
1,3662,True,B,A,3,1,A
1,3663,True,B,A,3,1,A
1,3664,True,B,A,10,1,A
1,3665,True,A,B,1,2,B
1,3666,True,B,A,6,1,A
1,3667,True,B,A,2,1,A
1,3668,True,A,B,2,0,B
1,3669,True,A,B,1,2,B
1,3670,True,B,A,2,1,B
1,3671,True,A,B,4,1,B
1,3672,True,B,A,1,1,A
1,3673,True,A,B,4,1,B
1,3674,True,B,A,1,1,A
1,3675,True,A,B,1,2,B
1,3676,True,A,B,3,1,B
1,3677,True,A,B,1,2,B
1,3678,True,A,B,4,1,B
1,3679,True,B,A,2,1,A
1,3680,True,B,A,1,2,A
1,3681,True,B,A,10,1,A
1,3682,True,B,A,3,1,A
1,3683,False,,,,,
1,3684,True,A,B,2,0,B
1,3685,True,A,B,1,1,B
1,3686,False,,,,,
1,3687,True,A,B,2,1,B
1,3688,True,A,B,6,1,B
1,3689,True,B,A,1,1,A
1,3690,True,A,B,6,1,B
1,3691,True,A,B,2,1,B
1,3692,True,A,B,2,1,B
1,3693,True,A,B,4,1,B
1,3694,True,A,B,4,1,B
1,3695,True,A,B,3,1,B
1,3696,True,B,A,6,1,A
1,3697,True,B,A,0,1,A
1,3698,True,B,A,2,1,A
1,3699,True,A,B,10,1,B
1,3700,True,A,B,6,1,B
1,3701,True,B,A,2,1,A
1,3702,True,B,A,4,1,A
1,3703,True,A,B,10,1,B
1,3704,True,B,A,6,1,A
1,3705,True,A,B,10,1,B
1,3706,True,B,A,10,1,A
1,3707,True,B,A,0,1,A
1,3708,True,B,A,6,1,A
1,3709,True,B,A,10,1,A
1,3710,True,B,A,0,1,A
1,3711,True,B,A,2,1,A
1,3712,True,A,B,3,1,B
1,3713,True,A,B,10,1,B
1,3714,True,A,B,3,1,B
1,3715,True,A,B,2,0,B
1,3716,True,B,A,6,1,A
1,3717,True,A,B,2,1,B
1,3718,True,B,A,0,1,A
1,3719,True,B,A,3,1,A
1,3720,True,B,A,1,2,A
1,3721,True,B,A,0,1,A
1,3722,True,A,B,2,1,B
1,3723,True,B,A,2,1,A
1,3724,True,B,A,4,1,A
1,3725,True,B,A,10,1,A
1,3726,True,B,A,3,1,A
1,3727,True,A,B,6,1,B
1,3728,True,B,A,10,1,A
1,3729,True,A,B,2,1,B
1,3730,True,B,A,10,1,A
1,3731,True,A,B,6,1,B
1,3732,False,,,,,
1,3733,True,A,B,4,1,B
1,3734,True,A,B,1,2,B
1,3735,True,A,B,10,1,B
1,3736,False,,,,,
1,3737,True,A,B,4,1,B
1,3738,True,A,B,2,0,B
1,3739,True,B,A,2,1,A
1,3740,True,A,B,6,1,B
1,3741,True,A,B,1,1,B
1,3742,True,B,A,0,1,A
1,3743,False,,,,,
1,3744,True,A,B,2,0,B
1,3745,True,A,B,1,1,B
1,3746,True,B,A,1,1,A
1,3747,True,A,B,6,1,B
1,3748,False,,,,,
1,3749,False,,,,,
1,3750,True,A,B,2,1,B
1,3751,True,A,B,10,1,B
1,3752,True,B,A,1,2,A
1,3753,True,A,B,3,1,B
1,3754,True,A,B,6,1,B
1,3755,False,,,,,
1,3756,True,A,B,1,1,B
1,3757,True,B,A,1,2,A
1,3758,True,B,A,3,1,A
1,3759,True,A,B,2,0,B
1,3760,False,,,,,
1,3761,True,B,A,2,1,A
1,3762,True,A,B,2,1,B
1,3763,True,A,B,10,1,B
1,3764,True,B,A,6,1,A
1,3765,True,B,A,1,2,A
1,3766,True,B,A,1,2,A
1,3767,True,B,A,3,1,A
1,3768,True,B,A,0,1,A
1,3769,True,A,B,4,1,B
1,3770,True,B,A,0,1,A
1,3771,True,A,B,2,0,B
1,3772,False,,,,,
1,3773,True,B,A,1,2,A
1,3774,False,,,,,
1,3775,True,B,A,4,1,A
1,3776,True,A,B,1,2,B
1,3777,True,B,A,3,1,A
1,3778,True,A,B,2,1,B
1,3779,True,A,B,10,1,B
1,3780,True,A,B,6,1,B
1,3781,True,B,A,0,1,A
1,3782,True,A,B,4,1,B
1,3783,True,B,A,3,1,A
1,3784,True,B,A,0,1,A
1,3785,True,B,A,4,1,A
1,3786,True,B,A,0,1,A
1,3787,True,A,B,3,1,B
1,3788,True,B,A,2,1,A
1,3789,True,A,B,1,1,B
1,3790,True,B,A,6,1,A
1,3791,False,,,,,
1,3792,True,B,A,4,1,A
1,3793,True,B,A,1,1,A
1,3794,True,A,B,6,1,B
1,3795,True,A,B,1,2,B
1,3796,True,A,B,1,1,B
1,3797,False,,,,,
1,3798,False,,,,,
1,3799,True,A,B,1,1,B
1,3800,False,,,,,
1,3801,True,A,B,1,1,B
1,3802,True,B,A,1,2,A
1,3803,True,B,A,1,2,A
1,3804,True,A,B,10,1,B
1,3805,True,B,A,6,1,A
1,3806,True,A,B,4,1,B
1,3807,True,A,B,2,1,B
1,3808,True,B,A,4,1,A
1,3809,True,A,B,2,0,B
1,3810,True,A,B,3,1,B
1,3811,True,B,A,2,1,A
1,3812,True,B,A,1,1,A
1,3813,True,B,A,0,1,A
1,3814,True,A,B,2,1,B
1,3815,False,,,,,
1,3816,False,,,,,
1,3817,True,B,A,4,1,A
1,3818,False,,,,,
1,3819,True,B,A,2,1,A
1,3820,True,A,B,1,2,B
1,3821,True,A,B,1,1,B
1,3822,True,B,A,2,1,A
1,3823,True,B,A,3,1,A
1,3824,True,B,A,1,2,A
1,3825,True,A,B,1,2,B
1,3826,True,B,A,1,1,A
1,3827,True,A,B,6,1,B
1,3828,True,B,A,6,1,A
1,3829,False,,,,,
1,3830,True,A,B,6,1,B
1,3831,True,B,A,0,1,A
1,3832,True,A,B,2,1,B
1,3833,True,B,A,6,1,A
1,3834,True,B,A,6,1,A
1,3835,True,B,A,10,1,A
1,3836,True,B,A,1,1,A
1,3837,True,A,B,6,1,B
1,3838,True,B,A,4,1,A
1,3839,False,,,,,
1,3840,True,B,A,0,1,A
1,3841,True,B,A,1,2,A
1,3842,True,B,A,0,1,A
1,3843,True,A,B,4,1,B
1,3844,True,A,B,2,0,B
1,3845,True,B,A,10,1,A
1,3846,True,A,B,6,1,B
1,3847,True,B,A,4,1,A
1,3848,True,A,B,1,1,B
1,3849,True,A,B,4,1,B
1,3850,True,B,A,10,1,A
1,3851,True,A,B,1,2,B
1,3852,True,B,A,0,1,A
1,3853,True,B,A,2,1,A
1,3854,True,B,A,3,1,A
1,3855,True,B,A,3,1,A
1,3856,True,A,B,2,0,B
1,3857,True,A,B,10,1,B
1,3858,False,,,,,
1,3859,True,A,B,2,0,B
1,3860,True,A,B,2,1,B
1,3861,True,A,B,10,1,B
1,3862,True,B,A,2,1,A
1,3863,True,A,B,1,2,B
1,3864,True,A,B,3,1,B
1,3865,True,B,A,1,2,A
1,3866,True,A,B,4,1,B
1,3867,True,B,A,6,1,A
1,3868,True,B,A,0,1,A
1,3869,True,B,A,1,2,A
1,3870,True,B,A,2,1,A
1,3871,True,A,B,2,1,B
1,3872,True,B,A,10,1,A
1,3873,True,B,A,3,1,A
1,3874,True,A,B,2,0,B
1,3875,True,B,A,1,1,A
1,3876,True,A,B,2,0,B
1,3877,True,A,B,6,1,B
1,3878,True,B,A,6,1,A
1,3879,True,B,A,2,1,A
1,3880,True,A,B,6,1,B
1,3881,True,A,B,2,0,B
1,3882,True,B,A,2,1,A
1,3883,True,A,B,1,1,B
1,3884,True,B,A,1,2,A
1,3885,True,A,B,2,1,B
1,3886,True,A,B,3,1,B
1,3887,True,A,B,1,1,B
1,3888,True,B,A,6,1,A
1,3889,True,A,B,1,2,B
1,3890,True,A,B,1,1,B
1,3891,True,B,A,6,1,A
1,3892,True,B,A,2,1,A
1,3893,True,A,B,10,1,B
1,3894,True,A,B,2,1,B
1,3895,False,,,,,
1,3896,True,B,A,10,1,A
1,3897,True,B,A,1,1,A
1,3898,False,,,,,
1,3899,True,A,B,2,0,B
1,3900,False,,,,,
1,3901,False,,,,,
1,3902,False,,,,,
1,3903,True,B,A,10,1,A
1,3904,True,A,B,2,1,B
1,3905,True,B,A,1,1,A
1,3906,True,A,B,1,1,B
1,3907,True,B,A,2,1,A
1,3908,True,A,B,2,1,B
1,3909,True,A,B,2,0,B
1,3910,True,B,A,2,1,A
1,3911,True,B,A,10,1,A
1,3912,True,B,A,1,1,A
1,3913,False,,,,,
1,3914,False,,,,,
1,3915,True,B,A,10,1,A
1,3916,True,A,B,1,2,B
1,3917,True,B,A,4,1,A
1,3918,True,B,A,2,1,A
1,3919,True,A,B,3,1,B
1,3920,True,A,B,1,1,B
1,3921,True,B,A,3,1,A
1,3922,True,B,A,4,1,A
1,3923,True,A,B,1,2,B
1,3924,True,A,B,1,1,B
1,3925,True,B,A,10,1,A
1,3926,False,,,,,
1,3927,True,B,A,6,1,A
1,3928,True,B,A,4,1,A
1,3929,True,B,A,10,1,A
1,3930,True,A,B,3,1,B
1,3931,False,,,,,
1,3932,True,B,A,6,1,A
1,3933,True,B,A,6,1,A
1,3934,True,A,B,3,1,B
1,3935,True,A,B,1,2,B
1,3936,True,B,A,0,1,A
1,3937,True,B,A,0,1,A
1,3938,True,B,A,0,1,A
1,3939,True,B,A,2,1,A
1,3940,True,B,A,3,1,A
1,3941,True,A,B,2,1,B
1,3942,True,A,B,1,1,B
1,3943,True,B,A,2,1,A
1,3944,True,B,A,4,1,A
1,3945,True,A,B,6,1,B
1,3946,True,B,A,0,1,A
1,3947,True,B,A,0,1,A
1,3948,True,B,A,0,1,A
1,3949,True,A,B,1,1,B
1,3950,False,,,,,
1,3951,True,B,A,10,1,A
1,3952,True,A,B,1,2,B
1,3953,True,A,B,2,1,B
1,3954,True,B,A,4,1,A
1,3955,True,B,A,1,2,A
1,3956,True,A,B,2,1,B
1,3957,True,A,B,1,1,B
1,3958,True,B,A,4,1,A
1,3959,True,B,A,6,1,A
1,3960,True,B,A,6,1,A
1,3961,False,,,,,
1,3962,True,A,B,10,1,B
1,3963,True,A,B,3,1,B
1,3964,True,A,B,2,0,B
1,3965,True,B,A,2,1,A
1,3966,True,B,A,3,1,A
1,3967,True,B,A,2,1,A
1,3968,True,B,A,4,1,A
1,3969,True,B,A,6,1,A
1,3970,True,A,B,6,1,B
1,3971,True,A,B,10,1,B
1,3972,True,A,B,2,1,B
1,3973,True,B,A,10,1,A
1,3974,True,B,A,0,1,A
1,3975,True,A,B,3,1,B
1,3976,True,A,B,2,0,B
1,3977,True,B,A,1,2,A
1,3978,False,,,,,
1,3979,True,A,B,4,1,B
1,3980,True,B,A,6,1,A
1,3981,True,B,A,1,1,A
1,3982,True,B,A,2,1,A
1,3983,True,A,B,6,1,B
1,3984,False,,,,,
1,3985,True,A,B,3,1,B
1,3986,False,,,,,
1,3987,True,B,A,0,1,A
1,3988,True,A,B,10,1,B
1,3989,True,B,A,0,1,A
1,3990,True,A,B,6,1,B
1,3991,True,B,A,1,2,A
1,3992,True,A,B,6,1,B
1,3993,True,B,A,6,1,A
1,3994,True,B,A,6,1,A
1,3995,True,B,A,1,2,A
1,3996,True,B,A,1,1,A
1,3997,True,A,B,1,1,B
1,3998,True,A,B,6,1,B
1,3999,True,B,A,2,1,A
1,4000,True,A,B,6,1,B
1,4001,True,B,A,4,1,A
1,4002,True,A,B,2,0,B
1,4003,True,A,B,2,1,B
1,4004,False,,,,,
1,4005,True,A,B,1,2,B
1,4006,True,A,B,2,1,B
1,4007,True,B,A,10,1,A
1,4008,True,A,B,4,1,B
1,4009,True,A,B,1,2,B
1,4010,True,B,A,1,2,A
1,4011,True,B,A,1,1,A
1,4012,True,B,A,2,1,A
1,4013,True,B,A,2,1,A
1,4014,True,B,A,1,1,A
1,4015,True,B,A,1,2,A
1,4016,True,A,B,1,2,B
1,4017,False,,,,,
1,4018,True,B,A,1,2,A
1,4019,True,B,A,2,1,A
1,4020,True,B,A,2,1,A
1,4021,True,A,B,6,1,B
1,4022,True,A,B,4,1,B
1,4023,True,B,A,10,1,A
1,4024,False,,,,,
1,4025,True,A,B,6,1,B
1,4026,True,B,A,6,1,A
1,4027,True,A,B,6,1,B
1,4028,True,B,A,1,2,A
1,4029,True,A,B,4,1,B
1,4030,True,B,A,4,1,A
1,4031,True,B,A,10,1,A
1,4032,True,B,A,2,1,A
1,4033,True,A,B,1,1,B
1,4034,True,A,B,1,2,B
1,4035,True,A,B,1,1,B
1,4036,True,B,A,4,1,A
1,4037,True,B,A,3,1,A
1,4038,True,A,B,2,1,B
1,4039,True,A,B,3,1,B
1,4040,True,A,B,1,2,B
1,4041,False,,,,,
1,4042,True,B,A,4,1,A
1,4043,True,B,A,1,1,A
1,4044,False,,,,,
1,4045,True,A,B,4,1,B
1,4046,True,A,B,2,0,B
1,4047,True,B,A,1,1,A
1,4048,True,A,B,6,1,B
1,4049,True,B,A,0,1,A
1,4050,False,,,,,
1,4051,True,B,A,4,1,A
1,4052,True,A,B,2,0,B
1,4053,True,B,A,10,1,A
1,4054,False,,,,,
1,4055,True,B,A,6,1,A
1,4056,True,B,A,3,1,A
1,4057,True,B,A,1,2,A
1,4058,True,A,B,1,1,B
1,4059,True,B,A,1,2,A
1,4060,True,B,A,0,1,A
1,4061,True,A,B,6,1,B
1,4062,True,B,A,2,1,A
1,4063,True,A,B,6,1,B
1,4064,True,A,B,3,1,B
1,4065,True,B,A,0,1,A
1,4066,True,A,B,2,1,B
1,4067,True,B,A,6,1,A
1,4068,True,B,A,10,1,A
1,4069,True,B,A,10,1,A
1,4070,True,B,A,3,1,A
1,4071,True,A,B,10,1,B
1,4072,True,B,A,10,1,A
1,4073,True,B,A,2,1,A
1,4074,True,B,A,6,1,A
1,4075,True,A,B,1,1,B
1,4076,False,,,,,
1,4077,False,,,,,
1,4078,True,A,B,2,1,B
1,4079,True,A,B,4,1,B
1,4080,True,A,B,10,1,B
1,4081,True,A,B,4,1,B
1,4082,True,A,B,1,2,B
1,4083,True,B,A,2,1,A
1,4084,True,A,B,4,1,B
1,4085,True,A,B,2,1,B
1,4086,True,B,A,2,1,A
1,4087,True,B,A,2,1,A
1,4088,True,B,A,0,1,A
1,4089,True,A,B,3,1,B
1,4090,True,B,A,10,1,A
1,4091,True,A,B,10,1,B
1,4092,True,B,A,3,1,A
1,4093,False,,,,,
1,4094,True,B,A,10,1,A
1,4095,False,,,,,
1,4096,True,B,A,2,1,A
1,4097,True,B,A,6,1,A
1,4098,True,A,B,4,1,B
1,4099,True,A,B,2,0,B
1,4100,True,B,A,3,1,A
1,4101,True,B,A,4,1,A
1,4102,True,A,B,4,1,B
1,4103,True,B,A,4,1,A
1,4104,True,A,B,10,1,B
1,4105,True,B,A,3,1,A
1,4106,True,A,B,2,1,B
1,4107,True,A,B,4,1,B
1,4108,True,A,B,1,2,B
1,4109,True,A,B,2,1,B
1,4110,True,A,B,2,0,B
1,4111,True,A,B,6,1,B
1,4112,True,A,B,1,1,B
1,4113,True,B,A,10,1,A
1,4114,True,B,A,1,2,A
1,4115,True,A,B,6,1,B
1,4116,True,A,B,6,1,B
1,4117,True,A,B,1,1,B
1,4118,True,A,B,2,0,B
1,4119,True,B,A,3,1,A
1,4120,True,A,B,4,1,B
1,4121,True,A,B,10,1,B
1,4122,True,A,B,2,0,B
1,4123,True,A,B,2,1,B
1,4124,True,B,A,10,1,A
1,4125,True,A,B,2,1,B
1,4126,False,,,,,
1,4127,True,A,B,3,1,B
1,4128,True,A,B,6,1,B
1,4129,True,A,B,2,0,B
1,4130,True,B,A,1,1,A
1,4131,False,,,,,
1,4132,True,A,B,2,1,B
1,4133,True,A,B,1,2,B
1,4134,True,B,A,0,1,A
1,4135,True,B,A,1,2,A
1,4136,True,A,B,2,1,B
1,4137,False,,,,,
1,4138,True,A,B,1,1,B
1,4139,True,B,A,2,1,A
1,4140,False,,,,,
1,4141,True,B,A,10,1,A
1,4142,True,A,B,1,1,B
1,4143,True,B,A,3,1,A
1,4144,False,,,,,
1,4145,True,B,A,4,1,A
1,4146,True,B,A,6,1,A
1,4147,True,A,B,4,1,B
1,4148,True,B,A,10,1,A
1,4149,True,B,A,0,1,A
1,4150,True,A,B,4,1,B
1,4151,True,A,B,1,2,B
1,4152,True,B,A,10,1,A
1,4153,True,A,B,1,1,B
1,4154,False,,,,,
1,4155,True,A,B,10,1,B
1,4156,True,B,A,1,1,A
1,4157,False,,,,,
1,4158,True,B,A,10,1,A
1,4159,False,,,,,
1,4160,True,B,A,3,1,A
1,4161,True,B,A,2,1,A
1,4162,True,A,B,4,1,B
1,4163,True,B,A,3,1,A
1,4164,True,B,A,6,1,A
1,4165,True,B,A,2,1,A
1,4166,True,A,B,10,1,B
1,4167,True,A,B,4,1,B
1,4168,True,A,B,2,0,B
1,4169,True,A,B,10,1,B
1,4170,True,B,A,4,1,A
1,4171,True,B,A,1,2,A
1,4172,True,A,B,2,1,B
1,4173,True,A,B,4,1,B
1,4174,False,,,,,
1,4175,True,A,B,1,1,B
1,4176,True,A,B,2,1,B
1,4177,True,A,B,2,0,B
1,4178,True,A,B,6,1,B
1,4179,True,A,B,10,1,B
1,4180,True,B,A,4,1,A
1,4181,True,A,B,4,1,B
1,4182,True,A,B,1,1,B
1,4183,True,A,B,6,1,B
1,4184,True,B,A,1,1,A
1,4185,True,A,B,1,2,B
1,4186,False,,,,,
1,4187,True,B,A,1,1,A
1,4188,True,A,B,2,0,B
1,4189,True,A,B,1,1,B
1,4190,True,A,B,6,1,B
1,4191,True,B,A,2,1,A
1,4192,True,B,A,10,1,A
1,4193,True,B,A,10,1,A
1,4194,True,B,A,10,1,A
1,4195,True,B,A,1,2,A
1,4196,True,B,A,4,1,A
1,4197,True,A,B,10,1,B
1,4198,True,B,A,3,1,A
1,4199,True,B,A,4,1,A
1,4200,True,A,B,3,1,B
1,4201,True,A,B,3,1,B
1,4202,True,A,B,1,1,B
1,4203,True,A,B,1,1,B
1,4204,True,B,A,1,2,A
1,4205,True,A,B,6,1,B
1,4206,True,A,B,3,1,B
1,4207,False,,,,,
1,4208,True,A,B,6,1,B
1,4209,True,A,B,6,1,B
1,4210,True,B,A,2,1,A
1,4211,True,A,B,1,2,B
1,4212,True,A,B,6,1,B
1,4213,False,,,,,
1,4214,True,B,A,4,1,A
1,4215,True,B,A,1,2,A
1,4216,True,A,B,1,1,B
1,4217,True,A,B,2,1,B
1,4218,True,B,A,2,1,A
1,4219,True,A,B,10,1,B
1,4220,True,B,A,10,1,A
1,4221,True,A,B,6,1,B
1,4222,False,,,,,
1,4223,True,A,B,1,1,B
1,4224,True,A,B,2,1,B
1,4225,True,B,A,4,1,A
1,4226,True,A,B,6,1,B
1,4227,True,B,A,1,1,A
1,4228,True,A,B,3,1,B
1,4229,True,B,A,2,1,A
1,4230,True,B,A,10,1,A
1,4231,True,A,B,3,1,B
1,4232,True,B,A,0,1,A
1,4233,True,B,A,10,1,A
1,4234,True,A,B,2,1,B
1,4235,False,,,,,
1,4236,True,B,A,1,1,A
1,4237,True,B,A,3,1,A
1,4238,True,A,B,2,1,B
1,4239,True,A,B,1,1,B
1,4240,True,A,B,4,1,B
1,4241,True,A,B,2,0,B
1,4242,False,,,,,
1,4243,True,A,B,1,1,B
1,4244,True,A,B,1,1,B
1,4245,True,A,B,2,0,B
1,4246,True,A,B,2,1,B
1,4247,False,,,,,
1,4248,True,B,A,2,1,A
1,4249,True,A,B,6,1,B
1,4250,True,A,B,1,1,B
1,4251,True,B,A,6,1,A
1,4252,True,A,B,1,2,B
1,4253,True,A,B,2,0,B
1,4254,True,A,B,1,1,B
1,4255,True,B,A,2,1,A
1,4256,True,B,A,1,2,A
1,4257,True,B,A,0,1,A
1,4258,True,B,A,1,1,A
1,4259,True,B,A,1,1,A
1,4260,True,B,A,6,1,A
1,4261,False,,,,,
1,4262,True,A,B,2,1,B
1,4263,True,A,B,3,1,B
1,4264,True,B,A,3,1,A
1,4265,False,,,,,
1,4266,True,B,A,10,1,A
1,4267,True,A,B,6,1,B
1,4268,True,A,B,6,1,B
1,4269,False,,,,,
1,4270,True,A,B,3,1,B
1,4271,True,A,B,2,1,B
1,4272,True,A,B,2,1,B
1,4273,True,B,A,3,1,A
1,4274,True,A,B,2,0,B
1,4275,True,A,B,3,1,B
1,4276,True,B,A,6,1,A
1,4277,True,A,B,6,1,B
1,4278,True,A,B,2,0,B
1,4279,True,B,A,3,1,A
1,4280,True,A,B,3,1,B
1,4281,True,A,B,2,1,B
1,4282,True,B,A,1,2,A
1,4283,True,B,A,2,1,A
1,4284,False,,,,,
1,4285,True,B,A,6,1,A
1,4286,True,A,B,1,1,B
1,4287,True,A,B,3,1,B
1,4288,True,B,A,6,1,A
1,4289,True,A,B,1,2,B
1,4290,True,B,A,10,1,A
1,4291,True,A,B,3,1,B
1,4292,True,A,B,1,1,B
1,4293,True,B,A,10,1,A
1,4294,True,A,B,6,1,B
1,4295,True,A,B,2,1,B
1,4296,True,B,A,1,1,A
1,4297,False,,,,,
1,4298,False,,,,,
1,4299,True,A,B,1,1,B
1,4300,True,B,A,2,1,A
1,4301,False,,,,,
1,4302,True,A,B,4,1,B
1,4303,True,B,A,6,1,A
1,4304,True,B,A,2,1,A
1,4305,True,B,A,0,1,A
1,4306,True,A,B,4,1,B
1,4307,True,B,A,6,1,A
1,4308,True,B,A,3,1,A
1,4309,True,A,B,4,1,B
1,4310,False,,,,,
1,4311,False,,,,,
1,4312,True,A,B,10,1,B
1,4313,True,B,A,6,1,A
1,4314,True,A,B,10,1,B
1,4315,True,A,B,10,1,B
1,4316,True,B,A,2,1,A
1,4317,True,B,A,1,1,A
1,4318,True,B,A,2,1,A
1,4319,True,B,A,6,1,A
1,4320,True,A,B,10,1,B
1,4321,True,B,A,4,1,A
1,4322,False,,,,,
1,4323,True,A,B,3,1,B
1,4324,True,A,B,2,1,B
1,4325,True,B,A,2,1,A
1,4326,False,,,,,
1,4327,True,A,B,3,1,B
1,4328,False,,,,,
1,4329,True,A,B,1,1,B
1,4330,True,B,A,1,1,A
1,4331,False,,,,,
1,4332,True,A,B,2,1,B
1,4333,True,A,B,2,0,B
1,4334,True,A,B,10,1,B
1,4335,True,A,B,6,1,B
1,4336,True,A,B,1,1,B
1,4337,True,B,A,0,1,A
1,4338,True,B,A,6,1,A
1,4339,True,A,B,4,1,B
1,4340,True,A,B,2,1,B
1,4341,True,B,A,6,1,A
1,4342,True,A,B,10,1,B
1,4343,True,B,A,1,1,A
1,4344,True,B,A,3,1,A
1,4345,False,,,,,
1,4346,False,,,,,
1,4347,True,B,A,1,2,A
1,4348,True,A,B,1,1,B
1,4349,True,B,A,4,1,A
1,4350,True,A,B,3,1,B
1,4351,True,A,B,6,1,B
1,4352,True,A,B,10,1,B
1,4353,True,A,B,1,1,B
1,4354,True,A,B,1,1,B
1,4355,True,A,B,10,1,B
1,4356,True,A,B,1,1,B
1,4357,True,A,B,1,1,B
1,4358,True,B,A,2,1,A
1,4359,True,A,B,4,1,B
1,4360,True,B,A,1,2,A
1,4361,True,A,B,1,1,B
1,4362,False,,,,,
1,4363,False,,,,,
1,4364,True,B,A,1,1,A
1,4365,True,A,B,1,1,B
1,4366,True,B,A,0,1,A
1,4367,True,B,A,0,1,A
1,4368,True,A,B,1,1,B
1,4369,False,,,,,
1,4370,True,A,B,4,1,B
1,4371,True,B,A,10,1,A
1,4372,True,B,A,10,1,A
1,4373,True,A,B,2,0,B
1,4374,True,A,B,2,1,B
1,4375,False,,,,,
1,4376,True,B,A,10,1,A
1,4377,True,A,B,3,1,B
1,4378,True,B,A,10,1,A
1,4379,True,A,B,6,1,B
1,4380,True,A,B,1,1,B
1,4381,True,A,B,1,2,B
1,4382,True,B,A,2,1,A
1,4383,True,B,A,0,1,A
1,4384,True,A,B,4,1,B
1,4385,True,A,B,2,0,B
1,4386,True,B,A,2,1,A
1,4387,True,A,B,2,1,B
1,4388,True,B,A,2,1,A
1,4389,True,B,A,1,1,A
1,4390,True,B,A,10,1,A
1,4391,True,A,B,6,1,B
1,4392,True,B,A,4,1,A
1,4393,True,B,A,3,1,A
1,4394,True,A,B,4,1,B
1,4395,True,A,B,4,1,B
1,4396,True,A,B,1,1,B
1,4397,True,B,A,1,1,A
1,4398,True,B,A,2,1,A
1,4399,True,A,B,10,1,B
1,4400,True,A,B,3,1,B
1,4401,True,B,A,10,1,A
1,4402,True,B,A,1,1,A
1,4403,True,B,A,3,1,A
1,4404,False,,,,,
1,4405,True,B,A,6,1,A
1,4406,True,B,A,4,1,A
1,4407,True,A,B,1,1,B
1,4408,True,A,B,1,2,B
1,4409,True,A,B,1,2,B
1,4410,True,A,B,2,1,B
1,4411,True,B,A,0,1,A
1,4412,True,A,B,4,1,B
1,4413,True,B,A,6,1,A
1,4414,True,B,A,10,1,A
1,4415,True,B,A,0,1,A
1,4416,True,B,A,10,1,A
1,4417,True,B,A,1,2,A
1,4418,True,B,A,1,2,A
1,4419,True,B,A,10,1,A
1,4420,True,B,A,1,2,A
1,4421,True,B,A,3,1,A
1,4422,True,B,A,6,1,A
1,4423,True,B,A,1,1,A
1,4424,True,A,B,4,1,B
1,4425,True,A,B,6,1,B
1,4426,True,A,B,2,0,B
1,4427,True,B,A,0,1,A
1,4428,True,A,B,2,0,B
1,4429,True,A,B,1,2,B
1,4430,False,,,,,
1,4431,True,B,A,4,1,A
1,4432,False,,,,,
1,4433,True,A,B,4,1,B
1,4434,False,,,,,
1,4435,True,B,A,1,2,A
1,4436,False,,,,,
1,4437,True,A,B,10,1,B
1,4438,True,A,B,4,1,B
1,4439,True,B,A,4,1,A
1,4440,True,A,B,1,1,B
1,4441,True,B,A,3,1,A
1,4442,True,A,B,6,1,B
1,4443,True,B,A,10,1,A
1,4444,True,B,A,1,1,A
1,4445,True,B,A,0,1,A
1,4446,True,B,A,6,1,A
1,4447,True,A,B,2,0,B
1,4448,True,A,B,1,1,B
1,4449,True,A,B,2,0,B
1,4450,True,B,A,3,1,A
1,4451,True,B,A,1,2,A
1,4452,True,A,B,4,1,B
1,4453,True,B,A,10,1,A
1,4454,True,B,A,6,1,A
1,4455,True,A,B,2,0,B
1,4456,True,B,A,0,1,A
1,4457,True,A,B,2,1,B
1,4458,True,B,A,2,1,A
1,4459,True,B,A,10,1,A
1,4460,True,B,A,4,1,A
1,4461,True,B,A,10,1,A
1,4462,True,B,A,6,1,A
1,4463,True,A,B,3,1,B
1,4464,True,B,A,3,1,A
1,4465,True,B,A,1,2,A
1,4466,True,A,B,1,2,B
1,4467,True,A,B,2,0,B
1,4468,True,B,A,1,1,A
1,4469,True,B,A,1,1,A
1,4470,True,A,B,6,1,B
1,4471,True,A,B,2,1,B
1,4472,True,B,A,1,1,A
1,4473,True,A,B,10,1,B
1,4474,True,A,B,2,1,B
1,4475,True,B,A,4,1,A
1,4476,True,A,B,1,1,B
1,4477,False,,,,,
1,4478,True,B,A,1,1,A
1,4479,True,B,A,3,1,A
1,4480,True,A,B,3,1,B
1,4481,True,B,A,10,1,A
1,4482,True,A,B,3,1,B
1,4483,True,B,A,1,2,A
1,4484,True,B,A,10,1,A
1,4485,True,B,A,0,1,A
1,4486,True,B,A,10,1,A
1,4487,True,B,A,4,1,A
1,4488,True,A,B,4,1,B
1,4489,True,A,B,1,1,B
1,4490,True,A,B,1,2,B
1,4491,True,B,A,6,1,A
1,4492,True,B,A,4,1,A
1,4493,False,,,,,
1,4494,True,B,A,1,2,A
1,4495,True,B,A,2,1,A
1,4496,True,A,B,10,1,B
1,4497,True,A,B,1,1,B
1,4498,True,B,A,2,1,A
1,4499,True,B,A,1,2,A
1,4500,True,A,B,10,1,B
1,4501,True,B,A,10,1,A
1,4502,True,A,B,6,1,B
1,4503,True,A,B,3,1,B
1,4504,True,B,A,0,1,A
1,4505,True,B,A,1,1,A
1,4506,True,B,A,6,1,A
1,4507,True,B,A,2,1,A
1,4508,True,B,A,4,1,A
1,4509,True,B,A,3,1,A
1,4510,True,B,A,10,1,A
1,4511,True,A,B,2,1,B
1,4512,True,A,B,3,1,B
1,4513,True,B,A,0,1,A
1,4514,True,A,B,2,0,B
1,4515,True,A,B,4,1,B
1,4516,True,B,A,4,1,A
1,4517,True,A,B,1,2,B
1,4518,True,A,B,2,1,B
1,4519,True,B,A,6,1,A
1,4520,True,B,A,4,1,A
1,4521,True,B,A,0,1,A
1,4522,True,B,A,3,1,A
1,4523,True,B,A,6,1,A
1,4524,True,B,A,0,1,A
1,4525,True,B,A,0,1,A
1,4526,True,A,B,3,1,B
1,4527,True,A,B,6,1,B
1,4528,True,A,B,4,1,B
1,4529,True,B,A,3,1,A
1,4530,True,B,A,3,1,A
1,4531,True,A,B,2,0,B
1,4532,True,A,B,1,1,B
1,4533,True,B,A,3,1,A
1,4534,True,A,B,6,1,B
1,4535,True,A,B,4,1,B
1,4536,True,A,B,4,1,B
1,4537,True,A,B,2,1,B
1,4538,True,B,A,10,1,A
1,4539,True,A,B,10,1,B
1,4540,True,A,B,4,1,B
1,4541,True,B,A,1,1,A
1,4542,True,B,A,1,2,A
1,4543,True,B,A,1,2,A
1,4544,False,,,,,
1,4545,True,A,B,1,1,B
1,4546,True,A,B,2,1,B
1,4547,True,B,A,1,1,A
1,4548,True,B,A,6,1,A
1,4549,True,B,A,0,1,A
1,4550,True,B,A,1,1,A
1,4551,True,B,A,10,1,A
1,4552,True,B,A,10,1,A
1,4553,True,B,A,6,1,A
1,4554,False,,,,,
1,4555,True,B,A,1,1,A
1,4556,True,B,A,10,1,A
1,4557,True,B,A,0,1,A
1,4558,True,B,A,1,2,A
1,4559,True,A,B,4,1,B
1,4560,True,A,B,2,1,B
1,4561,True,A,B,6,1,B
1,4562,False,,,,,
1,4563,True,B,A,0,1,A
1,4564,False,,,,,
1,4565,True,A,B,2,1,B
1,4566,True,B,A,4,1,A
1,4567,True,B,A,10,1,A
1,4568,True,B,A,0,1,A
1,4569,True,A,B,1,2,B
1,4570,True,A,B,1,2,B
1,4571,False,,,,,
1,4572,True,A,B,1,2,B
1,4573,True,A,B,6,1,B
1,4574,True,B,A,2,1,A
1,4575,True,A,B,2,1,B
1,4576,True,B,A,10,1,A
1,4577,True,B,A,6,1,A
1,4578,False,,,,,
1,4579,True,B,A,2,1,A
1,4580,True,B,A,2,1,A
1,4581,True,B,A,4,1,A
1,4582,True,B,A,4,1,A
1,4583,True,A,B,3,1,B
1,4584,True,A,B,6,1,B
1,4585,True,A,B,6,1,B
1,4586,True,A,B,2,1,B
1,4587,True,B,A,0,1,A
1,4588,True,B,A,6,1,A
1,4589,True,A,B,6,1,B
1,4590,True,A,B,2,0,B
1,4591,True,B,A,2,1,A
1,4592,True,B,A,1,2,A
1,4593,True,A,B,3,1,B
1,4594,True,B,A,4,1,A
1,4595,True,B,A,2,1,A
1,4596,True,B,A,1,2,A
1,4597,True,B,A,2,1,A
1,4598,True,B,A,6,1,A
1,4599,True,B,A,3,1,A
1,4600,True,A,B,2,1,B
1,4601,True,A,B,2,0,B
1,4602,True,A,B,2,1,B
1,4603,True,B,A,1,2,A
1,4604,True,A,B,3,1,B
1,4605,True,A,B,2,1,B
1,4606,True,B,A,2,1,A
1,4607,True,A,B,1,1,B
1,4608,True,B,A,10,1,A
1,4609,True,A,B,2,0,B
1,4610,True,A,B,2,1,B
1,4611,True,A,B,10,1,B
1,4612,True,B,A,1,1,A
1,4613,True,B,A,0,1,A
1,4614,True,A,B,2,1,B
1,4615,True,A,B,2,1,B
1,4616,True,A,B,10,1,B
1,4617,True,A,B,4,1,B
1,4618,True,B,A,2,1,A
1,4619,True,A,B,1,2,B
1,4620,True,B,A,3,1,A
1,4621,False,,,,,
1,4622,False,,,,,
1,4623,True,A,B,4,1,B
1,4624,True,B,A,10,1,A
1,4625,True,B,A,3,1,A
1,4626,True,A,B,10,1,B
1,4627,True,B,A,4,1,A
1,4628,True,A,B,6,1,B
1,4629,True,A,B,3,1,B
1,4630,True,A,B,6,1,B
1,4631,True,B,A,1,2,A
1,4632,True,A,B,2,1,B
1,4633,True,B,A,6,1,A
1,4634,True,B,A,0,1,A
1,4635,True,A,B,10,1,B
1,4636,True,B,A,1,2,A
1,4637,True,B,A,2,1,A
1,4638,True,A,B,1,2,B
1,4639,False,,,,,
1,4640,True,B,A,3,1,A
1,4641,False,,,,,
1,4642,True,B,A,1,1,A
1,4643,True,B,A,10,1,A
1,4644,True,B,A,0,1,A
1,4645,True,B,A,0,1,A
1,4646,True,A,B,6,1,B
1,4647,True,A,B,6,1,B
1,4648,True,A,B,4,1,B
1,4649,True,B,A,6,1,A
1,4650,True,A,B,1,1,B
1,4651,True,B,A,6,1,A
1,4652,True,A,B,6,1,B
1,4653,True,B,A,6,1,A
1,4654,True,B,A,6,1,A
1,4655,True,A,B,1,2,B
1,4656,True,A,B,2,1,B
1,4657,False,,,,,
1,4658,True,B,A,4,1,A
1,4659,True,A,B,2,1,B
1,4660,True,B,A,0,1,A
1,4661,True,B,A,10,1,A
1,4662,True,B,A,3,1,A
1,4663,True,A,B,2,1,B
1,4664,True,B,A,2,1,A
1,4665,True,B,A,4,1,A
1,4666,True,A,B,1,2,B
1,4667,True,A,B,1,1,B
1,4668,True,A,B,1,2,B
1,4669,False,,,,,
1,4670,True,A,B,2,1,B
1,4671,True,B,A,2,1,A
1,4672,True,B,A,1,2,A
1,4673,True,B,A,4,1,A
1,4674,True,B,A,10,1,A
1,4675,True,B,A,1,2,A
1,4676,True,B,A,0,1,A
1,4677,True,B,A,0,1,A
1,4678,True,A,B,6,1,B
1,4679,True,A,B,10,1,B
1,4680,True,B,A,4,1,A
1,4681,True,A,B,10,1,B
1,4682,True,B,A,3,1,A
1,4683,True,B,A,10,1,A
1,4684,True,A,B,1,2,B
1,4685,True,A,B,4,1,B
1,4686,True,A,B,6,1,B
1,4687,False,,,,,
1,4688,True,A,B,4,1,B
1,4689,True,B,A,2,1,A
1,4690,True,B,A,10,1,A
1,4691,True,A,B,2,0,B
1,4692,True,A,B,1,2,B
1,4693,True,A,B,3,1,B
1,4694,True,B,A,6,1,A
1,4695,True,B,A,2,1,A
1,4696,True,A,B,3,1,B
1,4697,True,B,A,2,1,A
1,4698,True,A,B,1,2,B
1,4699,True,A,B,4,1,B
1,4700,True,A,B,1,2,B
1,4701,True,B,A,4,1,A
1,4702,True,B,A,1,2,A
1,4703,True,A,B,3,1,B
1,4704,True,B,A,3,1,A
1,4705,True,A,B,1,1,B
1,4706,True,B,A,2,1,A
1,4707,True,A,B,1,1,B
1,4708,True,A,B,10,1,B
1,4709,True,B,A,4,1,A
1,4710,True,A,B,4,1,B
1,4711,True,B,A,0,1,A
1,4712,True,B,A,2,1,A
1,4713,True,B,A,10,1,A
1,4714,True,A,B,10,1,B
1,4715,False,,,,,
1,4716,True,A,B,1,2,B
1,4717,False,,,,,
1,4718,True,B,A,1,2,A
1,4719,True,B,A,3,1,A
1,4720,True,A,B,1,1,B
1,4721,False,,,,,
1,4722,True,B,A,6,1,A
1,4723,True,B,A,1,1,A
1,4724,True,B,A,4,1,A
1,4725,True,B,A,2,1,A
1,4726,True,B,A,6,1,A
1,4727,False,,,,,
1,4728,False,,,,,
1,4729,True,A,B,4,1,B
1,4730,False,,,,,
1,4731,True,A,B,10,1,B
1,4732,True,B,A,6,1,A
1,4733,True,A,B,6,1,B
1,4734,True,B,A,4,1,A
1,4735,True,B,A,2,1,A
1,4736,True,A,B,2,0,B
1,4737,True,A,B,1,1,B
1,4738,True,B,A,1,1,A
1,4739,True,A,B,1,2,B
1,4740,True,A,B,6,1,B
1,4741,True,A,B,2,1,B
1,4742,True,B,A,1,1,A
1,4743,True,A,B,1,1,B
1,4744,True,B,A,1,2,A
1,4745,True,A,B,10,1,B
1,4746,True,B,A,10,1,A
1,4747,False,,,,,
1,4748,False,,,,,
1,4749,True,A,B,4,1,B
1,4750,False,,,,,
1,4751,True,A,B,2,0,B
1,4752,True,B,A,1,2,A
1,4753,True,B,A,1,1,A
1,4754,True,A,B,2,1,B
1,4755,True,A,B,4,1,B
1,4756,True,A,B,4,1,B
1,4757,True,A,B,4,1,B
1,4758,True,A,B,2,0,B
1,4759,True,B,A,1,1,A
1,4760,True,B,A,4,1,A
1,4761,True,B,A,6,1,A
1,4762,True,A,B,10,1,B
1,4763,True,B,A,6,1,A
1,4764,True,B,A,0,1,A
1,4765,True,B,A,3,1,A
1,4766,False,,,,,
1,4767,True,A,B,2,0,B
1,4768,True,A,B,3,1,B
1,4769,True,A,B,1,2,B
1,4770,True,B,A,10,1,A
1,4771,True,A,B,2,0,B
1,4772,True,A,B,2,1,B
1,4773,True,A,B,4,1,B
1,4774,True,B,A,1,2,A
1,4775,True,A,B,2,1,B
1,4776,True,A,B,1,2,B
1,4777,True,B,A,2,1,A
1,4778,False,,,,,
1,4779,True,B,A,0,1,A
1,4780,True,B,A,0,1,A
1,4781,True,A,B,1,2,B
1,4782,True,B,A,2,1,A
1,4783,True,B,A,0,1,A
1,4784,True,B,A,10,1,A
1,4785,True,A,B,2,1,B
1,4786,True,A,B,2,0,B
1,4787,True,A,B,6,1,B
1,4788,True,B,A,1,1,A
1,4789,True,B,A,10,1,A
1,4790,True,B,A,1,2,A
1,4791,True,A,B,6,1,B
1,4792,True,A,B,4,1,B
1,4793,True,A,B,2,1,B
1,4794,True,B,A,6,1,A
1,4795,True,B,A,2,1,A
1,4796,True,A,B,6,1,B
1,4797,True,A,B,2,1,B
1,4798,True,B,A,0,1,A
1,4799,True,B,A,4,1,A
1,4800,True,B,A,2,1,A
1,4801,True,A,B,4,1,B
1,4802,True,B,A,2,1,A
1,4803,True,B,A,0,1,A
1,4804,True,B,A,0,1,A
1,4805,True,B,A,0,1,A
1,4806,False,,,,,
1,4807,True,B,A,6,1,A
1,4808,True,B,A,6,1,A
1,4809,True,B,A,0,1,A
1,4810,True,B,A,2,1,A
1,4811,True,A,B,2,1,B
1,4812,True,A,B,1,2,B
1,4813,True,A,B,4,1,B
1,4814,True,A,B,3,1,B
1,4815,True,B,A,10,1,A
1,4816,True,A,B,4,1,B
1,4817,True,A,B,1,2,B
1,4818,True,A,B,4,1,B
1,4819,True,B,A,0,1,A
1,4820,True,A,B,6,1,B
1,4821,True,A,B,1,2,B
1,4822,True,B,A,6,1,A
1,4823,False,,,,,
1,4824,True,A,B,6,1,B
1,4825,True,B,A,3,1,A
1,4826,True,B,A,6,1,A
1,4827,True,A,B,2,0,B
1,4828,True,B,A,1,2,A
1,4829,False,,,,,
1,4830,True,A,B,10,1,B
1,4831,True,A,B,2,0,B
1,4832,True,B,A,3,1,A
1,4833,True,A,B,10,1,B
1,4834,True,A,B,1,1,B
1,4835,True,A,B,3,1,B
1,4836,True,B,A,1,2,A
1,4837,True,A,B,1,1,B
1,4838,True,A,B,4,1,B
1,4839,False,,,,,
1,4840,False,,,,,
1,4841,True,A,B,2,0,B
1,4842,True,A,B,2,0,B
1,4843,True,A,B,6,1,B
1,4844,True,B,A,10,1,A
1,4845,True,A,B,6,1,B
1,4846,True,A,B,1,2,B
1,4847,True,A,B,1,1,B
1,4848,False,,,,,
1,4849,True,B,A,3,1,A
1,4850,True,A,B,2,1,B
1,4851,True,A,B,10,1,B
1,4852,True,A,B,2,1,B
1,4853,True,A,B,2,0,B
1,4854,False,,,,,
1,4855,True,A,B,3,1,B
1,4856,True,A,B,1,2,B
1,4857,True,B,A,1,2,A
1,4858,True,B,A,10,1,A
1,4859,False,,,,,
1,4860,True,A,B,2,0,B
1,4861,True,B,A,0,1,A
1,4862,True,A,B,1,1,B
1,4863,True,A,B,3,1,B
1,4864,True,B,A,1,1,A
1,4865,True,A,B,3,1,B
1,4866,True,B,A,1,1,A
1,4867,True,A,B,3,1,B
1,4868,False,,,,,
1,4869,True,B,A,10,1,A
1,4870,False,,,,,
1,4871,True,B,A,10,1,A
1,4872,True,B,A,0,1,A
1,4873,True,A,B,4,1,B
1,4874,True,B,A,1,1,A
1,4875,True,B,A,6,1,A
1,4876,True,B,A,10,1,A
1,4877,False,,,,,
1,4878,True,A,B,2,0,B
1,4879,True,A,B,2,1,B
1,4880,True,B,A,2,1,A
1,4881,True,A,B,1,2,B
1,4882,True,B,A,6,1,A
1,4883,False,,,,,
1,4884,True,B,A,3,1,A
1,4885,True,A,B,4,1,B
1,4886,True,B,A,4,1,A
1,4887,True,B,A,6,1,A
1,4888,True,A,B,10,1,B
1,4889,True,A,B,1,1,B
1,4890,True,B,A,3,1,A
1,4891,True,A,B,6,1,B
1,4892,True,A,B,6,1,B
1,4893,True,B,A,1,2,A
1,4894,True,A,B,4,1,B
1,4895,True,A,B,1,2,B
1,4896,True,A,B,2,0,B
1,4897,True,A,B,3,1,B
1,4898,True,B,A,1,2,A
1,4899,True,B,A,1,2,A
1,4900,False,,,,,
1,4901,True,A,B,3,1,B
1,4902,True,A,B,2,0,B
1,4903,True,A,B,2,0,B
1,4904,True,B,A,1,1,A
1,4905,False,,,,,
1,4906,True,B,A,6,1,A
1,4907,True,B,A,6,1,A
1,4908,True,B,A,2,1,A
1,4909,True,A,B,10,1,B
1,4910,True,A,B,1,2,B
1,4911,True,A,B,2,1,B
1,4912,True,A,B,2,0,B
1,4913,True,A,B,2,1,B
1,4914,False,,,,,
1,4915,True,A,B,10,1,B
1,4916,True,A,B,2,0,B
1,4917,True,B,A,1,2,A
1,4918,True,A,B,4,1,B
1,4919,True,B,A,10,1,A
1,4920,True,A,B,1,2,B
1,4921,True,B,A,1,2,A
1,4922,False,,,,,
1,4923,True,B,A,1,2,A
1,4924,True,B,A,1,1,A
1,4925,True,B,A,4,1,A
1,4926,True,A,B,1,1,B
1,4927,True,A,B,1,2,B
1,4928,True,B,A,2,1,A
1,4929,True,A,B,1,1,B
1,4930,True,B,A,1,1,A
1,4931,True,A,B,2,1,B
1,4932,True,B,A,10,1,A
1,4933,True,A,B,10,1,B
1,4934,True,A,B,1,2,B
1,4935,True,B,A,1,2,A
1,4936,True,B,A,6,1,A
1,4937,True,B,A,4,1,A
1,4938,True,B,A,0,1,A
1,4939,False,,,,,
1,4940,True,B,A,10,1,A
1,4941,True,A,B,1,1,B
1,4942,True,A,B,1,1,B
1,4943,True,A,B,1,1,B
1,4944,True,B,A,4,1,A
1,4945,True,A,B,2,1,B
1,4946,True,B,A,0,1,A
1,4947,True,B,A,1,1,A
1,4948,True,A,B,1,2,B
1,4949,False,,,,,
1,4950,True,B,A,10,1,A
1,4951,True,B,A,4,1,A
1,4952,True,A,B,10,1,B
1,4953,True,B,A,0,1,A
1,4954,True,B,A,2,1,A
1,4955,True,B,A,0,1,A
1,4956,True,B,A,2,1,A
1,4957,True,B,A,0,1,A
1,4958,True,B,A,10,1,A
1,4959,True,B,A,3,1,A
1,4960,True,B,A,2,1,A
1,4961,True,B,A,3,1,A
1,4962,True,A,B,1,1,B
1,4963,True,A,B,2,1,B
1,4964,True,B,A,4,1,A
1,4965,True,B,A,1,2,A
1,4966,True,B,A,1,1,A
1,4967,False,,,,,
1,4968,True,A,B,2,0,B
1,4969,True,A,B,3,1,B
1,4970,True,B,A,1,2,A
1,4971,True,B,A,4,1,A
1,4972,True,B,A,3,1,A
1,4973,True,B,A,2,1,A
1,4974,True,A,B,10,1,B
1,4975,True,A,B,2,0,B
1,4976,True,B,A,6,1,A
1,4977,True,A,B,2,0,B
1,4978,True,A,B,1,2,B
1,4979,True,B,A,1,2,A
1,4980,True,B,A,1,1,A
1,4981,True,A,B,1,1,B
1,4982,True,A,B,6,1,B
1,4983,True,A,B,2,1,B
1,4984,True,A,B,2,1,B
1,4985,True,B,A,10,1,A
1,4986,True,A,B,10,1,B
1,4987,True,A,B,6,1,B
1,4988,True,B,A,3,1,A
1,4989,True,A,B,6,1,B
1,4990,True,A,B,3,1,B
1,4991,True,A,B,10,1,B
1,4992,True,A,B,3,1,B
1,4993,True,A,B,4,1,B
1,4994,True,A,B,1,2,B
1,4995,True,B,A,0,1,A
1,4996,True,A,B,4,1,B
1,4997,False,,,,,
1,4998,True,A,B,1,2,B
1,4999,True,A,B,10,1,B
1,5000,True,B,A,2,1,A
1,5001,True,A,B,10,1,B
1,5002,True,A,B,2,0,B
1,5003,True,A,B,1,2,B
1,5004,True,B,A,6,1,A
1,5005,False,,,,,
1,5006,True,B,A,1,1,A
1,5007,True,B,A,3,1,A
1,5008,True,A,B,2,1,B
1,5009,True,B,A,1,2,A
1,5010,True,B,A,3,1,A
1,5011,True,B,A,1,2,A
1,5012,True,A,B,2,1,B
1,5013,True,B,A,1,2,A
1,5014,True,A,B,10,1,B
1,5015,True,B,A,6,1,A
1,5016,True,A,B,2,1,B
1,5017,True,B,A,6,1,A
1,5018,True,A,B,4,1,B
1,5019,True,B,A,4,1,A
1,5020,False,,,,,
1,5021,True,B,A,4,1,A
1,5022,True,B,A,1,1,A
1,5023,True,B,A,1,2,A
1,5024,True,B,A,2,1,A
1,5025,False,,,,,
1,5026,False,,,,,
1,5027,True,B,A,6,1,A
1,5028,True,A,B,2,1,B
1,5029,False,,,,,
1,5030,True,A,B,4,1,B
1,5031,True,A,B,3,1,B
1,5032,True,B,A,1,2,A
1,5033,False,,,,,
1,5034,True,A,B,3,1,B
1,5035,True,A,B,2,1,B
1,5036,True,A,B,4,1,B
1,5037,True,B,A,2,1,A
1,5038,True,A,B,3,1,B
1,5039,True,A,B,2,1,B
1,5040,True,A,B,3,1,B
1,5041,False,,,,,
1,5042,True,A,B,3,1,B
1,5043,True,A,B,2,1,B
1,5044,True,B,A,0,1,A
1,5045,True,B,A,6,1,A
1,5046,True,A,B,2,1,B
1,5047,False,,,,,
1,5048,True,B,A,3,1,A
1,5049,True,A,B,2,0,B
1,5050,True,A,B,6,1,B
1,5051,True,B,A,1,1,A
1,5052,False,,,,,
1,5053,False,,,,,
1,5054,True,A,B,3,1,B
1,5055,True,B,A,10,1,A
1,5056,True,A,B,10,1,B
1,5057,True,A,B,2,1,B
1,5058,False,,,,,
1,5059,True,B,A,1,1,A
1,5060,False,,,,,
1,5061,True,B,A,4,1,A
1,5062,True,A,B,2,1,B
1,5063,True,A,B,2,0,B
1,5064,True,A,B,1,2,B
1,5065,True,B,A,2,1,A
1,5066,True,B,A,10,1,A
1,5067,True,A,B,10,1,B
1,5068,True,A,B,2,0,B
1,5069,True,B,A,1,1,A
1,5070,True,B,A,2,1,A
1,5071,True,B,A,3,1,A
1,5072,True,B,A,10,1,A
1,5073,True,A,B,1,1,B
1,5074,True,A,B,1,1,B
1,5075,True,B,A,6,1,A
1,5076,True,B,A,1,1,A
1,5077,True,A,B,3,1,B
1,5078,True,A,B,6,1,B
1,5079,True,B,A,1,1,A
1,5080,True,B,A,1,2,A
1,5081,True,B,A,0,1,A
1,5082,True,A,B,6,1,B
1,5083,True,A,B,1,2,B
1,5084,True,A,B,2,0,B
1,5085,True,A,B,10,1,B
1,5086,True,B,A,4,1,A
1,5087,True,A,B,1,1,B
1,5088,False,,,,,
1,5089,True,B,A,1,2,A
1,5090,True,A,B,1,2,B
1,5091,True,A,B,1,1,B
1,5092,True,A,B,3,1,B
1,5093,True,A,B,2,1,B
1,5094,True,A,B,4,1,B
1,5095,True,B,A,4,1,A
1,5096,True,B,A,6,1,A
1,5097,True,A,B,3,1,B
1,5098,True,A,B,6,1,B
1,5099,True,A,B,6,1,B
1,5100,True,A,B,1,2,B
1,5101,True,B,A,1,1,A
1,5102,True,B,A,2,1,A
1,5103,False,,,,,
1,5104,True,B,A,0,1,A
1,5105,True,A,B,1,1,B
1,5106,True,B,A,3,1,A
1,5107,True,B,A,1,2,A
1,5108,True,A,B,1,1,B
1,5109,True,B,A,2,1,A
1,5110,True,A,B,3,1,B
1,5111,True,A,B,1,2,B
1,5112,True,A,B,6,1,B
1,5113,True,B,A,3,1,A
1,5114,True,A,B,1,2,B
1,5115,True,B,A,10,1,A
1,5116,True,B,A,2,1,A
1,5117,True,A,B,3,1,B
1,5118,True,B,A,6,1,A
1,5119,True,A,B,4,1,B
1,5120,True,B,A,10,1,A
1,5121,True,A,B,2,0,B
1,5122,True,A,B,10,1,B
1,5123,True,A,B,1,1,B
1,5124,True,A,B,6,1,B
1,5125,True,A,B,1,1,B
1,5126,True,A,B,2,0,B
1,5127,True,A,B,1,2,B
1,5128,True,A,B,10,1,B
1,5129,True,A,B,2,0,B
1,5130,True,B,A,4,1,A
1,5131,True,B,A,1,2,A
1,5132,True,A,B,4,1,B
1,5133,True,A,B,1,2,B
1,5134,True,B,A,3,1,A
1,5135,False,,,,,
1,5136,True,B,A,1,1,A
1,5137,True,B,A,10,1,A
1,5138,True,B,A,6,1,A
1,5139,False,,,,,
1,5140,True,B,A,2,1,A
1,5141,True,B,A,4,1,A
1,5142,True,A,B,2,0,B
1,5143,True,B,A,3,1,A
1,5144,True,B,A,6,1,A
1,5145,True,B,A,0,1,A
1,5146,True,B,A,1,1,A
1,5147,True,A,B,4,1,B
1,5148,True,A,B,2,1,B
1,5149,True,B,A,1,1,A
1,5150,True,A,B,4,1,B
1,5151,True,A,B,3,1,B
1,5152,True,B,A,0,1,A
1,5153,True,A,B,3,1,B
1,5154,True,B,A,4,1,A
1,5155,False,,,,,
1,5156,True,B,A,3,1,A
1,5157,True,A,B,1,2,B
1,5158,True,A,B,3,1,B
1,5159,False,,,,,
1,5160,True,B,A,0,1,A
1,5161,True,B,A,10,1,A
1,5162,True,A,B,2,1,B
1,5163,False,,,,,
1,5164,True,B,A,3,1,A
1,5165,False,,,,,
1,5166,True,A,B,4,1,B
1,5167,True,B,A,10,1,A
1,5168,True,A,B,1,1,B
1,5169,True,A,B,2,1,B
1,5170,False,,,,,
1,5171,False,,,,,
1,5172,True,A,B,2,1,B
1,5173,True,B,A,6,1,A
1,5174,True,A,B,2,1,B
1,5175,True,A,B,4,1,B
1,5176,True,A,B,2,1,B
1,5177,True,A,B,6,1,B
1,5178,False,,,,,
1,5179,True,B,A,1,1,A
1,5180,True,B,A,1,1,A
1,5181,True,A,B,10,1,B
1,5182,True,B,A,6,1,A
1,5183,True,B,A,1,2,A
1,5184,True,A,B,4,1,B
1,5185,True,B,A,6,1,A
1,5186,True,B,A,10,1,A
1,5187,True,B,A,1,2,A
1,5188,True,B,A,0,1,A
1,5189,True,B,A,1,2,A
1,5190,True,B,A,1,1,A
1,5191,True,A,B,4,1,B
1,5192,True,B,A,1,1,A
1,5193,True,A,B,1,1,B
1,5194,True,B,A,6,1,A
1,5195,True,A,B,2,1,B
1,5196,True,A,B,10,1,B
1,5197,True,B,A,3,1,A
1,5198,True,A,B,3,1,B
1,5199,True,B,A,0,1,A
1,5200,True,B,A,1,1,A
1,5201,True,B,A,3,1,A
1,5202,True,B,A,1,2,A
1,5203,True,B,A,6,1,A
1,5204,True,A,B,1,2,B
1,5205,True,A,B,10,1,B
1,5206,True,A,B,4,1,B
1,5207,True,B,A,2,1,A
1,5208,True,A,B,2,0,B
1,5209,True,A,B,2,0,B
1,5210,True,B,A,6,1,A
1,5211,True,A,B,4,1,B
1,5212,True,B,A,2,1,A
1,5213,True,A,B,1,1,B
1,5214,True,A,B,10,1,B
1,5215,True,B,A,1,2,A
1,5216,False,,,,,
1,5217,True,A,B,1,2,B
1,5218,True,B,A,6,1,A
1,5219,False,,,,,
1,5220,True,A,B,4,1,B
1,5221,True,B,A,1,2,A
1,5222,True,B,A,1,1,A
1,5223,True,B,A,2,1,A
1,5224,True,A,B,2,0,B
1,5225,False,,,,,
1,5226,True,A,B,6,1,B
1,5227,True,A,B,2,0,B
1,5228,True,B,A,6,1,A
1,5229,True,A,B,4,1,B
1,5230,True,B,A,2,1,A
1,5231,True,A,B,2,1,B
1,5232,False,,,,,
1,5233,False,,,,,
1,5234,True,A,B,4,1,B
1,5235,True,B,A,1,2,A
1,5236,True,A,B,6,1,B
1,5237,True,B,A,10,1,A
1,5238,True,B,A,3,1,A
1,5239,True,A,B,2,1,B
1,5240,True,B,A,0,1,A
1,5241,True,A,B,1,2,B
1,5242,True,B,A,6,1,A
1,5243,True,A,B,10,1,B
1,5244,False,,,,,
1,5245,True,B,A,2,1,A
1,5246,True,B,A,3,1,A
1,5247,True,B,A,4,1,A
1,5248,False,,,,,
1,5249,True,A,B,2,0,B
1,5250,True,A,B,2,0,B
1,5251,True,A,B,1,2,B
1,5252,False,,,,,
1,5253,True,A,B,1,1,B
1,5254,True,B,A,6,1,A
1,5255,True,A,B,1,2,B
1,5256,True,A,B,2,1,B
1,5257,True,A,B,10,1,B
1,5258,True,A,B,1,1,B
1,5259,True,A,B,2,1,B
1,5260,True,A,B,1,1,B
1,5261,True,A,B,4,1,B
1,5262,True,A,B,2,1,B
1,5263,True,A,B,1,1,B
1,5264,True,A,B,1,2,B
1,5265,True,A,B,6,1,B
1,5266,True,A,B,2,1,B
1,5267,True,B,A,0,1,A
1,5268,True,A,B,4,1,B
1,5269,True,B,A,3,1,A
1,5270,True,A,B,2,1,B
1,5271,True,B,A,0,1,A
1,5272,True,A,B,2,0,B
1,5273,True,A,B,1,2,B
1,5274,True,B,A,2,1,A
1,5275,True,A,B,1,2,B
1,5276,False,,,,,
1,5277,True,B,A,10,1,A
1,5278,False,,,,,
1,5279,True,A,B,2,0,B
1,5280,True,A,B,3,1,B
1,5281,True,A,B,3,1,B
1,5282,True,B,A,1,1,A
1,5283,True,B,A,0,1,A
1,5284,True,A,B,2,0,B
1,5285,True,B,A,4,1,A
1,5286,True,A,B,2,0,B
1,5287,True,B,A,1,2,A
1,5288,False,,,,,
1,5289,True,A,B,10,1,B
1,5290,True,A,B,1,2,B
1,5291,False,,,,,
1,5292,False,,,,,
1,5293,True,A,B,2,1,B
1,5294,True,B,A,3,1,A
1,5295,True,A,B,3,1,B
1,5296,True,A,B,2,0,B
1,5297,True,A,B,3,1,B
1,5298,True,B,A,10,1,A
1,5299,True,B,A,3,1,A
1,5300,True,B,A,6,1,A
1,5301,False,,,,,
1,5302,True,B,A,1,2,A
1,5303,True,A,B,1,1,B
1,5304,True,A,B,10,1,B
1,5305,False,,,,,
1,5306,True,A,B,6,1,B
1,5307,True,B,A,4,1,A
1,5308,True,B,A,3,1,A
1,5309,False,,,,,
1,5310,True,A,B,1,2,B
1,5311,True,A,B,2,1,B
1,5312,True,B,A,2,1,A
1,5313,True,A,B,1,2,B
1,5314,True,B,A,1,2,A
1,5315,True,A,B,1,1,B
1,5316,True,B,A,1,1,A
1,5317,True,B,A,1,1,A
1,5318,True,A,B,1,2,B
1,5319,True,B,A,10,1,A
1,5320,False,,,,,
1,5321,True,B,A,2,1,A
1,5322,True,B,A,2,1,A
1,5323,True,B,A,2,1,A
1,5324,True,B,A,3,1,A
1,5325,True,A,B,10,1,B
1,5326,True,A,B,6,1,B
1,5327,True,B,A,1,1,A
1,5328,True,B,A,10,1,A
1,5329,True,B,A,1,1,A
1,5330,True,A,B,10,1,B
1,5331,True,B,A,6,1,A
1,5332,True,B,A,6,1,A
1,5333,True,B,A,6,1,A
1,5334,True,A,B,2,0,B
1,5335,True,B,A,2,1,A
1,5336,True,A,B,1,2,B
1,5337,False,,,,,
1,5338,True,B,A,2,1,A
1,5339,True,B,A,1,2,A
1,5340,True,B,A,1,2,A
1,5341,True,A,B,6,1,B
1,5342,True,A,B,2,1,B
1,5343,False,,,,,
1,5344,True,B,A,6,1,A
1,5345,True,B,A,1,2,A
1,5346,True,A,B,6,1,B
1,5347,True,A,B,2,0,B
1,5348,True,B,A,10,1,A
1,5349,True,B,A,3,1,A
1,5350,False,,,,,
1,5351,True,B,A,2,1,A
1,5352,True,B,A,4,1,A
1,5353,True,A,B,4,1,B
1,5354,True,A,B,3,1,B
1,5355,True,A,B,10,1,B
1,5356,True,B,A,3,1,A
1,5357,False,,,,,
1,5358,False,,,,,
1,5359,True,B,A,6,1,A
1,5360,True,A,B,1,2,B
1,5361,True,B,A,3,1,A
1,5362,True,A,B,4,1,B
1,5363,True,B,A,2,1,A
1,5364,True,A,B,6,1,B
1,5365,False,,,,,
1,5366,True,B,A,4,1,A
1,5367,True,B,A,10,1,A
1,5368,True,A,B,2,0,B
1,5369,True,B,A,0,1,A
1,5370,True,B,A,6,1,A
1,5371,True,B,A,10,1,A
1,5372,True,A,B,1,2,B
1,5373,True,B,A,10,1,A
1,5374,False,,,,,
1,5375,True,A,B,3,1,B
1,5376,True,A,B,2,1,B
1,5377,True,A,B,10,1,B
1,5378,True,A,B,1,2,B
1,5379,False,,,,,
1,5380,False,,,,,
1,5381,True,A,B,10,1,B
1,5382,True,B,A,6,1,A
1,5383,True,B,A,6,1,A
1,5384,True,A,B,2,1,B
1,5385,False,,,,,
1,5386,True,A,B,1,2,B
1,5387,True,A,B,2,1,B
1,5388,False,,,,,
1,5389,True,B,A,4,1,A
1,5390,True,A,B,1,1,B
1,5391,True,B,A,6,1,A
1,5392,True,B,A,2,1,A
1,5393,True,B,A,3,1,A
1,5394,True,B,A,2,1,A
1,5395,True,A,B,4,1,B
1,5396,True,A,B,6,1,B
1,5397,True,B,A,4,1,A
1,5398,True,A,B,4,1,B
1,5399,True,B,A,1,1,A
1,5400,True,B,A,1,2,A
1,5401,True,A,B,2,1,B
1,5402,False,,,,,
1,5403,True,A,B,3,1,B
1,5404,True,A,B,4,1,B
1,5405,False,,,,,
1,5406,True,B,A,2,1,A
1,5407,True,A,B,2,1,B
1,5408,True,A,B,2,0,B
1,5409,True,B,A,0,1,A
1,5410,False,,,,,
1,5411,True,A,B,2,0,B
1,5412,True,B,A,1,2,A
1,5413,True,B,A,6,1,A
1,5414,True,B,A,4,1,A
1,5415,True,B,A,4,1,A
1,5416,True,B,A,10,1,A
1,5417,False,,,,,
1,5418,True,A,B,2,0,B
1,5419,True,A,B,1,2,B
1,5420,True,B,A,1,1,A
1,5421,True,A,B,2,1,B
1,5422,True,B,A,6,1,A
1,5423,False,,,,,
1,5424,True,B,A,0,1,A
1,5425,True,B,A,1,1,A
1,5426,True,A,B,4,1,B
1,5427,True,B,A,3,1,A
1,5428,True,B,A,1,1,A
1,5429,True,B,A,2,1,A
1,5430,True,A,B,4,1,B
1,5431,True,A,B,2,1,B
1,5432,True,B,A,0,1,A
1,5433,True,B,A,3,1,A
1,5434,True,A,B,2,1,B
1,5435,True,B,A,4,1,A
1,5436,True,B,A,0,1,A
1,5437,True,A,B,2,0,B
1,5438,True,A,B,2,1,B
1,5439,True,B,A,1,1,A
1,5440,True,A,B,2,0,B
1,5441,True,A,B,2,1,B
1,5442,True,A,B,2,0,B
1,5443,True,B,A,6,1,A
1,5444,True,B,A,0,1,A
1,5445,True,A,B,2,0,B
1,5446,True,B,A,4,1,A
1,5447,True,B,A,1,1,A
1,5448,True,A,B,10,1,B
1,5449,True,A,B,6,1,B
1,5450,True,A,B,3,1,B
1,5451,True,B,A,0,1,A
1,5452,True,B,A,1,1,A
1,5453,True,A,B,6,1,B
1,5454,True,A,B,6,1,B
1,5455,True,B,A,1,1,A
1,5456,True,A,B,1,2,B
1,5457,True,B,A,10,1,A
1,5458,True,B,A,1,2,A
1,5459,True,B,A,4,1,A
1,5460,True,A,B,1,2,B
1,5461,True,A,B,6,1,B
1,5462,True,A,B,6,1,B
1,5463,True,A,B,2,0,B
1,5464,True,B,A,6,1,A
1,5465,True,B,A,10,1,A
1,5466,True,B,A,2,1,A
1,5467,True,B,A,2,1,A
1,5468,False,,,,,
1,5469,True,B,A,4,1,A
1,5470,True,A,B,3,1,B
1,5471,True,B,A,4,1,A
1,5472,True,A,B,4,1,B
1,5473,True,A,B,2,1,B
1,5474,True,A,B,10,1,B
1,5475,True,A,B,1,1,B
1,5476,True,A,B,2,1,B
1,5477,True,A,B,6,1,B
1,5478,True,B,A,4,1,A
1,5479,False,,,,,
1,5480,True,B,A,4,1,A
1,5481,True,A,B,10,1,B
1,5482,True,B,A,10,1,A
1,5483,True,A,B,2,0,B
1,5484,True,A,B,1,1,B
1,5485,True,A,B,1,1,B
1,5486,True,A,B,1,1,B
1,5487,True,B,A,6,1,A
1,5488,True,B,A,10,1,A
1,5489,True,B,A,1,2,A
1,5490,False,,,,,
1,5491,True,B,A,6,1,A
1,5492,True,B,A,2,1,A
1,5493,True,B,A,1,2,A
1,5494,True,A,B,10,1,B
1,5495,True,B,A,0,1,A
1,5496,True,B,A,3,1,A
1,5497,True,A,B,1,1,B
1,5498,True,B,A,3,1,A
1,5499,True,B,A,0,1,A
1,5500,True,B,A,10,1,A
1,5501,True,B,A,4,1,A
1,5502,True,B,A,4,1,A
1,5503,True,A,B,1,2,B
1,5504,False,,,,,
1,5505,True,A,B,10,1,B
1,5506,True,B,A,2,1,A
1,5507,True,B,A,3,1,A
1,5508,True,A,B,3,1,B
1,5509,True,B,A,4,1,A
1,5510,True,A,B,1,2,B
1,5511,False,,,,,
1,5512,True,B,A,4,1,A
1,5513,True,B,A,3,1,A
1,5514,True,B,A,3,1,A
1,5515,False,,,,,
1,5516,False,,,,,
1,5517,False,,,,,
1,5518,True,B,A,1,1,A
1,5519,True,A,B,10,1,B
1,5520,True,B,A,6,1,A
1,5521,True,B,A,6,1,A
1,5522,True,A,B,1,1,B
1,5523,True,A,B,6,1,B
1,5524,False,,,,,
1,5525,True,B,A,2,1,A
1,5526,True,A,B,2,1,B
1,5527,True,A,B,10,1,B
1,5528,True,A,B,4,1,B
1,5529,True,A,B,1,1,B
1,5530,True,A,B,1,1,B
1,5531,True,A,B,6,1,B
1,5532,True,B,A,0,1,A
1,5533,True,B,A,2,1,A
1,5534,True,A,B,10,1,B
1,5535,True,A,B,2,0,B
1,5536,True,B,A,2,1,A
1,5537,True,A,B,4,1,B
1,5538,True,A,B,10,1,B
1,5539,True,B,A,2,1,A
1,5540,True,A,B,10,1,B
1,5541,True,A,B,1,1,B
1,5542,True,A,B,2,0,B
1,5543,True,A,B,10,1,B
1,5544,True,B,A,1,2,A
1,5545,True,A,B,3,1,B
1,5546,True,B,A,6,1,A
1,5547,True,B,A,0,1,A
1,5548,True,B,A,1,1,A
1,5549,False,,,,,
1,5550,True,B,A,6,1,A
1,5551,True,B,A,3,1,A
1,5552,True,B,A,10,1,A
1,5553,True,A,B,4,1,B
1,5554,True,A,B,1,1,B
1,5555,True,A,B,3,1,B
1,5556,True,A,B,1,2,B
1,5557,True,B,A,10,1,A
1,5558,True,B,A,1,2,A
1,5559,True,B,A,6,1,A
1,5560,True,B,A,4,1,A
1,5561,True,B,A,3,1,A
1,5562,True,B,A,10,1,A
1,5563,True,B,A,3,1,A
1,5564,True,B,A,10,1,A
1,5565,True,A,B,4,1,B
1,5566,True,A,B,2,0,B
1,5567,True,B,A,3,1,A
1,5568,True,A,B,2,0,B
1,5569,True,A,B,4,1,B
1,5570,True,B,A,10,1,A
1,5571,True,A,B,1,2,B
1,5572,True,A,B,10,1,B
1,5573,True,B,A,3,1,A
1,5574,True,B,A,1,2,A
1,5575,True,B,A,2,1,A
1,5576,True,B,A,1,2,A
1,5577,True,A,B,10,1,B
1,5578,True,B,A,4,1,A
1,5579,True,B,A,1,2,A
1,5580,True,B,A,0,1,A
1,5581,True,A,B,10,1,B
1,5582,True,B,A,1,2,A
1,5583,True,B,A,4,1,A
1,5584,True,A,B,1,2,B
1,5585,True,B,A,1,1,A
1,5586,True,B,A,0,1,A
1,5587,False,,,,,
1,5588,True,A,B,1,2,B
1,5589,True,B,A,1,2,A
1,5590,True,A,B,1,2,B
1,5591,True,B,A,0,1,A
1,5592,True,A,B,3,1,B
1,5593,True,A,B,10,1,B
1,5594,True,A,B,1,1,B
1,5595,True,A,B,2,1,B
1,5596,True,B,A,10,1,A
1,5597,True,A,B,1,2,B
1,5598,True,A,B,10,1,B
1,5599,True,B,A,3,1,A
1,5600,True,A,B,3,1,B
1,5601,True,A,B,2,0,B
1,5602,True,A,B,2,0,B
1,5603,True,A,B,10,1,B
1,5604,True,A,B,2,0,B
1,5605,True,B,A,6,1,A
1,5606,True,A,B,2,1,B
1,5607,True,A,B,3,1,B
1,5608,False,,,,,
1,5609,True,A,B,6,1,B
1,5610,True,B,A,1,1,A
1,5611,True,A,B,2,0,B
1,5612,True,B,A,2,1,A
1,5613,True,A,B,1,1,B
1,5614,True,A,B,3,1,B
1,5615,True,B,A,0,1,A
1,5616,True,B,A,4,1,A
1,5617,False,,,,,
1,5618,True,A,B,4,1,B
1,5619,False,,,,,
1,5620,True,B,A,10,1,A
1,5621,True,A,B,6,1,B
1,5622,False,,,,,
1,5623,True,A,B,1,1,B
1,5624,True,B,A,0,1,A
1,5625,True,B,A,6,1,A
1,5626,True,B,A,1,1,A
1,5627,True,B,A,1,1,A
1,5628,True,A,B,2,0,B
1,5629,True,A,B,10,1,B
1,5630,True,A,B,2,0,B
1,5631,False,,,,,
1,5632,True,B,A,0,1,A
1,5633,True,B,A,1,2,A
1,5634,True,B,A,6,1,A
1,5635,True,B,A,10,1,A
1,5636,True,B,A,3,1,A
1,5637,True,A,B,3,1,B
1,5638,True,B,A,10,1,A
1,5639,True,B,A,2,1,A
1,5640,True,B,A,3,1,A
1,5641,True,B,A,1,1,A
1,5642,True,B,A,0,1,A
1,5643,True,A,B,2,1,B
1,5644,True,B,A,2,1,A
1,5645,True,A,B,6,1,B
1,5646,True,B,A,1,1,A
1,5647,True,A,B,4,1,B
1,5648,True,A,B,2,1,B
1,5649,True,B,A,4,1,A
1,5650,True,A,B,3,1,B
1,5651,True,B,A,6,1,A
1,5652,True,A,B,1,2,B
1,5653,True,A,B,1,1,B
1,5654,True,B,A,0,1,A
1,5655,True,A,B,4,1,B
1,5656,True,A,B,1,2,B
1,5657,True,A,B,2,0,B
1,5658,True,A,B,2,0,B
1,5659,True,B,A,1,1,A
1,5660,False,,,,,
1,5661,True,A,B,4,1,B
1,5662,False,,,,,
1,5663,True,A,B,10,1,B
1,5664,True,B,A,4,1,A
1,5665,True,A,B,10,1,B
1,5666,True,B,A,3,1,A
1,5667,True,A,B,10,1,B
1,5668,True,B,A,0,1,A
1,5669,True,B,A,4,1,A
1,5670,True,A,B,6,1,B
1,5671,False,,,,,
1,5672,True,B,A,1,2,A
1,5673,False,,,,,
1,5674,True,B,A,0,1,A
1,5675,True,A,B,2,0,B
1,5676,True,B,A,10,1,A
1,5677,True,A,B,2,1,B
1,5678,True,A,B,4,1,B
1,5679,True,A,B,2,1,B
1,5680,True,A,B,2,1,B
1,5681,True,B,A,3,1,A
1,5682,False,,,,,
1,5683,True,B,A,3,1,A
1,5684,True,B,A,3,1,A
1,5685,True,B,A,1,2,A
1,5686,True,A,B,3,1,B
1,5687,True,A,B,3,1,B
1,5688,True,A,B,2,1,B
1,5689,True,B,A,0,1,A
1,5690,True,A,B,10,1,B
1,5691,False,,,,,
1,5692,False,,,,,
1,5693,True,B,A,10,1,A
1,5694,True,A,B,10,1,B
1,5695,True,A,B,4,1,B
1,5696,True,A,B,4,1,B
1,5697,True,A,B,1,2,B
1,5698,True,A,B,3,1,B
1,5699,True,A,B,1,2,B
1,5700,True,A,B,2,0,B
1,5701,True,B,A,1,1,A
1,5702,True,A,B,1,1,B
1,5703,True,A,B,1,1,B
1,5704,True,B,A,1,1,A
1,5705,False,,,,,
1,5706,True,B,A,1,2,A
1,5707,True,B,A,6,1,A
1,5708,True,B,A,3,1,A
1,5709,True,B,A,1,2,A
1,5710,False,,,,,
1,5711,True,A,B,3,1,B
1,5712,True,A,B,3,1,B
1,5713,True,B,A,10,1,A
1,5714,True,B,A,1,1,A
1,5715,True,A,B,2,0,B
1,5716,True,A,B,2,1,B
1,5717,True,B,A,3,1,A
1,5718,False,,,,,
1,5719,True,A,B,3,1,B
1,5720,True,B,A,1,2,A
1,5721,True,A,B,3,1,B
1,5722,True,A,B,10,1,B
1,5723,True,B,A,6,1,A
1,5724,False,,,,,
1,5725,True,B,A,10,1,A
1,5726,True,B,A,6,1,A
1,5727,True,A,B,2,0,B
1,5728,True,B,A,1,1,A
1,5729,True,A,B,1,1,B
1,5730,True,A,B,1,2,B
1,5731,True,B,A,2,1,A
1,5732,True,A,B,6,1,B
1,5733,True,A,B,1,2,B
1,5734,True,B,A,2,1,A
1,5735,True,B,A,6,1,A
1,5736,True,B,A,1,1,A
1,5737,True,B,A,6,1,A
1,5738,True,B,A,2,1,A
1,5739,True,A,B,6,1,B
1,5740,True,A,B,1,2,B
1,5741,True,B,A,6,1,A
1,5742,True,B,A,1,2,A
1,5743,True,B,A,1,1,A
1,5744,True,A,B,1,2,B
1,5745,True,B,A,1,2,A
1,5746,True,A,B,1,1,B
1,5747,True,B,A,3,1,A
1,5748,True,A,B,2,0,B
1,5749,True,A,B,2,0,B
1,5750,True,B,A,4,1,A
1,5751,True,B,A,1,1,A
1,5752,True,A,B,4,1,B
1,5753,True,A,B,1,1,B
1,5754,True,A,B,3,1,B
1,5755,True,A,B,1,1,B
1,5756,True,A,B,1,1,B
1,5757,True,A,B,2,0,B
1,5758,True,B,A,0,1,A
1,5759,True,B,A,4,1,A
1,5760,True,A,B,2,0,B
1,5761,True,B,A,1,1,A
1,5762,True,B,A,6,1,A
1,5763,True,A,B,2,0,B
1,5764,True,A,B,6,1,B
1,5765,True,A,B,4,1,B
1,5766,True,B,A,0,1,A
1,5767,True,B,A,1,2,A
1,5768,False,,,,,
1,5769,True,B,A,3,1,A
1,5770,True,A,B,10,1,B
1,5771,True,B,A,6,1,A
1,5772,False,,,,,
1,5773,True,B,A,0,1,A
1,5774,True,B,A,3,1,A
1,5775,True,B,A,2,1,A
1,5776,True,A,B,2,1,B
1,5777,True,B,A,1,1,A
1,5778,True,B,A,3,1,A
1,5779,True,B,A,4,1,A
1,5780,False,,,,,
1,5781,True,B,A,3,1,A
1,5782,True,A,B,1,1,B
1,5783,True,B,A,3,1,A
1,5784,True,B,A,1,1,A
1,5785,True,A,B,2,1,B
1,5786,False,,,,,
1,5787,True,A,B,1,2,B
1,5788,True,A,B,2,0,B
1,5789,True,B,A,1,1,A
1,5790,True,B,A,1,1,A
1,5791,True,A,B,3,1,B
1,5792,True,A,B,4,1,B
1,5793,True,B,A,10,1,A
1,5794,True,A,B,4,1,B
1,5795,True,B,A,1,1,A
1,5796,True,A,B,4,1,B
1,5797,True,A,B,4,1,B
1,5798,True,B,A,6,1,A
1,5799,True,B,A,2,1,A
1,5800,True,B,A,2,1,A
1,5801,True,B,A,4,1,A
1,5802,False,,,,,
1,5803,True,A,B,4,1,B
1,5804,True,A,B,6,1,B
1,5805,True,B,A,3,1,A
1,5806,True,B,A,3,1,A
1,5807,True,A,B,1,1,B
1,5808,True,B,A,4,1,A
1,5809,True,A,B,4,1,B
1,5810,True,B,A,2,1,A
1,5811,True,B,A,0,1,A
1,5812,False,,,,,
1,5813,True,A,B,2,1,B
1,5814,True,A,B,6,1,B
1,5815,True,A,B,1,1,B
1,5816,True,A,B,4,1,B
1,5817,True,A,B,6,1,B
1,5818,True,B,A,10,1,A
1,5819,True,A,B,10,1,B
1,5820,False,,,,,
1,5821,True,B,A,3,1,A
1,5822,True,B,A,0,1,A
1,5823,True,A,B,6,1,B
1,5824,True,B,A,1,2,A
1,5825,True,B,A,1,1,A
1,5826,False,,,,,
1,5827,True,A,B,1,1,B
1,5828,True,A,B,1,1,B
1,5829,True,B,A,4,1,A
1,5830,True,A,B,3,1,B
1,5831,True,A,B,2,0,B
1,5832,True,B,A,1,2,A
1,5833,True,A,B,3,1,B
1,5834,True,A,B,1,1,B
1,5835,False,,,,,
1,5836,True,B,A,2,1,A
1,5837,True,A,B,1,1,B
1,5838,True,B,A,4,1,A
1,5839,True,B,A,0,1,A
1,5840,True,A,B,4,1,B
1,5841,True,B,A,0,1,A
1,5842,True,B,A,1,2,A
1,5843,True,B,A,10,1,A
1,5844,True,A,B,1,1,B
1,5845,True,B,A,3,1,A
1,5846,True,B,A,1,1,A
1,5847,True,B,A,1,2,A
1,5848,True,B,A,4,1,A
1,5849,True,A,B,1,2,B
1,5850,True,B,A,0,1,A
1,5851,False,,,,,
1,5852,True,B,A,1,1,A
1,5853,True,A,B,2,1,B
1,5854,True,A,B,2,0,B
1,5855,True,B,A,0,1,A
1,5856,False,,,,,
1,5857,True,A,B,2,1,B
1,5858,True,A,B,3,1,B
1,5859,True,B,A,0,1,A
1,5860,True,B,A,1,1,A
1,5861,True,A,B,2,1,B
1,5862,True,A,B,1,2,B
1,5863,True,B,A,1,1,A
1,5864,True,A,B,3,1,B
1,5865,False,,,,,
1,5866,True,B,A,0,1,A
1,5867,True,A,B,4,1,B
1,5868,True,B,A,6,1,A
1,5869,True,B,A,1,2,A
1,5870,True,A,B,2,1,B
1,5871,True,B,A,1,1,A
1,5872,True,B,A,10,1,A
1,5873,True,B,A,6,1,A
1,5874,True,A,B,10,1,B
1,5875,True,B,A,3,1,A
1,5876,False,,,,,
1,5877,True,B,A,6,1,A
1,5878,True,A,B,2,1,B
1,5879,True,B,A,1,1,A
1,5880,True,A,B,1,2,B
1,5881,True,A,B,2,0,B
1,5882,True,B,A,0,1,A
1,5883,True,A,B,10,1,B
1,5884,True,A,B,3,1,B
1,5885,True,B,A,1,2,A
1,5886,False,,,,,
1,5887,True,A,B,2,0,B
1,5888,True,B,A,2,1,A
1,5889,True,A,B,10,1,B
1,5890,True,B,A,1,1,A
1,5891,True,B,A,0,1,A
1,5892,True,B,A,1,2,A
1,5893,True,A,B,1,2,B
1,5894,True,B,A,1,1,A
1,5895,True,B,A,10,1,A
1,5896,True,A,B,3,1,B
1,5897,True,A,B,2,1,B
1,5898,True,A,B,3,1,B
1,5899,True,A,B,1,2,B
1,5900,True,A,B,2,0,B
1,5901,True,A,B,2,1,B
1,5902,True,B,A,1,2,A
1,5903,False,,,,,
1,5904,True,B,A,2,1,A
1,5905,False,,,,,
1,5906,True,B,A,0,1,A
1,5907,True,B,A,1,2,A
1,5908,True,A,B,10,1,B
1,5909,True,B,A,3,1,A
1,5910,True,B,A,3,1,A
1,5911,False,,,,,
1,5912,False,,,,,
1,5913,True,A,B,4,1,B
1,5914,True,B,A,6,1,A
1,5915,False,,,,,
1,5916,False,,,,,
1,5917,True,A,B,1,1,B
1,5918,True,B,A,10,1,A
1,5919,True,B,A,2,1,A
1,5920,True,A,B,2,1,B
1,5921,False,,,,,
1,5922,True,B,A,2,1,A
1,5923,True,B,A,1,2,A
1,5924,True,B,A,4,1,A
1,5925,True,A,B,3,1,B
1,5926,True,A,B,2,1,B
1,5927,False,,,,,
1,5928,True,B,A,3,1,A
1,5929,True,B,A,1,1,A
1,5930,True,A,B,3,1,B
1,5931,True,A,B,2,0,B
1,5932,True,B,A,4,1,A
1,5933,True,A,B,10,1,B
1,5934,True,A,B,6,1,B
1,5935,True,B,A,3,1,A
1,5936,True,B,A,10,1,A
1,5937,True,A,B,1,2,B
1,5938,True,B,A,10,1,A
1,5939,True,B,A,3,1,A
1,5940,True,A,B,3,1,B
1,5941,True,A,B,6,1,B
1,5942,True,A,B,1,2,B
1,5943,False,,,,,
1,5944,True,B,A,2,1,A
1,5945,False,,,,,
1,5946,False,,,,,
1,5947,True,B,A,2,1,A
1,5948,True,B,A,10,1,A
1,5949,True,A,B,1,1,B
1,5950,True,A,B,2,0,B
1,5951,True,A,B,4,1,B
1,5952,True,B,A,1,1,A
1,5953,True,A,B,2,0,B
1,5954,True,A,B,1,1,B
1,5955,True,B,A,0,1,A
1,5956,True,A,B,1,1,B
1,5957,True,A,B,4,1,B
1,5958,True,A,B,4,1,B
1,5959,True,B,A,4,1,A
1,5960,True,B,A,1,2,A
1,5961,True,A,B,2,1,B
1,5962,True,B,A,1,2,A
1,5963,True,B,A,2,1,A
1,5964,True,B,A,0,1,A
1,5965,False,,,,,
1,5966,True,B,A,1,2,A
1,5967,True,B,A,0,1,A
1,5968,False,,,,,
1,5969,True,A,B,3,1,B
1,5970,True,A,B,3,1,B
1,5971,True,A,B,6,1,B
1,5972,True,B,A,6,1,A
1,5973,True,A,B,4,1,B
1,5974,True,A,B,1,2,B
1,5975,True,A,B,1,2,B
1,5976,True,B,A,2,1,A
1,5977,True,A,B,1,1,B
1,5978,True,B,A,4,1,A
1,5979,False,,,,,
1,5980,True,B,A,4,1,A
1,5981,True,B,A,0,1,A
1,5982,False,,,,,
1,5983,True,A,B,1,2,B
1,5984,True,B,A,10,1,A
1,5985,True,B,A,0,1,A
1,5986,False,,,,,
1,5987,True,B,A,1,1,A
1,5988,True,B,A,1,1,A
1,5989,True,B,A,0,1,A
1,5990,True,B,A,2,1,A
1,5991,True,A,B,1,1,B
1,5992,True,A,B,4,1,B
1,5993,True,A,B,1,2,B
1,5994,True,B,A,6,1,A
1,5995,False,,,,,
1,5996,True,B,A,3,1,A
1,5997,True,B,A,10,1,B
1,5998,True,A,B,2,1,B
1,5999,True,B,A,4,1,A
1,6000,True,B,A,4,1,A
1,6001,True,B,A,1,2,A
1,6002,False,,,,,
1,6003,False,,,,,
1,6004,True,B,A,6,1,A
1,6005,True,B,A,0,1,A
1,6006,True,B,A,10,1,A
1,6007,True,B,A,4,1,A
1,6008,False,,,,,
1,6009,True,B,A,10,1,A
1,6010,True,A,B,10,1,B
1,6011,True,A,B,1,2,B
1,6012,True,B,A,3,1,A
1,6013,True,A,B,6,1,B
1,6014,True,B,A,1,2,A
1,6015,True,B,A,6,1,A
1,6016,True,B,A,3,1,A
1,6017,True,B,A,3,1,A
1,6018,True,A,B,4,1,B
1,6019,True,B,A,4,1,A
1,6020,True,A,B,1,1,B
1,6021,True,B,A,4,1,A
1,6022,True,A,B,4,1,B
1,6023,True,B,A,3,1,A
1,6024,True,B,A,1,2,A
1,6025,True,A,B,2,0,B
1,6026,True,B,A,10,1,A
1,6027,True,B,A,6,1,A
1,6028,True,A,B,2,0,B
1,6029,True,A,B,2,1,B
1,6030,True,A,B,2,0,B
1,6031,True,A,B,4,1,B
1,6032,False,,,,,
1,6033,True,A,B,3,1,B
1,6034,True,A,B,1,1,B
1,6035,True,B,A,0,1,A
1,6036,True,A,B,3,1,B
1,6037,True,A,B,2,1,B
1,6038,True,A,B,2,0,B
1,6039,True,B,A,1,2,A
1,6040,True,A,B,3,1,B
1,6041,True,A,B,10,1,B
1,6042,True,A,B,10,1,B
1,6043,True,B,A,1,2,A
1,6044,True,A,B,1,2,B
1,6045,False,,,,,
1,6046,True,B,A,1,2,A
1,6047,True,B,A,10,1,A
1,6048,True,A,B,4,1,B
1,6049,True,B,A,10,1,A
1,6050,True,B,A,1,2,A
1,6051,False,,,,,
1,6052,True,A,B,10,1,B
1,6053,True,B,A,2,1,A
1,6054,True,B,A,10,1,A
1,6055,True,B,A,0,1,A
1,6056,True,B,A,3,1,A
1,6057,True,A,B,3,1,B
1,6058,True,A,B,2,0,B
1,6059,True,A,B,3,1,B
1,6060,True,A,B,3,1,B
1,6061,True,A,B,2,0,B
1,6062,True,A,B,6,1,B
1,6063,False,,,,,
1,6064,True,A,B,4,1,B
1,6065,True,A,B,10,1,B
1,6066,True,B,A,1,1,A
1,6067,True,B,A,6,1,A
1,6068,True,B,A,0,1,A
1,6069,True,B,A,1,2,A
1,6070,True,A,B,6,1,B
1,6071,True,B,A,0,1,A
1,6072,False,,,,,
1,6073,True,A,B,2,1,B
1,6074,True,A,B,3,1,B
1,6075,False,,,,,
1,6076,False,,,,,
1,6077,True,B,A,6,1,A
1,6078,True,B,A,1,2,A
1,6079,True,A,B,4,1,B
1,6080,True,A,B,4,1,B
1,6081,True,A,B,3,1,B
1,6082,True,A,B,2,0,B
1,6083,True,A,B,2,1,B
1,6084,True,A,B,1,1,B
1,6085,True,B,A,6,1,A
1,6086,False,,,,,
1,6087,False,,,,,
1,6088,True,B,A,1,1,A
1,6089,True,B,A,2,1,A
1,6090,True,A,B,1,1,B
1,6091,True,B,A,6,1,A
1,6092,True,B,A,2,1,A
1,6093,True,B,A,6,1,A
1,6094,True,B,A,6,1,A
1,6095,True,B,A,1,2,A
1,6096,True,B,A,2,1,A
1,6097,False,,,,,
1,6098,True,B,A,3,1,A
1,6099,True,B,A,6,1,A
1,6100,True,A,B,2,1,B
1,6101,True,A,B,2,1,B
1,6102,True,A,B,10,1,B
1,6103,True,B,A,1,1,A
1,6104,True,A,B,6,1,B
1,6105,False,,,,,
1,6106,True,A,B,6,1,B
1,6107,True,B,A,0,1,A
1,6108,True,B,A,4,1,A
1,6109,True,A,B,6,1,B
1,6110,True,A,B,1,1,B
1,6111,True,B,A,0,1,A
1,6112,True,B,A,6,1,A
1,6113,True,B,A,4,1,A
1,6114,True,A,B,1,2,B
1,6115,True,B,A,1,2,A
1,6116,False,,,,,
1,6117,True,A,B,3,1,B
1,6118,True,A,B,2,1,B
1,6119,True,A,B,1,1,B
1,6120,True,B,A,6,1,A
1,6121,False,,,,,
1,6122,True,B,A,1,2,A
1,6123,True,B,A,4,1,A
1,6124,True,A,B,1,1,B
1,6125,True,A,B,2,1,B
1,6126,True,B,A,10,1,A
1,6127,True,B,A,4,1,A
1,6128,True,A,B,2,0,B
1,6129,True,A,B,1,1,B
1,6130,True,A,B,3,1,B
1,6131,True,B,A,2,1,A
1,6132,True,A,B,10,1,B
1,6133,True,A,B,1,1,B
1,6134,True,B,A,1,1,A
1,6135,True,B,A,10,1,A
1,6136,True,B,A,1,1,A
1,6137,True,A,B,3,1,B
1,6138,True,B,A,3,1,A
1,6139,True,A,B,1,2,B
1,6140,True,B,A,1,1,A
1,6141,True,A,B,3,1,B
1,6142,True,B,A,3,1,A
1,6143,True,B,A,4,1,A
1,6144,True,B,A,6,1,A
1,6145,True,B,A,0,1,A
1,6146,True,A,B,3,1,B
1,6147,True,A,B,6,1,B
1,6148,True,B,A,1,1,A
1,6149,True,B,A,1,2,A
1,6150,True,B,A,10,1,A
1,6151,True,B,A,1,2,A
1,6152,True,B,A,1,2,A
1,6153,True,A,B,6,1,A
1,6154,True,B,A,3,1,A
1,6155,True,A,B,2,0,B
1,6156,True,B,A,0,1,A
1,6157,True,B,A,1,1,A
1,6158,True,B,A,10,1,A
1,6159,True,A,B,3,1,B
1,6160,True,B,A,1,1,A
1,6161,True,B,A,3,1,A
1,6162,True,B,A,2,1,A
1,6163,True,A,B,2,1,B
1,6164,True,A,B,6,1,B
1,6165,True,A,B,10,1,B
1,6166,True,A,B,6,1,B
1,6167,True,B,A,2,1,A
1,6168,True,B,A,1,1,A
1,6169,True,A,B,2,0,B
1,6170,True,B,A,10,1,A
1,6171,True,B,A,1,1,A
1,6172,True,B,A,3,1,A
1,6173,True,B,A,6,1,A
1,6174,True,B,A,6,1,A
1,6175,True,B,A,1,1,A
1,6176,True,B,A,0,1,A
1,6177,True,B,A,1,2,A
1,6178,True,B,A,2,1,A
1,6179,True,B,A,0,1,A
1,6180,True,A,B,3,1,B
1,6181,True,A,B,4,1,B
1,6182,True,A,B,6,1,B
1,6183,True,B,A,1,1,A
1,6184,True,A,B,10,1,B
1,6185,True,A,B,10,1,B
1,6186,True,A,B,1,2,B
1,6187,True,A,B,4,1,B
1,6188,True,B,A,4,1,A
1,6189,True,B,A,6,1,A
1,6190,True,B,A,1,1,A
1,6191,True,A,B,6,1,B
1,6192,True,B,A,1,2,A
1,6193,True,B,A,4,1,A
1,6194,True,A,B,4,1,B
1,6195,True,B,A,1,2,A
1,6196,True,B,A,4,1,A
1,6197,True,A,B,1,2,B
1,6198,False,,,,,
1,6199,True,A,B,6,1,B
1,6200,True,A,B,2,0,B
1,6201,True,B,A,4,1,A
1,6202,True,A,B,1,2,B
1,6203,True,A,B,4,1,B
1,6204,True,B,A,1,2,A
1,6205,False,,,,,
1,6206,True,B,A,1,1,A
1,6207,False,,,,,
1,6208,False,,,,,
1,6209,True,A,B,6,1,B
1,6210,True,A,B,1,2,B
1,6211,True,B,A,1,1,A
1,6212,True,A,B,1,2,B
1,6213,True,B,A,1,1,A
1,6214,True,A,B,2,0,B
1,6215,True,A,B,1,2,B
1,6216,True,A,B,3,1,B
1,6217,True,B,A,10,1,A
1,6218,True,B,A,10,1,A
1,6219,False,,,,,
1,6220,True,B,A,4,1,A
1,6221,True,A,B,10,1,B
1,6222,True,B,A,2,1,A
1,6223,True,B,A,4,1,A
1,6224,True,A,B,6,1,B
1,6225,True,B,A,3,1,A
1,6226,True,B,A,4,1,A
1,6227,True,B,A,2,1,A
1,6228,True,B,A,2,1,A
1,6229,True,B,A,4,1,A
1,6230,True,A,B,1,1,B
1,6231,True,A,B,1,1,B
1,6232,True,B,A,1,1,A
1,6233,False,,,,,
1,6234,True,A,B,4,1,B
1,6235,True,A,B,3,1,B
1,6236,True,B,A,0,1,A
1,6237,True,B,A,4,1,A
1,6238,True,B,A,10,1,A
1,6239,True,B,A,3,1,A
1,6240,False,,,,,
1,6241,True,B,A,1,2,A
1,6242,True,A,B,2,0,B
1,6243,True,A,B,10,1,B
1,6244,True,A,B,4,1,B
1,6245,False,,,,,
1,6246,True,A,B,4,1,B
1,6247,True,A,B,10,1,B
1,6248,True,A,B,1,2,B
1,6249,True,B,A,1,1,A
1,6250,True,A,B,1,1,B
1,6251,True,A,B,1,1,B
1,6252,True,B,A,0,1,A
1,6253,False,,,,,
1,6254,True,A,B,1,1,B
1,6255,True,A,B,2,0,B
1,6256,True,A,B,3,1,B
1,6257,True,B,A,1,1,A
1,6258,True,B,A,2,1,A
1,6259,True,B,A,10,1,A
1,6260,True,A,B,10,1,B
1,6261,True,B,A,2,1,A
1,6262,True,A,B,1,1,B
1,6263,False,,,,,
1,6264,True,A,B,1,2,B
1,6265,True,B,A,4,1,A
1,6266,True,B,A,1,2,A
1,6267,True,A,B,1,1,B
1,6268,True,A,B,4,1,B
1,6269,True,A,B,1,1,B
1,6270,True,B,A,1,2,A
1,6271,True,B,A,6,1,A
1,6272,True,A,B,1,1,B
1,6273,True,B,A,1,2,A
1,6274,True,B,A,2,1,A
1,6275,True,A,B,6,1,B
1,6276,True,B,A,2,1,A
1,6277,True,A,B,1,1,B
1,6278,False,,,,,
1,6279,True,A,B,2,1,B
1,6280,True,A,B,2,0,B
1,6281,True,B,A,1,1,A
1,6282,True,A,B,2,0,B
1,6283,True,B,A,10,1,A
1,6284,True,A,B,2,0,B
1,6285,True,B,A,6,1,A
1,6286,False,,,,,
1,6287,True,B,A,1,1,A
1,6288,True,A,B,3,1,B
1,6289,True,B,A,3,1,A
1,6290,True,A,B,4,1,B
1,6291,False,,,,,
1,6292,True,A,B,2,0,B
1,6293,True,B,A,1,2,A
1,6294,True,A,B,2,1,B
1,6295,False,,,,,
1,6296,False,,,,,
1,6297,True,B,A,3,1,A
1,6298,True,B,A,0,1,A
1,6299,False,,,,,
1,6300,True,B,A,1,1,A
1,6301,True,B,A,0,1,A
1,6302,True,B,A,10,1,A
1,6303,True,A,B,3,1,B
1,6304,True,B,A,1,1,A
1,6305,True,B,A,4,1,A
1,6306,True,A,B,3,1,B
1,6307,True,A,B,4,1,B
1,6308,True,A,B,10,1,B
1,6309,True,A,B,3,1,B
1,6310,True,B,A,10,1,A
1,6311,True,A,B,2,1,B
1,6312,True,B,A,1,1,A
1,6313,True,B,A,10,1,A
1,6314,True,A,B,10,1,B
1,6315,True,B,A,3,1,A
1,6316,True,A,B,2,0,B
1,6317,True,B,A,1,1,A
1,6318,True,B,A,3,1,A
1,6319,True,A,B,6,1,B
1,6320,True,A,B,2,1,B
1,6321,True,A,B,1,2,B
1,6322,True,A,B,1,1,B
1,6323,True,B,A,6,1,A
1,6324,True,A,B,2,1,B
1,6325,True,A,B,10,1,B
1,6326,False,,,,,
1,6327,True,A,B,3,1,B
1,6328,True,A,B,1,2,B
1,6329,True,A,B,2,0,B
1,6330,True,A,B,1,1,B
1,6331,True,B,A,10,1,A
1,6332,True,A,B,4,1,B
1,6333,True,A,B,2,0,B
1,6334,True,B,A,0,1,A
1,6335,True,B,A,4,1,A
1,6336,True,B,A,1,1,A
1,6337,True,B,A,1,1,A
1,6338,True,B,A,4,1,A
1,6339,True,A,B,1,1,B
1,6340,True,B,A,10,1,A
1,6341,True,B,A,6,1,A
1,6342,True,A,B,3,1,B
1,6343,True,B,A,6,1,A
1,6344,True,B,A,1,1,A
1,6345,True,B,A,1,2,A
1,6346,False,,,,,
1,6347,True,A,B,2,0,B
1,6348,True,A,B,3,1,B
1,6349,True,B,A,2,1,A
1,6350,False,,,,,
1,6351,True,B,A,0,1,A
1,6352,True,B,A,1,2,A
1,6353,True,B,A,1,1,A
1,6354,False,,,,,
1,6355,True,A,B,1,1,B
1,6356,True,A,B,1,2,B
1,6357,True,A,B,1,2,B
1,6358,True,A,B,2,0,B
1,6359,True,A,B,10,1,B
1,6360,True,A,B,4,1,B
1,6361,False,,,,,
1,6362,True,A,B,4,1,B
1,6363,True,B,A,1,1,A
1,6364,True,A,B,10,1,B
1,6365,True,A,B,3,1,B
1,6366,True,A,B,4,1,B
1,6367,True,B,A,2,1,A
1,6368,False,,,,,
1,6369,True,B,A,1,1,A
1,6370,True,B,A,0,1,A
1,6371,True,A,B,2,0,B
1,6372,True,B,A,4,1,A
1,6373,True,B,A,4,1,A
1,6374,True,B,A,3,1,A
1,6375,True,A,B,3,1,B
1,6376,True,B,A,6,1,A
1,6377,True,A,B,4,1,B
1,6378,True,A,B,10,1,B
1,6379,True,A,B,10,1,B
1,6380,True,B,A,1,2,A
1,6381,True,B,A,3,1,A
1,6382,True,B,A,2,1,A
1,6383,True,B,A,10,1,A
1,6384,True,A,B,10,1,B
1,6385,True,A,B,6,1,B
1,6386,True,B,A,3,1,A
1,6387,False,,,,,
1,6388,True,A,B,6,1,B
1,6389,True,B,A,2,1,A
1,6390,True,B,A,4,1,A
1,6391,True,B,A,6,1,A
1,6392,False,,,,,
1,6393,True,A,B,3,1,B
1,6394,True,A,B,3,1,B
1,6395,True,A,B,1,2,B
1,6396,True,A,B,1,1,B
1,6397,True,B,A,1,2,A
1,6398,True,B,A,3,1,A
1,6399,True,B,A,4,1,A
1,6400,True,A,B,1,2,B
1,6401,True,A,B,1,1,B
1,6402,True,B,A,1,2,A
1,6403,True,A,B,2,1,B
1,6404,True,B,A,0,1,A
1,6405,True,A,B,2,1,B
1,6406,True,B,A,1,1,A
1,6407,True,A,B,1,1,B
1,6408,True,A,B,2,1,B
1,6409,True,A,B,2,1,B
1,6410,True,B,A,3,1,A
1,6411,True,B,A,4,1,A
1,6412,True,A,B,4,1,B
1,6413,True,A,B,2,1,B
1,6414,True,A,B,3,1,B
1,6415,True,A,B,1,2,B
1,6416,True,B,A,1,2,A
1,6417,True,A,B,1,1,B
1,6418,True,B,A,3,1,A
1,6419,True,B,A,0,1,A
1,6420,True,A,B,2,1,B
1,6421,True,B,A,0,1,A
1,6422,True,B,A,0,1,A
1,6423,True,B,A,1,1,A
1,6424,True,A,B,1,1,B
1,6425,True,B,A,1,1,A
1,6426,True,B,A,10,1,A
1,6427,True,A,B,4,1,B
1,6428,False,,,,,
1,6429,True,A,B,1,1,B
1,6430,True,B,A,6,1,A
1,6431,True,A,B,4,1,B
1,6432,True,B,A,4,1,A
1,6433,False,,,,,
1,6434,True,B,A,1,1,A
1,6435,True,B,A,3,1,A
1,6436,False,,,,,
1,6437,True,A,B,1,1,B
1,6438,True,B,A,1,1,A
1,6439,True,A,B,10,1,B
1,6440,False,,,,,
1,6441,True,A,B,2,1,B
1,6442,False,,,,,
1,6443,True,B,A,2,1,A
1,6444,True,A,B,2,1,B
1,6445,True,B,A,6,1,A
1,6446,True,B,A,0,1,A
1,6447,False,,,,,
1,6448,True,A,B,3,1,B
1,6449,True,B,A,1,2,A
1,6450,True,B,A,2,1,A
1,6451,True,B,A,1,2,A
1,6452,True,B,A,1,1,A
1,6453,False,,,,,
1,6454,True,A,B,2,0,B
1,6455,True,B,A,4,1,A
1,6456,True,A,B,10,1,B
1,6457,True,B,A,4,1,A
1,6458,True,A,B,10,1,B
1,6459,True,A,B,1,1,B
1,6460,False,,,,,
1,6461,True,A,B,2,0,B
1,6462,True,B,A,2,1,A
1,6463,False,,,,,
1,6464,False,,,,,
1,6465,True,A,B,2,0,B
1,6466,True,B,A,4,1,A
1,6467,False,,,,,
1,6468,False,,,,,
1,6469,True,B,A,1,2,A
1,6470,True,A,B,2,0,B
1,6471,True,B,A,4,1,A
1,6472,True,A,B,2,1,B
1,6473,True,B,A,10,1,A
1,6474,True,A,B,1,1,B
1,6475,True,B,A,10,1,A
1,6476,True,B,A,1,2,A
1,6477,True,B,A,0,1,A
1,6478,True,A,B,1,2,B
1,6479,True,B,A,0,1,A
1,6480,True,B,A,1,1,A
1,6481,True,A,B,2,0,B
1,6482,True,B,A,1,2,A
1,6483,True,A,B,6,1,B
1,6484,True,B,A,3,1,A
1,6485,True,A,B,4,1,B
1,6486,True,A,B,6,1,B
1,6487,True,B,A,1,1,A
1,6488,True,A,B,4,1,B
1,6489,True,A,B,10,1,B
1,6490,True,B,A,1,2,A
1,6491,True,B,A,6,1,A
1,6492,True,A,B,2,1,B
1,6493,True,A,B,10,1,B
1,6494,True,A,B,4,1,B
1,6495,True,B,A,10,1,A
1,6496,True,B,A,2,1,A
1,6497,True,A,B,1,1,B
1,6498,True,B,A,0,1,A
1,6499,True,A,B,2,1,B
1,6500,True,A,B,1,2,B
1,6501,False,,,,,
1,6502,True,B,A,4,1,A
1,6503,True,B,A,2,1,A
1,6504,True,A,B,2,1,B
1,6505,True,B,A,4,1,A
1,6506,True,B,A,4,1,A
1,6507,True,A,B,2,0,B
1,6508,True,A,B,1,2,B
1,6509,True,B,A,6,1,A
1,6510,True,A,B,2,1,B
1,6511,True,B,A,1,2,A
1,6512,True,B,A,6,1,A
1,6513,True,A,B,2,1,B
1,6514,True,A,B,3,1,B
1,6515,True,A,B,1,1,B
1,6516,True,A,B,1,1,B
1,6517,True,A,B,1,2,B
1,6518,True,A,B,3,1,B
1,6519,True,A,B,3,1,B
1,6520,True,B,A,3,1,A
1,6521,True,A,B,6,1,B
1,6522,True,B,A,0,1,A
1,6523,True,B,A,6,1,A
1,6524,False,,,,,
1,6525,True,A,B,1,1,B
1,6526,True,A,B,3,1,B
1,6527,False,,,,,
1,6528,True,A,B,2,0,B
1,6529,True,B,A,1,1,A
1,6530,True,B,A,10,1,A
1,6531,True,B,A,10,1,A
1,6532,True,A,B,3,1,B
1,6533,True,A,B,4,1,B
1,6534,True,B,A,0,1,A
1,6535,True,B,A,6,1,A
1,6536,True,A,B,6,1,B
1,6537,True,B,A,1,1,A
1,6538,True,A,B,2,0,B
1,6539,True,B,A,1,2,A
1,6540,False,,,,,
1,6541,True,A,B,1,2,B
1,6542,True,A,B,1,2,B
1,6543,True,A,B,1,1,B
1,6544,True,B,A,3,1,A
1,6545,True,A,B,3,1,B
1,6546,True,A,B,1,1,B
1,6547,True,B,A,4,1,B
1,6548,True,A,B,10,1,B
1,6549,True,B,A,1,1,A
1,6550,True,A,B,2,0,B
1,6551,True,A,B,4,1,B
1,6552,True,B,A,10,1,A
1,6553,True,B,A,10,1,A
1,6554,True,A,B,1,2,B
1,6555,True,A,B,2,1,B
1,6556,True,B,A,3,1,A
1,6557,True,B,A,0,1,A
1,6558,True,A,B,1,1,B
1,6559,True,B,A,3,1,A
1,6560,True,A,B,2,1,B
1,6561,True,A,B,3,1,B
1,6562,True,B,A,6,1,A
1,6563,True,B,A,10,1,A
1,6564,True,B,A,1,1,A
1,6565,True,B,A,2,1,A
1,6566,True,B,A,0,1,A
1,6567,True,B,A,3,1,A
1,6568,True,B,A,0,1,A
1,6569,True,A,B,6,1,B
1,6570,True,B,A,2,1,A
1,6571,True,A,B,3,1,B
1,6572,True,A,B,2,0,B
1,6573,True,B,A,0,1,A
1,6574,True,A,B,10,1,B
1,6575,True,A,B,1,1,B
1,6576,False,,,,,
1,6577,True,B,A,3,1,A
1,6578,True,A,B,2,0,B
1,6579,True,A,B,2,1,B
1,6580,True,B,A,1,2,A
1,6581,True,B,A,6,1,A
1,6582,True,A,B,2,1,B
1,6583,True,A,B,1,2,B
1,6584,True,B,A,10,1,A
1,6585,True,A,B,2,0,B
1,6586,True,A,B,2,0,B
1,6587,True,A,B,1,2,B
1,6588,False,,,,,
1,6589,True,A,B,10,1,B
1,6590,True,B,A,3,1,A
1,6591,True,B,A,3,1,A
1,6592,True,B,A,3,1,A
1,6593,True,A,B,6,1,B
1,6594,True,B,A,10,1,A
1,6595,True,B,A,2,1,A
1,6596,True,B,A,4,1,A
1,6597,False,,,,,
1,6598,True,A,B,6,1,B
1,6599,True,B,A,3,1,A
1,6600,True,B,A,6,1,A
1,6601,True,A,B,4,1,B
1,6602,True,A,B,6,1,B
1,6603,True,A,B,1,2,B
1,6604,True,A,B,1,2,B
1,6605,True,B,A,1,1,A
1,6606,False,,,,,
1,6607,True,B,A,2,1,A
1,6608,True,A,B,3,1,B
1,6609,True,A,B,2,1,B
1,6610,True,A,B,1,1,B
1,6611,True,B,A,3,1,A
1,6612,True,A,B,4,1,B
1,6613,True,B,A,4,1,A
1,6614,True,B,A,1,2,A
1,6615,True,B,A,3,1,A
1,6616,True,A,B,4,1,B
1,6617,True,A,B,2,1,B
1,6618,True,A,B,3,1,B
1,6619,True,A,B,10,1,B
1,6620,True,B,A,4,1,A
1,6621,True,A,B,6,1,B
1,6622,True,A,B,2,1,B
1,6623,True,A,B,2,1,B
1,6624,True,B,A,2,1,A
1,6625,True,A,B,2,1,B
1,6626,True,B,A,2,1,A
1,6627,True,A,B,2,0,B
1,6628,True,A,B,2,1,B
1,6629,True,A,B,3,1,B
1,6630,False,,,,,
1,6631,False,,,,,
1,6632,False,,,,,
1,6633,True,A,B,3,1,B
1,6634,True,A,B,2,0,B
1,6635,True,A,B,6,1,B
1,6636,True,A,B,3,1,B
1,6637,False,,,,,
1,6638,True,B,A,0,1,A
1,6639,True,B,A,6,1,A
1,6640,True,A,B,10,1,B
1,6641,True,B,A,1,1,A
1,6642,True,A,B,3,1,B
1,6643,True,A,B,10,1,B
1,6644,True,A,B,6,1,B
1,6645,True,B,A,3,1,A
1,6646,True,A,B,2,1,B
1,6647,True,A,B,4,1,B
1,6648,False,,,,,
1,6649,True,A,B,1,2,B
1,6650,True,A,B,1,2,B
1,6651,True,B,A,4,1,A
1,6652,True,A,B,1,2,B
1,6653,True,B,A,0,1,A
1,6654,True,A,B,2,1,B
1,6655,False,,,,,
1,6656,True,A,B,6,1,B
1,6657,True,B,A,3,1,B
1,6658,True,B,A,1,1,A
1,6659,True,A,B,6,1,B
1,6660,True,B,A,10,1,A
1,6661,True,A,B,2,0,B
1,6662,True,A,B,1,2,B
1,6663,True,B,A,10,1,A
1,6664,True,A,B,1,1,B
1,6665,True,B,A,2,1,A
1,6666,True,A,B,1,1,B
1,6667,True,B,A,2,1,A
1,6668,True,B,A,6,1,A
1,6669,True,B,A,6,1,A
1,6670,True,A,B,2,0,B
1,6671,True,B,A,2,1,A
1,6672,True,A,B,6,1,B
1,6673,True,A,B,2,1,B
1,6674,True,A,B,1,1,B
1,6675,False,,,,,
1,6676,True,A,B,3,1,B
1,6677,False,,,,,
1,6678,True,A,B,2,0,B
1,6679,True,A,B,3,1,B
1,6680,True,A,B,1,1,B
1,6681,False,,,,,
1,6682,True,B,A,3,1,A
1,6683,True,A,B,1,1,B
1,6684,False,,,,,
1,6685,True,B,A,6,1,A
1,6686,True,A,B,4,1,B
1,6687,True,A,B,2,0,B
1,6688,True,B,A,6,1,A
1,6689,True,A,B,10,1,B
1,6690,True,B,A,10,1,A
1,6691,True,B,A,6,1,A
1,6692,False,,,,,
1,6693,True,B,A,1,1,A
1,6694,True,B,A,2,1,A
1,6695,True,A,B,1,1,B
1,6696,True,A,B,2,0,B
1,6697,True,B,A,0,1,A
1,6698,True,A,B,6,1,B
1,6699,True,A,B,10,1,B
1,6700,True,A,B,1,2,B
1,6701,True,B,A,6,1,A
1,6702,True,A,B,10,1,B
1,6703,True,A,B,6,1,B
1,6704,True,B,A,6,1,A
1,6705,True,B,A,10,1,A
1,6706,True,B,A,6,1,A
1,6707,True,A,B,4,1,B
1,6708,True,A,B,10,1,B
1,6709,True,A,B,4,1,B
1,6710,True,A,B,1,2,B
1,6711,True,B,A,6,1,A
1,6712,True,A,B,6,1,B
1,6713,True,B,A,2,1,A
1,6714,False,,,,,
1,6715,True,A,B,6,1,B
1,6716,True,A,B,4,1,B
1,6717,True,B,A,1,1,A
1,6718,True,A,B,1,1,B
1,6719,True,A,B,1,1,B
1,6720,True,A,B,6,1,B
1,6721,True,B,A,10,1,A
1,6722,True,B,A,4,1,A
1,6723,True,B,A,0,1,A
1,6724,True,B,A,6,1,A
1,6725,True,B,A,6,1,A
1,6726,True,A,B,1,2,B
1,6727,True,B,A,3,1,A
1,6728,True,A,B,10,1,B
1,6729,True,A,B,3,1,B
1,6730,False,,,,,
1,6731,True,B,A,0,1,A
1,6732,True,A,B,10,1,B
1,6733,True,A,B,2,0,B
1,6734,True,B,A,4,1,A
1,6735,True,B,A,3,1,A
1,6736,False,,,,,
1,6737,True,B,A,1,1,A
1,6738,True,B,A,4,1,A
1,6739,True,B,A,3,1,A
1,6740,True,A,B,2,0,B
1,6741,True,A,B,3,1,B
1,6742,False,,,,,
1,6743,True,B,A,2,1,A
1,6744,False,,,,,
1,6745,True,B,A,6,1,A
1,6746,True,A,B,2,0,B
1,6747,True,A,B,1,1,B
1,6748,True,B,A,1,2,A
1,6749,True,A,B,6,1,B
1,6750,True,B,A,10,1,A
1,6751,False,,,,,
1,6752,True,A,B,2,0,B
1,6753,False,,,,,
1,6754,True,A,B,2,1,B
1,6755,True,A,B,4,1,B
1,6756,False,,,,,
1,6757,True,B,A,3,1,A
1,6758,True,A,B,4,1,B
1,6759,True,A,B,2,0,B
1,6760,True,A,B,1,2,B
1,6761,False,,,,,
1,6762,True,B,A,4,1,A
1,6763,True,A,B,1,1,B
1,6764,True,A,B,1,1,B
1,6765,True,B,A,10,1,A
1,6766,True,A,B,4,1,B
1,6767,True,B,A,6,1,A
1,6768,True,A,B,10,1,B
1,6769,True,B,A,6,1,A
1,6770,True,A,B,2,1,B
1,6771,True,A,B,6,1,B
1,6772,True,A,B,6,1,B
1,6773,True,A,B,1,1,B
1,6774,True,B,A,10,1,A
1,6775,True,B,A,6,1,A
1,6776,True,A,B,10,1,B
1,6777,True,A,B,6,1,B
1,6778,True,A,B,1,2,B
1,6779,True,B,A,4,1,A
1,6780,True,A,B,1,2,B
1,6781,True,B,A,3,1,A
1,6782,True,B,A,2,1,A
1,6783,True,A,B,1,1,B
1,6784,True,B,A,3,1,A
1,6785,True,A,B,2,0,B
1,6786,True,B,A,4,1,A
1,6787,True,A,B,1,2,B
1,6788,True,A,B,1,2,B
1,6789,False,,,,,
1,6790,True,B,A,2,1,A
1,6791,True,B,A,1,1,A
1,6792,True,A,B,1,1,B
1,6793,True,A,B,4,1,B
1,6794,True,B,A,4,1,A
1,6795,True,B,A,4,1,A
1,6796,False,,,,,
1,6797,True,B,A,1,1,A
1,6798,True,B,A,6,1,A
1,6799,True,B,A,3,1,A
1,6800,True,B,A,2,1,A
1,6801,True,A,B,6,1,B
1,6802,True,B,A,1,2,A
1,6803,True,A,B,2,0,B
1,6804,True,A,B,4,1,B
1,6805,True,B,A,10,1,A
1,6806,True,B,A,1,2,A
1,6807,True,B,A,0,1,A
1,6808,True,A,B,2,1,B
1,6809,True,B,A,6,1,A
1,6810,True,A,B,1,1,B
1,6811,True,B,A,0,1,A
1,6812,True,B,A,1,2,A
1,6813,True,B,A,6,1,A
1,6814,True,B,A,3,1,A
1,6815,False,,,,,
1,6816,True,B,A,4,1,A
1,6817,True,B,A,2,1,A
1,6818,True,A,B,2,0,B
1,6819,True,A,B,2,1,B
1,6820,True,A,B,6,1,B
1,6821,True,A,B,1,1,B
1,6822,True,A,B,2,0,B
1,6823,True,A,B,3,1,B
1,6824,True,A,B,10,1,B
1,6825,True,B,A,1,2,A
1,6826,True,A,B,2,1,B
1,6827,True,B,A,1,1,A
1,6828,True,A,B,2,0,B
1,6829,True,B,A,6,1,A
1,6830,True,A,B,3,1,B
1,6831,True,A,B,2,1,B
1,6832,False,,,,,
1,6833,True,A,B,1,1,B
1,6834,True,A,B,2,1,B
1,6835,True,A,B,1,2,B
1,6836,True,A,B,10,1,B
1,6837,True,A,B,3,1,B
1,6838,False,,,,,
1,6839,True,B,A,10,1,A
1,6840,True,B,A,1,1,A
1,6841,True,B,A,3,1,A
1,6842,True,A,B,1,2,B
1,6843,True,A,B,1,1,B
1,6844,False,,,,,
1,6845,True,A,B,6,1,B
1,6846,True,B,A,1,1,A
1,6847,True,B,A,1,1,A
1,6848,True,B,A,0,1,A
1,6849,True,A,B,6,1,B
1,6850,True,B,A,1,2,A
1,6851,True,B,A,0,1,A
1,6852,False,,,,,
1,6853,True,A,B,1,1,B
1,6854,True,B,A,4,1,A
1,6855,True,A,B,10,1,B
1,6856,True,A,B,4,1,B
1,6857,True,B,A,4,1,A
1,6858,True,A,B,1,1,B
1,6859,True,A,B,2,0,B
1,6860,True,A,B,6,1,B
1,6861,True,B,A,0,1,A
1,6862,True,A,B,10,1,B
1,6863,True,A,B,6,1,B
1,6864,True,B,A,4,1,A
1,6865,True,B,A,0,1,A
1,6866,True,B,A,10,1,A
1,6867,True,B,A,4,1,A
1,6868,True,A,B,2,1,B
1,6869,False,,,,,
1,6870,True,B,A,1,2,A
1,6871,True,A,B,10,1,B
1,6872,True,B,A,1,2,A
1,6873,True,A,B,6,1,B
1,6874,True,B,A,0,1,A
1,6875,True,A,B,4,1,B
1,6876,True,A,B,2,0,B
1,6877,True,A,B,2,0,B
1,6878,True,A,B,6,1,B
1,6879,True,A,B,1,2,B
1,6880,True,B,A,10,1,A
1,6881,True,B,A,1,2,A
1,6882,False,,,,,
1,6883,True,B,A,1,2,A
1,6884,True,A,B,2,0,B
1,6885,True,B,A,1,1,A
1,6886,True,B,A,1,1,A
1,6887,True,A,B,10,1,B
1,6888,True,A,B,1,1,B
1,6889,True,A,B,2,1,B
1,6890,True,B,A,0,1,A
1,6891,False,,,,,
1,6892,True,A,B,4,1,B
1,6893,True,B,A,10,1,A
1,6894,True,B,A,0,1,A
1,6895,True,A,B,1,1,B
1,6896,True,B,A,1,2,A
1,6897,True,B,A,6,1,A
1,6898,True,B,A,2,1,A
1,6899,True,A,B,2,0,B
1,6900,True,A,B,1,1,B
1,6901,False,,,,,
1,6902,True,B,A,3,1,A
1,6903,True,A,B,3,1,B
1,6904,True,A,B,2,1,B
1,6905,True,A,B,1,2,B
1,6906,True,A,B,1,2,B
1,6907,True,A,B,2,0,B
1,6908,True,A,B,10,1,B
1,6909,True,B,A,3,1,A
1,6910,True,A,B,1,2,B
1,6911,True,B,A,1,2,A
1,6912,True,A,B,1,2,B
1,6913,True,B,A,0,1,A
1,6914,True,B,A,10,1,A
1,6915,True,B,A,0,1,A
1,6916,True,A,B,1,1,B
1,6917,True,A,B,1,2,B
1,6918,True,B,A,1,1,A
1,6919,True,A,B,3,1,B
1,6920,True,B,A,10,1,A
1,6921,True,A,B,10,1,B
1,6922,True,A,B,1,1,B
1,6923,True,A,B,3,1,B
1,6924,False,,,,,
1,6925,True,B,A,10,1,A
1,6926,True,A,B,2,1,B
1,6927,True,B,A,1,1,A
1,6928,True,B,A,0,1,A
1,6929,True,A,B,10,1,B
1,6930,True,B,A,1,1,A
1,6931,False,,,,,
1,6932,True,B,A,4,1,A
1,6933,True,A,B,1,2,B
1,6934,True,A,B,4,1,B
1,6935,True,B,A,1,1,A
1,6936,True,B,A,0,1,A
1,6937,True,B,A,1,2,A
1,6938,True,B,A,10,1,A
1,6939,True,A,B,1,2,B
1,6940,True,A,B,2,1,B
1,6941,True,B,A,1,1,A
1,6942,True,B,A,10,1,A
1,6943,True,B,A,6,1,A
1,6944,True,A,B,4,1,B
1,6945,True,B,A,6,1,A
1,6946,True,A,B,1,2,B
1,6947,True,A,B,4,1,B
1,6948,True,B,A,1,2,A
1,6949,False,,,,,
1,6950,True,B,A,0,1,A
1,6951,True,B,A,0,1,A
1,6952,True,A,B,1,1,B
1,6953,False,,,,,
1,6954,True,A,B,6,1,B
1,6955,True,A,B,6,1,B
1,6956,False,,,,,
1,6957,True,B,A,1,1,A
1,6958,True,B,A,0,1,A
1,6959,True,B,A,6,1,A
1,6960,True,B,A,0,1,A
1,6961,False,,,,,
1,6962,True,B,A,6,1,A
1,6963,True,A,B,1,1,B
1,6964,True,B,A,0,1,A
1,6965,True,B,A,1,2,A
1,6966,True,B,A,4,1,A
1,6967,True,A,B,1,1,B
1,6968,True,A,B,1,1,B
1,6969,True,B,A,10,1,A
1,6970,True,B,A,1,1,A
1,6971,False,,,,,
1,6972,True,B,A,4,1,A
1,6973,True,B,A,4,1,A
1,6974,True,A,B,1,2,B
1,6975,True,B,A,6,1,A
1,6976,True,B,A,10,1,A
1,6977,True,A,B,2,1,B
1,6978,False,,,,,
1,6979,True,A,B,10,1,B
1,6980,True,B,A,2,1,A
1,6981,True,A,B,6,1,B
1,6982,True,B,A,1,2,A
1,6983,True,A,B,6,1,B
1,6984,True,B,A,4,1,A
1,6985,True,B,A,0,1,A
1,6986,True,A,B,3,1,B
1,6987,True,A,B,4,1,B
1,6988,True,A,B,4,1,B
1,6989,True,A,B,1,2,B
1,6990,True,B,A,4,1,A
1,6991,True,B,A,3,1,A
1,6992,True,B,A,1,1,A
1,6993,True,B,A,3,1,A
1,6994,False,,,,,
1,6995,True,A,B,1,1,B
1,6996,True,A,B,3,1,B
1,6997,True,B,A,1,2,A
1,6998,True,B,A,3,1,A
1,6999,True,A,B,1,1,B
1,7000,False,,,,,
1,7001,True,A,B,10,1,B
1,7002,True,A,B,4,1,B
1,7003,True,A,B,2,0,B
1,7004,False,,,,,
1,7005,True,B,A,2,1,A
1,7006,False,,,,,
1,7007,True,A,B,1,2,B
1,7008,True,A,B,4,1,B
1,7009,True,B,A,10,1,A
1,7010,True,A,B,6,1,B
1,7011,False,,,,,
1,7012,True,A,B,2,1,B
1,7013,True,A,B,3,1,B
1,7014,True,A,B,4,1,B
1,7015,True,B,A,3,1,A
1,7016,True,B,A,4,1,A
1,7017,True,A,B,10,1,B
1,7018,True,B,A,10,1,A
1,7019,True,B,A,0,1,A
1,7020,False,,,,,
1,7021,True,A,B,6,1,B
1,7022,True,A,B,6,1,B
1,7023,True,B,A,3,1,A
1,7024,True,A,B,1,1,B
1,7025,True,B,A,6,1,A
1,7026,True,A,B,1,1,B
1,7027,True,A,B,4,1,B
1,7028,True,A,B,6,1,B
1,7029,True,B,A,3,1,A
1,7030,True,B,A,1,1,A
1,7031,True,B,A,3,1,A
1,7032,True,B,A,6,1,A
1,7033,True,A,B,2,1,B
1,7034,True,B,A,2,1,A
1,7035,True,A,B,1,2,B
1,7036,True,B,A,6,1,A
1,7037,True,B,A,2,1,A
1,7038,True,B,A,2,1,A
1,7039,True,B,A,1,2,A
1,7040,False,,,,,
1,7041,True,A,B,6,1,B
1,7042,True,A,B,10,1,B
1,7043,True,B,A,1,2,A
1,7044,True,B,A,1,1,A
1,7045,True,A,B,2,0,B
1,7046,False,,,,,
1,7047,True,A,B,1,2,B
1,7048,True,B,A,10,1,A
1,7049,False,,,,,
1,7050,True,B,A,4,1,A
1,7051,True,B,A,2,1,A
1,7052,True,A,B,10,1,B
1,7053,True,B,A,2,1,A
1,7054,True,B,A,1,1,A
1,7055,True,B,A,6,1,A
1,7056,True,B,A,1,2,A
1,7057,True,B,A,0,1,A
1,7058,True,A,B,10,1,B
1,7059,True,A,B,3,1,B
1,7060,True,B,A,4,1,A
1,7061,True,B,A,6,1,A
1,7062,True,B,A,6,1,A
1,7063,True,B,A,10,1,A
1,7064,True,A,B,3,1,B
1,7065,True,B,A,6,1,A
1,7066,True,A,B,3,1,B
1,7067,True,A,B,3,1,B
1,7068,True,B,A,1,1,A
1,7069,True,A,B,6,1,B
1,7070,True,A,B,2,0,B
1,7071,False,,,,,
1,7072,True,A,B,6,1,B
1,7073,True,B,A,0,1,A
1,7074,True,B,A,1,1,A
1,7075,False,,,,,
1,7076,True,B,A,0,1,A
1,7077,True,B,A,10,1,A
1,7078,True,A,B,1,2,B
1,7079,True,B,A,1,2,A
1,7080,True,B,A,4,1,A
1,7081,True,A,B,6,1,B
1,7082,True,B,A,1,2,A
1,7083,True,B,A,4,1,A
1,7084,True,A,B,2,0,B
1,7085,True,A,B,2,1,B
1,7086,True,B,A,1,2,A
1,7087,True,A,B,1,1,B
1,7088,True,A,B,6,1,B
1,7089,True,A,B,6,1,B
1,7090,True,A,B,2,1,B
1,7091,False,,,,,
1,7092,False,,,,,
1,7093,True,B,A,2,1,A
1,7094,True,B,A,0,1,A
1,7095,False,,,,,
1,7096,True,A,B,3,1,B
1,7097,False,,,,,
1,7098,True,A,B,4,1,B
1,7099,True,B,A,3,1,A
1,7100,True,A,B,4,1,B
1,7101,False,,,,,
1,7102,True,B,A,10,1,A
1,7103,True,A,B,4,1,B
1,7104,True,A,B,3,1,B
1,7105,True,B,A,6,1,A
1,7106,True,B,A,1,1,A
1,7107,True,A,B,10,1,B
1,7108,True,B,A,4,1,A
1,7109,True,B,A,4,1,A
1,7110,True,A,B,1,1,B
1,7111,True,B,A,6,1,A
1,7112,True,A,B,1,1,B
1,7113,True,B,A,6,1,A
1,7114,True,B,A,2,1,A
1,7115,True,A,B,6,1,B
1,7116,True,A,B,1,1,B
1,7117,True,A,B,10,1,B
1,7118,True,A,B,1,1,B
1,7119,True,A,B,10,1,B
1,7120,False,,,,,
1,7121,True,A,B,10,1,B
1,7122,True,A,B,2,1,B
1,7123,True,B,A,2,1,A
1,7124,True,B,A,1,1,A
1,7125,True,B,A,6,1,A
1,7126,True,A,B,1,1,B
1,7127,True,A,B,1,2,B
1,7128,True,B,A,3,1,A
1,7129,False,,,,,
1,7130,True,B,A,1,1,A
1,7131,False,,,,,
1,7132,True,A,B,1,1,B
1,7133,True,B,A,0,1,A
1,7134,True,A,B,6,1,B
1,7135,True,B,A,0,1,A
1,7136,True,B,A,3,1,A
1,7137,False,,,,,
1,7138,True,A,B,1,1,B
1,7139,True,A,B,1,1,B
1,7140,True,B,A,0,1,A
1,7141,True,A,B,10,1,B
1,7142,True,B,A,1,2,A
1,7143,True,A,B,4,1,B
1,7144,True,A,B,2,1,B
1,7145,True,B,A,1,2,A
1,7146,False,,,,,
1,7147,True,B,A,3,1,A
1,7148,True,B,A,10,1,A
1,7149,True,A,B,4,1,B
1,7150,False,,,,,
1,7151,True,A,B,6,1,B
1,7152,True,B,A,6,1,A
1,7153,True,A,B,4,1,B
1,7154,True,B,A,1,1,A
1,7155,True,A,B,10,1,B
1,7156,True,A,B,6,1,B
1,7157,True,B,A,0,1,A
1,7158,True,B,A,6,1,A
1,7159,True,B,A,0,1,A
1,7160,True,B,A,4,1,A
1,7161,True,B,A,0,1,A
1,7162,False,,,,,
1,7163,False,,,,,
1,7164,True,A,B,4,1,B
1,7165,True,A,B,1,2,B
1,7166,True,B,A,3,1,A
1,7167,False,,,,,
1,7168,True,A,B,10,1,B
1,7169,True,A,B,4,1,B
1,7170,False,,,,,
1,7171,False,,,,,
1,7172,True,B,A,2,1,A
1,7173,True,B,A,1,1,A
1,7174,False,,,,,
1,7175,True,B,A,2,1,A
1,7176,False,,,,,
1,7177,True,B,A,0,1,A
1,7178,False,,,,,
1,7179,True,B,A,2,1,A
1,7180,True,B,A,3,1,A
1,7181,True,A,B,4,1,B
1,7182,True,B,A,2,1,A
1,7183,True,B,A,1,2,A
1,7184,True,A,B,2,0,B
1,7185,True,A,B,1,1,B
1,7186,False,,,,,
1,7187,True,A,B,2,0,B
1,7188,True,A,B,1,2,B
1,7189,True,B,A,10,1,A
1,7190,True,B,A,2,1,A
1,7191,True,B,A,4,1,A
1,7192,True,A,B,1,1,B
1,7193,True,A,B,4,1,B
1,7194,True,B,A,1,2,A
1,7195,True,A,B,10,1,B
1,7196,True,A,B,1,2,B
1,7197,True,A,B,4,1,B
1,7198,True,A,B,3,1,B
1,7199,False,,,,,
1,7200,True,A,B,2,1,B
1,7201,True,B,A,6,1,A
1,7202,True,B,A,1,1,A
1,7203,True,A,B,4,1,B
1,7204,True,A,B,2,1,B
1,7205,True,B,A,1,1,A
1,7206,True,A,B,2,0,B
1,7207,True,B,A,6,1,A
1,7208,True,B,A,0,1,A
1,7209,True,B,A,1,2,A
1,7210,True,A,B,4,1,B
1,7211,True,B,A,3,1,A
1,7212,False,,,,,
1,7213,True,B,A,10,1,A
1,7214,True,B,A,6,1,A
1,7215,True,A,B,2,1,B
1,7216,True,A,B,10,1,B
1,7217,True,B,A,4,1,A
1,7218,True,B,A,2,1,A
1,7219,True,A,B,1,2,B
1,7220,True,A,B,6,1,B
1,7221,True,A,B,1,1,B
1,7222,True,A,B,10,1,B
1,7223,True,B,A,1,1,A
1,7224,True,B,A,2,1,A
1,7225,True,B,A,1,1,A
1,7226,True,B,A,1,1,A
1,7227,True,B,A,0,1,A
1,7228,True,B,A,1,2,A
1,7229,True,A,B,1,1,B
1,7230,True,B,A,2,1,A
1,7231,True,A,B,1,1,B
1,7232,True,B,A,3,1,A
1,7233,True,B,A,3,1,A
1,7234,True,B,A,2,1,A
1,7235,True,A,B,6,1,B
1,7236,True,A,B,6,1,B
1,7237,False,,,,,
1,7238,True,A,B,2,1,B
1,7239,True,B,A,2,1,A
1,7240,False,,,,,
1,7241,True,B,A,3,1,A
1,7242,True,B,A,2,1,A
1,7243,True,B,A,1,1,A
1,7244,True,A,B,6,1,B
1,7245,True,B,A,3,1,A
1,7246,True,B,A,1,1,A
1,7247,False,,,,,
1,7248,True,B,A,10,1,A
1,7249,False,,,,,
1,7250,True,B,A,3,1,A
1,7251,True,A,B,1,2,B
1,7252,True,B,A,1,1,A
1,7253,True,B,A,1,2,A
1,7254,True,B,A,6,1,A
1,7255,True,B,A,3,1,A
1,7256,True,B,A,10,1,A
1,7257,True,A,B,10,1,B
1,7258,True,B,A,3,1,A
1,7259,True,A,B,4,1,B
1,7260,True,B,A,6,1,A
1,7261,True,B,A,3,1,A
1,7262,True,B,A,2,1,A
1,7263,True,A,B,6,1,B
1,7264,True,A,B,10,1,B
1,7265,True,B,A,6,1,A
1,7266,True,A,B,3,1,B
1,7267,True,B,A,1,2,A
1,7268,True,B,A,0,1,A
1,7269,True,A,B,3,1,B
1,7270,False,,,,,
1,7271,True,B,A,4,1,A
1,7272,True,B,A,2,1,A
1,7273,True,B,A,0,1,A
1,7274,True,B,A,4,1,A
1,7275,True,B,A,4,1,A
1,7276,True,A,B,6,1,B
1,7277,False,,,,,
1,7278,True,A,B,1,2,B
1,7279,True,A,B,4,1,B
1,7280,True,B,A,4,1,A
1,7281,True,A,B,1,1,B
1,7282,True,A,B,4,1,B
1,7283,True,A,B,1,1,B
1,7284,True,A,B,10,1,B
1,7285,True,A,B,1,1,B
1,7286,True,B,A,0,1,A
1,7287,True,A,B,2,1,B
1,7288,True,B,A,1,2,A
1,7289,True,A,B,2,0,B
1,7290,True,A,B,1,2,B
1,7291,True,A,B,2,0,B
1,7292,True,A,B,1,1,B
1,7293,True,A,B,6,1,B
1,7294,True,A,B,3,1,B
1,7295,True,B,A,3,1,A
1,7296,True,A,B,10,1,B
1,7297,True,A,B,10,1,B
1,7298,True,B,A,1,1,A
1,7299,True,B,A,1,1,A
1,7300,True,B,A,6,1,A
1,7301,True,B,A,10,1,A
1,7302,True,A,B,4,1,B
1,7303,True,B,A,1,1,A
1,7304,True,A,B,3,1,B
1,7305,True,A,B,6,1,B
1,7306,True,A,B,2,0,B
1,7307,True,B,A,1,1,A
1,7308,False,,,,,
1,7309,True,A,B,2,0,B
1,7310,True,A,B,1,1,B
1,7311,True,A,B,10,1,B
1,7312,True,B,A,1,1,A
1,7313,True,A,B,2,1,B
1,7314,True,A,B,4,1,B
1,7315,True,B,A,6,1,A
1,7316,True,B,A,4,1,A
1,7317,True,B,A,1,1,A
1,7318,True,B,A,6,1,A
1,7319,True,A,B,6,1,B
1,7320,True,A,B,2,0,B
1,7321,False,,,,,
1,7322,True,A,B,6,1,B
1,7323,True,B,A,1,1,A
1,7324,True,B,A,2,1,A
1,7325,True,A,B,10,1,B
1,7326,True,A,B,6,1,B
1,7327,True,B,A,3,1,A
1,7328,True,A,B,10,1,B
1,7329,True,A,B,3,1,B
1,7330,True,A,B,3,1,B
1,7331,False,,,,,
1,7332,False,,,,,
1,7333,False,,,,,
1,7334,True,B,A,1,2,A
1,7335,False,,,,,
1,7336,True,B,A,1,2,A
1,7337,True,B,A,4,1,A
1,7338,True,A,B,6,1,B
1,7339,True,B,A,3,1,A
1,7340,False,,,,,
1,7341,True,A,B,1,1,B
1,7342,True,A,B,2,0,B
1,7343,True,B,A,1,1,A
1,7344,False,,,,,
1,7345,True,A,B,1,2,B
1,7346,True,A,B,6,1,B
1,7347,True,B,A,0,1,A
1,7348,True,A,B,1,1,B
1,7349,False,,,,,
1,7350,True,A,B,6,1,B
1,7351,True,B,A,6,1,A
1,7352,True,A,B,2,1,B
1,7353,True,B,A,6,1,A
1,7354,True,B,A,1,1,A
1,7355,True,A,B,2,0,B
1,7356,True,B,A,4,1,A
1,7357,True,B,A,1,1,A
1,7358,True,A,B,1,2,B
1,7359,True,A,B,6,1,B
1,7360,True,B,A,0,1,A
1,7361,False,,,,,
1,7362,True,A,B,2,0,B
1,7363,True,B,A,1,2,A
1,7364,True,B,A,1,2,A
1,7365,True,A,B,4,1,B
1,7366,False,,,,,
1,7367,True,B,A,3,1,A
1,7368,True,B,A,10,1,A
1,7369,True,B,A,1,1,A
1,7370,True,A,B,10,1,B
1,7371,True,A,B,4,1,B
1,7372,True,B,A,2,1,A
1,7373,True,A,B,3,1,B
1,7374,True,A,B,6,1,B
1,7375,True,A,B,2,0,B
1,7376,True,B,A,0,1,A
1,7377,True,B,A,1,1,A
1,7378,True,A,B,1,1,B
1,7379,True,B,A,1,1,A
1,7380,True,A,B,4,1,B
1,7381,True,A,B,2,0,B
1,7382,True,B,A,10,1,A
1,7383,True,B,A,1,2,A
1,7384,True,A,B,6,1,B
1,7385,True,B,A,6,1,A
1,7386,True,A,B,2,0,B
1,7387,True,B,A,2,1,A
1,7388,True,A,B,2,0,B
1,7389,True,B,A,10,1,A
1,7390,True,A,B,10,1,B
1,7391,True,B,A,6,1,A
1,7392,False,,,,,
1,7393,True,B,A,6,1,A
1,7394,True,B,A,0,1,A
1,7395,True,A,B,2,1,B
1,7396,True,B,A,1,2,A
1,7397,True,B,A,4,1,A
1,7398,True,B,A,2,1,A
1,7399,True,A,B,2,0,B
1,7400,True,B,A,1,2,A
1,7401,True,B,A,0,1,A
1,7402,False,,,,,
1,7403,True,B,A,6,1,A
1,7404,True,B,A,10,1,A
1,7405,True,B,A,6,1,A
1,7406,False,,,,,
1,7407,True,B,A,1,2,A
1,7408,False,,,,,
1,7409,True,A,B,2,0,B
1,7410,False,,,,,
1,7411,True,B,A,2,1,A
1,7412,True,A,B,3,1,B
1,7413,True,B,A,0,1,A
1,7414,True,B,A,3,1,A
1,7415,False,,,,,
1,7416,True,A,B,6,1,B
1,7417,True,A,B,2,0,B
1,7418,True,B,A,6,1,A
1,7419,False,,,,,
1,7420,True,A,B,4,1,B
1,7421,True,B,A,10,1,A
1,7422,True,A,B,2,0,B
1,7423,True,B,A,3,1,A
1,7424,True,A,B,6,1,B
1,7425,True,B,A,1,2,A
1,7426,True,B,A,10,1,A
1,7427,True,A,B,1,1,B
1,7428,False,,,,,
1,7429,True,B,A,6,1,A
1,7430,False,,,,,
1,7431,True,B,A,6,1,A
1,7432,True,B,A,1,2,A
1,7433,False,,,,,
1,7434,True,A,B,2,0,B
1,7435,True,B,A,2,1,A
1,7436,True,B,A,3,1,A
1,7437,False,,,,,
1,7438,True,B,A,10,1,A
1,7439,True,B,A,3,1,A
1,7440,True,B,A,4,1,A
1,7441,True,A,B,3,1,B
1,7442,True,B,A,1,1,A
1,7443,True,A,B,6,1,B
1,7444,True,A,B,4,1,B
1,7445,True,A,B,4,1,B
1,7446,True,B,A,2,1,A
1,7447,True,B,A,1,2,A
1,7448,True,A,B,3,1,B
1,7449,True,B,A,6,1,A
1,7450,True,B,A,0,1,A
1,7451,True,B,A,3,1,A
1,7452,True,B,A,1,2,A
1,7453,True,B,A,4,1,A
1,7454,True,B,A,4,1,A
1,7455,False,,,,,
1,7456,True,A,B,6,1,B
1,7457,True,B,A,1,2,A
1,7458,True,A,B,2,0,B
1,7459,True,A,B,6,1,B
1,7460,True,B,A,1,1,A
1,7461,True,A,B,2,0,B
1,7462,True,A,B,1,1,B
1,7463,False,,,,,
1,7464,True,A,B,10,1,B
1,7465,True,B,A,1,1,A
1,7466,True,A,B,10,1,B
1,7467,True,B,A,10,1,A
1,7468,False,,,,,
1,7469,True,B,A,1,1,A
1,7470,True,A,B,10,1,B
1,7471,True,A,B,1,2,B
1,7472,True,B,A,1,1,A
1,7473,True,A,B,6,1,B
1,7474,True,A,B,1,1,B
1,7475,True,B,A,6,1,A
1,7476,True,B,A,6,1,A
1,7477,True,A,B,1,2,B
1,7478,True,B,A,0,1,A
1,7479,False,,,,,
1,7480,True,B,A,1,1,A
1,7481,True,B,A,1,2,A
1,7482,True,B,A,4,1,A
1,7483,True,A,B,1,1,B
1,7484,False,,,,,
1,7485,True,B,A,3,1,A
1,7486,True,B,A,6,1,A
1,7487,True,B,A,6,1,A
1,7488,True,B,A,6,1,A
1,7489,True,B,A,1,2,A
1,7490,True,B,A,4,1,A
1,7491,True,A,B,1,1,B
1,7492,True,A,B,1,1,B
1,7493,True,B,A,1,1,A
1,7494,True,B,A,0,1,A
1,7495,True,B,A,6,1,A
1,7496,True,B,A,3,1,A
1,7497,True,A,B,1,2,B
1,7498,True,A,B,6,1,B
1,7499,True,B,A,4,1,A
1,7500,True,A,B,1,1,B
1,7501,False,,,,,
1,7502,True,A,B,3,1,B
1,7503,True,B,A,6,1,A
1,7504,True,A,B,1,2,B
1,7505,False,,,,,
1,7506,True,B,A,1,2,A
1,7507,True,B,A,2,1,A
1,7508,True,B,A,1,1,A
1,7509,True,A,B,4,1,B
1,7510,True,B,A,4,1,A
1,7511,True,A,B,1,1,B
1,7512,False,,,,,
1,7513,True,B,A,0,1,A
1,7514,True,A,B,1,2,B
1,7515,True,B,A,4,1,A
1,7516,True,B,A,4,1,A
1,7517,True,B,A,0,1,A
1,7518,True,A,B,6,1,B
1,7519,True,B,A,1,1,A
1,7520,True,A,B,3,1,B
1,7521,True,A,B,2,0,B
1,7522,True,B,A,4,1,A
1,7523,True,B,A,6,1,A
1,7524,True,B,A,6,1,A
1,7525,False,,,,,
1,7526,True,A,B,10,1,B
1,7527,True,B,A,3,1,A
1,7528,True,B,A,3,1,A
1,7529,True,A,B,2,0,B
1,7530,True,B,A,4,1,A
1,7531,True,B,A,1,1,A
1,7532,True,A,B,1,2,B
1,7533,False,,,,,
1,7534,True,A,B,6,1,B
1,7535,True,B,A,10,1,A
1,7536,True,B,A,1,1,A
1,7537,True,A,B,6,1,B
1,7538,True,A,B,4,1,B
1,7539,True,A,B,6,1,B
1,7540,True,A,B,3,1,B
1,7541,True,A,B,3,1,B
1,7542,True,A,B,6,1,B
1,7543,False,,,,,
1,7544,True,A,B,2,1,B
1,7545,False,,,,,
1,7546,True,B,A,10,1,A
1,7547,True,B,A,1,2,A
1,7548,True,B,A,0,1,A
1,7549,True,A,B,6,1,B
1,7550,True,A,B,3,1,B
1,7551,True,A,B,2,0,B
1,7552,True,A,B,2,1,B
1,7553,True,B,A,10,1,A
1,7554,True,A,B,4,1,B
1,7555,True,A,B,2,0,B
1,7556,True,B,A,6,1,A
1,7557,True,A,B,2,1,B
1,7558,True,B,A,2,1,A
1,7559,True,B,A,6,1,A
1,7560,True,A,B,3,1,B
1,7561,True,A,B,3,1,B
1,7562,True,B,A,6,1,A
1,7563,True,A,B,6,1,B
1,7564,True,A,B,4,1,B
1,7565,True,B,A,1,2,A
1,7566,True,A,B,6,1,B
1,7567,True,B,A,1,1,A
1,7568,True,A,B,1,2,B
1,7569,True,A,B,1,2,B
1,7570,True,A,B,3,1,B
1,7571,True,B,A,3,1,A
1,7572,True,B,A,1,1,A
1,7573,True,B,A,0,1,A
1,7574,True,B,A,0,1,A
1,7575,True,B,A,1,2,A
1,7576,True,A,B,3,1,B
1,7577,True,B,A,2,1,A
1,7578,True,A,B,2,1,B
1,7579,True,A,B,3,1,B
1,7580,True,B,A,2,1,A
1,7581,True,A,B,1,1,B
1,7582,True,B,A,10,1,A
1,7583,True,B,A,1,1,A
1,7584,True,B,A,1,2,A
1,7585,True,A,B,3,1,B
1,7586,True,B,A,6,1,A
1,7587,True,B,A,2,1,A
1,7588,True,A,B,6,1,B
1,7589,True,B,A,1,1,A
1,7590,True,B,A,0,1,A
1,7591,True,B,A,1,1,A
1,7592,False,,,,,
1,7593,True,A,B,2,0,B
1,7594,True,A,B,3,1,B
1,7595,True,A,B,1,2,B
1,7596,True,A,B,6,1,B
1,7597,True,B,A,1,1,A
1,7598,False,,,,,
1,7599,True,B,A,10,1,A
1,7600,True,B,A,6,1,A
1,7601,False,,,,,
1,7602,True,B,A,2,1,A
1,7603,True,B,A,10,1,A
1,7604,False,,,,,
1,7605,True,B,A,1,1,A
1,7606,True,A,B,10,1,B
1,7607,True,A,B,4,1,B
1,7608,False,,,,,
1,7609,True,A,B,3,1,B
1,7610,False,,,,,
1,7611,True,B,A,1,2,A
1,7612,True,A,B,3,1,B
1,7613,True,B,A,3,1,A
1,7614,True,A,B,3,1,B
1,7615,False,,,,,
1,7616,False,,,,,
1,7617,False,,,,,
1,7618,True,B,A,1,1,A
1,7619,True,B,A,1,2,A
1,7620,True,B,A,6,1,A
1,7621,True,A,B,2,1,B
1,7622,True,B,A,2,1,A
1,7623,True,B,A,2,1,A
1,7624,True,A,B,1,1,B
1,7625,True,A,B,2,0,B
1,7626,True,B,A,10,1,A
1,7627,True,B,A,0,1,A
1,7628,True,B,A,0,1,A
1,7629,True,A,B,4,1,B
1,7630,True,A,B,4,1,B
1,7631,True,A,B,3,1,B
1,7632,True,A,B,3,1,B
1,7633,True,B,A,0,1,A
1,7634,False,,,,,
1,7635,True,A,B,3,1,B
1,7636,True,A,B,1,1,B
1,7637,True,A,B,4,1,B
1,7638,True,A,B,10,1,B
1,7639,True,B,A,1,1,A
1,7640,False,,,,,
1,7641,True,B,A,6,1,A
1,7642,False,,,,,
1,7643,False,,,,,
1,7644,True,A,B,1,1,B
1,7645,True,B,A,10,1,A
1,7646,True,B,A,0,1,A
1,7647,True,A,B,1,2,B
1,7648,True,B,A,1,1,A
1,7649,True,A,B,4,1,B
1,7650,True,A,B,1,1,B
1,7651,True,A,B,6,1,B
1,7652,True,A,B,10,1,B
1,7653,True,B,A,1,2,A
1,7654,True,A,B,2,1,B
1,7655,True,A,B,6,1,B
1,7656,True,A,B,4,1,B
1,7657,True,A,B,2,0,B
1,7658,True,A,B,10,1,B
1,7659,True,B,A,6,1,A
1,7660,True,B,A,3,1,A
1,7661,True,B,A,4,1,A
1,7662,False,,,,,
1,7663,True,A,B,1,2,B
1,7664,True,A,B,1,1,B
1,7665,False,,,,,
1,7666,True,A,B,6,1,B
1,7667,True,B,A,2,1,A
1,7668,True,B,A,6,1,A
1,7669,True,B,A,1,2,A
1,7670,True,B,A,3,1,A
1,7671,True,B,A,10,1,A
1,7672,True,A,B,4,1,B
1,7673,True,A,B,6,1,B
1,7674,True,A,B,10,1,B
1,7675,True,B,A,1,2,A
1,7676,True,B,A,1,1,A
1,7677,True,A,B,2,0,B
1,7678,True,A,B,10,1,B
1,7679,True,A,B,3,1,B
1,7680,True,B,A,10,1,A
1,7681,True,B,A,0,1,A
1,7682,True,B,A,10,1,A
1,7683,True,B,A,2,1,A
1,7684,True,A,B,4,1,B
1,7685,True,A,B,4,1,B
1,7686,True,B,A,1,1,A
1,7687,False,,,,,
1,7688,True,A,B,1,2,B
1,7689,True,B,A,4,1,A
1,7690,True,A,B,10,1,B
1,7691,True,B,A,1,1,A
1,7692,True,B,A,6,1,A
1,7693,True,B,A,2,1,A
1,7694,True,A,B,4,1,B
1,7695,True,A,B,2,1,B
1,7696,True,B,A,6,1,A
1,7697,True,A,B,2,1,B
1,7698,True,B,A,3,1,A
1,7699,True,A,B,2,1,B
1,7700,True,A,B,10,1,B
1,7701,True,B,A,6,1,A
1,7702,True,A,B,10,1,B
1,7703,False,,,,,
1,7704,True,A,B,10,1,B
1,7705,True,A,B,4,1,B
1,7706,True,A,B,1,1,B
1,7707,True,B,A,3,1,A
1,7708,True,A,B,1,2,B
1,7709,False,,,,,
1,7710,True,A,B,3,1,B
1,7711,True,B,A,3,1,A
1,7712,True,A,B,2,0,B
1,7713,True,B,A,6,1,A
1,7714,True,A,B,2,0,B
1,7715,True,A,B,1,1,B
1,7716,True,B,A,4,1,A
1,7717,False,,,,,
1,7718,True,B,A,1,2,A
1,7719,True,B,A,1,1,A
1,7720,True,A,B,1,2,B
1,7721,True,A,B,2,0,B
1,7722,False,,,,,
1,7723,True,A,B,10,1,B
1,7724,True,B,A,0,1,A
1,7725,True,A,B,1,1,B
1,7726,True,A,B,10,1,B
1,7727,False,,,,,
1,7728,False,,,,,
1,7729,True,A,B,2,1,B
1,7730,True,B,A,1,2,A
1,7731,True,A,B,4,1,B
1,7732,True,B,A,3,1,A
1,7733,True,B,A,4,1,A
1,7734,False,,,,,
1,7735,True,A,B,2,1,B
1,7736,False,,,,,
1,7737,True,A,B,10,1,B
1,7738,False,,,,,
1,7739,True,B,A,1,1,A
1,7740,True,B,A,1,2,A
1,7741,False,,,,,
1,7742,True,A,B,1,2,B
1,7743,True,A,B,2,1,B
1,7744,True,B,A,2,1,A
1,7745,True,B,A,4,1,A
1,7746,True,A,B,1,1,B
1,7747,True,A,B,10,1,B
1,7748,True,B,A,6,1,A
1,7749,True,B,A,3,1,A
1,7750,True,A,B,10,1,B
1,7751,True,A,B,3,1,B
1,7752,True,B,A,10,1,A
1,7753,True,A,B,1,1,B
1,7754,True,A,B,4,1,B
1,7755,True,A,B,4,1,B
1,7756,True,B,A,10,1,A
1,7757,True,A,B,6,1,B
1,7758,True,B,A,4,1,A
1,7759,False,,,,,
1,7760,True,B,A,1,1,A
1,7761,True,B,A,4,1,A
1,7762,True,A,B,3,1,B
1,7763,True,A,B,3,1,B
1,7764,True,B,A,1,2,A
1,7765,True,A,B,1,2,B
1,7766,True,B,A,2,1,A
1,7767,True,A,B,3,1,B
1,7768,True,A,B,2,1,B
1,7769,True,B,A,0,1,A
1,7770,True,A,B,10,1,B
1,7771,True,B,A,3,1,A
1,7772,True,A,B,3,1,B
1,7773,True,B,A,3,1,A
1,7774,True,A,B,1,1,B
1,7775,True,A,B,1,2,B
1,7776,True,B,A,2,1,A
1,7777,True,A,B,1,2,B
1,7778,False,,,,,
1,7779,True,A,B,1,1,B
1,7780,False,,,,,
1,7781,True,A,B,4,1,B
1,7782,True,A,B,1,2,B
1,7783,True,A,B,10,1,B
1,7784,False,,,,,
1,7785,False,,,,,
1,7786,True,B,A,3,1,A
1,7787,True,A,B,1,1,B
1,7788,True,B,A,6,1,A
1,7789,True,A,B,2,0,B
1,7790,True,A,B,10,1,B
1,7791,True,A,B,2,1,B
1,7792,True,A,B,2,1,B
1,7793,True,A,B,1,1,B
1,7794,True,B,A,1,1,A
1,7795,True,A,B,2,1,B
1,7796,True,B,A,2,1,A
1,7797,True,B,A,1,2,A
1,7798,True,A,B,1,2,B
1,7799,True,B,A,1,2,A
1,7800,True,A,B,1,1,B
1,7801,True,A,B,1,2,B
1,7802,True,A,B,4,1,B
1,7803,True,B,A,6,1,A
1,7804,True,B,A,4,1,A
1,7805,False,,,,,
1,7806,True,B,A,10,1,A
1,7807,True,A,B,1,2,B
1,7808,True,A,B,3,1,B
1,7809,True,B,A,6,1,A
1,7810,True,A,B,1,1,B
1,7811,True,A,B,4,1,B
1,7812,True,B,A,0,1,A
1,7813,True,A,B,3,1,B
1,7814,True,A,B,2,1,B
1,7815,True,B,A,10,1,A
1,7816,True,B,A,10,1,A
1,7817,True,A,B,1,1,B
1,7818,True,B,A,3,1,A
1,7819,True,A,B,6,1,B
1,7820,True,A,B,1,2,B
1,7821,True,B,A,0,1,A
1,7822,True,B,A,2,1,A
1,7823,True,A,B,2,0,B
1,7824,True,B,A,6,1,A
1,7825,True,A,B,3,1,B
1,7826,True,B,A,6,1,A
1,7827,True,A,B,3,1,B
1,7828,True,B,A,1,2,A
1,7829,True,A,B,3,1,B
1,7830,True,B,A,1,1,A
1,7831,True,B,A,3,1,A
1,7832,True,A,B,3,1,B
1,7833,True,B,A,4,1,A
1,7834,True,A,B,6,1,B
1,7835,True,B,A,2,1,A
1,7836,True,B,A,4,1,A
1,7837,True,B,A,2,1,A
1,7838,True,B,A,2,1,A
1,7839,True,A,B,10,1,B
1,7840,True,A,B,6,1,B
1,7841,True,A,B,1,2,B
1,7842,True,B,A,3,1,A
1,7843,True,B,A,6,1,A
1,7844,True,B,A,10,1,A
1,7845,False,,,,,
1,7846,False,,,,,
1,7847,True,B,A,4,1,A
1,7848,True,B,A,1,2,A
1,7849,True,A,B,2,1,B
1,7850,True,B,A,3,1,A
1,7851,False,,,,,
1,7852,True,A,B,1,1,B
1,7853,True,B,A,3,1,A
1,7854,True,A,B,1,2,B
1,7855,True,B,A,1,2,A
1,7856,True,B,A,6,1,A
1,7857,True,A,B,1,2,B
1,7858,True,A,B,10,1,B
1,7859,True,B,A,4,1,A
1,7860,True,B,A,2,1,A
1,7861,True,B,A,3,1,A
1,7862,True,B,A,1,2,A
1,7863,True,A,B,2,1,B
1,7864,True,A,B,2,0,B
1,7865,True,A,B,2,0,B
1,7866,True,B,A,6,1,A
1,7867,True,A,B,3,1,B
1,7868,False,,,,,
1,7869,True,A,B,3,1,B
1,7870,True,B,A,10,1,A
1,7871,True,B,A,2,1,A
1,7872,True,B,A,0,1,A
1,7873,True,A,B,6,1,B
1,7874,True,B,A,3,1,A
1,7875,True,B,A,4,1,A
1,7876,True,A,B,4,1,B
1,7877,True,A,B,2,1,B
1,7878,True,A,B,10,1,B
1,7879,True,A,B,10,1,B
1,7880,True,B,A,2,1,A
1,7881,True,A,B,3,1,B
1,7882,True,B,A,2,1,A
1,7883,True,B,A,2,1,A
1,7884,True,A,B,3,1,B
1,7885,True,B,A,2,1,A
1,7886,True,B,A,1,2,A
1,7887,True,A,B,10,1,B
1,7888,True,B,A,10,1,A
1,7889,True,B,A,1,2,A
1,7890,True,B,A,4,1,A
1,7891,True,B,A,3,1,A
1,7892,True,B,A,10,1,A
1,7893,True,A,B,3,1,B
1,7894,True,A,B,10,1,B
1,7895,True,A,B,4,1,B
1,7896,True,B,A,3,1,A
1,7897,True,B,A,10,1,A
1,7898,True,A,B,1,2,B
1,7899,True,B,A,1,2,A
1,7900,True,B,A,4,1,A
1,7901,True,A,B,1,2,B
1,7902,True,A,B,4,1,B
1,7903,True,B,A,3,1,A
1,7904,True,B,A,2,1,A
1,7905,True,A,B,2,1,B
1,7906,False,,,,,
1,7907,True,A,B,6,1,B
1,7908,True,A,B,3,1,B
1,7909,True,B,A,2,1,A
1,7910,True,A,B,1,1,B
1,7911,True,A,B,1,2,B
1,7912,True,A,B,3,1,B
1,7913,True,A,B,2,0,B
1,7914,True,A,B,10,1,B
1,7915,True,A,B,1,1,B
1,7916,True,A,B,1,2,B
1,7917,True,A,B,2,1,B
1,7918,True,A,B,2,0,B
1,7919,True,B,A,3,1,A
1,7920,True,A,B,10,1,B
1,7921,True,B,A,4,1,A
1,7922,True,B,A,6,1,A
1,7923,True,B,A,1,2,A
1,7924,True,A,B,10,1,B
1,7925,True,B,A,3,1,A
1,7926,True,A,B,6,1,B
1,7927,True,A,B,10,1,B
1,7928,True,B,A,2,1,A
1,7929,True,B,A,3,1,A
1,7930,True,B,A,1,2,A
1,7931,True,A,B,1,2,B
1,7932,True,B,A,3,1,A
1,7933,True,B,A,2,1,A
1,7934,True,A,B,6,1,B
1,7935,True,B,A,6,1,A
1,7936,False,,,,,
1,7937,True,A,B,2,1,B
1,7938,True,B,A,0,1,A
1,7939,True,B,A,4,1,A
1,7940,True,A,B,2,0,B
1,7941,True,A,B,4,1,B
1,7942,True,B,A,4,1,A
1,7943,True,B,A,6,1,A
1,7944,True,A,B,1,1,B
1,7945,True,A,B,10,1,B
1,7946,True,A,B,4,1,B
1,7947,True,A,B,1,2,B
1,7948,True,A,B,10,1,B
1,7949,True,B,A,0,1,A
1,7950,True,B,A,6,1,A
1,7951,True,B,A,1,1,A
1,7952,True,A,B,10,1,B
1,7953,True,A,B,6,1,B
1,7954,True,A,B,1,2,B
1,7955,True,B,A,2,1,A
1,7956,True,A,B,1,1,B
1,7957,True,B,A,10,1,A
1,7958,True,A,B,2,0,B
1,7959,True,A,B,10,1,B
1,7960,True,B,A,3,1,A
1,7961,True,A,B,6,1,B
1,7962,True,A,B,10,1,B
1,7963,True,B,A,1,1,A
1,7964,True,B,A,10,1,A
1,7965,True,A,B,3,1,B
1,7966,True,A,B,3,1,B
1,7967,True,B,A,10,1,A
1,7968,True,A,B,2,1,B
1,7969,True,A,B,3,1,B
1,7970,True,A,B,1,1,B
1,7971,True,A,B,2,0,B
1,7972,True,B,A,6,1,A
1,7973,True,B,A,1,2,A
1,7974,True,B,A,1,2,A
1,7975,False,,,,,
1,7976,True,A,B,1,1,B
1,7977,False,,,,,
1,7978,True,B,A,2,1,A
1,7979,True,B,A,1,2,A
1,7980,True,B,A,6,1,A
1,7981,True,B,A,0,1,A
1,7982,True,A,B,2,1,B
1,7983,True,B,A,4,1,A
1,7984,True,A,B,4,1,B
1,7985,True,A,B,1,2,B
1,7986,True,A,B,2,1,B
1,7987,True,B,A,4,1,A
1,7988,True,B,A,3,1,A
1,7989,True,A,B,3,1,B
1,7990,True,B,A,1,1,A
1,7991,False,,,,,
1,7992,True,A,B,1,2,B
1,7993,False,,,,,
1,7994,True,B,A,4,1,A
1,7995,True,B,A,3,1,A
1,7996,True,B,A,1,2,A
1,7997,True,A,B,2,1,B
1,7998,True,B,A,6,1,A
1,7999,True,A,B,3,1,B
1,8000,True,A,B,1,2,B
1,8001,True,A,B,2,0,B
1,8002,True,A,B,1,1,B
1,8003,True,A,B,2,0,B
1,8004,True,B,A,2,1,A
1,8005,True,A,B,3,1,B
1,8006,False,,,,,
1,8007,True,A,B,2,1,B
1,8008,True,A,B,6,1,B
1,8009,True,B,A,10,1,A
1,8010,True,B,A,2,1,A
1,8011,False,,,,,
1,8012,True,B,A,1,2,A
1,8013,False,,,,,
1,8014,True,A,B,6,1,B
1,8015,False,,,,,
1,8016,True,A,B,10,1,B
1,8017,True,B,A,10,1,A
1,8018,True,A,B,1,2,B
1,8019,True,B,A,6,1,A
1,8020,False,,,,,
1,8021,True,B,A,2,1,A
1,8022,True,B,A,1,1,A
1,8023,True,A,B,6,1,B
1,8024,True,B,A,10,1,A
1,8025,True,A,B,2,1,B
1,8026,True,B,A,4,1,A
1,8027,True,B,A,0,1,A
1,8028,True,A,B,2,1,B
1,8029,True,A,B,1,2,B
1,8030,True,A,B,2,1,B
1,8031,True,A,B,2,0,B
1,8032,True,B,A,4,1,A
1,8033,True,A,B,1,1,B
1,8034,True,A,B,10,1,B
1,8035,True,B,A,2,1,A
1,8036,True,B,A,1,1,A
1,8037,True,A,B,1,1,B
1,8038,False,,,,,
1,8039,False,,,,,
1,8040,True,B,A,1,1,A
1,8041,True,A,B,2,1,B
1,8042,True,A,B,1,1,B
1,8043,True,A,B,10,1,B
1,8044,True,B,A,2,1,A
1,8045,True,A,B,1,2,B
1,8046,True,A,B,6,1,B
1,8047,False,,,,,
1,8048,True,A,B,2,0,B
1,8049,True,A,B,4,1,B
1,8050,True,A,B,1,1,B
1,8051,True,A,B,4,1,B
1,8052,True,B,A,2,1,A
1,8053,False,,,,,
1,8054,True,B,A,1,2,A
1,8055,True,A,B,10,1,B
1,8056,True,A,B,1,2,B
1,8057,True,A,B,2,0,B
1,8058,True,A,B,10,1,B
1,8059,True,B,A,3,1,A
1,8060,True,A,B,1,2,B
1,8061,False,,,,,
1,8062,True,A,B,2,0,B
1,8063,True,B,A,4,1,A
1,8064,True,B,A,1,1,A
1,8065,True,A,B,1,2,B
1,8066,True,B,A,4,1,A
1,8067,True,B,A,1,1,A
1,8068,True,B,A,10,1,A
1,8069,True,B,A,1,1,A
1,8070,True,A,B,4,1,B
1,8071,True,A,B,2,1,B
1,8072,True,A,B,6,1,B
1,8073,True,B,A,4,1,A
1,8074,True,A,B,4,1,B
1,8075,True,A,B,4,1,B
1,8076,True,B,A,10,1,A
1,8077,True,B,A,4,1,A
1,8078,True,A,B,2,0,B
1,8079,True,A,B,10,1,B
1,8080,True,A,B,10,1,B
1,8081,True,B,A,6,1,A
1,8082,True,A,B,4,1,B
1,8083,True,A,B,4,1,B
1,8084,True,A,B,4,1,B
1,8085,True,A,B,3,1,B
1,8086,True,B,A,4,1,A
1,8087,True,B,A,10,1,A
1,8088,True,A,B,4,1,B
1,8089,True,B,A,6,1,A
1,8090,True,B,A,2,1,A
1,8091,True,A,B,6,1,B
1,8092,True,A,B,2,1,B
1,8093,True,B,A,4,1,A
1,8094,True,B,A,4,1,A
1,8095,True,B,A,0,1,A
1,8096,False,,,,,
1,8097,True,A,B,4,1,B
1,8098,True,B,A,1,1,A
1,8099,True,A,B,10,1,B
1,8100,True,B,A,4,1,A
1,8101,True,A,B,1,2,B
1,8102,True,B,A,6,1,A
1,8103,True,A,B,4,1,B
1,8104,True,B,A,4,1,A
1,8105,True,A,B,4,1,B
1,8106,False,,,,,
1,8107,True,B,A,3,1,A
1,8108,True,B,A,1,2,A
1,8109,True,B,A,6,1,A
1,8110,True,B,A,1,2,A
1,8111,True,B,A,2,1,A
1,8112,True,B,A,10,1,A
1,8113,True,A,B,2,1,B
1,8114,True,A,B,1,2,B
1,8115,True,A,B,1,1,B
1,8116,False,,,,,
1,8117,True,A,B,4,1,B
1,8118,True,A,B,2,1,B
1,8119,True,A,B,4,1,B
1,8120,False,,,,,
1,8121,False,,,,,
1,8122,True,B,A,4,1,A
1,8123,True,B,A,10,1,A
1,8124,True,B,A,1,2,A
1,8125,True,A,B,10,1,B
1,8126,True,A,B,3,1,B
1,8127,True,A,B,2,1,B
1,8128,True,B,A,1,2,A
1,8129,True,A,B,3,1,B
1,8130,True,B,A,6,1,A
1,8131,True,B,A,6,1,A
1,8132,True,A,B,2,1,B
1,8133,True,B,A,0,1,A
1,8134,True,A,B,2,1,B
1,8135,True,B,A,10,1,A
1,8136,True,B,A,6,1,A
1,8137,True,A,B,3,1,B
1,8138,True,B,A,10,1,A
1,8139,False,,,,,
1,8140,True,B,A,4,1,A
1,8141,True,A,B,10,1,B
1,8142,True,B,A,1,2,A
1,8143,True,A,B,2,0,B
1,8144,True,B,A,10,1,A
1,8145,True,A,B,2,1,B
1,8146,True,A,B,6,1,B
1,8147,True,B,A,2,1,A
1,8148,True,A,B,2,0,B
1,8149,False,,,,,
1,8150,True,A,B,3,1,B
1,8151,True,A,B,2,1,B
1,8152,True,A,B,10,1,B
1,8153,True,A,B,10,1,B
1,8154,True,B,A,10,1,B
1,8155,True,A,B,1,2,B
1,8156,True,B,A,0,1,A
1,8157,True,B,A,1,1,A
1,8158,False,,,,,
1,8159,True,A,B,1,2,B
1,8160,True,A,B,10,1,B
1,8161,True,B,A,10,1,A
1,8162,True,B,A,3,1,A
1,8163,True,A,B,4,1,B
1,8164,True,B,A,1,2,A
1,8165,True,A,B,10,1,B
1,8166,True,B,A,1,2,A
1,8167,False,,,,,
1,8168,True,B,A,2,1,A
1,8169,True,B,A,1,2,A
1,8170,True,B,A,0,1,A
1,8171,True,B,A,10,1,A
1,8172,True,A,B,2,0,B
1,8173,True,B,A,1,2,A
1,8174,True,A,B,1,2,B
1,8175,True,B,A,10,1,A
1,8176,True,A,B,6,1,B
1,8177,True,B,A,6,1,A
1,8178,False,,,,,
1,8179,True,B,A,1,2,A
1,8180,True,A,B,10,1,B
1,8181,True,B,A,0,1,A
1,8182,True,B,A,10,1,A
1,8183,True,B,A,1,1,A
1,8184,True,A,B,10,1,B
1,8185,True,A,B,10,1,B
1,8186,True,A,B,6,1,B
1,8187,True,B,A,1,2,A
1,8188,True,A,B,2,1,B
1,8189,True,B,A,2,1,A
1,8190,True,B,A,10,1,A
1,8191,False,,,,,
1,8192,True,B,A,6,1,A
1,8193,True,B,A,3,1,A
1,8194,True,B,A,10,1,A
1,8195,True,B,A,6,1,A
1,8196,True,B,A,10,1,A
1,8197,True,A,B,2,1,B
1,8198,True,A,B,2,1,B
1,8199,True,B,A,2,1,A
1,8200,True,B,A,6,1,A
1,8201,True,A,B,6,1,B
1,8202,True,B,A,2,1,A
1,8203,True,A,B,10,1,B
1,8204,True,B,A,3,1,A
1,8205,True,A,B,2,0,B
1,8206,True,A,B,4,1,B
1,8207,True,B,A,6,1,A
1,8208,True,B,A,3,1,A
1,8209,True,B,A,6,1,A
1,8210,True,B,A,1,1,A
1,8211,True,A,B,1,1,B
1,8212,True,B,A,4,1,A
1,8213,True,A,B,2,1,B
1,8214,True,B,A,2,1,A
1,8215,True,B,A,2,1,A
1,8216,True,A,B,1,2,B
1,8217,True,B,A,10,1,A
1,8218,True,B,A,6,1,A
1,8219,True,B,A,10,1,A
1,8220,True,A,B,4,1,B
1,8221,True,B,A,0,1,A
1,8222,True,B,A,4,1,A
1,8223,True,A,B,2,1,B
1,8224,True,B,A,10,1,A
1,8225,True,B,A,0,1,A
1,8226,True,A,B,6,1,B
1,8227,True,B,A,4,1,A
1,8228,True,B,A,1,1,A
1,8229,True,A,B,4,1,B
1,8230,True,B,A,10,1,A
1,8231,True,A,B,6,1,B
1,8232,True,B,A,6,1,A
1,8233,True,B,A,6,1,A
1,8234,True,A,B,1,1,B
1,8235,True,B,A,3,1,A
1,8236,True,B,A,4,1,A
1,8237,True,A,B,4,1,B
1,8238,False,,,,,
1,8239,True,A,B,2,0,B
1,8240,True,A,B,1,1,B
1,8241,True,B,A,3,1,A
1,8242,True,A,B,1,1,B
1,8243,False,,,,,
1,8244,True,A,B,10,1,B
1,8245,True,A,B,1,1,B
1,8246,True,B,A,2,1,A
1,8247,True,A,B,2,0,B
1,8248,True,A,B,3,1,B
1,8249,False,,,,,
1,8250,True,B,A,1,2,A
1,8251,True,A,B,2,0,B
1,8252,True,B,A,6,1,A
1,8253,True,B,A,0,1,A
1,8254,True,B,A,10,1,A
1,8255,False,,,,,
1,8256,True,B,A,1,1,A
1,8257,True,A,B,6,1,B
1,8258,True,B,A,1,2,A
1,8259,True,A,B,1,1,B
1,8260,True,B,A,2,1,A
1,8261,True,B,A,0,1,A
1,8262,True,A,B,2,0,B
1,8263,True,B,A,4,1,A
1,8264,True,A,B,2,0,B
1,8265,True,A,B,3,1,B
1,8266,True,A,B,1,2,B
1,8267,True,A,B,2,0,B
1,8268,True,A,B,6,1,B
1,8269,False,,,,,
1,8270,False,,,,,
1,8271,False,,,,,
1,8272,True,B,A,1,2,A
1,8273,True,A,B,3,1,B
1,8274,False,,,,,
1,8275,True,B,A,6,1,A
1,8276,True,B,A,2,1,A
1,8277,True,B,A,0,1,A
1,8278,True,A,B,1,2,B
1,8279,True,B,A,3,1,A
1,8280,True,A,B,4,1,B
1,8281,True,B,A,3,1,A
1,8282,True,A,B,1,1,B
1,8283,True,A,B,2,0,B
1,8284,True,B,A,1,1,A
1,8285,True,A,B,2,1,B
1,8286,True,B,A,4,1,A
1,8287,False,,,,,
1,8288,True,B,A,10,1,A
1,8289,True,A,B,1,2,B
1,8290,False,,,,,
1,8291,True,B,A,3,1,A
1,8292,True,A,B,1,1,B
1,8293,True,A,B,2,0,B
1,8294,True,B,A,10,1,A
1,8295,False,,,,,
1,8296,False,,,,,
1,8297,True,A,B,1,1,B
1,8298,True,A,B,10,1,B
1,8299,True,B,A,1,1,A
1,8300,True,A,B,1,2,B
1,8301,True,A,B,2,0,B
1,8302,True,A,B,2,0,B
1,8303,True,A,B,2,1,B
1,8304,True,B,A,10,1,A
1,8305,True,A,B,1,1,B
1,8306,True,B,A,3,1,A
1,8307,True,A,B,2,1,B
1,8308,True,A,B,1,2,B
1,8309,True,B,A,2,1,A
1,8310,True,A,B,1,1,B
1,8311,True,A,B,1,1,B
1,8312,True,B,A,2,1,A
1,8313,True,B,A,10,1,A
1,8314,True,B,A,1,2,A
1,8315,True,B,A,0,1,A
1,8316,True,A,B,1,1,B
1,8317,False,,,,,
1,8318,True,B,A,0,1,A
1,8319,True,B,A,1,2,A
1,8320,True,A,B,6,1,B
1,8321,False,,,,,
1,8322,True,B,A,0,1,A
1,8323,True,A,B,1,1,B
1,8324,True,B,A,10,1,A
1,8325,True,B,A,0,1,A
1,8326,True,B,A,2,1,A
1,8327,True,B,A,1,2,A
1,8328,True,B,A,1,2,A
1,8329,True,A,B,1,1,B
1,8330,False,,,,,
1,8331,True,A,B,2,0,B
1,8332,True,B,A,10,1,A
1,8333,True,B,A,2,1,A
1,8334,True,A,B,2,0,B
1,8335,True,A,B,2,0,B
1,8336,True,B,A,2,1,A
1,8337,False,,,,,
1,8338,True,A,B,3,1,B
1,8339,True,A,B,10,1,B
1,8340,True,A,B,2,1,B
1,8341,True,B,A,2,1,A
1,8342,True,A,B,10,1,B
1,8343,True,A,B,1,2,B
1,8344,True,A,B,1,2,B
1,8345,True,B,A,1,2,A
1,8346,True,B,A,1,2,A
1,8347,True,A,B,2,0,B
1,8348,True,B,A,4,1,A
1,8349,True,B,A,4,1,A
1,8350,True,A,B,3,1,B
1,8351,True,B,A,6,1,A
1,8352,True,A,B,6,1,B
1,8353,True,B,A,1,2,A
1,8354,True,B,A,0,1,A
1,8355,True,A,B,2,0,B
1,8356,True,A,B,4,1,B
1,8357,True,A,B,6,1,B
1,8358,True,B,A,1,2,A
1,8359,True,B,A,4,1,A
1,8360,True,B,A,1,1,A
1,8361,True,B,A,3,1,A
1,8362,True,A,B,4,1,B
1,8363,True,B,A,2,1,A
1,8364,True,A,B,1,1,B
1,8365,True,A,B,6,1,B
1,8366,True,A,B,3,1,B
1,8367,True,A,B,2,0,B
1,8368,True,B,A,3,1,A
1,8369,True,A,B,4,1,B
1,8370,True,A,B,1,1,B
1,8371,True,B,A,2,1,A
1,8372,True,A,B,2,1,B
1,8373,True,B,A,6,1,A
1,8374,True,B,A,0,1,A
1,8375,True,A,B,1,1,B
1,8376,True,B,A,10,1,A
1,8377,True,A,B,4,1,B
1,8378,True,B,A,6,1,A
1,8379,True,A,B,1,2,B
1,8380,True,A,B,2,0,B
1,8381,True,A,B,2,0,B
1,8382,True,A,B,6,1,B
1,8383,True,B,A,3,1,A
1,8384,True,A,B,1,2,B
1,8385,True,A,B,2,1,B
1,8386,True,A,B,3,1,B
1,8387,True,B,A,10,1,A
1,8388,True,B,A,1,2,A
1,8389,True,B,A,3,1,A
1,8390,True,A,B,1,2,B
1,8391,True,B,A,6,1,A
1,8392,True,B,A,1,1,A
1,8393,True,B,A,1,2,A
1,8394,True,B,A,3,1,A
1,8395,True,A,B,1,2,B
1,8396,True,A,B,1,2,B
1,8397,True,B,A,1,1,A
1,8398,True,B,A,4,1,A
1,8399,False,,,,,
1,8400,True,B,A,1,2,A
1,8401,True,B,A,3,1,A
1,8402,True,B,A,4,1,A
1,8403,True,B,A,6,1,A
1,8404,False,,,,,
1,8405,True,A,B,1,1,B
1,8406,True,A,B,6,1,B
1,8407,True,A,B,2,1,B
1,8408,True,A,B,2,0,B
1,8409,True,A,B,2,1,B
1,8410,True,B,A,1,1,A
1,8411,False,,,,,
1,8412,False,,,,,
1,8413,True,B,A,1,2,A
1,8414,True,B,A,6,1,A
1,8415,True,A,B,2,1,B
1,8416,True,A,B,1,1,B
1,8417,True,B,A,6,1,A
1,8418,False,,,,,
1,8419,True,B,A,3,1,A
1,8420,True,A,B,6,1,B
1,8421,True,B,A,2,1,A
1,8422,True,B,A,6,1,A
1,8423,True,B,A,6,1,A
1,8424,True,A,B,2,1,B
1,8425,True,A,B,2,1,B
1,8426,True,B,A,10,1,A
1,8427,True,A,B,2,1,B
1,8428,False,,,,,
1,8429,True,B,A,2,1,A
1,8430,False,,,,,
1,8431,True,B,A,10,1,B
1,8432,True,B,A,0,1,A
1,8433,True,B,A,2,1,A
1,8434,True,A,B,10,1,B
1,8435,True,A,B,2,1,B
1,8436,False,,,,,
1,8437,True,B,A,0,1,A
1,8438,True,A,B,10,1,B
1,8439,True,A,B,2,0,B
1,8440,True,A,B,2,0,B
1,8441,True,A,B,6,1,B
1,8442,True,A,B,10,1,B
1,8443,False,,,,,
1,8444,True,A,B,3,1,B
1,8445,True,B,A,6,1,A
1,8446,True,A,B,1,2,B
1,8447,True,A,B,1,1,B
1,8448,False,,,,,
1,8449,True,B,A,1,1,A
1,8450,False,,,,,
1,8451,True,B,A,10,1,A
1,8452,True,A,B,3,1,B
1,8453,False,,,,,
1,8454,True,B,A,1,2,A
1,8455,False,,,,,
1,8456,True,A,B,3,1,B
1,8457,True,B,A,4,1,A
1,8458,True,B,A,3,1,A
1,8459,False,,,,,
1,8460,True,B,A,1,1,A
1,8461,True,B,A,4,1,A
1,8462,True,A,B,1,2,B
1,8463,True,B,A,2,1,A
1,8464,True,A,B,1,2,B
1,8465,True,A,B,10,1,B
1,8466,True,B,A,1,1,A
1,8467,True,A,B,2,0,B
1,8468,True,B,A,6,1,B
1,8469,True,B,A,0,1,A
1,8470,True,B,A,0,1,A
1,8471,True,B,A,4,1,A
1,8472,True,A,B,6,1,B
1,8473,True,A,B,2,1,B
1,8474,True,B,A,3,1,A
1,8475,True,A,B,2,1,B
1,8476,True,A,B,6,1,B
1,8477,True,A,B,3,1,B
1,8478,True,B,A,3,1,A
1,8479,True,A,B,10,1,B
1,8480,True,A,B,2,1,B
1,8481,False,,,,,
1,8482,True,B,A,2,1,A
1,8483,True,A,B,10,1,B
1,8484,True,B,A,6,1,A
1,8485,True,B,A,0,1,A
1,8486,True,B,A,0,1,A
1,8487,True,A,B,6,1,B
1,8488,True,A,B,4,1,B
1,8489,True,B,A,4,1,A
1,8490,True,A,B,6,1,B
1,8491,True,B,A,1,2,A
1,8492,True,A,B,2,1,B
1,8493,False,,,,,
1,8494,True,B,A,1,1,A
1,8495,True,B,A,1,2,A
1,8496,True,A,B,1,1,B
1,8497,True,A,B,2,1,B
1,8498,True,B,A,3,1,A
1,8499,True,B,A,6,1,A
1,8500,True,A,B,2,1,B
1,8501,False,,,,,
1,8502,True,A,B,4,1,A
1,8503,True,B,A,10,1,A
1,8504,True,B,A,2,1,A
1,8505,True,A,B,10,1,B
1,8506,False,,,,,
1,8507,False,,,,,
1,8508,True,A,B,3,1,B
1,8509,True,A,B,6,1,B
1,8510,True,B,A,1,1,A
1,8511,False,,,,,
1,8512,True,A,B,10,1,B
1,8513,True,B,A,3,1,A
1,8514,True,B,A,3,1,A
1,8515,True,B,A,0,1,A
1,8516,False,,,,,
1,8517,True,B,A,2,1,A
1,8518,True,B,A,0,1,A
1,8519,True,B,A,10,1,A
1,8520,True,A,B,4,1,B
1,8521,True,B,A,2,1,A
1,8522,True,A,B,6,1,B
1,8523,True,A,B,3,1,B
1,8524,True,A,B,3,1,B
1,8525,True,B,A,2,1,A
1,8526,False,,,,,
1,8527,True,B,A,0,1,A
1,8528,True,B,A,0,1,A
1,8529,True,B,A,1,2,A
1,8530,True,B,A,1,1,A
1,8531,True,A,B,4,1,B
1,8532,True,B,A,1,2,A
1,8533,True,B,A,3,1,A
1,8534,True,A,B,1,2,B
1,8535,True,B,A,6,1,A
1,8536,True,A,B,2,0,B
1,8537,True,A,B,6,1,B
1,8538,True,B,A,1,1,A
1,8539,True,A,B,1,2,B
1,8540,True,B,A,3,1,A
1,8541,True,A,B,1,2,B
1,8542,True,A,B,1,1,B
1,8543,True,A,B,1,1,B
1,8544,True,A,B,3,1,B
1,8545,True,B,A,6,1,A
1,8546,True,B,A,0,1,A
1,8547,True,A,B,2,0,B
1,8548,True,A,B,3,1,B
1,8549,True,B,A,1,1,A
1,8550,True,A,B,6,1,B
1,8551,True,A,B,10,1,B
1,8552,True,B,A,0,1,A
1,8553,True,B,A,4,1,A
1,8554,True,B,A,3,1,A
1,8555,True,A,B,6,1,B
1,8556,True,B,A,1,1,A
1,8557,True,B,A,0,1,A
1,8558,True,A,B,3,1,B
1,8559,True,B,A,1,2,A
1,8560,True,B,A,10,1,A
1,8561,True,B,A,2,1,A
1,8562,True,A,B,10,1,B
1,8563,True,B,A,2,1,A
1,8564,True,A,B,2,0,B
1,8565,True,A,B,2,0,B
1,8566,True,A,B,3,1,B
1,8567,True,A,B,3,1,B
1,8568,True,B,A,6,1,A
1,8569,True,B,A,3,1,A
1,8570,True,A,B,4,1,B
1,8571,True,B,A,4,1,A
1,8572,True,A,B,3,1,B
1,8573,True,A,B,2,0,B
1,8574,True,A,B,2,0,B
1,8575,True,A,B,1,2,B
1,8576,True,B,A,2,1,A
1,8577,True,A,B,10,1,B
1,8578,True,A,B,6,1,B
1,8579,True,B,A,3,1,A
1,8580,True,B,A,0,1,A
1,8581,True,A,B,2,0,B
1,8582,True,A,B,1,2,B
1,8583,True,A,B,3,1,B
1,8584,True,B,A,6,1,A
1,8585,True,B,A,3,1,A
1,8586,True,B,A,6,1,A
1,8587,True,A,B,4,1,B
1,8588,True,A,B,3,1,B
1,8589,True,A,B,2,1,B
1,8590,True,A,B,10,1,B
1,8591,True,B,A,6,1,A
1,8592,True,B,A,3,1,A
1,8593,True,B,A,3,1,A
1,8594,True,B,A,1,2,A
1,8595,True,A,B,2,1,B
1,8596,True,A,B,2,1,B
1,8597,True,B,A,2,1,A
1,8598,True,B,A,0,1,A
1,8599,False,,,,,
1,8600,True,A,B,2,1,B
1,8601,True,A,B,1,2,B
1,8602,True,B,A,10,1,A
1,8603,True,B,A,6,1,A
1,8604,True,A,B,10,1,B
1,8605,True,A,B,6,1,B
1,8606,True,B,A,0,1,A
1,8607,False,,,,,
1,8608,True,B,A,4,1,A
1,8609,True,A,B,2,0,B
1,8610,True,A,B,1,1,B
1,8611,True,A,B,3,1,B
1,8612,True,B,A,1,2,A
1,8613,True,A,B,2,0,B
1,8614,True,A,B,2,0,B
1,8615,False,,,,,
1,8616,True,B,A,2,1,A
1,8617,True,A,B,6,1,B
1,8618,True,A,B,3,1,B
1,8619,True,B,A,4,1,A
1,8620,False,,,,,
1,8621,True,A,B,10,1,B
1,8622,True,A,B,2,1,B
1,8623,True,B,A,1,1,A
1,8624,True,B,A,10,1,A
1,8625,True,B,A,6,1,A
1,8626,True,B,A,1,2,A
1,8627,True,B,A,4,1,A
1,8628,True,B,A,6,1,A
1,8629,True,A,B,6,1,B
1,8630,True,A,B,2,0,B
1,8631,True,A,B,3,1,B
1,8632,True,A,B,10,1,B
1,8633,True,B,A,3,1,A
1,8634,True,A,B,10,1,B
1,8635,True,B,A,1,2,A
1,8636,True,B,A,1,2,A
1,8637,True,A,B,10,1,B
1,8638,True,A,B,10,1,B
1,8639,True,B,A,2,1,A
1,8640,True,B,A,1,2,A
1,8641,True,B,A,3,1,A
1,8642,True,B,A,2,1,A
1,8643,True,B,A,3,1,A
1,8644,True,A,B,6,1,B
1,8645,True,A,B,10,1,B
1,8646,True,A,B,1,2,B
1,8647,True,A,B,10,1,B
1,8648,False,,,,,
1,8649,True,A,B,10,1,B
1,8650,True,A,B,3,1,B
1,8651,True,A,B,2,0,B
1,8652,True,B,A,6,1,A
1,8653,True,B,A,10,1,A
1,8654,True,B,A,0,1,A
1,8655,True,B,A,2,1,A
1,8656,True,A,B,4,1,A
1,8657,True,A,B,10,1,B
1,8658,True,A,B,6,1,B
1,8659,True,A,B,6,1,B
1,8660,True,B,A,1,2,A
1,8661,True,A,B,2,0,B
1,8662,False,,,,,
1,8663,True,B,A,4,1,A
1,8664,True,A,B,4,1,B
1,8665,True,B,A,2,1,A
1,8666,True,B,A,2,1,A
1,8667,True,A,B,1,1,B
1,8668,True,B,A,3,1,A
1,8669,True,A,B,10,1,B
1,8670,True,B,A,1,2,A
1,8671,False,,,,,
1,8672,True,A,B,2,0,B
1,8673,True,B,A,1,1,A
1,8674,True,A,B,6,1,B
1,8675,True,A,B,1,2,B
1,8676,True,A,B,6,1,B
1,8677,True,B,A,10,1,A
1,8678,True,B,A,0,1,A
1,8679,True,A,B,2,1,B
1,8680,True,A,B,4,1,B
1,8681,True,A,B,4,1,B
1,8682,True,B,A,1,2,A
1,8683,False,,,,,
1,8684,True,B,A,2,1,A
1,8685,True,B,A,6,1,A
1,8686,True,A,B,10,1,B
1,8687,False,,,,,
1,8688,True,A,B,4,1,B
1,8689,True,A,B,1,2,B
1,8690,True,A,B,1,1,B
1,8691,True,A,B,2,0,B
1,8692,False,,,,,
1,8693,True,A,B,2,0,B
1,8694,True,B,A,2,1,A
1,8695,True,B,A,1,2,A
1,8696,True,B,A,0,1,A
1,8697,True,B,A,1,2,A
1,8698,True,B,A,2,1,A
1,8699,True,A,B,2,1,B
1,8700,True,B,A,1,2,A
1,8701,True,B,A,4,1,A
1,8702,False,,,,,
1,8703,True,A,B,2,0,B
1,8704,True,B,A,4,1,A
1,8705,True,B,A,3,1,A
1,8706,False,,,,,
1,8707,False,,,,,
1,8708,True,A,B,2,0,B
1,8709,False,,,,,
1,8710,False,,,,,
1,8711,True,A,B,1,2,B
1,8712,True,B,A,6,1,A
1,8713,False,,,,,
1,8714,True,B,A,3,1,A
1,8715,True,A,B,2,1,B
1,8716,True,A,B,4,1,B
1,8717,True,A,B,6,1,B
1,8718,True,A,B,4,1,B
1,8719,True,B,A,1,1,A
1,8720,True,A,B,1,1,B
1,8721,True,B,A,10,1,A
1,8722,True,A,B,10,1,B
1,8723,True,A,B,1,1,B
1,8724,True,A,B,1,2,B
1,8725,False,,,,,
1,8726,False,,,,,
1,8727,True,A,B,1,1,B
1,8728,True,A,B,2,0,B
1,8729,False,,,,,
1,8730,True,B,A,0,1,A
1,8731,True,B,A,0,1,A
1,8732,True,B,A,1,2,A
1,8733,True,B,A,0,1,A
1,8734,True,B,A,0,1,A
1,8735,True,A,B,1,2,B
1,8736,True,B,A,2,1,A
1,8737,True,B,A,4,1,A
1,8738,False,,,,,
1,8739,True,A,B,1,1,B
1,8740,False,,,,,
1,8741,True,B,A,0,1,A
1,8742,False,,,,,
1,8743,True,B,A,10,1,A
1,8744,True,B,A,0,1,A
1,8745,True,B,A,1,2,A
1,8746,True,A,B,2,1,B
1,8747,True,B,A,6,1,A
1,8748,True,A,B,1,1,B
1,8749,True,A,B,1,1,B
1,8750,False,,,,,
1,8751,True,B,A,1,2,A
1,8752,False,,,,,
1,8753,True,A,B,2,0,B
1,8754,True,A,B,10,1,B
1,8755,True,A,B,3,1,B
1,8756,True,B,A,4,1,B
1,8757,True,A,B,2,1,B
1,8758,True,B,A,2,1,A
1,8759,True,B,A,1,2,A
1,8760,True,A,B,1,1,B
1,8761,True,B,A,0,1,A
1,8762,False,,,,,
1,8763,True,A,B,6,1,B
1,8764,True,A,B,1,2,B
1,8765,True,B,A,0,1,A
1,8766,True,A,B,4,1,B
1,8767,False,,,,,
1,8768,True,A,B,1,1,B
1,8769,True,B,A,10,1,A
1,8770,True,B,A,0,1,A
1,8771,True,B,A,6,1,A
1,8772,True,B,A,4,1,A
1,8773,True,A,B,2,1,B
1,8774,True,B,A,1,1,A
1,8775,True,A,B,3,1,B
1,8776,True,B,A,2,1,A
1,8777,True,A,B,1,2,B
1,8778,True,A,B,6,1,B
1,8779,True,B,A,1,1,A
1,8780,True,B,A,10,1,A
1,8781,True,B,A,4,1,A
1,8782,True,A,B,1,1,B
1,8783,True,A,B,6,1,B
1,8784,True,B,A,10,1,A
1,8785,True,A,B,6,1,B
1,8786,True,B,A,2,1,A
1,8787,True,B,A,3,1,A
1,8788,True,A,B,6,1,B
1,8789,True,B,A,1,1,A
1,8790,True,B,A,1,2,A
1,8791,True,B,A,6,1,A
1,8792,True,B,A,2,1,A
1,8793,False,,,,,
1,8794,True,A,B,1,1,B
1,8795,True,B,A,3,1,A
1,8796,True,A,B,1,2,B
1,8797,True,B,A,2,1,A
1,8798,True,A,B,6,1,B
1,8799,True,B,A,0,1,A
1,8800,True,A,B,4,1,B
1,8801,True,A,B,1,1,B
1,8802,True,B,A,10,1,A
1,8803,True,A,B,10,1,B
1,8804,True,A,B,3,1,B
1,8805,True,B,A,1,1,A
1,8806,True,A,B,1,2,B
1,8807,True,B,A,2,1,A
1,8808,True,A,B,1,2,B
1,8809,True,B,A,6,1,A
1,8810,True,B,A,6,1,A
1,8811,True,B,A,1,1,A
1,8812,True,A,B,3,1,B
1,8813,True,A,B,1,1,B
1,8814,True,B,A,10,1,A
1,8815,True,A,B,2,1,B
1,8816,True,B,A,3,1,A
1,8817,True,A,B,10,1,B
1,8818,True,B,A,1,1,A
1,8819,True,B,A,1,2,A
1,8820,True,A,B,4,1,B
1,8821,True,A,B,4,1,B
1,8822,True,A,B,2,1,B
1,8823,True,A,B,1,2,B
1,8824,True,A,B,6,1,B
1,8825,True,A,B,10,1,B
1,8826,True,A,B,1,1,B
1,8827,True,A,B,1,2,B
1,8828,False,,,,,
1,8829,True,B,A,0,1,A
1,8830,True,A,B,1,2,B
1,8831,True,A,B,3,1,B
1,8832,True,A,B,10,1,B
1,8833,True,A,B,10,1,B
1,8834,True,B,A,4,1,A
1,8835,False,,,,,
1,8836,True,A,B,2,0,B
1,8837,True,A,B,2,0,B
1,8838,True,A,B,10,1,B
1,8839,False,,,,,
1,8840,False,,,,,
1,8841,True,B,A,10,1,A
1,8842,False,,,,,
1,8843,True,B,A,6,1,A
1,8844,True,A,B,3,1,B
1,8845,True,A,B,2,1,B
1,8846,True,A,B,3,1,B
1,8847,True,B,A,1,2,A
1,8848,True,B,A,10,1,A
1,8849,True,A,B,3,1,B
1,8850,True,B,A,10,1,A
1,8851,True,A,B,4,1,B
1,8852,True,B,A,6,1,A
1,8853,True,A,B,2,1,B
1,8854,True,B,A,10,1,A
1,8855,False,,,,,
1,8856,False,,,,,
1,8857,True,B,A,1,1,A
1,8858,True,B,A,1,2,A
1,8859,True,A,B,1,2,B
1,8860,False,,,,,
1,8861,False,,,,,
1,8862,True,B,A,1,1,A
1,8863,True,B,A,2,1,A
1,8864,True,A,B,1,1,B
1,8865,True,B,A,0,1,A
1,8866,True,B,A,6,1,A
1,8867,True,B,A,1,2,A
1,8868,True,A,B,1,1,B
1,8869,True,B,A,10,1,A
1,8870,False,,,,,
1,8871,True,B,A,2,1,A
1,8872,True,B,A,1,2,A
1,8873,True,B,A,0,1,A
1,8874,True,A,B,6,1,B
1,8875,True,B,A,1,2,A
1,8876,True,A,B,1,2,B
1,8877,False,,,,,
1,8878,False,,,,,
1,8879,True,B,A,1,2,A
1,8880,True,A,B,2,0,B
1,8881,True,A,B,6,1,B
1,8882,True,B,A,6,1,A
1,8883,True,B,A,3,1,A
1,8884,True,B,A,0,1,A
1,8885,True,A,B,1,2,B
1,8886,True,B,A,10,1,A
1,8887,True,A,B,2,0,B
1,8888,True,B,A,6,1,A
1,8889,False,,,,,
1,8890,True,B,A,1,1,A
1,8891,True,A,B,4,1,B
1,8892,True,A,B,1,1,B
1,8893,True,B,A,1,1,A
1,8894,True,A,B,3,1,B
1,8895,True,A,B,6,1,B
1,8896,True,A,B,2,0,B
1,8897,True,A,B,3,1,B
1,8898,True,A,B,2,1,B
1,8899,True,A,B,4,1,B
1,8900,True,A,B,2,1,B
1,8901,True,A,B,3,1,B
1,8902,True,B,A,0,1,A
1,8903,True,A,B,2,0,B
1,8904,True,A,B,1,2,B
1,8905,True,A,B,3,1,B
1,8906,True,A,B,1,1,B
1,8907,False,,,,,
1,8908,True,A,B,6,1,B
1,8909,True,A,B,10,1,B
1,8910,False,,,,,
1,8911,True,A,B,6,1,B
1,8912,True,A,B,10,1,B
1,8913,True,A,B,2,0,B
1,8914,True,B,A,10,1,A
1,8915,True,B,A,10,1,A
1,8916,True,A,B,2,0,B
1,8917,True,A,B,6,1,B
1,8918,True,A,B,2,1,B
1,8919,True,B,A,6,1,A
1,8920,True,B,A,2,1,A
1,8921,True,A,B,1,2,B
1,8922,False,,,,,
1,8923,True,B,A,3,1,A
1,8924,True,B,A,1,2,A
1,8925,True,A,B,1,2,B
1,8926,True,B,A,0,1,A
1,8927,True,B,A,4,1,A
1,8928,True,A,B,2,0,B
1,8929,True,B,A,10,1,A
1,8930,True,A,B,6,1,B
1,8931,False,,,,,
1,8932,True,B,A,3,1,A
1,8933,True,A,B,4,1,B
1,8934,True,A,B,2,0,B
1,8935,True,B,A,1,2,A
1,8936,True,A,B,4,1,B
1,8937,True,B,A,10,1,A
1,8938,True,B,A,2,1,A
1,8939,False,,,,,
1,8940,True,A,B,2,1,B
1,8941,False,,,,,
1,8942,True,B,A,1,1,A
1,8943,True,B,A,1,1,A
1,8944,True,B,A,6,1,A
1,8945,True,B,A,4,1,A
1,8946,True,A,B,1,2,B
1,8947,False,,,,,
1,8948,True,A,B,1,2,B
1,8949,True,B,A,6,1,A
1,8950,True,B,A,6,1,A
1,8951,True,A,B,1,2,B
1,8952,True,A,B,10,1,B
1,8953,True,B,A,0,1,A
1,8954,True,A,B,2,0,B
1,8955,True,A,B,3,1,B
1,8956,True,A,B,6,1,B
1,8957,True,B,A,10,1,A
1,8958,True,B,A,6,1,A
1,8959,True,B,A,0,1,A
1,8960,True,B,A,3,1,A
1,8961,True,A,B,3,1,B
1,8962,True,B,A,3,1,A
1,8963,True,A,B,1,2,B
1,8964,True,A,B,6,1,B
1,8965,True,B,A,4,1,A
1,8966,True,A,B,2,1,B
1,8967,False,,,,,
1,8968,False,,,,,
1,8969,False,,,,,
1,8970,True,B,A,2,1,A
1,8971,False,,,,,
1,8972,True,A,B,6,1,B
1,8973,True,B,A,1,2,A
1,8974,True,B,A,4,1,A
1,8975,True,B,A,3,1,A
1,8976,True,A,B,6,1,B
1,8977,False,,,,,
1,8978,True,A,B,3,1,B
1,8979,True,A,B,4,1,B
1,8980,True,B,A,4,1,A
1,8981,True,B,A,4,1,A
1,8982,True,B,A,6,1,A
1,8983,True,A,B,4,1,B
1,8984,True,A,B,10,1,B
1,8985,True,B,A,2,1,A
1,8986,True,A,B,3,1,B
1,8987,True,A,B,4,1,B
1,8988,True,B,A,1,1,A
1,8989,True,B,A,2,1,A
1,8990,True,B,A,6,1,A
1,8991,True,A,B,2,0,B
1,8992,True,B,A,2,1,A
1,8993,True,B,A,6,1,A
1,8994,False,,,,,
1,8995,False,,,,,
1,8996,True,B,A,1,2,A
1,8997,True,B,A,6,1,A
1,8998,True,A,B,4,1,B
1,8999,True,B,A,3,1,A
1,9000,True,A,B,3,1,B
1,9001,True,A,B,10,1,B
1,9002,True,A,B,6,1,B
1,9003,False,,,,,
1,9004,True,B,A,1,2,A
1,9005,True,B,A,10,1,A
1,9006,False,,,,,
1,9007,True,A,B,2,1,B
1,9008,True,A,B,2,1,A
1,9009,True,A,B,3,1,B
1,9010,True,A,B,1,1,B
1,9011,False,,,,,
1,9012,False,,,,,
1,9013,True,A,B,6,1,B
1,9014,True,A,B,4,1,B
1,9015,True,B,A,1,2,A
1,9016,True,A,B,10,1,B
1,9017,True,A,B,10,1,B
1,9018,True,B,A,4,1,A
1,9019,True,B,A,4,1,A
1,9020,True,B,A,0,1,A
1,9021,True,B,A,3,1,B
1,9022,True,A,B,10,1,B
1,9023,True,B,A,2,1,A
1,9024,True,A,B,3,1,B
1,9025,False,,,,,
1,9026,True,B,A,2,1,A
1,9027,True,B,A,6,1,A
1,9028,True,A,B,1,1,B
1,9029,True,A,B,6,1,B
1,9030,True,B,A,10,1,A
1,9031,False,,,,,
1,9032,True,B,A,0,1,A
1,9033,True,A,B,10,1,B
1,9034,False,,,,,
1,9035,True,B,A,2,1,A
1,9036,True,A,B,10,1,B
1,9037,True,A,B,6,1,B
1,9038,True,B,A,1,1,A
1,9039,True,A,B,2,0,B
1,9040,False,,,,,
1,9041,True,B,A,6,1,A
1,9042,True,B,A,1,1,A
1,9043,True,B,A,3,1,A
1,9044,True,B,A,6,1,A
1,9045,True,B,A,3,1,A
1,9046,True,B,A,3,1,A
1,9047,True,A,B,6,1,B
1,9048,False,,,,,
1,9049,True,B,A,6,1,A
1,9050,True,A,B,4,1,B
1,9051,True,A,B,4,1,B
1,9052,True,B,A,6,1,A
1,9053,True,B,A,0,1,A
1,9054,True,B,A,1,1,A
1,9055,True,B,A,0,1,A
1,9056,True,A,B,6,1,B
1,9057,True,A,B,3,1,B
1,9058,True,B,A,6,1,A
1,9059,True,B,A,0,1,A
1,9060,True,B,A,1,1,A
1,9061,False,,,,,
1,9062,False,,,,,
1,9063,False,,,,,
1,9064,True,B,A,1,2,A
1,9065,True,B,A,10,1,A
1,9066,True,A,B,2,1,B
1,9067,True,B,A,10,1,A
1,9068,True,A,B,1,2,B
1,9069,True,B,A,10,1,A
1,9070,True,A,B,10,1,B
1,9071,True,B,A,3,1,A
1,9072,False,,,,,
1,9073,True,B,A,0,1,A
1,9074,True,A,B,3,1,B
1,9075,True,A,B,4,1,B
1,9076,True,B,A,1,1,A
1,9077,True,A,B,2,0,B
1,9078,True,A,B,1,1,B
1,9079,True,B,A,10,1,A
1,9080,False,,,,,
1,9081,True,B,A,3,1,A
1,9082,True,A,B,6,1,B
1,9083,True,B,A,3,1,A
1,9084,True,A,B,6,1,B
1,9085,True,A,B,10,1,B
1,9086,True,A,B,4,1,B
1,9087,True,A,B,10,1,B
1,9088,False,,,,,
1,9089,True,A,B,1,2,B
1,9090,True,B,A,4,1,A
1,9091,True,B,A,3,1,A
1,9092,True,B,A,1,1,A
1,9093,True,A,B,1,1,B
1,9094,True,B,A,6,1,A
1,9095,True,B,A,1,2,A
1,9096,True,B,A,1,1,A
1,9097,True,A,B,4,1,B
1,9098,True,A,B,10,1,B
1,9099,True,A,B,3,1,B
1,9100,True,B,A,2,1,A
1,9101,True,B,A,2,1,A
1,9102,True,A,B,1,1,B
1,9103,True,B,A,10,1,A
1,9104,True,A,B,4,1,B
1,9105,True,B,A,4,1,A
1,9106,True,B,A,2,1,A
1,9107,True,A,B,6,1,B
1,9108,True,A,B,1,2,B
1,9109,True,B,A,2,1,A
1,9110,True,B,A,1,2,A
1,9111,True,B,A,1,2,A
1,9112,True,B,A,2,1,A
1,9113,True,B,A,10,1,A
1,9114,False,,,,,
1,9115,False,,,,,
1,9116,True,A,B,3,1,B
1,9117,True,B,A,10,1,A
1,9118,True,B,A,4,1,A
1,9119,True,A,B,10,1,B
1,9120,True,B,A,1,1,A
1,9121,True,A,B,3,1,B
1,9122,True,A,B,2,0,B
1,9123,True,B,A,0,1,A
1,9124,True,B,A,3,1,A
1,9125,True,A,B,2,1,B
1,9126,True,A,B,1,1,B
1,9127,True,A,B,6,1,B
1,9128,True,A,B,2,1,B
1,9129,True,A,B,2,1,B
1,9130,True,B,A,1,1,A
1,9131,True,A,B,3,1,B
1,9132,True,B,A,6,1,A
1,9133,True,A,B,2,0,B
1,9134,True,A,B,2,0,B
1,9135,True,A,B,3,1,B
1,9136,True,B,A,1,2,A
1,9137,False,,,,,
1,9138,True,B,A,1,2,A
1,9139,True,A,B,1,2,B
1,9140,True,B,A,2,1,A
1,9141,True,B,A,3,1,A
1,9142,True,B,A,1,2,A
1,9143,True,A,B,4,1,B
1,9144,True,B,A,1,2,A
1,9145,True,B,A,1,1,A
1,9146,True,B,A,0,1,A
1,9147,True,B,A,2,1,A
1,9148,True,B,A,1,1,A
1,9149,True,B,A,1,2,A
1,9150,True,B,A,1,1,A
1,9151,True,B,A,6,1,A
1,9152,True,B,A,0,1,A
1,9153,True,A,B,4,1,B
1,9154,True,B,A,4,1,A
1,9155,True,A,B,2,1,B
1,9156,True,A,B,2,0,B
1,9157,True,A,B,10,1,B
1,9158,True,A,B,3,1,B
1,9159,True,B,A,10,1,A
1,9160,True,B,A,1,2,A
1,9161,True,B,A,4,1,A
1,9162,False,,,,,
1,9163,True,B,A,2,1,A
1,9164,True,A,B,1,2,B
1,9165,True,A,B,3,1,B
1,9166,True,A,B,10,1,B
1,9167,True,A,B,1,2,B
1,9168,False,,,,,
1,9169,True,B,A,1,1,A
1,9170,False,,,,,
1,9171,True,A,B,3,1,B
1,9172,True,B,A,4,1,A
1,9173,True,A,B,1,2,B
1,9174,True,B,A,4,1,A
1,9175,True,B,A,3,1,A
1,9176,True,B,A,4,1,A
1,9177,True,B,A,4,1,A
1,9178,False,,,,,
1,9179,True,A,B,2,1,B
1,9180,True,B,A,1,1,A
1,9181,True,B,A,1,2,A
1,9182,True,A,B,6,1,B
1,9183,True,B,A,6,1,A
1,9184,True,B,A,4,1,A
1,9185,True,B,A,2,1,A
1,9186,True,A,B,1,2,B
1,9187,True,A,B,2,0,B
1,9188,True,A,B,1,2,B
1,9189,True,B,A,1,2,A
1,9190,True,B,A,10,1,A
1,9191,False,,,,,
1,9192,True,B,A,4,1,A
1,9193,True,B,A,1,1,A
1,9194,True,B,A,6,1,A
1,9195,False,,,,,
1,9196,True,A,B,1,2,B
1,9197,True,B,A,0,1,A
1,9198,True,B,A,1,1,A
1,9199,True,A,B,6,1,B
1,9200,True,B,A,6,1,A
1,9201,True,A,B,6,1,B
1,9202,True,B,A,6,1,A
1,9203,True,B,A,3,1,A
1,9204,True,A,B,4,1,B
1,9205,True,A,B,1,2,B
1,9206,True,A,B,2,1,B
1,9207,True,A,B,2,1,B
1,9208,True,B,A,0,1,A
1,9209,True,A,B,2,0,B
1,9210,True,B,A,6,1,A
1,9211,True,A,B,1,2,B
1,9212,True,B,A,3,1,A
1,9213,True,A,B,4,1,B
1,9214,True,B,A,1,2,A
1,9215,False,,,,,
1,9216,True,B,A,6,1,A
1,9217,True,B,A,1,2,A
1,9218,False,,,,,
1,9219,True,B,A,1,2,A
1,9220,True,A,B,6,1,B
1,9221,True,B,A,3,1,A
1,9222,True,A,B,6,1,B
1,9223,True,B,A,3,1,A
1,9224,True,A,B,4,1,B
1,9225,True,B,A,6,1,A
1,9226,False,,,,,
1,9227,True,A,B,6,1,B
1,9228,True,A,B,2,0,B
1,9229,True,B,A,3,1,A
1,9230,False,,,,,
1,9231,True,B,A,2,1,A
1,9232,True,A,B,4,1,B
1,9233,True,B,A,10,1,A
1,9234,True,A,B,2,0,B
1,9235,True,B,A,6,1,A
1,9236,True,A,B,10,1,B
1,9237,True,A,B,1,2,B
1,9238,True,A,B,3,1,B
1,9239,True,B,A,10,1,A
1,9240,True,B,A,3,1,A
1,9241,True,B,A,1,1,A
1,9242,False,,,,,
1,9243,True,A,B,4,1,B
1,9244,True,B,A,2,1,A
1,9245,True,A,B,1,1,B
1,9246,True,B,A,3,1,A
1,9247,True,A,B,2,0,B
1,9248,True,A,B,1,1,B
1,9249,True,B,A,1,1,A
1,9250,True,B,A,3,1,A
1,9251,True,B,A,1,1,A
1,9252,False,,,,,
1,9253,False,,,,,
1,9254,True,B,A,1,1,A
1,9255,False,,,,,
1,9256,False,,,,,
1,9257,True,A,B,4,1,B
1,9258,True,A,B,1,2,B
1,9259,True,B,A,6,1,A
1,9260,False,,,,,
1,9261,True,B,A,2,1,A
1,9262,True,A,B,6,1,B
1,9263,True,B,A,3,1,A
1,9264,True,A,B,3,1,B
1,9265,True,B,A,6,1,A
1,9266,True,B,A,0,1,A
1,9267,True,A,B,1,1,B
1,9268,True,A,B,3,1,B
1,9269,True,B,A,1,2,A
1,9270,True,A,B,2,0,B
1,9271,True,A,B,10,1,B
1,9272,True,A,B,2,0,B
1,9273,True,A,B,10,1,B
1,9274,True,B,A,3,1,A
1,9275,True,B,A,1,1,A
1,9276,True,B,A,1,1,A
1,9277,True,A,B,3,1,B
1,9278,True,A,B,3,1,B
1,9279,True,B,A,1,1,A
1,9280,True,B,A,3,1,A
1,9281,True,A,B,3,1,B
1,9282,True,A,B,10,1,B
1,9283,True,B,A,3,1,A
1,9284,True,B,A,1,2,A
1,9285,True,B,A,1,2,A
1,9286,True,B,A,1,1,A
1,9287,True,A,B,4,1,B
1,9288,True,A,B,2,1,B
1,9289,True,B,A,10,1,A
1,9290,True,A,B,10,1,B
1,9291,True,A,B,2,1,B
1,9292,True,A,B,4,1,B
1,9293,True,A,B,3,1,B
1,9294,True,B,A,2,1,A
1,9295,True,B,A,4,1,A
1,9296,True,B,A,3,1,A
1,9297,True,B,A,1,1,A
1,9298,True,A,B,10,1,B
1,9299,True,B,A,1,1,A
1,9300,False,,,,,
1,9301,True,B,A,10,1,A
1,9302,True,A,B,4,1,B
1,9303,True,B,A,10,1,A
1,9304,True,B,A,10,1,A
1,9305,True,A,B,3,1,B
1,9306,True,B,A,3,1,A
1,9307,True,B,A,1,1,A
1,9308,True,A,B,3,1,B
1,9309,True,B,A,1,2,A
1,9310,True,A,B,3,1,B
1,9311,True,A,B,2,0,B
1,9312,True,B,A,3,1,A
1,9313,True,B,A,4,1,A
1,9314,False,,,,,
1,9315,True,B,A,4,1,A
1,9316,True,A,B,1,1,B
1,9317,True,B,A,1,2,A
1,9318,True,B,A,2,1,A
1,9319,True,B,A,6,1,A
1,9320,True,A,B,1,2,B
1,9321,True,B,A,10,1,A
1,9322,True,B,A,3,1,A
1,9323,True,A,B,1,1,B
1,9324,True,B,A,2,1,A
1,9325,True,B,A,1,1,A
1,9326,True,B,A,6,1,A
1,9327,True,A,B,1,2,B
1,9328,True,B,A,6,1,A
1,9329,True,B,A,0,1,A
1,9330,True,A,B,2,0,B
1,9331,True,B,A,0,1,A
1,9332,True,B,A,10,1,A
1,9333,True,B,A,6,1,A
1,9334,True,B,A,1,2,A
1,9335,True,B,A,4,1,A
1,9336,True,B,A,4,1,A
1,9337,True,A,B,2,0,B
1,9338,True,B,A,10,1,A
1,9339,True,A,B,4,1,B
1,9340,False,,,,,
1,9341,True,A,B,1,1,B
1,9342,True,B,A,6,1,A
1,9343,True,B,A,1,1,A
1,9344,True,B,A,0,1,A
1,9345,True,B,A,4,1,A
1,9346,True,A,B,4,1,B
1,9347,True,B,A,2,1,A
1,9348,True,A,B,2,0,B
1,9349,False,,,,,
1,9350,True,A,B,1,1,B
1,9351,True,B,A,6,1,A
1,9352,True,A,B,4,1,B
1,9353,True,B,A,2,1,A
1,9354,True,A,B,1,2,B
1,9355,True,B,A,2,1,A
1,9356,True,B,A,3,1,A
1,9357,False,,,,,
1,9358,True,B,A,3,1,A
1,9359,True,B,A,2,0,B
1,9360,True,B,A,2,1,A
1,9361,True,A,B,1,2,B
1,9362,True,B,A,4,1,A
1,9363,True,B,A,4,1,A
1,9364,True,A,B,3,1,B
1,9365,True,A,B,4,1,B
1,9366,True,A,B,1,1,B
1,9367,False,,,,,
1,9368,True,A,B,1,2,B
1,9369,True,B,A,1,2,A
1,9370,True,A,B,2,0,B
1,9371,True,A,B,2,0,B
1,9372,True,A,B,2,0,B
1,9373,True,A,B,2,0,B
1,9374,True,B,A,0,1,A
1,9375,False,,,,,
1,9376,True,A,B,10,1,B
1,9377,True,A,B,3,1,B
1,9378,True,A,B,2,0,B
1,9379,True,B,A,4,1,A
1,9380,True,A,B,2,1,B
1,9381,False,,,,,
1,9382,True,B,A,6,1,A
1,9383,True,B,A,1,2,A
1,9384,True,B,A,2,1,A
1,9385,True,B,A,1,2,A
1,9386,True,B,A,2,1,A
1,9387,True,A,B,1,1,B
1,9388,True,A,B,1,2,B
1,9389,True,B,A,10,1,A
1,9390,True,B,A,2,1,A
1,9391,True,B,A,1,1,A
1,9392,True,A,B,6,1,B
1,9393,True,A,B,1,2,B
1,9394,True,A,B,6,1,B
1,9395,True,B,A,1,2,A
1,9396,True,B,A,10,1,A
1,9397,True,A,B,1,1,B
1,9398,False,,,,,
1,9399,True,A,B,3,1,B
1,9400,True,B,A,4,1,A
1,9401,True,B,A,0,1,A
1,9402,True,A,B,4,1,B
1,9403,False,,,,,
1,9404,True,A,B,4,1,B
1,9405,True,B,A,3,1,A
1,9406,True,B,A,2,0,B
1,9407,True,B,A,1,1,A
1,9408,True,A,B,10,1,B
1,9409,True,A,B,10,1,B
1,9410,True,B,A,2,1,A
1,9411,True,A,B,1,2,B
1,9412,True,B,A,4,1,A
1,9413,True,A,B,10,1,B
1,9414,False,,,,,
1,9415,True,A,B,2,1,B
1,9416,True,B,A,1,1,A
1,9417,True,B,A,3,1,A
1,9418,True,B,A,1,1,A
1,9419,True,A,B,6,1,B
1,9420,True,A,B,2,0,B
1,9421,True,A,B,4,1,B
1,9422,True,B,A,1,2,A
1,9423,True,B,A,6,1,A
1,9424,True,A,B,2,1,B
1,9425,True,B,A,3,1,A
1,9426,True,A,B,3,1,B
1,9427,False,,,,,
1,9428,True,B,A,3,1,A
1,9429,True,B,A,1,1,A
1,9430,False,,,,,
1,9431,True,A,B,10,1,B
1,9432,True,A,B,3,1,B
1,9433,True,A,B,1,1,B
1,9434,True,A,B,2,0,B
1,9435,True,B,A,1,2,A
1,9436,True,B,A,0,1,A
1,9437,True,B,A,1,1,A
1,9438,True,B,A,3,1,A
1,9439,True,A,B,2,0,B
1,9440,True,A,B,2,0,B
1,9441,True,A,B,2,1,B
1,9442,True,B,A,2,1,A
1,9443,True,A,B,1,1,B
1,9444,True,B,A,1,2,A
1,9445,True,A,B,4,1,B
1,9446,True,B,A,3,1,A
1,9447,True,A,B,6,1,B
1,9448,True,A,B,1,2,B
1,9449,False,,,,,
1,9450,True,A,B,1,2,B
1,9451,False,,,,,
1,9452,True,B,A,1,2,A
1,9453,False,,,,,
1,9454,True,B,A,0,1,A
1,9455,True,A,B,1,2,B
1,9456,True,A,B,1,2,B
1,9457,True,B,A,1,2,A
1,9458,True,A,B,1,1,B
1,9459,True,B,A,0,1,A
1,9460,False,,,,,
1,9461,True,A,B,2,0,B
1,9462,True,A,B,1,1,B
1,9463,True,A,B,1,2,B
1,9464,True,B,A,2,1,A
1,9465,True,B,A,2,1,A
1,9466,True,B,A,0,1,A
1,9467,False,,,,,
1,9468,True,B,A,1,1,A
1,9469,True,B,A,2,1,A
1,9470,True,B,A,1,1,A
1,9471,True,B,A,0,1,A
1,9472,True,A,B,6,1,B
1,9473,True,B,A,2,1,A
1,9474,True,A,B,3,1,B
1,9475,True,A,B,2,1,B
1,9476,True,B,A,1,2,A
1,9477,True,B,A,4,1,A
1,9478,True,A,B,10,1,B
1,9479,True,B,A,4,1,A
1,9480,False,,,,,
1,9481,True,B,A,3,1,A
1,9482,True,B,A,3,1,A
1,9483,True,A,B,2,1,B
1,9484,True,B,A,6,1,A
1,9485,False,,,,,
1,9486,True,A,B,6,1,B
1,9487,True,A,B,1,1,B
1,9488,True,A,B,2,1,B
1,9489,True,A,B,3,1,B
1,9490,True,A,B,10,1,B
1,9491,True,A,B,10,1,B
1,9492,True,B,A,6,1,A
1,9493,True,A,B,1,2,B
1,9494,True,A,B,3,1,B
1,9495,False,,,,,
1,9496,True,A,B,1,2,B
1,9497,True,A,B,6,1,B
1,9498,True,B,A,2,1,A
1,9499,True,A,B,3,1,B
1,9500,False,,,,,
1,9501,True,A,B,2,1,B
1,9502,True,B,A,4,1,A
1,9503,False,,,,,
1,9504,True,A,B,2,0,B
1,9505,True,B,A,1,1,A
1,9506,True,B,A,0,1,A
1,9507,True,A,B,2,0,B
1,9508,True,A,B,2,0,B
1,9509,False,,,,,
1,9510,True,A,B,6,1,B
1,9511,True,B,A,4,1,A
1,9512,True,B,A,10,1,A
1,9513,True,B,A,0,1,A
1,9514,False,,,,,
1,9515,True,B,A,4,1,A
1,9516,False,,,,,
1,9517,True,B,A,6,1,A
1,9518,True,A,B,4,1,B
1,9519,True,A,B,4,1,B
1,9520,False,,,,,
1,9521,False,,,,,
1,9522,True,B,A,4,1,A
1,9523,True,A,B,4,1,B
1,9524,True,B,A,6,1,A
1,9525,True,B,A,6,1,A
1,9526,True,A,B,4,1,B
1,9527,True,A,B,2,1,B
1,9528,True,B,A,1,2,A
1,9529,True,B,A,1,1,A
1,9530,True,A,B,2,1,B
1,9531,True,A,B,10,1,B
1,9532,False,,,,,
1,9533,True,B,A,10,1,A
1,9534,False,,,,,
1,9535,False,,,,,
1,9536,True,B,A,6,1,A
1,9537,True,B,A,6,1,A
1,9538,True,A,B,6,1,B
1,9539,True,B,A,3,1,A
1,9540,True,A,B,6,1,B
1,9541,True,A,B,3,1,B
1,9542,True,B,A,4,1,A
1,9543,True,A,B,1,2,B
1,9544,True,A,B,2,1,B
1,9545,True,A,B,3,1,B
1,9546,True,B,A,10,1,A
1,9547,True,B,A,4,1,A
1,9548,True,A,B,10,1,B
1,9549,True,B,A,3,1,A
1,9550,True,B,A,10,1,A
1,9551,True,B,A,10,1,A
1,9552,True,B,A,10,1,A
1,9553,True,A,B,4,1,B
1,9554,True,B,A,2,1,A
1,9555,True,B,A,10,1,A
1,9556,True,A,B,2,0,B
1,9557,False,,,,,
1,9558,True,B,A,3,1,A
1,9559,True,A,B,3,1,B
1,9560,True,A,B,3,1,B
1,9561,True,B,A,3,1,A
1,9562,True,A,B,1,1,B
1,9563,True,B,A,1,2,A
1,9564,True,B,A,10,1,A
1,9565,True,A,B,3,1,B
1,9566,True,A,B,4,1,B
1,9567,True,B,A,3,1,A
1,9568,False,,,,,
1,9569,True,A,B,2,0,B
1,9570,True,B,A,4,1,A
1,9571,False,,,,,
1,9572,True,A,B,1,2,B
1,9573,True,B,A,10,1,A
1,9574,True,A,B,3,1,B
1,9575,True,B,A,2,1,A
1,9576,True,B,A,0,1,A
1,9577,False,,,,,
1,9578,True,B,A,2,1,A
1,9579,True,A,B,2,1,B
1,9580,True,A,B,10,1,B
1,9581,True,A,B,1,2,B
1,9582,False,,,,,
1,9583,True,B,A,1,1,A
1,9584,True,A,B,3,1,B
1,9585,True,B,A,0,1,A
1,9586,True,A,B,3,1,B
1,9587,True,A,B,10,1,B
1,9588,True,B,A,10,1,A
1,9589,False,,,,,
1,9590,True,A,B,2,1,B
1,9591,True,B,A,6,1,A
1,9592,True,A,B,2,0,B
1,9593,True,B,A,4,1,A
1,9594,True,A,B,4,1,B
1,9595,False,,,,,
1,9596,False,,,,,
1,9597,True,A,B,10,1,B
1,9598,True,A,B,2,0,B
1,9599,True,B,A,10,1,A
1,9600,True,B,A,1,1,A
1,9601,True,B,A,4,1,A
1,9602,True,B,A,6,1,A
1,9603,True,B,A,1,1,A
1,9604,True,B,A,3,1,A
1,9605,True,A,B,2,0,B
1,9606,True,B,A,4,1,A
1,9607,True,B,A,6,1,A
1,9608,True,A,B,2,1,B
1,9609,True,A,B,1,2,B
1,9610,True,B,A,3,1,A
1,9611,False,,,,,
1,9612,True,B,A,2,1,A
1,9613,True,A,B,2,0,B
1,9614,True,B,A,4,1,A
1,9615,True,A,B,1,2,B
1,9616,True,B,A,1,2,A
1,9617,True,A,B,6,1,B
1,9618,True,A,B,10,1,B
1,9619,False,,,,,
1,9620,True,A,B,2,1,B
1,9621,True,A,B,3,1,B
1,9622,True,A,B,10,1,B
1,9623,False,,,,,
1,9624,False,,,,,
1,9625,True,A,B,3,1,B
1,9626,True,A,B,10,1,B
1,9627,True,A,B,4,1,B
1,9628,True,B,A,4,1,A
1,9629,True,B,A,2,1,A
1,9630,True,B,A,1,2,A
1,9631,True,B,A,1,2,A
1,9632,True,B,A,0,1,A
1,9633,True,A,B,4,1,B
1,9634,True,A,B,2,1,B
1,9635,True,B,A,1,1,A
1,9636,True,B,A,1,1,A
1,9637,True,B,A,0,1,A
1,9638,True,B,A,4,1,A
1,9639,True,A,B,10,1,B
1,9640,True,A,B,3,1,B
1,9641,True,B,A,10,1,A
1,9642,True,A,B,2,1,B
1,9643,True,B,A,1,1,A
1,9644,True,B,A,10,1,A
1,9645,False,,,,,
1,9646,True,A,B,4,1,B
1,9647,True,B,A,1,2,A
1,9648,True,B,A,0,1,A
1,9649,True,A,B,1,2,B
1,9650,False,,,,,
1,9651,True,B,A,4,1,A
1,9652,True,B,A,3,1,A
1,9653,True,B,A,4,1,A
1,9654,True,B,A,1,2,A
1,9655,True,A,B,4,1,B
1,9656,True,B,A,1,1,A
1,9657,True,A,B,1,1,B
1,9658,True,B,A,2,1,A
1,9659,False,,,,,
1,9660,True,B,A,4,1,A
1,9661,True,B,A,6,1,A
1,9662,True,A,B,4,1,B
1,9663,True,B,A,10,1,A
1,9664,True,A,B,2,1,B
1,9665,False,,,,,
1,9666,True,A,B,1,1,B
1,9667,True,B,A,10,1,A
1,9668,True,A,B,1,2,B
1,9669,False,,,,,
1,9670,True,B,A,1,1,A
1,9671,True,B,A,0,1,A
1,9672,True,A,B,1,2,B
1,9673,True,A,B,2,1,B
1,9674,True,A,B,2,0,B
1,9675,True,A,B,6,1,B
1,9676,True,B,A,3,1,A
1,9677,True,B,A,1,2,A
1,9678,True,A,B,2,0,B
1,9679,True,A,B,1,1,B
1,9680,True,A,B,3,1,B
1,9681,True,B,A,10,1,A
1,9682,False,,,,,
1,9683,False,,,,,
1,9684,True,B,A,3,1,A
1,9685,False,,,,,
1,9686,True,B,A,1,1,A
1,9687,True,B,A,3,1,A
1,9688,True,B,A,1,2,A
1,9689,True,B,A,2,1,A
1,9690,True,B,A,10,1,A
1,9691,True,A,B,10,1,B
1,9692,True,B,A,4,1,A
1,9693,True,A,B,2,1,B
1,9694,True,B,A,3,1,A
1,9695,True,B,A,4,1,A
1,9696,True,B,A,1,2,A
1,9697,True,A,B,1,1,B
1,9698,True,A,B,2,1,B
1,9699,False,,,,,
1,9700,False,,,,,
1,9701,True,B,A,10,1,A
1,9702,False,,,,,
1,9703,True,A,B,4,1,B
1,9704,True,B,A,4,1,A
1,9705,True,B,A,1,2,A
1,9706,True,A,B,10,1,B
1,9707,False,,,,,
1,9708,True,B,A,4,1,A
1,9709,True,B,A,1,1,A
1,9710,True,B,A,6,1,A
1,9711,False,,,,,
1,9712,True,B,A,1,2,A
1,9713,True,A,B,2,1,B
1,9714,True,B,A,4,1,A
1,9715,True,A,B,1,1,B
1,9716,True,A,B,3,1,B
1,9717,True,A,B,1,2,B
1,9718,True,A,B,6,1,B
1,9719,True,A,B,6,1,B
1,9720,True,B,A,1,2,A
1,9721,True,B,A,3,1,A
1,9722,True,B,A,3,1,A
1,9723,True,A,B,2,1,B
1,9724,False,,,,,
1,9725,True,A,B,10,1,B
1,9726,True,A,B,10,1,B
1,9727,True,A,B,4,1,B
1,9728,True,B,A,0,1,A
1,9729,False,,,,,
1,9730,True,B,A,10,1,A
1,9731,True,B,A,6,1,A
1,9732,True,B,A,2,1,A
1,9733,True,B,A,2,1,A
1,9734,True,B,A,1,1,A
1,9735,True,B,A,4,1,A
1,9736,True,A,B,1,1,B
1,9737,False,,,,,
1,9738,True,A,B,1,1,B
1,9739,True,A,B,1,2,B
1,9740,True,A,B,10,1,B
1,9741,False,,,,,
1,9742,True,A,B,2,0,B
1,9743,True,B,A,3,1,A
1,9744,False,,,,,
1,9745,True,A,B,10,1,B
1,9746,True,B,A,2,1,A
1,9747,True,A,B,2,1,B
1,9748,True,A,B,1,1,B
1,9749,True,B,A,6,1,A
1,9750,True,B,A,4,1,A
1,9751,True,B,A,1,2,A
1,9752,True,A,B,1,2,B
1,9753,True,A,B,6,1,B
1,9754,True,B,A,3,1,A
1,9755,True,B,A,0,1,A
1,9756,True,A,B,4,1,B
1,9757,True,A,B,2,1,B
1,9758,True,B,A,3,1,A
1,9759,True,A,B,4,1,B
1,9760,True,A,B,2,0,B
1,9761,True,B,A,0,1,A
1,9762,True,A,B,1,2,B
1,9763,True,A,B,1,1,B
1,9764,True,B,A,0,1,A
1,9765,True,B,A,10,1,A
1,9766,True,B,A,3,1,A
1,9767,True,B,A,4,1,A
1,9768,True,A,B,1,1,B
1,9769,True,B,A,2,1,A
1,9770,True,B,A,10,1,A
1,9771,True,B,A,4,1,A
1,9772,True,B,A,4,1,A
1,9773,True,A,B,2,0,B
1,9774,True,A,B,10,1,B
1,9775,True,B,A,1,1,A
1,9776,False,,,,,
1,9777,True,A,B,6,1,B
1,9778,False,,,,,
1,9779,True,A,B,2,1,B
1,9780,True,A,B,1,1,B
1,9781,True,B,A,4,1,A
1,9782,True,B,A,4,1,A
1,9783,True,A,B,1,2,B
1,9784,True,A,B,1,2,B
1,9785,True,A,B,2,0,B
1,9786,True,A,B,2,1,B
1,9787,True,A,B,2,1,B
1,9788,True,B,A,1,2,A
1,9789,True,A,B,1,2,B
1,9790,True,B,A,4,1,A
1,9791,True,B,A,2,1,A
1,9792,True,A,B,4,1,B
1,9793,True,A,B,3,1,B
1,9794,True,B,A,2,1,A
1,9795,True,B,A,4,1,A
1,9796,True,A,B,4,1,B
1,9797,True,A,B,2,0,B
1,9798,True,A,B,1,2,B
1,9799,True,B,A,4,1,A
1,9800,True,A,B,4,1,B
1,9801,True,B,A,1,1,A
1,9802,False,,,,,
1,9803,True,B,A,3,1,A
1,9804,False,,,,,
1,9805,True,A,B,2,1,B
1,9806,True,B,A,3,1,A
1,9807,True,B,A,6,1,A
1,9808,False,,,,,
1,9809,True,B,A,2,0,B
1,9810,True,A,B,2,1,B
1,9811,True,A,B,1,2,B
1,9812,False,,,,,
1,9813,True,B,A,6,1,A
1,9814,True,A,B,2,0,B
1,9815,False,,,,,
1,9816,True,A,B,3,1,B
1,9817,True,B,A,1,2,A
1,9818,True,B,A,1,2,A
1,9819,True,A,B,1,1,B
1,9820,True,B,A,10,1,A
1,9821,True,B,A,1,1,A
1,9822,True,A,B,2,1,B
1,9823,True,A,B,2,0,B
1,9824,False,,,,,
1,9825,True,B,A,2,1,A
1,9826,True,A,B,4,1,B
1,9827,True,A,B,1,1,B
1,9828,True,B,A,1,1,A
1,9829,True,B,A,3,1,A
1,9830,True,B,A,4,1,A
1,9831,True,B,A,6,1,A
1,9832,True,A,B,1,1,B
1,9833,True,B,A,2,1,A
1,9834,True,B,A,0,1,A
1,9835,True,A,B,1,1,B
1,9836,True,B,A,6,1,A
1,9837,True,B,A,1,1,A
1,9838,True,B,A,6,1,A
1,9839,True,B,A,6,1,A
1,9840,True,A,B,4,1,B
1,9841,True,A,B,10,1,B
1,9842,True,B,A,4,1,A
1,9843,True,A,B,2,1,B
1,9844,True,A,B,2,1,B
1,9845,True,B,A,6,1,A
1,9846,True,A,B,6,1,B
1,9847,True,A,B,3,1,B
1,9848,True,B,A,1,2,A
1,9849,True,B,A,0,1,A
1,9850,True,B,A,6,1,A
1,9851,True,B,A,0,1,A
1,9852,False,,,,,
1,9853,False,,,,,
1,9854,False,,,,,
1,9855,True,B,A,6,1,A
1,9856,True,B,A,1,1,A
1,9857,True,B,A,2,1,A
1,9858,True,B,A,10,1,A
1,9859,True,A,B,10,1,B
1,9860,True,B,A,1,2,A
1,9861,True,B,A,10,1,A
1,9862,True,B,A,1,2,A
1,9863,True,A,B,1,1,B
1,9864,True,B,A,0,1,A
1,9865,True,A,B,6,1,B
1,9866,True,B,A,1,1,A
1,9867,True,B,A,2,1,A
1,9868,True,A,B,10,1,B
1,9869,False,,,,,
1,9870,True,B,A,0,1,A
1,9871,True,B,A,2,1,A
1,9872,True,A,B,4,1,B
1,9873,True,A,B,3,1,B
1,9874,False,,,,,
1,9875,False,,,,,
1,9876,True,A,B,2,0,B
1,9877,False,,,,,
1,9878,True,A,B,10,1,B
1,9879,True,B,A,4,1,A
1,9880,True,A,B,10,1,B
1,9881,True,A,B,4,1,B
1,9882,False,,,,,
1,9883,False,,,,,
1,9884,True,A,B,1,2,B
1,9885,True,B,A,4,1,A
1,9886,True,B,A,6,1,A
1,9887,True,A,B,3,1,B
1,9888,True,A,B,3,1,B
1,9889,True,A,B,3,1,B
1,9890,True,B,A,10,1,B
1,9891,True,A,B,2,0,B
1,9892,True,B,A,4,1,B
1,9893,True,B,A,1,2,A
1,9894,True,A,B,10,1,B
1,9895,True,A,B,6,1,B
1,9896,True,A,B,2,0,B
1,9897,True,B,A,1,2,A
1,9898,True,B,A,1,1,A
1,9899,False,,,,,
1,9900,False,,,,,
1,9901,True,A,B,1,1,B
1,9902,True,B,A,1,1,A
1,9903,True,B,A,1,2,A
1,9904,True,B,A,6,1,A
1,9905,True,A,B,1,2,A
1,9906,True,B,A,1,2,A
1,9907,True,B,A,2,1,A
1,9908,True,B,A,10,1,A
1,9909,True,B,A,10,1,A
1,9910,True,A,B,10,1,B
1,9911,True,B,A,0,1,A
1,9912,True,B,A,2,1,A
1,9913,False,,,,,
1,9914,True,B,A,2,1,A
1,9915,True,B,A,6,1,A
1,9916,True,B,A,1,1,A
1,9917,True,A,B,1,1,B
1,9918,False,,,,,
1,9919,True,A,B,1,1,B
1,9920,True,B,A,3,1,B
1,9921,False,,,,,
1,9922,True,B,A,1,2,A
1,9923,False,,,,,
1,9924,True,A,B,1,2,B
1,9925,True,B,A,0,1,A
1,9926,True,B,A,3,1,A
1,9927,True,A,B,10,1,B
1,9928,True,B,A,1,1,A
1,9929,True,A,B,2,1,B
1,9930,True,A,B,2,0,B
1,9931,True,A,B,2,1,B
1,9932,True,A,B,1,1,B
1,9933,True,B,A,2,1,A
1,9934,True,A,B,4,1,B
1,9935,True,A,B,10,1,B
1,9936,True,A,B,1,1,B
1,9937,True,A,B,4,1,B
1,9938,True,B,A,1,2,A
1,9939,True,A,B,10,1,B
1,9940,True,B,A,6,1,A
1,9941,True,A,B,6,1,B
1,9942,True,B,A,1,2,A
1,9943,True,A,B,4,1,B
1,9944,True,A,B,6,1,B
1,9945,True,B,A,1,1,A
1,9946,True,A,B,2,0,B
1,9947,True,A,B,2,1,B
1,9948,True,B,A,10,1,A
1,9949,True,B,A,6,1,A
1,9950,True,B,A,4,1,A
1,9951,True,A,B,10,1,B
1,9952,True,A,B,1,1,A
1,9953,True,A,B,10,1,B
1,9954,True,A,B,4,1,B
1,9955,True,B,A,10,1,A
1,9956,False,,,,,
1,9957,True,A,B,1,1,B
1,9958,False,,,,,
1,9959,True,B,A,1,1,A
1,9960,True,A,B,2,1,B
1,9961,True,A,B,2,1,B
1,9962,True,A,B,3,1,B
1,9963,True,A,B,1,2,B
1,9964,True,B,A,10,1,A
1,9965,True,B,A,1,1,A
1,9966,True,A,B,4,1,B
1,9967,True,B,A,6,1,A
1,9968,True,B,A,2,1,A
1,9969,True,A,B,1,2,B
1,9970,True,B,A,10,1,A
1,9971,True,A,B,4,1,B
1,9972,True,B,A,0,1,A
1,9973,True,A,B,2,1,B
1,9974,True,A,B,1,1,B
1,9975,True,A,B,1,1,B
1,9976,True,A,B,10,1,B
1,9977,True,A,B,1,1,B
1,9978,True,B,A,0,1,A
1,9979,True,B,A,1,2,A
1,9980,True,A,B,3,1,B
1,9981,True,A,B,2,0,B
1,9982,True,B,A,6,1,A
1,9983,True,A,B,6,1,B
1,9984,True,B,A,1,1,A
1,9985,True,A,B,4,1,B
1,9986,True,B,A,4,1,A
1,9987,True,A,B,2,1,A
1,9988,True,B,A,3,1,A
1,9989,True,A,B,2,1,B
1,9990,True,A,B,0,1,A
1,9991,True,B,A,6,1,B
1,9992,True,B,A,2,0,B
1,9993,True,A,B,10,1,B
1,9994,True,B,A,2,1,B
1,9995,True,A,B,6,1,B
1,9996,False,,,,,
1,9997,True,A,B,1,1,B
1,9998,True,A,B,2,0,B
1,9999,True,B,A,6,1,A
1,10000,False,,,,,
2,10001,True,A,B,10,1,B
2,10002,True,A,B,6,1,B
2,10003,True,B,A,0,1,A
2,10004,True,B,A,3,1,A
2,10005,True,A,B,1,2,B
2,10006,True,B,A,0,1,A
2,10007,False,,,,,
2,10008,True,A,B,6,1,B
2,10009,True,A,B,6,1,B
2,10010,True,A,B,2,0,B
2,10011,True,A,B,10,1,B
2,10012,True,B,A,2,0,B
2,10013,True,A,B,4,1,B
2,10014,True,A,B,2,1,B
2,10015,True,B,A,3,1,A
2,10016,True,A,B,6,1,B
2,10017,True,A,B,1,1,B
2,10018,True,B,A,1,2,A
2,10019,False,,,,,
2,10020,False,,,,,
2,10021,True,A,B,3,1,B
2,10022,True,B,A,10,1,A
2,10023,True,B,A,0,1,A
2,10024,True,B,A,2,1,A
2,10025,True,B,A,6,1,A
2,10026,True,A,B,4,1,B
2,10027,True,B,A,1,2,A
2,10028,False,,,,,
2,10029,True,A,B,1,1,B
2,10030,True,B,A,4,1,A
2,10031,True,B,A,0,1,A
2,10032,True,B,A,0,1,A
2,10033,True,B,A,6,1,A
2,10034,True,A,B,1,1,B
2,10035,True,A,B,0,1,A
2,10036,True,A,B,2,0,B
2,10037,True,A,B,6,1,B
2,10038,True,B,A,4,1,B
2,10039,True,B,A,3,1,A
2,10040,True,A,B,6,1,B
2,10041,True,A,B,2,0,B
2,10042,True,A,B,6,1,B
2,10043,True,A,B,10,1,B
2,10044,False,,,,,
2,10045,True,A,B,2,0,B
2,10046,True,B,A,10,1,A
2,10047,True,B,A,6,1,B
2,10048,False,,,,,
2,10049,True,B,A,10,1,B
2,10050,True,A,B,2,1,B
2,10051,True,A,B,2,0,B
2,10052,True,A,B,1,2,B
2,10053,False,,,,,
2,10054,True,A,B,1,2,B
2,10055,True,A,B,10,1,B
2,10056,True,A,B,3,1,B
2,10057,True,A,B,3,1,A
2,10058,True,A,B,1,1,B
2,10059,True,B,A,3,1,A
2,10060,False,,,,,
2,10061,True,A,B,3,1,B
2,10062,True,A,B,3,1,A
2,10063,True,B,A,10,1,A
2,10064,True,B,A,10,1,B
2,10065,True,B,A,1,2,A
2,10066,True,A,B,3,1,A
2,10067,True,B,A,4,1,B
2,10068,True,B,A,2,1,B
2,10069,True,B,A,1,2,A
2,10070,False,,,,,
2,10071,True,A,B,6,1,B
2,10072,True,A,B,2,1,B
2,10073,True,A,B,6,1,B
2,10074,False,,,,,
2,10075,True,A,B,10,1,B
2,10076,True,B,A,2,0,B
2,10077,True,A,B,2,0,B
2,10078,True,B,A,2,1,B
2,10079,True,A,B,6,1,B
2,10080,True,B,A,6,1,B
2,10081,True,A,B,3,1,B
2,10082,True,A,B,2,1,B
2,10083,True,A,B,3,1,A
2,10084,True,A,B,1,2,B
2,10085,True,B,A,3,1,A
2,10086,True,A,B,6,1,B
2,10087,True,B,A,1,1,A
2,10088,False,,,,,
2,10089,True,A,B,2,1,B
2,10090,True,B,A,1,1,B
2,10091,True,A,B,6,1,B
2,10092,True,A,B,4,1,B
2,10093,True,A,B,2,1,B
2,10094,True,B,A,2,1,A
2,10095,True,B,A,1,2,A
2,10096,True,B,A,3,1,A
2,10097,False,,,,,
2,10098,True,B,A,6,1,A
2,10099,True,B,A,0,1,A
2,10100,True,A,B,2,1,B
2,10101,True,B,A,1,1,A
2,10102,True,B,A,6,1,B
2,10103,True,A,B,3,1,B
2,10104,True,A,B,6,1,B
2,10105,False,,,,,
2,10106,False,,,,,
2,10107,True,A,B,1,2,B
2,10108,True,A,B,1,2,B
2,10109,True,A,B,1,1,B
2,10110,True,A,B,2,0,B
2,10111,True,A,B,3,1,B
2,10112,False,,,,,
2,10113,True,B,A,4,1,A
2,10114,True,B,A,4,1,A
2,10115,True,A,B,3,1,B
2,10116,True,A,B,10,1,B
2,10117,True,A,B,2,0,B
2,10118,True,A,B,4,1,B
2,10119,True,A,B,6,1,B
2,10120,True,A,B,6,1,B
2,10121,True,A,B,1,1,B
2,10122,True,B,A,1,2,B
2,10123,True,B,A,1,2,A
2,10124,True,A,B,1,2,A
2,10125,True,B,A,4,1,A
2,10126,True,B,A,2,0,B
2,10127,True,A,B,10,1,B
2,10128,True,B,A,1,2,A
2,10129,True,A,B,3,1,B
2,10130,False,,,,,
2,10131,True,A,B,6,1,B
2,10132,False,,,,,
2,10133,True,A,B,2,1,B
2,10134,True,B,A,1,1,A
2,10135,True,A,B,10,1,B
2,10136,True,A,B,2,1,B
2,10137,True,A,B,1,2,B
2,10138,True,B,A,6,1,A
2,10139,False,,,,,
2,10140,True,B,A,10,1,A
2,10141,True,B,A,1,2,A
2,10142,True,A,B,4,1,B
2,10143,False,,,,,
2,10144,True,A,B,3,1,B
2,10145,True,B,A,10,1,A
2,10146,True,B,A,4,1,A
2,10147,True,B,A,1,2,A
2,10148,True,A,B,4,1,B
2,10149,True,B,A,1,2,A
2,10150,True,B,A,2,1,A
2,10151,True,B,A,4,1,A
2,10152,True,B,A,1,1,A
2,10153,True,A,B,3,1,B
2,10154,True,A,B,2,1,B
2,10155,True,B,A,1,2,A
2,10156,True,B,A,1,2,B
2,10157,True,B,A,1,2,A
2,10158,True,B,A,2,1,A
2,10159,True,B,A,3,1,A
2,10160,True,A,B,4,1,B
2,10161,True,A,B,4,1,B
2,10162,True,B,A,2,1,A
2,10163,True,B,A,1,2,A
2,10164,True,A,B,2,1,B
2,10165,False,,,,,
2,10166,True,A,B,6,1,B
2,10167,True,A,B,3,1,B
2,10168,True,A,B,1,2,B
2,10169,False,,,,,
2,10170,True,B,A,4,1,A
2,10171,True,B,A,10,1,A
2,10172,True,A,B,1,2,B
2,10173,True,B,A,1,2,A
2,10174,True,A,B,1,1,B
2,10175,True,A,B,1,1,B
2,10176,True,B,A,3,1,A
2,10177,True,A,B,2,0,B
2,10178,True,B,A,1,1,A
2,10179,True,A,B,1,1,B
2,10180,True,A,B,4,1,B
2,10181,True,A,B,1,1,B
2,10182,True,B,A,6,1,A
2,10183,False,,,,,
2,10184,True,A,B,3,1,B
2,10185,True,A,B,10,1,B
2,10186,False,,,,,
2,10187,False,,,,,
2,10188,False,,,,,
2,10189,True,B,A,0,1,A
2,10190,True,B,A,4,1,A
2,10191,True,A,B,3,1,B
2,10192,True,B,A,0,1,A
2,10193,True,B,A,0,1,A
2,10194,True,A,B,4,1,B
2,10195,True,A,B,1,1,B
2,10196,True,A,B,3,1,B
2,10197,True,B,A,6,1,A
2,10198,True,B,A,1,1,A
2,10199,True,A,B,2,1,B
2,10200,True,B,A,0,1,A
2,10201,True,A,B,2,0,B
2,10202,False,,,,,
2,10203,True,B,A,2,1,A
2,10204,True,A,B,4,1,B
2,10205,True,B,A,10,1,A
2,10206,True,A,B,6,1,B
2,10207,False,,,,,
2,10208,True,B,A,2,1,A
2,10209,True,A,B,1,2,B
2,10210,True,B,A,1,1,A
2,10211,True,A,B,3,1,B
2,10212,True,B,A,3,1,A
2,10213,True,B,A,1,1,A
2,10214,True,B,A,1,2,A
2,10215,False,,,,,
2,10216,True,B,A,1,1,A
2,10217,True,A,B,3,1,B
2,10218,True,B,A,2,1,A
2,10219,True,A,B,10,1,B
2,10220,True,B,A,4,1,A
2,10221,False,,,,,
2,10222,True,A,B,2,0,B
2,10223,True,A,B,2,0,B
2,10224,True,A,B,3,1,B
2,10225,True,A,B,3,1,B
2,10226,True,A,B,1,1,B
2,10227,True,A,B,10,1,B
2,10228,True,A,B,6,1,B
2,10229,True,B,A,6,1,A
2,10230,True,A,B,4,1,B
2,10231,True,B,A,1,1,A
2,10232,True,B,A,2,1,A
2,10233,True,A,B,6,1,B
2,10234,True,B,A,1,2,A
2,10235,True,B,A,3,1,A
2,10236,True,A,B,6,1,B
2,10237,True,A,B,2,1,B
2,10238,True,B,A,0,1,A
2,10239,True,A,B,2,1,B
2,10240,True,B,A,2,1,A
2,10241,True,A,B,3,1,B
2,10242,False,,,,,
2,10243,True,A,B,3,1,B
2,10244,True,B,A,3,1,A
2,10245,True,B,A,1,1,A
2,10246,True,B,A,10,1,A
2,10247,True,B,A,1,2,A
2,10248,True,A,B,6,1,B
2,10249,True,A,B,3,1,B
2,10250,False,,,,,
2,10251,False,,,,,
2,10252,True,B,A,1,1,A
2,10253,True,A,B,2,0,B
2,10254,True,B,A,3,1,A
2,10255,False,,,,,
2,10256,False,,,,,
2,10257,True,B,A,0,1,A
2,10258,True,A,B,10,1,B
2,10259,True,B,A,4,1,A
2,10260,True,B,A,2,0,B
2,10261,True,B,A,4,1,A
2,10262,True,B,A,1,2,A
2,10263,True,B,A,6,1,A
2,10264,True,A,B,2,0,B
2,10265,True,A,B,3,1,B
2,10266,True,A,B,10,1,B
2,10267,True,B,A,3,1,B
2,10268,True,A,B,10,1,B
2,10269,True,A,B,4,1,B
2,10270,True,A,B,6,1,B
2,10271,True,B,A,6,1,A
2,10272,True,B,A,1,2,A
2,10273,True,B,A,2,1,A
2,10274,True,B,A,0,1,A
2,10275,True,B,A,1,1,A
2,10276,True,B,A,3,1,A
2,10277,True,A,B,1,2,B
2,10278,True,A,B,4,1,B
2,10279,True,B,A,6,1,A
2,10280,True,B,A,1,1,A
2,10281,True,B,A,3,1,A
2,10282,True,B,A,1,1,A
2,10283,False,,,,,
2,10284,True,A,B,3,1,B
2,10285,True,A,B,6,1,B
2,10286,True,A,B,4,1,B
2,10287,True,A,B,10,1,B
2,10288,True,A,B,1,1,B
2,10289,True,A,B,1,2,B
2,10290,True,B,A,3,1,A
2,10291,True,B,A,2,1,A
2,10292,True,A,B,2,1,B
2,10293,True,B,A,3,1,A
2,10294,True,A,B,1,2,B
2,10295,True,B,A,10,1,A
2,10296,True,A,B,1,1,B
2,10297,False,,,,,
2,10298,True,B,A,4,1,A
2,10299,True,A,B,6,1,B
2,10300,True,B,A,1,1,A
2,10301,True,B,A,3,1,A
2,10302,True,B,A,2,1,A
2,10303,True,B,A,2,1,A
2,10304,True,A,B,6,1,B
2,10305,True,B,A,6,1,A
2,10306,True,A,B,3,1,B
2,10307,True,A,B,1,2,B
2,10308,True,A,B,10,1,B
2,10309,True,A,B,3,1,B
2,10310,False,,,,,
2,10311,True,A,B,1,1,B
2,10312,True,A,B,10,1,B
2,10313,True,B,A,3,1,A
2,10314,True,B,A,2,1,A
2,10315,True,A,B,2,1,B
2,10316,True,B,A,1,2,A
2,10317,True,A,B,2,1,B
2,10318,True,B,A,4,1,A
2,10319,True,B,A,1,2,A
2,10320,False,,,,,
2,10321,False,,,,,
2,10322,False,,,,,
2,10323,False,,,,,
2,10324,True,B,A,4,1,A
2,10325,True,B,A,1,2,A
2,10326,True,A,B,1,2,B
2,10327,True,A,B,6,1,B
2,10328,True,A,B,10,1,B
2,10329,True,B,A,6,1,B
2,10330,True,A,B,2,1,B
2,10331,True,A,B,3,1,B
2,10332,False,,,,,
2,10333,True,B,A,2,1,A
2,10334,True,B,A,3,1,A
2,10335,True,B,A,10,1,A
2,10336,True,A,B,2,1,B
2,10337,False,,,,,
2,10338,True,A,B,0,1,A
2,10339,True,B,A,4,1,A
2,10340,True,B,A,3,1,B
2,10341,True,A,B,6,1,B
2,10342,True,A,B,1,1,B
2,10343,False,,,,,
2,10344,True,B,A,1,1,B
2,10345,True,A,B,6,1,B
2,10346,True,B,A,1,1,A
2,10347,True,A,B,10,1,B
2,10348,True,B,A,0,1,A
2,10349,True,A,B,2,0,B
2,10350,True,A,B,2,0,B
2,10351,False,,,,,
2,10352,True,B,A,1,2,A
2,10353,True,B,A,1,2,A
2,10354,False,,,,,
2,10355,True,B,A,1,1,A
2,10356,True,B,A,2,1,B
2,10357,True,B,A,6,1,A
2,10358,True,B,A,3,1,A
2,10359,True,B,A,2,1,A
2,10360,False,,,,,
2,10361,True,A,B,4,1,B
2,10362,False,,,,,
2,10363,True,A,B,4,1,B
2,10364,False,,,,,
2,10365,True,A,B,2,0,B
2,10366,True,B,A,1,2,A
2,10367,True,B,A,1,2,A
2,10368,True,B,A,1,1,A
2,10369,True,A,B,1,1,B
2,10370,True,A,B,2,1,B
2,10371,True,B,A,0,1,A
2,10372,True,A,B,1,2,B
2,10373,False,,,,,
2,10374,True,B,A,1,2,A
2,10375,False,,,,,
2,10376,True,A,B,2,0,B
2,10377,True,A,B,10,1,B
2,10378,True,A,B,6,1,B
2,10379,True,B,A,0,1,A
2,10380,True,B,A,1,2,B
2,10381,True,B,A,4,1,A
2,10382,True,A,B,3,1,B
2,10383,True,A,B,6,1,B
2,10384,True,A,B,3,1,B
2,10385,True,B,A,1,1,A
2,10386,True,B,A,6,1,A
2,10387,True,A,B,3,1,B
2,10388,True,A,B,6,1,B
2,10389,True,A,B,2,0,B
2,10390,True,A,B,4,1,B
2,10391,False,,,,,
2,10392,True,B,A,10,1,A
2,10393,True,A,B,1,1,B
2,10394,False,,,,,
2,10395,True,A,B,3,1,B
2,10396,True,A,B,2,1,B
2,10397,True,B,A,6,1,B
2,10398,True,B,A,1,2,A
2,10399,True,B,A,4,1,A
2,10400,True,A,B,1,2,B
2,10401,True,A,B,3,1,B
2,10402,True,B,A,6,1,A
2,10403,True,B,A,4,1,A
2,10404,True,B,A,3,1,A
2,10405,False,,,,,
2,10406,True,A,B,2,0,B
2,10407,True,A,B,1,1,B
2,10408,True,B,A,4,1,A
2,10409,True,B,A,1,2,A
2,10410,True,B,A,3,1,A
2,10411,True,B,A,10,1,A
2,10412,True,B,A,6,1,A
2,10413,False,,,,,
2,10414,False,,,,,
2,10415,True,B,A,3,1,A
2,10416,True,A,B,4,1,B
2,10417,True,B,A,4,1,A
2,10418,True,B,A,3,1,A
2,10419,True,B,A,4,1,A
2,10420,False,,,,,
2,10421,True,A,B,3,1,B
2,10422,True,A,B,1,1,B
2,10423,True,A,B,1,1,B
2,10424,True,B,A,0,1,A
2,10425,True,A,B,2,0,B
2,10426,True,B,A,1,2,A
2,10427,True,A,B,3,1,B
2,10428,True,A,B,2,0,B
2,10429,True,A,B,1,2,B
2,10430,True,A,B,1,1,B
2,10431,True,B,A,0,1,A
2,10432,True,B,A,10,1,A
2,10433,True,B,A,2,1,A
2,10434,True,A,B,10,1,B
2,10435,True,A,B,6,1,B
2,10436,True,B,A,4,1,A
2,10437,True,A,B,10,1,B
2,10438,True,A,B,3,1,B
2,10439,True,B,A,2,1,A
2,10440,True,A,B,2,0,B
2,10441,False,,,,,
2,10442,True,B,A,1,2,A
2,10443,False,,,,,
2,10444,True,B,A,0,1,A
2,10445,True,B,A,10,1,A
2,10446,True,A,B,2,1,B
2,10447,True,B,A,0,1,A
2,10448,True,A,B,3,1,B
2,10449,False,,,,,
2,10450,False,,,,,
2,10451,False,,,,,
2,10452,True,B,A,3,1,A
2,10453,True,B,A,3,1,A
2,10454,True,A,B,2,0,B
2,10455,True,B,A,1,1,A
2,10456,True,A,B,3,1,B
2,10457,True,A,B,6,1,B
2,10458,True,A,B,4,1,B
2,10459,True,B,A,6,1,A
2,10460,False,,,,,
2,10461,True,A,B,1,2,A
2,10462,True,A,B,6,1,B
2,10463,True,B,A,10,1,A
2,10464,True,B,A,4,1,B
2,10465,True,B,A,4,1,A
2,10466,True,B,A,10,1,A
2,10467,True,A,B,10,1,B
2,10468,True,B,A,1,1,A
2,10469,True,B,A,1,1,B
2,10470,True,A,B,1,1,B
2,10471,True,B,A,4,1,A
2,10472,True,A,B,3,1,B
2,10473,True,B,A,3,1,A
2,10474,True,B,A,6,1,A
2,10475,True,B,A,6,1,A
2,10476,True,B,A,10,1,A
2,10477,True,A,B,10,1,B
2,10478,True,B,A,6,1,A
2,10479,True,A,B,1,2,B
2,10480,True,A,B,2,1,B
2,10481,True,A,B,2,1,B
2,10482,True,A,B,1,2,B
2,10483,True,B,A,1,1,A
2,10484,True,B,A,1,2,A
2,10485,True,B,A,1,1,A
2,10486,True,A,B,1,2,B
2,10487,True,B,A,0,1,A
2,10488,True,A,B,2,0,B
2,10489,True,B,A,4,1,A
2,10490,True,A,B,1,2,B
2,10491,True,B,A,1,2,A
2,10492,True,B,A,3,1,A
2,10493,True,A,B,10,1,B
2,10494,True,A,B,2,1,B
2,10495,True,A,B,6,1,B
2,10496,True,A,B,10,1,B
2,10497,False,,,,,
2,10498,True,B,A,6,1,A
2,10499,True,A,B,10,1,B
2,10500,True,A,B,1,1,B
2,10501,True,B,A,2,1,B
2,10502,True,A,B,2,0,B
2,10503,True,B,A,6,1,A
2,10504,True,B,A,10,1,A
2,10505,True,A,B,4,1,B
2,10506,True,B,A,1,2,A
2,10507,True,A,B,4,1,B
2,10508,True,B,A,0,1,A
2,10509,True,B,A,3,1,A
2,10510,True,A,B,2,1,B
2,10511,True,B,A,3,1,B
2,10512,True,A,B,6,1,B
2,10513,True,A,B,1,1,B
2,10514,True,B,A,2,1,A
2,10515,False,,,,,
2,10516,True,A,B,2,0,B
2,10517,True,A,B,6,1,B
2,10518,True,B,A,3,1,B
2,10519,True,B,A,3,1,A
2,10520,True,B,A,10,1,A
2,10521,True,A,B,10,1,B
2,10522,True,B,A,10,1,A
2,10523,True,A,B,4,1,B
2,10524,True,A,B,1,1,B
2,10525,False,,,,,
2,10526,False,,,,,
2,10527,False,,,,,
2,10528,True,A,B,2,1,B
2,10529,True,B,A,10,1,A
2,10530,True,B,A,4,1,A
2,10531,True,A,B,1,1,B
2,10532,True,A,B,3,1,B
2,10533,True,A,B,1,2,B
2,10534,True,A,B,1,1,B
2,10535,True,A,B,2,1,B
2,10536,True,A,B,2,0,B
2,10537,True,B,A,6,1,A
2,10538,True,B,A,0,1,A
2,10539,True,A,B,3,1,B
2,10540,True,A,B,1,2,B
2,10541,True,A,B,3,1,B
2,10542,True,B,A,3,1,A
2,10543,True,B,A,0,1,A
2,10544,True,A,B,4,1,B
2,10545,True,B,A,1,1,A
2,10546,True,A,B,3,1,B
2,10547,False,,,,,
2,10548,True,B,A,1,2,A
2,10549,True,A,B,1,2,B
2,10550,True,B,A,4,1,A
2,10551,True,A,B,3,1,B
2,10552,True,A,B,4,1,B
2,10553,True,A,B,1,2,B
2,10554,True,A,B,6,1,B
2,10555,True,B,A,2,1,A
2,10556,True,A,B,4,1,B
2,10557,True,B,A,0,1,A
2,10558,True,B,A,1,2,B
2,10559,True,B,A,1,1,A
2,10560,True,B,A,6,1,A
2,10561,True,A,B,2,0,B
2,10562,True,B,A,6,1,A
2,10563,True,B,A,3,1,A
2,10564,True,A,B,3,1,B
2,10565,False,,,,,
2,10566,True,A,B,1,1,B
2,10567,True,A,B,2,1,B
2,10568,True,B,A,3,1,A
2,10569,True,A,B,3,1,B
2,10570,False,,,,,
2,10571,True,B,A,10,1,A
2,10572,True,A,B,6,1,B
2,10573,True,A,B,4,1,A
2,10574,True,A,B,2,0,B
2,10575,False,,,,,
2,10576,True,A,B,3,1,B
2,10577,True,B,A,1,1,B
2,10578,True,A,B,1,2,B
2,10579,True,A,B,2,1,B
2,10580,True,B,A,4,1,B
2,10581,True,B,A,3,1,A
2,10582,True,A,B,1,1,B
2,10583,True,B,A,10,1,A
2,10584,True,B,A,1,2,A
2,10585,True,A,B,3,1,B
2,10586,False,,,,,
2,10587,True,A,B,1,1,B
2,10588,True,B,A,2,0,B
2,10589,True,A,B,10,1,B
2,10590,True,A,B,6,1,B
2,10591,True,B,A,3,1,B
2,10592,True,B,A,6,1,A
2,10593,True,B,A,10,1,B
2,10594,True,A,B,1,2,B
2,10595,True,B,A,0,1,A
2,10596,False,,,,,
2,10597,True,A,B,1,1,B
2,10598,True,B,A,2,0,B
2,10599,True,B,A,4,1,A
2,10600,True,B,A,2,1,B
2,10601,True,A,B,1,2,B
2,10602,True,B,A,1,1,A
2,10603,False,,,,,
2,10604,True,B,A,6,1,A
2,10605,True,B,A,3,1,B
2,10606,True,A,B,6,1,B
2,10607,True,B,A,6,1,A
2,10608,True,B,A,3,1,A
2,10609,True,B,A,10,1,B
2,10610,True,A,B,2,0,B
2,10611,False,,,,,
2,10612,True,B,A,1,2,A
2,10613,True,A,B,2,0,B
2,10614,True,B,A,4,1,A
2,10615,False,,,,,
2,10616,True,B,A,2,1,A
2,10617,True,B,A,1,1,A
2,10618,True,B,A,2,1,A
2,10619,True,A,B,2,1,B
2,10620,True,B,A,4,1,B
2,10621,True,A,B,10,1,B
2,10622,True,B,A,4,1,A
2,10623,True,B,A,2,1,A
2,10624,True,B,A,10,1,B
2,10625,False,,,,,
2,10626,True,A,B,10,1,B
2,10627,True,B,A,1,1,A
2,10628,False,,,,,
2,10629,True,B,A,6,1,B
2,10630,False,,,,,
2,10631,True,A,B,1,1,B
2,10632,True,B,A,6,1,A
2,10633,True,B,A,1,1,A
2,10634,True,A,B,2,0,B
2,10635,True,A,B,3,1,B
2,10636,True,A,B,10,1,B
2,10637,True,B,A,2,1,A
2,10638,True,B,A,0,1,A
2,10639,True,A,B,6,1,B
2,10640,True,A,B,1,1,B
2,10641,True,B,A,2,1,B
2,10642,True,A,B,2,0,B
2,10643,True,A,B,1,1,B
2,10644,True,B,A,0,1,A
2,10645,True,A,B,6,1,B
2,10646,True,A,B,0,1,A
2,10647,True,A,B,2,0,B
2,10648,True,A,B,2,1,B
2,10649,True,B,A,10,1,A
2,10650,False,,,,,
2,10651,True,B,A,1,2,A
2,10652,True,A,B,10,1,B
2,10653,True,A,B,2,0,B
2,10654,False,,,,,
2,10655,True,A,B,3,1,B
2,10656,True,B,A,3,1,A
2,10657,True,B,A,1,1,B
2,10658,True,A,B,2,0,B
2,10659,True,B,A,2,0,B
2,10660,False,,,,,
2,10661,True,B,A,2,0,B
2,10662,True,A,B,6,1,B
2,10663,True,B,A,2,1,B
2,10664,True,B,A,3,1,A
2,10665,True,B,A,1,1,A
2,10666,True,B,A,3,1,A
2,10667,True,A,B,1,2,B
2,10668,True,B,A,4,1,A
2,10669,True,A,B,3,1,B
2,10670,True,B,A,3,1,A
2,10671,True,B,A,6,1,A
2,10672,True,B,A,10,1,B
2,10673,True,A,B,1,1,B
2,10674,True,A,B,3,1,B
2,10675,True,A,B,2,1,B
2,10676,True,A,B,2,0,B
2,10677,True,A,B,2,0,B
2,10678,True,B,A,2,1,B
2,10679,True,A,B,2,0,B
2,10680,True,B,A,6,1,A
2,10681,True,A,B,1,2,B
2,10682,True,A,B,1,1,B
2,10683,False,,,,,
2,10684,True,B,A,6,1,A
2,10685,True,B,A,1,1,B
2,10686,True,A,B,2,0,B
2,10687,True,A,B,2,1,B
2,10688,True,B,A,1,1,B
2,10689,True,B,A,2,1,A
2,10690,True,B,A,4,1,B
2,10691,True,A,B,2,1,B
2,10692,True,B,A,1,1,B
2,10693,True,B,A,10,1,A
2,10694,True,B,A,1,2,A
2,10695,True,B,A,2,1,A
2,10696,True,B,A,0,1,A
2,10697,True,B,A,1,2,A
2,10698,True,B,A,10,1,A
2,10699,True,B,A,0,1,A
2,10700,True,A,B,4,1,B
2,10701,True,A,B,1,1,B
2,10702,True,A,B,1,2,B
2,10703,True,B,A,2,1,A
2,10704,True,A,B,2,0,B
2,10705,True,B,A,1,2,A
2,10706,True,A,B,6,1,B
2,10707,True,A,B,3,1,B
2,10708,True,A,B,1,2,B
2,10709,True,A,B,6,1,B
2,10710,False,,,,,
2,10711,True,A,B,3,1,B
2,10712,True,A,B,1,1,B
2,10713,True,A,B,6,1,B
2,10714,True,B,A,6,1,A
2,10715,True,B,A,3,1,A
2,10716,True,B,A,1,2,A
2,10717,True,A,B,1,1,B
2,10718,True,A,B,10,1,B
2,10719,True,A,B,10,1,B
2,10720,True,A,B,6,1,B
2,10721,True,B,A,2,1,A
2,10722,True,A,B,1,2,B
2,10723,True,A,B,6,1,B
2,10724,True,B,A,2,1,B
2,10725,True,A,B,2,0,B
2,10726,True,A,B,2,0,B
2,10727,False,,,,,
2,10728,True,B,A,2,1,A
2,10729,True,A,B,4,1,B
2,10730,True,A,B,4,1,B
2,10731,True,A,B,10,1,B
2,10732,True,A,B,1,1,A
2,10733,True,A,B,3,1,B
2,10734,True,B,A,0,1,A
2,10735,True,A,B,6,1,B
2,10736,True,A,B,6,1,B
2,10737,True,B,A,6,1,A
2,10738,True,B,A,4,1,A
2,10739,True,B,A,0,1,A
2,10740,True,B,A,0,1,A
2,10741,True,B,A,3,1,A
2,10742,True,B,A,1,1,A
2,10743,True,B,A,1,2,A
2,10744,True,B,A,6,1,A
2,10745,True,B,A,2,0,B
2,10746,True,A,B,1,2,B
2,10747,True,A,B,2,0,B
2,10748,True,A,B,1,2,B
2,10749,True,B,A,4,1,A
2,10750,False,,,,,
2,10751,True,A,B,4,1,B
2,10752,True,A,B,10,1,B
2,10753,True,A,B,2,0,B
2,10754,True,B,A,4,1,A
2,10755,True,A,B,1,1,B
2,10756,True,B,A,4,1,A
2,10757,True,A,B,1,1,B
2,10758,True,A,B,1,2,B
2,10759,True,B,A,4,1,A
2,10760,True,B,A,4,1,A
2,10761,True,B,A,3,1,A
2,10762,True,B,A,0,1,A
2,10763,True,A,B,2,1,B
2,10764,True,B,A,6,1,A
2,10765,True,B,A,1,2,A
2,10766,True,A,B,1,1,B
2,10767,True,B,A,6,1,A
2,10768,True,A,B,1,1,B
2,10769,False,,,,,
2,10770,True,B,A,2,1,A
2,10771,True,A,B,1,2,B
2,10772,True,B,A,10,1,A
2,10773,False,,,,,
2,10774,True,B,A,2,1,A
2,10775,True,A,B,2,0,B
2,10776,True,B,A,4,1,A
2,10777,False,,,,,
2,10778,False,,,,,
2,10779,True,B,A,4,1,A
2,10780,False,,,,,
2,10781,True,B,A,6,1,A
2,10782,True,A,B,2,0,B
2,10783,True,A,B,2,0,B
2,10784,True,B,A,1,1,B
2,10785,True,A,B,2,1,B
2,10786,True,A,B,1,1,B
2,10787,True,A,B,3,1,B
2,10788,True,B,A,2,1,A
2,10789,True,A,B,4,1,B
2,10790,True,B,A,4,1,A
2,10791,True,B,A,2,1,A
2,10792,False,,,,,
2,10793,True,B,A,0,1,A
2,10794,True,A,B,3,1,B
2,10795,False,,,,,
2,10796,True,A,B,1,2,B
2,10797,False,,,,,
2,10798,True,A,B,2,1,B
2,10799,True,B,A,3,1,A
2,10800,True,A,B,10,1,B
2,10801,True,B,A,4,1,A
2,10802,True,B,A,1,2,A
2,10803,True,A,B,1,1,B
2,10804,True,A,B,3,1,B
2,10805,True,B,A,10,1,A
2,10806,True,B,A,0,1,A
2,10807,True,B,A,0,1,A
2,10808,True,A,B,6,1,B
2,10809,True,B,A,4,1,A
2,10810,True,A,B,6,1,B
2,10811,True,A,B,2,0,B
2,10812,False,,,,,
2,10813,True,B,A,10,1,A
2,10814,True,B,A,1,1,A
2,10815,False,,,,,
2,10816,True,B,A,6,1,A
2,10817,True,B,A,3,1,A
2,10818,True,B,A,0,1,A
2,10819,True,A,B,10,1,B
2,10820,True,B,A,4,1,A
2,10821,True,A,B,2,0,B
2,10822,True,B,A,2,1,A
2,10823,True,B,A,4,1,A
2,10824,True,A,B,6,1,B
2,10825,False,,,,,
2,10826,True,A,B,4,1,B
2,10827,True,A,B,3,1,B
2,10828,True,A,B,3,1,B
2,10829,True,B,A,0,1,A
2,10830,True,B,A,4,1,A
2,10831,True,B,A,0,1,A
2,10832,True,A,B,1,2,B
2,10833,True,B,A,1,2,A
2,10834,True,A,B,1,1,B
2,10835,True,B,A,6,1,A
2,10836,True,B,A,2,1,B
2,10837,True,A,B,1,1,B
2,10838,True,B,A,3,1,A
2,10839,True,B,A,6,1,A
2,10840,False,,,,,
2,10841,True,B,A,1,2,A
2,10842,True,A,B,6,1,B
2,10843,False,,,,,
2,10844,True,A,B,2,1,A
2,10845,True,A,B,6,1,B
2,10846,True,B,A,2,1,A
2,10847,True,A,B,3,1,B
2,10848,True,B,A,0,1,A
2,10849,True,B,A,10,1,A
2,10850,True,B,A,1,1,A
2,10851,False,,,,,
2,10852,True,B,A,6,1,A
2,10853,False,,,,,
2,10854,True,B,A,4,1,A
2,10855,True,A,B,3,1,B
2,10856,True,B,A,6,1,A
2,10857,True,A,B,3,1,B
2,10858,True,A,B,10,1,B
2,10859,True,A,B,2,0,B
2,10860,True,A,B,3,1,B
2,10861,True,B,A,4,1,A
2,10862,True,A,B,0,1,A
2,10863,True,A,B,2,0,B
2,10864,True,A,B,1,1,B
2,10865,True,B,A,0,1,A
2,10866,True,A,B,2,1,B
2,10867,False,,,,,
2,10868,True,B,A,0,1,A
2,10869,False,,,,,
2,10870,False,,,,,
2,10871,True,B,A,4,1,A
2,10872,False,,,,,
2,10873,True,A,B,10,1,B
2,10874,True,A,B,3,1,B
2,10875,False,,,,,
2,10876,True,B,A,2,1,A
2,10877,True,A,B,2,1,B
2,10878,True,B,A,0,1,A
2,10879,True,A,B,2,0,B
2,10880,True,B,A,0,1,A
2,10881,True,B,A,4,1,A
2,10882,True,B,A,1,2,A
2,10883,True,A,B,1,1,B
2,10884,True,A,B,1,1,B
2,10885,True,A,B,2,1,B
2,10886,True,A,B,3,1,B
2,10887,False,,,,,
2,10888,True,B,A,1,1,A
2,10889,True,A,B,10,1,B
2,10890,True,A,B,2,1,B
2,10891,True,A,B,3,1,B
2,10892,True,B,A,0,1,A
2,10893,True,A,B,10,1,B
2,10894,True,A,B,2,1,B
2,10895,True,A,B,1,2,B
2,10896,True,A,B,2,1,B
2,10897,True,A,B,1,2,B
2,10898,True,A,B,2,1,B
2,10899,True,B,A,3,1,A
2,10900,True,B,A,2,1,B
2,10901,True,A,B,3,1,B
2,10902,True,A,B,4,1,B
2,10903,True,B,A,4,1,A
2,10904,True,B,A,6,1,A
2,10905,True,B,A,1,2,A
2,10906,True,B,A,2,1,A
2,10907,True,B,A,4,1,A
2,10908,True,A,B,1,2,A
2,10909,True,A,B,1,2,B
2,10910,True,B,A,3,1,A
2,10911,True,B,A,4,1,B
2,10912,True,B,A,6,1,A
2,10913,True,B,A,4,1,A
2,10914,True,B,A,4,1,B
2,10915,True,B,A,10,1,B
2,10916,True,A,B,4,1,B
2,10917,True,A,B,3,1,B
2,10918,True,A,B,3,1,B
2,10919,True,A,B,2,0,B
2,10920,True,A,B,1,1,B
2,10921,True,B,A,1,1,B
2,10922,True,A,B,1,1,B
2,10923,True,A,B,3,1,B
2,10924,True,A,B,4,1,B
2,10925,True,B,A,1,1,A
2,10926,True,B,A,10,1,B
2,10927,True,B,A,1,2,A
2,10928,True,B,A,1,1,A
2,10929,True,B,A,10,1,A
2,10930,True,A,B,1,1,B
2,10931,True,B,A,1,2,A
2,10932,True,A,B,10,1,B
2,10933,False,,,,,
2,10934,True,A,B,4,1,B
2,10935,False,,,,,
2,10936,False,,,,,
2,10937,True,B,A,4,1,A
2,10938,True,A,B,1,1,B
2,10939,True,B,A,0,1,A
2,10940,True,B,A,2,1,A
2,10941,True,A,B,2,1,A
2,10942,True,B,A,4,1,A
2,10943,True,B,A,2,1,A
2,10944,True,B,A,0,1,A
2,10945,True,A,B,3,1,B
2,10946,True,A,B,2,1,B
2,10947,True,A,B,1,1,B
2,10948,True,A,B,4,1,A
2,10949,True,B,A,1,1,B
2,10950,True,A,B,2,1,B
2,10951,True,A,B,3,1,B
2,10952,True,B,A,10,1,B
2,10953,True,B,A,1,1,A
2,10954,True,B,A,2,1,B
2,10955,True,B,A,1,2,B
2,10956,True,B,A,2,1,A
2,10957,True,A,B,1,1,B
2,10958,True,A,B,2,1,B
2,10959,True,A,B,1,1,B
2,10960,True,B,A,4,1,A
2,10961,False,,,,,
2,10962,True,B,A,1,2,B
2,10963,True,A,B,2,1,B
2,10964,True,A,B,10,1,B
2,10965,True,A,B,4,1,B
2,10966,False,,,,,
2,10967,True,A,B,4,1,B
2,10968,True,B,A,2,0,B
2,10969,True,A,B,0,1,A
2,10970,True,B,A,10,1,B
2,10971,True,B,A,1,1,A
2,10972,True,B,A,1,2,A
2,10973,True,B,A,3,1,A
2,10974,True,B,A,1,2,A
2,10975,True,B,A,4,1,B
2,10976,True,B,A,1,2,A
2,10977,True,B,A,1,2,A
2,10978,True,B,A,0,1,A
2,10979,True,A,B,4,1,B
2,10980,True,A,B,4,1,B
2,10981,True,B,A,3,1,A
2,10982,True,B,A,10,1,B
2,10983,True,B,A,0,1,A
2,10984,True,B,A,1,1,A
2,10985,True,B,A,0,1,A
2,10986,True,A,B,6,1,A
2,10987,True,B,A,2,1,A
2,10988,True,B,A,4,1,B
2,10989,True,B,A,3,1,A
2,10990,True,B,A,1,1,A
2,10991,True,B,A,1,1,B
2,10992,True,B,A,1,2,A
2,10993,True,B,A,4,1,B
2,10994,False,,,,,
2,10995,True,B,A,1,1,A
2,10996,True,B,A,2,1,B
2,10997,True,A,B,2,1,B
2,10998,True,A,B,1,2,A
2,10999,False,,,,,
2,11000,True,B,A,10,1,B
2,11001,False,,,,,
2,11002,True,A,B,10,1,B
2,11003,True,B,A,0,1,A
2,11004,True,B,A,2,0,B
2,11005,True,B,A,1,1,B
2,11006,False,,,,,
2,11007,True,B,A,4,1,B
2,11008,True,B,A,2,1,A
2,11009,True,B,A,1,2,A
2,11010,True,B,A,4,1,A
2,11011,True,A,B,1,1,B
2,11012,True,A,B,10,1,B
2,11013,True,A,B,4,1,B
2,11014,True,B,A,1,1,A
2,11015,True,B,A,10,1,A
2,11016,True,A,B,2,1,B
2,11017,True,A,B,10,1,B
2,11018,True,A,B,2,0,B
2,11019,True,A,B,6,1,B
2,11020,True,B,A,1,2,A
2,11021,True,B,A,3,1,A
2,11022,True,A,B,1,1,B
2,11023,True,B,A,1,1,A
2,11024,True,A,B,2,0,B
2,11025,True,B,A,2,1,A
2,11026,True,B,A,10,1,B
2,11027,True,B,A,2,0,B
2,11028,True,B,A,1,1,A
2,11029,True,B,A,2,1,A
2,11030,True,B,A,1,1,B
2,11031,True,A,B,4,1,B
2,11032,True,A,B,6,1,B
2,11033,True,B,A,2,0,B
2,11034,True,A,B,10,1,B
2,11035,False,,,,,
2,11036,True,B,A,4,1,A
2,11037,False,,,,,
2,11038,True,A,B,1,2,B
2,11039,True,A,B,2,0,B
2,11040,True,B,A,1,1,A
2,11041,True,B,A,6,1,A
2,11042,True,A,B,10,1,B
2,11043,False,,,,,
2,11044,True,A,B,2,1,B
2,11045,True,B,A,10,1,A
2,11046,True,B,A,3,1,A
2,11047,True,B,A,1,1,A
2,11048,True,B,A,1,1,A
2,11049,False,,,,,
2,11050,True,A,B,1,2,B
2,11051,True,A,B,10,1,B
2,11052,True,B,A,10,1,A
2,11053,True,B,A,1,2,A
2,11054,True,B,A,0,1,A
2,11055,True,B,A,3,1,A
2,11056,True,B,A,10,1,A
2,11057,False,,,,,
2,11058,True,A,B,1,1,B
2,11059,False,,,,,
2,11060,True,B,A,10,1,A
2,11061,True,A,B,4,1,B
2,11062,True,A,B,4,1,B
2,11063,True,A,B,2,1,B
2,11064,True,A,B,2,1,B
2,11065,True,B,A,1,1,B
2,11066,True,A,B,1,2,B
2,11067,True,B,A,0,1,A
2,11068,True,B,A,1,1,A
2,11069,True,B,A,2,0,B
2,11070,True,B,A,3,1,A
2,11071,True,B,A,0,1,A
2,11072,True,B,A,10,1,A
2,11073,True,B,A,3,1,A
2,11074,True,B,A,6,1,B
2,11075,True,B,A,3,1,A
2,11076,True,A,B,1,2,A
2,11077,True,B,A,1,1,A
2,11078,True,B,A,1,1,A
2,11079,True,B,A,1,2,B
2,11080,True,A,B,2,0,B
2,11081,True,B,A,4,1,A
2,11082,False,,,,,
2,11083,True,B,A,4,1,A
2,11084,True,B,A,4,1,A
2,11085,True,B,A,6,1,A
2,11086,True,A,B,1,1,A
2,11087,True,A,B,2,0,B
2,11088,True,A,B,2,1,B
2,11089,True,A,B,4,1,B
2,11090,True,A,B,4,1,B
2,11091,True,B,A,0,1,A
2,11092,True,B,A,4,1,A
2,11093,True,B,A,6,1,A
2,11094,True,A,B,3,1,B
2,11095,True,A,B,4,1,A
2,11096,True,B,A,6,1,A
2,11097,False,,,,,
2,11098,True,B,A,4,1,B
2,11099,True,A,B,2,1,B
2,11100,True,A,B,4,1,A
2,11101,True,B,A,2,1,B
2,11102,True,B,A,1,2,A
2,11103,True,B,A,0,1,A
2,11104,True,B,A,1,2,A
2,11105,True,B,A,1,1,A
2,11106,True,A,B,2,0,B
2,11107,True,A,B,4,1,B
2,11108,True,A,B,6,1,B
2,11109,True,B,A,4,1,A
2,11110,True,B,A,2,1,B
2,11111,True,A,B,1,1,B
2,11112,True,A,B,2,0,B
2,11113,True,A,B,1,1,B
2,11114,True,A,B,10,1,B
2,11115,True,A,B,6,1,B
2,11116,True,A,B,4,1,B
2,11117,True,B,A,1,1,A
2,11118,True,A,B,4,1,B
2,11119,True,A,B,2,1,B
2,11120,True,A,B,10,1,B
2,11121,True,B,A,0,1,A
2,11122,False,,,,,
2,11123,True,B,A,1,1,A
2,11124,True,A,B,4,1,B
2,11125,True,A,B,3,1,B
2,11126,True,B,A,1,2,A
2,11127,True,B,A,10,1,A
2,11128,False,,,,,
2,11129,True,B,A,2,1,A
2,11130,True,A,B,2,1,B
2,11131,True,A,B,3,1,B
2,11132,True,A,B,3,1,A
2,11133,True,A,B,1,2,B
2,11134,True,A,B,1,2,B
2,11135,True,B,A,4,1,A
2,11136,True,A,B,10,1,B
2,11137,True,B,A,3,1,A
2,11138,True,A,B,6,1,B
2,11139,True,B,A,4,1,B
2,11140,True,B,A,6,1,A
2,11141,True,B,A,4,1,B
2,11142,True,A,B,2,1,A
2,11143,True,A,B,1,1,B
2,11144,True,A,B,2,1,A
2,11145,True,A,B,2,1,B
2,11146,True,B,A,10,1,A
2,11147,True,B,A,1,2,B
2,11148,True,A,B,1,1,B
2,11149,False,,,,,
2,11150,True,B,A,3,1,A
2,11151,True,B,A,1,1,A
2,11152,True,A,B,4,1,B
2,11153,True,B,A,4,1,A
2,11154,True,A,B,2,0,B
2,11155,True,B,A,1,1,A
2,11156,False,,,,,
2,11157,True,B,A,1,2,A
2,11158,True,A,B,1,2,B
2,11159,False,,,,,
2,11160,True,A,B,4,1,B
2,11161,True,A,B,1,1,A
2,11162,False,,,,,
2,11163,False,,,,,
2,11164,True,B,A,1,2,B
2,11165,True,B,A,1,2,A
2,11166,False,,,,,
2,11167,True,A,B,1,1,B
2,11168,False,,,,,
2,11169,True,B,A,2,1,A
2,11170,True,B,A,10,1,A
2,11171,True,B,A,10,1,A
2,11172,True,A,B,1,2,B
2,11173,True,A,B,4,1,B
2,11174,True,A,B,1,2,B
2,11175,True,B,A,1,2,A
2,11176,True,A,B,1,2,B
2,11177,False,,,,,
2,11178,True,B,A,2,1,A
2,11179,True,A,B,3,1,B
2,11180,True,B,A,0,1,A
2,11181,False,,,,,
2,11182,True,B,A,6,1,A
2,11183,False,,,,,
2,11184,True,B,A,10,1,A
2,11185,True,B,A,2,1,B
2,11186,True,B,A,4,1,A
2,11187,True,B,A,10,1,A
2,11188,True,A,B,3,1,B
2,11189,True,A,B,10,1,B
2,11190,True,B,A,3,1,B
2,11191,True,A,B,4,1,B
2,11192,True,B,A,6,1,A
2,11193,True,B,A,10,1,A
2,11194,True,A,B,3,1,B
2,11195,True,A,B,1,2,B
2,11196,True,A,B,10,1,B
2,11197,True,A,B,4,1,B
2,11198,True,B,A,3,1,B
2,11199,True,B,A,1,1,A
2,11200,True,A,B,2,0,B
2,11201,True,A,B,10,1,B
2,11202,True,A,B,10,1,B
2,11203,True,B,A,4,1,B
2,11204,True,B,A,1,1,A
2,11205,True,A,B,2,0,B
2,11206,True,A,B,3,1,B
2,11207,True,A,B,10,1,B
2,11208,True,B,A,0,1,A
2,11209,True,B,A,2,0,B
2,11210,True,A,B,6,1,B
2,11211,True,A,B,1,2,A
2,11212,True,B,A,10,1,B
2,11213,True,A,B,10,1,B
2,11214,False,,,,,
2,11215,True,A,B,1,1,B
2,11216,True,A,B,1,2,B
2,11217,True,A,B,1,2,B
2,11218,True,B,A,2,1,B
2,11219,True,A,B,2,0,B
2,11220,True,A,B,2,1,B
2,11221,True,A,B,1,2,B
2,11222,True,B,A,6,1,A
2,11223,True,B,A,1,1,A
2,11224,True,B,A,2,1,A
2,11225,True,A,B,3,1,B
2,11226,False,,,,,
2,11227,True,B,A,3,1,A
2,11228,True,B,A,6,1,A
2,11229,True,B,A,1,2,A
2,11230,True,A,B,2,1,B
2,11231,True,A,B,6,1,B
2,11232,True,B,A,4,1,B
2,11233,False,,,,,
2,11234,True,A,B,1,1,B
2,11235,True,A,B,2,1,B
2,11236,True,A,B,4,1,B
2,11237,True,A,B,10,1,B
2,11238,True,B,A,2,1,B
2,11239,True,A,B,3,1,B
2,11240,True,A,B,2,0,B
2,11241,True,B,A,1,2,B
2,11242,True,B,A,0,1,A
2,11243,True,B,A,3,1,A
2,11244,True,B,A,3,1,B
2,11245,True,A,B,1,1,A
2,11246,True,B,A,0,1,A
2,11247,True,B,A,10,1,A
2,11248,True,A,B,1,1,B
2,11249,True,A,B,10,1,B
2,11250,True,A,B,3,1,A
2,11251,True,B,A,2,1,A
2,11252,False,,,,,
2,11253,True,A,B,2,1,B
2,11254,True,B,A,1,2,B
2,11255,True,A,B,10,1,B
2,11256,True,B,A,6,1,B
2,11257,False,,,,,
2,11258,True,B,A,0,1,A
2,11259,True,B,A,1,1,A
2,11260,True,B,A,1,1,A
2,11261,True,A,B,3,1,B
2,11262,True,B,A,6,1,A
2,11263,True,A,B,2,1,B
2,11264,True,B,A,10,1,A
2,11265,True,B,A,3,1,A
2,11266,True,A,B,4,1,B
2,11267,True,A,B,2,0,B
2,11268,False,,,,,
2,11269,True,A,B,4,1,B
2,11270,True,B,A,3,1,A
2,11271,True,A,B,3,1,B
2,11272,True,A,B,1,2,B
2,11273,True,B,A,6,1,B
2,11274,False,,,,,
2,11275,True,A,B,2,0,B
2,11276,True,B,A,10,1,B
2,11277,True,A,B,2,0,B
2,11278,True,A,B,6,1,B
2,11279,True,A,B,6,1,A
2,11280,True,A,B,2,1,B
2,11281,True,A,B,10,1,B
2,11282,True,A,B,3,1,B
2,11283,True,A,B,4,1,B
2,11284,True,A,B,1,2,B
2,11285,False,,,,,
2,11286,True,B,A,4,1,A
2,11287,True,B,A,1,2,A
2,11288,True,B,A,4,1,A
2,11289,True,B,A,1,1,A
2,11290,True,B,A,2,0,B
2,11291,True,A,B,4,1,B
2,11292,True,A,B,2,1,B
2,11293,True,A,B,3,1,B
2,11294,False,,,,,
2,11295,True,B,A,3,1,B
2,11296,True,A,B,10,1,B
2,11297,True,B,A,2,1,B
2,11298,True,A,B,2,1,B
2,11299,True,A,B,1,2,B
2,11300,True,B,A,6,1,B
2,11301,True,A,B,1,1,B
2,11302,True,A,B,2,0,B
2,11303,True,A,B,4,1,B
2,11304,True,B,A,2,1,A
2,11305,False,,,,,
2,11306,True,B,A,2,1,A
2,11307,True,B,A,1,2,A
2,11308,True,B,A,2,1,A
2,11309,False,,,,,
2,11310,True,B,A,4,1,B
2,11311,True,A,B,1,2,B
2,11312,True,A,B,2,1,B
2,11313,True,A,B,2,0,B
2,11314,False,,,,,
2,11315,False,,,,,
2,11316,True,A,B,10,1,B
2,11317,False,,,,,
2,11318,True,A,B,2,1,B
2,11319,True,A,B,2,1,B
2,11320,True,B,A,2,1,B
2,11321,True,B,A,3,1,B
2,11322,True,B,A,4,1,B
2,11323,True,B,A,3,1,A
2,11324,False,,,,,
2,11325,True,A,B,10,1,A
2,11326,True,A,B,2,1,A
2,11327,True,A,B,4,1,B
2,11328,True,B,A,3,1,B
2,11329,True,A,B,2,1,B
2,11330,True,A,B,2,1,B
2,11331,True,A,B,2,1,B
2,11332,True,A,B,0,1,A
2,11333,False,,,,,
2,11334,True,A,B,10,1,B
2,11335,True,A,B,2,0,B
2,11336,True,A,B,2,1,A
2,11337,True,A,B,1,2,B
2,11338,True,A,B,1,1,B
2,11339,True,B,A,1,2,B
2,11340,True,B,A,2,1,B
2,11341,False,,,,,
2,11342,True,B,A,4,1,B
2,11343,True,B,A,2,0,B
2,11344,True,B,A,6,1,A
2,11345,True,B,A,3,1,B
2,11346,True,A,B,1,1,B
2,11347,True,B,A,6,1,B
2,11348,True,A,B,2,1,B
2,11349,True,A,B,2,0,B
2,11350,True,A,B,4,1,B
2,11351,True,A,B,2,1,B
2,11352,True,B,A,6,1,B
2,11353,True,A,B,6,1,B
2,11354,True,B,A,2,0,B
2,11355,False,,,,,
2,11356,False,,,,,
2,11357,True,B,A,2,0,B
2,11358,True,B,A,2,0,B
2,11359,False,,,,,
2,11360,True,A,B,2,1,B
2,11361,True,B,A,6,1,B
2,11362,True,B,A,2,0,B
2,11363,True,A,B,3,1,B
2,11364,True,A,B,2,0,B
2,11365,True,A,B,2,1,B
2,11366,True,A,B,2,1,B
2,11367,True,B,A,1,1,B
2,11368,True,A,B,6,1,B
2,11369,False,,,,,
2,11370,True,A,B,1,2,B
2,11371,True,A,B,6,1,B
2,11372,True,B,A,1,1,B
2,11373,True,A,B,10,1,B
2,11374,True,A,B,6,1,B
2,11375,True,A,B,1,2,A
2,11376,True,A,B,4,1,B
2,11377,True,B,A,10,1,A
2,11378,True,B,A,6,1,A
2,11379,True,A,B,10,1,B
2,11380,True,B,A,6,1,B
2,11381,True,B,A,6,1,A
2,11382,True,A,B,6,1,B
2,11383,True,A,B,1,1,B
2,11384,True,B,A,1,2,A
2,11385,True,A,B,6,1,B
2,11386,False,,,,,
2,11387,True,B,A,1,2,B
2,11388,True,A,B,10,1,B
2,11389,True,B,A,2,0,B
2,11390,True,A,B,4,1,B
2,11391,True,A,B,3,1,B
2,11392,True,B,A,1,1,B
2,11393,True,A,B,6,1,B
2,11394,True,B,A,10,1,B
2,11395,True,A,B,10,1,B
2,11396,False,,,,,
2,11397,True,B,A,1,2,A
2,11398,True,B,A,3,1,B
2,11399,True,A,B,1,2,B
2,11400,False,,,,,
2,11401,True,A,B,2,1,B
2,11402,True,B,A,1,2,A
2,11403,True,A,B,10,1,B
2,11404,True,B,A,6,1,B
2,11405,True,B,A,10,1,A
2,11406,True,A,B,10,1,B
2,11407,False,,,,,
2,11408,False,,,,,
2,11409,False,,,,,
2,11410,True,B,A,3,1,B
2,11411,True,A,B,2,0,B
2,11412,True,B,A,4,1,A
2,11413,True,A,B,10,1,B
2,11414,True,B,A,2,1,B
2,11415,True,A,B,4,1,A
2,11416,False,,,,,
2,11417,False,,,,,
2,11418,True,A,B,6,1,B
2,11419,True,A,B,1,1,B
2,11420,True,A,B,1,2,B
2,11421,True,B,A,0,1,A
2,11422,True,A,B,4,1,B
2,11423,True,A,B,10,1,B
2,11424,False,,,,,
2,11425,True,B,A,2,1,A
2,11426,False,,,,,
2,11427,True,B,A,2,1,A
2,11428,True,A,B,6,1,B
2,11429,True,B,A,6,1,B
2,11430,True,B,A,3,1,A
2,11431,True,B,A,4,1,A
2,11432,True,A,B,1,2,B
2,11433,True,B,A,6,1,A
2,11434,True,A,B,6,1,A
2,11435,True,A,B,2,0,B
2,11436,True,A,B,3,1,B
2,11437,True,B,A,10,1,A
2,11438,True,B,A,4,1,A
2,11439,True,B,A,6,1,A
2,11440,True,B,A,3,1,A
2,11441,True,A,B,4,1,B
2,11442,True,A,B,3,1,B
2,11443,True,A,B,1,2,B
2,11444,True,B,A,6,1,B
2,11445,True,A,B,3,1,B
2,11446,True,B,A,10,1,A
2,11447,True,A,B,1,1,B
2,11448,True,B,A,1,2,A
2,11449,True,A,B,1,1,B
2,11450,True,A,B,6,1,B
2,11451,True,A,B,1,1,B
2,11452,True,A,B,1,2,B
2,11453,False,,,,,
2,11454,True,B,A,0,1,A
2,11455,True,A,B,3,1,B
2,11456,True,A,B,2,0,B
2,11457,True,B,A,2,1,B
2,11458,True,B,A,10,1,B
2,11459,True,A,B,4,1,B
2,11460,True,B,A,6,1,A
2,11461,True,B,A,3,1,A
2,11462,True,A,B,2,1,B
2,11463,True,B,A,2,0,B
2,11464,True,B,A,6,1,A
2,11465,True,B,A,6,1,B
2,11466,True,B,A,1,1,B
2,11467,False,,,,,
2,11468,True,B,A,4,1,A
2,11469,True,B,A,1,2,A
2,11470,True,B,A,1,1,B
2,11471,True,A,B,1,2,A
2,11472,True,A,B,10,1,B
2,11473,True,A,B,4,1,B
2,11474,True,A,B,2,1,A
2,11475,True,B,A,1,1,A
2,11476,True,A,B,6,1,B
2,11477,True,B,A,10,1,B
2,11478,True,B,A,0,1,A
2,11479,False,,,,,
2,11480,True,B,A,2,1,A
2,11481,True,A,B,2,1,B
2,11482,True,B,A,10,1,B
2,11483,True,B,A,6,1,B
2,11484,True,B,A,10,1,B
2,11485,True,B,A,1,2,A
2,11486,True,A,B,1,1,B
2,11487,True,B,A,1,1,B
2,11488,True,A,B,0,1,A
2,11489,False,,,,,
2,11490,True,A,B,3,1,B
2,11491,True,A,B,10,1,B
2,11492,True,B,A,2,0,B
2,11493,True,B,A,3,1,B
2,11494,True,B,A,1,2,A
2,11495,True,B,A,10,1,A
2,11496,True,A,B,1,2,A
2,11497,True,B,A,1,1,A
2,11498,True,A,B,6,1,B
2,11499,True,A,B,3,1,B
2,11500,True,B,A,0,1,A
2,11501,True,B,A,4,1,B
2,11502,True,A,B,2,0,B
2,11503,True,B,A,6,1,B
2,11504,True,A,B,10,1,B
2,11505,True,A,B,6,1,B
2,11506,True,B,A,1,2,B
2,11507,False,,,,,
2,11508,True,B,A,4,1,B
2,11509,True,A,B,6,1,A
2,11510,True,A,B,1,1,A
2,11511,False,,,,,
2,11512,True,B,A,1,1,B
2,11513,True,B,A,3,1,A
2,11514,False,,,,,
2,11515,False,,,,,
2,11516,True,B,A,1,1,B
2,11517,True,B,A,1,1,B
2,11518,True,B,A,6,1,A
2,11519,False,,,,,
2,11520,True,A,B,6,1,B
2,11521,True,B,A,6,1,B
2,11522,True,B,A,0,1,A
2,11523,True,B,A,1,1,B
2,11524,True,B,A,6,1,B
2,11525,True,B,A,1,2,B
2,11526,True,B,A,0,1,A
2,11527,True,A,B,1,2,A
2,11528,True,B,A,1,1,A
2,11529,True,B,A,2,1,B
2,11530,True,A,B,0,1,A
2,11531,True,A,B,1,2,B
2,11532,True,A,B,1,2,B
2,11533,True,A,B,1,2,B
2,11534,True,A,B,3,1,B
2,11535,True,B,A,1,1,B
2,11536,True,B,A,1,2,A
2,11537,False,,,,,
2,11538,True,A,B,1,1,A
2,11539,True,B,A,1,1,B
2,11540,True,B,A,6,1,B
2,11541,True,A,B,4,1,B
2,11542,False,,,,,
2,11543,True,A,B,3,1,B
2,11544,True,A,B,10,1,B
2,11545,True,A,B,0,1,A
2,11546,True,A,B,3,1,B
2,11547,True,B,A,3,1,B
2,11548,True,B,A,6,1,B
2,11549,True,A,B,2,1,A
2,11550,True,B,A,1,1,B
2,11551,True,A,B,4,1,B
2,11552,True,B,A,1,2,A
2,11553,True,B,A,1,1,B
2,11554,True,B,A,1,2,B
2,11555,True,B,A,3,1,A
2,11556,True,A,B,4,1,B
2,11557,False,,,,,
2,11558,True,A,B,0,1,A
2,11559,True,A,B,10,1,B
2,11560,False,,,,,
2,11561,True,B,A,4,1,B
2,11562,True,B,A,10,1,B
2,11563,True,A,B,3,1,B
2,11564,False,,,,,
2,11565,True,B,A,2,0,B
2,11566,True,B,A,2,1,A
2,11567,True,A,B,2,1,B
2,11568,True,A,B,6,1,B
2,11569,True,B,A,3,1,B
2,11570,True,A,B,10,1,B
2,11571,True,A,B,6,1,B
2,11572,True,B,A,1,2,B
2,11573,True,B,A,1,2,B
2,11574,True,A,B,1,2,A
2,11575,True,B,A,6,1,B
2,11576,True,A,B,1,2,A
2,11577,False,,,,,
2,11578,True,A,B,1,1,A
2,11579,True,A,B,3,1,B
2,11580,True,B,A,4,1,B
2,11581,True,B,A,3,1,B
2,11582,True,A,B,0,1,A
2,11583,True,A,B,3,1,B
2,11584,True,B,A,2,0,B
2,11585,True,A,B,4,1,B
2,11586,True,A,B,1,1,B
2,11587,True,A,B,3,1,A
2,11588,True,A,B,1,2,A
2,11589,True,B,A,4,1,B
2,11590,True,B,A,2,1,B
2,11591,True,A,B,0,1,A
2,11592,True,B,A,4,1,B
2,11593,True,B,A,6,1,B
2,11594,True,B,A,3,1,B
2,11595,True,B,A,3,1,B
2,11596,True,B,A,1,2,A
2,11597,True,B,A,2,1,B
2,11598,True,B,A,4,1,B
2,11599,True,B,A,0,1,A
2,11600,False,,,,,
2,11601,True,A,B,1,1,A
2,11602,False,,,,,
2,11603,True,B,A,3,1,B
2,11604,True,B,A,6,1,B
2,11605,True,A,B,1,2,A
2,11606,True,B,A,1,1,B
2,11607,True,A,B,10,1,B
2,11608,True,B,A,10,1,A
2,11609,True,A,B,6,1,B
2,11610,True,A,B,10,1,B
2,11611,True,A,B,3,1,B
2,11612,True,A,B,3,1,B
2,11613,True,B,A,1,1,B
2,11614,False,,,,,
2,11615,True,B,A,10,1,B
2,11616,True,A,B,6,1,B
2,11617,True,B,A,2,0,B
2,11618,True,B,A,2,1,B
2,11619,False,,,,,
2,11620,True,B,A,2,0,B
2,11621,True,B,A,10,1,B
2,11622,True,B,A,3,1,B
2,11623,True,A,B,3,1,B
2,11624,True,B,A,4,1,B
2,11625,True,A,B,3,1,A
2,11626,True,B,A,10,1,B
2,11627,True,B,A,1,1,A
2,11628,True,B,A,0,1,A
2,11629,True,A,B,2,1,B
2,11630,True,B,A,0,1,A
2,11631,False,,,,,
2,11632,True,B,A,1,2,B
2,11633,True,B,A,1,1,B
2,11634,True,A,B,4,1,B
2,11635,True,A,B,4,1,B
2,11636,True,B,A,2,1,A
2,11637,True,A,B,0,1,A
2,11638,True,B,A,0,1,A
2,11639,True,B,A,0,1,A
2,11640,True,A,B,3,1,B
2,11641,True,A,B,6,1,B
2,11642,True,B,A,1,1,A
2,11643,False,,,,,
2,11644,True,B,A,6,1,B
2,11645,True,A,B,6,1,A
2,11646,True,B,A,6,1,A
2,11647,True,A,B,2,1,B
2,11648,True,B,A,6,1,B
2,11649,True,B,A,2,1,B
2,11650,True,A,B,4,1,B
2,11651,True,B,A,1,1,B
2,11652,True,A,B,2,0,B
2,11653,True,B,A,1,2,B
2,11654,True,B,A,6,1,B
2,11655,True,A,B,3,1,A
2,11656,True,A,B,3,1,B
2,11657,True,A,B,3,1,A
2,11658,True,A,B,1,1,B
2,11659,True,B,A,10,1,B
2,11660,True,B,A,3,1,A
2,11661,True,A,B,3,1,B
2,11662,True,A,B,10,1,B
2,11663,True,A,B,3,1,B
2,11664,True,A,B,1,1,B
2,11665,True,A,B,6,1,B
2,11666,False,,,,,
2,11667,True,B,A,0,1,A
2,11668,True,B,A,4,1,B
2,11669,True,A,B,3,1,B
2,11670,True,A,B,2,1,A
2,11671,True,A,B,1,1,A
2,11672,True,B,A,2,0,B
2,11673,True,A,B,2,1,B
2,11674,False,,,,,
2,11675,False,,,,,
2,11676,True,B,A,1,1,B
2,11677,True,A,B,6,1,B
2,11678,True,B,A,2,1,B
2,11679,True,A,B,2,1,B
2,11680,True,A,B,10,1,B
2,11681,True,B,A,3,1,B
2,11682,True,A,B,2,0,B
2,11683,True,B,A,6,1,B
2,11684,True,A,B,3,1,B
2,11685,True,B,A,1,1,B
2,11686,True,B,A,4,1,B
2,11687,False,,,,,
2,11688,True,A,B,2,1,A
2,11689,True,A,B,1,2,B
2,11690,True,A,B,3,1,B
2,11691,True,A,B,4,1,B
2,11692,True,A,B,1,1,A
2,11693,True,A,B,2,1,B
2,11694,True,B,A,3,1,B
2,11695,True,B,A,2,1,A
2,11696,True,B,A,6,1,B
2,11697,True,A,B,0,1,A
2,11698,True,A,B,10,1,B
2,11699,True,B,A,3,1,B
2,11700,True,B,A,6,1,B
2,11701,True,B,A,2,1,B
2,11702,True,B,A,3,1,B
2,11703,True,B,A,10,1,B
2,11704,True,A,B,4,1,B
2,11705,True,A,B,6,1,B
2,11706,True,A,B,1,2,A
2,11707,True,B,A,1,2,B
2,11708,True,B,A,2,1,B
2,11709,True,B,A,3,1,B
2,11710,True,A,B,3,1,B
2,11711,False,,,,,
2,11712,True,B,A,6,1,A
2,11713,True,B,A,6,1,B
2,11714,True,B,A,10,1,B
2,11715,True,A,B,6,1,B
2,11716,True,B,A,3,1,B
2,11717,True,A,B,1,2,A
2,11718,True,A,B,4,1,B
2,11719,True,B,A,6,1,B
2,11720,True,B,A,1,2,A
2,11721,False,,,,,
2,11722,True,B,A,2,1,B
2,11723,True,A,B,2,1,A
2,11724,True,B,A,6,1,A
2,11725,True,A,B,1,1,A
2,11726,True,A,B,1,2,A
2,11727,True,B,A,4,1,B
2,11728,True,B,A,1,1,B
2,11729,True,B,A,10,1,B
2,11730,False,,,,,
2,11731,True,A,B,2,1,B
2,11732,True,A,B,1,2,A
2,11733,True,B,A,2,0,B
2,11734,True,A,B,0,1,A
2,11735,True,B,A,3,1,B
2,11736,True,A,B,0,1,A
2,11737,True,B,A,1,1,B
2,11738,True,A,B,1,2,A
2,11739,True,A,B,6,1,B
2,11740,True,B,A,1,1,B
2,11741,True,A,B,2,1,A
2,11742,True,A,B,6,1,A
2,11743,True,A,B,6,1,B
2,11744,True,B,A,1,1,B
2,11745,True,A,B,10,1,A
2,11746,True,A,B,2,1,A
2,11747,True,A,B,1,1,A
2,11748,True,A,B,2,1,A
2,11749,True,A,B,2,0,B
2,11750,True,B,A,1,2,A
2,11751,True,B,A,1,2,A
2,11752,True,B,A,2,0,B
2,11753,True,B,A,1,1,B
2,11754,True,B,A,6,1,B
2,11755,True,A,B,1,1,A
2,11756,True,A,B,6,1,A
2,11757,False,,,,,
2,11758,True,A,B,10,1,B
2,11759,True,B,A,4,1,B
2,11760,True,A,B,0,1,A
2,11761,True,A,B,4,1,B
2,11762,True,B,A,1,1,A
2,11763,True,B,A,4,1,B
2,11764,True,B,A,1,1,B
2,11765,True,B,A,2,1,B
2,11766,True,B,A,2,0,B
2,11767,True,B,A,2,1,B
2,11768,True,A,B,2,1,B
2,11769,True,B,A,1,2,B
2,11770,True,A,B,2,1,A
2,11771,False,,,,,
2,11772,True,A,B,3,1,B
2,11773,True,B,A,0,1,A
2,11774,True,B,A,2,1,B
2,11775,True,A,B,3,1,B
2,11776,True,B,A,2,1,A
2,11777,True,B,A,0,1,A
2,11778,True,B,A,4,1,B
2,11779,True,B,A,2,1,B
2,11780,True,A,B,1,1,B
2,11781,True,A,B,6,1,B
2,11782,True,A,B,0,1,A
2,11783,True,B,A,10,1,B
2,11784,False,,,,,
2,11785,True,B,A,0,1,A
2,11786,True,B,A,6,1,A
2,11787,True,A,B,2,0,B
2,11788,False,,,,,
2,11789,True,A,B,2,1,B
2,11790,False,,,,,
2,11791,True,A,B,10,1,B
2,11792,True,A,B,10,1,B
2,11793,True,A,B,1,1,A
2,11794,True,B,A,2,0,B
2,11795,True,B,A,1,2,A
2,11796,True,A,B,1,2,B
2,11797,True,B,A,10,1,B
2,11798,True,B,A,2,1,A
2,11799,True,A,B,2,0,B
2,11800,True,B,A,2,1,B
2,11801,True,B,A,2,1,B
2,11802,False,,,,,
2,11803,True,A,B,2,0,B
2,11804,True,B,A,3,1,B
2,11805,False,,,,,
2,11806,True,A,B,2,1,B
2,11807,True,B,A,1,2,A
2,11808,True,A,B,0,1,A
2,11809,True,B,A,1,2,B
2,11810,True,A,B,10,1,B
2,11811,True,A,B,6,1,B
2,11812,True,A,B,2,0,B
2,11813,True,A,B,1,1,B
2,11814,True,B,A,4,1,B
2,11815,True,B,A,2,1,B
2,11816,True,B,A,10,1,B
2,11817,True,A,B,6,1,B
2,11818,False,,,,,
2,11819,True,B,A,2,1,A
2,11820,True,B,A,4,1,B
2,11821,True,A,B,1,2,A
2,11822,True,B,A,6,1,A
2,11823,True,B,A,1,1,B
2,11824,True,B,A,2,1,A
2,11825,True,B,A,4,1,B
2,11826,True,A,B,0,1,A
2,11827,True,A,B,0,1,A
2,11828,True,A,B,10,1,B
2,11829,True,B,A,0,1,A
2,11830,True,B,A,2,0,B
2,11831,True,B,A,1,2,A
2,11832,True,A,B,0,1,A
2,11833,True,A,B,6,1,B
2,11834,True,B,A,3,1,B
2,11835,True,B,A,0,1,A
2,11836,True,B,A,1,2,A
2,11837,True,B,A,6,1,B
2,11838,True,A,B,2,1,B
2,11839,True,B,A,3,1,B
2,11840,False,,,,,
2,11841,True,A,B,10,1,B
2,11842,True,A,B,4,1,B
2,11843,True,A,B,2,1,B
2,11844,True,A,B,1,1,B
2,11845,True,B,A,1,1,A
2,11846,True,B,A,2,1,B
2,11847,True,A,B,1,1,B
2,11848,True,A,B,1,1,B
2,11849,True,A,B,3,1,A
2,11850,True,B,A,4,1,B
2,11851,True,A,B,1,1,A
2,11852,True,A,B,1,2,A
2,11853,True,B,A,6,1,B
2,11854,False,,,,,
2,11855,True,A,B,6,1,B
2,11856,True,B,A,4,1,B
2,11857,True,B,A,4,1,A
2,11858,True,B,A,10,1,B
2,11859,True,A,B,3,1,B
2,11860,True,A,B,3,1,B
2,11861,True,A,B,0,1,A
2,11862,False,,,,,
2,11863,True,A,B,1,2,A
2,11864,False,,,,,
2,11865,True,A,B,1,1,B
2,11866,True,B,A,6,1,B
2,11867,True,A,B,3,1,B
2,11868,True,A,B,2,1,A
2,11869,True,A,B,1,2,A
2,11870,True,B,A,4,1,B
2,11871,True,A,B,1,2,A
2,11872,True,A,B,2,1,A
2,11873,True,B,A,2,0,B
2,11874,True,B,A,1,2,A
2,11875,True,B,A,4,1,B
2,11876,True,A,B,1,1,B
2,11877,True,A,B,4,1,B
2,11878,True,A,B,10,1,B
2,11879,True,A,B,10,1,B
2,11880,True,B,A,2,1,B
2,11881,True,A,B,1,2,A
2,11882,True,B,A,4,1,A
2,11883,True,B,A,4,1,B
2,11884,True,B,A,6,1,B
2,11885,True,A,B,2,1,A
2,11886,True,B,A,4,1,B
2,11887,True,B,A,4,1,B
2,11888,True,A,B,10,1,A
2,11889,False,,,,,
2,11890,True,A,B,3,1,A
2,11891,True,B,A,1,1,B
2,11892,True,A,B,3,1,B
2,11893,True,A,B,1,1,A
2,11894,False,,,,,
2,11895,True,A,B,3,1,B
2,11896,True,A,B,1,1,A
2,11897,False,,,,,
2,11898,True,B,A,6,1,B
2,11899,True,A,B,1,1,A
2,11900,True,B,A,4,1,B
2,11901,True,B,A,6,1,B
2,11902,True,A,B,6,1,B
2,11903,True,A,B,2,0,B
2,11904,True,A,B,6,1,B
2,11905,True,B,A,1,2,A
2,11906,True,B,A,2,0,B
2,11907,True,A,B,0,1,A
2,11908,True,A,B,2,1,B
2,11909,True,A,B,4,1,B
2,11910,True,A,B,2,1,A
2,11911,True,B,A,2,0,B
2,11912,True,B,A,1,1,B
2,11913,True,A,B,0,1,A
2,11914,False,,,,,
2,11915,True,A,B,1,1,A
2,11916,True,A,B,0,1,A
2,11917,True,A,B,2,0,B
2,11918,True,B,A,2,1,B
2,11919,True,B,A,4,1,B
2,11920,True,A,B,1,2,A
2,11921,True,B,A,6,1,B
2,11922,True,B,A,0,1,A
2,11923,True,A,B,10,1,B
2,11924,True,A,B,4,1,A
2,11925,True,B,A,3,1,B
2,11926,True,B,A,3,1,A
2,11927,True,B,A,10,1,B
2,11928,True,B,A,1,2,A
2,11929,True,A,B,1,2,A
2,11930,True,B,A,1,2,B
2,11931,True,A,B,1,2,A
2,11932,True,A,B,2,1,B
2,11933,True,B,A,1,2,A
2,11934,True,A,B,4,1,B
2,11935,True,A,B,3,1,B
2,11936,True,B,A,10,1,B
2,11937,True,B,A,2,0,B
2,11938,True,A,B,10,1,B
2,11939,True,B,A,1,2,A
2,11940,True,A,B,1,2,B
2,11941,True,B,A,10,1,B
2,11942,True,A,B,3,1,A
2,11943,True,B,A,1,1,B
2,11944,True,B,A,6,1,B
2,11945,True,B,A,2,1,B
2,11946,True,A,B,10,1,B
2,11947,True,A,B,3,1,B
2,11948,True,B,A,10,1,B
2,11949,True,B,A,4,1,B
2,11950,True,A,B,1,2,A
2,11951,True,A,B,10,1,B
2,11952,True,B,A,2,1,A
2,11953,False,,,,,
2,11954,True,A,B,6,1,B
2,11955,True,B,A,4,1,B
2,11956,True,A,B,1,2,A
2,11957,True,A,B,0,1,A
2,11958,False,,,,,
2,11959,True,B,A,3,1,B
2,11960,True,B,A,10,1,B
2,11961,True,A,B,0,1,A
2,11962,True,B,A,6,1,A
2,11963,True,B,A,6,1,B
2,11964,True,B,A,2,1,A
2,11965,True,B,A,2,1,A
2,11966,True,B,A,10,1,B
2,11967,True,B,A,6,1,B
2,11968,True,B,A,3,1,B
2,11969,True,B,A,1,2,A
2,11970,True,A,B,4,1,B
2,11971,True,B,A,3,1,B
2,11972,False,,,,,
2,11973,True,B,A,2,1,B
2,11974,True,A,B,1,1,A
2,11975,True,B,A,2,1,B
2,11976,False,,,,,
2,11977,True,B,A,6,1,B
2,11978,True,A,B,1,1,B
2,11979,True,A,B,1,2,A
2,11980,True,A,B,10,1,A
2,11981,True,B,A,2,1,B
2,11982,True,B,A,6,1,B
2,11983,True,B,A,0,1,A
2,11984,True,B,A,1,1,B
2,11985,True,A,B,6,1,B
2,11986,True,B,A,3,1,A
2,11987,True,B,A,2,0,B
2,11988,True,A,B,1,1,B
2,11989,True,A,B,1,1,B
2,11990,True,B,A,6,1,B
2,11991,True,A,B,0,1,A
2,11992,True,B,A,4,1,B
2,11993,False,,,,,
2,11994,True,B,A,10,1,B
2,11995,True,A,B,4,1,B
2,11996,False,,,,,
2,11997,True,A,B,3,1,B
2,11998,True,B,A,1,1,A
2,11999,False,,,,,
2,12000,True,B,A,2,0,B
2,12001,True,A,B,0,1,A
2,12002,True,A,B,1,1,A
2,12003,True,B,A,4,1,A
2,12004,True,B,A,10,1,B
2,12005,True,A,B,3,1,B
2,12006,True,A,B,3,1,A
2,12007,False,,,,,
2,12008,True,A,B,6,1,B
2,12009,True,B,A,0,1,A
2,12010,True,B,A,1,2,A
2,12011,True,A,B,0,1,A
2,12012,True,B,A,1,2,B
2,12013,True,B,A,2,1,B
2,12014,False,,,,,
2,12015,True,B,A,10,1,B
2,12016,True,B,A,2,1,A
2,12017,True,A,B,1,1,A
2,12018,True,B,A,10,1,B
2,12019,True,B,A,6,1,B
2,12020,True,A,B,6,1,B
2,12021,True,B,A,2,0,B
2,12022,True,B,A,1,2,A
2,12023,True,A,B,6,1,B
2,12024,True,A,B,4,1,B
2,12025,True,A,B,1,2,A
2,12026,True,B,A,4,1,B
2,12027,True,A,B,4,1,B
2,12028,True,A,B,2,1,B
2,12029,True,B,A,1,1,A
2,12030,True,A,B,4,1,B
2,12031,True,A,B,2,1,A
2,12032,True,B,A,2,0,B
2,12033,True,A,B,10,1,B
2,12034,True,B,A,2,0,B
2,12035,True,B,A,6,1,B
2,12036,True,B,A,2,0,B
2,12037,True,B,A,1,1,A
2,12038,True,A,B,0,1,A
2,12039,True,A,B,3,1,A
2,12040,True,A,B,1,1,A
2,12041,True,A,B,1,1,B
2,12042,True,A,B,10,1,B
2,12043,True,A,B,1,2,A
2,12044,True,B,A,2,0,B
2,12045,True,B,A,6,1,B
2,12046,True,B,A,2,0,B
2,12047,True,B,A,10,1,B
2,12048,True,B,A,10,1,B
2,12049,True,A,B,2,1,A
2,12050,False,,,,,
2,12051,True,B,A,1,1,B
2,12052,True,B,A,2,1,A
2,12053,True,A,B,6,1,B
2,12054,False,,,,,
2,12055,True,B,A,2,1,B
2,12056,True,A,B,3,1,B
2,12057,True,B,A,4,1,A
2,12058,True,A,B,1,2,B
2,12059,True,B,A,1,2,B
2,12060,True,A,B,0,1,A
2,12061,True,A,B,1,2,B
2,12062,True,A,B,1,1,A
2,12063,False,,,,,
2,12064,True,A,B,6,1,B
2,12065,True,B,A,3,1,B
2,12066,True,B,A,2,1,B
2,12067,True,A,B,6,1,B
2,12068,True,A,B,4,1,B
2,12069,True,A,B,6,1,B
2,12070,True,B,A,4,1,B
2,12071,True,A,B,0,1,A
2,12072,True,A,B,1,1,B
2,12073,True,B,A,2,1,A
2,12074,True,A,B,1,2,A
2,12075,True,A,B,10,1,B
2,12076,True,A,B,4,1,B
2,12077,True,B,A,3,1,A
2,12078,True,A,B,10,1,B
2,12079,False,,,,,
2,12080,True,B,A,1,1,B
2,12081,True,A,B,4,1,B
2,12082,True,A,B,1,1,A
2,12083,True,B,A,1,2,A
2,12084,True,A,B,3,1,B
2,12085,True,B,A,10,1,B
2,12086,True,A,B,1,2,A
2,12087,True,A,B,3,1,B
2,12088,True,A,B,2,1,A
2,12089,True,A,B,1,1,A
2,12090,True,A,B,10,1,B
2,12091,True,A,B,0,1,A
2,12092,True,A,B,4,1,B
2,12093,True,A,B,3,1,B
2,12094,True,A,B,1,2,A
2,12095,True,B,A,2,1,A
2,12096,True,B,A,3,1,B
2,12097,True,A,B,3,1,B
2,12098,True,A,B,3,1,B
2,12099,True,A,B,3,1,B
2,12100,True,A,B,2,1,A
2,12101,True,B,A,6,1,B
2,12102,False,,,,,
2,12103,True,B,A,10,1,B
2,12104,True,A,B,3,1,A
2,12105,True,B,A,10,1,B
2,12106,True,B,A,1,1,A
2,12107,True,A,B,10,1,B
2,12108,False,,,,,
2,12109,True,A,B,1,1,A
2,12110,True,B,A,2,1,B
2,12111,True,B,A,10,1,B
2,12112,True,A,B,0,1,A
2,12113,True,A,B,1,2,A
2,12114,True,B,A,1,2,A
2,12115,True,A,B,2,1,A
2,12116,True,B,A,4,1,B
2,12117,True,B,A,10,1,B
2,12118,True,B,A,10,1,B
2,12119,True,B,A,4,1,B
2,12120,True,A,B,2,1,A
2,12121,True,B,A,1,1,B
2,12122,True,A,B,6,1,A
2,12123,True,A,B,4,1,B
2,12124,False,,,,,
2,12125,True,A,B,2,1,A
2,12126,True,B,A,2,1,B
2,12127,True,B,A,3,1,A
2,12128,True,B,A,2,1,B
2,12129,True,A,B,2,1,B
2,12130,True,B,A,3,1,B
2,12131,True,A,B,1,2,A
2,12132,True,A,B,4,1,B
2,12133,True,A,B,6,1,B
2,12134,True,B,A,10,1,B
2,12135,True,A,B,2,1,A
2,12136,True,B,A,0,1,A
2,12137,True,A,B,2,1,B
2,12138,True,A,B,2,1,B
2,12139,True,B,A,1,1,B
2,12140,True,B,A,6,1,A
2,12141,True,B,A,1,2,B
2,12142,False,,,,,
2,12143,True,B,A,4,1,B
2,12144,False,,,,,
2,12145,True,B,A,4,1,B
2,12146,True,A,B,1,2,A
2,12147,True,B,A,3,1,B
2,12148,True,B,A,0,1,A
2,12149,True,B,A,3,1,A
2,12150,True,A,B,10,1,B
2,12151,True,B,A,6,1,B
2,12152,True,B,A,2,0,B
2,12153,True,A,B,1,1,A
2,12154,True,A,B,6,1,B
2,12155,True,B,A,2,1,B
2,12156,True,B,A,2,1,B
2,12157,True,A,B,1,1,A
2,12158,True,B,A,6,1,B
2,12159,True,B,A,1,1,B
2,12160,True,A,B,3,1,B
2,12161,True,A,B,3,1,A
2,12162,True,A,B,10,1,B
2,12163,False,,,,,
2,12164,True,A,B,3,1,A
2,12165,True,A,B,1,1,A
2,12166,False,,,,,
2,12167,True,B,A,2,0,B
2,12168,True,B,A,2,0,B
2,12169,True,A,B,6,1,B
2,12170,True,A,B,3,1,B
2,12171,True,B,A,10,1,B
2,12172,True,A,B,2,0,B
2,12173,True,B,A,6,1,B
2,12174,True,A,B,3,1,B
2,12175,True,A,B,3,1,B
2,12176,True,B,A,4,1,A
2,12177,True,A,B,1,1,A
2,12178,True,A,B,2,1,B
2,12179,True,B,A,1,2,B
2,12180,True,A,B,3,1,B
2,12181,True,B,A,2,0,B
2,12182,True,A,B,1,2,A
2,12183,True,B,A,2,0,B
2,12184,True,A,B,6,1,B
2,12185,True,B,A,1,1,B
2,12186,True,B,A,6,1,B
2,12187,True,B,A,3,1,B
2,12188,True,B,A,2,0,B
2,12189,False,,,,,
2,12190,True,A,B,0,1,A
2,12191,True,A,B,2,1,A
2,12192,True,B,A,10,1,B
2,12193,True,A,B,1,1,A
2,12194,True,A,B,6,1,B
2,12195,True,A,B,1,2,A
2,12196,True,B,A,3,1,B
2,12197,True,B,A,4,1,B
2,12198,True,B,A,3,1,A
2,12199,True,B,A,6,1,B
2,12200,True,B,A,10,1,B
2,12201,True,B,A,4,1,B
2,12202,True,B,A,1,1,A
2,12203,True,A,B,10,1,B
2,12204,True,B,A,3,1,A
2,12205,True,B,A,10,1,B
2,12206,True,A,B,3,1,B
2,12207,True,B,A,4,1,B
2,12208,True,B,A,1,1,A
2,12209,True,B,A,1,1,B
2,12210,True,B,A,1,1,A
2,12211,True,A,B,4,1,A
2,12212,False,,,,,
2,12213,True,B,A,1,1,B
2,12214,True,B,A,6,1,B
2,12215,True,B,A,3,1,B
2,12216,True,A,B,0,1,A
2,12217,True,B,A,4,1,B
2,12218,True,A,B,3,1,B
2,12219,True,B,A,6,1,B
2,12220,True,B,A,0,1,A
2,12221,True,B,A,3,1,B
2,12222,True,B,A,2,0,B
2,12223,True,A,B,4,1,A
2,12224,True,A,B,2,1,A
2,12225,True,B,A,1,2,B
2,12226,True,A,B,4,1,B
2,12227,True,A,B,10,1,B
2,12228,True,B,A,2,0,B
2,12229,True,A,B,10,1,B
2,12230,True,A,B,0,1,A
2,12231,True,A,B,6,1,B
2,12232,True,B,A,3,1,B
2,12233,True,B,A,3,1,B
2,12234,True,A,B,6,1,B
2,12235,True,A,B,2,1,B
2,12236,True,A,B,4,1,A
2,12237,True,B,A,3,1,B
2,12238,True,A,B,3,1,A
2,12239,True,B,A,4,1,B
2,12240,True,B,A,4,1,B
2,12241,False,,,,,
2,12242,False,,,,,
2,12243,True,B,A,2,1,B
2,12244,True,A,B,3,1,A
2,12245,True,A,B,3,1,A
2,12246,True,B,A,1,2,B
2,12247,True,B,A,10,1,B
2,12248,True,B,A,2,0,B
2,12249,True,B,A,4,1,B
2,12250,True,A,B,10,1,B
2,12251,True,A,B,1,2,A
2,12252,True,B,A,10,1,B
2,12253,True,B,A,0,1,A
2,12254,True,B,A,2,1,B
2,12255,True,A,B,4,1,B
2,12256,True,A,B,2,1,A
2,12257,True,B,A,1,1,B
2,12258,True,B,A,4,1,B
2,12259,True,A,B,2,1,B
2,12260,True,A,B,10,1,B
2,12261,True,B,A,10,1,B
2,12262,True,B,A,10,1,B
2,12263,True,B,A,6,1,B
2,12264,True,B,A,1,2,A
2,12265,True,A,B,4,1,B
2,12266,True,A,B,4,1,B
2,12267,True,A,B,6,1,B
2,12268,True,B,A,4,1,B
2,12269,True,A,B,2,1,B
2,12270,True,A,B,3,1,B
2,12271,True,B,A,10,1,B
2,12272,True,B,A,4,1,B
2,12273,True,B,A,2,0,B
2,12274,True,A,B,10,1,B
2,12275,True,B,A,2,0,B
2,12276,True,A,B,1,1,B
2,12277,True,B,A,1,2,B
2,12278,True,A,B,6,1,B
2,12279,True,A,B,6,1,B
2,12280,True,A,B,1,1,B
2,12281,True,A,B,2,0,B
2,12282,True,A,B,1,2,B
2,12283,True,A,B,4,1,B
2,12284,True,A,B,2,0,B
2,12285,True,B,A,6,1,B
2,12286,True,B,A,1,2,A
2,12287,True,B,A,10,1,B
2,12288,True,B,A,6,1,B
2,12289,True,B,A,6,1,B
2,12290,True,A,B,10,1,B
2,12291,True,B,A,6,1,B
2,12292,True,A,B,4,1,B
2,12293,True,B,A,1,1,A
2,12294,True,B,A,0,1,A
2,12295,True,A,B,1,1,A
2,12296,True,A,B,0,1,A
2,12297,True,B,A,4,1,B
2,12298,True,A,B,1,1,B
2,12299,True,B,A,10,1,B
2,12300,True,A,B,6,1,B
2,12301,True,B,A,1,2,B
2,12302,False,,,,,
2,12303,True,A,B,1,1,B
2,12304,True,A,B,2,0,B
2,12305,True,B,A,6,1,B
2,12306,True,B,A,1,1,B
2,12307,True,B,A,1,1,B
2,12308,False,,,,,
2,12309,True,A,B,1,1,A
2,12310,True,A,B,2,1,A
2,12311,True,A,B,2,1,A
2,12312,True,B,A,2,0,B
2,12313,True,B,A,4,1,B
2,12314,True,B,A,6,1,B
2,12315,True,A,B,6,1,B
2,12316,True,A,B,6,1,B
2,12317,False,,,,,
2,12318,True,B,A,1,2,B
2,12319,True,A,B,6,1,B
2,12320,True,B,A,1,1,B
2,12321,True,B,A,2,0,B
2,12322,True,B,A,3,1,B
2,12323,True,A,B,1,2,B
2,12324,True,B,A,6,1,B
2,12325,True,B,A,4,1,B
2,12326,True,B,A,2,0,B
2,12327,True,B,A,10,1,B
2,12328,False,,,,,
2,12329,True,A,B,0,1,A
2,12330,True,B,A,4,1,B
2,12331,True,A,B,1,2,A
2,12332,True,A,B,4,1,B
2,12333,True,A,B,1,1,B
2,12334,True,B,A,1,2,A
2,12335,True,A,B,1,1,A
2,12336,True,B,A,1,2,A
2,12337,True,A,B,3,1,A
2,12338,True,B,A,4,1,B
2,12339,True,A,B,2,1,A
2,12340,True,A,B,3,1,B
2,12341,True,B,A,2,0,B
2,12342,True,B,A,3,1,B
2,12343,True,A,B,0,1,A
2,12344,True,B,A,10,1,B
2,12345,True,A,B,2,1,A
2,12346,True,A,B,1,1,A
2,12347,True,B,A,1,2,B
2,12348,True,B,A,1,1,B
2,12349,True,B,A,3,1,B
2,12350,True,A,B,10,1,B
2,12351,True,B,A,1,2,A
2,12352,True,B,A,4,1,B
2,12353,False,,,,,
2,12354,True,A,B,10,1,B
2,12355,True,A,B,3,1,B
2,12356,True,B,A,1,1,B
2,12357,True,B,A,4,1,B
2,12358,True,B,A,0,1,A
2,12359,True,A,B,2,1,A
2,12360,True,B,A,2,1,A
2,12361,False,,,,,
2,12362,True,A,B,10,1,B
2,12363,True,B,A,2,1,A
2,12364,True,A,B,1,2,A
2,12365,True,A,B,2,1,B
2,12366,False,,,,,
2,12367,True,B,A,1,1,A
2,12368,True,A,B,10,1,B
2,12369,False,,,,,
2,12370,False,,,,,
2,12371,True,B,A,3,1,A
2,12372,True,A,B,2,0,B
2,12373,True,A,B,2,1,B
2,12374,True,A,B,10,1,B
2,12375,True,B,A,2,1,B
2,12376,True,B,A,1,2,A
2,12377,True,B,A,1,1,A
2,12378,True,B,A,6,1,B
2,12379,True,B,A,1,2,A
2,12380,True,A,B,0,1,A
2,12381,True,B,A,2,0,B
2,12382,True,A,B,0,1,A
2,12383,True,B,A,1,1,A
2,12384,True,A,B,0,1,A
2,12385,True,A,B,3,1,A
2,12386,True,A,B,0,1,A
2,12387,True,B,A,10,1,B
2,12388,True,B,A,4,1,B
2,12389,True,A,B,2,1,A
2,12390,True,A,B,4,1,A
2,12391,True,A,B,4,1,B
2,12392,True,A,B,4,1,B
2,12393,True,A,B,10,1,B
2,12394,True,B,A,10,1,B
2,12395,True,B,A,1,2,A
2,12396,True,A,B,2,1,A
2,12397,True,A,B,2,1,B
2,12398,True,A,B,3,1,B
2,12399,True,B,A,1,2,B
2,12400,True,A,B,4,1,B
2,12401,True,A,B,2,0,B
2,12402,True,B,A,3,1,B
2,12403,True,A,B,1,1,A
2,12404,True,B,A,2,1,B
2,12405,False,,,,,
2,12406,True,A,B,1,2,B
2,12407,True,B,A,1,2,A
2,12408,True,B,A,1,1,B
2,12409,True,A,B,3,1,A
2,12410,True,B,A,2,0,B
2,12411,True,B,A,6,1,B
2,12412,True,A,B,1,2,A
2,12413,True,B,A,10,1,B
2,12414,True,B,A,6,1,B
2,12415,True,A,B,4,1,A
2,12416,True,A,B,3,1,A
2,12417,True,B,A,2,1,A
2,12418,True,A,B,6,1,B
2,12419,True,B,A,4,1,B
2,12420,True,A,B,1,1,B
2,12421,True,A,B,4,1,B
2,12422,True,B,A,4,1,B
2,12423,False,,,,,
2,12424,True,B,A,1,1,A
2,12425,True,B,A,10,1,B
2,12426,True,A,B,3,1,B
2,12427,True,B,A,1,1,B
2,12428,True,B,A,1,2,A
2,12429,True,B,A,2,1,A
2,12430,True,B,A,4,1,B
2,12431,True,A,B,1,2,B
2,12432,True,B,A,2,1,B
2,12433,True,B,A,1,1,B
2,12434,True,A,B,6,1,B
2,12435,True,A,B,6,1,B
2,12436,True,A,B,6,1,B
2,12437,True,B,A,2,0,B
2,12438,True,B,A,1,1,A
2,12439,True,A,B,2,0,B
2,12440,True,A,B,2,1,A
2,12441,True,B,A,10,1,B
2,12442,True,B,A,4,1,B
2,12443,True,B,A,2,0,B
2,12444,True,A,B,2,0,B
2,12445,True,B,A,0,1,A
2,12446,True,B,A,2,0,B
2,12447,True,B,A,1,1,A
2,12448,True,A,B,3,1,A
2,12449,True,A,B,6,1,B
2,12450,True,A,B,10,1,B
2,12451,False,,,,,
2,12452,True,B,A,1,2,A
2,12453,True,A,B,2,1,A
2,12454,True,B,A,6,1,B
2,12455,True,B,A,4,1,A
2,12456,True,B,A,2,1,A
2,12457,True,B,A,1,1,A
2,12458,True,A,B,6,1,B
2,12459,True,A,B,2,1,B
2,12460,True,A,B,1,1,B
2,12461,True,B,A,1,1,A
2,12462,True,A,B,2,1,B
2,12463,True,B,A,0,1,A
2,12464,False,,,,,
2,12465,True,B,A,4,1,A
2,12466,True,B,A,2,1,A
2,12467,True,B,A,6,1,B
2,12468,True,A,B,2,1,B
2,12469,True,B,A,1,1,A
2,12470,True,B,A,4,1,B
2,12471,True,A,B,10,1,B
2,12472,True,B,A,6,1,B
2,12473,True,B,A,1,2,A
2,12474,True,B,A,10,1,B
2,12475,True,A,B,3,1,B
2,12476,True,A,B,2,0,B
2,12477,True,B,A,6,1,B
2,12478,True,A,B,4,1,B
2,12479,True,B,A,4,1,B
2,12480,False,,,,,
2,12481,True,A,B,1,1,B
2,12482,True,A,B,1,2,A
2,12483,True,A,B,3,1,B
2,12484,True,B,A,2,1,B
2,12485,True,A,B,10,1,B
2,12486,True,B,A,4,1,B
2,12487,True,A,B,1,1,A
2,12488,False,,,,,
2,12489,True,B,A,4,1,A
2,12490,True,B,A,3,1,B
2,12491,True,B,A,10,1,B
2,12492,True,A,B,0,1,A
2,12493,False,,,,,
2,12494,True,B,A,3,1,B
2,12495,True,A,B,6,1,B
2,12496,True,A,B,2,1,B
2,12497,True,B,A,1,2,A
2,12498,True,B,A,6,1,B
2,12499,True,B,A,3,1,B
2,12500,True,B,A,1,2,A
2,12501,True,B,A,2,1,A
2,12502,True,A,B,10,1,B
2,12503,True,A,B,2,0,B
2,12504,False,,,,,
2,12505,True,A,B,0,1,A
2,12506,True,A,B,4,1,B
2,12507,True,A,B,10,1,B
2,12508,True,A,B,2,1,B
2,12509,True,A,B,10,1,B
2,12510,True,A,B,1,2,A
2,12511,True,B,A,1,2,A
2,12512,True,A,B,1,1,B
2,12513,True,B,A,1,1,A
2,12514,True,B,A,6,1,B
2,12515,True,B,A,3,1,B
2,12516,True,A,B,3,1,A
2,12517,True,A,B,1,2,A
2,12518,True,B,A,0,1,A
2,12519,True,A,B,2,0,B
2,12520,False,,,,,
2,12521,True,B,A,0,1,A
2,12522,True,A,B,4,1,B
2,12523,False,,,,,
2,12524,True,A,B,10,1,B
2,12525,True,B,A,4,1,A
2,12526,True,A,B,6,1,B
2,12527,True,B,A,1,2,A
2,12528,True,B,A,3,1,B
2,12529,True,A,B,1,2,A
2,12530,True,B,A,2,1,B
2,12531,False,,,,,
2,12532,True,B,A,1,2,B
2,12533,True,A,B,2,1,A
2,12534,True,A,B,6,1,B
2,12535,False,,,,,
2,12536,True,B,A,2,0,B
2,12537,True,A,B,1,1,B
2,12538,True,B,A,10,1,B
2,12539,True,B,A,1,1,A
2,12540,True,A,B,2,1,B
2,12541,True,B,A,2,0,B
2,12542,True,A,B,10,1,B
2,12543,True,B,A,1,1,B
2,12544,True,A,B,4,1,B
2,12545,True,B,A,10,1,B
2,12546,True,B,A,10,1,B
2,12547,True,B,A,6,1,B
2,12548,True,A,B,0,1,A
2,12549,False,,,,,
2,12550,True,A,B,2,1,B
2,12551,True,B,A,6,1,B
2,12552,True,A,B,1,2,A
2,12553,True,A,B,2,1,B
2,12554,True,B,A,2,1,A
2,12555,True,A,B,2,0,B
2,12556,False,,,,,
2,12557,True,A,B,2,0,B
2,12558,True,A,B,0,1,A
2,12559,True,B,A,3,1,A
2,12560,True,B,A,4,1,B
2,12561,True,B,A,4,1,A
2,12562,True,A,B,0,1,A
2,12563,True,B,A,1,1,A
2,12564,True,A,B,6,1,B
2,12565,True,A,B,1,1,A
2,12566,True,A,B,3,1,B
2,12567,True,B,A,2,1,B
2,12568,True,B,A,2,1,B
2,12569,True,A,B,6,1,B
2,12570,True,A,B,6,1,B
2,12571,False,,,,,
2,12572,True,A,B,0,1,A
2,12573,True,A,B,1,2,A
2,12574,True,A,B,3,1,B
2,12575,False,,,,,
2,12576,True,B,A,4,1,B
2,12577,True,A,B,1,1,A
2,12578,False,,,,,
2,12579,True,A,B,10,1,B
2,12580,True,A,B,10,1,B
2,12581,True,A,B,3,1,B
2,12582,True,B,A,4,1,B
2,12583,True,B,A,2,1,B
2,12584,True,A,B,2,1,A
2,12585,True,A,B,3,1,A
2,12586,True,A,B,6,1,B
2,12587,True,B,A,2,1,A
2,12588,True,B,A,10,1,B
2,12589,True,B,A,2,1,A
2,12590,True,B,A,2,0,B
2,12591,True,B,A,0,1,A
2,12592,True,A,B,2,1,B
2,12593,True,A,B,6,1,B
2,12594,False,,,,,
2,12595,True,A,B,6,1,B
2,12596,False,,,,,
2,12597,True,B,A,10,1,B
2,12598,True,A,B,2,1,A
2,12599,True,A,B,6,1,B
2,12600,True,A,B,2,0,B
2,12601,True,A,B,6,1,B
2,12602,True,B,A,4,1,B
2,12603,True,A,B,6,1,B
2,12604,True,B,A,2,0,B
2,12605,True,B,A,4,1,B
2,12606,True,A,B,6,1,B
2,12607,True,A,B,2,1,A
2,12608,True,A,B,2,1,A
2,12609,True,A,B,3,1,A
2,12610,True,B,A,2,1,B
2,12611,True,B,A,3,1,B
2,12612,True,A,B,6,1,B
2,12613,True,B,A,6,1,B
2,12614,True,B,A,6,1,B
2,12615,False,,,,,
2,12616,True,B,A,2,1,A
2,12617,True,A,B,1,1,A
2,12618,True,B,A,2,0,B
2,12619,True,B,A,10,1,B
2,12620,True,B,A,3,1,B
2,12621,True,B,A,4,1,B
2,12622,True,B,A,2,1,B
2,12623,True,B,A,6,1,B
2,12624,True,B,A,0,1,A
2,12625,True,A,B,1,2,A
2,12626,True,A,B,2,1,A
2,12627,True,B,A,1,1,B
2,12628,True,B,A,6,1,B
2,12629,False,,,,,
2,12630,True,B,A,4,1,B
2,12631,True,A,B,4,1,B
2,12632,True,A,B,2,1,A
2,12633,True,B,A,2,1,B
2,12634,True,B,A,2,0,B
2,12635,True,A,B,10,1,B
2,12636,True,A,B,1,2,A
2,12637,True,A,B,6,1,B
2,12638,True,A,B,6,1,B
2,12639,True,A,B,10,1,B
2,12640,False,,,,,
2,12641,True,A,B,1,1,B
2,12642,True,A,B,4,1,B
2,12643,True,A,B,10,1,B
2,12644,True,A,B,10,1,B
2,12645,True,B,A,2,1,B
2,12646,True,A,B,0,1,A
2,12647,True,B,A,2,1,B
2,12648,True,B,A,3,1,B
2,12649,False,,,,,
2,12650,False,,,,,
2,12651,False,,,,,
2,12652,True,A,B,2,1,B
2,12653,True,A,B,3,1,B
2,12654,True,B,A,1,2,B
2,12655,True,A,B,0,1,A
2,12656,False,,,,,
2,12657,True,A,B,3,1,B
2,12658,True,A,B,1,1,A
2,12659,True,B,A,2,0,B
2,12660,True,A,B,3,1,B
2,12661,True,B,A,2,1,B
2,12662,True,A,B,0,1,A
2,12663,True,A,B,6,1,B
2,12664,True,B,A,4,1,B
2,12665,True,B,A,0,1,A
2,12666,True,B,A,1,2,A
2,12667,True,A,B,10,1,B
2,12668,True,A,B,4,1,A
2,12669,True,B,A,1,1,A
2,12670,True,A,B,10,1,B
2,12671,True,B,A,4,1,B
2,12672,True,B,A,4,1,B
2,12673,True,A,B,2,0,B
2,12674,True,A,B,2,1,B
2,12675,True,B,A,1,2,A
2,12676,True,A,B,3,1,B
2,12677,False,,,,,
2,12678,True,B,A,4,1,B
2,12679,True,B,A,0,1,A
2,12680,True,B,A,10,1,B
2,12681,True,A,B,0,1,A
2,12682,True,B,A,6,1,B
2,12683,True,A,B,3,1,B
2,12684,True,B,A,2,1,A
2,12685,True,B,A,0,1,A
2,12686,True,A,B,10,1,B
2,12687,True,B,A,4,1,B
2,12688,True,B,A,3,1,B
2,12689,False,,,,,
2,12690,True,B,A,1,1,B
2,12691,True,A,B,0,1,A
2,12692,True,B,A,10,1,B
2,12693,True,A,B,0,1,A
2,12694,True,A,B,0,1,A
2,12695,True,B,A,10,1,B
2,12696,True,B,A,6,1,B
2,12697,True,A,B,6,1,B
2,12698,True,A,B,1,2,A
2,12699,True,A,B,3,1,A
2,12700,True,B,A,2,1,A
2,12701,True,A,B,1,2,A
2,12702,True,A,B,6,1,B
2,12703,True,B,A,10,1,B
2,12704,True,B,A,3,1,B
2,12705,True,A,B,10,1,B
2,12706,True,A,B,3,1,B
2,12707,True,B,A,3,1,B
2,12708,False,,,,,
2,12709,True,B,A,2,1,B
2,12710,True,B,A,10,1,B
2,12711,True,A,B,0,1,A
2,12712,True,B,A,10,1,B
2,12713,True,A,B,1,2,A
2,12714,True,B,A,4,1,B
2,12715,False,,,,,
2,12716,False,,,,,
2,12717,True,B,A,4,1,B
2,12718,True,B,A,6,1,B
2,12719,True,A,B,0,1,A
2,12720,True,B,A,4,1,B
2,12721,True,A,B,2,1,A
2,12722,True,B,A,1,1,B
2,12723,False,,,,,
2,12724,True,B,A,1,2,B
2,12725,True,B,A,1,2,A
2,12726,True,B,A,1,1,B
2,12727,True,B,A,10,1,B
2,12728,True,A,B,1,2,A
2,12729,False,,,,,
2,12730,True,B,A,2,0,B
2,12731,True,A,B,2,1,A
2,12732,False,,,,,
2,12733,True,B,A,6,1,B
2,12734,True,B,A,3,1,B
2,12735,False,,,,,
2,12736,False,,,,,
2,12737,True,B,A,0,1,A
2,12738,True,A,B,6,1,B
2,12739,True,A,B,10,1,B
2,12740,True,B,A,3,1,A
2,12741,True,A,B,1,2,A
2,12742,True,B,A,3,1,A
2,12743,True,A,B,3,1,B
2,12744,True,B,A,10,1,B
2,12745,True,A,B,1,2,B
2,12746,True,A,B,0,1,A
2,12747,True,B,A,3,1,B
2,12748,False,,,,,
2,12749,True,A,B,1,1,A
2,12750,True,A,B,6,1,B
2,12751,True,B,A,2,1,A
2,12752,True,B,A,1,1,B
2,12753,True,A,B,2,1,A
2,12754,True,A,B,0,1,A
2,12755,True,A,B,6,1,B
2,12756,True,B,A,6,1,B
2,12757,True,A,B,1,1,A
2,12758,True,A,B,6,1,B
2,12759,True,A,B,2,1,A
2,12760,True,A,B,6,1,B
2,12761,True,A,B,4,1,B
2,12762,True,B,A,2,0,B
2,12763,True,A,B,6,1,B
2,12764,True,A,B,4,1,B
2,12765,False,,,,,
2,12766,True,B,A,2,1,B
2,12767,True,B,A,2,0,B
2,12768,True,A,B,6,1,B
2,12769,True,B,A,0,1,A
2,12770,False,,,,,
2,12771,True,B,A,2,1,A
2,12772,True,B,A,10,1,B
2,12773,True,B,A,4,1,B
2,12774,True,A,B,0,1,A
2,12775,True,B,A,6,1,A
2,12776,True,A,B,1,1,A
2,12777,True,B,A,2,1,A
2,12778,True,A,B,10,1,B
2,12779,True,B,A,4,1,B
2,12780,True,A,B,4,1,B
2,12781,True,B,A,4,1,A
2,12782,True,A,B,6,1,B
2,12783,True,A,B,0,1,A
2,12784,False,,,,,
2,12785,True,B,A,3,1,B
2,12786,False,,,,,
2,12787,True,A,B,1,1,B
2,12788,True,A,B,2,1,A
2,12789,True,B,A,2,1,A
2,12790,True,A,B,10,1,B
2,12791,True,A,B,6,1,B
2,12792,True,B,A,1,1,B
2,12793,True,B,A,1,1,B
2,12794,False,,,,,
2,12795,True,A,B,1,2,B
2,12796,True,A,B,1,1,A
2,12797,True,B,A,3,1,B
2,12798,True,A,B,0,1,A
2,12799,False,,,,,
2,12800,True,B,A,3,1,B
2,12801,False,,,,,
2,12802,True,B,A,10,1,B
2,12803,True,A,B,4,1,B
2,12804,True,A,B,3,1,B
2,12805,True,A,B,0,1,A
2,12806,True,A,B,1,2,A
2,12807,True,A,B,1,1,A
2,12808,True,B,A,6,1,B
2,12809,True,A,B,2,1,A
2,12810,True,A,B,10,1,B
2,12811,True,A,B,1,2,B
2,12812,True,B,A,10,1,B
2,12813,False,,,,,
2,12814,True,B,A,10,1,B
2,12815,True,A,B,2,1,B
2,12816,False,,,,,
2,12817,True,B,A,1,2,A
2,12818,True,B,A,1,2,B
2,12819,False,,,,,
2,12820,True,B,A,1,1,B
2,12821,True,A,B,4,1,B
2,12822,True,A,B,1,1,B
2,12823,True,A,B,1,1,A
2,12824,False,,,,,
2,12825,True,A,B,0,1,A
2,12826,False,,,,,
2,12827,True,B,A,10,1,B
2,12828,True,A,B,2,0,B
2,12829,True,A,B,10,1,B
2,12830,False,,,,,
2,12831,True,B,A,4,1,B
2,12832,True,B,A,1,2,B
2,12833,True,B,A,1,2,B
2,12834,True,A,B,1,1,A
2,12835,True,A,B,6,1,B
2,12836,True,A,B,2,1,B
2,12837,True,A,B,10,1,B
2,12838,True,A,B,4,1,B
2,12839,True,B,A,1,2,A
2,12840,False,,,,,
2,12841,True,B,A,1,2,B
2,12842,True,B,A,1,2,A
2,12843,True,A,B,4,1,B
2,12844,True,B,A,3,1,B
2,12845,True,B,A,3,1,B
2,12846,True,B,A,2,0,B
2,12847,True,B,A,1,1,A
2,12848,True,B,A,3,1,A
2,12849,True,A,B,3,1,B
2,12850,True,A,B,6,1,B
2,12851,True,A,B,10,1,B
2,12852,True,B,A,3,1,B
2,12853,True,A,B,3,1,A
2,12854,True,B,A,2,1,A
2,12855,True,A,B,6,1,B
2,12856,True,A,B,6,1,B
2,12857,True,A,B,3,1,B
2,12858,True,A,B,3,1,A
2,12859,True,A,B,4,1,B
2,12860,True,A,B,3,1,B
2,12861,True,B,A,1,2,A
2,12862,True,A,B,2,1,B
2,12863,True,B,A,4,1,B
2,12864,True,B,A,6,1,B
2,12865,True,A,B,2,0,B
2,12866,True,B,A,0,1,A
2,12867,True,B,A,2,1,A
2,12868,True,B,A,3,1,B
2,12869,True,A,B,1,1,B
2,12870,True,B,A,0,1,A
2,12871,True,A,B,0,1,A
2,12872,True,B,A,0,1,A
2,12873,True,B,A,2,0,B
2,12874,True,B,A,4,1,A
2,12875,True,A,B,2,1,B
2,12876,True,B,A,2,1,B
2,12877,True,A,B,6,1,B
2,12878,True,B,A,10,1,B
2,12879,True,B,A,3,1,B
2,12880,True,A,B,3,1,A
2,12881,False,,,,,
2,12882,True,A,B,2,0,B
2,12883,True,B,A,2,0,B
2,12884,True,A,B,1,2,B
2,12885,True,B,A,1,2,A
2,12886,True,B,A,2,0,B
2,12887,True,A,B,1,2,B
2,12888,True,B,A,2,0,B
2,12889,True,B,A,2,1,B
2,12890,True,A,B,10,1,B
2,12891,True,A,B,1,2,B
2,12892,True,A,B,10,1,B
2,12893,True,B,A,2,0,B
2,12894,True,B,A,0,1,A
2,12895,True,B,A,6,1,B
2,12896,True,A,B,6,1,B
2,12897,True,A,B,2,0,B
2,12898,True,B,A,1,2,A
2,12899,True,B,A,3,1,B
2,12900,False,,,,,
2,12901,True,A,B,1,2,A
2,12902,True,B,A,1,2,A
2,12903,True,B,A,6,1,B
2,12904,True,A,B,1,2,A
2,12905,True,B,A,1,2,A
2,12906,True,B,A,10,1,B
2,12907,True,B,A,1,1,B
2,12908,True,B,A,0,1,A
2,12909,True,B,A,6,1,B
2,12910,True,B,A,6,1,B
2,12911,True,B,A,0,1,A
2,12912,True,A,B,2,0,B
2,12913,True,A,B,1,2,A
2,12914,True,B,A,6,1,B
2,12915,True,A,B,1,2,A
2,12916,True,B,A,2,1,A
2,12917,True,B,A,6,1,A
2,12918,False,,,,,
2,12919,True,B,A,0,1,A
2,12920,True,A,B,10,1,B
2,12921,True,B,A,1,1,A
2,12922,True,A,B,2,1,A
2,12923,True,B,A,3,1,A
2,12924,True,A,B,2,0,B
2,12925,True,A,B,6,1,B
2,12926,True,A,B,10,1,B
2,12927,True,A,B,3,1,A
2,12928,True,A,B,3,1,A
2,12929,True,B,A,0,1,A
2,12930,True,B,A,3,1,B
2,12931,True,A,B,10,1,B
2,12932,True,A,B,1,1,B
2,12933,True,B,A,10,1,B
2,12934,True,B,A,10,1,B
2,12935,True,A,B,6,1,B
2,12936,True,A,B,3,1,B
2,12937,True,A,B,4,1,A
2,12938,True,A,B,4,1,B
2,12939,True,A,B,2,1,B
2,12940,True,A,B,1,2,A
2,12941,True,A,B,1,2,B
2,12942,True,A,B,3,1,B
2,12943,True,B,A,10,1,B
2,12944,False,,,,,
2,12945,True,B,A,2,0,B
2,12946,True,B,A,2,1,B
2,12947,False,,,,,
2,12948,True,A,B,6,1,B
2,12949,True,B,A,2,1,A
2,12950,True,A,B,2,0,B
2,12951,True,B,A,6,1,B
2,12952,True,B,A,2,0,B
2,12953,True,A,B,1,1,A
2,12954,True,B,A,1,1,B
2,12955,True,A,B,1,2,A
2,12956,True,B,A,1,1,B
2,12957,True,B,A,10,1,B
2,12958,True,B,A,2,0,B
2,12959,True,A,B,3,1,A
2,12960,True,A,B,3,1,B
2,12961,True,A,B,2,0,B
2,12962,True,B,A,2,1,B
2,12963,True,A,B,3,1,A
2,12964,True,A,B,1,1,B
2,12965,True,A,B,10,1,B
2,12966,True,B,A,1,1,B
2,12967,True,A,B,3,1,B
2,12968,True,A,B,6,1,B
2,12969,True,B,A,10,1,B
2,12970,True,A,B,1,1,A
2,12971,True,B,A,10,1,B
2,12972,True,B,A,3,1,B
2,12973,True,B,A,1,1,B
2,12974,True,B,A,2,0,B
2,12975,True,B,A,1,2,A
2,12976,True,B,A,2,1,B
2,12977,True,B,A,1,2,A
2,12978,True,B,A,2,1,A
2,12979,True,A,B,4,1,B
2,12980,True,B,A,0,1,A
2,12981,False,,,,,
2,12982,True,A,B,6,1,B
2,12983,True,A,B,0,1,A
2,12984,True,A,B,1,1,B
2,12985,True,B,A,1,2,A
2,12986,True,A,B,4,1,B
2,12987,True,A,B,2,0,B
2,12988,True,A,B,6,1,B
2,12989,True,A,B,10,1,B
2,12990,True,A,B,2,0,B
2,12991,True,B,A,10,1,B
2,12992,True,A,B,4,1,B
2,12993,True,A,B,1,2,A
2,12994,True,A,B,1,2,A
2,12995,True,B,A,1,1,A
2,12996,True,A,B,2,1,B
2,12997,True,B,A,1,2,A
2,12998,True,A,B,2,1,A
2,12999,True,A,B,2,1,B
2,13000,True,A,B,10,1,B
2,13001,True,A,B,6,1,B
2,13002,True,B,A,1,1,B
2,13003,True,B,A,4,1,A
2,13004,True,B,A,1,2,A
2,13005,True,A,B,4,1,B
2,13006,True,A,B,6,1,B
2,13007,True,B,A,2,1,B
2,13008,True,A,B,0,1,A
2,13009,True,B,A,10,1,B
2,13010,True,A,B,1,2,A
2,13011,True,A,B,2,1,B
2,13012,True,A,B,2,1,B
2,13013,False,,,,,
2,13014,False,,,,,
2,13015,True,A,B,2,0,B
2,13016,True,A,B,10,1,B
2,13017,True,A,B,1,2,A
2,13018,True,A,B,6,1,B
2,13019,True,A,B,10,1,B
2,13020,True,A,B,2,1,A
2,13021,True,A,B,4,1,B
2,13022,True,A,B,2,0,B
2,13023,True,A,B,6,1,B
2,13024,False,,,,,
2,13025,False,,,,,
2,13026,True,A,B,3,1,B
2,13027,True,A,B,1,2,A
2,13028,True,A,B,4,1,B
2,13029,True,B,A,2,0,B
2,13030,True,A,B,1,1,B
2,13031,True,B,A,4,1,B
2,13032,True,B,A,0,1,A
2,13033,True,A,B,0,1,A
2,13034,True,B,A,10,1,B
2,13035,True,A,B,2,1,B
2,13036,True,B,A,1,2,A
2,13037,True,B,A,6,1,B
2,13038,True,B,A,2,0,B
2,13039,True,A,B,10,1,B
2,13040,True,A,B,2,1,B
2,13041,True,A,B,3,1,B
2,13042,True,B,A,0,1,A
2,13043,True,A,B,6,1,B
2,13044,True,A,B,2,1,A
2,13045,True,B,A,3,1,B
2,13046,True,A,B,10,1,B
2,13047,True,A,B,10,1,B
2,13048,True,A,B,6,1,B
2,13049,True,B,A,6,1,B
2,13050,True,A,B,0,1,A
2,13051,True,B,A,4,1,B
2,13052,True,A,B,2,1,B
2,13053,True,B,A,2,0,B
2,13054,True,B,A,10,1,B
2,13055,True,A,B,2,0,B
2,13056,True,A,B,1,2,B
2,13057,True,B,A,3,1,B
2,13058,True,B,A,2,1,A
2,13059,True,A,B,3,1,B
2,13060,False,,,,,
2,13061,True,B,A,1,2,A
2,13062,True,B,A,6,1,B
2,13063,True,B,A,10,1,B
2,13064,True,B,A,2,1,B
2,13065,True,A,B,1,1,A
2,13066,True,B,A,10,1,B
2,13067,True,A,B,1,2,A
2,13068,True,A,B,6,1,B
2,13069,True,B,A,3,1,A
2,13070,True,A,B,10,1,B
2,13071,True,B,A,6,1,B
2,13072,True,A,B,0,1,A
2,13073,True,A,B,10,1,B
2,13074,True,B,A,3,1,B
2,13075,True,B,A,1,2,A
2,13076,True,A,B,6,1,B
2,13077,True,A,B,0,1,A
2,13078,True,A,B,4,1,B
2,13079,True,A,B,1,1,A
2,13080,True,B,A,1,2,A
2,13081,True,A,B,0,1,A
2,13082,True,B,A,3,1,A
2,13083,True,A,B,1,1,A
2,13084,True,A,B,4,1,B
2,13085,True,A,B,1,2,A
2,13086,True,B,A,10,1,B
2,13087,True,A,B,3,1,A
2,13088,True,A,B,2,1,A
2,13089,True,A,B,4,1,B
2,13090,True,A,B,2,1,A
2,13091,True,B,A,1,2,A
2,13092,True,B,A,3,1,B
2,13093,True,A,B,0,1,A
2,13094,True,B,A,6,1,B
2,13095,True,B,A,6,1,B
2,13096,True,A,B,4,1,B
2,13097,True,B,A,1,1,A
2,13098,True,B,A,3,1,A
2,13099,True,B,A,1,1,A
2,13100,True,B,A,2,1,A
2,13101,True,B,A,10,1,B
2,13102,True,A,B,10,1,B
2,13103,False,,,,,
2,13104,True,A,B,3,1,B
2,13105,True,B,A,6,1,B
2,13106,True,B,A,3,1,B
2,13107,True,A,B,4,1,B
2,13108,True,A,B,2,1,B
2,13109,True,A,B,6,1,B
2,13110,True,A,B,3,1,B
2,13111,True,A,B,1,1,A
2,13112,True,A,B,4,1,B
2,13113,True,A,B,10,1,B
2,13114,True,B,A,0,1,A
2,13115,True,A,B,2,1,B
2,13116,True,A,B,4,1,A
2,13117,True,A,B,1,1,B
2,13118,True,A,B,2,1,B
2,13119,True,A,B,0,1,A
2,13120,True,A,B,6,1,B
2,13121,True,B,A,0,1,A
2,13122,True,A,B,2,0,B
2,13123,True,A,B,1,2,A
2,13124,True,B,A,6,1,B
2,13125,False,,,,,
2,13126,True,B,A,3,1,B
2,13127,False,,,,,
2,13128,True,B,A,4,1,B
2,13129,True,B,A,10,1,B
2,13130,True,B,A,10,1,B
2,13131,True,B,A,1,1,A
2,13132,False,,,,,
2,13133,True,B,A,3,1,B
2,13134,True,A,B,0,1,A
2,13135,True,B,A,1,1,A
2,13136,True,B,A,2,1,B
2,13137,False,,,,,
2,13138,True,B,A,1,1,A
2,13139,False,,,,,
2,13140,True,A,B,1,1,A
2,13141,True,B,A,10,1,B
2,13142,True,A,B,2,1,B
2,13143,True,A,B,6,1,B
2,13144,False,,,,,
2,13145,True,B,A,0,1,A
2,13146,True,A,B,2,1,A
2,13147,True,B,A,4,1,B
2,13148,True,A,B,1,2,B
2,13149,True,B,A,4,1,B
2,13150,True,A,B,1,2,A
2,13151,True,A,B,4,1,B
2,13152,True,B,A,0,1,A
2,13153,True,B,A,3,1,B
2,13154,True,B,A,3,1,B
2,13155,True,A,B,1,1,B
2,13156,False,,,,,
2,13157,True,A,B,6,1,B
2,13158,True,A,B,2,1,B
2,13159,True,B,A,1,2,B
2,13160,True,A,B,6,1,B
2,13161,False,,,,,
2,13162,True,B,A,2,0,B
2,13163,True,B,A,1,1,B
2,13164,True,B,A,2,1,B
2,13165,True,B,A,4,1,B
2,13166,True,A,B,1,2,A
2,13167,True,A,B,10,1,B
2,13168,False,,,,,
2,13169,True,B,A,4,1,B
2,13170,True,A,B,1,2,A
2,13171,True,B,A,3,1,B
2,13172,True,A,B,4,1,B
2,13173,True,B,A,1,1,B
2,13174,True,B,A,10,1,B
2,13175,True,A,B,1,1,A
2,13176,False,,,,,
2,13177,True,A,B,1,2,A
2,13178,True,A,B,6,1,B
2,13179,True,B,A,2,0,B
2,13180,True,A,B,6,1,B
2,13181,True,B,A,2,0,B
2,13182,True,A,B,10,1,B
2,13183,True,B,A,2,0,B
2,13184,True,B,A,3,1,B
2,13185,True,B,A,10,1,B
2,13186,True,A,B,2,1,B
2,13187,True,A,B,1,1,A
2,13188,True,A,B,3,1,B
2,13189,True,A,B,10,1,B
2,13190,True,B,A,1,1,A
2,13191,True,A,B,3,1,B
2,13192,True,B,A,1,1,A
2,13193,True,A,B,1,1,A
2,13194,True,A,B,1,1,A
2,13195,True,A,B,6,1,B
2,13196,True,A,B,2,1,B
2,13197,True,B,A,3,1,A
2,13198,True,B,A,1,1,B
2,13199,True,A,B,6,1,B
2,13200,True,B,A,0,1,A
2,13201,True,A,B,1,1,B
2,13202,True,B,A,0,1,A
2,13203,True,A,B,2,1,A
2,13204,True,A,B,6,1,B
2,13205,True,A,B,2,0,B
2,13206,True,A,B,1,1,A
2,13207,True,A,B,2,0,B
2,13208,True,B,A,6,1,B
2,13209,True,A,B,4,1,B
2,13210,True,B,A,2,1,B
2,13211,True,B,A,2,0,B
2,13212,True,B,A,1,2,A
2,13213,True,B,A,0,1,A
2,13214,True,B,A,2,0,B
2,13215,True,A,B,3,1,B
2,13216,True,A,B,1,2,B
2,13217,True,B,A,4,1,A
2,13218,True,A,B,2,0,B
2,13219,True,B,A,3,1,A
2,13220,True,A,B,0,1,A
2,13221,True,B,A,4,1,B
2,13222,True,B,A,2,1,B
2,13223,True,B,A,10,1,B
2,13224,True,B,A,1,2,A
2,13225,True,A,B,6,1,B
2,13226,True,B,A,10,1,B
2,13227,True,A,B,6,1,B
2,13228,True,B,A,6,1,B
2,13229,True,A,B,10,1,B
2,13230,True,A,B,2,0,B
2,13231,True,B,A,6,1,B
2,13232,True,A,B,2,1,B
2,13233,True,A,B,0,1,A
2,13234,True,A,B,10,1,B
2,13235,True,B,A,4,1,A
2,13236,True,A,B,3,1,B
2,13237,True,A,B,4,1,B
2,13238,True,B,A,0,1,A
2,13239,True,B,A,6,1,B
2,13240,True,B,A,3,1,A
2,13241,True,B,A,1,2,A
2,13242,True,A,B,3,1,B
2,13243,True,B,A,1,1,B
2,13244,True,A,B,4,1,B
2,13245,True,B,A,0,1,A
2,13246,True,A,B,2,0,B
2,13247,True,A,B,2,1,B
2,13248,True,A,B,2,1,A
2,13249,True,A,B,2,1,A
2,13250,False,,,,,
2,13251,True,B,A,4,1,B
2,13252,True,A,B,0,1,A
2,13253,True,B,A,2,1,A
2,13254,True,A,B,0,1,A
2,13255,False,,,,,
2,13256,True,A,B,4,1,B
2,13257,True,A,B,6,1,B
2,13258,True,A,B,4,1,B
2,13259,True,B,A,3,1,B
2,13260,True,A,B,3,1,A
2,13261,True,B,A,3,1,B
2,13262,True,B,A,2,1,A
2,13263,True,A,B,1,2,A
2,13264,True,B,A,1,1,B
2,13265,True,B,A,3,1,B
2,13266,True,B,A,2,0,B
2,13267,True,B,A,0,1,A
2,13268,True,A,B,1,2,B
2,13269,True,B,A,4,1,B
2,13270,True,B,A,2,0,B
2,13271,True,A,B,3,1,B
2,13272,True,B,A,6,1,B
2,13273,True,B,A,1,1,A
2,13274,False,,,,,
2,13275,True,A,B,1,1,A
2,13276,True,A,B,3,1,B
2,13277,True,B,A,6,1,B
2,13278,True,B,A,2,0,B
2,13279,True,B,A,3,1,A
2,13280,True,B,A,10,1,B
2,13281,True,A,B,10,1,B
2,13282,True,B,A,0,1,A
2,13283,True,A,B,3,1,B
2,13284,True,A,B,1,2,A
2,13285,True,A,B,2,1,A
2,13286,True,B,A,10,1,B
2,13287,True,B,A,3,1,B
2,13288,True,A,B,3,1,B
2,13289,True,A,B,1,1,A
2,13290,True,B,A,4,1,B
2,13291,True,A,B,4,1,B
2,13292,True,A,B,0,1,A
2,13293,True,A,B,1,1,B
2,13294,True,B,A,10,1,B
2,13295,True,A,B,6,1,B
2,13296,True,A,B,1,1,A
2,13297,True,A,B,3,1,B
2,13298,True,A,B,10,1,B
2,13299,True,A,B,2,1,B
2,13300,True,A,B,1,1,B
2,13301,True,B,A,1,1,A
2,13302,True,A,B,1,1,A
2,13303,False,,,,,
2,13304,True,B,A,0,1,A
2,13305,True,B,A,10,1,B
2,13306,True,A,B,0,1,A
2,13307,False,,,,,
2,13308,True,B,A,3,1,B
2,13309,True,A,B,0,1,A
2,13310,True,A,B,1,1,A
2,13311,True,A,B,3,1,A
2,13312,True,A,B,3,1,B
2,13313,True,A,B,0,1,A
2,13314,True,A,B,10,1,B
2,13315,True,A,B,3,1,B
2,13316,True,A,B,2,0,B
2,13317,True,A,B,4,1,B
2,13318,True,A,B,2,1,B
2,13319,True,A,B,4,1,B
2,13320,True,B,A,4,1,B
2,13321,True,A,B,1,2,A
2,13322,True,B,A,2,0,B
2,13323,True,A,B,0,1,A
2,13324,True,B,A,3,1,A
2,13325,True,A,B,0,1,A
2,13326,True,B,A,2,0,B
2,13327,True,A,B,4,1,B
2,13328,True,B,A,2,0,B
2,13329,True,B,A,10,1,B
2,13330,True,B,A,4,1,B
2,13331,True,B,A,1,2,A
2,13332,True,A,B,1,2,A
2,13333,True,A,B,4,1,B
2,13334,True,A,B,0,1,A
2,13335,True,A,B,4,1,B
2,13336,True,A,B,6,1,B
2,13337,True,B,A,0,1,A
2,13338,True,A,B,6,1,B
2,13339,True,B,A,4,1,B
2,13340,True,A,B,1,2,A
2,13341,True,B,A,1,1,A
2,13342,True,B,A,6,1,B
2,13343,True,B,A,1,1,A
2,13344,True,A,B,6,1,B
2,13345,True,B,A,2,1,B
2,13346,False,,,,,
2,13347,True,A,B,2,1,B
2,13348,True,A,B,1,2,B
2,13349,True,A,B,1,2,A
2,13350,True,A,B,10,1,B
2,13351,True,B,A,0,1,A
2,13352,True,B,A,3,1,B
2,13353,True,B,A,2,1,A
2,13354,True,B,A,1,2,A
2,13355,True,A,B,2,1,B
2,13356,True,A,B,2,1,B
2,13357,True,A,B,1,1,A
2,13358,True,B,A,10,1,B
2,13359,True,B,A,4,1,B
2,13360,True,A,B,2,1,A
2,13361,True,B,A,1,2,B
2,13362,True,B,A,4,1,B
2,13363,True,B,A,1,2,A
2,13364,True,B,A,2,0,B
2,13365,True,A,B,2,1,A
2,13366,True,B,A,4,1,B
2,13367,True,B,A,0,1,A
2,13368,True,A,B,2,1,B
2,13369,True,B,A,4,1,B
2,13370,True,B,A,10,1,B
2,13371,True,B,A,1,2,A
2,13372,True,A,B,2,1,A
2,13373,True,B,A,1,2,B
2,13374,True,B,A,3,1,B
2,13375,True,A,B,0,1,A
2,13376,True,B,A,1,2,B
2,13377,True,B,A,1,1,B
2,13378,True,B,A,4,1,B
2,13379,True,A,B,3,1,A
2,13380,True,A,B,10,1,B
2,13381,True,B,A,1,1,A
2,13382,True,A,B,0,1,A
2,13383,True,A,B,2,1,A
2,13384,True,A,B,4,1,A
2,13385,True,A,B,6,1,B
2,13386,True,B,A,2,0,B
2,13387,True,B,A,4,1,A
2,13388,True,B,A,10,1,B
2,13389,True,B,A,2,0,B
2,13390,True,B,A,2,1,B
2,13391,False,,,,,
2,13392,False,,,,,
2,13393,True,A,B,10,1,B
2,13394,True,B,A,6,1,A
2,13395,True,A,B,0,1,A
2,13396,True,A,B,10,1,B
2,13397,True,A,B,6,1,B
2,13398,True,A,B,1,1,A
2,13399,True,A,B,2,0,B
2,13400,True,A,B,6,1,B
2,13401,True,A,B,2,0,B
2,13402,True,B,A,4,1,B
2,13403,True,B,A,1,1,A
2,13404,True,B,A,3,1,B
2,13405,True,A,B,4,1,B
2,13406,True,A,B,3,1,B
2,13407,False,,,,,
2,13408,True,B,A,1,1,A
2,13409,True,A,B,10,1,B
2,13410,True,A,B,3,1,A
2,13411,True,A,B,1,2,A
2,13412,True,A,B,1,2,A
2,13413,True,B,A,1,1,A
2,13414,True,B,A,10,1,B
2,13415,True,B,A,2,1,A
2,13416,True,A,B,6,1,B
2,13417,True,A,B,0,1,A
2,13418,True,B,A,10,1,B
2,13419,True,A,B,1,1,B
2,13420,True,A,B,2,1,B
2,13421,True,A,B,2,1,A
2,13422,True,A,B,0,1,A
2,13423,False,,,,,
2,13424,True,B,A,4,1,B
2,13425,True,B,A,4,1,B
2,13426,True,A,B,4,1,B
2,13427,True,B,A,2,0,B
2,13428,True,B,A,0,1,A
2,13429,True,B,A,10,1,B
2,13430,True,A,B,1,2,A
2,13431,True,A,B,0,1,A
2,13432,True,B,A,1,2,A
2,13433,True,A,B,6,1,B
2,13434,True,B,A,1,2,A
2,13435,True,B,A,2,0,B
2,13436,True,B,A,0,1,A
2,13437,True,B,A,2,1,A
2,13438,False,,,,,
2,13439,True,A,B,3,1,B
2,13440,True,B,A,1,2,A
2,13441,True,B,A,4,1,B
2,13442,True,B,A,0,1,A
2,13443,True,B,A,1,1,A
2,13444,True,A,B,0,1,A
2,13445,True,A,B,10,1,B
2,13446,True,A,B,6,1,B
2,13447,True,A,B,2,0,B
2,13448,False,,,,,
2,13449,True,A,B,10,1,B
2,13450,True,A,B,0,1,A
2,13451,True,A,B,1,1,A
2,13452,True,A,B,0,1,A
2,13453,False,,,,,
2,13454,True,A,B,6,1,B
2,13455,True,A,B,10,1,B
2,13456,True,B,A,4,1,B
2,13457,True,A,B,2,1,A
2,13458,True,A,B,1,2,A
2,13459,True,A,B,1,1,A
2,13460,True,B,A,1,2,A
2,13461,True,A,B,2,1,B
2,13462,True,A,B,1,2,A
2,13463,True,B,A,3,1,A
2,13464,True,B,A,2,1,A
2,13465,True,A,B,1,1,B
2,13466,True,A,B,6,1,B
2,13467,True,A,B,4,1,B
2,13468,True,A,B,0,1,A
2,13469,True,A,B,3,1,B
2,13470,False,,,,,
2,13471,True,B,A,6,1,B
2,13472,True,A,B,1,2,A
2,13473,True,B,A,4,1,B
2,13474,True,B,A,1,1,A
2,13475,True,B,A,3,1,B
2,13476,False,,,,,
2,13477,True,B,A,2,0,B
2,13478,True,B,A,1,2,B
2,13479,True,A,B,1,2,A
2,13480,True,A,B,3,1,A
2,13481,True,B,A,6,1,A
2,13482,True,B,A,4,1,B
2,13483,True,A,B,1,1,B
2,13484,False,,,,,
2,13485,True,B,A,2,1,A
2,13486,True,B,A,6,1,B
2,13487,True,B,A,3,1,A
2,13488,True,A,B,0,1,A
2,13489,True,A,B,1,2,A
2,13490,True,B,A,1,2,A
2,13491,True,B,A,4,1,B
2,13492,True,B,A,1,2,A
2,13493,True,B,A,6,1,B
2,13494,True,A,B,1,1,A
2,13495,True,B,A,2,0,B
2,13496,False,,,,,
2,13497,True,B,A,1,2,A
2,13498,True,B,A,1,2,A
2,13499,True,A,B,2,0,B
2,13500,True,A,B,10,1,B
2,13501,True,A,B,10,1,B
2,13502,True,B,A,0,1,A
2,13503,True,A,B,0,1,A
2,13504,True,A,B,6,1,B
2,13505,True,B,A,3,1,B
2,13506,True,A,B,4,1,B
2,13507,True,A,B,1,2,A
2,13508,False,,,,,
2,13509,True,A,B,4,1,B
2,13510,True,B,A,3,1,B
2,13511,True,A,B,1,1,A
2,13512,True,A,B,6,1,B
2,13513,True,A,B,1,1,A
2,13514,True,A,B,10,1,B
2,13515,True,A,B,3,1,B
2,13516,True,B,A,1,1,A
2,13517,True,B,A,2,0,B
2,13518,True,B,A,2,1,A
2,13519,True,A,B,1,1,A
2,13520,True,B,A,0,1,A
2,13521,True,A,B,1,1,A
2,13522,True,A,B,6,1,B
2,13523,True,A,B,4,1,B
2,13524,True,B,A,1,1,A
2,13525,True,B,A,2,1,B
2,13526,True,A,B,2,0,B
2,13527,True,B,A,1,1,A
2,13528,True,A,B,3,1,B
2,13529,True,B,A,4,1,B
2,13530,True,A,B,2,0,B
2,13531,True,B,A,1,1,B
2,13532,True,B,A,0,1,A
2,13533,True,B,A,6,1,B
2,13534,True,A,B,0,1,A
2,13535,True,A,B,0,1,A
2,13536,True,A,B,0,1,A
2,13537,True,A,B,4,1,B
2,13538,True,A,B,10,1,B
2,13539,True,A,B,0,1,A
2,13540,True,A,B,3,1,B
2,13541,True,A,B,2,0,B
2,13542,True,A,B,2,1,A
2,13543,True,A,B,4,1,B
2,13544,True,A,B,1,1,A
2,13545,True,A,B,4,1,B
2,13546,False,,,,,
2,13547,True,B,A,10,1,B
2,13548,False,,,,,
2,13549,True,B,A,1,2,A
2,13550,True,A,B,10,1,B
2,13551,True,B,A,4,1,B
2,13552,True,B,A,6,1,B
2,13553,True,A,B,1,2,B
2,13554,True,A,B,10,1,B
2,13555,True,B,A,1,1,B
2,13556,True,A,B,6,1,A
2,13557,True,A,B,2,0,B
2,13558,True,B,A,0,1,A
2,13559,True,A,B,3,1,B
2,13560,True,B,A,3,1,B
2,13561,True,A,B,10,1,B
2,13562,False,,,,,
2,13563,True,A,B,0,1,A
2,13564,True,B,A,6,1,B
2,13565,True,A,B,2,1,A
2,13566,True,A,B,6,1,B
2,13567,True,A,B,3,1,B
2,13568,True,A,B,0,1,A
2,13569,True,A,B,2,0,B
2,13570,True,B,A,3,1,B
2,13571,True,B,A,0,1,A
2,13572,True,A,B,6,1,B
2,13573,True,A,B,10,1,B
2,13574,True,A,B,1,1,A
2,13575,True,B,A,0,1,A
2,13576,True,A,B,6,1,B
2,13577,True,A,B,0,1,A
2,13578,True,B,A,10,1,B
2,13579,True,A,B,1,2,B
2,13580,True,B,A,3,1,B
2,13581,True,A,B,0,1,A
2,13582,True,A,B,2,0,B
2,13583,True,B,A,1,2,A
2,13584,True,A,B,4,1,B
2,13585,False,,,,,
2,13586,True,A,B,10,1,B
2,13587,True,B,A,3,1,B
2,13588,True,B,A,10,1,B
2,13589,True,A,B,3,1,B
2,13590,True,A,B,1,1,A
2,13591,True,A,B,1,2,A
2,13592,True,B,A,1,2,A
2,13593,True,A,B,3,1,B
2,13594,True,A,B,3,1,B
2,13595,True,A,B,1,1,B
2,13596,True,B,A,1,2,A
2,13597,True,B,A,1,2,B
2,13598,True,B,A,2,0,B
2,13599,True,A,B,10,1,B
2,13600,True,B,A,1,2,B
2,13601,True,A,B,10,1,B
2,13602,True,B,A,3,1,B
2,13603,True,B,A,10,1,B
2,13604,True,B,A,6,1,B
2,13605,True,B,A,1,2,A
2,13606,True,B,A,4,1,B
2,13607,True,A,B,1,2,A
2,13608,True,A,B,10,1,B
2,13609,False,,,,,
2,13610,True,A,B,6,1,B
2,13611,True,B,A,0,1,A
2,13612,True,A,B,2,0,B
2,13613,True,A,B,10,1,B
2,13614,True,A,B,10,1,B
2,13615,True,B,A,6,1,B
2,13616,True,A,B,2,0,B
2,13617,True,A,B,6,1,B
2,13618,True,B,A,10,1,B
2,13619,True,B,A,6,1,B
2,13620,True,A,B,2,0,B
2,13621,True,A,B,1,1,A
2,13622,False,,,,,
2,13623,True,A,B,3,1,B
2,13624,True,A,B,10,1,B
2,13625,True,A,B,4,1,B
2,13626,True,A,B,1,1,A
2,13627,False,,,,,
2,13628,False,,,,,
2,13629,True,A,B,3,1,B
2,13630,True,B,A,1,1,B
2,13631,True,B,A,3,1,B
2,13632,True,B,A,3,1,B
2,13633,True,B,A,3,1,A
2,13634,False,,,,,
2,13635,True,A,B,2,0,B
2,13636,True,A,B,1,1,A
2,13637,True,B,A,1,2,A
2,13638,True,A,B,0,1,A
2,13639,True,A,B,2,0,B
2,13640,True,B,A,2,0,B
2,13641,True,A,B,2,0,B
2,13642,True,A,B,1,1,A
2,13643,True,B,A,6,1,B
2,13644,True,A,B,0,1,A
2,13645,True,B,A,0,1,A
2,13646,True,B,A,1,1,A
2,13647,True,A,B,4,1,B
2,13648,False,,,,,
2,13649,True,B,A,1,1,A
2,13650,True,B,A,2,1,A
2,13651,True,A,B,10,1,B
2,13652,True,B,A,3,1,A
2,13653,True,B,A,2,1,A
2,13654,True,A,B,1,2,B
2,13655,True,A,B,10,1,B
2,13656,True,A,B,6,1,B
2,13657,True,A,B,0,1,A
2,13658,True,A,B,0,1,A
2,13659,True,A,B,2,0,B
2,13660,True,A,B,10,1,B
2,13661,True,B,A,0,1,A
2,13662,True,B,A,3,1,A
2,13663,True,B,A,3,1,B
2,13664,True,B,A,10,1,B
2,13665,True,A,B,1,2,A
2,13666,True,B,A,6,1,B
2,13667,True,B,A,2,1,B
2,13668,True,A,B,2,0,B
2,13669,True,A,B,1,2,A
2,13670,True,B,A,2,1,B
2,13671,True,A,B,4,1,B
2,13672,True,B,A,1,1,A
2,13673,True,A,B,4,1,B
2,13674,True,B,A,1,1,A
2,13675,True,A,B,1,2,A
2,13676,True,A,B,3,1,A
2,13677,True,A,B,1,2,A
2,13678,True,A,B,4,1,B
2,13679,True,B,A,2,1,A
2,13680,True,B,A,1,2,A
2,13681,True,B,A,10,1,B
2,13682,True,B,A,3,1,A
2,13683,True,B,A,2,0,B
2,13684,True,A,B,2,0,B
2,13685,True,A,B,1,1,B
2,13686,True,A,B,0,1,A
2,13687,True,A,B,2,1,A
2,13688,True,A,B,6,1,B
2,13689,True,B,A,1,1,A
2,13690,True,A,B,6,1,B
2,13691,True,A,B,2,1,B
2,13692,True,A,B,2,1,B
2,13693,True,A,B,4,1,B
2,13694,True,A,B,4,1,B
2,13695,True,A,B,3,1,B
2,13696,True,B,A,6,1,B
2,13697,True,B,A,0,1,A
2,13698,True,B,A,2,1,A
2,13699,True,A,B,10,1,B
2,13700,True,A,B,6,1,B
2,13701,True,B,A,2,1,A
2,13702,True,B,A,4,1,B
2,13703,True,A,B,10,1,B
2,13704,True,B,A,6,1,B
2,13705,True,A,B,10,1,B
2,13706,True,B,A,10,1,B
2,13707,False,,,,,
2,13708,True,B,A,6,1,B
2,13709,True,B,A,10,1,B
2,13710,True,B,A,0,1,A
2,13711,True,B,A,2,1,A
2,13712,True,A,B,3,1,B
2,13713,True,A,B,10,1,B
2,13714,True,A,B,3,1,B
2,13715,False,,,,,
2,13716,True,B,A,6,1,B
2,13717,True,A,B,2,1,A
2,13718,True,B,A,0,1,A
2,13719,True,B,A,3,1,B
2,13720,True,B,A,1,2,A
2,13721,True,B,A,0,1,A
2,13722,True,A,B,2,1,B
2,13723,True,B,A,2,1,B
2,13724,True,B,A,4,1,B
2,13725,True,B,A,10,1,B
2,13726,True,B,A,3,1,B
2,13727,True,A,B,6,1,B
2,13728,True,B,A,10,1,B
2,13729,True,A,B,2,1,A
2,13730,True,B,A,10,1,B
2,13731,True,A,B,6,1,B
2,13732,False,,,,,
2,13733,True,A,B,4,1,A
2,13734,True,A,B,1,2,A
2,13735,True,A,B,10,1,B
2,13736,True,A,B,0,1,A
2,13737,True,A,B,4,1,A
2,13738,False,,,,,
2,13739,True,B,A,2,1,A
2,13740,True,A,B,6,1,B
2,13741,True,A,B,1,1,A
2,13742,True,B,A,0,1,A
2,13743,True,A,B,0,1,A
2,13744,True,A,B,2,0,B
2,13745,True,A,B,1,1,B
2,13746,True,B,A,1,1,A
2,13747,True,A,B,6,1,A
2,13748,True,A,B,0,1,A
2,13749,True,B,A,2,0,B
2,13750,True,A,B,2,1,A
2,13751,True,A,B,10,1,B
2,13752,True,B,A,1,2,B
2,13753,True,A,B,3,1,B
2,13754,True,A,B,6,1,B
2,13755,False,,,,,
2,13756,True,A,B,1,1,B
2,13757,False,,,,,
2,13758,True,B,A,3,1,A
2,13759,True,A,B,2,0,B
2,13760,True,A,B,0,1,A
2,13761,True,B,A,2,1,A
2,13762,True,A,B,2,1,A
2,13763,True,A,B,10,1,B
2,13764,True,B,A,6,1,B
2,13765,True,B,A,1,2,A
2,13766,True,B,A,1,2,A
2,13767,True,B,A,3,1,B
2,13768,True,B,A,0,1,A
2,13769,True,A,B,4,1,B
2,13770,True,B,A,0,1,A
2,13771,True,A,B,2,0,B
2,13772,True,A,B,0,1,A
2,13773,True,B,A,1,2,A
2,13774,True,A,B,0,1,A
2,13775,True,B,A,4,1,B
2,13776,True,A,B,1,2,A
2,13777,True,B,A,3,1,A
2,13778,True,A,B,2,1,B
2,13779,True,A,B,10,1,B
2,13780,True,A,B,6,1,B
2,13781,True,B,A,0,1,A
2,13782,True,A,B,4,1,B
2,13783,True,B,A,3,1,B
2,13784,True,B,A,0,1,A
2,13785,True,B,A,4,1,B
2,13786,True,B,A,0,1,A
2,13787,True,A,B,3,1,B
2,13788,True,B,A,2,1,B
2,13789,True,A,B,1,1,A
2,13790,True,B,A,6,1,B
2,13791,True,B,A,2,0,B
2,13792,True,B,A,4,1,B
2,13793,True,B,A,1,1,B
2,13794,True,A,B,6,1,B
2,13795,True,A,B,1,2,A
2,13796,True,A,B,1,1,A
2,13797,False,,,,,
2,13798,True,A,B,10,1,B
2,13799,True,A,B,1,1,A
2,13800,True,B,A,2,0,B
2,13801,True,A,B,1,1,A
2,13802,True,B,A,1,2,A
2,13803,True,B,A,1,2,A
2,13804,True,A,B,10,1,B
2,13805,True,B,A,6,1,B
2,13806,True,A,B,4,1,B
2,13807,True,A,B,2,1,A
2,13808,True,B,A,4,1,B
2,13809,True,A,B,2,0,B
2,13810,True,A,B,3,1,B
2,13811,True,B,A,2,1,B
2,13812,True,B,A,1,1,A
2,13813,True,B,A,0,1,A
2,13814,True,A,B,2,1,A
2,13815,False,,,,,
2,13816,True,A,B,0,1,A
2,13817,True,B,A,4,1,B
2,13818,True,B,A,2,0,B
2,13819,True,B,A,2,1,A
2,13820,True,A,B,1,2,A
2,13821,True,A,B,1,1,A
2,13822,True,B,A,2,1,B
2,13823,True,B,A,3,1,A
2,13824,False,,,,,
2,13825,True,A,B,1,2,A
2,13826,True,B,A,1,1,A
2,13827,True,A,B,6,1,B
2,13828,True,B,A,6,1,B
2,13829,True,B,A,2,0,B
2,13830,True,A,B,6,1,B
2,13831,False,,,,,
2,13832,True,A,B,2,1,A
2,13833,True,B,A,6,1,B
2,13834,True,B,A,6,1,B
2,13835,True,B,A,10,1,B
2,13836,True,B,A,1,1,A
2,13837,True,A,B,6,1,B
2,13838,True,B,A,4,1,B
2,13839,True,B,A,2,0,B
2,13840,True,B,A,0,1,A
2,13841,True,B,A,1,2,B
2,13842,True,B,A,0,1,A
2,13843,True,A,B,4,1,B
2,13844,False,,,,,
2,13845,True,B,A,10,1,B
2,13846,True,A,B,6,1,B
2,13847,True,B,A,4,1,B
2,13848,True,A,B,1,1,A
2,13849,True,A,B,4,1,B
2,13850,True,B,A,10,1,B
2,13851,True,A,B,1,2,A
2,13852,True,B,A,0,1,A
2,13853,True,B,A,2,1,B
2,13854,True,B,A,3,1,A
2,13855,True,B,A,3,1,B
2,13856,False,,,,,
2,13857,True,A,B,10,1,B
2,13858,True,A,B,0,1,A
2,13859,False,,,,,
2,13860,True,A,B,2,1,B
2,13861,True,A,B,10,1,B
2,13862,True,B,A,2,1,A
2,13863,True,A,B,1,2,A
2,13864,True,A,B,3,1,B
2,13865,False,,,,,
2,13866,True,A,B,4,1,B
2,13867,True,B,A,6,1,B
2,13868,True,B,A,0,1,A
2,13869,True,B,A,1,2,A
2,13870,True,B,A,2,1,A
2,13871,True,A,B,2,1,A
2,13872,True,B,A,10,1,B
2,13873,True,B,A,3,1,B
2,13874,True,A,B,2,0,B
2,13875,True,B,A,1,1,A
2,13876,True,A,B,2,0,B
2,13877,True,A,B,6,1,B
2,13878,True,B,A,6,1,B
2,13879,True,B,A,2,1,A
2,13880,True,A,B,6,1,B
2,13881,False,,,,,
2,13882,True,B,A,2,1,A
2,13883,True,A,B,1,1,A
2,13884,True,B,A,1,2,A
2,13885,True,A,B,2,1,A
2,13886,True,A,B,3,1,B
2,13887,True,A,B,1,1,B
2,13888,True,B,A,6,1,B
2,13889,True,A,B,1,2,A
2,13890,True,A,B,1,1,A
2,13891,True,B,A,6,1,B
2,13892,True,B,A,2,1,A
2,13893,True,A,B,10,1,B
2,13894,True,A,B,2,1,B
2,13895,False,,,,,
2,13896,True,B,A,10,1,B
2,13897,True,B,A,1,1,A
2,13898,True,A,B,0,1,A
2,13899,True,A,B,2,0,B
2,13900,True,A,B,0,1,A
2,13901,False,,,,,
2,13902,True,A,B,0,1,A
2,13903,True,B,A,10,1,B
2,13904,True,A,B,2,1,B
2,13905,True,B,A,1,1,A
2,13906,True,A,B,1,1,A
2,13907,True,B,A,2,1,B
2,13908,True,A,B,2,1,B
2,13909,False,,,,,
2,13910,True,B,A,2,1,B
2,13911,True,B,A,10,1,B
2,13912,True,B,A,1,1,B
2,13913,True,A,B,0,1,A
2,13914,True,A,B,0,1,A
2,13915,True,B,A,10,1,B
2,13916,True,A,B,1,2,A
2,13917,True,B,A,4,1,B
2,13918,True,B,A,2,1,A
2,13919,True,A,B,3,1,B
2,13920,True,A,B,1,1,A
2,13921,True,B,A,3,1,B
2,13922,True,B,A,4,1,B
2,13923,True,A,B,1,2,A
2,13924,True,A,B,1,1,A
2,13925,True,B,A,10,1,B
2,13926,True,A,B,0,1,A
2,13927,True,B,A,6,1,B
2,13928,True,B,A,4,1,B
2,13929,True,B,A,10,1,B
2,13930,True,A,B,3,1,A
2,13931,True,A,B,0,1,A
2,13932,True,B,A,6,1,B
2,13933,True,B,A,6,1,B
2,13934,True,A,B,3,1,B
2,13935,True,A,B,1,2,A
2,13936,True,B,A,0,1,A
2,13937,True,B,A,0,1,A
2,13938,True,B,A,0,1,A
2,13939,True,B,A,2,1,B
2,13940,True,B,A,3,1,B
2,13941,True,A,B,2,1,A
2,13942,True,A,B,1,1,A
2,13943,True,B,A,2,1,A
2,13944,True,B,A,4,1,B
2,13945,True,A,B,6,1,B
2,13946,True,B,A,0,1,A
2,13947,True,B,A,0,1,A
2,13948,True,B,A,0,1,A
2,13949,True,A,B,1,1,A
2,13950,True,A,B,0,1,A
2,13951,True,B,A,10,1,B
2,13952,True,A,B,1,2,A
2,13953,True,A,B,2,1,B
2,13954,True,B,A,4,1,B
2,13955,True,B,A,1,2,A
2,13956,True,A,B,2,1,B
2,13957,True,A,B,1,1,B
2,13958,True,B,A,4,1,B
2,13959,True,B,A,6,1,B
2,13960,True,B,A,6,1,B
2,13961,True,B,A,2,1,A
2,13962,True,A,B,10,1,B
2,13963,True,A,B,3,1,B
2,13964,False,,,,,
2,13965,True,B,A,2,1,B
2,13966,True,B,A,3,1,B
2,13967,True,B,A,2,1,B
2,13968,True,B,A,4,1,B
2,13969,True,B,A,6,1,B
2,13970,True,A,B,6,1,B
2,13971,True,A,B,10,1,B
2,13972,True,A,B,2,1,B
2,13973,True,B,A,10,1,B
2,13974,True,B,A,0,1,A
2,13975,True,A,B,3,1,B
2,13976,True,A,B,2,0,B
2,13977,True,B,A,1,2,A
2,13978,True,B,A,2,0,B
2,13979,True,A,B,4,1,B
2,13980,True,B,A,6,1,B
2,13981,True,B,A,1,1,A
2,13982,True,B,A,2,1,B
2,13983,True,A,B,6,1,B
2,13984,False,,,,,
2,13985,True,A,B,3,1,A
2,13986,True,B,A,2,0,B
2,13987,True,B,A,0,1,A
2,13988,True,A,B,10,1,B
2,13989,True,B,A,0,1,A
2,13990,True,A,B,6,1,B
2,13991,True,B,A,1,2,A
2,13992,True,A,B,6,1,B
2,13993,True,B,A,6,1,B
2,13994,True,B,A,6,1,B
2,13995,True,B,A,1,2,A
2,13996,True,B,A,1,1,A
2,13997,True,A,B,1,1,A
2,13998,True,A,B,6,1,B
2,13999,True,B,A,2,1,A
2,14000,True,A,B,6,1,B
2,14001,True,B,A,4,1,A
2,14002,False,,,,,
2,14003,True,A,B,2,1,B
2,14004,True,B,A,2,0,B
2,14005,True,A,B,1,2,B
2,14006,True,A,B,2,1,B
2,14007,True,B,A,10,1,B
2,14008,True,A,B,4,1,B
2,14009,True,A,B,1,2,A
2,14010,True,B,A,1,2,B
2,14011,True,B,A,1,1,A
2,14012,True,B,A,2,1,A
2,14013,True,B,A,2,1,A
2,14014,True,B,A,1,1,B
2,14015,True,B,A,1,2,A
2,14016,True,A,B,1,2,A
2,14017,True,B,A,2,0,B
2,14018,True,B,A,1,2,A
2,14019,True,B,A,2,1,B
2,14020,True,B,A,2,1,B
2,14021,True,A,B,6,1,B
2,14022,True,A,B,4,1,B
2,14023,True,B,A,10,1,B
2,14024,False,,,,,
2,14025,True,A,B,6,1,B
2,14026,True,B,A,6,1,B
2,14027,True,A,B,6,1,B
2,14028,True,B,A,1,2,A
2,14029,True,A,B,4,1,B
2,14030,True,B,A,4,1,B
2,14031,True,B,A,10,1,B
2,14032,True,B,A,2,1,B
2,14033,True,A,B,1,1,B
2,14034,True,A,B,1,2,B
2,14035,True,A,B,1,1,A
2,14036,True,B,A,4,1,B
2,14037,True,B,A,3,1,B
2,14038,True,A,B,2,1,B
2,14039,True,A,B,3,1,A
2,14040,True,A,B,1,2,A
2,14041,True,B,A,2,0,B
2,14042,True,B,A,4,1,B
2,14043,True,B,A,1,1,A
2,14044,False,,,,,
2,14045,True,A,B,4,1,B
2,14046,False,,,,,
2,14047,True,B,A,1,1,A
2,14048,True,A,B,6,1,B
2,14049,True,B,A,0,1,A
2,14050,True,A,B,0,1,A
2,14051,True,B,A,4,1,B
2,14052,True,A,B,2,0,B
2,14053,True,B,A,10,1,B
2,14054,False,,,,,
2,14055,True,B,A,6,1,B
2,14056,True,B,A,3,1,A
2,14057,True,B,A,1,2,A
2,14058,True,A,B,1,1,A
2,14059,True,B,A,1,2,A
2,14060,False,,,,,
2,14061,True,A,B,6,1,A
2,14062,True,B,A,2,1,B
2,14063,True,A,B,6,1,B
2,14064,True,A,B,3,1,B
2,14065,True,B,A,0,1,A
2,14066,True,A,B,2,1,A
2,14067,True,B,A,6,1,B
2,14068,True,B,A,10,1,B
2,14069,True,B,A,10,1,B
2,14070,True,B,A,3,1,B
2,14071,True,A,B,10,1,B
2,14072,True,B,A,10,1,B
2,14073,True,B,A,2,1,A
2,14074,True,B,A,6,1,B
2,14075,True,A,B,1,1,A
2,14076,True,B,A,2,0,B
2,14077,True,B,A,2,0,B
2,14078,True,A,B,2,1,A
2,14079,True,A,B,4,1,B
2,14080,True,A,B,10,1,B
2,14081,True,A,B,4,1,B
2,14082,True,A,B,1,2,A
2,14083,True,B,A,2,1,B
2,14084,True,A,B,4,1,B
2,14085,True,A,B,2,1,B
2,14086,True,B,A,2,1,A
2,14087,True,B,A,2,1,B
2,14088,True,B,A,0,1,A
2,14089,True,A,B,3,1,B
2,14090,True,B,A,10,1,B
2,14091,True,A,B,10,1,B
2,14092,True,B,A,3,1,B
2,14093,True,A,B,0,1,A
2,14094,True,B,A,10,1,B
2,14095,True,B,A,2,0,B
2,14096,True,B,A,2,1,A
2,14097,True,B,A,6,1,B
2,14098,True,A,B,4,1,B
2,14099,True,A,B,2,0,B
2,14100,True,B,A,3,1,A
2,14101,True,B,A,4,1,B
2,14102,True,A,B,4,1,B
2,14103,True,B,A,4,1,B
2,14104,True,A,B,10,1,B
2,14105,True,B,A,3,1,B
2,14106,True,A,B,2,1,B
2,14107,True,A,B,4,1,B
2,14108,True,A,B,1,2,A
2,14109,True,A,B,2,1,B
2,14110,True,A,B,2,0,B
2,14111,True,A,B,6,1,B
2,14112,True,A,B,1,1,A
2,14113,True,B,A,10,1,B
2,14114,True,B,A,1,2,A
2,14115,True,A,B,6,1,B
2,14116,True,A,B,6,1,B
2,14117,True,A,B,1,1,A
2,14118,True,A,B,2,0,B
2,14119,True,B,A,3,1,B
2,14120,True,A,B,4,1,B
2,14121,False,,,,,
2,14122,True,A,B,2,0,B
2,14123,True,A,B,2,1,A
2,14124,True,B,A,10,1,B
2,14125,True,A,B,2,1,B
2,14126,True,A,B,0,1,A
2,14127,True,A,B,3,1,B
2,14128,True,A,B,6,1,B
2,14129,True,A,B,2,0,B
2,14130,True,B,A,1,1,A
2,14131,True,A,B,0,1,A
2,14132,True,A,B,2,1,A
2,14133,True,A,B,1,2,A
2,14134,True,B,A,0,1,A
2,14135,True,B,A,1,2,A
2,14136,True,A,B,2,1,B
2,14137,True,A,B,0,1,A
2,14138,True,A,B,1,1,B
2,14139,True,B,A,2,1,B
2,14140,True,A,B,0,1,A
2,14141,True,B,A,10,1,B
2,14142,True,A,B,1,1,A
2,14143,True,B,A,3,1,B
2,14144,False,,,,,
2,14145,True,B,A,4,1,B
2,14146,True,B,A,6,1,B
2,14147,True,A,B,4,1,B
2,14148,True,B,A,10,1,B
2,14149,True,B,A,0,1,A
2,14150,True,A,B,4,1,B
2,14151,True,A,B,1,2,A
2,14152,True,B,A,10,1,B
2,14153,True,A,B,1,1,A
2,14154,True,B,A,2,0,B
2,14155,True,A,B,10,1,B
2,14156,True,B,A,1,1,A
2,14157,True,A,B,0,1,A
2,14158,True,B,A,10,1,B
2,14159,True,B,A,2,0,B
2,14160,True,B,A,3,1,B
2,14161,True,B,A,2,1,B
2,14162,True,A,B,4,1,B
2,14163,True,B,A,3,1,B
2,14164,True,B,A,6,1,B
2,14165,True,B,A,2,1,A
2,14166,True,A,B,10,1,B
2,14167,True,A,B,4,1,B
2,14168,True,A,B,2,0,B
2,14169,True,A,B,10,1,B
2,14170,True,B,A,4,1,B
2,14171,True,B,A,1,2,A
2,14172,True,A,B,2,1,B
2,14173,True,A,B,4,1,B
2,14174,True,B,A,2,0,B
2,14175,True,A,B,1,1,A
2,14176,True,A,B,2,1,A
2,14177,False,,,,,
2,14178,True,A,B,6,1,B
2,14179,True,A,B,10,1,B
2,14180,True,B,A,4,1,B
2,14181,True,A,B,4,1,B
2,14182,True,A,B,1,1,A
2,14183,True,A,B,6,1,B
2,14184,True,B,A,1,1,B
2,14185,True,A,B,1,2,A
2,14186,True,A,B,0,1,A
2,14187,True,B,A,1,1,A
2,14188,False,,,,,
2,14189,True,A,B,1,1,B
2,14190,True,A,B,6,1,B
2,14191,True,B,A,2,1,A
2,14192,True,B,A,10,1,B
2,14193,True,B,A,10,1,B
2,14194,True,B,A,10,1,B
2,14195,True,B,A,1,2,A
2,14196,True,B,A,4,1,B
2,14197,True,A,B,10,1,B
2,14198,True,B,A,3,1,B
2,14199,True,B,A,4,1,B
2,14200,True,A,B,3,1,B
2,14201,True,A,B,3,1,B
2,14202,True,A,B,1,1,A
2,14203,True,A,B,1,1,A
2,14204,True,B,A,1,2,A
2,14205,True,A,B,6,1,B
2,14206,True,A,B,3,1,B
2,14207,True,B,A,2,0,B
2,14208,True,A,B,6,1,B
2,14209,True,A,B,6,1,B
2,14210,True,B,A,2,1,B
2,14211,True,A,B,1,2,A
2,14212,True,A,B,6,1,B
2,14213,True,A,B,0,1,A
2,14214,True,B,A,4,1,B
2,14215,True,B,A,1,2,A
2,14216,True,A,B,1,1,B
2,14217,True,A,B,2,1,B
2,14218,True,B,A,2,1,A
2,14219,True,A,B,10,1,B
2,14220,True,B,A,10,1,B
2,14221,True,A,B,6,1,B
2,14222,True,A,B,0,1,A
2,14223,True,A,B,1,1,A
2,14224,True,A,B,2,1,A
2,14225,True,B,A,4,1,B
2,14226,True,A,B,6,1,B
2,14227,True,B,A,1,1,A
2,14228,True,A,B,3,1,B
2,14229,True,B,A,2,1,A
2,14230,True,B,A,10,1,B
2,14231,True,A,B,3,1,A
2,14232,True,B,A,0,1,A
2,14233,True,B,A,10,1,B
2,14234,True,A,B,2,1,A
2,14235,True,A,B,0,1,A
2,14236,True,B,A,1,1,A
2,14237,True,B,A,3,1,B
2,14238,True,A,B,2,1,A
2,14239,True,A,B,1,1,A
2,14240,True,A,B,4,1,B
2,14241,True,A,B,2,0,B
2,14242,True,A,B,0,1,A
2,14243,True,A,B,1,1,A
2,14244,True,A,B,1,1,A
2,14245,True,A,B,2,0,B
2,14246,True,A,B,2,1,B
2,14247,True,B,A,2,0,B
2,14248,True,B,A,2,1,B
2,14249,True,A,B,6,1,B
2,14250,True,A,B,1,1,B
2,14251,True,B,A,6,1,B
2,14252,True,A,B,1,2,A
2,14253,False,,,,,
2,14254,True,A,B,1,1,A
2,14255,True,B,A,2,1,B
2,14256,True,B,A,1,2,A
2,14257,True,B,A,0,1,A
2,14258,True,B,A,1,1,B
2,14259,False,,,,,
2,14260,True,B,A,6,1,B
2,14261,True,A,B,0,1,A
2,14262,True,A,B,2,1,A
2,14263,True,A,B,3,1,A
2,14264,True,B,A,3,1,B
2,14265,True,A,B,0,1,A
2,14266,True,B,A,10,1,B
2,14267,True,A,B,6,1,B
2,14268,True,A,B,6,1,B
2,14269,True,A,B,0,1,A
2,14270,True,A,B,3,1,B
2,14271,True,A,B,2,1,A
2,14272,True,A,B,2,1,A
2,14273,True,B,A,3,1,B
2,14274,True,A,B,2,0,B
2,14275,True,A,B,3,1,B
2,14276,True,B,A,6,1,B
2,14277,True,A,B,6,1,B
2,14278,False,,,,,
2,14279,True,B,A,3,1,B
2,14280,True,A,B,3,1,A
2,14281,True,A,B,2,1,A
2,14282,True,B,A,1,2,A
2,14283,True,B,A,2,1,A
2,14284,True,A,B,0,1,A
2,14285,True,B,A,6,1,B
2,14286,True,A,B,1,1,A
2,14287,True,A,B,3,1,A
2,14288,True,B,A,6,1,B
2,14289,True,A,B,1,2,A
2,14290,True,B,A,10,1,B
2,14291,True,A,B,3,1,A
2,14292,True,A,B,1,1,A
2,14293,True,B,A,10,1,B
2,14294,True,A,B,6,1,B
2,14295,True,A,B,2,1,B
2,14296,True,B,A,1,1,A
2,14297,True,B,A,0,1,A
2,14298,True,A,B,0,1,A
2,14299,True,A,B,1,1,A
2,14300,True,B,A,2,1,B
2,14301,True,B,A,2,0,B
2,14302,True,A,B,4,1,B
2,14303,True,B,A,6,1,B
2,14304,True,B,A,2,1,A
2,14305,False,,,,,
2,14306,True,A,B,4,1,A
2,14307,True,B,A,6,1,B
2,14308,True,B,A,3,1,A
2,14309,True,A,B,4,1,B
2,14310,True,A,B,0,1,A
2,14311,True,A,B,0,1,A
2,14312,True,A,B,10,1,B
2,14313,True,B,A,6,1,B
2,14314,True,A,B,10,1,B
2,14315,True,A,B,10,1,B
2,14316,True,B,A,2,1,A
2,14317,True,B,A,1,1,A
2,14318,True,B,A,2,1,A
2,14319,True,B,A,6,1,B
2,14320,True,A,B,10,1,B
2,14321,True,B,A,4,1,A
2,14322,True,A,B,0,1,A
2,14323,True,A,B,3,1,B
2,14324,True,A,B,2,1,A
2,14325,True,B,A,2,1,B
2,14326,True,A,B,0,1,A
2,14327,True,A,B,3,1,B
2,14328,True,A,B,0,1,A
2,14329,True,A,B,1,1,B
2,14330,True,B,A,1,1,A
2,14331,True,A,B,0,1,A
2,14332,True,A,B,2,1,B
2,14333,False,,,,,
2,14334,True,A,B,10,1,B
2,14335,True,A,B,6,1,B
2,14336,True,A,B,1,1,A
2,14337,True,B,A,0,1,A
2,14338,True,B,A,6,1,B
2,14339,True,A,B,4,1,B
2,14340,True,A,B,2,1,B
2,14341,True,B,A,6,1,B
2,14342,True,A,B,10,1,B
2,14343,True,B,A,1,1,A
2,14344,True,B,A,3,1,B
2,14345,True,A,B,0,1,A
2,14346,True,B,A,2,0,B
2,14347,True,B,A,1,2,A
2,14348,True,A,B,1,1,A
2,14349,True,B,A,4,1,B
2,14350,True,A,B,3,1,B
2,14351,True,A,B,6,1,B
2,14352,True,A,B,10,1,B
2,14353,True,A,B,1,1,A
2,14354,True,A,B,1,1,A
2,14355,True,A,B,10,1,B
2,14356,True,A,B,1,1,A
2,14357,True,A,B,1,1,A
2,14358,True,B,A,2,1,B
2,14359,True,A,B,4,1,B
2,14360,True,B,A,1,2,A
2,14361,True,A,B,1,1,B
2,14362,True,A,B,0,1,A
2,14363,True,A,B,0,1,A
2,14364,True,B,A,1,1,B
2,14365,True,A,B,1,1,A
2,14366,False,,,,,
2,14367,True,B,A,0,1,A
2,14368,True,A,B,1,1,A
2,14369,True,A,B,0,1,A
2,14370,True,A,B,4,1,B
2,14371,True,B,A,10,1,B
2,14372,True,B,A,10,1,B
2,14373,True,A,B,2,0,B
2,14374,True,A,B,2,1,A
2,14375,True,B,A,2,0,B
2,14376,True,B,A,10,1,B
2,14377,True,A,B,3,1,B
2,14378,True,B,A,10,1,B
2,14379,True,A,B,6,1,B
2,14380,True,A,B,1,1,A
2,14381,True,A,B,1,2,A
2,14382,True,B,A,2,1,B
2,14383,True,B,A,0,1,A
2,14384,True,A,B,4,1,B
2,14385,False,,,,,
2,14386,True,B,A,2,1,B
2,14387,True,A,B,2,1,B
2,14388,True,B,A,2,1,A
2,14389,True,B,A,1,1,A
2,14390,True,B,A,10,1,B
2,14391,True,A,B,6,1,B
2,14392,True,B,A,4,1,A
2,14393,True,B,A,3,1,B
2,14394,True,A,B,4,1,B
2,14395,True,A,B,4,1,B
2,14396,True,A,B,1,1,A
2,14397,True,B,A,1,1,A
2,14398,True,B,A,2,1,A
2,14399,True,A,B,10,1,B
2,14400,True,A,B,3,1,B
2,14401,True,B,A,10,1,B
2,14402,True,B,A,1,1,A
2,14403,True,B,A,3,1,B
2,14404,True,A,B,0,1,A
2,14405,True,B,A,6,1,B
2,14406,True,B,A,4,1,B
2,14407,True,A,B,1,1,A
2,14408,True,A,B,1,2,B
2,14409,True,A,B,1,2,A
2,14410,True,A,B,2,1,B
2,14411,False,,,,,
2,14412,True,A,B,4,1,B
2,14413,True,B,A,6,1,B
2,14414,True,B,A,10,1,B
2,14415,True,B,A,0,1,A
2,14416,True,B,A,10,1,B
2,14417,True,B,A,1,2,A
2,14418,True,B,A,1,2,A
2,14419,True,B,A,10,1,B
2,14420,True,B,A,1,2,A
2,14421,True,B,A,3,1,B
2,14422,True,B,A,6,1,B
2,14423,True,B,A,1,1,A
2,14424,True,A,B,4,1,B
2,14425,True,A,B,6,1,B
2,14426,True,A,B,2,0,B
2,14427,True,B,A,0,1,A
2,14428,True,A,B,2,0,B
2,14429,True,A,B,1,2,A
2,14430,False,,,,,
2,14431,True,B,A,4,1,B
2,14432,True,B,A,6,1,B
2,14433,True,A,B,4,1,B
2,14434,True,A,B,0,1,A
2,14435,True,B,A,1,2,A
2,14436,False,,,,,
2,14437,True,A,B,10,1,B
2,14438,True,A,B,4,1,B
2,14439,True,B,A,4,1,B
2,14440,True,A,B,1,1,A
2,14441,True,B,A,3,1,B
2,14442,True,A,B,6,1,B
2,14443,True,B,A,10,1,B
2,14444,True,B,A,1,1,A
2,14445,True,B,A,0,1,A
2,14446,True,B,A,6,1,B
2,14447,False,,,,,
2,14448,True,A,B,1,1,A
2,14449,True,A,B,2,0,B
2,14450,True,B,A,3,1,B
2,14451,True,B,A,1,2,A
2,14452,True,A,B,4,1,B
2,14453,True,B,A,10,1,B
2,14454,True,B,A,6,1,B
2,14455,False,,,,,
2,14456,True,B,A,0,1,A
2,14457,True,A,B,2,1,B
2,14458,True,B,A,2,1,B
2,14459,True,B,A,10,1,B
2,14460,True,B,A,4,1,B
2,14461,True,B,A,10,1,B
2,14462,True,B,A,6,1,B
2,14463,True,A,B,3,1,B
2,14464,True,B,A,3,1,B
2,14465,True,B,A,1,2,A
2,14466,True,A,B,1,2,A
2,14467,True,A,B,2,0,B
2,14468,True,B,A,1,1,A
2,14469,True,B,A,1,1,A
2,14470,True,A,B,6,1,B
2,14471,True,A,B,2,1,B
2,14472,True,B,A,1,1,B
2,14473,True,A,B,10,1,B
2,14474,True,A,B,2,1,A
2,14475,True,B,A,4,1,B
2,14476,True,A,B,1,1,A
2,14477,True,A,B,0,1,A
2,14478,True,B,A,1,1,A
2,14479,True,B,A,3,1,B
2,14480,True,A,B,3,1,B
2,14481,True,B,A,10,1,B
2,14482,True,A,B,3,1,B
2,14483,True,B,A,1,2,A
2,14484,True,B,A,10,1,B
2,14485,True,B,A,0,1,A
2,14486,True,B,A,10,1,B
2,14487,True,B,A,4,1,B
2,14488,True,A,B,4,1,B
2,14489,True,A,B,1,1,A
2,14490,True,A,B,1,2,B
2,14491,True,B,A,6,1,B
2,14492,True,B,A,4,1,B
2,14493,True,B,A,2,0,B
2,14494,True,B,A,1,2,A
2,14495,True,B,A,2,1,A
2,14496,True,A,B,10,1,B
2,14497,True,A,B,1,1,A
2,14498,True,B,A,2,1,B
2,14499,True,B,A,1,2,A
2,14500,True,A,B,10,1,B
2,14501,False,,,,,
2,14502,True,A,B,6,1,B
2,14503,True,A,B,3,1,B
2,14504,True,B,A,0,1,A
2,14505,True,B,A,1,1,B
2,14506,True,B,A,6,1,B
2,14507,True,B,A,2,1,A
2,14508,True,B,A,4,1,B
2,14509,True,B,A,3,1,B
2,14510,True,B,A,10,1,B
2,14511,True,A,B,2,1,B
2,14512,True,A,B,3,1,B
2,14513,True,B,A,0,1,A
2,14514,False,,,,,
2,14515,True,A,B,4,1,B
2,14516,True,B,A,4,1,A
2,14517,True,A,B,1,2,A
2,14518,True,A,B,2,1,B
2,14519,True,B,A,6,1,B
2,14520,True,B,A,4,1,B
2,14521,True,B,A,0,1,A
2,14522,True,B,A,3,1,B
2,14523,True,B,A,6,1,B
2,14524,True,B,A,0,1,A
2,14525,True,B,A,0,1,A
2,14526,True,A,B,3,1,A
2,14527,True,A,B,6,1,B
2,14528,True,A,B,4,1,B
2,14529,True,B,A,3,1,B
2,14530,True,B,A,3,1,B
2,14531,True,A,B,2,0,B
2,14532,True,A,B,1,1,A
2,14533,True,B,A,3,1,B
2,14534,True,A,B,6,1,B
2,14535,True,A,B,4,1,B
2,14536,True,A,B,4,1,B
2,14537,True,A,B,2,1,B
2,14538,True,B,A,10,1,B
2,14539,True,A,B,10,1,B
2,14540,True,A,B,4,1,B
2,14541,True,B,A,1,1,A
2,14542,True,B,A,1,2,A
2,14543,True,B,A,1,2,A
2,14544,True,A,B,0,1,A
2,14545,True,A,B,1,1,B
2,14546,True,A,B,2,1,A
2,14547,True,B,A,1,1,A
2,14548,True,B,A,6,1,B
2,14549,False,,,,,
2,14550,True,B,A,1,1,B
2,14551,True,B,A,10,1,B
2,14552,True,B,A,10,1,B
2,14553,True,B,A,6,1,B
2,14554,True,A,B,0,1,A
2,14555,True,B,A,1,1,B
2,14556,True,B,A,10,1,B
2,14557,True,B,A,0,1,A
2,14558,True,B,A,1,2,A
2,14559,True,A,B,4,1,B
2,14560,True,A,B,2,1,B
2,14561,True,A,B,6,1,B
2,14562,True,B,A,2,0,B
2,14563,True,B,A,0,1,A
2,14564,True,A,B,0,1,A
2,14565,True,A,B,2,1,A
2,14566,True,B,A,4,1,B
2,14567,True,B,A,10,1,B
2,14568,True,B,A,0,1,A
2,14569,True,A,B,1,2,A
2,14570,True,A,B,1,2,A
2,14571,True,A,B,0,1,A
2,14572,True,A,B,1,2,A
2,14573,True,A,B,6,1,B
2,14574,True,B,A,2,1,A
2,14575,True,A,B,2,1,B
2,14576,True,B,A,10,1,B
2,14577,True,B,A,6,1,B
2,14578,True,A,B,0,1,A
2,14579,True,B,A,2,1,B
2,14580,True,B,A,2,1,A
2,14581,True,B,A,4,1,B
2,14582,True,B,A,4,1,B
2,14583,True,A,B,3,1,B
2,14584,True,A,B,6,1,B
2,14585,True,A,B,6,1,B
2,14586,True,A,B,2,1,A
2,14587,True,B,A,0,1,A
2,14588,True,B,A,6,1,B
2,14589,True,A,B,6,1,B
2,14590,True,A,B,2,0,B
2,14591,True,B,A,2,1,A
2,14592,True,B,A,1,2,A
2,14593,True,A,B,3,1,B
2,14594,True,B,A,4,1,B
2,14595,True,B,A,2,1,B
2,14596,True,B,A,1,2,A
2,14597,True,B,A,2,1,A
2,14598,True,B,A,6,1,B
2,14599,True,B,A,3,1,B
2,14600,True,A,B,2,1,B
2,14601,True,A,B,2,0,B
2,14602,True,A,B,2,1,A
2,14603,True,B,A,1,2,A
2,14604,True,A,B,3,1,B
2,14605,True,A,B,2,1,A
2,14606,True,B,A,2,1,B
2,14607,True,A,B,1,1,A
2,14608,True,B,A,10,1,B
2,14609,False,,,,,
2,14610,True,A,B,2,1,A
2,14611,True,A,B,10,1,B
2,14612,True,B,A,1,1,A
2,14613,True,B,A,0,1,A
2,14614,True,A,B,2,1,B
2,14615,True,A,B,2,1,A
2,14616,True,A,B,10,1,B
2,14617,True,A,B,4,1,B
2,14618,True,B,A,2,1,B
2,14619,True,A,B,1,2,A
2,14620,True,B,A,3,1,B
2,14621,True,A,B,0,1,A
2,14622,False,,,,,
2,14623,True,A,B,4,1,B
2,14624,True,B,A,10,1,B
2,14625,True,B,A,3,1,B
2,14626,True,A,B,10,1,B
2,14627,True,B,A,4,1,B
2,14628,True,A,B,6,1,B
2,14629,True,A,B,3,1,B
2,14630,True,A,B,6,1,B
2,14631,True,B,A,1,2,A
2,14632,True,A,B,2,1,B
2,14633,True,B,A,6,1,B
2,14634,True,B,A,0,1,A
2,14635,True,A,B,10,1,B
2,14636,True,B,A,1,2,A
2,14637,True,B,A,2,1,B
2,14638,True,A,B,1,2,A
2,14639,True,A,B,0,1,A
2,14640,True,B,A,3,1,B
2,14641,True,A,B,0,1,A
2,14642,True,B,A,1,1,B
2,14643,True,B,A,10,1,B
2,14644,True,B,A,0,1,A
2,14645,True,B,A,0,1,A
2,14646,True,A,B,6,1,B
2,14647,True,A,B,6,1,B
2,14648,True,A,B,4,1,B
2,14649,True,B,A,6,1,B
2,14650,True,A,B,1,1,A
2,14651,True,B,A,6,1,B
2,14652,True,A,B,6,1,B
2,14653,True,B,A,6,1,B
2,14654,True,B,A,6,1,B
2,14655,True,A,B,1,2,A
2,14656,True,A,B,2,1,B
2,14657,True,A,B,0,1,A
2,14658,True,B,A,4,1,B
2,14659,True,A,B,2,1,B
2,14660,True,B,A,0,1,A
2,14661,True,B,A,10,1,B
2,14662,True,B,A,3,1,B
2,14663,True,A,B,2,1,A
2,14664,True,B,A,2,1,B
2,14665,True,B,A,4,1,B
2,14666,True,A,B,1,2,A
2,14667,True,A,B,1,1,A
2,14668,True,A,B,1,2,A
2,14669,True,B,A,2,0,B
2,14670,True,A,B,2,1,A
2,14671,True,B,A,2,1,A
2,14672,True,B,A,1,2,A
2,14673,True,B,A,4,1,B
2,14674,True,B,A,10,1,B
2,14675,True,B,A,1,2,A
2,14676,True,B,A,0,1,A
2,14677,True,B,A,0,1,A
2,14678,True,A,B,6,1,B
2,14679,True,A,B,10,1,B
2,14680,True,B,A,4,1,A
2,14681,True,A,B,10,1,B
2,14682,True,B,A,3,1,A
2,14683,True,B,A,10,1,B
2,14684,True,A,B,1,2,A
2,14685,True,A,B,4,1,B
2,14686,True,A,B,6,1,B
2,14687,True,A,B,0,1,A
2,14688,True,A,B,4,1,B
2,14689,True,B,A,2,1,A
2,14690,True,B,A,10,1,B
2,14691,False,,,,,
2,14692,True,A,B,1,2,A
2,14693,True,A,B,3,1,B
2,14694,True,B,A,6,1,B
2,14695,True,B,A,2,1,B
2,14696,True,A,B,3,1,B
2,14697,True,B,A,2,1,A
2,14698,True,A,B,1,2,B
2,14699,True,A,B,4,1,B
2,14700,True,A,B,1,2,A
2,14701,True,B,A,4,1,B
2,14702,True,B,A,1,2,A
2,14703,True,A,B,3,1,B
2,14704,True,B,A,3,1,B
2,14705,True,A,B,1,1,A
2,14706,True,B,A,2,1,A
2,14707,True,A,B,1,1,A
2,14708,True,A,B,10,1,B
2,14709,True,B,A,4,1,B
2,14710,True,A,B,4,1,B
2,14711,True,B,A,0,1,A
2,14712,True,B,A,2,1,A
2,14713,True,B,A,10,1,B
2,14714,True,A,B,10,1,B
2,14715,True,B,A,2,0,B
2,14716,True,A,B,1,2,A
2,14717,True,A,B,0,1,A
2,14718,True,B,A,1,2,A
2,14719,True,B,A,3,1,A
2,14720,True,A,B,1,1,A
2,14721,True,B,A,2,0,B
2,14722,True,B,A,6,1,B
2,14723,True,B,A,1,1,A
2,14724,True,B,A,4,1,B
2,14725,True,B,A,2,1,B
2,14726,True,B,A,6,1,B
2,14727,True,B,A,2,0,B
2,14728,True,A,B,0,1,A
2,14729,True,A,B,4,1,B
2,14730,False,,,,,
2,14731,True,A,B,10,1,B
2,14732,True,B,A,6,1,B
2,14733,True,A,B,6,1,B
2,14734,True,B,A,4,1,B
2,14735,True,B,A,2,1,A
2,14736,False,,,,,
2,14737,True,A,B,1,1,B
2,14738,True,B,A,1,1,A
2,14739,True,A,B,1,2,A
2,14740,True,A,B,6,1,B
2,14741,True,A,B,2,1,A
2,14742,True,B,A,1,1,A
2,14743,True,A,B,1,1,A
2,14744,True,B,A,1,2,A
2,14745,True,A,B,10,1,B
2,14746,True,B,A,10,1,B
2,14747,False,,,,,
2,14748,True,A,B,0,1,A
2,14749,True,A,B,4,1,B
2,14750,False,,,,,
2,14751,True,A,B,2,0,B
2,14752,True,B,A,1,2,A
2,14753,True,B,A,1,1,A
2,14754,True,A,B,2,1,B
2,14755,True,A,B,4,1,B
2,14756,True,A,B,4,1,B
2,14757,True,A,B,4,1,B
2,14758,False,,,,,
2,14759,True,B,A,1,1,B
2,14760,True,B,A,4,1,B
2,14761,True,B,A,6,1,B
2,14762,True,A,B,10,1,B
2,14763,True,B,A,6,1,B
2,14764,False,,,,,
2,14765,True,B,A,3,1,B
2,14766,True,A,B,0,1,A
2,14767,True,A,B,2,0,B
2,14768,True,A,B,3,1,B
2,14769,True,A,B,1,2,A
2,14770,True,B,A,10,1,B
2,14771,False,,,,,
2,14772,True,A,B,2,1,B
2,14773,True,A,B,4,1,B
2,14774,True,B,A,1,2,A
2,14775,True,A,B,2,1,B
2,14776,True,A,B,1,2,A
2,14777,True,B,A,2,1,A
2,14778,True,A,B,0,1,A
2,14779,True,B,A,0,1,A
2,14780,True,B,A,0,1,A
2,14781,True,A,B,1,2,A
2,14782,True,B,A,2,1,A
2,14783,True,B,A,0,1,A
2,14784,True,B,A,10,1,B
2,14785,True,A,B,2,1,B
2,14786,True,A,B,2,0,B
2,14787,True,A,B,6,1,B
2,14788,True,B,A,1,1,A
2,14789,True,B,A,10,1,B
2,14790,True,B,A,1,2,A
2,14791,True,A,B,6,1,B
2,14792,True,A,B,4,1,B
2,14793,True,A,B,2,1,A
2,14794,True,B,A,6,1,B
2,14795,True,B,A,2,1,A
2,14796,True,A,B,6,1,B
2,14797,True,A,B,2,1,A
2,14798,True,B,A,0,1,A
2,14799,True,B,A,4,1,B
2,14800,True,B,A,2,1,B
2,14801,True,A,B,4,1,B
2,14802,True,B,A,2,1,A
2,14803,True,B,A,0,1,A
2,14804,True,B,A,0,1,A
2,14805,True,B,A,0,1,A
2,14806,True,B,A,2,0,B
2,14807,True,B,A,6,1,B
2,14808,True,B,A,6,1,B
2,14809,True,B,A,0,1,A
2,14810,True,B,A,2,1,A
2,14811,True,A,B,2,1,B
2,14812,True,A,B,1,2,A
2,14813,True,A,B,4,1,B
2,14814,True,A,B,3,1,B
2,14815,True,B,A,10,1,B
2,14816,True,A,B,4,1,B
2,14817,True,A,B,1,2,A
2,14818,True,A,B,4,1,B
2,14819,True,B,A,0,1,A
2,14820,True,A,B,6,1,B
2,14821,True,A,B,1,2,A
2,14822,True,B,A,6,1,B
2,14823,True,A,B,0,1,A
2,14824,True,A,B,6,1,B
2,14825,True,B,A,3,1,A
2,14826,True,B,A,6,1,B
2,14827,True,A,B,2,0,B
2,14828,True,B,A,1,2,A
2,14829,False,,,,,
2,14830,True,A,B,10,1,B
2,14831,True,A,B,2,0,B
2,14832,True,B,A,3,1,A
2,14833,True,A,B,10,1,B
2,14834,True,A,B,1,1,A
2,14835,True,A,B,3,1,B
2,14836,True,B,A,1,2,A
2,14837,True,A,B,1,1,B
2,14838,True,A,B,4,1,B
2,14839,True,A,B,0,1,A
2,14840,True,B,A,2,0,B
2,14841,True,A,B,2,0,B
2,14842,True,A,B,2,0,B
2,14843,True,A,B,6,1,B
2,14844,True,B,A,10,1,B
2,14845,True,A,B,6,1,B
2,14846,True,A,B,1,2,A
2,14847,True,A,B,1,1,A
2,14848,True,B,A,2,0,B
2,14849,True,B,A,3,1,B
2,14850,True,A,B,2,1,A
2,14851,True,A,B,10,1,B
2,14852,True,A,B,2,1,B
2,14853,True,A,B,2,0,B
2,14854,True,A,B,0,1,A
2,14855,True,A,B,3,1,B
2,14856,True,A,B,1,2,A
2,14857,True,B,A,1,2,A
2,14858,True,B,A,10,1,B
2,14859,True,A,B,0,1,A
2,14860,False,,,,,
2,14861,False,,,,,
2,14862,True,A,B,1,1,A
2,14863,True,A,B,3,1,A
2,14864,True,B,A,1,1,A
2,14865,True,A,B,3,1,A
2,14866,True,B,A,1,1,A
2,14867,True,A,B,3,1,A
2,14868,True,B,A,2,0,B
2,14869,True,B,A,10,1,B
2,14870,True,B,A,2,0,B
2,14871,True,B,A,10,1,B
2,14872,True,B,A,0,1,A
2,14873,True,A,B,4,1,B
2,14874,True,B,A,1,1,A
2,14875,True,B,A,6,1,B
2,14876,True,B,A,10,1,B
2,14877,False,,,,,
2,14878,True,A,B,2,0,B
2,14879,True,A,B,2,1,A
2,14880,False,,,,,
2,14881,True,A,B,1,2,A
2,14882,True,B,A,6,1,B
2,14883,True,B,A,2,0,B
2,14884,True,B,A,3,1,B
2,14885,True,A,B,4,1,A
2,14886,True,B,A,4,1,B
2,14887,True,B,A,6,1,B
2,14888,True,A,B,10,1,B
2,14889,True,A,B,1,1,A
2,14890,True,B,A,3,1,B
2,14891,True,A,B,6,1,B
2,14892,True,A,B,6,1,B
2,14893,True,B,A,1,2,A
2,14894,True,A,B,4,1,B
2,14895,True,A,B,1,2,A
2,14896,False,,,,,
2,14897,True,A,B,3,1,A
2,14898,True,B,A,1,2,A
2,14899,True,B,A,1,2,A
2,14900,True,A,B,0,1,A
2,14901,True,A,B,3,1,B
2,14902,False,,,,,
2,14903,True,A,B,2,0,B
2,14904,True,B,A,1,1,A
2,14905,True,A,B,0,1,A
2,14906,True,B,A,6,1,B
2,14907,True,B,A,6,1,B
2,14908,True,B,A,2,1,B
2,14909,True,A,B,10,1,B
2,14910,True,A,B,1,2,A
2,14911,True,A,B,2,1,B
2,14912,True,A,B,2,0,B
2,14913,True,A,B,2,1,A
2,14914,False,,,,,
2,14915,True,A,B,10,1,B
2,14916,True,A,B,2,0,B
2,14917,True,B,A,1,2,A
2,14918,True,A,B,4,1,B
2,14919,True,B,A,10,1,B
2,14920,True,A,B,1,2,A
2,14921,True,B,A,1,2,A
2,14922,True,A,B,0,1,A
2,14923,True,B,A,1,2,A
2,14924,True,B,A,1,1,A
2,14925,True,B,A,4,1,B
2,14926,True,A,B,1,1,A
2,14927,True,A,B,1,2,A
2,14928,True,B,A,2,1,B
2,14929,True,A,B,1,1,A
2,14930,True,B,A,1,1,A
2,14931,True,A,B,2,1,A
2,14932,True,B,A,10,1,B
2,14933,True,A,B,10,1,B
2,14934,True,A,B,1,2,A
2,14935,True,B,A,1,2,A
2,14936,True,B,A,6,1,B
2,14937,True,B,A,4,1,B
2,14938,True,B,A,0,1,A
2,14939,False,,,,,
2,14940,True,B,A,10,1,B
2,14941,True,A,B,1,1,A
2,14942,True,A,B,1,1,B
2,14943,True,A,B,1,1,A
2,14944,True,B,A,4,1,B
2,14945,True,A,B,2,1,A
2,14946,True,B,A,0,1,A
2,14947,True,B,A,1,1,A
2,14948,True,A,B,1,2,A
2,14949,False,,,,,
2,14950,True,B,A,10,1,B
2,14951,True,B,A,4,1,B
2,14952,True,A,B,10,1,B
2,14953,True,B,A,0,1,A
2,14954,True,B,A,2,1,B
2,14955,True,B,A,0,1,A
2,14956,True,B,A,2,1,A
2,14957,True,B,A,0,1,A
2,14958,True,B,A,10,1,B
2,14959,True,B,A,3,1,B
2,14960,True,B,A,2,1,B
2,14961,True,B,A,3,1,B
2,14962,True,A,B,1,1,A
2,14963,True,A,B,2,1,B
2,14964,True,B,A,4,1,B
2,14965,True,B,A,1,2,A
2,14966,True,B,A,1,1,A
2,14967,True,A,B,0,1,A
2,14968,True,A,B,2,0,B
2,14969,True,A,B,3,1,B
2,14970,True,B,A,1,2,A
2,14971,True,B,A,4,1,B
2,14972,True,B,A,3,1,B
2,14973,True,B,A,2,1,B
2,14974,True,A,B,10,1,B
2,14975,True,A,B,2,0,B
2,14976,True,B,A,6,1,B
2,14977,False,,,,,
2,14978,True,A,B,1,2,A
2,14979,True,B,A,1,2,A
2,14980,True,B,A,1,1,A
2,14981,True,A,B,1,1,A
2,14982,True,A,B,6,1,B
2,14983,True,A,B,2,1,A
2,14984,True,A,B,2,1,A
2,14985,True,B,A,10,1,B
2,14986,True,A,B,10,1,B
2,14987,True,A,B,6,1,B
2,14988,True,B,A,3,1,B
2,14989,True,A,B,6,1,B
2,14990,True,A,B,3,1,A
2,14991,True,A,B,10,1,B
2,14992,True,A,B,3,1,B
2,14993,True,A,B,4,1,B
2,14994,True,A,B,1,2,A
2,14995,True,B,A,0,1,A
2,14996,True,A,B,4,1,B
2,14997,True,B,A,2,0,B
2,14998,True,A,B,1,2,A
2,14999,True,A,B,10,1,B
2,15000,True,B,A,2,1,B
2,15001,True,A,B,10,1,B
2,15002,True,A,B,2,0,B
2,15003,True,A,B,1,2,A
2,15004,True,B,A,6,1,B
2,15005,False,,,,,
2,15006,True,B,A,1,1,B
2,15007,True,B,A,3,1,B
2,15008,True,A,B,2,1,B
2,15009,True,B,A,1,2,A
2,15010,True,B,A,3,1,B
2,15011,True,B,A,1,2,A
2,15012,True,A,B,2,1,B
2,15013,True,B,A,1,2,A
2,15014,True,A,B,10,1,B
2,15015,True,B,A,6,1,B
2,15016,True,A,B,2,1,A
2,15017,True,B,A,6,1,B
2,15018,True,A,B,4,1,B
2,15019,True,B,A,4,1,B
2,15020,True,A,B,0,1,A
2,15021,True,B,A,4,1,B
2,15022,True,B,A,1,1,A
2,15023,True,B,A,1,2,A
2,15024,True,B,A,2,1,B
2,15025,True,B,A,2,0,B
2,15026,True,B,A,2,0,B
2,15027,True,B,A,6,1,B
2,15028,True,A,B,2,1,A
2,15029,True,A,B,0,1,A
2,15030,True,A,B,4,1,B
2,15031,True,A,B,3,1,B
2,15032,True,B,A,1,2,A
2,15033,True,A,B,0,1,A
2,15034,True,A,B,3,1,B
2,15035,True,A,B,2,1,A
2,15036,True,A,B,4,1,B
2,15037,True,B,A,2,1,B
2,15038,True,A,B,3,1,A
2,15039,True,A,B,2,1,B
2,15040,True,A,B,3,1,B
2,15041,True,B,A,2,0,B
2,15042,True,A,B,3,1,B
2,15043,True,A,B,2,1,A
2,15044,True,B,A,0,1,A
2,15045,True,B,A,6,1,B
2,15046,True,A,B,2,1,B
2,15047,False,,,,,
2,15048,True,B,A,3,1,A
2,15049,True,A,B,2,0,B
2,15050,True,A,B,6,1,B
2,15051,True,B,A,1,1,B
2,15052,True,B,A,2,0,B
2,15053,False,,,,,
2,15054,True,A,B,3,1,B
2,15055,True,B,A,10,1,B
2,15056,True,A,B,10,1,B
2,15057,True,A,B,2,1,B
2,15058,True,A,B,0,1,A
2,15059,True,B,A,1,1,A
2,15060,True,A,B,0,1,A
2,15061,True,B,A,4,1,A
2,15062,True,A,B,2,1,B
2,15063,True,A,B,2,0,B
2,15064,True,A,B,1,2,B
2,15065,True,B,A,2,1,A
2,15066,True,B,A,10,1,B
2,15067,True,A,B,10,1,B
2,15068,False,,,,,
2,15069,True,B,A,1,1,A
2,15070,True,B,A,2,1,B
2,15071,True,B,A,3,1,A
2,15072,True,B,A,10,1,B
2,15073,True,A,B,1,1,A
2,15074,True,A,B,1,1,B
2,15075,True,B,A,6,1,B
2,15076,True,B,A,1,1,A
2,15077,True,A,B,3,1,B
2,15078,True,A,B,6,1,B
2,15079,True,B,A,1,1,A
2,15080,True,B,A,1,2,A
2,15081,True,B,A,0,1,A
2,15082,True,A,B,6,1,B
2,15083,True,A,B,1,2,A
2,15084,True,A,B,2,0,B
2,15085,True,A,B,10,1,B
2,15086,True,B,A,4,1,B
2,15087,True,A,B,1,1,B
2,15088,False,,,,,
2,15089,True,B,A,1,2,A
2,15090,True,A,B,1,2,B
2,15091,True,A,B,1,1,A
2,15092,True,A,B,3,1,B
2,15093,True,A,B,2,1,B
2,15094,True,A,B,4,1,B
2,15095,True,B,A,4,1,B
2,15096,True,B,A,6,1,B
2,15097,True,A,B,3,1,B
2,15098,True,A,B,6,1,B
2,15099,True,A,B,6,1,B
2,15100,True,A,B,1,2,A
2,15101,True,B,A,1,1,A
2,15102,True,B,A,2,1,A
2,15103,False,,,,,
2,15104,True,B,A,0,1,A
2,15105,True,A,B,1,1,A
2,15106,True,B,A,3,1,A
2,15107,True,B,A,1,2,A
2,15108,True,A,B,1,1,B
2,15109,True,B,A,2,1,A
2,15110,True,A,B,3,1,A
2,15111,True,A,B,1,2,A
2,15112,True,A,B,6,1,B
2,15113,True,B,A,3,1,A
2,15114,True,A,B,1,2,A
2,15115,True,B,A,10,1,B
2,15116,True,B,A,2,1,B
2,15117,True,A,B,3,1,A
2,15118,True,B,A,6,1,B
2,15119,True,A,B,4,1,B
2,15120,True,B,A,10,1,B
2,15121,True,A,B,2,0,B
2,15122,True,A,B,10,1,B
2,15123,True,A,B,1,1,A
2,15124,True,A,B,6,1,B
2,15125,True,A,B,1,1,A
2,15126,False,,,,,
2,15127,True,A,B,1,2,A
2,15128,True,A,B,10,1,B
2,15129,False,,,,,
2,15130,True,B,A,4,1,B
2,15131,True,B,A,1,2,A
2,15132,True,A,B,4,1,A
2,15133,True,A,B,1,2,A
2,15134,True,B,A,3,1,B
2,15135,True,B,A,2,0,B
2,15136,True,B,A,1,1,A
2,15137,True,B,A,10,1,B
2,15138,True,B,A,6,1,B
2,15139,False,,,,,
2,15140,True,B,A,2,1,B
2,15141,True,B,A,4,1,B
2,15142,False,,,,,
2,15143,True,B,A,3,1,B
2,15144,True,B,A,6,1,B
2,15145,False,,,,,
2,15146,True,B,A,1,1,B
2,15147,True,A,B,4,1,B
2,15148,True,A,B,2,1,B
2,15149,True,B,A,1,1,A
2,15150,True,A,B,4,1,B
2,15151,True,A,B,3,1,B
2,15152,True,B,A,0,1,A
2,15153,True,A,B,3,1,B
2,15154,True,B,A,4,1,B
2,15155,True,A,B,0,1,A
2,15156,True,B,A,3,1,B
2,15157,True,A,B,1,2,A
2,15158,True,A,B,3,1,A
2,15159,True,A,B,0,1,A
2,15160,True,B,A,0,1,A
2,15161,True,B,A,10,1,B
2,15162,True,A,B,2,1,B
2,15163,True,A,B,0,1,A
2,15164,True,B,A,3,1,A
2,15165,True,B,A,2,0,B
2,15166,True,A,B,4,1,B
2,15167,True,B,A,10,1,B
2,15168,True,A,B,1,1,B
2,15169,True,A,B,2,1,B
2,15170,True,A,B,0,1,A
2,15171,False,,,,,
2,15172,True,A,B,2,1,B
2,15173,True,B,A,6,1,B
2,15174,True,A,B,2,1,A
2,15175,True,A,B,4,1,A
2,15176,True,A,B,2,1,A
2,15177,True,A,B,6,1,B
2,15178,True,B,A,2,0,B
2,15179,True,B,A,1,1,A
2,15180,True,B,A,1,1,A
2,15181,True,A,B,10,1,B
2,15182,True,B,A,6,1,B
2,15183,True,B,A,1,2,A
2,15184,True,A,B,4,1,B
2,15185,True,B,A,6,1,B
2,15186,True,B,A,10,1,B
2,15187,True,B,A,1,2,B
2,15188,True,B,A,0,1,A
2,15189,True,B,A,1,2,A
2,15190,True,B,A,1,1,A
2,15191,True,A,B,4,1,B
2,15192,True,B,A,1,1,A
2,15193,True,A,B,1,1,B
2,15194,True,B,A,6,1,B
2,15195,True,A,B,2,1,B
2,15196,True,A,B,10,1,B
2,15197,True,B,A,3,1,A
2,15198,True,A,B,3,1,B
2,15199,False,,,,,
2,15200,True,B,A,1,1,A
2,15201,True,B,A,3,1,B
2,15202,True,B,A,1,2,A
2,15203,True,B,A,6,1,B
2,15204,True,A,B,1,2,A
2,15205,True,A,B,10,1,B
2,15206,True,A,B,4,1,B
2,15207,True,B,A,2,1,B
2,15208,True,A,B,2,0,B
2,15209,True,A,B,2,0,B
2,15210,True,B,A,6,1,B
2,15211,True,A,B,4,1,B
2,15212,True,B,A,2,1,B
2,15213,True,A,B,1,1,A
2,15214,True,A,B,10,1,B
2,15215,True,B,A,1,2,A
2,15216,True,A,B,0,1,A
2,15217,True,A,B,1,2,A
2,15218,True,B,A,6,1,B
2,15219,True,B,A,2,1,A
2,15220,True,A,B,4,1,B
2,15221,True,B,A,1,2,A
2,15222,True,B,A,1,1,A
2,15223,True,B,A,2,1,B
2,15224,True,A,B,2,0,B
2,15225,True,B,A,2,0,B
2,15226,True,A,B,6,1,B
2,15227,True,A,B,2,0,B
2,15228,True,B,A,6,1,B
2,15229,True,A,B,4,1,B
2,15230,True,B,A,2,1,B
2,15231,True,A,B,2,1,A
2,15232,False,,,,,
2,15233,False,,,,,
2,15234,True,A,B,4,1,B
2,15235,True,B,A,1,2,A
2,15236,True,A,B,6,1,B
2,15237,True,B,A,10,1,B
2,15238,True,B,A,3,1,B
2,15239,True,A,B,2,1,B
2,15240,True,B,A,0,1,A
2,15241,True,A,B,1,2,A
2,15242,True,B,A,6,1,B
2,15243,True,A,B,10,1,B
2,15244,True,A,B,0,1,A
2,15245,True,B,A,2,1,A
2,15246,True,B,A,3,1,A
2,15247,True,B,A,4,1,B
2,15248,False,,,,,
2,15249,False,,,,,
2,15250,True,A,B,2,0,B
2,15251,True,A,B,1,2,A
2,15252,True,A,B,0,1,A
2,15253,True,A,B,1,1,A
2,15254,True,B,A,6,1,B
2,15255,True,A,B,1,2,A
2,15256,True,A,B,2,1,A
2,15257,True,A,B,10,1,B
2,15258,True,A,B,1,1,A
2,15259,True,A,B,2,1,B
2,15260,True,A,B,1,1,A
2,15261,True,A,B,4,1,B
2,15262,True,A,B,2,1,B
2,15263,True,A,B,1,1,A
2,15264,True,A,B,1,2,A
2,15265,True,A,B,6,1,B
2,15266,True,A,B,2,1,A
2,15267,True,B,A,0,1,A
2,15268,True,A,B,4,1,B
2,15269,True,B,A,3,1,A
2,15270,True,A,B,2,1,B
2,15271,False,,,,,
2,15272,False,,,,,
2,15273,True,A,B,1,2,A
2,15274,True,B,A,2,1,A
2,15275,True,A,B,1,2,A
2,15276,True,A,B,0,1,A
2,15277,True,B,A,10,1,B
2,15278,True,A,B,0,1,A
2,15279,True,A,B,2,0,B
2,15280,True,A,B,3,1,B
2,15281,True,A,B,3,1,A
2,15282,True,B,A,1,1,A
2,15283,True,B,A,0,1,A
2,15284,False,,,,,
2,15285,True,B,A,4,1,A
2,15286,False,,,,,
2,15287,True,B,A,1,2,A
2,15288,True,B,A,2,0,B
2,15289,True,A,B,10,1,B
2,15290,True,A,B,1,2,A
2,15291,True,A,B,0,1,A
2,15292,True,A,B,0,1,A
2,15293,True,A,B,2,1,B
2,15294,True,B,A,3,1,B
2,15295,True,A,B,3,1,A
2,15296,False,,,,,
2,15297,True,A,B,3,1,B
2,15298,True,B,A,10,1,B
2,15299,True,B,A,3,1,B
2,15300,True,B,A,6,1,B
2,15301,True,A,B,0,1,A
2,15302,True,B,A,1,2,A
2,15303,True,A,B,1,1,B
2,15304,True,A,B,10,1,B
2,15305,True,A,B,0,1,A
2,15306,True,A,B,6,1,B
2,15307,True,B,A,4,1,B
2,15308,True,B,A,3,1,B
2,15309,False,,,,,
2,15310,True,A,B,1,2,A
2,15311,True,A,B,2,1,A
2,15312,True,B,A,2,1,B
2,15313,True,A,B,1,2,A
2,15314,True,B,A,1,2,A
2,15315,True,A,B,1,1,A
2,15316,True,B,A,1,1,A
2,15317,True,B,A,1,1,A
2,15318,True,A,B,1,2,A
2,15319,True,B,A,10,1,B
2,15320,True,A,B,0,1,A
2,15321,True,B,A,2,1,B
2,15322,True,B,A,2,1,A
2,15323,True,B,A,2,1,B
2,15324,True,B,A,3,1,B
2,15325,True,A,B,10,1,B
2,15326,True,A,B,6,1,B
2,15327,True,B,A,1,1,B
2,15328,True,B,A,10,1,B
2,15329,True,B,A,1,1,A
2,15330,True,A,B,10,1,B
2,15331,True,B,A,6,1,B
2,15332,True,B,A,6,1,B
2,15333,True,B,A,6,1,B
2,15334,False,,,,,
2,15335,True,B,A,2,1,B
2,15336,True,A,B,1,2,A
2,15337,False,,,,,
2,15338,True,B,A,2,1,B
2,15339,True,B,A,1,2,A
2,15340,True,B,A,1,2,B
2,15341,True,A,B,6,1,B
2,15342,True,A,B,2,1,A
2,15343,True,B,A,2,0,B
2,15344,True,B,A,6,1,B
2,15345,True,B,A,1,2,A
2,15346,True,A,B,6,1,B
2,15347,True,A,B,2,0,B
2,15348,True,B,A,10,1,B
2,15349,True,B,A,3,1,B
2,15350,True,B,A,2,0,B
2,15351,True,B,A,2,1,A
2,15352,True,B,A,4,1,B
2,15353,True,A,B,4,1,B
2,15354,True,A,B,3,1,A
2,15355,True,A,B,10,1,B
2,15356,True,B,A,3,1,B
2,15357,True,A,B,0,1,A
2,15358,False,,,,,
2,15359,True,B,A,6,1,B
2,15360,True,A,B,1,2,A
2,15361,True,B,A,3,1,A
2,15362,True,A,B,4,1,B
2,15363,True,B,A,2,1,B
2,15364,True,A,B,6,1,B
2,15365,True,B,A,2,0,B
2,15366,True,B,A,4,1,A
2,15367,True,B,A,10,1,B
2,15368,False,,,,,
2,15369,True,B,A,0,1,A
2,15370,True,B,A,6,1,B
2,15371,True,B,A,10,1,B
2,15372,True,A,B,1,2,A
2,15373,True,B,A,10,1,B
2,15374,False,,,,,
2,15375,True,A,B,3,1,B
2,15376,True,A,B,2,1,A
2,15377,True,A,B,10,1,B
2,15378,True,A,B,1,2,A
2,15379,True,A,B,0,1,A
2,15380,True,A,B,0,1,A
2,15381,True,A,B,10,1,B
2,15382,True,B,A,6,1,B
2,15383,True,B,A,6,1,B
2,15384,True,A,B,2,1,A
2,15385,True,A,B,0,1,A
2,15386,True,A,B,1,2,B
2,15387,True,A,B,2,1,B
2,15388,True,A,B,0,1,A
2,15389,True,B,A,4,1,B
2,15390,True,A,B,1,1,A
2,15391,True,B,A,6,1,B
2,15392,True,B,A,2,1,A
2,15393,True,B,A,3,1,A
2,15394,True,B,A,2,1,A
2,15395,True,A,B,4,1,B
2,15396,True,A,B,6,1,B
2,15397,True,B,A,4,1,A
2,15398,True,A,B,4,1,B
2,15399,True,B,A,1,1,B
2,15400,False,,,,,
2,15401,True,A,B,2,1,B
2,15402,True,A,B,0,1,A
2,15403,True,A,B,3,1,A
2,15404,True,A,B,4,1,B
2,15405,True,A,B,0,1,A
2,15406,True,B,A,2,1,A
2,15407,True,A,B,2,1,B
2,15408,True,A,B,2,0,B
2,15409,False,,,,,
2,15410,True,A,B,10,1,B
2,15411,False,,,,,
2,15412,True,B,A,1,2,A
2,15413,True,B,A,6,1,B
2,15414,True,B,A,4,1,B
2,15415,True,B,A,4,1,B
2,15416,True,B,A,10,1,B
2,15417,True,B,A,2,0,B
2,15418,True,A,B,2,0,B
2,15419,True,A,B,1,2,B
2,15420,True,B,A,1,1,B
2,15421,True,A,B,2,1,A
2,15422,True,B,A,6,1,B
2,15423,True,B,A,2,0,B
2,15424,True,B,A,0,1,A
2,15425,True,B,A,1,1,A
2,15426,True,A,B,4,1,B
2,15427,True,B,A,3,1,A
2,15428,True,B,A,1,1,A
2,15429,True,B,A,2,1,A
2,15430,True,A,B,4,1,B
2,15431,True,A,B,2,1,B
2,15432,True,B,A,0,1,A
2,15433,True,B,A,3,1,B
2,15434,True,A,B,2,1,B
2,15435,True,B,A,4,1,B
2,15436,True,B,A,0,1,A
2,15437,True,A,B,2,0,B
2,15438,True,A,B,2,1,B
2,15439,True,B,A,1,1,A
2,15440,True,A,B,2,0,B
2,15441,True,A,B,2,1,B
2,15442,False,,,,,
2,15443,True,B,A,6,1,B
2,15444,True,B,A,0,1,A
2,15445,True,A,B,2,0,B
2,15446,True,B,A,4,1,B
2,15447,True,B,A,1,1,A
2,15448,True,A,B,10,1,B
2,15449,True,A,B,6,1,B
2,15450,True,A,B,3,1,B
2,15451,True,B,A,0,1,A
2,15452,True,B,A,1,1,A
2,15453,True,A,B,6,1,B
2,15454,True,A,B,6,1,B
2,15455,True,B,A,1,1,A
2,15456,True,A,B,1,2,A
2,15457,True,B,A,10,1,B
2,15458,True,B,A,1,2,A
2,15459,True,B,A,4,1,B
2,15460,True,A,B,1,2,A
2,15461,True,A,B,6,1,B
2,15462,True,A,B,6,1,B
2,15463,True,A,B,2,0,B
2,15464,True,B,A,6,1,B
2,15465,True,B,A,10,1,B
2,15466,True,B,A,2,1,B
2,15467,True,B,A,2,1,A
2,15468,True,A,B,0,1,A
2,15469,True,B,A,4,1,B
2,15470,True,A,B,3,1,B
2,15471,True,B,A,4,1,B
2,15472,True,A,B,4,1,B
2,15473,True,A,B,2,1,B
2,15474,True,A,B,10,1,B
2,15475,True,A,B,1,1,B
2,15476,True,A,B,2,1,A
2,15477,True,A,B,6,1,B
2,15478,True,B,A,4,1,B
2,15479,True,B,A,2,0,B
2,15480,True,B,A,4,1,B
2,15481,True,A,B,10,1,B
2,15482,True,B,A,10,1,B
2,15483,False,,,,,
2,15484,True,A,B,1,1,A
2,15485,True,A,B,1,1,A
2,15486,True,A,B,1,1,A
2,15487,True,B,A,6,1,B
2,15488,True,B,A,10,1,B
2,15489,True,B,A,1,2,A
2,15490,True,A,B,0,1,A
2,15491,True,B,A,6,1,B
2,15492,True,B,A,2,1,B
2,15493,True,B,A,1,2,A
2,15494,True,A,B,10,1,B
2,15495,True,B,A,0,1,A
2,15496,True,B,A,3,1,B
2,15497,True,A,B,1,1,A
2,15498,True,B,A,3,1,A
2,15499,True,B,A,0,1,A
2,15500,True,B,A,10,1,B
2,15501,True,B,A,4,1,A
2,15502,True,B,A,4,1,B
2,15503,True,A,B,1,2,A
2,15504,True,B,A,2,0,B
2,15505,True,A,B,10,1,B
2,15506,True,B,A,2,1,A
2,15507,True,B,A,3,1,B
2,15508,True,A,B,3,1,A
2,15509,True,B,A,4,1,B
2,15510,True,A,B,1,2,A
2,15511,True,B,A,2,0,B
2,15512,True,B,A,4,1,B
2,15513,True,B,A,3,1,B
2,15514,True,B,A,3,1,A
2,15515,True,A,B,0,1,A
2,15516,True,A,B,0,1,A
2,15517,True,A,B,0,1,A
2,15518,True,B,A,1,1,A
2,15519,True,A,B,10,1,B
2,15520,True,B,A,6,1,B
2,15521,True,B,A,6,1,B
2,15522,True,A,B,1,1,A
2,15523,True,A,B,6,1,B
2,15524,True,B,A,2,0,B
2,15525,True,B,A,2,1,B
2,15526,True,A,B,2,1,A
2,15527,True,A,B,10,1,B
2,15528,True,A,B,4,1,B
2,15529,True,A,B,1,1,A
2,15530,True,A,B,1,1,A
2,15531,True,A,B,6,1,B
2,15532,False,,,,,
2,15533,True,B,A,2,1,A
2,15534,True,A,B,10,1,B
2,15535,True,A,B,2,0,B
2,15536,True,B,A,2,1,B
2,15537,True,A,B,4,1,B
2,15538,True,A,B,10,1,B
2,15539,True,B,A,2,1,B
2,15540,True,A,B,10,1,B
2,15541,True,A,B,1,1,A
2,15542,False,,,,,
2,15543,True,A,B,10,1,B
2,15544,True,B,A,1,2,A
2,15545,True,A,B,3,1,B
2,15546,True,B,A,6,1,B
2,15547,True,B,A,0,1,A
2,15548,True,B,A,1,1,A
2,15549,True,B,A,2,0,B
2,15550,True,B,A,6,1,B
2,15551,True,B,A,3,1,A
2,15552,True,B,A,10,1,B
2,15553,True,A,B,4,1,B
2,15554,True,A,B,1,1,A
2,15555,True,A,B,3,1,B
2,15556,True,A,B,1,2,A
2,15557,True,B,A,10,1,B
2,15558,True,B,A,1,2,B
2,15559,True,B,A,6,1,B
2,15560,True,B,A,4,1,B
2,15561,True,B,A,3,1,A
2,15562,True,B,A,10,1,B
2,15563,True,B,A,3,1,B
2,15564,True,B,A,10,1,B
2,15565,True,A,B,4,1,B
2,15566,True,A,B,2,0,B
2,15567,True,B,A,3,1,A
2,15568,True,A,B,2,0,B
2,15569,True,A,B,4,1,B
2,15570,True,B,A,10,1,B
2,15571,True,A,B,1,2,A
2,15572,True,A,B,10,1,B
2,15573,True,B,A,3,1,B
2,15574,True,B,A,1,2,A
2,15575,True,B,A,2,1,A
2,15576,True,B,A,1,2,A
2,15577,True,A,B,10,1,B
2,15578,True,B,A,4,1,B
2,15579,True,B,A,1,2,B
2,15580,False,,,,,
2,15581,True,A,B,10,1,B
2,15582,True,B,A,1,2,A
2,15583,True,B,A,4,1,B
2,15584,True,A,B,1,2,A
2,15585,True,B,A,1,1,B
2,15586,False,,,,,
2,15587,True,A,B,0,1,A
2,15588,True,A,B,1,2,A
2,15589,True,B,A,1,2,A
2,15590,True,A,B,1,2,A
2,15591,True,B,A,0,1,A
2,15592,True,A,B,3,1,B
2,15593,True,A,B,10,1,B
2,15594,True,A,B,1,1,A
2,15595,True,A,B,2,1,A
2,15596,True,B,A,10,1,B
2,15597,True,A,B,1,2,A
2,15598,True,A,B,10,1,B
2,15599,True,B,A,3,1,B
2,15600,True,A,B,3,1,B
2,15601,True,A,B,2,0,B
2,15602,True,A,B,2,0,B
2,15603,True,A,B,10,1,B
2,15604,True,A,B,2,0,B
2,15605,True,B,A,6,1,B
2,15606,True,A,B,2,1,A
2,15607,True,A,B,3,1,B
2,15608,True,A,B,0,1,A
2,15609,True,A,B,6,1,B
2,15610,True,B,A,1,1,A
2,15611,True,A,B,2,0,B
2,15612,True,B,A,2,1,A
2,15613,True,A,B,1,1,A
2,15614,True,A,B,3,1,A
2,15615,True,B,A,0,1,A
2,15616,True,B,A,4,1,B
2,15617,False,,,,,
2,15618,True,A,B,4,1,B
2,15619,True,A,B,0,1,A
2,15620,True,B,A,10,1,B
2,15621,True,A,B,6,1,B
2,15622,True,A,B,0,1,A
2,15623,True,A,B,1,1,A
2,15624,True,B,A,0,1,A
2,15625,True,B,A,6,1,B
2,15626,True,B,A,1,1,A
2,15627,True,B,A,1,1,B
2,15628,False,,,,,
2,15629,True,A,B,10,1,B
2,15630,False,,,,,
2,15631,True,A,B,0,1,A
2,15632,True,B,A,0,1,A
2,15633,True,B,A,1,2,A
2,15634,True,B,A,6,1,B
2,15635,True,B,A,10,1,B
2,15636,True,B,A,3,1,B
2,15637,True,A,B,3,1,B
2,15638,True,B,A,10,1,B
2,15639,True,B,A,2,1,A
2,15640,True,B,A,3,1,B
2,15641,True,B,A,1,1,A
2,15642,False,,,,,
2,15643,True,A,B,2,1,A
2,15644,True,B,A,2,1,A
2,15645,True,A,B,6,1,B
2,15646,True,B,A,1,1,B
2,15647,True,A,B,4,1,B
2,15648,True,A,B,2,1,A
2,15649,True,B,A,4,1,B
2,15650,True,A,B,3,1,B
2,15651,True,B,A,6,1,B
2,15652,True,A,B,1,2,A
2,15653,True,A,B,1,1,A
2,15654,True,B,A,0,1,A
2,15655,True,A,B,4,1,B
2,15656,True,A,B,1,2,A
2,15657,True,A,B,2,0,B
2,15658,True,A,B,2,0,B
2,15659,True,B,A,1,1,A
2,15660,True,B,A,2,0,B
2,15661,True,A,B,4,1,B
2,15662,True,B,A,1,2,A
2,15663,True,A,B,10,1,B
2,15664,True,B,A,4,1,B
2,15665,True,A,B,10,1,B
2,15666,True,B,A,3,1,B
2,15667,True,A,B,10,1,B
2,15668,True,B,A,0,1,A
2,15669,True,B,A,4,1,B
2,15670,True,A,B,6,1,B
2,15671,True,B,A,2,0,B
2,15672,True,B,A,1,2,A
2,15673,True,B,A,2,0,B
2,15674,True,B,A,0,1,A
2,15675,False,,,,,
2,15676,True,B,A,10,1,B
2,15677,True,A,B,2,1,B
2,15678,True,A,B,4,1,A
2,15679,True,A,B,2,1,A
2,15680,True,A,B,2,1,B
2,15681,True,B,A,3,1,B
2,15682,True,A,B,0,1,A
2,15683,True,B,A,3,1,A
2,15684,True,B,A,3,1,B
2,15685,False,,,,,
2,15686,True,A,B,3,1,B
2,15687,True,A,B,3,1,B
2,15688,True,A,B,2,1,B
2,15689,True,B,A,0,1,A
2,15690,True,A,B,10,1,B
2,15691,True,A,B,0,1,A
2,15692,True,A,B,0,1,A
2,15693,True,B,A,10,1,B
2,15694,True,A,B,10,1,B
2,15695,True,A,B,4,1,B
2,15696,True,A,B,4,1,B
2,15697,True,A,B,1,2,B
2,15698,True,A,B,3,1,B
2,15699,True,A,B,1,2,A
2,15700,True,A,B,2,0,B
2,15701,True,B,A,1,1,A
2,15702,True,A,B,1,1,A
2,15703,True,A,B,1,1,A
2,15704,True,B,A,1,1,A
2,15705,True,A,B,0,1,A
2,15706,True,B,A,1,2,B
2,15707,True,B,A,6,1,B
2,15708,True,B,A,3,1,A
2,15709,True,B,A,1,2,A
2,15710,True,A,B,0,1,A
2,15711,True,A,B,3,1,B
2,15712,True,A,B,3,1,B
2,15713,True,B,A,10,1,B
2,15714,True,B,A,1,1,A
2,15715,True,A,B,2,0,B
2,15716,True,A,B,2,1,A
2,15717,True,B,A,3,1,B
2,15718,False,,,,,
2,15719,True,A,B,3,1,B
2,15720,True,B,A,1,2,A
2,15721,True,A,B,3,1,B
2,15722,True,A,B,10,1,B
2,15723,True,B,A,6,1,B
2,15724,False,,,,,
2,15725,True,B,A,10,1,B
2,15726,True,B,A,6,1,B
2,15727,True,A,B,2,0,B
2,15728,True,B,A,1,1,A
2,15729,True,A,B,1,1,B
2,15730,True,A,B,1,2,A
2,15731,True,B,A,2,1,A
2,15732,True,A,B,6,1,B
2,15733,True,A,B,1,2,A
2,15734,True,B,A,2,1,A
2,15735,True,B,A,6,1,B
2,15736,True,B,A,1,1,A
2,15737,True,B,A,6,1,B
2,15738,True,B,A,2,1,B
2,15739,True,A,B,6,1,B
2,15740,True,A,B,1,2,B
2,15741,True,B,A,6,1,B
2,15742,True,B,A,1,2,A
2,15743,True,B,A,1,1,B
2,15744,True,A,B,1,2,A
2,15745,False,,,,,
2,15746,True,A,B,1,1,B
2,15747,True,B,A,3,1,A
2,15748,False,,,,,
2,15749,True,A,B,2,0,B
2,15750,True,B,A,4,1,B
2,15751,True,B,A,1,1,A
2,15752,True,A,B,4,1,B
2,15753,True,A,B,1,1,A
2,15754,True,A,B,3,1,B
2,15755,True,A,B,1,1,A
2,15756,True,A,B,1,1,A
2,15757,False,,,,,
2,15758,True,B,A,0,1,A
2,15759,True,B,A,4,1,B
2,15760,True,A,B,2,0,B
2,15761,True,B,A,1,1,A
2,15762,True,B,A,6,1,B
2,15763,True,A,B,2,0,B
2,15764,True,A,B,6,1,B
2,15765,True,A,B,4,1,B
2,15766,True,B,A,0,1,A
2,15767,True,B,A,1,2,A
2,15768,True,A,B,0,1,A
2,15769,True,B,A,3,1,B
2,15770,True,A,B,10,1,B
2,15771,True,B,A,6,1,B
2,15772,False,,,,,
2,15773,False,,,,,
2,15774,True,B,A,3,1,B
2,15775,True,B,A,2,1,A
2,15776,True,A,B,2,1,A
2,15777,True,B,A,1,1,A
2,15778,True,B,A,3,1,A
2,15779,True,B,A,4,1,B
2,15780,True,B,A,2,0,B
2,15781,True,B,A,3,1,A
2,15782,True,A,B,1,1,A
2,15783,True,B,A,3,1,B
2,15784,True,B,A,1,1,A
2,15785,True,A,B,2,1,A
2,15786,True,B,A,2,0,B
2,15787,True,A,B,1,2,A
2,15788,False,,,,,
2,15789,True,B,A,1,1,B
2,15790,True,B,A,1,1,B
2,15791,True,A,B,3,1,B
2,15792,True,A,B,4,1,B
2,15793,True,B,A,10,1,B
2,15794,True,A,B,4,1,B
2,15795,True,B,A,1,1,A
2,15796,True,A,B,4,1,B
2,15797,True,A,B,4,1,B
2,15798,True,B,A,6,1,B
2,15799,True,B,A,2,1,B
2,15800,True,B,A,2,1,A
2,15801,True,B,A,4,1,A
2,15802,False,,,,,
2,15803,True,A,B,4,1,B
2,15804,True,A,B,6,1,B
2,15805,True,B,A,3,1,B
2,15806,True,B,A,3,1,B
2,15807,True,A,B,1,1,A
2,15808,True,B,A,4,1,B
2,15809,True,A,B,4,1,B
2,15810,True,B,A,2,1,A
2,15811,True,B,A,0,1,A
2,15812,False,,,,,
2,15813,True,A,B,2,1,A
2,15814,True,A,B,6,1,B
2,15815,True,A,B,1,1,A
2,15816,True,A,B,4,1,B
2,15817,True,A,B,6,1,B
2,15818,True,B,A,10,1,B
2,15819,True,A,B,10,1,B
2,15820,True,A,B,0,1,A
2,15821,True,B,A,3,1,B
2,15822,True,B,A,0,1,A
2,15823,True,A,B,6,1,B
2,15824,True,B,A,1,2,A
2,15825,True,B,A,1,1,A
2,15826,True,A,B,0,1,A
2,15827,True,A,B,1,1,A
2,15828,True,A,B,1,1,A
2,15829,True,B,A,4,1,B
2,15830,True,A,B,3,1,B
2,15831,False,,,,,
2,15832,True,B,A,1,2,A
2,15833,True,A,B,3,1,B
2,15834,True,A,B,1,1,B
2,15835,False,,,,,
2,15836,True,B,A,2,1,B
2,15837,True,A,B,1,1,A
2,15838,True,B,A,4,1,B
2,15839,True,B,A,0,1,A
2,15840,True,A,B,4,1,B
2,15841,True,B,A,0,1,A
2,15842,True,B,A,1,2,A
2,15843,True,B,A,10,1,B
2,15844,True,A,B,1,1,A
2,15845,True,B,A,3,1,B
2,15846,True,B,A,1,1,A
2,15847,True,B,A,1,2,B
2,15848,True,B,A,4,1,B
2,15849,True,A,B,1,2,A
2,15850,False,,,,,
2,15851,True,A,B,0,1,A
2,15852,True,B,A,1,1,A
2,15853,True,A,B,2,1,B
2,15854,False,,,,,
2,15855,True,B,A,0,1,A
2,15856,True,B,A,2,0,B
2,15857,True,A,B,2,1,A
2,15858,True,A,B,3,1,B
2,15859,True,B,A,0,1,A
2,15860,True,B,A,1,1,A
2,15861,True,A,B,2,1,A
2,15862,True,A,B,1,2,A
2,15863,True,B,A,1,1,A
2,15864,True,A,B,3,1,B
2,15865,False,,,,,
2,15866,True,B,A,0,1,A
2,15867,True,A,B,4,1,B
2,15868,True,B,A,6,1,B
2,15869,True,B,A,1,2,A
2,15870,True,A,B,2,1,B
2,15871,True,B,A,1,1,A
2,15872,True,B,A,10,1,B
2,15873,True,B,A,6,1,B
2,15874,True,A,B,10,1,B
2,15875,True,B,A,3,1,B
2,15876,True,A,B,0,1,A
2,15877,True,B,A,6,1,B
2,15878,True,A,B,2,1,A
2,15879,True,B,A,1,1,A
2,15880,True,A,B,1,2,A
2,15881,True,A,B,2,0,B
2,15882,True,B,A,0,1,A
2,15883,True,A,B,10,1,B
2,15884,True,A,B,3,1,B
2,15885,True,B,A,1,2,A
2,15886,False,,,,,
2,15887,True,A,B,2,0,B
2,15888,True,B,A,2,1,B
2,15889,True,A,B,10,1,B
2,15890,True,B,A,1,1,A
2,15891,True,B,A,0,1,A
2,15892,True,B,A,1,2,A
2,15893,True,A,B,1,2,B
2,15894,True,B,A,1,1,A
2,15895,True,B,A,10,1,B
2,15896,True,A,B,3,1,B
2,15897,True,A,B,2,1,B
2,15898,True,A,B,3,1,A
2,15899,True,A,B,1,2,A
2,15900,True,A,B,2,0,B
2,15901,True,A,B,2,1,B
2,15902,True,B,A,1,2,A
2,15903,True,B,A,2,0,B
2,15904,True,B,A,2,1,A
2,15905,True,A,B,0,1,A
2,15906,True,B,A,0,1,A
2,15907,True,B,A,1,2,A
2,15908,True,A,B,10,1,B
2,15909,True,B,A,3,1,B
2,15910,True,B,A,3,1,A
2,15911,True,B,A,2,0,B
2,15912,True,B,A,2,0,B
2,15913,True,A,B,4,1,A
2,15914,True,B,A,6,1,B
2,15915,True,A,B,0,1,A
2,15916,True,A,B,0,1,A
2,15917,True,A,B,1,1,A
2,15918,True,B,A,10,1,B
2,15919,True,B,A,2,1,B
2,15920,True,A,B,2,1,B
2,15921,True,A,B,0,1,A
2,15922,True,B,A,2,1,A
2,15923,True,B,A,1,2,A
2,15924,True,B,A,4,1,A
2,15925,True,A,B,3,1,B
2,15926,True,A,B,2,1,A
2,15927,True,A,B,0,1,A
2,15928,True,B,A,3,1,A
2,15929,True,B,A,1,1,A
2,15930,True,A,B,3,1,B
2,15931,True,A,B,2,0,B
2,15932,True,B,A,4,1,B
2,15933,True,A,B,10,1,B
2,15934,True,A,B,6,1,B
2,15935,True,B,A,3,1,A
2,15936,True,B,A,10,1,B
2,15937,True,A,B,1,2,A
2,15938,True,B,A,10,1,B
2,15939,True,B,A,3,1,A
2,15940,True,A,B,3,1,B
2,15941,True,A,B,6,1,B
2,15942,True,A,B,1,2,A
2,15943,True,B,A,2,0,B
2,15944,True,B,A,2,1,A
2,15945,True,B,A,2,0,B
2,15946,True,B,A,2,0,B
2,15947,True,B,A,2,1,A
2,15948,True,B,A,10,1,B
2,15949,True,A,B,1,1,B
2,15950,True,A,B,2,0,B
2,15951,True,A,B,4,1,B
2,15952,True,B,A,1,1,A
2,15953,True,A,B,2,0,B
2,15954,True,A,B,1,1,A
2,15955,True,B,A,0,1,A
2,15956,True,A,B,1,1,B
2,15957,True,A,B,4,1,B
2,15958,True,A,B,4,1,A
2,15959,True,B,A,4,1,B
2,15960,True,B,A,1,2,A
2,15961,True,A,B,2,1,B
2,15962,True,B,A,1,2,A
2,15963,True,B,A,2,1,A
2,15964,True,B,A,0,1,A
2,15965,False,,,,,
2,15966,True,B,A,1,2,A
2,15967,True,B,A,0,1,A
2,15968,False,,,,,
2,15969,True,A,B,3,1,B
2,15970,True,A,B,3,1,A
2,15971,True,A,B,6,1,B
2,15972,True,B,A,6,1,B
2,15973,True,A,B,4,1,B
2,15974,True,A,B,1,2,A
2,15975,True,A,B,1,2,A
2,15976,True,B,A,2,1,A
2,15977,True,A,B,1,1,A
2,15978,True,B,A,4,1,B
2,15979,True,B,A,2,0,B
2,15980,True,B,A,4,1,B
2,15981,True,B,A,0,1,A
2,15982,False,,,,,
2,15983,True,A,B,1,2,A
2,15984,True,B,A,10,1,B
2,15985,True,B,A,0,1,A
2,15986,True,A,B,0,1,A
2,15987,True,B,A,1,1,A
2,15988,True,B,A,1,1,A
2,15989,True,B,A,0,1,A
2,15990,True,B,A,2,1,A
2,15991,True,A,B,1,1,B
2,15992,True,A,B,4,1,A
2,15993,True,A,B,1,2,A
2,15994,True,B,A,6,1,B
2,15995,False,,,,,
2,15996,True,B,A,3,1,B
2,15997,True,B,A,10,1,B
2,15998,True,A,B,2,1,A
2,15999,True,B,A,4,1,B
2,16000,True,B,A,4,1,A
2,16001,True,B,A,1,2,A
2,16002,True,A,B,0,1,A
2,16003,True,A,B,0,1,A
2,16004,True,B,A,6,1,B
2,16005,False,,,,,
2,16006,True,B,A,10,1,B
2,16007,True,B,A,4,1,B
2,16008,True,B,A,2,0,B
2,16009,True,B,A,10,1,B
2,16010,True,A,B,10,1,B
2,16011,True,A,B,1,2,A
2,16012,True,B,A,3,1,B
2,16013,True,A,B,6,1,B
2,16014,True,B,A,1,2,A
2,16015,True,B,A,6,1,B
2,16016,True,B,A,3,1,B
2,16017,True,B,A,3,1,B
2,16018,True,A,B,4,1,A
2,16019,True,B,A,4,1,B
2,16020,True,A,B,1,1,A
2,16021,True,B,A,4,1,B
2,16022,True,A,B,4,1,B
2,16023,True,B,A,3,1,B
2,16024,True,B,A,1,2,A
2,16025,False,,,,,
2,16026,True,B,A,10,1,B
2,16027,True,B,A,6,1,B
2,16028,False,,,,,
2,16029,True,A,B,2,1,A
2,16030,True,A,B,2,0,B
2,16031,True,A,B,4,1,A
2,16032,True,A,B,0,1,A
2,16033,True,A,B,3,1,A
2,16034,True,A,B,1,1,A
2,16035,True,B,A,0,1,A
2,16036,True,A,B,3,1,B
2,16037,True,A,B,2,1,A
2,16038,True,A,B,2,0,B
2,16039,True,B,A,1,2,A
2,16040,True,A,B,3,1,B
2,16041,True,A,B,10,1,B
2,16042,True,A,B,10,1,B
2,16043,True,B,A,1,2,A
2,16044,True,A,B,1,2,A
2,16045,True,A,B,0,1,A
2,16046,True,B,A,1,2,A
2,16047,True,B,A,10,1,B
2,16048,True,A,B,4,1,B
2,16049,True,B,A,10,1,B
2,16050,True,B,A,1,2,A
2,16051,True,A,B,0,1,A
2,16052,True,A,B,10,1,B
2,16053,True,B,A,2,1,A
2,16054,True,B,A,10,1,B
2,16055,True,B,A,0,1,A
2,16056,True,B,A,3,1,B
2,16057,True,A,B,3,1,B
2,16058,True,A,B,2,0,B
2,16059,True,A,B,3,1,B
2,16060,True,A,B,3,1,B
2,16061,True,A,B,2,0,B
2,16062,True,A,B,6,1,A
2,16063,True,B,A,1,1,A
2,16064,True,A,B,4,1,B
2,16065,True,A,B,10,1,B
2,16066,True,B,A,1,1,A
2,16067,True,B,A,6,1,B
2,16068,True,B,A,0,1,A
2,16069,True,B,A,1,2,A
2,16070,True,A,B,6,1,B
2,16071,True,B,A,0,1,A
2,16072,True,B,A,2,0,B
2,16073,True,A,B,2,1,A
2,16074,True,A,B,3,1,B
2,16075,True,A,B,0,1,A
2,16076,False,,,,,
2,16077,True,B,A,6,1,B
2,16078,True,B,A,1,2,A
2,16079,True,A,B,4,1,B
2,16080,True,A,B,4,1,B
2,16081,True,A,B,3,1,B
2,16082,True,A,B,2,0,B
2,16083,True,A,B,2,1,B
2,16084,True,A,B,1,1,A
2,16085,True,B,A,6,1,B
2,16086,True,A,B,0,1,A
2,16087,True,B,A,2,0,B
2,16088,True,B,A,1,1,A
2,16089,True,B,A,2,1,A
2,16090,True,A,B,1,1,A
2,16091,True,B,A,6,1,B
2,16092,True,B,A,2,1,A
2,16093,True,B,A,6,1,B
2,16094,True,B,A,6,1,B
2,16095,True,B,A,1,2,A
2,16096,True,B,A,2,1,A
2,16097,True,A,B,0,1,A
2,16098,True,B,A,3,1,A
2,16099,True,B,A,6,1,B
2,16100,True,A,B,2,1,B
2,16101,True,A,B,2,1,A
2,16102,True,A,B,10,1,B
2,16103,True,B,A,1,1,A
2,16104,True,A,B,6,1,B
2,16105,True,B,A,2,0,B
2,16106,True,A,B,6,1,B
2,16107,True,B,A,0,1,A
2,16108,True,B,A,4,1,A
2,16109,True,A,B,6,1,B
2,16110,True,A,B,1,1,A
2,16111,True,B,A,0,1,A
2,16112,True,B,A,6,1,B
2,16113,True,B,A,4,1,B
2,16114,True,A,B,1,2,A
2,16115,True,B,A,1,2,A
2,16116,False,,,,,
2,16117,True,A,B,3,1,B
2,16118,True,A,B,2,1,B
2,16119,True,A,B,1,1,A
2,16120,True,B,A,6,1,B
2,16121,False,,,,,
2,16122,True,B,A,1,2,A
2,16123,True,B,A,4,1,B
2,16124,True,A,B,1,1,A
2,16125,True,A,B,2,1,A
2,16126,True,B,A,10,1,B
2,16127,True,B,A,4,1,A
2,16128,True,A,B,2,0,B
2,16129,True,A,B,1,1,A
2,16130,True,A,B,3,1,B
2,16131,True,B,A,2,1,A
2,16132,True,A,B,10,1,B
2,16133,True,A,B,1,1,A
2,16134,True,B,A,1,1,A
2,16135,True,B,A,10,1,B
2,16136,True,B,A,1,1,A
2,16137,True,A,B,3,1,B
2,16138,True,B,A,3,1,A
2,16139,True,A,B,1,2,A
2,16140,True,B,A,1,1,A
2,16141,True,A,B,3,1,B
2,16142,True,B,A,3,1,B
2,16143,True,B,A,4,1,B
2,16144,True,B,A,6,1,B
2,16145,True,B,A,0,1,A
2,16146,True,A,B,3,1,B
2,16147,True,A,B,6,1,B
2,16148,True,B,A,1,1,B
2,16149,True,B,A,1,2,A
2,16150,True,B,A,10,1,B
2,16151,True,B,A,1,2,A
2,16152,True,B,A,1,2,A
2,16153,True,A,B,6,1,B
2,16154,True,B,A,3,1,B
2,16155,False,,,,,
2,16156,True,B,A,0,1,A
2,16157,True,B,A,1,1,A
2,16158,True,B,A,10,1,B
2,16159,True,A,B,3,1,A
2,16160,True,B,A,1,1,A
2,16161,True,B,A,3,1,B
2,16162,True,B,A,2,1,B
2,16163,True,A,B,2,1,A
2,16164,True,A,B,6,1,B
2,16165,True,A,B,10,1,B
2,16166,True,A,B,6,1,B
2,16167,True,B,A,2,1,B
2,16168,True,B,A,1,1,A
2,16169,False,,,,,
2,16170,True,B,A,10,1,B
2,16171,True,B,A,1,1,A
2,16172,True,B,A,3,1,A
2,16173,True,B,A,6,1,B
2,16174,True,B,A,6,1,B
2,16175,True,B,A,1,1,A
2,16176,True,B,A,0,1,A
2,16177,True,B,A,1,2,A
2,16178,True,B,A,2,1,A
2,16179,True,B,A,0,1,A
2,16180,True,A,B,3,1,B
2,16181,True,A,B,4,1,B
2,16182,True,A,B,6,1,B
2,16183,True,B,A,1,1,A
2,16184,True,A,B,10,1,B
2,16185,True,A,B,10,1,B
2,16186,True,A,B,1,2,A
2,16187,True,A,B,4,1,B
2,16188,True,B,A,4,1,B
2,16189,True,B,A,6,1,B
2,16190,True,B,A,1,1,A
2,16191,True,A,B,6,1,B
2,16192,True,B,A,1,2,A
2,16193,True,B,A,4,1,A
2,16194,True,A,B,4,1,B
2,16195,True,B,A,1,2,A
2,16196,True,B,A,4,1,B
2,16197,True,A,B,1,2,A
2,16198,True,B,A,2,0,B
2,16199,True,A,B,6,1,B
2,16200,False,,,,,
2,16201,True,B,A,4,1,B
2,16202,True,A,B,1,2,B
2,16203,True,A,B,4,1,B
2,16204,True,B,A,1,2,A
2,16205,True,A,B,0,1,A
2,16206,True,B,A,1,1,A
2,16207,True,B,A,2,0,B
2,16208,False,,,,,
2,16209,True,A,B,6,1,B
2,16210,True,A,B,1,2,A
2,16211,True,B,A,1,1,A
2,16212,True,A,B,1,2,A
2,16213,True,B,A,1,1,A
2,16214,True,A,B,2,0,B
2,16215,True,A,B,1,2,A
2,16216,True,A,B,3,1,B
2,16217,True,B,A,10,1,B
2,16218,True,B,A,10,1,B
2,16219,True,A,B,10,1,B
2,16220,True,B,A,4,1,A
2,16221,True,A,B,10,1,B
2,16222,True,B,A,2,1,A
2,16223,True,B,A,4,1,B
2,16224,True,A,B,6,1,B
2,16225,True,B,A,3,1,B
2,16226,True,B,A,4,1,B
2,16227,True,B,A,2,1,A
2,16228,True,B,A,2,1,A
2,16229,True,B,A,4,1,B
2,16230,True,A,B,1,1,B
2,16231,True,A,B,1,1,A
2,16232,True,B,A,1,1,B
2,16233,True,B,A,2,0,B
2,16234,True,A,B,4,1,B
2,16235,True,A,B,3,1,B
2,16236,False,,,,,
2,16237,True,B,A,4,1,B
2,16238,True,B,A,10,1,B
2,16239,True,B,A,3,1,B
2,16240,True,B,A,2,0,B
2,16241,True,B,A,1,2,B
2,16242,False,,,,,
2,16243,True,A,B,10,1,B
2,16244,True,A,B,4,1,B
2,16245,True,B,A,2,0,B
2,16246,True,A,B,4,1,B
2,16247,True,A,B,10,1,B
2,16248,True,A,B,1,2,A
2,16249,True,B,A,1,1,A
2,16250,True,A,B,1,1,A
2,16251,True,A,B,1,1,A
2,16252,True,B,A,0,1,A
2,16253,True,A,B,0,1,A
2,16254,True,A,B,1,1,A
2,16255,True,A,B,2,0,B
2,16256,True,A,B,3,1,B
2,16257,True,B,A,1,1,B
2,16258,True,B,A,2,1,B
2,16259,True,B,A,10,1,B
2,16260,True,A,B,10,1,B
2,16261,True,B,A,2,1,A
2,16262,True,A,B,1,1,B
2,16263,True,B,A,2,0,B
2,16264,True,A,B,1,2,A
2,16265,True,B,A,4,1,B
2,16266,True,B,A,1,2,A
2,16267,True,A,B,1,1,B
2,16268,True,A,B,4,1,B
2,16269,True,A,B,1,1,B
2,16270,True,B,A,1,2,A
2,16271,True,B,A,6,1,B
2,16272,True,A,B,1,1,A
2,16273,True,B,A,1,2,A
2,16274,True,B,A,2,1,B
2,16275,True,A,B,6,1,B
2,16276,True,B,A,2,1,B
2,16277,True,A,B,1,1,A
2,16278,True,B,A,2,0,B
2,16279,True,A,B,2,1,A
2,16280,False,,,,,
2,16281,True,B,A,1,1,B
2,16282,True,A,B,2,0,B
2,16283,True,B,A,10,1,B
2,16284,True,A,B,2,0,B
2,16285,True,B,A,6,1,B
2,16286,True,B,A,2,0,B
2,16287,True,B,A,1,1,A
2,16288,True,A,B,3,1,A
2,16289,True,B,A,3,1,B
2,16290,True,A,B,4,1,B
2,16291,True,B,A,2,0,B
2,16292,False,,,,,
2,16293,True,B,A,1,2,A
2,16294,True,A,B,2,1,B
2,16295,True,A,B,0,1,A
2,16296,True,A,B,0,1,A
2,16297,True,B,A,3,1,B
2,16298,True,B,A,0,1,A
2,16299,True,A,B,0,1,A
2,16300,True,B,A,1,1,B
2,16301,True,B,A,0,1,A
2,16302,True,B,A,10,1,B
2,16303,True,A,B,3,1,B
2,16304,True,B,A,1,1,A
2,16305,True,B,A,4,1,B
2,16306,True,A,B,3,1,B
2,16307,True,A,B,4,1,B
2,16308,True,A,B,10,1,B
2,16309,True,A,B,3,1,B
2,16310,True,B,A,10,1,B
2,16311,True,A,B,2,1,A
2,16312,True,B,A,1,1,A
2,16313,True,B,A,10,1,B
2,16314,True,A,B,10,1,B
2,16315,True,B,A,3,1,A
2,16316,False,,,,,
2,16317,True,B,A,1,1,B
2,16318,True,B,A,3,1,B
2,16319,True,A,B,6,1,B
2,16320,True,A,B,2,1,B
2,16321,True,A,B,1,2,A
2,16322,True,A,B,1,1,A
2,16323,True,B,A,6,1,B
2,16324,True,A,B,2,1,B
2,16325,True,A,B,10,1,B
2,16326,True,B,A,2,0,B
2,16327,True,A,B,3,1,B
2,16328,True,A,B,1,2,A
2,16329,False,,,,,
2,16330,True,A,B,1,1,A
2,16331,True,B,A,10,1,B
2,16332,True,A,B,4,1,B
2,16333,True,A,B,2,0,B
2,16334,True,B,A,0,1,A
2,16335,True,B,A,4,1,B
2,16336,True,B,A,1,1,A
2,16337,True,B,A,1,1,A
2,16338,True,B,A,4,1,B
2,16339,True,A,B,1,1,A
2,16340,True,B,A,10,1,B
2,16341,True,B,A,6,1,B
2,16342,True,A,B,3,1,B
2,16343,True,B,A,6,1,B
2,16344,True,B,A,1,1,A
2,16345,True,B,A,1,2,A
2,16346,True,A,B,0,1,A
2,16347,True,A,B,2,0,B
2,16348,True,A,B,3,1,B
2,16349,True,B,A,2,1,A
2,16350,True,A,B,0,1,A
2,16351,True,B,A,0,1,A
2,16352,True,B,A,1,2,A
2,16353,True,B,A,1,1,A
2,16354,False,,,,,
2,16355,True,A,B,1,1,A
2,16356,True,A,B,1,2,B
2,16357,True,A,B,1,2,A
2,16358,True,A,B,2,0,B
2,16359,True,A,B,10,1,B
2,16360,True,A,B,4,1,A
2,16361,True,A,B,0,1,A
2,16362,True,A,B,4,1,B
2,16363,True,B,A,1,1,B
2,16364,True,A,B,10,1,B
2,16365,True,A,B,3,1,A
2,16366,True,A,B,4,1,B
2,16367,True,B,A,2,1,B
2,16368,True,A,B,0,1,A
2,16369,True,B,A,1,1,A
2,16370,True,B,A,0,1,A
2,16371,False,,,,,
2,16372,True,B,A,4,1,B
2,16373,True,B,A,4,1,B
2,16374,True,B,A,3,1,A
2,16375,True,A,B,3,1,B
2,16376,True,B,A,6,1,B
2,16377,True,A,B,4,1,A
2,16378,True,A,B,10,1,B
2,16379,True,A,B,10,1,B
2,16380,True,B,A,1,2,A
2,16381,True,B,A,3,1,B
2,16382,True,B,A,2,1,B
2,16383,True,B,A,10,1,B
2,16384,True,A,B,10,1,B
2,16385,True,A,B,6,1,B
2,16386,True,B,A,3,1,A
2,16387,True,A,B,0,1,A
2,16388,True,A,B,6,1,B
2,16389,True,B,A,2,1,B
2,16390,True,B,A,4,1,B
2,16391,True,B,A,6,1,B
2,16392,True,B,A,2,0,B
2,16393,True,A,B,3,1,B
2,16394,True,A,B,3,1,B
2,16395,True,A,B,1,2,A
2,16396,True,A,B,1,1,A
2,16397,True,B,A,1,2,A
2,16398,True,B,A,3,1,A
2,16399,True,B,A,4,1,B
2,16400,True,A,B,1,2,A
2,16401,True,A,B,1,1,A
2,16402,True,B,A,1,2,A
2,16403,True,A,B,2,1,A
2,16404,True,B,A,0,1,A
2,16405,True,A,B,2,1,A
2,16406,True,B,A,1,1,A
2,16407,True,A,B,1,1,A
2,16408,True,A,B,2,1,A
2,16409,True,A,B,2,1,A
2,16410,True,B,A,3,1,B
2,16411,True,B,A,4,1,B
2,16412,True,A,B,4,1,B
2,16413,True,A,B,2,1,B
2,16414,True,A,B,3,1,B
2,16415,True,A,B,1,2,A
2,16416,True,B,A,1,2,A
2,16417,True,A,B,1,1,A
2,16418,True,B,A,3,1,A
2,16419,True,B,A,0,1,A
2,16420,True,A,B,2,1,B
2,16421,True,B,A,0,1,A
2,16422,False,,,,,
2,16423,True,B,A,1,1,A
2,16424,True,A,B,1,1,A
2,16425,True,B,A,1,1,A
2,16426,True,B,A,10,1,B
2,16427,True,A,B,4,1,B
2,16428,True,A,B,0,1,A
2,16429,True,A,B,1,1,A
2,16430,True,B,A,6,1,B
2,16431,True,A,B,4,1,B
2,16432,True,B,A,4,1,B
2,16433,True,A,B,0,1,A
2,16434,True,B,A,1,1,A
2,16435,True,B,A,3,1,A
2,16436,True,B,A,2,0,B
2,16437,True,A,B,1,1,A
2,16438,True,B,A,1,1,A
2,16439,True,A,B,10,1,B
2,16440,False,,,,,
2,16441,True,A,B,2,1,B
2,16442,True,B,A,10,1,B
2,16443,True,B,A,2,1,B
2,16444,True,A,B,2,1,A
2,16445,True,B,A,6,1,B
2,16446,True,B,A,0,1,A
2,16447,True,A,B,0,1,A
2,16448,True,A,B,3,1,B
2,16449,True,B,A,1,2,A
2,16450,True,B,A,2,1,B
2,16451,True,B,A,1,2,A
2,16452,True,B,A,1,1,B
2,16453,True,A,B,0,1,A
2,16454,False,,,,,
2,16455,True,B,A,4,1,B
2,16456,True,A,B,10,1,B
2,16457,True,B,A,4,1,B
2,16458,True,A,B,10,1,B
2,16459,True,A,B,1,1,A
2,16460,True,A,B,0,1,A
2,16461,False,,,,,
2,16462,True,B,A,2,1,A
2,16463,True,A,B,0,1,A
2,16464,True,B,A,2,0,B
2,16465,True,A,B,2,0,B
2,16466,True,B,A,4,1,B
2,16467,True,A,B,0,1,A
2,16468,False,,,,,
2,16469,True,B,A,1,2,A
2,16470,False,,,,,
2,16471,True,B,A,4,1,B
2,16472,True,A,B,2,1,B
2,16473,True,B,A,10,1,B
2,16474,True,A,B,1,1,B
2,16475,True,B,A,10,1,B
2,16476,True,B,A,1,2,A
2,16477,True,B,A,0,1,A
2,16478,True,A,B,1,2,A
2,16479,True,B,A,0,1,A
2,16480,True,B,A,1,1,B
2,16481,False,,,,,
2,16482,True,B,A,1,2,A
2,16483,True,A,B,6,1,B
2,16484,True,B,A,3,1,B
2,16485,True,A,B,4,1,A
2,16486,True,A,B,6,1,B
2,16487,True,B,A,1,1,A
2,16488,True,A,B,4,1,B
2,16489,True,A,B,10,1,B
2,16490,True,B,A,1,2,A
2,16491,True,B,A,6,1,B
2,16492,True,A,B,2,1,B
2,16493,True,A,B,10,1,B
2,16494,True,A,B,4,1,B
2,16495,True,B,A,10,1,B
2,16496,True,B,A,2,1,B
2,16497,True,A,B,1,1,A
2,16498,True,B,A,0,1,A
2,16499,True,A,B,2,1,A
2,16500,True,A,B,1,2,A
2,16501,True,A,B,0,1,A
2,16502,True,B,A,4,1,B
2,16503,True,B,A,2,1,B
2,16504,True,A,B,2,1,A
2,16505,True,B,A,4,1,B
2,16506,True,B,A,4,1,B
2,16507,True,A,B,2,0,B
2,16508,True,A,B,1,2,A
2,16509,True,B,A,6,1,B
2,16510,True,A,B,2,1,B
2,16511,True,B,A,1,2,A
2,16512,True,B,A,6,1,B
2,16513,True,A,B,2,1,B
2,16514,True,A,B,3,1,B
2,16515,True,A,B,1,1,A
2,16516,True,A,B,1,1,B
2,16517,True,A,B,1,2,A
2,16518,True,A,B,3,1,B
2,16519,True,A,B,3,1,B
2,16520,True,B,A,3,1,B
2,16521,True,A,B,6,1,B
2,16522,True,B,A,0,1,A
2,16523,True,B,A,6,1,B
2,16524,True,A,B,0,1,A
2,16525,True,A,B,1,1,A
2,16526,True,A,B,3,1,B
2,16527,False,,,,,
2,16528,False,,,,,
2,16529,True,B,A,1,1,B
2,16530,True,B,A,10,1,B
2,16531,True,B,A,10,1,B
2,16532,True,A,B,3,1,B
2,16533,True,A,B,4,1,A
2,16534,True,B,A,0,1,A
2,16535,True,B,A,6,1,B
2,16536,True,A,B,6,1,B
2,16537,True,B,A,1,1,A
2,16538,False,,,,,
2,16539,True,B,A,1,2,A
2,16540,True,A,B,0,1,A
2,16541,True,A,B,1,2,A
2,16542,True,A,B,1,2,B
2,16543,True,A,B,1,1,A
2,16544,True,B,A,3,1,B
2,16545,True,A,B,3,1,B
2,16546,True,A,B,1,1,A
2,16547,True,B,A,4,1,B
2,16548,True,A,B,10,1,B
2,16549,True,B,A,1,1,B
2,16550,False,,,,,
2,16551,True,A,B,4,1,B
2,16552,True,B,A,10,1,B
2,16553,True,B,A,10,1,B
2,16554,True,A,B,1,2,A
2,16555,True,A,B,2,1,A
2,16556,True,B,A,3,1,A
2,16557,True,B,A,0,1,A
2,16558,True,A,B,1,1,A
2,16559,True,B,A,3,1,B
2,16560,True,A,B,2,1,B
2,16561,True,A,B,3,1,B
2,16562,True,B,A,6,1,B
2,16563,True,B,A,10,1,B
2,16564,True,B,A,1,1,A
2,16565,True,B,A,2,1,A
2,16566,False,,,,,
2,16567,True,B,A,3,1,B
2,16568,True,B,A,0,1,A
2,16569,True,A,B,6,1,B
2,16570,True,B,A,2,1,B
2,16571,True,A,B,3,1,B
2,16572,True,A,B,2,0,B
2,16573,True,B,A,0,1,A
2,16574,True,A,B,10,1,B
2,16575,True,A,B,1,1,A
2,16576,True,A,B,0,1,A
2,16577,True,B,A,3,1,A
2,16578,False,,,,,
2,16579,True,A,B,2,1,B
2,16580,True,B,A,1,2,A
2,16581,True,B,A,6,1,B
2,16582,True,A,B,2,1,B
2,16583,True,A,B,1,2,B
2,16584,True,B,A,10,1,B
2,16585,True,A,B,2,0,B
2,16586,True,A,B,2,0,B
2,16587,True,A,B,1,2,B
2,16588,False,,,,,
2,16589,True,A,B,10,1,B
2,16590,True,B,A,3,1,A
2,16591,True,B,A,3,1,B
2,16592,True,B,A,3,1,A
2,16593,True,A,B,6,1,B
2,16594,True,B,A,10,1,B
2,16595,True,B,A,2,1,A
2,16596,True,B,A,4,1,B
2,16597,True,A,B,0,1,A
2,16598,True,A,B,6,1,B
2,16599,True,B,A,3,1,B
2,16600,True,B,A,6,1,B
2,16601,True,A,B,4,1,B
2,16602,True,A,B,6,1,B
2,16603,True,A,B,1,2,B
2,16604,True,A,B,1,2,A
2,16605,True,B,A,1,1,A
2,16606,True,A,B,0,1,A
2,16607,True,B,A,2,1,A
2,16608,True,A,B,3,1,B
2,16609,True,A,B,2,1,A
2,16610,True,A,B,1,1,A
2,16611,True,B,A,3,1,A
2,16612,True,A,B,4,1,B
2,16613,True,B,A,4,1,B
2,16614,True,B,A,1,2,A
2,16615,True,B,A,3,1,B
2,16616,True,A,B,4,1,B
2,16617,True,A,B,2,1,B
2,16618,True,A,B,3,1,B
2,16619,True,A,B,10,1,B
2,16620,True,B,A,4,1,B
2,16621,True,A,B,6,1,B
2,16622,True,A,B,2,1,A
2,16623,True,A,B,2,1,B
2,16624,True,B,A,2,1,B
2,16625,True,A,B,2,1,B
2,16626,True,B,A,2,1,B
2,16627,True,A,B,2,0,B
2,16628,True,A,B,2,1,A
2,16629,True,A,B,3,1,A
2,16630,False,,,,,
2,16631,True,B,A,2,0,B
2,16632,True,A,B,0,1,A
2,16633,True,A,B,3,1,B
2,16634,True,A,B,2,0,B
2,16635,True,A,B,6,1,B
2,16636,True,A,B,3,1,A
2,16637,True,B,A,2,0,B
2,16638,True,B,A,0,1,A
2,16639,True,B,A,6,1,B
2,16640,True,A,B,10,1,B
2,16641,True,B,A,1,1,B
2,16642,True,A,B,3,1,A
2,16643,True,A,B,10,1,B
2,16644,True,A,B,6,1,B
2,16645,True,B,A,3,1,B
2,16646,True,A,B,2,1,B
2,16647,True,A,B,4,1,B
2,16648,True,A,B,0,1,A
2,16649,True,A,B,1,2,B
2,16650,True,A,B,1,2,A
2,16651,True,B,A,4,1,A
2,16652,True,A,B,1,2,A
2,16653,True,B,A,0,1,A
2,16654,True,A,B,2,1,B
2,16655,True,B,A,2,0,B
2,16656,True,A,B,6,1,B
2,16657,True,B,A,3,1,B
2,16658,True,B,A,1,1,A
2,16659,True,A,B,6,1,B
2,16660,True,B,A,10,1,B
2,16661,True,A,B,2,0,B
2,16662,True,A,B,1,2,A
2,16663,True,B,A,10,1,B
2,16664,True,A,B,1,1,A
2,16665,True,B,A,2,1,B
2,16666,True,A,B,1,1,A
2,16667,True,B,A,2,1,A
2,16668,True,B,A,6,1,B
2,16669,True,B,A,6,1,B
2,16670,True,A,B,2,0,B
2,16671,True,B,A,2,1,B
2,16672,True,A,B,6,1,B
2,16673,True,A,B,2,1,A
2,16674,True,A,B,1,1,A
2,16675,True,B,A,2,0,B
2,16676,True,A,B,3,1,B
2,16677,False,,,,,
2,16678,True,A,B,2,0,B
2,16679,True,A,B,3,1,B
2,16680,True,A,B,1,1,A
2,16681,True,A,B,0,1,A
2,16682,True,B,A,3,1,B
2,16683,True,A,B,1,1,B
2,16684,False,,,,,
2,16685,True,B,A,6,1,B
2,16686,True,A,B,4,1,B
2,16687,True,A,B,2,0,B
2,16688,True,B,A,6,1,B
2,16689,True,A,B,10,1,B
2,16690,True,B,A,10,1,B
2,16691,True,B,A,6,1,B
2,16692,True,A,B,0,1,A
2,16693,True,B,A,1,1,A
2,16694,True,B,A,2,1,B
2,16695,True,A,B,1,1,A
2,16696,False,,,,,
2,16697,True,B,A,0,1,A
2,16698,True,A,B,6,1,B
2,16699,True,A,B,10,1,B
2,16700,True,A,B,1,2,A
2,16701,True,B,A,6,1,B
2,16702,True,A,B,10,1,B
2,16703,True,A,B,6,1,B
2,16704,True,B,A,6,1,B
2,16705,True,B,A,10,1,B
2,16706,True,B,A,6,1,B
2,16707,True,A,B,4,1,B
2,16708,True,A,B,10,1,B
2,16709,True,A,B,4,1,B
2,16710,True,A,B,1,2,B
2,16711,True,B,A,6,1,B
2,16712,True,A,B,6,1,B
2,16713,True,B,A,2,1,B
2,16714,True,A,B,0,1,A
2,16715,True,A,B,6,1,B
2,16716,True,A,B,4,1,B
2,16717,True,B,A,1,1,A
2,16718,True,A,B,1,1,B
2,16719,True,A,B,1,1,A
2,16720,True,A,B,6,1,B
2,16721,True,B,A,10,1,B
2,16722,True,B,A,4,1,B
2,16723,True,B,A,0,1,A
2,16724,True,B,A,6,1,B
2,16725,True,B,A,6,1,B
2,16726,True,A,B,1,2,A
2,16727,True,B,A,3,1,B
2,16728,True,A,B,10,1,B
2,16729,True,A,B,3,1,B
2,16730,False,,,,,
2,16731,False,,,,,
2,16732,True,A,B,10,1,B
2,16733,True,A,B,2,0,B
2,16734,True,B,A,4,1,B
2,16735,True,B,A,3,1,B
2,16736,False,,,,,
2,16737,True,B,A,1,1,A
2,16738,True,B,A,4,1,B
2,16739,True,B,A,3,1,B
2,16740,True,A,B,2,0,B
2,16741,True,A,B,3,1,A
2,16742,False,,,,,
2,16743,True,B,A,2,1,B
2,16744,True,B,A,0,1,A
2,16745,True,B,A,6,1,B
2,16746,True,A,B,2,0,B
2,16747,True,A,B,1,1,A
2,16748,True,B,A,1,2,A
2,16749,True,A,B,6,1,B
2,16750,True,B,A,10,1,B
2,16751,True,B,A,2,0,B
2,16752,False,,,,,
2,16753,True,A,B,0,1,A
2,16754,True,A,B,2,1,A
2,16755,True,A,B,4,1,B
2,16756,True,B,A,2,0,B
2,16757,True,B,A,3,1,B
2,16758,True,A,B,4,1,B
2,16759,False,,,,,
2,16760,True,A,B,1,2,A
2,16761,True,B,A,2,0,B
2,16762,True,B,A,4,1,B
2,16763,True,A,B,1,1,A
2,16764,True,A,B,1,1,B
2,16765,True,B,A,10,1,B
2,16766,True,A,B,4,1,B
2,16767,True,B,A,6,1,B
2,16768,True,A,B,10,1,B
2,16769,True,B,A,6,1,B
2,16770,True,A,B,2,1,A
2,16771,True,A,B,6,1,B
2,16772,True,A,B,6,1,B
2,16773,True,A,B,1,1,A
2,16774,True,B,A,10,1,B
2,16775,True,B,A,6,1,B
2,16776,True,A,B,10,1,B
2,16777,True,A,B,6,1,B
2,16778,True,A,B,1,2,A
2,16779,True,B,A,4,1,B
2,16780,True,A,B,1,2,A
2,16781,True,B,A,3,1,B
2,16782,True,B,A,2,1,B
2,16783,True,A,B,1,1,A
2,16784,True,B,A,3,1,B
2,16785,False,,,,,
2,16786,True,B,A,4,1,B
2,16787,True,A,B,1,2,A
2,16788,True,A,B,1,2,A
2,16789,False,,,,,
2,16790,True,B,A,2,1,B
2,16791,True,B,A,1,1,A
2,16792,True,A,B,1,1,A
2,16793,True,A,B,4,1,B
2,16794,True,B,A,4,1,B
2,16795,True,B,A,4,1,B
2,16796,True,B,A,2,0,B
2,16797,True,B,A,1,1,A
2,16798,True,B,A,6,1,B
2,16799,True,B,A,3,1,B
2,16800,True,B,A,2,1,B
2,16801,True,A,B,6,1,B
2,16802,True,B,A,1,2,A
2,16803,True,A,B,2,0,B
2,16804,True,A,B,4,1,B
2,16805,True,B,A,10,1,B
2,16806,True,B,A,1,2,B
2,16807,True,B,A,0,1,A
2,16808,True,A,B,2,1,A
2,16809,True,B,A,6,1,B
2,16810,True,A,B,1,1,A
2,16811,False,,,,,
2,16812,True,B,A,1,2,A
2,16813,True,B,A,6,1,B
2,16814,True,B,A,3,1,B
2,16815,True,B,A,2,0,B
2,16816,True,B,A,4,1,B
2,16817,True,B,A,2,1,B
2,16818,False,,,,,
2,16819,True,A,B,2,1,B
2,16820,True,A,B,6,1,B
2,16821,True,A,B,1,1,A
2,16822,True,A,B,2,0,B
2,16823,True,A,B,3,1,B
2,16824,True,A,B,10,1,B
2,16825,True,B,A,1,2,B
2,16826,True,A,B,2,1,A
2,16827,True,B,A,1,1,A
2,16828,True,A,B,2,0,B
2,16829,True,B,A,6,1,B
2,16830,True,A,B,3,1,B
2,16831,True,A,B,2,1,A
2,16832,True,A,B,0,1,A
2,16833,True,A,B,1,1,A
2,16834,True,A,B,2,1,B
2,16835,True,A,B,1,2,A
2,16836,True,A,B,10,1,B
2,16837,True,A,B,3,1,B
2,16838,True,B,A,2,0,B
2,16839,True,B,A,10,1,B
2,16840,True,B,A,1,1,A
2,16841,True,B,A,3,1,A
2,16842,True,A,B,1,2,A
2,16843,True,A,B,1,1,A
2,16844,True,B,A,2,0,B
2,16845,True,A,B,6,1,B
2,16846,True,B,A,1,1,A
2,16847,True,B,A,1,1,A
2,16848,False,,,,,
2,16849,True,A,B,6,1,B
2,16850,True,B,A,1,2,A
2,16851,True,B,A,0,1,A
2,16852,True,A,B,0,1,A
2,16853,True,A,B,1,1,B
2,16854,True,B,A,4,1,B
2,16855,True,A,B,10,1,B
2,16856,True,A,B,4,1,B
2,16857,True,B,A,4,1,B
2,16858,True,A,B,1,1,A
2,16859,True,A,B,2,0,B
2,16860,True,A,B,6,1,B
2,16861,True,B,A,0,1,A
2,16862,True,A,B,10,1,B
2,16863,True,A,B,6,1,B
2,16864,True,B,A,4,1,B
2,16865,True,B,A,0,1,A
2,16866,True,B,A,10,1,B
2,16867,True,B,A,4,1,B
2,16868,True,A,B,2,1,A
2,16869,False,,,,,
2,16870,True,B,A,1,2,A
2,16871,True,A,B,10,1,B
2,16872,True,B,A,1,2,A
2,16873,True,A,B,6,1,B
2,16874,True,B,A,0,1,A
2,16875,True,A,B,4,1,B
2,16876,False,,,,,
2,16877,True,A,B,2,0,B
2,16878,True,A,B,6,1,B
2,16879,True,A,B,1,2,A
2,16880,True,B,A,10,1,B
2,16881,True,B,A,1,2,A
2,16882,True,B,A,2,0,B
2,16883,True,B,A,1,2,A
2,16884,True,A,B,2,0,B
2,16885,True,B,A,1,1,A
2,16886,True,B,A,1,1,B
2,16887,True,A,B,10,1,B
2,16888,True,A,B,1,1,A
2,16889,True,A,B,2,1,A
2,16890,True,B,A,0,1,A
2,16891,False,,,,,
2,16892,True,A,B,4,1,B
2,16893,True,B,A,10,1,B
2,16894,True,B,A,0,1,A
2,16895,True,A,B,1,1,B
2,16896,True,B,A,1,2,A
2,16897,True,B,A,6,1,B
2,16898,True,B,A,2,1,A
2,16899,False,,,,,
2,16900,True,A,B,1,1,A
2,16901,True,A,B,0,1,A
2,16902,True,B,A,3,1,A
2,16903,True,A,B,3,1,B
2,16904,True,A,B,2,1,A
2,16905,True,A,B,1,2,A
2,16906,True,A,B,1,2,A
2,16907,True,A,B,2,0,B
2,16908,True,A,B,10,1,B
2,16909,True,B,A,3,1,A
2,16910,True,A,B,1,2,A
2,16911,True,B,A,1,2,A
2,16912,True,A,B,1,2,A
2,16913,True,B,A,0,1,A
2,16914,True,B,A,10,1,B
2,16915,True,B,A,0,1,A
2,16916,True,A,B,1,1,B
2,16917,True,A,B,1,2,A
2,16918,True,B,A,1,1,A
2,16919,True,A,B,3,1,B
2,16920,True,B,A,10,1,B
2,16921,True,A,B,10,1,B
2,16922,True,A,B,1,1,A
2,16923,True,A,B,3,1,B
2,16924,True,A,B,0,1,A
2,16925,True,B,A,10,1,B
2,16926,True,A,B,2,1,B
2,16927,True,B,A,1,1,A
2,16928,True,B,A,0,1,A
2,16929,True,A,B,10,1,B
2,16930,True,B,A,1,1,A
2,16931,False,,,,,
2,16932,True,B,A,4,1,B
2,16933,True,A,B,1,2,A
2,16934,True,A,B,4,1,B
2,16935,True,B,A,1,1,A
2,16936,True,B,A,0,1,A
2,16937,True,B,A,1,2,A
2,16938,True,B,A,10,1,B
2,16939,True,A,B,1,2,A
2,16940,True,A,B,2,1,B
2,16941,False,,,,,
2,16942,True,B,A,10,1,B
2,16943,True,B,A,6,1,B
2,16944,True,A,B,4,1,B
2,16945,True,B,A,6,1,B
2,16946,True,A,B,1,2,A
2,16947,True,A,B,4,1,B
2,16948,True,B,A,1,2,A
2,16949,False,,,,,
2,16950,True,B,A,0,1,A
2,16951,True,B,A,0,1,A
2,16952,True,A,B,1,1,A
2,16953,True,A,B,0,1,A
2,16954,True,A,B,6,1,B
2,16955,True,A,B,6,1,B
2,16956,True,B,A,2,0,B
2,16957,True,B,A,1,1,B
2,16958,True,B,A,0,1,A
2,16959,True,B,A,6,1,B
2,16960,True,B,A,0,1,A
2,16961,True,A,B,0,1,A
2,16962,True,B,A,6,1,B
2,16963,True,A,B,1,1,A
2,16964,True,B,A,0,1,A
2,16965,True,B,A,1,2,A
2,16966,True,B,A,4,1,B
2,16967,True,A,B,1,1,A
2,16968,True,A,B,1,1,A
2,16969,True,B,A,10,1,B
2,16970,True,B,A,1,1,A
2,16971,True,B,A,0,1,A
2,16972,True,B,A,4,1,B
2,16973,True,B,A,4,1,B
2,16974,True,A,B,1,2,A
2,16975,True,B,A,6,1,B
2,16976,True,B,A,10,1,B
2,16977,True,A,B,2,1,A
2,16978,True,A,B,0,1,A
2,16979,True,A,B,10,1,B
2,16980,True,B,A,2,1,A
2,16981,True,A,B,6,1,B
2,16982,True,B,A,1,2,A
2,16983,True,A,B,6,1,B
2,16984,True,B,A,4,1,B
2,16985,True,B,A,0,1,A
2,16986,True,A,B,3,1,B
2,16987,True,A,B,4,1,B
2,16988,True,A,B,4,1,B
2,16989,True,A,B,1,2,A
2,16990,True,B,A,4,1,B
2,16991,True,B,A,3,1,B
2,16992,True,B,A,1,1,A
2,16993,True,B,A,3,1,B
2,16994,True,A,B,0,1,A
2,16995,True,A,B,1,1,A
2,16996,True,A,B,3,1,B
2,16997,True,B,A,1,2,A
2,16998,True,B,A,3,1,B
2,16999,True,A,B,1,1,A
2,17000,True,A,B,0,1,A
2,17001,True,A,B,10,1,B
2,17002,True,A,B,4,1,B
2,17003,True,A,B,2,0,B
2,17004,True,A,B,0,1,A
2,17005,True,B,A,2,1,A
2,17006,False,,,,,
2,17007,True,A,B,1,2,A
2,17008,True,A,B,4,1,B
2,17009,True,B,A,10,1,B
2,17010,True,A,B,6,1,B
2,17011,True,A,B,0,1,A
2,17012,True,A,B,2,1,B
2,17013,True,A,B,3,1,A
2,17014,True,A,B,4,1,B
2,17015,True,B,A,3,1,A
2,17016,True,B,A,4,1,B
2,17017,True,A,B,10,1,B
2,17018,True,B,A,10,1,B
2,17019,True,B,A,0,1,A
2,17020,True,A,B,0,1,A
2,17021,True,A,B,6,1,B
2,17022,True,A,B,6,1,B
2,17023,True,B,A,3,1,B
2,17024,True,A,B,1,1,A
2,17025,True,B,A,6,1,B
2,17026,True,A,B,1,1,A
2,17027,True,A,B,4,1,B
2,17028,True,A,B,6,1,B
2,17029,True,B,A,3,1,B
2,17030,True,B,A,1,1,A
2,17031,True,B,A,3,1,A
2,17032,True,B,A,6,1,B
2,17033,True,A,B,2,1,A
2,17034,True,B,A,2,1,B
2,17035,True,A,B,1,2,A
2,17036,True,B,A,6,1,B
2,17037,True,B,A,2,1,A
2,17038,True,B,A,2,1,B
2,17039,True,B,A,1,2,A
2,17040,True,A,B,0,1,A
2,17041,True,A,B,6,1,B
2,17042,True,A,B,10,1,B
2,17043,True,B,A,1,2,A
2,17044,True,B,A,1,1,B
2,17045,False,,,,,
2,17046,True,B,A,2,0,B
2,17047,True,A,B,1,2,A
2,17048,True,B,A,10,1,B
2,17049,True,A,B,0,1,A
2,17050,True,B,A,4,1,B
2,17051,True,B,A,2,1,B
2,17052,True,A,B,10,1,B
2,17053,True,B,A,2,1,B
2,17054,True,B,A,1,1,B
2,17055,True,B,A,6,1,B
2,17056,True,B,A,1,2,A
2,17057,True,B,A,0,1,A
2,17058,True,A,B,10,1,B
2,17059,True,A,B,3,1,A
2,17060,True,B,A,4,1,B
2,17061,True,B,A,6,1,B
2,17062,True,B,A,6,1,B
2,17063,True,B,A,10,1,B
2,17064,True,A,B,3,1,A
2,17065,True,B,A,6,1,B
2,17066,True,A,B,3,1,B
2,17067,True,A,B,3,1,B
2,17068,True,B,A,1,1,A
2,17069,True,A,B,6,1,B
2,17070,False,,,,,
2,17071,True,B,A,2,0,B
2,17072,True,A,B,6,1,B
2,17073,True,B,A,0,1,A
2,17074,True,B,A,1,1,B
2,17075,False,,,,,
2,17076,True,B,A,0,1,A
2,17077,True,B,A,10,1,B
2,17078,True,A,B,1,2,A
2,17079,True,B,A,1,2,A
2,17080,True,B,A,4,1,B
2,17081,True,A,B,6,1,B
2,17082,True,B,A,1,2,A
2,17083,True,B,A,4,1,B
2,17084,False,,,,,
2,17085,True,A,B,2,1,A
2,17086,True,B,A,1,2,A
2,17087,True,A,B,1,1,A
2,17088,True,A,B,6,1,B
2,17089,True,A,B,6,1,B
2,17090,True,A,B,2,1,B
2,17091,True,B,A,2,0,B
2,17092,True,B,A,2,0,B
2,17093,True,B,A,2,1,B
2,17094,False,,,,,
2,17095,False,,,,,
2,17096,True,A,B,3,1,B
2,17097,True,B,A,2,0,B
2,17098,True,A,B,4,1,B
2,17099,True,B,A,3,1,A
2,17100,True,A,B,4,1,A
2,17101,True,B,A,2,0,B
2,17102,True,B,A,10,1,B
2,17103,True,A,B,4,1,B
2,17104,True,A,B,3,1,B
2,17105,True,B,A,6,1,B
2,17106,True,B,A,1,1,A
2,17107,True,A,B,10,1,B
2,17108,True,B,A,4,1,B
2,17109,True,B,A,4,1,B
2,17110,True,A,B,1,1,A
2,17111,True,B,A,6,1,B
2,17112,True,A,B,1,1,A
2,17113,True,B,A,6,1,B
2,17114,True,B,A,2,1,A
2,17115,True,A,B,6,1,B
2,17116,True,A,B,1,1,A
2,17117,True,A,B,10,1,B
2,17118,True,A,B,1,1,A
2,17119,True,A,B,10,1,B
2,17120,True,A,B,0,1,A
2,17121,True,A,B,10,1,B
2,17122,True,A,B,2,1,B
2,17123,True,B,A,2,1,B
2,17124,True,B,A,1,1,A
2,17125,True,B,A,6,1,B
2,17126,True,A,B,1,1,A
2,17127,True,A,B,1,2,A
2,17128,True,B,A,3,1,B
2,17129,False,,,,,
2,17130,True,B,A,1,1,B
2,17131,True,B,A,2,0,B
2,17132,True,A,B,1,1,B
2,17133,True,B,A,0,1,A
2,17134,True,A,B,6,1,B
2,17135,True,B,A,0,1,A
2,17136,True,B,A,3,1,B
2,17137,False,,,,,
2,17138,True,A,B,1,1,A
2,17139,True,A,B,1,1,A
2,17140,True,B,A,0,1,A
2,17141,True,A,B,10,1,B
2,17142,True,B,A,1,2,A
2,17143,True,A,B,4,1,B
2,17144,True,A,B,2,1,A
2,17145,True,B,A,1,2,A
2,17146,True,B,A,2,0,B
2,17147,True,B,A,3,1,B
2,17148,True,B,A,10,1,B
2,17149,True,A,B,4,1,B
2,17150,True,A,B,0,1,A
2,17151,True,A,B,6,1,B
2,17152,True,B,A,6,1,A
2,17153,True,A,B,4,1,B
2,17154,True,B,A,1,1,A
2,17155,True,A,B,10,1,B
2,17156,True,A,B,6,1,B
2,17157,True,B,A,0,1,A
2,17158,True,B,A,6,1,B
2,17159,True,B,A,0,1,A
2,17160,True,B,A,4,1,B
2,17161,True,B,A,0,1,A
2,17162,True,B,A,2,0,B
2,17163,True,A,B,0,1,A
2,17164,True,A,B,4,1,B
2,17165,True,A,B,1,2,A
2,17166,True,B,A,3,1,B
2,17167,True,A,B,0,1,A
2,17168,True,A,B,10,1,B
2,17169,True,A,B,4,1,B
2,17170,True,B,A,2,0,B
2,17171,True,A,B,0,1,A
2,17172,True,B,A,2,1,B
2,17173,True,B,A,1,1,A
2,17174,True,B,A,2,0,B
2,17175,True,B,A,2,1,A
2,17176,True,A,B,0,1,A
2,17177,True,B,A,0,1,A
2,17178,True,B,A,2,0,B
2,17179,True,B,A,2,1,B
2,17180,True,B,A,3,1,B
2,17181,True,A,B,4,1,B
2,17182,True,B,A,2,1,B
2,17183,True,B,A,1,2,A
2,17184,False,,,,,
2,17185,True,A,B,1,1,A
2,17186,True,A,B,0,1,A
2,17187,False,,,,,
2,17188,True,A,B,1,2,A
2,17189,True,B,A,10,1,B
2,17190,True,B,A,2,1,B
2,17191,True,B,A,4,1,B
2,17192,True,A,B,1,1,A
2,17193,True,A,B,4,1,B
2,17194,True,B,A,1,2,A
2,17195,True,A,B,10,1,B
2,17196,True,A,B,1,2,A
2,17197,True,A,B,4,1,A
2,17198,True,A,B,3,1,B
2,17199,True,A,B,0,1,A
2,17200,True,A,B,2,1,A
2,17201,True,B,A,6,1,B
2,17202,True,B,A,1,1,A
2,17203,True,A,B,4,1,A
2,17204,True,A,B,2,1,A
2,17205,True,B,A,1,1,B
2,17206,True,A,B,2,0,B
2,17207,True,B,A,6,1,B
2,17208,True,B,A,0,1,A
2,17209,True,B,A,1,2,A
2,17210,True,A,B,4,1,B
2,17211,True,B,A,3,1,B
2,17212,True,B,A,2,0,B
2,17213,True,B,A,10,1,B
2,17214,True,B,A,6,1,B
2,17215,True,A,B,2,1,A
2,17216,True,A,B,10,1,B
2,17217,True,B,A,4,1,B
2,17218,True,B,A,2,1,A
2,17219,True,A,B,1,2,A
2,17220,True,A,B,6,1,B
2,17221,True,A,B,1,1,A
2,17222,True,A,B,10,1,B
2,17223,True,B,A,1,1,A
2,17224,True,B,A,2,1,A
2,17225,True,B,A,1,1,A
2,17226,True,B,A,1,1,A
2,17227,True,B,A,0,1,A
2,17228,True,B,A,1,2,A
2,17229,True,A,B,1,1,A
2,17230,True,B,A,2,1,A
2,17231,True,A,B,1,1,A
2,17232,True,B,A,3,1,B
2,17233,True,B,A,3,1,B
2,17234,True,B,A,2,1,B
2,17235,True,A,B,6,1,B
2,17236,True,A,B,6,1,B
2,17237,True,A,B,0,1,A
2,17238,True,A,B,2,1,B
2,17239,True,B,A,2,1,A
2,17240,False,,,,,
2,17241,True,B,A,3,1,B
2,17242,True,B,A,2,1,A
2,17243,True,B,A,1,1,A
2,17244,True,A,B,6,1,B
2,17245,True,B,A,3,1,B
2,17246,True,B,A,1,1,A
2,17247,False,,,,,
2,17248,True,B,A,10,1,B
2,17249,False,,,,,
2,17250,True,B,A,3,1,B
2,17251,True,A,B,1,2,A
2,17252,True,B,A,1,1,A
2,17253,True,B,A,1,2,A
2,17254,True,B,A,6,1,B
2,17255,True,B,A,3,1,B
2,17256,True,B,A,10,1,B
2,17257,True,A,B,10,1,B
2,17258,True,B,A,3,1,B
2,17259,True,A,B,4,1,B
2,17260,True,B,A,6,1,B
2,17261,True,B,A,3,1,B
2,17262,True,B,A,2,1,A
2,17263,True,A,B,6,1,B
2,17264,True,A,B,10,1,B
2,17265,True,B,A,6,1,B
2,17266,True,A,B,3,1,A
2,17267,True,B,A,1,2,A
2,17268,True,B,A,0,1,A
2,17269,True,A,B,3,1,A
2,17270,True,A,B,0,1,A
2,17271,True,B,A,4,1,B
2,17272,True,B,A,2,1,A
2,17273,True,B,A,0,1,A
2,17274,True,B,A,4,1,B
2,17275,True,B,A,4,1,B
2,17276,True,A,B,6,1,B
2,17277,True,B,A,2,0,B
2,17278,True,A,B,1,2,A
2,17279,True,A,B,4,1,B
2,17280,True,B,A,4,1,B
2,17281,True,A,B,1,1,A
2,17282,True,A,B,4,1,B
2,17283,True,A,B,1,1,A
2,17284,True,A,B,10,1,B
2,17285,True,A,B,1,1,A
2,17286,True,B,A,0,1,A
2,17287,True,A,B,2,1,A
2,17288,True,B,A,1,2,A
2,17289,False,,,,,
2,17290,True,A,B,1,2,A
2,17291,False,,,,,
2,17292,True,A,B,1,1,A
2,17293,True,A,B,6,1,B
2,17294,True,A,B,3,1,B
2,17295,True,B,A,3,1,B
2,17296,True,A,B,10,1,A
2,17297,True,A,B,10,1,B
2,17298,True,B,A,1,1,B
2,17299,True,B,A,1,1,A
2,17300,True,B,A,6,1,B
2,17301,True,B,A,10,1,B
2,17302,True,A,B,4,1,B
2,17303,True,B,A,1,1,A
2,17304,True,A,B,3,1,B
2,17305,True,A,B,6,1,B
2,17306,False,,,,,
2,17307,True,B,A,1,1,A
2,17308,True,A,B,0,1,A
2,17309,False,,,,,
2,17310,True,A,B,1,1,A
2,17311,True,A,B,10,1,B
2,17312,True,B,A,1,1,A
2,17313,True,A,B,2,1,B
2,17314,True,A,B,4,1,B
2,17315,True,B,A,6,1,B
2,17316,True,B,A,4,1,B
2,17317,True,B,A,1,1,A
2,17318,True,B,A,6,1,B
2,17319,True,A,B,6,1,B
2,17320,True,A,B,2,0,B
2,17321,True,B,A,2,0,B
2,17322,True,A,B,6,1,B
2,17323,True,B,A,1,1,A
2,17324,True,B,A,2,1,B
2,17325,True,A,B,10,1,B
2,17326,True,A,B,6,1,B
2,17327,True,B,A,3,1,B
2,17328,True,A,B,10,1,B
2,17329,True,A,B,3,1,B
2,17330,True,A,B,3,1,B
2,17331,True,B,A,2,0,B
2,17332,False,,,,,
2,17333,True,A,B,0,1,A
2,17334,True,B,A,1,2,A
2,17335,True,B,A,2,0,B
2,17336,True,B,A,1,2,A
2,17337,True,B,A,4,1,B
2,17338,True,A,B,6,1,B
2,17339,True,B,A,3,1,B
2,17340,True,B,A,2,0,B
2,17341,True,A,B,1,1,A
2,17342,True,A,B,2,0,B
2,17343,True,B,A,1,1,A
2,17344,True,B,A,2,0,B
2,17345,True,A,B,1,2,B
2,17346,True,A,B,6,1,B
2,17347,True,B,A,0,1,A
2,17348,True,A,B,1,1,A
2,17349,True,B,A,2,0,B
2,17350,True,A,B,6,1,B
2,17351,True,B,A,6,1,B
2,17352,True,A,B,2,1,B
2,17353,True,B,A,6,1,B
2,17354,True,B,A,1,1,A
2,17355,True,A,B,2,0,B
2,17356,True,B,A,4,1,B
2,17357,True,B,A,1,1,A
2,17358,True,A,B,1,2,A
2,17359,True,A,B,6,1,B
2,17360,True,B,A,0,1,A
2,17361,True,A,B,0,1,A
2,17362,False,,,,,
2,17363,True,B,A,1,2,A
2,17364,True,B,A,1,2,A
2,17365,True,A,B,4,1,B
2,17366,True,B,A,2,0,B
2,17367,True,B,A,3,1,B
2,17368,True,B,A,10,1,B
2,17369,True,B,A,1,1,B
2,17370,True,A,B,10,1,B
2,17371,True,A,B,4,1,B
2,17372,True,B,A,2,1,B
2,17373,True,A,B,3,1,B
2,17374,True,A,B,6,1,B
2,17375,True,A,B,2,0,B
2,17376,True,B,A,0,1,A
2,17377,True,B,A,1,1,B
2,17378,True,A,B,1,1,A
2,17379,True,B,A,1,1,A
2,17380,True,A,B,4,1,B
2,17381,False,,,,,
2,17382,True,B,A,10,1,B
2,17383,True,B,A,1,2,A
2,17384,True,A,B,6,1,B
2,17385,True,B,A,6,1,B
2,17386,True,A,B,2,0,B
2,17387,True,B,A,2,1,A
2,17388,True,A,B,2,0,B
2,17389,True,B,A,10,1,B
2,17390,True,A,B,10,1,B
2,17391,True,B,A,6,1,B
2,17392,False,,,,,
2,17393,True,B,A,6,1,B
2,17394,True,B,A,0,1,A
2,17395,True,A,B,2,1,A
2,17396,True,B,A,1,2,A
2,17397,True,B,A,4,1,B
2,17398,True,B,A,2,1,B
2,17399,True,A,B,2,0,B
2,17400,True,B,A,1,2,A
2,17401,False,,,,,
2,17402,False,,,,,
2,17403,True,B,A,6,1,B
2,17404,True,B,A,10,1,B
2,17405,True,B,A,6,1,B
2,17406,True,A,B,0,1,A
2,17407,True,B,A,1,2,A
2,17408,True,A,B,0,1,A
2,17409,True,A,B,2,0,B
2,17410,True,A,B,0,1,A
2,17411,True,B,A,2,1,A
2,17412,True,A,B,3,1,B
2,17413,True,B,A,0,1,A
2,17414,True,B,A,3,1,B
2,17415,True,B,A,2,0,B
2,17416,True,A,B,6,1,B
2,17417,True,A,B,2,0,B
2,17418,True,B,A,6,1,B
2,17419,True,B,A,2,0,B
2,17420,True,A,B,4,1,B
2,17421,True,B,A,10,1,B
2,17422,True,A,B,2,0,B
2,17423,True,B,A,3,1,B
2,17424,True,A,B,6,1,B
2,17425,True,B,A,1,2,A
2,17426,True,B,A,10,1,B
2,17427,True,A,B,1,1,A
2,17428,True,B,A,2,0,B
2,17429,True,B,A,6,1,B
2,17430,True,B,A,2,0,B
2,17431,True,B,A,6,1,B
2,17432,True,B,A,1,2,A
2,17433,True,B,A,2,0,B
2,17434,True,A,B,2,0,B
2,17435,True,B,A,2,1,A
2,17436,True,B,A,3,1,A
2,17437,True,A,B,0,1,A
2,17438,True,B,A,10,1,B
2,17439,True,B,A,3,1,B
2,17440,True,B,A,4,1,B
2,17441,True,A,B,3,1,A
2,17442,True,B,A,1,1,A
2,17443,True,A,B,6,1,B
2,17444,True,A,B,4,1,B
2,17445,True,A,B,4,1,B
2,17446,True,B,A,2,1,A
2,17447,True,B,A,1,2,A
2,17448,True,A,B,3,1,B
2,17449,True,B,A,6,1,B
2,17450,False,,,,,
2,17451,True,B,A,3,1,B
2,17452,True,B,A,1,2,A
2,17453,True,B,A,4,1,B
2,17454,True,B,A,4,1,B
2,17455,False,,,,,
2,17456,True,A,B,6,1,B
2,17457,True,B,A,1,2,A
2,17458,True,A,B,2,0,B
2,17459,True,A,B,6,1,B
2,17460,True,B,A,1,1,A
2,17461,True,A,B,2,0,B
2,17462,True,A,B,1,1,A
2,17463,True,A,B,0,1,A
2,17464,True,A,B,10,1,B
2,17465,True,B,A,1,1,B
2,17466,True,A,B,10,1,B
2,17467,True,B,A,10,1,B
2,17468,False,,,,,
2,17469,True,B,A,1,1,A
2,17470,True,A,B,10,1,B
2,17471,True,A,B,1,2,A
2,17472,True,B,A,1,1,B
2,17473,True,A,B,6,1,B
2,17474,True,A,B,1,1,B
2,17475,True,B,A,6,1,B
2,17476,True,B,A,6,1,B
2,17477,True,A,B,1,2,A
2,17478,True,B,A,0,1,A
2,17479,True,B,A,2,0,B
2,17480,True,B,A,1,1,A
2,17481,True,B,A,1,2,A
2,17482,True,B,A,4,1,B
2,17483,True,A,B,1,1,A
2,17484,True,A,B,0,1,A
2,17485,True,B,A,3,1,B
2,17486,True,B,A,6,1,B
2,17487,True,B,A,6,1,B
2,17488,True,B,A,6,1,B
2,17489,True,B,A,1,2,A
2,17490,True,B,A,4,1,B
2,17491,True,A,B,1,1,A
2,17492,True,A,B,1,1,A
2,17493,True,B,A,1,1,B
2,17494,True,B,A,0,1,A
2,17495,True,B,A,6,1,B
2,17496,True,B,A,3,1,B
2,17497,True,A,B,1,2,A
2,17498,True,A,B,6,1,A
2,17499,True,B,A,4,1,B
2,17500,True,A,B,1,1,B
2,17501,True,A,B,0,1,A
2,17502,True,A,B,3,1,A
2,17503,True,B,A,6,1,B
2,17504,True,A,B,1,2,A
2,17505,True,A,B,0,1,A
2,17506,True,B,A,1,2,A
2,17507,True,B,A,2,1,B
2,17508,True,B,A,1,1,A
2,17509,True,A,B,4,1,B
2,17510,True,B,A,4,1,B
2,17511,True,A,B,1,1,A
2,17512,True,B,A,2,0,B
2,17513,True,B,A,0,1,A
2,17514,True,A,B,1,2,A
2,17515,True,B,A,4,1,B
2,17516,True,B,A,4,1,B
2,17517,True,B,A,0,1,A
2,17518,True,A,B,6,1,B
2,17519,True,B,A,1,1,A
2,17520,True,A,B,3,1,B
2,17521,False,,,,,
2,17522,True,B,A,4,1,B
2,17523,True,B,A,6,1,B
2,17524,True,B,A,6,1,B
2,17525,True,A,B,0,1,A
2,17526,True,A,B,10,1,B
2,17527,True,B,A,3,1,B
2,17528,True,B,A,3,1,B
2,17529,False,,,,,
2,17530,True,B,A,4,1,B
2,17531,True,B,A,1,1,B
2,17532,True,A,B,1,2,A
2,17533,True,A,B,0,1,A
2,17534,True,A,B,6,1,B
2,17535,True,B,A,10,1,B
2,17536,True,B,A,1,1,A
2,17537,True,A,B,6,1,B
2,17538,True,A,B,4,1,B
2,17539,True,A,B,6,1,B
2,17540,True,A,B,3,1,B
2,17541,True,A,B,3,1,A
2,17542,True,A,B,6,1,B
2,17543,False,,,,,
2,17544,True,A,B,2,1,B
2,17545,True,A,B,0,1,A
2,17546,True,B,A,10,1,B
2,17547,True,B,A,1,2,A
2,17548,True,B,A,0,1,A
2,17549,True,A,B,6,1,B
2,17550,True,A,B,3,1,B
2,17551,False,,,,,
2,17552,True,A,B,2,1,B
2,17553,True,B,A,10,1,B
2,17554,True,A,B,4,1,B
2,17555,True,A,B,2,0,B
2,17556,True,B,A,6,1,B
2,17557,True,A,B,2,1,A
2,17558,True,B,A,2,1,B
2,17559,True,B,A,6,1,B
2,17560,True,A,B,3,1,B
2,17561,True,A,B,3,1,B
2,17562,True,B,A,6,1,B
2,17563,True,A,B,6,1,B
2,17564,True,A,B,4,1,B
2,17565,True,B,A,1,2,A
2,17566,True,A,B,6,1,B
2,17567,True,B,A,1,1,A
2,17568,True,A,B,1,2,A
2,17569,True,A,B,1,2,A
2,17570,True,A,B,3,1,B
2,17571,True,B,A,3,1,B
2,17572,True,B,A,1,1,A
2,17573,True,B,A,0,1,A
2,17574,True,B,A,0,1,A
2,17575,True,B,A,1,2,B
2,17576,True,A,B,3,1,B
2,17577,True,B,A,2,1,B
2,17578,True,A,B,2,1,B
2,17579,True,A,B,3,1,A
2,17580,True,B,A,2,1,B
2,17581,True,A,B,1,1,B
2,17582,True,B,A,10,1,B
2,17583,True,B,A,1,1,A
2,17584,True,B,A,1,2,A
2,17585,True,A,B,3,1,B
2,17586,True,B,A,6,1,B
2,17587,True,B,A,2,1,A
2,17588,True,A,B,6,1,B
2,17589,True,B,A,1,1,A
2,17590,True,B,A,0,1,A
2,17591,True,B,A,1,1,A
2,17592,True,A,B,0,1,A
2,17593,True,A,B,2,0,B
2,17594,True,A,B,3,1,A
2,17595,True,A,B,1,2,A
2,17596,True,A,B,6,1,B
2,17597,True,B,A,1,1,A
2,17598,True,B,A,2,0,B
2,17599,True,B,A,10,1,B
2,17600,True,B,A,6,1,B
2,17601,True,B,A,2,0,B
2,17602,True,B,A,2,1,A
2,17603,True,B,A,10,1,B
2,17604,True,A,B,0,1,A
2,17605,True,B,A,1,1,A
2,17606,True,A,B,10,1,B
2,17607,True,A,B,4,1,B
2,17608,True,A,B,0,1,A
2,17609,True,A,B,3,1,B
2,17610,True,B,A,2,0,B
2,17611,True,B,A,1,2,A
2,17612,True,A,B,3,1,A
2,17613,True,B,A,3,1,B
2,17614,True,A,B,3,1,B
2,17615,True,A,B,0,1,A
2,17616,True,A,B,0,1,A
2,17617,False,,,,,
2,17618,True,B,A,1,1,A
2,17619,True,B,A,1,2,A
2,17620,True,B,A,6,1,B
2,17621,True,A,B,2,1,A
2,17622,True,B,A,2,1,B
2,17623,True,B,A,2,1,A
2,17624,True,A,B,1,1,B
2,17625,False,,,,,
2,17626,True,B,A,10,1,B
2,17627,True,B,A,0,1,A
2,17628,True,B,A,0,1,A
2,17629,True,A,B,4,1,B
2,17630,True,A,B,4,1,B
2,17631,True,A,B,3,1,A
2,17632,True,A,B,3,1,B
2,17633,False,,,,,
2,17634,True,A,B,0,1,A
2,17635,True,A,B,3,1,A
2,17636,True,A,B,1,1,A
2,17637,True,A,B,4,1,B
2,17638,True,A,B,10,1,B
2,17639,True,B,A,1,1,A
2,17640,False,,,,,
2,17641,True,B,A,6,1,B
2,17642,True,A,B,0,1,A
2,17643,True,A,B,0,1,A
2,17644,True,A,B,1,1,A
2,17645,True,B,A,10,1,B
2,17646,True,B,A,0,1,A
2,17647,True,A,B,1,2,A
2,17648,True,B,A,1,1,A
2,17649,True,A,B,4,1,B
2,17650,True,A,B,1,1,A
2,17651,True,A,B,6,1,B
2,17652,True,A,B,10,1,B
2,17653,True,B,A,1,2,A
2,17654,True,A,B,2,1,B
2,17655,True,A,B,6,1,B
2,17656,True,A,B,4,1,B
2,17657,True,A,B,2,0,B
2,17658,True,A,B,10,1,B
2,17659,True,B,A,6,1,B
2,17660,True,B,A,3,1,A
2,17661,True,B,A,4,1,A
2,17662,False,,,,,
2,17663,True,A,B,1,2,A
2,17664,True,A,B,1,1,A
2,17665,True,A,B,0,1,A
2,17666,True,A,B,6,1,B
2,17667,True,B,A,2,1,B
2,17668,True,B,A,6,1,B
2,17669,True,B,A,1,2,A
2,17670,True,B,A,3,1,B
2,17671,True,B,A,10,1,B
2,17672,True,A,B,4,1,B
2,17673,True,A,B,6,1,B
2,17674,True,A,B,10,1,B
2,17675,True,B,A,1,2,A
2,17676,True,B,A,1,1,A
2,17677,True,A,B,2,0,B
2,17678,True,A,B,10,1,B
2,17679,True,A,B,3,1,A
2,17680,True,B,A,10,1,B
2,17681,True,B,A,0,1,A
2,17682,True,B,A,10,1,B
2,17683,True,B,A,2,1,A
2,17684,True,A,B,4,1,B
2,17685,True,A,B,4,1,B
2,17686,True,B,A,1,1,A
2,17687,True,A,B,0,1,A
2,17688,True,A,B,1,2,A
2,17689,True,B,A,4,1,B
2,17690,True,A,B,10,1,B
2,17691,True,B,A,1,1,A
2,17692,True,B,A,6,1,B
2,17693,True,B,A,2,1,A
2,17694,True,A,B,4,1,B
2,17695,True,A,B,2,1,A
2,17696,True,B,A,6,1,B
2,17697,True,A,B,2,1,A
2,17698,True,B,A,3,1,B
2,17699,True,A,B,2,1,B
2,17700,True,A,B,10,1,B
2,17701,True,B,A,6,1,B
2,17702,True,A,B,10,1,B
2,17703,True,A,B,0,1,A
2,17704,True,A,B,10,1,B
2,17705,True,A,B,4,1,B
2,17706,True,A,B,1,1,A
2,17707,True,B,A,3,1,B
2,17708,True,A,B,1,2,A
2,17709,True,A,B,0,1,A
2,17710,True,A,B,3,1,B
2,17711,True,B,A,3,1,B
2,17712,False,,,,,
2,17713,True,B,A,6,1,B
2,17714,True,A,B,2,0,B
2,17715,True,A,B,1,1,A
2,17716,True,B,A,4,1,A
2,17717,True,A,B,0,1,A
2,17718,True,B,A,1,2,A
2,17719,True,B,A,1,1,B
2,17720,True,A,B,1,2,A
2,17721,False,,,,,
2,17722,True,A,B,0,1,A
2,17723,True,A,B,10,1,B
2,17724,True,B,A,0,1,A
2,17725,True,A,B,1,1,A
2,17726,True,A,B,10,1,B
2,17727,False,,,,,
2,17728,True,B,A,2,0,B
2,17729,True,A,B,2,1,B
2,17730,True,B,A,1,2,A
2,17731,True,A,B,4,1,B
2,17732,True,B,A,3,1,B
2,17733,True,B,A,4,1,A
2,17734,True,A,B,0,1,A
2,17735,True,A,B,2,1,A
2,17736,True,A,B,0,1,A
2,17737,True,A,B,10,1,B
2,17738,True,A,B,0,1,A
2,17739,True,B,A,1,1,A
2,17740,True,B,A,1,2,A
2,17741,False,,,,,
2,17742,True,A,B,1,2,A
2,17743,True,A,B,2,1,A
2,17744,True,B,A,2,1,B
2,17745,True,B,A,4,1,B
2,17746,True,A,B,1,1,A
2,17747,True,A,B,10,1,B
2,17748,True,B,A,6,1,B
2,17749,True,B,A,3,1,B
2,17750,True,A,B,10,1,B
2,17751,True,A,B,3,1,B
2,17752,True,B,A,10,1,B
2,17753,True,A,B,1,1,A
2,17754,True,A,B,4,1,B
2,17755,True,A,B,4,1,B
2,17756,True,B,A,10,1,B
2,17757,True,A,B,6,1,B
2,17758,True,B,A,4,1,B
2,17759,True,A,B,0,1,A
2,17760,True,B,A,1,1,A
2,17761,True,B,A,4,1,B
2,17762,True,A,B,3,1,B
2,17763,True,A,B,3,1,A
2,17764,True,B,A,1,2,A
2,17765,True,A,B,1,2,A
2,17766,True,B,A,2,1,A
2,17767,True,A,B,3,1,B
2,17768,True,A,B,2,1,B
2,17769,True,B,A,0,1,A
2,17770,True,A,B,10,1,B
2,17771,True,B,A,3,1,B
2,17772,True,A,B,3,1,B
2,17773,True,B,A,3,1,B
2,17774,True,A,B,1,1,A
2,17775,True,A,B,1,2,A
2,17776,True,B,A,2,1,A
2,17777,True,A,B,1,2,A
2,17778,True,A,B,0,1,A
2,17779,True,A,B,1,1,A
2,17780,True,A,B,0,1,A
2,17781,True,A,B,4,1,B
2,17782,True,A,B,1,2,A
2,17783,True,A,B,10,1,B
2,17784,True,A,B,0,1,A
2,17785,True,A,B,0,1,A
2,17786,True,B,A,3,1,A
2,17787,True,A,B,1,1,A
2,17788,True,B,A,6,1,B
2,17789,True,A,B,2,0,B
2,17790,True,A,B,10,1,B
2,17791,True,A,B,2,1,B
2,17792,True,A,B,2,1,A
2,17793,True,A,B,1,1,A
2,17794,True,B,A,1,1,A
2,17795,True,A,B,2,1,A
2,17796,True,B,A,2,1,A
2,17797,True,B,A,1,2,A
2,17798,True,A,B,1,2,A
2,17799,True,B,A,1,2,A
2,17800,True,A,B,1,1,A
2,17801,True,A,B,1,2,A
2,17802,True,A,B,4,1,B
2,17803,True,B,A,6,1,B
2,17804,True,B,A,4,1,B
2,17805,True,B,A,2,0,B
2,17806,True,B,A,10,1,B
2,17807,True,A,B,1,2,A
2,17808,True,A,B,3,1,B
2,17809,True,B,A,6,1,B
2,17810,True,A,B,1,1,A
2,17811,True,A,B,4,1,B
2,17812,True,B,A,0,1,A
2,17813,True,A,B,3,1,B
2,17814,True,A,B,2,1,A
2,17815,False,,,,,
2,17816,True,B,A,10,1,B
2,17817,True,A,B,1,1,B
2,17818,True,B,A,3,1,B
2,17819,True,A,B,6,1,B
2,17820,True,A,B,1,2,A
2,17821,True,B,A,0,1,A
2,17822,True,B,A,2,1,B
2,17823,False,,,,,
2,17824,True,B,A,6,1,B
2,17825,True,A,B,3,1,A
2,17826,True,B,A,6,1,B
2,17827,True,A,B,3,1,B
2,17828,True,B,A,1,2,B
2,17829,True,A,B,3,1,A
2,17830,True,B,A,1,1,A
2,17831,True,B,A,3,1,B
2,17832,True,A,B,3,1,A
2,17833,True,B,A,4,1,B
2,17834,True,A,B,6,1,B
2,17835,True,B,A,2,1,B
2,17836,True,B,A,4,1,B
2,17837,True,B,A,2,1,B
2,17838,True,B,A,2,1,B
2,17839,True,A,B,10,1,B
2,17840,True,A,B,6,1,B
2,17841,True,A,B,1,2,A
2,17842,True,B,A,3,1,B
2,17843,True,B,A,6,1,B
2,17844,True,B,A,10,1,B
2,17845,True,B,A,2,0,B
2,17846,True,A,B,10,1,B
2,17847,True,B,A,4,1,B
2,17848,True,B,A,1,2,A
2,17849,True,A,B,2,1,B
2,17850,True,B,A,3,1,A
2,17851,True,B,A,2,0,B
2,17852,True,A,B,1,1,A
2,17853,True,B,A,3,1,B
2,17854,True,A,B,1,2,A
2,17855,True,B,A,1,2,A
2,17856,True,B,A,6,1,B
2,17857,True,A,B,1,2,A
2,17858,True,A,B,10,1,B
2,17859,True,B,A,4,1,B
2,17860,True,B,A,2,1,A
2,17861,True,B,A,3,1,B
2,17862,True,B,A,1,2,A
2,17863,True,A,B,2,1,B
2,17864,True,A,B,2,0,B
2,17865,False,,,,,
2,17866,True,B,A,6,1,B
2,17867,True,A,B,3,1,B
2,17868,True,A,B,0,1,A
2,17869,True,A,B,3,1,B
2,17870,True,B,A,10,1,B
2,17871,True,B,A,2,1,A
2,17872,True,B,A,0,1,A
2,17873,True,A,B,6,1,B
2,17874,True,B,A,3,1,B
2,17875,True,B,A,4,1,B
2,17876,True,A,B,4,1,B
2,17877,True,A,B,2,1,B
2,17878,True,A,B,10,1,B
2,17879,True,A,B,10,1,B
2,17880,True,B,A,2,1,B
2,17881,True,A,B,3,1,B
2,17882,True,B,A,2,1,A
2,17883,True,B,A,2,1,A
2,17884,True,A,B,3,1,A
2,17885,True,B,A,2,1,A
2,17886,True,B,A,1,2,A
2,17887,True,A,B,10,1,B
2,17888,True,B,A,10,1,B
2,17889,True,B,A,1,2,A
2,17890,True,B,A,4,1,B
2,17891,True,B,A,3,1,B
2,17892,True,B,A,10,1,B
2,17893,True,A,B,3,1,B
2,17894,True,A,B,10,1,B
2,17895,True,A,B,4,1,A
2,17896,True,B,A,3,1,A
2,17897,True,B,A,10,1,B
2,17898,True,A,B,1,2,A
2,17899,True,B,A,1,2,A
2,17900,True,B,A,4,1,B
2,17901,True,A,B,1,2,A
2,17902,True,A,B,4,1,B
2,17903,True,B,A,3,1,B
2,17904,True,B,A,2,1,A
2,17905,True,A,B,2,1,A
2,17906,True,B,A,2,0,B
2,17907,True,A,B,6,1,B
2,17908,True,A,B,3,1,B
2,17909,True,B,A,2,1,B
2,17910,True,A,B,1,1,A
2,17911,True,A,B,1,2,A
2,17912,True,A,B,3,1,A
2,17913,True,A,B,2,0,B
2,17914,True,A,B,10,1,B
2,17915,True,A,B,1,1,A
2,17916,True,A,B,1,2,A
2,17917,True,A,B,2,1,A
2,17918,False,,,,,
2,17919,True,B,A,3,1,B
2,17920,True,A,B,10,1,B
2,17921,True,B,A,4,1,B
2,17922,True,B,A,6,1,B
2,17923,True,B,A,1,2,B
2,17924,True,A,B,10,1,B
2,17925,True,B,A,3,1,B
2,17926,True,A,B,6,1,B
2,17927,True,A,B,10,1,B
2,17928,True,B,A,2,1,A
2,17929,True,B,A,3,1,B
2,17930,True,B,A,1,2,B
2,17931,True,A,B,1,2,A
2,17932,True,B,A,3,1,A
2,17933,True,B,A,2,1,B
2,17934,True,A,B,6,1,B
2,17935,True,B,A,6,1,B
2,17936,True,B,A,2,0,B
2,17937,True,A,B,2,1,A
2,17938,True,B,A,0,1,A
2,17939,True,B,A,4,1,B
2,17940,True,A,B,2,0,B
2,17941,True,A,B,4,1,B
2,17942,True,B,A,4,1,A
2,17943,True,B,A,6,1,B
2,17944,True,A,B,1,1,B
2,17945,True,A,B,10,1,B
2,17946,True,A,B,4,1,B
2,17947,True,A,B,1,2,A
2,17948,True,A,B,10,1,B
2,17949,True,B,A,0,1,A
2,17950,True,B,A,6,1,B
2,17951,True,B,A,1,1,A
2,17952,True,A,B,10,1,B
2,17953,True,A,B,6,1,B
2,17954,True,A,B,1,2,A
2,17955,True,B,A,2,1,B
2,17956,True,A,B,1,1,B
2,17957,True,B,A,10,1,B
2,17958,True,A,B,2,0,B
2,17959,True,A,B,10,1,B
2,17960,True,B,A,3,1,A
2,17961,True,A,B,6,1,B
2,17962,True,A,B,10,1,B
2,17963,True,B,A,1,1,B
2,17964,True,B,A,10,1,B
2,17965,True,A,B,3,1,B
2,17966,True,A,B,3,1,B
2,17967,True,B,A,10,1,B
2,17968,True,A,B,2,1,A
2,17969,True,A,B,3,1,B
2,17970,True,A,B,1,1,A
2,17971,True,A,B,2,0,B
2,17972,True,B,A,6,1,B
2,17973,True,B,A,1,2,A
2,17974,False,,,,,
2,17975,True,B,A,2,0,B
2,17976,True,A,B,1,1,A
2,17977,True,A,B,0,1,A
2,17978,True,B,A,2,1,A
2,17979,True,B,A,1,2,A
2,17980,True,B,A,6,1,B
2,17981,True,B,A,0,1,A
2,17982,True,A,B,2,1,B
2,17983,True,B,A,4,1,B
2,17984,True,A,B,4,1,B
2,17985,True,A,B,1,2,A
2,17986,True,A,B,2,1,A
2,17987,True,B,A,4,1,B
2,17988,True,B,A,3,1,B
2,17989,True,A,B,3,1,B
2,17990,True,B,A,1,1,A
2,17991,True,A,B,0,1,A
2,17992,True,A,B,1,2,A
2,17993,True,A,B,0,1,A
2,17994,True,B,A,4,1,B
2,17995,True,B,A,3,1,B
2,17996,True,B,A,1,2,A
2,17997,True,A,B,2,1,A
2,17998,True,B,A,6,1,B
2,17999,True,A,B,3,1,A
2,18000,True,A,B,1,2,A
2,18001,False,,,,,
2,18002,True,A,B,1,1,A
2,18003,True,A,B,2,0,B
2,18004,True,B,A,2,1,B
2,18005,True,A,B,3,1,B
2,18006,True,A,B,0,1,A
2,18007,True,A,B,2,1,A
2,18008,True,A,B,6,1,B
2,18009,True,B,A,10,1,B
2,18010,True,B,A,2,1,A
2,18011,True,A,B,0,1,A
2,18012,True,B,A,1,2,A
2,18013,True,B,A,2,0,B
2,18014,True,A,B,6,1,B
2,18015,True,B,A,2,0,B
2,18016,True,A,B,10,1,B
2,18017,True,B,A,10,1,B
2,18018,True,A,B,1,2,A
2,18019,True,B,A,6,1,B
2,18020,True,A,B,0,1,A
2,18021,True,B,A,2,1,A
2,18022,True,B,A,1,1,A
2,18023,True,A,B,6,1,B
2,18024,True,B,A,10,1,B
2,18025,True,A,B,2,1,A
2,18026,True,B,A,4,1,B
2,18027,True,B,A,0,1,A
2,18028,True,A,B,2,1,A
2,18029,True,A,B,1,2,A
2,18030,True,A,B,2,1,B
2,18031,True,A,B,2,0,B
2,18032,True,B,A,4,1,B
2,18033,True,A,B,1,1,A
2,18034,True,A,B,10,1,B
2,18035,True,B,A,2,1,B
2,18036,True,B,A,1,1,B
2,18037,True,A,B,1,1,A
2,18038,True,A,B,0,1,A
2,18039,True,A,B,0,1,A
2,18040,True,B,A,1,1,A
2,18041,True,A,B,2,1,A
2,18042,True,A,B,1,1,A
2,18043,True,A,B,10,1,B
2,18044,True,B,A,2,1,B
2,18045,True,A,B,1,2,B
2,18046,True,A,B,6,1,B
2,18047,True,B,A,2,0,B
2,18048,True,A,B,2,0,B
2,18049,True,A,B,4,1,B
2,18050,True,A,B,1,1,A
2,18051,True,A,B,4,1,B
2,18052,True,B,A,2,1,A
2,18053,False,,,,,
2,18054,True,B,A,1,2,A
2,18055,True,A,B,10,1,B
2,18056,True,A,B,1,2,A
2,18057,False,,,,,
2,18058,True,A,B,10,1,B
2,18059,True,B,A,3,1,B
2,18060,True,A,B,1,2,A
2,18061,True,A,B,0,1,A
2,18062,False,,,,,
2,18063,True,B,A,4,1,B
2,18064,True,B,A,1,1,A
2,18065,True,A,B,1,2,A
2,18066,True,B,A,4,1,B
2,18067,True,B,A,1,1,A
2,18068,True,B,A,10,1,B
2,18069,True,B,A,1,1,A
2,18070,True,A,B,4,1,A
2,18071,True,A,B,2,1,A
2,18072,True,A,B,6,1,B
2,18073,True,B,A,4,1,B
2,18074,True,A,B,4,1,B
2,18075,True,A,B,4,1,B
2,18076,True,B,A,10,1,B
2,18077,True,B,A,4,1,B
2,18078,False,,,,,
2,18079,True,A,B,10,1,B
2,18080,True,A,B,10,1,B
2,18081,True,B,A,6,1,B
2,18082,True,A,B,4,1,B
2,18083,True,A,B,4,1,B
2,18084,True,A,B,4,1,B
2,18085,True,A,B,3,1,B
2,18086,True,B,A,4,1,B
2,18087,True,B,A,10,1,B
2,18088,True,A,B,4,1,B
2,18089,True,B,A,6,1,B
2,18090,True,B,A,2,1,B
2,18091,True,A,B,6,1,B
2,18092,True,A,B,2,1,B
2,18093,True,B,A,4,1,B
2,18094,True,B,A,4,1,B
2,18095,True,B,A,0,1,A
2,18096,True,B,A,2,0,B
2,18097,True,A,B,4,1,B
2,18098,True,B,A,1,1,B
2,18099,True,A,B,10,1,B
2,18100,True,B,A,4,1,B
2,18101,True,A,B,1,2,B
2,18102,True,B,A,6,1,B
2,18103,True,A,B,4,1,B
2,18104,True,B,A,4,1,B
2,18105,True,A,B,4,1,B
2,18106,True,A,B,0,1,A
2,18107,True,B,A,3,1,B
2,18108,True,B,A,1,2,A
2,18109,True,B,A,6,1,B
2,18110,True,B,A,1,2,B
2,18111,True,B,A,2,1,B
2,18112,True,B,A,10,1,B
2,18113,True,A,B,2,1,A
2,18114,True,A,B,1,2,A
2,18115,True,A,B,1,1,A
2,18116,True,A,B,0,1,A
2,18117,True,A,B,4,1,B
2,18118,True,A,B,2,1,B
2,18119,True,A,B,4,1,B
2,18120,True,A,B,0,1,A
2,18121,True,B,A,2,0,B
2,18122,True,B,A,4,1,B
2,18123,True,B,A,10,1,B
2,18124,True,B,A,1,2,A
2,18125,True,A,B,10,1,B
2,18126,True,A,B,3,1,B
2,18127,True,A,B,2,1,B
2,18128,True,B,A,1,2,A
2,18129,True,A,B,3,1,B
2,18130,True,B,A,6,1,B
2,18131,True,B,A,6,1,B
2,18132,True,A,B,2,1,B
2,18133,True,B,A,0,1,A
2,18134,True,A,B,2,1,B
2,18135,True,B,A,10,1,B
2,18136,True,B,A,6,1,B
2,18137,True,A,B,3,1,B
2,18138,True,B,A,10,1,B
2,18139,False,,,,,
2,18140,True,B,A,4,1,B
2,18141,True,A,B,10,1,B
2,18142,True,B,A,1,2,A
2,18143,False,,,,,
2,18144,True,B,A,10,1,B
2,18145,True,A,B,2,1,B
2,18146,True,A,B,6,1,B
2,18147,True,B,A,2,1,A
2,18148,True,A,B,2,0,B
2,18149,True,B,A,2,0,B
2,18150,True,A,B,3,1,B
2,18151,True,A,B,2,1,B
2,18152,True,A,B,10,1,B
2,18153,True,A,B,10,1,B
2,18154,True,B,A,10,1,B
2,18155,True,A,B,1,2,A
2,18156,True,B,A,0,1,A
2,18157,True,B,A,1,1,A
2,18158,True,A,B,0,1,A
2,18159,True,A,B,1,2,A
2,18160,True,A,B,10,1,B
2,18161,True,B,A,10,1,B
2,18162,True,B,A,3,1,A
2,18163,True,A,B,4,1,B
2,18164,True,B,A,1,2,A
2,18165,True,A,B,10,1,B
2,18166,True,B,A,1,2,A
2,18167,True,A,B,0,1,A
2,18168,True,B,A,2,1,A
2,18169,True,B,A,1,2,A
2,18170,True,B,A,0,1,A
2,18171,True,B,A,10,1,B
2,18172,True,A,B,2,0,B
2,18173,True,B,A,1,2,A
2,18174,True,A,B,1,2,A
2,18175,True,B,A,10,1,B
2,18176,True,A,B,6,1,B
2,18177,True,B,A,6,1,B
2,18178,True,A,B,0,1,A
2,18179,True,B,A,1,2,A
2,18180,True,A,B,10,1,B
2,18181,True,B,A,0,1,A
2,18182,True,B,A,10,1,B
2,18183,True,B,A,1,1,A
2,18184,True,A,B,10,1,B
2,18185,True,A,B,10,1,B
2,18186,True,A,B,6,1,B
2,18187,True,B,A,1,2,A
2,18188,True,A,B,2,1,A
2,18189,True,B,A,2,1,A
2,18190,True,B,A,10,1,B
2,18191,True,B,A,2,0,B
2,18192,True,B,A,6,1,B
2,18193,True,B,A,3,1,B
2,18194,True,B,A,10,1,B
2,18195,True,B,A,6,1,B
2,18196,True,B,A,10,1,B
2,18197,True,A,B,2,1,B
2,18198,True,A,B,2,1,B
2,18199,True,B,A,2,1,A
2,18200,True,B,A,6,1,A
2,18201,True,A,B,6,1,B
2,18202,True,B,A,2,1,B
2,18203,True,A,B,10,1,B
2,18204,True,B,A,3,1,A
2,18205,True,A,B,2,0,B
2,18206,True,A,B,4,1,B
2,18207,True,B,A,6,1,B
2,18208,True,B,A,3,1,A
2,18209,True,B,A,6,1,B
2,18210,True,B,A,1,1,A
2,18211,True,A,B,1,1,A
2,18212,True,B,A,4,1,A
2,18213,True,A,B,2,1,B
2,18214,True,B,A,2,1,A
2,18215,True,B,A,2,1,A
2,18216,True,A,B,1,2,A
2,18217,True,B,A,10,1,B
2,18218,True,B,A,6,1,B
2,18219,True,B,A,10,1,B
2,18220,True,A,B,4,1,B
2,18221,True,B,A,0,1,A
2,18222,True,B,A,4,1,B
2,18223,True,A,B,2,1,B
2,18224,True,B,A,10,1,B
2,18225,True,B,A,0,1,A
2,18226,True,A,B,6,1,B
2,18227,True,B,A,4,1,B
2,18228,True,B,A,1,1,A
2,18229,True,A,B,4,1,B
2,18230,True,B,A,10,1,B
2,18231,True,A,B,6,1,B
2,18232,True,B,A,6,1,B
2,18233,True,B,A,6,1,B
2,18234,True,A,B,1,1,A
2,18235,True,B,A,3,1,A
2,18236,True,B,A,4,1,B
2,18237,True,A,B,4,1,B
2,18238,True,A,B,0,1,A
2,18239,True,A,B,2,0,B
2,18240,True,A,B,1,1,A
2,18241,True,B,A,3,1,A
2,18242,True,A,B,1,1,A
2,18243,True,B,A,2,0,B
2,18244,True,A,B,10,1,B
2,18245,True,A,B,1,1,A
2,18246,True,B,A,2,1,A
2,18247,False,,,,,
2,18248,True,A,B,3,1,B
2,18249,True,B,A,2,0,B
2,18250,True,B,A,1,2,A
2,18251,False,,,,,
2,18252,True,B,A,6,1,B
2,18253,True,B,A,0,1,A
2,18254,True,B,A,10,1,B
2,18255,True,A,B,0,1,A
2,18256,True,B,A,1,1,A
2,18257,True,A,B,6,1,B
2,18258,True,B,A,1,2,A
2,18259,True,A,B,1,1,A
2,18260,True,B,A,2,1,A
2,18261,True,B,A,0,1,A
2,18262,False,,,,,
2,18263,True,B,A,4,1,B
2,18264,True,A,B,2,0,B
2,18265,True,A,B,3,1,B
2,18266,True,A,B,1,2,A
2,18267,False,,,,,
2,18268,True,A,B,6,1,B
2,18269,False,,,,,
2,18270,True,A,B,0,1,A
2,18271,False,,,,,
2,18272,True,B,A,1,2,A
2,18273,True,A,B,3,1,B
2,18274,True,B,A,2,0,B
2,18275,True,B,A,6,1,B
2,18276,True,B,A,2,1,A
2,18277,True,B,A,0,1,A
2,18278,True,A,B,1,2,A
2,18279,True,B,A,3,1,B
2,18280,True,A,B,4,1,B
2,18281,True,B,A,3,1,B
2,18282,True,A,B,1,1,B
2,18283,True,A,B,2,0,B
2,18284,True,B,A,1,1,B
2,18285,True,A,B,2,1,B
2,18286,True,B,A,4,1,B
2,18287,True,A,B,0,1,A
2,18288,True,B,A,10,1,B
2,18289,True,A,B,1,2,A
2,18290,True,A,B,0,1,A
2,18291,True,B,A,3,1,B
2,18292,True,A,B,1,1,A
2,18293,False,,,,,
2,18294,True,B,A,10,1,B
2,18295,True,A,B,0,1,A
2,18296,True,A,B,0,1,A
2,18297,True,A,B,1,1,A
2,18298,True,A,B,10,1,B
2,18299,True,B,A,1,1,A
2,18300,True,A,B,1,2,B
2,18301,True,A,B,2,0,B
2,18302,True,A,B,2,0,B
2,18303,True,A,B,2,1,A
2,18304,True,B,A,10,1,B
2,18305,True,A,B,1,1,A
2,18306,True,B,A,3,1,B
2,18307,True,A,B,2,1,B
2,18308,True,A,B,1,2,B
2,18309,True,B,A,2,1,B
2,18310,True,A,B,1,1,A
2,18311,True,A,B,1,1,A
2,18312,True,B,A,2,1,A
2,18313,True,B,A,10,1,B
2,18314,True,B,A,1,2,A
2,18315,True,B,A,0,1,A
2,18316,True,A,B,1,1,A
2,18317,True,B,A,2,0,B
2,18318,False,,,,,
2,18319,True,B,A,1,2,A
2,18320,True,A,B,6,1,B
2,18321,False,,,,,
2,18322,True,B,A,0,1,A
2,18323,True,A,B,1,1,A
2,18324,True,B,A,10,1,B
2,18325,True,B,A,0,1,A
2,18326,True,B,A,2,1,B
2,18327,True,B,A,1,2,A
2,18328,True,B,A,1,2,A
2,18329,True,A,B,1,1,B
2,18330,False,,,,,
2,18331,True,A,B,2,0,B
2,18332,True,B,A,10,1,B
2,18333,True,B,A,2,1,A
2,18334,True,A,B,2,0,B
2,18335,True,A,B,2,0,B
2,18336,True,B,A,2,1,B
2,18337,True,A,B,0,1,A
2,18338,True,A,B,3,1,B
2,18339,True,A,B,10,1,B
2,18340,True,A,B,2,1,B
2,18341,True,B,A,2,1,B
2,18342,True,A,B,10,1,B
2,18343,True,A,B,1,2,A
2,18344,True,A,B,1,2,A
2,18345,True,B,A,1,2,A
2,18346,True,B,A,1,2,A
2,18347,False,,,,,
2,18348,True,B,A,4,1,B
2,18349,True,B,A,4,1,B
2,18350,True,A,B,3,1,B
2,18351,True,B,A,6,1,B
2,18352,True,A,B,6,1,B
2,18353,True,B,A,1,2,A
2,18354,False,,,,,
2,18355,True,A,B,2,0,B
2,18356,True,A,B,4,1,A
2,18357,True,A,B,6,1,B
2,18358,True,B,A,1,2,A
2,18359,True,B,A,4,1,B
2,18360,True,B,A,1,1,A
2,18361,True,B,A,3,1,B
2,18362,True,A,B,4,1,B
2,18363,True,B,A,2,1,A
2,18364,True,A,B,1,1,A
2,18365,True,A,B,6,1,B
2,18366,True,A,B,3,1,B
2,18367,True,A,B,2,0,B
2,18368,True,B,A,3,1,A
2,18369,True,A,B,4,1,B
2,18370,True,A,B,1,1,A
2,18371,True,B,A,2,1,B
2,18372,True,A,B,2,1,A
2,18373,True,B,A,6,1,B
2,18374,True,B,A,0,1,A
2,18375,True,A,B,1,1,A
2,18376,True,B,A,10,1,B
2,18377,True,A,B,4,1,B
2,18378,True,B,A,6,1,B
2,18379,True,A,B,1,2,A
2,18380,True,A,B,2,0,B
2,18381,False,,,,,
2,18382,True,A,B,6,1,B
2,18383,True,B,A,3,1,B
2,18384,True,A,B,1,2,A
2,18385,True,A,B,2,1,B
2,18386,True,A,B,3,1,B
2,18387,True,B,A,10,1,B
2,18388,True,B,A,1,2,A
2,18389,True,B,A,3,1,A
2,18390,True,A,B,1,2,A
2,18391,True,B,A,6,1,B
2,18392,True,B,A,1,1,A
2,18393,True,B,A,1,2,A
2,18394,True,B,A,3,1,B
2,18395,True,A,B,1,2,A
2,18396,True,A,B,1,2,A
2,18397,True,B,A,1,1,A
2,18398,True,B,A,4,1,B
2,18399,False,,,,,
2,18400,True,B,A,1,2,A
2,18401,True,B,A,3,1,B
2,18402,False,,,,,
2,18403,True,B,A,6,1,B
2,18404,True,B,A,2,0,B
2,18405,True,A,B,1,1,A
2,18406,True,A,B,6,1,B
2,18407,True,A,B,2,1,A
2,18408,False,,,,,
2,18409,True,A,B,2,1,B
2,18410,True,B,A,1,1,B
2,18411,False,,,,,
2,18412,True,A,B,0,1,A
2,18413,True,B,A,1,2,A
2,18414,True,B,A,6,1,B
2,18415,True,A,B,2,1,A
2,18416,True,A,B,1,1,A
2,18417,True,B,A,6,1,B
2,18418,True,B,A,2,0,B
2,18419,True,B,A,3,1,B
2,18420,True,A,B,6,1,B
2,18421,True,B,A,2,1,B
2,18422,True,B,A,6,1,B
2,18423,True,B,A,6,1,B
2,18424,True,A,B,2,1,B
2,18425,True,A,B,2,1,B
2,18426,True,B,A,10,1,B
2,18427,True,A,B,2,1,B
2,18428,True,A,B,0,1,A
2,18429,True,B,A,2,1,A
2,18430,True,A,B,0,1,A
2,18431,True,B,A,10,1,B
2,18432,True,B,A,0,1,A
2,18433,True,B,A,2,1,A
2,18434,True,A,B,10,1,B
2,18435,True,A,B,2,1,B
2,18436,False,,,,,
2,18437,True,B,A,0,1,A
2,18438,True,A,B,10,1,B
2,18439,True,A,B,2,0,B
2,18440,True,A,B,2,0,B
2,18441,True,A,B,6,1,B
2,18442,True,A,B,10,1,B
2,18443,True,A,B,0,1,A
2,18444,True,A,B,3,1,B
2,18445,True,B,A,6,1,B
2,18446,True,A,B,1,2,A
2,18447,True,A,B,1,1,B
2,18448,True,A,B,0,1,A
2,18449,True,B,A,1,1,B
2,18450,True,A,B,0,1,A
2,18451,True,B,A,10,1,B
2,18452,True,A,B,3,1,A
2,18453,True,A,B,0,1,A
2,18454,True,B,A,1,2,A
2,18455,True,B,A,2,0,B
2,18456,True,A,B,3,1,B
2,18457,True,B,A,4,1,B
2,18458,True,B,A,3,1,B
2,18459,False,,,,,
2,18460,True,B,A,1,1,A
2,18461,True,B,A,4,1,B
2,18462,True,A,B,1,2,B
2,18463,True,B,A,2,1,B
2,18464,True,A,B,1,2,A
2,18465,True,A,B,10,1,B
2,18466,True,B,A,1,1,A
2,18467,False,,,,,
2,18468,True,B,A,6,1,B
2,18469,True,B,A,0,1,A
2,18470,True,B,A,0,1,A
2,18471,True,B,A,4,1,B
2,18472,True,A,B,6,1,B
2,18473,True,A,B,2,1,A
2,18474,True,B,A,3,1,A
2,18475,True,A,B,2,1,B
2,18476,True,A,B,6,1,B
2,18477,True,A,B,3,1,A
2,18478,True,B,A,3,1,B
2,18479,True,A,B,10,1,B
2,18480,True,A,B,2,1,B
2,18481,True,A,B,0,1,A
2,18482,True,B,A,2,1,A
2,18483,True,A,B,10,1,B
2,18484,True,B,A,6,1,B
2,18485,True,B,A,0,1,A
2,18486,True,B,A,0,1,A
2,18487,True,A,B,6,1,B
2,18488,True,A,B,4,1,B
2,18489,True,B,A,4,1,B
2,18490,True,A,B,6,1,A
2,18491,True,B,A,1,2,A
2,18492,True,A,B,2,1,A
2,18493,True,A,B,0,1,A
2,18494,True,B,A,1,1,A
2,18495,True,B,A,1,2,A
2,18496,True,A,B,1,1,B
2,18497,True,A,B,2,1,B
2,18498,True,B,A,3,1,B
2,18499,True,B,A,6,1,B
2,18500,True,A,B,2,1,B
2,18501,False,,,,,
2,18502,True,A,B,4,1,A
2,18503,True,B,A,10,1,B
2,18504,True,B,A,2,1,B
2,18505,True,A,B,10,1,B
2,18506,True,A,B,0,1,A
2,18507,True,B,A,0,1,A
2,18508,True,A,B,3,1,B
2,18509,True,A,B,6,1,B
2,18510,True,B,A,1,1,A
2,18511,True,B,A,2,0,B
2,18512,True,A,B,10,1,B
2,18513,True,B,A,3,1,B
2,18514,True,B,A,3,1,B
2,18515,True,B,A,0,1,A
2,18516,True,B,A,2,0,B
2,18517,True,B,A,2,1,A
2,18518,False,,,,,
2,18519,True,B,A,10,1,B
2,18520,True,A,B,4,1,B
2,18521,True,B,A,2,1,A
2,18522,True,A,B,6,1,B
2,18523,True,A,B,3,1,B
2,18524,True,A,B,3,1,B
2,18525,True,B,A,2,1,A
2,18526,True,A,B,0,1,A
2,18527,True,B,A,0,1,A
2,18528,True,B,A,0,1,A
2,18529,True,B,A,1,2,A
2,18530,True,B,A,1,1,A
2,18531,True,A,B,4,1,B
2,18532,True,B,A,1,2,A
2,18533,True,B,A,3,1,A
2,18534,True,A,B,1,2,A
2,18535,True,B,A,6,1,B
2,18536,True,A,B,2,0,B
2,18537,True,A,B,6,1,B
2,18538,True,B,A,1,1,A
2,18539,True,A,B,1,2,A
2,18540,True,B,A,3,1,A
2,18541,True,A,B,1,2,A
2,18542,True,A,B,1,1,A
2,18543,True,A,B,1,1,A
2,18544,True,A,B,3,1,B
2,18545,True,B,A,6,1,B
2,18546,True,B,A,0,1,A
2,18547,True,A,B,2,0,B
2,18548,True,A,B,3,1,B
2,18549,True,B,A,1,1,A
2,18550,True,A,B,6,1,B
2,18551,True,A,B,10,1,B
2,18552,True,B,A,0,1,A
2,18553,True,B,A,4,1,B
2,18554,True,B,A,3,1,A
2,18555,True,A,B,6,1,B
2,18556,True,B,A,1,1,B
2,18557,True,B,A,0,1,A
2,18558,True,A,B,3,1,B
2,18559,True,B,A,1,2,A
2,18560,True,B,A,10,1,B
2,18561,True,B,A,2,1,B
2,18562,True,A,B,10,1,B
2,18563,True,B,A,2,1,A
2,18564,True,A,B,2,0,B
2,18565,False,,,,,
2,18566,True,A,B,3,1,B
2,18567,True,A,B,3,1,B
2,18568,True,B,A,6,1,B
2,18569,True,B,A,3,1,B
2,18570,True,A,B,4,1,B
2,18571,True,B,A,4,1,B
2,18572,True,A,B,3,1,B
2,18573,True,A,B,2,0,B
2,18574,True,A,B,2,0,B
2,18575,True,A,B,1,2,A
2,18576,True,B,A,2,1,A
2,18577,True,A,B,10,1,B
2,18578,True,A,B,6,1,B
2,18579,True,B,A,3,1,A
2,18580,False,,,,,
2,18581,False,,,,,
2,18582,True,A,B,1,2,A
2,18583,True,A,B,3,1,B
2,18584,True,B,A,6,1,B
2,18585,True,B,A,3,1,A
2,18586,True,B,A,6,1,B
2,18587,True,A,B,4,1,A
2,18588,True,A,B,3,1,B
2,18589,True,A,B,2,1,B
2,18590,True,A,B,10,1,B
2,18591,True,B,A,6,1,B
2,18592,True,B,A,3,1,A
2,18593,True,B,A,3,1,A
2,18594,True,B,A,1,2,A
2,18595,True,A,B,2,1,B
2,18596,True,A,B,2,1,B
2,18597,True,B,A,2,1,B
2,18598,True,B,A,0,1,A
2,18599,True,A,B,0,1,A
2,18600,True,A,B,2,1,B
2,18601,True,A,B,1,2,A
2,18602,True,B,A,10,1,B
2,18603,True,B,A,6,1,B
2,18604,True,A,B,10,1,B
2,18605,True,A,B,6,1,B
2,18606,True,B,A,0,1,A
2,18607,False,,,,,
2,18608,True,B,A,4,1,A
2,18609,True,A,B,2,0,B
2,18610,True,A,B,1,1,B
2,18611,True,A,B,3,1,B
2,18612,True,B,A,1,2,A
2,18613,True,A,B,2,0,B
2,18614,False,,,,,
2,18615,True,A,B,0,1,A
2,18616,True,B,A,2,1,A
2,18617,True,A,B,6,1,B
2,18618,True,A,B,3,1,B
2,18619,True,B,A,4,1,B
2,18620,False,,,,,
2,18621,True,A,B,10,1,B
2,18622,True,A,B,2,1,A
2,18623,True,B,A,1,1,A
2,18624,True,B,A,10,1,B
2,18625,True,B,A,6,1,B
2,18626,True,B,A,1,2,A
2,18627,True,B,A,4,1,B
2,18628,True,B,A,6,1,B
2,18629,True,A,B,6,1,B
2,18630,True,A,B,2,0,B
2,18631,True,A,B,3,1,B
2,18632,True,A,B,10,1,B
2,18633,True,B,A,3,1,A
2,18634,True,A,B,10,1,B
2,18635,True,B,A,1,2,A
2,18636,True,B,A,1,2,A
2,18637,True,A,B,10,1,B
2,18638,True,A,B,10,1,B
2,18639,True,B,A,2,1,A
2,18640,True,B,A,1,2,A
2,18641,True,B,A,3,1,B
2,18642,True,B,A,2,1,A
2,18643,True,B,A,3,1,A
2,18644,True,A,B,6,1,B
2,18645,True,A,B,10,1,B
2,18646,True,A,B,1,2,A
2,18647,True,A,B,10,1,B
2,18648,False,,,,,
2,18649,True,A,B,10,1,B
2,18650,True,A,B,3,1,A
2,18651,True,A,B,2,0,B
2,18652,True,B,A,6,1,B
2,18653,True,B,A,10,1,B
2,18654,True,B,A,0,1,A
2,18655,True,B,A,2,1,A
2,18656,True,A,B,4,1,B
2,18657,True,A,B,10,1,B
2,18658,True,A,B,6,1,B
2,18659,True,A,B,6,1,B
2,18660,True,B,A,1,2,A
2,18661,True,A,B,2,0,B
2,18662,True,A,B,0,1,A
2,18663,True,B,A,4,1,B
2,18664,True,A,B,4,1,B
2,18665,True,B,A,2,1,A
2,18666,True,B,A,2,1,A
2,18667,True,A,B,1,1,A
2,18668,True,B,A,3,1,B
2,18669,True,A,B,10,1,B
2,18670,True,B,A,1,2,A
2,18671,False,,,,,
2,18672,True,A,B,2,0,B
2,18673,True,B,A,1,1,A
2,18674,True,A,B,6,1,B
2,18675,True,A,B,1,2,A
2,18676,True,A,B,6,1,B
2,18677,True,B,A,10,1,B
2,18678,True,B,A,0,1,A
2,18679,True,A,B,2,1,A
2,18680,True,A,B,4,1,B
2,18681,True,A,B,4,1,B
2,18682,True,B,A,1,2,A
2,18683,True,B,A,2,0,B
2,18684,True,B,A,2,1,A
2,18685,True,B,A,6,1,B
2,18686,True,A,B,10,1,B
2,18687,True,A,B,0,1,A
2,18688,True,A,B,4,1,B
2,18689,True,A,B,1,2,A
2,18690,True,A,B,1,1,B
2,18691,True,A,B,2,0,B
2,18692,True,B,A,2,0,B
2,18693,False,,,,,
2,18694,True,B,A,2,1,A
2,18695,True,B,A,1,2,B
2,18696,True,B,A,0,1,A
2,18697,True,B,A,1,2,A
2,18698,True,B,A,2,1,A
2,18699,True,A,B,2,1,A
2,18700,True,B,A,1,2,A
2,18701,True,B,A,4,1,B
2,18702,True,B,A,2,0,B
2,18703,False,,,,,
2,18704,True,B,A,4,1,B
2,18705,True,B,A,3,1,B
2,18706,True,B,A,2,0,B
2,18707,True,B,A,2,0,B
2,18708,False,,,,,
2,18709,True,B,A,2,0,B
2,18710,True,B,A,2,0,B
2,18711,True,A,B,1,2,A
2,18712,True,B,A,6,1,B
2,18713,True,A,B,0,1,A
2,18714,True,B,A,3,1,B
2,18715,True,A,B,2,1,B
2,18716,True,A,B,4,1,B
2,18717,True,A,B,6,1,B
2,18718,True,A,B,4,1,B
2,18719,True,B,A,1,1,A
2,18720,True,A,B,1,1,A
2,18721,True,B,A,10,1,B
2,18722,True,A,B,10,1,B
2,18723,True,A,B,1,1,A
2,18724,True,A,B,1,2,A
2,18725,True,A,B,0,1,A
2,18726,False,,,,,
2,18727,True,A,B,1,1,A
2,18728,False,,,,,
2,18729,True,B,A,2,0,B
2,18730,True,B,A,0,1,A
2,18731,True,B,A,0,1,A
2,18732,True,B,A,1,2,A
2,18733,True,B,A,0,1,A
2,18734,True,B,A,0,1,A
2,18735,True,A,B,1,2,A
2,18736,True,B,A,2,1,A
2,18737,True,B,A,4,1,B
2,18738,True,A,B,0,1,A
2,18739,True,A,B,1,1,A
2,18740,False,,,,,
2,18741,True,B,A,0,1,A
2,18742,True,A,B,0,1,A
2,18743,True,B,A,10,1,B
2,18744,True,B,A,0,1,A
2,18745,True,B,A,1,2,B
2,18746,True,A,B,2,1,B
2,18747,True,B,A,6,1,B
2,18748,True,A,B,1,1,B
2,18749,True,A,B,1,1,A
2,18750,True,A,B,0,1,A
2,18751,True,B,A,1,2,A
2,18752,True,B,A,2,0,B
2,18753,True,A,B,2,0,B
2,18754,True,A,B,10,1,B
2,18755,True,A,B,3,1,B
2,18756,True,B,A,4,1,B
2,18757,True,A,B,2,1,B
2,18758,True,B,A,2,1,B
2,18759,True,B,A,1,2,A
2,18760,True,A,B,1,1,B
2,18761,True,B,A,0,1,A
2,18762,True,B,A,2,0,B
2,18763,True,A,B,6,1,B
2,18764,True,A,B,1,2,A
2,18765,True,B,A,0,1,A
2,18766,True,A,B,4,1,B
2,18767,True,B,A,2,0,B
2,18768,True,A,B,1,1,B
2,18769,True,B,A,10,1,B
2,18770,False,,,,,
2,18771,True,B,A,6,1,B
2,18772,True,B,A,4,1,B
2,18773,True,A,B,2,1,A
2,18774,True,B,A,1,1,B
2,18775,True,A,B,3,1,A
2,18776,True,B,A,2,1,B
2,18777,True,A,B,1,2,A
2,18778,True,A,B,6,1,B
2,18779,True,B,A,1,1,A
2,18780,True,B,A,10,1,B
2,18781,True,B,A,4,1,B
2,18782,True,A,B,1,1,A
2,18783,True,A,B,6,1,B
2,18784,True,B,A,10,1,B
2,18785,True,A,B,6,1,B
2,18786,True,B,A,2,1,B
2,18787,True,B,A,3,1,B
2,18788,True,A,B,6,1,B
2,18789,True,B,A,1,1,A
2,18790,True,B,A,1,2,A
2,18791,True,B,A,6,1,B
2,18792,True,B,A,2,1,B
2,18793,True,A,B,0,1,A
2,18794,True,A,B,1,1,A
2,18795,True,B,A,3,1,B
2,18796,True,A,B,1,2,A
2,18797,True,B,A,2,1,B
2,18798,True,A,B,6,1,B
2,18799,True,B,A,0,1,A
2,18800,True,A,B,4,1,B
2,18801,True,A,B,1,1,A
2,18802,True,B,A,10,1,B
2,18803,True,A,B,10,1,B
2,18804,True,A,B,3,1,A
2,18805,True,B,A,1,1,A
2,18806,True,A,B,1,2,A
2,18807,True,B,A,2,1,A
2,18808,True,A,B,1,2,A
2,18809,True,B,A,6,1,B
2,18810,True,B,A,6,1,B
2,18811,True,B,A,1,1,A
2,18812,True,A,B,3,1,B
2,18813,True,A,B,1,1,A
2,18814,True,B,A,10,1,B
2,18815,True,A,B,2,1,B
2,18816,True,B,A,3,1,B
2,18817,True,A,B,10,1,B
2,18818,True,B,A,1,1,B
2,18819,True,B,A,1,2,A
2,18820,True,A,B,4,1,B
2,18821,True,A,B,4,1,A
2,18822,True,A,B,2,1,A
2,18823,True,A,B,1,2,A
2,18824,True,A,B,6,1,B
2,18825,True,A,B,10,1,B
2,18826,True,A,B,1,1,A
2,18827,True,A,B,1,2,A
2,18828,False,,,,,
2,18829,True,B,A,0,1,A
2,18830,True,A,B,1,2,A
2,18831,True,A,B,3,1,B
2,18832,True,A,B,10,1,B
2,18833,True,A,B,10,1,B
2,18834,True,B,A,4,1,B
2,18835,True,B,A,2,0,B
2,18836,True,A,B,2,0,B
2,18837,False,,,,,
2,18838,True,A,B,10,1,B
2,18839,False,,,,,
2,18840,True,A,B,0,1,A
2,18841,True,B,A,10,1,B
2,18842,True,B,A,2,0,B
2,18843,True,B,A,6,1,B
2,18844,True,A,B,3,1,B
2,18845,True,A,B,2,1,B
2,18846,True,A,B,3,1,B
2,18847,True,B,A,1,2,A
2,18848,True,B,A,10,1,B
2,18849,True,A,B,3,1,B
2,18850,True,B,A,10,1,B
2,18851,True,A,B,4,1,B
2,18852,True,B,A,6,1,B
2,18853,True,A,B,2,1,B
2,18854,True,B,A,10,1,B
2,18855,True,A,B,0,1,A
2,18856,True,A,B,0,1,A
2,18857,True,B,A,1,1,B
2,18858,True,B,A,1,2,A
2,18859,True,A,B,1,2,A
2,18860,True,A,B,0,1,A
2,18861,True,A,B,0,1,A
2,18862,True,B,A,1,1,A
2,18863,True,B,A,2,1,A
2,18864,True,A,B,1,1,B
2,18865,True,B,A,0,1,A
2,18866,True,B,A,6,1,B
2,18867,True,B,A,1,2,A
2,18868,True,A,B,1,1,A
2,18869,True,B,A,10,1,B
2,18870,True,B,A,2,0,B
2,18871,True,B,A,2,1,A
2,18872,True,B,A,1,2,A
2,18873,True,B,A,0,1,A
2,18874,True,A,B,6,1,B
2,18875,True,B,A,1,2,A
2,18876,True,A,B,1,2,A
2,18877,True,A,B,0,1,A
2,18878,True,B,A,2,0,B
2,18879,True,B,A,1,2,A
2,18880,True,A,B,2,0,B
2,18881,True,A,B,6,1,B
2,18882,True,B,A,6,1,B
2,18883,True,B,A,3,1,A
2,18884,True,B,A,0,1,A
2,18885,True,A,B,1,2,A
2,18886,True,B,A,10,1,B
2,18887,True,A,B,2,0,B
2,18888,True,B,A,6,1,B
2,18889,False,,,,,
2,18890,True,B,A,1,1,A
2,18891,True,A,B,4,1,B
2,18892,True,A,B,1,1,A
2,18893,True,B,A,1,1,A
2,18894,True,A,B,3,1,B
2,18895,True,A,B,6,1,B
2,18896,False,,,,,
2,18897,True,A,B,3,1,B
2,18898,True,A,B,2,1,B
2,18899,True,A,B,4,1,B
2,18900,True,A,B,2,1,B
2,18901,True,A,B,3,1,B
2,18902,True,B,A,0,1,A
2,18903,True,A,B,2,0,B
2,18904,True,A,B,1,2,B
2,18905,True,A,B,3,1,B
2,18906,True,A,B,1,1,B
2,18907,False,,,,,
2,18908,True,A,B,6,1,B
2,18909,True,A,B,10,1,B
2,18910,True,A,B,0,1,A
2,18911,True,A,B,6,1,B
2,18912,True,A,B,10,1,B
2,18913,False,,,,,
2,18914,True,B,A,10,1,B
2,18915,True,B,A,10,1,B
2,18916,True,A,B,2,0,B
2,18917,True,A,B,6,1,B
2,18918,True,A,B,2,1,B
2,18919,True,B,A,6,1,B
2,18920,True,B,A,2,1,B
2,18921,True,A,B,1,2,A
2,18922,True,B,A,2,0,B
2,18923,True,B,A,3,1,A
2,18924,True,B,A,1,2,A
2,18925,True,A,B,1,2,A
2,18926,True,B,A,0,1,A
2,18927,True,B,A,4,1,B
2,18928,True,A,B,2,0,B
2,18929,True,B,A,10,1,B
2,18930,True,A,B,6,1,B
2,18931,True,A,B,0,1,A
2,18932,True,B,A,3,1,B
2,18933,True,A,B,4,1,B
2,18934,True,A,B,2,0,B
2,18935,True,B,A,1,2,A
2,18936,True,A,B,4,1,B
2,18937,True,B,A,10,1,B
2,18938,True,B,A,2,1,B
2,18939,True,B,A,2,0,B
2,18940,True,A,B,2,1,A
2,18941,True,B,A,2,0,B
2,18942,True,B,A,1,1,B
2,18943,True,B,A,1,1,B
2,18944,True,B,A,6,1,B
2,18945,True,B,A,4,1,B
2,18946,True,A,B,1,2,A
2,18947,True,A,B,0,1,A
2,18948,True,A,B,1,2,A
2,18949,True,B,A,6,1,B
2,18950,True,B,A,6,1,A
2,18951,True,A,B,1,2,A
2,18952,True,A,B,10,1,B
2,18953,True,B,A,0,1,A
2,18954,False,,,,,
2,18955,True,A,B,3,1,A
2,18956,True,A,B,6,1,B
2,18957,True,B,A,10,1,B
2,18958,True,B,A,6,1,B
2,18959,True,B,A,0,1,A
2,18960,True,B,A,3,1,B
2,18961,True,A,B,3,1,B
2,18962,True,B,A,3,1,B
2,18963,True,A,B,1,2,A
2,18964,True,A,B,6,1,B
2,18965,True,B,A,4,1,B
2,18966,True,A,B,2,1,A
2,18967,True,A,B,0,1,A
2,18968,True,A,B,1,2,A
2,18969,True,A,B,0,1,A
2,18970,True,B,A,2,1,B
2,18971,True,B,A,2,0,B
2,18972,True,A,B,6,1,B
2,18973,True,B,A,1,2,A
2,18974,True,B,A,4,1,B
2,18975,True,B,A,3,1,B
2,18976,True,A,B,6,1,B
2,18977,True,A,B,1,2,A
2,18978,True,A,B,3,1,B
2,18979,True,A,B,4,1,B
2,18980,True,B,A,4,1,B
2,18981,True,B,A,4,1,B
2,18982,True,B,A,6,1,B
2,18983,True,A,B,4,1,B
2,18984,True,A,B,10,1,B
2,18985,True,B,A,2,1,A
2,18986,True,A,B,3,1,B
2,18987,True,A,B,4,1,B
2,18988,True,B,A,1,1,B
2,18989,True,B,A,2,1,B
2,18990,True,B,A,6,1,B
2,18991,False,,,,,
2,18992,True,B,A,2,1,A
2,18993,True,B,A,6,1,B
2,18994,True,A,B,0,1,A
2,18995,True,A,B,0,1,A
2,18996,True,B,A,1,2,A
2,18997,True,B,A,6,1,B
2,18998,True,A,B,4,1,B
2,18999,True,B,A,3,1,B
2,19000,True,A,B,3,1,B
2,19001,True,A,B,10,1,B
2,19002,True,A,B,6,1,B
2,19003,True,A,B,0,1,A
2,19004,True,B,A,1,2,A
2,19005,True,B,A,10,1,B
2,19006,False,,,,,
2,19007,True,A,B,2,1,A
2,19008,True,A,B,2,1,A
2,19009,True,A,B,3,1,B
2,19010,True,A,B,1,1,A
2,19011,False,,,,,
2,19012,True,A,B,0,1,A
2,19013,True,A,B,6,1,B
2,19014,True,A,B,4,1,B
2,19015,True,B,A,1,2,A
2,19016,True,A,B,10,1,B
2,19017,True,A,B,10,1,B
2,19018,True,B,A,4,1,B
2,19019,True,B,A,4,1,A
2,19020,True,B,A,0,1,A
2,19021,True,B,A,3,1,A
2,19022,True,A,B,10,1,B
2,19023,True,B,A,2,1,A
2,19024,True,A,B,3,1,A
2,19025,True,B,A,2,0,B
2,19026,True,B,A,2,1,A
2,19027,True,B,A,6,1,B
2,19028,True,A,B,1,1,A
2,19029,True,A,B,6,1,B
2,19030,True,B,A,10,1,B
2,19031,True,A,B,6,1,B
2,19032,True,B,A,0,1,A
2,19033,True,A,B,10,1,B
2,19034,True,B,A,2,0,B
2,19035,True,B,A,2,1,A
2,19036,True,A,B,10,1,B
2,19037,True,A,B,6,1,B
2,19038,True,B,A,1,1,A
2,19039,False,,,,,
2,19040,True,A,B,0,1,A
2,19041,True,B,A,6,1,B
2,19042,True,B,A,1,1,A
2,19043,True,B,A,3,1,B
2,19044,True,B,A,6,1,B
2,19045,True,B,A,3,1,B
2,19046,True,B,A,3,1,B
2,19047,True,A,B,6,1,B
2,19048,True,B,A,2,0,B
2,19049,True,B,A,6,1,B
2,19050,True,A,B,4,1,B
2,19051,True,A,B,4,1,B
2,19052,True,B,A,6,1,B
2,19053,True,B,A,0,1,A
2,19054,True,B,A,1,1,A
2,19055,True,B,A,0,1,A
2,19056,True,A,B,6,1,B
2,19057,True,A,B,3,1,B
2,19058,True,B,A,6,1,B
2,19059,True,B,A,0,1,A
2,19060,True,B,A,1,1,B
2,19061,True,A,B,0,1,A
2,19062,True,A,B,0,1,A
2,19063,False,,,,,
2,19064,True,B,A,1,2,A
2,19065,True,B,A,10,1,B
2,19066,False,,,,,
2,19067,True,B,A,10,1,B
2,19068,True,A,B,1,2,A
2,19069,True,B,A,10,1,B
2,19070,True,A,B,10,1,B
2,19071,True,B,A,3,1,B
2,19072,True,B,A,2,0,B
2,19073,True,B,A,0,1,A
2,19074,True,A,B,3,1,B
2,19075,True,A,B,4,1,B
2,19076,True,B,A,1,1,B
2,19077,False,,,,,
2,19078,True,A,B,1,1,A
2,19079,True,B,A,10,1,B
2,19080,False,,,,,
2,19081,True,B,A,3,1,B
2,19082,True,A,B,6,1,B
2,19083,True,B,A,3,1,B
2,19084,True,A,B,6,1,B
2,19085,True,A,B,10,1,B
2,19086,True,A,B,4,1,B
2,19087,True,A,B,10,1,B
2,19088,False,,,,,
2,19089,True,A,B,1,2,A
2,19090,True,B,A,4,1,B
2,19091,True,B,A,3,1,B
2,19092,True,B,A,1,1,B
2,19093,True,A,B,1,1,A
2,19094,True,B,A,6,1,B
2,19095,True,B,A,1,2,A
2,19096,True,B,A,1,1,A
2,19097,True,A,B,4,1,B
2,19098,True,A,B,10,1,B
2,19099,True,A,B,3,1,A
2,19100,True,B,A,2,1,B
2,19101,True,B,A,2,1,B
2,19102,True,A,B,1,1,B
2,19103,True,B,A,10,1,B
2,19104,True,A,B,4,1,B
2,19105,True,B,A,4,1,B
2,19106,True,B,A,2,1,B
2,19107,True,A,B,6,1,B
2,19108,True,A,B,1,2,A
2,19109,True,B,A,2,1,A
2,19110,True,B,A,1,2,B
2,19111,True,B,A,1,2,A
2,19112,True,B,A,2,1,A
2,19113,True,B,A,10,1,B
2,19114,False,,,,,
2,19115,True,B,A,2,0,B
2,19116,True,A,B,3,1,B
2,19117,True,B,A,10,1,B
2,19118,True,B,A,4,1,B
2,19119,True,A,B,10,1,B
2,19120,True,B,A,1,1,B
2,19121,True,A,B,3,1,A
2,19122,True,A,B,2,0,B
2,19123,False,,,,,
2,19124,True,B,A,3,1,B
2,19125,True,A,B,2,1,B
2,19126,True,A,B,1,1,A
2,19127,True,A,B,6,1,B
2,19128,True,A,B,2,1,A
2,19129,True,A,B,2,1,A
2,19130,True,B,A,1,1,A
2,19131,True,A,B,3,1,B
2,19132,True,B,A,6,1,B
2,19133,True,A,B,2,0,B
2,19134,True,A,B,2,0,B
2,19135,True,A,B,3,1,A
2,19136,True,B,A,1,2,B
2,19137,True,B,A,2,0,B
2,19138,True,B,A,1,2,A
2,19139,True,A,B,1,2,A
2,19140,True,B,A,2,1,B
2,19141,True,B,A,3,1,B
2,19142,True,B,A,1,2,A
2,19143,True,A,B,4,1,B
2,19144,True,B,A,1,2,A
2,19145,False,,,,,
2,19146,True,B,A,0,1,A
2,19147,True,B,A,2,1,A
2,19148,True,B,A,1,1,A
2,19149,True,B,A,1,2,A
2,19150,True,B,A,1,1,A
2,19151,True,B,A,6,1,B
2,19152,True,B,A,0,1,A
2,19153,True,A,B,4,1,B
2,19154,True,B,A,4,1,B
2,19155,True,A,B,2,1,B
2,19156,True,A,B,2,0,B
2,19157,True,A,B,10,1,B
2,19158,True,A,B,3,1,A
2,19159,True,B,A,10,1,B
2,19160,True,B,A,1,2,B
2,19161,True,B,A,4,1,B
2,19162,True,B,A,2,0,B
2,19163,True,B,A,2,1,A
2,19164,True,A,B,1,2,A
2,19165,True,A,B,3,1,B
2,19166,True,A,B,10,1,B
2,19167,True,A,B,1,2,A
2,19168,True,A,B,0,1,A
2,19169,True,B,A,1,1,A
2,19170,True,B,A,2,0,B
2,19171,True,A,B,3,1,B
2,19172,True,B,A,4,1,B
2,19173,True,A,B,1,2,A
2,19174,True,B,A,4,1,B
2,19175,True,B,A,3,1,B
2,19176,True,B,A,4,1,A
2,19177,True,B,A,4,1,B
2,19178,False,,,,,
2,19179,True,A,B,2,1,B
2,19180,True,B,A,1,1,B
2,19181,True,B,A,1,2,A
2,19182,True,A,B,6,1,B
2,19183,True,B,A,6,1,B
2,19184,True,B,A,4,1,B
2,19185,True,B,A,2,1,A
2,19186,True,A,B,1,2,A
2,19187,True,A,B,2,0,B
2,19188,True,A,B,1,2,A
2,19189,True,B,A,1,2,A
2,19190,True,B,A,10,1,B
2,19191,False,,,,,
2,19192,True,B,A,4,1,B
2,19193,True,B,A,1,1,A
2,19194,True,B,A,6,1,B
2,19195,True,A,B,0,1,A
2,19196,True,A,B,1,2,A
2,19197,True,B,A,0,1,A
2,19198,True,B,A,1,1,A
2,19199,True,A,B,6,1,B
2,19200,True,B,A,6,1,B
2,19201,True,A,B,6,1,B
2,19202,True,B,A,6,1,B
2,19203,True,B,A,3,1,B
2,19204,True,A,B,4,1,B
2,19205,True,A,B,1,2,B
2,19206,True,A,B,2,1,A
2,19207,True,A,B,2,1,B
2,19208,False,,,,,
2,19209,False,,,,,
2,19210,True,B,A,6,1,B
2,19211,True,A,B,1,2,A
2,19212,True,B,A,3,1,A
2,19213,True,A,B,4,1,B
2,19214,True,B,A,1,2,A
2,19215,False,,,,,
2,19216,True,B,A,6,1,B
2,19217,True,B,A,1,2,A
2,19218,True,A,B,0,1,A
2,19219,True,B,A,1,2,A
2,19220,True,A,B,6,1,B
2,19221,True,B,A,3,1,B
2,19222,True,A,B,6,1,B
2,19223,True,B,A,3,1,B
2,19224,True,A,B,4,1,B
2,19225,True,B,A,6,1,B
2,19226,True,A,B,0,1,A
2,19227,True,A,B,6,1,B
2,19228,False,,,,,
2,19229,True,B,A,3,1,B
2,19230,True,B,A,2,0,B
2,19231,True,B,A,2,1,B
2,19232,True,A,B,4,1,B
2,19233,True,B,A,10,1,B
2,19234,False,,,,,
2,19235,True,B,A,6,1,B
2,19236,True,A,B,10,1,B
2,19237,True,A,B,1,2,A
2,19238,True,A,B,3,1,B
2,19239,True,B,A,10,1,B
2,19240,True,B,A,3,1,B
2,19241,True,B,A,1,1,A
2,19242,True,B,A,2,0,B
2,19243,True,A,B,4,1,B
2,19244,True,B,A,2,1,B
2,19245,True,A,B,1,1,B
2,19246,True,B,A,3,1,B
2,19247,True,A,B,2,0,B
2,19248,True,A,B,1,1,A
2,19249,True,B,A,1,1,A
2,19250,True,B,A,3,1,B
2,19251,True,B,A,1,1,A
2,19252,False,,,,,
2,19253,True,A,B,0,1,A
2,19254,True,B,A,1,1,A
2,19255,True,A,B,0,1,A
2,19256,True,A,B,0,1,A
2,19257,True,A,B,4,1,B
2,19258,True,A,B,1,2,A
2,19259,True,B,A,6,1,B
2,19260,True,A,B,0,1,A
2,19261,True,B,A,2,1,B
2,19262,True,A,B,6,1,B
2,19263,True,B,A,3,1,A
2,19264,True,A,B,3,1,B
2,19265,True,B,A,6,1,B
2,19266,True,B,A,0,1,A
2,19267,True,A,B,1,1,A
2,19268,True,A,B,3,1,B
2,19269,True,B,A,1,2,A
2,19270,False,,,,,
2,19271,True,A,B,10,1,B
2,19272,False,,,,,
2,19273,True,A,B,10,1,B
2,19274,True,B,A,3,1,B
2,19275,True,B,A,1,1,A
2,19276,True,B,A,1,1,A
2,19277,True,A,B,3,1,B
2,19278,True,A,B,3,1,B
2,19279,True,B,A,1,1,A
2,19280,True,B,A,3,1,B
2,19281,True,A,B,3,1,B
2,19282,True,A,B,10,1,B
2,19283,True,B,A,3,1,B
2,19284,True,B,A,1,2,A
2,19285,True,B,A,1,2,A
2,19286,True,B,A,1,1,A
2,19287,True,A,B,4,1,B
2,19288,True,A,B,2,1,B
2,19289,True,B,A,10,1,B
2,19290,True,A,B,10,1,B
2,19291,True,A,B,2,1,B
2,19292,True,A,B,4,1,B
2,19293,True,A,B,3,1,B
2,19294,True,B,A,2,1,A
2,19295,True,B,A,4,1,B
2,19296,True,B,A,3,1,B
2,19297,True,B,A,1,1,A
2,19298,True,A,B,10,1,B
2,19299,True,B,A,1,1,B
2,19300,False,,,,,
2,19301,True,B,A,10,1,B
2,19302,True,A,B,4,1,B
2,19303,True,B,A,10,1,B
2,19304,True,B,A,10,1,B
2,19305,True,A,B,3,1,B
2,19306,True,B,A,3,1,B
2,19307,True,B,A,1,1,A
2,19308,True,A,B,3,1,B
2,19309,True,B,A,1,2,A
2,19310,True,A,B,3,1,B
2,19311,True,A,B,2,0,B
2,19312,True,B,A,3,1,B
2,19313,True,B,A,4,1,B
2,19314,True,B,A,2,0,B
2,19315,True,B,A,4,1,B
2,19316,True,A,B,1,1,B
2,19317,True,B,A,1,2,A
2,19318,True,B,A,2,1,B
2,19319,True,B,A,6,1,B
2,19320,True,A,B,1,2,A
2,19321,True,B,A,10,1,B
2,19322,True,B,A,3,1,B
2,19323,True,A,B,1,1,A
2,19324,True,B,A,2,1,B
2,19325,True,B,A,1,1,A
2,19326,True,B,A,6,1,B
2,19327,True,A,B,1,2,A
2,19328,True,B,A,6,1,B
2,19329,True,B,A,0,1,A
2,19330,True,A,B,2,0,B
2,19331,True,B,A,0,1,A
2,19332,True,B,A,10,1,B
2,19333,True,B,A,6,1,B
2,19334,True,B,A,1,2,A
2,19335,True,B,A,4,1,B
2,19336,True,B,A,4,1,B
2,19337,True,A,B,2,0,B
2,19338,True,B,A,10,1,B
2,19339,True,A,B,4,1,B
2,19340,False,,,,,
2,19341,True,A,B,1,1,B
2,19342,True,B,A,6,1,B
2,19343,True,B,A,1,1,B
2,19344,True,B,A,0,1,A
2,19345,True,B,A,4,1,B
2,19346,True,A,B,4,1,B
2,19347,True,B,A,2,1,A
2,19348,True,A,B,2,0,B
2,19349,True,B,A,2,0,B
2,19350,True,A,B,1,1,A
2,19351,True,B,A,6,1,B
2,19352,True,A,B,4,1,B
2,19353,True,B,A,2,1,A
2,19354,True,A,B,1,2,A
2,19355,True,B,A,2,1,B
2,19356,True,B,A,3,1,B
2,19357,True,A,B,0,1,A
2,19358,True,B,A,3,1,B
2,19359,True,B,A,2,0,B
2,19360,True,B,A,2,1,B
2,19361,True,A,B,1,2,A
2,19362,True,B,A,4,1,B
2,19363,True,B,A,4,1,A
2,19364,True,A,B,3,1,B
2,19365,True,A,B,4,1,B
2,19366,True,A,B,1,1,A
2,19367,True,A,B,0,1,A
2,19368,True,A,B,1,2,B
2,19369,True,B,A,1,2,A
2,19370,False,,,,,
2,19371,True,A,B,2,0,B
2,19372,False,,,,,
2,19373,True,A,B,2,0,B
2,19374,True,B,A,0,1,A
2,19375,True,B,A,2,0,B
2,19376,True,A,B,10,1,B
2,19377,True,A,B,3,1,A
2,19378,False,,,,,
2,19379,True,B,A,4,1,B
2,19380,True,A,B,2,1,B
2,19381,False,,,,,
2,19382,True,B,A,6,1,B
2,19383,True,B,A,1,2,B
2,19384,True,B,A,2,1,A
2,19385,True,B,A,1,2,A
2,19386,True,B,A,2,1,B
2,19387,True,A,B,1,1,A
2,19388,True,A,B,1,2,A
2,19389,True,B,A,10,1,B
2,19390,True,B,A,2,1,A
2,19391,True,B,A,1,1,A
2,19392,True,A,B,6,1,B
2,19393,True,A,B,1,2,A
2,19394,True,A,B,6,1,B
2,19395,True,B,A,1,2,A
2,19396,True,B,A,10,1,B
2,19397,True,A,B,1,1,B
2,19398,True,A,B,1,2,A
2,19399,True,A,B,3,1,A
2,19400,True,B,A,4,1,B
2,19401,True,B,A,0,1,A
2,19402,True,A,B,4,1,B
2,19403,True,A,B,0,1,A
2,19404,True,A,B,4,1,B
2,19405,True,B,A,3,1,A
2,19406,True,B,A,2,0,B
2,19407,True,B,A,1,1,A
2,19408,True,A,B,10,1,B
2,19409,True,A,B,10,1,B
2,19410,True,B,A,2,1,A
2,19411,True,A,B,1,2,A
2,19412,True,B,A,4,1,B
2,19413,True,A,B,10,1,B
2,19414,True,B,A,2,0,B
2,19415,True,A,B,2,1,A
2,19416,True,B,A,1,1,A
2,19417,True,B,A,3,1,B
2,19418,True,B,A,1,1,A
2,19419,True,A,B,6,1,B
2,19420,True,A,B,2,0,B
2,19421,True,A,B,4,1,B
2,19422,True,B,A,1,2,A
2,19423,True,B,A,6,1,B
2,19424,True,A,B,2,1,A
2,19425,True,B,A,3,1,B
2,19426,True,A,B,3,1,B
2,19427,True,A,B,0,1,A
2,19428,True,B,A,3,1,B
2,19429,True,B,A,1,1,B
2,19430,True,A,B,0,1,A
2,19431,True,A,B,10,1,B
2,19432,True,A,B,3,1,B
2,19433,True,A,B,1,1,A
2,19434,False,,,,,
2,19435,True,B,A,1,2,A
2,19436,True,B,A,0,1,A
2,19437,True,B,A,1,1,A
2,19438,True,B,A,3,1,B
2,19439,True,A,B,2,0,B
2,19440,True,A,B,2,0,B
2,19441,True,A,B,2,1,B
2,19442,True,B,A,2,1,A
2,19443,True,A,B,1,1,B
2,19444,True,B,A,1,2,A
2,19445,True,A,B,4,1,B
2,19446,True,B,A,3,1,B
2,19447,True,A,B,6,1,B
2,19448,True,A,B,1,2,B
2,19449,True,A,B,0,1,A
2,19450,True,A,B,1,2,B
2,19451,True,A,B,0,1,A
2,19452,True,B,A,1,2,A
2,19453,True,A,B,0,1,A
2,19454,False,,,,,
2,19455,True,A,B,1,2,A
2,19456,True,A,B,1,2,A
2,19457,True,B,A,1,2,A
2,19458,True,A,B,1,1,A
2,19459,True,B,A,0,1,A
2,19460,False,,,,,
2,19461,True,A,B,2,0,B
2,19462,True,A,B,1,1,B
2,19463,True,A,B,1,2,B
2,19464,True,B,A,2,1,A
2,19465,True,B,A,2,1,A
2,19466,True,B,A,0,1,A
2,19467,True,A,B,0,1,A
2,19468,True,B,A,1,1,B
2,19469,True,B,A,2,1,A
2,19470,True,B,A,1,1,A
2,19471,True,B,A,0,1,A
2,19472,True,A,B,6,1,B
2,19473,True,B,A,2,1,B
2,19474,True,A,B,3,1,A
2,19475,True,A,B,2,1,B
2,19476,True,B,A,1,2,A
2,19477,True,B,A,4,1,B
2,19478,True,A,B,10,1,B
2,19479,True,B,A,4,1,B
2,19480,False,,,,,
2,19481,True,B,A,3,1,B
2,19482,True,B,A,3,1,B
2,19483,True,A,B,2,1,B
2,19484,True,B,A,6,1,B
2,19485,False,,,,,
2,19486,True,A,B,6,1,B
2,19487,True,A,B,1,1,A
2,19488,True,A,B,2,1,A
2,19489,True,A,B,3,1,B
2,19490,True,A,B,10,1,B
2,19491,True,A,B,10,1,B
2,19492,True,B,A,6,1,B
2,19493,True,A,B,1,2,A
2,19494,True,A,B,3,1,A
2,19495,True,A,B,0,1,A
2,19496,True,A,B,1,2,A
2,19497,True,A,B,6,1,B
2,19498,True,B,A,2,1,B
2,19499,True,A,B,3,1,A
2,19500,True,A,B,0,1,A
2,19501,True,A,B,2,1,B
2,19502,True,B,A,4,1,B
2,19503,True,A,B,0,1,A
2,19504,True,A,B,2,0,B
2,19505,True,B,A,1,1,A
2,19506,True,B,A,0,1,A
2,19507,False,,,,,
2,19508,False,,,,,
2,19509,True,A,B,0,1,A
2,19510,True,A,B,6,1,B
2,19511,True,B,A,4,1,B
2,19512,True,B,A,10,1,B
2,19513,True,B,A,0,1,A
2,19514,True,B,A,2,0,B
2,19515,True,B,A,4,1,B
2,19516,False,,,,,
2,19517,True,B,A,6,1,B
2,19518,True,A,B,4,1,B
2,19519,True,A,B,4,1,B
2,19520,True,B,A,2,0,B
2,19521,True,B,A,2,0,B
2,19522,True,B,A,4,1,B
2,19523,True,A,B,4,1,B
2,19524,True,B,A,6,1,B
2,19525,True,B,A,6,1,B
2,19526,True,A,B,4,1,B
2,19527,True,A,B,2,1,B
2,19528,True,B,A,1,2,A
2,19529,True,B,A,1,1,B
2,19530,True,A,B,2,1,A
2,19531,True,A,B,10,1,B
2,19532,True,A,B,0,1,A
2,19533,True,B,A,10,1,B
2,19534,True,A,B,0,1,A
2,19535,True,B,A,2,0,B
2,19536,True,B,A,6,1,B
2,19537,True,B,A,6,1,B
2,19538,True,A,B,6,1,B
2,19539,True,B,A,3,1,B
2,19540,True,A,B,6,1,B
2,19541,True,A,B,3,1,B
2,19542,True,B,A,4,1,B
2,19543,True,A,B,1,2,A
2,19544,True,A,B,2,1,B
2,19545,True,A,B,3,1,B
2,19546,True,B,A,10,1,B
2,19547,True,B,A,4,1,B
2,19548,True,A,B,10,1,B
2,19549,True,B,A,3,1,B
2,19550,True,B,A,10,1,B
2,19551,True,B,A,10,1,B
2,19552,True,B,A,10,1,B
2,19553,True,A,B,4,1,B
2,19554,True,B,A,2,1,B
2,19555,True,B,A,10,1,B
2,19556,False,,,,,
2,19557,True,A,B,0,1,A
2,19558,True,B,A,3,1,B
2,19559,True,A,B,3,1,B
2,19560,True,A,B,3,1,B
2,19561,True,B,A,3,1,B
2,19562,True,A,B,1,1,A
2,19563,True,B,A,1,2,A
2,19564,True,B,A,10,1,B
2,19565,True,A,B,3,1,B
2,19566,True,A,B,4,1,B
2,19567,True,B,A,3,1,B
2,19568,False,,,,,
2,19569,False,,,,,
2,19570,True,B,A,4,1,B
2,19571,True,A,B,0,1,A
2,19572,True,A,B,1,2,A
2,19573,True,B,A,10,1,B
2,19574,True,A,B,3,1,B
2,19575,True,B,A,2,1,A
2,19576,True,B,A,0,1,A
2,19577,True,A,B,0,1,A
2,19578,True,B,A,2,1,B
2,19579,True,A,B,2,1,B
2,19580,True,A,B,10,1,B
2,19581,True,A,B,1,2,A
2,19582,True,A,B,0,1,A
2,19583,True,B,A,1,1,A
2,19584,True,A,B,3,1,B
2,19585,True,B,A,0,1,A
2,19586,True,A,B,3,1,B
2,19587,True,A,B,10,1,B
2,19588,True,B,A,10,1,B
2,19589,True,A,B,0,1,A
2,19590,True,A,B,2,1,A
2,19591,True,B,A,6,1,B
2,19592,True,A,B,2,0,B
2,19593,True,B,A,4,1,B
2,19594,True,A,B,4,1,B
2,19595,True,A,B,0,1,A
2,19596,True,A,B,0,1,A
2,19597,True,A,B,10,1,B
2,19598,True,A,B,2,0,B
2,19599,True,B,A,10,1,B
2,19600,True,B,A,1,1,B
2,19601,True,B,A,4,1,B
2,19602,True,B,A,6,1,B
2,19603,True,B,A,1,1,A
2,19604,True,B,A,3,1,B
2,19605,True,A,B,2,0,B
2,19606,True,B,A,4,1,B
2,19607,True,B,A,6,1,B
2,19608,True,A,B,2,1,A
2,19609,True,A,B,1,2,A
2,19610,True,B,A,3,1,B
2,19611,False,,,,,
2,19612,True,B,A,2,1,A
2,19613,True,A,B,2,0,B
2,19614,True,B,A,4,1,B
2,19615,True,A,B,1,2,A
2,19616,True,B,A,1,2,A
2,19617,True,A,B,6,1,B
2,19618,True,A,B,10,1,B
2,19619,True,A,B,0,1,A
2,19620,True,A,B,2,1,A
2,19621,True,A,B,3,1,B
2,19622,True,A,B,10,1,B
2,19623,True,A,B,10,1,B
2,19624,True,A,B,0,1,A
2,19625,True,A,B,3,1,B
2,19626,True,A,B,10,1,B
2,19627,True,A,B,4,1,A
2,19628,True,B,A,4,1,B
2,19629,True,B,A,2,1,A
2,19630,True,B,A,1,2,A
2,19631,True,B,A,1,2,A
2,19632,True,B,A,0,1,A
2,19633,True,A,B,4,1,B
2,19634,True,A,B,2,1,A
2,19635,True,B,A,1,1,A
2,19636,True,B,A,1,1,A
2,19637,True,B,A,0,1,A
2,19638,True,B,A,4,1,B
2,19639,True,A,B,10,1,B
2,19640,True,A,B,3,1,A
2,19641,True,B,A,10,1,B
2,19642,True,A,B,2,1,A
2,19643,True,B,A,1,1,A
2,19644,True,B,A,10,1,B
2,19645,True,A,B,0,1,A
2,19646,True,A,B,4,1,B
2,19647,True,B,A,1,2,A
2,19648,True,B,A,0,1,A
2,19649,True,A,B,1,2,A
2,19650,False,,,,,
2,19651,True,B,A,4,1,B
2,19652,True,B,A,3,1,B
2,19653,True,B,A,4,1,B
2,19654,True,B,A,1,2,A
2,19655,True,A,B,4,1,A
2,19656,True,B,A,1,1,B
2,19657,True,A,B,1,1,B
2,19658,True,B,A,2,1,B
2,19659,True,A,B,0,1,A
2,19660,True,B,A,4,1,B
2,19661,True,B,A,6,1,B
2,19662,True,A,B,4,1,B
2,19663,True,B,A,10,1,B
2,19664,True,A,B,2,1,A
2,19665,True,B,A,2,0,B
2,19666,True,A,B,1,1,A
2,19667,True,B,A,10,1,B
2,19668,True,A,B,1,2,A
2,19669,False,,,,,
2,19670,True,B,A,1,1,A
2,19671,True,B,A,0,1,A
2,19672,True,A,B,1,2,A
2,19673,True,A,B,2,1,B
2,19674,True,A,B,2,0,B
2,19675,True,A,B,6,1,B
2,19676,True,B,A,3,1,A
2,19677,True,B,A,1,2,B
2,19678,True,A,B,2,0,B
2,19679,True,A,B,1,1,B
2,19680,True,A,B,3,1,B
2,19681,True,B,A,10,1,B
2,19682,True,A,B,0,1,A
2,19683,False,,,,,
2,19684,True,B,A,3,1,B
2,19685,False,,,,,
2,19686,True,B,A,1,1,A
2,19687,True,B,A,3,1,B
2,19688,True,B,A,1,2,A
2,19689,True,B,A,2,1,A
2,19690,True,B,A,10,1,B
2,19691,True,A,B,10,1,B
2,19692,True,B,A,4,1,B
2,19693,True,A,B,2,1,A
2,19694,True,B,A,3,1,A
2,19695,True,B,A,4,1,B
2,19696,True,B,A,1,2,B
2,19697,True,A,B,1,1,A
2,19698,True,A,B,2,1,B
2,19699,True,B,A,2,0,B
2,19700,True,B,A,2,0,B
2,19701,True,B,A,10,1,B
2,19702,True,A,B,0,1,A
2,19703,True,A,B,4,1,B
2,19704,True,B,A,4,1,B
2,19705,False,,,,,
2,19706,True,A,B,10,1,B
2,19707,True,B,A,2,0,B
2,19708,True,B,A,4,1,B
2,19709,True,B,A,1,1,A
2,19710,True,B,A,6,1,B
2,19711,False,,,,,
2,19712,True,B,A,1,2,A
2,19713,True,A,B,2,1,B
2,19714,True,B,A,4,1,B
2,19715,True,A,B,1,1,A
2,19716,True,A,B,3,1,B
2,19717,True,A,B,1,2,A
2,19718,True,A,B,6,1,B
2,19719,True,A,B,6,1,B
2,19720,True,B,A,1,2,A
2,19721,True,B,A,3,1,B
2,19722,True,B,A,3,1,A
2,19723,True,A,B,2,1,A
2,19724,True,A,B,0,1,A
2,19725,True,A,B,10,1,B
2,19726,True,A,B,10,1,B
2,19727,True,A,B,4,1,B
2,19728,True,B,A,0,1,A
2,19729,True,A,B,0,1,A
2,19730,True,B,A,10,1,B
2,19731,True,B,A,6,1,B
2,19732,True,B,A,2,1,A
2,19733,True,B,A,2,1,A
2,19734,True,B,A,1,1,A
2,19735,True,B,A,4,1,B
2,19736,True,A,B,1,1,A
2,19737,True,B,A,2,0,B
2,19738,True,A,B,1,1,A
2,19739,True,A,B,1,2,A
2,19740,True,A,B,10,1,B
2,19741,True,B,A,2,0,B
2,19742,True,A,B,2,0,B
2,19743,True,B,A,3,1,B
2,19744,True,A,B,0,1,A
2,19745,True,A,B,10,1,B
2,19746,True,B,A,2,1,B
2,19747,True,A,B,2,1,A
2,19748,True,A,B,1,1,A
2,19749,True,B,A,6,1,B
2,19750,True,B,A,4,1,B
2,19751,True,B,A,1,2,A
2,19752,True,A,B,1,2,A
2,19753,True,A,B,6,1,B
2,19754,True,B,A,3,1,B
2,19755,True,B,A,0,1,A
2,19756,True,A,B,4,1,B
2,19757,True,A,B,2,1,B
2,19758,True,B,A,3,1,B
2,19759,True,A,B,4,1,B
2,19760,True,A,B,2,0,B
2,19761,True,B,A,0,1,A
2,19762,True,A,B,1,2,A
2,19763,True,A,B,1,1,A
2,19764,True,B,A,0,1,A
2,19765,True,B,A,10,1,B
2,19766,True,B,A,3,1,B
2,19767,True,B,A,4,1,B
2,19768,True,A,B,1,1,A
2,19769,True,B,A,2,1,A
2,19770,True,B,A,10,1,B
2,19771,True,B,A,4,1,B
2,19772,True,B,A,4,1,B
2,19773,False,,,,,
2,19774,True,A,B,10,1,B
2,19775,True,B,A,1,1,B
2,19776,True,B,A,2,0,B
2,19777,True,A,B,6,1,B
2,19778,True,A,B,0,1,A
2,19779,True,A,B,2,1,B
2,19780,True,A,B,1,1,A
2,19781,True,B,A,4,1,B
2,19782,True,B,A,4,1,B
2,19783,True,A,B,1,2,A
2,19784,True,A,B,1,2,A
2,19785,False,,,,,
2,19786,True,A,B,2,1,A
2,19787,True,A,B,2,1,A
2,19788,True,B,A,1,2,A
2,19789,True,A,B,1,2,A
2,19790,True,B,A,4,1,B
2,19791,True,B,A,2,1,A
2,19792,True,A,B,4,1,B
2,19793,True,A,B,3,1,B
2,19794,True,B,A,2,1,B
2,19795,True,B,A,4,1,B
2,19796,True,A,B,4,1,B
2,19797,False,,,,,
2,19798,True,A,B,1,2,A
2,19799,True,B,A,4,1,B
2,19800,True,A,B,4,1,B
2,19801,True,B,A,1,1,A
2,19802,True,B,A,2,0,B
2,19803,True,B,A,3,1,A
2,19804,True,A,B,0,1,A
2,19805,True,A,B,2,1,A
2,19806,True,B,A,3,1,B
2,19807,True,B,A,6,1,B
2,19808,True,B,A,2,0,B
2,19809,False,,,,,
2,19810,True,A,B,2,1,A
2,19811,True,A,B,1,2,A
2,19812,True,B,A,2,0,B
2,19813,True,B,A,6,1,B
2,19814,True,A,B,2,0,B
2,19815,True,A,B,0,1,A
2,19816,True,A,B,3,1,A
2,19817,True,B,A,1,2,A
2,19818,True,B,A,1,2,A
2,19819,True,A,B,1,1,A
2,19820,True,B,A,10,1,B
2,19821,True,B,A,1,1,A
2,19822,True,A,B,2,1,A
2,19823,False,,,,,
2,19824,True,B,A,2,0,B
2,19825,True,B,A,2,1,B
2,19826,True,A,B,4,1,B
2,19827,True,A,B,1,1,A
2,19828,True,B,A,1,1,A
2,19829,True,B,A,3,1,B
2,19830,True,B,A,4,1,B
2,19831,True,B,A,6,1,B
2,19832,True,A,B,1,1,A
2,19833,True,B,A,2,1,B
2,19834,False,,,,,
2,19835,True,A,B,1,1,A
2,19836,True,B,A,6,1,B
2,19837,True,B,A,1,1,A
2,19838,True,B,A,6,1,B
2,19839,True,B,A,6,1,B
2,19840,True,A,B,4,1,B
2,19841,True,A,B,10,1,B
2,19842,True,B,A,4,1,B
2,19843,True,A,B,2,1,A
2,19844,True,A,B,2,1,A
2,19845,True,B,A,6,1,B
2,19846,True,A,B,6,1,B
2,19847,True,A,B,3,1,B
2,19848,True,B,A,1,2,A
2,19849,True,B,A,0,1,A
2,19850,True,B,A,6,1,B
2,19851,True,B,A,0,1,A
2,19852,True,A,B,0,1,A
2,19853,True,B,A,2,0,B
2,19854,False,,,,,
2,19855,True,B,A,6,1,B
2,19856,True,B,A,1,1,A
2,19857,True,B,A,2,1,A
2,19858,True,B,A,10,1,B
2,19859,True,A,B,10,1,B
2,19860,True,B,A,1,2,A
2,19861,True,B,A,10,1,B
2,19862,True,B,A,1,2,A
2,19863,True,A,B,1,1,A
2,19864,True,B,A,0,1,A
2,19865,True,A,B,6,1,B
2,19866,True,B,A,1,1,A
2,19867,True,B,A,2,1,B
2,19868,True,A,B,10,1,B
2,19869,False,,,,,
2,19870,True,B,A,0,1,A
2,19871,True,B,A,2,1,A
2,19872,True,A,B,4,1,B
2,19873,True,A,B,3,1,B
2,19874,True,A,B,0,1,A
2,19875,True,B,A,2,0,B
2,19876,False,,,,,
2,19877,True,B,A,6,1,B
2,19878,True,A,B,10,1,B
2,19879,True,B,A,4,1,B
2,19880,True,A,B,10,1,B
2,19881,True,A,B,4,1,B
2,19882,True,A,B,0,1,A
2,19883,False,,,,,
2,19884,True,A,B,1,2,A
2,19885,True,B,A,4,1,B
2,19886,True,B,A,6,1,B
2,19887,True,A,B,3,1,B
2,19888,True,A,B,3,1,A
2,19889,True,A,B,3,1,A
2,19890,True,B,A,10,1,B
2,19891,True,A,B,2,0,B
2,19892,True,B,A,4,1,B
2,19893,True,B,A,1,2,A
2,19894,True,A,B,10,1,B
2,19895,True,A,B,6,1,B
2,19896,True,A,B,2,0,B
2,19897,True,B,A,1,2,B
2,19898,True,B,A,1,1,A
2,19899,True,A,B,0,1,A
2,19900,True,B,A,2,0,B
2,19901,True,A,B,1,1,A
2,19902,True,B,A,1,1,B
2,19903,True,B,A,1,2,A
2,19904,True,B,A,6,1,B
2,19905,True,A,B,1,2,A
2,19906,True,B,A,1,2,A
2,19907,True,B,A,2,1,A
2,19908,True,B,A,10,1,B
2,19909,True,B,A,10,1,B
2,19910,True,A,B,10,1,B
2,19911,True,B,A,0,1,A
2,19912,True,B,A,2,1,A
2,19913,True,B,A,2,0,B
2,19914,True,B,A,2,1,A
2,19915,True,B,A,6,1,B
2,19916,True,B,A,1,1,A
2,19917,True,A,B,1,1,A
2,19918,True,A,B,0,1,A
2,19919,True,A,B,1,1,A
2,19920,True,B,A,3,1,B
2,19921,True,A,B,0,1,A
2,19922,True,B,A,1,2,A
2,19923,True,A,B,4,1,B
2,19924,True,A,B,1,2,A
2,19925,True,B,A,0,1,A
2,19926,True,B,A,3,1,A
2,19927,True,A,B,10,1,B
2,19928,True,B,A,1,1,A
2,19929,True,A,B,2,1,B
2,19930,True,A,B,2,0,B
2,19931,True,A,B,2,1,B
2,19932,True,A,B,1,1,B
2,19933,True,B,A,2,1,A
2,19934,True,A,B,4,1,B
2,19935,True,A,B,10,1,B
2,19936,True,A,B,1,1,A
2,19937,True,A,B,4,1,B
2,19938,True,B,A,1,2,A
2,19939,True,A,B,10,1,B
2,19940,True,B,A,6,1,B
2,19941,True,A,B,6,1,B
2,19942,True,B,A,1,2,A
2,19943,True,A,B,4,1,A
2,19944,True,A,B,6,1,B
2,19945,True,B,A,1,1,A
2,19946,False,,,,,
2,19947,True,A,B,2,1,B
2,19948,True,B,A,10,1,B
2,19949,True,B,A,6,1,B
2,19950,True,B,A,4,1,B
2,19951,True,A,B,10,1,B
2,19952,True,A,B,1,1,A
2,19953,True,A,B,10,1,B
2,19954,True,A,B,4,1,B
2,19955,True,B,A,10,1,B
2,19956,True,A,B,0,1,A
2,19957,True,A,B,1,1,A
2,19958,True,A,B,0,1,A
2,19959,True,B,A,1,1,A
2,19960,True,A,B,2,1,A
2,19961,True,A,B,2,1,B
2,19962,True,A,B,3,1,B
2,19963,True,A,B,1,2,A
2,19964,True,B,A,10,1,B
2,19965,True,B,A,1,1,A
2,19966,True,A,B,4,1,B
2,19967,True,B,A,6,1,B
2,19968,True,B,A,2,1,B
2,19969,True,A,B,1,2,A
2,19970,True,B,A,10,1,B
2,19971,True,A,B,4,1,B
2,19972,True,B,A,0,1,A
2,19973,True,A,B,2,1,B
2,19974,True,A,B,1,1,A
2,19975,True,A,B,1,1,A
2,19976,True,A,B,10,1,B
2,19977,True,A,B,1,1,A
2,19978,True,B,A,0,1,A
2,19979,True,B,A,1,2,A
2,19980,True,A,B,3,1,B
2,19981,True,A,B,2,0,B
2,19982,True,B,A,6,1,B
2,19983,True,A,B,6,1,B
2,19984,True,B,A,1,1,A
2,19985,True,A,B,4,1,B
2,19986,True,B,A,4,1,A
2,19987,True,A,B,2,1,B
2,19988,True,B,A,3,1,A
2,19989,True,A,B,2,1,A
2,19990,True,A,B,0,1,A
2,19991,True,B,A,6,1,B
2,19992,True,B,A,2,0,B
2,19993,True,A,B,10,1,B
2,19994,True,B,A,2,1,A
2,19995,True,A,B,6,1,B
2,19996,True,B,A,2,0,B
2,19997,True,A,B,1,1,A
2,19998,True,A,B,2,0,B
2,19999,True,B,A,6,1,B
2,20000,True,A,B,0,1,A
3,20001,True,B,A,4,1,B
3,20002,True,A,B,1,2,A
3,20003,True,B,A,0,1,A
3,20004,True,A,B,3,1,B
3,20005,True,B,A,4,1,B
3,20006,True,A,B,1,2,A
3,20007,True,B,A,0,1,A
3,20008,True,A,B,3,1,B
3,20009,True,B,A,3,1,A
3,20010,True,A,B,1,2,A
3,20011,True,A,B,2,1,B
3,20012,True,A,B,0,1,A
3,20013,False,,,,,
3,20014,True,B,A,2,1,B
3,20015,True,B,A,6,1,B
3,20016,True,A,B,2,0,B
3,20017,True,A,B,2,1,A
3,20018,True,A,B,1,2,A
3,20019,True,A,B,4,1,B
3,20020,True,B,A,1,2,A
3,20021,True,B,A,4,1,B
3,20022,True,A,B,6,1,B
3,20023,True,A,B,4,1,B
3,20024,True,B,A,6,1,A
3,20025,True,B,A,10,1,B
3,20026,True,A,B,10,1,B
3,20027,True,A,B,1,1,A
3,20028,True,A,B,4,1,B
3,20029,True,B,A,1,2,A
3,20030,True,B,A,2,1,A
3,20031,True,B,A,3,1,B
3,20032,True,A,B,1,1,B
3,20033,True,B,A,2,1,A
3,20034,True,A,B,1,1,B
3,20035,True,B,A,1,1,A
3,20036,True,B,A,1,2,A
3,20037,True,A,B,2,1,A
3,20038,True,B,A,2,1,A
3,20039,True,A,B,2,1,A
3,20040,False,,,,,
3,20041,True,A,B,10,1,B
3,20042,True,B,A,4,1,B
3,20043,True,A,B,1,1,A
3,20044,True,A,B,10,1,B
3,20045,True,A,B,6,1,B
3,20046,True,B,A,1,1,A
3,20047,True,B,A,6,1,B
3,20048,True,A,B,1,1,A
3,20049,True,B,A,6,1,B
3,20050,True,A,B,1,2,A
3,20051,True,B,A,1,2,A
3,20052,True,B,A,1,1,A
3,20053,True,A,B,1,1,A
3,20054,True,A,B,10,1,B
3,20055,True,A,B,2,0,B
3,20056,True,A,B,2,0,B
3,20057,False,,,,,
3,20058,True,B,A,6,1,B
3,20059,True,B,A,6,1,B
3,20060,True,A,B,0,1,A
3,20061,True,B,A,3,1,B
3,20062,True,B,A,3,1,B
3,20063,True,A,B,0,1,A
3,20064,True,A,B,0,1,A
3,20065,True,A,B,6,1,B
3,20066,False,,,,,
3,20067,True,B,A,4,1,B
3,20068,True,B,A,1,1,A
3,20069,False,,,,,
3,20070,True,B,A,6,1,B
3,20071,True,A,B,2,0,B
3,20072,True,B,A,2,1,B
3,20073,True,B,A,10,1,B
3,20074,False,,,,,
3,20075,True,B,A,2,0,B
3,20076,True,A,B,2,0,B
3,20077,True,A,B,3,1,B
3,20078,True,A,B,1,1,A
3,20079,True,A,B,2,1,A
3,20080,True,B,A,10,1,B
3,20081,False,,,,,
3,20082,True,B,A,0,1,A
3,20083,True,B,A,6,1,B
3,20084,True,B,A,3,1,A
3,20085,True,B,A,2,0,B
3,20086,True,B,A,1,1,A
3,20087,True,A,B,0,1,A
3,20088,True,B,A,6,1,B
3,20089,True,A,B,1,2,A
3,20090,False,,,,,
3,20091,True,B,A,2,0,B
3,20092,True,B,A,6,1,B
3,20093,True,A,B,1,1,A
3,20094,True,B,A,2,1,A
3,20095,True,B,A,10,1,B
3,20096,True,B,A,2,1,B
3,20097,True,A,B,6,1,B
3,20098,True,A,B,1,2,A
3,20099,True,B,A,3,1,A
3,20100,True,A,B,2,1,B
3,20101,True,B,A,6,1,B
3,20102,True,B,A,10,1,B
3,20103,True,B,A,6,1,B
3,20104,True,B,A,2,1,B
3,20105,True,A,B,6,1,B
3,20106,True,B,A,10,1,B
3,20107,False,,,,,
3,20108,True,B,A,1,2,A
3,20109,True,B,A,6,1,B
3,20110,True,B,A,1,1,B
3,20111,True,B,A,4,1,B
3,20112,True,A,B,1,1,B
3,20113,True,A,B,4,1,B
3,20114,True,B,A,2,1,A
3,20115,True,B,A,2,0,B
3,20116,True,A,B,2,1,A
3,20117,True,B,A,1,2,A
3,20118,True,B,A,1,2,A
3,20119,True,A,B,10,1,B
3,20120,False,,,,,
3,20121,True,B,A,1,2,B
3,20122,True,A,B,10,1,B
3,20123,True,A,B,6,1,B
3,20124,True,A,B,0,1,A
3,20125,True,A,B,0,1,A
3,20126,True,B,A,1,1,A
3,20127,True,A,B,1,1,A
3,20128,True,A,B,1,2,A
3,20129,True,B,A,2,1,A
3,20130,True,B,A,3,1,B
3,20131,True,A,B,2,0,B
3,20132,True,A,B,3,1,B
3,20133,True,A,B,1,2,A
3,20134,True,A,B,10,1,B
3,20135,True,A,B,4,1,B
3,20136,True,B,A,2,1,A
3,20137,True,B,A,1,1,A
3,20138,True,B,A,0,1,A
3,20139,True,B,A,0,1,A
3,20140,True,A,B,3,1,B
3,20141,True,B,A,2,0,B
3,20142,True,A,B,6,1,B
3,20143,True,B,A,0,1,A
3,20144,True,A,B,4,1,B
3,20145,True,A,B,3,1,B
3,20146,True,A,B,1,1,A
3,20147,True,A,B,1,2,A
3,20148,True,B,A,1,2,A
3,20149,True,B,A,4,1,B
3,20150,True,A,B,4,1,B
3,20151,True,A,B,3,1,B
3,20152,True,A,B,1,1,A
3,20153,True,A,B,4,1,B
3,20154,True,B,A,1,1,A
3,20155,True,A,B,0,1,A
3,20156,True,B,A,6,1,B
3,20157,True,B,A,2,0,B
3,20158,True,B,A,10,1,B
3,20159,True,A,B,10,1,B
3,20160,True,A,B,1,2,A
3,20161,False,,,,,
3,20162,True,B,A,1,2,A
3,20163,True,B,A,3,1,B
3,20164,True,A,B,4,1,B
3,20165,True,B,A,2,1,B
3,20166,True,A,B,1,1,A
3,20167,True,B,A,2,1,A
3,20168,True,B,A,1,1,A
3,20169,True,A,B,1,1,A
3,20170,True,B,A,2,1,B
3,20171,True,B,A,0,1,A
3,20172,True,A,B,6,1,B
3,20173,True,A,B,10,1,B
3,20174,False,,,,,
3,20175,True,B,A,2,0,B
3,20176,True,A,B,2,1,A
3,20177,True,A,B,1,2,A
3,20178,True,A,B,1,2,A
3,20179,True,B,A,1,1,A
3,20180,True,B,A,1,1,A
3,20181,True,B,A,6,1,B
3,20182,True,B,A,3,1,B
3,20183,True,A,B,3,1,B
3,20184,True,A,B,2,0,B
3,20185,True,B,A,4,1,B
3,20186,True,A,B,6,1,B
3,20187,True,B,A,0,1,A
3,20188,True,A,B,4,1,B
3,20189,True,B,A,4,1,B
3,20190,True,A,B,4,1,B
3,20191,True,A,B,1,1,A
3,20192,True,A,B,1,2,A
3,20193,True,B,A,10,1,B
3,20194,True,A,B,0,1,A
3,20195,True,B,A,1,1,A
3,20196,True,A,B,10,1,B
3,20197,True,B,A,4,1,B
3,20198,True,B,A,6,1,B
3,20199,True,A,B,1,1,A
3,20200,True,B,A,1,1,A
3,20201,True,B,A,6,1,B
3,20202,True,B,A,10,1,B
3,20203,True,A,B,2,0,B
3,20204,True,A,B,1,2,A
3,20205,True,B,A,1,1,B
3,20206,True,B,A,6,1,B
3,20207,True,B,A,2,0,B
3,20208,True,A,B,4,1,B
3,20209,True,A,B,1,2,A
3,20210,True,A,B,2,1,A
3,20211,True,B,A,1,2,A
3,20212,True,A,B,2,0,B
3,20213,True,A,B,1,1,A
3,20214,True,B,A,3,1,B
3,20215,True,A,B,6,1,B
3,20216,True,B,A,6,1,B
3,20217,True,B,A,2,1,B
3,20218,True,B,A,10,1,B
3,20219,True,A,B,2,0,B
3,20220,True,B,A,10,1,B
3,20221,True,A,B,0,1,A
3,20222,True,A,B,2,0,B
3,20223,True,A,B,0,1,A
3,20224,True,B,A,4,1,B
3,20225,True,A,B,1,2,A
3,20226,True,B,A,2,1,B
3,20227,True,A,B,0,1,A
3,20228,True,A,B,1,2,A
3,20229,True,A,B,1,1,B
3,20230,True,B,A,6,1,B
3,20231,True,A,B,2,1,A
3,20232,False,,,,,
3,20233,True,B,A,10,1,B
3,20234,True,B,A,6,1,B
3,20235,True,B,A,2,1,A
3,20236,True,A,B,0,1,A
3,20237,True,B,A,1,1,A
3,20238,True,A,B,10,1,B
3,20239,True,A,B,1,2,A
3,20240,True,A,B,6,1,B
3,20241,True,B,A,4,1,B
3,20242,True,B,A,1,1,A
3,20243,True,B,A,2,1,A
3,20244,True,B,A,10,1,B
3,20245,True,B,A,6,1,B
3,20246,True,B,A,1,1,A
3,20247,True,B,A,1,1,B
3,20248,True,B,A,2,1,B
3,20249,True,A,B,1,2,A
3,20250,True,A,B,2,1,A
3,20251,True,A,B,4,1,B
3,20252,True,B,A,10,1,B
3,20253,True,A,B,10,1,B
3,20254,True,A,B,3,1,A
3,20255,True,B,A,6,1,B
3,20256,True,B,A,2,0,B
3,20257,True,B,A,6,1,B
3,20258,True,A,B,10,1,B
3,20259,False,,,,,
3,20260,True,B,A,2,1,A
3,20261,True,B,A,2,1,B
3,20262,True,B,A,1,1,A
3,20263,True,B,A,2,1,A
3,20264,True,B,A,4,1,B
3,20265,True,B,A,2,0,B
3,20266,True,B,A,3,1,A
3,20267,True,A,B,1,1,A
3,20268,True,A,B,2,1,A
3,20269,True,B,A,10,1,B
3,20270,False,,,,,
3,20271,True,A,B,6,1,B
3,20272,True,A,B,1,1,A
3,20273,True,B,A,0,1,A
3,20274,True,B,A,6,1,B
3,20275,True,A,B,4,1,B
3,20276,True,A,B,1,1,A
3,20277,True,B,A,6,1,B
3,20278,True,B,A,3,1,B
3,20279,True,A,B,2,1,A
3,20280,True,A,B,1,2,A
3,20281,True,B,A,2,0,B
3,20282,True,A,B,3,1,A
3,20283,True,B,A,2,0,B
3,20284,True,B,A,2,1,B
3,20285,True,B,A,1,1,A
3,20286,True,B,A,2,1,B
3,20287,True,A,B,10,1,B
3,20288,True,A,B,3,1,B
3,20289,True,A,B,1,2,A
3,20290,True,B,A,0,1,A
3,20291,True,B,A,2,0,B
3,20292,True,B,A,0,1,A
3,20293,True,A,B,4,1,B
3,20294,True,A,B,10,1,B
3,20295,True,A,B,3,1,B
3,20296,True,B,A,2,0,B
3,20297,True,B,A,0,1,A
3,20298,True,B,A,1,1,B
3,20299,False,,,,,
3,20300,True,A,B,2,0,B
3,20301,True,B,A,2,0,B
3,20302,True,A,B,10,1,B
3,20303,True,A,B,3,1,B
3,20304,True,B,A,10,1,B
3,20305,True,A,B,4,1,B
3,20306,True,A,B,4,1,B
3,20307,True,A,B,1,2,A
3,20308,True,B,A,0,1,A
3,20309,True,B,A,3,1,B
3,20310,True,A,B,0,1,A
3,20311,True,A,B,4,1,B
3,20312,True,A,B,1,1,A
3,20313,True,A,B,2,1,A
3,20314,True,A,B,1,1,A
3,20315,True,B,A,4,1,B
3,20316,True,B,A,4,1,A
3,20317,True,B,A,3,1,B
3,20318,True,A,B,1,2,A
3,20319,True,A,B,3,1,A
3,20320,True,A,B,1,1,A
3,20321,True,A,B,1,2,A
3,20322,True,B,A,1,1,A
3,20323,True,B,A,2,0,B
3,20324,True,B,A,1,2,A
3,20325,True,B,A,0,1,A
3,20326,True,B,A,1,2,A
3,20327,True,A,B,6,1,B
3,20328,True,B,A,1,1,A
3,20329,True,B,A,3,1,B
3,20330,True,B,A,3,1,B
3,20331,True,A,B,1,2,A
3,20332,True,A,B,10,1,B
3,20333,True,A,B,2,0,B
3,20334,True,A,B,0,1,A
3,20335,True,B,A,0,1,A
3,20336,False,,,,,
3,20337,True,A,B,4,1,B
3,20338,True,A,B,2,0,B
3,20339,True,B,A,6,1,B
3,20340,True,A,B,3,1,B
3,20341,True,A,B,6,1,B
3,20342,True,A,B,10,1,B
3,20343,True,A,B,3,1,A
3,20344,True,A,B,10,1,B
3,20345,True,B,A,1,1,B
3,20346,True,B,A,2,0,B
3,20347,True,B,A,4,1,B
3,20348,True,A,B,1,2,A
3,20349,True,B,A,4,1,B
3,20350,True,A,B,2,0,B
3,20351,True,B,A,3,1,B
3,20352,True,A,B,0,1,A
3,20353,True,B,A,1,1,A
3,20354,True,B,A,1,2,A
3,20355,True,B,A,4,1,B
3,20356,True,B,A,1,1,A
3,20357,True,B,A,6,1,B
3,20358,True,A,B,10,1,B
3,20359,True,B,A,1,1,A
3,20360,True,A,B,1,1,A
3,20361,True,B,A,4,1,B
3,20362,True,A,B,6,1,B
3,20363,True,A,B,0,1,A
3,20364,True,A,B,1,1,A
3,20365,True,B,A,4,1,B
3,20366,True,B,A,2,0,B
3,20367,True,B,A,1,1,B
3,20368,True,A,B,1,2,A
3,20369,True,A,B,1,2,A
3,20370,True,B,A,1,2,A
3,20371,True,A,B,10,1,B
3,20372,True,A,B,10,1,B
3,20373,True,B,A,0,1,A
3,20374,True,B,A,1,2,B
3,20375,True,A,B,2,1,A
3,20376,True,B,A,2,0,B
3,20377,False,,,,,
3,20378,True,B,A,4,1,B
3,20379,True,A,B,3,1,B
3,20380,True,B,A,4,1,B
3,20381,False,,,,,
3,20382,True,A,B,1,1,A
3,20383,True,B,A,0,1,A
3,20384,True,B,A,4,1,A
3,20385,True,B,A,2,1,A
3,20386,True,B,A,0,1,A
3,20387,True,A,B,3,1,B
3,20388,True,A,B,1,1,A
3,20389,True,A,B,0,1,A
3,20390,True,A,B,1,1,A
3,20391,True,A,B,1,1,A
3,20392,True,B,A,2,1,A
3,20393,True,B,A,0,1,A
3,20394,True,B,A,2,0,B
3,20395,True,A,B,2,0,B
3,20396,False,,,,,
3,20397,True,A,B,3,1,B
3,20398,True,B,A,3,1,B
3,20399,True,B,A,1,1,A
3,20400,True,B,A,2,1,B
3,20401,True,B,A,1,2,B
3,20402,True,B,A,10,1,B
3,20403,True,A,B,1,2,A
3,20404,True,B,A,1,1,A
3,20405,True,A,B,1,2,A
3,20406,True,A,B,2,0,B
3,20407,True,B,A,4,1,B
3,20408,True,A,B,4,1,B
3,20409,False,,,,,
3,20410,True,B,A,6,1,B
3,20411,False,,,,,
3,20412,True,B,A,6,1,B
3,20413,True,A,B,1,1,B
3,20414,False,,,,,
3,20415,True,A,B,4,1,B
3,20416,True,A,B,1,1,A
3,20417,True,A,B,2,1,A
3,20418,True,B,A,10,1,B
3,20419,True,A,B,2,0,B
3,20420,True,B,A,1,2,A
3,20421,True,B,A,2,0,B
3,20422,True,B,A,0,1,A
3,20423,False,,,,,
3,20424,True,B,A,3,1,B
3,20425,True,B,A,3,1,B
3,20426,True,B,A,1,2,A
3,20427,True,B,A,1,2,A
3,20428,True,A,B,1,2,A
3,20429,False,,,,,
3,20430,True,A,B,1,2,A
3,20431,True,A,B,2,1,B
3,20432,True,B,A,10,1,B
3,20433,True,B,A,4,1,B
3,20434,True,A,B,1,2,A
3,20435,True,A,B,3,1,B
3,20436,True,B,A,1,1,A
3,20437,True,A,B,3,1,B
3,20438,True,A,B,1,1,B
3,20439,True,A,B,0,1,A
3,20440,True,B,A,3,1,B
3,20441,True,A,B,1,1,A
3,20442,True,B,A,2,1,A
3,20443,True,A,B,0,1,A
3,20444,True,A,B,4,1,B
3,20445,True,B,A,6,1,B
3,20446,True,A,B,6,1,B
3,20447,False,,,,,
3,20448,True,A,B,2,1,B
3,20449,True,B,A,2,1,A
3,20450,True,B,A,2,1,A
3,20451,False,,,,,
3,20452,True,B,A,1,2,A
3,20453,True,A,B,1,1,A
3,20454,True,B,A,4,1,B
3,20455,False,,,,,
3,20456,True,B,A,2,0,B
3,20457,True,A,B,4,1,B
3,20458,True,A,B,4,1,B
3,20459,True,A,B,3,1,B
3,20460,True,A,B,10,1,B
3,20461,True,B,A,1,1,A
3,20462,True,B,A,1,2,A
3,20463,True,A,B,3,1,A
3,20464,True,A,B,2,1,B
3,20465,False,,,,,
3,20466,True,B,A,1,2,A
3,20467,True,B,A,2,1,A
3,20468,True,A,B,10,1,B
3,20469,True,B,A,3,1,B
3,20470,True,A,B,2,1,B
3,20471,False,,,,,
3,20472,True,B,A,0,1,A
3,20473,True,A,B,1,2,A
3,20474,True,B,A,1,1,A
3,20475,True,A,B,2,0,B
3,20476,True,B,A,1,2,A
3,20477,True,B,A,4,1,B
3,20478,True,A,B,4,1,B
3,20479,True,B,A,1,2,B
3,20480,True,A,B,2,1,B
3,20481,True,A,B,0,1,A
3,20482,True,B,A,4,1,B
3,20483,True,B,A,6,1,B
3,20484,True,B,A,3,1,B
3,20485,True,A,B,2,0,B
3,20486,True,A,B,6,1,B
3,20487,True,A,B,6,1,B
3,20488,True,A,B,2,0,B
3,20489,True,A,B,1,2,A
3,20490,True,A,B,1,1,A
3,20491,True,A,B,4,1,B
3,20492,True,A,B,2,1,A
3,20493,True,A,B,1,1,B
3,20494,True,A,B,10,1,B
3,20495,True,A,B,2,0,B
3,20496,True,A,B,3,1,A
3,20497,False,,,,,
3,20498,True,B,A,4,1,B
3,20499,True,A,B,10,1,B
3,20500,True,B,A,0,1,A
3,20501,True,B,A,2,0,B
3,20502,True,A,B,0,1,A
3,20503,True,B,A,1,1,A
3,20504,True,B,A,1,1,A
3,20505,True,B,A,2,1,A
3,20506,True,B,A,2,1,B
3,20507,True,B,A,2,0,B
3,20508,True,B,A,4,1,B
3,20509,True,A,B,1,2,A
3,20510,True,A,B,2,0,B
3,20511,True,A,B,6,1,B
3,20512,True,A,B,6,1,A
3,20513,True,A,B,1,1,A
3,20514,True,A,B,6,1,B
3,20515,True,A,B,2,0,B
3,20516,True,A,B,10,1,B
3,20517,True,A,B,1,1,A
3,20518,False,,,,,
3,20519,True,A,B,6,1,A
3,20520,True,A,B,2,0,B
3,20521,True,A,B,0,1,A
3,20522,True,B,A,4,1,B
3,20523,True,A,B,0,1,A
3,20524,True,A,B,0,1,A
3,20525,True,B,A,2,1,B
3,20526,True,B,A,0,1,A
3,20527,True,A,B,1,1,A
3,20528,True,B,A,1,1,B
3,20529,True,B,A,1,1,A
3,20530,True,A,B,0,1,A
3,20531,True,A,B,2,0,B
3,20532,True,B,A,4,1,B
3,20533,True,A,B,0,1,A
3,20534,True,A,B,0,1,A
3,20535,True,B,A,10,1,B
3,20536,True,B,A,1,2,A
3,20537,True,A,B,10,1,B
3,20538,True,B,A,10,1,B
3,20539,True,B,A,0,1,A
3,20540,True,B,A,3,1,B
3,20541,True,A,B,10,1,B
3,20542,True,A,B,2,1,A
3,20543,True,A,B,1,1,A
3,20544,True,A,B,2,0,B
3,20545,False,,,,,
3,20546,True,A,B,6,1,B
3,20547,True,B,A,3,1,B
3,20548,True,B,A,3,1,B
3,20549,True,B,A,1,1,A
3,20550,True,A,B,2,1,B
3,20551,True,B,A,2,0,B
3,20552,True,A,B,1,1,B
3,20553,True,B,A,1,1,A
3,20554,True,B,A,6,1,B
3,20555,True,B,A,4,1,B
3,20556,True,A,B,10,1,B
3,20557,True,A,B,10,1,B
3,20558,True,B,A,10,1,B
3,20559,True,B,A,1,1,A
3,20560,True,A,B,4,1,B
3,20561,True,A,B,0,1,A
3,20562,True,B,A,6,1,B
3,20563,True,A,B,3,1,B
3,20564,True,B,A,1,1,A
3,20565,True,B,A,1,1,A
3,20566,True,A,B,3,1,A
3,20567,True,B,A,2,0,B
3,20568,True,B,A,1,1,A
3,20569,True,B,A,2,0,B
3,20570,True,B,A,0,1,A
3,20571,True,B,A,4,1,B
3,20572,True,A,B,4,1,B
3,20573,True,B,A,4,1,B
3,20574,True,B,A,1,1,A
3,20575,True,A,B,1,2,A
3,20576,True,B,A,1,1,A
3,20577,True,A,B,6,1,B
3,20578,True,A,B,0,1,A
3,20579,True,A,B,10,1,B
3,20580,True,A,B,2,1,A
3,20581,True,A,B,10,1,B
3,20582,True,A,B,1,2,A
3,20583,True,A,B,10,1,B
3,20584,True,B,A,2,0,B
3,20585,True,B,A,3,1,A
3,20586,False,,,,,
3,20587,True,A,B,2,1,B
3,20588,True,B,A,0,1,A
3,20589,True,A,B,4,1,B
3,20590,True,B,A,1,1,B
3,20591,True,B,A,2,0,B
3,20592,True,B,A,1,1,B
3,20593,True,A,B,10,1,B
3,20594,True,B,A,4,1,B
3,20595,False,,,,,
3,20596,True,A,B,3,1,B
3,20597,True,A,B,3,1,B
3,20598,True,A,B,3,1,B
3,20599,True,B,A,1,2,A
3,20600,True,A,B,6,1,B
3,20601,True,A,B,0,1,A
3,20602,True,B,A,4,1,A
3,20603,True,B,A,1,2,A
3,20604,True,B,A,3,1,A
3,20605,True,A,B,4,1,B
3,20606,True,B,A,3,1,B
3,20607,True,B,A,4,1,B
3,20608,True,B,A,10,1,B
3,20609,True,B,A,10,1,B
3,20610,False,,,,,
3,20611,True,A,B,2,1,B
3,20612,True,A,B,3,1,B
3,20613,True,B,A,10,1,B
3,20614,True,A,B,3,1,B
3,20615,False,,,,,
3,20616,True,A,B,1,1,B
3,20617,True,A,B,2,1,B
3,20618,True,B,A,6,1,B
3,20619,True,B,A,2,1,A
3,20620,True,B,A,2,1,A
3,20621,True,B,A,3,1,A
3,20622,True,B,A,4,1,B
3,20623,True,B,A,1,2,A
3,20624,True,B,A,4,1,B
3,20625,True,B,A,2,0,B
3,20626,True,B,A,0,1,A
3,20627,True,A,B,2,0,B
3,20628,True,B,A,10,1,B
3,20629,True,B,A,10,1,B
3,20630,False,,,,,
3,20631,True,B,A,6,1,B
3,20632,True,A,B,6,1,B
3,20633,True,A,B,4,1,B
3,20634,True,A,B,4,1,B
3,20635,True,B,A,4,1,B
3,20636,True,A,B,0,1,A
3,20637,False,,,,,
3,20638,True,B,A,4,1,B
3,20639,True,A,B,1,1,A
3,20640,True,B,A,0,1,A
3,20641,True,B,A,1,1,A
3,20642,True,B,A,6,1,B
3,20643,True,B,A,1,1,A
3,20644,True,B,A,6,1,B
3,20645,True,B,A,6,1,B
3,20646,True,A,B,2,0,B
3,20647,True,B,A,6,1,B
3,20648,True,B,A,0,1,A
3,20649,True,A,B,10,1,B
3,20650,True,A,B,1,2,A
3,20651,True,A,B,4,1,B
3,20652,False,,,,,
3,20653,True,A,B,3,1,A
3,20654,True,A,B,4,1,B
3,20655,True,B,A,3,1,B
3,20656,True,A,B,6,1,B
3,20657,True,B,A,1,2,A
3,20658,True,A,B,4,1,B
3,20659,True,B,A,1,1,A
3,20660,True,A,B,1,2,A
3,20661,True,B,A,6,1,B
3,20662,True,A,B,3,1,B
3,20663,True,B,A,1,1,A
3,20664,True,A,B,3,1,B
3,20665,True,B,A,0,1,A
3,20666,True,B,A,10,1,B
3,20667,False,,,,,
3,20668,True,B,A,2,0,B
3,20669,True,B,A,1,1,A
3,20670,True,B,A,4,1,B
3,20671,True,B,A,10,1,B
3,20672,True,B,A,1,1,A
3,20673,True,A,B,1,1,B
3,20674,True,B,A,3,1,B
3,20675,True,A,B,0,1,A
3,20676,True,A,B,0,1,A
3,20677,True,B,A,2,1,A
3,20678,True,B,A,6,1,B
3,20679,True,B,A,1,2,B
3,20680,True,A,B,4,1,B
3,20681,True,B,A,6,1,B
3,20682,True,A,B,0,1,A
3,20683,True,A,B,1,1,B
3,20684,False,,,,,
3,20685,True,A,B,0,1,A
3,20686,True,A,B,3,1,B
3,20687,True,A,B,1,1,B
3,20688,True,A,B,0,1,A
3,20689,True,A,B,1,1,B
3,20690,True,B,A,2,0,B
3,20691,True,B,A,10,1,B
3,20692,False,,,,,
3,20693,False,,,,,
3,20694,True,A,B,2,0,B
3,20695,True,A,B,1,2,A
3,20696,True,B,A,10,1,B
3,20697,True,A,B,2,0,B
3,20698,True,A,B,1,1,A
3,20699,True,B,A,10,1,B
3,20700,True,A,B,1,1,A
3,20701,True,A,B,0,1,A
3,20702,True,B,A,0,1,A
3,20703,True,B,A,1,1,A
3,20704,True,A,B,0,1,A
3,20705,True,A,B,1,1,A
3,20706,True,A,B,1,2,B
3,20707,True,A,B,1,1,B
3,20708,True,B,A,4,1,B
3,20709,True,B,A,1,1,A
3,20710,True,A,B,6,1,B
3,20711,True,B,A,6,1,B
3,20712,True,A,B,1,1,A
3,20713,True,A,B,1,2,A
3,20714,True,A,B,2,1,A
3,20715,True,B,A,2,0,B
3,20716,True,A,B,10,1,B
3,20717,True,A,B,10,1,B
3,20718,True,B,A,1,2,A
3,20719,True,A,B,1,1,A
3,20720,True,B,A,10,1,B
3,20721,True,A,B,6,1,B
3,20722,True,A,B,10,1,B
3,20723,True,A,B,0,1,A
3,20724,True,B,A,2,1,B
3,20725,True,B,A,1,2,B
3,20726,True,B,A,1,2,A
3,20727,True,B,A,2,1,B
3,20728,True,A,B,1,2,A
3,20729,True,A,B,2,1,A
3,20730,True,A,B,10,1,B
3,20731,False,,,,,
3,20732,True,B,A,1,1,B
3,20733,True,A,B,2,1,A
3,20734,True,B,A,4,1,B
3,20735,True,B,A,10,1,B
3,20736,True,B,A,4,1,B
3,20737,True,B,A,2,0,B
3,20738,True,A,B,4,1,A
3,20739,True,B,A,1,1,B
3,20740,True,A,B,6,1,B
3,20741,True,B,A,6,1,B
3,20742,True,B,A,6,1,B
3,20743,True,A,B,3,1,B
3,20744,True,A,B,3,1,B
3,20745,True,A,B,3,1,B
3,20746,False,,,,,
3,20747,True,A,B,6,1,B
3,20748,True,A,B,6,1,B
3,20749,False,,,,,
3,20750,False,,,,,
3,20751,True,B,A,6,1,B
3,20752,True,A,B,1,1,B
3,20753,False,,,,,
3,20754,True,A,B,4,1,B
3,20755,True,B,A,4,1,B
3,20756,True,A,B,1,2,A
3,20757,False,,,,,
3,20758,False,,,,,
3,20759,True,A,B,1,1,A
3,20760,True,B,A,3,1,B
3,20761,True,B,A,6,1,B
3,20762,True,A,B,1,2,A
3,20763,True,A,B,6,1,B
3,20764,True,A,B,2,0,B
3,20765,True,B,A,2,1,A
3,20766,True,A,B,1,2,A
3,20767,True,B,A,4,1,B
3,20768,False,,,,,
3,20769,True,B,A,3,1,A
3,20770,True,A,B,6,1,B
3,20771,True,A,B,1,1,A
3,20772,True,A,B,3,1,B
3,20773,True,A,B,10,1,B
3,20774,True,A,B,2,1,A
3,20775,True,A,B,6,1,B
3,20776,True,A,B,1,2,A
3,20777,True,A,B,1,1,A
3,20778,True,A,B,4,1,B
3,20779,True,A,B,1,2,A
3,20780,True,B,A,2,1,B
3,20781,True,A,B,2,1,A
3,20782,True,A,B,3,1,B
3,20783,True,A,B,3,1,A
3,20784,True,A,B,3,1,A
3,20785,True,A,B,2,1,B
3,20786,True,A,B,3,1,B
3,20787,True,A,B,3,1,B
3,20788,True,A,B,2,0,B
3,20789,True,A,B,6,1,B
3,20790,True,A,B,1,2,B
3,20791,True,B,A,3,1,B
3,20792,True,A,B,1,2,B
3,20793,True,A,B,1,1,A
3,20794,True,B,A,1,1,A
3,20795,True,A,B,4,1,B
3,20796,True,A,B,6,1,B
3,20797,True,B,A,2,0,B
3,20798,True,B,A,6,1,B
3,20799,True,B,A,6,1,B
3,20800,True,B,A,3,1,A
3,20801,True,B,A,1,1,A
3,20802,True,A,B,4,1,B
3,20803,True,B,A,10,1,B
3,20804,True,B,A,2,0,B
3,20805,True,B,A,0,1,A
3,20806,True,B,A,2,0,B
3,20807,True,B,A,2,1,A
3,20808,True,B,A,4,1,B
3,20809,True,A,B,10,1,B
3,20810,True,A,B,6,1,B
3,20811,True,A,B,4,1,B
3,20812,True,B,A,3,1,B
3,20813,True,B,A,6,1,B
3,20814,True,B,A,10,1,B
3,20815,True,A,B,1,1,A
3,20816,True,B,A,6,1,B
3,20817,True,B,A,0,1,A
3,20818,True,A,B,2,0,B
3,20819,True,A,B,0,1,A
3,20820,True,A,B,2,1,B
3,20821,True,B,A,6,1,B
3,20822,True,B,A,3,1,B
3,20823,True,A,B,2,0,B
3,20824,True,A,B,3,1,B
3,20825,True,B,A,4,1,B
3,20826,True,B,A,3,1,B
3,20827,True,B,A,3,1,A
3,20828,True,A,B,1,2,A
3,20829,True,A,B,4,1,B
3,20830,True,B,A,6,1,B
3,20831,False,,,,,
3,20832,True,B,A,1,1,A
3,20833,True,B,A,1,2,A
3,20834,True,B,A,1,2,A
3,20835,True,B,A,1,1,B
3,20836,True,B,A,1,2,A
3,20837,True,B,A,1,1,B
3,20838,True,B,A,1,1,A
3,20839,True,B,A,2,1,A
3,20840,True,B,A,0,1,A
3,20841,True,A,B,1,1,B
3,20842,True,B,A,2,1,A
3,20843,True,A,B,6,1,B
3,20844,True,A,B,6,1,B
3,20845,True,A,B,10,1,B
3,20846,True,B,A,1,2,A
3,20847,True,A,B,6,1,B
3,20848,True,B,A,0,1,A
3,20849,True,A,B,1,2,A
3,20850,True,B,A,1,1,A
3,20851,True,A,B,10,1,B
3,20852,True,A,B,6,1,B
3,20853,True,B,A,0,1,A
3,20854,True,A,B,4,1,B
3,20855,True,B,A,2,0,B
3,20856,True,B,A,4,1,B
3,20857,True,A,B,3,1,B
3,20858,True,A,B,2,0,B
3,20859,True,A,B,4,1,B
3,20860,True,A,B,1,1,A
3,20861,True,B,A,0,1,A
3,20862,True,B,A,2,1,A
3,20863,True,A,B,1,2,A
3,20864,True,B,A,6,1,B
3,20865,True,A,B,2,0,B
3,20866,True,B,A,1,1,A
3,20867,True,A,B,0,1,A
3,20868,True,B,A,1,1,A
3,20869,True,A,B,2,1,B
3,20870,True,A,B,1,1,A
3,20871,True,B,A,4,1,B
3,20872,True,A,B,2,1,A
3,20873,True,B,A,10,1,B
3,20874,True,B,A,1,2,A
3,20875,True,A,B,4,1,B
3,20876,True,A,B,1,1,A
3,20877,True,A,B,6,1,B
3,20878,True,A,B,1,1,A
3,20879,True,A,B,3,1,B
3,20880,True,B,A,2,1,B
3,20881,True,A,B,6,1,B
3,20882,True,B,A,1,1,A
3,20883,True,A,B,1,2,A
3,20884,True,B,A,1,1,A
3,20885,True,B,A,1,2,A
3,20886,True,A,B,1,2,B
3,20887,True,A,B,3,1,B
3,20888,True,A,B,6,1,B
3,20889,True,A,B,1,2,A
3,20890,False,,,,,
3,20891,True,B,A,0,1,A
3,20892,True,B,A,1,1,A
3,20893,True,A,B,0,1,A
3,20894,True,A,B,1,1,A
3,20895,True,A,B,4,1,B
3,20896,True,B,A,0,1,A
3,20897,True,A,B,6,1,B
3,20898,True,B,A,1,1,A
3,20899,True,A,B,4,1,B
3,20900,True,A,B,2,0,B
3,20901,True,A,B,1,2,A
3,20902,True,B,A,10,1,B
3,20903,True,A,B,6,1,B
3,20904,True,A,B,10,1,B
3,20905,True,B,A,3,1,A
3,20906,True,B,A,1,2,A
3,20907,True,A,B,2,0,B
3,20908,True,A,B,2,1,A
3,20909,True,B,A,3,1,B
3,20910,True,A,B,2,1,A
3,20911,True,A,B,6,1,B
3,20912,True,A,B,3,1,A
3,20913,True,A,B,4,1,B
3,20914,True,B,A,1,1,A
3,20915,True,B,A,6,1,B
3,20916,True,A,B,2,1,B
3,20917,True,A,B,0,1,A
3,20918,False,,,,,
3,20919,True,A,B,1,1,A
3,20920,True,B,A,10,1,B
3,20921,True,A,B,0,1,A
3,20922,True,B,A,2,0,B
3,20923,True,A,B,2,1,A
3,20924,True,A,B,10,1,B
3,20925,False,,,,,
3,20926,True,A,B,0,1,A
3,20927,True,B,A,2,1,B
3,20928,True,B,A,0,1,A
3,20929,True,A,B,10,1,B
3,20930,True,A,B,0,1,A
3,20931,True,A,B,10,1,B
3,20932,True,B,A,4,1,B
3,20933,True,B,A,6,1,B
3,20934,True,B,A,6,1,B
3,20935,True,A,B,10,1,B
3,20936,True,A,B,0,1,A
3,20937,True,A,B,1,1,A
3,20938,True,B,A,2,0,B
3,20939,True,A,B,0,1,A
3,20940,True,B,A,6,1,B
3,20941,True,B,A,4,1,B
3,20942,True,A,B,1,2,A
3,20943,True,A,B,2,1,B
3,20944,True,A,B,4,1,B
3,20945,True,A,B,0,1,A
3,20946,True,B,A,1,1,B
3,20947,True,B,A,0,1,A
3,20948,True,B,A,3,1,A
3,20949,True,B,A,4,1,B
3,20950,True,A,B,2,1,A
3,20951,True,A,B,3,1,B
3,20952,True,B,A,3,1,B
3,20953,False,,,,,
3,20954,True,A,B,3,1,A
3,20955,False,,,,,
3,20956,True,A,B,0,1,A
3,20957,True,B,A,10,1,B
3,20958,False,,,,,
3,20959,True,A,B,4,1,B
3,20960,True,B,A,3,1,B
3,20961,True,A,B,6,1,B
3,20962,True,B,A,10,1,B
3,20963,True,B,A,6,1,B
3,20964,True,B,A,1,1,B
3,20965,True,B,A,10,1,B
3,20966,True,B,A,10,1,B
3,20967,True,A,B,3,1,B
3,20968,True,B,A,3,1,B
3,20969,True,A,B,4,1,B
3,20970,True,B,A,2,1,A
3,20971,True,B,A,3,1,B
3,20972,True,B,A,6,1,B
3,20973,True,A,B,6,1,B
3,20974,True,A,B,10,1,B
3,20975,True,A,B,1,2,A
3,20976,True,B,A,4,1,B
3,20977,True,B,A,4,1,B
3,20978,True,B,A,3,1,A
3,20979,True,B,A,3,1,B
3,20980,True,B,A,6,1,B
3,20981,True,B,A,4,1,B
3,20982,True,A,B,2,0,B
3,20983,True,A,B,1,1,B
3,20984,True,A,B,4,1,B
3,20985,True,A,B,0,1,A
3,20986,True,B,A,3,1,B
3,20987,True,B,A,1,1,B
3,20988,True,A,B,2,0,B
3,20989,True,B,A,2,1,A
3,20990,True,A,B,10,1,B
3,20991,True,A,B,2,1,B
3,20992,True,A,B,4,1,B
3,20993,True,B,A,3,1,B
3,20994,True,A,B,6,1,B
3,20995,True,B,A,0,1,A
3,20996,True,B,A,2,0,B
3,20997,True,A,B,2,1,A
3,20998,True,A,B,10,1,B
3,20999,False,,,,,
3,21000,True,B,A,0,1,A
3,21001,True,A,B,6,1,B
3,21002,True,B,A,3,1,B
3,21003,True,B,A,10,1,B
3,21004,True,B,A,4,1,B
3,21005,True,B,A,6,1,B
3,21006,True,B,A,3,1,B
3,21007,True,A,B,10,1,B
3,21008,True,B,A,4,1,B
3,21009,True,B,A,0,1,A
3,21010,True,B,A,2,0,B
3,21011,True,A,B,2,1,B
3,21012,True,B,A,10,1,B
3,21013,True,B,A,2,1,A
3,21014,True,A,B,1,1,B
3,21015,True,B,A,3,1,B
3,21016,True,A,B,3,1,B
3,21017,True,B,A,2,1,A
3,21018,True,B,A,1,1,B
3,21019,True,B,A,1,1,B
3,21020,True,B,A,4,1,B
3,21021,True,A,B,1,2,A
3,21022,True,A,B,0,1,A
3,21023,True,B,A,2,1,B
3,21024,True,B,A,0,1,A
3,21025,True,B,A,3,1,B
3,21026,True,B,A,3,1,B
3,21027,True,A,B,6,1,A
3,21028,True,A,B,0,1,A
3,21029,True,A,B,3,1,B
3,21030,True,B,A,10,1,B
3,21031,True,B,A,6,1,B
3,21032,True,A,B,0,1,A
3,21033,True,A,B,3,1,B
3,21034,True,A,B,0,1,A
3,21035,True,A,B,0,1,A
3,21036,True,A,B,3,1,B
3,21037,True,B,A,1,1,A
3,21038,True,A,B,1,1,A
3,21039,True,A,B,3,1,B
3,21040,True,A,B,1,1,A
3,21041,True,B,A,4,1,B
3,21042,True,B,A,4,1,B
3,21043,True,B,A,2,1,B
3,21044,True,A,B,3,1,A
3,21045,True,B,A,2,1,B
3,21046,True,A,B,10,1,B
3,21047,True,B,A,1,1,A
3,21048,True,A,B,1,1,A
3,21049,True,A,B,2,1,B
3,21050,True,B,A,0,1,A
3,21051,True,A,B,10,1,B
3,21052,True,B,A,6,1,B
3,21053,True,B,A,6,1,B
3,21054,True,A,B,3,1,A
3,21055,True,A,B,6,1,B
3,21056,True,B,A,1,1,A
3,21057,True,A,B,1,2,A
3,21058,True,B,A,1,1,A
3,21059,True,A,B,1,2,A
3,21060,True,A,B,1,2,A
3,21061,True,B,A,0,1,A
3,21062,True,A,B,0,1,A
3,21063,True,B,A,3,1,B
3,21064,True,B,A,1,2,A
3,21065,True,B,A,1,1,A
3,21066,True,B,A,2,1,B
3,21067,True,B,A,2,0,B
3,21068,True,A,B,0,1,A
3,21069,True,A,B,1,1,A
3,21070,True,B,A,2,0,B
3,21071,True,A,B,0,1,A
3,21072,True,A,B,3,1,B
3,21073,True,A,B,6,1,B
3,21074,True,A,B,1,2,A
3,21075,True,B,A,2,0,B
3,21076,True,B,A,2,1,A
3,21077,True,B,A,4,1,B
3,21078,True,A,B,0,1,A
3,21079,True,B,A,3,1,B
3,21080,True,A,B,6,1,B
3,21081,True,B,A,2,1,B
3,21082,True,A,B,6,1,B
3,21083,True,B,A,3,1,B
3,21084,True,B,A,4,1,B
3,21085,True,A,B,0,1,A
3,21086,True,A,B,4,1,B
3,21087,True,A,B,2,1,B
3,21088,True,A,B,3,1,B
3,21089,False,,,,,
3,21090,True,B,A,6,1,B
3,21091,True,B,A,6,1,B
3,21092,True,A,B,3,1,B
3,21093,True,A,B,6,1,B
3,21094,True,B,A,1,1,A
3,21095,True,B,A,6,1,B
3,21096,True,B,A,4,1,B
3,21097,True,B,A,1,2,A
3,21098,True,B,A,3,1,B
3,21099,True,A,B,2,1,B
3,21100,True,A,B,10,1,B
3,21101,True,A,B,6,1,B
3,21102,True,B,A,6,1,B
3,21103,True,B,A,1,1,A
3,21104,True,A,B,2,1,A
3,21105,True,B,A,2,0,B
3,21106,True,B,A,1,2,A
3,21107,True,B,A,4,1,B
3,21108,True,B,A,6,1,B
3,21109,False,,,,,
3,21110,True,B,A,1,2,A
3,21111,True,B,A,0,1,A
3,21112,True,B,A,3,1,B
3,21113,True,B,A,4,1,B
3,21114,False,,,,,
3,21115,True,A,B,1,2,A
3,21116,True,A,B,4,1,B
3,21117,True,B,A,6,1,B
3,21118,True,B,A,2,1,B
3,21119,True,A,B,4,1,B
3,21120,True,A,B,2,1,B
3,21121,True,A,B,2,0,B
3,21122,True,B,A,2,0,B
3,21123,True,B,A,2,1,A
3,21124,True,B,A,4,1,B
3,21125,True,B,A,4,1,B
3,21126,True,B,A,2,1,A
3,21127,True,A,B,0,1,A
3,21128,True,A,B,6,1,B
3,21129,True,A,B,2,0,B
3,21130,True,A,B,6,1,B
3,21131,False,,,,,
3,21132,False,,,,,
3,21133,True,B,A,10,1,B
3,21134,True,A,B,6,1,B
3,21135,True,B,A,2,0,B
3,21136,True,A,B,6,1,B
3,21137,True,A,B,1,2,A
3,21138,True,A,B,2,1,A
3,21139,True,B,A,1,2,A
3,21140,True,A,B,0,1,A
3,21141,True,B,A,3,1,B
3,21142,True,B,A,3,1,A
3,21143,True,B,A,2,0,B
3,21144,True,A,B,3,1,B
3,21145,True,A,B,1,1,A
3,21146,True,B,A,0,1,A
3,21147,True,B,A,1,1,A
3,21148,True,B,A,3,1,B
3,21149,True,A,B,1,1,A
3,21150,True,A,B,4,1,B
3,21151,True,A,B,6,1,B
3,21152,True,A,B,2,0,B
3,21153,True,A,B,1,2,A
3,21154,True,A,B,2,0,B
3,21155,True,B,A,1,2,A
3,21156,True,A,B,4,1,B
3,21157,True,B,A,3,1,B
3,21158,True,A,B,10,1,B
3,21159,True,B,A,1,2,A
3,21160,True,B,A,4,1,B
3,21161,True,B,A,1,2,A
3,21162,True,A,B,2,0,B
3,21163,True,B,A,4,1,B
3,21164,True,B,A,0,1,A
3,21165,True,B,A,1,1,A
3,21166,True,A,B,2,1,B
3,21167,True,A,B,2,1,B
3,21168,True,B,A,2,1,A
3,21169,True,A,B,4,1,B
3,21170,True,A,B,6,1,B
3,21171,True,A,B,6,1,B
3,21172,True,A,B,3,1,A
3,21173,True,B,A,6,1,B
3,21174,True,A,B,3,1,B
3,21175,True,B,A,3,1,B
3,21176,True,B,A,1,1,A
3,21177,True,B,A,2,0,B
3,21178,True,A,B,3,1,B
3,21179,True,B,A,6,1,B
3,21180,True,B,A,4,1,B
3,21181,True,A,B,1,1,A
3,21182,True,A,B,2,0,B
3,21183,True,A,B,1,2,A
3,21184,True,B,A,6,1,B
3,21185,True,A,B,2,1,A
3,21186,True,A,B,1,2,A
3,21187,True,A,B,2,1,A
3,21188,True,B,A,4,1,B
3,21189,True,B,A,1,1,A
3,21190,True,A,B,10,1,B
3,21191,True,A,B,3,1,B
3,21192,True,B,A,1,1,A
3,21193,True,B,A,2,0,B
3,21194,True,B,A,10,1,B
3,21195,True,A,B,1,1,B
3,21196,True,B,A,4,1,B
3,21197,True,B,A,6,1,B
3,21198,True,B,A,4,1,A
3,21199,True,B,A,2,0,B
3,21200,True,B,A,2,1,B
3,21201,True,B,A,10,1,B
3,21202,True,A,B,10,1,B
3,21203,True,A,B,1,2,A
3,21204,True,B,A,3,1,B
3,21205,True,B,A,1,1,A
3,21206,True,B,A,3,1,A
3,21207,True,A,B,4,1,B
3,21208,True,A,B,2,0,B
3,21209,True,A,B,0,1,A
3,21210,True,B,A,3,1,A
3,21211,True,A,B,4,1,B
3,21212,True,A,B,4,1,B
3,21213,True,A,B,1,1,A
3,21214,True,A,B,0,1,A
3,21215,True,A,B,2,1,B
3,21216,True,B,A,10,1,B
3,21217,True,A,B,4,1,B
3,21218,True,B,A,1,1,B
3,21219,True,A,B,10,1,B
3,21220,True,B,A,4,1,B
3,21221,True,B,A,2,1,B
3,21222,True,B,A,1,2,A
3,21223,True,A,B,1,2,A
3,21224,True,A,B,1,2,A
3,21225,True,B,A,10,1,B
3,21226,True,A,B,1,2,A
3,21227,True,A,B,1,1,A
3,21228,True,B,A,2,0,B
3,21229,False,,,,,
3,21230,True,B,A,3,1,B
3,21231,True,A,B,3,1,B
3,21232,True,B,A,6,1,B
3,21233,True,A,B,10,1,B
3,21234,True,B,A,1,2,A
3,21235,True,A,B,1,2,A
3,21236,True,A,B,4,1,B
3,21237,True,B,A,0,1,A
3,21238,True,A,B,10,1,B
3,21239,True,A,B,1,2,A
3,21240,True,B,A,1,2,A
3,21241,True,B,A,0,1,A
3,21242,True,A,B,6,1,B
3,21243,True,B,A,4,1,A
3,21244,True,B,A,2,0,B
3,21245,True,A,B,3,1,A
3,21246,True,B,A,6,1,B
3,21247,True,A,B,2,1,B
3,21248,True,B,A,1,1,A
3,21249,True,A,B,6,1,B
3,21250,True,A,B,1,1,B
3,21251,True,A,B,6,1,B
3,21252,True,B,A,3,1,B
3,21253,True,B,A,4,1,B
3,21254,True,B,A,2,1,A
3,21255,True,B,A,1,1,A
3,21256,True,B,A,2,0,B
3,21257,True,A,B,0,1,A
3,21258,True,A,B,1,1,A
3,21259,True,B,A,1,1,A
3,21260,True,A,B,1,1,A
3,21261,True,A,B,10,1,B
3,21262,True,B,A,1,1,B
3,21263,True,A,B,0,1,A
3,21264,True,A,B,1,2,B
3,21265,True,A,B,2,1,B
3,21266,True,B,A,0,1,A
3,21267,True,B,A,1,1,A
3,21268,True,A,B,1,2,A
3,21269,True,A,B,0,1,A
3,21270,True,B,A,2,0,B
3,21271,True,A,B,2,0,B
3,21272,True,A,B,0,1,A
3,21273,False,,,,,
3,21274,True,B,A,2,0,B
3,21275,True,B,A,0,1,A
3,21276,False,,,,,
3,21277,True,A,B,2,1,B
3,21278,True,B,A,0,1,A
3,21279,True,B,A,1,2,A
3,21280,True,A,B,10,1,B
3,21281,True,A,B,1,1,A
3,21282,True,B,A,4,1,B
3,21283,True,A,B,6,1,B
3,21284,True,A,B,2,0,B
3,21285,True,A,B,1,2,A
3,21286,True,B,A,1,1,B
3,21287,True,A,B,2,1,B
3,21288,True,A,B,0,1,A
3,21289,True,A,B,0,1,A
3,21290,True,A,B,1,2,A
3,21291,True,A,B,1,1,A
3,21292,True,A,B,0,1,A
3,21293,True,B,A,0,1,A
3,21294,True,A,B,10,1,B
3,21295,True,A,B,6,1,B
3,21296,True,B,A,1,1,A
3,21297,True,A,B,3,1,B
3,21298,True,B,A,10,1,B
3,21299,True,A,B,0,1,A
3,21300,True,A,B,2,0,B
3,21301,True,B,A,6,1,B
3,21302,True,B,A,6,1,B
3,21303,True,A,B,6,1,B
3,21304,True,B,A,10,1,B
3,21305,True,A,B,1,1,A
3,21306,True,B,A,4,1,A
3,21307,False,,,,,
3,21308,True,A,B,1,1,A
3,21309,True,A,B,4,1,B
3,21310,True,A,B,2,0,B
3,21311,True,A,B,2,1,A
3,21312,True,B,A,2,0,B
3,21313,True,A,B,1,2,A
3,21314,True,B,A,10,1,B
3,21315,True,B,A,4,1,A
3,21316,True,A,B,10,1,B
3,21317,True,A,B,2,0,B
3,21318,True,B,A,0,1,A
3,21319,True,A,B,2,0,B
3,21320,True,B,A,4,1,B
3,21321,True,A,B,4,1,B
3,21322,True,A,B,6,1,B
3,21323,True,A,B,4,1,B
3,21324,True,B,A,3,1,B
3,21325,True,B,A,1,1,A
3,21326,True,B,A,2,0,B
3,21327,True,B,A,0,1,A
3,21328,True,B,A,4,1,B
3,21329,True,B,A,1,2,A
3,21330,True,A,B,2,0,B
3,21331,True,B,A,2,1,B
3,21332,True,A,B,3,1,A
3,21333,True,A,B,1,2,B
3,21334,True,A,B,0,1,A
3,21335,True,B,A,6,1,B
3,21336,True,A,B,4,1,B
3,21337,True,B,A,4,1,B
3,21338,True,A,B,10,1,B
3,21339,True,A,B,1,2,A
3,21340,True,B,A,4,1,B
3,21341,True,A,B,1,1,A
3,21342,True,A,B,10,1,B
3,21343,True,B,A,10,1,B
3,21344,True,B,A,4,1,B
3,21345,True,B,A,1,2,A
3,21346,True,A,B,6,1,B
3,21347,True,A,B,3,1,B
3,21348,True,B,A,2,0,B
3,21349,True,A,B,3,1,B
3,21350,True,A,B,0,1,A
3,21351,True,A,B,1,1,A
3,21352,True,B,A,2,1,B
3,21353,True,A,B,10,1,B
3,21354,True,B,A,1,1,A
3,21355,True,A,B,6,1,B
3,21356,True,A,B,6,1,B
3,21357,False,,,,,
3,21358,True,B,A,2,1,B
3,21359,True,B,A,2,0,B
3,21360,True,B,A,0,1,A
3,21361,True,B,A,2,1,B
3,21362,True,A,B,6,1,B
3,21363,True,B,A,1,1,A
3,21364,True,B,A,6,1,B
3,21365,True,A,B,1,1,A
3,21366,False,,,,,
3,21367,True,A,B,2,0,B
3,21368,True,A,B,1,1,A
3,21369,True,A,B,3,1,A
3,21370,True,A,B,1,1,A
3,21371,True,B,A,1,2,A
3,21372,True,B,A,4,1,B
3,21373,True,A,B,6,1,B
3,21374,True,A,B,10,1,B
3,21375,True,A,B,4,1,B
3,21376,True,A,B,6,1,B
3,21377,False,,,,,
3,21378,True,B,A,10,1,B
3,21379,True,A,B,1,2,A
3,21380,True,B,A,1,1,A
3,21381,True,B,A,3,1,B
3,21382,True,B,A,1,2,A
3,21383,True,B,A,1,2,A
3,21384,True,B,A,1,2,A
3,21385,True,B,A,1,1,A
3,21386,True,A,B,2,1,B
3,21387,True,A,B,2,0,B
3,21388,True,B,A,0,1,A
3,21389,True,A,B,3,1,B
3,21390,True,B,A,1,2,A
3,21391,True,A,B,3,1,B
3,21392,True,B,A,1,1,A
3,21393,True,A,B,6,1,B
3,21394,True,B,A,1,2,A
3,21395,True,B,A,0,1,A
3,21396,True,B,A,1,2,A
3,21397,True,B,A,2,1,A
3,21398,True,B,A,3,1,B
3,21399,True,A,B,10,1,B
3,21400,True,A,B,4,1,B
3,21401,True,A,B,0,1,A
3,21402,True,A,B,0,1,A
3,21403,True,A,B,0,1,A
3,21404,True,B,A,0,1,A
3,21405,True,B,A,6,1,B
3,21406,True,B,A,2,0,B
3,21407,True,B,A,10,1,B
3,21408,True,A,B,6,1,B
3,21409,True,B,A,10,1,B
3,21410,True,B,A,2,1,B
3,21411,True,B,A,2,1,B
3,21412,True,B,A,6,1,B
3,21413,True,A,B,3,1,B
3,21414,True,A,B,1,1,A
3,21415,True,A,B,10,1,B
3,21416,True,A,B,3,1,B
3,21417,True,B,A,2,1,A
3,21418,True,B,A,4,1,B
3,21419,True,A,B,6,1,B
3,21420,True,B,A,3,1,B
3,21421,True,B,A,4,1,B
3,21422,True,A,B,10,1,B
3,21423,True,B,A,10,1,B
3,21424,True,A,B,1,2,A
3,21425,True,B,A,10,1,B
3,21426,True,B,A,0,1,A
3,21427,True,A,B,6,1,B
3,21428,True,B,A,4,1,B
3,21429,True,B,A,1,1,A
3,21430,True,A,B,3,1,A
3,21431,True,B,A,10,1,B
3,21432,True,A,B,3,1,B
3,21433,True,A,B,6,1,A
3,21434,False,,,,,
3,21435,True,B,A,1,2,A
3,21436,True,A,B,4,1,B
3,21437,True,A,B,4,1,B
3,21438,True,B,A,0,1,A
3,21439,True,B,A,2,0,B
3,21440,True,A,B,1,1,A
3,21441,True,A,B,10,1,B
3,21442,True,B,A,2,1,B
3,21443,True,A,B,4,1,B
3,21444,True,A,B,0,1,A
3,21445,True,B,A,10,1,B
3,21446,True,B,A,2,1,A
3,21447,True,A,B,6,1,B
3,21448,True,A,B,1,1,B
3,21449,True,A,B,6,1,B
3,21450,True,A,B,0,1,A
3,21451,True,B,A,1,1,A
3,21452,True,B,A,3,1,B
3,21453,True,A,B,6,1,B
3,21454,True,B,A,4,1,B
3,21455,True,A,B,0,1,A
3,21456,True,B,A,10,1,B
3,21457,False,,,,,
3,21458,True,B,A,1,2,A
3,21459,True,B,A,4,1,B
3,21460,True,B,A,2,1,A
3,21461,True,A,B,2,0,B
3,21462,True,B,A,2,1,A
3,21463,False,,,,,
3,21464,True,B,A,3,1,B
3,21465,True,B,A,10,1,B
3,21466,True,B,A,4,1,B
3,21467,True,B,A,1,1,A
3,21468,True,A,B,2,1,A
3,21469,True,B,A,4,1,B
3,21470,True,A,B,2,0,B
3,21471,True,B,A,2,0,B
3,21472,True,B,A,0,1,A
3,21473,True,A,B,4,1,B
3,21474,True,A,B,6,1,B
3,21475,True,B,A,1,2,A
3,21476,True,A,B,0,1,A
3,21477,True,B,A,1,2,A
3,21478,True,A,B,2,1,A
3,21479,True,B,A,4,1,B
3,21480,True,A,B,1,2,A
3,21481,True,A,B,0,1,A
3,21482,True,B,A,6,1,B
3,21483,True,B,A,3,1,B
3,21484,False,,,,,
3,21485,True,A,B,6,1,B
3,21486,True,B,A,3,1,B
3,21487,True,A,B,4,1,A
3,21488,True,B,A,4,1,B
3,21489,True,B,A,6,1,B
3,21490,False,,,,,
3,21491,True,B,A,0,1,A
3,21492,True,B,A,10,1,B
3,21493,True,A,B,2,1,B
3,21494,True,B,A,3,1,B
3,21495,True,A,B,2,1,A
3,21496,True,B,A,3,1,B
3,21497,True,A,B,6,1,B
3,21498,True,B,A,6,1,B
3,21499,True,B,A,4,1,B
3,21500,True,B,A,10,1,B
3,21501,True,B,A,1,2,A
3,21502,True,B,A,2,1,A
3,21503,True,B,A,2,0,B
3,21504,False,,,,,
3,21505,True,B,A,1,1,A
3,21506,True,B,A,10,1,B
3,21507,True,A,B,6,1,B
3,21508,True,A,B,2,1,A
3,21509,True,B,A,0,1,A
3,21510,True,A,B,4,1,B
3,21511,True,B,A,1,1,A
3,21512,True,B,A,1,1,A
3,21513,True,B,A,2,1,A
3,21514,True,A,B,3,1,B
3,21515,True,B,A,10,1,B
3,21516,True,B,A,2,1,B
3,21517,True,A,B,1,2,A
3,21518,True,A,B,1,2,A
3,21519,True,B,A,3,1,B
3,21520,True,B,A,1,1,A
3,21521,True,A,B,4,1,B
3,21522,True,B,A,10,1,B
3,21523,True,A,B,10,1,B
3,21524,True,A,B,6,1,B
3,21525,True,A,B,10,1,B
3,21526,True,A,B,10,1,B
3,21527,True,B,A,6,1,B
3,21528,True,A,B,1,2,A
3,21529,True,B,A,4,1,B
3,21530,True,A,B,0,1,A
3,21531,True,B,A,1,1,B
3,21532,True,A,B,0,1,A
3,21533,False,,,,,
3,21534,True,B,A,2,1,B
3,21535,True,A,B,1,1,A
3,21536,True,A,B,6,1,B
3,21537,True,B,A,10,1,B
3,21538,True,B,A,3,1,B
3,21539,True,B,A,3,1,B
3,21540,True,A,B,10,1,B
3,21541,True,A,B,3,1,B
3,21542,True,B,A,10,1,B
3,21543,True,A,B,10,1,B
3,21544,True,B,A,4,1,B
3,21545,True,A,B,1,2,A
3,21546,True,A,B,10,1,B
3,21547,True,B,A,1,1,A
3,21548,True,B,A,1,2,A
3,21549,True,A,B,1,2,A
3,21550,True,A,B,2,1,A
3,21551,False,,,,,
3,21552,True,B,A,2,1,B
3,21553,True,A,B,1,1,A
3,21554,True,A,B,2,1,A
3,21555,True,A,B,3,1,B
3,21556,True,A,B,6,1,B
3,21557,True,B,A,6,1,B
3,21558,True,B,A,6,1,B
3,21559,True,A,B,2,0,B
3,21560,True,B,A,2,0,B
3,21561,True,B,A,4,1,B
3,21562,True,B,A,3,1,B
3,21563,True,B,A,6,1,B
3,21564,True,B,A,0,1,A
3,21565,True,B,A,0,1,A
3,21566,True,B,A,10,1,B
3,21567,True,B,A,6,1,B
3,21568,True,B,A,4,1,B
3,21569,True,B,A,2,0,B
3,21570,True,A,B,1,1,A
3,21571,True,B,A,6,1,B
3,21572,True,A,B,1,1,A
3,21573,True,B,A,1,2,A
3,21574,True,B,A,4,1,B
3,21575,True,B,A,4,1,B
3,21576,True,B,A,0,1,A
3,21577,True,B,A,10,1,B
3,21578,True,A,B,3,1,B
3,21579,True,A,B,2,1,A
3,21580,True,A,B,2,1,A
3,21581,True,A,B,6,1,B
3,21582,True,A,B,6,1,B
3,21583,True,A,B,1,2,A
3,21584,True,B,A,6,1,B
3,21585,True,A,B,1,1,A
3,21586,True,A,B,10,1,B
3,21587,True,A,B,1,1,A
3,21588,True,B,A,0,1,A
3,21589,True,B,A,0,1,A
3,21590,True,B,A,3,1,B
3,21591,True,A,B,0,1,A
3,21592,True,A,B,3,1,B
3,21593,True,A,B,10,1,B
3,21594,True,A,B,4,1,B
3,21595,True,A,B,4,1,B
3,21596,True,B,A,10,1,B
3,21597,True,A,B,3,1,A
3,21598,True,B,A,1,1,A
3,21599,True,B,A,1,2,A
3,21600,True,B,A,0,1,A
3,21601,True,B,A,1,1,A
3,21602,True,A,B,3,1,B
3,21603,True,B,A,10,1,B
3,21604,True,A,B,0,1,A
3,21605,True,A,B,0,1,A
3,21606,True,A,B,4,1,B
3,21607,True,B,A,1,1,A
3,21608,True,A,B,1,1,A
3,21609,True,A,B,1,1,A
3,21610,True,A,B,3,1,B
3,21611,True,A,B,2,0,B
3,21612,True,B,A,2,1,A
3,21613,True,A,B,1,2,A
3,21614,True,A,B,4,1,B
3,21615,True,B,A,2,1,B
3,21616,True,B,A,3,1,A
3,21617,True,A,B,3,1,A
3,21618,True,A,B,2,1,A
3,21619,True,B,A,1,2,A
3,21620,True,A,B,10,1,B
3,21621,True,A,B,3,1,A
3,21622,True,B,A,1,1,A
3,21623,True,A,B,4,1,B
3,21624,False,,,,,
3,21625,True,B,A,1,2,A
3,21626,True,B,A,1,2,A
3,21627,True,A,B,3,1,B
3,21628,True,B,A,1,2,A
3,21629,True,A,B,1,2,A
3,21630,True,A,B,2,0,B
3,21631,True,A,B,0,1,A
3,21632,True,A,B,1,2,A
3,21633,True,A,B,1,1,B
3,21634,True,A,B,1,2,A
3,21635,True,B,A,1,1,A
3,21636,True,B,A,1,2,A
3,21637,True,B,A,3,1,A
3,21638,True,A,B,4,1,B
3,21639,True,B,A,4,1,B
3,21640,True,B,A,4,1,B
3,21641,False,,,,,
3,21642,True,B,A,1,1,A
3,21643,True,B,A,10,1,B
3,21644,True,B,A,0,1,A
3,21645,True,B,A,3,1,B
3,21646,True,B,A,6,1,B
3,21647,True,B,A,1,1,A
3,21648,False,,,,,
3,21649,True,B,A,2,1,B
3,21650,True,A,B,0,1,A
3,21651,True,B,A,2,1,A
3,21652,True,B,A,4,1,B
3,21653,True,B,A,1,1,A
3,21654,True,A,B,3,1,B
3,21655,True,B,A,6,1,B
3,21656,True,B,A,2,1,B
3,21657,True,A,B,2,0,B
3,21658,True,B,A,2,1,A
3,21659,True,A,B,2,0,B
3,21660,True,B,A,2,1,A
3,21661,True,A,B,2,1,A
3,21662,True,B,A,2,1,A
3,21663,True,A,B,0,1,A
3,21664,False,,,,,
3,21665,True,A,B,3,1,B
3,21666,True,B,A,1,1,A
3,21667,True,B,A,0,1,A
3,21668,True,B,A,1,1,A
3,21669,True,B,A,10,1,B
3,21670,True,A,B,1,2,A
3,21671,True,B,A,1,1,A
3,21672,True,B,A,4,1,B
3,21673,True,B,A,1,2,A
3,21674,True,A,B,1,1,A
3,21675,True,A,B,2,1,B
3,21676,True,A,B,1,2,B
3,21677,True,B,A,4,1,B
3,21678,True,A,B,6,1,B
3,21679,True,B,A,4,1,B
3,21680,True,B,A,0,1,A
3,21681,True,A,B,6,1,B
3,21682,True,A,B,1,1,A
3,21683,True,B,A,2,1,A
3,21684,True,A,B,4,1,B
3,21685,True,A,B,4,1,B
3,21686,True,A,B,1,1,A
3,21687,True,B,A,1,2,A
3,21688,True,A,B,1,2,B
3,21689,False,,,,,
3,21690,True,A,B,4,1,B
3,21691,True,B,A,0,1,A
3,21692,True,A,B,0,1,A
3,21693,True,A,B,3,1,A
3,21694,True,B,A,1,1,A
3,21695,True,B,A,0,1,A
3,21696,True,A,B,3,1,B
3,21697,True,A,B,4,1,B
3,21698,True,B,A,4,1,B
3,21699,True,B,A,0,1,A
3,21700,True,B,A,2,1,B
3,21701,True,B,A,0,1,A
3,21702,True,B,A,3,1,A
3,21703,True,B,A,3,1,A
3,21704,True,A,B,4,1,B
3,21705,True,A,B,4,1,A
3,21706,True,B,A,3,1,A
3,21707,True,B,A,0,1,A
3,21708,True,A,B,10,1,B
3,21709,True,B,A,3,1,A
3,21710,True,A,B,6,1,B
3,21711,True,B,A,0,1,A
3,21712,True,B,A,1,1,B
3,21713,True,B,A,10,1,B
3,21714,True,A,B,1,1,B
3,21715,True,B,A,4,1,B
3,21716,True,B,A,2,0,B
3,21717,True,B,A,2,1,A
3,21718,True,A,B,0,1,A
3,21719,False,,,,,
3,21720,True,B,A,10,1,B
3,21721,True,A,B,1,1,A
3,21722,True,A,B,10,1,B
3,21723,True,A,B,4,1,B
3,21724,True,A,B,6,1,B
3,21725,True,A,B,1,2,A
3,21726,True,A,B,10,1,B
3,21727,True,B,A,2,1,A
3,21728,True,A,B,4,1,A
3,21729,True,B,A,2,1,B
3,21730,True,A,B,0,1,A
3,21731,True,B,A,0,1,A
3,21732,True,B,A,1,1,A
3,21733,True,B,A,2,1,A
3,21734,True,B,A,4,1,B
3,21735,True,B,A,2,1,A
3,21736,False,,,,,
3,21737,True,A,B,1,1,A
3,21738,True,B,A,1,1,B
3,21739,True,B,A,2,0,B
3,21740,True,A,B,6,1,B
3,21741,True,B,A,2,1,A
3,21742,True,B,A,1,2,B
3,21743,True,B,A,4,1,B
3,21744,True,B,A,1,1,A
3,21745,True,B,A,1,2,A
3,21746,True,B,A,2,1,B
3,21747,True,B,A,4,1,B
3,21748,True,A,B,1,1,A
3,21749,True,A,B,3,1,B
3,21750,True,B,A,4,1,B
3,21751,True,B,A,10,1,B
3,21752,True,B,A,1,1,A
3,21753,True,B,A,2,0,B
3,21754,True,B,A,6,1,B
3,21755,True,A,B,10,1,B
3,21756,True,B,A,0,1,A
3,21757,True,B,A,3,1,B
3,21758,True,A,B,6,1,B
3,21759,True,B,A,1,1,A
3,21760,True,B,A,10,1,B
3,21761,False,,,,,
3,21762,True,A,B,0,1,A
3,21763,True,A,B,1,2,A
3,21764,True,B,A,10,1,B
3,21765,True,B,A,1,1,A
3,21766,True,B,A,2,1,A
3,21767,True,B,A,4,1,B
3,21768,True,B,A,1,1,A
3,21769,True,A,B,4,1,B
3,21770,True,B,A,1,1,A
3,21771,True,B,A,4,1,B
3,21772,False,,,,,
3,21773,True,B,A,0,1,A
3,21774,True,B,A,4,1,B
3,21775,True,B,A,2,1,B
3,21776,True,B,A,1,2,A
3,21777,True,B,A,10,1,B
3,21778,True,A,B,1,2,A
3,21779,True,A,B,0,1,A
3,21780,True,A,B,4,1,B
3,21781,True,A,B,2,0,B
3,21782,True,B,A,0,1,A
3,21783,True,B,A,2,1,B
3,21784,True,A,B,2,0,B
3,21785,True,B,A,10,1,B
3,21786,True,A,B,1,2,A
3,21787,True,A,B,1,2,A
3,21788,True,B,A,1,1,B
3,21789,True,A,B,3,1,B
3,21790,True,A,B,2,1,A
3,21791,True,A,B,2,1,A
3,21792,True,B,A,4,1,A
3,21793,True,B,A,4,1,B
3,21794,True,A,B,4,1,B
3,21795,True,B,A,1,2,A
3,21796,True,A,B,0,1,A
3,21797,True,A,B,10,1,B
3,21798,True,A,B,1,2,A
3,21799,True,B,A,6,1,B
3,21800,True,B,A,2,0,B
3,21801,True,B,A,0,1,A
3,21802,True,A,B,2,1,A
3,21803,True,B,A,2,1,A
3,21804,False,,,,,
3,21805,True,A,B,1,2,A
3,21806,True,A,B,3,1,A
3,21807,True,B,A,4,1,B
3,21808,False,,,,,
3,21809,True,A,B,0,1,A
3,21810,False,,,,,
3,21811,True,A,B,4,1,B
3,21812,False,,,,,
3,21813,True,B,A,2,1,A
3,21814,True,B,A,6,1,B
3,21815,True,B,A,1,1,A
3,21816,True,B,A,10,1,B
3,21817,True,B,A,2,1,B
3,21818,True,A,B,6,1,B
3,21819,True,A,B,6,1,B
3,21820,True,B,A,1,1,A
3,21821,True,B,A,1,2,A
3,21822,True,A,B,2,0,B
3,21823,True,A,B,0,1,A
3,21824,True,A,B,1,2,A
3,21825,True,B,A,4,1,B
3,21826,True,A,B,4,1,B
3,21827,True,A,B,1,1,A
3,21828,True,A,B,4,1,B
3,21829,True,B,A,0,1,A
3,21830,True,A,B,4,1,B
3,21831,True,B,A,4,1,B
3,21832,True,B,A,1,2,A
3,21833,True,A,B,10,1,B
3,21834,True,A,B,10,1,B
3,21835,True,A,B,0,1,A
3,21836,True,A,B,1,2,A
3,21837,True,A,B,1,1,A
3,21838,True,A,B,2,1,A
3,21839,True,B,A,3,1,B
3,21840,True,B,A,1,1,B
3,21841,True,A,B,3,1,B
3,21842,False,,,,,
3,21843,True,A,B,10,1,B
3,21844,True,A,B,0,1,A
3,21845,True,B,A,2,0,B
3,21846,True,A,B,3,1,B
3,21847,True,B,A,1,2,A
3,21848,True,A,B,1,1,A
3,21849,True,B,A,3,1,B
3,21850,True,B,A,1,2,A
3,21851,True,A,B,4,1,B
3,21852,True,A,B,1,2,A
3,21853,False,,,,,
3,21854,True,B,A,1,1,A
3,21855,False,,,,,
3,21856,True,A,B,10,1,B
3,21857,False,,,,,
3,21858,True,A,B,3,1,B
3,21859,True,A,B,10,1,B
3,21860,True,A,B,1,2,A
3,21861,True,B,A,1,1,A
3,21862,True,A,B,1,1,B
3,21863,True,A,B,1,1,A
3,21864,True,B,A,6,1,B
3,21865,True,A,B,2,0,B
3,21866,True,B,A,4,1,B
3,21867,True,A,B,1,2,A
3,21868,True,B,A,2,0,B
3,21869,True,A,B,0,1,A
3,21870,True,B,A,3,1,A
3,21871,True,A,B,1,1,A
3,21872,True,B,A,1,2,A
3,21873,True,A,B,1,2,A
3,21874,True,B,A,6,1,B
3,21875,True,A,B,3,1,A
3,21876,True,B,A,1,1,B
3,21877,True,B,A,1,2,A
3,21878,True,B,A,3,1,B
3,21879,True,B,A,1,1,A
3,21880,True,A,B,2,0,B
3,21881,True,A,B,4,1,A
3,21882,True,A,B,4,1,B
3,21883,True,B,A,1,2,A
3,21884,True,B,A,10,1,B
3,21885,True,A,B,2,1,B
3,21886,True,A,B,4,1,A
3,21887,True,B,A,2,1,B
3,21888,True,B,A,0,1,A
3,21889,True,B,A,2,0,B
3,21890,True,A,B,3,1,A
3,21891,True,B,A,3,1,B
3,21892,True,B,A,2,0,B
3,21893,True,B,A,2,0,B
3,21894,True,A,B,1,1,A
3,21895,True,B,A,10,1,B
3,21896,True,B,A,1,1,A
3,21897,True,B,A,2,1,A
3,21898,True,A,B,4,1,B
3,21899,True,A,B,1,2,A
3,21900,True,B,A,2,1,B
3,21901,True,A,B,1,2,B
3,21902,True,B,A,2,0,B
3,21903,True,B,A,1,1,B
3,21904,True,B,A,0,1,A
3,21905,True,B,A,4,1,B
3,21906,True,A,B,2,1,A
3,21907,True,A,B,2,1,A
3,21908,True,B,A,3,1,A
3,21909,True,B,A,2,1,B
3,21910,True,A,B,4,1,B
3,21911,True,B,A,6,1,B
3,21912,True,A,B,6,1,B
3,21913,True,A,B,4,1,B
3,21914,True,A,B,4,1,B
3,21915,True,A,B,4,1,B
3,21916,True,A,B,6,1,B
3,21917,True,B,A,0,1,A
3,21918,True,B,A,2,1,B
3,21919,True,B,A,6,1,B
3,21920,True,A,B,1,1,A
3,21921,True,B,A,4,1,B
3,21922,True,A,B,0,1,A
3,21923,True,B,A,2,1,A
3,21924,False,,,,,
3,21925,True,B,A,0,1,A
3,21926,True,A,B,6,1,B
3,21927,True,B,A,10,1,B
3,21928,True,B,A,4,1,B
3,21929,True,B,A,2,0,B
3,21930,True,B,A,2,1,B
3,21931,True,B,A,0,1,A
3,21932,True,B,A,1,2,A
3,21933,True,B,A,4,1,A
3,21934,True,B,A,1,1,A
3,21935,True,A,B,1,2,A
3,21936,True,A,B,3,1,B
3,21937,True,B,A,2,1,A
3,21938,True,B,A,1,2,A
3,21939,True,B,A,2,1,B
3,21940,True,B,A,1,1,A
3,21941,True,B,A,2,0,B
3,21942,True,B,A,1,1,A
3,21943,True,B,A,3,1,B
3,21944,True,B,A,10,1,B
3,21945,True,B,A,0,1,A
3,21946,True,B,A,6,1,B
3,21947,True,B,A,1,2,A
3,21948,False,,,,,
3,21949,False,,,,,
3,21950,True,A,B,3,1,B
3,21951,True,B,A,10,1,B
3,21952,True,A,B,10,1,B
3,21953,True,B,A,6,1,B
3,21954,True,B,A,0,1,A
3,21955,True,A,B,3,1,B
3,21956,True,A,B,1,2,A
3,21957,True,A,B,1,1,A
3,21958,True,B,A,3,1,B
3,21959,True,B,A,10,1,B
3,21960,True,A,B,0,1,A
3,21961,True,A,B,1,1,A
3,21962,True,A,B,10,1,B
3,21963,True,A,B,1,1,A
3,21964,True,A,B,1,2,B
3,21965,True,A,B,4,1,B
3,21966,True,B,A,4,1,B
3,21967,True,B,A,6,1,B
3,21968,True,B,A,0,1,A
3,21969,True,B,A,6,1,B
3,21970,True,B,A,6,1,B
3,21971,True,A,B,6,1,B
3,21972,True,A,B,1,1,B
3,21973,True,A,B,4,1,B
3,21974,True,A,B,2,0,B
3,21975,True,B,A,0,1,A
3,21976,True,B,A,2,0,B
3,21977,True,B,A,3,1,B
3,21978,True,B,A,0,1,A
3,21979,False,,,,,
3,21980,True,A,B,0,1,A
3,21981,True,B,A,3,1,B
3,21982,True,B,A,1,1,A
3,21983,True,A,B,0,1,A
3,21984,True,B,A,1,2,A
3,21985,True,A,B,1,1,A
3,21986,True,A,B,4,1,B
3,21987,True,B,A,4,1,B
3,21988,True,B,A,1,1,A
3,21989,True,A,B,1,1,A
3,21990,False,,,,,
3,21991,True,B,A,2,0,B
3,21992,True,B,A,1,2,A
3,21993,True,A,B,1,1,A
3,21994,True,B,A,0,1,A
3,21995,True,B,A,1,2,A
3,21996,True,A,B,2,0,B
3,21997,True,A,B,1,1,A
3,21998,True,A,B,0,1,A
3,21999,True,B,A,4,1,B
3,22000,True,B,A,0,1,A
3,22001,True,A,B,1,2,A
3,22002,True,A,B,3,1,B
3,22003,True,B,A,6,1,B
3,22004,False,,,,,
3,22005,True,A,B,2,1,A
3,22006,True,B,A,2,1,A
3,22007,True,B,A,1,1,A
3,22008,True,A,B,1,1,A
3,22009,True,A,B,0,1,A
3,22010,True,A,B,6,1,B
3,22011,True,B,A,10,1,B
3,22012,True,A,B,2,0,B
3,22013,True,A,B,4,1,B
3,22014,True,A,B,6,1,B
3,22015,True,A,B,1,1,A
3,22016,True,A,B,2,1,A
3,22017,True,B,A,3,1,B
3,22018,True,A,B,6,1,B
3,22019,True,B,A,2,1,A
3,22020,True,B,A,6,1,B
3,22021,True,B,A,6,1,B
3,22022,True,B,A,2,1,A
3,22023,True,B,A,6,1,B
3,22024,True,B,A,2,0,B
3,22025,True,A,B,0,1,A
3,22026,True,B,A,0,1,A
3,22027,True,B,A,4,1,B
3,22028,True,A,B,1,1,A
3,22029,True,A,B,0,1,A
3,22030,True,A,B,6,1,B
3,22031,True,B,A,1,1,A
3,22032,True,A,B,1,1,A
3,22033,True,B,A,6,1,B
3,22034,True,A,B,10,1,B
3,22035,True,A,B,2,1,B
3,22036,False,,,,,
3,22037,True,B,A,4,1,B
3,22038,True,B,A,2,0,B
3,22039,True,A,B,2,0,B
3,22040,True,A,B,2,1,B
3,22041,True,A,B,10,1,B
3,22042,True,A,B,1,2,B
3,22043,True,A,B,3,1,B
3,22044,True,B,A,1,1,A
3,22045,True,A,B,1,1,A
3,22046,True,B,A,6,1,B
3,22047,True,B,A,1,2,A
3,22048,True,A,B,2,0,B
3,22049,True,B,A,6,1,B
3,22050,True,A,B,1,2,A
3,22051,True,A,B,6,1,B
3,22052,True,A,B,3,1,B
3,22053,True,A,B,2,1,B
3,22054,True,B,A,10,1,B
3,22055,True,A,B,6,1,B
3,22056,True,B,A,0,1,A
3,22057,True,A,B,1,2,A
3,22058,True,A,B,6,1,B
3,22059,True,A,B,4,1,B
3,22060,True,A,B,2,1,A
3,22061,True,B,A,2,1,A
3,22062,True,B,A,3,1,A
3,22063,True,B,A,3,1,B
3,22064,True,A,B,2,0,B
3,22065,True,B,A,1,1,B
3,22066,False,,,,,
3,22067,True,B,A,10,1,B
3,22068,False,,,,,
3,22069,True,B,A,6,1,B
3,22070,True,B,A,4,1,B
3,22071,True,B,A,1,2,A
3,22072,True,A,B,3,1,B
3,22073,True,A,B,0,1,A
3,22074,True,B,A,3,1,B
3,22075,True,B,A,10,1,B
3,22076,True,A,B,3,1,B
3,22077,True,A,B,4,1,B
3,22078,True,B,A,1,2,A
3,22079,True,A,B,1,2,A
3,22080,False,,,,,
3,22081,True,B,A,1,1,B
3,22082,True,A,B,0,1,A
3,22083,True,A,B,3,1,B
3,22084,True,A,B,2,1,B
3,22085,True,B,A,1,2,A
3,22086,True,B,A,4,1,B
3,22087,False,,,,,
3,22088,True,A,B,1,2,A
3,22089,True,A,B,1,1,A
3,22090,True,B,A,2,0,B
3,22091,True,A,B,1,2,A
3,22092,False,,,,,
3,22093,True,A,B,10,1,B
3,22094,True,A,B,1,2,A
3,22095,True,A,B,6,1,B
3,22096,True,B,A,1,1,A
3,22097,True,A,B,1,1,A
3,22098,True,B,A,2,0,B
3,22099,True,B,A,1,2,B
3,22100,True,A,B,2,0,B
3,22101,True,A,B,1,1,B
3,22102,True,B,A,4,1,B
3,22103,True,A,B,10,1,B
3,22104,True,A,B,2,1,A
3,22105,True,B,A,10,1,B
3,22106,True,B,A,2,0,B
3,22107,True,A,B,6,1,B
3,22108,True,B,A,6,1,B
3,22109,True,B,A,3,1,B
3,22110,True,A,B,10,1,B
3,22111,True,A,B,2,0,B
3,22112,True,B,A,10,1,B
3,22113,True,B,A,3,1,B
3,22114,True,A,B,3,1,B
3,22115,True,A,B,10,1,B
3,22116,True,A,B,1,1,A
3,22117,True,B,A,1,2,A
3,22118,True,B,A,4,1,B
3,22119,True,B,A,0,1,A
3,22120,True,B,A,10,1,B
3,22121,True,B,A,4,1,B
3,22122,True,B,A,6,1,B
3,22123,True,A,B,4,1,B
3,22124,True,B,A,6,1,B
3,22125,True,B,A,1,1,A
3,22126,True,B,A,10,1,B
3,22127,True,A,B,2,0,B
3,22128,True,B,A,3,1,B
3,22129,True,B,A,10,1,B
3,22130,True,A,B,10,1,B
3,22131,True,A,B,6,1,B
3,22132,True,B,A,3,1,B
3,22133,True,A,B,0,1,A
3,22134,True,B,A,4,1,B
3,22135,True,B,A,4,1,B
3,22136,False,,,,,
3,22137,True,B,A,3,1,B
3,22138,True,A,B,4,1,B
3,22139,True,A,B,10,1,B
3,22140,True,B,A,1,1,A
3,22141,True,A,B,1,2,A
3,22142,True,B,A,1,2,A
3,22143,True,B,A,2,0,B
3,22144,False,,,,,
3,22145,True,A,B,3,1,B
3,22146,True,B,A,1,1,A
3,22147,True,B,A,1,1,A
3,22148,True,B,A,1,1,A
3,22149,True,A,B,4,1,B
3,22150,True,A,B,3,1,A
3,22151,True,B,A,2,0,B
3,22152,True,A,B,4,1,B
3,22153,True,B,A,4,1,B
3,22154,True,A,B,2,1,A
3,22155,True,B,A,3,1,B
3,22156,True,A,B,0,1,A
3,22157,True,A,B,2,1,A
3,22158,True,A,B,2,1,A
3,22159,True,B,A,1,2,A
3,22160,True,A,B,2,1,B
3,22161,True,A,B,6,1,B
3,22162,True,A,B,10,1,B
3,22163,True,A,B,1,2,A
3,22164,False,,,,,
3,22165,True,B,A,4,1,B
3,22166,True,A,B,2,1,A
3,22167,True,A,B,1,1,A
3,22168,True,B,A,6,1,A
3,22169,True,A,B,2,0,B
3,22170,True,B,A,1,2,A
3,22171,True,A,B,1,1,A
3,22172,True,A,B,6,1,B
3,22173,True,B,A,10,1,B
3,22174,True,A,B,10,1,B
3,22175,True,A,B,4,1,B
3,22176,True,A,B,1,2,A
3,22177,True,A,B,3,1,B
3,22178,True,A,B,6,1,B
3,22179,True,B,A,1,1,A
3,22180,True,A,B,3,1,B
3,22181,True,B,A,2,0,B
3,22182,True,A,B,10,1,B
3,22183,True,A,B,3,1,A
3,22184,True,A,B,1,1,A
3,22185,True,A,B,3,1,B
3,22186,True,B,A,1,1,A
3,22187,True,A,B,0,1,A
3,22188,True,A,B,1,2,A
3,22189,True,A,B,1,1,A
3,22190,True,A,B,4,1,B
3,22191,False,,,,,
3,22192,True,B,A,10,1,B
3,22193,True,B,A,2,1,B
3,22194,True,B,A,10,1,B
3,22195,True,B,A,3,1,B
3,22196,True,A,B,10,1,B
3,22197,False,,,,,
3,22198,True,B,A,2,0,B
3,22199,False,,,,,
3,22200,True,B,A,6,1,B
3,22201,False,,,,,
3,22202,True,A,B,3,1,A
3,22203,True,B,A,0,1,A
3,22204,True,B,A,1,2,B
3,22205,False,,,,,
3,22206,True,A,B,1,1,A
3,22207,True,B,A,2,1,A
3,22208,True,B,A,2,1,B
3,22209,False,,,,,
3,22210,True,A,B,1,1,A
3,22211,True,A,B,2,0,B
3,22212,True,B,A,0,1,A
3,22213,True,B,A,0,1,A
3,22214,True,A,B,2,0,B
3,22215,True,B,A,3,1,A
3,22216,True,A,B,4,1,B
3,22217,True,A,B,3,1,A
3,22218,False,,,,,
3,22219,True,A,B,3,1,B
3,22220,True,B,A,3,1,B
3,22221,True,B,A,2,1,A
3,22222,True,B,A,2,0,B
3,22223,True,B,A,3,1,A
3,22224,True,B,A,1,1,B
3,22225,True,A,B,10,1,B
3,22226,True,A,B,2,1,A
3,22227,True,A,B,1,1,B
3,22228,True,A,B,0,1,A
3,22229,True,A,B,10,1,B
3,22230,True,B,A,1,2,A
3,22231,True,B,A,2,0,B
3,22232,True,A,B,0,1,A
3,22233,True,B,A,10,1,B
3,22234,True,A,B,10,1,B
3,22235,True,B,A,10,1,B
3,22236,True,B,A,4,1,B
3,22237,True,A,B,1,2,A
3,22238,True,A,B,3,1,B
3,22239,True,B,A,0,1,A
3,22240,True,B,A,3,1,B
3,22241,True,A,B,4,1,B
3,22242,True,A,B,6,1,B
3,22243,True,A,B,1,1,B
3,22244,True,A,B,0,1,A
3,22245,True,B,A,1,1,A
3,22246,True,A,B,1,1,A
3,22247,True,A,B,10,1,B
3,22248,False,,,,,
3,22249,False,,,,,
3,22250,True,A,B,2,1,A
3,22251,True,B,A,4,1,B
3,22252,True,B,A,2,0,B
3,22253,True,A,B,0,1,A
3,22254,True,B,A,2,0,B
3,22255,True,B,A,3,1,A
3,22256,True,B,A,2,1,B
3,22257,True,B,A,2,1,B
3,22258,True,B,A,1,1,A
3,22259,True,A,B,0,1,A
3,22260,True,A,B,1,2,A
3,22261,True,B,A,6,1,B
3,22262,True,A,B,6,1,B
3,22263,True,B,A,2,1,A
3,22264,True,A,B,2,0,B
3,22265,True,B,A,6,1,B
3,22266,True,B,A,4,1,B
3,22267,True,A,B,2,1,B
3,22268,True,B,A,10,1,B
3,22269,True,A,B,2,0,B
3,22270,True,A,B,4,1,B
3,22271,True,A,B,4,1,B
3,22272,True,A,B,10,1,B
3,22273,True,B,A,1,2,A
3,22274,True,A,B,10,1,B
3,22275,True,B,A,4,1,B
3,22276,True,A,B,1,2,A
3,22277,True,B,A,6,1,B
3,22278,True,B,A,2,1,A
3,22279,True,B,A,6,1,B
3,22280,True,A,B,2,1,B
3,22281,True,B,A,6,1,B
3,22282,True,A,B,2,0,B
3,22283,True,B,A,3,1,B
3,22284,True,B,A,1,1,A
3,22285,True,B,A,3,1,B
3,22286,True,B,A,1,1,B
3,22287,True,A,B,1,2,A
3,22288,True,A,B,0,1,A
3,22289,True,A,B,10,1,B
3,22290,True,B,A,3,1,B
3,22291,True,A,B,2,1,B
3,22292,True,A,B,10,1,B
3,22293,True,A,B,3,1,A
3,22294,True,A,B,1,2,A
3,22295,True,A,B,4,1,A
3,22296,True,B,A,10,1,B
3,22297,True,B,A,1,2,A
3,22298,True,A,B,4,1,B
3,22299,True,A,B,10,1,B
3,22300,True,B,A,4,1,B
3,22301,True,B,A,0,1,A
3,22302,True,B,A,4,1,B
3,22303,True,B,A,10,1,B
3,22304,True,A,B,3,1,B
3,22305,True,A,B,3,1,B
3,22306,True,B,A,0,1,A
3,22307,True,B,A,1,2,A
3,22308,True,A,B,10,1,B
3,22309,True,B,A,0,1,A
3,22310,True,A,B,2,1,A
3,22311,True,B,A,6,1,B
3,22312,True,B,A,2,1,A
3,22313,True,A,B,10,1,B
3,22314,True,A,B,1,2,A
3,22315,True,A,B,2,0,B
3,22316,True,B,A,6,1,B
3,22317,True,B,A,1,2,A
3,22318,True,A,B,10,1,B
3,22319,True,B,A,0,1,A
3,22320,True,B,A,2,1,B
3,22321,True,B,A,4,1,B
3,22322,True,B,A,1,2,A
3,22323,True,A,B,3,1,A
3,22324,True,B,A,1,2,B
3,22325,True,A,B,1,1,A
3,22326,True,B,A,1,1,A
3,22327,True,B,A,10,1,B
3,22328,True,A,B,4,1,B
3,22329,True,B,A,10,1,B
3,22330,True,B,A,6,1,B
3,22331,True,B,A,3,1,B
3,22332,True,A,B,6,1,B
3,22333,True,A,B,6,1,B
3,22334,True,B,A,4,1,B
3,22335,True,A,B,4,1,A
3,22336,True,A,B,0,1,A
3,22337,True,A,B,6,1,B
3,22338,True,B,A,0,1,A
3,22339,True,B,A,10,1,B
3,22340,True,B,A,2,1,A
3,22341,True,A,B,0,1,A
3,22342,True,A,B,4,1,B
3,22343,True,B,A,2,0,B
3,22344,True,A,B,0,1,A
3,22345,True,B,A,3,1,B
3,22346,True,B,A,0,1,A
3,22347,True,A,B,4,1,B
3,22348,True,B,A,6,1,B
3,22349,True,A,B,2,0,B
3,22350,True,B,A,0,1,A
3,22351,True,A,B,3,1,B
3,22352,True,B,A,10,1,B
3,22353,True,B,A,0,1,A
3,22354,True,A,B,4,1,B
3,22355,True,A,B,1,1,B
3,22356,True,B,A,2,1,B
3,22357,True,B,A,4,1,B
3,22358,True,B,A,6,1,B
3,22359,True,B,A,3,1,B
3,22360,True,A,B,10,1,B
3,22361,True,B,A,2,1,A
3,22362,True,B,A,1,1,B
3,22363,True,B,A,4,1,B
3,22364,True,B,A,6,1,B
3,22365,True,A,B,6,1,B
3,22366,True,B,A,3,1,B
3,22367,True,B,A,4,1,B
3,22368,True,B,A,1,1,B
3,22369,True,B,A,2,0,B
3,22370,True,B,A,4,1,B
3,22371,True,A,B,1,2,A
3,22372,True,B,A,2,1,A
3,22373,True,B,A,2,1,B
3,22374,True,B,A,10,1,B
3,22375,True,B,A,10,1,B
3,22376,True,B,A,0,1,A
3,22377,True,A,B,0,1,A
3,22378,True,B,A,10,1,B
3,22379,True,B,A,10,1,B
3,22380,True,B,A,10,1,B
3,22381,True,B,A,4,1,B
3,22382,True,B,A,2,1,A
3,22383,True,B,A,0,1,A
3,22384,True,A,B,0,1,A
3,22385,False,,,,,
3,22386,True,A,B,1,1,A
3,22387,True,A,B,1,2,A
3,22388,True,A,B,1,1,A
3,22389,True,B,A,4,1,B
3,22390,True,B,A,4,1,B
3,22391,True,A,B,10,1,B
3,22392,True,B,A,2,1,A
3,22393,True,A,B,2,1,A
3,22394,True,B,A,2,1,A
3,22395,True,A,B,0,1,A
3,22396,True,B,A,3,1,A
3,22397,True,A,B,1,1,A
3,22398,True,A,B,6,1,B
3,22399,True,A,B,2,0,B
3,22400,True,B,A,2,0,B
3,22401,True,A,B,0,1,A
3,22402,True,A,B,2,0,B
3,22403,True,A,B,1,2,A
3,22404,True,B,A,1,2,A
3,22405,True,B,A,6,1,B
3,22406,True,A,B,2,1,A
3,22407,True,B,A,1,1,A
3,22408,False,,,,,
3,22409,True,B,A,1,2,A
3,22410,True,A,B,10,1,B
3,22411,True,B,A,10,1,B
3,22412,True,B,A,4,1,A
3,22413,True,B,A,1,1,A
3,22414,True,B,A,10,1,B
3,22415,True,B,A,2,0,B
3,22416,True,A,B,1,2,A
3,22417,True,B,A,6,1,B
3,22418,True,A,B,3,1,B
3,22419,True,A,B,4,1,B
3,22420,True,B,A,3,1,B
3,22421,True,B,A,1,1,A
3,22422,True,B,A,0,1,A
3,22423,True,B,A,3,1,A
3,22424,True,B,A,1,1,B
3,22425,True,B,A,10,1,B
3,22426,True,A,B,3,1,B
3,22427,True,A,B,1,2,A
3,22428,True,B,A,10,1,B
3,22429,True,A,B,2,0,B
3,22430,True,B,A,3,1,B
3,22431,True,B,A,6,1,B
3,22432,True,A,B,0,1,A
3,22433,True,B,A,4,1,B
3,22434,True,A,B,6,1,B
3,22435,True,B,A,6,1,B
3,22436,True,A,B,6,1,B
3,22437,True,A,B,4,1,B
3,22438,True,B,A,1,2,A
3,22439,True,B,A,10,1,B
3,22440,True,B,A,10,1,B
3,22441,True,A,B,10,1,B
3,22442,True,A,B,1,1,B
3,22443,True,B,A,1,2,A
3,22444,True,A,B,3,1,B
3,22445,True,B,A,2,0,B
3,22446,True,A,B,2,1,A
3,22447,True,B,A,6,1,B
3,22448,True,B,A,1,1,A
3,22449,True,B,A,4,1,B
3,22450,True,B,A,2,0,B
3,22451,True,B,A,0,1,A
3,22452,True,B,A,6,1,B
3,22453,True,B,A,1,1,A
3,22454,True,A,B,6,1,B
3,22455,False,,,,,
3,22456,True,B,A,1,2,A
3,22457,True,B,A,4,1,B
3,22458,True,B,A,1,1,B
3,22459,True,A,B,6,1,B
3,22460,True,A,B,6,1,B
3,22461,True,B,A,1,2,A
3,22462,True,B,A,1,1,A
3,22463,True,B,A,1,2,A
3,22464,True,A,B,4,1,B
3,22465,True,A,B,0,1,A
3,22466,True,A,B,0,1,A
3,22467,True,B,A,1,2,A
3,22468,True,B,A,0,1,A
3,22469,True,A,B,2,0,B
3,22470,True,A,B,2,0,B
3,22471,True,A,B,2,1,B
3,22472,True,A,B,6,1,B
3,22473,True,B,A,2,0,B
3,22474,True,B,A,4,1,B
3,22475,True,B,A,1,2,A
3,22476,True,B,A,10,1,B
3,22477,True,A,B,1,2,A
3,22478,True,B,A,3,1,B
3,22479,True,B,A,6,1,B
3,22480,True,B,A,6,1,B
3,22481,False,,,,,
3,22482,True,B,A,6,1,B
3,22483,True,B,A,6,1,B
3,22484,True,B,A,1,2,A
3,22485,True,A,B,4,1,B
3,22486,True,B,A,10,1,B
3,22487,True,A,B,10,1,B
3,22488,True,B,A,6,1,B
3,22489,True,A,B,1,2,A
3,22490,True,A,B,0,1,A
3,22491,True,A,B,3,1,B
3,22492,True,B,A,1,1,B
3,22493,True,B,A,6,1,B
3,22494,True,B,A,2,1,A
3,22495,True,A,B,1,2,A
3,22496,True,B,A,0,1,A
3,22497,True,B,A,3,1,B
3,22498,False,,,,,
3,22499,True,A,B,1,2,A
3,22500,True,A,B,6,1,B
3,22501,True,B,A,2,1,A
3,22502,True,B,A,4,1,B
3,22503,True,A,B,0,1,A
3,22504,True,A,B,10,1,B
3,22505,True,B,A,2,0,B
3,22506,True,A,B,3,1,B
3,22507,True,A,B,4,1,B
3,22508,True,A,B,0,1,A
3,22509,True,B,A,2,1,B
3,22510,True,A,B,1,1,A
3,22511,True,A,B,6,1,B
3,22512,True,A,B,2,1,A
3,22513,True,B,A,3,1,B
3,22514,True,B,A,4,1,B
3,22515,False,,,,,
3,22516,True,A,B,1,1,A
3,22517,True,A,B,6,1,B
3,22518,True,B,A,2,1,B
3,22519,True,B,A,3,1,B
3,22520,True,A,B,0,1,A
3,22521,True,A,B,6,1,B
3,22522,True,A,B,4,1,B
3,22523,True,B,A,6,1,B
3,22524,True,B,A,6,1,B
3,22525,True,A,B,2,1,B
3,22526,True,B,A,1,1,A
3,22527,True,A,B,1,1,A
3,22528,True,B,A,0,1,A
3,22529,True,A,B,0,1,A
3,22530,True,A,B,4,1,B
3,22531,True,A,B,6,1,B
3,22532,True,B,A,2,0,B
3,22533,True,B,A,2,0,B
3,22534,True,B,A,10,1,B
3,22535,True,A,B,0,1,A
3,22536,True,A,B,0,1,A
3,22537,True,B,A,6,1,B
3,22538,True,A,B,1,1,B
3,22539,True,B,A,2,1,B
3,22540,True,B,A,2,1,B
3,22541,True,A,B,1,1,B
3,22542,True,B,A,2,0,B
3,22543,True,A,B,0,1,A
3,22544,True,A,B,1,1,A
3,22545,False,,,,,
3,22546,True,B,A,1,1,B
3,22547,True,A,B,6,1,B
3,22548,True,B,A,10,1,B
3,22549,True,A,B,3,1,A
3,22550,True,A,B,10,1,B
3,22551,True,B,A,2,0,B
3,22552,True,A,B,4,1,B
3,22553,True,A,B,3,1,B
3,22554,True,A,B,3,1,A
3,22555,True,A,B,0,1,A
3,22556,True,B,A,0,1,A
3,22557,True,A,B,6,1,B
3,22558,True,A,B,6,1,B
3,22559,True,A,B,10,1,B
3,22560,True,B,A,4,1,B
3,22561,True,A,B,6,1,B
3,22562,True,B,A,2,0,B
3,22563,True,A,B,2,1,B
3,22564,True,B,A,0,1,A
3,22565,True,B,A,2,0,B
3,22566,True,B,A,6,1,B
3,22567,True,B,A,2,1,A
3,22568,True,A,B,2,0,B
3,22569,True,A,B,1,2,A
3,22570,True,A,B,0,1,A
3,22571,True,A,B,4,1,B
3,22572,True,B,A,2,1,A
3,22573,True,B,A,3,1,B
3,22574,True,B,A,1,1,B
3,22575,True,B,A,2,0,B
3,22576,True,A,B,3,1,A
3,22577,True,B,A,2,1,B
3,22578,True,A,B,3,1,B
3,22579,True,B,A,3,1,A
3,22580,True,B,A,1,2,A
3,22581,True,A,B,3,1,B
3,22582,True,B,A,4,1,B
3,22583,True,B,A,6,1,B
3,22584,True,A,B,1,1,A
3,22585,True,A,B,4,1,B
3,22586,True,B,A,10,1,B
3,22587,True,A,B,10,1,B
3,22588,True,A,B,1,2,A
3,22589,True,B,A,0,1,A
3,22590,True,A,B,0,1,A
3,22591,True,A,B,1,1,B
3,22592,True,A,B,1,2,A
3,22593,True,A,B,1,2,A
3,22594,True,B,A,3,1,B
3,22595,True,B,A,10,1,B
3,22596,True,B,A,4,1,B
3,22597,True,B,A,4,1,B
3,22598,True,A,B,1,2,A
3,22599,True,B,A,10,1,B
3,22600,True,A,B,0,1,A
3,22601,False,,,,,
3,22602,True,A,B,1,1,A
3,22603,True,B,A,4,1,B
3,22604,True,A,B,2,0,B
3,22605,True,B,A,4,1,B
3,22606,True,A,B,2,1,A
3,22607,True,B,A,1,1,A
3,22608,True,A,B,10,1,B
3,22609,True,A,B,4,1,B
3,22610,True,A,B,10,1,B
3,22611,True,A,B,0,1,A
3,22612,True,A,B,1,2,A
3,22613,True,B,A,3,1,B
3,22614,True,A,B,3,1,B
3,22615,True,A,B,6,1,B
3,22616,True,B,A,6,1,B
3,22617,True,B,A,2,1,A
3,22618,True,B,A,1,1,B
3,22619,True,A,B,1,2,A
3,22620,True,A,B,3,1,A
3,22621,True,A,B,0,1,A
3,22622,True,B,A,3,1,B
3,22623,True,B,A,10,1,B
3,22624,False,,,,,
3,22625,True,B,A,0,1,A
3,22626,True,A,B,1,2,A
3,22627,True,A,B,1,1,A
3,22628,True,A,B,3,1,B
3,22629,True,A,B,0,1,A
3,22630,True,B,A,4,1,B
3,22631,True,B,A,0,1,A
3,22632,True,B,A,4,1,B
3,22633,True,A,B,6,1,B
3,22634,True,B,A,0,1,A
3,22635,True,B,A,1,2,A
3,22636,True,A,B,10,1,B
3,22637,True,B,A,2,0,B
3,22638,True,A,B,6,1,B
3,22639,True,B,A,3,1,B
3,22640,True,A,B,2,0,B
3,22641,True,B,A,2,0,B
3,22642,True,B,A,6,1,B
3,22643,True,B,A,10,1,B
3,22644,True,A,B,3,1,B
3,22645,True,A,B,1,1,B
3,22646,True,A,B,2,0,B
3,22647,True,A,B,2,0,B
3,22648,True,A,B,0,1,A
3,22649,True,A,B,10,1,B
3,22650,True,A,B,3,1,B
3,22651,True,B,A,0,1,A
3,22652,True,B,A,1,2,A
3,22653,True,A,B,2,1,B
3,22654,True,A,B,2,1,A
3,22655,True,A,B,10,1,B
3,22656,True,B,A,1,1,A
3,22657,True,A,B,10,1,B
3,22658,False,,,,,
3,22659,True,A,B,10,1,B
3,22660,True,A,B,2,0,B
3,22661,True,B,A,0,1,A
3,22662,True,B,A,4,1,B
3,22663,True,A,B,1,1,A
3,22664,True,A,B,3,1,B
3,22665,True,A,B,3,1,B
3,22666,True,B,A,6,1,B
3,22667,True,A,B,3,1,B
3,22668,True,B,A,1,1,A
3,22669,True,A,B,2,0,B
3,22670,True,A,B,3,1,A
3,22671,True,B,A,0,1,A
3,22672,True,B,A,10,1,B
3,22673,True,A,B,6,1,B
3,22674,True,B,A,1,1,A
3,22675,True,A,B,0,1,A
3,22676,True,A,B,1,2,A
3,22677,True,B,A,1,1,A
3,22678,True,B,A,2,0,B
3,22679,True,B,A,0,1,A
3,22680,True,A,B,0,1,A
3,22681,True,B,A,0,1,A
3,22682,False,,,,,
3,22683,True,A,B,0,1,A
3,22684,True,B,A,0,1,A
3,22685,True,A,B,0,1,A
3,22686,False,,,,,
3,22687,True,B,A,0,1,A
3,22688,True,B,A,2,1,A
3,22689,True,A,B,3,1,B
3,22690,True,A,B,4,1,B
3,22691,True,A,B,2,0,B
3,22692,True,B,A,2,1,A
3,22693,True,A,B,1,1,A
3,22694,True,B,A,4,1,B
3,22695,True,B,A,0,1,A
3,22696,True,B,A,2,1,A
3,22697,True,A,B,3,1,A
3,22698,False,,,,,
3,22699,True,A,B,4,1,B
3,22700,True,B,A,2,1,A
3,22701,True,A,B,2,1,A
3,22702,True,A,B,4,1,B
3,22703,True,A,B,3,1,B
3,22704,True,A,B,6,1,A
3,22705,True,A,B,1,2,A
3,22706,True,A,B,1,2,A
3,22707,True,A,B,1,2,A
3,22708,True,B,A,2,0,B
3,22709,True,B,A,2,1,A
3,22710,True,B,A,2,0,B
3,22711,True,A,B,2,0,B
3,22712,True,B,A,4,1,B
3,22713,True,B,A,10,1,B
3,22714,False,,,,,
3,22715,True,A,B,1,1,A
3,22716,True,B,A,1,1,A
3,22717,True,B,A,1,2,A
3,22718,True,A,B,2,0,B
3,22719,True,A,B,1,1,A
3,22720,True,A,B,3,1,A
3,22721,True,A,B,10,1,B
3,22722,True,A,B,0,1,A
3,22723,True,A,B,1,1,A
3,22724,True,B,A,0,1,A
3,22725,True,A,B,3,1,B
3,22726,False,,,,,
3,22727,True,B,A,10,1,B
3,22728,True,A,B,2,1,A
3,22729,True,B,A,4,1,B
3,22730,True,B,A,10,1,B
3,22731,True,B,A,1,2,A
3,22732,True,B,A,4,1,B
3,22733,True,A,B,0,1,A
3,22734,True,B,A,6,1,B
3,22735,True,A,B,0,1,A
3,22736,True,A,B,1,2,A
3,22737,True,B,A,2,1,A
3,22738,True,B,A,6,1,B
3,22739,True,A,B,10,1,B
3,22740,True,B,A,1,1,A
3,22741,True,A,B,4,1,B
3,22742,True,B,A,6,1,B
3,22743,True,A,B,1,1,A
3,22744,True,B,A,0,1,A
3,22745,True,A,B,3,1,B
3,22746,True,A,B,6,1,B
3,22747,True,A,B,4,1,B
3,22748,False,,,,,
3,22749,True,B,A,0,1,A
3,22750,True,A,B,3,1,B
3,22751,True,A,B,6,1,B
3,22752,True,A,B,2,1,B
3,22753,True,A,B,3,1,B
3,22754,True,A,B,6,1,B
3,22755,True,B,A,1,2,A
3,22756,True,A,B,1,2,A
3,22757,True,A,B,3,1,A
3,22758,True,A,B,2,0,B
3,22759,True,B,A,1,1,A
3,22760,True,B,A,3,1,A
3,22761,True,A,B,10,1,B
3,22762,True,B,A,2,1,A
3,22763,True,B,A,0,1,A
3,22764,True,B,A,0,1,A
3,22765,True,A,B,0,1,A
3,22766,True,A,B,2,1,A
3,22767,True,A,B,10,1,B
3,22768,True,A,B,2,1,A
3,22769,True,A,B,1,2,A
3,22770,True,B,A,1,1,B
3,22771,True,A,B,6,1,B
3,22772,True,B,A,4,1,B
3,22773,True,A,B,1,2,A
3,22774,True,B,A,3,1,A
3,22775,True,B,A,0,1,A
3,22776,True,B,A,1,2,A
3,22777,True,B,A,6,1,B
3,22778,True,B,A,2,0,B
3,22779,True,B,A,2,0,B
3,22780,True,B,A,2,1,B
3,22781,True,B,A,10,1,B
3,22782,True,B,A,3,1,B
3,22783,True,A,B,4,1,B
3,22784,True,A,B,0,1,A
3,22785,True,B,A,1,1,A
3,22786,True,A,B,6,1,B
3,22787,True,B,A,4,1,B
3,22788,True,B,A,0,1,A
3,22789,True,A,B,4,1,B
3,22790,True,B,A,4,1,B
3,22791,True,B,A,0,1,A
3,22792,True,A,B,2,0,B
3,22793,True,B,A,2,1,B
3,22794,True,B,A,1,1,A
3,22795,True,A,B,2,0,B
3,22796,True,B,A,6,1,B
3,22797,True,A,B,2,0,B
3,22798,True,B,A,0,1,A
3,22799,True,A,B,4,1,B
3,22800,True,A,B,1,2,A
3,22801,True,B,A,6,1,B
3,22802,True,A,B,3,1,B
3,22803,True,A,B,1,2,B
3,22804,True,A,B,4,1,B
3,22805,True,B,A,1,1,A
3,22806,False,,,,,
3,22807,True,B,A,2,0,B
3,22808,True,A,B,1,1,A
3,22809,True,A,B,1,1,A
3,22810,True,B,A,2,1,A
3,22811,True,B,A,4,1,B
3,22812,True,B,A,6,1,B
3,22813,True,A,B,1,1,A
3,22814,True,A,B,4,1,B
3,22815,True,B,A,6,1,B
3,22816,True,A,B,2,1,A
3,22817,True,B,A,0,1,A
3,22818,True,A,B,6,1,B
3,22819,True,A,B,2,0,B
3,22820,True,A,B,10,1,B
3,22821,True,A,B,4,1,B
3,22822,True,A,B,10,1,B
3,22823,True,B,A,1,2,A
3,22824,True,A,B,3,1,B
3,22825,False,,,,,
3,22826,True,A,B,6,1,B
3,22827,True,A,B,1,1,A
3,22828,True,B,A,4,1,B
3,22829,True,A,B,10,1,B
3,22830,True,B,A,3,1,B
3,22831,True,B,A,6,1,B
3,22832,True,A,B,2,1,B
3,22833,True,A,B,10,1,B
3,22834,True,A,B,3,1,B
3,22835,True,A,B,2,1,A
3,22836,True,B,A,1,2,A
3,22837,True,A,B,10,1,B
3,22838,True,A,B,2,0,B
3,22839,True,B,A,0,1,A
3,22840,True,A,B,3,1,A
3,22841,True,A,B,1,2,A
3,22842,False,,,,,
3,22843,True,A,B,2,1,B
3,22844,True,B,A,10,1,B
3,22845,True,B,A,1,1,A
3,22846,True,B,A,6,1,B
3,22847,True,B,A,1,1,A
3,22848,True,B,A,3,1,B
3,22849,True,B,A,1,1,A
3,22850,True,A,B,1,1,A
3,22851,True,B,A,1,1,A
3,22852,True,A,B,1,2,A
3,22853,True,A,B,3,1,B
3,22854,True,B,A,1,1,A
3,22855,True,A,B,1,2,A
3,22856,True,A,B,2,1,B
3,22857,True,B,A,10,1,B
3,22858,True,B,A,6,1,B
3,22859,True,A,B,1,1,A
3,22860,True,B,A,1,2,A
3,22861,True,B,A,3,1,A
3,22862,True,A,B,2,1,B
3,22863,True,A,B,1,2,A
3,22864,True,B,A,0,1,A
3,22865,True,B,A,2,1,A
3,22866,True,A,B,1,1,A
3,22867,True,B,A,6,1,B
3,22868,True,A,B,6,1,B
3,22869,True,A,B,1,2,A
3,22870,True,A,B,0,1,A
3,22871,True,A,B,1,2,A
3,22872,True,A,B,2,0,B
3,22873,True,A,B,4,1,B
3,22874,True,A,B,1,2,A
3,22875,True,A,B,10,1,B
3,22876,True,A,B,3,1,B
3,22877,True,A,B,4,1,B
3,22878,True,A,B,1,2,A
3,22879,True,A,B,4,1,A
3,22880,True,A,B,2,1,A
3,22881,True,B,A,4,1,B
3,22882,True,B,A,6,1,B
3,22883,True,A,B,0,1,A
3,22884,True,A,B,3,1,B
3,22885,True,B,A,1,1,A
3,22886,True,B,A,1,2,B
3,22887,True,B,A,2,1,A
3,22888,True,B,A,10,1,B
3,22889,True,B,A,6,1,B
3,22890,True,B,A,3,1,B
3,22891,True,A,B,6,1,B
3,22892,True,A,B,0,1,A
3,22893,True,A,B,2,1,A
3,22894,True,A,B,10,1,B
3,22895,True,A,B,2,1,A
3,22896,True,B,A,1,1,A
3,22897,True,B,A,1,2,B
3,22898,True,B,A,0,1,A
3,22899,True,B,A,0,1,A
3,22900,True,B,A,4,1,A
3,22901,True,B,A,3,1,B
3,22902,True,A,B,6,1,B
3,22903,True,B,A,6,1,B
3,22904,False,,,,,
3,22905,True,A,B,3,1,B
3,22906,True,B,A,1,1,A
3,22907,True,A,B,1,2,A
3,22908,True,B,A,10,1,B
3,22909,True,A,B,1,1,B
3,22910,True,A,B,0,1,A
3,22911,True,B,A,1,1,A
3,22912,True,A,B,0,1,A
3,22913,False,,,,,
3,22914,True,B,A,1,2,A
3,22915,True,B,A,4,1,B
3,22916,True,A,B,0,1,A
3,22917,False,,,,,
3,22918,True,A,B,1,1,B
3,22919,True,A,B,1,1,B
3,22920,True,B,A,4,1,B
3,22921,True,B,A,3,1,B
3,22922,True,A,B,4,1,B
3,22923,True,A,B,10,1,B
3,22924,True,A,B,6,1,B
3,22925,True,B,A,3,1,B
3,22926,True,A,B,4,1,B
3,22927,False,,,,,
3,22928,True,A,B,4,1,B
3,22929,True,B,A,1,1,A
3,22930,True,A,B,2,1,A
3,22931,True,A,B,0,1,A
3,22932,True,A,B,6,1,B
3,22933,True,A,B,1,2,A
3,22934,True,B,A,1,2,B
3,22935,True,B,A,2,1,B
3,22936,False,,,,,
3,22937,True,A,B,2,1,B
3,22938,True,B,A,2,1,A
3,22939,True,A,B,3,1,B
3,22940,True,B,A,1,1,A
3,22941,False,,,,,
3,22942,True,B,A,10,1,B
3,22943,True,B,A,2,0,B
3,22944,True,A,B,6,1,B
3,22945,True,B,A,2,1,A
3,22946,True,B,A,4,1,B
3,22947,True,B,A,2,1,A
3,22948,True,B,A,1,1,A
3,22949,True,A,B,2,1,B
3,22950,True,A,B,2,0,B
3,22951,True,A,B,3,1,B
3,22952,True,A,B,4,1,B
3,22953,True,A,B,1,2,A
3,22954,True,A,B,1,1,A
3,22955,True,A,B,2,1,A
3,22956,True,A,B,3,1,B
3,22957,True,B,A,6,1,B
3,22958,True,B,A,4,1,B
3,22959,True,A,B,0,1,A
3,22960,True,A,B,10,1,B
3,22961,True,A,B,0,1,A
3,22962,False,,,,,
3,22963,True,B,A,10,1,B
3,22964,True,A,B,4,1,A
3,22965,True,B,A,4,1,B
3,22966,False,,,,,
3,22967,True,A,B,2,0,B
3,22968,True,B,A,4,1,B
3,22969,True,B,A,2,0,B
3,22970,True,B,A,0,1,A
3,22971,True,A,B,3,1,B
3,22972,True,A,B,10,1,B
3,22973,True,A,B,1,2,A
3,22974,True,B,A,2,1,A
3,22975,True,A,B,2,1,A
3,22976,True,B,A,1,2,A
3,22977,True,B,A,0,1,A
3,22978,True,A,B,1,2,A
3,22979,True,B,A,1,1,A
3,22980,True,A,B,6,1,B
3,22981,True,A,B,6,1,B
3,22982,True,A,B,0,1,A
3,22983,True,A,B,1,2,A
3,22984,True,A,B,0,1,A
3,22985,True,A,B,10,1,B
3,22986,True,A,B,4,1,B
3,22987,True,A,B,4,1,B
3,22988,True,A,B,1,2,A
3,22989,True,B,A,0,1,A
3,22990,True,A,B,1,2,A
3,22991,True,B,A,1,1,B
3,22992,True,B,A,6,1,B
3,22993,True,A,B,2,1,A
3,22994,True,B,A,1,1,A
3,22995,True,B,A,10,1,B
3,22996,True,B,A,0,1,A
3,22997,False,,,,,
3,22998,True,A,B,6,1,B
3,22999,True,B,A,4,1,B
3,23000,True,A,B,1,1,A
3,23001,True,A,B,3,1,A
3,23002,True,A,B,3,1,A
3,23003,True,B,A,2,1,B
3,23004,True,A,B,0,1,A
3,23005,True,B,A,6,1,B
3,23006,True,A,B,6,1,B
3,23007,True,B,A,0,1,A
3,23008,True,B,A,10,1,B
3,23009,True,A,B,6,1,B
3,23010,True,A,B,2,1,B
3,23011,True,A,B,6,1,B
3,23012,True,A,B,2,1,A
3,23013,True,B,A,10,1,B
3,23014,True,A,B,3,1,A
3,23015,True,A,B,3,1,A
3,23016,True,A,B,2,0,B
3,23017,True,A,B,1,1,A
3,23018,False,,,,,
3,23019,True,B,A,10,1,B
3,23020,True,B,A,1,2,A
3,23021,True,B,A,1,1,A
3,23022,True,A,B,10,1,B
3,23023,True,B,A,3,1,A
3,23024,True,B,A,4,1,B
3,23025,True,A,B,2,0,B
3,23026,True,A,B,0,1,A
3,23027,True,B,A,3,1,B
3,23028,True,B,A,4,1,B
3,23029,True,A,B,3,1,B
3,23030,True,A,B,1,1,A
3,23031,True,B,A,1,1,B
3,23032,True,A,B,0,1,A
3,23033,True,B,A,2,0,B
3,23034,True,A,B,6,1,B
3,23035,True,A,B,4,1,B
3,23036,True,A,B,10,1,B
3,23037,True,A,B,10,1,B
3,23038,True,B,A,6,1,B
3,23039,True,A,B,1,2,A
3,23040,True,A,B,4,1,B
3,23041,True,B,A,3,1,B
3,23042,True,B,A,6,1,B
3,23043,True,B,A,2,1,A
3,23044,True,A,B,2,1,B
3,23045,True,A,B,1,1,A
3,23046,True,B,A,0,1,A
3,23047,True,B,A,3,1,B
3,23048,True,B,A,2,1,A
3,23049,True,B,A,10,1,B
3,23050,True,B,A,3,1,B
3,23051,True,A,B,10,1,B
3,23052,True,A,B,6,1,B
3,23053,True,B,A,3,1,B
3,23054,True,B,A,6,1,B
3,23055,True,A,B,0,1,A
3,23056,True,B,A,1,2,A
3,23057,True,B,A,2,1,A
3,23058,True,A,B,10,1,B
3,23059,True,A,B,6,1,B
3,23060,True,A,B,4,1,B
3,23061,True,B,A,10,1,B
3,23062,True,B,A,4,1,B
3,23063,False,,,,,
3,23064,True,A,B,4,1,B
3,23065,True,A,B,1,1,A
3,23066,True,A,B,0,1,A
3,23067,True,A,B,2,0,B
3,23068,True,A,B,4,1,B
3,23069,True,A,B,3,1,A
3,23070,True,B,A,6,1,B
3,23071,True,B,A,6,1,B
3,23072,True,B,A,1,2,A
3,23073,True,A,B,2,1,A
3,23074,True,B,A,1,1,A
3,23075,True,A,B,2,1,A
3,23076,True,A,B,1,1,A
3,23077,True,B,A,2,1,A
3,23078,True,A,B,2,0,B
3,23079,True,A,B,6,1,B
3,23080,True,B,A,2,0,B
3,23081,False,,,,,
3,23082,True,B,A,10,1,B
3,23083,True,A,B,3,1,B
3,23084,True,A,B,4,1,B
3,23085,True,A,B,0,1,A
3,23086,True,B,A,10,1,B
3,23087,True,A,B,2,0,B
3,23088,True,A,B,10,1,B
3,23089,True,B,A,4,1,B
3,23090,True,B,A,4,1,B
3,23091,True,A,B,6,1,B
3,23092,False,,,,,
3,23093,True,B,A,4,1,B
3,23094,True,B,A,0,1,A
3,23095,True,B,A,4,1,B
3,23096,True,B,A,2,0,B
3,23097,True,A,B,4,1,B
3,23098,True,B,A,1,2,A
3,23099,True,B,A,10,1,B
3,23100,True,A,B,1,2,B
3,23101,True,A,B,3,1,B
3,23102,True,B,A,10,1,B
3,23103,True,B,A,1,1,B
3,23104,True,A,B,4,1,B
3,23105,True,A,B,0,1,A
3,23106,True,A,B,3,1,B
3,23107,True,B,A,3,1,A
3,23108,True,B,A,2,0,B
3,23109,True,B,A,3,1,B
3,23110,True,B,A,6,1,B
3,23111,True,A,B,10,1,B
3,23112,True,B,A,3,1,B
3,23113,True,B,A,3,1,B
3,23114,True,A,B,4,1,B
3,23115,True,B,A,4,1,B
3,23116,True,A,B,2,1,B
3,23117,True,B,A,2,0,B
3,23118,True,B,A,1,2,A
3,23119,True,B,A,2,0,B
3,23120,True,B,A,0,1,A
3,23121,True,A,B,6,1,B
3,23122,True,A,B,6,1,B
3,23123,True,B,A,6,1,B
3,23124,True,B,A,4,1,B
3,23125,True,A,B,1,1,B
3,23126,True,B,A,1,1,A
3,23127,True,B,A,1,1,A
3,23128,True,B,A,1,1,A
3,23129,True,A,B,0,1,A
3,23130,True,B,A,2,1,B
3,23131,True,B,A,6,1,A
3,23132,True,B,A,3,1,B
3,23133,True,A,B,2,1,A
3,23134,True,B,A,3,1,B
3,23135,True,B,A,2,1,B
3,23136,True,A,B,0,1,A
3,23137,True,B,A,2,0,B
3,23138,True,A,B,1,1,A
3,23139,True,B,A,4,1,B
3,23140,True,A,B,2,1,B
3,23141,True,B,A,3,1,B
3,23142,False,,,,,
3,23143,True,A,B,0,1,A
3,23144,False,,,,,
3,23145,True,A,B,0,1,A
3,23146,True,A,B,2,1,A
3,23147,True,B,A,3,1,B
3,23148,True,B,A,6,1,B
3,23149,False,,,,,
3,23150,True,A,B,2,0,B
3,23151,True,A,B,2,1,A
3,23152,True,A,B,0,1,A
3,23153,False,,,,,
3,23154,True,B,A,3,1,B
3,23155,True,B,A,0,1,A
3,23156,True,A,B,2,1,A
3,23157,True,A,B,2,1,A
3,23158,True,B,A,0,1,A
3,23159,True,B,A,2,1,B
3,23160,True,A,B,0,1,A
3,23161,False,,,,,
3,23162,True,B,A,6,1,B
3,23163,False,,,,,
3,23164,True,B,A,1,1,B
3,23165,True,A,B,4,1,B
3,23166,True,B,A,1,2,A
3,23167,False,,,,,
3,23168,True,A,B,10,1,B
3,23169,True,B,A,10,1,B
3,23170,True,A,B,1,2,B
3,23171,True,B,A,0,1,A
3,23172,True,A,B,4,1,B
3,23173,False,,,,,
3,23174,True,B,A,1,1,A
3,23175,True,A,B,2,1,A
3,23176,True,B,A,2,0,B
3,23177,True,B,A,2,1,A
3,23178,True,B,A,6,1,B
3,23179,True,B,A,10,1,B
3,23180,True,A,B,3,1,A
3,23181,True,B,A,2,0,B
3,23182,True,B,A,3,1,B
3,23183,True,B,A,1,2,A
3,23184,True,B,A,10,1,B
3,23185,True,B,A,0,1,A
3,23186,True,A,B,1,1,A
3,23187,True,B,A,4,1,B
3,23188,True,A,B,1,1,A
3,23189,True,B,A,0,1,A
3,23190,True,A,B,0,1,A
3,23191,True,B,A,0,1,A
3,23192,True,B,A,2,1,A
3,23193,True,A,B,1,2,A
3,23194,True,A,B,3,1,B
3,23195,True,B,A,1,1,A
3,23196,True,B,A,4,1,B
3,23197,True,B,A,1,1,A
3,23198,True,B,A,2,1,B
3,23199,True,B,A,6,1,B
3,23200,True,A,B,1,2,A
3,23201,True,A,B,1,1,A
3,23202,True,B,A,6,1,B
3,23203,True,A,B,1,1,B
3,23204,True,A,B,1,1,A
3,23205,True,A,B,1,2,A
3,23206,True,B,A,4,1,B
3,23207,True,B,A,0,1,A
3,23208,True,B,A,1,2,A
3,23209,True,A,B,2,1,A
3,23210,True,A,B,1,1,A
3,23211,True,B,A,10,1,B
3,23212,True,B,A,0,1,A
3,23213,True,A,B,2,1,B
3,23214,True,B,A,0,1,A
3,23215,True,A,B,0,1,A
3,23216,False,,,,,
3,23217,True,B,A,2,0,B
3,23218,True,B,A,2,1,A
3,23219,True,A,B,2,0,B
3,23220,True,A,B,4,1,B
3,23221,True,B,A,4,1,B
3,23222,True,B,A,1,2,A
3,23223,True,A,B,0,1,A
3,23224,True,B,A,6,1,B
3,23225,True,B,A,3,1,B
3,23226,True,A,B,1,1,A
3,23227,True,A,B,3,1,B
3,23228,True,A,B,6,1,B
3,23229,True,B,A,1,1,B
3,23230,True,A,B,0,1,A
3,23231,True,A,B,1,1,A
3,23232,True,B,A,2,0,B
3,23233,True,B,A,6,1,B
3,23234,True,A,B,1,2,A
3,23235,True,B,A,1,1,A
3,23236,True,B,A,4,1,B
3,23237,True,B,A,1,2,A
3,23238,True,B,A,1,1,A
3,23239,True,A,B,4,1,A
3,23240,True,A,B,1,2,A
3,23241,True,A,B,0,1,A
3,23242,True,A,B,6,1,B
3,23243,True,A,B,10,1,B
3,23244,True,A,B,0,1,A
3,23245,True,B,A,2,1,A
3,23246,True,A,B,1,2,A
3,23247,True,B,A,3,1,B
3,23248,True,A,B,2,1,A
3,23249,True,B,A,6,1,B
3,23250,True,B,A,0,1,A
3,23251,True,B,A,4,1,B
3,23252,True,A,B,4,1,A
3,23253,True,B,A,1,2,A
3,23254,True,A,B,6,1,B
3,23255,True,B,A,0,1,A
3,23256,True,A,B,4,1,B
3,23257,True,B,A,0,1,A
3,23258,True,A,B,1,1,A
3,23259,True,A,B,0,1,A
3,23260,True,B,A,2,1,B
3,23261,True,B,A,10,1,B
3,23262,True,B,A,1,2,A
3,23263,True,B,A,1,2,A
3,23264,True,A,B,0,1,A
3,23265,True,A,B,4,1,B
3,23266,True,A,B,0,1,A
3,23267,True,A,B,3,1,B
3,23268,False,,,,,
3,23269,True,B,A,2,1,B
3,23270,True,B,A,4,1,B
3,23271,True,B,A,3,1,B
3,23272,True,A,B,6,1,B
3,23273,True,B,A,4,1,B
3,23274,True,A,B,3,1,B
3,23275,True,B,A,1,1,A
3,23276,True,B,A,1,1,A
3,23277,True,B,A,1,2,A
3,23278,True,A,B,0,1,A
3,23279,True,B,A,4,1,B
3,23280,True,B,A,2,0,B
3,23281,True,A,B,0,1,A
3,23282,True,B,A,3,1,B
3,23283,True,A,B,1,1,A
3,23284,True,B,A,1,2,A
3,23285,False,,,,,
3,23286,True,B,A,10,1,B
3,23287,True,A,B,2,0,B
3,23288,True,B,A,2,0,B
3,23289,True,A,B,10,1,B
3,23290,True,A,B,2,0,B
3,23291,True,B,A,3,1,B
3,23292,True,B,A,6,1,B
3,23293,True,B,A,4,1,B
3,23294,True,A,B,2,1,B
3,23295,True,B,A,1,1,B
3,23296,True,A,B,6,1,B
3,23297,True,A,B,1,1,A
3,23298,True,A,B,2,0,B
3,23299,True,B,A,1,2,A
3,23300,True,A,B,10,1,B
3,23301,True,B,A,3,1,B
3,23302,True,A,B,10,1,B
3,23303,True,B,A,3,1,A
3,23304,True,B,A,1,2,A
3,23305,True,B,A,3,1,B
3,23306,True,B,A,2,1,B
3,23307,True,B,A,1,1,A
3,23308,True,B,A,1,1,A
3,23309,True,A,B,1,2,A
3,23310,True,A,B,1,1,A
3,23311,True,B,A,1,1,A
3,23312,True,A,B,2,1,B
3,23313,True,A,B,1,2,A
3,23314,True,B,A,2,0,B
3,23315,True,B,A,1,1,B
3,23316,True,B,A,1,1,A
3,23317,True,A,B,6,1,B
3,23318,True,A,B,1,2,A
3,23319,True,A,B,2,0,B
3,23320,True,A,B,2,1,B
3,23321,True,B,A,4,1,B
3,23322,True,A,B,2,1,B
3,23323,True,A,B,10,1,B
3,23324,True,B,A,1,1,A
3,23325,True,B,A,0,1,A
3,23326,True,B,A,1,1,A
3,23327,True,B,A,3,1,B
3,23328,True,B,A,0,1,A
3,23329,True,A,B,3,1,B
3,23330,True,A,B,2,1,B
3,23331,True,A,B,1,2,A
3,23332,True,A,B,2,1,B
3,23333,True,B,A,1,2,A
3,23334,True,B,A,4,1,B
3,23335,True,B,A,0,1,A
3,23336,True,B,A,1,1,A
3,23337,True,B,A,2,1,A
3,23338,True,A,B,4,1,B
3,23339,True,B,A,2,1,B
3,23340,True,A,B,2,1,A
3,23341,True,A,B,1,1,A
3,23342,True,A,B,3,1,B
3,23343,True,B,A,2,1,A
3,23344,True,B,A,4,1,B
3,23345,True,B,A,2,1,A
3,23346,True,A,B,1,1,A
3,23347,True,A,B,1,1,A
3,23348,True,B,A,0,1,A
3,23349,False,,,,,
3,23350,True,B,A,1,1,A
3,23351,True,A,B,2,0,B
3,23352,True,B,A,1,2,A
3,23353,True,A,B,10,1,B
3,23354,False,,,,,
3,23355,True,A,B,3,1,A
3,23356,True,B,A,3,1,B
3,23357,True,A,B,4,1,A
3,23358,True,B,A,0,1,A
3,23359,True,A,B,2,1,B
3,23360,True,B,A,4,1,B
3,23361,True,A,B,4,1,B
3,23362,True,B,A,1,2,A
3,23363,True,B,A,3,1,B
3,23364,True,B,A,1,1,B
3,23365,True,A,B,2,1,B
3,23366,True,A,B,0,1,A
3,23367,True,B,A,10,1,B
3,23368,True,A,B,3,1,B
3,23369,True,B,A,4,1,B
3,23370,True,B,A,1,2,A
3,23371,False,,,,,
3,23372,True,B,A,10,1,B
3,23373,True,B,A,10,1,B
3,23374,True,A,B,1,1,A
3,23375,True,A,B,3,1,A
3,23376,True,B,A,6,1,B
3,23377,True,B,A,2,1,B
3,23378,True,B,A,6,1,B
3,23379,True,B,A,2,1,A
3,23380,True,A,B,6,1,B
3,23381,True,B,A,2,0,B
3,23382,True,B,A,3,1,A
3,23383,True,A,B,3,1,B
3,23384,True,A,B,0,1,A
3,23385,True,B,A,3,1,B
3,23386,True,A,B,1,1,A
3,23387,True,A,B,4,1,B
3,23388,True,B,A,1,2,A
3,23389,True,B,A,1,1,A
3,23390,True,B,A,4,1,B
3,23391,True,B,A,1,1,A
3,23392,True,A,B,0,1,A
3,23393,True,B,A,0,1,A
3,23394,True,A,B,3,1,B
3,23395,True,B,A,1,2,A
3,23396,True,B,A,1,1,A
3,23397,False,,,,,
3,23398,True,B,A,6,1,B
3,23399,True,B,A,1,2,A
3,23400,False,,,,,
3,23401,True,A,B,10,1,B
3,23402,True,A,B,10,1,B
3,23403,True,B,A,4,1,B
3,23404,True,B,A,4,1,B
3,23405,True,B,A,2,0,B
3,23406,True,B,A,0,1,A
3,23407,True,B,A,0,1,A
3,23408,True,A,B,1,1,A
3,23409,True,A,B,1,2,A
3,23410,True,A,B,10,1,B
3,23411,True,A,B,4,1,B
3,23412,True,B,A,2,1,A
3,23413,True,B,A,4,1,B
3,23414,True,A,B,6,1,B
3,23415,True,B,A,4,1,B
3,23416,True,B,A,1,2,A
3,23417,True,B,A,1,1,A
3,23418,True,B,A,1,2,A
3,23419,True,B,A,0,1,A
3,23420,True,B,A,1,2,A
3,23421,True,B,A,0,1,A
3,23422,True,A,B,1,2,A
3,23423,True,A,B,0,1,A
3,23424,True,B,A,0,1,A
3,23425,True,B,A,0,1,A
3,23426,False,,,,,
3,23427,True,A,B,0,1,A
3,23428,True,A,B,0,1,A
3,23429,False,,,,,
3,23430,True,A,B,0,1,A
3,23431,True,B,A,1,1,B
3,23432,True,A,B,1,1,B
3,23433,True,A,B,0,1,A
3,23434,True,B,A,2,1,A
3,23435,True,B,A,0,1,A
3,23436,True,B,A,1,2,A
3,23437,True,A,B,1,2,A
3,23438,True,A,B,10,1,B
3,23439,True,A,B,1,2,A
3,23440,True,B,A,4,1,B
3,23441,True,B,A,3,1,A
3,23442,True,B,A,6,1,B
3,23443,True,B,A,1,2,A
3,23444,True,A,B,4,1,B
3,23445,True,B,A,6,1,B
3,23446,True,A,B,0,1,A
3,23447,True,B,A,3,1,A
3,23448,True,A,B,1,1,A
3,23449,True,B,A,1,2,A
3,23450,True,B,A,0,1,A
3,23451,True,A,B,4,1,B
3,23452,True,A,B,1,1,A
3,23453,True,A,B,10,1,B
3,23454,True,B,A,3,1,A
3,23455,True,A,B,2,0,B
3,23456,True,B,A,1,2,A
3,23457,True,B,A,2,1,A
3,23458,True,A,B,1,1,A
3,23459,True,B,A,1,2,A
3,23460,True,A,B,2,1,A
3,23461,True,B,A,0,1,A
3,23462,True,A,B,1,2,A
3,23463,True,B,A,6,1,B
3,23464,True,B,A,1,1,A
3,23465,True,B,A,10,1,B
3,23466,True,A,B,1,1,A
3,23467,True,B,A,4,1,B
3,23468,True,B,A,4,1,B
3,23469,True,A,B,3,1,B
3,23470,True,B,A,6,1,B
3,23471,True,A,B,4,1,B
3,23472,True,A,B,1,1,A
3,23473,True,A,B,0,1,A
3,23474,True,A,B,10,1,B
3,23475,True,A,B,2,0,B
3,23476,True,B,A,2,1,A
3,23477,True,B,A,2,1,B
3,23478,True,B,A,0,1,A
3,23479,True,B,A,2,1,A
3,23480,True,A,B,3,1,B
3,23481,True,A,B,1,2,A
3,23482,True,A,B,3,1,B
3,23483,True,B,A,6,1,B
3,23484,True,A,B,2,0,B
3,23485,True,B,A,1,2,A
3,23486,True,A,B,2,0,B
3,23487,True,A,B,0,1,A
3,23488,True,A,B,3,1,B
3,23489,True,B,A,4,1,B
3,23490,True,B,A,6,1,B
3,23491,True,A,B,2,0,B
3,23492,True,B,A,10,1,B
3,23493,True,A,B,1,1,A
3,23494,True,A,B,3,1,B
3,23495,True,A,B,1,2,A
3,23496,True,B,A,0,1,A
3,23497,True,A,B,10,1,B
3,23498,True,B,A,3,1,A
3,23499,True,B,A,0,1,A
3,23500,True,B,A,2,1,A
3,23501,True,B,A,10,1,B
3,23502,True,A,B,6,1,B
3,23503,True,B,A,10,1,B
3,23504,True,B,A,1,2,A
3,23505,True,B,A,10,1,B
3,23506,True,B,A,2,0,B
3,23507,True,B,A,0,1,A
3,23508,True,A,B,10,1,B
3,23509,True,A,B,2,0,B
3,23510,True,B,A,1,1,A
3,23511,True,A,B,0,1,A
3,23512,True,B,A,6,1,B
3,23513,True,A,B,1,2,A
3,23514,True,A,B,1,1,B
3,23515,True,B,A,0,1,A
3,23516,True,A,B,4,1,B
3,23517,True,A,B,1,1,A
3,23518,True,A,B,4,1,B
3,23519,True,A,B,2,0,B
3,23520,True,B,A,2,0,B
3,23521,True,B,A,10,1,B
3,23522,True,A,B,2,0,B
3,23523,False,,,,,
3,23524,True,A,B,4,1,B
3,23525,True,B,A,1,2,A
3,23526,True,B,A,4,1,B
3,23527,True,B,A,0,1,A
3,23528,True,B,A,1,2,A
3,23529,True,A,B,0,1,A
3,23530,True,B,A,6,1,B
3,23531,True,A,B,2,0,B
3,23532,True,A,B,0,1,A
3,23533,True,A,B,2,1,A
3,23534,True,B,A,4,1,B
3,23535,True,A,B,1,1,A
3,23536,False,,,,,
3,23537,True,B,A,4,1,B
3,23538,True,A,B,4,1,A
3,23539,True,A,B,2,0,B
3,23540,True,A,B,10,1,B
3,23541,True,A,B,2,0,B
3,23542,True,A,B,3,1,B
3,23543,True,B,A,4,1,B
3,23544,True,B,A,1,1,B
3,23545,True,B,A,1,2,A
3,23546,True,A,B,6,1,B
3,23547,True,B,A,1,2,A
3,23548,True,B,A,6,1,B
3,23549,True,B,A,2,1,B
3,23550,True,A,B,1,1,A
3,23551,True,A,B,3,1,B
3,23552,True,B,A,10,1,B
3,23553,True,B,A,2,1,B
3,23554,True,B,A,3,1,B
3,23555,True,A,B,2,1,A
3,23556,True,B,A,2,0,B
3,23557,True,A,B,1,2,A
3,23558,True,A,B,0,1,A
3,23559,True,B,A,0,1,A
3,23560,True,A,B,0,1,A
3,23561,True,B,A,1,1,B
3,23562,False,,,,,
3,23563,True,B,A,3,1,B
3,23564,True,A,B,6,1,B
3,23565,True,B,A,3,1,B
3,23566,True,A,B,2,1,A
3,23567,True,B,A,0,1,A
3,23568,True,A,B,10,1,B
3,23569,True,A,B,0,1,A
3,23570,True,B,A,10,1,B
3,23571,False,,,,,
3,23572,True,B,A,2,0,B
3,23573,True,B,A,4,1,B
3,23574,True,A,B,1,1,A
3,23575,True,A,B,1,1,B
3,23576,True,B,A,10,1,B
3,23577,False,,,,,
3,23578,True,B,A,6,1,B
3,23579,True,B,A,3,1,B
3,23580,True,B,A,0,1,A
3,23581,True,B,A,4,1,B
3,23582,True,A,B,6,1,B
3,23583,True,B,A,10,1,B
3,23584,True,B,A,1,2,A
3,23585,False,,,,,
3,23586,True,A,B,3,1,B
3,23587,True,B,A,3,1,A
3,23588,True,B,A,2,1,A
3,23589,True,B,A,3,1,A
3,23590,True,B,A,2,1,B
3,23591,True,B,A,3,1,A
3,23592,True,B,A,0,1,A
3,23593,True,A,B,1,2,A
3,23594,True,B,A,3,1,A
3,23595,True,A,B,2,1,B
3,23596,True,A,B,1,2,A
3,23597,True,B,A,4,1,B
3,23598,True,B,A,10,1,B
3,23599,True,B,A,4,1,B
3,23600,True,A,B,4,1,B
3,23601,True,A,B,10,1,B
3,23602,True,B,A,0,1,A
3,23603,True,B,A,3,1,B
3,23604,True,B,A,1,1,B
3,23605,True,B,A,3,1,B
3,23606,True,B,A,3,1,B
3,23607,True,B,A,3,1,B
3,23608,True,B,A,1,1,A
3,23609,True,B,A,2,1,A
3,23610,True,B,A,0,1,A
3,23611,True,B,A,1,1,B
3,23612,True,B,A,6,1,B
3,23613,False,,,,,
3,23614,True,B,A,2,1,B
3,23615,True,A,B,3,1,B
3,23616,True,A,B,0,1,A
3,23617,True,A,B,1,1,A
3,23618,True,B,A,1,2,A
3,23619,False,,,,,
3,23620,True,A,B,2,0,B
3,23621,True,B,A,1,1,A
3,23622,True,B,A,0,1,A
3,23623,True,B,A,0,1,A
3,23624,True,B,A,3,1,A
3,23625,True,B,A,0,1,A
3,23626,True,A,B,1,2,A
3,23627,True,B,A,1,2,A
3,23628,True,A,B,1,1,B
3,23629,True,B,A,3,1,A
3,23630,True,A,B,1,2,A
3,23631,False,,,,,
3,23632,True,A,B,2,1,A
3,23633,True,A,B,6,1,B
3,23634,True,A,B,1,1,B
3,23635,True,A,B,6,1,B
3,23636,True,B,A,6,1,B
3,23637,True,B,A,6,1,B
3,23638,True,A,B,2,1,B
3,23639,True,B,A,0,1,A
3,23640,True,A,B,10,1,B
3,23641,True,B,A,1,1,A
3,23642,True,B,A,0,1,A
3,23643,True,B,A,10,1,B
3,23644,True,A,B,3,1,B
3,23645,True,A,B,10,1,B
3,23646,True,A,B,3,1,B
3,23647,True,A,B,0,1,A
3,23648,True,A,B,10,1,B
3,23649,True,A,B,1,1,A
3,23650,True,A,B,2,0,B
3,23651,True,B,A,1,2,A
3,23652,True,B,A,1,1,A
3,23653,True,B,A,6,1,B
3,23654,True,B,A,1,2,A
3,23655,True,B,A,1,1,A
3,23656,True,B,A,10,1,B
3,23657,True,A,B,1,1,A
3,23658,True,A,B,1,1,A
3,23659,True,B,A,2,0,B
3,23660,True,B,A,2,1,B
3,23661,True,B,A,10,1,B
3,23662,True,A,B,2,1,B
3,23663,True,A,B,10,1,B
3,23664,True,A,B,3,1,B
3,23665,True,B,A,6,1,B
3,23666,True,B,A,6,1,B
3,23667,True,A,B,2,1,B
3,23668,True,A,B,1,1,A
3,23669,True,A,B,3,1,B
3,23670,True,A,B,10,1,B
3,23671,True,A,B,4,1,B
3,23672,True,A,B,2,0,B
3,23673,True,A,B,4,1,A
3,23674,True,B,A,0,1,A
3,23675,True,B,A,0,1,A
3,23676,True,A,B,1,2,A
3,23677,True,A,B,6,1,B
3,23678,True,A,B,2,0,B
3,23679,True,A,B,4,1,B
3,23680,True,B,A,1,2,A
3,23681,True,A,B,10,1,B
3,23682,True,A,B,6,1,B
3,23683,True,B,A,6,1,B
3,23684,True,B,A,4,1,B
3,23685,True,A,B,2,0,B
3,23686,True,B,A,4,1,B
3,23687,True,A,B,4,1,B
3,23688,True,B,A,2,1,B
3,23689,True,A,B,2,1,B
3,23690,True,A,B,1,2,B
3,23691,True,A,B,2,0,B
3,23692,True,A,B,4,1,B
3,23693,True,B,A,6,1,B
3,23694,True,A,B,2,1,B
3,23695,True,B,A,2,1,A
3,23696,True,A,B,6,1,B
3,23697,True,A,B,2,1,B
3,23698,True,B,A,2,1,A
3,23699,True,B,A,1,2,A
3,23700,True,B,A,10,1,B
3,23701,True,A,B,0,1,A
3,23702,True,A,B,10,1,B
3,23703,True,A,B,6,1,B
3,23704,True,A,B,10,1,B
3,23705,True,B,A,4,1,B
3,23706,True,B,A,10,1,B
3,23707,True,A,B,10,1,B
3,23708,True,A,B,1,2,A
3,23709,True,A,B,2,1,B
3,23710,True,B,A,1,1,A
3,23711,True,B,A,10,1,B
3,23712,True,B,A,2,1,A
3,23713,True,B,A,0,1,A
3,23714,True,A,B,0,1,A
3,23715,True,A,B,6,1,B
3,23716,True,A,B,4,1,B
3,23717,True,B,A,3,1,B
3,23718,True,A,B,4,1,B
3,23719,False,,,,,
3,23720,True,A,B,1,1,A
3,23721,True,B,A,4,1,B
3,23722,True,A,B,3,1,A
3,23723,True,A,B,1,1,B
3,23724,True,B,A,1,2,A
3,23725,True,B,A,4,1,B
3,23726,True,A,B,1,1,A
3,23727,True,A,B,10,1,B
3,23728,True,B,A,6,1,B
3,23729,False,,,,,
3,23730,True,B,A,2,1,B
3,23731,True,B,A,4,1,B
3,23732,True,B,A,10,1,B
3,23733,True,B,A,3,1,B
3,23734,True,B,A,10,1,B
3,23735,True,A,B,1,1,A
3,23736,True,B,A,1,1,A
3,23737,True,B,A,0,1,A
3,23738,True,A,B,2,0,B
3,23739,True,A,B,2,1,A
3,23740,True,B,A,2,0,B
3,23741,True,A,B,2,1,B
3,23742,True,B,A,10,1,B
3,23743,True,A,B,3,1,B
3,23744,True,B,A,6,1,B
3,23745,True,B,A,1,2,A
3,23746,True,A,B,10,1,B
3,23747,True,A,B,0,1,A
3,23748,False,,,,,
3,23749,True,B,A,6,1,B
3,23750,True,B,A,3,1,A
3,23751,True,A,B,2,0,B
3,23752,True,B,A,0,1,A
3,23753,True,B,A,3,1,B
3,23754,True,B,A,0,1,A
3,23755,True,A,B,1,2,B
3,23756,True,A,B,1,2,A
3,23757,True,B,A,3,1,B
3,23758,True,B,A,3,1,B
3,23759,True,A,B,2,1,B
3,23760,True,B,A,1,1,A
3,23761,True,A,B,10,1,B
3,23762,True,A,B,1,1,A
3,23763,True,B,A,1,2,B
3,23764,True,B,A,1,2,A
3,23765,True,B,A,1,1,A
3,23766,True,B,A,2,0,B
3,23767,True,B,A,2,1,A
3,23768,True,A,B,6,1,B
3,23769,True,A,B,6,1,B
3,23770,True,B,A,1,1,A
3,23771,True,A,B,1,2,A
3,23772,True,B,A,3,1,B
3,23773,True,A,B,3,1,B
3,23774,True,A,B,6,1,B
3,23775,True,A,B,0,1,A
3,23776,True,A,B,1,1,A
3,23777,True,B,A,1,1,A
3,23778,True,A,B,1,1,A
3,23779,True,A,B,1,1,A
3,23780,True,A,B,1,1,B
3,23781,True,B,A,0,1,A
3,23782,True,B,A,3,1,B
3,23783,True,A,B,3,1,B
3,23784,True,B,A,6,1,B
3,23785,True,B,A,1,1,A
3,23786,True,B,A,0,1,A
3,23787,True,A,B,0,1,A
3,23788,True,B,A,10,1,B
3,23789,True,B,A,6,1,B
3,23790,True,B,A,3,1,A
3,23791,True,B,A,2,1,A
3,23792,True,B,A,1,1,B
3,23793,False,,,,,
3,23794,True,B,A,10,1,B
3,23795,True,A,B,10,1,B
3,23796,True,B,A,4,1,B
3,23797,True,B,A,1,2,A
3,23798,True,A,B,10,1,B
3,23799,True,A,B,0,1,A
3,23800,False,,,,,
3,23801,False,,,,,
3,23802,True,B,A,1,2,A
3,23803,True,B,A,2,1,B
3,23804,True,A,B,2,0,B
3,23805,True,B,A,10,1,B
3,23806,True,B,A,10,1,B
3,23807,True,B,A,4,1,B
3,23808,True,B,A,3,1,A
3,23809,True,B,A,1,2,A
3,23810,True,B,A,0,1,A
3,23811,True,B,A,0,1,A
3,23812,True,A,B,2,1,B
3,23813,True,A,B,1,1,B
3,23814,True,A,B,1,2,A
3,23815,True,B,A,6,1,B
3,23816,True,B,A,0,1,A
3,23817,True,A,B,4,1,B
3,23818,True,B,A,0,1,A
3,23819,True,A,B,1,2,A
3,23820,True,B,A,0,1,A
3,23821,True,B,A,10,1,B
3,23822,True,B,A,2,1,A
3,23823,True,A,B,6,1,B
3,23824,True,B,A,4,1,B
3,23825,True,A,B,1,1,B
3,23826,True,A,B,10,1,B
3,23827,True,B,A,1,1,A
3,23828,True,B,A,4,1,B
3,23829,True,A,B,6,1,B
3,23830,True,A,B,6,1,B
3,23831,True,B,A,10,1,B
3,23832,True,B,A,0,1,A
3,23833,True,A,B,2,0,B
3,23834,True,B,A,4,1,B
3,23835,True,B,A,3,1,B
3,23836,True,A,B,1,1,A
3,23837,True,A,B,1,2,A
3,23838,True,A,B,2,1,A
3,23839,True,A,B,0,1,A
3,23840,True,B,A,1,1,B
3,23841,True,A,B,0,1,A
3,23842,True,B,A,1,2,A
3,23843,True,A,B,3,1,B
3,23844,True,A,B,3,1,B
3,23845,True,B,A,0,1,A
3,23846,True,A,B,2,1,B
3,23847,True,A,B,3,1,A
3,23848,True,B,A,0,1,A
3,23849,True,B,A,1,2,B
3,23850,True,B,A,1,2,A
3,23851,True,A,B,1,2,A
3,23852,True,A,B,6,1,B
3,23853,True,B,A,10,1,B
3,23854,True,B,A,1,1,A
3,23855,True,A,B,6,1,B
3,23856,True,B,A,2,1,B
3,23857,True,A,B,2,1,B
3,23858,True,B,A,2,1,A
3,23859,True,B,A,10,1,B
3,23860,True,B,A,6,1,B
3,23861,True,B,A,4,1,B
3,23862,True,A,B,1,1,A
3,23863,True,A,B,2,1,A
3,23864,True,B,A,0,1,A
3,23865,True,B,A,3,1,B
3,23866,True,A,B,10,1,B
3,23867,True,B,A,2,1,B
3,23868,True,A,B,0,1,A
3,23869,True,A,B,4,1,B
3,23870,True,A,B,0,1,A
3,23871,True,B,A,2,1,A
3,23872,True,A,B,3,1,B
3,23873,True,B,A,0,1,A
3,23874,True,B,A,3,1,B
3,23875,True,A,B,6,1,B
3,23876,True,B,A,10,1,B
3,23877,True,B,A,3,1,A
3,23878,True,B,A,3,1,B
3,23879,True,B,A,0,1,A
3,23880,True,A,B,6,1,B
3,23881,True,A,B,1,1,B
3,23882,True,B,A,2,1,A
3,23883,True,A,B,3,1,B
3,23884,True,A,B,3,1,B
3,23885,True,A,B,10,1,B
3,23886,True,B,A,6,1,B
3,23887,False,,,,,
3,23888,False,,,,,
3,23889,True,A,B,3,1,B
3,23890,True,B,A,1,1,A
3,23891,True,B,A,3,1,B
3,23892,True,B,A,0,1,A
3,23893,True,A,B,3,1,B
3,23894,True,B,A,1,1,A
3,23895,True,A,B,1,1,A
3,23896,True,B,A,6,1,B
3,23897,True,A,B,10,1,B
3,23898,True,A,B,1,1,A
3,23899,False,,,,,
3,23900,True,B,A,0,1,A
3,23901,True,A,B,4,1,B
3,23902,True,B,A,2,1,A
3,23903,False,,,,,
3,23904,True,A,B,2,1,B
3,23905,True,B,A,2,1,A
3,23906,True,A,B,1,1,B
3,23907,True,A,B,2,1,B
3,23908,True,B,A,10,1,B
3,23909,True,A,B,2,0,B
3,23910,False,,,,,
3,23911,True,B,A,6,1,B
3,23912,True,A,B,2,0,B
3,23913,True,B,A,2,0,B
3,23914,True,B,A,3,1,A
3,23915,True,B,A,3,1,A
3,23916,True,B,A,1,2,A
3,23917,False,,,,,
3,23918,True,B,A,10,1,B
3,23919,True,B,A,1,1,A
3,23920,True,A,B,1,2,A
3,23921,True,A,B,1,2,A
3,23922,True,A,B,1,2,A
3,23923,True,B,A,4,1,B
3,23924,True,B,A,4,1,B
3,23925,True,B,A,10,1,B
3,23926,True,B,A,1,1,B
3,23927,True,B,A,0,1,A
3,23928,True,A,B,3,1,A
3,23929,True,A,B,0,1,A
3,23930,True,A,B,10,1,B
3,23931,True,A,B,4,1,B
3,23932,True,A,B,6,1,B
3,23933,True,B,A,3,1,A
3,23934,True,B,A,2,1,A
3,23935,True,A,B,3,1,B
3,23936,True,B,A,2,0,B
3,23937,True,B,A,4,1,B
3,23938,True,B,A,0,1,A
3,23939,True,A,B,0,1,A
3,23940,True,A,B,1,2,A
3,23941,True,A,B,4,1,B
3,23942,True,A,B,10,1,B
3,23943,True,B,A,1,2,A
3,23944,True,A,B,0,1,A
3,23945,True,B,A,3,1,A
3,23946,True,A,B,1,2,B
3,23947,True,A,B,2,0,B
3,23948,True,A,B,3,1,A
3,23949,True,B,A,2,1,A
3,23950,True,A,B,10,1,B
3,23951,True,A,B,0,1,A
3,23952,True,A,B,2,1,B
3,23953,True,A,B,2,1,A
3,23954,True,B,A,6,1,B
3,23955,True,B,A,4,1,B
3,23956,True,B,A,1,1,A
3,23957,True,B,A,6,1,B
3,23958,True,B,A,1,1,A
3,23959,True,A,B,2,0,B
3,23960,True,A,B,1,1,A
3,23961,True,A,B,10,1,B
3,23962,True,A,B,1,1,A
3,23963,True,A,B,4,1,B
3,23964,True,B,A,4,1,B
3,23965,True,B,A,2,1,B
3,23966,True,A,B,2,1,B
3,23967,True,B,A,6,1,B
3,23968,True,A,B,6,1,B
3,23969,True,A,B,1,1,A
3,23970,True,B,A,4,1,B
3,23971,True,A,B,3,1,B
3,23972,True,A,B,4,1,B
3,23973,True,A,B,10,1,B
3,23974,True,A,B,1,1,B
3,23975,True,B,A,2,1,A
3,23976,True,A,B,2,0,B
3,23977,True,A,B,2,0,B
3,23978,True,B,A,2,1,B
3,23979,True,B,A,6,1,B
3,23980,True,A,B,1,2,A
3,23981,True,B,A,1,1,A
3,23982,True,B,A,10,1,B
3,23983,True,A,B,2,0,B
3,23984,True,B,A,2,1,B
3,23985,True,A,B,3,1,B
3,23986,True,A,B,10,1,B
3,23987,True,B,A,2,0,B
3,23988,True,B,A,1,1,A
3,23989,True,A,B,6,1,B
3,23990,True,B,A,2,1,A
3,23991,True,A,B,2,0,B
3,23992,True,A,B,10,1,B
3,23993,True,A,B,3,1,B
3,23994,True,B,A,3,1,A
3,23995,True,B,A,4,1,B
3,23996,True,A,B,3,1,B
3,23997,True,B,A,0,1,A
3,23998,True,A,B,1,2,A
3,23999,True,B,A,3,1,B
3,24000,True,A,B,1,2,A
3,24001,True,B,A,6,1,B
3,24002,True,A,B,2,0,B
3,24003,True,B,A,10,1,B
3,24004,True,B,A,6,1,B
3,24005,True,A,B,1,1,A
3,24006,True,A,B,6,1,B
3,24007,True,B,A,1,2,A
3,24008,True,B,A,6,1,B
3,24009,True,A,B,1,2,A
3,24010,True,B,A,10,1,B
3,24011,True,B,A,1,2,A
3,24012,True,B,A,4,1,B
3,24013,True,B,A,2,1,B
3,24014,True,A,B,3,1,A
3,24015,True,A,B,10,1,B
3,24016,True,A,B,10,1,B
3,24017,True,B,A,4,1,B
3,24018,True,B,A,10,1,B
3,24019,True,B,A,2,0,B
3,24020,True,B,A,1,2,A
3,24021,True,A,B,6,1,B
3,24022,True,B,A,2,0,B
3,24023,True,B,A,0,1,A
3,24024,True,B,A,3,1,B
3,24025,True,A,B,1,2,A
3,24026,True,A,B,6,1,B
3,24027,True,B,A,6,1,B
3,24028,True,A,B,2,0,B
3,24029,True,A,B,2,1,A
3,24030,True,A,B,1,2,A
3,24031,True,B,A,10,1,B
3,24032,True,A,B,1,2,A
3,24033,True,A,B,4,1,B
3,24034,True,A,B,6,1,B
3,24035,True,B,A,10,1,B
3,24036,True,A,B,0,1,A
3,24037,True,A,B,6,1,B
3,24038,False,,,,,
3,24039,True,B,A,3,1,B
3,24040,True,A,B,2,1,A
3,24041,True,B,A,1,2,B
3,24042,True,B,A,10,1,B
3,24043,True,A,B,3,1,A
3,24044,True,B,A,4,1,B
3,24045,True,B,A,1,2,A
3,24046,True,B,A,10,1,B
3,24047,True,B,A,10,1,B
3,24048,True,B,A,0,1,A
3,24049,True,B,A,3,1,B
3,24050,True,A,B,1,2,A
3,24051,True,A,B,10,1,B
3,24052,True,A,B,3,1,B
3,24053,True,A,B,2,0,B
3,24054,True,B,A,1,1,B
3,24055,True,A,B,10,1,B
3,24056,True,A,B,2,1,A
3,24057,False,,,,,
3,24058,True,B,A,10,1,B
3,24059,True,B,A,4,1,B
3,24060,True,B,A,2,0,B
3,24061,False,,,,,
3,24062,True,B,A,1,2,A
3,24063,True,A,B,6,1,B
3,24064,True,A,B,1,1,A
3,24065,True,B,A,0,1,A
3,24066,True,B,A,1,1,A
3,24067,True,A,B,1,1,A
3,24068,True,B,A,4,1,B
3,24069,True,A,B,10,1,B
3,24070,True,A,B,2,0,B
3,24071,True,B,A,1,1,A
3,24072,True,B,A,3,1,B
3,24073,True,B,A,4,1,B
3,24074,True,B,A,1,2,A
3,24075,True,A,B,0,1,A
3,24076,True,B,A,4,1,B
3,24077,True,A,B,0,1,A
3,24078,True,B,A,0,1,A
3,24079,True,B,A,1,2,A
3,24080,True,B,A,3,1,B
3,24081,True,B,A,2,0,B
3,24082,True,B,A,3,1,B
3,24083,True,A,B,3,1,A
3,24084,True,A,B,2,1,A
3,24085,True,B,A,4,1,B
3,24086,True,B,A,4,1,A
3,24087,True,B,A,6,1,B
3,24088,True,A,B,10,1,B
3,24089,True,A,B,1,1,A
3,24090,True,A,B,6,1,B
3,24091,True,B,A,2,1,A
3,24092,True,B,A,4,1,B
3,24093,True,A,B,1,2,B
3,24094,True,B,A,10,1,B
3,24095,True,B,A,0,1,A
3,24096,True,A,B,3,1,B
3,24097,True,B,A,2,0,B
3,24098,True,B,A,1,2,B
3,24099,True,B,A,1,1,A
3,24100,True,B,A,4,1,B
3,24101,True,A,B,4,1,B
3,24102,True,B,A,1,1,A
3,24103,True,B,A,2,1,A
3,24104,True,A,B,2,1,A
3,24105,True,B,A,6,1,B
3,24106,False,,,,,
3,24107,True,A,B,6,1,B
3,24108,True,B,A,1,2,A
3,24109,True,B,A,10,1,B
3,24110,True,A,B,6,1,B
3,24111,True,B,A,10,1,B
3,24112,True,A,B,6,1,B
3,24113,False,,,,,
3,24114,True,B,A,2,1,A
3,24115,True,B,A,4,1,B
3,24116,True,B,A,1,2,A
3,24117,True,A,B,2,1,A
3,24118,True,B,A,1,2,A
3,24119,True,A,B,10,1,B
3,24120,True,A,B,6,1,B
3,24121,True,B,A,6,1,B
3,24122,True,B,A,3,1,B
3,24123,True,A,B,6,1,B
3,24124,True,A,B,1,2,A
3,24125,True,B,A,6,1,B
3,24126,True,A,B,2,0,B
3,24127,True,A,B,6,1,B
3,24128,True,A,B,3,1,A
3,24129,True,B,A,6,1,B
3,24130,True,A,B,3,1,B
3,24131,True,A,B,3,1,A
3,24132,True,B,A,1,1,B
3,24133,True,A,B,3,1,B
3,24134,True,A,B,2,1,A
3,24135,True,A,B,1,2,A
3,24136,True,A,B,3,1,B
3,24137,True,A,B,1,2,A
3,24138,True,B,A,10,1,B
3,24139,True,A,B,3,1,A
3,24140,True,B,A,2,1,A
3,24141,True,B,A,2,1,A
3,24142,True,B,A,4,1,B
3,24143,True,B,A,4,1,B
3,24144,False,,,,,
3,24145,True,A,B,2,1,B
3,24146,True,A,B,2,1,B
3,24147,True,A,B,3,1,B
3,24148,True,A,B,10,1,B
3,24149,True,B,A,6,1,B
3,24150,True,A,B,1,1,A
3,24151,True,A,B,2,0,B
3,24152,True,A,B,1,1,A
3,24153,True,A,B,6,1,B
3,24154,True,A,B,1,2,A
3,24155,True,B,A,2,1,B
3,24156,True,A,B,0,1,A
3,24157,False,,,,,
3,24158,True,B,A,1,2,A
3,24159,True,A,B,10,1,B
3,24160,True,B,A,1,2,A
3,24161,True,B,A,10,1,B
3,24162,True,B,A,4,1,B
3,24163,True,B,A,1,1,A
3,24164,True,B,A,10,1,B
3,24165,True,B,A,10,1,B
3,24166,True,A,B,2,0,B
3,24167,True,B,A,10,1,B
3,24168,True,B,A,2,0,B
3,24169,True,B,A,4,1,B
3,24170,True,A,B,3,1,B
3,24171,True,B,A,1,1,A
3,24172,True,A,B,4,1,B
3,24173,True,A,B,10,1,B
3,24174,True,A,B,2,0,B
3,24175,False,,,,,
3,24176,True,B,A,3,1,B
3,24177,True,A,B,2,0,B
3,24178,True,A,B,1,1,B
3,24179,True,A,B,4,1,B
3,24180,True,B,A,6,1,B
3,24181,True,A,B,1,2,A
3,24182,True,A,B,4,1,B
3,24183,True,A,B,1,1,A
3,24184,True,B,A,1,1,A
3,24185,True,B,A,1,1,A
3,24186,True,A,B,0,1,A
3,24187,True,B,A,6,1,B
3,24188,True,A,B,2,1,B
3,24189,True,A,B,4,1,B
3,24190,False,,,,,
3,24191,True,B,A,6,1,B
3,24192,True,A,B,1,1,A
3,24193,True,B,A,1,1,A
3,24194,True,B,A,0,1,A
3,24195,True,B,A,10,1,B
3,24196,True,A,B,3,1,A
3,24197,True,A,B,2,0,B
3,24198,True,B,A,3,1,A
3,24199,True,B,A,6,1,B
3,24200,True,B,A,2,0,B
3,24201,True,A,B,6,1,B
3,24202,True,A,B,0,1,A
3,24203,True,B,A,1,1,A
3,24204,True,B,A,10,1,B
3,24205,True,B,A,4,1,B
3,24206,True,A,B,2,1,A
3,24207,True,B,A,4,1,B
3,24208,True,B,A,2,1,A
3,24209,True,A,B,3,1,B
3,24210,True,A,B,3,1,B
3,24211,True,B,A,3,1,B
3,24212,False,,,,,
3,24213,True,A,B,2,1,B
3,24214,True,B,A,0,1,A
3,24215,True,B,A,10,1,B
3,24216,True,B,A,3,1,B
3,24217,True,A,B,2,1,A
3,24218,True,B,A,4,1,B
3,24219,True,A,B,2,1,B
3,24220,True,A,B,6,1,B
3,24221,True,B,A,6,1,B
3,24222,True,A,B,1,1,A
3,24223,True,B,A,2,1,A
3,24224,True,B,A,2,0,B
3,24225,True,A,B,4,1,B
3,24226,False,,,,,
3,24227,True,B,A,1,1,A
3,24228,True,B,A,4,1,B
3,24229,True,A,B,6,1,B
3,24230,True,B,A,10,1,B
3,24231,True,B,A,6,1,B
3,24232,True,A,B,3,1,A
3,24233,True,B,A,1,2,A
3,24234,True,B,A,0,1,A
3,24235,True,B,A,10,1,B
3,24236,True,A,B,1,1,A
3,24237,False,,,,,
3,24238,True,B,A,3,1,B
3,24239,True,B,A,3,1,B
3,24240,True,A,B,1,2,A
3,24241,True,B,A,0,1,A
3,24242,True,A,B,1,1,A
3,24243,True,A,B,0,1,A
3,24244,True,B,A,6,1,B
3,24245,True,A,B,2,0,B
3,24246,True,A,B,3,1,A
3,24247,True,A,B,2,1,A
3,24248,True,A,B,10,1,B
3,24249,True,B,A,1,1,A
3,24250,True,B,A,2,0,B
3,24251,True,A,B,6,1,B
3,24252,True,A,B,2,1,A
3,24253,True,B,A,10,1,B
3,24254,True,A,B,3,1,B
3,24255,True,B,A,1,1,B
3,24256,True,B,A,3,1,B
3,24257,True,A,B,1,1,A
3,24258,True,A,B,10,1,B
3,24259,True,A,B,1,1,A
3,24260,True,A,B,10,1,B
3,24261,True,B,A,1,2,A
3,24262,True,A,B,2,1,A
3,24263,True,A,B,3,1,B
3,24264,True,A,B,10,1,B
3,24265,True,B,A,10,1,B
3,24266,True,B,A,1,2,A
3,24267,True,B,A,1,1,A
3,24268,True,B,A,6,1,B
3,24269,True,B,A,1,2,A
3,24270,True,A,B,2,0,B
3,24271,True,B,A,6,1,B
3,24272,True,A,B,1,1,A
3,24273,True,B,A,1,1,A
3,24274,False,,,,,
3,24275,True,A,B,4,1,B
3,24276,True,B,A,6,1,B
3,24277,True,B,A,2,1,A
3,24278,True,A,B,1,1,A
3,24279,True,B,A,6,1,B
3,24280,True,A,B,1,2,A
3,24281,True,B,A,6,1,B
3,24282,True,A,B,2,1,B
3,24283,False,,,,,
3,24284,True,B,A,10,1,B
3,24285,True,A,B,10,1,B
3,24286,True,B,A,10,1,B
3,24287,True,A,B,0,1,A
3,24288,True,A,B,4,1,B
3,24289,True,A,B,10,1,B
3,24290,True,B,A,6,1,B
3,24291,True,A,B,2,0,B
3,24292,True,A,B,6,1,B
3,24293,True,A,B,2,1,A
3,24294,True,A,B,10,1,B
3,24295,True,B,A,4,1,B
3,24296,True,A,B,1,2,A
3,24297,True,B,A,3,1,B
3,24298,True,A,B,1,1,A
3,24299,True,A,B,1,1,A
3,24300,True,A,B,1,1,A
3,24301,True,B,A,2,1,B
3,24302,True,A,B,2,1,A
3,24303,True,B,A,2,0,B
3,24304,True,A,B,0,1,A
3,24305,True,A,B,0,1,A
3,24306,True,B,A,2,0,B
3,24307,True,A,B,6,1,B
3,24308,True,B,A,3,1,B
3,24309,True,A,B,4,1,B
3,24310,True,A,B,10,1,B
3,24311,False,,,,,
3,24312,True,B,A,1,1,A
3,24313,True,A,B,2,0,B
3,24314,True,A,B,3,1,B
3,24315,False,,,,,
3,24316,True,B,A,6,1,B
3,24317,True,B,A,1,1,A
3,24318,False,,,,,
3,24319,True,A,B,0,1,A
3,24320,True,A,B,10,1,B
3,24321,True,B,A,1,2,A
3,24322,True,A,B,3,1,B
3,24323,True,A,B,2,1,B
3,24324,True,A,B,1,1,B
3,24325,True,A,B,6,1,B
3,24326,True,B,A,1,1,A
3,24327,True,A,B,10,1,B
3,24328,True,A,B,2,0,B
3,24329,True,B,A,1,2,A
3,24330,True,A,B,10,1,B
3,24331,True,A,B,1,1,A
3,24332,True,A,B,2,1,B
3,24333,True,B,A,1,1,A
3,24334,True,B,A,2,1,A
3,24335,True,B,A,3,1,B
3,24336,True,B,A,1,1,A
3,24337,True,A,B,0,1,A
3,24338,True,B,A,2,0,B
3,24339,True,A,B,1,2,A
3,24340,True,B,A,3,1,B
3,24341,True,B,A,2,0,B
3,24342,True,B,A,2,1,A
3,24343,True,B,A,10,1,B
3,24344,True,A,B,6,1,B
3,24345,True,B,A,0,1,A
3,24346,True,A,B,4,1,B
3,24347,True,B,A,0,1,A
3,24348,True,B,A,2,1,B
3,24349,True,A,B,6,1,B
3,24350,True,B,A,1,1,B
3,24351,True,A,B,2,0,B
3,24352,True,A,B,4,1,B
3,24353,True,A,B,10,1,B
3,24354,True,B,A,10,1,B
3,24355,True,B,A,3,1,B
3,24356,True,A,B,1,1,A
3,24357,True,B,A,2,1,B
3,24358,True,A,B,6,1,B
3,24359,True,A,B,3,1,B
3,24360,True,A,B,2,0,B
3,24361,True,B,A,3,1,B
3,24362,True,B,A,3,1,B
3,24363,True,B,A,4,1,A
3,24364,True,A,B,1,2,A
3,24365,True,A,B,3,1,B
3,24366,True,B,A,6,1,B
3,24367,True,B,A,1,1,A
3,24368,True,B,A,2,1,B
3,24369,True,B,A,6,1,B
3,24370,False,,,,,
3,24371,True,B,A,1,1,A
3,24372,True,A,B,6,1,B
3,24373,True,A,B,0,1,A
3,24374,True,A,B,6,1,B
3,24375,True,A,B,1,2,A
3,24376,True,A,B,0,1,A
3,24377,True,A,B,4,1,B
3,24378,True,A,B,2,1,B
3,24379,True,B,A,0,1,A
3,24380,True,A,B,2,1,A
3,24381,True,B,A,4,1,B
3,24382,True,A,B,1,2,B
3,24383,True,B,A,10,1,B
3,24384,True,B,A,10,1,B
3,24385,True,A,B,3,1,B
3,24386,True,B,A,10,1,B
3,24387,False,,,,,
3,24388,True,A,B,1,2,A
3,24389,True,B,A,0,1,A
3,24390,True,A,B,4,1,B
3,24391,True,A,B,2,1,B
3,24392,True,B,A,2,0,B
3,24393,True,A,B,1,1,A
3,24394,False,,,,,
3,24395,True,A,B,6,1,B
3,24396,True,B,A,2,1,A
3,24397,True,B,A,3,1,B
3,24398,True,A,B,1,1,B
3,24399,True,A,B,6,1,B
3,24400,True,B,A,1,1,A
3,24401,True,B,A,2,1,A
3,24402,True,A,B,10,1,B
3,24403,True,B,A,0,1,A
3,24404,True,A,B,1,1,A
3,24405,True,B,A,1,2,A
3,24406,True,A,B,6,1,B
3,24407,True,B,A,4,1,B
3,24408,True,A,B,1,2,A
3,24409,True,A,B,6,1,B
3,24410,True,B,A,1,2,A
3,24411,True,A,B,1,2,B
3,24412,True,B,A,1,1,A
3,24413,True,B,A,3,1,B
3,24414,True,B,A,10,1,B
3,24415,True,A,B,1,1,A
3,24416,True,A,B,4,1,B
3,24417,True,A,B,6,1,B
3,24418,True,A,B,2,1,A
3,24419,False,,,,,
3,24420,True,A,B,1,2,B
3,24421,True,A,B,2,1,A
3,24422,True,B,A,1,1,A
3,24423,True,B,A,1,2,A
3,24424,True,A,B,0,1,A
3,24425,True,A,B,4,1,B
3,24426,True,A,B,2,1,B
3,24427,True,B,A,1,2,A
3,24428,True,B,A,0,1,A
3,24429,True,B,A,10,1,B
3,24430,True,B,A,0,1,A
3,24431,True,B,A,1,1,B
3,24432,True,B,A,1,2,A
3,24433,True,A,B,6,1,B
3,24434,True,B,A,10,1,B
3,24435,True,B,A,1,1,B
3,24436,False,,,,,
3,24437,True,B,A,1,2,A
3,24438,True,B,A,1,1,A
3,24439,True,A,B,10,1,B
3,24440,True,B,A,6,1,B
3,24441,True,A,B,2,1,A
3,24442,True,A,B,4,1,B
3,24443,True,A,B,6,1,B
3,24444,True,B,A,1,1,A
3,24445,True,A,B,1,2,A
3,24446,True,A,B,4,1,A
3,24447,True,B,A,2,0,B
3,24448,True,A,B,2,0,B
3,24449,True,A,B,3,1,B
3,24450,True,B,A,3,1,A
3,24451,True,B,A,3,1,B
3,24452,True,A,B,6,1,B
3,24453,True,B,A,3,1,B
3,24454,True,A,B,1,1,B
3,24455,True,A,B,2,0,B
3,24456,False,,,,,
3,24457,True,B,A,0,1,A
3,24458,True,A,B,4,1,B
3,24459,True,A,B,2,1,B
3,24460,True,B,A,4,1,B
3,24461,True,B,A,2,1,B
3,24462,True,A,B,10,1,B
3,24463,True,A,B,2,0,B
3,24464,True,A,B,0,1,A
3,24465,True,B,A,6,1,B
3,24466,True,B,A,4,1,B
3,24467,True,B,A,4,1,B
3,24468,True,A,B,3,1,B
3,24469,True,B,A,0,1,A
3,24470,True,B,A,2,1,A
3,24471,True,A,B,4,1,B
3,24472,True,B,A,10,1,B
3,24473,True,B,A,1,1,A
3,24474,True,B,A,4,1,B
3,24475,True,B,A,3,1,B
3,24476,True,B,A,1,1,A
3,24477,True,B,A,4,1,B
3,24478,True,B,A,2,1,A
3,24479,True,B,A,6,1,B
3,24480,True,B,A,1,1,A
3,24481,True,B,A,1,1,A
3,24482,True,B,A,1,2,A
3,24483,True,A,B,1,1,A
3,24484,True,A,B,3,1,A
3,24485,True,B,A,1,1,A
3,24486,False,,,,,
3,24487,True,A,B,2,1,A
3,24488,True,B,A,1,2,A
3,24489,True,B,A,1,2,B
3,24490,True,B,A,3,1,A
3,24491,True,A,B,2,0,B
3,24492,True,B,A,10,1,B
3,24493,True,A,B,10,1,B
3,24494,True,A,B,1,1,A
3,24495,True,B,A,2,1,B
3,24496,True,B,A,2,0,B
3,24497,True,B,A,4,1,B
3,24498,True,B,A,6,1,B
3,24499,True,B,A,10,1,B
3,24500,True,B,A,0,1,A
3,24501,False,,,,,
3,24502,True,A,B,4,1,B
3,24503,True,A,B,3,1,B
3,24504,True,B,A,2,1,B
3,24505,True,A,B,1,1,A
3,24506,True,A,B,2,1,A
3,24507,True,A,B,1,1,A
3,24508,True,A,B,2,0,B
3,24509,True,B,A,4,1,A
3,24510,True,B,A,2,1,A
3,24511,True,A,B,10,1,B
3,24512,True,B,A,6,1,B
3,24513,True,B,A,4,1,B
3,24514,True,B,A,1,2,A
3,24515,True,A,B,1,1,A
3,24516,True,A,B,2,0,B
3,24517,True,B,A,0,1,A
3,24518,True,B,A,6,1,B
3,24519,True,B,A,1,1,A
3,24520,True,B,A,4,1,B
3,24521,True,B,A,3,1,B
3,24522,True,A,B,0,1,A
3,24523,True,A,B,2,1,B
3,24524,True,A,B,3,1,B
3,24525,True,B,A,10,1,B
3,24526,True,B,A,2,1,A
3,24527,True,B,A,6,1,B
3,24528,True,B,A,0,1,A
3,24529,True,B,A,10,1,B
3,24530,True,A,B,3,1,B
3,24531,True,A,B,2,0,B
3,24532,False,,,,,
3,24533,True,A,B,2,1,B
3,24534,True,A,B,0,1,A
3,24535,True,B,A,10,1,B
3,24536,True,B,A,2,1,A
3,24537,True,B,A,6,1,B
3,24538,True,A,B,1,2,A
3,24539,True,A,B,3,1,B
3,24540,False,,,,,
3,24541,True,A,B,1,2,A
3,24542,True,A,B,1,2,B
3,24543,True,A,B,0,1,A
3,24544,True,B,A,1,2,A
3,24545,True,B,A,0,1,A
3,24546,True,A,B,1,2,A
3,24547,True,B,A,1,1,A
3,24548,True,A,B,10,1,B
3,24549,True,A,B,2,0,B
3,24550,True,B,A,3,1,A
3,24551,True,B,A,10,1,B
3,24552,True,B,A,6,1,B
3,24553,True,B,A,10,1,B
3,24554,True,A,B,0,1,A
3,24555,True,A,B,6,1,B
3,24556,False,,,,,
3,24557,True,B,A,3,1,A
3,24558,True,B,A,2,0,B
3,24559,True,A,B,3,1,B
3,24560,True,A,B,0,1,A
3,24561,True,A,B,10,1,B
3,24562,True,B,A,4,1,A
3,24563,True,B,A,2,1,A
3,24564,True,A,B,1,2,A
3,24565,True,A,B,4,1,B
3,24566,True,B,A,10,1,B
3,24567,True,A,B,1,1,A
3,24568,True,A,B,2,0,B
3,24569,True,B,A,1,1,A
3,24570,True,A,B,6,1,B
3,24571,True,A,B,3,1,B
3,24572,True,B,A,1,1,A
3,24573,True,A,B,10,1,B
3,24574,True,A,B,0,1,A
3,24575,True,B,A,10,1,B
3,24576,True,B,A,10,1,B
3,24577,True,A,B,1,1,B
3,24578,True,B,A,6,1,B
3,24579,True,A,B,0,1,A
3,24580,True,B,A,3,1,A
3,24581,True,A,B,2,1,A
3,24582,True,B,A,6,1,B
3,24583,True,A,B,1,2,A
3,24584,True,A,B,3,1,B
3,24585,False,,,,,
3,24586,False,,,,,
3,24587,True,A,B,3,1,A
3,24588,True,A,B,1,2,A
3,24589,True,A,B,1,2,A
3,24590,True,A,B,0,1,A
3,24591,True,B,A,6,1,B
3,24592,True,A,B,2,1,A
3,24593,True,A,B,6,1,B
3,24594,True,B,A,10,1,B
3,24595,True,A,B,0,1,A
3,24596,True,B,A,10,1,B
3,24597,True,B,A,10,1,B
3,24598,True,B,A,1,1,A
3,24599,True,B,A,10,1,B
3,24600,True,A,B,6,1,B
3,24601,True,A,B,1,1,A
3,24602,True,A,B,10,1,B
3,24603,False,,,,,
3,24604,True,B,A,1,1,A
3,24605,True,B,A,3,1,B
3,24606,True,A,B,6,1,B
3,24607,False,,,,,
3,24608,True,B,A,10,1,B
3,24609,True,A,B,1,2,A
3,24610,True,A,B,0,1,A
3,24611,True,A,B,1,1,A
3,24612,True,A,B,4,1,B
3,24613,True,B,A,1,1,B
3,24614,True,A,B,2,1,A
3,24615,True,A,B,0,1,A
3,24616,True,A,B,1,1,A
3,24617,True,B,A,0,1,A
3,24618,True,B,A,10,1,B
3,24619,True,A,B,10,1,B
3,24620,True,B,A,6,1,B
3,24621,True,B,A,2,1,B
3,24622,True,B,A,4,1,A
3,24623,True,A,B,10,1,B
3,24624,True,B,A,1,1,A
3,24625,True,B,A,10,1,B
3,24626,True,A,B,1,1,A
3,24627,True,B,A,2,1,A
3,24628,True,B,A,10,1,B
3,24629,True,A,B,1,2,A
3,24630,True,A,B,0,1,A
3,24631,True,B,A,2,1,A
3,24632,True,A,B,2,0,B
3,24633,True,B,A,10,1,B
3,24634,True,A,B,10,1,B
3,24635,True,A,B,10,1,B
3,24636,True,B,A,4,1,B
3,24637,True,A,B,3,1,A
3,24638,False,,,,,
3,24639,True,B,A,3,1,A
3,24640,True,B,A,10,1,B
3,24641,True,B,A,1,1,A
3,24642,True,A,B,0,1,A
3,24643,True,B,A,2,1,B
3,24644,True,A,B,2,0,B
3,24645,True,A,B,2,1,A
3,24646,False,,,,,
3,24647,True,B,A,4,1,B
3,24648,True,A,B,10,1,B
3,24649,False,,,,,
3,24650,True,B,A,1,1,B
3,24651,True,B,A,1,1,A
3,24652,True,A,B,2,1,A
3,24653,True,A,B,0,1,A
3,24654,True,B,A,1,2,A
3,24655,True,B,A,3,1,B
3,24656,True,B,A,6,1,B
3,24657,True,B,A,2,1,A
3,24658,True,B,A,10,1,B
3,24659,True,A,B,2,1,A
3,24660,True,A,B,6,1,B
3,24661,True,B,A,2,1,A
3,24662,False,,,,,
3,24663,True,A,B,10,1,B
3,24664,True,A,B,1,1,A
3,24665,True,A,B,3,1,A
3,24666,True,A,B,4,1,B
3,24667,True,B,A,4,1,B
3,24668,True,A,B,4,1,B
3,24669,False,,,,,
3,24670,True,B,A,0,1,A
3,24671,False,,,,,
3,24672,True,A,B,10,1,B
3,24673,True,A,B,2,1,A
3,24674,True,B,A,3,1,B
3,24675,True,A,B,1,2,A
3,24676,True,B,A,6,1,B
3,24677,True,B,A,2,1,B
3,24678,True,B,A,0,1,A
3,24679,False,,,,,
3,24680,True,B,A,1,1,A
3,24681,True,A,B,3,1,A
3,24682,True,B,A,0,1,A
3,24683,True,B,A,4,1,B
3,24684,True,A,B,0,1,A
3,24685,True,A,B,1,2,A
3,24686,True,B,A,2,1,A
3,24687,True,B,A,1,2,A
3,24688,True,A,B,1,1,A
3,24689,True,A,B,3,1,B
3,24690,True,B,A,2,0,B
3,24691,True,A,B,10,1,B
3,24692,True,B,A,2,0,B
3,24693,True,A,B,4,1,B
3,24694,True,B,A,0,1,A
3,24695,True,B,A,10,1,B
3,24696,True,A,B,1,1,A
3,24697,True,B,A,1,1,A
3,24698,True,B,A,4,1,B
3,24699,True,B,A,2,1,A
3,24700,True,B,A,10,1,B
3,24701,True,B,A,0,1,A
3,24702,True,B,A,0,1,A
3,24703,True,B,A,6,1,B
3,24704,True,B,A,4,1,B
3,24705,False,,,,,
3,24706,True,B,A,3,1,A
3,24707,True,B,A,2,1,A
3,24708,True,B,A,10,1,B
3,24709,True,B,A,6,1,B
3,24710,True,A,B,1,2,A
3,24711,True,A,B,2,0,B
3,24712,True,A,B,2,1,B
3,24713,True,A,B,10,1,B
3,24714,True,A,B,10,1,B
3,24715,True,B,A,3,1,B
3,24716,True,A,B,6,1,B
3,24717,True,B,A,0,1,A
3,24718,True,A,B,6,1,B
3,24719,True,B,A,10,1,B
3,24720,True,B,A,6,1,B
3,24721,True,A,B,3,1,B
3,24722,True,B,A,0,1,A
3,24723,True,B,A,3,1,B
3,24724,True,B,A,2,1,A
3,24725,True,B,A,6,1,B
3,24726,True,B,A,10,1,B
3,24727,True,A,B,3,1,B
3,24728,True,A,B,3,1,B
3,24729,True,A,B,0,1,A
3,24730,True,B,A,1,2,A
3,24731,True,A,B,2,0,B
3,24732,True,A,B,4,1,B
3,24733,True,B,A,3,1,A
3,24734,True,A,B,3,1,A
3,24735,True,A,B,6,1,B
3,24736,False,,,,,
3,24737,True,A,B,10,1,B
3,24738,True,A,B,3,1,A
3,24739,True,A,B,2,1,A
3,24740,False,,,,,
3,24741,True,B,A,4,1,B
3,24742,True,A,B,6,1,B
3,24743,True,B,A,2,0,B
3,24744,True,A,B,10,1,B
3,24745,True,A,B,0,1,A
3,24746,True,B,A,0,1,A
3,24747,True,A,B,2,0,B
3,24748,True,B,A,1,1,A
3,24749,True,A,B,0,1,A
3,24750,True,A,B,10,1,B
3,24751,True,A,B,2,1,A
3,24752,True,B,A,2,1,B
3,24753,True,B,A,4,1,B
3,24754,True,B,A,1,1,A
3,24755,True,A,B,6,1,B
3,24756,False,,,,,
3,24757,True,A,B,6,1,B
3,24758,True,A,B,1,2,A
3,24759,True,B,A,10,1,B
3,24760,True,A,B,0,1,A
3,24761,True,B,A,4,1,B
3,24762,True,A,B,2,1,B
3,24763,True,A,B,3,1,A
3,24764,True,A,B,0,1,A
3,24765,True,A,B,6,1,B
3,24766,True,A,B,1,2,A
3,24767,True,B,A,6,1,B
3,24768,True,B,A,2,1,A
3,24769,True,B,A,4,1,B
3,24770,True,B,A,2,0,B
3,24771,True,B,A,10,1,B
3,24772,True,A,B,2,1,A
3,24773,True,B,A,2,1,A
3,24774,True,A,B,6,1,B
3,24775,True,A,B,1,2,A
3,24776,True,A,B,2,1,A
3,24777,False,,,,,
3,24778,True,B,A,3,1,B
3,24779,True,B,A,2,1,B
3,24780,True,A,B,2,1,B
3,24781,True,A,B,6,1,B
3,24782,False,,,,,
3,24783,False,,,,,
3,24784,True,A,B,0,1,A
3,24785,True,B,A,0,1,A
3,24786,True,A,B,1,2,A
3,24787,False,,,,,
3,24788,True,A,B,2,1,A
3,24789,True,B,A,1,2,A
3,24790,True,A,B,6,1,B
3,24791,True,B,A,2,1,B
3,24792,True,B,A,3,1,B
3,24793,True,B,A,10,1,B
3,24794,False,,,,,
3,24795,True,A,B,6,1,B
3,24796,True,A,B,6,1,B
3,24797,True,B,A,1,1,A
3,24798,True,A,B,10,1,B
3,24799,True,A,B,4,1,A
3,24800,True,B,A,10,1,B
3,24801,True,B,A,2,1,B
3,24802,True,B,A,2,1,B
3,24803,True,A,B,10,1,B
3,24804,True,B,A,0,1,A
3,24805,True,A,B,4,1,A
3,24806,True,A,B,1,1,A
3,24807,True,A,B,1,1,A
3,24808,True,A,B,10,1,B
3,24809,True,B,A,10,1,B
3,24810,True,B,A,3,1,B
3,24811,True,A,B,4,1,B
3,24812,True,B,A,1,1,A
3,24813,True,B,A,6,1,B
3,24814,True,A,B,10,1,B
3,24815,True,A,B,1,2,A
3,24816,True,B,A,1,1,B
3,24817,True,B,A,0,1,A
3,24818,True,A,B,3,1,B
3,24819,True,A,B,1,2,A
3,24820,True,B,A,3,1,B
3,24821,True,B,A,0,1,A
3,24822,True,B,A,4,1,B
3,24823,True,B,A,6,1,B
3,24824,True,A,B,6,1,B
3,24825,True,A,B,6,1,B
3,24826,True,A,B,6,1,B
3,24827,True,B,A,1,1,A
3,24828,True,B,A,1,1,A
3,24829,True,B,A,4,1,B
3,24830,True,B,A,3,1,B
3,24831,True,B,A,4,1,B
3,24832,True,A,B,3,1,A
3,24833,True,B,A,1,2,A
3,24834,False,,,,,
3,24835,True,A,B,1,1,A
3,24836,True,A,B,3,1,A
3,24837,True,B,A,6,1,B
3,24838,True,A,B,1,2,A
3,24839,True,A,B,2,1,B
3,24840,True,B,A,1,2,A
3,24841,True,B,A,0,1,A
3,24842,True,B,A,3,1,B
3,24843,True,B,A,1,1,A
3,24844,True,A,B,3,1,A
3,24845,True,B,A,10,1,B
3,24846,True,A,B,3,1,B
3,24847,True,A,B,4,1,B
3,24848,True,B,A,6,1,B
3,24849,True,B,A,10,1,B
3,24850,True,A,B,4,1,B
3,24851,True,A,B,1,1,A
3,24852,True,B,A,1,2,A
3,24853,True,B,A,1,2,A
3,24854,True,B,A,1,1,B
3,24855,True,B,A,4,1,B
3,24856,True,A,B,2,0,B
3,24857,True,A,B,1,1,A
3,24858,True,A,B,1,1,A
3,24859,True,B,A,10,1,B
3,24860,False,,,,,
3,24861,True,A,B,1,2,B
3,24862,True,B,A,10,1,B
3,24863,True,B,A,10,1,B
3,24864,True,B,A,6,1,B
3,24865,True,B,A,2,1,A
3,24866,True,B,A,1,1,A
3,24867,True,B,A,6,1,B
3,24868,True,A,B,0,1,A
3,24869,True,A,B,1,1,A
3,24870,True,B,A,2,1,A
3,24871,False,,,,,
3,24872,True,A,B,2,0,B
3,24873,True,A,B,1,1,A
3,24874,True,A,B,6,1,B
3,24875,True,B,A,2,1,B
3,24876,True,B,A,1,1,A
3,24877,True,B,A,1,1,A
3,24878,True,A,B,6,1,B
3,24879,True,A,B,3,1,B
3,24880,True,B,A,4,1,B
3,24881,False,,,,,
3,24882,True,A,B,10,1,B
3,24883,True,B,A,3,1,B
3,24884,True,A,B,1,1,B
3,24885,True,A,B,2,0,B
3,24886,True,A,B,2,0,B
3,24887,True,A,B,10,1,B
3,24888,True,A,B,1,2,A
3,24889,True,B,A,6,1,B
3,24890,True,B,A,4,1,B
3,24891,True,A,B,4,1,A
3,24892,True,A,B,1,1,A
3,24893,True,A,B,10,1,B
3,24894,True,A,B,2,0,B
3,24895,True,B,A,2,0,B
3,24896,True,B,A,10,1,B
3,24897,True,A,B,6,1,B
3,24898,True,B,A,2,0,B
3,24899,True,B,A,0,1,A
3,24900,True,A,B,1,1,A
3,24901,True,B,A,1,1,B
3,24902,True,A,B,4,1,B
3,24903,True,B,A,1,2,A
3,24904,True,A,B,1,1,A
3,24905,True,B,A,6,1,B
3,24906,True,A,B,4,1,B
3,24907,True,B,A,3,1,B
3,24908,True,B,A,0,1,A
3,24909,True,B,A,1,1,A
3,24910,True,B,A,3,1,B
3,24911,True,A,B,2,1,A
3,24912,True,B,A,1,1,A
3,24913,True,B,A,6,1,B
3,24914,True,A,B,10,1,B
3,24915,True,B,A,1,2,A
3,24916,True,B,A,3,1,B
3,24917,True,A,B,6,1,B
3,24918,True,B,A,6,1,B
3,24919,True,B,A,10,1,B
3,24920,True,A,B,3,1,B
3,24921,True,A,B,1,1,A
3,24922,True,B,A,2,0,B
3,24923,True,B,A,2,0,B
3,24924,True,A,B,0,1,A
3,24925,True,A,B,0,1,A
3,24926,True,B,A,3,1,B
3,24927,True,A,B,6,1,B
3,24928,True,B,A,4,1,B
3,24929,True,B,A,0,1,A
3,24930,True,B,A,1,1,B
3,24931,True,A,B,4,1,B
3,24932,True,A,B,6,1,B
3,24933,True,A,B,1,2,A
3,24934,True,A,B,4,1,A
3,24935,True,B,A,1,1,B
3,24936,True,B,A,3,1,A
3,24937,True,A,B,4,1,B
3,24938,True,B,A,2,1,A
3,24939,True,B,A,3,1,B
3,24940,True,A,B,6,1,B
3,24941,True,A,B,2,0,B
3,24942,True,A,B,4,1,B
3,24943,True,A,B,3,1,B
3,24944,True,B,A,1,1,A
3,24945,True,A,B,10,1,B
3,24946,True,B,A,0,1,A
3,24947,True,A,B,0,1,A
3,24948,True,B,A,0,1,A
3,24949,True,B,A,1,1,A
3,24950,True,A,B,10,1,B
3,24951,True,B,A,4,1,B
3,24952,True,A,B,4,1,B
3,24953,True,B,A,10,1,B
3,24954,True,B,A,2,1,B
3,24955,True,B,A,2,0,B
3,24956,True,A,B,1,2,A
3,24957,True,A,B,6,1,B
3,24958,True,B,A,10,1,B
3,24959,True,A,B,6,1,B
3,24960,True,B,A,3,1,A
3,24961,True,A,B,0,1,A
3,24962,True,A,B,1,1,A
3,24963,True,B,A,10,1,B
3,24964,True,A,B,2,1,B
3,24965,True,A,B,10,1,B
3,24966,True,A,B,4,1,B
3,24967,True,B,A,0,1,A
3,24968,True,B,A,2,0,B
3,24969,True,A,B,1,2,A
3,24970,True,B,A,2,1,B
3,24971,True,A,B,1,1,A
3,24972,True,B,A,0,1,A
3,24973,True,A,B,2,0,B
3,24974,True,A,B,2,0,B
3,24975,True,A,B,2,0,B
3,24976,True,B,A,1,2,A
3,24977,True,A,B,2,1,B
3,24978,True,B,A,0,1,A
3,24979,False,,,,,
3,24980,True,B,A,6,1,B
3,24981,True,B,A,2,1,A
3,24982,True,A,B,1,2,A
3,24983,True,B,A,1,1,A
3,24984,True,B,A,2,0,B
3,24985,True,A,B,3,1,B
3,24986,True,A,B,1,1,B
3,24987,True,B,A,1,2,A
3,24988,True,A,B,4,1,B
3,24989,True,A,B,0,1,A
3,24990,True,B,A,4,1,B
3,24991,True,A,B,1,1,A
3,24992,True,B,A,3,1,B
3,24993,True,A,B,1,1,A
3,24994,True,A,B,4,1,B
3,24995,True,A,B,2,1,B
3,24996,True,B,A,6,1,B
3,24997,True,A,B,0,1,A
3,24998,True,B,A,6,1,B
3,24999,True,A,B,4,1,B
3,25000,True,B,A,1,2,A
4,25001,True,B,A,2,0,B
4,25002,True,A,B,10,1,B
4,25003,True,A,B,1,2,A
4,25004,True,A,B,1,2,A
4,25005,True,A,B,10,1,B
4,25006,True,B,A,0,1,A
4,25007,True,A,B,1,1,A
4,25008,True,A,B,3,1,B
4,25009,True,A,B,1,1,A
4,25010,True,A,B,6,1,B
4,25011,True,A,B,1,1,A
4,25012,True,A,B,0,1,A
4,25013,True,B,A,0,1,A
4,25014,True,A,B,1,1,A
4,25015,True,B,A,0,1,A
4,25016,True,A,B,0,1,A
4,25017,True,B,A,6,1,B
4,25018,True,A,B,0,1,A
4,25019,True,A,B,2,1,A
4,25020,True,B,A,10,1,B
4,25021,True,A,B,0,1,A
4,25022,False,,,,,
4,25023,True,A,B,2,1,B
4,25024,True,A,B,1,2,A
4,25025,True,B,A,4,1,B
4,25026,True,B,A,10,1,B
4,25027,True,A,B,10,1,B
4,25028,True,A,B,4,1,B
4,25029,True,A,B,10,1,B
4,25030,True,A,B,2,0,B
4,25031,True,A,B,2,1,A
4,25032,True,B,A,2,0,B
4,25033,True,A,B,6,1,B
4,25034,True,A,B,0,1,A
4,25035,True,B,A,3,1,A
4,25036,True,B,A,4,1,B
4,25037,True,B,A,3,1,B
4,25038,True,B,A,3,1,A
4,25039,True,B,A,6,1,B
4,25040,True,B,A,4,1,B
4,25041,True,B,A,1,1,A
4,25042,True,B,A,1,1,A
4,25043,True,A,B,0,1,A
4,25044,True,A,B,6,1,B
4,25045,False,,,,,
4,25046,True,A,B,4,1,B
4,25047,False,,,,,
4,25048,True,A,B,10,1,B
4,25049,True,B,A,2,0,B
4,25050,True,A,B,0,1,A
4,25051,True,A,B,2,1,B
4,25052,True,B,A,3,1,B
4,25053,True,B,A,0,1,A
4,25054,True,A,B,0,1,A
4,25055,True,B,A,2,0,B
4,25056,True,A,B,10,1,B
4,25057,True,B,A,6,1,B
4,25058,True,A,B,6,1,B
4,25059,True,A,B,1,1,A
4,25060,True,B,A,4,1,B
4,25061,True,B,A,3,1,B
4,25062,True,A,B,2,1,A
4,25063,True,A,B,6,1,B
4,25064,True,A,B,1,2,A
4,25065,True,A,B,10,1,B
4,25066,True,B,A,6,1,B
4,25067,True,A,B,0,1,A
4,25068,True,A,B,2,0,B
4,25069,True,B,A,1,2,B
4,25070,True,B,A,6,1,B
4,25071,True,A,B,4,1,B
4,25072,True,B,A,0,1,A
4,25073,True,A,B,3,1,B
4,25074,True,A,B,4,1,B
4,25075,True,A,B,2,0,B
4,25076,True,B,A,6,1,B
4,25077,True,B,A,1,1,A
4,25078,True,A,B,10,1,B
4,25079,True,B,A,1,2,A
4,25080,True,B,A,2,1,A
4,25081,True,A,B,4,1,B
4,25082,True,A,B,3,1,B
4,25083,True,B,A,1,1,A
4,25084,True,B,A,2,0,B
4,25085,False,,,,,
4,25086,True,A,B,10,1,B
4,25087,True,A,B,2,0,B
4,25088,True,B,A,3,1,B
4,25089,True,B,A,3,1,B
4,25090,False,,,,,
4,25091,True,B,A,4,1,B
4,25092,True,B,A,1,1,A
4,25093,True,B,A,2,1,A
4,25094,True,A,B,0,1,A
4,25095,True,A,B,10,1,B
4,25096,True,B,A,1,2,A
4,25097,True,A,B,0,1,A
4,25098,True,A,B,2,0,B
4,25099,True,A,B,3,1,A
4,25100,True,B,A,2,1,A
4,25101,True,A,B,0,1,A
4,25102,True,A,B,2,0,B
4,25103,False,,,,,
4,25104,True,A,B,4,1,B
4,25105,True,A,B,1,2,B
4,25106,True,B,A,10,1,B
4,25107,True,A,B,2,1,B
4,25108,True,B,A,4,1,B
4,25109,True,B,A,6,1,B
4,25110,True,A,B,10,1,B
4,25111,True,B,A,6,1,B
4,25112,True,A,B,3,1,B
4,25113,True,A,B,0,1,A
4,25114,True,A,B,1,2,A
4,25115,True,B,A,3,1,B
4,25116,True,A,B,1,2,A
4,25117,True,A,B,2,1,B
4,25118,True,B,A,2,1,A
4,25119,True,B,A,2,1,A
4,25120,True,B,A,4,1,B
4,25121,True,B,A,0,1,A
4,25122,True,B,A,3,1,B
4,25123,True,B,A,0,1,A
4,25124,True,B,A,1,1,A
4,25125,True,A,B,2,1,A
4,25126,True,A,B,6,1,B
4,25127,False,,,,,
4,25128,True,B,A,2,1,A
4,25129,True,A,B,3,1,A
4,25130,True,A,B,10,1,B
4,25131,True,A,B,1,1,A
4,25132,True,B,A,3,1,B
4,25133,True,B,A,6,1,B
4,25134,True,A,B,10,1,B
4,25135,False,,,,,
4,25136,True,A,B,1,2,A
4,25137,True,A,B,4,1,B
4,25138,True,A,B,2,1,A
4,25139,True,A,B,0,1,A
4,25140,True,B,A,3,1,B
4,25141,True,B,A,0,1,A
4,25142,True,B,A,2,0,B
4,25143,True,B,A,2,1,B
4,25144,True,B,A,10,1,B
4,25145,True,A,B,6,1,B
4,25146,True,A,B,2,1,A
4,25147,True,A,B,1,2,A
4,25148,True,B,A,2,1,A
4,25149,True,A,B,3,1,B
4,25150,True,A,B,6,1,B
4,25151,True,A,B,4,1,B
4,25152,True,B,A,2,0,B
4,25153,True,B,A,2,1,A
4,25154,True,A,B,6,1,B
4,25155,False,,,,,
4,25156,True,A,B,6,1,B
4,25157,True,B,A,2,1,A
4,25158,True,B,A,2,1,A
4,25159,True,A,B,4,1,B
4,25160,True,A,B,10,1,B
4,25161,True,B,A,6,1,B
4,25162,True,B,A,1,2,A
4,25163,True,B,A,2,0,B
4,25164,True,A,B,2,1,B
4,25165,True,A,B,1,2,B
4,25166,True,A,B,6,1,B
4,25167,True,B,A,0,1,A
4,25168,True,A,B,0,1,A
4,25169,True,B,A,1,1,A
4,25170,True,A,B,4,1,B
4,25171,True,B,A,3,1,A
4,25172,True,B,A,10,1,B
4,25173,True,A,B,10,1,B
4,25174,True,A,B,2,1,A
4,25175,True,A,B,10,1,B
4,25176,True,B,A,6,1,B
4,25177,True,A,B,3,1,B
4,25178,True,A,B,1,1,A
4,25179,True,B,A,2,1,B
4,25180,True,B,A,1,1,B
4,25181,True,B,A,3,1,A
4,25182,True,A,B,10,1,B
4,25183,True,B,A,6,1,B
4,25184,False,,,,,
4,25185,True,A,B,6,1,B
4,25186,True,B,A,6,1,B
4,25187,False,,,,,
4,25188,True,B,A,2,1,B
4,25189,True,A,B,2,1,B
4,25190,True,A,B,2,1,A
4,25191,True,B,A,1,1,A
4,25192,True,A,B,2,0,B
4,25193,True,A,B,1,2,A
4,25194,True,A,B,1,2,A
4,25195,True,A,B,3,1,A
4,25196,True,B,A,0,1,A
4,25197,True,B,A,2,1,B
4,25198,True,B,A,10,1,B
4,25199,True,A,B,1,2,A
4,25200,True,B,A,2,1,A
4,25201,True,A,B,4,1,B
4,25202,True,A,B,1,2,A
4,25203,True,A,B,1,1,A
4,25204,True,B,A,2,1,A
4,25205,True,A,B,6,1,B
4,25206,True,A,B,1,1,A
4,25207,True,B,A,0,1,A
4,25208,True,B,A,10,1,B
4,25209,True,B,A,10,1,B
4,25210,True,A,B,2,1,A
4,25211,True,A,B,4,1,B
4,25212,True,B,A,0,1,A
4,25213,True,B,A,1,1,B
4,25214,True,B,A,1,1,A
4,25215,True,B,A,10,1,B
4,25216,True,A,B,1,2,A
4,25217,True,B,A,2,0,B
4,25218,True,B,A,6,1,B
4,25219,True,A,B,3,1,B
4,25220,True,A,B,1,1,A
4,25221,True,A,B,3,1,B
4,25222,True,A,B,3,1,B
4,25223,True,A,B,2,0,B
4,25224,True,A,B,10,1,B
4,25225,True,A,B,4,1,B
4,25226,True,A,B,1,1,A
4,25227,True,A,B,1,1,A
4,25228,True,B,A,0,1,A
4,25229,True,A,B,0,1,A
4,25230,True,B,A,1,2,A
4,25231,True,B,A,10,1,B
4,25232,True,B,A,1,2,A
4,25233,True,B,A,6,1,B
4,25234,True,B,A,1,2,A
4,25235,True,A,B,0,1,A
4,25236,False,,,,,
4,25237,True,A,B,6,1,B
4,25238,True,B,A,1,2,A
4,25239,True,A,B,2,0,B
4,25240,True,B,A,10,1,B
4,25241,True,B,A,0,1,A
4,25242,True,B,A,6,1,B
4,25243,True,A,B,1,1,B
4,25244,True,A,B,10,1,B
4,25245,True,A,B,4,1,B
4,25246,True,B,A,3,1,B
4,25247,True,A,B,0,1,A
4,25248,True,A,B,10,1,B
4,25249,True,B,A,1,2,A
4,25250,True,A,B,4,1,A
4,25251,True,B,A,4,1,B
4,25252,True,B,A,3,1,B
4,25253,True,A,B,2,1,A
4,25254,True,B,A,10,1,B
4,25255,True,B,A,3,1,B
4,25256,True,A,B,4,1,A
4,25257,True,B,A,4,1,B
4,25258,True,B,A,4,1,B
4,25259,True,B,A,3,1,B
4,25260,True,A,B,10,1,B
4,25261,True,A,B,3,1,B
4,25262,True,B,A,1,1,A
4,25263,True,A,B,6,1,B
4,25264,True,B,A,0,1,A
4,25265,True,B,A,1,1,A
4,25266,True,A,B,2,1,A
4,25267,True,B,A,3,1,A
4,25268,True,B,A,1,2,A
4,25269,True,B,A,1,1,A
4,25270,True,A,B,1,2,A
4,25271,True,A,B,0,1,A
4,25272,True,A,B,10,1,B
4,25273,True,A,B,1,2,A
4,25274,True,B,A,4,1,B
4,25275,True,A,B,2,0,B
4,25276,True,B,A,0,1,A
4,25277,True,B,A,2,1,A
4,25278,True,B,A,0,1,A
4,25279,True,B,A,0,1,A
4,25280,True,B,A,4,1,A
4,25281,True,B,A,1,2,A
4,25282,True,B,A,6,1,B
4,25283,True,A,B,10,1,B
4,25284,True,A,B,6,1,B
4,25285,True,B,A,6,1,B
4,25286,True,B,A,3,1,A
4,25287,True,A,B,4,1,B
4,25288,False,,,,,
4,25289,True,A,B,1,2,A
4,25290,True,B,A,6,1,B
4,25291,True,B,A,4,1,B
4,25292,True,A,B,6,1,B
4,25293,True,B,A,2,0,B
4,25294,True,B,A,10,1,B
4,25295,True,B,A,4,1,B
4,25296,True,A,B,1,1,A
4,25297,True,A,B,1,2,A
4,25298,True,A,B,2,0,B
4,25299,True,B,A,2,1,B
4,25300,True,A,B,3,1,B
4,25301,True,A,B,6,1,B
4,25302,True,A,B,2,1,A
4,25303,True,A,B,3,1,B
4,25304,True,B,A,1,1,A
4,25305,True,A,B,1,2,A
4,25306,True,A,B,10,1,B
4,25307,True,A,B,2,1,A
4,25308,True,A,B,4,1,B
4,25309,True,B,A,10,1,B
4,25310,True,B,A,3,1,B
4,25311,True,B,A,3,1,B
4,25312,True,A,B,2,1,A
4,25313,True,A,B,10,1,B
4,25314,True,A,B,6,1,B
4,25315,True,A,B,2,1,A
4,25316,True,B,A,3,1,A
4,25317,True,B,A,4,1,B
4,25318,True,B,A,10,1,B
4,25319,True,B,A,0,1,A
4,25320,True,A,B,1,1,A
4,25321,True,A,B,0,1,A
4,25322,True,A,B,0,1,A
4,25323,True,B,A,1,1,A
4,25324,True,B,A,2,0,B
4,25325,True,A,B,2,1,B
4,25326,True,B,A,0,1,A
4,25327,False,,,,,
4,25328,True,B,A,4,1,B
4,25329,True,B,A,0,1,A
4,25330,True,A,B,3,1,A
4,25331,True,B,A,1,2,B
4,25332,True,B,A,0,1,A
4,25333,True,A,B,2,1,A
4,25334,True,A,B,1,1,A
4,25335,True,A,B,2,1,B
4,25336,True,A,B,6,1,B
4,25337,True,A,B,3,1,A
4,25338,True,A,B,10,1,B
4,25339,True,B,A,10,1,B
4,25340,True,A,B,1,2,A
4,25341,True,B,A,4,1,B
4,25342,True,B,A,0,1,A
4,25343,True,B,A,1,1,A
4,25344,True,B,A,2,1,B
4,25345,True,B,A,0,1,A
4,25346,True,A,B,1,1,A
4,25347,True,A,B,10,1,B
4,25348,True,A,B,1,1,A
4,25349,True,A,B,2,0,B
4,25350,True,B,A,0,1,A
4,25351,True,A,B,10,1,B
4,25352,True,B,A,1,2,A
4,25353,True,A,B,6,1,B
4,25354,True,B,A,1,1,A
4,25355,True,B,A,1,2,A
4,25356,True,B,A,2,1,B
4,25357,True,B,A,6,1,B
4,25358,True,A,B,0,1,A
4,25359,True,A,B,4,1,B
4,25360,False,,,,,
4,25361,True,A,B,6,1,B
4,25362,True,A,B,1,1,A
4,25363,True,A,B,10,1,B
4,25364,True,A,B,1,1,B
4,25365,True,A,B,1,1,A
4,25366,True,A,B,10,1,B
4,25367,True,A,B,10,1,B
4,25368,True,A,B,10,1,B
4,25369,True,B,A,2,1,B
4,25370,True,A,B,1,1,A
4,25371,False,,,,,
4,25372,True,A,B,10,1,B
4,25373,True,B,A,0,1,A
4,25374,True,B,A,6,1,B
4,25375,True,A,B,1,1,A
4,25376,True,B,A,0,1,A
4,25377,True,B,A,4,1,B
4,25378,False,,,,,
4,25379,True,A,B,4,1,B
4,25380,True,A,B,10,1,B
4,25381,False,,,,,
4,25382,True,B,A,2,1,A
4,25383,True,B,A,0,1,A
4,25384,True,B,A,2,1,A
4,25385,False,,,,,
4,25386,True,B,A,1,1,B
4,25387,True,A,B,3,1,A
4,25388,True,B,A,0,1,A
4,25389,True,A,B,6,1,B
4,25390,True,A,B,0,1,A
4,25391,True,B,A,10,1,B
4,25392,True,A,B,2,1,A
4,25393,True,A,B,1,2,A
4,25394,True,B,A,1,2,A
4,25395,True,A,B,4,1,B
4,25396,True,A,B,1,1,B
4,25397,True,A,B,3,1,B
4,25398,True,B,A,6,1,B
4,25399,True,B,A,0,1,A
4,25400,True,B,A,3,1,B
4,25401,True,B,A,1,2,A
4,25402,True,A,B,0,1,A
4,25403,True,A,B,0,1,A
4,25404,True,A,B,3,1,A
4,25405,True,B,A,10,1,B
4,25406,True,B,A,1,2,A
4,25407,False,,,,,
4,25408,True,B,A,2,1,B
4,25409,True,A,B,1,1,A
4,25410,True,B,A,0,1,A
4,25411,True,A,B,10,1,B
4,25412,True,A,B,1,1,A
4,25413,True,B,A,6,1,B
4,25414,True,A,B,1,2,A
4,25415,True,B,A,0,1,A
4,25416,True,A,B,1,2,A
4,25417,True,A,B,10,1,B
4,25418,True,A,B,0,1,A
4,25419,True,A,B,1,2,A
4,25420,True,A,B,2,1,B
4,25421,True,A,B,6,1,B
4,25422,True,A,B,2,1,A
4,25423,True,B,A,6,1,B
4,25424,True,A,B,10,1,B
4,25425,True,B,A,2,1,B
4,25426,False,,,,,
4,25427,True,B,A,6,1,B
4,25428,False,,,,,
4,25429,True,B,A,10,1,B
4,25430,True,A,B,6,1,B
4,25431,True,A,B,6,1,B
4,25432,True,B,A,6,1,B
4,25433,True,A,B,1,1,A
4,25434,True,B,A,10,1,B
4,25435,True,B,A,10,1,B
4,25436,True,A,B,3,1,A
4,25437,True,A,B,1,1,A
4,25438,True,A,B,3,1,A
4,25439,True,B,A,3,1,B
4,25440,True,B,A,4,1,B
4,25441,True,A,B,1,1,B
4,25442,True,A,B,2,0,B
4,25443,True,B,A,6,1,B
4,25444,True,B,A,3,1,B
4,25445,True,B,A,1,2,B
4,25446,True,B,A,1,2,A
4,25447,True,A,B,0,1,A
4,25448,True,A,B,2,1,B
4,25449,True,A,B,6,1,B
4,25450,True,A,B,3,1,B
4,25451,True,A,B,0,1,A
4,25452,True,A,B,1,2,A
4,25453,True,A,B,1,1,A
4,25454,True,B,A,2,0,B
4,25455,True,A,B,4,1,B
4,25456,True,B,A,2,0,B
4,25457,True,A,B,4,1,B
4,25458,True,B,A,1,1,A
4,25459,True,B,A,2,1,B
4,25460,True,B,A,0,1,A
4,25461,True,B,A,2,0,B
4,25462,True,A,B,1,1,B
4,25463,True,B,A,0,1,A
4,25464,True,A,B,1,1,A
4,25465,False,,,,,
4,25466,True,A,B,10,1,B
4,25467,True,B,A,1,2,A
4,25468,True,A,B,6,1,B
4,25469,True,A,B,0,1,A
4,25470,True,A,B,3,1,B
4,25471,True,B,A,4,1,B
4,25472,True,B,A,10,1,B
4,25473,True,A,B,10,1,B
4,25474,True,A,B,4,1,B
4,25475,True,B,A,6,1,B
4,25476,True,B,A,1,2,A
4,25477,True,B,A,3,1,B
4,25478,True,A,B,2,1,A
4,25479,True,A,B,10,1,B
4,25480,True,A,B,6,1,B
4,25481,True,B,A,6,1,B
4,25482,True,B,A,1,2,A
4,25483,True,B,A,3,1,B
4,25484,True,B,A,1,2,B
4,25485,True,A,B,0,1,A
4,25486,True,A,B,0,1,A
4,25487,True,A,B,1,1,A
4,25488,True,A,B,1,2,A
4,25489,True,A,B,3,1,A
4,25490,True,B,A,1,1,A
4,25491,True,A,B,3,1,B
4,25492,False,,,,,
4,25493,True,A,B,0,1,A
4,25494,True,A,B,2,1,A
4,25495,True,B,A,4,1,B
4,25496,True,B,A,2,0,B
4,25497,True,B,A,2,1,B
4,25498,True,A,B,3,1,B
4,25499,True,B,A,3,1,B
4,25500,True,B,A,2,1,B
4,25501,True,A,B,1,1,A
4,25502,True,A,B,1,1,A
4,25503,True,B,A,2,0,B
4,25504,True,B,A,10,1,B
4,25505,True,A,B,6,1,B
4,25506,True,A,B,6,1,B
4,25507,True,A,B,2,1,A
4,25508,True,A,B,1,2,A
4,25509,True,B,A,10,1,B
4,25510,True,A,B,0,1,A
4,25511,True,B,A,10,1,B
4,25512,True,B,A,10,1,B
4,25513,True,B,A,4,1,B
4,25514,True,B,A,3,1,B
4,25515,True,B,A,3,1,A
4,25516,True,B,A,0,1,A
4,25517,True,A,B,1,2,A
4,25518,True,B,A,0,1,A
4,25519,True,A,B,2,0,B
4,25520,True,B,A,1,1,A
4,25521,True,B,A,2,0,B
4,25522,True,A,B,0,1,A
4,25523,True,B,A,10,1,B
4,25524,True,A,B,0,1,A
4,25525,True,A,B,1,2,A
4,25526,True,A,B,4,1,B
4,25527,True,B,A,1,2,B
4,25528,True,A,B,1,1,A
4,25529,True,A,B,3,1,B
4,25530,True,B,A,2,1,B
4,25531,True,A,B,2,1,B
4,25532,True,B,A,0,1,A
4,25533,False,,,,,
4,25534,True,A,B,1,2,A
4,25535,True,A,B,2,1,A
4,25536,True,B,A,1,2,A
4,25537,True,B,A,2,0,B
4,25538,True,B,A,2,1,A
4,25539,True,B,A,6,1,B
4,25540,True,A,B,3,1,B
4,25541,True,B,A,6,1,B
4,25542,True,A,B,2,1,A
4,25543,True,B,A,6,1,B
4,25544,True,A,B,2,0,B
4,25545,True,A,B,2,0,B
4,25546,True,B,A,1,1,A
4,25547,True,B,A,6,1,B
4,25548,True,B,A,2,0,B
4,25549,True,A,B,3,1,B
4,25550,True,A,B,6,1,B
4,25551,True,A,B,4,1,B
4,25552,True,B,A,3,1,A
4,25553,True,B,A,10,1,B
4,25554,True,A,B,10,1,B
4,25555,False,,,,,
4,25556,True,A,B,6,1,B
4,25557,True,A,B,10,1,B
4,25558,True,B,A,1,2,A
4,25559,True,A,B,10,1,B
4,25560,True,B,A,1,1,A
4,25561,True,B,A,10,1,B
4,25562,True,B,A,1,1,A
4,25563,True,A,B,1,2,B
4,25564,True,B,A,0,1,A
4,25565,True,B,A,4,1,B
4,25566,True,A,B,1,2,A
4,25567,True,A,B,10,1,B
4,25568,True,A,B,3,1,B
4,25569,True,B,A,2,1,A
4,25570,True,B,A,1,1,A
4,25571,True,A,B,3,1,B
4,25572,True,B,A,4,1,B
4,25573,True,B,A,2,1,A
4,25574,True,B,A,3,1,A
4,25575,True,B,A,10,1,B
4,25576,True,A,B,1,1,A
4,25577,True,A,B,1,2,A
4,25578,True,A,B,2,1,B
4,25579,True,A,B,10,1,B
4,25580,True,A,B,3,1,A
4,25581,True,A,B,6,1,B
4,25582,True,A,B,1,2,A
4,25583,True,B,A,1,2,A
4,25584,True,B,A,1,1,A
4,25585,True,A,B,1,2,A
4,25586,True,B,A,2,1,B
4,25587,True,A,B,10,1,B
4,25588,True,B,A,10,1,B
4,25589,True,B,A,4,1,B
4,25590,True,A,B,6,1,B
4,25591,True,A,B,6,1,B
4,25592,True,A,B,10,1,B
4,25593,True,B,A,4,1,B
4,25594,True,B,A,3,1,B
4,25595,True,A,B,1,2,A
4,25596,True,A,B,4,1,B
4,25597,True,B,A,3,1,A
4,25598,True,B,A,2,1,B
4,25599,True,A,B,3,1,B
4,25600,True,A,B,3,1,B
4,25601,True,B,A,10,1,B
4,25602,True,A,B,0,1,A
4,25603,True,A,B,1,1,A
4,25604,True,A,B,1,2,A
4,25605,True,A,B,6,1,B
4,25606,True,B,A,1,1,A
4,25607,True,A,B,1,2,A
4,25608,True,B,A,1,1,B
4,25609,True,B,A,2,0,B
4,25610,True,A,B,2,1,B
4,25611,True,B,A,4,1,B
4,25612,True,A,B,6,1,B
4,25613,True,A,B,6,1,B
4,25614,True,A,B,2,1,A
4,25615,True,B,A,10,1,B
4,25616,True,A,B,1,1,A
4,25617,True,B,A,10,1,B
4,25618,True,B,A,6,1,B
4,25619,True,A,B,6,1,B
4,25620,True,B,A,0,1,A
4,25621,True,A,B,6,1,B
4,25622,True,A,B,6,1,B
4,25623,True,A,B,2,1,B
4,25624,True,B,A,10,1,B
4,25625,True,B,A,0,1,A
4,25626,True,A,B,1,2,A
4,25627,True,B,A,3,1,B
4,25628,True,A,B,2,1,B
4,25629,True,A,B,2,1,A
4,25630,True,A,B,4,1,B
4,25631,True,A,B,2,0,B
4,25632,False,,,,,
4,25633,True,A,B,3,1,B
4,25634,True,A,B,2,1,A
4,25635,True,A,B,1,1,A
4,25636,True,B,A,10,1,B
4,25637,False,,,,,
4,25638,False,,,,,
4,25639,True,B,A,1,1,A
4,25640,True,B,A,1,2,A
4,25641,True,B,A,1,2,A
4,25642,True,A,B,4,1,A
4,25643,True,B,A,4,1,B
4,25644,True,B,A,2,1,A
4,25645,True,A,B,4,1,A
4,25646,True,A,B,4,1,B
4,25647,True,B,A,1,2,A
4,25648,True,A,B,1,1,A
4,25649,True,A,B,6,1,B
4,25650,True,A,B,3,1,B
4,25651,True,A,B,10,1,B
4,25652,True,B,A,1,1,B
4,25653,True,A,B,1,1,A
4,25654,True,B,A,2,1,B
4,25655,True,A,B,2,0,B
4,25656,True,A,B,1,2,A
4,25657,True,A,B,4,1,B
4,25658,True,B,A,0,1,A
4,25659,True,B,A,4,1,B
4,25660,True,A,B,1,1,A
4,25661,True,B,A,0,1,A
4,25662,True,A,B,1,1,A
4,25663,True,A,B,1,1,A
4,25664,True,B,A,4,1,B
4,25665,True,A,B,4,1,B
4,25666,True,A,B,10,1,B
4,25667,True,A,B,6,1,B
4,25668,True,A,B,3,1,B
4,25669,True,B,A,1,2,A
4,25670,True,A,B,2,0,B
4,25671,True,A,B,6,1,B
4,25672,True,A,B,4,1,B
4,25673,True,B,A,1,2,A
4,25674,True,A,B,6,1,B
4,25675,True,B,A,1,1,A
4,25676,True,A,B,10,1,B
4,25677,True,B,A,2,1,A
4,25678,True,B,A,4,1,B
4,25679,False,,,,,
4,25680,True,B,A,1,1,A
4,25681,True,A,B,6,1,B
4,25682,True,B,A,3,1,A
4,25683,True,B,A,2,1,B
4,25684,True,A,B,1,2,B
4,25685,True,B,A,1,2,A
4,25686,True,B,A,6,1,B
4,25687,True,B,A,4,1,B
4,25688,True,A,B,10,1,B
4,25689,True,B,A,0,1,A
4,25690,True,A,B,2,0,B
4,25691,True,B,A,4,1,B
4,25692,True,A,B,6,1,B
4,25693,True,B,A,6,1,B
4,25694,True,B,A,0,1,A
4,25695,True,A,B,4,1,B
4,25696,True,A,B,4,1,B
4,25697,True,A,B,2,1,B
4,25698,True,A,B,2,0,B
4,25699,True,B,A,4,1,B
4,25700,False,,,,,
4,25701,True,B,A,2,1,B
4,25702,True,B,A,0,1,A
4,25703,True,A,B,1,1,B
4,25704,True,A,B,4,1,B
4,25705,True,B,A,2,0,B
4,25706,True,B,A,10,1,B
4,25707,True,A,B,1,1,A
4,25708,True,B,A,3,1,B
4,25709,True,A,B,1,2,A
4,25710,True,A,B,1,2,A
4,25711,True,A,B,10,1,B
4,25712,True,B,A,1,2,A
4,25713,True,B,A,1,2,A
4,25714,True,A,B,3,1,B
4,25715,True,A,B,3,1,B
4,25716,True,B,A,1,1,A
4,25717,True,B,A,1,2,A
4,25718,True,B,A,10,1,B
4,25719,True,B,A,2,0,B
4,25720,True,B,A,1,2,A
4,25721,True,B,A,4,1,B
4,25722,True,B,A,3,1,B
4,25723,True,B,A,0,1,A
4,25724,True,A,B,1,2,B
4,25725,True,A,B,2,1,B
4,25726,True,A,B,0,1,A
4,25727,True,B,A,1,1,B
4,25728,True,A,B,1,2,A
4,25729,True,A,B,1,1,A
4,25730,True,B,A,1,2,A
4,25731,True,B,A,10,1,B
4,25732,True,B,A,1,1,A
4,25733,True,A,B,2,1,B
4,25734,True,B,A,2,1,B
4,25735,True,B,A,2,1,A
4,25736,False,,,,,
4,25737,True,A,B,4,1,B
4,25738,True,B,A,2,1,A
4,25739,True,A,B,10,1,B
4,25740,True,B,A,0,1,A
4,25741,True,A,B,4,1,B
4,25742,True,A,B,6,1,B
4,25743,True,A,B,10,1,B
4,25744,True,A,B,2,0,B
4,25745,True,B,A,0,1,A
4,25746,True,B,A,10,1,B
4,25747,True,A,B,1,1,A
4,25748,True,A,B,6,1,B
4,25749,True,B,A,4,1,A
4,25750,True,B,A,1,1,A
4,25751,True,A,B,4,1,B
4,25752,False,,,,,
4,25753,True,A,B,10,1,B
4,25754,True,A,B,2,0,B
4,25755,True,A,B,4,1,B
4,25756,True,B,A,2,1,B
4,25757,False,,,,,
4,25758,True,B,A,0,1,A
4,25759,True,A,B,10,1,B
4,25760,True,B,A,4,1,B
4,25761,True,B,A,10,1,B
4,25762,True,A,B,1,1,A
4,25763,True,A,B,3,1,B
4,25764,True,A,B,2,0,B
4,25765,True,A,B,2,0,B
4,25766,True,B,A,4,1,B
4,25767,True,B,A,0,1,A
4,25768,True,B,A,3,1,B
4,25769,True,B,A,1,1,A
4,25770,True,A,B,0,1,A
4,25771,True,B,A,2,1,B
4,25772,True,B,A,4,1,B
4,25773,True,B,A,10,1,B
4,25774,True,A,B,0,1,A
4,25775,True,B,A,6,1,B
4,25776,True,B,A,0,1,A
4,25777,True,B,A,1,2,A
4,25778,True,A,B,1,1,A
4,25779,True,B,A,2,1,B
4,25780,True,B,A,3,1,B
4,25781,True,A,B,2,1,A
4,25782,True,B,A,10,1,B
4,25783,True,A,B,1,1,A
4,25784,True,B,A,0,1,A
4,25785,True,A,B,10,1,B
4,25786,True,A,B,1,2,A
4,25787,True,B,A,6,1,B
4,25788,True,B,A,3,1,B
4,25789,True,B,A,4,1,B
4,25790,True,A,B,6,1,B
4,25791,True,B,A,2,1,A
4,25792,True,A,B,4,1,A
4,25793,True,A,B,4,1,B
4,25794,True,A,B,10,1,B
4,25795,True,A,B,10,1,B
4,25796,True,A,B,2,1,A
4,25797,True,A,B,1,1,A
4,25798,True,B,A,2,1,A
4,25799,True,A,B,2,1,A
4,25800,True,A,B,6,1,B
4,25801,True,A,B,4,1,B
4,25802,False,,,,,
4,25803,True,B,A,1,1,B
4,25804,True,B,A,10,1,B
4,25805,False,,,,,
4,25806,True,B,A,2,0,B
4,25807,True,B,A,2,1,B
4,25808,True,B,A,0,1,A
4,25809,True,A,B,6,1,B
4,25810,True,B,A,2,1,A
4,25811,True,B,A,1,2,A
4,25812,True,A,B,2,1,B
4,25813,True,B,A,4,1,B
4,25814,True,A,B,2,1,A
4,25815,True,A,B,10,1,B
4,25816,True,B,A,3,1,B
4,25817,True,A,B,10,1,B
4,25818,True,A,B,6,1,B
4,25819,True,A,B,2,1,A
4,25820,True,B,A,4,1,B
4,25821,True,A,B,4,1,B
4,25822,True,A,B,6,1,B
4,25823,True,A,B,1,1,B
4,25824,True,A,B,4,1,B
4,25825,True,B,A,3,1,B
4,25826,True,B,A,4,1,B
4,25827,True,A,B,2,0,B
4,25828,True,B,A,6,1,B
4,25829,True,A,B,1,1,B
4,25830,True,A,B,10,1,B
4,25831,True,A,B,0,1,A
4,25832,True,A,B,10,1,B
4,25833,True,B,A,3,1,B
4,25834,True,B,A,1,2,A
4,25835,True,A,B,6,1,B
4,25836,True,A,B,3,1,A
4,25837,True,A,B,10,1,B
4,25838,True,A,B,4,1,B
4,25839,True,B,A,10,1,B
4,25840,True,B,A,2,0,B
4,25841,True,B,A,0,1,A
4,25842,True,B,A,10,1,B
4,25843,True,A,B,2,0,B
4,25844,True,A,B,3,1,B
4,25845,True,B,A,1,1,A
4,25846,True,B,A,4,1,B
4,25847,True,B,A,2,1,B
4,25848,True,B,A,3,1,B
4,25849,True,A,B,10,1,B
4,25850,True,B,A,1,2,B
4,25851,False,,,,,
4,25852,True,A,B,0,1,A
4,25853,True,A,B,4,1,B
4,25854,True,A,B,3,1,B
4,25855,True,B,A,0,1,A
4,25856,True,B,A,4,1,B
4,25857,True,A,B,1,1,A
4,25858,True,A,B,1,1,A
4,25859,False,,,,,
4,25860,True,B,A,6,1,B
4,25861,True,B,A,10,1,B
4,25862,True,B,A,2,0,B
4,25863,True,A,B,1,2,A
4,25864,True,B,A,1,1,A
4,25865,True,A,B,3,1,B
4,25866,True,B,A,6,1,B
4,25867,True,A,B,10,1,B
4,25868,True,B,A,2,1,B
4,25869,True,A,B,1,2,A
4,25870,True,A,B,3,1,B
4,25871,True,B,A,6,1,B
4,25872,True,B,A,2,0,B
4,25873,True,A,B,3,1,B
4,25874,True,A,B,3,1,B
4,25875,True,B,A,2,0,B
4,25876,True,A,B,2,0,B
4,25877,True,A,B,3,1,B
4,25878,True,A,B,2,1,A
4,25879,True,B,A,4,1,B
4,25880,True,A,B,3,1,B
4,25881,True,A,B,1,1,B
4,25882,True,A,B,6,1,B
4,25883,True,A,B,3,1,B
4,25884,True,B,A,2,0,B
4,25885,True,A,B,4,1,B
4,25886,True,B,A,1,1,A
4,25887,True,B,A,1,2,A
4,25888,True,B,A,6,1,B
4,25889,True,A,B,2,1,B
4,25890,True,B,A,4,1,B
4,25891,True,A,B,2,0,B
4,25892,True,A,B,1,1,B
4,25893,True,A,B,1,1,A
4,25894,True,B,A,1,2,A
4,25895,True,A,B,1,2,A
4,25896,True,B,A,1,2,A
4,25897,True,A,B,2,1,A
4,25898,True,A,B,0,1,A
4,25899,True,B,A,1,1,A
4,25900,True,A,B,1,2,A
4,25901,True,A,B,4,1,B
4,25902,True,B,A,10,1,B
4,25903,False,,,,,
4,25904,True,B,A,1,2,A
4,25905,True,A,B,0,1,A
4,25906,True,B,A,4,1,B
4,25907,True,A,B,0,1,A
4,25908,True,A,B,1,2,A
4,25909,True,A,B,2,0,B
4,25910,True,B,A,4,1,B
4,25911,True,B,A,2,1,A
4,25912,True,B,A,0,1,A
4,25913,True,B,A,6,1,B
4,25914,True,B,A,3,1,B
4,25915,True,B,A,3,1,B
4,25916,True,B,A,6,1,B
4,25917,True,B,A,10,1,B
4,25918,True,B,A,4,1,B
4,25919,True,B,A,0,1,A
4,25920,True,B,A,4,1,B
4,25921,True,B,A,4,1,B
4,25922,True,B,A,0,1,A
4,25923,True,B,A,2,1,B
4,25924,True,B,A,10,1,B
4,25925,True,A,B,4,1,B
4,25926,True,B,A,2,0,B
4,25927,True,B,A,4,1,B
4,25928,True,B,A,2,1,B
4,25929,True,A,B,1,2,A
4,25930,True,B,A,2,1,B
4,25931,True,A,B,10,1,B
4,25932,True,A,B,6,1,B
4,25933,True,A,B,6,1,B
4,25934,True,B,A,4,1,B
4,25935,True,A,B,6,1,B
4,25936,True,A,B,3,1,B
4,25937,True,B,A,0,1,A
4,25938,True,B,A,0,1,A
4,25939,True,B,A,1,2,A
4,25940,False,,,,,
4,25941,True,B,A,2,0,B
4,25942,True,A,B,4,1,B
4,25943,True,B,A,2,1,B
4,25944,True,B,A,2,1,B
4,25945,True,A,B,1,2,A
4,25946,True,A,B,10,1,B
4,25947,True,A,B,2,0,B
4,25948,True,A,B,2,1,B
4,25949,True,A,B,4,1,B
4,25950,True,A,B,0,1,A
4,25951,True,B,A,1,2,A
4,25952,True,A,B,1,1,A
4,25953,True,B,A,0,1,A
4,25954,True,A,B,2,1,B
4,25955,True,A,B,1,2,A
4,25956,True,B,A,3,1,B
4,25957,True,A,B,0,1,A
4,25958,True,A,B,0,1,A
4,25959,True,B,A,4,1,B
4,25960,True,B,A,2,1,B
4,25961,True,A,B,0,1,A
4,25962,True,B,A,0,1,A
4,25963,True,A,B,4,1,B
4,25964,True,A,B,1,1,A
4,25965,True,A,B,10,1,B
4,25966,True,B,A,1,1,A
4,25967,True,B,A,1,1,B
4,25968,True,A,B,2,0,B
4,25969,True,A,B,1,2,A
4,25970,True,B,A,2,0,B
4,25971,True,A,B,10,1,B
4,25972,True,A,B,4,1,B
4,25973,True,A,B,1,1,A
4,25974,True,B,A,1,2,B
4,25975,True,A,B,1,2,A
4,25976,True,A,B,6,1,B
4,25977,True,A,B,10,1,B
4,25978,True,A,B,3,1,A
4,25979,True,B,A,0,1,A
4,25980,True,A,B,0,1,A
4,25981,True,B,A,2,1,B
4,25982,True,A,B,1,2,A
4,25983,True,A,B,2,0,B
4,25984,True,A,B,2,0,B
4,25985,True,A,B,0,1,A
4,25986,True,B,A,3,1,B
4,25987,True,A,B,10,1,B
4,25988,True,B,A,6,1,B
4,25989,True,A,B,1,1,A
4,25990,True,A,B,6,1,B
4,25991,True,A,B,6,1,B
4,25992,True,A,B,10,1,B
4,25993,True,A,B,1,2,A
4,25994,True,B,A,4,1,B
4,25995,True,A,B,4,1,B
4,25996,True,A,B,1,2,A
4,25997,True,B,A,4,1,B
4,25998,True,A,B,2,1,B
4,25999,True,A,B,1,2,A
4,26000,True,B,A,1,1,A
4,26001,True,B,A,3,1,B
4,26002,False,,,,,
4,26003,True,B,A,10,1,B
4,26004,True,A,B,6,1,B
4,26005,True,A,B,2,0,B
4,26006,True,B,A,2,1,B
4,26007,True,B,A,4,1,B
4,26008,True,B,A,3,1,B
4,26009,True,B,A,4,1,B
4,26010,True,B,A,10,1,B
4,26011,True,A,B,1,2,A
4,26012,True,A,B,3,1,A
4,26013,True,B,A,4,1,B
4,26014,True,A,B,6,1,B
4,26015,True,B,A,2,1,B
4,26016,True,A,B,4,1,B
4,26017,True,A,B,3,1,B
4,26018,True,A,B,0,1,A
4,26019,True,A,B,10,1,B
4,26020,True,B,A,1,2,A
4,26021,True,A,B,2,1,A
4,26022,True,A,B,4,1,B
4,26023,True,B,A,1,2,A
4,26024,True,A,B,2,0,B
4,26025,True,B,A,10,1,B
4,26026,True,B,A,10,1,B
4,26027,True,B,A,1,1,A
4,26028,True,A,B,3,1,B
4,26029,True,A,B,10,1,B
4,26030,True,A,B,1,2,A
4,26031,True,A,B,6,1,B
4,26032,True,A,B,0,1,A
4,26033,True,A,B,2,1,B
4,26034,True,A,B,10,1,B
4,26035,True,B,A,1,1,B
4,26036,True,A,B,1,1,A
4,26037,True,B,A,1,2,A
4,26038,True,A,B,2,0,B
4,26039,True,A,B,4,1,B
4,26040,False,,,,,
4,26041,True,B,A,2,1,A
4,26042,True,A,B,6,1,B
4,26043,True,A,B,4,1,B
4,26044,True,A,B,2,1,A
4,26045,True,B,A,2,1,A
4,26046,True,B,A,10,1,B
4,26047,True,B,A,10,1,B
4,26048,True,A,B,2,1,A
4,26049,True,B,A,1,1,A
4,26050,True,B,A,6,1,B
4,26051,True,A,B,3,1,B
4,26052,True,B,A,4,1,B
4,26053,True,B,A,10,1,B
4,26054,True,A,B,1,1,A
4,26055,True,A,B,1,1,A
4,26056,True,B,A,2,0,B
4,26057,True,A,B,1,2,A
4,26058,True,A,B,10,1,B
4,26059,True,A,B,1,2,A
4,26060,True,B,A,1,1,B
4,26061,True,A,B,0,1,A
4,26062,True,A,B,1,2,A
4,26063,True,A,B,1,2,A
4,26064,True,B,A,10,1,B
4,26065,True,B,A,2,1,B
4,26066,True,B,A,2,1,B
4,26067,True,B,A,4,1,B
4,26068,True,A,B,1,2,A
4,26069,True,B,A,6,1,B
4,26070,True,B,A,2,1,A
4,26071,True,A,B,2,0,B
4,26072,True,B,A,1,1,B
4,26073,True,B,A,1,2,A
4,26074,True,A,B,2,1,A
4,26075,True,A,B,3,1,A
4,26076,True,B,A,2,1,B
4,26077,True,A,B,2,1,B
4,26078,True,B,A,2,0,B
4,26079,True,B,A,4,1,B
4,26080,True,A,B,2,1,A
4,26081,True,B,A,0,1,A
4,26082,True,A,B,2,1,A
4,26083,True,B,A,2,0,B
4,26084,True,A,B,6,1,B
4,26085,True,B,A,4,1,B
4,26086,True,B,A,10,1,B
4,26087,True,A,B,3,1,B
4,26088,False,,,,,
4,26089,True,A,B,4,1,B
4,26090,True,B,A,10,1,B
4,26091,True,B,A,0,1,A
4,26092,True,A,B,6,1,B
4,26093,True,A,B,6,1,B
4,26094,True,B,A,4,1,B
4,26095,True,A,B,4,1,B
4,26096,True,A,B,1,1,A
4,26097,True,B,A,2,0,B
4,26098,True,B,A,10,1,B
4,26099,True,B,A,6,1,B
4,26100,True,B,A,3,1,A
4,26101,True,A,B,2,1,A
4,26102,True,A,B,10,1,B
4,26103,True,B,A,4,1,B
4,26104,True,B,A,4,1,B
4,26105,True,A,B,2,1,B
4,26106,True,A,B,2,0,B
4,26107,True,B,A,6,1,B
4,26108,True,B,A,2,1,A
4,26109,True,B,A,3,1,B
4,26110,True,A,B,1,1,A
4,26111,True,A,B,3,1,A
4,26112,True,B,A,0,1,A
4,26113,True,A,B,10,1,B
4,26114,True,A,B,3,1,B
4,26115,True,A,B,6,1,B
4,26116,True,A,B,0,1,A
4,26117,True,A,B,3,1,B
4,26118,True,A,B,10,1,B
4,26119,True,A,B,1,2,A
4,26120,True,A,B,6,1,B
4,26121,True,A,B,1,2,A
4,26122,True,A,B,2,1,A
4,26123,True,A,B,2,0,B
4,26124,True,B,A,1,2,A
4,26125,True,A,B,3,1,B
4,26126,True,A,B,6,1,B
4,26127,True,A,B,3,1,B
4,26128,True,B,A,2,0,B
4,26129,True,A,B,1,1,A
4,26130,True,A,B,10,1,B
4,26131,True,B,A,6,1,B
4,26132,True,A,B,1,1,A
4,26133,True,A,B,10,1,B
4,26134,True,B,A,2,1,B
4,26135,True,A,B,1,1,A
4,26136,True,B,A,2,0,B
4,26137,True,A,B,2,0,B
4,26138,True,B,A,10,1,B
4,26139,True,B,A,2,1,B
4,26140,True,B,A,1,2,B
4,26141,True,B,A,2,0,B
4,26142,True,B,A,4,1,B
4,26143,True,B,A,0,1,A
4,26144,False,,,,,
4,26145,True,B,A,6,1,B
4,26146,False,,,,,
4,26147,True,A,B,6,1,B
4,26148,True,B,A,10,1,B
4,26149,True,A,B,6,1,B
4,26150,True,B,A,1,2,A
4,26151,True,A,B,3,1,B
4,26152,True,A,B,0,1,A
4,26153,True,B,A,2,0,B
4,26154,True,B,A,4,1,B
4,26155,True,A,B,6,1,B
4,26156,True,B,A,1,2,A
4,26157,True,A,B,0,1,A
4,26158,True,B,A,4,1,B
4,26159,True,B,A,1,2,A
4,26160,True,B,A,1,2,A
4,26161,True,B,A,0,1,A
4,26162,True,A,B,2,0,B
4,26163,True,B,A,3,1,B
4,26164,True,A,B,0,1,A
4,26165,True,B,A,10,1,B
4,26166,True,B,A,1,2,A
4,26167,True,A,B,10,1,B
4,26168,True,B,A,10,1,B
4,26169,True,B,A,4,1,B
4,26170,True,B,A,6,1,B
4,26171,True,A,B,0,1,A
4,26172,True,A,B,3,1,B
4,26173,True,A,B,1,1,A
4,26174,True,B,A,3,1,A
4,26175,True,B,A,4,1,A
4,26176,True,A,B,4,1,B
4,26177,True,B,A,10,1,B
4,26178,True,B,A,0,1,A
4,26179,True,B,A,1,2,A
4,26180,True,B,A,4,1,A
4,26181,True,A,B,1,2,A
4,26182,True,B,A,3,1,B
4,26183,True,A,B,3,1,B
4,26184,True,A,B,0,1,A
4,26185,True,A,B,1,1,A
4,26186,True,B,A,1,1,A
4,26187,True,B,A,2,0,B
4,26188,True,A,B,6,1,B
4,26189,True,B,A,3,1,B
4,26190,True,A,B,3,1,B
4,26191,True,A,B,4,1,B
4,26192,True,A,B,2,0,B
4,26193,True,A,B,3,1,B
4,26194,True,B,A,2,1,A
4,26195,True,B,A,3,1,B
4,26196,True,A,B,1,1,A
4,26197,True,B,A,1,2,A
4,26198,True,A,B,1,1,A
4,26199,True,A,B,10,1,B
4,26200,True,B,A,6,1,B
4,26201,True,A,B,0,1,A
4,26202,True,A,B,4,1,B
4,26203,True,B,A,1,2,A
4,26204,True,B,A,3,1,B
4,26205,True,A,B,2,1,B
4,26206,True,A,B,10,1,B
4,26207,True,A,B,2,0,B
4,26208,True,A,B,2,1,A
4,26209,True,B,A,3,1,B
4,26210,True,A,B,10,1,B
4,26211,True,B,A,1,1,A
4,26212,True,A,B,6,1,B
4,26213,True,B,A,2,1,B
4,26214,True,B,A,0,1,A
4,26215,True,A,B,3,1,B
4,26216,True,A,B,2,0,B
4,26217,True,B,A,0,1,A
4,26218,True,B,A,2,0,B
4,26219,True,B,A,6,1,B
4,26220,True,A,B,3,1,A
4,26221,True,A,B,1,2,A
4,26222,True,A,B,3,1,A
4,26223,True,B,A,3,1,A
4,26224,True,A,B,2,1,A
4,26225,True,A,B,2,1,A
4,26226,True,A,B,6,1,B
4,26227,True,B,A,1,1,A
4,26228,True,A,B,6,1,B
4,26229,True,B,A,1,1,A
4,26230,True,A,B,3,1,A
4,26231,True,A,B,6,1,B
4,26232,True,A,B,0,1,A
4,26233,True,A,B,1,1,A
4,26234,True,B,A,6,1,B
4,26235,True,A,B,1,2,A
4,26236,True,A,B,1,2,A
4,26237,True,B,A,6,1,B
4,26238,True,B,A,4,1,B
4,26239,True,B,A,1,1,B
4,26240,True,B,A,4,1,B
4,26241,True,B,A,10,1,B
4,26242,True,A,B,0,1,A
4,26243,True,A,B,2,1,A
4,26244,True,A,B,2,1,A
4,26245,True,B,A,6,1,B
4,26246,True,B,A,4,1,B
4,26247,True,A,B,1,2,A
4,26248,True,A,B,3,1,B
4,26249,True,B,A,4,1,B
4,26250,True,A,B,3,1,B
4,26251,True,B,A,6,1,B
4,26252,True,B,A,6,1,B
4,26253,False,,,,,
4,26254,True,B,A,2,1,A
4,26255,True,B,A,6,1,B
4,26256,False,,,,,
4,26257,True,A,B,0,1,A
4,26258,True,A,B,10,1,B
4,26259,True,B,A,6,1,B
4,26260,True,B,A,4,1,B
4,26261,True,B,A,1,1,B
4,26262,True,A,B,10,1,B
4,26263,True,B,A,3,1,A
4,26264,True,A,B,4,1,B
4,26265,True,B,A,0,1,A
4,26266,True,A,B,6,1,B
4,26267,True,A,B,1,1,B
4,26268,True,A,B,3,1,B
4,26269,True,A,B,1,2,A
4,26270,True,B,A,10,1,B
4,26271,True,A,B,4,1,A
4,26272,True,B,A,3,1,B
4,26273,True,A,B,6,1,B
4,26274,True,A,B,3,1,B
4,26275,True,A,B,4,1,B
4,26276,True,A,B,1,1,A
4,26277,True,B,A,2,0,B
4,26278,True,A,B,3,1,B
4,26279,True,B,A,2,1,B
4,26280,True,B,A,2,1,A
4,26281,True,B,A,1,2,A
4,26282,True,A,B,2,1,A
4,26283,True,B,A,10,1,B
4,26284,True,A,B,1,1,A
4,26285,True,A,B,2,1,A
4,26286,True,B,A,2,1,B
4,26287,True,B,A,2,1,A
4,26288,True,A,B,10,1,B
4,26289,True,B,A,10,1,B
4,26290,True,B,A,4,1,B
4,26291,True,B,A,10,1,B
4,26292,True,A,B,0,1,A
4,26293,True,B,A,1,1,A
4,26294,True,A,B,10,1,B
4,26295,False,,,,,
4,26296,True,B,A,6,1,B
4,26297,True,B,A,2,1,B
4,26298,True,A,B,1,2,A
4,26299,True,B,A,1,1,A
4,26300,True,B,A,10,1,B
4,26301,True,A,B,1,1,B
4,26302,True,B,A,4,1,B
4,26303,True,B,A,10,1,B
4,26304,True,A,B,2,1,B
4,26305,True,A,B,4,1,B
4,26306,True,B,A,2,0,B
4,26307,True,A,B,1,2,A
4,26308,True,A,B,6,1,B
4,26309,True,B,A,1,1,A
4,26310,True,B,A,0,1,A
4,26311,True,A,B,2,1,B
4,26312,True,B,A,1,1,A
4,26313,True,B,A,4,1,B
4,26314,True,B,A,1,2,A
4,26315,True,A,B,0,1,A
4,26316,True,B,A,6,1,B
4,26317,True,A,B,4,1,B
4,26318,True,A,B,10,1,B
4,26319,True,A,B,4,1,B
4,26320,True,B,A,2,0,B
4,26321,True,A,B,0,1,A
4,26322,True,A,B,1,1,B
4,26323,False,,,,,
4,26324,True,B,A,4,1,B
4,26325,True,B,A,3,1,A
4,26326,True,B,A,0,1,A
4,26327,True,A,B,6,1,B
4,26328,True,B,A,2,0,B
4,26329,True,B,A,2,0,B
4,26330,True,B,A,6,1,B
4,26331,True,A,B,6,1,B
4,26332,True,B,A,4,1,B
4,26333,True,A,B,3,1,B
4,26334,True,A,B,0,1,A
4,26335,True,B,A,1,2,A
4,26336,True,A,B,3,1,B
4,26337,True,B,A,4,1,B
4,26338,True,A,B,3,1,B
4,26339,True,A,B,0,1,A
4,26340,True,A,B,3,1,B
4,26341,True,A,B,1,1,B
4,26342,True,A,B,2,1,B
4,26343,True,B,A,2,1,A
4,26344,True,B,A,6,1,B
4,26345,True,A,B,6,1,B
4,26346,True,A,B,1,1,A
4,26347,True,A,B,6,1,B
4,26348,True,A,B,4,1,B
4,26349,True,B,A,1,1,A
4,26350,True,A,B,3,1,B
4,26351,True,A,B,10,1,B
4,26352,True,A,B,10,1,B
4,26353,True,B,A,10,1,B
4,26354,True,B,A,2,1,A
4,26355,True,B,A,6,1,B
4,26356,True,B,A,6,1,B
4,26357,True,B,A,4,1,B
4,26358,True,B,A,6,1,B
4,26359,True,B,A,4,1,B
4,26360,True,B,A,1,1,A
4,26361,True,B,A,1,1,A
4,26362,True,A,B,6,1,B
4,26363,True,B,A,6,1,B
4,26364,True,A,B,6,1,B
4,26365,True,B,A,1,2,A
4,26366,True,B,A,6,1,B
4,26367,True,A,B,0,1,A
4,26368,True,A,B,1,2,A
4,26369,True,B,A,10,1,B
4,26370,True,B,A,2,0,B
4,26371,True,B,A,2,1,A
4,26372,True,A,B,6,1,B
4,26373,True,B,A,1,1,A
4,26374,True,B,A,2,0,B
4,26375,True,A,B,2,0,B
4,26376,True,B,A,3,1,A
4,26377,True,B,A,1,2,A
4,26378,True,A,B,2,1,A
4,26379,True,B,A,1,1,A
4,26380,True,A,B,1,2,B
4,26381,True,B,A,3,1,B
4,26382,True,B,A,0,1,A
4,26383,True,A,B,3,1,B
4,26384,False,,,,,
4,26385,True,A,B,2,1,B
4,26386,True,A,B,10,1,B
4,26387,True,B,A,1,2,A
4,26388,True,B,A,2,1,B
4,26389,True,B,A,2,1,A
4,26390,True,A,B,0,1,A
4,26391,True,B,A,6,1,B
4,26392,True,B,A,6,1,B
4,26393,True,B,A,2,1,B
4,26394,True,A,B,4,1,B
4,26395,True,A,B,2,1,A
4,26396,True,A,B,1,1,B
4,26397,True,B,A,1,2,A
4,26398,True,B,A,0,1,A
4,26399,True,A,B,4,1,B
4,26400,True,B,A,4,1,B
4,26401,True,A,B,2,0,B
4,26402,True,A,B,2,1,A
4,26403,True,B,A,4,1,A
4,26404,True,B,A,3,1,B
4,26405,True,B,A,3,1,A
4,26406,True,B,A,10,1,B
4,26407,True,A,B,4,1,B
4,26408,True,B,A,1,1,A
4,26409,True,B,A,1,1,A
4,26410,True,A,B,3,1,A
4,26411,True,A,B,1,1,A
4,26412,True,B,A,3,1,B
4,26413,True,A,B,6,1,B
4,26414,True,B,A,1,1,A
4,26415,True,B,A,0,1,A
4,26416,True,A,B,3,1,B
4,26417,True,A,B,3,1,B
4,26418,True,B,A,2,0,B
4,26419,True,B,A,1,2,A
4,26420,True,A,B,2,1,B
4,26421,True,B,A,1,2,A
4,26422,True,A,B,6,1,B
4,26423,True,B,A,4,1,B
4,26424,True,A,B,3,1,B
4,26425,True,B,A,1,1,A
4,26426,True,B,A,4,1,B
4,26427,True,B,A,10,1,B
4,26428,True,B,A,2,1,B
4,26429,True,B,A,6,1,B
4,26430,True,B,A,2,0,B
4,26431,True,A,B,4,1,A
4,26432,True,B,A,1,2,A
4,26433,True,B,A,3,1,B
4,26434,True,B,A,0,1,A
4,26435,True,A,B,4,1,B
4,26436,True,A,B,6,1,B
4,26437,True,B,A,10,1,B
4,26438,True,B,A,6,1,B
4,26439,True,B,A,4,1,B
4,26440,True,B,A,0,1,A
4,26441,True,B,A,2,1,B
4,26442,True,B,A,1,1,A
4,26443,True,A,B,3,1,B
4,26444,True,B,A,0,1,A
4,26445,True,A,B,2,1,B
4,26446,True,A,B,3,1,B
4,26447,True,A,B,6,1,B
4,26448,True,A,B,0,1,A
4,26449,True,A,B,1,1,B
4,26450,True,A,B,0,1,A
4,26451,True,B,A,10,1,B
4,26452,True,A,B,10,1,B
4,26453,False,,,,,
4,26454,True,A,B,0,1,A
4,26455,True,B,A,3,1,B
4,26456,False,,,,,
4,26457,True,B,A,1,1,A
4,26458,True,A,B,4,1,B
4,26459,True,B,A,1,1,A
4,26460,True,A,B,2,0,B
4,26461,True,B,A,0,1,A
4,26462,True,B,A,1,1,A
4,26463,True,B,A,2,0,B
4,26464,True,B,A,1,1,B
4,26465,True,A,B,10,1,B
4,26466,False,,,,,
4,26467,True,A,B,10,1,B
4,26468,True,A,B,3,1,B
4,26469,True,B,A,2,1,A
4,26470,True,A,B,2,1,A
4,26471,True,B,A,1,2,B
4,26472,True,A,B,4,1,B
4,26473,True,B,A,2,1,A
4,26474,True,B,A,6,1,B
4,26475,False,,,,,
4,26476,True,A,B,0,1,A
4,26477,True,A,B,2,1,B
4,26478,True,B,A,3,1,B
4,26479,True,A,B,4,1,B
4,26480,True,A,B,1,2,B
4,26481,True,A,B,4,1,B
4,26482,True,B,A,3,1,B
4,26483,True,B,A,0,1,A
4,26484,True,B,A,1,1,A
4,26485,True,B,A,1,2,A
4,26486,True,B,A,4,1,A
4,26487,True,A,B,1,1,A
4,26488,True,B,A,0,1,A
4,26489,True,B,A,1,1,A
4,26490,True,B,A,2,1,A
4,26491,True,A,B,2,0,B
4,26492,True,B,A,6,1,B
4,26493,True,B,A,0,1,A
4,26494,True,B,A,1,1,A
4,26495,True,B,A,1,2,A
4,26496,True,B,A,1,2,A
4,26497,True,A,B,2,1,B
4,26498,True,A,B,2,1,B
4,26499,False,,,,,
4,26500,True,A,B,1,2,A
4,26501,True,A,B,6,1,B
4,26502,True,B,A,0,1,A
4,26503,True,A,B,10,1,B
4,26504,True,B,A,3,1,B
4,26505,True,A,B,2,1,A
4,26506,True,A,B,4,1,B
4,26507,True,A,B,2,1,A
4,26508,True,A,B,0,1,A
4,26509,True,A,B,3,1,B
4,26510,True,B,A,4,1,B
4,26511,True,A,B,2,1,B
4,26512,True,A,B,6,1,B
4,26513,True,A,B,3,1,A
4,26514,True,B,A,0,1,A
4,26515,True,A,B,3,1,A
4,26516,True,A,B,10,1,B
4,26517,True,A,B,1,1,A
4,26518,True,A,B,2,1,B
4,26519,True,B,A,6,1,B
4,26520,True,B,A,2,1,A
4,26521,True,B,A,6,1,B
4,26522,True,B,A,6,1,B
4,26523,True,B,A,1,1,A
4,26524,True,A,B,2,1,B
4,26525,True,B,A,2,1,B
4,26526,True,A,B,3,1,B
4,26527,True,B,A,1,2,A
4,26528,True,B,A,10,1,B
4,26529,True,B,A,4,1,B
4,26530,True,A,B,4,1,B
4,26531,True,A,B,0,1,A
4,26532,True,B,A,10,1,B
4,26533,True,A,B,0,1,A
4,26534,True,B,A,2,1,B
4,26535,True,A,B,10,1,B
4,26536,True,B,A,2,0,B
4,26537,True,B,A,1,2,A
4,26538,True,B,A,1,2,A
4,26539,True,A,B,1,1,A
4,26540,True,B,A,1,1,A
4,26541,True,A,B,6,1,B
4,26542,True,A,B,0,1,A
4,26543,True,B,A,4,1,B
4,26544,True,A,B,1,1,A
4,26545,True,A,B,4,1,B
4,26546,True,A,B,1,2,A
4,26547,True,A,B,1,1,A
4,26548,True,A,B,0,1,A
4,26549,True,A,B,1,1,A
4,26550,True,B,A,1,1,A
4,26551,True,A,B,6,1,B
4,26552,True,B,A,3,1,B
4,26553,True,B,A,2,1,B
4,26554,True,A,B,1,2,A
4,26555,True,B,A,10,1,B
4,26556,True,A,B,2,1,A
4,26557,True,A,B,4,1,A
4,26558,True,B,A,1,1,A
4,26559,True,B,A,2,0,B
4,26560,True,B,A,6,1,B
4,26561,True,B,A,2,1,A
4,26562,True,B,A,1,2,A
4,26563,True,B,A,4,1,B
4,26564,True,A,B,4,1,B
4,26565,True,B,A,2,0,B
4,26566,True,A,B,0,1,A
4,26567,True,B,A,6,1,B
4,26568,True,A,B,3,1,B
4,26569,True,B,A,4,1,B
4,26570,True,A,B,4,1,A
4,26571,True,A,B,1,2,A
4,26572,True,B,A,10,1,B
4,26573,True,A,B,0,1,A
4,26574,True,A,B,4,1,B
4,26575,True,B,A,2,0,B
4,26576,True,B,A,0,1,A
4,26577,True,A,B,6,1,B
4,26578,True,A,B,3,1,A
4,26579,True,A,B,3,1,A
4,26580,True,B,A,1,2,A
4,26581,True,A,B,1,2,A
4,26582,True,B,A,6,1,B
4,26583,True,B,A,2,1,B
4,26584,True,B,A,1,1,A
4,26585,True,B,A,10,1,B
4,26586,True,B,A,6,1,B
4,26587,True,A,B,10,1,B
4,26588,True,A,B,4,1,B
4,26589,True,A,B,6,1,B
4,26590,True,B,A,0,1,A
4,26591,True,A,B,2,0,B
4,26592,True,A,B,4,1,B
4,26593,True,A,B,1,1,B
4,26594,False,,,,,
4,26595,False,,,,,
4,26596,True,A,B,1,1,B
4,26597,True,B,A,1,1,A
4,26598,True,B,A,0,1,A
4,26599,True,A,B,6,1,B
4,26600,True,A,B,10,1,B
4,26601,True,B,A,1,1,A
4,26602,True,B,A,3,1,B
4,26603,True,A,B,10,1,B
4,26604,True,A,B,10,1,B
4,26605,True,B,A,3,1,B
4,26606,True,B,A,0,1,A
4,26607,True,A,B,1,1,A
4,26608,True,B,A,0,1,A
4,26609,True,B,A,10,1,B
4,26610,True,B,A,1,1,A
4,26611,True,A,B,2,1,B
4,26612,True,A,B,2,0,B
4,26613,True,B,A,10,1,B
4,26614,True,A,B,1,2,B
4,26615,True,B,A,2,0,B
4,26616,True,B,A,2,0,B
4,26617,True,A,B,10,1,B
4,26618,True,A,B,1,2,B
4,26619,True,B,A,4,1,B
4,26620,True,B,A,10,1,B
4,26621,True,B,A,2,0,B
4,26622,True,A,B,3,1,A
4,26623,True,A,B,3,1,B
4,26624,True,B,A,6,1,B
4,26625,True,B,A,2,0,B
4,26626,True,A,B,4,1,B
4,26627,True,A,B,10,1,B
4,26628,True,A,B,4,1,B
4,26629,True,B,A,3,1,B
4,26630,True,B,A,10,1,B
4,26631,True,A,B,4,1,B
4,26632,True,B,A,6,1,B
4,26633,True,A,B,6,1,B
4,26634,True,B,A,2,0,B
4,26635,True,B,A,4,1,B
4,26636,True,A,B,1,2,A
4,26637,True,A,B,0,1,A
4,26638,True,B,A,1,2,B
4,26639,True,B,A,10,1,B
4,26640,True,B,A,4,1,B
4,26641,True,B,A,0,1,A
4,26642,True,B,A,0,1,A
4,26643,True,A,B,4,1,B
4,26644,True,B,A,10,1,B
4,26645,True,A,B,1,2,A
4,26646,True,A,B,1,2,A
4,26647,True,A,B,10,1,B
4,26648,True,A,B,3,1,B
4,26649,True,B,A,4,1,B
4,26650,True,B,A,6,1,B
4,26651,True,B,A,1,1,A
4,26652,True,B,A,0,1,A
4,26653,True,A,B,4,1,B
4,26654,True,B,A,1,1,A
4,26655,False,,,,,
4,26656,True,A,B,1,1,A
4,26657,True,B,A,10,1,B
4,26658,True,A,B,2,0,B
4,26659,True,A,B,6,1,B
4,26660,True,B,A,1,1,B
4,26661,True,A,B,0,1,A
4,26662,True,B,A,1,2,A
4,26663,True,B,A,10,1,B
4,26664,True,A,B,4,1,B
4,26665,True,A,B,2,1,A
4,26666,True,B,A,1,1,A
4,26667,True,B,A,6,1,B
4,26668,True,A,B,2,1,B
4,26669,True,B,A,0,1,A
4,26670,True,B,A,2,1,A
4,26671,True,B,A,2,1,B
4,26672,True,A,B,1,2,A
4,26673,True,B,A,1,2,A
4,26674,True,B,A,6,1,B
4,26675,True,A,B,2,1,B
4,26676,True,A,B,4,1,B
4,26677,True,A,B,2,0,B
4,26678,True,B,A,6,1,B
4,26679,True,A,B,4,1,B
4,26680,True,A,B,2,1,A
4,26681,True,A,B,3,1,B
4,26682,True,A,B,4,1,B
4,26683,True,B,A,4,1,B
4,26684,True,B,A,0,1,A
4,26685,True,A,B,6,1,B
4,26686,True,A,B,1,1,A
4,26687,True,A,B,4,1,B
4,26688,True,A,B,10,1,B
4,26689,True,A,B,2,1,B
4,26690,True,B,A,1,2,A
4,26691,True,B,A,6,1,B
4,26692,True,B,A,4,1,B
4,26693,True,B,A,10,1,B
4,26694,True,A,B,6,1,B
4,26695,True,B,A,4,1,B
4,26696,True,A,B,6,1,B
4,26697,True,B,A,10,1,B
4,26698,True,A,B,2,1,A
4,26699,True,A,B,2,1,B
4,26700,True,A,B,2,0,B
4,26701,True,B,A,0,1,A
4,26702,True,A,B,10,1,B
4,26703,True,B,A,4,1,B
4,26704,True,B,A,4,1,B
4,26705,True,B,A,3,1,B
4,26706,True,A,B,1,2,A
4,26707,True,B,A,6,1,B
4,26708,True,A,B,0,1,A
4,26709,True,A,B,10,1,B
4,26710,True,A,B,2,1,B
4,26711,True,A,B,2,0,B
4,26712,True,A,B,4,1,B
4,26713,True,A,B,2,0,B
4,26714,True,B,A,1,2,A
4,26715,True,B,A,2,1,B
4,26716,True,B,A,10,1,B
4,26717,False,,,,,
4,26718,True,A,B,4,1,B
4,26719,True,A,B,4,1,B
4,26720,True,A,B,1,1,A
4,26721,True,A,B,0,1,A
4,26722,True,B,A,4,1,B
4,26723,True,A,B,10,1,B
4,26724,True,A,B,10,1,B
4,26725,True,A,B,10,1,B
4,26726,True,B,A,4,1,B
4,26727,True,A,B,0,1,A
4,26728,True,A,B,1,1,A
4,26729,True,B,A,3,1,B
4,26730,True,A,B,1,1,A
4,26731,True,A,B,10,1,B
4,26732,True,B,A,3,1,B
4,26733,True,A,B,10,1,B
4,26734,True,B,A,2,1,A
4,26735,False,,,,,
4,26736,True,A,B,6,1,B
4,26737,True,A,B,6,1,B
4,26738,True,B,A,2,1,B
4,26739,True,B,A,6,1,B
4,26740,True,B,A,6,1,B
4,26741,True,B,A,4,1,B
4,26742,True,A,B,1,1,A
4,26743,True,B,A,4,1,B
4,26744,True,A,B,6,1,B
4,26745,True,A,B,1,2,A
4,26746,True,B,A,4,1,B
4,26747,True,B,A,6,1,B
4,26748,True,B,A,1,1,B
4,26749,False,,,,,
4,26750,True,B,A,1,1,A
4,26751,True,A,B,3,1,B
4,26752,False,,,,,
4,26753,True,A,B,2,0,B
4,26754,True,A,B,1,2,A
4,26755,True,B,A,2,1,B
4,26756,True,A,B,2,1,A
4,26757,True,A,B,4,1,B
4,26758,True,B,A,10,1,B
4,26759,True,A,B,3,1,B
4,26760,True,A,B,10,1,B
4,26761,True,B,A,1,2,A
4,26762,True,B,A,10,1,B
4,26763,True,B,A,1,1,B
4,26764,True,B,A,3,1,B
4,26765,True,A,B,2,1,A
4,26766,True,A,B,10,1,B
4,26767,True,A,B,2,1,A
4,26768,True,B,A,4,1,B
4,26769,True,B,A,1,1,A
4,26770,True,A,B,1,2,A
4,26771,True,B,A,1,1,A
4,26772,True,A,B,6,1,B
4,26773,False,,,,,
4,26774,True,A,B,2,0,B
4,26775,True,B,A,10,1,B
4,26776,True,A,B,1,2,A
4,26777,True,A,B,3,1,A
4,26778,True,B,A,4,1,B
4,26779,True,B,A,6,1,B
4,26780,True,A,B,3,1,B
4,26781,True,B,A,4,1,B
4,26782,True,B,A,6,1,B
4,26783,True,A,B,3,1,B
4,26784,True,B,A,0,1,A
4,26785,False,,,,,
4,26786,True,A,B,1,2,A
4,26787,True,A,B,2,1,A
4,26788,True,B,A,2,0,B
4,26789,True,B,A,2,1,A
4,26790,True,A,B,3,1,B
4,26791,True,B,A,2,0,B
4,26792,True,B,A,10,1,B
4,26793,True,B,A,3,1,B
4,26794,True,A,B,10,1,B
4,26795,True,B,A,2,1,A
4,26796,True,B,A,3,1,A
4,26797,True,B,A,6,1,B
4,26798,True,A,B,2,1,A
4,26799,True,B,A,3,1,A
4,26800,True,A,B,1,2,A
4,26801,False,,,,,
4,26802,True,B,A,0,1,A
4,26803,True,B,A,3,1,A
4,26804,True,B,A,6,1,B
4,26805,True,A,B,1,1,A
4,26806,True,A,B,0,1,A
4,26807,True,B,A,2,1,A
4,26808,True,B,A,4,1,B
4,26809,True,B,A,4,1,A
4,26810,True,B,A,10,1,B
4,26811,True,A,B,4,1,B
4,26812,True,A,B,10,1,B
4,26813,True,A,B,0,1,A
4,26814,True,B,A,6,1,B
4,26815,True,A,B,1,2,A
4,26816,True,B,A,1,2,A
4,26817,True,A,B,0,1,A
4,26818,True,B,A,6,1,B
4,26819,True,A,B,1,2,A
4,26820,True,B,A,2,0,B
4,26821,True,A,B,10,1,B
4,26822,True,B,A,2,1,A
4,26823,True,A,B,6,1,B
4,26824,True,B,A,3,1,B
4,26825,True,B,A,3,1,B
4,26826,True,B,A,4,1,B
4,26827,True,A,B,1,1,B
4,26828,True,B,A,1,1,A
4,26829,True,A,B,3,1,B
4,26830,True,A,B,2,1,B
4,26831,True,B,A,1,2,B
4,26832,True,A,B,1,2,A
4,26833,True,A,B,10,1,B
4,26834,True,A,B,1,1,A
4,26835,True,B,A,4,1,B
4,26836,False,,,,,
4,26837,True,A,B,1,1,A
4,26838,True,B,A,1,2,A
4,26839,True,A,B,1,1,A
4,26840,True,B,A,2,1,B
4,26841,True,B,A,4,1,B
4,26842,True,B,A,4,1,B
4,26843,True,B,A,3,1,B
4,26844,True,B,A,10,1,B
4,26845,True,A,B,6,1,B
4,26846,True,A,B,0,1,A
4,26847,True,A,B,4,1,B
4,26848,True,B,A,4,1,B
4,26849,True,A,B,6,1,B
4,26850,True,B,A,10,1,B
4,26851,True,A,B,1,2,A
4,26852,True,B,A,6,1,B
4,26853,True,A,B,2,1,A
4,26854,True,B,A,1,1,A
4,26855,True,B,A,4,1,B
4,26856,True,B,A,1,1,A
4,26857,True,B,A,4,1,B
4,26858,False,,,,,
4,26859,True,B,A,1,2,A
4,26860,True,A,B,0,1,A
4,26861,True,B,A,4,1,B
4,26862,True,A,B,0,1,A
4,26863,True,B,A,4,1,B
4,26864,True,A,B,2,1,B
4,26865,True,B,A,1,2,B
4,26866,True,B,A,2,1,B
4,26867,True,B,A,6,1,B
4,26868,True,A,B,4,1,B
4,26869,True,A,B,0,1,A
4,26870,True,B,A,0,1,A
4,26871,True,B,A,1,1,A
4,26872,True,A,B,6,1,B
4,26873,True,B,A,2,0,B
4,26874,True,B,A,4,1,B
4,26875,True,B,A,0,1,A
4,26876,True,B,A,1,2,A
4,26877,True,B,A,2,1,A
4,26878,True,A,B,1,2,A
4,26879,True,A,B,3,1,B
4,26880,True,A,B,3,1,B
4,26881,True,A,B,3,1,B
4,26882,True,B,A,3,1,B
4,26883,True,B,A,1,1,B
4,26884,True,A,B,2,1,B
4,26885,True,B,A,3,1,B
4,26886,True,B,A,0,1,A
4,26887,True,B,A,10,1,B
4,26888,True,B,A,4,1,B
4,26889,True,A,B,10,1,B
4,26890,False,,,,,
4,26891,True,A,B,2,0,B
4,26892,True,B,A,0,1,A
4,26893,True,B,A,1,2,A
4,26894,True,B,A,1,2,A
4,26895,True,B,A,2,0,B
4,26896,True,A,B,3,1,A
4,26897,True,A,B,10,1,B
4,26898,True,A,B,3,1,A
4,26899,True,B,A,6,1,B
4,26900,True,B,A,3,1,B
4,26901,True,B,A,10,1,B
4,26902,True,B,A,10,1,B
4,26903,True,A,B,2,0,B
4,26904,True,A,B,1,2,A
4,26905,True,A,B,4,1,B
4,26906,True,A,B,6,1,B
4,26907,True,B,A,1,2,A
4,26908,True,A,B,4,1,B
4,26909,True,A,B,2,1,B
4,26910,True,A,B,0,1,A
4,26911,True,A,B,3,1,B
4,26912,True,B,A,3,1,B
4,26913,True,B,A,1,1,A
4,26914,True,A,B,4,1,B
4,26915,True,A,B,1,1,A
4,26916,True,A,B,2,1,B
4,26917,True,A,B,4,1,B
4,26918,True,B,A,2,1,B
4,26919,True,A,B,4,1,A
4,26920,True,A,B,10,1,B
4,26921,True,B,A,3,1,B
4,26922,True,B,A,10,1,B
4,26923,True,A,B,4,1,B
4,26924,True,A,B,4,1,B
4,26925,True,B,A,2,1,B
4,26926,True,A,B,1,1,A
4,26927,True,A,B,0,1,A
4,26928,False,,,,,
4,26929,True,B,A,1,1,A
4,26930,True,A,B,0,1,A
4,26931,False,,,,,
4,26932,True,A,B,0,1,A
4,26933,True,B,A,10,1,B
4,26934,True,A,B,1,2,A
4,26935,True,A,B,3,1,B
4,26936,True,B,A,3,1,B
4,26937,True,A,B,1,2,A
4,26938,False,,,,,
4,26939,True,A,B,2,1,A
4,26940,True,B,A,0,1,A
4,26941,True,B,A,1,2,A
4,26942,True,B,A,6,1,B
4,26943,True,A,B,10,1,B
4,26944,True,B,A,2,0,B
4,26945,True,A,B,3,1,B
4,26946,True,B,A,0,1,A
4,26947,True,A,B,6,1,B
4,26948,True,A,B,1,2,A
4,26949,True,A,B,10,1,B
4,26950,True,A,B,1,1,A
4,26951,True,B,A,2,1,B
4,26952,True,B,A,0,1,A
4,26953,True,B,A,4,1,A
4,26954,True,B,A,1,1,B
4,26955,True,A,B,2,1,B
4,26956,True,B,A,0,1,A
4,26957,True,A,B,2,0,B
4,26958,True,B,A,6,1,B
4,26959,True,A,B,2,0,B
4,26960,True,B,A,6,1,B
4,26961,True,A,B,1,1,A
4,26962,True,B,A,3,1,B
4,26963,True,A,B,6,1,B
4,26964,True,A,B,2,1,B
4,26965,True,B,A,4,1,B
4,26966,True,B,A,4,1,B
4,26967,True,B,A,4,1,B
4,26968,True,B,A,10,1,B
4,26969,True,A,B,1,2,A
4,26970,True,A,B,1,2,A
4,26971,True,A,B,0,1,A
4,26972,True,A,B,2,1,A
4,26973,True,A,B,2,1,A
4,26974,True,A,B,1,1,A
4,26975,True,B,A,10,1,B
4,26976,True,A,B,6,1,B
4,26977,True,A,B,3,1,B
4,26978,True,A,B,3,1,B
4,26979,True,B,A,1,2,A
4,26980,True,A,B,1,2,A
4,26981,True,A,B,1,1,B
4,26982,True,A,B,2,0,B
4,26983,True,A,B,3,1,B
4,26984,True,A,B,2,1,A
4,26985,True,A,B,1,2,A
4,26986,True,A,B,1,2,A
4,26987,True,A,B,2,1,B
4,26988,True,A,B,6,1,B
4,26989,True,A,B,1,2,A
4,26990,True,B,A,6,1,B
4,26991,True,B,A,2,0,B
4,26992,True,B,A,1,1,A
4,26993,True,B,A,2,0,B
4,26994,True,B,A,10,1,B
4,26995,True,B,A,10,1,B
4,26996,True,B,A,4,1,B
4,26997,True,A,B,6,1,B
4,26998,True,B,A,1,1,A
4,26999,True,A,B,1,1,A
4,27000,True,A,B,4,1,B
4,27001,False,,,,,
4,27002,True,A,B,3,1,B
4,27003,True,B,A,10,1,B
4,27004,True,A,B,1,2,A
4,27005,True,A,B,6,1,B
4,27006,True,A,B,2,1,A
4,27007,False,,,,,
4,27008,True,A,B,1,2,A
4,27009,False,,,,,
4,27010,True,A,B,4,1,B
4,27011,True,B,A,1,2,A
4,27012,True,A,B,2,0,B
4,27013,True,A,B,2,1,B
4,27014,True,A,B,6,1,B
4,27015,True,B,A,2,0,B
4,27016,True,A,B,6,1,B
4,27017,True,B,A,2,1,B
4,27018,True,A,B,4,1,B
4,27019,True,B,A,6,1,B
4,27020,True,A,B,1,1,A
4,27021,True,A,B,2,0,B
4,27022,True,B,A,2,1,A
4,27023,True,A,B,0,1,A
4,27024,True,B,A,0,1,A
4,27025,True,B,A,0,1,A
4,27026,True,A,B,4,1,B
4,27027,True,B,A,0,1,A
4,27028,True,B,A,1,1,B
4,27029,True,B,A,2,0,B
4,27030,True,A,B,2,1,B
4,27031,True,B,A,2,0,B
4,27032,True,B,A,6,1,B
4,27033,True,A,B,10,1,B
4,27034,True,B,A,10,1,B
4,27035,True,A,B,1,1,A
4,27036,True,B,A,10,1,B
4,27037,True,A,B,0,1,A
4,27038,True,A,B,1,1,A
4,27039,True,B,A,0,1,A
4,27040,False,,,,,
4,27041,True,B,A,10,1,B
4,27042,True,B,A,1,1,A
4,27043,True,A,B,10,1,B
4,27044,True,A,B,1,2,A
4,27045,True,A,B,0,1,A
4,27046,True,B,A,3,1,B
4,27047,True,B,A,0,1,A
4,27048,True,B,A,1,1,B
4,27049,True,B,A,2,1,B
4,27050,True,B,A,1,2,A
4,27051,True,A,B,2,1,B
4,27052,True,A,B,0,1,A
4,27053,True,B,A,2,1,A
4,27054,True,B,A,1,1,B
4,27055,False,,,,,
4,27056,False,,,,,
4,27057,True,A,B,1,2,A
4,27058,True,B,A,0,1,A
4,27059,True,A,B,2,1,A
4,27060,True,B,A,4,1,B
4,27061,True,B,A,1,1,A
4,27062,True,A,B,3,1,B
4,27063,True,A,B,4,1,B
4,27064,True,B,A,4,1,B
4,27065,True,B,A,0,1,A
4,27066,True,B,A,0,1,A
4,27067,True,A,B,2,1,A
4,27068,True,B,A,2,1,A
4,27069,True,A,B,1,2,A
4,27070,True,B,A,0,1,A
4,27071,True,B,A,1,2,A
4,27072,True,A,B,1,2,A
4,27073,True,B,A,0,1,A
4,27074,True,A,B,6,1,B
4,27075,True,B,A,1,1,A
4,27076,True,A,B,0,1,A
4,27077,True,A,B,3,1,A
4,27078,True,A,B,3,1,B
4,27079,True,B,A,4,1,B
4,27080,True,A,B,2,1,B
4,27081,True,B,A,10,1,B
4,27082,True,B,A,2,1,A
4,27083,True,A,B,3,1,B
4,27084,True,A,B,6,1,B
4,27085,True,A,B,6,1,B
4,27086,True,A,B,1,2,A
4,27087,True,A,B,3,1,B
4,27088,True,B,A,2,0,B
4,27089,True,A,B,1,2,A
4,27090,True,A,B,3,1,A
4,27091,True,B,A,2,0,B
4,27092,True,B,A,1,1,A
4,27093,True,A,B,3,1,B
4,27094,True,A,B,1,2,A
4,27095,True,B,A,1,2,A
4,27096,True,A,B,10,1,B
4,27097,True,A,B,3,1,A
4,27098,True,B,A,1,2,A
4,27099,True,B,A,10,1,B
4,27100,True,A,B,2,1,A
4,27101,True,A,B,1,2,A
4,27102,True,A,B,0,1,A
4,27103,True,B,A,1,2,A
4,27104,False,,,,,
4,27105,True,B,A,2,1,A
4,27106,True,A,B,1,2,A
4,27107,True,B,A,0,1,A
4,27108,True,B,A,2,1,A
4,27109,True,B,A,1,2,A
4,27110,True,B,A,4,1,B
4,27111,True,B,A,1,2,A
4,27112,True,A,B,2,0,B
4,27113,True,B,A,1,1,A
4,27114,True,B,A,2,0,B
4,27115,True,A,B,2,1,B
4,27116,True,A,B,1,2,A
4,27117,True,B,A,4,1,A
4,27118,False,,,,,
4,27119,True,B,A,0,1,A
4,27120,True,B,A,6,1,B
4,27121,False,,,,,
4,27122,True,A,B,3,1,B
4,27123,True,A,B,6,1,B
4,27124,True,B,A,0,1,A
4,27125,True,A,B,2,1,B
4,27126,True,A,B,0,1,A
4,27127,True,A,B,4,1,A
4,27128,True,A,B,0,1,A
4,27129,True,B,A,2,1,A
4,27130,True,B,A,10,1,B
4,27131,True,A,B,10,1,B
4,27132,True,B,A,10,1,B
4,27133,True,B,A,1,1,A
4,27134,True,A,B,1,2,A
4,27135,True,B,A,10,1,B
4,27136,False,,,,,
4,27137,True,B,A,1,2,A
4,27138,True,A,B,0,1,A
4,27139,True,A,B,1,2,A
4,27140,True,A,B,0,1,A
4,27141,True,B,A,2,1,A
4,27142,True,A,B,1,1,A
4,27143,True,A,B,1,2,A
4,27144,True,A,B,1,1,A
4,27145,True,A,B,2,1,A
4,27146,True,A,B,10,1,B
4,27147,True,A,B,2,1,B
4,27148,True,B,A,1,2,A
4,27149,True,A,B,1,2,A
4,27150,True,B,A,1,2,A
4,27151,True,A,B,6,1,B
4,27152,True,A,B,3,1,A
4,27153,True,A,B,2,0,B
4,27154,True,B,A,0,1,A
4,27155,True,B,A,10,1,B
4,27156,True,B,A,3,1,B
4,27157,False,,,,,
4,27158,False,,,,,
4,27159,True,B,A,3,1,B
4,27160,True,A,B,2,0,B
4,27161,True,B,A,3,1,A
4,27162,True,B,A,0,1,A
4,27163,True,A,B,0,1,A
4,27164,True,B,A,3,1,B
4,27165,True,A,B,10,1,B
4,27166,True,B,A,4,1,B
4,27167,True,B,A,3,1,B
4,27168,True,B,A,2,1,B
4,27169,True,A,B,2,1,B
4,27170,True,A,B,2,0,B
4,27171,True,B,A,2,1,B
4,27172,True,B,A,1,2,A
4,27173,True,A,B,4,1,B
4,27174,False,,,,,
4,27175,True,A,B,3,1,B
4,27176,True,A,B,4,1,B
4,27177,True,B,A,0,1,A
4,27178,True,B,A,6,1,B
4,27179,True,B,A,10,1,B
4,27180,True,A,B,10,1,B
4,27181,True,B,A,0,1,A
4,27182,True,B,A,3,1,B
4,27183,False,,,,,
4,27184,True,B,A,10,1,B
4,27185,True,B,A,3,1,B
4,27186,True,A,B,10,1,B
4,27187,True,B,A,10,1,B
4,27188,True,B,A,1,2,A
4,27189,True,A,B,1,1,B
4,27190,True,A,B,4,1,B
4,27191,True,B,A,1,1,B
4,27192,True,A,B,6,1,B
4,27193,True,B,A,0,1,A
4,27194,False,,,,,
4,27195,True,B,A,6,1,B
4,27196,True,B,A,0,1,A
4,27197,True,A,B,0,1,A
4,27198,True,B,A,1,2,A
4,27199,True,B,A,0,1,A
4,27200,True,B,A,3,1,A
4,27201,True,A,B,4,1,B
4,27202,True,A,B,6,1,B
4,27203,True,A,B,0,1,A
4,27204,True,B,A,1,2,A
4,27205,True,A,B,0,1,A
4,27206,True,B,A,1,1,A
4,27207,True,A,B,2,0,B
4,27208,True,A,B,1,2,A
4,27209,True,B,A,6,1,B
4,27210,True,A,B,3,1,B
4,27211,True,B,A,3,1,B
4,27212,True,A,B,1,2,A
4,27213,True,B,A,2,1,A
4,27214,True,A,B,10,1,B
4,27215,False,,,,,
4,27216,True,B,A,10,1,B
4,27217,True,A,B,10,1,B
4,27218,True,B,A,1,2,A
4,27219,True,B,A,1,1,B
4,27220,True,B,A,0,1,A
4,27221,True,A,B,4,1,B
4,27222,True,A,B,1,2,A
4,27223,True,A,B,1,2,A
4,27224,True,B,A,2,1,A
4,27225,True,B,A,10,1,B
4,27226,True,B,A,6,1,A
4,27227,True,B,A,3,1,B
4,27228,True,A,B,1,2,A
4,27229,True,A,B,3,1,A
4,27230,True,B,A,2,1,B
4,27231,True,A,B,2,1,A
4,27232,True,B,A,10,1,B
4,27233,True,B,A,1,1,A
4,27234,True,B,A,1,2,B
4,27235,True,B,A,6,1,B
4,27236,True,B,A,0,1,A
4,27237,True,B,A,6,1,B
4,27238,True,A,B,0,1,A
4,27239,True,B,A,0,1,A
4,27240,False,,,,,
4,27241,True,B,A,1,1,A
4,27242,True,A,B,4,1,B
4,27243,False,,,,,
4,27244,True,A,B,10,1,B
4,27245,True,A,B,4,1,B
4,27246,True,B,A,0,1,A
4,27247,True,A,B,2,1,B
4,27248,True,B,A,0,1,A
4,27249,True,A,B,3,1,A
4,27250,True,A,B,1,2,A
4,27251,True,B,A,6,1,B
4,27252,True,B,A,1,1,A
4,27253,True,A,B,2,1,B
4,27254,True,A,B,0,1,A
4,27255,True,B,A,1,1,A
4,27256,True,A,B,2,1,B
4,27257,False,,,,,
4,27258,True,A,B,10,1,B
4,27259,False,,,,,
4,27260,True,B,A,3,1,B
4,27261,True,A,B,1,2,A
4,27262,True,A,B,1,1,A
4,27263,True,A,B,10,1,B
4,27264,True,A,B,4,1,B
4,27265,True,B,A,2,1,A
4,27266,True,A,B,2,1,A
4,27267,True,A,B,2,1,A
4,27268,True,A,B,2,0,B
4,27269,True,A,B,3,1,A
4,27270,True,A,B,0,1,A
4,27271,True,A,B,6,1,B
4,27272,True,B,A,2,0,B
4,27273,True,A,B,2,1,A
4,27274,True,B,A,6,1,B
4,27275,True,A,B,3,1,A
4,27276,True,A,B,1,1,B
4,27277,True,B,A,10,1,B
4,27278,True,A,B,1,1,A
4,27279,True,B,A,10,1,B
4,27280,True,A,B,3,1,B
4,27281,True,A,B,10,1,B
4,27282,True,B,A,0,1,A
4,27283,True,A,B,10,1,B
4,27284,True,B,A,1,1,A
4,27285,True,B,A,10,1,B
4,27286,True,B,A,6,1,B
4,27287,True,A,B,3,1,B
4,27288,True,A,B,4,1,B
4,27289,True,B,A,2,1,A
4,27290,True,A,B,2,0,B
4,27291,True,A,B,1,2,A
4,27292,True,A,B,2,0,B
4,27293,True,A,B,6,1,B
4,27294,True,A,B,2,0,B
4,27295,True,A,B,4,1,A
4,27296,True,A,B,6,1,B
4,27297,True,B,A,1,1,A
4,27298,False,,,,,
4,27299,True,A,B,4,1,A
4,27300,True,B,A,2,0,B
4,27301,True,B,A,2,1,A
4,27302,True,B,A,1,1,B
4,27303,True,A,B,10,1,B
4,27304,True,B,A,3,1,B
4,27305,True,B,A,4,1,B
4,27306,True,B,A,3,1,B
4,27307,True,A,B,4,1,B
4,27308,True,A,B,2,0,B
4,27309,True,B,A,0,1,A
4,27310,True,A,B,6,1,B
4,27311,True,B,A,3,1,A
4,27312,True,B,A,2,1,A
4,27313,True,B,A,1,1,A
4,27314,True,A,B,0,1,A
4,27315,True,B,A,2,1,B
4,27316,True,B,A,1,1,A
4,27317,True,B,A,2,1,B
4,27318,True,A,B,0,1,A
4,27319,True,B,A,2,1,A
4,27320,True,B,A,1,2,A
4,27321,True,B,A,0,1,A
4,27322,True,B,A,1,1,A
4,27323,True,A,B,3,1,B
4,27324,True,A,B,3,1,A
4,27325,True,A,B,0,1,A
4,27326,True,B,A,10,1,B
4,27327,True,B,A,1,1,A
4,27328,True,B,A,2,1,A
4,27329,True,A,B,0,1,A
4,27330,True,B,A,1,2,A
4,27331,True,B,A,6,1,B
4,27332,True,B,A,2,0,B
4,27333,True,B,A,3,1,A
4,27334,True,B,A,2,1,A
4,27335,True,A,B,0,1,A
4,27336,True,A,B,2,1,B
4,27337,True,B,A,6,1,B
4,27338,True,A,B,0,1,A
4,27339,True,B,A,1,2,A
4,27340,True,A,B,3,1,B
4,27341,False,,,,,
4,27342,True,B,A,1,1,A
4,27343,True,B,A,1,1,A
4,27344,True,B,A,2,1,A
4,27345,True,A,B,1,2,A
4,27346,True,B,A,10,1,B
4,27347,True,A,B,3,1,B
4,27348,False,,,,,
4,27349,True,B,A,6,1,B
4,27350,True,B,A,4,1,B
4,27351,True,A,B,2,0,B
4,27352,True,B,A,2,1,A
4,27353,True,A,B,2,1,B
4,27354,True,B,A,1,2,A
4,27355,True,B,A,0,1,A
4,27356,True,A,B,10,1,B
4,27357,True,B,A,0,1,A
4,27358,True,B,A,3,1,A
4,27359,True,B,A,6,1,B
4,27360,True,B,A,6,1,B
4,27361,True,B,A,1,2,A
4,27362,True,B,A,2,1,A
4,27363,True,A,B,4,1,B
4,27364,True,B,A,0,1,A
4,27365,True,A,B,4,1,B
4,27366,True,A,B,6,1,B
4,27367,True,A,B,2,1,B
4,27368,True,A,B,1,1,B
4,27369,True,B,A,2,0,B
4,27370,True,A,B,0,1,A
4,27371,True,B,A,1,2,A
4,27372,True,A,B,10,1,B
4,27373,True,B,A,0,1,A
4,27374,True,A,B,2,1,B
4,27375,True,A,B,6,1,B
4,27376,True,A,B,6,1,B
4,27377,True,B,A,3,1,A
4,27378,True,B,A,1,2,A
4,27379,True,B,A,10,1,B
4,27380,True,A,B,4,1,B
4,27381,True,A,B,0,1,A
4,27382,True,B,A,1,1,A
4,27383,False,,,,,
4,27384,True,A,B,1,1,A
4,27385,True,A,B,6,1,B
4,27386,True,A,B,1,2,A
4,27387,True,B,A,2,1,A
4,27388,True,A,B,4,1,B
4,27389,True,B,A,6,1,B
4,27390,True,A,B,1,2,A
4,27391,True,A,B,4,1,B
4,27392,True,B,A,0,1,A
4,27393,True,A,B,10,1,B
4,27394,True,A,B,10,1,B
4,27395,True,A,B,1,1,A
4,27396,True,B,A,1,2,A
4,27397,True,B,A,6,1,B
4,27398,True,B,A,2,1,B
4,27399,True,A,B,3,1,B
4,27400,True,A,B,3,1,B
4,27401,True,A,B,0,1,A
4,27402,True,A,B,1,1,A
4,27403,True,B,A,2,1,A
4,27404,True,B,A,10,1,B
4,27405,True,B,A,1,1,A
4,27406,True,B,A,1,1,A
4,27407,True,A,B,3,1,B
4,27408,True,B,A,1,2,A
4,27409,True,B,A,3,1,A
4,27410,True,A,B,10,1,B
4,27411,True,B,A,2,1,A
4,27412,True,A,B,1,2,A
4,27413,True,B,A,6,1,B
4,27414,True,A,B,6,1,B
4,27415,True,B,A,1,2,A
4,27416,True,A,B,4,1,B
4,27417,True,B,A,1,1,B
4,27418,True,B,A,1,1,A
4,27419,True,B,A,6,1,B
4,27420,True,A,B,0,1,A
4,27421,True,B,A,6,1,B
4,27422,True,B,A,1,2,A
4,27423,True,B,A,0,1,A
4,27424,True,B,A,4,1,B
4,27425,True,B,A,1,1,A
4,27426,True,A,B,1,2,A
4,27427,True,B,A,10,1,B
4,27428,True,B,A,1,1,A
4,27429,False,,,,,
4,27430,True,A,B,1,2,A
4,27431,True,B,A,2,1,A
4,27432,True,A,B,3,1,B
4,27433,True,A,B,1,2,A
4,27434,True,B,A,1,2,A
4,27435,True,A,B,6,1,B
4,27436,True,A,B,1,2,A
4,27437,True,A,B,1,1,A
4,27438,True,B,A,6,1,B
4,27439,True,B,A,4,1,B
4,27440,True,A,B,0,1,A
4,27441,True,A,B,3,1,B
4,27442,True,B,A,2,1,A
4,27443,True,A,B,3,1,B
4,27444,True,A,B,2,0,B
4,27445,True,B,A,10,1,B
4,27446,True,B,A,10,1,B
4,27447,True,A,B,4,1,B
4,27448,True,B,A,3,1,B
4,27449,True,B,A,0,1,A
4,27450,True,B,A,2,0,B
4,27451,True,B,A,6,1,B
4,27452,True,B,A,0,1,A
4,27453,True,B,A,3,1,B
4,27454,True,A,B,2,0,B
4,27455,True,B,A,4,1,B
4,27456,True,B,A,3,1,B
4,27457,True,A,B,1,1,A
4,27458,True,A,B,0,1,A
4,27459,True,B,A,0,1,A
4,27460,True,B,A,4,1,B
4,27461,True,B,A,2,1,A
4,27462,True,A,B,1,1,B
4,27463,True,B,A,3,1,B
4,27464,False,,,,,
4,27465,True,B,A,4,1,B
4,27466,True,B,A,2,0,B
4,27467,True,A,B,1,1,B
4,27468,True,B,A,6,1,B
4,27469,True,B,A,10,1,B
4,27470,True,B,A,1,1,B
4,27471,False,,,,,
4,27472,True,B,A,4,1,B
4,27473,True,B,A,1,1,A
4,27474,True,A,B,1,1,A
4,27475,True,A,B,1,2,A
4,27476,True,A,B,3,1,A
4,27477,True,A,B,10,1,B
4,27478,False,,,,,
4,27479,True,A,B,10,1,B
4,27480,True,B,A,6,1,B
4,27481,False,,,,,
4,27482,True,A,B,2,1,A
4,27483,True,A,B,2,0,B
4,27484,True,B,A,2,1,B
4,27485,True,B,A,4,1,B
4,27486,True,B,A,4,1,B
4,27487,True,A,B,4,1,B
4,27488,True,B,A,10,1,B
4,27489,True,A,B,4,1,B
4,27490,True,B,A,10,1,B
4,27491,True,A,B,1,2,A
4,27492,True,B,A,1,1,A
4,27493,True,A,B,6,1,B
4,27494,True,A,B,6,1,B
4,27495,True,B,A,2,1,B
4,27496,True,A,B,10,1,B
4,27497,True,A,B,6,1,B
4,27498,True,A,B,4,1,B
4,27499,True,B,A,0,1,A
4,27500,True,A,B,6,1,B
4,27501,True,B,A,2,1,A
4,27502,True,A,B,6,1,B
4,27503,True,A,B,1,1,A
4,27504,True,B,A,1,1,A
4,27505,True,A,B,10,1,B
4,27506,True,A,B,0,1,A
4,27507,True,B,A,1,2,A
4,27508,True,A,B,6,1,B
4,27509,True,A,B,10,1,B
4,27510,True,A,B,3,1,B
4,27511,True,B,A,4,1,B
4,27512,True,A,B,4,1,B
4,27513,True,B,A,2,1,A
4,27514,True,A,B,6,1,B
4,27515,True,A,B,2,1,A
4,27516,True,A,B,4,1,B
4,27517,True,A,B,3,1,B
4,27518,True,A,B,2,1,B
4,27519,True,A,B,2,1,B
4,27520,True,B,A,3,1,A
4,27521,True,A,B,6,1,B
4,27522,True,A,B,0,1,A
4,27523,True,B,A,10,1,B
4,27524,True,B,A,2,1,B
4,27525,True,B,A,10,1,B
4,27526,True,B,A,2,1,B
4,27527,True,B,A,4,1,B
4,27528,True,A,B,0,1,A
4,27529,True,A,B,6,1,B
4,27530,False,,,,,
4,27531,False,,,,,
4,27532,True,B,A,1,2,A
4,27533,True,A,B,1,2,A
4,27534,True,B,A,4,1,A
4,27535,True,B,A,2,1,A
4,27536,True,B,A,4,1,B
4,27537,True,B,A,1,2,A
4,27538,True,A,B,1,2,A
4,27539,True,B,A,0,1,A
4,27540,True,B,A,1,2,A
4,27541,True,B,A,2,1,B
4,27542,True,A,B,2,0,B
4,27543,True,A,B,6,1,B
4,27544,True,A,B,0,1,A
4,27545,True,B,A,3,1,B
4,27546,True,B,A,0,1,A
4,27547,True,A,B,3,1,B
4,27548,True,B,A,10,1,B
4,27549,True,B,A,2,1,A
4,27550,True,A,B,1,1,A
4,27551,True,B,A,2,1,A
4,27552,True,B,A,0,1,A
4,27553,True,A,B,2,1,A
4,27554,True,A,B,10,1,B
4,27555,True,A,B,2,0,B
4,27556,True,A,B,2,1,B
4,27557,True,A,B,6,1,B
4,27558,True,A,B,4,1,B
4,27559,True,B,A,1,1,B
4,27560,True,A,B,1,1,A
4,27561,True,A,B,1,1,B
4,27562,True,B,A,1,1,A
4,27563,True,A,B,6,1,B
4,27564,True,B,A,6,1,B
4,27565,True,B,A,1,1,A
4,27566,False,,,,,
4,27567,True,A,B,0,1,A
4,27568,True,B,A,3,1,B
4,27569,True,A,B,2,0,B
4,27570,True,B,A,6,1,B
4,27571,True,B,A,1,1,A
4,27572,True,A,B,0,1,A
4,27573,True,B,A,4,1,B
4,27574,True,B,A,4,1,B
4,27575,True,B,A,6,1,B
4,27576,True,B,A,0,1,A
4,27577,True,A,B,1,2,A
4,27578,True,A,B,0,1,A
4,27579,True,A,B,2,1,B
4,27580,True,B,A,4,1,B
4,27581,True,B,A,2,0,B
4,27582,True,A,B,1,1,A
4,27583,True,A,B,2,1,A
4,27584,True,A,B,6,1,B
4,27585,True,B,A,2,0,B
4,27586,True,A,B,2,1,B
4,27587,True,A,B,4,1,B
4,27588,True,B,A,6,1,B
4,27589,True,B,A,2,1,A
4,27590,True,B,A,10,1,B
4,27591,True,A,B,2,0,B
4,27592,True,B,A,6,1,B
4,27593,True,B,A,6,1,B
4,27594,True,B,A,3,1,B
4,27595,True,A,B,1,2,A
4,27596,True,A,B,0,1,A
4,27597,True,A,B,6,1,B
4,27598,True,A,B,1,1,A
4,27599,True,A,B,6,1,B
4,27600,True,B,A,1,1,A
4,27601,True,A,B,1,2,B
4,27602,True,B,A,1,2,A
4,27603,True,A,B,3,1,B
4,27604,True,B,A,0,1,A
4,27605,True,B,A,6,1,B
4,27606,True,B,A,1,2,A
4,27607,True,A,B,2,0,B
4,27608,True,A,B,6,1,B
4,27609,True,A,B,0,1,A
4,27610,True,A,B,6,1,B
4,27611,True,B,A,1,1,A
4,27612,True,B,A,1,1,B
4,27613,True,B,A,1,1,A
4,27614,True,A,B,2,1,A
4,27615,True,A,B,1,1,A
4,27616,True,B,A,4,1,B
4,27617,True,B,A,4,1,A
4,27618,True,B,A,2,1,B
4,27619,True,B,A,2,0,B
4,27620,False,,,,,
4,27621,True,B,A,6,1,B
4,27622,False,,,,,
4,27623,True,B,A,1,2,A
4,27624,True,B,A,1,1,B
4,27625,True,A,B,2,1,B
4,27626,True,A,B,0,1,A
4,27627,True,A,B,2,0,B
4,27628,True,B,A,4,1,B
4,27629,True,B,A,1,2,A
4,27630,True,B,A,1,2,A
4,27631,True,B,A,0,1,A
4,27632,True,A,B,3,1,A
4,27633,True,B,A,1,2,B
4,27634,True,A,B,6,1,B
4,27635,True,A,B,2,1,B
4,27636,True,A,B,0,1,A
4,27637,True,A,B,3,1,B
4,27638,True,B,A,10,1,B
4,27639,True,A,B,0,1,A
4,27640,True,B,A,2,0,B
4,27641,True,B,A,1,2,A
4,27642,True,A,B,10,1,B
4,27643,True,B,A,0,1,A
4,27644,False,,,,,
4,27645,True,A,B,6,1,B
4,27646,True,A,B,1,1,A
4,27647,True,B,A,2,0,B
4,27648,True,B,A,4,1,B
4,27649,True,A,B,4,1,B
4,27650,True,B,A,6,1,B
4,27651,True,A,B,10,1,B
4,27652,True,B,A,6,1,B
4,27653,True,B,A,1,2,A
4,27654,True,B,A,4,1,B
4,27655,True,A,B,6,1,B
4,27656,True,A,B,3,1,B
4,27657,True,B,A,4,1,B
4,27658,True,B,A,2,0,B
4,27659,True,A,B,3,1,B
4,27660,True,A,B,2,1,B
4,27661,True,B,A,1,2,A
4,27662,True,B,A,0,1,A
4,27663,True,A,B,0,1,A
4,27664,True,A,B,10,1,B
4,27665,True,B,A,2,0,B
4,27666,True,A,B,0,1,A
4,27667,True,B,A,4,1,B
4,27668,True,B,A,4,1,B
4,27669,True,A,B,6,1,B
4,27670,True,B,A,10,1,B
4,27671,False,,,,,
4,27672,True,A,B,4,1,B
4,27673,True,B,A,1,2,A
4,27674,True,B,A,1,2,A
4,27675,True,A,B,2,1,B
4,27676,True,B,A,1,2,A
4,27677,True,B,A,10,1,B
4,27678,False,,,,,
4,27679,True,A,B,0,1,A
4,27680,True,A,B,3,1,A
4,27681,True,B,A,10,1,B
4,27682,True,B,A,0,1,A
4,27683,True,A,B,3,1,B
4,27684,True,B,A,2,0,B
4,27685,True,B,A,2,1,B
4,27686,True,B,A,1,2,B
4,27687,True,A,B,10,1,B
4,27688,True,B,A,10,1,B
4,27689,True,B,A,0,1,A
4,27690,True,A,B,2,0,B
4,27691,True,A,B,2,1,B
4,27692,True,B,A,0,1,A
4,27693,True,A,B,10,1,B
4,27694,False,,,,,
4,27695,False,,,,,
4,27696,True,A,B,1,1,A
4,27697,True,A,B,1,2,A
4,27698,True,A,B,3,1,B
4,27699,True,A,B,4,1,B
4,27700,True,B,A,2,1,A
4,27701,True,A,B,3,1,B
4,27702,True,B,A,1,2,A
4,27703,True,B,A,4,1,B
4,27704,True,B,A,6,1,B
4,27705,True,A,B,0,1,A
4,27706,True,B,A,1,2,A
4,27707,False,,,,,
4,27708,True,B,A,0,1,A
4,27709,True,B,A,1,1,A
4,27710,True,A,B,6,1,B
4,27711,True,B,A,10,1,B
4,27712,False,,,,,
4,27713,True,A,B,3,1,B
4,27714,True,A,B,0,1,A
4,27715,True,B,A,1,1,A
4,27716,True,A,B,10,1,B
4,27717,True,B,A,6,1,B
4,27718,True,A,B,6,1,B
4,27719,True,B,A,6,1,B
4,27720,True,A,B,1,2,B
4,27721,True,A,B,2,1,B
4,27722,True,B,A,2,1,A
4,27723,True,B,A,1,2,A
4,27724,True,A,B,2,1,A
4,27725,True,B,A,10,1,B
4,27726,True,A,B,2,1,B
4,27727,False,,,,,
4,27728,True,A,B,2,0,B
4,27729,True,A,B,0,1,A
4,27730,True,B,A,3,1,B
4,27731,True,A,B,3,1,B
4,27732,True,A,B,10,1,B
4,27733,True,A,B,6,1,B
4,27734,True,B,A,3,1,A
4,27735,True,B,A,2,1,B
4,27736,True,A,B,1,1,A
4,27737,True,A,B,6,1,B
4,27738,True,B,A,4,1,B
4,27739,True,B,A,6,1,B
4,27740,True,B,A,1,2,A
4,27741,True,A,B,4,1,B
4,27742,True,B,A,0,1,A
4,27743,True,B,A,2,1,A
4,27744,True,A,B,1,1,B
4,27745,True,A,B,4,1,B
4,27746,True,B,A,2,0,B
4,27747,True,B,A,3,1,B
4,27748,True,A,B,10,1,B
4,27749,True,B,A,3,1,A
4,27750,True,B,A,0,1,A
4,27751,True,B,A,1,1,A
4,27752,True,A,B,10,1,B
4,27753,True,B,A,6,1,B
4,27754,True,B,A,6,1,B
4,27755,True,B,A,2,1,A
4,27756,True,A,B,3,1,A
4,27757,True,A,B,1,2,A
4,27758,True,B,A,4,1,B
4,27759,True,A,B,3,1,B
4,27760,True,A,B,1,1,A
4,27761,True,A,B,0,1,A
4,27762,False,,,,,
4,27763,True,B,A,1,2,A
4,27764,True,A,B,2,0,B
4,27765,True,A,B,1,2,A
4,27766,True,A,B,10,1,B
4,27767,True,B,A,3,1,A
4,27768,True,A,B,10,1,B
4,27769,True,B,A,10,1,B
4,27770,True,A,B,1,2,B
4,27771,True,B,A,0,1,A
4,27772,True,A,B,1,2,A
4,27773,True,A,B,4,1,B
4,27774,True,B,A,2,0,B
4,27775,True,A,B,1,2,A
4,27776,True,A,B,6,1,B
4,27777,True,A,B,0,1,A
4,27778,True,A,B,4,1,B
4,27779,True,A,B,4,1,B
4,27780,True,B,A,1,2,A
4,27781,True,B,A,0,1,A
4,27782,True,A,B,0,1,A
4,27783,True,B,A,2,1,A
4,27784,True,A,B,2,0,B
4,27785,True,B,A,4,1,B
4,27786,True,A,B,0,1,A
4,27787,True,A,B,3,1,B
4,27788,True,A,B,0,1,A
4,27789,True,A,B,0,1,A
4,27790,True,A,B,1,1,A
4,27791,True,A,B,4,1,B
4,27792,True,A,B,2,1,A
4,27793,True,B,A,3,1,B
4,27794,True,B,A,0,1,A
4,27795,True,B,A,0,1,A
4,27796,True,A,B,0,1,A
4,27797,True,A,B,4,1,B
4,27798,True,A,B,1,2,B
4,27799,False,,,,,
4,27800,True,A,B,0,1,A
4,27801,True,B,A,2,1,A
4,27802,True,A,B,4,1,B
4,27803,True,B,A,6,1,B
4,27804,True,B,A,3,1,A
4,27805,False,,,,,
4,27806,True,B,A,4,1,B
4,27807,False,,,,,
4,27808,True,A,B,10,1,B
4,27809,True,B,A,2,0,B
4,27810,True,B,A,2,1,A
4,27811,True,B,A,2,1,A
4,27812,True,B,A,2,0,B
4,27813,True,B,A,0,1,A
4,27814,True,A,B,3,1,B
4,27815,True,A,B,10,1,B
4,27816,True,B,A,1,2,A
4,27817,True,A,B,6,1,B
4,27818,True,A,B,1,2,A
4,27819,True,B,A,6,1,B
4,27820,False,,,,,
4,27821,True,A,B,10,1,B
4,27822,True,A,B,1,2,A
4,27823,True,B,A,1,2,A
4,27824,True,A,B,4,1,B
4,27825,True,B,A,0,1,A
4,27826,True,B,A,6,1,B
4,27827,True,A,B,6,1,B
4,27828,False,,,,,
4,27829,True,A,B,6,1,B
4,27830,True,A,B,0,1,A
4,27831,True,B,A,1,2,A
4,27832,True,B,A,2,0,B
4,27833,True,A,B,0,1,A
4,27834,True,A,B,10,1,B
4,27835,True,B,A,2,0,B
4,27836,True,A,B,4,1,B
4,27837,True,B,A,10,1,B
4,27838,True,A,B,1,1,A
4,27839,True,A,B,10,1,B
4,27840,True,A,B,4,1,B
4,27841,True,B,A,0,1,A
4,27842,True,B,A,4,1,B
4,27843,True,A,B,10,1,B
4,27844,True,A,B,6,1,B
4,27845,True,B,A,4,1,B
4,27846,True,B,A,2,0,B
4,27847,True,A,B,1,1,A
4,27848,True,B,A,3,1,B
4,27849,True,A,B,6,1,B
4,27850,True,A,B,6,1,B
4,27851,True,B,A,3,1,B
4,27852,True,B,A,6,1,B
4,27853,True,A,B,6,1,B
4,27854,True,B,A,1,1,A
4,27855,True,B,A,2,1,B
4,27856,True,A,B,1,1,A
4,27857,False,,,,,
4,27858,True,A,B,2,0,B
4,27859,True,A,B,1,1,A
4,27860,True,A,B,3,1,A
4,27861,True,B,A,1,1,A
4,27862,True,B,A,4,1,B
4,27863,True,B,A,4,1,B
4,27864,True,B,A,0,1,A
4,27865,False,,,,,
4,27866,False,,,,,
4,27867,True,B,A,6,1,B
4,27868,True,A,B,4,1,A
4,27869,True,B,A,1,1,A
4,27870,True,B,A,2,0,B
4,27871,True,B,A,2,1,B
4,27872,True,B,A,2,1,B
4,27873,True,A,B,3,1,B
4,27874,True,B,A,10,1,B
4,27875,True,B,A,6,1,B
4,27876,True,A,B,10,1,B
4,27877,True,B,A,0,1,A
4,27878,True,B,A,0,1,A
4,27879,True,B,A,1,2,B
4,27880,True,A,B,4,1,B
4,27881,True,B,A,0,1,A
4,27882,True,B,A,1,2,A
4,27883,True,A,B,1,2,A
4,27884,True,B,A,0,1,A
4,27885,True,A,B,0,1,A
4,27886,True,B,A,3,1,B
4,27887,False,,,,,
4,27888,True,B,A,1,1,A
4,27889,True,B,A,1,2,A
4,27890,False,,,,,
4,27891,True,A,B,10,1,B
4,27892,True,B,A,10,1,B
4,27893,True,B,A,1,1,A
4,27894,True,B,A,3,1,B
4,27895,True,A,B,1,1,B
4,27896,True,B,A,6,1,B
4,27897,False,,,,,
4,27898,True,A,B,4,1,B
4,27899,True,A,B,4,1,B
4,27900,True,B,A,4,1,B
4,27901,True,A,B,2,1,B
4,27902,True,A,B,0,1,A
4,27903,True,B,A,6,1,B
4,27904,True,B,A,1,2,A
4,27905,True,B,A,1,2,A
4,27906,True,B,A,1,2,A
4,27907,True,B,A,1,1,A
4,27908,True,A,B,6,1,B
4,27909,True,A,B,0,1,A
4,27910,True,B,A,10,1,B
4,27911,True,A,B,1,1,A
4,27912,False,,,,,
4,27913,True,A,B,0,1,A
4,27914,True,A,B,1,2,A
4,27915,True,B,A,1,1,A
4,27916,True,A,B,0,1,A
4,27917,True,B,A,3,1,B
4,27918,True,A,B,6,1,B
4,27919,True,A,B,4,1,B
4,27920,True,A,B,1,2,A
4,27921,True,B,A,2,1,B
4,27922,True,A,B,2,0,B
4,27923,True,A,B,3,1,B
4,27924,True,B,A,6,1,B
4,27925,True,B,A,2,0,B
4,27926,True,A,B,0,1,A
4,27927,True,A,B,10,1,B
4,27928,True,B,A,3,1,B
4,27929,True,B,A,10,1,B
4,27930,True,B,A,2,1,B
4,27931,True,B,A,4,1,B
4,27932,True,B,A,6,1,B
4,27933,True,A,B,2,1,A
4,27934,False,,,,,
4,27935,True,A,B,0,1,A
4,27936,True,A,B,1,1,A
4,27937,True,B,A,1,1,A
4,27938,True,A,B,3,1,B
4,27939,True,A,B,6,1,B
4,27940,False,,,,,
4,27941,True,B,A,1,1,A
4,27942,True,A,B,0,1,A
4,27943,True,A,B,3,1,A
4,27944,True,A,B,3,1,B
4,27945,False,,,,,
4,27946,True,A,B,2,0,B
4,27947,True,A,B,3,1,B
4,27948,True,B,A,1,1,A
4,27949,True,A,B,3,1,B
4,27950,True,B,A,6,1,B
4,27951,True,B,A,1,1,A
4,27952,True,A,B,6,1,B
4,27953,True,B,A,3,1,B
4,27954,True,A,B,6,1,B
4,27955,True,A,B,6,1,B
4,27956,True,A,B,6,1,B
4,27957,True,B,A,4,1,B
4,27958,True,A,B,3,1,B
4,27959,True,A,B,6,1,B
4,27960,True,B,A,10,1,B
4,27961,True,A,B,2,1,B
4,27962,True,A,B,10,1,B
4,27963,True,A,B,6,1,B
4,27964,True,A,B,10,1,B
4,27965,True,B,A,0,1,A
4,27966,True,A,B,10,1,B
4,27967,False,,,,,
4,27968,True,B,A,1,2,A
4,27969,True,A,B,10,1,B
4,27970,True,B,A,4,1,B
4,27971,True,B,A,4,1,B
4,27972,True,B,A,2,1,B
4,27973,True,A,B,2,1,A
4,27974,True,A,B,2,0,B
4,27975,True,A,B,4,1,B
4,27976,True,A,B,2,1,B
4,27977,True,B,A,10,1,B
4,27978,True,B,A,0,1,A
4,27979,True,A,B,3,1,B
4,27980,False,,,,,
4,27981,True,B,A,4,1,B
4,27982,True,B,A,2,1,A
4,27983,True,A,B,3,1,B
4,27984,True,B,A,6,1,B
4,27985,True,A,B,0,1,A
4,27986,True,B,A,2,1,A
4,27987,True,A,B,0,1,A
4,27988,True,B,A,1,2,B
4,27989,True,A,B,1,1,B
4,27990,True,B,A,2,1,A
4,27991,True,B,A,3,1,A
4,27992,False,,,,,
4,27993,True,B,A,6,1,B
4,27994,True,A,B,1,1,A
4,27995,True,A,B,2,0,B
4,27996,True,B,A,3,1,A
4,27997,True,B,A,3,1,A
4,27998,True,A,B,2,1,B
4,27999,True,A,B,2,0,B
4,28000,False,,,,,
4,28001,True,A,B,1,2,A
4,28002,True,A,B,2,1,A
4,28003,True,B,A,3,1,B
4,28004,True,B,A,1,1,A
4,28005,True,A,B,1,2,A
4,28006,True,A,B,10,1,B
4,28007,True,A,B,0,1,A
4,28008,True,B,A,10,1,B
4,28009,True,A,B,0,1,A
4,28010,True,B,A,6,1,B
4,28011,True,A,B,0,1,A
4,28012,True,A,B,10,1,B
4,28013,False,,,,,
4,28014,True,A,B,10,1,B
4,28015,True,A,B,4,1,B
4,28016,True,B,A,6,1,B
4,28017,True,A,B,10,1,B
4,28018,True,A,B,1,2,A
4,28019,True,B,A,10,1,B
4,28020,True,B,A,3,1,A
4,28021,True,A,B,1,1,A
4,28022,True,B,A,1,1,A
4,28023,True,A,B,3,1,B
4,28024,True,A,B,6,1,B
4,28025,True,A,B,2,1,A
4,28026,True,B,A,0,1,A
4,28027,True,A,B,2,1,B
4,28028,True,A,B,2,0,B
4,28029,True,A,B,3,1,B
4,28030,True,B,A,4,1,B
4,28031,True,B,A,4,1,B
4,28032,True,B,A,1,1,A
4,28033,True,A,B,2,0,B
4,28034,True,A,B,6,1,B
4,28035,True,B,A,4,1,B
4,28036,True,B,A,10,1,B
4,28037,True,A,B,2,0,B
4,28038,True,A,B,1,2,A
4,28039,True,B,A,0,1,A
4,28040,True,A,B,10,1,B
4,28041,True,A,B,6,1,B
4,28042,True,A,B,3,1,A
4,28043,True,A,B,0,1,A
4,28044,True,B,A,6,1,B
4,28045,True,B,A,2,1,A
4,28046,True,B,A,1,2,A
4,28047,False,,,,,
4,28048,True,A,B,0,1,A
4,28049,True,A,B,3,1,A
4,28050,True,B,A,0,1,A
4,28051,True,A,B,3,1,B
4,28052,True,A,B,2,0,B
4,28053,True,A,B,6,1,B
4,28054,True,B,A,1,1,A
4,28055,True,B,A,1,1,B
4,28056,True,B,A,10,1,B
4,28057,True,A,B,0,1,A
4,28058,True,B,A,1,1,A
4,28059,True,B,A,0,1,A
4,28060,False,,,,,
4,28061,True,B,A,2,0,B
4,28062,True,B,A,1,2,A
4,28063,True,B,A,1,2,A
4,28064,True,A,B,1,1,A
4,28065,True,B,A,10,1,B
4,28066,True,A,B,2,1,B
4,28067,True,B,A,6,1,B
4,28068,True,B,A,1,1,A
4,28069,True,B,A,0,1,A
4,28070,False,,,,,
4,28071,True,A,B,6,1,B
4,28072,True,A,B,4,1,B
4,28073,True,B,A,2,1,A
4,28074,True,B,A,1,1,A
4,28075,True,B,A,3,1,B
4,28076,True,B,A,1,1,A
4,28077,True,A,B,1,1,A
4,28078,True,A,B,10,1,B
4,28079,True,A,B,2,1,B
4,28080,True,B,A,10,1,B
4,28081,True,A,B,2,1,A
4,28082,True,A,B,4,1,B
4,28083,True,A,B,4,1,B
4,28084,True,A,B,4,1,B
4,28085,True,B,A,6,1,B
4,28086,True,B,A,6,1,B
4,28087,True,A,B,2,1,B
4,28088,False,,,,,
4,28089,True,B,A,6,1,B
4,28090,True,A,B,2,1,B
4,28091,True,B,A,1,1,A
4,28092,True,A,B,4,1,B
4,28093,True,A,B,2,1,A
4,28094,True,B,A,2,0,B
4,28095,True,B,A,4,1,B
4,28096,True,B,A,1,2,A
4,28097,True,A,B,3,1,B
4,28098,True,B,A,0,1,A
4,28099,True,B,A,2,1,B
4,28100,True,A,B,6,1,B
4,28101,True,A,B,1,1,A
4,28102,True,A,B,1,2,B
4,28103,True,B,A,10,1,B
4,28104,True,A,B,1,1,A
4,28105,True,B,A,0,1,A
4,28106,True,B,A,3,1,B
4,28107,True,A,B,1,1,A
4,28108,True,A,B,0,1,A
4,28109,True,B,A,2,1,B
4,28110,True,B,A,2,1,A
4,28111,True,B,A,2,1,B
4,28112,True,A,B,1,2,A
4,28113,True,A,B,6,1,B
4,28114,False,,,,,
4,28115,True,A,B,3,1,B
4,28116,True,A,B,0,1,A
4,28117,True,A,B,1,2,A
4,28118,True,B,A,2,0,B
4,28119,False,,,,,
4,28120,True,A,B,6,1,B
4,28121,True,B,A,4,1,B
4,28122,True,A,B,4,1,B
4,28123,True,B,A,1,1,A
4,28124,True,A,B,4,1,B
4,28125,True,A,B,3,1,A
4,28126,True,B,A,6,1,B
4,28127,True,A,B,1,1,A
4,28128,True,A,B,1,1,A
4,28129,True,B,A,1,1,A
4,28130,True,B,A,6,1,B
4,28131,True,A,B,4,1,B
4,28132,True,A,B,3,1,B
4,28133,True,B,A,10,1,B
4,28134,True,A,B,2,0,B
4,28135,False,,,,,
4,28136,True,A,B,0,1,A
4,28137,True,A,B,6,1,B
4,28138,True,A,B,1,2,A
4,28139,True,B,A,3,1,B
4,28140,True,B,A,4,1,B
4,28141,True,B,A,1,2,A
4,28142,True,A,B,10,1,B
4,28143,True,B,A,6,1,B
4,28144,True,A,B,2,1,B
4,28145,True,A,B,1,2,A
4,28146,True,B,A,0,1,A
4,28147,True,A,B,1,1,A
4,28148,True,A,B,2,0,B
4,28149,True,A,B,1,2,A
4,28150,True,A,B,4,1,A
4,28151,True,A,B,1,2,A
4,28152,True,B,A,1,2,A
4,28153,True,B,A,1,1,A
4,28154,True,A,B,1,2,A
4,28155,True,A,B,1,1,A
4,28156,True,B,A,1,1,A
4,28157,True,A,B,3,1,B
4,28158,True,B,A,1,1,A
4,28159,True,A,B,2,1,B
4,28160,True,B,A,2,1,A
4,28161,True,A,B,1,2,A
4,28162,True,B,A,1,2,A
4,28163,True,B,A,3,1,B
4,28164,True,A,B,1,1,A
4,28165,True,B,A,2,1,A
4,28166,True,B,A,0,1,A
4,28167,True,A,B,2,1,B
4,28168,True,B,A,1,1,A
4,28169,True,A,B,6,1,B
4,28170,True,B,A,2,0,B
4,28171,True,A,B,4,1,B
4,28172,True,B,A,1,2,B
4,28173,True,A,B,1,1,A
4,28174,True,B,A,10,1,B
4,28175,True,A,B,4,1,B
4,28176,True,B,A,4,1,B
4,28177,True,B,A,2,1,A
4,28178,True,B,A,1,2,A
4,28179,True,A,B,4,1,B
4,28180,False,,,,,
4,28181,True,A,B,6,1,B
4,28182,True,A,B,2,0,B
4,28183,True,A,B,4,1,B
4,28184,True,A,B,6,1,B
4,28185,True,B,A,4,1,B
4,28186,False,,,,,
4,28187,True,A,B,10,1,B
4,28188,True,A,B,1,2,A
4,28189,True,B,A,4,1,B
4,28190,True,A,B,0,1,A
4,28191,True,A,B,3,1,B
4,28192,True,B,A,10,1,B
4,28193,True,A,B,3,1,A
4,28194,True,B,A,0,1,A
4,28195,True,B,A,2,0,B
4,28196,True,A,B,6,1,B
4,28197,True,B,A,2,1,A
4,28198,True,B,A,10,1,B
4,28199,True,A,B,1,1,A
4,28200,True,B,A,2,0,B
4,28201,False,,,,,
4,28202,True,A,B,10,1,B
4,28203,True,A,B,2,1,B
4,28204,True,B,A,0,1,A
4,28205,True,A,B,4,1,B
4,28206,True,B,A,2,0,B
4,28207,True,A,B,2,1,B
4,28208,True,A,B,0,1,A
4,28209,True,A,B,10,1,B
4,28210,True,A,B,1,1,A
4,28211,True,A,B,2,1,B
4,28212,True,B,A,6,1,B
4,28213,True,A,B,4,1,B
4,28214,True,A,B,4,1,B
4,28215,True,B,A,1,2,A
4,28216,True,A,B,4,1,B
4,28217,True,B,A,2,0,B
4,28218,True,A,B,2,1,B
4,28219,True,B,A,6,1,B
4,28220,True,B,A,2,1,A
4,28221,True,A,B,6,1,B
4,28222,True,A,B,3,1,B
4,28223,True,A,B,6,1,B
4,28224,True,B,A,10,1,B
4,28225,True,A,B,1,2,A
4,28226,True,B,A,1,1,A
4,28227,True,A,B,1,1,A
4,28228,True,A,B,3,1,B
4,28229,True,B,A,10,1,B
4,28230,True,B,A,3,1,B
4,28231,True,A,B,1,1,B
4,28232,True,A,B,1,1,A
4,28233,True,A,B,6,1,B
4,28234,True,B,A,10,1,B
4,28235,True,B,A,3,1,B
4,28236,True,A,B,1,1,B
4,28237,True,A,B,3,1,B
4,28238,True,A,B,4,1,A
4,28239,True,B,A,3,1,B
4,28240,True,A,B,10,1,B
4,28241,True,A,B,1,2,A
4,28242,True,A,B,0,1,A
4,28243,True,A,B,6,1,B
4,28244,True,B,A,2,0,B
4,28245,True,B,A,0,1,A
4,28246,True,B,A,3,1,B
4,28247,True,B,A,10,1,B
4,28248,False,,,,,
4,28249,True,A,B,1,1,A
4,28250,True,B,A,3,1,B
4,28251,True,B,A,10,1,B
4,28252,True,B,A,2,1,A
4,28253,True,A,B,6,1,B
4,28254,True,B,A,6,1,B
4,28255,True,B,A,2,1,B
4,28256,True,B,A,1,1,A
4,28257,True,B,A,0,1,A
4,28258,True,B,A,0,1,A
4,28259,True,A,B,1,1,A
4,28260,True,B,A,1,1,A
4,28261,True,A,B,10,1,B
4,28262,True,A,B,4,1,B
4,28263,True,A,B,4,1,B
4,28264,True,B,A,2,1,A
4,28265,True,B,A,6,1,B
4,28266,True,B,A,2,0,B
4,28267,True,A,B,3,1,B
4,28268,True,B,A,6,1,B
4,28269,True,B,A,2,1,B
4,28270,False,,,,,
4,28271,True,A,B,1,2,A
4,28272,True,B,A,4,1,A
4,28273,True,B,A,1,1,A
4,28274,True,A,B,4,1,B
4,28275,True,B,A,4,1,B
4,28276,True,B,A,4,1,B
4,28277,True,A,B,1,2,A
4,28278,True,B,A,0,1,A
4,28279,True,B,A,2,1,B
4,28280,True,A,B,0,1,A
4,28281,True,A,B,1,1,A
4,28282,True,B,A,4,1,B
4,28283,True,B,A,2,1,B
4,28284,True,B,A,10,1,B
4,28285,True,A,B,6,1,B
4,28286,True,A,B,2,1,A
4,28287,True,B,A,10,1,B
4,28288,True,B,A,2,0,B
4,28289,True,A,B,3,1,B
4,28290,True,A,B,2,0,B
4,28291,True,B,A,1,1,B
4,28292,True,B,A,1,1,A
4,28293,True,B,A,10,1,B
4,28294,True,B,A,2,1,B
4,28295,True,A,B,3,1,B
4,28296,True,B,A,10,1,B
4,28297,False,,,,,
4,28298,True,B,A,1,2,A
4,28299,True,A,B,1,2,A
4,28300,True,A,B,3,1,B
4,28301,True,B,A,10,1,B
4,28302,True,A,B,1,2,A
4,28303,True,A,B,2,1,B
4,28304,True,A,B,2,0,B
4,28305,True,A,B,4,1,B
4,28306,True,A,B,6,1,B
4,28307,True,B,A,3,1,B
4,28308,True,A,B,4,1,B
4,28309,True,A,B,2,0,B
4,28310,True,B,A,10,1,B
4,28311,True,A,B,6,1,B
4,28312,True,A,B,6,1,B
4,28313,True,A,B,6,1,B
4,28314,True,B,A,1,1,A
4,28315,True,B,A,0,1,A
4,28316,True,B,A,1,1,A
4,28317,True,A,B,1,1,A
4,28318,True,B,A,1,1,A
4,28319,True,A,B,3,1,B
4,28320,True,B,A,2,1,B
4,28321,True,B,A,1,2,A
4,28322,True,A,B,6,1,B
4,28323,True,B,A,6,1,B
4,28324,True,B,A,2,0,B
4,28325,True,A,B,10,1,B
4,28326,True,B,A,6,1,B
4,28327,True,A,B,1,2,A
4,28328,True,B,A,6,1,B
4,28329,True,B,A,10,1,B
4,28330,True,A,B,3,1,B
4,28331,True,A,B,1,1,B
4,28332,True,A,B,1,1,B
4,28333,True,B,A,3,1,B
4,28334,True,A,B,1,2,A
4,28335,True,A,B,3,1,B
4,28336,True,A,B,3,1,B
4,28337,True,A,B,0,1,A
4,28338,True,B,A,3,1,A
4,28339,True,B,A,6,1,B
4,28340,True,B,A,3,1,B
4,28341,True,A,B,2,0,B
4,28342,True,A,B,1,2,A
4,28343,True,B,A,4,1,B
4,28344,True,B,A,10,1,B
4,28345,True,A,B,3,1,A
4,28346,True,B,A,6,1,B
4,28347,True,A,B,1,2,A
4,28348,True,B,A,10,1,B
4,28349,True,A,B,1,1,A
4,28350,True,A,B,10,1,B
4,28351,True,B,A,10,1,B
4,28352,True,B,A,10,1,B
4,28353,True,B,A,1,1,A
4,28354,True,A,B,1,1,A
4,28355,True,A,B,4,1,B
4,28356,False,,,,,
4,28357,True,A,B,1,2,A
4,28358,True,A,B,10,1,B
4,28359,True,B,A,2,0,B
4,28360,True,A,B,3,1,B
4,28361,True,A,B,3,1,B
4,28362,True,A,B,10,1,B
4,28363,True,A,B,1,1,A
4,28364,True,A,B,1,1,A
4,28365,True,B,A,1,2,A
4,28366,True,A,B,3,1,A
4,28367,True,B,A,2,0,B
4,28368,True,A,B,2,1,B
4,28369,True,B,A,0,1,A
4,28370,True,A,B,4,1,B
4,28371,True,A,B,6,1,B
4,28372,True,A,B,1,1,A
4,28373,True,B,A,10,1,B
4,28374,True,B,A,10,1,B
4,28375,True,A,B,4,1,B
4,28376,True,A,B,6,1,B
4,28377,True,A,B,2,1,A
4,28378,True,B,A,1,2,A
4,28379,True,A,B,6,1,B
4,28380,True,B,A,4,1,B
4,28381,True,B,A,3,1,A
4,28382,True,A,B,0,1,A
4,28383,True,A,B,0,1,A
4,28384,True,B,A,1,2,A
4,28385,True,A,B,1,2,A
4,28386,False,,,,,
4,28387,True,A,B,0,1,A
4,28388,True,B,A,2,1,A
4,28389,True,B,A,2,0,B
4,28390,True,B,A,10,1,B
4,28391,True,B,A,2,1,B
4,28392,True,A,B,1,1,A
4,28393,True,B,A,3,1,B
4,28394,True,A,B,6,1,B
4,28395,True,B,A,2,1,B
4,28396,True,B,A,10,1,B
4,28397,True,B,A,2,1,B
4,28398,False,,,,,
4,28399,True,A,B,6,1,B
4,28400,True,B,A,4,1,B
4,28401,True,A,B,10,1,B
4,28402,True,B,A,6,1,B
4,28403,True,A,B,3,1,A
4,28404,True,B,A,2,0,B
4,28405,True,A,B,1,1,A
4,28406,True,A,B,10,1,B
4,28407,True,B,A,10,1,B
4,28408,True,A,B,1,1,B
4,28409,True,A,B,1,1,A
4,28410,True,B,A,2,1,B
4,28411,True,B,A,3,1,A
4,28412,True,B,A,3,1,B
4,28413,True,B,A,0,1,A
4,28414,True,A,B,4,1,B
4,28415,True,B,A,3,1,B
4,28416,True,B,A,0,1,A
4,28417,True,A,B,2,1,B
4,28418,True,A,B,1,1,A
4,28419,False,,,,,
4,28420,True,B,A,2,1,A
4,28421,True,A,B,2,1,A
4,28422,True,B,A,6,1,B
4,28423,True,B,A,4,1,B
4,28424,True,B,A,4,1,B
4,28425,True,A,B,4,1,B
4,28426,True,A,B,6,1,B
4,28427,True,B,A,1,1,B
4,28428,True,A,B,2,1,B
4,28429,True,A,B,1,1,A
4,28430,True,A,B,0,1,A
4,28431,True,A,B,6,1,B
4,28432,True,B,A,1,2,A
4,28433,True,A,B,1,2,A
4,28434,True,B,A,4,1,B
4,28435,True,B,A,10,1,B
4,28436,True,A,B,6,1,B
4,28437,True,B,A,2,0,B
4,28438,True,B,A,4,1,B
4,28439,True,B,A,6,1,B
4,28440,True,A,B,2,0,B
4,28441,True,A,B,4,1,B
4,28442,True,B,A,2,1,A
4,28443,True,B,A,6,1,B
4,28444,True,B,A,1,2,A
4,28445,True,A,B,0,1,A
4,28446,True,A,B,6,1,B
4,28447,True,B,A,3,1,B
4,28448,True,A,B,2,0,B
4,28449,True,B,A,3,1,B
4,28450,True,B,A,0,1,A
4,28451,True,B,A,3,1,B
4,28452,True,B,A,10,1,B
4,28453,True,A,B,0,1,A
4,28454,False,,,,,
4,28455,True,B,A,2,1,B
4,28456,True,B,A,2,1,A
4,28457,True,B,A,3,1,A
4,28458,True,B,A,6,1,B
4,28459,True,B,A,1,1,A
4,28460,True,A,B,2,0,B
4,28461,True,B,A,1,2,A
4,28462,True,A,B,1,2,A
4,28463,True,B,A,3,1,B
4,28464,True,B,A,6,1,B
4,28465,True,B,A,1,1,A
4,28466,True,A,B,1,2,A
4,28467,True,A,B,2,1,A
4,28468,True,A,B,0,1,A
4,28469,True,A,B,6,1,B
4,28470,True,A,B,2,0,B
4,28471,True,B,A,0,1,A
4,28472,True,A,B,10,1,B
4,28473,False,,,,,
4,28474,True,B,A,1,2,A
4,28475,True,A,B,4,1,A
4,28476,True,B,A,4,1,B
4,28477,True,B,A,10,1,B
4,28478,True,B,A,2,1,A
4,28479,True,A,B,2,0,B
4,28480,True,A,B,10,1,B
4,28481,True,A,B,10,1,B
4,28482,True,A,B,10,1,B
4,28483,True,A,B,4,1,A
4,28484,True,A,B,0,1,A
4,28485,True,B,A,4,1,B
4,28486,True,B,A,4,1,B
4,28487,True,B,A,1,2,A
4,28488,False,,,,,
4,28489,True,A,B,0,1,A
4,28490,True,B,A,0,1,A
4,28491,True,B,A,2,0,B
4,28492,True,A,B,6,1,B
4,28493,True,B,A,2,1,B
4,28494,True,A,B,1,2,A
4,28495,True,B,A,6,1,B
4,28496,True,B,A,3,1,B
4,28497,True,B,A,1,2,B
4,28498,True,B,A,4,1,B
4,28499,True,A,B,0,1,A
4,28500,True,A,B,0,1,A
4,28501,True,B,A,3,1,B
4,28502,True,B,A,1,2,A
4,28503,True,B,A,2,0,B
4,28504,True,B,A,2,0,B
4,28505,True,B,A,3,1,B
4,28506,False,,,,,
4,28507,True,A,B,1,1,A
4,28508,True,A,B,2,1,A
4,28509,True,A,B,3,1,A
4,28510,False,,,,,
4,28511,True,B,A,6,1,B
4,28512,True,A,B,10,1,B
4,28513,True,B,A,4,1,B
4,28514,True,B,A,1,2,A
4,28515,False,,,,,
4,28516,True,A,B,6,1,B
4,28517,True,B,A,2,1,B
4,28518,True,A,B,3,1,B
4,28519,True,A,B,6,1,B
4,28520,True,A,B,1,1,A
4,28521,True,B,A,10,1,B
4,28522,True,B,A,4,1,B
4,28523,True,B,A,1,1,A
4,28524,True,A,B,2,0,B
4,28525,True,B,A,3,1,B
4,28526,True,A,B,0,1,A
4,28527,True,B,A,10,1,B
4,28528,False,,,,,
4,28529,True,B,A,2,0,B
4,28530,True,B,A,0,1,A
4,28531,True,B,A,2,1,B
4,28532,True,A,B,6,1,B
4,28533,True,B,A,2,0,B
4,28534,True,B,A,2,0,B
4,28535,True,A,B,1,2,A
4,28536,True,A,B,2,1,A
4,28537,True,B,A,2,1,B
4,28538,True,B,A,6,1,B
4,28539,True,A,B,2,0,B
4,28540,True,B,A,1,2,A
4,28541,True,A,B,1,2,A
4,28542,True,B,A,2,1,B
4,28543,True,A,B,1,1,A
4,28544,True,B,A,1,1,A
4,28545,True,A,B,4,1,A
4,28546,True,A,B,2,1,A
4,28547,True,A,B,3,1,B
4,28548,True,B,A,6,1,B
4,28549,True,B,A,2,1,A
4,28550,True,B,A,6,1,B
4,28551,True,A,B,4,1,B
4,28552,True,B,A,1,2,A
4,28553,True,A,B,2,0,B
4,28554,True,B,A,0,1,A
4,28555,True,B,A,2,1,A
4,28556,True,B,A,1,1,A
4,28557,False,,,,,
4,28558,True,B,A,1,2,A
4,28559,True,B,A,2,1,B
4,28560,True,B,A,0,1,A
4,28561,True,A,B,1,2,A
4,28562,True,B,A,1,1,A
4,28563,True,B,A,3,1,B
4,28564,True,B,A,0,1,A
4,28565,True,B,A,2,0,B
4,28566,False,,,,,
4,28567,True,B,A,3,1,B
4,28568,True,A,B,0,1,A
4,28569,True,B,A,2,1,B
4,28570,True,A,B,1,1,A
4,28571,True,B,A,4,1,B
4,28572,True,A,B,10,1,B
4,28573,True,A,B,1,1,A
4,28574,True,A,B,6,1,B
4,28575,True,A,B,2,1,B
4,28576,True,A,B,0,1,A
4,28577,True,B,A,0,1,A
4,28578,True,B,A,1,2,A
4,28579,True,A,B,3,1,B
4,28580,True,B,A,10,1,B
4,28581,True,A,B,6,1,B
4,28582,True,B,A,2,1,A
4,28583,True,B,A,3,1,A
4,28584,True,B,A,3,1,A
4,28585,True,A,B,4,1,B
4,28586,True,B,A,4,1,B
4,28587,True,B,A,0,1,A
4,28588,True,A,B,4,1,B
4,28589,True,B,A,3,1,B
4,28590,True,A,B,2,0,B
4,28591,True,B,A,1,2,A
4,28592,True,A,B,4,1,B
4,28593,True,B,A,0,1,A
4,28594,True,B,A,6,1,B
4,28595,True,B,A,6,1,B
4,28596,True,A,B,4,1,B
4,28597,True,A,B,1,1,A
4,28598,True,A,B,1,1,A
4,28599,True,B,A,0,1,A
4,28600,True,A,B,4,1,B
4,28601,False,,,,,
4,28602,True,B,A,0,1,A
4,28603,True,B,A,4,1,B
4,28604,True,A,B,2,1,B
4,28605,True,B,A,3,1,B
4,28606,True,A,B,6,1,B
4,28607,True,A,B,1,2,A
4,28608,True,B,A,10,1,B
4,28609,True,A,B,10,1,B
4,28610,True,B,A,10,1,B
4,28611,True,A,B,4,1,B
4,28612,True,B,A,1,1,A
4,28613,True,B,A,6,1,B
4,28614,True,B,A,0,1,A
4,28615,True,B,A,2,1,B
4,28616,True,B,A,2,1,A
4,28617,True,A,B,0,1,A
4,28618,True,A,B,4,1,B
4,28619,True,A,B,4,1,B
4,28620,True,B,A,2,1,A
4,28621,True,B,A,2,1,A
4,28622,True,A,B,4,1,B
4,28623,True,B,A,2,1,A
4,28624,True,B,A,4,1,B
4,28625,True,B,A,10,1,B
4,28626,True,A,B,1,2,A
4,28627,True,B,A,0,1,A
4,28628,True,B,A,10,1,B
4,28629,True,A,B,0,1,A
4,28630,True,B,A,3,1,A
4,28631,True,B,A,1,2,A
4,28632,True,A,B,2,0,B
4,28633,True,B,A,4,1,B
4,28634,True,A,B,10,1,B
4,28635,True,B,A,6,1,B
4,28636,True,A,B,6,1,B
4,28637,True,B,A,10,1,B
4,28638,True,A,B,0,1,A
4,28639,True,B,A,0,1,A
4,28640,True,A,B,1,1,B
4,28641,False,,,,,
4,28642,True,A,B,10,1,B
4,28643,True,A,B,0,1,A
4,28644,True,A,B,1,1,A
4,28645,True,B,A,3,1,B
4,28646,True,A,B,3,1,B
4,28647,False,,,,,
4,28648,True,A,B,1,2,A
4,28649,True,A,B,4,1,B
4,28650,True,A,B,10,1,B
4,28651,True,B,A,2,1,B
4,28652,False,,,,,
4,28653,True,B,A,1,2,A
4,28654,True,B,A,1,2,B
4,28655,True,A,B,10,1,B
4,28656,True,B,A,2,1,A
4,28657,True,B,A,1,2,A
4,28658,True,B,A,1,1,A
4,28659,True,B,A,2,0,B
4,28660,True,A,B,1,1,A
4,28661,True,B,A,2,0,B
4,28662,False,,,,,
4,28663,True,B,A,1,1,A
4,28664,True,A,B,10,1,B
4,28665,True,B,A,2,1,A
4,28666,True,B,A,2,1,B
4,28667,True,A,B,6,1,B
4,28668,True,B,A,4,1,B
4,28669,True,B,A,6,1,B
4,28670,True,A,B,3,1,B
4,28671,True,B,A,1,2,A
4,28672,True,B,A,4,1,B
4,28673,True,B,A,1,1,A
4,28674,True,A,B,2,0,B
4,28675,True,B,A,6,1,B
4,28676,True,B,A,0,1,A
4,28677,True,A,B,0,1,A
4,28678,True,B,A,10,1,B
4,28679,True,B,A,1,2,A
4,28680,True,A,B,2,1,B
4,28681,True,A,B,1,1,A
4,28682,True,A,B,6,1,B
4,28683,True,A,B,2,1,A
4,28684,True,A,B,1,2,A
4,28685,False,,,,,
4,28686,True,B,A,1,1,A
4,28687,True,A,B,2,1,A
4,28688,True,A,B,4,1,B
4,28689,True,A,B,0,1,A
4,28690,True,A,B,4,1,B
4,28691,True,A,B,2,1,A
4,28692,True,B,A,10,1,B
4,28693,True,A,B,3,1,B
4,28694,True,B,A,2,1,A
4,28695,True,B,A,0,1,A
4,28696,True,B,A,1,2,A
4,28697,True,B,A,0,1,A
4,28698,True,A,B,1,1,A
4,28699,True,B,A,1,1,A
4,28700,True,A,B,6,1,B
4,28701,True,A,B,2,1,B
4,28702,True,A,B,4,1,A
4,28703,True,B,A,3,1,B
4,28704,True,A,B,0,1,A
4,28705,True,A,B,2,0,B
4,28706,True,A,B,0,1,A
4,28707,True,A,B,4,1,B
4,28708,True,A,B,2,1,B
4,28709,True,A,B,10,1,B
4,28710,True,B,A,4,1,B
4,28711,True,B,A,3,1,B
4,28712,True,A,B,0,1,A
4,28713,True,B,A,10,1,B
4,28714,False,,,,,
4,28715,True,B,A,0,1,A
4,28716,True,B,A,2,0,B
4,28717,True,B,A,0,1,A
4,28718,False,,,,,
4,28719,True,B,A,1,2,A
4,28720,True,A,B,1,2,B
4,28721,True,B,A,1,1,A
4,28722,True,B,A,1,1,B
4,28723,True,B,A,6,1,B
4,28724,True,A,B,10,1,B
4,28725,True,B,A,3,1,A
4,28726,True,B,A,1,1,A
4,28727,True,A,B,1,1,A
4,28728,True,B,A,2,1,A
4,28729,True,B,A,4,1,B
4,28730,True,B,A,3,1,B
4,28731,True,B,A,0,1,A
4,28732,True,A,B,2,0,B
4,28733,True,A,B,4,1,B
4,28734,True,A,B,3,1,B
4,28735,True,A,B,1,1,A
4,28736,True,B,A,4,1,B
4,28737,True,A,B,3,1,B
4,28738,False,,,,,
4,28739,True,B,A,2,0,B
4,28740,True,A,B,1,1,A
4,28741,True,B,A,1,1,A
4,28742,True,A,B,2,1,A
4,28743,True,A,B,2,0,B
4,28744,False,,,,,
4,28745,True,A,B,3,1,B
4,28746,True,A,B,0,1,A
4,28747,True,B,A,1,1,A
4,28748,True,B,A,1,2,A
4,28749,True,B,A,0,1,A
4,28750,True,A,B,10,1,B
4,28751,True,B,A,10,1,B
4,28752,True,B,A,1,2,A
4,28753,True,B,A,2,1,B
4,28754,True,B,A,6,1,B
4,28755,True,A,B,1,1,B
4,28756,True,B,A,6,1,B
4,28757,True,B,A,3,1,B
4,28758,True,B,A,2,1,A
4,28759,True,B,A,10,1,B
4,28760,True,A,B,6,1,B
4,28761,True,B,A,10,1,B
4,28762,True,A,B,10,1,B
4,28763,True,A,B,4,1,B
4,28764,True,B,A,1,2,A
4,28765,True,A,B,6,1,B
4,28766,True,A,B,1,2,A
4,28767,True,A,B,1,1,A
4,28768,True,A,B,1,1,A
4,28769,True,A,B,2,0,B
4,28770,True,A,B,4,1,B
4,28771,True,A,B,10,1,B
4,28772,True,B,A,6,1,B
4,28773,True,A,B,3,1,B
4,28774,False,,,,,
4,28775,True,A,B,2,0,B
4,28776,False,,,,,
4,28777,True,A,B,2,0,B
4,28778,True,A,B,10,1,B
4,28779,True,B,A,2,0,B
4,28780,True,A,B,1,2,A
4,28781,True,A,B,6,1,B
4,28782,False,,,,,
4,28783,True,A,B,2,1,B
4,28784,True,A,B,1,2,A
4,28785,True,A,B,2,1,A
4,28786,True,A,B,1,1,A
4,28787,False,,,,,
4,28788,True,B,A,2,0,B
4,28789,True,B,A,1,1,A
4,28790,True,B,A,6,1,B
4,28791,True,B,A,6,1,B
4,28792,True,B,A,3,1,B
4,28793,True,A,B,10,1,B
4,28794,True,A,B,6,1,B
4,28795,True,A,B,4,1,B
4,28796,True,B,A,6,1,B
4,28797,True,A,B,4,1,B
4,28798,True,B,A,1,1,A
4,28799,True,A,B,1,1,A
4,28800,True,B,A,3,1,A
4,28801,True,B,A,0,1,A
4,28802,True,A,B,10,1,B
4,28803,True,B,A,3,1,B
4,28804,True,A,B,6,1,B
4,28805,True,B,A,2,1,A
4,28806,True,A,B,2,1,B
4,28807,True,A,B,1,2,A
4,28808,True,A,B,4,1,B
4,28809,True,B,A,0,1,A
4,28810,True,B,A,2,0,B
4,28811,True,B,A,0,1,A
4,28812,False,,,,,
4,28813,True,A,B,1,1,B
4,28814,True,B,A,0,1,A
4,28815,True,A,B,1,1,A
4,28816,True,A,B,2,1,B
4,28817,True,B,A,3,1,B
4,28818,True,A,B,3,1,B
4,28819,True,A,B,6,1,B
4,28820,True,A,B,6,1,B
4,28821,True,B,A,1,1,A
4,28822,False,,,,,
4,28823,True,A,B,2,1,B
4,28824,False,,,,,
4,28825,True,B,A,3,1,A
4,28826,True,A,B,1,1,B
4,28827,True,A,B,6,1,B
4,28828,True,B,A,4,1,A
4,28829,True,A,B,1,1,B
4,28830,True,A,B,1,2,B
4,28831,True,A,B,2,0,B
4,28832,True,B,A,10,1,B
4,28833,True,A,B,3,1,B
4,28834,True,A,B,10,1,B
4,28835,True,A,B,1,1,B
4,28836,True,A,B,3,1,B
4,28837,True,B,A,4,1,A
4,28838,True,B,A,1,2,A
4,28839,True,B,A,2,1,A
4,28840,True,B,A,2,1,A
4,28841,True,B,A,0,1,A
4,28842,True,A,B,1,1,B
4,28843,True,B,A,10,1,B
4,28844,True,A,B,4,1,B
4,28845,True,B,A,2,1,A
4,28846,True,B,A,0,1,A
4,28847,True,A,B,3,1,B
4,28848,True,A,B,0,1,A
4,28849,True,A,B,0,1,A
4,28850,True,A,B,1,2,A
4,28851,True,A,B,2,1,B
4,28852,True,A,B,2,0,B
4,28853,True,B,A,6,1,B
4,28854,True,B,A,6,1,B
4,28855,True,B,A,3,1,B
4,28856,True,B,A,2,0,B
4,28857,True,A,B,1,1,B
4,28858,True,A,B,0,1,A
4,28859,True,A,B,10,1,B
4,28860,True,B,A,3,1,B
4,28861,True,A,B,1,1,A
4,28862,True,A,B,6,1,B
4,28863,True,A,B,4,1,B
4,28864,True,A,B,1,1,B
4,28865,True,B,A,1,1,A
4,28866,True,A,B,1,1,A
4,28867,True,B,A,2,1,A
4,28868,True,A,B,6,1,B
4,28869,True,A,B,6,1,B
4,28870,True,B,A,10,1,B
4,28871,True,A,B,2,0,B
4,28872,True,A,B,0,1,A
4,28873,True,B,A,3,1,B
4,28874,True,A,B,2,1,B
4,28875,True,A,B,2,1,A
4,28876,True,A,B,4,1,B
4,28877,True,A,B,1,1,A
4,28878,True,B,A,1,2,A
4,28879,True,B,A,1,1,A
4,28880,True,B,A,4,1,B
4,28881,True,B,A,1,2,A
4,28882,True,A,B,6,1,B
4,28883,True,B,A,1,1,A
4,28884,True,A,B,3,1,B
4,28885,True,A,B,10,1,B
4,28886,True,A,B,0,1,A
4,28887,True,A,B,3,1,B
4,28888,True,A,B,4,1,B
4,28889,True,A,B,2,1,B
4,28890,True,A,B,0,1,A
4,28891,True,A,B,10,1,B
4,28892,True,A,B,6,1,B
4,28893,True,A,B,4,1,A
4,28894,True,A,B,1,2,A
4,28895,True,A,B,2,1,B
4,28896,True,B,A,4,1,B
4,28897,True,A,B,0,1,A
4,28898,True,B,A,4,1,B
4,28899,True,B,A,1,2,A
4,28900,True,A,B,2,0,B
4,28901,True,B,A,4,1,B
4,28902,True,B,A,1,1,A
4,28903,True,B,A,2,0,B
4,28904,True,A,B,6,1,B
4,28905,True,B,A,1,1,A
4,28906,True,B,A,2,1,A
4,28907,True,B,A,6,1,B
4,28908,True,A,B,6,1,B
4,28909,True,B,A,0,1,A
4,28910,True,A,B,4,1,B
4,28911,False,,,,,
4,28912,True,B,A,6,1,B
4,28913,True,A,B,0,1,A
4,28914,True,A,B,0,1,A
4,28915,True,A,B,4,1,B
4,28916,True,B,A,2,0,B
4,28917,True,A,B,0,1,A
4,28918,True,A,B,2,1,B
4,28919,True,B,A,1,2,A
4,28920,True,A,B,0,1,A
4,28921,True,B,A,4,1,B
4,28922,True,B,A,0,1,A
4,28923,True,B,A,4,1,B
4,28924,True,B,A,1,1,A
4,28925,True,B,A,2,1,A
4,28926,False,,,,,
4,28927,True,A,B,1,2,A
4,28928,True,A,B,3,1,B
4,28929,True,A,B,2,1,A
4,28930,True,A,B,10,1,B
4,28931,True,B,A,3,1,A
4,28932,True,B,A,2,0,B
4,28933,True,B,A,2,1,B
4,28934,True,A,B,10,1,B
4,28935,True,A,B,2,1,B
4,28936,True,B,A,2,0,B
4,28937,True,B,A,0,1,A
4,28938,True,B,A,3,1,B
4,28939,True,A,B,2,1,A
4,28940,True,B,A,3,1,B
4,28941,True,B,A,3,1,B
4,28942,True,A,B,6,1,B
4,28943,True,A,B,2,1,A
4,28944,True,B,A,6,1,B
4,28945,True,B,A,4,1,B
4,28946,True,A,B,1,2,A
4,28947,True,A,B,10,1,B
4,28948,True,A,B,0,1,A
4,28949,True,A,B,2,0,B
4,28950,True,A,B,10,1,B
4,28951,True,A,B,1,1,A
4,28952,True,B,A,10,1,B
4,28953,True,B,A,3,1,B
4,28954,True,A,B,10,1,B
4,28955,True,B,A,10,1,B
4,28956,False,,,,,
4,28957,True,A,B,1,2,A
4,28958,True,B,A,4,1,B
4,28959,True,A,B,1,1,A
4,28960,True,B,A,3,1,B
4,28961,True,B,A,1,1,A
4,28962,True,B,A,0,1,A
4,28963,True,A,B,10,1,B
4,28964,True,B,A,1,2,A
4,28965,True,B,A,0,1,A
4,28966,True,B,A,6,1,B
4,28967,True,B,A,0,1,A
4,28968,True,B,A,3,1,B
4,28969,True,A,B,2,1,A
4,28970,True,B,A,1,1,B
4,28971,True,B,A,0,1,A
4,28972,True,B,A,3,1,A
4,28973,True,B,A,2,1,B
4,28974,True,A,B,1,1,A
4,28975,True,B,A,1,1,A
4,28976,True,A,B,4,1,B
4,28977,True,B,A,1,1,B
4,28978,True,B,A,10,1,B
4,28979,True,B,A,10,1,B
4,28980,True,A,B,4,1,B
4,28981,True,B,A,2,0,B
4,28982,True,B,A,1,1,A
4,28983,True,A,B,1,1,A
4,28984,True,A,B,2,0,B
4,28985,True,B,A,10,1,B
4,28986,True,B,A,10,1,B
4,28987,True,B,A,4,1,B
4,28988,True,A,B,1,1,A
4,28989,True,B,A,4,1,B
4,28990,True,B,A,4,1,B
4,28991,False,,,,,
4,28992,True,B,A,1,2,A
4,28993,True,A,B,10,1,B
4,28994,True,A,B,0,1,A
4,28995,True,B,A,3,1,B
4,28996,False,,,,,
4,28997,True,B,A,1,2,A
4,28998,True,A,B,6,1,B
4,28999,True,B,A,1,1,A
4,29000,True,B,A,6,1,B
4,29001,True,A,B,2,1,A
4,29002,True,A,B,3,1,B
4,29003,True,A,B,1,2,A
4,29004,True,A,B,1,2,A
4,29005,True,B,A,0,1,A
4,29006,True,B,A,6,1,B
4,29007,True,B,A,3,1,B
4,29008,True,B,A,2,0,B
4,29009,True,B,A,2,0,B
4,29010,True,A,B,10,1,B
4,29011,True,B,A,10,1,B
4,29012,True,B,A,3,1,B
4,29013,True,A,B,10,1,B
4,29014,True,B,A,10,1,B
4,29015,True,A,B,1,2,A
4,29016,True,A,B,10,1,B
4,29017,True,A,B,3,1,B
4,29018,True,A,B,6,1,B
4,29019,False,,,,,
4,29020,True,A,B,1,2,A
4,29021,True,B,A,1,2,A
4,29022,True,B,A,10,1,B
4,29023,True,B,A,2,1,B
4,29024,True,B,A,6,1,B
4,29025,True,B,A,1,1,A
4,29026,True,A,B,4,1,B
4,29027,True,A,B,10,1,B
4,29028,True,B,A,4,1,B
4,29029,True,A,B,2,0,B
4,29030,True,A,B,3,1,B
4,29031,True,A,B,1,2,A
4,29032,True,B,A,1,2,A
4,29033,True,B,A,10,1,B
4,29034,True,A,B,4,1,B
4,29035,True,B,A,2,0,B
4,29036,True,A,B,4,1,B
4,29037,True,A,B,4,1,B
4,29038,True,B,A,1,1,A
4,29039,True,A,B,0,1,A
4,29040,False,,,,,
4,29041,False,,,,,
4,29042,True,B,A,0,1,A
4,29043,True,B,A,1,1,A
4,29044,True,B,A,0,1,A
4,29045,True,B,A,10,1,B
4,29046,True,A,B,1,1,A
4,29047,True,B,A,6,1,B
4,29048,True,A,B,2,0,B
4,29049,True,A,B,10,1,B
4,29050,True,A,B,10,1,B
4,29051,True,B,A,10,1,B
4,29052,True,A,B,6,1,B
4,29053,True,B,A,1,1,B
4,29054,True,B,A,1,1,A
4,29055,True,A,B,0,1,A
4,29056,True,B,A,6,1,B
4,29057,True,B,A,0,1,A
4,29058,False,,,,,
4,29059,True,A,B,4,1,B
4,29060,True,A,B,1,2,A
4,29061,True,A,B,10,1,B
4,29062,True,B,A,0,1,A
4,29063,True,A,B,2,1,B
4,29064,True,B,A,1,2,A
4,29065,True,B,A,4,1,B
4,29066,True,A,B,0,1,A
4,29067,True,B,A,4,1,B
4,29068,True,B,A,2,0,B
4,29069,True,A,B,1,1,A
4,29070,True,A,B,4,1,B
4,29071,False,,,,,
4,29072,True,A,B,10,1,B
4,29073,True,B,A,2,0,B
4,29074,True,A,B,0,1,A
4,29075,True,A,B,1,1,A
4,29076,True,B,A,1,1,A
4,29077,True,B,A,1,2,A
4,29078,True,A,B,0,1,A
4,29079,True,A,B,6,1,B
4,29080,True,A,B,2,1,A
4,29081,True,B,A,6,1,B
4,29082,True,A,B,1,1,B
4,29083,True,B,A,4,1,B
4,29084,True,A,B,1,2,A
4,29085,True,A,B,1,1,A
4,29086,True,B,A,0,1,A
4,29087,True,B,A,2,0,B
4,29088,True,A,B,6,1,B
4,29089,True,B,A,1,2,A
4,29090,True,B,A,4,1,B
4,29091,True,A,B,6,1,B
4,29092,True,B,A,10,1,B
4,29093,True,B,A,3,1,B
4,29094,True,A,B,0,1,A
4,29095,True,A,B,2,0,B
4,29096,True,A,B,6,1,B
4,29097,True,B,A,10,1,B
4,29098,True,B,A,10,1,B
4,29099,True,B,A,0,1,A
4,29100,True,A,B,2,1,B
4,29101,True,A,B,6,1,B
4,29102,True,A,B,6,1,B
4,29103,True,A,B,1,2,A
4,29104,True,A,B,4,1,B
4,29105,True,B,A,10,1,B
4,29106,True,B,A,6,1,B
4,29107,True,B,A,1,2,A
4,29108,False,,,,,
4,29109,True,A,B,4,1,B
4,29110,True,A,B,3,1,B
4,29111,True,B,A,0,1,A
4,29112,True,B,A,0,1,A
4,29113,True,A,B,2,0,B
4,29114,True,A,B,6,1,B
4,29115,True,B,A,1,2,A
4,29116,True,A,B,2,1,B
4,29117,True,B,A,2,0,B
4,29118,True,A,B,0,1,A
4,29119,True,B,A,1,1,A
4,29120,True,B,A,10,1,B
4,29121,True,A,B,0,1,A
4,29122,True,A,B,10,1,B
4,29123,True,A,B,4,1,B
4,29124,True,B,A,6,1,B
4,29125,True,B,A,0,1,A
4,29126,True,A,B,1,1,A
4,29127,True,B,A,6,1,B
4,29128,True,A,B,3,1,B
4,29129,True,B,A,2,1,A
4,29130,True,B,A,10,1,B
4,29131,True,B,A,2,1,A
4,29132,True,A,B,2,1,B
4,29133,True,B,A,1,1,A
4,29134,True,A,B,4,1,B
4,29135,True,A,B,2,0,B
4,29136,True,A,B,1,2,A
4,29137,True,A,B,6,1,B
4,29138,True,A,B,1,2,A
4,29139,True,A,B,4,1,B
4,29140,True,A,B,0,1,A
4,29141,True,A,B,4,1,B
4,29142,True,B,A,1,1,A
4,29143,True,B,A,2,1,A
4,29144,True,B,A,2,0,B
4,29145,True,A,B,4,1,A
4,29146,True,B,A,1,1,B
4,29147,True,B,A,1,2,A
4,29148,True,B,A,0,1,A
4,29149,True,A,B,0,1,A
4,29150,True,B,A,2,1,B
4,29151,True,A,B,2,0,B
4,29152,True,A,B,6,1,B
4,29153,True,B,A,1,1,A
4,29154,True,B,A,2,1,A
4,29155,True,B,A,6,1,B
4,29156,True,B,A,3,1,A
4,29157,True,A,B,1,2,A
4,29158,True,B,A,1,1,A
4,29159,True,B,A,0,1,A
4,29160,True,A,B,6,1,B
4,29161,True,B,A,2,1,B
4,29162,True,A,B,2,0,B
4,29163,False,,,,,
4,29164,True,B,A,6,1,B
4,29165,True,B,A,2,0,B
4,29166,True,B,A,2,0,B
4,29167,True,A,B,0,1,A
4,29168,True,A,B,10,1,B
4,29169,True,A,B,1,2,A
4,29170,True,A,B,2,0,B
4,29171,True,A,B,6,1,B
4,29172,True,B,A,6,1,B
4,29173,True,B,A,1,2,B
4,29174,True,A,B,1,2,A
4,29175,True,B,A,2,0,B
4,29176,True,B,A,1,2,A
4,29177,True,A,B,1,1,B
4,29178,True,B,A,1,2,A
4,29179,True,B,A,0,1,A
4,29180,True,A,B,4,1,B
4,29181,True,B,A,1,1,A
4,29182,True,A,B,2,1,A
4,29183,True,A,B,3,1,B
4,29184,True,B,A,3,1,B
4,29185,True,A,B,1,2,A
4,29186,True,A,B,2,1,A
4,29187,True,B,A,4,1,B
4,29188,True,A,B,3,1,B
4,29189,True,A,B,2,0,B
4,29190,True,B,A,6,1,B
4,29191,True,B,A,6,1,B
4,29192,True,A,B,1,2,A
4,29193,True,A,B,2,1,B
4,29194,True,A,B,3,1,B
4,29195,True,A,B,1,1,A
4,29196,True,A,B,6,1,B
4,29197,True,A,B,0,1,A
4,29198,True,A,B,10,1,B
4,29199,True,A,B,1,2,A
4,29200,True,A,B,6,1,B
4,29201,True,B,A,10,1,B
4,29202,True,A,B,10,1,B
4,29203,True,A,B,4,1,B
4,29204,True,B,A,6,1,B
4,29205,True,A,B,0,1,A
4,29206,True,B,A,4,1,B
4,29207,True,B,A,4,1,B
4,29208,True,B,A,3,1,B
4,29209,True,A,B,2,0,B
4,29210,True,B,A,1,1,A
4,29211,True,A,B,2,0,B
4,29212,True,A,B,3,1,B
4,29213,True,A,B,4,1,B
4,29214,True,B,A,0,1,A
4,29215,True,A,B,2,0,B
4,29216,True,B,A,10,1,B
4,29217,True,A,B,1,2,A
4,29218,True,B,A,6,1,B
4,29219,True,B,A,2,1,B
4,29220,True,A,B,4,1,B
4,29221,False,,,,,
4,29222,True,B,A,6,1,B
4,29223,True,B,A,3,1,B
4,29224,True,B,A,1,1,A
4,29225,True,B,A,1,2,A
4,29226,True,A,B,3,1,B
4,29227,True,A,B,2,0,B
4,29228,True,A,B,10,1,B
4,29229,True,A,B,1,2,A
4,29230,True,A,B,10,1,B
4,29231,True,A,B,0,1,A
4,29232,True,B,A,4,1,B
4,29233,True,A,B,2,0,B
4,29234,True,B,A,2,1,B
4,29235,True,B,A,4,1,B
4,29236,True,A,B,2,1,A
4,29237,True,A,B,6,1,B
4,29238,True,B,A,1,1,A
4,29239,True,B,A,0,1,A
4,29240,False,,,,,
4,29241,True,B,A,0,1,A
4,29242,True,B,A,4,1,B
4,29243,True,B,A,6,1,B
4,29244,True,B,A,3,1,B
4,29245,True,B,A,10,1,B
4,29246,True,B,A,10,1,B
4,29247,True,B,A,1,1,B
4,29248,True,A,B,10,1,B
4,29249,True,B,A,6,1,B
4,29250,True,B,A,3,1,B
4,29251,True,A,B,10,1,B
4,29252,True,A,B,1,2,B
4,29253,True,B,A,0,1,A
4,29254,True,A,B,1,2,A
4,29255,True,A,B,1,1,A
4,29256,True,A,B,4,1,B
4,29257,True,B,A,1,2,A
4,29258,True,B,A,1,2,A
4,29259,True,A,B,4,1,B
4,29260,True,B,A,2,1,A
4,29261,True,B,A,4,1,B
4,29262,False,,,,,
4,29263,True,B,A,6,1,B
4,29264,True,B,A,1,2,A
4,29265,True,A,B,0,1,A
4,29266,False,,,,,
4,29267,True,A,B,6,1,B
4,29268,True,A,B,6,1,B
4,29269,True,A,B,1,1,A
4,29270,False,,,,,
4,29271,True,B,A,4,1,B
4,29272,True,B,A,2,0,B
4,29273,True,B,A,2,0,B
4,29274,True,A,B,6,1,B
4,29275,True,A,B,2,1,B
4,29276,True,A,B,3,1,B
4,29277,True,B,A,2,1,A
4,29278,True,A,B,4,1,B
4,29279,True,B,A,2,1,A
4,29280,True,A,B,1,1,B
4,29281,True,A,B,2,1,A
4,29282,True,B,A,4,1,B
4,29283,True,B,A,0,1,A
4,29284,True,A,B,0,1,A
4,29285,True,B,A,4,1,B
4,29286,True,B,A,1,1,A
4,29287,True,B,A,2,1,A
4,29288,True,B,A,3,1,A
4,29289,True,B,A,1,1,A
4,29290,True,A,B,1,2,B
4,29291,True,B,A,1,2,A
4,29292,True,A,B,1,1,A
4,29293,True,B,A,4,1,B
4,29294,True,B,A,1,1,A
4,29295,True,A,B,6,1,B
4,29296,True,B,A,0,1,A
4,29297,True,B,A,6,1,B
4,29298,True,A,B,0,1,A
4,29299,True,A,B,0,1,A
4,29300,True,B,A,3,1,B
4,29301,True,B,A,1,2,A
4,29302,True,B,A,10,1,B
4,29303,True,A,B,4,1,B
4,29304,True,B,A,0,1,A
4,29305,True,A,B,0,1,A
4,29306,True,B,A,1,1,A
4,29307,False,,,,,
4,29308,True,A,B,4,1,B
4,29309,True,A,B,6,1,B
4,29310,True,B,A,1,1,B
4,29311,True,A,B,4,1,B
4,29312,True,B,A,2,0,B
4,29313,True,A,B,3,1,A
4,29314,True,B,A,2,1,B
4,29315,True,B,A,10,1,B
4,29316,True,B,A,2,0,B
4,29317,True,B,A,10,1,B
4,29318,True,B,A,1,2,A
4,29319,True,A,B,0,1,A
4,29320,True,A,B,2,0,B
4,29321,True,B,A,3,1,A
4,29322,True,A,B,6,1,B
4,29323,True,B,A,4,1,B
4,29324,True,B,A,6,1,B
4,29325,True,A,B,6,1,B
4,29326,True,B,A,0,1,A
4,29327,True,B,A,2,1,B
4,29328,False,,,,,
4,29329,True,B,A,2,0,B
4,29330,True,B,A,10,1,B
4,29331,True,B,A,0,1,A
4,29332,True,B,A,1,1,A
4,29333,True,A,B,2,1,B
4,29334,True,A,B,1,2,A
4,29335,True,A,B,3,1,B
4,29336,True,B,A,6,1,B
4,29337,True,B,A,6,1,B
4,29338,True,A,B,2,1,B
4,29339,True,A,B,0,1,A
4,29340,True,A,B,0,1,A
4,29341,False,,,,,
4,29342,True,B,A,10,1,B
4,29343,True,B,A,4,1,B
4,29344,True,B,A,3,1,A
4,29345,True,A,B,3,1,A
4,29346,True,B,A,3,1,B
4,29347,True,B,A,10,1,B
4,29348,True,B,A,10,1,B
4,29349,True,B,A,3,1,A
4,29350,True,A,B,2,1,B
4,29351,True,B,A,1,2,A
4,29352,True,B,A,2,1,B
4,29353,True,B,A,0,1,A
4,29354,True,B,A,2,0,B
4,29355,True,A,B,2,0,B
4,29356,True,B,A,3,1,B
4,29357,True,B,A,2,1,A
4,29358,True,A,B,4,1,B
4,29359,True,B,A,4,1,A
4,29360,True,A,B,4,1,B
4,29361,True,A,B,1,2,A
4,29362,True,B,A,1,1,A
4,29363,True,B,A,4,1,B
4,29364,True,B,A,2,1,A
4,29365,True,B,A,0,1,A
4,29366,True,B,A,6,1,B
4,29367,True,A,B,6,1,B
4,29368,True,A,B,10,1,B
4,29369,True,A,B,6,1,B
4,29370,True,A,B,10,1,B
4,29371,True,B,A,1,1,A
4,29372,True,B,A,4,1,B
4,29373,True,B,A,4,1,B
4,29374,True,B,A,2,0,B
4,29375,True,A,B,0,1,A
4,29376,True,B,A,10,1,B
4,29377,True,B,A,4,1,B
4,29378,True,A,B,1,2,A
4,29379,True,A,B,6,1,B
4,29380,True,B,A,1,1,A
4,29381,True,B,A,10,1,B
4,29382,True,A,B,1,1,B
4,29383,True,B,A,1,2,A
4,29384,True,A,B,2,1,B
4,29385,True,B,A,1,2,A
4,29386,True,A,B,0,1,A
4,29387,True,B,A,1,2,A
4,29388,True,B,A,1,2,A
4,29389,True,A,B,3,1,B
4,29390,True,B,A,10,1,B
4,29391,True,A,B,2,0,B
4,29392,False,,,,,
4,29393,True,B,A,2,1,B
4,29394,True,B,A,10,1,B
4,29395,True,B,A,6,1,B
4,29396,True,A,B,0,1,A
4,29397,True,B,A,0,1,A
4,29398,True,A,B,10,1,B
4,29399,True,B,A,1,2,A
4,29400,True,A,B,3,1,A
4,29401,True,B,A,0,1,A
4,29402,True,B,A,2,1,A
4,29403,True,B,A,1,2,A
4,29404,True,B,A,1,1,A
4,29405,True,B,A,1,1,A
4,29406,True,A,B,6,1,B
4,29407,False,,,,,
4,29408,True,A,B,10,1,B
4,29409,True,A,B,3,1,B
4,29410,True,B,A,2,0,B
4,29411,False,,,,,
4,29412,True,B,A,0,1,A
4,29413,True,B,A,2,1,B
4,29414,True,A,B,3,1,B
4,29415,True,B,A,0,1,A
4,29416,True,A,B,2,1,B
4,29417,True,B,A,3,1,B
4,29418,True,A,B,10,1,B
4,29419,False,,,,,
4,29420,True,B,A,2,1,A
4,29421,True,A,B,0,1,A
4,29422,True,A,B,1,2,A
4,29423,True,A,B,1,1,A
4,29424,True,B,A,1,2,A
4,29425,True,A,B,1,2,B
4,29426,True,A,B,6,1,B
4,29427,True,B,A,0,1,A
4,29428,True,B,A,1,1,A
4,29429,True,B,A,4,1,B
4,29430,True,B,A,2,1,A
4,29431,True,A,B,10,1,B
4,29432,True,B,A,2,0,B
4,29433,True,A,B,2,0,B
4,29434,True,B,A,1,1,A
4,29435,True,B,A,1,2,A
4,29436,True,B,A,10,1,B
4,29437,True,B,A,2,0,B
4,29438,True,A,B,1,1,A
4,29439,True,A,B,0,1,A
4,29440,True,A,B,1,2,A
4,29441,True,A,B,1,2,A
4,29442,True,B,A,6,1,B
4,29443,True,B,A,2,1,B
4,29444,True,B,A,4,1,B
4,29445,True,B,A,2,0,B
4,29446,True,A,B,3,1,B
4,29447,True,B,A,10,1,B
4,29448,True,B,A,2,0,B
4,29449,True,A,B,3,1,B
4,29450,True,B,A,4,1,B
4,29451,True,B,A,3,1,A
4,29452,True,A,B,1,1,A
4,29453,False,,,,,
4,29454,True,B,A,3,1,B
4,29455,True,A,B,1,2,A
4,29456,True,B,A,3,1,B
4,29457,True,A,B,4,1,B
4,29458,True,B,A,4,1,B
4,29459,True,A,B,4,1,A
4,29460,False,,,,,
4,29461,True,A,B,6,1,B
4,29462,True,B,A,4,1,B
4,29463,True,B,A,1,2,B
4,29464,True,B,A,1,1,A
4,29465,True,A,B,2,1,A
4,29466,True,A,B,4,1,B
4,29467,True,B,A,4,1,B
4,29468,True,A,B,4,1,B
4,29469,True,B,A,3,1,B
4,29470,True,B,A,1,1,A
4,29471,True,B,A,1,1,A
4,29472,True,A,B,3,1,B
4,29473,True,A,B,3,1,B
4,29474,True,B,A,10,1,B
4,29475,True,B,A,0,1,A
4,29476,True,A,B,0,1,A
4,29477,True,B,A,1,1,A
4,29478,True,A,B,2,0,B
4,29479,True,B,A,6,1,B
4,29480,True,B,A,2,1,A
4,29481,True,B,A,2,1,A
4,29482,True,B,A,3,1,B
4,29483,True,B,A,4,1,B
4,29484,True,A,B,1,2,A
4,29485,True,A,B,4,1,B
4,29486,True,A,B,2,0,B
4,29487,True,A,B,2,0,B
4,29488,True,B,A,2,1,A
4,29489,True,B,A,2,1,A
4,29490,True,A,B,2,1,B
4,29491,True,B,A,6,1,B
4,29492,True,A,B,10,1,B
4,29493,True,A,B,2,1,A
4,29494,True,A,B,3,1,B
4,29495,True,A,B,10,1,B
4,29496,True,A,B,1,2,A
4,29497,True,B,A,0,1,A
4,29498,True,A,B,1,2,A
4,29499,True,A,B,2,1,B
4,29500,True,B,A,3,1,B
4,29501,True,A,B,0,1,A
4,29502,True,A,B,3,1,B
4,29503,True,B,A,4,1,B
4,29504,True,A,B,1,1,B
4,29505,True,A,B,4,1,B
4,29506,True,B,A,10,1,B
4,29507,True,A,B,1,2,A
4,29508,True,B,A,6,1,B
4,29509,True,A,B,3,1,B
4,29510,True,B,A,2,1,B
4,29511,True,A,B,1,2,A
4,29512,True,A,B,10,1,B
4,29513,True,A,B,0,1,A
4,29514,True,A,B,4,1,B
4,29515,True,A,B,6,1,B
4,29516,True,A,B,1,2,A
4,29517,True,A,B,1,2,A
4,29518,True,A,B,3,1,B
4,29519,True,A,B,1,1,A
4,29520,True,A,B,2,0,B
4,29521,True,B,A,4,1,B
4,29522,True,B,A,1,2,A
4,29523,True,A,B,4,1,B
4,29524,True,A,B,4,1,B
4,29525,True,A,B,10,1,B
4,29526,True,A,B,0,1,A
4,29527,True,B,A,1,2,A
4,29528,True,B,A,0,1,A
4,29529,True,A,B,0,1,A
4,29530,True,A,B,1,2,A
4,29531,True,B,A,4,1,B
4,29532,True,A,B,4,1,B
4,29533,True,A,B,6,1,B
4,29534,True,A,B,1,2,A
4,29535,True,B,A,1,1,A
4,29536,True,B,A,6,1,B
4,29537,True,A,B,2,1,B
4,29538,True,A,B,0,1,A
4,29539,True,B,A,1,1,A
4,29540,True,A,B,4,1,B
4,29541,True,A,B,0,1,A
4,29542,True,B,A,2,1,A
4,29543,True,A,B,2,1,B
4,29544,True,B,A,1,1,A
4,29545,True,A,B,0,1,A
4,29546,True,B,A,3,1,B
4,29547,True,B,A,2,1,A
4,29548,True,A,B,3,1,B
4,29549,True,A,B,4,1,B
4,29550,True,A,B,10,1,B
4,29551,True,B,A,6,1,B
4,29552,True,B,A,2,1,A
4,29553,True,A,B,2,1,B
4,29554,True,A,B,6,1,B
4,29555,True,A,B,4,1,B
4,29556,True,A,B,1,2,A
4,29557,True,B,A,2,0,B
4,29558,True,B,A,1,1,A
4,29559,True,A,B,10,1,B
4,29560,True,B,A,1,2,B
4,29561,True,A,B,2,0,B
4,29562,True,B,A,2,1,B
4,29563,True,A,B,2,1,A
4,29564,True,B,A,2,0,B
4,29565,True,A,B,2,1,A
4,29566,True,A,B,2,1,B
4,29567,True,B,A,10,1,B
4,29568,True,A,B,0,1,A
4,29569,True,B,A,0,1,A
4,29570,True,A,B,3,1,B
4,29571,True,A,B,6,1,B
4,29572,True,B,A,1,1,A
4,29573,True,A,B,1,1,A
4,29574,True,B,A,2,0,B
4,29575,True,A,B,4,1,A
4,29576,True,A,B,0,1,A
4,29577,True,A,B,3,1,B
4,29578,True,B,A,2,1,A
4,29579,True,B,A,6,1,B
4,29580,True,B,A,0,1,A
4,29581,True,B,A,4,1,B
4,29582,True,A,B,6,1,B
4,29583,True,A,B,1,2,A
4,29584,True,A,B,4,1,B
4,29585,True,B,A,10,1,B
4,29586,True,B,A,1,2,A
4,29587,True,B,A,6,1,B
4,29588,True,A,B,2,1,B
4,29589,True,A,B,6,1,B
4,29590,True,B,A,10,1,B
4,29591,True,A,B,1,2,A
4,29592,True,B,A,2,1,B
4,29593,True,B,A,0,1,A
4,29594,True,A,B,4,1,B
4,29595,True,A,B,3,1,A
4,29596,True,B,A,3,1,A
4,29597,True,B,A,3,1,A
4,29598,True,B,A,0,1,A
4,29599,True,A,B,1,2,A
4,29600,True,A,B,3,1,B
4,29601,True,B,A,0,1,A
4,29602,True,B,A,10,1,B
4,29603,False,,,,,
4,29604,True,B,A,1,2,A
4,29605,True,A,B,10,1,B
4,29606,True,B,A,4,1,B
4,29607,True,A,B,1,1,A
4,29608,True,B,A,6,1,B
4,29609,True,A,B,10,1,B
4,29610,False,,,,,
4,29611,True,B,A,1,2,A
4,29612,True,B,A,3,1,B
4,29613,True,A,B,3,1,B
4,29614,True,B,A,1,1,A
4,29615,False,,,,,
4,29616,True,A,B,4,1,B
4,29617,True,B,A,4,1,B
4,29618,False,,,,,
4,29619,True,B,A,3,1,B
4,29620,True,A,B,2,1,A
4,29621,True,A,B,2,1,B
4,29622,True,A,B,4,1,B
4,29623,True,B,A,0,1,A
4,29624,True,A,B,10,1,B
4,29625,True,B,A,2,1,B
4,29626,True,B,A,1,2,A
4,29627,False,,,,,
4,29628,True,B,A,3,1,B
4,29629,True,A,B,0,1,A
4,29630,True,B,A,3,1,A
4,29631,True,B,A,3,1,B
4,29632,True,A,B,1,2,A
4,29633,True,B,A,6,1,B
4,29634,True,B,A,2,0,B
4,29635,True,A,B,0,1,A
4,29636,True,A,B,4,1,B
4,29637,True,A,B,1,1,A
4,29638,True,A,B,2,0,B
4,29639,True,A,B,1,1,B
4,29640,True,B,A,1,2,A
4,29641,True,A,B,0,1,A
4,29642,True,B,A,3,1,B
4,29643,True,B,A,4,1,B
4,29644,True,B,A,2,1,B
4,29645,True,B,A,2,0,B
4,29646,True,B,A,10,1,B
4,29647,True,A,B,4,1,B
4,29648,True,A,B,4,1,B
4,29649,True,B,A,1,1,A
4,29650,True,B,A,3,1,B
4,29651,True,A,B,6,1,B
4,29652,True,A,B,1,2,A
4,29653,True,B,A,2,0,B
4,29654,True,A,B,0,1,A
4,29655,True,B,A,2,1,B
4,29656,True,A,B,1,1,B
4,29657,True,B,A,1,2,A
4,29658,True,B,A,1,2,A
4,29659,True,B,A,10,1,B
4,29660,True,A,B,3,1,B
4,29661,True,A,B,0,1,A
4,29662,True,A,B,2,0,B
4,29663,True,A,B,6,1,B
4,29664,True,B,A,6,1,B
4,29665,True,A,B,0,1,A
4,29666,True,A,B,1,1,A
4,29667,True,B,A,3,1,B
4,29668,True,A,B,6,1,B
4,29669,True,B,A,1,1,A
4,29670,True,A,B,1,2,A
4,29671,True,B,A,2,0,B
4,29672,False,,,,,
4,29673,True,A,B,6,1,B
4,29674,True,B,A,1,2,A
4,29675,True,A,B,2,0,B
4,29676,True,B,A,6,1,B
4,29677,True,A,B,6,1,B
4,29678,True,B,A,2,1,B
4,29679,True,B,A,0,1,A
4,29680,True,A,B,2,1,A
4,29681,True,B,A,3,1,B
4,29682,True,B,A,6,1,B
4,29683,True,A,B,4,1,B
4,29684,True,B,A,1,1,A
4,29685,True,A,B,10,1,B
4,29686,True,B,A,0,1,A
4,29687,True,A,B,1,1,A
4,29688,True,B,A,1,1,A
4,29689,True,B,A,1,2,A
4,29690,True,B,A,6,1,B
4,29691,True,B,A,2,1,A
4,29692,True,B,A,10,1,B
4,29693,True,B,A,10,1,B
4,29694,True,A,B,10,1,B
4,29695,True,A,B,3,1,B
4,29696,True,B,A,6,1,B
4,29697,False,,,,,
4,29698,True,A,B,4,1,B
4,29699,True,A,B,2,0,B
4,29700,True,A,B,0,1,A
4,29701,True,A,B,1,1,A
4,29702,True,B,A,10,1,B
4,29703,True,B,A,1,2,A
4,29704,True,B,A,0,1,A
4,29705,True,B,A,1,2,A
4,29706,True,B,A,0,1,A
4,29707,True,A,B,2,1,B
4,29708,True,B,A,2,0,B
4,29709,True,A,B,6,1,B
4,29710,True,B,A,4,1,B
4,29711,True,B,A,4,1,B
4,29712,True,A,B,6,1,B
4,29713,True,A,B,1,1,A
4,29714,True,B,A,1,2,A
4,29715,True,A,B,1,2,A
4,29716,True,B,A,2,1,B
4,29717,True,A,B,6,1,B
4,29718,True,B,A,2,0,B
4,29719,True,B,A,10,1,B
4,29720,True,B,A,0,1,A
4,29721,True,A,B,1,1,B
4,29722,True,A,B,0,1,A
4,29723,True,B,A,4,1,B
4,29724,True,B,A,4,1,B
4,29725,True,A,B,3,1,A
4,29726,True,A,B,10,1,B
4,29727,True,A,B,0,1,A
4,29728,True,B,A,1,1,A
4,29729,True,A,B,4,1,B
4,29730,True,A,B,6,1,B
4,29731,True,A,B,10,1,B
4,29732,True,B,A,2,1,A
4,29733,True,A,B,6,1,B
4,29734,True,B,A,4,1,B
4,29735,True,B,A,2,0,B
4,29736,True,B,A,3,1,B
4,29737,True,B,A,0,1,A
4,29738,True,A,B,6,1,A
4,29739,True,A,B,2,0,B
4,29740,True,B,A,0,1,A
4,29741,True,A,B,0,1,A
4,29742,True,B,A,6,1,B
4,29743,True,A,B,2,1,A
4,29744,True,A,B,4,1,A
4,29745,True,B,A,0,1,A
4,29746,True,A,B,4,1,B
4,29747,True,B,A,10,1,B
4,29748,True,B,A,2,0,B
4,29749,True,A,B,6,1,B
4,29750,True,A,B,1,2,A
4,29751,True,B,A,0,1,A
4,29752,True,B,A,4,1,A
4,29753,True,A,B,2,1,A
4,29754,True,A,B,2,1,A
4,29755,True,A,B,2,1,A
4,29756,True,A,B,3,1,B
4,29757,True,A,B,3,1,B
4,29758,True,A,B,10,1,B
4,29759,True,B,A,10,1,B
4,29760,True,A,B,4,1,B
4,29761,True,B,A,2,0,B
4,29762,True,B,A,0,1,A
4,29763,True,B,A,1,2,A
4,29764,True,A,B,6,1,B
4,29765,True,B,A,2,1,B
4,29766,True,B,A,1,2,A
4,29767,True,B,A,3,1,A
4,29768,True,A,B,10,1,B
4,29769,True,B,A,10,1,B
4,29770,True,B,A,2,1,B
4,29771,True,B,A,1,2,A
4,29772,False,,,,,
4,29773,True,B,A,1,2,A
4,29774,True,B,A,2,1,A
4,29775,True,A,B,10,1,B
4,29776,True,A,B,2,1,B
4,29777,True,B,A,1,1,A
4,29778,True,B,A,4,1,B
4,29779,True,A,B,3,1,A
4,29780,True,B,A,10,1,B
4,29781,True,B,A,2,1,A
4,29782,True,B,A,0,1,A
4,29783,True,A,B,4,1,B
4,29784,True,A,B,1,2,A
4,29785,False,,,,,
4,29786,True,B,A,10,1,B
4,29787,True,A,B,6,1,B
4,29788,True,B,A,4,1,B
4,29789,True,A,B,2,0,B
4,29790,True,B,A,6,1,B
4,29791,True,A,B,1,2,A
4,29792,True,B,A,2,1,A
4,29793,True,A,B,1,2,A
4,29794,True,A,B,4,1,B
4,29795,True,B,A,10,1,B
4,29796,True,B,A,1,2,A
4,29797,True,B,A,2,1,A
4,29798,True,A,B,2,0,B
4,29799,True,A,B,2,0,B
4,29800,True,B,A,6,1,B
4,29801,True,B,A,1,2,A
4,29802,True,A,B,10,1,B
4,29803,True,B,A,4,1,B
4,29804,True,A,B,6,1,B
4,29805,True,A,B,10,1,B
4,29806,True,A,B,0,1,A
4,29807,True,B,A,2,1,A
4,29808,True,A,B,1,2,A
4,29809,False,,,,,
4,29810,True,A,B,2,1,A
4,29811,True,A,B,3,1,B
4,29812,True,B,A,6,1,B
4,29813,True,B,A,2,0,B
4,29814,True,A,B,4,1,B
4,29815,True,A,B,3,1,B
4,29816,True,A,B,10,1,B
4,29817,True,B,A,2,0,B
4,29818,True,A,B,2,0,B
4,29819,True,A,B,6,1,B
4,29820,True,B,A,10,1,B
4,29821,True,A,B,2,0,B
4,29822,False,,,,,
4,29823,True,A,B,3,1,B
4,29824,True,A,B,1,2,A
4,29825,True,A,B,1,1,A
4,29826,True,A,B,2,1,A
4,29827,True,A,B,1,2,A
4,29828,True,B,A,1,2,A
4,29829,True,A,B,1,1,A
4,29830,True,A,B,4,1,B
4,29831,False,,,,,
4,29832,True,A,B,2,1,A
4,29833,True,B,A,6,1,B
4,29834,True,B,A,10,1,B
4,29835,True,A,B,3,1,A
4,29836,True,A,B,1,1,A
4,29837,True,A,B,0,1,A
4,29838,False,,,,,
4,29839,True,A,B,1,1,A
4,29840,True,A,B,0,1,A
4,29841,True,B,A,1,1,B
4,29842,True,A,B,4,1,A
4,29843,True,A,B,2,1,B
4,29844,True,A,B,3,1,B
4,29845,True,B,A,10,1,B
4,29846,True,A,B,2,1,B
4,29847,True,B,A,1,2,A
4,29848,True,A,B,4,1,B
4,29849,True,B,A,10,1,B
4,29850,True,B,A,2,0,B
4,29851,True,A,B,1,2,A
4,29852,True,B,A,2,1,B
4,29853,True,A,B,1,1,A
4,29854,True,A,B,6,1,B
4,29855,True,A,B,10,1,B
4,29856,True,B,A,0,1,A
4,29857,True,A,B,6,1,B
4,29858,True,B,A,10,1,B
4,29859,True,B,A,1,2,A
4,29860,True,B,A,10,1,B
4,29861,True,B,A,0,1,A
4,29862,True,B,A,10,1,B
4,29863,True,A,B,1,2,A
4,29864,True,A,B,4,1,B
4,29865,True,B,A,1,2,A
4,29866,True,B,A,2,1,B
4,29867,True,B,A,1,2,A
4,29868,True,A,B,4,1,B
4,29869,True,A,B,2,1,A
4,29870,True,A,B,6,1,B
4,29871,True,A,B,6,1,B
4,29872,True,A,B,1,2,A
4,29873,True,A,B,1,1,A
4,29874,True,B,A,2,0,B
4,29875,True,A,B,2,0,B
4,29876,True,A,B,3,1,B
4,29877,True,B,A,1,1,A
4,29878,True,B,A,10,1,B
4,29879,True,A,B,0,1,A
4,29880,True,B,A,0,1,A
4,29881,True,B,A,2,1,B
4,29882,True,A,B,0,1,A
4,29883,True,A,B,6,1,B
4,29884,True,B,A,6,1,B
4,29885,True,B,A,10,1,B
4,29886,True,B,A,10,1,B
4,29887,False,,,,,
4,29888,True,A,B,6,1,B
4,29889,True,A,B,2,0,B
4,29890,True,B,A,0,1,A
4,29891,True,A,B,2,1,A
4,29892,True,A,B,1,1,A
4,29893,True,B,A,0,1,A
4,29894,True,A,B,1,1,A
4,29895,True,A,B,6,1,B
4,29896,True,A,B,2,1,A
4,29897,True,A,B,2,1,B
4,29898,True,B,A,10,1,B
4,29899,True,B,A,10,1,B
4,29900,True,A,B,6,1,B
4,29901,True,A,B,10,1,B
4,29902,False,,,,,
4,29903,True,A,B,2,0,B
4,29904,True,A,B,6,1,B
4,29905,True,A,B,2,0,B
4,29906,True,A,B,3,1,B
4,29907,True,B,A,2,1,B
4,29908,True,A,B,6,1,B
4,29909,True,B,A,10,1,B
4,29910,True,B,A,4,1,B
4,29911,True,A,B,4,1,B
4,29912,True,B,A,4,1,B
4,29913,True,A,B,2,1,B
4,29914,True,B,A,1,1,A
4,29915,False,,,,,
4,29916,True,A,B,10,1,B
4,29917,True,A,B,0,1,A
4,29918,True,B,A,0,1,A
4,29919,True,B,A,6,1,B
4,29920,True,A,B,4,1,B
4,29921,True,B,A,1,1,B
4,29922,True,B,A,3,1,B
4,29923,True,A,B,4,1,B
4,29924,True,A,B,1,1,A
4,29925,True,B,A,4,1,A
4,29926,True,B,A,3,1,A
4,29927,True,A,B,4,1,B
4,29928,True,A,B,3,1,B
4,29929,True,A,B,0,1,A
4,29930,True,A,B,4,1,B
4,29931,True,A,B,1,2,A
4,29932,True,B,A,2,1,B
4,29933,True,A,B,0,1,A
4,29934,True,B,A,4,1,B
4,29935,True,A,B,3,1,A
4,29936,True,A,B,1,2,A
4,29937,True,B,A,0,1,A
4,29938,True,A,B,6,1,B
4,29939,True,B,A,0,1,A
4,29940,True,B,A,4,1,B
4,29941,True,A,B,1,2,A
4,29942,True,A,B,10,1,B
4,29943,True,A,B,1,2,A
4,29944,True,B,A,1,1,B
4,29945,True,A,B,1,1,A
4,29946,True,B,A,1,1,A
4,29947,True,A,B,1,1,A
4,29948,True,A,B,2,1,B
4,29949,True,B,A,3,1,B
4,29950,False,,,,,
4,29951,True,B,A,6,1,B
4,29952,True,B,A,10,1,B
4,29953,True,B,A,10,1,B
4,29954,True,B,A,2,1,A
4,29955,True,B,A,1,1,A
4,29956,True,A,B,10,1,B
4,29957,True,A,B,1,1,B
4,29958,True,A,B,2,0,B
4,29959,True,A,B,1,2,A
4,29960,True,A,B,3,1,A
4,29961,True,B,A,2,1,A
4,29962,True,B,A,0,1,A
4,29963,True,A,B,6,1,B
4,29964,True,B,A,0,1,A
4,29965,True,A,B,1,2,A
4,29966,True,B,A,1,1,A
4,29967,True,A,B,2,1,A
4,29968,True,B,A,4,1,B
4,29969,True,A,B,0,1,A
4,29970,True,B,A,1,2,A
4,29971,True,A,B,1,2,A
4,29972,True,B,A,1,1,A
4,29973,True,B,A,1,2,A
4,29974,True,B,A,10,1,B
4,29975,True,A,B,6,1,B
4,29976,True,B,A,6,1,B
4,29977,True,B,A,1,2,A
4,29978,True,B,A,1,2,A
4,29979,True,A,B,6,1,B
4,29980,True,A,B,6,1,B
4,29981,True,B,A,2,0,B
4,29982,True,B,A,0,1,A
4,29983,True,B,A,3,1,A
4,29984,True,A,B,6,1,B
4,29985,True,A,B,1,1,B
4,29986,True,B,A,4,1,B
4,29987,True,B,A,0,1,A
4,29988,True,B,A,6,1,B
4,29989,True,A,B,6,1,B
4,29990,True,A,B,2,1,A
4,29991,True,A,B,1,1,A
4,29992,True,A,B,2,1,B
4,29993,True,A,B,1,2,A
4,29994,True,A,B,0,1,A
4,29995,True,A,B,2,1,B
4,29996,True,B,A,6,1,B
4,29997,True,B,A,1,2,A
4,29998,True,A,B,3,1,A
4,29999,True,A,B,1,1,A
4,30000,True,B,A,0,1,A
5,30001,True,A,B,10,1,B
5,30002,True,A,B,6,1,B
5,30003,True,B,A,0,1,A
5,30004,False,,,,,
5,30005,True,A,B,1,2,A
5,30006,True,B,A,0,1,A
5,30007,False,,,,,
5,30008,True,A,B,6,1,B
5,30009,True,A,B,6,1,B
5,30010,True,A,B,2,0,B
5,30011,True,A,B,10,1,B
5,30012,True,B,A,2,0,B
5,30013,True,A,B,4,1,A
5,30014,True,A,B,2,1,A
5,30015,True,B,A,3,1,A
5,30016,True,A,B,6,1,B
5,30017,True,A,B,1,1,A
5,30018,True,B,A,1,2,A
5,30019,True,B,A,2,0,B
5,30020,False,,,,,
5,30021,True,A,B,3,1,A
5,30022,True,B,A,10,1,B
5,30023,True,B,A,0,1,A
5,30024,True,B,A,2,1,B
5,30025,True,B,A,6,1,B
5,30026,True,A,B,4,1,B
5,30027,True,B,A,1,2,A
5,30028,True,B,A,2,0,B
5,30029,True,A,B,1,1,A
5,30030,True,B,A,4,1,B
5,30031,False,,,,,
5,30032,True,B,A,0,1,A
5,30033,True,B,A,6,1,B
5,30034,True,A,B,1,1,A
5,30035,True,A,B,0,1,A
5,30036,True,A,B,2,0,B
5,30037,True,A,B,6,1,B
5,30038,True,B,A,4,1,B
5,30039,True,B,A,3,1,B
5,30040,True,A,B,6,1,B
5,30041,False,,,,,
5,30042,True,A,B,6,1,B
5,30043,True,A,B,10,1,B
5,30044,True,B,A,2,0,B
5,30045,False,,,,,
5,30046,True,B,A,10,1,B
5,30047,True,B,A,6,1,B
5,30048,True,B,A,0,1,A
5,30049,True,B,A,10,1,B
5,30050,True,A,B,2,1,A
5,30051,False,,,,,
5,30052,True,A,B,1,2,A
5,30053,True,B,A,0,1,A
5,30054,True,A,B,1,2,A
5,30055,True,A,B,10,1,B
5,30056,True,A,B,3,1,A
5,30057,True,A,B,3,1,B
5,30058,True,A,B,1,1,A
5,30059,True,B,A,3,1,B
5,30060,True,A,B,1,1,A
5,30061,True,A,B,3,1,A
5,30062,True,A,B,3,1,A
5,30063,True,B,A,10,1,B
5,30064,True,B,A,10,1,B
5,30065,True,B,A,1,2,A
5,30066,True,A,B,3,1,A
5,30067,True,B,A,4,1,B
5,30068,True,B,A,2,1,B
5,30069,True,B,A,1,2,B
5,30070,True,B,A,2,0,B
5,30071,True,A,B,6,1,B
5,30072,True,A,B,2,1,A
5,30073,True,A,B,6,1,B
5,30074,True,A,B,0,1,A
5,30075,True,A,B,10,1,B
5,30076,True,B,A,2,0,B
5,30077,False,,,,,
5,30078,True,B,A,2,1,B
5,30079,True,A,B,6,1,B
5,30080,True,B,A,6,1,B
5,30081,True,A,B,3,1,B
5,30082,True,A,B,2,1,A
5,30083,True,A,B,3,1,B
5,30084,True,A,B,1,2,A
5,30085,True,B,A,3,1,B
5,30086,True,A,B,6,1,B
5,30087,True,B,A,1,1,B
5,30088,True,A,B,2,0,B
5,30089,True,A,B,2,1,A
5,30090,True,B,A,1,1,A
5,30091,True,A,B,6,1,B
5,30092,True,A,B,4,1,B
5,30093,True,A,B,2,1,A
5,30094,True,B,A,2,1,B
5,30095,True,B,A,1,2,A
5,30096,True,B,A,3,1,B
5,30097,True,B,A,0,1,A
5,30098,True,B,A,6,1,B
5,30099,True,B,A,0,1,A
5,30100,True,A,B,2,1,A
5,30101,True,B,A,1,1,B
5,30102,True,B,A,6,1,B
5,30103,True,A,B,3,1,B
5,30104,True,A,B,6,1,B
5,30105,True,B,A,2,0,B
5,30106,True,B,A,2,0,B
5,30107,True,A,B,1,2,A
5,30108,True,A,B,1,2,A
5,30109,True,A,B,1,1,A
5,30110,False,,,,,
5,30111,True,A,B,3,1,B
5,30112,True,B,A,2,0,B
5,30113,True,B,A,4,1,B
5,30114,True,B,A,4,1,B
5,30115,True,A,B,3,1,A
5,30116,True,A,B,10,1,B
5,30117,False,,,,,
5,30118,True,A,B,4,1,B
5,30119,True,A,B,6,1,B
5,30120,True,A,B,6,1,B
5,30121,True,A,B,1,1,A
5,30122,True,B,A,1,2,A
5,30123,True,B,A,1,2,A
5,30124,True,A,B,1,2,A
5,30125,True,B,A,4,1,B
5,30126,True,B,A,2,0,B
5,30127,True,A,B,10,1,B
5,30128,True,B,A,1,2,A
5,30129,True,A,B,3,1,B
5,30130,True,A,B,0,1,A
5,30131,True,A,B,6,1,B
5,30132,True,A,B,0,1,A
5,30133,True,A,B,2,1,A
5,30134,True,B,A,1,1,A
5,30135,True,A,B,10,1,B
5,30136,True,A,B,2,1,A
5,30137,True,A,B,1,2,A
5,30138,True,B,A,6,1,B
5,30139,True,B,A,2,0,B
5,30140,True,B,A,10,1,B
5,30141,True,B,A,1,2,A
5,30142,True,A,B,4,1,B
5,30143,True,A,B,0,1,A
5,30144,True,A,B,3,1,B
5,30145,True,B,A,10,1,B
5,30146,True,B,A,4,1,B
5,30147,True,B,A,1,2,A
5,30148,True,A,B,4,1,B
5,30149,True,B,A,1,2,A
5,30150,True,B,A,2,1,A
5,30151,True,B,A,4,1,B
5,30152,True,B,A,1,1,A
5,30153,True,A,B,3,1,B
5,30154,True,A,B,2,1,B
5,30155,True,B,A,1,2,A
5,30156,True,B,A,1,2,A
5,30157,True,B,A,1,2,A
5,30158,True,B,A,2,1,A
5,30159,True,B,A,3,1,B
5,30160,True,A,B,4,1,B
5,30161,True,A,B,4,1,B
5,30162,True,B,A,2,1,A
5,30163,True,B,A,1,2,A
5,30164,True,A,B,2,1,A
5,30165,True,A,B,0,1,A
5,30166,True,A,B,6,1,B
5,30167,True,A,B,3,1,B
5,30168,True,A,B,1,2,B
5,30169,True,A,B,0,1,A
5,30170,True,B,A,4,1,B
5,30171,True,B,A,10,1,B
5,30172,True,A,B,1,2,A
5,30173,True,B,A,1,2,A
5,30174,True,A,B,1,1,A
5,30175,True,A,B,1,1,A
5,30176,True,B,A,3,1,B
5,30177,True,A,B,2,0,B
5,30178,True,B,A,1,1,A
5,30179,True,A,B,1,1,A
5,30180,True,A,B,4,1,B
5,30181,True,A,B,1,1,A
5,30182,True,B,A,6,1,B
5,30183,True,A,B,0,1,A
5,30184,True,A,B,3,1,B
5,30185,True,A,B,10,1,B
5,30186,True,B,A,2,0,B
5,30187,False,,,,,
5,30188,False,,,,,
5,30189,True,B,A,0,1,A
5,30190,True,B,A,4,1,B
5,30191,True,A,B,3,1,B
5,30192,True,B,A,0,1,A
5,30193,True,B,A,0,1,A
5,30194,True,A,B,4,1,B
5,30195,True,A,B,1,1,A
5,30196,True,A,B,3,1,B
5,30197,True,B,A,6,1,B
5,30198,True,B,A,1,1,A
5,30199,True,A,B,2,1,B
5,30200,True,B,A,0,1,A
5,30201,True,A,B,2,0,B
5,30202,True,B,A,2,0,B
5,30203,True,B,A,2,1,B
5,30204,True,A,B,4,1,B
5,30205,True,B,A,10,1,B
5,30206,True,A,B,6,1,B
5,30207,True,B,A,2,0,B
5,30208,True,B,A,2,1,A
5,30209,True,A,B,1,2,A
5,30210,True,B,A,1,1,A
5,30211,True,A,B,3,1,B
5,30212,True,B,A,3,1,B
5,30213,True,B,A,1,1,A
5,30214,True,B,A,1,2,A
5,30215,True,A,B,2,0,B
5,30216,True,B,A,1,1,A
5,30217,True,A,B,3,1,B
5,30218,True,B,A,2,1,B
5,30219,True,A,B,10,1,B
5,30220,True,B,A,4,1,B
5,30221,True,B,A,2,0,B
5,30222,True,A,B,2,0,B
5,30223,True,A,B,2,0,B
5,30224,True,A,B,3,1,B
5,30225,True,A,B,3,1,B
5,30226,True,A,B,1,1,A
5,30227,True,A,B,10,1,B
5,30228,True,A,B,6,1,B
5,30229,True,B,A,6,1,B
5,30230,True,A,B,4,1,B
5,30231,True,B,A,1,1,A
5,30232,True,B,A,2,1,A
5,30233,True,A,B,6,1,B
5,30234,True,B,A,1,2,A
5,30235,True,B,A,3,1,B
5,30236,True,A,B,6,1,B
5,30237,True,A,B,2,1,A
5,30238,True,B,A,0,1,A
5,30239,True,A,B,2,1,A
5,30240,True,B,A,2,1,A
5,30241,True,A,B,3,1,B
5,30242,True,A,B,2,0,B
5,30243,True,A,B,3,1,B
5,30244,True,B,A,3,1,B
5,30245,True,B,A,1,1,A
5,30246,True,B,A,10,1,B
5,30247,True,B,A,1,2,A
5,30248,True,A,B,6,1,B
5,30249,True,A,B,3,1,A
5,30250,True,A,B,0,1,A
5,30251,True,A,B,0,1,A
5,30252,True,B,A,1,1,A
5,30253,True,A,B,2,0,B
5,30254,True,B,A,3,1,B
5,30255,True,B,A,2,0,B
5,30256,True,B,A,2,0,B
5,30257,True,B,A,0,1,A
5,30258,True,A,B,10,1,B
5,30259,True,B,A,4,1,B
5,30260,True,B,A,2,0,B
5,30261,True,B,A,4,1,B
5,30262,True,B,A,1,2,A
5,30263,True,B,A,6,1,B
5,30264,False,,,,,
5,30265,True,A,B,3,1,B
5,30266,True,A,B,10,1,B
5,30267,True,B,A,3,1,B
5,30268,True,A,B,10,1,B
5,30269,True,A,B,4,1,B
5,30270,True,A,B,6,1,B
5,30271,True,B,A,6,1,B
5,30272,True,B,A,1,2,A
5,30273,True,B,A,2,1,B
5,30274,True,B,A,0,1,A
5,30275,True,B,A,1,1,A
5,30276,True,B,A,3,1,B
5,30277,True,A,B,1,2,A
5,30278,True,A,B,4,1,B
5,30279,True,B,A,6,1,B
5,30280,True,B,A,1,1,A
5,30281,True,B,A,3,1,B
5,30282,True,B,A,1,1,A
5,30283,True,B,A,2,0,B
5,30284,True,A,B,3,1,B
5,30285,True,A,B,6,1,B
5,30286,True,A,B,4,1,B
5,30287,True,A,B,10,1,B
5,30288,True,A,B,1,1,A
5,30289,True,A,B,1,2,A
5,30290,True,B,A,3,1,B
5,30291,True,B,A,2,1,A
5,30292,True,A,B,2,1,B
5,30293,True,B,A,3,1,B
5,30294,True,A,B,1,2,A
5,30295,True,B,A,10,1,B
5,30296,True,A,B,1,1,A
5,30297,True,B,A,2,0,B
5,30298,True,B,A,4,1,B
5,30299,True,A,B,6,1,B
5,30300,True,B,A,1,1,A
5,30301,True,B,A,3,1,A
5,30302,True,B,A,2,1,A
5,30303,True,B,A,2,1,B
5,30304,True,A,B,6,1,B
5,30305,True,B,A,6,1,B
5,30306,True,A,B,3,1,B
5,30307,True,A,B,1,2,A
5,30308,True,A,B,10,1,B
5,30309,True,A,B,3,1,A
5,30310,True,B,A,2,0,B
5,30311,True,A,B,1,1,A
5,30312,True,A,B,10,1,B
5,30313,True,B,A,3,1,B
5,30314,True,B,A,2,1,B
5,30315,True,A,B,2,1,A
5,30316,True,B,A,1,2,A
5,30317,True,A,B,2,1,A
5,30318,True,B,A,4,1,B
5,30319,True,B,A,1,2,A
5,30320,True,A,B,0,1,A
5,30321,True,A,B,0,1,A
5,30322,True,A,B,0,1,A
5,30323,True,B,A,2,0,B
5,30324,True,B,A,4,1,B
5,30325,True,B,A,1,2,A
5,30326,True,A,B,1,2,A
5,30327,True,A,B,6,1,B
5,30328,True,A,B,10,1,B
5,30329,True,B,A,6,1,B
5,30330,True,A,B,2,1,A
5,30331,True,A,B,3,1,B
5,30332,True,B,A,2,0,B
5,30333,True,B,A,2,1,B
5,30334,True,B,A,3,1,B
5,30335,False,,,,,
5,30336,True,A,B,2,1,B
5,30337,True,A,B,0,1,A
5,30338,True,A,B,0,1,A
5,30339,True,B,A,4,1,B
5,30340,True,B,A,3,1,B
5,30341,True,A,B,6,1,B
5,30342,True,A,B,1,1,A
5,30343,True,A,B,0,1,A
5,30344,True,B,A,1,1,A
5,30345,True,A,B,6,1,B
5,30346,True,B,A,1,1,A
5,30347,True,A,B,10,1,B
5,30348,True,B,A,0,1,A
5,30349,False,,,,,
5,30350,True,A,B,2,0,B
5,30351,True,A,B,0,1,A
5,30352,True,B,A,1,2,A
5,30353,True,B,A,1,2,B
5,30354,True,A,B,0,1,A
5,30355,True,B,A,1,1,A
5,30356,True,B,A,2,1,B
5,30357,True,B,A,6,1,B
5,30358,True,B,A,3,1,B
5,30359,True,B,A,2,1,B
5,30360,True,A,B,0,1,A
5,30361,True,A,B,4,1,B
5,30362,True,B,A,2,0,B
5,30363,True,A,B,4,1,B
5,30364,True,B,A,2,0,B
5,30365,False,,,,,
5,30366,True,B,A,1,2,A
5,30367,True,B,A,1,2,A
5,30368,True,B,A,1,1,A
5,30369,True,A,B,1,1,B
5,30370,True,A,B,2,1,A
5,30371,True,B,A,0,1,A
5,30372,True,A,B,1,2,A
5,30373,True,B,A,2,0,B
5,30374,True,B,A,1,2,A
5,30375,True,B,A,0,1,A
5,30376,True,A,B,2,0,B
5,30377,True,A,B,10,1,B
5,30378,True,A,B,6,1,B
5,30379,True,B,A,0,1,A
5,30380,True,B,A,1,2,B
5,30381,True,B,A,4,1,B
5,30382,True,A,B,3,1,B
5,30383,True,A,B,6,1,B
5,30384,True,A,B,3,1,A
5,30385,True,B,A,1,1,A
5,30386,True,B,A,6,1,B
5,30387,True,A,B,3,1,B
5,30388,True,A,B,6,1,B
5,30389,True,A,B,2,0,B
5,30390,True,A,B,4,1,B
5,30391,False,,,,,
5,30392,True,B,A,10,1,B
5,30393,True,A,B,1,1,A
5,30394,False,,,,,
5,30395,True,A,B,3,1,B
5,30396,True,A,B,2,1,B
5,30397,True,B,A,6,1,B
5,30398,True,B,A,1,2,A
5,30399,True,B,A,4,1,B
5,30400,True,A,B,1,2,A
5,30401,True,A,B,3,1,B
5,30402,True,B,A,6,1,B
5,30403,True,B,A,4,1,B
5,30404,True,B,A,3,1,B
5,30405,False,,,,,
5,30406,True,A,B,2,0,B
5,30407,True,A,B,1,1,A
5,30408,True,B,A,4,1,B
5,30409,True,B,A,1,2,A
5,30410,True,B,A,3,1,A
5,30411,True,B,A,10,1,B
5,30412,True,B,A,6,1,B
5,30413,True,A,B,0,1,A
5,30414,True,A,B,0,1,A
5,30415,True,B,A,3,1,B
5,30416,True,A,B,4,1,B
5,30417,True,B,A,4,1,B
5,30418,True,B,A,3,1,A
5,30419,True,B,A,4,1,B
5,30420,True,A,B,0,1,A
5,30421,True,A,B,3,1,B
5,30422,True,A,B,1,1,B
5,30423,True,A,B,1,1,A
5,30424,True,B,A,0,1,A
5,30425,True,A,B,2,0,B
5,30426,True,B,A,1,2,A
5,30427,True,A,B,3,1,B
5,30428,False,,,,,
5,30429,True,A,B,1,2,A
5,30430,True,A,B,1,1,A
5,30431,True,B,A,0,1,A
5,30432,True,B,A,10,1,B
5,30433,True,B,A,2,1,A
5,30434,True,A,B,10,1,B
5,30435,True,A,B,6,1,B
5,30436,True,B,A,4,1,B
5,30437,True,A,B,10,1,B
5,30438,True,A,B,3,1,B
5,30439,True,B,A,2,1,A
5,30440,True,A,B,2,0,B
5,30441,False,,,,,
5,30442,True,B,A,1,2,A
5,30443,False,,,,,
5,30444,True,B,A,0,1,A
5,30445,True,B,A,10,1,B
5,30446,True,A,B,2,1,B
5,30447,True,B,A,0,1,A
5,30448,True,A,B,3,1,B
5,30449,False,,,,,
5,30450,True,B,A,2,0,B
5,30451,False,,,,,
5,30452,True,B,A,3,1,B
5,30453,True,B,A,3,1,B
5,30454,True,A,B,2,0,B
5,30455,True,B,A,1,1,A
5,30456,True,A,B,3,1,B
5,30457,True,A,B,6,1,B
5,30458,True,A,B,4,1,B
5,30459,True,B,A,6,1,B
5,30460,True,B,A,0,1,A
5,30461,True,A,B,1,2,A
5,30462,True,A,B,6,1,B
5,30463,True,B,A,10,1,B
5,30464,True,B,A,4,1,B
5,30465,True,B,A,4,1,B
5,30466,True,B,A,10,1,B
5,30467,True,A,B,10,1,B
5,30468,True,B,A,1,1,A
5,30469,True,B,A,1,1,A
5,30470,True,A,B,1,1,A
5,30471,True,B,A,4,1,B
5,30472,True,A,B,3,1,B
5,30473,True,B,A,3,1,B
5,30474,True,B,A,6,1,B
5,30475,True,B,A,6,1,B
5,30476,True,B,A,10,1,B
5,30477,True,A,B,10,1,B
5,30478,True,B,A,6,1,B
5,30479,True,A,B,1,2,A
5,30480,True,A,B,2,1,A
5,30481,True,A,B,2,1,B
5,30482,True,A,B,1,2,A
5,30483,True,B,A,1,1,A
5,30484,True,B,A,1,2,A
5,30485,True,B,A,1,1,A
5,30486,True,A,B,1,2,A
5,30487,True,B,A,0,1,A
5,30488,False,,,,,
5,30489,True,B,A,4,1,B
5,30490,True,A,B,1,2,A
5,30491,True,B,A,1,2,B
5,30492,True,B,A,3,1,B
5,30493,True,A,B,10,1,B
5,30494,True,A,B,2,1,A
5,30495,True,A,B,6,1,B
5,30496,True,A,B,10,1,B
5,30497,True,B,A,2,0,B
5,30498,True,B,A,6,1,B
5,30499,True,A,B,10,1,B
5,30500,True,A,B,1,1,A
5,30501,True,B,A,2,1,A
5,30502,True,A,B,2,0,B
5,30503,True,B,A,6,1,B
5,30504,True,B,A,10,1,B
5,30505,True,A,B,4,1,B
5,30506,True,B,A,1,2,A
5,30507,True,A,B,4,1,B
5,30508,True,B,A,0,1,A
5,30509,True,B,A,3,1,B
5,30510,True,A,B,2,1,A
5,30511,True,B,A,3,1,B
5,30512,True,A,B,6,1,B
5,30513,True,A,B,1,1,A
5,30514,True,B,A,2,1,A
5,30515,True,B,A,2,0,B
5,30516,True,A,B,2,0,B
5,30517,True,A,B,6,1,B
5,30518,True,B,A,3,1,B
5,30519,True,B,A,3,1,B
5,30520,True,B,A,10,1,B
5,30521,True,A,B,10,1,B
5,30522,True,B,A,10,1,B
5,30523,True,A,B,4,1,B
5,30524,True,A,B,1,1,A
5,30525,True,B,A,2,0,B
5,30526,True,A,B,0,1,A
5,30527,True,B,A,2,0,B
5,30528,True,A,B,2,1,A
5,30529,True,B,A,10,1,B
5,30530,True,B,A,4,1,B
5,30531,True,A,B,1,1,A
5,30532,True,A,B,3,1,B
5,30533,True,A,B,1,2,A
5,30534,True,A,B,1,1,A
5,30535,True,A,B,2,1,A
5,30536,False,,,,,
5,30537,True,B,A,6,1,B
5,30538,True,B,A,0,1,A
5,30539,True,A,B,3,1,A
5,30540,True,A,B,1,2,A
5,30541,True,A,B,3,1,B
5,30542,True,B,A,3,1,B
5,30543,True,B,A,0,1,A
5,30544,True,A,B,4,1,B
5,30545,True,B,A,1,1,A
5,30546,True,A,B,3,1,B
5,30547,True,A,B,0,1,A
5,30548,True,B,A,1,2,A
5,30549,True,A,B,1,2,A
5,30550,True,B,A,4,1,B
5,30551,True,A,B,3,1,B
5,30552,True,A,B,4,1,B
5,30553,True,A,B,1,2,A
5,30554,True,A,B,6,1,B
5,30555,True,B,A,2,1,A
5,30556,True,A,B,4,1,B
5,30557,True,B,A,0,1,A
5,30558,True,B,A,1,2,A
5,30559,True,B,A,1,1,A
5,30560,True,B,A,6,1,B
5,30561,True,A,B,2,0,B
5,30562,True,B,A,6,1,B
5,30563,True,B,A,3,1,B
5,30564,True,A,B,3,1,B
5,30565,True,A,B,0,1,A
5,30566,True,A,B,1,1,A
5,30567,True,A,B,2,1,A
5,30568,True,B,A,3,1,B
5,30569,True,A,B,3,1,B
5,30570,True,B,A,2,0,B
5,30571,True,B,A,10,1,B
5,30572,True,A,B,6,1,B
5,30573,True,A,B,4,1,B
5,30574,True,A,B,2,0,B
5,30575,True,B,A,2,0,B
5,30576,True,A,B,3,1,B
5,30577,True,B,A,1,1,B
5,30578,True,A,B,1,2,A
5,30579,True,A,B,2,1,B
5,30580,True,B,A,4,1,B
5,30581,True,B,A,3,1,B
5,30582,True,A,B,1,1,A
5,30583,True,B,A,10,1,B
5,30584,True,B,A,1,2,A
5,30585,True,A,B,3,1,B
5,30586,True,B,A,0,1,A
5,30587,True,A,B,1,1,A
5,30588,True,B,A,2,0,B
5,30589,True,A,B,10,1,B
5,30590,True,A,B,6,1,B
5,30591,True,B,A,3,1,B
5,30592,True,B,A,6,1,B
5,30593,True,B,A,10,1,B
5,30594,True,A,B,1,2,A
5,30595,True,B,A,0,1,A
5,30596,True,A,B,0,1,A
5,30597,True,A,B,1,1,A
5,30598,True,B,A,2,0,B
5,30599,True,B,A,4,1,B
5,30600,True,B,A,2,1,A
5,30601,True,A,B,1,2,A
5,30602,True,B,A,1,1,A
5,30603,True,A,B,0,1,A
5,30604,True,B,A,6,1,B
5,30605,True,B,A,3,1,B
5,30606,True,A,B,6,1,B
5,30607,True,B,A,6,1,B
5,30608,True,B,A,3,1,B
5,30609,True,B,A,10,1,B
5,30610,True,A,B,2,0,B
5,30611,True,A,B,0,1,A
5,30612,True,B,A,1,2,A
5,30613,True,A,B,2,0,B
5,30614,True,B,A,4,1,B
5,30615,True,A,B,0,1,A
5,30616,True,B,A,2,1,B
5,30617,True,B,A,1,1,B
5,30618,True,B,A,2,1,B
5,30619,True,A,B,2,1,A
5,30620,True,B,A,4,1,B
5,30621,True,A,B,10,1,B
5,30622,True,B,A,4,1,B
5,30623,True,B,A,2,1,B
5,30624,True,B,A,10,1,B
5,30625,False,,,,,
5,30626,True,A,B,10,1,B
5,30627,True,B,A,1,1,A
5,30628,True,A,B,0,1,A
5,30629,True,B,A,6,1,B
5,30630,True,A,B,0,1,A
5,30631,True,A,B,1,1,A
5,30632,True,B,A,6,1,B
5,30633,True,B,A,1,1,A
5,30634,True,A,B,2,0,B
5,30635,True,A,B,3,1,A
5,30636,True,A,B,10,1,B
5,30637,True,B,A,2,1,B
5,30638,True,B,A,0,1,A
5,30639,True,A,B,6,1,B
5,30640,True,A,B,1,1,A
5,30641,True,B,A,2,1,A
5,30642,False,,,,,
5,30643,True,A,B,1,1,A
5,30644,True,B,A,0,1,A
5,30645,True,A,B,6,1,B
5,30646,True,A,B,0,1,A
5,30647,False,,,,,
5,30648,True,A,B,2,1,A
5,30649,True,B,A,10,1,B
5,30650,True,A,B,0,1,A
5,30651,True,B,A,1,2,A
5,30652,True,A,B,10,1,B
5,30653,True,A,B,2,0,B
5,30654,True,A,B,0,1,A
5,30655,True,A,B,3,1,B
5,30656,True,B,A,3,1,B
5,30657,True,B,A,1,1,A
5,30658,True,A,B,2,0,B
5,30659,True,B,A,2,0,B
5,30660,True,B,A,2,0,B
5,30661,False,,,,,
5,30662,True,A,B,6,1,B
5,30663,True,B,A,2,1,A
5,30664,True,B,A,3,1,A
5,30665,True,B,A,1,1,A
5,30666,True,B,A,3,1,B
5,30667,True,A,B,1,2,A
5,30668,True,B,A,4,1,B
5,30669,True,A,B,3,1,B
5,30670,True,B,A,3,1,B
5,30671,True,B,A,6,1,B
5,30672,True,B,A,10,1,B
5,30673,True,A,B,1,1,B
5,30674,True,A,B,3,1,B
5,30675,True,A,B,2,1,A
5,30676,True,A,B,2,0,B
5,30677,False,,,,,
5,30678,True,B,A,2,1,A
5,30679,False,,,,,
5,30680,True,B,A,6,1,B
5,30681,True,A,B,1,2,A
5,30682,True,A,B,1,1,B
5,30683,True,A,B,0,1,A
5,30684,True,B,A,6,1,B
5,30685,False,,,,,
5,30686,True,A,B,2,0,B
5,30687,True,A,B,2,1,A
5,30688,True,B,A,1,1,A
5,30689,True,B,A,2,1,A
5,30690,True,B,A,4,1,B
5,30691,True,A,B,2,1,B
5,30692,True,B,A,1,1,A
5,30693,True,B,A,10,1,B
5,30694,True,B,A,1,2,A
5,30695,True,B,A,2,1,B
5,30696,True,B,A,0,1,A
5,30697,True,B,A,1,2,A
5,30698,True,B,A,10,1,B
5,30699,True,B,A,0,1,A
5,30700,True,A,B,4,1,B
5,30701,True,A,B,1,1,A
5,30702,True,A,B,1,2,A
5,30703,True,B,A,2,1,A
5,30704,True,A,B,2,0,B
5,30705,True,B,A,1,2,A
5,30706,True,A,B,6,1,B
5,30707,True,A,B,3,1,B
5,30708,True,A,B,1,2,A
5,30709,True,A,B,6,1,B
5,30710,True,B,A,2,0,B
5,30711,True,A,B,3,1,B
5,30712,True,A,B,1,1,B
5,30713,True,A,B,6,1,B
5,30714,True,B,A,6,1,B
5,30715,True,B,A,3,1,B
5,30716,True,B,A,1,2,A
5,30717,True,A,B,1,1,A
5,30718,True,A,B,10,1,B
5,30719,True,A,B,10,1,B
5,30720,False,,,,,
5,30721,True,B,A,2,1,A
5,30722,True,A,B,1,2,A
5,30723,True,A,B,6,1,B
5,30724,True,B,A,2,1,A
5,30725,True,A,B,2,0,B
5,30726,True,A,B,2,0,B
5,30727,False,,,,,
5,30728,True,B,A,2,1,A
5,30729,True,A,B,4,1,B
5,30730,True,A,B,4,1,B
5,30731,True,A,B,10,1,B
5,30732,True,A,B,1,1,B
5,30733,True,A,B,3,1,B
5,30734,True,B,A,0,1,A
5,30735,True,A,B,6,1,B
5,30736,True,A,B,6,1,B
5,30737,True,B,A,6,1,B
5,30738,True,B,A,4,1,B
5,30739,True,B,A,0,1,A
5,30740,True,B,A,0,1,A
5,30741,True,B,A,3,1,B
5,30742,True,B,A,1,1,A
5,30743,True,B,A,1,2,A
5,30744,True,B,A,6,1,B
5,30745,False,,,,,
5,30746,True,A,B,1,2,A
5,30747,True,A,B,2,0,B
5,30748,True,A,B,1,2,A
5,30749,True,B,A,4,1,B
5,30750,True,B,A,2,0,B
5,30751,True,A,B,4,1,B
5,30752,True,A,B,10,1,B
5,30753,False,,,,,
5,30754,True,B,A,4,1,B
5,30755,True,A,B,1,1,A
5,30756,True,B,A,4,1,B
5,30757,True,A,B,1,1,A
5,30758,True,A,B,1,2,A
5,30759,True,B,A,4,1,B
5,30760,True,B,A,4,1,B
5,30761,True,B,A,3,1,B
5,30762,True,B,A,0,1,A
5,30763,True,A,B,2,1,A
5,30764,True,B,A,6,1,B
5,30765,True,B,A,1,2,A
5,30766,True,A,B,1,1,A
5,30767,True,B,A,6,1,B
5,30768,True,A,B,1,1,A
5,30769,False,,,,,
5,30770,True,B,A,2,1,B
5,30771,True,A,B,1,2,A
5,30772,True,B,A,10,1,B
5,30773,True,A,B,2,0,B
5,30774,True,B,A,2,1,A
5,30775,True,A,B,2,0,B
5,30776,True,B,A,4,1,B
5,30777,True,B,A,2,0,B
5,30778,True,A,B,0,1,A
5,30779,True,B,A,4,1,B
5,30780,True,A,B,0,1,A
5,30781,True,B,A,6,1,B
5,30782,True,A,B,2,0,B
5,30783,True,A,B,2,0,B
5,30784,True,B,A,1,1,A
5,30785,True,A,B,2,1,B
5,30786,True,A,B,1,1,A
5,30787,True,A,B,3,1,A
5,30788,True,B,A,2,1,A
5,30789,True,A,B,4,1,B
5,30790,True,B,A,4,1,B
5,30791,True,B,A,2,1,A
5,30792,True,A,B,0,1,A
5,30793,True,B,A,0,1,A
5,30794,True,A,B,3,1,A
5,30795,True,A,B,0,1,A
5,30796,True,A,B,1,2,A
5,30797,True,A,B,0,1,A
5,30798,True,A,B,2,1,B
5,30799,True,B,A,3,1,B
5,30800,True,A,B,10,1,B
5,30801,True,B,A,4,1,B
5,30802,True,B,A,1,2,A
5,30803,True,A,B,1,1,A
5,30804,True,A,B,3,1,A
5,30805,True,B,A,10,1,B
5,30806,True,B,A,0,1,A
5,30807,True,B,A,0,1,A
5,30808,True,A,B,6,1,B
5,30809,True,B,A,4,1,B
5,30810,True,A,B,6,1,B
5,30811,False,,,,,
5,30812,True,B,A,2,0,B
5,30813,True,B,A,10,1,B
5,30814,True,B,A,1,1,A
5,30815,True,B,A,2,0,B
5,30816,True,B,A,6,1,B
5,30817,True,B,A,3,1,A
5,30818,True,B,A,0,1,A
5,30819,True,A,B,10,1,B
5,30820,True,B,A,4,1,B
5,30821,True,A,B,2,0,B
5,30822,True,B,A,2,1,B
5,30823,True,B,A,4,1,B
5,30824,True,A,B,6,1,B
5,30825,True,B,A,0,1,A
5,30826,True,A,B,4,1,B
5,30827,True,A,B,3,1,B
5,30828,True,A,B,3,1,B
5,30829,True,B,A,0,1,A
5,30830,True,B,A,4,1,B
5,30831,True,B,A,0,1,A
5,30832,True,A,B,1,2,A
5,30833,True,B,A,1,2,A
5,30834,True,A,B,1,1,A
5,30835,True,B,A,6,1,B
5,30836,True,B,A,2,1,B
5,30837,True,A,B,1,1,A
5,30838,True,B,A,3,1,B
5,30839,True,B,A,6,1,B
5,30840,True,B,A,2,0,B
5,30841,True,B,A,1,2,A
5,30842,True,A,B,6,1,B
5,30843,True,A,B,0,1,A
5,30844,True,A,B,2,1,A
5,30845,True,A,B,6,1,B
5,30846,True,B,A,2,1,A
5,30847,True,A,B,3,1,B
5,30848,True,B,A,0,1,A
5,30849,True,B,A,10,1,B
5,30850,True,B,A,1,1,A
5,30851,True,A,B,0,1,A
5,30852,True,B,A,6,1,B
5,30853,False,,,,,
5,30854,True,B,A,4,1,B
5,30855,True,A,B,3,1,B
5,30856,True,B,A,6,1,B
5,30857,True,A,B,3,1,B
5,30858,True,A,B,10,1,B
5,30859,True,A,B,2,0,B
5,30860,True,A,B,3,1,B
5,30861,True,B,A,4,1,B
5,30862,True,A,B,0,1,A
5,30863,True,A,B,2,0,B
5,30864,True,A,B,1,1,A
5,30865,True,B,A,0,1,A
5,30866,True,A,B,2,1,A
5,30867,True,A,B,0,1,A
5,30868,True,B,A,0,1,A
5,30869,True,A,B,0,1,A
5,30870,True,A,B,0,1,A
5,30871,True,B,A,4,1,B
5,30872,True,A,B,0,1,A
5,30873,True,A,B,10,1,B
5,30874,True,A,B,3,1,A
5,30875,True,B,A,2,0,B
5,30876,True,B,A,2,1,A
5,30877,True,A,B,2,1,B
5,30878,True,B,A,0,1,A
5,30879,False,,,,,
5,30880,True,B,A,0,1,A
5,30881,True,B,A,4,1,B
5,30882,True,B,A,1,2,A
5,30883,True,A,B,1,1,A
5,30884,True,A,B,1,1,A
5,30885,True,A,B,2,1,B
5,30886,True,A,B,3,1,B
5,30887,True,A,B,0,1,A
5,30888,True,B,A,1,1,A
5,30889,True,A,B,10,1,B
5,30890,True,A,B,2,1,B
5,30891,True,A,B,3,1,B
5,30892,True,B,A,0,1,A
5,30893,True,A,B,10,1,B
5,30894,True,A,B,2,1,B
5,30895,True,A,B,1,2,A
5,30896,True,A,B,2,1,B
5,30897,True,A,B,1,2,A
5,30898,True,A,B,2,1,B
5,30899,True,B,A,3,1,B
5,30900,True,B,A,2,1,A
5,30901,True,A,B,3,1,B
5,30902,True,A,B,4,1,B
5,30903,True,B,A,4,1,B
5,30904,True,B,A,6,1,B
5,30905,True,B,A,1,2,A
5,30906,True,B,A,2,1,B
5,30907,True,B,A,4,1,B
5,30908,True,A,B,1,2,A
5,30909,True,A,B,1,2,A
5,30910,True,B,A,3,1,A
5,30911,True,B,A,4,1,B
5,30912,True,B,A,6,1,B
5,30913,True,B,A,4,1,B
5,30914,True,B,A,4,1,B
5,30915,True,B,A,10,1,B
5,30916,True,A,B,4,1,B
5,30917,True,A,B,3,1,B
5,30918,True,A,B,3,1,B
5,30919,False,,,,,
5,30920,True,A,B,1,1,A
5,30921,True,B,A,1,1,A
5,30922,True,A,B,1,1,A
5,30923,True,A,B,3,1,B
5,30924,True,A,B,4,1,B
5,30925,True,B,A,1,1,A
5,30926,True,B,A,10,1,B
5,30927,True,B,A,1,2,A
5,30928,True,B,A,1,1,A
5,30929,True,B,A,10,1,B
5,30930,True,A,B,1,1,A
5,30931,True,B,A,1,2,A
5,30932,True,A,B,10,1,B
5,30933,True,A,B,0,1,A
5,30934,True,A,B,4,1,B
5,30935,True,B,A,2,0,B
5,30936,True,B,A,2,0,B
5,30937,True,B,A,4,1,B
5,30938,True,A,B,1,1,A
5,30939,True,B,A,0,1,A
5,30940,True,B,A,2,1,A
5,30941,True,A,B,2,1,A
5,30942,True,B,A,4,1,B
5,30943,True,B,A,2,1,A
5,30944,False,,,,,
5,30945,True,A,B,3,1,A
5,30946,True,A,B,2,1,B
5,30947,True,A,B,1,1,B
5,30948,True,A,B,4,1,B
5,30949,True,B,A,1,1,A
5,30950,True,A,B,2,1,B
5,30951,True,A,B,3,1,B
5,30952,True,B,A,10,1,B
5,30953,False,,,,,
5,30954,True,B,A,2,1,A
5,30955,True,B,A,1,2,A
5,30956,True,B,A,2,1,A
5,30957,True,A,B,1,1,B
5,30958,True,A,B,2,1,B
5,30959,True,A,B,1,1,A
5,30960,True,B,A,4,1,A
5,30961,True,A,B,0,1,A
5,30962,True,B,A,1,2,A
5,30963,True,A,B,2,1,B
5,30964,True,A,B,10,1,B
5,30965,False,,,,,
5,30966,True,A,B,0,1,A
5,30967,True,A,B,4,1,B
5,30968,False,,,,,
5,30969,True,A,B,0,1,A
5,30970,True,B,A,10,1,B
5,30971,True,B,A,1,1,A
5,30972,True,B,A,1,2,A
5,30973,True,B,A,3,1,B
5,30974,True,B,A,1,2,A
5,30975,True,B,A,4,1,B
5,30976,True,B,A,1,2,A
5,30977,True,B,A,1,2,A
5,30978,True,B,A,0,1,A
5,30979,True,A,B,4,1,B
5,30980,True,A,B,4,1,B
5,30981,True,B,A,3,1,B
5,30982,True,B,A,10,1,B
5,30983,True,B,A,0,1,A
5,30984,True,B,A,1,1,A
5,30985,True,B,A,0,1,A
5,30986,True,A,B,6,1,B
5,30987,True,B,A,2,1,A
5,30988,True,B,A,4,1,B
5,30989,True,B,A,3,1,B
5,30990,True,B,A,1,1,A
5,30991,True,B,A,1,1,A
5,30992,True,B,A,1,2,A
5,30993,True,B,A,4,1,B
5,30994,True,A,B,6,1,B
5,30995,True,B,A,1,1,A
5,30996,True,B,A,2,1,B
5,30997,True,A,B,2,1,A
5,30998,True,A,B,1,2,A
5,30999,False,,,,,
5,31000,True,B,A,10,1,B
5,31001,True,B,A,2,0,B
5,31002,True,A,B,10,1,B
5,31003,True,B,A,0,1,A
5,31004,True,B,A,2,0,B
5,31005,True,B,A,1,1,A
5,31006,True,B,A,0,1,A
5,31007,True,B,A,4,1,B
5,31008,True,B,A,2,1,B
5,31009,True,B,A,1,2,A
5,31010,True,B,A,4,1,B
5,31011,True,A,B,1,1,A
5,31012,True,A,B,10,1,B
5,31013,True,A,B,4,1,B
5,31014,True,B,A,1,1,B
5,31015,True,B,A,10,1,B
5,31016,True,A,B,2,1,A
5,31017,True,A,B,10,1,B
5,31018,True,A,B,2,0,B
5,31019,True,A,B,6,1,B
5,31020,True,B,A,1,2,A
5,31021,True,B,A,3,1,B
5,31022,True,A,B,1,1,A
5,31023,True,B,A,1,1,A
5,31024,True,A,B,2,0,B
5,31025,True,B,A,2,1,A
5,31026,True,B,A,10,1,B
5,31027,True,B,A,2,0,B
5,31028,True,B,A,1,1,A
5,31029,True,B,A,2,1,A
5,31030,True,B,A,1,1,A
5,31031,True,A,B,4,1,B
5,31032,True,A,B,6,1,B
5,31033,True,B,A,2,0,B
5,31034,True,A,B,10,1,B
5,31035,False,,,,,
5,31036,True,B,A,4,1,B
5,31037,True,A,B,0,1,A
5,31038,True,A,B,1,2,A
5,31039,False,,,,,
5,31040,True,B,A,1,1,A
5,31041,True,B,A,6,1,B
5,31042,True,A,B,10,1,B
5,31043,True,B,A,2,0,B
5,31044,True,A,B,2,1,A
5,31045,True,B,A,10,1,B
5,31046,True,B,A,3,1,B
5,31047,True,B,A,1,1,A
5,31048,True,B,A,1,1,A
5,31049,False,,,,,
5,31050,True,A,B,1,2,A
5,31051,True,A,B,10,1,B
5,31052,True,B,A,10,1,B
5,31053,True,B,A,1,2,A
5,31054,True,B,A,0,1,A
5,31055,True,B,A,3,1,B
5,31056,True,B,A,10,1,B
5,31057,True,B,A,2,0,B
5,31058,True,A,B,1,1,A
5,31059,True,B,A,2,0,B
5,31060,True,B,A,10,1,B
5,31061,True,A,B,4,1,B
5,31062,True,A,B,4,1,B
5,31063,True,A,B,2,1,B
5,31064,True,A,B,2,1,A
5,31065,True,B,A,1,1,A
5,31066,True,A,B,1,2,A
5,31067,True,B,A,0,1,A
5,31068,True,B,A,1,1,A
5,31069,False,,,,,
5,31070,True,B,A,3,1,B
5,31071,True,B,A,0,1,A
5,31072,True,B,A,10,1,B
5,31073,True,B,A,3,1,B
5,31074,True,B,A,6,1,B
5,31075,True,B,A,3,1,B
5,31076,True,A,B,1,2,A
5,31077,True,B,A,1,1,A
5,31078,True,B,A,1,1,B
5,31079,True,B,A,1,2,A
5,31080,True,A,B,2,0,B
5,31081,True,B,A,4,1,B
5,31082,True,B,A,2,0,B
5,31083,True,B,A,4,1,B
5,31084,True,B,A,4,1,B
5,31085,True,B,A,6,1,B
5,31086,True,A,B,1,1,A
5,31087,True,A,B,2,0,B
5,31088,True,A,B,2,1,B
5,31089,True,A,B,4,1,B
5,31090,True,A,B,4,1,B
5,31091,False,,,,,
5,31092,True,B,A,4,1,B
5,31093,True,B,A,6,1,B
5,31094,True,A,B,3,1,A
5,31095,True,A,B,4,1,B
5,31096,True,B,A,6,1,B
5,31097,True,A,B,0,1,A
5,31098,True,B,A,4,1,B
5,31099,True,A,B,2,1,A
5,31100,True,A,B,4,1,B
5,31101,True,B,A,2,1,B
5,31102,True,B,A,1,2,A
5,31103,True,B,A,0,1,A
5,31104,True,B,A,1,2,A
5,31105,True,B,A,1,1,A
5,31106,True,A,B,2,0,B
5,31107,True,A,B,4,1,B
5,31108,True,A,B,6,1,B
5,31109,True,B,A,4,1,B
5,31110,True,B,A,2,1,A
5,31111,True,A,B,1,1,A
5,31112,True,A,B,2,0,B
5,31113,True,A,B,1,1,A
5,31114,True,A,B,10,1,B
5,31115,True,A,B,6,1,B
5,31116,True,A,B,4,1,B
5,31117,True,B,A,1,1,A
5,31118,True,A,B,4,1,B
5,31119,True,A,B,2,1,A
5,31120,True,A,B,10,1,B
5,31121,True,B,A,0,1,A
5,31122,True,A,B,1,1,A
5,31123,True,B,A,1,1,A
5,31124,True,A,B,4,1,B
5,31125,True,A,B,3,1,A
5,31126,True,B,A,1,2,A
5,31127,True,B,A,10,1,B
5,31128,False,,,,,
5,31129,True,B,A,2,1,B
5,31130,True,A,B,2,1,A
5,31131,True,A,B,3,1,B
5,31132,True,A,B,3,1,B
5,31133,True,A,B,1,2,A
5,31134,True,A,B,1,2,A
5,31135,True,B,A,4,1,B
5,31136,True,A,B,10,1,B
5,31137,True,B,A,3,1,B
5,31138,True,A,B,6,1,B
5,31139,True,B,A,4,1,B
5,31140,True,B,A,6,1,B
5,31141,True,B,A,4,1,B
5,31142,True,A,B,2,1,A
5,31143,True,A,B,1,1,A
5,31144,True,A,B,2,1,B
5,31145,True,A,B,2,1,A
5,31146,True,B,A,10,1,B
5,31147,True,B,A,1,2,A
5,31148,True,A,B,1,1,A
5,31149,True,A,B,0,1,A
5,31150,True,B,A,3,1,B
5,31151,True,B,A,1,1,A
5,31152,True,A,B,4,1,B
5,31153,True,B,A,4,1,B
5,31154,True,A,B,2,0,B
5,31155,True,B,A,1,1,A
5,31156,True,B,A,0,1,A
5,31157,True,B,A,1,2,A
5,31158,True,A,B,1,2,A
5,31159,True,B,A,1,1,A
5,31160,True,A,B,4,1,B
5,31161,True,A,B,1,1,A
5,31162,True,B,A,0,1,A
5,31163,True,B,A,0,1,A
5,31164,True,B,A,1,2,A
5,31165,False,,,,,
5,31166,False,,,,,
5,31167,True,A,B,1,1,A
5,31168,False,,,,,
5,31169,True,B,A,2,1,A
5,31170,True,B,A,10,1,B
5,31171,True,B,A,10,1,B
5,31172,True,A,B,1,2,A
5,31173,True,A,B,4,1,B
5,31174,True,A,B,1,2,A
5,31175,True,B,A,1,2,A
5,31176,True,A,B,1,2,B
5,31177,True,A,B,0,1,A
5,31178,True,B,A,2,1,B
5,31179,True,A,B,3,1,B
5,31180,True,B,A,0,1,A
5,31181,False,,,,,
5,31182,True,B,A,6,1,B
5,31183,True,A,B,0,1,A
5,31184,True,B,A,10,1,B
5,31185,True,B,A,2,1,B
5,31186,True,B,A,4,1,B
5,31187,True,B,A,10,1,B
5,31188,True,A,B,3,1,B
5,31189,True,A,B,10,1,B
5,31190,True,B,A,3,1,B
5,31191,True,A,B,4,1,B
5,31192,True,B,A,6,1,B
5,31193,True,B,A,10,1,B
5,31194,True,A,B,3,1,B
5,31195,True,A,B,1,2,A
5,31196,True,A,B,10,1,B
5,31197,True,A,B,4,1,B
5,31198,True,B,A,3,1,B
5,31199,True,B,A,1,1,A
5,31200,False,,,,,
5,31201,True,A,B,10,1,B
5,31202,True,A,B,10,1,B
5,31203,True,B,A,4,1,B
5,31204,True,B,A,1,1,B
5,31205,False,,,,,
5,31206,True,A,B,3,1,A
5,31207,True,A,B,10,1,B
5,31208,True,B,A,0,1,A
5,31209,True,B,A,2,0,B
5,31210,True,A,B,6,1,B
5,31211,True,A,B,1,2,A
5,31212,True,B,A,10,1,B
5,31213,True,A,B,10,1,B
5,31214,True,B,A,0,1,A
5,31215,True,A,B,1,1,A
5,31216,True,A,B,1,2,A
5,31217,True,A,B,1,2,A
5,31218,True,B,A,2,1,A
5,31219,False,,,,,
5,31220,True,A,B,2,1,B
5,31221,True,A,B,1,2,A
5,31222,True,B,A,6,1,B
5,31223,True,B,A,1,1,B
5,31224,True,B,A,2,1,B
5,31225,True,A,B,3,1,B
5,31226,True,A,B,0,1,A
5,31227,True,B,A,3,1,B
5,31228,True,B,A,6,1,B
5,31229,False,,,,,
5,31230,True,A,B,2,1,A
5,31231,True,A,B,6,1,B
5,31232,True,B,A,4,1,B
5,31233,True,B,A,2,0,B
5,31234,True,A,B,1,1,A
5,31235,True,A,B,2,1,A
5,31236,True,A,B,4,1,B
5,31237,True,A,B,10,1,B
5,31238,True,B,A,2,1,A
5,31239,True,A,B,3,1,B
5,31240,False,,,,,
5,31241,True,B,A,1,2,A
5,31242,True,B,A,0,1,A
5,31243,True,B,A,3,1,A
5,31244,True,B,A,3,1,A
5,31245,True,A,B,1,1,A
5,31246,True,B,A,0,1,A
5,31247,True,B,A,10,1,B
5,31248,True,A,B,1,1,A
5,31249,True,A,B,10,1,B
5,31250,True,A,B,3,1,B
5,31251,True,B,A,2,1,B
5,31252,True,B,A,1,2,A
5,31253,True,A,B,2,1,B
5,31254,True,B,A,1,2,A
5,31255,True,A,B,10,1,B
5,31256,True,B,A,6,1,B
5,31257,True,B,A,2,0,B
5,31258,True,B,A,0,1,A
5,31259,True,B,A,1,1,A
5,31260,True,B,A,1,1,A
5,31261,True,A,B,3,1,B
5,31262,True,B,A,6,1,B
5,31263,True,A,B,2,1,A
5,31264,True,B,A,10,1,B
5,31265,True,B,A,3,1,B
5,31266,True,A,B,4,1,B
5,31267,True,A,B,2,0,B
5,31268,True,B,A,0,1,A
5,31269,True,A,B,4,1,B
5,31270,True,B,A,3,1,B
5,31271,True,A,B,3,1,B
5,31272,True,A,B,1,2,A
5,31273,True,B,A,6,1,B
5,31274,True,A,B,10,1,B
5,31275,False,,,,,
5,31276,True,B,A,10,1,B
5,31277,True,A,B,2,0,B
5,31278,True,A,B,6,1,B
5,31279,True,A,B,6,1,B
5,31280,True,A,B,2,1,A
5,31281,True,A,B,10,1,B
5,31282,True,A,B,3,1,B
5,31283,True,A,B,4,1,B
5,31284,True,A,B,1,2,A
5,31285,True,A,B,0,1,A
5,31286,True,B,A,4,1,B
5,31287,True,B,A,1,2,A
5,31288,True,B,A,4,1,B
5,31289,True,B,A,1,1,A
5,31290,False,,,,,
5,31291,True,A,B,4,1,B
5,31292,True,A,B,2,1,B
5,31293,True,A,B,3,1,B
5,31294,False,,,,,
5,31295,True,B,A,3,1,B
5,31296,True,A,B,10,1,B
5,31297,True,B,A,2,1,A
5,31298,True,A,B,2,1,B
5,31299,True,A,B,1,2,A
5,31300,True,B,A,6,1,B
5,31301,True,A,B,1,1,A
5,31302,True,A,B,2,0,B
5,31303,True,A,B,4,1,B
5,31304,True,B,A,2,1,A
5,31305,True,A,B,0,1,A
5,31306,True,B,A,2,1,B
5,31307,True,B,A,1,2,A
5,31308,True,B,A,2,1,A
5,31309,True,B,A,2,0,B
5,31310,True,B,A,4,1,B
5,31311,True,A,B,1,2,A
5,31312,True,A,B,2,1,B
5,31313,True,A,B,2,0,B
5,31314,False,,,,,
5,31315,True,B,A,0,1,A
5,31316,True,A,B,10,1,B
5,31317,True,B,A,2,0,B
5,31318,True,A,B,2,1,A
5,31319,True,A,B,2,1,A
5,31320,True,B,A,2,1,A
5,31321,True,B,A,3,1,B
5,31322,True,B,A,4,1,B
5,31323,True,B,A,3,1,B
5,31324,True,A,B,0,1,A
5,31325,True,A,B,10,1,B
5,31326,True,A,B,2,1,B
5,31327,True,A,B,4,1,B
5,31328,True,B,A,3,1,B
5,31329,True,A,B,2,1,B
5,31330,True,A,B,2,1,B
5,31331,True,A,B,2,1,B
5,31332,True,A,B,0,1,A
5,31333,True,B,A,0,1,A
5,31334,True,A,B,10,1,B
5,31335,True,A,B,2,0,B
5,31336,True,A,B,2,1,A
5,31337,True,A,B,1,2,A
5,31338,True,A,B,1,1,A
5,31339,True,B,A,1,2,A
5,31340,True,B,A,2,1,B
5,31341,True,B,A,0,1,A
5,31342,True,B,A,4,1,B
5,31343,True,B,A,2,0,B
5,31344,True,B,A,6,1,B
5,31345,True,B,A,3,1,B
5,31346,True,A,B,1,1,A
5,31347,True,B,A,6,1,B
5,31348,True,A,B,2,1,A
5,31349,True,A,B,2,0,B
5,31350,True,A,B,4,1,B
5,31351,True,A,B,2,1,B
5,31352,True,B,A,6,1,B
5,31353,True,A,B,6,1,B
5,31354,True,B,A,2,0,B
5,31355,True,A,B,0,1,A
5,31356,True,A,B,2,0,B
5,31357,True,B,A,2,0,B
5,31358,True,B,A,2,0,B
5,31359,True,B,A,0,1,A
5,31360,True,A,B,2,1,B
5,31361,True,B,A,6,1,B
5,31362,True,B,A,2,0,B
5,31363,True,A,B,3,1,B
5,31364,True,A,B,2,0,B
5,31365,True,A,B,2,1,A
5,31366,True,A,B,2,1,A
5,31367,True,B,A,1,1,A
5,31368,True,A,B,6,1,B
5,31369,True,B,A,0,1,A
5,31370,True,A,B,1,2,A
5,31371,True,A,B,6,1,B
5,31372,True,B,A,1,1,B
5,31373,True,A,B,10,1,B
5,31374,True,A,B,6,1,B
5,31375,True,A,B,1,2,A
5,31376,True,A,B,4,1,B
5,31377,True,B,A,10,1,B
5,31378,True,B,A,6,1,B
5,31379,True,A,B,10,1,B
5,31380,True,B,A,6,1,B
5,31381,True,B,A,6,1,B
5,31382,True,A,B,6,1,B
5,31383,True,A,B,1,1,A
5,31384,True,B,A,1,2,A
5,31385,True,A,B,6,1,B
5,31386,True,B,A,0,1,A
5,31387,True,B,A,1,2,A
5,31388,True,A,B,10,1,B
5,31389,True,B,A,2,0,B
5,31390,True,A,B,4,1,B
5,31391,True,A,B,3,1,B
5,31392,True,B,A,1,1,A
5,31393,True,A,B,6,1,B
5,31394,True,B,A,10,1,B
5,31395,True,A,B,10,1,B
5,31396,True,B,A,0,1,A
5,31397,True,B,A,1,2,A
5,31398,True,B,A,3,1,B
5,31399,True,A,B,1,2,A
5,31400,True,B,A,2,0,B
5,31401,True,A,B,2,1,B
5,31402,True,B,A,1,2,A
5,31403,True,A,B,10,1,B
5,31404,True,B,A,6,1,B
5,31405,True,B,A,10,1,B
5,31406,True,A,B,10,1,B
5,31407,True,A,B,0,1,A
5,31408,True,A,B,0,1,A
5,31409,True,B,A,0,1,A
5,31410,True,B,A,3,1,B
5,31411,True,A,B,2,0,B
5,31412,True,B,A,4,1,B
5,31413,True,A,B,10,1,B
5,31414,True,B,A,2,1,B
5,31415,True,A,B,4,1,B
5,31416,False,,,,,
5,31417,True,B,A,2,0,B
5,31418,True,A,B,6,1,B
5,31419,True,A,B,1,1,A
5,31420,True,A,B,1,2,A
5,31421,True,B,A,0,1,A
5,31422,True,A,B,4,1,B
5,31423,True,A,B,10,1,B
5,31424,True,A,B,0,1,A
5,31425,True,B,A,2,1,A
5,31426,True,B,A,2,0,B
5,31427,True,B,A,2,1,A
5,31428,True,A,B,6,1,B
5,31429,True,B,A,6,1,B
5,31430,True,B,A,3,1,A
5,31431,True,B,A,4,1,B
5,31432,True,A,B,1,2,A
5,31433,True,B,A,6,1,B
5,31434,True,A,B,6,1,B
5,31435,True,A,B,2,0,B
5,31436,True,A,B,3,1,B
5,31437,True,B,A,10,1,B
5,31438,True,B,A,4,1,B
5,31439,True,B,A,6,1,B
5,31440,True,B,A,3,1,B
5,31441,True,A,B,4,1,B
5,31442,True,A,B,3,1,B
5,31443,True,A,B,1,2,A
5,31444,True,B,A,6,1,B
5,31445,True,A,B,3,1,A
5,31446,True,B,A,10,1,B
5,31447,True,A,B,1,1,A
5,31448,True,B,A,1,2,A
5,31449,True,A,B,1,1,A
5,31450,True,A,B,6,1,B
5,31451,True,A,B,1,1,A
5,31452,True,A,B,1,2,A
5,31453,True,B,A,2,0,B
5,31454,True,B,A,0,1,A
5,31455,True,A,B,3,1,B
5,31456,True,A,B,2,0,B
5,31457,True,B,A,2,1,B
5,31458,True,B,A,10,1,B
5,31459,True,A,B,4,1,B
5,31460,True,B,A,6,1,B
5,31461,True,B,A,3,1,B
5,31462,True,A,B,2,1,A
5,31463,True,B,A,2,0,B
5,31464,True,B,A,6,1,B
5,31465,True,B,A,6,1,B
5,31466,True,B,A,1,1,B
5,31467,True,A,B,0,1,A
5,31468,True,B,A,4,1,B
5,31469,True,B,A,1,2,B
5,31470,True,B,A,1,1,B
5,31471,True,A,B,1,2,A
5,31472,True,A,B,10,1,B
5,31473,True,A,B,4,1,B
5,31474,True,A,B,2,1,B
5,31475,True,B,A,1,1,A
5,31476,True,A,B,6,1,B
5,31477,True,B,A,10,1,B
5,31478,True,B,A,0,1,A
5,31479,True,A,B,0,1,A
5,31480,True,B,A,2,1,B
5,31481,True,A,B,2,1,A
5,31482,True,B,A,10,1,B
5,31483,True,B,A,6,1,B
5,31484,True,B,A,10,1,B
5,31485,True,B,A,1,2,A
5,31486,True,A,B,1,1,A
5,31487,True,B,A,1,1,A
5,31488,True,A,B,0,1,A
5,31489,True,A,B,0,1,A
5,31490,True,A,B,3,1,B
5,31491,True,A,B,10,1,B
5,31492,False,,,,,
5,31493,True,B,A,3,1,B
5,31494,True,B,A,1,2,A
5,31495,True,B,A,10,1,B
5,31496,True,A,B,1,2,A
5,31497,True,B,A,1,1,A
5,31498,True,A,B,6,1,B
5,31499,True,A,B,3,1,B
5,31500,True,B,A,0,1,A
5,31501,True,B,A,4,1,B
5,31502,False,,,,,
5,31503,True,B,A,6,1,B
5,31504,True,A,B,10,1,B
5,31505,True,A,B,6,1,B
5,31506,True,B,A,1,2,A
5,31507,True,A,B,0,1,A
5,31508,True,B,A,4,1,B
5,31509,True,A,B,6,1,B
5,31510,True,A,B,1,1,A
5,31511,True,B,A,2,0,B
5,31512,True,B,A,1,1,A
5,31513,True,B,A,3,1,B
5,31514,True,B,A,0,1,A
5,31515,False,,,,,
5,31516,True,B,A,1,1,A
5,31517,True,B,A,1,1,A
5,31518,True,B,A,6,1,B
5,31519,True,A,B,2,0,B
5,31520,True,A,B,6,1,B
5,31521,True,B,A,6,1,B
5,31522,True,B,A,0,1,A
5,31523,True,B,A,1,1,A
5,31524,True,B,A,6,1,B
5,31525,True,B,A,1,2,A
5,31526,True,B,A,0,1,A
5,31527,True,A,B,1,2,A
5,31528,True,B,A,1,1,A
5,31529,True,B,A,2,1,A
5,31530,True,A,B,0,1,A
5,31531,True,A,B,1,2,A
5,31532,True,A,B,1,2,A
5,31533,True,A,B,1,2,A
5,31534,True,A,B,3,1,B
5,31535,True,B,A,1,1,A
5,31536,True,B,A,1,2,A
5,31537,True,A,B,6,1,B
5,31538,True,A,B,1,1,A
5,31539,True,B,A,1,1,A
5,31540,True,B,A,6,1,B
5,31541,True,A,B,4,1,B
5,31542,True,A,B,0,1,A
5,31543,True,A,B,3,1,B
5,31544,True,A,B,10,1,B
5,31545,True,A,B,0,1,A
5,31546,True,A,B,3,1,B
5,31547,True,B,A,3,1,B
5,31548,True,B,A,6,1,B
5,31549,True,A,B,2,1,A
5,31550,True,B,A,1,1,A
5,31551,True,A,B,4,1,B
5,31552,True,B,A,1,2,A
5,31553,True,B,A,1,1,A
5,31554,True,B,A,1,2,A
5,31555,True,B,A,3,1,B
5,31556,True,A,B,4,1,B
5,31557,True,A,B,2,0,B
5,31558,True,A,B,0,1,A
5,31559,True,A,B,10,1,B
5,31560,True,B,A,1,1,A
5,31561,True,B,A,4,1,B
5,31562,True,B,A,10,1,B
5,31563,True,A,B,3,1,B
5,31564,True,A,B,2,0,B
5,31565,False,,,,,
5,31566,True,B,A,2,1,A
5,31567,True,A,B,2,1,B
5,31568,True,A,B,6,1,B
5,31569,True,B,A,3,1,B
5,31570,True,A,B,10,1,B
5,31571,True,A,B,6,1,B
5,31572,True,B,A,1,2,A
5,31573,True,B,A,1,2,A
5,31574,True,A,B,1,2,A
5,31575,True,B,A,6,1,B
5,31576,True,A,B,1,2,A
5,31577,True,B,A,2,0,B
5,31578,True,A,B,1,1,A
5,31579,True,A,B,3,1,A
5,31580,True,B,A,4,1,B
5,31581,True,B,A,3,1,B
5,31582,True,A,B,0,1,A
5,31583,True,A,B,3,1,B
5,31584,True,B,A,2,0,B
5,31585,True,A,B,4,1,B
5,31586,True,A,B,1,1,A
5,31587,True,A,B,3,1,B
5,31588,True,A,B,1,2,A
5,31589,True,B,A,4,1,B
5,31590,True,B,A,2,1,B
5,31591,True,A,B,0,1,A
5,31592,True,B,A,4,1,B
5,31593,True,B,A,6,1,B
5,31594,True,B,A,3,1,B
5,31595,True,B,A,3,1,B
5,31596,True,B,A,1,2,A
5,31597,True,B,A,2,1,B
5,31598,True,B,A,4,1,B
5,31599,True,B,A,0,1,A
5,31600,True,A,B,2,0,B
5,31601,True,A,B,1,1,A
5,31602,True,A,B,2,0,B
5,31603,True,B,A,3,1,B
5,31604,True,B,A,6,1,B
5,31605,True,A,B,1,2,A
5,31606,True,B,A,1,1,B
5,31607,True,A,B,10,1,B
5,31608,True,B,A,10,1,B
5,31609,True,A,B,6,1,B
5,31610,True,A,B,10,1,B
5,31611,True,A,B,3,1,A
5,31612,True,A,B,3,1,B
5,31613,True,B,A,1,1,A
5,31614,True,B,A,2,0,B
5,31615,True,B,A,10,1,B
5,31616,True,A,B,6,1,B
5,31617,True,B,A,2,0,B
5,31618,True,B,A,2,1,A
5,31619,True,B,A,0,1,A
5,31620,True,B,A,2,0,B
5,31621,True,B,A,10,1,B
5,31622,True,B,A,3,1,B
5,31623,True,A,B,3,1,B
5,31624,True,B,A,4,1,B
5,31625,True,A,B,3,1,B
5,31626,True,B,A,10,1,B
5,31627,True,B,A,1,1,A
5,31628,True,B,A,0,1,A
5,31629,True,A,B,2,1,A
5,31630,True,B,A,0,1,A
5,31631,True,B,A,0,1,A
5,31632,True,B,A,1,2,A
5,31633,True,B,A,1,1,A
5,31634,True,A,B,4,1,B
5,31635,True,A,B,4,1,B
5,31636,True,B,A,2,1,A
5,31637,True,A,B,0,1,A
5,31638,True,B,A,0,1,A
5,31639,True,B,A,0,1,A
5,31640,True,A,B,3,1,B
5,31641,True,A,B,6,1,B
5,31642,True,B,A,1,1,A
5,31643,True,A,B,0,1,A
5,31644,True,B,A,6,1,B
5,31645,True,A,B,6,1,B
5,31646,True,B,A,6,1,B
5,31647,True,A,B,2,1,B
5,31648,True,B,A,6,1,B
5,31649,True,B,A,2,1,A
5,31650,True,A,B,4,1,B
5,31651,True,B,A,1,1,A
5,31652,True,A,B,2,0,B
5,31653,True,B,A,1,2,A
5,31654,True,B,A,6,1,B
5,31655,True,A,B,3,1,B
5,31656,True,A,B,3,1,B
5,31657,True,A,B,3,1,B
5,31658,True,A,B,1,1,A
5,31659,True,B,A,10,1,B
5,31660,True,B,A,3,1,B
5,31661,True,A,B,3,1,B
5,31662,True,A,B,10,1,B
5,31663,True,A,B,3,1,B
5,31664,True,A,B,1,1,A
5,31665,True,A,B,6,1,B
5,31666,True,A,B,2,0,B
5,31667,True,B,A,0,1,A
5,31668,True,B,A,4,1,B
5,31669,True,A,B,3,1,B
5,31670,True,A,B,2,1,A
5,31671,True,A,B,1,1,A
5,31672,True,B,A,2,0,B
5,31673,True,A,B,2,1,A
5,31674,True,B,A,0,1,A
5,31675,True,A,B,2,0,B
5,31676,True,B,A,1,1,A
5,31677,True,A,B,6,1,B
5,31678,True,B,A,2,1,A
5,31679,True,A,B,2,1,B
5,31680,True,A,B,10,1,B
5,31681,True,B,A,3,1,B
5,31682,True,A,B,2,0,B
5,31683,True,B,A,6,1,B
5,31684,True,A,B,3,1,B
5,31685,True,B,A,1,1,A
5,31686,True,B,A,4,1,B
5,31687,True,B,A,2,0,B
5,31688,True,A,B,2,1,B
5,31689,True,A,B,1,2,A
5,31690,True,A,B,3,1,B
5,31691,True,A,B,4,1,B
5,31692,True,A,B,1,1,B
5,31693,True,A,B,2,1,B
5,31694,True,B,A,3,1,B
5,31695,True,B,A,2,1,A
5,31696,True,B,A,6,1,B
5,31697,False,,,,,
5,31698,True,A,B,10,1,B
5,31699,True,B,A,3,1,B
5,31700,True,B,A,6,1,B
5,31701,True,B,A,2,1,B
5,31702,True,B,A,3,1,B
5,31703,True,B,A,10,1,B
5,31704,True,A,B,4,1,B
5,31705,True,A,B,6,1,B
5,31706,True,A,B,1,2,A
5,31707,True,B,A,1,2,A
5,31708,True,B,A,2,1,A
5,31709,True,B,A,3,1,B
5,31710,True,A,B,3,1,B
5,31711,True,B,A,0,1,A
5,31712,True,B,A,6,1,B
5,31713,True,B,A,6,1,B
5,31714,True,B,A,10,1,B
5,31715,True,A,B,6,1,B
5,31716,True,B,A,3,1,B
5,31717,True,A,B,1,2,A
5,31718,True,A,B,4,1,B
5,31719,True,B,A,6,1,B
5,31720,True,B,A,1,2,A
5,31721,True,B,A,0,1,A
5,31722,True,B,A,2,1,B
5,31723,True,A,B,2,1,A
5,31724,True,B,A,6,1,B
5,31725,True,A,B,1,1,A
5,31726,True,A,B,1,2,A
5,31727,True,B,A,4,1,B
5,31728,True,B,A,1,1,A
5,31729,True,B,A,10,1,B
5,31730,True,A,B,0,1,A
5,31731,True,A,B,2,1,A
5,31732,True,A,B,1,2,A
5,31733,True,B,A,2,0,B
5,31734,True,A,B,0,1,A
5,31735,True,B,A,3,1,B
5,31736,True,A,B,0,1,A
5,31737,True,B,A,1,1,A
5,31738,True,A,B,1,2,A
5,31739,True,A,B,6,1,B
5,31740,False,,,,,
5,31741,True,A,B,2,1,B
5,31742,True,A,B,6,1,B
5,31743,True,A,B,6,1,B
5,31744,True,B,A,1,1,A
5,31745,True,A,B,10,1,B
5,31746,True,A,B,2,1,B
5,31747,True,A,B,1,1,B
5,31748,True,A,B,2,1,B
5,31749,True,A,B,2,0,B
5,31750,True,B,A,1,2,A
5,31751,True,B,A,1,2,A
5,31752,True,B,A,2,0,B
5,31753,True,B,A,1,1,A
5,31754,True,B,A,6,1,B
5,31755,True,A,B,1,1,B
5,31756,True,A,B,6,1,B
5,31757,True,B,A,4,1,B
5,31758,True,A,B,10,1,B
5,31759,True,B,A,4,1,B
5,31760,True,A,B,0,1,A
5,31761,True,A,B,4,1,B
5,31762,True,B,A,1,1,A
5,31763,True,B,A,4,1,B
5,31764,True,B,A,1,1,A
5,31765,True,B,A,2,1,B
5,31766,True,B,A,2,0,B
5,31767,True,B,A,2,1,B
5,31768,True,A,B,2,1,B
5,31769,True,B,A,1,2,A
5,31770,True,A,B,2,1,B
5,31771,True,B,A,2,0,B
5,31772,True,A,B,3,1,B
5,31773,True,B,A,0,1,A
5,31774,True,B,A,2,1,A
5,31775,True,A,B,3,1,B
5,31776,True,B,A,2,1,B
5,31777,True,B,A,0,1,A
5,31778,True,B,A,4,1,B
5,31779,True,B,A,2,1,B
5,31780,True,A,B,1,1,B
5,31781,True,A,B,6,1,B
5,31782,True,A,B,0,1,A
5,31783,True,B,A,10,1,B
5,31784,True,B,A,2,0,B
5,31785,True,B,A,0,1,A
5,31786,True,B,A,6,1,B
5,31787,True,A,B,2,0,B
5,31788,True,A,B,2,0,B
5,31789,True,A,B,2,1,B
5,31790,True,B,A,0,1,A
5,31791,True,A,B,10,1,B
5,31792,True,A,B,10,1,B
5,31793,True,A,B,1,1,A
5,31794,True,B,A,2,0,B
5,31795,True,B,A,1,2,A
5,31796,True,A,B,1,2,A
5,31797,True,B,A,10,1,B
5,31798,True,B,A,2,1,A
5,31799,True,A,B,2,0,B
5,31800,True,B,A,2,1,A
5,31801,True,B,A,2,1,B
5,31802,True,A,B,2,1,B
5,31803,False,,,,,
5,31804,True,B,A,3,1,B
5,31805,True,B,A,2,0,B
5,31806,True,A,B,2,1,A
5,31807,True,B,A,1,2,A
5,31808,True,A,B,0,1,A
5,31809,True,B,A,1,2,A
5,31810,True,A,B,10,1,B
5,31811,True,A,B,6,1,B
5,31812,True,A,B,2,0,B
5,31813,True,A,B,1,1,A
5,31814,True,B,A,4,1,B
5,31815,True,B,A,2,1,B
5,31816,True,B,A,10,1,B
5,31817,True,A,B,6,1,B
5,31818,True,B,A,0,1,A
5,31819,True,B,A,2,1,A
5,31820,True,B,A,4,1,B
5,31821,True,A,B,1,2,A
5,31822,True,B,A,6,1,B
5,31823,True,B,A,1,1,A
5,31824,True,B,A,2,1,B
5,31825,True,B,A,4,1,B
5,31826,True,A,B,0,1,A
5,31827,True,A,B,0,1,A
5,31828,True,A,B,10,1,B
5,31829,True,B,A,0,1,A
5,31830,False,,,,,
5,31831,True,B,A,1,2,A
5,31832,True,A,B,0,1,A
5,31833,True,A,B,6,1,B
5,31834,True,B,A,3,1,B
5,31835,True,B,A,0,1,A
5,31836,True,B,A,1,2,A
5,31837,True,B,A,6,1,B
5,31838,True,A,B,2,1,B
5,31839,True,B,A,3,1,B
5,31840,True,A,B,0,1,A
5,31841,True,A,B,10,1,B
5,31842,True,A,B,4,1,B
5,31843,True,A,B,2,1,A
5,31844,True,A,B,1,1,A
5,31845,True,B,A,1,1,A
5,31846,True,B,A,2,1,A
5,31847,True,A,B,1,1,A
5,31848,True,A,B,1,1,A
5,31849,True,A,B,3,1,B
5,31850,True,B,A,4,1,B
5,31851,True,A,B,1,1,A
5,31852,True,A,B,1,2,A
5,31853,True,B,A,6,1,B
5,31854,True,B,A,3,1,A
5,31855,True,A,B,6,1,B
5,31856,True,B,A,4,1,B
5,31857,True,B,A,4,1,B
5,31858,True,B,A,10,1,B
5,31859,True,A,B,3,1,B
5,31860,True,A,B,3,1,B
5,31861,True,A,B,0,1,A
5,31862,True,B,A,0,1,A
5,31863,True,A,B,1,2,A
5,31864,True,B,A,0,1,A
5,31865,True,A,B,1,1,A
5,31866,True,B,A,6,1,B
5,31867,True,A,B,3,1,B
5,31868,True,A,B,2,1,A
5,31869,True,A,B,1,2,A
5,31870,True,B,A,4,1,B
5,31871,True,A,B,1,2,A
5,31872,True,A,B,2,1,A
5,31873,True,B,A,2,0,B
5,31874,True,B,A,1,2,A
5,31875,True,B,A,4,1,B
5,31876,True,A,B,1,1,A
5,31877,True,A,B,4,1,B
5,31878,True,A,B,10,1,B
5,31879,True,A,B,10,1,B
5,31880,True,B,A,2,1,B
5,31881,True,A,B,1,2,A
5,31882,True,B,A,4,1,B
5,31883,True,B,A,4,1,B
5,31884,True,B,A,6,1,B
5,31885,True,A,B,2,1,A
5,31886,True,B,A,4,1,B
5,31887,True,B,A,4,1,B
5,31888,True,A,B,10,1,B
5,31889,True,B,A,0,1,A
5,31890,True,A,B,3,1,A
5,31891,True,B,A,1,1,A
5,31892,True,A,B,3,1,B
5,31893,True,A,B,1,1,A
5,31894,True,B,A,0,1,A
5,31895,True,A,B,3,1,B
5,31896,True,A,B,1,1,A
5,31897,True,B,A,2,1,A
5,31898,True,B,A,6,1,B
5,31899,True,A,B,1,1,A
5,31900,True,B,A,4,1,B
5,31901,True,B,A,6,1,B
5,31902,True,A,B,6,1,B
5,31903,True,A,B,2,0,B
5,31904,True,A,B,6,1,B
5,31905,True,B,A,1,2,A
5,31906,True,B,A,2,0,B
5,31907,True,A,B,0,1,A
5,31908,True,A,B,2,1,B
5,31909,True,A,B,4,1,B
5,31910,True,A,B,2,1,B
5,31911,True,B,A,2,0,B
5,31912,True,B,A,1,1,A
5,31913,True,A,B,0,1,A
5,31914,True,A,B,2,0,B
5,31915,True,A,B,1,1,A
5,31916,True,A,B,0,1,A
5,31917,True,A,B,2,0,B
5,31918,True,B,A,2,1,B
5,31919,True,B,A,4,1,B
5,31920,True,A,B,1,2,A
5,31921,True,B,A,6,1,B
5,31922,True,B,A,0,1,A
5,31923,True,A,B,10,1,B
5,31924,True,A,B,4,1,B
5,31925,True,B,A,3,1,B
5,31926,True,B,A,3,1,B
5,31927,True,B,A,10,1,B
5,31928,True,B,A,1,2,A
5,31929,True,A,B,1,2,A
5,31930,True,B,A,1,2,A
5,31931,True,A,B,1,2,A
5,31932,True,A,B,2,1,B
5,31933,True,B,A,1,2,A
5,31934,True,A,B,4,1,B
5,31935,True,A,B,3,1,B
5,31936,True,B,A,10,1,B
5,31937,True,B,A,2,0,B
5,31938,True,A,B,10,1,B
5,31939,True,B,A,1,2,A
5,31940,True,A,B,1,2,A
5,31941,True,B,A,10,1,B
5,31942,True,A,B,3,1,B
5,31943,True,B,A,1,1,A
5,31944,True,B,A,6,1,B
5,31945,True,B,A,2,1,A
5,31946,True,A,B,10,1,B
5,31947,True,A,B,3,1,B
5,31948,True,B,A,10,1,B
5,31949,True,B,A,4,1,B
5,31950,True,A,B,1,2,A
5,31951,True,A,B,10,1,B
5,31952,True,B,A,2,1,B
5,31953,True,B,A,0,1,A
5,31954,True,A,B,6,1,B
5,31955,True,B,A,4,1,B
5,31956,True,A,B,1,2,A
5,31957,True,A,B,0,1,A
5,31958,True,A,B,2,0,B
5,31959,True,B,A,3,1,A
5,31960,True,B,A,10,1,B
5,31961,True,A,B,0,1,A
5,31962,True,B,A,6,1,B
5,31963,True,B,A,6,1,B
5,31964,True,B,A,2,1,B
5,31965,True,B,A,2,1,A
5,31966,True,B,A,10,1,B
5,31967,True,B,A,6,1,B
5,31968,True,B,A,3,1,B
5,31969,True,B,A,1,2,A
5,31970,True,A,B,4,1,B
5,31971,True,B,A,3,1,B
5,31972,True,A,B,2,0,B
5,31973,True,B,A,2,1,A
5,31974,True,A,B,1,1,A
5,31975,True,B,A,2,1,A
5,31976,True,B,A,0,1,A
5,31977,True,B,A,6,1,B
5,31978,True,A,B,1,1,A
5,31979,True,A,B,1,2,A
5,31980,True,A,B,10,1,B
5,31981,True,B,A,2,1,A
5,31982,True,B,A,6,1,B
5,31983,True,B,A,0,1,A
5,31984,True,B,A,1,1,B
5,31985,True,A,B,6,1,B
5,31986,True,B,A,3,1,B
5,31987,True,B,A,2,0,B
5,31988,True,A,B,1,1,A
5,31989,True,A,B,1,1,A
5,31990,True,B,A,6,1,B
5,31991,True,A,B,0,1,A
5,31992,True,B,A,4,1,B
5,31993,True,B,A,0,1,A
5,31994,True,B,A,10,1,B
5,31995,True,A,B,4,1,B
5,31996,False,,,,,
5,31997,True,A,B,3,1,A
5,31998,True,B,A,1,1,A
5,31999,True,B,A,2,0,B
5,32000,True,B,A,2,0,B
5,32001,True,A,B,0,1,A
5,32002,True,A,B,1,1,A
5,32003,True,B,A,4,1,B
5,32004,True,B,A,10,1,B
5,32005,True,A,B,3,1,B
5,32006,True,A,B,3,1,B
5,32007,True,A,B,2,0,B
5,32008,True,A,B,6,1,B
5,32009,True,B,A,0,1,A
5,32010,True,B,A,1,2,A
5,32011,True,A,B,0,1,A
5,32012,True,B,A,1,2,A
5,32013,True,B,A,2,1,A
5,32014,True,B,A,0,1,A
5,32015,True,B,A,10,1,B
5,32016,True,B,A,2,1,A
5,32017,True,A,B,1,1,B
5,32018,True,B,A,10,1,B
5,32019,True,B,A,6,1,B
5,32020,True,A,B,6,1,B
5,32021,True,B,A,2,0,B
5,32022,True,B,A,1,2,A
5,32023,True,A,B,6,1,B
5,32024,True,A,B,4,1,B
5,32025,True,A,B,1,2,B
5,32026,True,B,A,4,1,B
5,32027,True,A,B,4,1,B
5,32028,True,A,B,2,1,B
5,32029,True,B,A,1,1,A
5,32030,True,A,B,4,1,B
5,32031,True,A,B,2,1,B
5,32032,False,,,,,
5,32033,True,A,B,10,1,B
5,32034,False,,,,,
5,32035,True,B,A,6,1,B
5,32036,False,,,,,
5,32037,True,B,A,1,1,A
5,32038,True,A,B,0,1,A
5,32039,True,A,B,3,1,B
5,32040,True,A,B,1,1,A
5,32041,True,A,B,1,1,A
5,32042,True,A,B,10,1,B
5,32043,True,A,B,1,2,A
5,32044,True,B,A,2,0,B
5,32045,True,B,A,6,1,B
5,32046,True,B,A,2,0,B
5,32047,True,B,A,10,1,B
5,32048,True,B,A,10,1,B
5,32049,True,A,B,2,1,A
5,32050,True,B,A,0,1,A
5,32051,True,B,A,1,1,A
5,32052,True,B,A,2,1,B
5,32053,True,A,B,6,1,B
5,32054,True,B,A,0,1,A
5,32055,True,B,A,2,1,B
5,32056,True,A,B,3,1,A
5,32057,True,B,A,4,1,B
5,32058,True,A,B,1,2,A
5,32059,True,B,A,1,2,A
5,32060,True,A,B,0,1,A
5,32061,True,A,B,1,2,A
5,32062,True,A,B,1,1,A
5,32063,True,B,A,0,1,A
5,32064,True,A,B,6,1,B
5,32065,True,B,A,3,1,B
5,32066,True,B,A,2,1,A
5,32067,True,A,B,6,1,B
5,32068,True,A,B,4,1,B
5,32069,True,A,B,6,1,B
5,32070,True,B,A,4,1,B
5,32071,True,A,B,0,1,A
5,32072,True,A,B,1,1,A
5,32073,True,B,A,2,1,B
5,32074,True,A,B,1,2,A
5,32075,True,A,B,10,1,B
5,32076,True,A,B,4,1,B
5,32077,True,B,A,3,1,B
5,32078,True,A,B,10,1,B
5,32079,True,A,B,0,1,A
5,32080,True,B,A,1,1,A
5,32081,True,A,B,4,1,B
5,32082,True,A,B,1,1,A
5,32083,True,B,A,1,2,A
5,32084,True,A,B,3,1,A
5,32085,True,B,A,10,1,B
5,32086,True,A,B,1,2,A
5,32087,True,A,B,3,1,B
5,32088,True,A,B,2,1,A
5,32089,True,A,B,1,1,A
5,32090,True,A,B,10,1,B
5,32091,True,A,B,0,1,A
5,32092,True,A,B,4,1,B
5,32093,True,A,B,3,1,B
5,32094,True,A,B,1,2,A
5,32095,True,B,A,2,1,B
5,32096,True,B,A,3,1,B
5,32097,True,A,B,3,1,A
5,32098,True,A,B,3,1,B
5,32099,True,A,B,3,1,B
5,32100,True,A,B,2,1,A
5,32101,True,B,A,6,1,B
5,32102,True,A,B,0,1,A
5,32103,True,B,A,10,1,B
5,32104,True,A,B,3,1,B
5,32105,True,B,A,10,1,B
5,32106,True,B,A,1,1,B
5,32107,True,A,B,10,1,B
5,32108,True,A,B,2,0,B
5,32109,True,A,B,1,1,A
5,32110,True,B,A,2,1,A
5,32111,True,B,A,10,1,B
5,32112,True,A,B,0,1,A
5,32113,True,A,B,1,2,A
5,32114,True,B,A,1,2,A
5,32115,True,A,B,2,1,A
5,32116,True,B,A,4,1,B
5,32117,True,B,A,10,1,B
5,32118,True,B,A,10,1,B
5,32119,True,B,A,4,1,B
5,32120,True,A,B,2,1,A
5,32121,True,B,A,1,1,A
5,32122,True,A,B,6,1,B
5,32123,True,A,B,4,1,B
5,32124,True,A,B,0,1,A
5,32125,True,A,B,2,1,A
5,32126,True,B,A,2,1,A
5,32127,True,B,A,3,1,B
5,32128,True,B,A,2,1,A
5,32129,True,A,B,2,1,B
5,32130,True,B,A,3,1,B
5,32131,True,A,B,1,2,A
5,32132,True,A,B,4,1,B
5,32133,True,A,B,6,1,B
5,32134,True,B,A,10,1,B
5,32135,True,A,B,2,1,A
5,32136,True,B,A,0,1,A
5,32137,True,A,B,2,1,A
5,32138,True,A,B,2,1,A
5,32139,True,B,A,1,1,A
5,32140,True,B,A,6,1,B
5,32141,True,B,A,1,2,A
5,32142,True,A,B,2,0,B
5,32143,True,B,A,4,1,B
5,32144,True,B,A,4,1,B
5,32145,True,B,A,4,1,B
5,32146,True,A,B,1,2,A
5,32147,True,B,A,3,1,B
5,32148,True,B,A,0,1,A
5,32149,True,B,A,3,1,B
5,32150,True,A,B,10,1,B
5,32151,True,B,A,6,1,B
5,32152,True,B,A,2,0,B
5,32153,True,A,B,1,1,A
5,32154,True,A,B,6,1,B
5,32155,True,B,A,2,1,B
5,32156,True,B,A,2,1,A
5,32157,True,A,B,1,1,A
5,32158,True,B,A,6,1,B
5,32159,True,B,A,1,1,B
5,32160,True,A,B,3,1,A
5,32161,True,A,B,3,1,B
5,32162,True,A,B,10,1,B
5,32163,True,B,A,0,1,A
5,32164,True,A,B,3,1,B
5,32165,True,A,B,1,1,A
5,32166,True,B,A,0,1,A
5,32167,True,B,A,2,0,B
5,32168,True,B,A,2,0,B
5,32169,True,A,B,6,1,B
5,32170,True,A,B,3,1,B
5,32171,True,B,A,10,1,B
5,32172,False,,,,,
5,32173,True,B,A,6,1,B
5,32174,True,A,B,3,1,B
5,32175,True,A,B,3,1,B
5,32176,True,B,A,4,1,B
5,32177,True,A,B,1,1,A
5,32178,True,A,B,2,1,B
5,32179,True,B,A,1,2,A
5,32180,True,A,B,3,1,B
5,32181,True,B,A,2,0,B
5,32182,True,A,B,1,2,A
5,32183,False,,,,,
5,32184,True,A,B,6,1,B
5,32185,True,B,A,1,1,A
5,32186,True,B,A,6,1,B
5,32187,True,B,A,3,1,B
5,32188,True,B,A,2,0,B
5,32189,True,A,B,2,0,B
5,32190,True,A,B,0,1,A
5,32191,True,A,B,2,1,A
5,32192,True,B,A,10,1,B
5,32193,True,A,B,1,1,A
5,32194,True,A,B,6,1,B
5,32195,True,A,B,1,2,A
5,32196,True,B,A,3,1,B
5,32197,True,B,A,4,1,B
5,32198,True,B,A,3,1,B
5,32199,True,B,A,6,1,B
5,32200,True,B,A,10,1,B
5,32201,True,B,A,4,1,B
5,32202,True,B,A,1,1,A
5,32203,True,A,B,10,1,B
5,32204,True,B,A,3,1,B
5,32205,True,B,A,10,1,B
5,32206,True,A,B,3,1,B
5,32207,True,B,A,4,1,B
5,32208,True,B,A,1,1,A
5,32209,True,B,A,1,1,A
5,32210,True,B,A,1,1,B
5,32211,True,A,B,4,1,B
5,32212,True,A,B,2,0,B
5,32213,True,B,A,1,1,A
5,32214,True,B,A,6,1,B
5,32215,True,B,A,3,1,B
5,32216,True,A,B,0,1,A
5,32217,True,B,A,4,1,B
5,32218,True,A,B,3,1,B
5,32219,True,B,A,6,1,B
5,32220,True,B,A,0,1,A
5,32221,True,B,A,3,1,B
5,32222,True,B,A,2,0,B
5,32223,True,A,B,4,1,B
5,32224,True,A,B,2,1,A
5,32225,True,B,A,1,2,A
5,32226,True,A,B,4,1,B
5,32227,True,A,B,10,1,B
5,32228,True,B,A,2,0,B
5,32229,True,A,B,10,1,B
5,32230,True,A,B,0,1,A
5,32231,True,A,B,6,1,B
5,32232,True,B,A,3,1,B
5,32233,True,B,A,3,1,B
5,32234,True,A,B,6,1,B
5,32235,True,A,B,2,1,B
5,32236,True,A,B,4,1,B
5,32237,True,B,A,3,1,B
5,32238,True,A,B,3,1,B
5,32239,True,B,A,4,1,B
5,32240,True,B,A,4,1,B
5,32241,True,B,A,1,2,A
5,32242,True,B,A,0,1,A
5,32243,True,B,A,2,1,A
5,32244,True,A,B,3,1,B
5,32245,True,A,B,3,1,B
5,32246,True,B,A,1,2,A
5,32247,True,B,A,10,1,B
5,32248,True,B,A,2,0,B
5,32249,True,B,A,4,1,B
5,32250,True,A,B,10,1,B
5,32251,True,A,B,1,2,A
5,32252,True,B,A,10,1,B
5,32253,True,B,A,0,1,A
5,32254,True,B,A,2,1,B
5,32255,True,A,B,4,1,B
5,32256,True,A,B,2,1,B
5,32257,True,B,A,1,1,A
5,32258,True,B,A,4,1,B
5,32259,True,A,B,2,1,A
5,32260,True,A,B,10,1,B
5,32261,True,B,A,10,1,B
5,32262,True,B,A,10,1,B
5,32263,True,B,A,6,1,B
5,32264,True,B,A,1,2,A
5,32265,True,A,B,4,1,B
5,32266,True,A,B,4,1,B
5,32267,True,A,B,6,1,B
5,32268,True,B,A,4,1,B
5,32269,True,A,B,2,1,A
5,32270,True,A,B,3,1,B
5,32271,True,B,A,10,1,B
5,32272,True,B,A,4,1,B
5,32273,True,B,A,2,0,B
5,32274,True,A,B,10,1,B
5,32275,False,,,,,
5,32276,True,A,B,1,1,A
5,32277,True,B,A,1,2,A
5,32278,True,A,B,6,1,B
5,32279,True,A,B,6,1,B
5,32280,True,A,B,1,1,B
5,32281,False,,,,,
5,32282,True,A,B,1,2,A
5,32283,True,A,B,4,1,B
5,32284,True,A,B,2,0,B
5,32285,True,B,A,6,1,B
5,32286,True,B,A,1,2,A
5,32287,True,B,A,10,1,B
5,32288,True,B,A,6,1,B
5,32289,True,B,A,6,1,B
5,32290,True,A,B,10,1,B
5,32291,True,B,A,6,1,B
5,32292,True,A,B,4,1,B
5,32293,True,B,A,1,1,A
5,32294,True,B,A,0,1,A
5,32295,True,A,B,1,1,A
5,32296,True,A,B,0,1,A
5,32297,True,B,A,4,1,A
5,32298,True,A,B,1,1,B
5,32299,True,B,A,10,1,B
5,32300,True,A,B,6,1,B
5,32301,True,B,A,1,2,A
5,32302,True,B,A,0,1,A
5,32303,True,A,B,1,1,A
5,32304,True,A,B,2,0,B
5,32305,True,B,A,6,1,B
5,32306,True,B,A,1,1,A
5,32307,True,B,A,1,1,A
5,32308,True,A,B,2,0,B
5,32309,True,A,B,1,1,A
5,32310,True,A,B,2,1,A
5,32311,True,A,B,2,1,B
5,32312,False,,,,,
5,32313,True,B,A,4,1,B
5,32314,True,B,A,6,1,B
5,32315,True,A,B,6,1,B
5,32316,True,A,B,6,1,B
5,32317,True,B,A,0,1,A
5,32318,True,B,A,1,2,A
5,32319,True,A,B,6,1,B
5,32320,True,B,A,1,1,A
5,32321,False,,,,,
5,32322,True,B,A,3,1,B
5,32323,True,A,B,1,2,A
5,32324,True,B,A,6,1,B
5,32325,True,B,A,4,1,B
5,32326,False,,,,,
5,32327,True,B,A,10,1,B
5,32328,False,,,,,
5,32329,True,A,B,0,1,A
5,32330,True,B,A,4,1,B
5,32331,True,A,B,1,2,A
5,32332,True,A,B,4,1,B
5,32333,True,A,B,1,1,A
5,32334,True,B,A,1,2,A
5,32335,True,A,B,1,1,A
5,32336,True,B,A,1,2,A
5,32337,True,A,B,3,1,B
5,32338,True,B,A,4,1,B
5,32339,True,A,B,2,1,A
5,32340,True,A,B,3,1,B
5,32341,True,B,A,2,0,B
5,32342,True,B,A,3,1,B
5,32343,True,A,B,0,1,A
5,32344,True,B,A,10,1,B
5,32345,True,A,B,2,1,A
5,32346,True,A,B,1,1,A
5,32347,True,B,A,1,2,A
5,32348,True,B,A,1,1,B
5,32349,True,B,A,3,1,B
5,32350,True,A,B,10,1,B
5,32351,True,B,A,1,2,A
5,32352,True,B,A,4,1,B
5,32353,True,A,B,0,1,A
5,32354,True,A,B,10,1,B
5,32355,True,A,B,3,1,B
5,32356,True,B,A,1,1,A
5,32357,True,B,A,4,1,B
5,32358,True,B,A,0,1,A
5,32359,True,A,B,2,1,B
5,32360,True,B,A,2,1,B
5,32361,True,A,B,0,1,A
5,32362,True,A,B,10,1,B
5,32363,True,B,A,2,1,B
5,32364,True,A,B,1,2,A
5,32365,True,A,B,2,1,B
5,32366,True,A,B,0,1,A
5,32367,True,B,A,1,1,A
5,32368,True,A,B,10,1,B
5,32369,True,B,A,0,1,A
5,32370,True,B,A,2,0,B
5,32371,True,B,A,3,1,B
5,32372,False,,,,,
5,32373,True,A,B,2,1,B
5,32374,True,A,B,10,1,B
5,32375,True,B,A,2,1,B
5,32376,True,B,A,1,2,A
5,32377,True,B,A,1,1,A
5,32378,True,B,A,6,1,B
5,32379,True,B,A,1,2,B
5,32380,True,A,B,0,1,A
5,32381,True,B,A,2,0,B
5,32382,True,A,B,0,1,A
5,32383,True,B,A,1,1,A
5,32384,True,A,B,0,1,A
5,32385,True,A,B,3,1,B
5,32386,True,A,B,0,1,A
5,32387,True,B,A,10,1,B
5,32388,True,B,A,4,1,B
5,32389,True,A,B,2,1,A
5,32390,True,A,B,4,1,B
5,32391,True,A,B,4,1,B
5,32392,True,A,B,4,1,B
5,32393,True,A,B,10,1,B
5,32394,True,B,A,10,1,B
5,32395,True,B,A,1,2,B
5,32396,True,A,B,2,1,A
5,32397,True,A,B,2,1,B
5,32398,True,A,B,3,1,B
5,32399,True,B,A,1,2,B
5,32400,True,A,B,4,1,B
5,32401,False,,,,,
5,32402,True,B,A,3,1,B
5,32403,True,A,B,1,1,A
5,32404,True,B,A,2,1,B
5,32405,True,B,A,1,1,A
5,32406,True,A,B,1,2,A
5,32407,True,B,A,1,2,A
5,32408,True,B,A,1,1,A
5,32409,True,A,B,3,1,B
5,32410,True,B,A,2,0,B
5,32411,True,B,A,6,1,B
5,32412,True,A,B,1,2,A
5,32413,True,B,A,10,1,B
5,32414,True,B,A,6,1,B
5,32415,True,A,B,4,1,B
5,32416,True,A,B,3,1,A
5,32417,True,B,A,2,1,A
5,32418,True,A,B,6,1,B
5,32419,True,B,A,4,1,B
5,32420,True,A,B,1,1,A
5,32421,True,A,B,4,1,B
5,32422,True,B,A,4,1,B
5,32423,True,A,B,0,1,A
5,32424,True,B,A,1,1,B
5,32425,True,B,A,10,1,B
5,32426,True,A,B,3,1,B
5,32427,True,B,A,1,1,B
5,32428,True,B,A,1,2,A
5,32429,True,B,A,2,1,B
5,32430,True,B,A,4,1,B
5,32431,True,A,B,1,2,A
5,32432,True,B,A,2,1,B
5,32433,True,B,A,1,1,B
5,32434,True,A,B,6,1,B
5,32435,True,A,B,6,1,B
5,32436,True,A,B,6,1,B
5,32437,True,B,A,2,0,B
5,32438,True,B,A,1,1,B
5,32439,True,A,B,2,0,B
5,32440,True,A,B,2,1,B
5,32441,True,B,A,10,1,B
5,32442,True,B,A,4,1,B
5,32443,True,B,A,2,0,B
5,32444,False,,,,,
5,32445,True,B,A,0,1,A
5,32446,True,B,A,2,0,B
5,32447,True,B,A,1,1,A
5,32448,True,A,B,3,1,B
5,32449,True,A,B,6,1,B
5,32450,True,A,B,10,1,B
5,32451,True,B,A,0,1,A
5,32452,True,B,A,1,2,A
5,32453,True,A,B,2,1,B
5,32454,True,B,A,6,1,B
5,32455,True,B,A,4,1,B
5,32456,True,B,A,2,1,B
5,32457,True,B,A,1,1,A
5,32458,True,A,B,6,1,B
5,32459,True,A,B,2,1,B
5,32460,True,A,B,1,1,B
5,32461,True,B,A,1,1,A
5,32462,True,A,B,2,1,B
5,32463,True,B,A,0,1,A
5,32464,False,,,,,
5,32465,True,B,A,4,1,B
5,32466,True,B,A,2,1,A
5,32467,True,B,A,6,1,B
5,32468,True,A,B,2,1,B
5,32469,True,B,A,1,1,A
5,32470,True,B,A,4,1,B
5,32471,True,A,B,10,1,B
5,32472,True,B,A,6,1,B
5,32473,True,B,A,1,2,A
5,32474,True,B,A,10,1,B
5,32475,True,A,B,3,1,B
5,32476,True,A,B,2,0,B
5,32477,True,B,A,6,1,B
5,32478,True,A,B,4,1,B
5,32479,True,B,A,4,1,B
5,32480,True,B,A,2,0,B
5,32481,True,A,B,1,1,A
5,32482,True,A,B,1,2,A
5,32483,True,A,B,3,1,B
5,32484,True,B,A,2,1,A
5,32485,True,A,B,10,1,B
5,32486,True,B,A,4,1,B
5,32487,True,A,B,1,1,A
5,32488,False,,,,,
5,32489,True,B,A,4,1,B
5,32490,True,B,A,3,1,A
5,32491,True,B,A,10,1,B
5,32492,True,A,B,0,1,A
5,32493,True,A,B,2,0,B
5,32494,True,B,A,3,1,B
5,32495,True,A,B,6,1,B
5,32496,True,A,B,2,1,B
5,32497,True,B,A,1,2,A
5,32498,True,B,A,6,1,B
5,32499,True,B,A,3,1,A
5,32500,True,B,A,1,2,A
5,32501,True,B,A,2,1,B
5,32502,True,A,B,10,1,B
5,32503,True,A,B,2,0,B
5,32504,True,B,A,2,0,B
5,32505,True,A,B,0,1,A
5,32506,True,A,B,4,1,B
5,32507,True,A,B,10,1,B
5,32508,True,A,B,2,1,B
5,32509,True,A,B,10,1,B
5,32510,True,A,B,1,2,A
5,32511,True,B,A,1,2,A
5,32512,True,A,B,1,1,A
5,32513,True,B,A,1,1,A
5,32514,True,B,A,6,1,B
5,32515,True,B,A,3,1,B
5,32516,True,A,B,3,1,B
5,32517,True,A,B,1,2,A
5,32518,True,B,A,0,1,A
5,32519,True,A,B,2,0,B
5,32520,True,A,B,0,1,A
5,32521,True,B,A,0,1,A
5,32522,True,A,B,4,1,B
5,32523,True,B,A,2,0,B
5,32524,True,A,B,10,1,B
5,32525,True,B,A,4,1,B
5,32526,True,A,B,6,1,B
5,32527,True,B,A,1,2,A
5,32528,True,B,A,3,1,B
5,32529,True,A,B,1,2,A
5,32530,True,B,A,2,1,B
5,32531,True,B,A,0,1,A
5,32532,True,B,A,1,2,A
5,32533,True,A,B,2,1,A
5,32534,True,A,B,6,1,B
5,32535,True,B,A,2,0,B
5,32536,True,B,A,2,0,B
5,32537,True,A,B,1,1,A
5,32538,True,B,A,10,1,B
5,32539,True,B,A,1,1,A
5,32540,True,A,B,2,1,B
5,32541,True,B,A,2,0,B
5,32542,True,A,B,10,1,B
5,32543,True,B,A,1,1,B
5,32544,True,A,B,4,1,B
5,32545,True,B,A,10,1,B
5,32546,True,B,A,10,1,B
5,32547,True,B,A,6,1,B
5,32548,True,A,B,0,1,A
5,32549,False,,,,,
5,32550,True,A,B,2,1,A
5,32551,True,B,A,6,1,B
5,32552,True,A,B,1,2,A
5,32553,True,A,B,2,1,A
5,32554,True,B,A,2,1,A
5,32555,True,A,B,2,0,B
5,32556,True,A,B,2,0,B
5,32557,True,A,B,2,0,B
5,32558,True,A,B,0,1,A
5,32559,True,B,A,3,1,B
5,32560,True,B,A,4,1,B
5,32561,True,B,A,4,1,B
5,32562,True,A,B,0,1,A
5,32563,True,B,A,1,1,B
5,32564,True,A,B,6,1,B
5,32565,True,A,B,1,1,A
5,32566,True,A,B,3,1,B
5,32567,True,B,A,2,1,B
5,32568,True,B,A,2,1,B
5,32569,True,A,B,6,1,B
5,32570,True,A,B,6,1,B
5,32571,True,B,A,0,1,A
5,32572,True,A,B,0,1,A
5,32573,True,A,B,1,2,A
5,32574,True,A,B,3,1,B
5,32575,True,A,B,2,0,B
5,32576,True,B,A,4,1,B
5,32577,True,A,B,1,1,A
5,32578,True,A,B,2,0,B
5,32579,True,A,B,10,1,B
5,32580,True,A,B,10,1,B
5,32581,True,A,B,3,1,B
5,32582,True,B,A,4,1,B
5,32583,True,B,A,2,1,B
5,32584,True,A,B,2,1,A
5,32585,True,A,B,3,1,B
5,32586,True,A,B,6,1,B
5,32587,True,B,A,2,1,B
5,32588,True,B,A,10,1,B
5,32589,True,B,A,2,1,B
5,32590,True,B,A,2,0,B
5,32591,True,B,A,0,1,A
5,32592,True,A,B,2,1,A
5,32593,True,A,B,6,1,B
5,32594,True,A,B,2,0,B
5,32595,True,A,B,6,1,B
5,32596,True,B,A,2,0,B
5,32597,True,B,A,10,1,B
5,32598,True,A,B,2,1,A
5,32599,True,A,B,6,1,B
5,32600,True,A,B,2,0,B
5,32601,True,A,B,6,1,B
5,32602,True,B,A,4,1,B
5,32603,True,A,B,6,1,B
5,32604,True,B,A,2,0,B
5,32605,True,B,A,4,1,B
5,32606,True,A,B,6,1,B
5,32607,True,A,B,2,1,B
5,32608,True,A,B,2,1,B
5,32609,True,A,B,3,1,B
5,32610,True,B,A,2,1,B
5,32611,True,B,A,3,1,B
5,32612,True,A,B,6,1,B
5,32613,True,B,A,6,1,B
5,32614,True,B,A,6,1,B
5,32615,True,A,B,0,1,A
5,32616,True,B,A,2,1,B
5,32617,True,A,B,1,1,A
5,32618,True,B,A,2,0,B
5,32619,True,B,A,10,1,B
5,32620,True,B,A,3,1,B
5,32621,True,B,A,4,1,B
5,32622,True,B,A,2,1,B
5,32623,True,B,A,6,1,B
5,32624,True,B,A,0,1,A
5,32625,True,A,B,1,2,A
5,32626,True,A,B,2,1,A
5,32627,True,B,A,1,1,A
5,32628,True,B,A,6,1,B
5,32629,True,B,A,0,1,A
5,32630,True,B,A,4,1,B
5,32631,True,A,B,4,1,B
5,32632,True,A,B,2,1,A
5,32633,True,B,A,2,1,B
5,32634,True,B,A,2,0,B
5,32635,True,A,B,10,1,B
5,32636,True,A,B,1,2,A
5,32637,True,A,B,6,1,B
5,32638,True,A,B,6,1,B
5,32639,True,A,B,10,1,B
5,32640,True,B,A,2,0,B
5,32641,True,A,B,1,1,A
5,32642,True,A,B,4,1,B
5,32643,True,A,B,10,1,B
5,32644,True,A,B,10,1,B
5,32645,True,B,A,2,1,B
5,32646,True,A,B,0,1,A
5,32647,True,B,A,2,1,A
5,32648,True,B,A,3,1,B
5,32649,False,,,,,
5,32650,True,B,A,2,0,B
5,32651,True,B,A,0,1,A
5,32652,True,A,B,2,1,A
5,32653,True,A,B,3,1,B
5,32654,True,B,A,1,2,B
5,32655,True,A,B,0,1,A
5,32656,True,B,A,3,1,B
5,32657,True,A,B,3,1,B
5,32658,True,A,B,1,1,A
5,32659,True,B,A,2,0,B
5,32660,True,A,B,3,1,B
5,32661,True,B,A,2,1,A
5,32662,True,A,B,0,1,A
5,32663,True,A,B,6,1,B
5,32664,True,B,A,4,1,B
5,32665,True,B,A,0,1,A
5,32666,True,B,A,1,2,A
5,32667,True,A,B,10,1,B
5,32668,True,A,B,4,1,B
5,32669,True,B,A,1,1,A
5,32670,True,A,B,10,1,B
5,32671,True,B,A,4,1,B
5,32672,True,B,A,4,1,B
5,32673,True,A,B,2,0,B
5,32674,True,A,B,2,1,A
5,32675,True,B,A,1,2,A
5,32676,True,A,B,3,1,B
5,32677,True,B,A,2,0,B
5,32678,True,B,A,4,1,B
5,32679,True,B,A,0,1,A
5,32680,True,B,A,10,1,B
5,32681,False,,,,,
5,32682,True,B,A,6,1,B
5,32683,True,A,B,3,1,B
5,32684,True,B,A,2,1,A
5,32685,True,B,A,0,1,A
5,32686,True,A,B,10,1,B
5,32687,True,B,A,4,1,B
5,32688,True,B,A,3,1,B
5,32689,True,A,B,0,1,A
5,32690,True,B,A,1,1,A
5,32691,True,A,B,0,1,A
5,32692,True,B,A,10,1,B
5,32693,True,A,B,0,1,A
5,32694,True,A,B,0,1,A
5,32695,True,B,A,10,1,B
5,32696,True,B,A,6,1,B
5,32697,True,A,B,6,1,B
5,32698,True,A,B,1,2,A
5,32699,True,A,B,3,1,B
5,32700,True,B,A,2,1,B
5,32701,True,A,B,1,2,A
5,32702,True,A,B,6,1,B
5,32703,True,B,A,10,1,B
5,32704,True,B,A,3,1,B
5,32705,True,A,B,10,1,B
5,32706,True,A,B,3,1,B
5,32707,True,B,A,3,1,B
5,32708,True,B,A,0,1,A
5,32709,True,B,A,2,1,B
5,32710,True,B,A,10,1,B
5,32711,True,A,B,0,1,A
5,32712,True,B,A,10,1,B
5,32713,True,A,B,1,2,A
5,32714,True,B,A,4,1,B
5,32715,True,B,A,0,1,A
5,32716,True,A,B,2,0,B
5,32717,True,B,A,4,1,B
5,32718,True,B,A,6,1,B
5,32719,True,A,B,0,1,A
5,32720,True,B,A,4,1,B
5,32721,True,A,B,2,1,A
5,32722,True,B,A,1,1,A
5,32723,True,B,A,2,0,B
5,32724,True,B,A,1,2,A
5,32725,True,B,A,1,2,A
5,32726,True,B,A,1,1,A
5,32727,True,B,A,10,1,B
5,32728,True,A,B,1,2,A
5,32729,False,,,,,
5,32730,False,,,,,
5,32731,True,A,B,2,1,A
5,32732,True,A,B,2,0,B
5,32733,True,B,A,6,1,B
5,32734,True,B,A,3,1,B
5,32735,True,B,A,2,0,B
5,32736,True,B,A,2,0,B
5,32737,True,B,A,0,1,A
5,32738,True,A,B,6,1,B
5,32739,True,A,B,10,1,B
5,32740,True,B,A,3,1,B
5,32741,True,A,B,1,2,A
5,32742,True,B,A,3,1,B
5,32743,True,A,B,3,1,B
5,32744,True,B,A,10,1,B
5,32745,True,A,B,1,2,A
5,32746,True,A,B,0,1,A
5,32747,True,B,A,3,1,B
5,32748,False,,,,,
5,32749,True,A,B,1,1,B
5,32750,True,A,B,6,1,B
5,32751,True,B,A,2,1,B
5,32752,True,B,A,1,1,B
5,32753,True,A,B,2,1,B
5,32754,True,A,B,0,1,A
5,32755,True,A,B,6,1,B
5,32756,True,B,A,6,1,B
5,32757,True,A,B,1,1,A
5,32758,True,A,B,6,1,B
5,32759,True,A,B,2,1,A
5,32760,True,A,B,6,1,B
5,32761,True,A,B,4,1,B
5,32762,True,B,A,2,0,B
5,32763,True,A,B,6,1,B
5,32764,True,A,B,4,1,A
5,32765,True,B,A,0,1,A
5,32766,True,B,A,2,1,B
5,32767,True,B,A,2,0,B
5,32768,True,A,B,6,1,B
5,32769,True,B,A,0,1,A
5,32770,True,B,A,2,0,B
5,32771,True,B,A,2,1,A
5,32772,True,B,A,10,1,B
5,32773,True,B,A,4,1,B
5,32774,True,A,B,0,1,A
5,32775,True,B,A,6,1,B
5,32776,True,A,B,1,1,A
5,32777,True,B,A,2,1,B
5,32778,True,A,B,10,1,B
5,32779,True,B,A,4,1,B
5,32780,True,A,B,4,1,B
5,32781,True,B,A,4,1,B
5,32782,True,A,B,6,1,B
5,32783,True,A,B,0,1,A
5,32784,True,A,B,0,1,A
5,32785,True,B,A,3,1,B
5,32786,True,B,A,0,1,A
5,32787,True,A,B,1,1,A
5,32788,True,A,B,2,1,A
5,32789,True,B,A,2,1,B
5,32790,True,A,B,10,1,B
5,32791,True,A,B,6,1,B
5,32792,True,B,A,1,1,B
5,32793,True,B,A,1,1,B
5,32794,True,B,A,0,1,A
5,32795,True,A,B,1,2,A
5,32796,True,A,B,1,1,A
5,32797,True,B,A,3,1,B
5,32798,True,A,B,0,1,A
5,32799,True,A,B,2,0,B
5,32800,True,B,A,3,1,B
5,32801,True,B,A,2,0,B
5,32802,True,B,A,10,1,B
5,32803,True,A,B,4,1,B
5,32804,True,A,B,3,1,B
5,32805,True,A,B,0,1,A
5,32806,True,A,B,1,2,A
5,32807,True,A,B,1,1,A
5,32808,True,B,A,6,1,B
5,32809,True,A,B,2,1,A
5,32810,True,A,B,10,1,B
5,32811,True,A,B,1,2,A
5,32812,False,,,,,
5,32813,True,B,A,0,1,A
5,32814,True,B,A,10,1,B
5,32815,True,A,B,2,1,A
5,32816,True,B,A,1,1,A
5,32817,True,B,A,1,2,A
5,32818,True,B,A,1,2,A
5,32819,True,B,A,2,0,B
5,32820,True,B,A,1,1,A
5,32821,True,A,B,4,1,B
5,32822,True,A,B,1,1,A
5,32823,True,A,B,1,1,A
5,32824,True,A,B,2,0,B
5,32825,True,A,B,0,1,A
5,32826,True,A,B,2,0,B
5,32827,True,B,A,10,1,B
5,32828,False,,,,,
5,32829,True,A,B,10,1,B
5,32830,True,B,A,0,1,A
5,32831,True,B,A,4,1,B
5,32832,True,B,A,1,2,A
5,32833,True,B,A,1,2,A
5,32834,True,A,B,1,1,A
5,32835,True,A,B,6,1,B
5,32836,True,A,B,2,1,B
5,32837,True,A,B,10,1,B
5,32838,True,A,B,4,1,B
5,32839,True,B,A,1,2,B
5,32840,True,A,B,2,0,B
5,32841,True,B,A,1,2,A
5,32842,True,B,A,1,2,A
5,32843,True,A,B,4,1,B
5,32844,True,B,A,3,1,B
5,32845,True,B,A,3,1,A
5,32846,True,B,A,2,0,B
5,32847,True,B,A,1,1,A
5,32848,True,B,A,3,1,B
5,32849,True,A,B,3,1,B
5,32850,True,A,B,6,1,B
5,32851,True,A,B,10,1,B
5,32852,True,B,A,3,1,B
5,32853,True,A,B,3,1,B
5,32854,True,B,A,2,1,B
5,32855,True,A,B,6,1,B
5,32856,True,A,B,6,1,B
5,32857,True,A,B,3,1,B
5,32858,True,A,B,3,1,B
5,32859,True,A,B,4,1,B
5,32860,True,A,B,3,1,B
5,32861,True,B,A,1,2,A
5,32862,True,A,B,2,1,A
5,32863,True,B,A,4,1,B
5,32864,True,B,A,6,1,B
5,32865,True,A,B,2,0,B
5,32866,True,B,A,0,1,A
5,32867,True,B,A,2,1,B
5,32868,True,B,A,3,1,B
5,32869,True,A,B,1,1,A
5,32870,True,B,A,0,1,A
5,32871,True,A,B,0,1,A
5,32872,True,B,A,0,1,A
5,32873,False,,,,,
5,32874,True,B,A,4,1,B
5,32875,True,A,B,2,1,B
5,32876,True,B,A,2,1,A
5,32877,True,A,B,6,1,B
5,32878,True,B,A,10,1,B
5,32879,True,B,A,3,1,A
5,32880,True,A,B,3,1,B
5,32881,True,A,B,2,0,B
5,32882,True,A,B,2,0,B
5,32883,True,B,A,2,0,B
5,32884,True,A,B,1,2,A
5,32885,True,B,A,1,2,A
5,32886,True,B,A,2,0,B
5,32887,True,A,B,1,2,A
5,32888,True,B,A,2,0,B
5,32889,True,B,A,2,1,B
5,32890,True,A,B,10,1,B
5,32891,True,A,B,1,2,A
5,32892,True,A,B,10,1,B
5,32893,True,B,A,2,0,B
5,32894,True,B,A,0,1,A
5,32895,True,B,A,6,1,B
5,32896,True,A,B,6,1,B
5,32897,True,A,B,2,0,B
5,32898,True,B,A,1,2,A
5,32899,True,B,A,3,1,B
5,32900,True,B,A,2,0,B
5,32901,True,A,B,1,2,A
5,32902,True,B,A,1,2,A
5,32903,True,B,A,6,1,B
5,32904,True,A,B,1,2,A
5,32905,True,B,A,1,2,A
5,32906,True,B,A,10,1,B
5,32907,True,B,A,1,1,A
5,32908,True,B,A,0,1,A
5,32909,True,B,A,6,1,B
5,32910,True,B,A,6,1,B
5,32911,True,B,A,0,1,A
5,32912,False,,,,,
5,32913,True,A,B,1,2,A
5,32914,True,B,A,6,1,B
5,32915,True,A,B,1,2,A
5,32916,True,B,A,2,1,B
5,32917,True,B,A,6,1,B
5,32918,True,B,A,0,1,A
5,32919,False,,,,,
5,32920,True,A,B,10,1,B
5,32921,True,B,A,1,1,B
5,32922,True,A,B,2,1,A
5,32923,True,B,A,3,1,B
5,32924,True,A,B,2,0,B
5,32925,True,A,B,6,1,B
5,32926,True,A,B,10,1,B
5,32927,True,A,B,3,1,A
5,32928,True,A,B,3,1,B
5,32929,True,B,A,0,1,A
5,32930,True,B,A,3,1,B
5,32931,True,A,B,10,1,B
5,32932,True,A,B,1,1,A
5,32933,True,B,A,10,1,B
5,32934,True,B,A,10,1,B
5,32935,True,A,B,6,1,B
5,32936,True,A,B,3,1,B
5,32937,True,A,B,4,1,B
5,32938,True,A,B,4,1,B
5,32939,True,A,B,2,1,A
5,32940,True,A,B,1,2,A
5,32941,True,A,B,1,2,A
5,32942,True,A,B,3,1,B
5,32943,True,B,A,10,1,B
5,32944,True,B,A,0,1,A
5,32945,True,B,A,2,0,B
5,32946,True,B,A,2,1,B
5,32947,True,A,B,2,0,B
5,32948,True,A,B,6,1,B
5,32949,True,B,A,2,1,A
5,32950,True,A,B,2,0,B
5,32951,True,B,A,6,1,B
5,32952,True,B,A,2,0,B
5,32953,True,A,B,1,1,B
5,32954,True,B,A,1,1,A
5,32955,True,A,B,1,2,A
5,32956,True,B,A,1,1,A
5,32957,True,B,A,10,1,B
5,32958,True,B,A,2,0,B
5,32959,True,A,B,3,1,B
5,32960,True,A,B,3,1,B
5,32961,True,A,B,2,0,B
5,32962,True,B,A,2,1,A
5,32963,True,A,B,3,1,B
5,32964,True,A,B,1,1,B
5,32965,True,A,B,10,1,B
5,32966,True,B,A,1,1,A
5,32967,True,A,B,3,1,B
5,32968,True,A,B,6,1,B
5,32969,True,B,A,10,1,B
5,32970,True,A,B,1,1,A
5,32971,True,B,A,10,1,B
5,32972,True,B,A,3,1,B
5,32973,True,B,A,1,1,A
5,32974,True,B,A,2,0,B
5,32975,True,B,A,1,2,A
5,32976,True,B,A,2,1,B
5,32977,True,B,A,1,2,A
5,32978,True,B,A,2,1,A
5,32979,True,A,B,4,1,B
5,32980,True,B,A,0,1,A
5,32981,True,B,A,2,0,B
5,32982,True,A,B,6,1,B
5,32983,True,A,B,0,1,A
5,32984,True,A,B,1,1,A
5,32985,True,B,A,1,2,A
5,32986,True,A,B,4,1,B
5,32987,False,,,,,
5,32988,True,A,B,6,1,B
5,32989,True,A,B,10,1,B
5,32990,True,A,B,2,0,B
5,32991,True,B,A,10,1,B
5,32992,True,A,B,4,1,B
5,32993,True,A,B,1,2,A
5,32994,True,A,B,1,2,A
5,32995,True,B,A,1,1,A
5,32996,True,A,B,2,1,A
5,32997,True,B,A,1,2,A
5,32998,True,A,B,2,1,B
5,32999,True,A,B,2,1,A
5,33000,True,A,B,10,1,B
5,33001,True,A,B,6,1,B
5,33002,True,B,A,1,1,B
5,33003,True,B,A,4,1,B
5,33004,True,B,A,1,2,A
5,33005,True,A,B,4,1,B
5,33006,True,A,B,6,1,B
5,33007,True,B,A,2,1,B
5,33008,True,A,B,0,1,A
5,33009,True,B,A,10,1,B
5,33010,True,A,B,1,2,A
5,33011,True,A,B,2,1,A
5,33012,True,A,B,2,1,A
5,33013,False,,,,,
5,33014,True,B,A,2,0,B
5,33015,False,,,,,
5,33016,True,A,B,10,1,B
5,33017,True,A,B,1,2,A
5,33018,True,A,B,6,1,B
5,33019,True,A,B,10,1,B
5,33020,True,A,B,2,1,B
5,33021,True,A,B,4,1,B
5,33022,True,A,B,2,0,B
5,33023,True,A,B,6,1,B
5,33024,True,A,B,3,1,B
5,33025,True,B,A,2,0,B
5,33026,True,A,B,3,1,B
5,33027,True,A,B,1,2,A
5,33028,True,A,B,4,1,B
5,33029,True,B,A,2,0,B
5,33030,True,A,B,1,1,A
5,33031,True,B,A,4,1,B
5,33032,True,B,A,0,1,A
5,33033,True,A,B,0,1,A
5,33034,True,B,A,10,1,B
5,33035,True,A,B,2,1,B
5,33036,True,B,A,1,2,A
5,33037,True,B,A,6,1,B
5,33038,False,,,,,
5,33039,True,A,B,10,1,B
5,33040,True,A,B,2,1,B
5,33041,True,A,B,3,1,B
5,33042,True,B,A,0,1,A
5,33043,True,A,B,6,1,B
5,33044,True,A,B,2,1,B
5,33045,True,B,A,3,1,B
5,33046,True,A,B,10,1,B
5,33047,True,A,B,10,1,B
5,33048,True,A,B,6,1,B
5,33049,True,B,A,6,1,B
5,33050,True,A,B,0,1,A
5,33051,True,B,A,4,1,B
5,33052,True,A,B,2,1,B
5,33053,False,,,,,
5,33054,True,B,A,10,1,B
5,33055,True,A,B,2,0,B
5,33056,True,A,B,1,2,A
5,33057,True,B,A,3,1,B
5,33058,True,B,A,2,1,B
5,33059,True,A,B,3,1,B
5,33060,False,,,,,
5,33061,True,B,A,1,2,A
5,33062,True,B,A,6,1,B
5,33063,True,B,A,10,1,B
5,33064,True,B,A,2,1,B
5,33065,True,A,B,1,1,A
5,33066,True,B,A,10,1,B
5,33067,True,A,B,1,2,A
5,33068,True,A,B,6,1,B
5,33069,True,B,A,3,1,B
5,33070,True,A,B,10,1,B
5,33071,True,B,A,6,1,B
5,33072,True,A,B,0,1,A
5,33073,True,A,B,10,1,B
5,33074,True,B,A,3,1,B
5,33075,True,B,A,1,2,A
5,33076,True,A,B,6,1,B
5,33077,True,A,B,0,1,A
5,33078,True,A,B,4,1,B
5,33079,True,A,B,1,1,A
5,33080,True,B,A,1,2,A
5,33081,True,A,B,0,1,A
5,33082,True,B,A,3,1,B
5,33083,True,A,B,1,1,A
5,33084,True,A,B,4,1,B
5,33085,True,A,B,1,2,A
5,33086,True,B,A,10,1,B
5,33087,True,A,B,3,1,B
5,33088,True,A,B,2,1,A
5,33089,True,A,B,4,1,B
5,33090,True,A,B,2,1,A
5,33091,True,B,A,1,2,A
5,33092,True,B,A,3,1,B
5,33093,True,A,B,0,1,A
5,33094,True,B,A,6,1,B
5,33095,True,B,A,6,1,B
5,33096,True,A,B,4,1,B
5,33097,True,B,A,1,1,A
5,33098,True,B,A,3,1,B
5,33099,True,B,A,1,1,A
5,33100,True,B,A,2,1,A
5,33101,True,B,A,10,1,B
5,33102,True,A,B,10,1,B
5,33103,True,A,B,2,0,B
5,33104,True,A,B,3,1,B
5,33105,True,B,A,6,1,B
5,33106,True,B,A,3,1,B
5,33107,True,A,B,4,1,B
5,33108,True,A,B,2,1,B
5,33109,True,A,B,6,1,B
5,33110,True,A,B,3,1,B
5,33111,True,A,B,1,1,B
5,33112,True,A,B,4,1,B
5,33113,True,A,B,10,1,B
5,33114,True,B,A,0,1,A
5,33115,True,A,B,2,1,B
5,33116,True,A,B,4,1,B
5,33117,True,A,B,1,1,A
5,33118,True,A,B,2,1,A
5,33119,True,A,B,0,1,A
5,33120,True,A,B,6,1,B
5,33121,True,B,A,0,1,A
5,33122,True,A,B,2,0,B
5,33123,True,A,B,1,2,A
5,33124,True,B,A,6,1,B
5,33125,True,A,B,0,1,A
5,33126,True,B,A,3,1,B
5,33127,True,B,A,0,1,A
5,33128,True,B,A,4,1,B
5,33129,True,B,A,10,1,B
5,33130,True,B,A,10,1,B
5,33131,True,B,A,1,1,B
5,33132,True,B,A,0,1,A
5,33133,True,B,A,3,1,B
5,33134,True,A,B,0,1,A
5,33135,True,B,A,1,1,A
5,33136,True,B,A,2,1,B
5,33137,True,B,A,2,0,B
5,33138,True,B,A,1,1,B
5,33139,True,A,B,2,0,B
5,33140,True,A,B,1,1,A
5,33141,True,B,A,10,1,B
5,33142,True,A,B,2,1,B
5,33143,True,A,B,6,1,B
5,33144,True,A,B,2,0,B
5,33145,True,B,A,0,1,A
5,33146,True,A,B,2,1,B
5,33147,True,B,A,4,1,B
5,33148,True,A,B,1,2,A
5,33149,True,B,A,4,1,B
5,33150,True,A,B,1,2,A
5,33151,True,A,B,4,1,B
5,33152,True,B,A,0,1,A
5,33153,True,B,A,3,1,B
5,33154,True,B,A,3,1,B
5,33155,True,A,B,1,1,B
5,33156,True,A,B,0,1,A
5,33157,True,A,B,6,1,B
5,33158,True,A,B,2,1,B
5,33159,True,B,A,1,2,A
5,33160,True,A,B,6,1,B
5,33161,True,A,B,2,0,B
5,33162,True,B,A,2,0,B
5,33163,True,B,A,1,1,B
5,33164,True,B,A,2,1,B
5,33165,True,B,A,4,1,B
5,33166,True,A,B,1,2,A
5,33167,True,A,B,10,1,B
5,33168,True,A,B,2,0,B
5,33169,True,B,A,4,1,B
5,33170,True,A,B,1,2,B
5,33171,True,B,A,3,1,B
5,33172,True,A,B,4,1,B
5,33173,True,B,A,1,1,A
5,33174,True,B,A,10,1,B
5,33175,True,A,B,1,1,A
5,33176,True,B,A,2,0,B
5,33177,True,A,B,1,2,A
5,33178,True,A,B,6,1,B
5,33179,False,,,,,
5,33180,True,A,B,6,1,B
5,33181,False,,,,,
5,33182,True,A,B,10,1,B
5,33183,False,,,,,
5,33184,True,B,A,3,1,B
5,33185,True,B,A,10,1,B
5,33186,True,A,B,2,1,A
5,33187,True,A,B,1,1,A
5,33188,True,A,B,3,1,B
5,33189,True,A,B,10,1,B
5,33190,True,B,A,1,1,A
5,33191,True,A,B,3,1,B
5,33192,True,B,A,1,1,B
5,33193,True,A,B,1,1,A
5,33194,True,A,B,1,1,A
5,33195,True,A,B,6,1,B
5,33196,True,A,B,2,1,B
5,33197,True,B,A,3,1,B
5,33198,True,B,A,1,1,A
5,33199,True,A,B,6,1,B
5,33200,True,B,A,0,1,A
5,33201,True,A,B,1,1,A
5,33202,True,B,A,0,1,A
5,33203,True,A,B,2,1,A
5,33204,True,A,B,6,1,B
5,33205,False,,,,,
5,33206,True,A,B,1,1,A
5,33207,False,,,,,
5,33208,True,B,A,6,1,B
5,33209,True,A,B,4,1,B
5,33210,True,B,A,2,1,B
5,33211,True,B,A,2,0,B
5,33212,True,B,A,1,2,A
5,33213,True,B,A,0,1,A
5,33214,True,B,A,2,0,B
5,33215,True,A,B,3,1,B
5,33216,True,A,B,1,2,A
5,33217,True,B,A,4,1,B
5,33218,False,,,,,
5,33219,True,B,A,3,1,B
5,33220,True,A,B,0,1,A
5,33221,True,B,A,4,1,B
5,33222,True,B,A,2,1,B
5,33223,True,B,A,10,1,B
5,33224,True,B,A,1,2,A
5,33225,True,A,B,6,1,B
5,33226,True,B,A,10,1,B
5,33227,True,A,B,6,1,B
5,33228,True,B,A,6,1,B
5,33229,True,A,B,10,1,B
5,33230,False,,,,,
5,33231,True,B,A,6,1,B
5,33232,True,A,B,2,1,A
5,33233,True,A,B,0,1,A
5,33234,True,A,B,10,1,B
5,33235,True,B,A,4,1,B
5,33236,True,A,B,3,1,B
5,33237,True,A,B,4,1,B
5,33238,True,B,A,0,1,A
5,33239,True,B,A,6,1,B
5,33240,True,B,A,3,1,B
5,33241,True,B,A,1,2,A
5,33242,True,A,B,3,1,B
5,33243,True,B,A,1,1,B
5,33244,True,A,B,4,1,B
5,33245,False,,,,,
5,33246,True,A,B,2,0,B
5,33247,True,A,B,2,1,B
5,33248,True,A,B,2,1,B
5,33249,True,A,B,2,1,B
5,33250,True,A,B,0,1,A
5,33251,True,B,A,4,1,B
5,33252,True,A,B,0,1,A
5,33253,True,B,A,2,1,B
5,33254,True,A,B,0,1,A
5,33255,True,A,B,0,1,A
5,33256,True,A,B,4,1,B
5,33257,True,A,B,6,1,B
5,33258,True,A,B,4,1,B
5,33259,True,B,A,3,1,B
5,33260,True,A,B,3,1,B
5,33261,True,B,A,3,1,B
5,33262,True,B,A,2,1,B
5,33263,True,A,B,1,2,A
5,33264,True,B,A,1,1,A
5,33265,True,B,A,3,1,B
5,33266,True,B,A,2,0,B
5,33267,True,B,A,0,1,A
5,33268,True,A,B,1,2,A
5,33269,True,B,A,4,1,B
5,33270,True,B,A,2,0,B
5,33271,True,A,B,3,1,B
5,33272,True,B,A,6,1,B
5,33273,True,B,A,1,1,A
5,33274,True,A,B,2,0,B
5,33275,True,A,B,1,1,B
5,33276,True,A,B,3,1,B
5,33277,True,B,A,6,1,B
5,33278,True,B,A,2,0,B
5,33279,True,B,A,3,1,B
5,33280,True,B,A,10,1,B
5,33281,True,A,B,10,1,B
5,33282,True,B,A,0,1,A
5,33283,True,A,B,3,1,B
5,33284,True,A,B,1,2,A
5,33285,True,A,B,2,1,A
5,33286,True,B,A,10,1,B
5,33287,True,B,A,3,1,B
5,33288,True,A,B,3,1,B
5,33289,True,A,B,1,1,A
5,33290,True,B,A,4,1,B
5,33291,True,A,B,4,1,B
5,33292,True,A,B,0,1,A
5,33293,True,A,B,1,1,A
5,33294,True,B,A,10,1,B
5,33295,True,A,B,6,1,B
5,33296,True,A,B,1,1,A
5,33297,True,A,B,3,1,B
5,33298,True,A,B,10,1,B
5,33299,True,A,B,2,1,B
5,33300,True,A,B,1,1,A
5,33301,True,B,A,1,1,A
5,33302,True,A,B,1,1,A
5,33303,True,B,A,0,1,A
5,33304,True,B,A,0,1,A
5,33305,True,B,A,10,1,B
5,33306,True,A,B,0,1,A
5,33307,True,B,A,1,1,A
5,33308,True,B,A,3,1,B
5,33309,True,A,B,0,1,A
5,33310,True,A,B,1,1,A
5,33311,True,A,B,3,1,B
5,33312,True,A,B,3,1,B
5,33313,True,A,B,0,1,A
5,33314,True,A,B,10,1,B
5,33315,True,A,B,3,1,B
5,33316,True,A,B,2,0,B
5,33317,True,A,B,4,1,B
5,33318,True,A,B,2,1,B
5,33319,True,A,B,4,1,B
5,33320,True,B,A,4,1,B
5,33321,True,A,B,1,2,A
5,33322,True,B,A,2,0,B
5,33323,True,A,B,0,1,A
5,33324,True,B,A,3,1,A
5,33325,True,A,B,0,1,A
5,33326,True,B,A,2,0,B
5,33327,True,A,B,4,1,B
5,33328,False,,,,,
5,33329,True,B,A,10,1,B
5,33330,True,B,A,4,1,B
5,33331,True,B,A,1,2,A
5,33332,True,A,B,1,2,A
5,33333,True,A,B,4,1,B
5,33334,True,A,B,0,1,A
5,33335,True,A,B,4,1,B
5,33336,True,A,B,6,1,B
5,33337,True,B,A,0,1,A
5,33338,True,A,B,6,1,B
5,33339,True,B,A,4,1,B
5,33340,True,A,B,1,2,A
5,33341,True,B,A,1,1,B
5,33342,True,B,A,6,1,B
5,33343,True,B,A,1,1,A
5,33344,True,A,B,6,1,B
5,33345,True,B,A,2,1,B
5,33346,False,,,,,
5,33347,True,A,B,2,1,A
5,33348,True,A,B,1,2,A
5,33349,True,A,B,1,2,A
5,33350,True,A,B,10,1,B
5,33351,True,B,A,0,1,A
5,33352,True,B,A,3,1,B
5,33353,True,B,A,2,1,A
5,33354,True,B,A,1,2,A
5,33355,True,A,B,2,1,A
5,33356,True,A,B,2,1,B
5,33357,True,A,B,1,1,A
5,33358,True,B,A,10,1,B
5,33359,True,B,A,4,1,B
5,33360,True,A,B,2,1,A
5,33361,True,B,A,1,2,A
5,33362,True,B,A,4,1,B
5,33363,True,B,A,1,2,A
5,33364,True,B,A,2,0,B
5,33365,True,A,B,2,1,B
5,33366,True,B,A,4,1,B
5,33367,True,B,A,0,1,A
5,33368,True,A,B,2,1,B
5,33369,True,B,A,4,1,B
5,33370,True,B,A,10,1,B
5,33371,True,B,A,1,2,A
5,33372,True,A,B,2,1,B
5,33373,True,B,A,1,2,A
5,33374,True,B,A,3,1,B
5,33375,True,A,B,0,1,A
5,33376,True,B,A,1,2,A
5,33377,True,B,A,1,1,A
5,33378,True,B,A,4,1,B
5,33379,True,A,B,3,1,B
5,33380,True,A,B,10,1,B
5,33381,True,B,A,1,1,B
5,33382,True,A,B,0,1,A
5,33383,True,A,B,2,1,B
5,33384,True,A,B,4,1,B
5,33385,True,A,B,6,1,B
5,33386,True,B,A,2,0,B
5,33387,True,B,A,4,1,B
5,33388,True,B,A,10,1,B
5,33389,True,B,A,2,0,B
5,33390,True,B,A,2,1,A
5,33391,True,A,B,2,0,B
5,33392,False,,,,,
5,33393,True,A,B,10,1,B
5,33394,True,B,A,6,1,B
5,33395,True,A,B,0,1,A
5,33396,True,A,B,10,1,B
5,33397,True,A,B,6,1,B
5,33398,True,A,B,1,1,B
5,33399,True,A,B,2,0,B
5,33400,True,A,B,6,1,B
5,33401,True,A,B,2,0,B
5,33402,True,B,A,4,1,B
5,33403,True,B,A,1,1,A
5,33404,True,B,A,3,1,B
5,33405,True,A,B,4,1,B
5,33406,True,A,B,3,1,B
5,33407,True,B,A,2,0,B
5,33408,True,B,A,1,1,A
5,33409,True,A,B,10,1,B
5,33410,True,A,B,3,1,A
5,33411,True,A,B,1,2,A
5,33412,True,A,B,1,2,A
5,33413,True,B,A,1,1,A
5,33414,True,B,A,10,1,B
5,33415,True,B,A,2,1,B
5,33416,True,A,B,6,1,B
5,33417,True,A,B,0,1,A
5,33418,True,B,A,10,1,B
5,33419,True,A,B,1,1,A
5,33420,True,A,B,2,1,B
5,33421,True,A,B,2,1,B
5,33422,False,,,,,
5,33423,True,B,A,0,1,A
5,33424,True,B,A,4,1,B
5,33425,True,B,A,4,1,B
5,33426,True,A,B,4,1,B
5,33427,False,,,,,
5,33428,True,B,A,0,1,A
5,33429,True,B,A,10,1,B
5,33430,True,A,B,1,2,A
5,33431,True,A,B,0,1,A
5,33432,True,B,A,1,2,A
5,33433,True,A,B,6,1,B
5,33434,True,B,A,1,2,A
5,33435,False,,,,,
5,33436,True,B,A,0,1,A
5,33437,True,B,A,2,1,B
5,33438,False,,,,,
5,33439,True,A,B,3,1,B
5,33440,True,B,A,1,2,A
5,33441,True,B,A,4,1,B
5,33442,True,B,A,0,1,A
5,33443,True,B,A,1,1,A
5,33444,True,A,B,0,1,A
5,33445,True,A,B,10,1,B
5,33446,True,A,B,6,1,B
5,33447,False,,,,,
5,33448,True,A,B,2,0,B
5,33449,True,A,B,10,1,B
5,33450,True,A,B,0,1,A
5,33451,True,A,B,1,1,A
5,33452,True,A,B,0,1,A
5,33453,True,A,B,2,0,B
5,33454,True,A,B,6,1,B
5,33455,True,A,B,10,1,B
5,33456,True,B,A,4,1,B
5,33457,True,A,B,2,1,A
5,33458,True,A,B,1,2,A
5,33459,True,A,B,1,1,A
5,33460,True,B,A,1,2,A
5,33461,True,A,B,2,1,B
5,33462,True,A,B,1,2,A
5,33463,True,B,A,3,1,B
5,33464,True,B,A,2,1,B
5,33465,True,A,B,1,1,A
5,33466,True,A,B,6,1,B
5,33467,True,A,B,4,1,B
5,33468,True,A,B,0,1,A
5,33469,True,A,B,3,1,B
5,33470,True,A,B,2,0,B
5,33471,True,B,A,6,1,B
5,33472,True,A,B,1,2,A
5,33473,True,B,A,4,1,B
5,33474,True,B,A,1,1,A
5,33475,True,B,A,3,1,B
5,33476,True,B,A,2,0,B
5,33477,True,B,A,2,0,B
5,33478,True,B,A,1,2,A
5,33479,True,A,B,1,2,A
5,33480,True,A,B,3,1,B
5,33481,True,B,A,6,1,B
5,33482,True,B,A,4,1,B
5,33483,True,A,B,1,1,A
5,33484,True,B,A,2,0,B
5,33485,True,B,A,2,1,B
5,33486,True,B,A,6,1,B
5,33487,True,B,A,3,1,B
5,33488,True,A,B,0,1,A
5,33489,True,A,B,1,2,A
5,33490,True,B,A,1,2,A
5,33491,True,B,A,4,1,B
5,33492,True,B,A,1,2,A
5,33493,True,B,A,6,1,B
5,33494,True,A,B,1,1,A
5,33495,True,B,A,2,0,B
5,33496,True,A,B,10,1,B
5,33497,True,B,A,1,2,A
5,33498,True,B,A,1,2,A
5,33499,True,A,B,2,0,B
5,33500,True,A,B,10,1,B
5,33501,True,A,B,10,1,B
5,33502,True,B,A,0,1,A
5,33503,True,A,B,0,1,A
5,33504,True,A,B,6,1,B
5,33505,True,B,A,3,1,A
5,33506,True,A,B,4,1,B
5,33507,True,A,B,1,2,A
5,33508,True,A,B,0,1,A
5,33509,True,A,B,4,1,B
5,33510,True,B,A,3,1,B
5,33511,True,A,B,1,1,A
5,33512,True,A,B,6,1,B
5,33513,True,A,B,1,1,A
5,33514,True,A,B,10,1,B
5,33515,True,A,B,3,1,A
5,33516,True,B,A,1,1,A
5,33517,True,B,A,2,0,B
5,33518,True,B,A,2,1,B
5,33519,True,A,B,1,1,A
5,33520,True,B,A,0,1,A
5,33521,True,A,B,1,1,A
5,33522,True,A,B,6,1,B
5,33523,True,A,B,4,1,B
5,33524,False,,,,,
5,33525,True,B,A,2,1,A
5,33526,True,A,B,2,0,B
5,33527,True,B,A,1,1,A
5,33528,True,A,B,3,1,B
5,33529,True,B,A,4,1,B
5,33530,True,A,B,2,0,B
5,33531,True,B,A,1,1,A
5,33532,True,B,A,0,1,A
5,33533,True,B,A,6,1,B
5,33534,True,A,B,0,1,A
5,33535,True,A,B,0,1,A
5,33536,True,A,B,0,1,A
5,33537,True,A,B,4,1,B
5,33538,True,A,B,10,1,B
5,33539,True,A,B,0,1,A
5,33540,True,A,B,3,1,A
5,33541,True,A,B,2,0,B
5,33542,True,A,B,2,1,B
5,33543,True,A,B,4,1,B
5,33544,True,A,B,1,1,A
5,33545,True,A,B,4,1,B
5,33546,True,A,B,2,0,B
5,33547,True,B,A,10,1,B
5,33548,True,A,B,2,0,B
5,33549,True,B,A,1,2,A
5,33550,True,A,B,10,1,B
5,33551,True,B,A,4,1,B
5,33552,True,B,A,6,1,B
5,33553,True,A,B,1,2,A
5,33554,True,A,B,10,1,B
5,33555,True,B,A,1,1,A
5,33556,True,A,B,6,1,B
5,33557,True,A,B,2,0,B
5,33558,True,B,A,0,1,A
5,33559,True,A,B,3,1,B
5,33560,True,B,A,3,1,B
5,33561,True,A,B,10,1,B
5,33562,True,B,A,0,1,A
5,33563,True,A,B,0,1,A
5,33564,True,B,A,6,1,B
5,33565,True,A,B,2,1,A
5,33566,True,A,B,6,1,B
5,33567,True,A,B,3,1,B
5,33568,True,A,B,0,1,A
5,33569,True,A,B,2,0,B
5,33570,True,B,A,3,1,B
5,33571,True,B,A,0,1,A
5,33572,True,A,B,6,1,B
5,33573,True,A,B,10,1,B
5,33574,True,A,B,1,1,A
5,33575,True,B,A,0,1,A
5,33576,True,A,B,6,1,B
5,33577,True,A,B,0,1,A
5,33578,True,B,A,10,1,B
5,33579,True,A,B,1,2,A
5,33580,True,B,A,3,1,A
5,33581,True,A,B,0,1,A
5,33582,True,A,B,2,0,B
5,33583,True,B,A,1,2,A
5,33584,True,A,B,4,1,B
5,33585,True,B,A,2,0,B
5,33586,True,A,B,10,1,B
5,33587,True,B,A,3,1,B
5,33588,True,B,A,10,1,B
5,33589,True,A,B,3,1,B
5,33590,True,A,B,1,1,A
5,33591,True,A,B,1,2,A
5,33592,True,B,A,1,2,A
5,33593,True,A,B,3,1,B
5,33594,True,A,B,3,1,B
5,33595,True,A,B,1,1,A
5,33596,True,B,A,1,2,A
5,33597,True,B,A,1,2,A
5,33598,True,B,A,2,0,B
5,33599,True,A,B,10,1,B
5,33600,True,B,A,1,2,A
5,33601,True,A,B,10,1,B
5,33602,True,B,A,3,1,B
5,33603,True,B,A,10,1,B
5,33604,True,B,A,6,1,B
5,33605,True,B,A,1,2,A
5,33606,True,B,A,4,1,B
5,33607,True,A,B,1,2,A
5,33608,True,A,B,10,1,B
5,33609,True,B,A,0,1,A
5,33610,True,A,B,6,1,B
5,33611,True,B,A,0,1,A
5,33612,True,A,B,2,0,B
5,33613,True,A,B,10,1,B
5,33614,True,A,B,10,1,B
5,33615,True,B,A,6,1,B
5,33616,True,A,B,2,0,B
5,33617,True,A,B,6,1,B
5,33618,True,B,A,10,1,B
5,33619,True,B,A,6,1,B
5,33620,True,A,B,2,0,B
5,33621,True,A,B,1,1,A
5,33622,False,,,,,
5,33623,True,A,B,3,1,B
5,33624,True,A,B,10,1,B
5,33625,True,A,B,4,1,B
5,33626,True,A,B,1,1,B
5,33627,True,B,A,0,1,A
5,33628,False,,,,,
5,33629,True,A,B,3,1,B
5,33630,True,B,A,1,1,A
5,33631,True,B,A,3,1,A
5,33632,True,B,A,3,1,A
5,33633,True,B,A,3,1,B
5,33634,True,A,B,2,0,B
5,33635,False,,,,,
5,33636,True,A,B,1,1,A
5,33637,True,B,A,1,2,A
5,33638,True,A,B,0,1,A
5,33639,False,,,,,
5,33640,True,B,A,2,0,B
5,33641,True,A,B,2,0,B
5,33642,True,A,B,1,1,A
5,33643,True,B,A,6,1,B
5,33644,True,A,B,0,1,A
5,33645,False,,,,,
5,33646,True,B,A,1,1,A
5,33647,True,A,B,4,1,B
5,33648,True,A,B,0,1,A
5,33649,True,B,A,1,1,A
5,33650,True,B,A,2,1,A
5,33651,True,A,B,10,1,B
5,33652,True,B,A,3,1,B
5,33653,True,B,A,2,1,A
5,33654,True,A,B,1,2,A
5,33655,True,A,B,10,1,B
5,33656,True,A,B,6,1,B
5,33657,True,A,B,0,1,A
5,33658,True,A,B,0,1,A
5,33659,True,A,B,2,0,B
5,33660,True,A,B,10,1,B
5,33661,True,B,A,0,1,A
5,33662,True,B,A,3,1,A
5,33663,True,B,A,3,1,A
5,33664,True,B,A,10,1,B
5,33665,True,A,B,1,2,A
5,33666,True,B,A,6,1,B
5,33667,True,B,A,2,1,A
5,33668,True,A,B,2,0,B
5,33669,True,A,B,1,2,A
5,33670,True,B,A,2,1,A
5,33671,True,A,B,4,1,B
5,33672,True,B,A,1,1,A
5,33673,True,A,B,4,1,B
5,33674,False,,,,,
5,33675,True,A,B,1,2,A
5,33676,True,A,B,3,1,B
5,33677,True,A,B,1,2,A
5,33678,True,A,B,4,1,B
5,33679,True,B,A,2,1,A
5,33680,True,B,A,1,2,A
5,33681,True,B,A,10,1,B
5,33682,True,B,A,3,1,B
5,33683,False,,,,,
5,33684,False,,,,,
5,33685,True,A,B,1,1,A
5,33686,True,A,B,0,1,A
5,33687,True,A,B,2,1,A
5,33688,True,A,B,6,1,B
5,33689,True,B,A,1,1,A
5,33690,True,A,B,6,1,B
5,33691,True,A,B,2,1,B
5,33692,True,A,B,2,1,A
5,33693,True,A,B,4,1,B
5,33694,True,A,B,4,1,B
5,33695,True,A,B,3,1,B
5,33696,True,B,A,6,1,B
5,33697,True,B,A,0,1,A
5,33698,True,B,A,2,1,A
5,33699,True,A,B,10,1,B
5,33700,True,A,B,6,1,B
5,33701,True,B,A,2,1,B
5,33702,True,B,A,4,1,A
5,33703,True,A,B,10,1,B
5,33704,True,B,A,6,1,B
5,33705,True,A,B,10,1,B
5,33706,True,B,A,10,1,B
5,33707,True,B,A,0,1,A
5,33708,True,B,A,6,1,B
5,33709,True,B,A,10,1,B
5,33710,True,B,A,0,1,A
5,33711,True,B,A,2,1,A
5,33712,True,A,B,3,1,B
5,33713,True,A,B,10,1,B
5,33714,True,A,B,3,1,B
5,33715,True,A,B,2,0,B
5,33716,True,B,A,6,1,B
5,33717,True,A,B,2,1,B
5,33718,True,B,A,0,1,A
5,33719,True,B,A,3,1,A
5,33720,True,B,A,1,2,A
5,33721,True,B,A,0,1,A
5,33722,True,A,B,2,1,B
5,33723,True,B,A,2,1,A
5,33724,True,B,A,4,1,B
5,33725,True,B,A,10,1,B
5,33726,True,B,A,3,1,A
5,33727,True,A,B,6,1,B
5,33728,True,B,A,10,1,B
5,33729,True,A,B,2,1,B
5,33730,True,B,A,10,1,B
5,33731,True,A,B,6,1,B
5,33732,True,A,B,0,1,A
5,33733,True,A,B,4,1,B
5,33734,True,A,B,1,2,A
5,33735,True,A,B,10,1,B
5,33736,True,A,B,0,1,A
5,33737,True,A,B,4,1,B
5,33738,True,A,B,2,0,B
5,33739,True,B,A,2,1,B
5,33740,True,A,B,6,1,B
5,33741,True,A,B,1,1,A
5,33742,True,B,A,0,1,A
5,33743,True,A,B,0,1,A
5,33744,True,A,B,2,0,B
5,33745,True,A,B,1,1,A
5,33746,True,B,A,1,1,A
5,33747,True,A,B,6,1,B
5,33748,True,A,B,0,1,A
5,33749,True,B,A,2,0,B
5,33750,True,A,B,2,1,B
5,33751,True,A,B,10,1,B
5,33752,True,B,A,1,2,A
5,33753,True,A,B,3,1,B
5,33754,True,A,B,6,1,B
5,33755,False,,,,,
5,33756,True,A,B,1,1,A
5,33757,True,B,A,1,2,A
5,33758,True,B,A,3,1,B
5,33759,False,,,,,
5,33760,True,A,B,0,1,A
5,33761,True,B,A,2,1,B
5,33762,True,A,B,2,1,B
5,33763,True,A,B,10,1,B
5,33764,True,B,A,6,1,B
5,33765,True,B,A,1,2,A
5,33766,True,B,A,1,2,A
5,33767,True,B,A,3,1,A
5,33768,True,B,A,0,1,A
5,33769,True,A,B,4,1,B
5,33770,True,B,A,0,1,A
5,33771,True,A,B,2,0,B
5,33772,True,A,B,0,1,A
5,33773,True,B,A,1,2,A
5,33774,True,A,B,0,1,A
5,33775,True,B,A,4,1,B
5,33776,True,A,B,1,2,A
5,33777,True,B,A,3,1,B
5,33778,True,A,B,2,1,B
5,33779,True,A,B,10,1,B
5,33780,True,A,B,6,1,B
5,33781,True,B,A,0,1,A
5,33782,True,A,B,4,1,B
5,33783,True,B,A,3,1,B
5,33784,True,B,A,0,1,A
5,33785,True,B,A,4,1,B
5,33786,True,B,A,0,1,A
5,33787,True,A,B,3,1,B
5,33788,True,B,A,2,1,B
5,33789,True,A,B,1,1,A
5,33790,True,B,A,6,1,B
5,33791,True,B,A,2,0,B
5,33792,True,B,A,4,1,B
5,33793,True,B,A,1,1,A
5,33794,True,A,B,6,1,B
5,33795,True,A,B,1,2,A
5,33796,True,A,B,1,1,A
5,33797,True,A,B,0,1,A
5,33798,True,A,B,10,1,B
5,33799,True,A,B,1,1,A
5,33800,True,B,A,2,0,B
5,33801,True,A,B,1,1,A
5,33802,True,B,A,1,2,A
5,33803,True,B,A,1,2,A
5,33804,True,A,B,10,1,B
5,33805,True,B,A,6,1,B
5,33806,True,A,B,4,1,B
5,33807,True,A,B,2,1,A
5,33808,True,B,A,4,1,B
5,33809,True,A,B,2,0,B
5,33810,True,A,B,3,1,A
5,33811,True,B,A,2,1,A
5,33812,True,B,A,1,1,A
5,33813,True,B,A,0,1,A
5,33814,True,A,B,2,1,A
5,33815,True,B,A,2,0,B
5,33816,True,A,B,0,1,A
5,33817,True,B,A,4,1,B
5,33818,True,B,A,2,0,B
5,33819,True,B,A,2,1,B
5,33820,True,A,B,1,2,A
5,33821,True,A,B,1,1,A
5,33822,True,B,A,2,1,B
5,33823,True,B,A,3,1,B
5,33824,True,B,A,1,2,A
5,33825,True,A,B,1,2,A
5,33826,True,B,A,1,1,B
5,33827,True,A,B,6,1,B
5,33828,True,B,A,6,1,B
5,33829,True,B,A,2,0,B
5,33830,True,A,B,6,1,B
5,33831,True,B,A,0,1,A
5,33832,True,A,B,2,1,A
5,33833,True,B,A,6,1,B
5,33834,True,B,A,6,1,B
5,33835,True,B,A,10,1,B
5,33836,True,B,A,1,1,A
5,33837,True,A,B,6,1,B
5,33838,True,B,A,4,1,B
5,33839,True,B,A,2,0,B
5,33840,True,B,A,0,1,A
5,33841,True,B,A,1,2,A
5,33842,True,B,A,0,1,A
5,33843,True,A,B,4,1,B
5,33844,False,,,,,
5,33845,True,B,A,10,1,B
5,33846,True,A,B,6,1,B
5,33847,True,B,A,4,1,B
5,33848,True,A,B,1,1,B
5,33849,True,A,B,4,1,B
5,33850,True,B,A,10,1,B
5,33851,True,A,B,1,2,A
5,33852,True,B,A,0,1,A
5,33853,True,B,A,2,1,A
5,33854,True,B,A,3,1,B
5,33855,True,B,A,3,1,B
5,33856,True,A,B,2,0,B
5,33857,True,A,B,10,1,B
5,33858,True,A,B,0,1,A
5,33859,False,,,,,
5,33860,True,A,B,2,1,A
5,33861,True,A,B,10,1,B
5,33862,True,B,A,2,1,B
5,33863,True,A,B,1,2,A
5,33864,True,A,B,3,1,B
5,33865,True,B,A,1,2,A
5,33866,True,A,B,4,1,B
5,33867,True,B,A,6,1,B
5,33868,True,B,A,0,1,A
5,33869,True,B,A,1,2,A
5,33870,True,B,A,2,1,B
5,33871,True,A,B,2,1,A
5,33872,True,B,A,10,1,B
5,33873,True,B,A,3,1,B
5,33874,True,A,B,2,0,B
5,33875,True,B,A,1,1,A
5,33876,True,A,B,2,0,B
5,33877,True,A,B,6,1,B
5,33878,True,B,A,6,1,B
5,33879,True,B,A,2,1,A
5,33880,True,A,B,6,1,B
5,33881,True,A,B,2,0,B
5,33882,True,B,A,2,1,A
5,33883,True,A,B,1,1,A
5,33884,True,B,A,1,2,A
5,33885,True,A,B,2,1,A
5,33886,True,A,B,3,1,A
5,33887,True,A,B,1,1,A
5,33888,True,B,A,6,1,B
5,33889,True,A,B,1,2,A
5,33890,True,A,B,1,1,A
5,33891,True,B,A,6,1,B
5,33892,True,B,A,2,1,B
5,33893,True,A,B,10,1,B
5,33894,True,A,B,2,1,A
5,33895,True,B,A,2,0,B
5,33896,True,B,A,10,1,B
5,33897,True,B,A,1,1,A
5,33898,True,A,B,0,1,A
5,33899,True,A,B,2,0,B
5,33900,True,A,B,0,1,A
5,33901,True,B,A,2,0,B
5,33902,True,A,B,0,1,A
5,33903,True,B,A,10,1,B
5,33904,True,A,B,2,1,A
5,33905,True,B,A,1,1,A
5,33906,True,A,B,1,1,A
5,33907,True,B,A,2,1,B
5,33908,True,A,B,2,1,A
5,33909,False,,,,,
5,33910,True,B,A,2,1,A
5,33911,True,B,A,10,1,B
5,33912,True,B,A,1,1,A
5,33913,True,A,B,0,1,A
5,33914,True,A,B,0,1,A
5,33915,True,B,A,10,1,B
5,33916,True,A,B,1,2,A
5,33917,True,B,A,4,1,B
5,33918,True,B,A,2,1,A
5,33919,True,A,B,3,1,B
5,33920,True,A,B,1,1,A
5,33921,True,B,A,3,1,B
5,33922,True,B,A,4,1,B
5,33923,True,A,B,1,2,A
5,33924,True,A,B,1,1,B
5,33925,True,B,A,10,1,B
5,33926,True,A,B,0,1,A
5,33927,True,B,A,6,1,B
5,33928,True,B,A,4,1,B
5,33929,True,B,A,10,1,B
5,33930,True,A,B,3,1,B
5,33931,True,A,B,0,1,A
5,33932,True,B,A,6,1,B
5,33933,True,B,A,6,1,B
5,33934,True,A,B,3,1,A
5,33935,True,A,B,1,2,A
5,33936,True,B,A,0,1,A
5,33937,True,B,A,0,1,A
5,33938,True,B,A,0,1,A
5,33939,True,B,A,2,1,B
5,33940,True,B,A,3,1,B
5,33941,True,A,B,2,1,B
5,33942,True,A,B,1,1,B
5,33943,True,B,A,2,1,A
5,33944,True,B,A,4,1,B
5,33945,True,A,B,6,1,B
5,33946,True,B,A,0,1,A
5,33947,True,B,A,0,1,A
5,33948,True,B,A,0,1,A
5,33949,True,A,B,1,1,A
5,33950,True,A,B,0,1,A
5,33951,True,B,A,10,1,B
5,33952,True,A,B,1,2,A
5,33953,True,A,B,2,1,A
5,33954,True,B,A,4,1,B
5,33955,True,B,A,1,2,A
5,33956,True,A,B,2,1,A
5,33957,True,A,B,1,1,A
5,33958,True,B,A,4,1,B
5,33959,True,B,A,6,1,B
5,33960,True,B,A,6,1,B
5,33961,True,B,A,2,1,A
5,33962,True,A,B,10,1,B
5,33963,True,A,B,3,1,A
5,33964,True,A,B,2,0,B
5,33965,True,B,A,2,1,A
5,33966,True,B,A,3,1,B
5,33967,True,B,A,2,1,A
5,33968,True,B,A,4,1,B
5,33969,True,B,A,6,1,B
5,33970,True,A,B,6,1,B
5,33971,True,A,B,10,1,B
5,33972,True,A,B,2,1,A
5,33973,True,B,A,10,1,B
5,33974,True,B,A,0,1,A
5,33975,True,A,B,3,1,B
5,33976,False,,,,,
5,33977,False,,,,,
5,33978,True,B,A,2,0,B
5,33979,True,A,B,4,1,B
5,33980,True,B,A,6,1,B
5,33981,True,B,A,1,1,A
5,33982,True,B,A,2,1,A
5,33983,True,A,B,6,1,B
5,33984,True,B,A,2,0,B
5,33985,True,A,B,3,1,B
5,33986,True,B,A,2,0,B
5,33987,True,B,A,0,1,A
5,33988,True,A,B,10,1,B
5,33989,True,B,A,0,1,A
5,33990,True,A,B,6,1,B
5,33991,False,,,,,
5,33992,True,A,B,6,1,B
5,33993,True,B,A,6,1,B
5,33994,True,B,A,6,1,B
5,33995,True,B,A,1,2,A
5,33996,True,B,A,1,1,A
5,33997,True,A,B,1,1,B
5,33998,True,A,B,6,1,B
5,33999,True,B,A,2,1,A
5,34000,True,A,B,6,1,B
5,34001,True,B,A,4,1,A
5,34002,True,A,B,2,0,B
5,34003,True,A,B,2,1,B
5,34004,False,,,,,
5,34005,True,A,B,1,2,A
5,34006,True,A,B,2,1,B
5,34007,True,B,A,10,1,B
5,34008,True,A,B,4,1,B
5,34009,True,A,B,1,2,A
5,34010,True,B,A,1,2,A
5,34011,False,,,,,
5,34012,True,B,A,2,1,A
5,34013,False,,,,,
5,34014,True,B,A,1,1,A
5,34015,True,B,A,1,2,A
5,34016,True,A,B,1,2,A
5,34017,False,,,,,
5,34018,True,B,A,1,2,A
5,34019,True,B,A,2,1,A
5,34020,True,B,A,2,1,A
5,34021,True,A,B,6,1,B
5,34022,True,A,B,4,1,B
5,34023,True,B,A,10,1,B
5,34024,True,B,A,2,0,B
5,34025,True,A,B,6,1,B
5,34026,True,B,A,6,1,B
5,34027,True,A,B,6,1,B
5,34028,True,B,A,1,2,A
5,34029,True,A,B,4,1,B
5,34030,True,B,A,4,1,B
5,34031,True,B,A,10,1,B
5,34032,True,B,A,2,1,A
5,34033,True,A,B,1,1,A
5,34034,True,A,B,1,2,A
5,34035,True,A,B,1,1,A
5,34036,True,B,A,4,1,B
5,34037,True,B,A,3,1,B
5,34038,True,A,B,2,1,B
5,34039,True,A,B,3,1,B
5,34040,True,A,B,1,2,A
5,34041,False,,,,,
5,34042,True,B,A,4,1,B
5,34043,True,B,A,1,1,A
5,34044,True,B,A,2,0,B
5,34045,True,A,B,4,1,B
5,34046,False,,,,,
5,34047,True,B,A,1,1,A
5,34048,True,A,B,6,1,B
5,34049,True,B,A,0,1,A
5,34050,True,A,B,0,1,A
5,34051,True,B,A,4,1,B
5,34052,True,A,B,2,0,B
5,34053,True,B,A,10,1,B
5,34054,True,B,A,2,0,B
5,34055,True,B,A,6,1,B
5,34056,True,B,A,3,1,B
5,34057,True,B,A,1,2,A
5,34058,True,A,B,1,1,A
5,34059,True,B,A,1,2,A
5,34060,True,B,A,0,1,A
5,34061,True,A,B,6,1,B
5,34062,True,B,A,2,1,B
5,34063,True,A,B,6,1,B
5,34064,True,A,B,3,1,B
5,34065,True,B,A,0,1,A
5,34066,True,A,B,2,1,A
5,34067,True,B,A,6,1,B
5,34068,True,B,A,10,1,B
5,34069,True,B,A,10,1,B
5,34070,True,B,A,3,1,B
5,34071,True,A,B,10,1,B
5,34072,True,B,A,10,1,B
5,34073,True,B,A,2,1,A
5,34074,True,B,A,6,1,B
5,34075,True,A,B,1,1,A
5,34076,False,,,,,
5,34077,True,B,A,2,0,B
5,34078,True,A,B,2,1,A
5,34079,True,A,B,4,1,B
5,34080,True,A,B,10,1,B
5,34081,True,A,B,4,1,B
5,34082,True,A,B,1,2,A
5,34083,True,B,A,2,1,A
5,34084,True,A,B,4,1,B
5,34085,True,A,B,2,1,A
5,34086,True,B,A,2,1,B
5,34087,True,B,A,2,1,B
5,34088,True,B,A,0,1,A
5,34089,True,A,B,3,1,B
5,34090,True,B,A,10,1,B
5,34091,True,A,B,10,1,B
5,34092,True,B,A,3,1,B
5,34093,True,A,B,0,1,A
5,34094,True,B,A,10,1,B
5,34095,True,B,A,2,0,B
5,34096,True,B,A,2,1,B
5,34097,True,B,A,6,1,B
5,34098,True,A,B,4,1,B
5,34099,True,A,B,2,0,B
5,34100,True,B,A,3,1,B
5,34101,True,B,A,4,1,B
5,34102,True,A,B,4,1,B
5,34103,True,B,A,4,1,B
5,34104,True,A,B,10,1,B
5,34105,True,B,A,3,1,B
5,34106,True,A,B,2,1,A
5,34107,True,A,B,4,1,B
5,34108,True,A,B,1,2,A
5,34109,True,A,B,2,1,A
5,34110,False,,,,,
5,34111,True,A,B,6,1,B
5,34112,True,A,B,1,1,A
5,34113,True,B,A,10,1,B
5,34114,True,B,A,1,2,A
5,34115,True,A,B,6,1,B
5,34116,True,A,B,6,1,B
5,34117,True,A,B,1,1,A
5,34118,False,,,,,
5,34119,True,B,A,3,1,B
5,34120,True,A,B,4,1,B
5,34121,True,A,B,10,1,B
5,34122,True,A,B,2,0,B
5,34123,True,A,B,2,1,A
5,34124,True,B,A,10,1,B
5,34125,True,A,B,2,1,B
5,34126,True,A,B,0,1,A
5,34127,True,A,B,3,1,A
5,34128,True,A,B,6,1,B
5,34129,False,,,,,
5,34130,True,B,A,1,1,A
5,34131,True,A,B,0,1,A
5,34132,True,A,B,2,1,A
5,34133,True,A,B,1,2,A
5,34134,True,B,A,0,1,A
5,34135,True,B,A,1,2,A
5,34136,True,A,B,2,1,A
5,34137,True,A,B,0,1,A
5,34138,True,A,B,1,1,A
5,34139,True,B,A,2,1,B
5,34140,True,A,B,0,1,A
5,34141,True,B,A,10,1,B
5,34142,True,A,B,1,1,A
5,34143,True,B,A,3,1,B
5,34144,True,B,A,2,0,B
5,34145,True,B,A,4,1,B
5,34146,True,B,A,6,1,B
5,34147,True,A,B,4,1,B
5,34148,True,B,A,10,1,B
5,34149,True,B,A,0,1,A
5,34150,True,A,B,4,1,B
5,34151,True,A,B,1,2,A
5,34152,True,B,A,10,1,B
5,34153,True,A,B,1,1,A
5,34154,True,B,A,2,0,B
5,34155,True,A,B,10,1,B
5,34156,True,B,A,1,1,A
5,34157,True,A,B,0,1,A
5,34158,True,B,A,10,1,B
5,34159,True,B,A,2,0,B
5,34160,True,B,A,3,1,B
5,34161,True,B,A,2,1,B
5,34162,True,A,B,4,1,B
5,34163,True,B,A,3,1,B
5,34164,True,B,A,6,1,B
5,34165,True,B,A,2,1,A
5,34166,True,A,B,10,1,B
5,34167,True,A,B,4,1,B
5,34168,False,,,,,
5,34169,True,A,B,10,1,B
5,34170,True,B,A,4,1,B
5,34171,True,B,A,1,2,A
5,34172,True,A,B,2,1,A
5,34173,True,A,B,4,1,B
5,34174,True,B,A,2,0,B
5,34175,True,A,B,1,1,A
5,34176,True,A,B,2,1,A
5,34177,True,A,B,2,0,B
5,34178,True,A,B,6,1,B
5,34179,True,A,B,10,1,B
5,34180,True,B,A,4,1,B
5,34181,True,A,B,4,1,B
5,34182,True,A,B,1,1,A
5,34183,True,A,B,6,1,B
5,34184,True,B,A,1,1,A
5,34185,True,A,B,1,2,A
5,34186,True,A,B,0,1,A
5,34187,True,B,A,1,1,A
5,34188,True,A,B,2,0,B
5,34189,True,A,B,1,1,B
5,34190,True,A,B,6,1,B
5,34191,True,B,A,2,1,A
5,34192,True,B,A,10,1,B
5,34193,True,B,A,10,1,B
5,34194,True,B,A,10,1,B
5,34195,True,B,A,1,2,A
5,34196,True,B,A,4,1,B
5,34197,True,A,B,10,1,B
5,34198,True,B,A,3,1,B
5,34199,True,B,A,4,1,B
5,34200,True,A,B,3,1,B
5,34201,True,A,B,3,1,B
5,34202,True,A,B,1,1,A
5,34203,True,A,B,1,1,A
5,34204,True,B,A,1,2,A
5,34205,True,A,B,6,1,B
5,34206,True,A,B,3,1,B
5,34207,True,B,A,2,0,B
5,34208,True,A,B,6,1,B
5,34209,True,A,B,6,1,B
5,34210,True,B,A,2,1,A
5,34211,True,A,B,1,2,A
5,34212,True,A,B,6,1,B
5,34213,True,A,B,0,1,A
5,34214,True,B,A,4,1,B
5,34215,True,B,A,1,2,A
5,34216,True,A,B,1,1,A
5,34217,True,A,B,2,1,A
5,34218,True,B,A,2,1,B
5,34219,True,A,B,10,1,B
5,34220,True,B,A,10,1,B
5,34221,True,A,B,6,1,B
5,34222,True,A,B,0,1,A
5,34223,True,A,B,1,1,A
5,34224,True,A,B,2,1,A
5,34225,True,B,A,4,1,B
5,34226,True,A,B,6,1,B
5,34227,True,B,A,1,1,B
5,34228,True,A,B,3,1,B
5,34229,True,B,A,2,1,A
5,34230,True,B,A,10,1,B
5,34231,True,A,B,3,1,B
5,34232,True,B,A,0,1,A
5,34233,True,B,A,10,1,B
5,34234,True,A,B,2,1,A
5,34235,True,A,B,0,1,A
5,34236,True,B,A,1,1,A
5,34237,True,B,A,3,1,B
5,34238,True,A,B,2,1,A
5,34239,True,A,B,1,1,A
5,34240,True,A,B,4,1,B
5,34241,False,,,,,
5,34242,True,A,B,0,1,A
5,34243,True,A,B,1,1,B
5,34244,True,A,B,1,1,A
5,34245,True,A,B,2,0,B
5,34246,True,A,B,2,1,A
5,34247,False,,,,,
5,34248,True,B,A,2,1,B
5,34249,True,A,B,6,1,B
5,34250,True,A,B,1,1,A
5,34251,True,B,A,6,1,B
5,34252,True,A,B,1,2,A
5,34253,True,A,B,2,0,B
5,34254,True,A,B,1,1,A
5,34255,True,B,A,2,1,B
5,34256,True,B,A,1,2,A
5,34257,True,B,A,0,1,A
5,34258,True,B,A,1,1,A
5,34259,True,B,A,1,1,A
5,34260,True,B,A,6,1,B
5,34261,True,A,B,0,1,A
5,34262,True,A,B,2,1,B
5,34263,True,A,B,3,1,A
5,34264,True,B,A,3,1,B
5,34265,True,A,B,0,1,A
5,34266,True,B,A,10,1,B
5,34267,True,A,B,6,1,B
5,34268,True,A,B,6,1,B
5,34269,True,A,B,0,1,A
5,34270,True,A,B,3,1,B
5,34271,True,A,B,2,1,A
5,34272,True,A,B,2,1,B
5,34273,True,B,A,3,1,B
5,34274,False,,,,,
5,34275,True,A,B,3,1,A
5,34276,True,B,A,6,1,B
5,34277,True,A,B,6,1,B
5,34278,True,A,B,2,0,B
5,34279,True,B,A,3,1,B
5,34280,True,A,B,3,1,B
5,34281,True,A,B,2,1,A
5,34282,True,B,A,1,2,A
5,34283,True,B,A,2,1,B
5,34284,True,A,B,0,1,A
5,34285,True,B,A,6,1,B
5,34286,True,A,B,1,1,A
5,34287,True,A,B,3,1,B
5,34288,True,B,A,6,1,B
5,34289,True,A,B,1,2,A
5,34290,True,B,A,10,1,B
5,34291,True,A,B,3,1,B
5,34292,True,A,B,1,1,A
5,34293,True,B,A,10,1,B
5,34294,True,A,B,6,1,B
5,34295,True,A,B,2,1,B
5,34296,True,B,A,1,1,A
5,34297,True,B,A,0,1,A
5,34298,True,A,B,0,1,A
5,34299,True,A,B,1,1,A
5,34300,True,B,A,2,1,B
5,34301,True,B,A,2,0,B
5,34302,True,A,B,4,1,B
5,34303,True,B,A,6,1,B
5,34304,True,B,A,2,1,B
5,34305,True,B,A,0,1,A
5,34306,True,A,B,4,1,B
5,34307,True,B,A,6,1,B
5,34308,True,B,A,3,1,B
5,34309,True,A,B,4,1,B
5,34310,True,A,B,0,1,A
5,34311,True,A,B,0,1,A
5,34312,True,A,B,10,1,B
5,34313,True,B,A,6,1,B
5,34314,True,A,B,10,1,B
5,34315,True,A,B,10,1,B
5,34316,True,B,A,2,1,B
5,34317,True,B,A,1,1,A
5,34318,True,B,A,2,1,B
5,34319,True,B,A,6,1,B
5,34320,True,A,B,10,1,B
5,34321,True,B,A,4,1,B
5,34322,True,A,B,0,1,A
5,34323,True,A,B,3,1,B
5,34324,True,A,B,2,1,A
5,34325,True,B,A,2,1,B
5,34326,True,A,B,0,1,A
5,34327,True,A,B,3,1,B
5,34328,True,A,B,0,1,A
5,34329,True,A,B,1,1,A
5,34330,True,B,A,1,1,A
5,34331,True,A,B,0,1,A
5,34332,True,A,B,2,1,A
5,34333,True,A,B,2,0,B
5,34334,True,A,B,10,1,B
5,34335,True,A,B,6,1,B
5,34336,True,A,B,1,1,B
5,34337,True,B,A,0,1,A
5,34338,True,B,A,6,1,B
5,34339,True,A,B,4,1,B
5,34340,True,A,B,2,1,B
5,34341,True,B,A,6,1,B
5,34342,True,A,B,10,1,B
5,34343,True,B,A,1,1,A
5,34344,True,B,A,3,1,B
5,34345,True,A,B,0,1,A
5,34346,True,B,A,2,0,B
5,34347,True,B,A,1,2,A
5,34348,True,A,B,1,1,A
5,34349,True,B,A,4,1,B
5,34350,True,A,B,3,1,B
5,34351,True,A,B,6,1,B
5,34352,True,A,B,10,1,B
5,34353,True,A,B,1,1,A
5,34354,True,A,B,1,1,A
5,34355,True,A,B,10,1,B
5,34356,True,A,B,1,1,A
5,34357,True,A,B,1,1,A
5,34358,True,B,A,2,1,B
5,34359,True,A,B,4,1,B
5,34360,True,B,A,1,2,A
5,34361,True,A,B,1,1,A
5,34362,True,A,B,0,1,A
5,34363,True,A,B,0,1,A
5,34364,True,B,A,1,1,A
5,34365,True,A,B,1,1,A
5,34366,True,B,A,0,1,A
5,34367,True,B,A,0,1,A
5,34368,True,A,B,1,1,A
5,34369,True,A,B,0,1,A
5,34370,True,A,B,4,1,B
5,34371,True,B,A,10,1,B
5,34372,True,B,A,10,1,B
5,34373,False,,,,,
5,34374,True,A,B,2,1,B
5,34375,True,B,A,2,0,B
5,34376,True,B,A,10,1,B
5,34377,True,A,B,3,1,A
5,34378,True,B,A,10,1,B
5,34379,True,A,B,6,1,B
5,34380,True,A,B,1,1,A
5,34381,True,A,B,1,2,A
5,34382,True,B,A,2,1,B
5,34383,True,B,A,0,1,A
5,34384,True,A,B,4,1,B
5,34385,True,A,B,2,0,B
5,34386,True,B,A,2,1,A
5,34387,True,A,B,2,1,A
5,34388,True,B,A,2,1,A
5,34389,True,B,A,1,1,B
5,34390,True,B,A,10,1,B
5,34391,True,A,B,6,1,B
5,34392,True,B,A,4,1,B
5,34393,True,B,A,3,1,B
5,34394,True,A,B,4,1,B
5,34395,True,A,B,4,1,B
5,34396,True,A,B,1,1,A
5,34397,True,B,A,1,1,A
5,34398,True,B,A,2,1,A
5,34399,True,A,B,10,1,B
5,34400,True,A,B,3,1,B
5,34401,True,B,A,10,1,B
5,34402,True,B,A,1,1,A
5,34403,True,B,A,3,1,B
5,34404,True,A,B,0,1,A
5,34405,True,B,A,6,1,B
5,34406,True,B,A,4,1,B
5,34407,True,A,B,1,1,A
5,34408,True,A,B,1,2,A
5,34409,True,A,B,1,2,A
5,34410,True,A,B,2,1,B
5,34411,True,B,A,0,1,A
5,34412,True,A,B,4,1,B
5,34413,True,B,A,6,1,B
5,34414,True,B,A,10,1,B
5,34415,True,B,A,0,1,A
5,34416,True,B,A,10,1,B
5,34417,True,B,A,1,2,A
5,34418,True,B,A,1,2,A
5,34419,True,B,A,10,1,B
5,34420,True,B,A,1,2,A
5,34421,True,B,A,3,1,B
5,34422,True,B,A,6,1,B
5,34423,True,B,A,1,1,A
5,34424,True,A,B,4,1,B
5,34425,True,A,B,6,1,B
5,34426,False,,,,,
5,34427,True,B,A,0,1,A
5,34428,True,A,B,2,0,B
5,34429,True,A,B,1,2,A
5,34430,True,A,B,0,1,A
5,34431,True,B,A,4,1,B
5,34432,True,B,A,6,1,B
5,34433,True,A,B,4,1,B
5,34434,True,A,B,0,1,A
5,34435,True,B,A,1,2,A
5,34436,True,A,B,0,1,A
5,34437,True,A,B,10,1,B
5,34438,True,A,B,4,1,B
5,34439,True,B,A,4,1,B
5,34440,True,A,B,1,1,A
5,34441,True,B,A,3,1,B
5,34442,True,A,B,6,1,B
5,34443,True,B,A,10,1,B
5,34444,True,B,A,1,1,A
5,34445,True,B,A,0,1,A
5,34446,True,B,A,6,1,B
5,34447,True,A,B,2,0,B
5,34448,True,A,B,1,1,A
5,34449,False,,,,,
5,34450,True,B,A,3,1,B
5,34451,True,B,A,1,2,A
5,34452,True,A,B,4,1,B
5,34453,True,B,A,10,1,B
5,34454,True,B,A,6,1,B
5,34455,False,,,,,
5,34456,True,B,A,0,1,A
5,34457,True,A,B,2,1,A
5,34458,True,B,A,2,1,B
5,34459,True,B,A,10,1,B
5,34460,True,B,A,4,1,B
5,34461,True,B,A,10,1,B
5,34462,True,B,A,6,1,B
5,34463,True,A,B,3,1,B
5,34464,True,B,A,3,1,B
5,34465,True,B,A,1,2,A
5,34466,True,A,B,1,2,A
5,34467,True,A,B,2,0,B
5,34468,True,B,A,1,1,A
5,34469,True,B,A,1,1,A
5,34470,True,A,B,6,1,B
5,34471,True,A,B,2,1,A
5,34472,True,B,A,1,1,A
5,34473,True,A,B,10,1,B
5,34474,True,A,B,2,1,B
5,34475,True,B,A,4,1,B
5,34476,True,A,B,1,1,B
5,34477,True,A,B,0,1,A
5,34478,True,B,A,1,1,A
5,34479,True,B,A,3,1,B
5,34480,True,A,B,3,1,B
5,34481,True,B,A,10,1,B
5,34482,True,A,B,3,1,B
5,34483,True,B,A,1,2,A
5,34484,True,B,A,10,1,B
5,34485,True,B,A,0,1,A
5,34486,True,B,A,10,1,B
5,34487,True,B,A,4,1,B
5,34488,True,A,B,4,1,B
5,34489,True,A,B,1,1,A
5,34490,True,A,B,1,2,A
5,34491,True,B,A,6,1,B
5,34492,True,B,A,4,1,B
5,34493,True,B,A,2,0,B
5,34494,True,B,A,1,2,A
5,34495,True,B,A,2,1,A
5,34496,True,A,B,10,1,B
5,34497,True,A,B,1,1,A
5,34498,True,B,A,2,1,B
5,34499,True,B,A,1,2,B
5,34500,True,A,B,10,1,B
5,34501,True,B,A,10,1,B
5,34502,True,A,B,6,1,B
5,34503,True,A,B,3,1,B
5,34504,True,B,A,0,1,A
5,34505,True,B,A,1,1,B
5,34506,True,B,A,6,1,B
5,34507,True,B,A,2,1,A
5,34508,True,B,A,4,1,B
5,34509,True,B,A,3,1,B
5,34510,True,B,A,10,1,B
5,34511,True,A,B,2,1,B
5,34512,True,A,B,3,1,B
5,34513,True,B,A,0,1,A
5,34514,False,,,,,
5,34515,True,A,B,4,1,B
5,34516,True,B,A,4,1,B
5,34517,True,A,B,1,2,A
5,34518,True,A,B,2,1,B
5,34519,True,B,A,6,1,B
5,34520,True,B,A,4,1,B
5,34521,False,,,,,
5,34522,True,B,A,3,1,B
5,34523,True,B,A,6,1,B
5,34524,True,B,A,0,1,A
5,34525,True,B,A,0,1,A
5,34526,True,A,B,3,1,B
5,34527,True,A,B,6,1,B
5,34528,True,A,B,4,1,B
5,34529,True,B,A,3,1,B
5,34530,True,B,A,3,1,B
5,34531,True,A,B,2,0,B
5,34532,True,A,B,1,1,A
5,34533,True,B,A,3,1,B
5,34534,True,A,B,6,1,B
5,34535,True,A,B,4,1,B
5,34536,True,A,B,4,1,B
5,34537,True,A,B,2,1,A
5,34538,True,B,A,10,1,B
5,34539,True,A,B,10,1,B
5,34540,True,A,B,4,1,B
5,34541,True,B,A,1,1,B
5,34542,True,B,A,1,2,B
5,34543,True,B,A,1,2,A
5,34544,True,A,B,0,1,A
5,34545,True,A,B,1,1,A
5,34546,True,A,B,2,1,B
5,34547,True,B,A,1,1,A
5,34548,True,B,A,6,1,B
5,34549,True,B,A,0,1,A
5,34550,True,B,A,1,1,A
5,34551,True,B,A,10,1,B
5,34552,True,B,A,10,1,B
5,34553,True,B,A,6,1,B
5,34554,True,A,B,0,1,A
5,34555,True,B,A,1,1,B
5,34556,True,B,A,10,1,B
5,34557,True,B,A,0,1,A
5,34558,True,B,A,1,2,A
5,34559,True,A,B,4,1,B
5,34560,True,A,B,2,1,A
5,34561,True,A,B,6,1,B
5,34562,False,,,,,
5,34563,True,B,A,0,1,A
5,34564,True,A,B,0,1,A
5,34565,True,A,B,2,1,B
5,34566,True,B,A,4,1,B
5,34567,True,B,A,10,1,B
5,34568,True,B,A,0,1,A
5,34569,True,A,B,1,2,A
5,34570,True,A,B,1,2,B
5,34571,True,A,B,0,1,A
5,34572,True,A,B,1,2,A
5,34573,True,A,B,6,1,B
5,34574,True,B,A,2,1,B
5,34575,True,A,B,2,1,A
5,34576,True,B,A,10,1,B
5,34577,True,B,A,6,1,B
5,34578,False,,,,,
5,34579,True,B,A,2,1,A
5,34580,True,B,A,2,1,A
5,34581,True,B,A,4,1,B
5,34582,True,B,A,4,1,B
5,34583,True,A,B,3,1,B
5,34584,True,A,B,6,1,B
5,34585,True,A,B,6,1,B
5,34586,True,A,B,2,1,B
5,34587,True,B,A,0,1,A
5,34588,True,B,A,6,1,B
5,34589,True,A,B,6,1,B
5,34590,True,A,B,2,0,B
5,34591,True,B,A,2,1,B
5,34592,True,B,A,1,2,A
5,34593,True,A,B,3,1,B
5,34594,True,B,A,4,1,B
5,34595,True,B,A,2,1,A
5,34596,True,B,A,1,2,A
5,34597,True,B,A,2,1,A
5,34598,True,B,A,6,1,B
5,34599,True,B,A,3,1,B
5,34600,True,A,B,2,1,B
5,34601,True,A,B,2,0,B
5,34602,True,A,B,2,1,B
5,34603,True,B,A,1,2,A
5,34604,True,A,B,3,1,B
5,34605,True,A,B,2,1,A
5,34606,True,B,A,2,1,B
5,34607,True,A,B,1,1,A
5,34608,True,B,A,10,1,B
5,34609,True,A,B,2,0,B
5,34610,True,A,B,2,1,B
5,34611,True,A,B,10,1,B
5,34612,True,B,A,1,1,A
5,34613,True,B,A,0,1,A
5,34614,True,A,B,2,1,B
5,34615,True,A,B,2,1,B
5,34616,True,A,B,10,1,B
5,34617,True,A,B,4,1,B
5,34618,True,B,A,2,1,B
5,34619,True,A,B,1,2,A
5,34620,True,B,A,3,1,B
5,34621,True,A,B,0,1,A
5,34622,True,B,A,2,0,B
5,34623,True,A,B,4,1,B
5,34624,True,B,A,10,1,B
5,34625,True,B,A,3,1,B
5,34626,True,A,B,10,1,B
5,34627,True,B,A,4,1,B
5,34628,True,A,B,6,1,B
5,34629,True,A,B,3,1,B
5,34630,True,A,B,6,1,B
5,34631,True,B,A,1,2,A
5,34632,True,A,B,2,1,B
5,34633,True,B,A,6,1,B
5,34634,True,B,A,0,1,A
5,34635,True,A,B,10,1,B
5,34636,True,B,A,1,2,A
5,34637,True,B,A,2,1,B
5,34638,True,A,B,1,2,A
5,34639,True,A,B,0,1,A
5,34640,True,B,A,3,1,A
5,34641,True,A,B,0,1,A
5,34642,True,B,A,1,1,B
5,34643,True,B,A,10,1,B
5,34644,True,B,A,0,1,A
5,34645,True,B,A,0,1,A
5,34646,True,A,B,6,1,B
5,34647,True,A,B,6,1,B
5,34648,True,A,B,4,1,B
5,34649,True,B,A,6,1,B
5,34650,True,A,B,1,1,A
5,34651,True,B,A,6,1,B
5,34652,True,A,B,6,1,B
5,34653,True,B,A,6,1,B
5,34654,True,B,A,6,1,B
5,34655,True,A,B,1,2,A
5,34656,True,A,B,2,1,B
5,34657,True,A,B,0,1,A
5,34658,True,B,A,4,1,B
5,34659,True,A,B,2,1,B
5,34660,False,,,,,
5,34661,True,B,A,10,1,B
5,34662,True,B,A,3,1,A
5,34663,True,A,B,2,1,B
5,34664,True,B,A,2,1,A
5,34665,True,B,A,4,1,B
5,34666,True,A,B,1,2,A
5,34667,True,A,B,1,1,B
5,34668,True,A,B,1,2,A
5,34669,False,,,,,
5,34670,True,A,B,2,1,B
5,34671,True,B,A,2,1,A
5,34672,True,B,A,1,2,A
5,34673,True,B,A,4,1,B
5,34674,True,B,A,10,1,B
5,34675,True,B,A,1,2,A
5,34676,True,B,A,0,1,A
5,34677,True,B,A,0,1,A
5,34678,True,A,B,6,1,B
5,34679,True,A,B,10,1,B
5,34680,True,B,A,4,1,B
5,34681,True,A,B,10,1,B
5,34682,True,B,A,3,1,B
5,34683,True,B,A,10,1,B
5,34684,True,A,B,1,2,A
5,34685,True,A,B,4,1,B
5,34686,True,A,B,6,1,B
5,34687,True,A,B,0,1,A
5,34688,True,A,B,4,1,B
5,34689,True,B,A,2,1,A
5,34690,True,B,A,10,1,B
5,34691,True,A,B,2,0,B
5,34692,True,A,B,1,2,A
5,34693,True,A,B,3,1,B
5,34694,True,B,A,6,1,B
5,34695,True,B,A,2,1,A
5,34696,True,A,B,3,1,B
5,34697,True,B,A,2,1,B
5,34698,True,A,B,1,2,A
5,34699,True,A,B,4,1,B
5,34700,True,A,B,1,2,A
5,34701,True,B,A,4,1,B
5,34702,True,B,A,1,2,A
5,34703,True,A,B,3,1,B
5,34704,True,B,A,3,1,B
5,34705,True,A,B,1,1,A
5,34706,True,B,A,2,1,A
5,34707,True,A,B,1,1,A
5,34708,True,A,B,10,1,B
5,34709,True,B,A,4,1,B
5,34710,True,A,B,4,1,B
5,34711,True,B,A,0,1,A
5,34712,True,B,A,2,1,A
5,34713,True,B,A,10,1,B
5,34714,True,A,B,10,1,B
5,34715,True,B,A,2,0,B
5,34716,True,A,B,1,2,A
5,34717,True,A,B,0,1,A
5,34718,True,B,A,1,2,A
5,34719,True,B,A,3,1,B
5,34720,True,A,B,1,1,A
5,34721,True,B,A,2,0,B
5,34722,True,B,A,6,1,B
5,34723,True,B,A,1,1,A
5,34724,True,B,A,4,1,B
5,34725,True,B,A,2,1,A
5,34726,True,B,A,6,1,B
5,34727,False,,,,,
5,34728,True,A,B,0,1,A
5,34729,True,A,B,4,1,B
5,34730,True,A,B,0,1,A
5,34731,True,A,B,10,1,B
5,34732,True,B,A,6,1,B
5,34733,True,A,B,6,1,B
5,34734,True,B,A,4,1,B
5,34735,True,B,A,2,1,A
5,34736,False,,,,,
5,34737,True,A,B,1,1,A
5,34738,True,B,A,1,1,B
5,34739,True,A,B,1,2,A
5,34740,True,A,B,6,1,B
5,34741,True,A,B,2,1,A
5,34742,True,B,A,1,1,B
5,34743,True,A,B,1,1,A
5,34744,True,B,A,1,2,A
5,34745,True,A,B,10,1,B
5,34746,True,B,A,10,1,B
5,34747,True,B,A,2,0,B
5,34748,True,A,B,0,1,A
5,34749,True,A,B,4,1,B
5,34750,True,B,A,2,0,B
5,34751,True,A,B,2,0,B
5,34752,True,B,A,1,2,B
5,34753,True,B,A,1,1,A
5,34754,True,A,B,2,1,A
5,34755,True,A,B,4,1,A
5,34756,True,A,B,4,1,B
5,34757,True,A,B,4,1,B
5,34758,False,,,,,
5,34759,True,B,A,1,1,A
5,34760,True,B,A,4,1,B
5,34761,True,B,A,6,1,B
5,34762,True,A,B,10,1,B
5,34763,True,B,A,6,1,B
5,34764,True,B,A,0,1,A
5,34765,True,B,A,3,1,B
5,34766,True,A,B,0,1,A
5,34767,True,A,B,2,0,B
5,34768,True,A,B,3,1,B
5,34769,True,A,B,1,2,A
5,34770,True,B,A,10,1,B
5,34771,True,A,B,2,0,B
5,34772,True,A,B,2,1,B
5,34773,True,A,B,4,1,B
5,34774,True,B,A,1,2,A
5,34775,True,A,B,2,1,B
5,34776,True,A,B,1,2,A
5,34777,True,B,A,2,1,A
5,34778,True,A,B,0,1,A
5,34779,True,B,A,0,1,A
5,34780,True,B,A,0,1,A
5,34781,True,A,B,1,2,A
5,34782,True,B,A,2,1,A
5,34783,True,B,A,0,1,A
5,34784,True,B,A,10,1,B
5,34785,True,A,B,2,1,B
5,34786,True,A,B,2,0,B
5,34787,True,A,B,6,1,B
5,34788,True,B,A,1,1,A
5,34789,True,B,A,10,1,B
5,34790,True,B,A,1,2,A
5,34791,True,A,B,6,1,B
5,34792,True,A,B,4,1,B
5,34793,True,A,B,2,1,A
5,34794,True,B,A,6,1,B
5,34795,True,B,A,2,1,A
5,34796,True,A,B,6,1,B
5,34797,True,A,B,2,1,B
5,34798,True,B,A,0,1,A
5,34799,True,B,A,4,1,B
5,34800,True,B,A,2,1,A
5,34801,True,A,B,4,1,B
5,34802,True,B,A,2,1,A
5,34803,True,B,A,0,1,A
5,34804,True,B,A,0,1,A
5,34805,True,B,A,0,1,A
5,34806,True,B,A,2,0,B
5,34807,True,B,A,6,1,B
5,34808,True,B,A,6,1,B
5,34809,True,B,A,0,1,A
5,34810,True,B,A,2,1,A
5,34811,True,A,B,2,1,B
5,34812,True,A,B,1,2,B
5,34813,True,A,B,4,1,B
5,34814,True,A,B,3,1,B
5,34815,True,B,A,10,1,B
5,34816,True,A,B,4,1,B
5,34817,True,A,B,1,2,A
5,34818,True,A,B,4,1,B
5,34819,True,B,A,0,1,A
5,34820,True,A,B,6,1,B
5,34821,True,A,B,1,2,A
5,34822,True,B,A,6,1,B
5,34823,True,A,B,0,1,A
5,34824,True,A,B,6,1,B
5,34825,True,B,A,3,1,B
5,34826,True,B,A,6,1,B
5,34827,True,A,B,2,0,B
5,34828,True,B,A,1,2,A
5,34829,True,A,B,0,1,A
5,34830,True,A,B,10,1,B
5,34831,True,A,B,2,0,B
5,34832,True,B,A,3,1,A
5,34833,True,A,B,10,1,B
5,34834,True,A,B,1,1,A
5,34835,True,A,B,3,1,B
5,34836,True,B,A,1,2,A
5,34837,True,A,B,1,1,A
5,34838,True,A,B,4,1,B
5,34839,True,A,B,0,1,A
5,34840,False,,,,,
5,34841,False,,,,,
5,34842,True,A,B,2,0,B
5,34843,True,A,B,6,1,B
5,34844,True,B,A,10,1,B
5,34845,True,A,B,6,1,B
5,34846,True,A,B,1,2,A
5,34847,True,A,B,1,1,B
5,34848,False,,,,,
5,34849,True,B,A,3,1,B
5,34850,True,A,B,2,1,B
5,34851,True,A,B,10,1,B
5,34852,True,A,B,2,1,B
5,34853,True,A,B,2,0,B
5,34854,True,A,B,0,1,A
5,34855,True,A,B,3,1,B
5,34856,True,A,B,1,2,A
5,34857,True,B,A,1,2,A
5,34858,True,B,A,10,1,B
5,34859,True,A,B,0,1,A
5,34860,True,A,B,2,0,B
5,34861,True,B,A,0,1,A
5,34862,True,A,B,1,1,A
5,34863,True,A,B,3,1,A
5,34864,True,B,A,1,1,A
5,34865,True,A,B,3,1,B
5,34866,False,,,,,
5,34867,True,A,B,3,1,B
5,34868,False,,,,,
5,34869,True,B,A,10,1,B
5,34870,False,,,,,
5,34871,True,B,A,10,1,B
5,34872,True,B,A,0,1,A
5,34873,True,A,B,4,1,B
5,34874,True,B,A,1,1,A
5,34875,True,B,A,6,1,B
5,34876,True,B,A,10,1,B
5,34877,True,B,A,2,0,B
5,34878,True,A,B,2,0,B
5,34879,True,A,B,2,1,A
5,34880,True,B,A,2,1,A
5,34881,True,A,B,1,2,A
5,34882,True,B,A,6,1,B
5,34883,False,,,,,
5,34884,True,B,A,3,1,A
5,34885,True,A,B,4,1,B
5,34886,True,B,A,4,1,B
5,34887,True,B,A,6,1,B
5,34888,True,A,B,10,1,B
5,34889,True,A,B,1,1,A
5,34890,True,B,A,3,1,B
5,34891,True,A,B,6,1,B
5,34892,True,A,B,6,1,B
5,34893,True,B,A,1,2,A
5,34894,True,A,B,4,1,B
5,34895,True,A,B,1,2,A
5,34896,True,A,B,2,0,B
5,34897,True,A,B,3,1,B
5,34898,True,B,A,1,2,A
5,34899,True,B,A,1,2,B
5,34900,True,A,B,0,1,A
5,34901,True,A,B,3,1,A
5,34902,False,,,,,
5,34903,False,,,,,
5,34904,True,B,A,1,1,A
5,34905,True,A,B,0,1,A
5,34906,True,B,A,6,1,B
5,34907,True,B,A,6,1,B
5,34908,True,B,A,2,1,A
5,34909,True,A,B,10,1,B
5,34910,True,A,B,1,2,A
5,34911,True,A,B,2,1,A
5,34912,True,A,B,2,0,B
5,34913,True,A,B,2,1,B
5,34914,True,B,A,2,0,B
5,34915,True,A,B,10,1,B
5,34916,False,,,,,
5,34917,True,B,A,1,2,A
5,34918,True,A,B,4,1,B
5,34919,True,B,A,10,1,B
5,34920,True,A,B,1,2,A
5,34921,True,B,A,1,2,A
5,34922,True,A,B,0,1,A
5,34923,True,B,A,1,2,A
5,34924,True,B,A,1,1,A
5,34925,True,B,A,4,1,B
5,34926,True,A,B,1,1,A
5,34927,True,A,B,1,2,A
5,34928,True,B,A,2,1,A
5,34929,True,A,B,1,1,A
5,34930,True,B,A,1,1,A
5,34931,True,A,B,2,1,B
5,34932,True,B,A,10,1,B
5,34933,True,A,B,10,1,B
5,34934,True,A,B,1,2,A
5,34935,True,B,A,1,2,A
5,34936,True,B,A,6,1,B
5,34937,True,B,A,4,1,B
5,34938,True,B,A,0,1,A
5,34939,False,,,,,
5,34940,True,B,A,10,1,B
5,34941,True,A,B,1,1,B
5,34942,True,A,B,1,1,A
5,34943,True,A,B,1,1,A
5,34944,True,B,A,4,1,B
5,34945,True,A,B,2,1,B
5,34946,True,B,A,0,1,A
5,34947,True,B,A,1,1,A
5,34948,True,A,B,1,2,A
5,34949,True,B,A,2,0,B
5,34950,True,B,A,10,1,B
5,34951,True,B,A,4,1,B
5,34952,True,A,B,10,1,B
5,34953,True,B,A,0,1,A
5,34954,True,B,A,2,1,A
5,34955,True,B,A,0,1,A
5,34956,True,B,A,2,1,A
5,34957,True,B,A,0,1,A
5,34958,True,B,A,10,1,B
5,34959,True,B,A,3,1,B
5,34960,True,B,A,2,1,B
5,34961,True,B,A,3,1,B
5,34962,True,A,B,1,1,A
5,34963,True,A,B,2,1,B
5,34964,True,B,A,4,1,B
5,34965,True,B,A,1,2,A
5,34966,True,B,A,1,1,A
5,34967,True,A,B,0,1,A
5,34968,False,,,,,
5,34969,True,A,B,3,1,B
5,34970,True,B,A,1,2,A
5,34971,True,B,A,4,1,B
5,34972,True,B,A,3,1,B
5,34973,True,B,A,2,1,B
5,34974,True,A,B,10,1,B
5,34975,True,A,B,2,0,B
5,34976,True,B,A,6,1,B
5,34977,True,A,B,2,0,B
5,34978,True,A,B,1,2,A
5,34979,True,B,A,1,2,A
5,34980,True,B,A,1,1,A
5,34981,True,A,B,1,1,B
5,34982,True,A,B,6,1,B
5,34983,True,A,B,2,1,A
5,34984,True,A,B,2,1,B
5,34985,True,B,A,10,1,B
5,34986,True,A,B,10,1,B
5,34987,True,A,B,6,1,B
5,34988,True,B,A,3,1,B
5,34989,True,A,B,6,1,B
5,34990,True,A,B,3,1,B
5,34991,True,A,B,10,1,B
5,34992,True,A,B,3,1,B
5,34993,True,A,B,4,1,B
5,34994,True,A,B,1,2,A
5,34995,True,B,A,0,1,A
5,34996,True,A,B,4,1,B
5,34997,False,,,,,
5,34998,True,A,B,1,2,A
5,34999,True,A,B,10,1,B
5,35000,True,B,A,2,1,B
5,35001,True,A,B,10,1,B
5,35002,True,A,B,2,0,B
5,35003,True,A,B,1,2,A
5,35004,True,B,A,6,1,B
5,35005,True,B,A,2,0,B
5,35006,True,B,A,1,1,A
5,35007,True,B,A,3,1,B
5,35008,True,A,B,2,1,A
5,35009,True,B,A,1,2,B
5,35010,True,B,A,3,1,B
5,35011,True,B,A,1,2,A
5,35012,True,A,B,2,1,A
5,35013,True,B,A,1,2,A
5,35014,True,A,B,10,1,B
5,35015,True,B,A,6,1,B
5,35016,True,A,B,2,1,A
5,35017,True,B,A,6,1,B
5,35018,True,A,B,4,1,B
5,35019,True,B,A,4,1,B
5,35020,True,A,B,0,1,A
5,35021,True,B,A,4,1,B
5,35022,True,B,A,1,1,B
5,35023,True,B,A,1,2,A
5,35024,True,B,A,2,1,B
5,35025,False,,,,,
5,35026,True,B,A,2,0,B
5,35027,True,B,A,6,1,B
5,35028,True,A,B,2,1,B
5,35029,True,A,B,0,1,A
5,35030,True,A,B,4,1,B
5,35031,True,A,B,3,1,B
5,35032,True,B,A,1,2,A
5,35033,True,A,B,0,1,A
5,35034,True,A,B,3,1,B
5,35035,True,A,B,2,1,A
5,35036,True,A,B,4,1,B
5,35037,True,B,A,2,1,A
5,35038,True,A,B,3,1,B
5,35039,True,A,B,2,1,B
5,35040,True,A,B,3,1,B
5,35041,True,B,A,2,0,B
5,35042,True,A,B,3,1,B
5,35043,True,A,B,2,1,A
5,35044,True,B,A,0,1,A
5,35045,True,B,A,6,1,B
5,35046,True,A,B,2,1,B
5,35047,True,A,B,0,1,A
5,35048,True,B,A,3,1,B
5,35049,True,A,B,2,0,B
5,35050,True,A,B,6,1,B
5,35051,True,B,A,1,1,A
5,35052,True,B,A,2,0,B
5,35053,True,A,B,0,1,A
5,35054,True,A,B,3,1,B
5,35055,True,B,A,10,1,B
5,35056,True,A,B,10,1,B
5,35057,True,A,B,2,1,B
5,35058,True,A,B,0,1,A
5,35059,True,B,A,1,1,A
5,35060,True,A,B,0,1,A
5,35061,True,B,A,4,1,B
5,35062,True,A,B,2,1,B
5,35063,True,A,B,2,0,B
5,35064,True,A,B,1,2,A
5,35065,True,B,A,2,1,A
5,35066,True,B,A,10,1,B
5,35067,True,A,B,10,1,B
5,35068,True,A,B,2,0,B
5,35069,True,B,A,1,1,A
5,35070,True,B,A,2,1,B
5,35071,True,B,A,3,1,B
5,35072,True,B,A,10,1,B
5,35073,True,A,B,1,1,A
5,35074,True,A,B,1,1,A
5,35075,True,B,A,6,1,B
5,35076,True,B,A,1,1,B
5,35077,True,A,B,3,1,B
5,35078,True,A,B,6,1,B
5,35079,True,B,A,1,1,A
5,35080,True,B,A,1,2,A
5,35081,True,B,A,0,1,A
5,35082,True,A,B,6,1,B
5,35083,True,A,B,1,2,A
5,35084,False,,,,,
5,35085,True,A,B,10,1,B
5,35086,True,B,A,4,1,B
5,35087,True,A,B,1,1,B
5,35088,True,A,B,0,1,A
5,35089,True,B,A,1,2,A
5,35090,True,A,B,1,2,A
5,35091,True,A,B,1,1,B
5,35092,True,A,B,3,1,B
5,35093,True,A,B,2,1,A
5,35094,True,A,B,4,1,B
5,35095,True,B,A,4,1,B
5,35096,True,B,A,6,1,B
5,35097,True,A,B,3,1,B
5,35098,True,A,B,6,1,B
5,35099,True,A,B,6,1,B
5,35100,True,A,B,1,2,A
5,35101,True,B,A,1,1,A
5,35102,True,B,A,2,1,B
5,35103,False,,,,,
5,35104,True,B,A,0,1,A
5,35105,True,A,B,1,1,A
5,35106,True,B,A,3,1,B
5,35107,True,B,A,1,2,A
5,35108,True,A,B,1,1,A
5,35109,True,B,A,2,1,B
5,35110,True,A,B,3,1,B
5,35111,True,A,B,1,2,A
5,35112,True,A,B,6,1,B
5,35113,True,B,A,3,1,A
5,35114,True,A,B,1,2,A
5,35115,True,B,A,10,1,B
5,35116,True,B,A,2,1,A
5,35117,True,A,B,3,1,B
5,35118,True,B,A,6,1,B
5,35119,True,A,B,4,1,B
5,35120,True,B,A,10,1,B
5,35121,True,A,B,2,0,B
5,35122,True,A,B,10,1,B
5,35123,True,A,B,1,1,A
5,35124,True,A,B,6,1,B
5,35125,True,A,B,1,1,A
5,35126,False,,,,,
5,35127,True,A,B,1,2,A
5,35128,True,A,B,10,1,B
5,35129,False,,,,,
5,35130,True,B,A,4,1,B
5,35131,True,B,A,1,2,A
5,35132,True,A,B,4,1,B
5,35133,True,A,B,1,2,A
5,35134,True,B,A,3,1,A
5,35135,False,,,,,
5,35136,True,B,A,1,1,A
5,35137,True,B,A,10,1,B
5,35138,True,B,A,6,1,B
5,35139,False,,,,,
5,35140,True,B,A,2,1,B
5,35141,True,B,A,4,1,A
5,35142,True,A,B,2,0,B
5,35143,True,B,A,3,1,A
5,35144,True,B,A,6,1,B
5,35145,True,B,A,0,1,A
5,35146,True,B,A,1,1,A
5,35147,True,A,B,4,1,B
5,35148,True,A,B,2,1,A
5,35149,True,B,A,1,1,A
5,35150,True,A,B,4,1,B
5,35151,True,A,B,3,1,B
5,35152,True,B,A,0,1,A
5,35153,True,A,B,3,1,B
5,35154,True,B,A,4,1,B
5,35155,True,A,B,0,1,A
5,35156,True,B,A,3,1,B
5,35157,True,A,B,1,2,A
5,35158,True,A,B,3,1,B
5,35159,True,A,B,0,1,A
5,35160,True,B,A,0,1,A
5,35161,True,B,A,10,1,B
5,35162,True,A,B,2,1,B
5,35163,True,A,B,0,1,A
5,35164,True,B,A,3,1,B
5,35165,True,B,A,2,0,B
5,35166,True,A,B,4,1,B
5,35167,True,B,A,10,1,B
5,35168,True,A,B,1,1,A
5,35169,True,A,B,2,1,A
5,35170,True,A,B,0,1,A
5,35171,True,A,B,0,1,A
5,35172,True,A,B,2,1,B
5,35173,True,B,A,6,1,B
5,35174,True,A,B,2,1,A
5,35175,True,A,B,4,1,B
5,35176,True,A,B,2,1,B
5,35177,True,A,B,6,1,B
5,35178,True,B,A,2,0,B
5,35179,True,B,A,1,1,A
5,35180,True,B,A,1,1,A
5,35181,True,A,B,10,1,B
5,35182,True,B,A,6,1,B
5,35183,True,B,A,1,2,A
5,35184,True,A,B,4,1,A
5,35185,True,B,A,6,1,B
5,35186,True,B,A,10,1,B
5,35187,True,B,A,1,2,A
5,35188,True,B,A,0,1,A
5,35189,True,B,A,1,2,B
5,35190,True,B,A,1,1,A
5,35191,True,A,B,4,1,B
5,35192,True,B,A,1,1,A
5,35193,True,A,B,1,1,A
5,35194,True,B,A,6,1,B
5,35195,True,A,B,2,1,A
5,35196,True,A,B,10,1,B
5,35197,True,B,A,3,1,B
5,35198,True,A,B,3,1,A
5,35199,True,B,A,0,1,A
5,35200,True,B,A,1,1,B
5,35201,True,B,A,3,1,B
5,35202,True,B,A,1,2,A
5,35203,True,B,A,6,1,B
5,35204,True,A,B,1,2,A
5,35205,True,A,B,10,1,B
5,35206,True,A,B,4,1,B
5,35207,True,B,A,2,1,A
5,35208,True,A,B,2,0,B
5,35209,True,A,B,2,0,B
5,35210,True,B,A,6,1,B
5,35211,True,A,B,4,1,B
5,35212,True,B,A,2,1,A
5,35213,True,A,B,1,1,A
5,35214,True,A,B,10,1,B
5,35215,True,B,A,1,2,A
5,35216,True,A,B,0,1,A
5,35217,True,A,B,1,2,A
5,35218,True,B,A,6,1,B
5,35219,True,B,A,2,1,A
5,35220,True,A,B,4,1,B
5,35221,True,B,A,1,2,A
5,35222,True,B,A,1,1,A
5,35223,True,B,A,2,1,A
5,35224,True,A,B,2,0,B
5,35225,True,B,A,2,0,B
5,35226,True,A,B,6,1,B
5,35227,False,,,,,
5,35228,True,B,A,6,1,B
5,35229,True,A,B,4,1,A
5,35230,True,B,A,2,1,A
5,35231,True,A,B,2,1,B
5,35232,False,,,,,
5,35233,True,B,A,2,0,B
5,35234,True,A,B,4,1,B
5,35235,True,B,A,1,2,A
5,35236,True,A,B,6,1,B
5,35237,True,B,A,10,1,B
5,35238,True,B,A,3,1,B
5,35239,True,A,B,2,1,B
5,35240,True,B,A,0,1,A
5,35241,True,A,B,1,2,A
5,35242,True,B,A,6,1,B
5,35243,True,A,B,10,1,B
5,35244,True,A,B,0,1,A
5,35245,True,B,A,2,1,B
5,35246,True,B,A,3,1,A
5,35247,True,B,A,4,1,B
5,35248,True,B,A,2,0,B
5,35249,True,A,B,2,0,B
5,35250,True,A,B,2,0,B
5,35251,True,A,B,1,2,A
5,35252,True,A,B,0,1,A
5,35253,True,A,B,1,1,B
5,35254,True,B,A,6,1,B
5,35255,True,A,B,1,2,A
5,35256,True,A,B,2,1,A
5,35257,True,A,B,10,1,B
5,35258,True,A,B,1,1,A
5,35259,True,A,B,2,1,A
5,35260,True,A,B,1,1,A
5,35261,True,A,B,4,1,B
5,35262,True,A,B,2,1,A
5,35263,True,A,B,1,1,A
5,35264,True,A,B,1,2,A
5,35265,True,A,B,6,1,B
5,35266,True,A,B,2,1,A
5,35267,True,B,A,0,1,A
5,35268,True,A,B,4,1,B
5,35269,True,B,A,3,1,B
5,35270,True,A,B,2,1,A
5,35271,True,B,A,0,1,A
5,35272,True,A,B,2,0,B
5,35273,True,A,B,1,2,A
5,35274,True,B,A,2,1,B
5,35275,True,A,B,1,2,A
5,35276,True,A,B,0,1,A
5,35277,True,B,A,10,1,B
5,35278,True,A,B,0,1,A
5,35279,True,A,B,2,0,B
5,35280,True,A,B,3,1,A
5,35281,True,A,B,3,1,B
5,35282,True,B,A,1,1,A
5,35283,False,,,,,
5,35284,True,A,B,2,0,B
5,35285,True,B,A,4,1,B
5,35286,False,,,,,
5,35287,True,B,A,1,2,A
5,35288,True,B,A,2,0,B
5,35289,True,A,B,10,1,B
5,35290,True,A,B,1,2,A
5,35291,True,A,B,0,1,A
5,35292,True,A,B,0,1,A
5,35293,True,A,B,2,1,A
5,35294,True,B,A,3,1,B
5,35295,True,A,B,3,1,A
5,35296,False,,,,,
5,35297,True,A,B,3,1,B
5,35298,True,B,A,10,1,B
5,35299,True,B,A,3,1,B
5,35300,True,B,A,6,1,B
5,35301,True,A,B,0,1,A
5,35302,True,B,A,1,2,A
5,35303,True,A,B,1,1,B
5,35304,True,A,B,10,1,B
5,35305,True,A,B,0,1,A
5,35306,True,A,B,6,1,B
5,35307,True,B,A,4,1,B
5,35308,True,B,A,3,1,B
5,35309,True,A,B,0,1,A
5,35310,True,A,B,1,2,A
5,35311,True,A,B,2,1,B
5,35312,True,B,A,2,1,B
5,35313,True,A,B,1,2,A
5,35314,True,B,A,1,2,A
5,35315,True,A,B,1,1,A
5,35316,True,B,A,1,1,A
5,35317,True,B,A,1,1,A
5,35318,True,A,B,1,2,A
5,35319,True,B,A,10,1,B
5,35320,True,A,B,0,1,A
5,35321,True,B,A,2,1,A
5,35322,True,B,A,2,1,A
5,35323,True,B,A,2,1,B
5,35324,True,B,A,3,1,B
5,35325,True,A,B,10,1,B
5,35326,True,A,B,6,1,B
5,35327,True,B,A,1,1,B
5,35328,True,B,A,10,1,B
5,35329,True,B,A,1,1,A
5,35330,True,A,B,10,1,B
5,35331,True,B,A,6,1,B
5,35332,True,B,A,6,1,B
5,35333,True,B,A,6,1,B
5,35334,False,,,,,
5,35335,True,B,A,2,1,A
5,35336,True,A,B,1,2,A
5,35337,True,B,A,2,0,B
5,35338,True,B,A,2,1,B
5,35339,True,B,A,1,2,A
5,35340,True,B,A,1,2,A
5,35341,False,,,,,
5,35342,True,A,B,2,1,B
5,35343,True,B,A,2,0,B
5,35344,True,B,A,6,1,B
5,35345,True,B,A,1,2,A
5,35346,True,A,B,6,1,B
5,35347,True,A,B,2,0,B
5,35348,True,B,A,10,1,B
5,35349,True,B,A,3,1,B
5,35350,True,B,A,2,0,B
5,35351,True,B,A,2,1,A
5,35352,True,B,A,4,1,B
5,35353,True,A,B,4,1,B
5,35354,True,A,B,3,1,B
5,35355,True,A,B,10,1,B
5,35356,True,B,A,3,1,A
5,35357,True,A,B,0,1,A
5,35358,True,B,A,2,0,B
5,35359,True,B,A,6,1,B
5,35360,True,A,B,1,2,A
5,35361,True,B,A,3,1,B
5,35362,True,A,B,4,1,B
5,35363,True,B,A,2,1,B
5,35364,True,A,B,6,1,B
5,35365,True,B,A,2,0,B
5,35366,True,B,A,4,1,B
5,35367,True,B,A,10,1,B
5,35368,True,A,B,2,0,B
5,35369,True,B,A,0,1,A
5,35370,True,B,A,6,1,B
5,35371,True,B,A,10,1,B
5,35372,True,A,B,1,2,A
5,35373,True,B,A,10,1,B
5,35374,False,,,,,
5,35375,True,A,B,3,1,B
5,35376,True,A,B,2,1,A
5,35377,True,A,B,10,1,B
5,35378,True,A,B,1,2,A
5,35379,True,A,B,0,1,A
5,35380,True,A,B,0,1,A
5,35381,True,A,B,10,1,B
5,35382,True,B,A,6,1,B
5,35383,True,B,A,6,1,B
5,35384,True,A,B,2,1,A
5,35385,True,A,B,0,1,A
5,35386,True,A,B,1,2,A
5,35387,True,A,B,2,1,A
5,35388,True,A,B,0,1,A
5,35389,True,B,A,4,1,B
5,35390,True,A,B,1,1,A
5,35391,True,B,A,6,1,B
5,35392,True,B,A,2,1,B
5,35393,True,B,A,3,1,B
5,35394,True,B,A,2,1,A
5,35395,True,A,B,4,1,B
5,35396,True,A,B,6,1,B
5,35397,True,B,A,4,1,B
5,35398,True,A,B,4,1,B
5,35399,True,B,A,1,1,B
5,35400,True,B,A,1,2,A
5,35401,True,A,B,2,1,B
5,35402,True,A,B,0,1,A
5,35403,True,A,B,3,1,B
5,35404,True,A,B,4,1,A
5,35405,True,A,B,0,1,A
5,35406,True,B,A,2,1,B
5,35407,True,A,B,2,1,A
5,35408,False,,,,,
5,35409,True,B,A,0,1,A
5,35410,True,A,B,10,1,B
5,35411,False,,,,,
5,35412,True,B,A,1,2,A
5,35413,True,B,A,6,1,B
5,35414,True,B,A,4,1,B
5,35415,True,B,A,4,1,B
5,35416,True,B,A,10,1,B
5,35417,True,B,A,2,0,B
5,35418,True,A,B,2,0,B
5,35419,True,A,B,1,2,A
5,35420,True,B,A,1,1,A
5,35421,True,A,B,2,1,A
5,35422,True,B,A,6,1,B
5,35423,True,B,A,2,0,B
5,35424,True,B,A,0,1,A
5,35425,True,B,A,1,1,A
5,35426,True,A,B,4,1,A
5,35427,True,B,A,3,1,B
5,35428,True,B,A,1,1,A
5,35429,True,B,A,2,1,A
5,35430,True,A,B,4,1,B
5,35431,True,A,B,2,1,A
5,35432,True,B,A,0,1,A
5,35433,True,B,A,3,1,B
5,35434,True,A,B,2,1,A
5,35435,True,B,A,4,1,B
5,35436,True,B,A,0,1,A
5,35437,False,,,,,
5,35438,True,A,B,2,1,A
5,35439,True,B,A,1,1,B
5,35440,False,,,,,
5,35441,True,A,B,2,1,A
5,35442,True,A,B,2,0,B
5,35443,True,B,A,6,1,B
5,35444,True,B,A,0,1,A
5,35445,True,A,B,2,0,B
5,35446,True,B,A,4,1,B
5,35447,True,B,A,1,1,A
5,35448,True,A,B,10,1,B
5,35449,True,A,B,6,1,B
5,35450,True,A,B,3,1,B
5,35451,True,B,A,0,1,A
5,35452,True,B,A,1,1,A
5,35453,True,A,B,6,1,B
5,35454,True,A,B,6,1,B
5,35455,True,B,A,1,1,A
5,35456,True,A,B,1,2,A
5,35457,True,B,A,10,1,B
5,35458,True,B,A,1,2,A
5,35459,True,B,A,4,1,B
5,35460,True,A,B,1,2,A
5,35461,True,A,B,6,1,B
5,35462,True,A,B,6,1,B
5,35463,True,A,B,2,0,B
5,35464,True,B,A,6,1,B
5,35465,True,B,A,10,1,B
5,35466,True,B,A,2,1,B
5,35467,True,B,A,2,1,A
5,35468,True,A,B,0,1,A
5,35469,True,B,A,4,1,B
5,35470,True,A,B,3,1,B
5,35471,True,B,A,4,1,B
5,35472,True,A,B,4,1,B
5,35473,True,A,B,2,1,B
5,35474,True,A,B,10,1,B
5,35475,True,A,B,1,1,A
5,35476,True,A,B,2,1,B
5,35477,True,A,B,6,1,B
5,35478,True,B,A,4,1,B
5,35479,False,,,,,
5,35480,True,B,A,4,1,B
5,35481,True,A,B,10,1,B
5,35482,True,B,A,10,1,B
5,35483,True,A,B,2,0,B
5,35484,True,A,B,1,1,A
5,35485,True,A,B,1,1,B
5,35486,True,A,B,1,1,A
5,35487,True,B,A,6,1,B
5,35488,True,B,A,10,1,B
5,35489,True,B,A,1,2,A
5,35490,True,A,B,0,1,A
5,35491,True,B,A,6,1,B
5,35492,True,B,A,2,1,A
5,35493,True,B,A,1,2,A
5,35494,True,A,B,10,1,B
5,35495,True,B,A,0,1,A
5,35496,True,B,A,3,1,B
5,35497,True,A,B,1,1,A
5,35498,True,B,A,3,1,B
5,35499,True,B,A,0,1,A
5,35500,True,B,A,10,1,B
5,35501,True,B,A,4,1,B
5,35502,True,B,A,4,1,B
5,35503,True,A,B,1,2,A
5,35504,False,,,,,
5,35505,True,A,B,10,1,B
5,35506,True,B,A,2,1,A
5,35507,True,B,A,3,1,B
5,35508,True,A,B,3,1,B
5,35509,True,B,A,4,1,B
5,35510,True,A,B,1,2,A
5,35511,True,B,A,2,0,B
5,35512,True,B,A,4,1,B
5,35513,True,B,A,3,1,B
5,35514,True,B,A,3,1,B
5,35515,True,A,B,0,1,A
5,35516,True,A,B,0,1,A
5,35517,True,A,B,0,1,A
5,35518,True,B,A,1,1,A
5,35519,True,A,B,10,1,B
5,35520,True,B,A,6,1,B
5,35521,True,B,A,6,1,B
5,35522,True,A,B,1,1,A
5,35523,True,A,B,6,1,B
5,35524,True,B,A,2,0,B
5,35525,True,B,A,2,1,A
5,35526,True,A,B,2,1,A
5,35527,True,A,B,10,1,B
5,35528,True,A,B,4,1,B
5,35529,True,A,B,1,1,A
5,35530,True,A,B,1,1,A
5,35531,True,A,B,6,1,B
5,35532,True,B,A,0,1,A
5,35533,True,B,A,2,1,A
5,35534,True,A,B,10,1,B
5,35535,True,A,B,2,0,B
5,35536,True,B,A,2,1,B
5,35537,True,A,B,4,1,B
5,35538,True,A,B,10,1,B
5,35539,True,B,A,2,1,B
5,35540,True,A,B,10,1,B
5,35541,True,A,B,1,1,A
5,35542,False,,,,,
5,35543,True,A,B,10,1,B
5,35544,True,B,A,1,2,A
5,35545,True,A,B,3,1,B
5,35546,True,B,A,6,1,B
5,35547,True,B,A,0,1,A
5,35548,True,B,A,1,1,A
5,35549,True,B,A,2,0,B
5,35550,True,B,A,6,1,B
5,35551,True,B,A,3,1,B
5,35552,True,B,A,10,1,B
5,35553,True,A,B,4,1,B
5,35554,True,A,B,1,1,A
5,35555,True,A,B,3,1,B
5,35556,True,A,B,1,2,A
5,35557,True,B,A,10,1,B
5,35558,True,B,A,1,2,A
5,35559,True,B,A,6,1,B
5,35560,True,B,A,4,1,B
5,35561,True,B,A,3,1,B
5,35562,True,B,A,10,1,B
5,35563,True,B,A,3,1,B
5,35564,True,B,A,10,1,B
5,35565,True,A,B,4,1,B
5,35566,True,A,B,2,0,B
5,35567,True,B,A,3,1,B
5,35568,True,A,B,2,0,B
5,35569,True,A,B,4,1,B
5,35570,True,B,A,10,1,B
5,35571,True,A,B,1,2,A
5,35572,True,A,B,10,1,B
5,35573,True,B,A,3,1,B
5,35574,True,B,A,1,2,A
5,35575,True,B,A,2,1,A
5,35576,True,B,A,1,2,A
5,35577,True,A,B,10,1,B
5,35578,True,B,A,4,1,B
5,35579,True,B,A,1,2,A
5,35580,True,B,A,0,1,A
5,35581,True,A,B,10,1,B
5,35582,True,B,A,1,2,A
5,35583,True,B,A,4,1,B
5,35584,True,A,B,1,2,A
5,35585,True,B,A,1,1,A
5,35586,True,B,A,0,1,A
5,35587,True,A,B,0,1,A
5,35588,True,A,B,1,2,A
5,35589,True,B,A,1,2,A
5,35590,True,A,B,1,2,A
5,35591,True,B,A,0,1,A
5,35592,True,A,B,3,1,B
5,35593,True,A,B,10,1,B
5,35594,True,A,B,1,1,A
5,35595,True,A,B,2,1,A
5,35596,True,B,A,10,1,B
5,35597,True,A,B,1,2,A
5,35598,True,A,B,10,1,B
5,35599,True,B,A,3,1,B
5,35600,True,A,B,3,1,B
5,35601,True,A,B,2,0,B
5,35602,False,,,,,
5,35603,True,A,B,10,1,B
5,35604,True,A,B,2,0,B
5,35605,True,B,A,6,1,B
5,35606,True,A,B,2,1,A
5,35607,True,A,B,3,1,B
5,35608,True,A,B,0,1,A
5,35609,True,A,B,6,1,B
5,35610,True,B,A,1,1,A
5,35611,True,A,B,2,0,B
5,35612,True,B,A,2,1,B
5,35613,True,A,B,1,1,A
5,35614,True,A,B,3,1,B
5,35615,True,B,A,0,1,A
5,35616,True,B,A,4,1,B
5,35617,True,B,A,2,0,B
5,35618,True,A,B,4,1,B
5,35619,True,A,B,0,1,A
5,35620,True,B,A,10,1,B
5,35621,True,A,B,6,1,B
5,35622,True,A,B,0,1,A
5,35623,True,A,B,1,1,A
5,35624,True,B,A,0,1,A
5,35625,True,B,A,6,1,B
5,35626,True,B,A,1,1,A
5,35627,True,B,A,1,1,A
5,35628,False,,,,,
5,35629,True,A,B,10,1,B
5,35630,False,,,,,
5,35631,True,A,B,0,1,A
5,35632,True,B,A,0,1,A
5,35633,True,B,A,1,2,A
5,35634,True,B,A,6,1,B
5,35635,True,B,A,10,1,B
5,35636,True,B,A,3,1,B
5,35637,True,A,B,3,1,B
5,35638,True,B,A,10,1,B
5,35639,True,B,A,2,1,B
5,35640,True,B,A,3,1,B
5,35641,True,B,A,1,1,A
5,35642,True,B,A,0,1,A
5,35643,True,A,B,2,1,B
5,35644,True,B,A,2,1,B
5,35645,True,A,B,6,1,B
5,35646,True,B,A,1,1,B
5,35647,True,A,B,4,1,B
5,35648,True,A,B,2,1,A
5,35649,True,B,A,4,1,B
5,35650,True,A,B,3,1,A
5,35651,True,B,A,6,1,B
5,35652,True,A,B,1,2,A
5,35653,True,A,B,1,1,A
5,35654,True,B,A,0,1,A
5,35655,True,A,B,4,1,B
5,35656,True,A,B,1,2,B
5,35657,True,A,B,2,0,B
5,35658,True,A,B,2,0,B
5,35659,True,B,A,1,1,A
5,35660,True,B,A,2,0,B
5,35661,True,A,B,4,1,B
5,35662,True,B,A,1,2,A
5,35663,True,A,B,10,1,B
5,35664,True,B,A,4,1,B
5,35665,True,A,B,10,1,B
5,35666,True,B,A,3,1,B
5,35667,True,A,B,10,1,B
5,35668,True,B,A,0,1,A
5,35669,True,B,A,4,1,B
5,35670,True,A,B,6,1,B
5,35671,True,B,A,2,0,B
5,35672,True,B,A,1,2,A
5,35673,False,,,,,
5,35674,True,B,A,0,1,A
5,35675,False,,,,,
5,35676,True,B,A,10,1,B
5,35677,True,A,B,2,1,B
5,35678,True,A,B,4,1,B
5,35679,True,A,B,2,1,A
5,35680,True,A,B,2,1,B
5,35681,True,B,A,3,1,B
5,35682,True,A,B,0,1,A
5,35683,True,B,A,3,1,B
5,35684,True,B,A,3,1,B
5,35685,True,B,A,1,2,A
5,35686,True,A,B,3,1,B
5,35687,True,A,B,3,1,B
5,35688,True,A,B,2,1,A
5,35689,True,B,A,0,1,A
5,35690,True,A,B,10,1,B
5,35691,True,A,B,0,1,A
5,35692,True,A,B,0,1,A
5,35693,True,B,A,10,1,B
5,35694,True,A,B,10,1,B
5,35695,True,A,B,4,1,B
5,35696,True,A,B,4,1,B
5,35697,True,A,B,1,2,A
5,35698,True,A,B,3,1,B
5,35699,True,A,B,1,2,A
5,35700,False,,,,,
5,35701,True,B,A,1,1,A
5,35702,True,A,B,1,1,A
5,35703,True,A,B,1,1,A
5,35704,True,B,A,1,1,A
5,35705,True,A,B,0,1,A
5,35706,True,B,A,1,2,A
5,35707,True,B,A,6,1,B
5,35708,True,B,A,3,1,B
5,35709,True,B,A,1,2,A
5,35710,True,A,B,0,1,A
5,35711,True,A,B,3,1,B
5,35712,True,A,B,3,1,B
5,35713,True,B,A,10,1,B
5,35714,True,B,A,1,1,A
5,35715,False,,,,,
5,35716,True,A,B,2,1,B
5,35717,True,B,A,3,1,B
5,35718,True,B,A,2,0,B
5,35719,True,A,B,3,1,B
5,35720,True,B,A,1,2,A
5,35721,True,A,B,3,1,B
5,35722,True,A,B,10,1,B
5,35723,True,B,A,6,1,B
5,35724,False,,,,,
5,35725,True,B,A,10,1,B
5,35726,True,B,A,6,1,B
5,35727,True,A,B,2,0,B
5,35728,True,B,A,1,1,A
5,35729,True,A,B,1,1,A
5,35730,True,A,B,1,2,A
5,35731,True,B,A,2,1,A
5,35732,True,A,B,6,1,B
5,35733,True,A,B,1,2,A
5,35734,True,B,A,2,1,B
5,35735,True,B,A,6,1,B
5,35736,True,B,A,1,1,A
5,35737,True,B,A,6,1,B
5,35738,True,B,A,2,1,A
5,35739,True,A,B,6,1,B
5,35740,True,A,B,1,2,B
5,35741,True,B,A,6,1,B
5,35742,True,B,A,1,2,A
5,35743,True,B,A,1,1,A
5,35744,True,A,B,1,2,A
5,35745,True,B,A,1,2,A
5,35746,True,A,B,1,1,B
5,35747,True,B,A,3,1,A
5,35748,True,A,B,2,0,B
5,35749,True,A,B,2,0,B
5,35750,True,B,A,4,1,B
5,35751,True,B,A,1,1,A
5,35752,True,A,B,4,1,B
5,35753,True,A,B,1,1,A
5,35754,True,A,B,3,1,B
5,35755,True,A,B,1,1,A
5,35756,True,A,B,1,1,A
5,35757,True,A,B,2,0,B
5,35758,True,B,A,0,1,A
5,35759,True,B,A,4,1,B
5,35760,True,A,B,2,0,B
5,35761,True,B,A,1,1,A
5,35762,True,B,A,6,1,B
5,35763,True,A,B,2,0,B
5,35764,True,A,B,6,1,B
5,35765,True,A,B,4,1,B
5,35766,True,B,A,0,1,A
5,35767,True,B,A,1,2,A
5,35768,True,A,B,0,1,A
5,35769,True,B,A,3,1,B
5,35770,True,A,B,10,1,B
5,35771,True,B,A,6,1,B
5,35772,True,B,A,2,0,B
5,35773,True,B,A,0,1,A
5,35774,True,B,A,3,1,A
5,35775,True,B,A,2,1,B
5,35776,True,A,B,2,1,B
5,35777,True,B,A,1,1,A
5,35778,True,B,A,3,1,B
5,35779,True,B,A,4,1,B
5,35780,False,,,,,
5,35781,True,B,A,3,1,B
5,35782,True,A,B,1,1,A
5,35783,True,B,A,3,1,A
5,35784,True,B,A,1,1,A
5,35785,True,A,B,2,1,A
5,35786,False,,,,,
5,35787,True,A,B,1,2,A
5,35788,True,A,B,2,0,B
5,35789,True,B,A,1,1,A
5,35790,True,B,A,1,1,A
5,35791,True,A,B,3,1,B
5,35792,True,A,B,4,1,B
5,35793,True,B,A,10,1,B
5,35794,True,A,B,4,1,B
5,35795,True,B,A,1,1,A
5,35796,True,A,B,4,1,B
5,35797,True,A,B,4,1,B
5,35798,True,B,A,6,1,B
5,35799,True,B,A,2,1,B
5,35800,True,B,A,2,1,B
5,35801,True,B,A,4,1,B
5,35802,True,B,A,2,0,B
5,35803,True,A,B,4,1,B
5,35804,True,A,B,6,1,B
5,35805,True,B,A,3,1,B
5,35806,True,B,A,3,1,A
5,35807,True,A,B,1,1,A
5,35808,True,B,A,4,1,B
5,35809,True,A,B,4,1,B
5,35810,True,B,A,2,1,A
5,35811,False,,,,,
5,35812,True,B,A,2,0,B
5,35813,True,A,B,2,1,A
5,35814,True,A,B,6,1,B
5,35815,True,A,B,1,1,A
5,35816,True,A,B,4,1,B
5,35817,True,A,B,6,1,B
5,35818,True,B,A,10,1,B
5,35819,True,A,B,10,1,B
5,35820,True,A,B,0,1,A
5,35821,True,B,A,3,1,B
5,35822,True,B,A,0,1,A
5,35823,True,A,B,6,1,B
5,35824,True,B,A,1,2,A
5,35825,True,B,A,1,1,A
5,35826,True,A,B,0,1,A
5,35827,True,A,B,1,1,B
5,35828,True,A,B,1,1,B
5,35829,True,B,A,4,1,B
5,35830,True,A,B,3,1,B
5,35831,False,,,,,
5,35832,True,B,A,1,2,A
5,35833,True,A,B,3,1,B
5,35834,True,A,B,1,1,A
5,35835,True,B,A,2,0,B
5,35836,True,B,A,2,1,B
5,35837,True,A,B,1,1,A
5,35838,True,B,A,4,1,B
5,35839,False,,,,,
5,35840,True,A,B,4,1,B
5,35841,False,,,,,
5,35842,True,B,A,1,2,A
5,35843,True,B,A,10,1,B
5,35844,True,A,B,1,1,A
5,35845,True,B,A,3,1,B
5,35846,True,B,A,1,1,A
5,35847,True,B,A,1,2,A
5,35848,True,B,A,4,1,B
5,35849,True,A,B,1,2,A
5,35850,True,B,A,0,1,A
5,35851,True,A,B,0,1,A
5,35852,True,B,A,1,1,A
5,35853,True,A,B,2,1,B
5,35854,True,A,B,2,0,B
5,35855,True,B,A,0,1,A
5,35856,False,,,,,
5,35857,True,A,B,2,1,B
5,35858,True,A,B,3,1,B
5,35859,True,B,A,0,1,A
5,35860,True,B,A,1,1,A
5,35861,True,A,B,2,1,B
5,35862,True,A,B,1,2,A
5,35863,True,B,A,1,1,A
5,35864,True,A,B,3,1,A
5,35865,True,B,A,2,0,B
5,35866,True,B,A,0,1,A
5,35867,True,A,B,4,1,B
5,35868,True,B,A,6,1,B
5,35869,True,B,A,1,2,A
5,35870,True,A,B,2,1,A
5,35871,True,B,A,1,1,B
5,35872,True,B,A,10,1,B
5,35873,True,B,A,6,1,B
5,35874,True,A,B,10,1,B
5,35875,True,B,A,3,1,B
5,35876,True,A,B,0,1,A
5,35877,True,B,A,6,1,B
5,35878,True,A,B,2,1,A
5,35879,True,B,A,1,1,A
5,35880,True,A,B,1,2,A
5,35881,False,,,,,
5,35882,True,B,A,0,1,A
5,35883,True,A,B,10,1,B
5,35884,True,A,B,3,1,B
5,35885,True,B,A,1,2,A
5,35886,True,A,B,0,1,A
5,35887,True,A,B,2,0,B
5,35888,True,B,A,2,1,A
5,35889,True,A,B,10,1,B
5,35890,True,B,A,1,1,A
5,35891,True,B,A,0,1,A
5,35892,True,B,A,1,2,A
5,35893,True,A,B,1,2,A
5,35894,True,B,A,1,1,A
5,35895,True,B,A,10,1,B
5,35896,True,A,B,3,1,B
5,35897,True,A,B,2,1,A
5,35898,True,A,B,3,1,B
5,35899,True,A,B,1,2,A
5,35900,True,A,B,2,0,B
5,35901,True,A,B,2,1,A
5,35902,True,B,A,1,2,A
5,35903,False,,,,,
5,35904,True,B,A,2,1,B
5,35905,True,A,B,0,1,A
5,35906,True,B,A,0,1,A
5,35907,True,B,A,1,2,A
5,35908,True,A,B,10,1,B
5,35909,True,B,A,3,1,B
5,35910,True,B,A,3,1,B
5,35911,True,B,A,2,0,B
5,35912,False,,,,,
5,35913,True,A,B,4,1,B
5,35914,True,B,A,6,1,B
5,35915,True,A,B,0,1,A
5,35916,True,A,B,0,1,A
5,35917,True,A,B,1,1,A
5,35918,True,B,A,10,1,B
5,35919,True,B,A,2,1,B
5,35920,True,A,B,2,1,B
5,35921,True,A,B,0,1,A
5,35922,True,B,A,2,1,A
5,35923,True,B,A,1,2,A
5,35924,True,B,A,4,1,B
5,35925,True,A,B,3,1,B
5,35926,True,A,B,2,1,B
5,35927,True,A,B,0,1,A
5,35928,True,B,A,3,1,B
5,35929,True,B,A,1,1,A
5,35930,True,A,B,3,1,B
5,35931,True,A,B,2,0,B
5,35932,True,B,A,4,1,B
5,35933,True,A,B,10,1,B
5,35934,True,A,B,6,1,B
5,35935,True,B,A,3,1,B
5,35936,True,B,A,10,1,B
5,35937,True,A,B,1,2,A
5,35938,True,B,A,10,1,B
5,35939,True,B,A,3,1,B
5,35940,True,A,B,3,1,B
5,35941,True,A,B,6,1,B
5,35942,True,A,B,1,2,A
5,35943,True,B,A,2,0,B
5,35944,True,B,A,2,1,B
5,35945,False,,,,,
5,35946,True,B,A,2,0,B
5,35947,True,B,A,2,1,A
5,35948,True,B,A,10,1,B
5,35949,True,A,B,1,1,A
5,35950,True,A,B,2,0,B
5,35951,True,A,B,4,1,B
5,35952,True,B,A,1,1,B
5,35953,True,A,B,2,0,B
5,35954,True,A,B,1,1,A
5,35955,True,B,A,0,1,A
5,35956,True,A,B,1,1,A
5,35957,True,A,B,4,1,B
5,35958,True,A,B,4,1,B
5,35959,True,B,A,4,1,B
5,35960,True,B,A,1,2,A
5,35961,True,A,B,2,1,B
5,35962,True,B,A,1,2,A
5,35963,True,B,A,2,1,A
5,35964,True,B,A,0,1,A
5,35965,True,B,A,2,0,B
5,35966,True,B,A,1,2,A
5,35967,True,B,A,0,1,A
5,35968,True,B,A,2,0,B
5,35969,True,A,B,3,1,B
5,35970,True,A,B,3,1,B
5,35971,True,A,B,6,1,B
5,35972,True,B,A,6,1,B
5,35973,True,A,B,4,1,B
5,35974,True,A,B,1,2,A
5,35975,True,A,B,1,2,A
5,35976,True,B,A,2,1,A
5,35977,True,A,B,1,1,A
5,35978,True,B,A,4,1,B
5,35979,True,B,A,2,0,B
5,35980,True,B,A,4,1,A
5,35981,True,B,A,0,1,A
5,35982,False,,,,,
5,35983,True,A,B,1,2,A
5,35984,True,B,A,10,1,B
5,35985,True,B,A,0,1,A
5,35986,True,A,B,0,1,A
5,35987,True,B,A,1,1,A
5,35988,True,B,A,1,1,A
5,35989,True,B,A,0,1,A
5,35990,True,B,A,2,1,A
5,35991,True,A,B,1,1,A
5,35992,True,A,B,4,1,B
5,35993,True,A,B,1,2,A
5,35994,True,B,A,6,1,B
5,35995,True,B,A,2,0,B
5,35996,True,B,A,3,1,B
5,35997,True,B,A,10,1,B
5,35998,True,A,B,2,1,B
5,35999,True,B,A,4,1,B
5,36000,True,B,A,4,1,B
5,36001,True,B,A,1,2,A
5,36002,True,A,B,0,1,A
5,36003,True,A,B,0,1,A
5,36004,True,B,A,6,1,B
5,36005,True,B,A,0,1,A
5,36006,True,B,A,10,1,B
5,36007,True,B,A,4,1,B
5,36008,True,B,A,2,0,B
5,36009,True,B,A,10,1,B
5,36010,True,A,B,10,1,B
5,36011,True,A,B,1,2,A
5,36012,True,B,A,3,1,B
5,36013,True,A,B,6,1,B
5,36014,True,B,A,1,2,A
5,36015,True,B,A,6,1,B
5,36016,True,B,A,3,1,B
5,36017,True,B,A,3,1,B
5,36018,True,A,B,4,1,B
5,36019,True,B,A,4,1,B
5,36020,True,A,B,1,1,A
5,36021,True,B,A,4,1,B
5,36022,True,A,B,4,1,B
5,36023,True,B,A,3,1,B
5,36024,True,B,A,1,2,A
5,36025,True,A,B,2,0,B
5,36026,True,B,A,10,1,B
5,36027,True,B,A,6,1,B
5,36028,False,,,,,
5,36029,True,A,B,2,1,A
5,36030,False,,,,,
5,36031,True,A,B,4,1,B
5,36032,True,A,B,0,1,A
5,36033,True,A,B,3,1,B
5,36034,True,A,B,1,1,A
5,36035,True,B,A,0,1,A
5,36036,True,A,B,3,1,B
5,36037,True,A,B,2,1,B
5,36038,True,A,B,2,0,B
5,36039,True,B,A,1,2,A
5,36040,True,A,B,3,1,B
5,36041,True,A,B,10,1,B
5,36042,True,A,B,10,1,B
5,36043,True,B,A,1,2,A
5,36044,True,A,B,1,2,A
5,36045,True,A,B,0,1,A
5,36046,False,,,,,
5,36047,True,B,A,10,1,B
5,36048,True,A,B,4,1,B
5,36049,True,B,A,10,1,B
5,36050,True,B,A,1,2,A
5,36051,True,A,B,0,1,A
5,36052,True,A,B,10,1,B
5,36053,True,B,A,2,1,B
5,36054,True,B,A,10,1,B
5,36055,True,B,A,0,1,A
5,36056,True,B,A,3,1,B
5,36057,True,A,B,3,1,B
5,36058,True,A,B,2,0,B
5,36059,True,A,B,3,1,B
5,36060,True,A,B,3,1,B
5,36061,True,A,B,2,0,B
5,36062,True,A,B,6,1,B
5,36063,True,B,A,1,1,A
5,36064,True,A,B,4,1,B
5,36065,True,A,B,10,1,B
5,36066,True,B,A,1,1,B
5,36067,True,B,A,6,1,B
5,36068,True,B,A,0,1,A
5,36069,True,B,A,1,2,A
5,36070,True,A,B,6,1,B
5,36071,True,B,A,0,1,A
5,36072,False,,,,,
5,36073,True,A,B,2,1,B
5,36074,True,A,B,3,1,B
5,36075,True,A,B,0,1,A
5,36076,True,B,A,2,0,B
5,36077,True,B,A,6,1,B
5,36078,True,B,A,1,2,A
5,36079,True,A,B,4,1,B
5,36080,True,A,B,4,1,B
5,36081,True,A,B,3,1,B
5,36082,True,A,B,2,0,B
5,36083,True,A,B,2,1,A
5,36084,True,A,B,1,1,A
5,36085,True,B,A,6,1,B
5,36086,True,A,B,0,1,A
5,36087,True,B,A,2,0,B
5,36088,True,B,A,1,1,A
5,36089,True,B,A,2,1,A
5,36090,True,A,B,1,1,B
5,36091,True,B,A,6,1,B
5,36092,True,B,A,2,1,A
5,36093,True,B,A,6,1,B
5,36094,True,B,A,6,1,B
5,36095,True,B,A,1,2,A
5,36096,True,B,A,2,1,B
5,36097,True,A,B,0,1,A
5,36098,True,B,A,3,1,B
5,36099,True,B,A,6,1,B
5,36100,True,A,B,2,1,B
5,36101,True,A,B,2,1,B
5,36102,True,A,B,10,1,B
5,36103,True,B,A,1,1,A
5,36104,True,A,B,6,1,B
5,36105,False,,,,,
5,36106,True,A,B,6,1,B
5,36107,True,B,A,0,1,A
5,36108,True,B,A,4,1,B
5,36109,True,A,B,6,1,B
5,36110,True,A,B,1,1,A
5,36111,True,B,A,0,1,A
5,36112,True,B,A,6,1,B
5,36113,True,B,A,4,1,B
5,36114,True,A,B,1,2,A
5,36115,True,B,A,1,2,A
5,36116,True,A,B,0,1,A
5,36117,True,A,B,3,1,B
5,36118,True,A,B,2,1,B
5,36119,True,A,B,1,1,A
5,36120,True,B,A,6,1,B
5,36121,False,,,,,
5,36122,True,B,A,1,2,A
5,36123,True,B,A,4,1,B
5,36124,True,A,B,1,1,A
5,36125,True,A,B,2,1,B
5,36126,True,B,A,10,1,B
5,36127,True,B,A,4,1,B
5,36128,True,A,B,2,0,B
5,36129,True,A,B,1,1,A
5,36130,True,A,B,3,1,B
5,36131,True,B,A,2,1,A
5,36132,True,A,B,10,1,B
5,36133,True,A,B,1,1,A
5,36134,True,B,A,1,1,A
5,36135,True,B,A,10,1,B
5,36136,True,B,A,1,1,A
5,36137,True,A,B,3,1,B
5,36138,True,B,A,3,1,B
5,36139,True,A,B,1,2,A
5,36140,True,B,A,1,1,A
5,36141,True,A,B,3,1,B
5,36142,True,B,A,3,1,B
5,36143,True,B,A,4,1,B
5,36144,True,B,A,6,1,B
5,36145,True,B,A,0,1,A
5,36146,True,A,B,3,1,B
5,36147,True,A,B,6,1,B
5,36148,True,B,A,1,1,A
5,36149,True,B,A,1,2,A
5,36150,True,B,A,10,1,B
5,36151,True,B,A,1,2,A
5,36152,True,B,A,1,2,A
5,36153,True,A,B,6,1,B
5,36154,True,B,A,3,1,B
5,36155,False,,,,,
5,36156,True,B,A,0,1,A
5,36157,True,B,A,1,1,A
5,36158,True,B,A,10,1,B
5,36159,True,A,B,3,1,B
5,36160,True,B,A,1,1,A
5,36161,True,B,A,3,1,B
5,36162,True,B,A,2,1,A
5,36163,True,A,B,2,1,B
5,36164,True,A,B,6,1,B
5,36165,True,A,B,10,1,B
5,36166,True,A,B,6,1,B
5,36167,True,B,A,2,1,A
5,36168,True,B,A,1,1,A
5,36169,True,A,B,2,0,B
5,36170,True,B,A,10,1,B
5,36171,True,B,A,1,1,A
5,36172,True,B,A,3,1,B
5,36173,True,B,A,6,1,B
5,36174,True,B,A,6,1,B
5,36175,True,B,A,1,1,A
5,36176,True,B,A,0,1,A
5,36177,True,B,A,1,2,A
5,36178,True,B,A,2,1,B
5,36179,True,B,A,0,1,A
5,36180,True,A,B,3,1,B
5,36181,True,A,B,4,1,B
5,36182,True,A,B,6,1,B
5,36183,True,B,A,1,1,A
5,36184,True,A,B,10,1,B
5,36185,True,A,B,10,1,B
5,36186,True,A,B,1,2,A
5,36187,True,A,B,4,1,B
5,36188,True,B,A,4,1,B
5,36189,True,B,A,6,1,B
5,36190,True,B,A,1,1,A
5,36191,True,A,B,6,1,B
5,36192,True,B,A,1,2,A
5,36193,True,B,A,4,1,B
5,36194,True,A,B,4,1,B
5,36195,True,B,A,1,2,A
5,36196,True,B,A,4,1,B
5,36197,True,A,B,1,2,A
5,36198,True,B,A,2,0,B
5,36199,True,A,B,6,1,B
5,36200,True,A,B,2,0,B
5,36201,True,B,A,4,1,B
5,36202,True,A,B,1,2,A
5,36203,True,A,B,4,1,B
5,36204,True,B,A,1,2,A
5,36205,True,A,B,0,1,A
5,36206,True,B,A,1,1,A
5,36207,True,B,A,2,0,B
5,36208,True,B,A,2,0,B
5,36209,True,A,B,6,1,B
5,36210,True,A,B,1,2,A
5,36211,True,B,A,1,1,A
5,36212,True,A,B,1,2,A
5,36213,True,B,A,1,1,A
5,36214,True,A,B,2,0,B
5,36215,True,A,B,1,2,A
5,36216,True,A,B,3,1,B
5,36217,True,B,A,10,1,B
5,36218,True,B,A,10,1,B
5,36219,True,A,B,10,1,B
5,36220,True,B,A,4,1,B
5,36221,True,A,B,10,1,B
5,36222,True,B,A,2,1,A
5,36223,True,B,A,4,1,B
5,36224,True,A,B,6,1,B
5,36225,True,B,A,3,1,B
5,36226,True,B,A,4,1,B
5,36227,True,B,A,2,1,B
5,36228,True,B,A,2,1,B
5,36229,True,B,A,4,1,B
5,36230,True,A,B,1,1,A
5,36231,True,A,B,1,1,A
5,36232,True,B,A,1,1,B
5,36233,True,B,A,2,0,B
5,36234,True,A,B,4,1,B
5,36235,True,A,B,3,1,B
5,36236,True,B,A,0,1,A
5,36237,True,B,A,4,1,B
5,36238,True,B,A,10,1,B
5,36239,True,B,A,3,1,B
5,36240,True,B,A,2,0,B
5,36241,True,B,A,1,2,A
5,36242,True,A,B,2,0,B
5,36243,True,A,B,10,1,B
5,36244,True,A,B,4,1,B
5,36245,True,B,A,2,0,B
5,36246,True,A,B,4,1,B
5,36247,True,A,B,10,1,B
5,36248,True,A,B,1,2,A
5,36249,True,B,A,1,1,B
5,36250,True,A,B,1,1,A
5,36251,True,A,B,1,1,A
5,36252,True,B,A,0,1,A
5,36253,True,A,B,0,1,A
5,36254,True,A,B,1,1,A
5,36255,True,A,B,2,0,B
5,36256,True,A,B,3,1,B
5,36257,True,B,A,1,1,A
5,36258,True,B,A,2,1,A
5,36259,True,B,A,10,1,B
5,36260,True,A,B,10,1,B
5,36261,True,B,A,2,1,B
5,36262,True,A,B,1,1,B
5,36263,True,B,A,2,0,B
5,36264,True,A,B,1,2,A
5,36265,True,B,A,4,1,B
5,36266,True,B,A,1,2,A
5,36267,True,A,B,1,1,A
5,36268,True,A,B,4,1,B
5,36269,True,A,B,1,1,A
5,36270,True,B,A,1,2,A
5,36271,True,B,A,6,1,B
5,36272,True,A,B,1,1,A
5,36273,True,B,A,1,2,A
5,36274,True,B,A,2,1,A
5,36275,True,A,B,6,1,B
5,36276,True,B,A,2,1,B
5,36277,True,A,B,1,1,A
5,36278,True,B,A,2,0,B
5,36279,True,A,B,2,1,A
5,36280,False,,,,,
5,36281,True,B,A,1,1,A
5,36282,True,A,B,2,0,B
5,36283,True,B,A,10,1,B
5,36284,False,,,,,
5,36285,True,B,A,6,1,B
5,36286,True,B,A,2,0,B
5,36287,True,B,A,1,1,A
5,36288,True,A,B,3,1,B
5,36289,True,B,A,3,1,B
5,36290,True,A,B,4,1,B
5,36291,True,B,A,2,0,B
5,36292,False,,,,,
5,36293,True,B,A,1,2,A
5,36294,True,A,B,2,1,B
5,36295,True,A,B,0,1,A
5,36296,True,A,B,0,1,A
5,36297,True,B,A,3,1,B
5,36298,True,B,A,0,1,A
5,36299,True,A,B,0,1,A
5,36300,True,B,A,1,1,A
5,36301,True,B,A,0,1,A
5,36302,True,B,A,10,1,B
5,36303,True,A,B,3,1,B
5,36304,True,B,A,1,1,A
5,36305,True,B,A,4,1,B
5,36306,True,A,B,3,1,B
5,36307,True,A,B,4,1,B
5,36308,True,A,B,10,1,B
5,36309,True,A,B,3,1,B
5,36310,True,B,A,10,1,B
5,36311,True,A,B,2,1,B
5,36312,True,B,A,1,1,A
5,36313,True,B,A,10,1,B
5,36314,True,A,B,10,1,B
5,36315,True,B,A,3,1,B
5,36316,False,,,,,
5,36317,True,B,A,1,1,A
5,36318,True,B,A,3,1,B
5,36319,True,A,B,6,1,B
5,36320,True,A,B,2,1,A
5,36321,True,A,B,1,2,B
5,36322,True,A,B,1,1,B
5,36323,True,B,A,6,1,B
5,36324,True,A,B,2,1,B
5,36325,True,A,B,10,1,B
5,36326,False,,,,,
5,36327,True,A,B,3,1,B
5,36328,True,A,B,1,2,A
5,36329,True,A,B,2,0,B
5,36330,True,A,B,1,1,A
5,36331,True,B,A,10,1,B
5,36332,True,A,B,4,1,B
5,36333,True,A,B,2,0,B
5,36334,False,,,,,
5,36335,True,B,A,4,1,B
5,36336,True,B,A,1,1,A
5,36337,True,B,A,1,1,B
5,36338,True,B,A,4,1,B
5,36339,True,A,B,1,1,A
5,36340,True,B,A,10,1,B
5,36341,True,B,A,6,1,B
5,36342,True,A,B,3,1,B
5,36343,True,B,A,6,1,B
5,36344,True,B,A,1,1,A
5,36345,True,B,A,1,2,A
5,36346,True,A,B,0,1,A
5,36347,False,,,,,
5,36348,True,A,B,3,1,B
5,36349,True,B,A,2,1,A
5,36350,True,A,B,0,1,A
5,36351,True,B,A,0,1,A
5,36352,True,B,A,1,2,A
5,36353,True,B,A,1,1,A
5,36354,False,,,,,
5,36355,True,A,B,1,1,A
5,36356,True,A,B,1,2,A
5,36357,True,A,B,1,2,A
5,36358,True,A,B,2,0,B
5,36359,True,A,B,10,1,B
5,36360,True,A,B,4,1,B
5,36361,True,A,B,0,1,A
5,36362,True,A,B,4,1,B
5,36363,True,B,A,1,1,A
5,36364,True,A,B,10,1,B
5,36365,True,A,B,3,1,B
5,36366,True,A,B,4,1,B
5,36367,True,B,A,2,1,A
5,36368,True,A,B,0,1,A
5,36369,True,B,A,1,1,A
5,36370,True,B,A,0,1,A
5,36371,False,,,,,
5,36372,True,B,A,4,1,B
5,36373,True,B,A,4,1,B
5,36374,True,B,A,3,1,A
5,36375,True,A,B,3,1,B
5,36376,True,B,A,6,1,B
5,36377,True,A,B,4,1,B
5,36378,True,A,B,10,1,B
5,36379,True,A,B,10,1,B
5,36380,True,B,A,1,2,A
5,36381,True,B,A,3,1,B
5,36382,True,B,A,2,1,B
5,36383,True,B,A,10,1,B
5,36384,True,A,B,10,1,B
5,36385,True,A,B,6,1,B
5,36386,True,B,A,3,1,B
5,36387,True,A,B,0,1,A
5,36388,True,A,B,6,1,B
5,36389,True,B,A,2,1,A
5,36390,True,B,A,4,1,B
5,36391,True,B,A,6,1,B
5,36392,False,,,,,
5,36393,True,A,B,3,1,B
5,36394,True,A,B,3,1,B
5,36395,True,A,B,1,2,A
5,36396,True,A,B,1,1,A
5,36397,True,B,A,1,2,A
5,36398,True,B,A,3,1,A
5,36399,True,B,A,4,1,B
5,36400,True,A,B,1,2,A
5,36401,True,A,B,1,1,B
5,36402,True,B,A,1,2,A
5,36403,True,A,B,2,1,A
5,36404,True,B,A,0,1,A
5,36405,True,A,B,2,1,B
5,36406,True,B,A,1,1,A
5,36407,True,A,B,1,1,B
5,36408,True,A,B,2,1,B
5,36409,True,A,B,2,1,B
5,36410,True,B,A,3,1,A
5,36411,True,B,A,4,1,B
5,36412,True,A,B,4,1,B
5,36413,True,A,B,2,1,B
5,36414,True,A,B,3,1,B
5,36415,True,A,B,1,2,A
5,36416,True,B,A,1,2,A
5,36417,True,A,B,1,1,A
5,36418,True,B,A,3,1,B
5,36419,True,B,A,0,1,A
5,36420,True,A,B,2,1,A
5,36421,True,B,A,0,1,A
5,36422,True,B,A,0,1,A
5,36423,True,B,A,1,1,A
5,36424,True,A,B,1,1,A
5,36425,True,B,A,1,1,A
5,36426,True,B,A,10,1,B
5,36427,True,A,B,4,1,B
5,36428,True,A,B,0,1,A
5,36429,True,A,B,1,1,A
5,36430,True,B,A,6,1,B
5,36431,True,A,B,4,1,B
5,36432,True,B,A,4,1,B
5,36433,True,A,B,0,1,A
5,36434,True,B,A,1,1,A
5,36435,True,B,A,3,1,A
5,36436,True,B,A,2,0,B
5,36437,True,A,B,1,1,A
5,36438,True,B,A,1,1,A
5,36439,True,A,B,10,1,B
5,36440,True,B,A,2,0,B
5,36441,True,A,B,2,1,B
5,36442,True,B,A,10,1,B
5,36443,True,B,A,2,1,A
5,36444,True,A,B,2,1,A
5,36445,True,B,A,6,1,B
5,36446,True,B,A,0,1,A
5,36447,True,A,B,0,1,A
5,36448,True,A,B,3,1,B
5,36449,True,B,A,1,2,A
5,36450,True,B,A,2,1,A
5,36451,True,B,A,1,2,A
5,36452,True,B,A,1,1,A
5,36453,True,A,B,0,1,A
5,36454,True,A,B,2,0,B
5,36455,True,B,A,4,1,B
5,36456,True,A,B,10,1,B
5,36457,True,B,A,4,1,B
5,36458,True,A,B,10,1,B
5,36459,True,A,B,1,1,A
5,36460,True,A,B,0,1,A
5,36461,True,A,B,2,0,B
5,36462,True,B,A,2,1,A
5,36463,True,A,B,0,1,A
5,36464,True,B,A,2,0,B
5,36465,True,A,B,2,0,B
5,36466,True,B,A,4,1,B
5,36467,True,A,B,0,1,A
5,36468,False,,,,,
5,36469,True,B,A,1,2,A
5,36470,False,,,,,
5,36471,True,B,A,4,1,B
5,36472,True,A,B,2,1,A
5,36473,True,B,A,10,1,B
5,36474,True,A,B,1,1,A
5,36475,True,B,A,10,1,B
5,36476,True,B,A,1,2,A
5,36477,True,B,A,0,1,A
5,36478,True,A,B,1,2,A
5,36479,True,B,A,0,1,A
5,36480,True,B,A,1,1,A
5,36481,False,,,,,
5,36482,True,B,A,1,2,A
5,36483,True,A,B,6,1,B
5,36484,True,B,A,3,1,B
5,36485,True,A,B,4,1,B
5,36486,True,A,B,6,1,B
5,36487,True,B,A,1,1,A
5,36488,True,A,B,4,1,B
5,36489,True,A,B,10,1,B
5,36490,True,B,A,1,2,A
5,36491,True,B,A,6,1,B
5,36492,True,A,B,2,1,B
5,36493,True,A,B,10,1,B
5,36494,True,A,B,4,1,B
5,36495,True,B,A,10,1,B
5,36496,True,B,A,2,1,A
5,36497,True,A,B,1,1,A
5,36498,True,B,A,0,1,A
5,36499,True,A,B,2,1,B
5,36500,True,A,B,1,2,A
5,36501,True,A,B,0,1,A
5,36502,True,B,A,4,1,B
5,36503,True,B,A,2,1,B
5,36504,True,A,B,2,1,B
5,36505,True,B,A,4,1,B
5,36506,True,B,A,4,1,B
5,36507,True,A,B,2,0,B
5,36508,True,A,B,1,2,A
5,36509,True,B,A,6,1,B
5,36510,True,A,B,2,1,A
5,36511,True,B,A,1,2,A
5,36512,True,B,A,6,1,B
5,36513,True,A,B,2,1,B
5,36514,True,A,B,3,1,B
5,36515,True,A,B,1,1,A
5,36516,True,A,B,1,1,A
5,36517,True,A,B,1,2,A
5,36518,True,A,B,3,1,B
5,36519,True,A,B,3,1,A
5,36520,True,B,A,3,1,B
5,36521,True,A,B,6,1,B
5,36522,True,B,A,0,1,A
5,36523,True,B,A,6,1,B
5,36524,True,A,B,0,1,A
5,36525,True,A,B,1,1,A
5,36526,True,A,B,3,1,B
5,36527,True,B,A,2,0,B
5,36528,True,A,B,2,0,B
5,36529,True,B,A,1,1,A
5,36530,True,B,A,10,1,B
5,36531,True,B,A,10,1,B
5,36532,True,A,B,3,1,B
5,36533,True,A,B,4,1,B
5,36534,True,B,A,0,1,A
5,36535,True,B,A,6,1,B
5,36536,True,A,B,6,1,B
5,36537,True,B,A,1,1,A
5,36538,True,A,B,2,0,B
5,36539,True,B,A,1,2,A
5,36540,True,A,B,0,1,A
5,36541,True,A,B,1,2,A
5,36542,True,A,B,1,2,A
5,36543,True,A,B,1,1,A
5,36544,True,B,A,3,1,A
5,36545,True,A,B,3,1,B
5,36546,True,A,B,1,1,A
5,36547,True,B,A,4,1,B
5,36548,True,A,B,10,1,B
5,36549,True,B,A,1,1,A
5,36550,True,A,B,2,0,B
5,36551,True,A,B,4,1,B
5,36552,True,B,A,10,1,B
5,36553,True,B,A,10,1,B
5,36554,True,A,B,1,2,A
5,36555,True,A,B,2,1,B
5,36556,True,B,A,3,1,B
5,36557,True,B,A,0,1,A
5,36558,True,A,B,1,1,B
5,36559,True,B,A,3,1,B
5,36560,True,A,B,2,1,A
5,36561,True,A,B,3,1,B
5,36562,True,B,A,6,1,B
5,36563,True,B,A,10,1,B
5,36564,True,B,A,1,1,A
5,36565,True,B,A,2,1,B
5,36566,True,B,A,0,1,A
5,36567,True,B,A,3,1,A
5,36568,True,B,A,0,1,A
5,36569,True,A,B,6,1,B
5,36570,True,B,A,2,1,B
5,36571,True,A,B,3,1,B
5,36572,True,A,B,2,0,B
5,36573,True,B,A,0,1,A
5,36574,True,A,B,10,1,B
5,36575,True,A,B,1,1,A
5,36576,True,A,B,0,1,A
5,36577,True,B,A,3,1,B
5,36578,True,A,B,2,0,B
5,36579,True,A,B,2,1,A
5,36580,True,B,A,1,2,A
5,36581,True,B,A,6,1,B
5,36582,True,A,B,2,1,B
5,36583,True,A,B,1,2,A
5,36584,True,B,A,10,1,B
5,36585,True,A,B,2,0,B
5,36586,True,A,B,2,0,B
5,36587,True,A,B,1,2,A
5,36588,True,A,B,0,1,A
5,36589,True,A,B,10,1,B
5,36590,True,B,A,3,1,B
5,36591,True,B,A,3,1,A
5,36592,True,B,A,3,1,B
5,36593,True,A,B,6,1,B
5,36594,True,B,A,10,1,B
5,36595,True,B,A,2,1,A
5,36596,True,B,A,4,1,B
5,36597,True,A,B,0,1,A
5,36598,True,A,B,6,1,B
5,36599,True,B,A,3,1,B
5,36600,True,B,A,6,1,B
5,36601,True,A,B,4,1,B
5,36602,True,A,B,6,1,B
5,36603,True,A,B,1,2,A
5,36604,True,A,B,1,2,A
5,36605,True,B,A,1,1,A
5,36606,True,A,B,0,1,A
5,36607,True,B,A,2,1,B
5,36608,True,A,B,3,1,B
5,36609,True,A,B,2,1,A
5,36610,True,A,B,1,1,A
5,36611,True,B,A,3,1,B
5,36612,True,A,B,4,1,B
5,36613,True,B,A,4,1,B
5,36614,True,B,A,1,2,A
5,36615,True,B,A,3,1,B
5,36616,True,A,B,4,1,B
5,36617,True,A,B,2,1,B
5,36618,True,A,B,3,1,B
5,36619,True,A,B,10,1,B
5,36620,True,B,A,4,1,B
5,36621,True,A,B,6,1,B
5,36622,True,A,B,2,1,B
5,36623,True,A,B,2,1,B
5,36624,True,B,A,2,1,B
5,36625,True,A,B,2,1,B
5,36626,True,B,A,2,1,B
5,36627,True,A,B,2,0,B
5,36628,True,A,B,2,1,B
5,36629,True,A,B,3,1,A
5,36630,True,A,B,0,1,A
5,36631,False,,,,,
5,36632,True,A,B,0,1,A
5,36633,True,A,B,3,1,B
5,36634,True,A,B,2,0,B
5,36635,True,A,B,6,1,B
5,36636,True,A,B,3,1,B
5,36637,True,B,A,2,0,B
5,36638,True,B,A,0,1,A
5,36639,True,B,A,6,1,B
5,36640,True,A,B,10,1,B
5,36641,True,B,A,1,1,B
5,36642,True,A,B,3,1,B
5,36643,True,A,B,10,1,B
5,36644,True,A,B,6,1,B
5,36645,True,B,A,3,1,B
5,36646,True,A,B,2,1,B
5,36647,True,A,B,4,1,B
5,36648,True,A,B,0,1,A
5,36649,True,A,B,1,2,A
5,36650,True,A,B,1,2,A
5,36651,True,B,A,4,1,B
5,36652,True,A,B,1,2,A
5,36653,True,B,A,0,1,A
5,36654,True,A,B,2,1,B
5,36655,True,B,A,2,0,B
5,36656,True,A,B,6,1,B
5,36657,True,B,A,3,1,B
5,36658,True,B,A,1,1,A
5,36659,True,A,B,6,1,B
5,36660,True,B,A,10,1,B
5,36661,False,,,,,
5,36662,True,A,B,1,2,A
5,36663,True,B,A,10,1,B
5,36664,True,A,B,1,1,A
5,36665,True,B,A,2,1,B
5,36666,True,A,B,1,1,A
5,36667,True,B,A,2,1,B
5,36668,True,B,A,6,1,B
5,36669,True,B,A,6,1,B
5,36670,True,A,B,2,0,B
5,36671,True,B,A,2,1,B
5,36672,True,A,B,6,1,B
5,36673,True,A,B,2,1,A
5,36674,True,A,B,1,1,A
5,36675,True,B,A,2,0,B
5,36676,True,A,B,3,1,A
5,36677,True,B,A,2,0,B
5,36678,True,A,B,2,0,B
5,36679,True,A,B,3,1,B
5,36680,True,A,B,1,1,A
5,36681,True,A,B,0,1,A
5,36682,True,B,A,3,1,A
5,36683,True,A,B,1,1,A
5,36684,False,,,,,
5,36685,True,B,A,6,1,B
5,36686,True,A,B,4,1,B
5,36687,False,,,,,
5,36688,True,B,A,6,1,B
5,36689,True,A,B,10,1,B
5,36690,True,B,A,10,1,B
5,36691,True,B,A,6,1,B
5,36692,True,A,B,0,1,A
5,36693,True,B,A,1,1,A
5,36694,True,B,A,2,1,B
5,36695,True,A,B,1,1,A
5,36696,True,A,B,2,0,B
5,36697,True,B,A,0,1,A
5,36698,True,A,B,6,1,B
5,36699,True,A,B,10,1,B
5,36700,True,A,B,1,2,A
5,36701,True,B,A,6,1,B
5,36702,True,A,B,10,1,B
5,36703,True,A,B,6,1,B
5,36704,True,B,A,6,1,B
5,36705,True,B,A,10,1,B
5,36706,True,B,A,6,1,B
5,36707,True,A,B,4,1,B
5,36708,True,A,B,10,1,B
5,36709,True,A,B,4,1,B
5,36710,True,A,B,1,2,A
5,36711,True,B,A,6,1,B
5,36712,True,A,B,6,1,B
5,36713,True,B,A,2,1,B
5,36714,True,A,B,0,1,A
5,36715,True,A,B,6,1,B
5,36716,True,A,B,4,1,B
5,36717,True,B,A,1,1,A
5,36718,True,A,B,1,1,A
5,36719,True,A,B,1,1,A
5,36720,True,A,B,6,1,B
5,36721,True,B,A,10,1,B
5,36722,True,B,A,4,1,B
5,36723,True,B,A,0,1,A
5,36724,True,B,A,6,1,B
5,36725,True,B,A,6,1,B
5,36726,True,A,B,1,2,A
5,36727,True,B,A,3,1,A
5,36728,True,A,B,10,1,B
5,36729,True,A,B,3,1,A
5,36730,True,A,B,0,1,A
5,36731,True,B,A,0,1,A
5,36732,True,A,B,10,1,B
5,36733,True,A,B,2,0,B
5,36734,True,B,A,4,1,B
5,36735,True,B,A,3,1,B
5,36736,False,,,,,
5,36737,True,B,A,1,1,A
5,36738,True,B,A,4,1,B
5,36739,True,B,A,3,1,B
5,36740,True,A,B,2,0,B
5,36741,True,A,B,3,1,B
5,36742,True,B,A,2,0,B
5,36743,True,B,A,2,1,B
5,36744,True,B,A,0,1,A
5,36745,True,B,A,6,1,B
5,36746,False,,,,,
5,36747,True,A,B,1,1,A
5,36748,True,B,A,1,2,A
5,36749,True,A,B,6,1,B
5,36750,True,B,A,10,1,B
5,36751,True,B,A,2,0,B
5,36752,True,A,B,2,0,B
5,36753,True,A,B,0,1,A
5,36754,True,A,B,2,1,B
5,36755,True,A,B,4,1,B
5,36756,True,B,A,2,0,B
5,36757,True,B,A,3,1,B
5,36758,True,A,B,4,1,B
5,36759,False,,,,,
5,36760,True,A,B,1,2,A
5,36761,True,B,A,2,0,B
5,36762,True,B,A,4,1,B
5,36763,True,A,B,1,1,A
5,36764,True,A,B,1,1,A
5,36765,True,B,A,10,1,B
5,36766,True,A,B,4,1,B
5,36767,True,B,A,6,1,B
5,36768,True,A,B,10,1,B
5,36769,True,B,A,6,1,B
5,36770,True,A,B,2,1,A
5,36771,True,A,B,6,1,B
5,36772,True,A,B,6,1,B
5,36773,True,A,B,1,1,A
5,36774,True,B,A,10,1,B
5,36775,True,B,A,6,1,B
5,36776,True,A,B,10,1,B
5,36777,True,A,B,6,1,B
5,36778,True,A,B,1,2,A
5,36779,True,B,A,4,1,B
5,36780,True,A,B,1,2,A
5,36781,True,B,A,3,1,B
5,36782,True,B,A,2,1,B
5,36783,True,A,B,1,1,A
5,36784,True,B,A,3,1,B
5,36785,False,,,,,
5,36786,True,B,A,4,1,B
5,36787,True,A,B,1,2,A
5,36788,True,A,B,1,2,A
5,36789,False,,,,,
5,36790,True,B,A,2,1,B
5,36791,True,B,A,1,1,A
5,36792,True,A,B,1,1,A
5,36793,True,A,B,4,1,B
5,36794,True,B,A,4,1,B
5,36795,True,B,A,4,1,B
5,36796,True,B,A,2,0,B
5,36797,True,B,A,1,1,B
5,36798,True,B,A,6,1,B
5,36799,True,B,A,3,1,B
5,36800,True,B,A,2,1,B
5,36801,True,A,B,6,1,B
5,36802,True,B,A,1,2,A
5,36803,False,,,,,
5,36804,True,A,B,4,1,B
5,36805,True,B,A,10,1,B
5,36806,True,B,A,1,2,A
5,36807,True,B,A,0,1,A
5,36808,True,A,B,2,1,A
5,36809,True,B,A,6,1,B
5,36810,True,A,B,1,1,A
5,36811,True,B,A,0,1,A
5,36812,True,B,A,1,2,A
5,36813,True,B,A,6,1,B
5,36814,True,B,A,3,1,B
5,36815,True,B,A,2,0,B
5,36816,True,B,A,4,1,B
5,36817,True,B,A,2,1,B
5,36818,True,A,B,2,0,B
5,36819,True,A,B,2,1,B
5,36820,True,A,B,6,1,B
5,36821,True,A,B,1,1,A
5,36822,True,A,B,2,0,B
5,36823,True,A,B,3,1,B
5,36824,True,A,B,10,1,B
5,36825,True,B,A,1,2,A
5,36826,True,A,B,2,1,A
5,36827,True,B,A,1,1,B
5,36828,False,,,,,
5,36829,True,B,A,6,1,B
5,36830,True,A,B,3,1,B
5,36831,True,A,B,2,1,B
5,36832,True,A,B,0,1,A
5,36833,True,A,B,1,1,A
5,36834,True,A,B,2,1,B
5,36835,True,A,B,1,2,A
5,36836,True,A,B,10,1,B
5,36837,True,A,B,3,1,B
5,36838,True,B,A,2,0,B
5,36839,True,B,A,10,1,B
5,36840,True,B,A,1,1,A
5,36841,True,B,A,3,1,B
5,36842,True,A,B,1,2,A
5,36843,True,A,B,1,1,A
5,36844,False,,,,,
5,36845,True,A,B,6,1,B
5,36846,True,B,A,1,1,B
5,36847,True,B,A,1,1,A
5,36848,True,B,A,0,1,A
5,36849,True,A,B,6,1,B
5,36850,True,B,A,1,2,A
5,36851,True,B,A,0,1,A
5,36852,True,A,B,0,1,A
5,36853,True,A,B,1,1,B
5,36854,True,B,A,4,1,B
5,36855,True,A,B,10,1,B
5,36856,True,A,B,4,1,B
5,36857,True,B,A,4,1,B
5,36858,True,A,B,1,1,A
5,36859,False,,,,,
5,36860,True,A,B,6,1,B
5,36861,True,B,A,0,1,A
5,36862,True,A,B,10,1,B
5,36863,True,A,B,6,1,B
5,36864,True,B,A,4,1,B
5,36865,True,B,A,0,1,A
5,36866,True,B,A,10,1,B
5,36867,True,B,A,4,1,B
5,36868,True,A,B,2,1,A
5,36869,False,,,,,
5,36870,True,B,A,1,2,A
5,36871,True,A,B,10,1,B
5,36872,True,B,A,1,2,A
5,36873,True,A,B,6,1,B
5,36874,True,B,A,0,1,A
5,36875,True,A,B,4,1,B
5,36876,True,A,B,2,0,B
5,36877,True,A,B,2,0,B
5,36878,True,A,B,6,1,B
5,36879,True,A,B,1,2,A
5,36880,True,B,A,10,1,B
5,36881,True,B,A,1,2,A
5,36882,False,,,,,
5,36883,True,B,A,1,2,A
5,36884,True,A,B,2,0,B
5,36885,True,B,A,1,1,A
5,36886,True,B,A,1,1,A
5,36887,True,A,B,10,1,B
5,36888,True,A,B,1,1,A
5,36889,True,A,B,2,1,A
5,36890,True,B,A,0,1,A
5,36891,False,,,,,
5,36892,True,A,B,4,1,B
5,36893,True,B,A,10,1,B
5,36894,True,B,A,0,1,A
5,36895,True,A,B,1,1,A
5,36896,True,B,A,1,2,A
5,36897,True,B,A,6,1,B
5,36898,True,B,A,2,1,A
5,36899,True,A,B,2,0,B
5,36900,True,A,B,1,1,A
5,36901,True,A,B,0,1,A
5,36902,True,B,A,3,1,B
5,36903,True,A,B,3,1,B
5,36904,True,A,B,2,1,A
5,36905,True,A,B,1,2,A
5,36906,True,A,B,1,2,A
5,36907,False,,,,,
5,36908,True,A,B,10,1,B
5,36909,True,B,A,3,1,B
5,36910,True,A,B,1,2,A
5,36911,True,B,A,1,2,A
5,36912,True,A,B,1,2,A
5,36913,True,B,A,0,1,A
5,36914,True,B,A,10,1,B
5,36915,True,B,A,0,1,A
5,36916,True,A,B,1,1,A
5,36917,True,A,B,1,2,A
5,36918,True,B,A,1,1,A
5,36919,True,A,B,3,1,B
5,36920,True,B,A,10,1,B
5,36921,True,A,B,10,1,B
5,36922,True,A,B,1,1,A
5,36923,True,A,B,3,1,B
5,36924,True,A,B,0,1,A
5,36925,True,B,A,10,1,B
5,36926,True,A,B,2,1,B
5,36927,True,B,A,1,1,A
5,36928,True,B,A,0,1,A
5,36929,True,A,B,10,1,B
5,36930,True,B,A,1,1,A
5,36931,True,B,A,2,0,B
5,36932,True,B,A,4,1,B
5,36933,True,A,B,1,2,A
5,36934,True,A,B,4,1,B
5,36935,True,B,A,1,1,A
5,36936,True,B,A,0,1,A
5,36937,True,B,A,1,2,A
5,36938,True,B,A,10,1,B
5,36939,True,A,B,1,2,A
5,36940,True,A,B,2,1,A
5,36941,True,B,A,1,1,A
5,36942,True,B,A,10,1,B
5,36943,True,B,A,6,1,B
5,36944,True,A,B,4,1,B
5,36945,True,B,A,6,1,B
5,36946,True,A,B,1,2,A
5,36947,True,A,B,4,1,B
5,36948,True,B,A,1,2,A
5,36949,True,B,A,2,0,B
5,36950,True,B,A,0,1,A
5,36951,True,B,A,0,1,A
5,36952,True,A,B,1,1,A
5,36953,True,A,B,0,1,A
5,36954,True,A,B,6,1,B
5,36955,True,A,B,6,1,B
5,36956,True,B,A,2,0,B
5,36957,True,B,A,1,1,A
5,36958,True,B,A,0,1,A
5,36959,True,B,A,6,1,B
5,36960,True,B,A,0,1,A
5,36961,True,A,B,0,1,A
5,36962,True,B,A,6,1,B
5,36963,True,A,B,1,1,A
5,36964,True,B,A,0,1,A
5,36965,True,B,A,1,2,B
5,36966,True,B,A,4,1,B
5,36967,True,A,B,1,1,A
5,36968,True,A,B,1,1,A
5,36969,True,B,A,10,1,B
5,36970,True,B,A,1,1,B
5,36971,True,B,A,0,1,A
5,36972,True,B,A,4,1,B
5,36973,True,B,A,4,1,B
5,36974,True,A,B,1,2,A
5,36975,True,B,A,6,1,B
5,36976,True,B,A,10,1,B
5,36977,True,A,B,2,1,B
5,36978,True,A,B,0,1,A
5,36979,True,A,B,10,1,B
5,36980,True,B,A,2,1,B
5,36981,True,A,B,6,1,B
5,36982,True,B,A,1,2,A
5,36983,True,A,B,6,1,B
5,36984,True,B,A,4,1,B
5,36985,True,B,A,0,1,A
5,36986,True,A,B,3,1,B
5,36987,True,A,B,4,1,B
5,36988,True,A,B,4,1,B
5,36989,True,A,B,1,2,A
5,36990,True,B,A,4,1,B
5,36991,True,B,A,3,1,B
5,36992,True,B,A,1,1,A
5,36993,True,B,A,3,1,B
5,36994,True,A,B,0,1,A
5,36995,True,A,B,1,1,A
5,36996,True,A,B,3,1,B
5,36997,True,B,A,1,2,A
5,36998,True,B,A,3,1,B
5,36999,True,A,B,1,1,A
5,37000,False,,,,,
5,37001,True,A,B,10,1,B
5,37002,True,A,B,4,1,B
5,37003,True,A,B,2,0,B
5,37004,True,A,B,0,1,A
5,37005,True,B,A,2,1,A
5,37006,True,B,A,2,0,B
5,37007,True,A,B,1,2,A
5,37008,True,A,B,4,1,B
5,37009,True,B,A,10,1,B
5,37010,True,A,B,6,1,B
5,37011,True,A,B,0,1,A
5,37012,True,A,B,2,1,B
5,37013,True,A,B,3,1,B
5,37014,True,A,B,4,1,B
5,37015,True,B,A,3,1,B
5,37016,True,B,A,4,1,B
5,37017,True,A,B,10,1,B
5,37018,True,B,A,10,1,B
5,37019,True,B,A,0,1,A
5,37020,True,A,B,0,1,A
5,37021,True,A,B,6,1,B
5,37022,True,A,B,6,1,B
5,37023,True,B,A,3,1,A
5,37024,True,A,B,1,1,A
5,37025,True,B,A,6,1,B
5,37026,True,A,B,1,1,A
5,37027,True,A,B,4,1,B
5,37028,True,A,B,6,1,B
5,37029,True,B,A,3,1,A
5,37030,True,B,A,1,1,A
5,37031,True,B,A,3,1,B
5,37032,True,B,A,6,1,B
5,37033,True,A,B,2,1,B
5,37034,True,B,A,2,1,A
5,37035,True,A,B,1,2,A
5,37036,True,B,A,6,1,B
5,37037,True,B,A,2,1,A
5,37038,True,B,A,2,1,A
5,37039,True,B,A,1,2,A
5,37040,True,A,B,0,1,A
5,37041,True,A,B,6,1,B
5,37042,True,A,B,10,1,B
5,37043,True,B,A,1,2,A
5,37044,True,B,A,1,1,B
5,37045,True,A,B,2,0,B
5,37046,True,B,A,2,0,B
5,37047,True,A,B,1,2,A
5,37048,True,B,A,10,1,B
5,37049,True,A,B,0,1,A
5,37050,True,B,A,4,1,B
5,37051,True,B,A,2,1,A
5,37052,True,A,B,10,1,B
5,37053,True,B,A,2,1,A
5,37054,True,B,A,1,1,A
5,37055,True,B,A,6,1,B
5,37056,True,B,A,1,2,A
5,37057,True,B,A,0,1,A
5,37058,True,A,B,10,1,B
5,37059,True,A,B,3,1,B
5,37060,True,B,A,4,1,B
5,37061,True,B,A,6,1,B
5,37062,True,B,A,6,1,B
5,37063,True,B,A,10,1,B
5,37064,True,A,B,3,1,B
5,37065,True,B,A,6,1,B
5,37066,True,A,B,3,1,B
5,37067,True,A,B,3,1,B
5,37068,True,B,A,1,1,A
5,37069,True,A,B,6,1,B
5,37070,True,A,B,2,0,B
5,37071,True,B,A,2,0,B
5,37072,True,A,B,6,1,B
5,37073,True,B,A,0,1,A
5,37074,True,B,A,1,1,A
5,37075,True,B,A,2,0,B
5,37076,True,B,A,0,1,A
5,37077,True,B,A,10,1,B
5,37078,True,A,B,1,2,A
5,37079,True,B,A,1,2,A
5,37080,True,B,A,4,1,B
5,37081,True,A,B,6,1,B
5,37082,True,B,A,1,2,A
5,37083,True,B,A,4,1,B
5,37084,False,,,,,
5,37085,True,A,B,2,1,B
5,37086,True,B,A,1,2,A
5,37087,True,A,B,1,1,A
5,37088,True,A,B,6,1,B
5,37089,True,A,B,6,1,B
5,37090,True,A,B,2,1,B
5,37091,False,,,,,
5,37092,True,B,A,2,0,B
5,37093,True,B,A,2,1,B
5,37094,True,B,A,0,1,A
5,37095,True,B,A,2,0,B
5,37096,True,A,B,3,1,B
5,37097,False,,,,,
5,37098,True,A,B,4,1,B
5,37099,True,B,A,3,1,B
5,37100,True,A,B,4,1,B
5,37101,True,B,A,2,0,B
5,37102,True,B,A,10,1,B
5,37103,True,A,B,4,1,B
5,37104,True,A,B,3,1,B
5,37105,True,B,A,6,1,B
5,37106,True,B,A,1,1,B
5,37107,True,A,B,10,1,B
5,37108,True,B,A,4,1,B
5,37109,True,B,A,4,1,B
5,37110,True,A,B,1,1,A
5,37111,True,B,A,6,1,B
5,37112,True,A,B,1,1,B
5,37113,True,B,A,6,1,B
5,37114,True,B,A,2,1,B
5,37115,True,A,B,6,1,B
5,37116,True,A,B,1,1,A
5,37117,True,A,B,10,1,B
5,37118,True,A,B,1,1,A
5,37119,True,A,B,10,1,B
5,37120,True,A,B,0,1,A
5,37121,True,A,B,10,1,B
5,37122,True,A,B,2,1,A
5,37123,True,B,A,2,1,B
5,37124,True,B,A,1,1,B
5,37125,True,B,A,6,1,B
5,37126,True,A,B,1,1,A
5,37127,True,A,B,1,2,A
5,37128,True,B,A,3,1,B
5,37129,True,B,A,2,0,B
5,37130,True,B,A,1,1,A
5,37131,True,B,A,2,0,B
5,37132,True,A,B,1,1,A
5,37133,True,B,A,0,1,A
5,37134,True,A,B,6,1,B
5,37135,True,B,A,0,1,A
5,37136,True,B,A,3,1,B
5,37137,True,B,A,2,0,B
5,37138,True,A,B,1,1,A
5,37139,True,A,B,1,1,A
5,37140,True,B,A,0,1,A
5,37141,True,A,B,10,1,B
5,37142,True,B,A,1,2,A
5,37143,True,A,B,4,1,B
5,37144,True,A,B,2,1,A
5,37145,True,B,A,1,2,A
5,37146,True,B,A,2,0,B
5,37147,True,B,A,3,1,B
5,37148,True,B,A,10,1,B
5,37149,True,A,B,4,1,B
5,37150,True,A,B,0,1,A
5,37151,True,A,B,6,1,B
5,37152,True,B,A,6,1,B
5,37153,True,A,B,4,1,B
5,37154,True,B,A,1,1,A
5,37155,True,A,B,10,1,B
5,37156,True,A,B,6,1,B
5,37157,True,B,A,0,1,A
5,37158,True,B,A,6,1,B
5,37159,True,B,A,0,1,A
5,37160,True,B,A,4,1,B
5,37161,True,B,A,0,1,A
5,37162,False,,,,,
5,37163,True,A,B,0,1,A
5,37164,True,A,B,4,1,B
5,37165,True,A,B,1,2,A
5,37166,True,B,A,3,1,B
5,37167,True,A,B,0,1,A
5,37168,True,A,B,10,1,B
5,37169,True,A,B,4,1,B
5,37170,False,,,,,
5,37171,True,A,B,0,1,A
5,37172,True,B,A,2,1,A
5,37173,True,B,A,1,1,A
5,37174,True,B,A,2,0,B
5,37175,True,B,A,2,1,B
5,37176,True,A,B,0,1,A
5,37177,True,B,A,0,1,A
5,37178,True,B,A,2,0,B
5,37179,True,B,A,2,1,B
5,37180,True,B,A,3,1,B
5,37181,True,A,B,4,1,B
5,37182,True,B,A,2,1,A
5,37183,True,B,A,1,2,A
5,37184,True,A,B,2,0,B
5,37185,True,A,B,1,1,A
5,37186,True,A,B,0,1,A
5,37187,False,,,,,
5,37188,True,A,B,1,2,A
5,37189,True,B,A,10,1,B
5,37190,True,B,A,2,1,A
5,37191,True,B,A,4,1,B
5,37192,True,A,B,1,1,A
5,37193,True,A,B,4,1,B
5,37194,True,B,A,1,2,A
5,37195,True,A,B,10,1,B
5,37196,True,A,B,1,2,A
5,37197,True,A,B,4,1,B
5,37198,True,A,B,3,1,B
5,37199,True,A,B,0,1,A
5,37200,True,A,B,2,1,A
5,37201,True,B,A,6,1,B
5,37202,True,B,A,1,1,A
5,37203,True,A,B,4,1,B
5,37204,True,A,B,2,1,B
5,37205,True,B,A,1,1,A
5,37206,True,A,B,2,0,B
5,37207,True,B,A,6,1,B
5,37208,True,B,A,0,1,A
5,37209,True,B,A,1,2,A
5,37210,True,A,B,4,1,B
5,37211,True,B,A,3,1,B
5,37212,True,B,A,2,0,B
5,37213,True,B,A,10,1,B
5,37214,True,B,A,6,1,B
5,37215,True,A,B,2,1,B
5,37216,True,A,B,10,1,B
5,37217,True,B,A,4,1,B
5,37218,True,B,A,2,1,B
5,37219,True,A,B,1,2,A
5,37220,True,A,B,6,1,B
5,37221,True,A,B,1,1,A
5,37222,True,A,B,10,1,B
5,37223,True,B,A,1,1,A
5,37224,True,B,A,2,1,A
5,37225,True,B,A,1,1,A
5,37226,True,B,A,1,1,A
5,37227,True,B,A,0,1,A
5,37228,True,B,A,1,2,A
5,37229,True,A,B,1,1,A
5,37230,True,B,A,2,1,A
5,37231,True,A,B,1,1,A
5,37232,True,B,A,3,1,B
5,37233,True,B,A,3,1,B
5,37234,True,B,A,2,1,B
5,37235,True,A,B,6,1,B
5,37236,True,A,B,6,1,B
5,37237,True,A,B,0,1,A
5,37238,True,A,B,2,1,A
5,37239,True,B,A,2,1,A
5,37240,False,,,,,
5,37241,True,B,A,3,1,B
5,37242,True,B,A,2,1,A
5,37243,True,B,A,1,1,A
5,37244,True,A,B,6,1,B
5,37245,True,B,A,3,1,B
5,37246,True,B,A,1,1,A
5,37247,True,B,A,2,0,B
5,37248,True,B,A,10,1,B
5,37249,True,B,A,2,0,B
5,37250,True,B,A,3,1,B
5,37251,True,A,B,1,2,A
5,37252,True,B,A,1,1,A
5,37253,True,B,A,1,2,A
5,37254,True,B,A,6,1,B
5,37255,True,B,A,3,1,B
5,37256,True,B,A,10,1,B
5,37257,True,A,B,10,1,B
5,37258,True,B,A,3,1,B
5,37259,True,A,B,4,1,B
5,37260,True,B,A,6,1,B
5,37261,True,B,A,3,1,B
5,37262,True,B,A,2,1,B
5,37263,True,A,B,6,1,B
5,37264,True,A,B,10,1,B
5,37265,True,B,A,6,1,B
5,37266,True,A,B,3,1,B
5,37267,True,B,A,1,2,A
5,37268,True,B,A,0,1,A
5,37269,True,A,B,3,1,B
5,37270,True,A,B,0,1,A
5,37271,True,B,A,4,1,B
5,37272,True,B,A,2,1,A
5,37273,True,B,A,0,1,A
5,37274,True,B,A,4,1,B
5,37275,True,B,A,4,1,B
5,37276,True,A,B,6,1,B
5,37277,True,B,A,2,0,B
5,37278,True,A,B,1,2,A
5,37279,True,A,B,4,1,B
5,37280,True,B,A,4,1,B
5,37281,True,A,B,1,1,A
5,37282,True,A,B,4,1,B
5,37283,True,A,B,1,1,A
5,37284,True,A,B,10,1,B
5,37285,True,A,B,1,1,A
5,37286,True,B,A,0,1,A
5,37287,True,A,B,2,1,A
5,37288,True,B,A,1,2,A
5,37289,False,,,,,
5,37290,True,A,B,1,2,A
5,37291,False,,,,,
5,37292,True,A,B,1,1,A
5,37293,True,A,B,6,1,B
5,37294,True,A,B,3,1,B
5,37295,True,B,A,3,1,B
5,37296,True,A,B,10,1,B
5,37297,True,A,B,10,1,B
5,37298,True,B,A,1,1,A
5,37299,True,B,A,1,1,A
5,37300,True,B,A,6,1,B
5,37301,True,B,A,10,1,B
5,37302,True,A,B,4,1,B
5,37303,True,B,A,1,1,A
5,37304,True,A,B,3,1,B
5,37305,True,A,B,6,1,B
5,37306,True,A,B,2,0,B
5,37307,True,B,A,1,1,A
5,37308,True,A,B,0,1,A
5,37309,True,A,B,2,0,B
5,37310,True,A,B,1,1,A
5,37311,True,A,B,10,1,B
5,37312,True,B,A,1,1,A
5,37313,True,A,B,2,1,B
5,37314,True,A,B,4,1,B
5,37315,True,B,A,6,1,B
5,37316,True,B,A,4,1,B
5,37317,True,B,A,1,1,A
5,37318,True,B,A,6,1,B
5,37319,True,A,B,6,1,B
5,37320,True,A,B,2,0,B
5,37321,False,,,,,
5,37322,True,A,B,6,1,B
5,37323,True,B,A,1,1,A
5,37324,True,B,A,2,1,B
5,37325,True,A,B,10,1,B
5,37326,True,A,B,6,1,B
5,37327,True,B,A,3,1,B
5,37328,True,A,B,10,1,B
5,37329,True,A,B,3,1,B
5,37330,True,A,B,3,1,B
5,37331,True,B,A,2,0,B
5,37332,True,B,A,2,0,B
5,37333,True,A,B,0,1,A
5,37334,True,B,A,1,2,A
5,37335,False,,,,,
5,37336,True,B,A,1,2,A
5,37337,True,B,A,4,1,B
5,37338,True,A,B,6,1,B
5,37339,True,B,A,3,1,B
5,37340,False,,,,,
5,37341,True,A,B,1,1,A
5,37342,True,A,B,2,0,B
5,37343,True,B,A,1,1,A
5,37344,True,B,A,2,0,B
5,37345,True,A,B,1,2,A
5,37346,True,A,B,6,1,B
5,37347,True,B,A,0,1,A
5,37348,True,A,B,1,1,A
5,37349,True,B,A,2,0,B
5,37350,True,A,B,6,1,B
5,37351,True,B,A,6,1,B
5,37352,True,A,B,2,1,A
5,37353,True,B,A,6,1,B
5,37354,True,B,A,1,1,A
5,37355,True,A,B,2,0,B
5,37356,True,B,A,4,1,B
5,37357,True,B,A,1,1,A
5,37358,True,A,B,1,2,A
5,37359,True,A,B,6,1,B
5,37360,True,B,A,0,1,A
5,37361,True,A,B,0,1,A
5,37362,False,,,,,
5,37363,True,B,A,1,2,A
5,37364,True,B,A,1,2,A
5,37365,True,A,B,4,1,B
5,37366,True,B,A,2,0,B
5,37367,True,B,A,3,1,B
5,37368,True,B,A,10,1,B
5,37369,True,B,A,1,1,A
5,37370,True,A,B,10,1,B
5,37371,True,A,B,4,1,B
5,37372,True,B,A,2,1,B
5,37373,True,A,B,3,1,B
5,37374,True,A,B,6,1,B
5,37375,True,A,B,2,0,B
5,37376,True,B,A,0,1,A
5,37377,True,B,A,1,1,A
5,37378,True,A,B,1,1,B
5,37379,True,B,A,1,1,B
5,37380,True,A,B,4,1,B
5,37381,True,A,B,2,0,B
5,37382,True,B,A,10,1,B
5,37383,True,B,A,1,2,A
5,37384,True,A,B,6,1,B
5,37385,True,B,A,6,1,B
5,37386,True,A,B,2,0,B
5,37387,True,B,A,2,1,B
5,37388,True,A,B,2,0,B
5,37389,True,B,A,10,1,B
5,37390,True,A,B,10,1,B
5,37391,True,B,A,6,1,B
5,37392,True,A,B,0,1,A
5,37393,True,B,A,6,1,B
5,37394,True,B,A,0,1,A
5,37395,True,A,B,2,1,B
5,37396,True,B,A,1,2,A
5,37397,True,B,A,4,1,B
5,37398,True,B,A,2,1,B
5,37399,True,A,B,2,0,B
5,37400,True,B,A,1,2,A
5,37401,True,B,A,0,1,A
5,37402,True,B,A,2,0,B
5,37403,True,B,A,6,1,B
5,37404,True,B,A,10,1,B
5,37405,True,B,A,6,1,B
5,37406,True,A,B,0,1,A
5,37407,True,B,A,1,2,A
5,37408,True,A,B,0,1,A
5,37409,True,A,B,2,0,B
5,37410,True,A,B,0,1,A
5,37411,True,B,A,2,1,A
5,37412,True,A,B,3,1,B
5,37413,True,B,A,0,1,A
5,37414,True,B,A,3,1,B
5,37415,True,B,A,2,0,B
5,37416,True,A,B,6,1,B
5,37417,True,A,B,2,0,B
5,37418,True,B,A,6,1,B
5,37419,True,B,A,2,0,B
5,37420,True,A,B,4,1,B
5,37421,True,B,A,10,1,B
5,37422,False,,,,,
5,37423,True,B,A,3,1,B
5,37424,True,A,B,6,1,B
5,37425,True,B,A,1,2,A
5,37426,True,B,A,10,1,B
5,37427,True,A,B,1,1,B
5,37428,True,B,A,2,0,B
5,37429,True,B,A,6,1,B
5,37430,True,B,A,2,0,B
5,37431,True,B,A,6,1,B
5,37432,True,B,A,1,2,A
5,37433,False,,,,,
5,37434,True,A,B,2,0,B
5,37435,True,B,A,2,1,B
5,37436,True,B,A,3,1,B
5,37437,True,A,B,0,1,A
5,37438,True,B,A,10,1,B
5,37439,True,B,A,3,1,B
5,37440,True,B,A,4,1,B
5,37441,True,A,B,3,1,B
5,37442,True,B,A,1,1,A
5,37443,True,A,B,6,1,B
5,37444,True,A,B,4,1,B
5,37445,True,A,B,4,1,B
5,37446,True,B,A,2,1,A
5,37447,True,B,A,1,2,A
5,37448,True,A,B,3,1,A
5,37449,True,B,A,6,1,B
5,37450,True,B,A,0,1,A
5,37451,True,B,A,3,1,B
5,37452,True,B,A,1,2,A
5,37453,True,B,A,4,1,B
5,37454,True,B,A,4,1,B
5,37455,True,B,A,2,0,B
5,37456,True,A,B,6,1,B
5,37457,True,B,A,1,2,A
5,37458,True,A,B,2,0,B
5,37459,True,A,B,6,1,B
5,37460,True,B,A,1,1,A
5,37461,True,A,B,2,0,B
5,37462,True,A,B,1,1,A
5,37463,True,A,B,0,1,A
5,37464,True,A,B,10,1,B
5,37465,True,B,A,1,1,A
5,37466,True,A,B,10,1,B
5,37467,True,B,A,10,1,B
5,37468,True,A,B,0,1,A
5,37469,True,B,A,1,1,A
5,37470,True,A,B,10,1,B
5,37471,True,A,B,1,2,A
5,37472,True,B,A,1,1,A
5,37473,True,A,B,6,1,B
5,37474,True,A,B,1,1,B
5,37475,True,B,A,6,1,B
5,37476,True,B,A,6,1,B
5,37477,True,A,B,1,2,A
5,37478,True,B,A,0,1,A
5,37479,False,,,,,
5,37480,True,B,A,1,1,A
5,37481,True,B,A,1,2,A
5,37482,True,B,A,4,1,B
5,37483,True,A,B,1,1,A
5,37484,True,A,B,0,1,A
5,37485,True,B,A,3,1,B
5,37486,True,B,A,6,1,B
5,37487,True,B,A,6,1,B
5,37488,True,B,A,6,1,B
5,37489,True,B,A,1,2,A
5,37490,True,B,A,4,1,B
5,37491,True,A,B,1,1,A
5,37492,True,A,B,1,1,B
5,37493,True,B,A,1,1,A
5,37494,True,B,A,0,1,A
5,37495,True,B,A,6,1,B
5,37496,True,B,A,3,1,B
5,37497,True,A,B,1,2,A
5,37498,True,A,B,6,1,B
5,37499,True,B,A,4,1,B
5,37500,True,A,B,1,1,A
5,37501,True,A,B,0,1,A
5,37502,True,A,B,3,1,B
5,37503,True,B,A,6,1,B
5,37504,True,A,B,1,2,A
5,37505,True,A,B,0,1,A
5,37506,True,B,A,1,2,A
5,37507,True,B,A,2,1,B
5,37508,True,B,A,1,1,B
5,37509,True,A,B,4,1,B
5,37510,True,B,A,4,1,B
5,37511,True,A,B,1,1,A
5,37512,True,B,A,2,0,B
5,37513,True,B,A,0,1,A
5,37514,True,A,B,1,2,A
5,37515,True,B,A,4,1,B
5,37516,True,B,A,4,1,B
5,37517,True,B,A,0,1,A
5,37518,True,A,B,6,1,B
5,37519,True,B,A,1,1,B
5,37520,True,A,B,3,1,B
5,37521,True,A,B,2,0,B
5,37522,True,B,A,4,1,B
5,37523,True,B,A,6,1,B
5,37524,True,B,A,6,1,B
5,37525,True,A,B,0,1,A
5,37526,True,A,B,10,1,B
5,37527,True,B,A,3,1,B
5,37528,True,B,A,3,1,B
5,37529,False,,,,,
5,37530,True,B,A,4,1,B
5,37531,True,B,A,1,1,A
5,37532,True,A,B,1,2,A
5,37533,True,A,B,0,1,A
5,37534,True,A,B,6,1,B
5,37535,True,B,A,10,1,B
5,37536,True,B,A,1,1,A
5,37537,True,A,B,6,1,B
5,37538,True,A,B,4,1,B
5,37539,True,A,B,6,1,B
5,37540,True,A,B,3,1,B
5,37541,True,A,B,3,1,B
5,37542,True,A,B,6,1,B
5,37543,True,B,A,2,0,B
5,37544,True,A,B,2,1,B
5,37545,True,A,B,0,1,A
5,37546,True,B,A,10,1,B
5,37547,True,B,A,1,2,A
5,37548,True,B,A,0,1,A
5,37549,True,A,B,6,1,B
5,37550,True,A,B,3,1,A
5,37551,False,,,,,
5,37552,True,A,B,2,1,B
5,37553,True,B,A,10,1,B
5,37554,True,A,B,4,1,B
5,37555,False,,,,,
5,37556,True,B,A,6,1,B
5,37557,True,A,B,2,1,A
5,37558,True,B,A,2,1,B
5,37559,True,B,A,6,1,B
5,37560,True,A,B,3,1,A
5,37561,True,A,B,3,1,B
5,37562,True,B,A,6,1,B
5,37563,True,A,B,6,1,B
5,37564,True,A,B,4,1,A
5,37565,True,B,A,1,2,B
5,37566,True,A,B,6,1,B
5,37567,True,B,A,1,1,A
5,37568,True,A,B,1,2,A
5,37569,True,A,B,1,2,A
5,37570,True,A,B,3,1,A
5,37571,True,B,A,3,1,B
5,37572,True,B,A,1,1,A
5,37573,True,B,A,0,1,A
5,37574,True,B,A,0,1,A
5,37575,True,B,A,1,2,A
5,37576,True,A,B,3,1,B
5,37577,True,B,A,2,1,A
5,37578,True,A,B,2,1,A
5,37579,True,A,B,3,1,B
5,37580,True,B,A,2,1,B
5,37581,True,A,B,1,1,A
5,37582,True,B,A,10,1,B
5,37583,True,B,A,1,1,A
5,37584,True,B,A,1,2,A
5,37585,True,A,B,3,1,A
5,37586,True,B,A,6,1,B
5,37587,True,B,A,2,1,B
5,37588,True,A,B,6,1,B
5,37589,True,B,A,1,1,A
5,37590,True,B,A,0,1,A
5,37591,True,B,A,1,1,A
5,37592,True,A,B,0,1,A
5,37593,True,A,B,2,0,B
5,37594,True,A,B,3,1,B
5,37595,True,A,B,1,2,A
5,37596,True,A,B,6,1,B
5,37597,True,B,A,1,1,A
5,37598,True,B,A,2,0,B
5,37599,True,B,A,10,1,B
5,37600,True,B,A,6,1,B
5,37601,True,B,A,2,0,B
5,37602,True,B,A,2,1,A
5,37603,True,B,A,10,1,B
5,37604,True,A,B,0,1,A
5,37605,True,B,A,1,1,A
5,37606,True,A,B,10,1,B
5,37607,True,A,B,4,1,B
5,37608,True,A,B,0,1,A
5,37609,True,A,B,3,1,B
5,37610,True,B,A,2,0,B
5,37611,True,B,A,1,2,A
5,37612,True,A,B,3,1,B
5,37613,True,B,A,3,1,B
5,37614,True,A,B,3,1,B
5,37615,False,,,,,
5,37616,True,A,B,0,1,A
5,37617,True,B,A,2,0,B
5,37618,True,B,A,1,1,A
5,37619,True,B,A,1,2,A
5,37620,True,B,A,6,1,B
5,37621,True,A,B,2,1,B
5,37622,True,B,A,2,1,A
5,37623,True,B,A,2,1,B
5,37624,True,A,B,1,1,B
5,37625,False,,,,,
5,37626,True,B,A,10,1,B
5,37627,True,B,A,0,1,A
5,37628,True,B,A,0,1,A
5,37629,True,A,B,4,1,B
5,37630,True,A,B,4,1,B
5,37631,True,A,B,3,1,A
5,37632,True,A,B,3,1,B
5,37633,True,B,A,0,1,A
5,37634,True,A,B,0,1,A
5,37635,True,A,B,3,1,B
5,37636,True,A,B,1,1,A
5,37637,True,A,B,4,1,B
5,37638,True,A,B,10,1,B
5,37639,True,B,A,1,1,A
5,37640,True,A,B,0,1,A
5,37641,True,B,A,6,1,B
5,37642,True,A,B,0,1,A
5,37643,True,A,B,0,1,A
5,37644,True,A,B,1,1,A
5,37645,True,B,A,10,1,B
5,37646,True,B,A,0,1,A
5,37647,True,A,B,1,2,A
5,37648,True,B,A,1,1,A
5,37649,True,A,B,4,1,A
5,37650,True,A,B,1,1,A
5,37651,True,A,B,6,1,B
5,37652,True,A,B,10,1,B
5,37653,True,B,A,1,2,A
5,37654,True,A,B,2,1,B
5,37655,True,A,B,6,1,B
5,37656,True,A,B,4,1,B
5,37657,False,,,,,
5,37658,True,A,B,10,1,B
5,37659,True,B,A,6,1,B
5,37660,True,B,A,3,1,B
5,37661,True,B,A,4,1,B
5,37662,True,B,A,2,0,B
5,37663,True,A,B,1,2,A
5,37664,True,A,B,1,1,A
5,37665,True,A,B,0,1,A
5,37666,True,A,B,6,1,B
5,37667,True,B,A,2,1,A
5,37668,True,B,A,6,1,B
5,37669,True,B,A,1,2,A
5,37670,True,B,A,3,1,B
5,37671,True,B,A,10,1,B
5,37672,True,A,B,4,1,B
5,37673,True,A,B,6,1,B
5,37674,True,A,B,10,1,B
5,37675,True,B,A,1,2,A
5,37676,True,B,A,1,1,A
5,37677,True,A,B,2,0,B
5,37678,True,A,B,10,1,B
5,37679,True,A,B,3,1,B
5,37680,True,B,A,10,1,B
5,37681,True,B,A,0,1,A
5,37682,True,B,A,10,1,B
5,37683,True,B,A,2,1,A
5,37684,True,A,B,4,1,B
5,37685,True,A,B,4,1,B
5,37686,True,B,A,1,1,A
5,37687,True,A,B,0,1,A
5,37688,True,A,B,1,2,A
5,37689,True,B,A,4,1,B
5,37690,True,A,B,10,1,B
5,37691,True,B,A,1,1,A
5,37692,True,B,A,6,1,B
5,37693,True,B,A,2,1,B
5,37694,True,A,B,4,1,B
5,37695,True,A,B,2,1,B
5,37696,True,B,A,6,1,B
5,37697,True,A,B,2,1,A
5,37698,True,B,A,3,1,A
5,37699,True,A,B,2,1,B
5,37700,True,A,B,10,1,B
5,37701,True,B,A,6,1,B
5,37702,True,A,B,10,1,B
5,37703,True,A,B,0,1,A
5,37704,True,A,B,10,1,B
5,37705,True,A,B,4,1,B
5,37706,True,A,B,1,1,A
5,37707,True,B,A,3,1,B
5,37708,True,A,B,1,2,A
5,37709,True,A,B,0,1,A
5,37710,True,A,B,3,1,A
5,37711,True,B,A,3,1,B
5,37712,False,,,,,
5,37713,True,B,A,6,1,B
5,37714,False,,,,,
5,37715,True,A,B,1,1,A
5,37716,True,B,A,4,1,B
5,37717,True,A,B,0,1,A
5,37718,True,B,A,1,2,A
5,37719,True,B,A,1,1,A
5,37720,True,A,B,1,2,A
5,37721,True,A,B,2,0,B
5,37722,True,A,B,0,1,A
5,37723,True,A,B,10,1,B
5,37724,True,B,A,0,1,A
5,37725,True,A,B,1,1,A
5,37726,True,A,B,10,1,B
5,37727,False,,,,,
5,37728,True,B,A,2,0,B
5,37729,True,A,B,2,1,A
5,37730,True,B,A,1,2,A
5,37731,True,A,B,4,1,B
5,37732,True,B,A,3,1,B
5,37733,True,B,A,4,1,B
5,37734,True,A,B,0,1,A
5,37735,True,A,B,2,1,A
5,37736,True,A,B,0,1,A
5,37737,True,A,B,10,1,B
5,37738,True,A,B,0,1,A
5,37739,True,B,A,1,1,A
5,37740,True,B,A,1,2,B
5,37741,True,B,A,2,0,B
5,37742,True,A,B,1,2,A
5,37743,True,A,B,2,1,A
5,37744,True,B,A,2,1,A
5,37745,True,B,A,4,1,B
5,37746,True,A,B,1,1,A
5,37747,True,A,B,10,1,B
5,37748,True,B,A,6,1,B
5,37749,True,B,A,3,1,B
5,37750,True,A,B,10,1,B
5,37751,True,A,B,3,1,B
5,37752,True,B,A,10,1,B
5,37753,True,A,B,1,1,A
5,37754,True,A,B,4,1,B
5,37755,True,A,B,4,1,B
5,37756,True,B,A,10,1,B
5,37757,True,A,B,6,1,B
5,37758,True,B,A,4,1,A
5,37759,True,A,B,0,1,A
5,37760,True,B,A,1,1,A
5,37761,True,B,A,4,1,B
5,37762,True,A,B,3,1,B
5,37763,True,A,B,3,1,B
5,37764,True,B,A,1,2,A
5,37765,True,A,B,1,2,A
5,37766,True,B,A,2,1,A
5,37767,True,A,B,3,1,B
5,37768,True,A,B,2,1,A
5,37769,True,B,A,0,1,A
5,37770,True,A,B,10,1,B
5,37771,True,B,A,3,1,B
5,37772,True,A,B,3,1,B
5,37773,True,B,A,3,1,A
5,37774,True,A,B,1,1,A
5,37775,True,A,B,1,2,A
5,37776,True,B,A,2,1,A
5,37777,True,A,B,1,2,A
5,37778,True,A,B,0,1,A
5,37779,True,A,B,1,1,A
5,37780,True,A,B,0,1,A
5,37781,True,A,B,4,1,B
5,37782,True,A,B,1,2,A
5,37783,True,A,B,10,1,B
5,37784,True,A,B,0,1,A
5,37785,True,A,B,0,1,A
5,37786,True,B,A,3,1,A
5,37787,True,A,B,1,1,B
5,37788,True,B,A,6,1,B
5,37789,False,,,,,
5,37790,True,A,B,10,1,B
5,37791,True,A,B,2,1,A
5,37792,True,A,B,2,1,B
5,37793,True,A,B,1,1,A
5,37794,True,B,A,1,1,B
5,37795,True,A,B,2,1,B
5,37796,True,B,A,2,1,B
5,37797,True,B,A,1,2,A
5,37798,True,A,B,1,2,A
5,37799,True,B,A,1,2,A
5,37800,True,A,B,1,1,A
5,37801,True,A,B,1,2,A
5,37802,True,A,B,4,1,B
5,37803,True,B,A,6,1,B
5,37804,True,B,A,4,1,B
5,37805,True,B,A,2,0,B
5,37806,True,B,A,10,1,B
5,37807,True,A,B,1,2,A
5,37808,True,A,B,3,1,B
5,37809,True,B,A,6,1,B
5,37810,True,A,B,1,1,B
5,37811,True,A,B,4,1,B
5,37812,True,B,A,0,1,A
5,37813,True,A,B,3,1,B
5,37814,True,A,B,2,1,B
5,37815,True,B,A,10,1,B
5,37816,True,B,A,10,1,B
5,37817,True,A,B,1,1,A
5,37818,True,B,A,3,1,B
5,37819,True,A,B,6,1,B
5,37820,True,A,B,1,2,A
5,37821,True,B,A,0,1,A
5,37822,True,B,A,2,1,A
5,37823,True,A,B,2,0,B
5,37824,True,B,A,6,1,B
5,37825,True,A,B,3,1,B
5,37826,True,B,A,6,1,B
5,37827,True,A,B,3,1,B
5,37828,True,B,A,1,2,A
5,37829,True,A,B,3,1,B
5,37830,True,B,A,1,1,A
5,37831,True,B,A,3,1,B
5,37832,True,A,B,3,1,B
5,37833,True,B,A,4,1,B
5,37834,True,A,B,6,1,B
5,37835,True,B,A,2,1,A
5,37836,True,B,A,4,1,B
5,37837,True,B,A,2,1,A
5,37838,True,B,A,2,1,A
5,37839,True,A,B,10,1,B
5,37840,True,A,B,6,1,B
5,37841,True,A,B,1,2,A
5,37842,True,B,A,3,1,B
5,37843,True,B,A,6,1,B
5,37844,True,B,A,10,1,B
5,37845,True,B,A,2,0,B
5,37846,True,A,B,10,1,B
5,37847,True,B,A,4,1,B
5,37848,True,B,A,1,2,A
5,37849,True,A,B,2,1,B
5,37850,True,B,A,3,1,B
5,37851,True,B,A,2,0,B
5,37852,True,A,B,1,1,A
5,37853,True,B,A,3,1,B
5,37854,True,A,B,1,2,A
5,37855,True,B,A,1,2,A
5,37856,True,B,A,6,1,B
5,37857,True,A,B,1,2,A
5,37858,True,A,B,10,1,B
5,37859,True,B,A,4,1,B
5,37860,True,B,A,2,1,A
5,37861,True,B,A,3,1,B
5,37862,True,B,A,1,2,A
5,37863,True,A,B,2,1,B
5,37864,True,A,B,2,0,B
5,37865,True,A,B,2,0,B
5,37866,True,B,A,6,1,B
5,37867,True,A,B,3,1,B
5,37868,True,A,B,0,1,A
5,37869,True,A,B,3,1,B
5,37870,True,B,A,10,1,B
5,37871,True,B,A,2,1,A
5,37872,True,B,A,0,1,A
5,37873,True,A,B,6,1,B
5,37874,True,B,A,3,1,B
5,37875,True,B,A,4,1,B
5,37876,True,A,B,4,1,B
5,37877,True,A,B,2,1,A
5,37878,True,A,B,10,1,B
5,37879,True,A,B,10,1,B
5,37880,True,B,A,2,1,B
5,37881,True,A,B,3,1,B
5,37882,True,B,A,2,1,A
5,37883,True,B,A,2,1,A
5,37884,True,A,B,3,1,A
5,37885,True,B,A,2,1,B
5,37886,True,B,A,1,2,A
5,37887,True,A,B,10,1,B
5,37888,True,B,A,10,1,B
5,37889,True,B,A,1,2,A
5,37890,True,B,A,4,1,B
5,37891,True,B,A,3,1,B
5,37892,True,B,A,10,1,B
5,37893,True,A,B,3,1,B
5,37894,True,A,B,10,1,B
5,37895,True,A,B,4,1,B
5,37896,True,B,A,3,1,B
5,37897,True,B,A,10,1,B
5,37898,True,A,B,1,2,A
5,37899,True,B,A,1,2,A
5,37900,True,B,A,4,1,B
5,37901,True,A,B,1,2,A
5,37902,True,A,B,4,1,B
5,37903,True,B,A,3,1,B
5,37904,True,B,A,2,1,A
5,37905,True,A,B,2,1,B
5,37906,False,,,,,
5,37907,True,A,B,6,1,B
5,37908,True,A,B,3,1,B
5,37909,True,B,A,2,1,A
5,37910,True,A,B,1,1,A
5,37911,True,A,B,1,2,A
5,37912,True,A,B,3,1,B
5,37913,False,,,,,
5,37914,True,A,B,10,1,B
5,37915,True,A,B,1,1,A
5,37916,True,A,B,1,2,A
5,37917,True,A,B,2,1,B
5,37918,True,A,B,2,0,B
5,37919,True,B,A,3,1,B
5,37920,True,A,B,10,1,B
5,37921,True,B,A,4,1,B
5,37922,True,B,A,6,1,B
5,37923,True,B,A,1,2,A
5,37924,True,A,B,10,1,B
5,37925,True,B,A,3,1,B
5,37926,True,A,B,6,1,B
5,37927,True,A,B,10,1,B
5,37928,True,B,A,2,1,B
5,37929,True,B,A,3,1,A
5,37930,True,B,A,1,2,A
5,37931,True,A,B,1,2,A
5,37932,True,B,A,3,1,B
5,37933,True,B,A,2,1,A
5,37934,True,A,B,6,1,B
5,37935,True,B,A,6,1,B
5,37936,True,B,A,2,0,B
5,37937,True,A,B,2,1,A
5,37938,True,B,A,0,1,A
5,37939,True,B,A,4,1,B
5,37940,True,A,B,2,0,B
5,37941,True,A,B,4,1,B
5,37942,True,B,A,4,1,B
5,37943,True,B,A,6,1,B
5,37944,True,A,B,1,1,A
5,37945,True,A,B,10,1,B
5,37946,True,A,B,4,1,B
5,37947,True,A,B,1,2,A
5,37948,True,A,B,10,1,B
5,37949,True,B,A,0,1,A
5,37950,True,B,A,6,1,B
5,37951,True,B,A,1,1,A
5,37952,True,A,B,10,1,B
5,37953,True,A,B,6,1,B
5,37954,True,A,B,1,2,A
5,37955,True,B,A,2,1,A
5,37956,True,A,B,1,1,A
5,37957,True,B,A,10,1,B
5,37958,True,A,B,2,0,B
5,37959,True,A,B,10,1,B
5,37960,True,B,A,3,1,B
5,37961,True,A,B,6,1,B
5,37962,True,A,B,10,1,B
5,37963,True,B,A,1,1,B
5,37964,False,,,,,
5,37965,True,A,B,3,1,B
5,37966,True,A,B,3,1,B
5,37967,True,B,A,10,1,B
5,37968,True,A,B,2,1,A
5,37969,True,A,B,3,1,B
5,37970,True,A,B,1,1,A
5,37971,False,,,,,
5,37972,True,B,A,6,1,B
5,37973,True,B,A,1,2,A
5,37974,True,B,A,1,2,A
5,37975,True,B,A,2,0,B
5,37976,True,A,B,1,1,A
5,37977,True,A,B,0,1,A
5,37978,True,B,A,2,1,A
5,37979,True,B,A,1,2,A
5,37980,True,B,A,6,1,B
5,37981,True,B,A,0,1,A
5,37982,True,A,B,2,1,B
5,37983,True,B,A,4,1,B
5,37984,True,A,B,4,1,B
5,37985,True,A,B,1,2,A
5,37986,True,A,B,2,1,B
5,37987,True,B,A,4,1,B
5,37988,True,B,A,3,1,B
5,37989,True,A,B,3,1,B
5,37990,True,B,A,1,1,A
5,37991,True,A,B,0,1,A
5,37992,True,A,B,1,2,A
5,37993,True,A,B,0,1,A
5,37994,True,B,A,4,1,B
5,37995,True,B,A,3,1,B
5,37996,True,B,A,1,2,A
5,37997,True,A,B,2,1,B
5,37998,True,B,A,6,1,B
5,37999,True,A,B,3,1,B
5,38000,True,A,B,1,2,A
5,38001,True,A,B,2,0,B
5,38002,True,A,B,1,1,A
5,38003,True,A,B,2,0,B
5,38004,True,B,A,2,1,A
5,38005,True,A,B,3,1,B
5,38006,True,A,B,0,1,A
5,38007,True,A,B,2,1,A
5,38008,True,A,B,6,1,B
5,38009,True,B,A,10,1,B
5,38010,True,B,A,2,1,A
5,38011,True,A,B,0,1,A
5,38012,True,B,A,1,2,A
5,38013,True,B,A,2,0,B
5,38014,True,A,B,6,1,B
5,38015,True,B,A,2,0,B
5,38016,True,A,B,10,1,B
5,38017,True,B,A,10,1,B
5,38018,True,A,B,1,2,A
5,38019,True,B,A,6,1,B
5,38020,True,A,B,0,1,A
5,38021,True,B,A,2,1,A
5,38022,True,B,A,1,1,A
5,38023,True,A,B,6,1,B
5,38024,True,B,A,10,1,B
5,38025,True,A,B,2,1,B
5,38026,True,B,A,4,1,B
5,38027,False,,,,,
5,38028,True,A,B,2,1,A
5,38029,True,A,B,1,2,A
5,38030,True,A,B,2,1,B
5,38031,False,,,,,
5,38032,True,B,A,4,1,B
5,38033,True,A,B,1,1,A
5,38034,True,A,B,10,1,B
5,38035,True,B,A,2,1,A
5,38036,True,B,A,1,1,A
5,38037,True,A,B,1,1,A
5,38038,True,A,B,0,1,A
5,38039,True,A,B,0,1,A
5,38040,True,B,A,1,1,A
5,38041,True,A,B,2,1,B
5,38042,True,A,B,1,1,A
5,38043,True,A,B,10,1,B
5,38044,True,B,A,2,1,A
5,38045,True,A,B,1,2,B
5,38046,True,A,B,6,1,B
5,38047,True,B,A,2,0,B
5,38048,True,A,B,2,0,B
5,38049,True,A,B,4,1,B
5,38050,True,A,B,1,1,A
5,38051,True,A,B,4,1,B
5,38052,True,B,A,2,1,A
5,38053,True,B,A,2,0,B
5,38054,True,B,A,1,2,A
5,38055,True,A,B,10,1,B
5,38056,True,A,B,1,2,A
5,38057,True,A,B,2,0,B
5,38058,True,A,B,10,1,B
5,38059,True,B,A,3,1,B
5,38060,True,A,B,1,2,A
5,38061,True,A,B,0,1,A
5,38062,True,A,B,2,0,B
5,38063,True,B,A,4,1,B
5,38064,True,B,A,1,1,A
5,38065,True,A,B,1,2,A
5,38066,True,B,A,4,1,B
5,38067,True,B,A,1,1,A
5,38068,True,B,A,10,1,B
5,38069,True,B,A,1,1,A
5,38070,True,A,B,4,1,B
5,38071,True,A,B,2,1,A
5,38072,True,A,B,6,1,B
5,38073,True,B,A,4,1,B
5,38074,True,A,B,4,1,B
5,38075,True,A,B,4,1,B
5,38076,True,B,A,10,1,B
5,38077,True,B,A,4,1,B
5,38078,True,A,B,2,0,B
5,38079,True,A,B,10,1,B
5,38080,True,A,B,10,1,B
5,38081,True,B,A,6,1,B
5,38082,True,A,B,4,1,B
5,38083,True,A,B,4,1,B
5,38084,True,A,B,4,1,B
5,38085,True,A,B,3,1,B
5,38086,True,B,A,4,1,B
5,38087,True,B,A,10,1,B
5,38088,True,A,B,4,1,B
5,38089,True,B,A,6,1,B
5,38090,True,B,A,2,1,A
5,38091,True,A,B,6,1,B
5,38092,True,A,B,2,1,B
5,38093,True,B,A,4,1,B
5,38094,True,B,A,4,1,B
5,38095,True,B,A,0,1,A
5,38096,True,B,A,2,0,B
5,38097,True,A,B,4,1,B
5,38098,True,B,A,1,1,A
5,38099,True,A,B,10,1,B
5,38100,True,B,A,4,1,B
5,38101,True,A,B,1,2,A
5,38102,True,B,A,6,1,B
5,38103,True,A,B,4,1,B
5,38104,True,B,A,4,1,B
5,38105,True,A,B,4,1,B
5,38106,True,A,B,0,1,A
5,38107,True,B,A,3,1,A
5,38108,True,B,A,1,2,A
5,38109,True,B,A,6,1,B
5,38110,True,B,A,1,2,A
5,38111,True,B,A,2,1,A
5,38112,True,B,A,10,1,B
5,38113,True,A,B,2,1,A
5,38114,True,A,B,1,2,A
5,38115,True,A,B,1,1,A
5,38116,True,A,B,0,1,A
5,38117,True,A,B,4,1,B
5,38118,True,A,B,2,1,A
5,38119,True,A,B,4,1,B
5,38120,True,A,B,0,1,A
5,38121,True,B,A,2,0,B
5,38122,True,B,A,4,1,B
5,38123,True,B,A,10,1,B
5,38124,True,B,A,1,2,A
5,38125,True,A,B,10,1,B
5,38126,True,A,B,3,1,B
5,38127,True,A,B,2,1,B
5,38128,True,B,A,1,2,A
5,38129,True,A,B,3,1,B
5,38130,True,B,A,6,1,B
5,38131,True,B,A,6,1,B
5,38132,True,A,B,2,1,B
5,38133,True,B,A,0,1,A
5,38134,True,A,B,2,1,B
5,38135,True,B,A,10,1,B
5,38136,True,B,A,6,1,B
5,38137,True,A,B,3,1,B
5,38138,True,B,A,10,1,B
5,38139,True,B,A,2,0,B
5,38140,True,B,A,4,1,B
5,38141,True,A,B,10,1,B
5,38142,True,B,A,1,2,A
5,38143,True,A,B,2,0,B
5,38144,True,B,A,10,1,B
5,38145,True,A,B,2,1,A
5,38146,True,A,B,6,1,B
5,38147,True,B,A,2,1,B
5,38148,False,,,,,
5,38149,True,B,A,2,0,B
5,38150,True,A,B,3,1,A
5,38151,True,A,B,2,1,A
5,38152,True,A,B,10,1,B
5,38153,True,A,B,10,1,B
5,38154,True,B,A,10,1,B
5,38155,True,A,B,1,2,A
5,38156,True,B,A,0,1,A
5,38157,True,B,A,1,1,A
5,38158,True,A,B,0,1,A
5,38159,True,A,B,1,2,A
5,38160,True,A,B,10,1,B
5,38161,True,B,A,10,1,B
5,38162,True,B,A,3,1,B
5,38163,True,A,B,4,1,B
5,38164,True,B,A,1,2,A
5,38165,True,A,B,10,1,B
5,38166,True,B,A,1,2,A
5,38167,False,,,,,
5,38168,True,B,A,2,1,A
5,38169,True,B,A,1,2,A
5,38170,True,B,A,0,1,A
5,38171,True,B,A,10,1,B
5,38172,True,A,B,2,0,B
5,38173,True,B,A,1,2,A
5,38174,True,A,B,1,2,A
5,38175,True,B,A,10,1,B
5,38176,True,A,B,6,1,B
5,38177,True,B,A,6,1,B
5,38178,True,A,B,0,1,A
5,38179,True,B,A,1,2,A
5,38180,True,A,B,10,1,B
5,38181,True,B,A,0,1,A
5,38182,True,B,A,10,1,B
5,38183,True,B,A,1,1,B
5,38184,True,A,B,10,1,B
5,38185,True,A,B,10,1,B
5,38186,True,A,B,6,1,B
5,38187,True,B,A,1,2,A
5,38188,True,A,B,2,1,B
5,38189,True,B,A,2,1,B
5,38190,True,B,A,10,1,B
5,38191,True,B,A,2,0,B
5,38192,True,B,A,6,1,B
5,38193,True,B,A,3,1,B
5,38194,True,B,A,10,1,B
5,38195,True,B,A,6,1,B
5,38196,True,B,A,10,1,B
5,38197,True,A,B,2,1,A
5,38198,True,A,B,2,1,A
5,38199,True,B,A,2,1,B
5,38200,True,B,A,6,1,B
5,38201,True,A,B,6,1,B
5,38202,True,B,A,2,1,A
5,38203,True,A,B,10,1,B
5,38204,True,B,A,3,1,B
5,38205,False,,,,,
5,38206,True,A,B,4,1,B
5,38207,True,B,A,6,1,B
5,38208,True,B,A,3,1,B
5,38209,True,B,A,6,1,B
5,38210,True,B,A,1,1,A
5,38211,True,A,B,1,1,A
5,38212,True,B,A,4,1,B
5,38213,True,A,B,2,1,A
5,38214,True,B,A,2,1,A
5,38215,True,B,A,2,1,B
5,38216,True,A,B,1,2,A
5,38217,True,B,A,10,1,B
5,38218,True,B,A,6,1,B
5,38219,True,B,A,10,1,B
5,38220,True,A,B,4,1,A
5,38221,True,B,A,0,1,A
5,38222,True,B,A,4,1,B
5,38223,True,A,B,2,1,A
5,38224,True,B,A,10,1,B
5,38225,True,B,A,0,1,A
5,38226,True,A,B,6,1,B
5,38227,True,B,A,4,1,B
5,38228,True,B,A,1,1,A
5,38229,True,A,B,4,1,B
5,38230,True,B,A,10,1,B
5,38231,True,A,B,6,1,B
5,38232,True,B,A,6,1,B
5,38233,True,B,A,6,1,B
5,38234,True,A,B,1,1,A
5,38235,True,B,A,3,1,B
5,38236,True,B,A,4,1,B
5,38237,True,A,B,4,1,B
5,38238,True,A,B,0,1,A
5,38239,False,,,,,
5,38240,True,A,B,1,1,A
5,38241,True,B,A,3,1,B
5,38242,True,A,B,1,1,A
5,38243,False,,,,,
5,38244,True,A,B,10,1,B
5,38245,True,A,B,1,1,A
5,38246,True,B,A,2,1,A
5,38247,True,A,B,2,0,B
5,38248,True,A,B,3,1,A
5,38249,True,B,A,2,0,B
5,38250,True,B,A,1,2,A
5,38251,True,A,B,2,0,B
5,38252,True,B,A,6,1,B
5,38253,True,B,A,0,1,A
5,38254,True,B,A,10,1,B
5,38255,True,A,B,0,1,A
5,38256,True,B,A,1,1,A
5,38257,True,A,B,6,1,B
5,38258,True,B,A,1,2,A
5,38259,True,A,B,1,1,A
5,38260,True,B,A,2,1,A
5,38261,True,B,A,0,1,A
5,38262,True,A,B,2,0,B
5,38263,True,B,A,4,1,B
5,38264,True,A,B,2,0,B
5,38265,True,A,B,3,1,B
5,38266,True,A,B,1,2,A
5,38267,True,A,B,2,0,B
5,38268,True,A,B,6,1,B
5,38269,False,,,,,
5,38270,True,A,B,0,1,A
5,38271,False,,,,,
5,38272,True,B,A,1,2,A
5,38273,True,A,B,3,1,B
5,38274,False,,,,,
5,38275,True,B,A,6,1,B
5,38276,True,B,A,2,1,A
5,38277,False,,,,,
5,38278,True,A,B,1,2,A
5,38279,True,B,A,3,1,B
5,38280,True,A,B,4,1,A
5,38281,True,B,A,3,1,A
5,38282,True,A,B,1,1,A
5,38283,True,A,B,2,0,B
5,38284,True,B,A,1,1,A
5,38285,True,A,B,2,1,A
5,38286,True,B,A,4,1,B
5,38287,True,A,B,0,1,A
5,38288,True,B,A,10,1,B
5,38289,True,A,B,1,2,A
5,38290,True,A,B,0,1,A
5,38291,True,B,A,3,1,B
5,38292,True,A,B,1,1,A
5,38293,False,,,,,
5,38294,True,B,A,10,1,B
5,38295,True,A,B,0,1,A
5,38296,True,A,B,0,1,A
5,38297,True,A,B,1,1,A
5,38298,True,A,B,10,1,B
5,38299,True,B,A,1,1,B
5,38300,True,A,B,1,2,A
5,38301,False,,,,,
5,38302,True,A,B,2,0,B
5,38303,True,A,B,2,1,A
5,38304,True,B,A,10,1,B
5,38305,True,A,B,1,1,A
5,38306,True,B,A,3,1,B
5,38307,True,A,B,2,1,B
5,38308,True,A,B,1,2,A
5,38309,True,B,A,2,1,B
5,38310,True,A,B,1,1,A
5,38311,True,A,B,1,1,A
5,38312,True,B,A,2,1,B
5,38313,True,B,A,10,1,B
5,38314,True,B,A,1,2,A
5,38315,True,B,A,0,1,A
5,38316,True,A,B,1,1,A
5,38317,True,B,A,2,0,B
5,38318,True,B,A,0,1,A
5,38319,True,B,A,1,2,A
5,38320,True,A,B,6,1,B
5,38321,True,B,A,2,0,B
5,38322,True,B,A,0,1,A
5,38323,True,A,B,1,1,A
5,38324,True,B,A,10,1,B
5,38325,True,B,A,0,1,A
5,38326,True,B,A,2,1,B
5,38327,True,B,A,1,2,A
5,38328,True,B,A,1,2,A
5,38329,True,A,B,1,1,B
5,38330,True,B,A,2,0,B
5,38331,False,,,,,
5,38332,True,B,A,10,1,B
5,38333,True,B,A,2,1,B
5,38334,False,,,,,
5,38335,False,,,,,
5,38336,True,B,A,2,1,B
5,38337,True,A,B,0,1,A
5,38338,True,A,B,3,1,B
5,38339,True,A,B,10,1,B
5,38340,True,A,B,2,1,A
5,38341,True,B,A,2,1,B
5,38342,True,A,B,10,1,B
5,38343,True,A,B,1,2,A
5,38344,True,A,B,1,2,A
5,38345,True,B,A,1,2,A
5,38346,True,B,A,1,2,A
5,38347,False,,,,,
5,38348,True,B,A,4,1,B
5,38349,True,B,A,4,1,B
5,38350,True,A,B,3,1,B
5,38351,True,B,A,6,1,B
5,38352,True,A,B,6,1,B
5,38353,True,B,A,1,2,A
5,38354,True,B,A,0,1,A
5,38355,False,,,,,
5,38356,True,A,B,4,1,B
5,38357,True,A,B,6,1,B
5,38358,True,B,A,1,2,A
5,38359,True,B,A,4,1,A
5,38360,True,B,A,1,1,A
5,38361,True,B,A,3,1,A
5,38362,True,A,B,4,1,B
5,38363,True,B,A,2,1,A
5,38364,True,A,B,1,1,A
5,38365,True,A,B,6,1,B
5,38366,True,A,B,3,1,B
5,38367,True,A,B,2,0,B
5,38368,True,B,A,3,1,A
5,38369,True,A,B,4,1,B
5,38370,True,A,B,1,1,A
5,38371,True,B,A,2,1,A
5,38372,True,A,B,2,1,B
5,38373,True,B,A,6,1,B
5,38374,True,B,A,0,1,A
5,38375,True,A,B,1,1,A
5,38376,True,B,A,10,1,B
5,38377,True,A,B,4,1,B
5,38378,True,B,A,6,1,B
5,38379,True,A,B,1,2,A
5,38380,True,A,B,2,0,B
5,38381,True,A,B,2,0,B
5,38382,True,A,B,6,1,B
5,38383,True,B,A,3,1,B
5,38384,True,A,B,1,2,A
5,38385,True,A,B,2,1,B
5,38386,True,A,B,3,1,B
5,38387,True,B,A,10,1,B
5,38388,True,B,A,1,2,A
5,38389,True,B,A,3,1,A
5,38390,True,A,B,1,2,A
5,38391,True,B,A,6,1,B
5,38392,True,B,A,1,1,A
5,38393,True,B,A,1,2,A
5,38394,True,B,A,3,1,B
5,38395,True,A,B,1,2,A
5,38396,True,A,B,1,2,A
5,38397,True,B,A,1,1,A
5,38398,True,B,A,4,1,B
5,38399,False,,,,,
5,38400,True,B,A,1,2,A
5,38401,True,B,A,3,1,B
5,38402,True,B,A,4,1,B
5,38403,True,B,A,6,1,B
5,38404,False,,,,,
5,38405,True,A,B,1,1,A
5,38406,True,A,B,6,1,B
5,38407,True,A,B,2,1,B
5,38408,False,,,,,
5,38409,True,A,B,2,1,B
5,38410,True,B,A,1,1,A
5,38411,False,,,,,
5,38412,True,A,B,0,1,A
5,38413,True,B,A,1,2,A
5,38414,True,B,A,6,1,B
5,38415,True,A,B,2,1,A
5,38416,True,A,B,1,1,A
5,38417,True,B,A,6,1,B
5,38418,False,,,,,
5,38419,True,B,A,3,1,B
5,38420,True,A,B,6,1,B
5,38421,True,B,A,2,1,A
5,38422,True,B,A,6,1,B
5,38423,True,B,A,6,1,B
5,38424,True,A,B,2,1,B
5,38425,True,A,B,2,1,A
5,38426,True,B,A,10,1,B
5,38427,True,A,B,2,1,B
5,38428,True,A,B,0,1,A
5,38429,True,B,A,2,1,A
5,38430,False,,,,,
5,38431,True,B,A,10,1,B
5,38432,True,B,A,0,1,A
5,38433,True,B,A,2,1,A
5,38434,True,A,B,10,1,B
5,38435,True,A,B,2,1,B
5,38436,False,,,,,
5,38437,True,B,A,0,1,A
5,38438,True,A,B,10,1,B
5,38439,True,A,B,2,0,B
5,38440,True,A,B,2,0,B
5,38441,True,A,B,6,1,B
5,38442,True,A,B,10,1,B
5,38443,True,A,B,0,1,A
5,38444,True,A,B,3,1,B
5,38445,True,B,A,6,1,B
5,38446,True,A,B,1,2,A
5,38447,True,A,B,1,1,A
5,38448,True,A,B,0,1,A
5,38449,True,B,A,1,1,A
5,38450,True,A,B,0,1,A
5,38451,True,B,A,10,1,B
5,38452,True,A,B,3,1,B
5,38453,True,A,B,0,1,A
5,38454,True,B,A,1,2,A
5,38455,True,B,A,2,0,B
5,38456,True,A,B,3,1,B
5,38457,True,B,A,4,1,B
5,38458,True,B,A,3,1,B
5,38459,True,B,A,2,0,B
5,38460,True,B,A,1,1,A
5,38461,True,B,A,4,1,B
5,38462,True,A,B,1,2,A
5,38463,True,B,A,2,1,B
5,38464,True,A,B,1,2,A
5,38465,True,A,B,10,1,B
5,38466,True,B,A,1,1,B
5,38467,False,,,,,
5,38468,True,B,A,6,1,B
5,38469,True,B,A,0,1,A
5,38470,True,B,A,0,1,A
5,38471,True,B,A,4,1,B
5,38472,True,A,B,6,1,B
5,38473,True,A,B,2,1,A
5,38474,True,B,A,3,1,B
5,38475,True,A,B,2,1,A
5,38476,True,A,B,6,1,B
5,38477,True,A,B,3,1,A
5,38478,True,B,A,3,1,B
5,38479,True,A,B,10,1,B
5,38480,True,A,B,2,1,A
5,38481,True,A,B,0,1,A
5,38482,True,B,A,2,1,B
5,38483,True,A,B,10,1,B
5,38484,True,B,A,6,1,B
5,38485,True,B,A,0,1,A
5,38486,True,B,A,0,1,A
5,38487,True,A,B,6,1,B
5,38488,True,A,B,4,1,B
5,38489,True,B,A,4,1,B
5,38490,True,A,B,6,1,B
5,38491,True,B,A,1,2,A
5,38492,True,A,B,2,1,B
5,38493,True,A,B,0,1,A
5,38494,True,B,A,1,1,A
5,38495,True,B,A,1,2,A
5,38496,True,A,B,1,1,A
5,38497,True,A,B,2,1,B
5,38498,True,B,A,3,1,B
5,38499,True,B,A,6,1,B
5,38500,True,A,B,2,1,A
5,38501,True,B,A,2,0,B
5,38502,True,A,B,4,1,B
5,38503,True,B,A,10,1,B
5,38504,True,B,A,2,1,A
5,38505,True,A,B,10,1,B
5,38506,True,A,B,0,1,A
5,38507,True,B,A,0,1,A
5,38508,True,A,B,3,1,B
5,38509,True,A,B,6,1,B
5,38510,True,B,A,1,1,A
5,38511,False,,,,,
5,38512,True,A,B,10,1,B
5,38513,True,B,A,3,1,B
5,38514,True,B,A,3,1,A
5,38515,True,B,A,0,1,A
5,38516,True,B,A,2,0,B
5,38517,True,B,A,2,1,B
5,38518,True,B,A,0,1,A
5,38519,True,B,A,10,1,B
5,38520,True,A,B,4,1,B
5,38521,True,B,A,2,1,B
5,38522,True,A,B,6,1,B
5,38523,True,A,B,3,1,B
5,38524,True,A,B,3,1,A
5,38525,True,B,A,2,1,B
5,38526,True,A,B,0,1,A
5,38527,True,B,A,0,1,A
5,38528,True,B,A,0,1,A
5,38529,True,B,A,1,2,A
5,38530,True,B,A,1,1,A
5,38531,True,A,B,4,1,B
5,38532,True,B,A,1,2,A
5,38533,True,B,A,3,1,B
5,38534,True,A,B,1,2,A
5,38535,True,B,A,6,1,B
5,38536,False,,,,,
5,38537,True,A,B,6,1,B
5,38538,True,B,A,1,1,B
5,38539,True,A,B,1,2,A
5,38540,True,B,A,3,1,B
5,38541,True,A,B,1,2,A
5,38542,True,A,B,1,1,B
5,38543,True,A,B,1,1,A
5,38544,True,A,B,3,1,B
5,38545,True,B,A,6,1,B
5,38546,True,B,A,0,1,A
5,38547,True,A,B,2,0,B
5,38548,True,A,B,3,1,B
5,38549,True,B,A,1,1,A
5,38550,True,A,B,6,1,B
5,38551,True,A,B,10,1,B
5,38552,True,B,A,0,1,A
5,38553,True,B,A,4,1,B
5,38554,True,B,A,3,1,B
5,38555,True,A,B,6,1,B
5,38556,True,B,A,1,1,A
5,38557,True,B,A,0,1,A
5,38558,True,A,B,3,1,B
5,38559,True,B,A,1,2,A
5,38560,True,B,A,10,1,B
5,38561,True,B,A,2,1,B
5,38562,True,A,B,10,1,B
5,38563,True,B,A,2,1,A
5,38564,True,A,B,2,0,B
5,38565,True,A,B,2,0,B
5,38566,True,A,B,3,1,B
5,38567,True,A,B,3,1,B
5,38568,True,B,A,6,1,B
5,38569,True,B,A,3,1,B
5,38570,True,A,B,4,1,B
5,38571,True,B,A,4,1,B
5,38572,True,A,B,3,1,B
5,38573,True,A,B,2,0,B
5,38574,True,A,B,2,0,B
5,38575,True,A,B,1,2,A
5,38576,True,B,A,2,1,A
5,38577,True,A,B,10,1,B
5,38578,True,A,B,6,1,B
5,38579,True,B,A,3,1,B
5,38580,True,B,A,0,1,A
5,38581,False,,,,,
5,38582,True,A,B,1,2,A
5,38583,True,A,B,3,1,B
5,38584,True,B,A,6,1,B
5,38585,True,B,A,3,1,B
5,38586,True,B,A,6,1,B
5,38587,True,A,B,4,1,B
5,38588,True,A,B,3,1,B
5,38589,True,A,B,2,1,B
5,38590,True,A,B,10,1,B
5,38591,True,B,A,6,1,B
5,38592,True,B,A,3,1,B
5,38593,True,B,A,3,1,B
5,38594,True,B,A,1,2,A
5,38595,True,A,B,2,1,B
5,38596,True,A,B,2,1,A
5,38597,True,B,A,2,1,A
5,38598,True,B,A,0,1,A
5,38599,False,,,,,
5,38600,True,A,B,2,1,A
5,38601,True,A,B,1,2,A
5,38602,True,B,A,10,1,B
5,38603,True,B,A,6,1,B
5,38604,True,A,B,10,1,B
5,38605,True,A,B,6,1,B
5,38606,True,B,A,0,1,A
5,38607,False,,,,,
5,38608,True,B,A,4,1,B
5,38609,True,A,B,2,0,B
5,38610,True,A,B,1,1,A
5,38611,True,A,B,3,1,B
5,38612,True,B,A,1,2,A
5,38613,True,A,B,2,0,B
5,38614,True,A,B,2,0,B
5,38615,True,A,B,0,1,A
5,38616,True,B,A,2,1,B
5,38617,True,A,B,6,1,B
5,38618,True,A,B,3,1,A
5,38619,True,B,A,4,1,B
5,38620,True,B,A,2,0,B
5,38621,True,A,B,10,1,B
5,38622,True,A,B,2,1,B
5,38623,True,B,A,1,1,A
5,38624,True,B,A,10,1,B
5,38625,True,B,A,6,1,B
5,38626,True,B,A,1,2,A
5,38627,True,B,A,4,1,B
5,38628,True,B,A,6,1,B
5,38629,True,A,B,6,1,A
5,38630,True,A,B,2,0,B
5,38631,True,A,B,3,1,B
5,38632,True,A,B,10,1,B
5,38633,True,B,A,3,1,B
5,38634,True,A,B,10,1,B
5,38635,True,B,A,1,2,A
5,38636,True,B,A,1,2,A
5,38637,True,A,B,10,1,B
5,38638,True,A,B,10,1,B
5,38639,True,B,A,2,1,A
5,38640,True,B,A,1,2,A
5,38641,True,B,A,3,1,B
5,38642,True,B,A,2,1,A
5,38643,True,B,A,3,1,B
5,38644,True,A,B,6,1,B
5,38645,True,A,B,10,1,B
5,38646,True,A,B,1,2,A
5,38647,True,A,B,10,1,B
5,38648,False,,,,,
5,38649,True,A,B,10,1,B
5,38650,True,A,B,3,1,B
5,38651,True,A,B,2,0,B
5,38652,True,B,A,6,1,B
5,38653,True,B,A,10,1,B
5,38654,True,B,A,0,1,A
5,38655,True,B,A,2,1,B
5,38656,True,A,B,4,1,B
5,38657,True,A,B,10,1,B
5,38658,True,A,B,6,1,B
5,38659,True,A,B,6,1,B
5,38660,True,B,A,1,2,A
5,38661,True,A,B,2,0,B
5,38662,True,A,B,0,1,A
5,38663,True,B,A,4,1,B
5,38664,True,A,B,4,1,B
5,38665,True,B,A,2,1,B
5,38666,True,B,A,2,1,B
5,38667,True,A,B,1,1,A
5,38668,True,B,A,3,1,B
5,38669,True,A,B,10,1,B
5,38670,True,B,A,1,2,A
5,38671,True,B,A,2,0,B
5,38672,True,A,B,2,0,B
5,38673,True,B,A,1,1,A
5,38674,True,A,B,6,1,B
5,38675,True,A,B,1,2,A
5,38676,True,A,B,6,1,B
5,38677,True,B,A,10,1,B
5,38678,True,B,A,0,1,A
5,38679,True,A,B,2,1,B
5,38680,True,A,B,4,1,B
5,38681,True,A,B,4,1,B
5,38682,True,B,A,1,2,A
5,38683,True,B,A,2,0,B
5,38684,True,B,A,2,1,B
5,38685,True,B,A,6,1,B
5,38686,True,A,B,10,1,B
5,38687,True,A,B,0,1,A
5,38688,True,A,B,4,1,B
5,38689,True,A,B,1,2,A
5,38690,True,A,B,1,1,A
5,38691,True,A,B,2,0,B
5,38692,True,B,A,2,0,B
5,38693,True,A,B,2,0,B
5,38694,True,B,A,2,1,A
5,38695,True,B,A,1,2,A
5,38696,True,B,A,0,1,A
5,38697,True,B,A,1,2,A
5,38698,True,B,A,2,1,B
5,38699,True,A,B,2,1,B
5,38700,True,B,A,1,2,A
5,38701,True,B,A,4,1,B
5,38702,True,B,A,2,0,B
5,38703,True,A,B,2,0,B
5,38704,True,B,A,4,1,B
5,38705,True,B,A,3,1,B
5,38706,True,B,A,2,0,B
5,38707,True,B,A,2,0,B
5,38708,True,A,B,2,0,B
5,38709,True,B,A,2,0,B
5,38710,True,B,A,2,0,B
5,38711,True,A,B,1,2,A
5,38712,True,B,A,6,1,B
5,38713,True,A,B,0,1,A
5,38714,True,B,A,3,1,B
5,38715,True,A,B,2,1,B
5,38716,True,A,B,4,1,B
5,38717,True,A,B,6,1,B
5,38718,True,A,B,4,1,B
5,38719,True,B,A,1,1,A
5,38720,True,A,B,1,1,A
5,38721,True,B,A,10,1,B
5,38722,True,A,B,10,1,B
5,38723,True,A,B,1,1,A
5,38724,True,A,B,1,2,A
5,38725,True,A,B,0,1,A
5,38726,True,B,A,2,0,B
5,38727,True,A,B,1,1,A
5,38728,True,A,B,2,0,B
5,38729,True,B,A,2,0,B
5,38730,True,B,A,0,1,A
5,38731,True,B,A,0,1,A
5,38732,True,B,A,1,2,A
5,38733,True,B,A,0,1,A
5,38734,True,B,A,0,1,A
5,38735,True,A,B,1,2,A
5,38736,True,B,A,2,1,B
5,38737,True,B,A,4,1,B
5,38738,True,A,B,0,1,A
5,38739,True,A,B,1,1,A
5,38740,True,B,A,2,0,B
5,38741,True,B,A,0,1,A
5,38742,True,A,B,0,1,A
5,38743,True,B,A,10,1,B
5,38744,True,B,A,0,1,A
5,38745,True,B,A,1,2,A
5,38746,True,A,B,2,1,B
5,38747,True,B,A,6,1,B
5,38748,True,A,B,1,1,A
5,38749,True,A,B,1,1,A
5,38750,True,A,B,0,1,A
5,38751,True,B,A,1,2,A
5,38752,True,B,A,2,0,B
5,38753,True,A,B,2,0,B
5,38754,True,A,B,10,1,B
5,38755,True,A,B,3,1,B
5,38756,True,B,A,4,1,B
5,38757,True,A,B,2,1,A
5,38758,True,B,A,2,1,B
5,38759,True,B,A,1,2,A
5,38760,True,A,B,1,1,A
5,38761,True,B,A,0,1,A
5,38762,True,B,A,2,0,B
5,38763,True,A,B,6,1,B
5,38764,True,A,B,1,2,A
5,38765,True,B,A,0,1,A
5,38766,True,A,B,4,1,B
5,38767,True,B,A,2,0,B
5,38768,True,A,B,1,1,A
5,38769,True,B,A,10,1,B
5,38770,True,B,A,0,1,A
5,38771,True,B,A,6,1,B
5,38772,True,B,A,4,1,B
5,38773,True,A,B,2,1,B
5,38774,True,B,A,1,1,B
5,38775,True,A,B,3,1,A
5,38776,True,B,A,2,1,B
5,38777,True,A,B,1,2,A
5,38778,True,A,B,6,1,B
5,38779,True,B,A,1,1,A
5,38780,True,B,A,10,1,B
5,38781,True,B,A,4,1,B
5,38782,True,A,B,1,1,A
5,38783,True,A,B,6,1,B
5,38784,True,B,A,10,1,B
5,38785,True,A,B,6,1,B
5,38786,True,B,A,2,1,A
5,38787,True,B,A,3,1,B
5,38788,True,A,B,6,1,B
5,38789,True,B,A,1,1,A
5,38790,True,B,A,1,2,A
5,38791,True,B,A,6,1,B
5,38792,True,B,A,2,1,A
5,38793,False,,,,,
5,38794,True,A,B,1,1,A
5,38795,True,B,A,3,1,A
5,38796,True,A,B,1,2,A
5,38797,True,B,A,2,1,A
5,38798,True,A,B,6,1,B
5,38799,True,B,A,0,1,A
5,38800,True,A,B,4,1,B
5,38801,True,A,B,1,1,A
5,38802,True,B,A,10,1,B
5,38803,True,A,B,10,1,B
5,38804,True,A,B,3,1,B
5,38805,True,B,A,1,1,A
5,38806,True,A,B,1,2,A
5,38807,True,B,A,2,1,A
5,38808,True,A,B,1,2,A
5,38809,True,B,A,6,1,B
5,38810,True,B,A,6,1,B
5,38811,True,B,A,1,1,A
5,38812,True,A,B,3,1,B
5,38813,True,A,B,1,1,A
5,38814,True,B,A,10,1,B
5,38815,True,A,B,2,1,B
5,38816,True,B,A,3,1,B
5,38817,True,A,B,10,1,B
5,38818,True,B,A,1,1,A
5,38819,True,B,A,1,2,A
5,38820,True,A,B,4,1,B
5,38821,True,A,B,4,1,B
5,38822,True,A,B,2,1,B
5,38823,True,A,B,1,2,A
5,38824,True,A,B,6,1,B
5,38825,True,A,B,10,1,B
5,38826,True,A,B,1,1,A
5,38827,True,A,B,1,2,A
5,38828,True,A,B,0,1,A
5,38829,True,B,A,0,1,A
5,38830,True,A,B,1,2,A
5,38831,True,A,B,3,1,B
5,38832,True,A,B,10,1,B
5,38833,True,A,B,10,1,B
5,38834,True,B,A,4,1,B
5,38835,False,,,,,
5,38836,True,A,B,2,0,B
5,38837,True,A,B,2,0,B
5,38838,True,A,B,10,1,B
5,38839,True,B,A,2,0,B
5,38840,True,A,B,0,1,A
5,38841,True,B,A,10,1,B
5,38842,True,B,A,2,0,B
5,38843,True,B,A,6,1,B
5,38844,True,A,B,3,1,B
5,38845,True,A,B,2,1,A
5,38846,True,A,B,3,1,B
5,38847,True,B,A,1,2,A
5,38848,True,B,A,10,1,B
5,38849,True,A,B,3,1,B
5,38850,True,B,A,10,1,B
5,38851,True,A,B,4,1,B
5,38852,True,B,A,6,1,B
5,38853,True,A,B,2,1,B
5,38854,True,B,A,10,1,B
5,38855,True,A,B,0,1,A
5,38856,True,A,B,0,1,A
5,38857,True,B,A,1,1,B
5,38858,True,B,A,1,2,A
5,38859,True,A,B,1,2,A
5,38860,True,A,B,0,1,A
5,38861,True,A,B,0,1,A
5,38862,True,B,A,1,1,A
5,38863,True,B,A,2,1,B
5,38864,True,A,B,1,1,A
5,38865,True,B,A,0,1,A
5,38866,True,B,A,6,1,B
5,38867,True,B,A,1,2,A
5,38868,True,A,B,1,1,A
5,38869,True,B,A,10,1,B
5,38870,True,B,A,2,0,B
5,38871,True,B,A,2,1,A
5,38872,True,B,A,1,2,A
5,38873,True,B,A,0,1,A
5,38874,True,A,B,6,1,B
5,38875,True,B,A,1,2,A
5,38876,True,A,B,1,2,A
5,38877,True,A,B,0,1,A
5,38878,True,B,A,2,0,B
5,38879,True,B,A,1,2,A
5,38880,True,A,B,2,0,B
5,38881,True,A,B,6,1,B
5,38882,True,B,A,6,1,B
5,38883,True,B,A,3,1,B
5,38884,True,B,A,0,1,A
5,38885,True,A,B,1,2,A
5,38886,True,B,A,10,1,B
5,38887,True,A,B,2,0,B
5,38888,True,B,A,6,1,B
5,38889,True,B,A,2,0,B
5,38890,True,B,A,1,1,B
5,38891,True,A,B,4,1,B
5,38892,True,A,B,1,1,A
5,38893,True,B,A,1,1,A
5,38894,True,A,B,3,1,B
5,38895,True,A,B,6,1,B
5,38896,True,A,B,2,0,B
5,38897,True,A,B,3,1,B
5,38898,True,A,B,2,1,B
5,38899,True,A,B,4,1,B
5,38900,True,A,B,2,1,B
5,38901,True,A,B,3,1,B
5,38902,True,B,A,0,1,A
5,38903,True,A,B,2,0,B
5,38904,True,A,B,1,2,A
5,38905,True,A,B,3,1,B
5,38906,True,A,B,1,1,A
5,38907,False,,,,,
5,38908,True,A,B,6,1,B
5,38909,True,A,B,10,1,B
5,38910,True,A,B,0,1,A
5,38911,True,A,B,6,1,B
5,38912,True,A,B,10,1,B
5,38913,True,A,B,2,0,B
5,38914,True,B,A,10,1,B
5,38915,True,B,A,10,1,B
5,38916,False,,,,,
5,38917,True,A,B,6,1,B
5,38918,True,A,B,2,1,B
5,38919,True,B,A,6,1,B
5,38920,True,B,A,2,1,B
5,38921,True,A,B,1,2,A
5,38922,False,,,,,
5,38923,True,B,A,3,1,B
5,38924,True,B,A,1,2,A
5,38925,True,A,B,1,2,A
5,38926,True,B,A,0,1,A
5,38927,True,B,A,4,1,B
5,38928,False,,,,,
5,38929,True,B,A,10,1,B
5,38930,True,A,B,6,1,B
5,38931,False,,,,,
5,38932,True,B,A,3,1,A
5,38933,True,A,B,4,1,B
5,38934,True,A,B,2,0,B
5,38935,True,B,A,1,2,A
5,38936,True,A,B,4,1,B
5,38937,True,B,A,10,1,B
5,38938,True,B,A,2,1,B
5,38939,False,,,,,
5,38940,True,A,B,2,1,A
5,38941,True,B,A,2,0,B
5,38942,True,B,A,1,1,A
5,38943,True,B,A,1,1,B
5,38944,True,B,A,6,1,B
5,38945,True,B,A,4,1,B
5,38946,True,A,B,1,2,A
5,38947,True,A,B,0,1,A
5,38948,True,A,B,1,2,A
5,38949,True,B,A,6,1,B
5,38950,True,B,A,6,1,B
5,38951,True,A,B,1,2,A
5,38952,True,A,B,10,1,B
5,38953,True,B,A,0,1,A
5,38954,True,A,B,2,0,B
5,38955,True,A,B,3,1,B
5,38956,True,A,B,6,1,B
5,38957,True,B,A,10,1,B
5,38958,True,B,A,6,1,B
5,38959,True,B,A,0,1,A
5,38960,True,B,A,3,1,B
5,38961,True,A,B,3,1,B
5,38962,True,B,A,3,1,B
5,38963,True,A,B,1,2,A
5,38964,True,A,B,6,1,B
5,38965,True,B,A,4,1,B
5,38966,True,A,B,2,1,B
5,38967,True,A,B,0,1,A
5,38968,True,A,B,1,2,A
5,38969,True,A,B,0,1,A
5,38970,True,B,A,2,1,B
5,38971,True,B,A,2,0,B
5,38972,True,A,B,6,1,B
5,38973,True,B,A,1,2,A
5,38974,True,B,A,4,1,B
5,38975,True,B,A,3,1,B
5,38976,True,A,B,6,1,B
5,38977,True,A,B,1,2,A
5,38978,True,A,B,3,1,B
5,38979,True,A,B,4,1,B
5,38980,True,B,A,4,1,B
5,38981,True,B,A,4,1,B
5,38982,True,B,A,6,1,B
5,38983,True,A,B,4,1,B
5,38984,True,A,B,10,1,B
5,38985,True,B,A,2,1,A
5,38986,True,A,B,3,1,B
5,38987,True,A,B,4,1,B
5,38988,True,B,A,1,1,A
5,38989,True,B,A,2,1,A
5,38990,True,B,A,6,1,B
5,38991,False,,,,,
5,38992,True,B,A,2,1,B
5,38993,True,B,A,6,1,B
5,38994,True,A,B,0,1,A
5,38995,True,A,B,0,1,A
5,38996,True,B,A,1,2,A
5,38997,True,B,A,6,1,B
5,38998,True,A,B,4,1,B
5,38999,True,B,A,3,1,B
5,39000,True,A,B,3,1,B
5,39001,True,A,B,10,1,B
5,39002,True,A,B,6,1,B
5,39003,True,A,B,0,1,A
5,39004,True,B,A,1,2,A
5,39005,True,B,A,10,1,B
5,39006,True,B,A,2,0,B
5,39007,True,A,B,2,1,A
5,39008,True,A,B,2,1,B
5,39009,True,A,B,3,1,B
5,39010,True,A,B,1,1,A
5,39011,True,B,A,2,0,B
5,39012,True,A,B,0,1,A
5,39013,True,A,B,6,1,B
5,39014,True,A,B,4,1,B
5,39015,True,B,A,1,2,A
5,39016,True,A,B,10,1,B
5,39017,True,A,B,10,1,B
5,39018,True,B,A,4,1,B
5,39019,True,B,A,4,1,B
5,39020,True,B,A,0,1,A
5,39021,True,B,A,3,1,A
5,39022,True,A,B,10,1,B
5,39023,True,B,A,2,1,A
5,39024,True,A,B,3,1,B
5,39025,False,,,,,
5,39026,True,B,A,2,1,B
5,39027,True,B,A,6,1,B
5,39028,True,A,B,1,1,A
5,39029,True,A,B,6,1,B
5,39030,True,B,A,10,1,B
5,39031,True,A,B,6,1,B
5,39032,True,B,A,0,1,A
5,39033,True,A,B,10,1,B
5,39034,True,B,A,2,0,B
5,39035,True,B,A,2,1,B
5,39036,True,A,B,10,1,B
5,39037,True,A,B,6,1,B
5,39038,True,B,A,1,1,A
5,39039,False,,,,,
5,39040,True,A,B,0,1,A
5,39041,True,B,A,6,1,B
5,39042,True,B,A,1,1,A
5,39043,True,B,A,3,1,B
5,39044,True,B,A,6,1,B
5,39045,True,B,A,3,1,B
5,39046,True,B,A,3,1,B
5,39047,True,A,B,6,1,B
5,39048,True,B,A,2,0,B
5,39049,True,B,A,6,1,B
5,39050,True,A,B,4,1,B
5,39051,True,A,B,4,1,B
5,39052,True,B,A,6,1,B
5,39053,True,B,A,0,1,A
5,39054,True,B,A,1,1,A
5,39055,True,B,A,0,1,A
5,39056,True,A,B,6,1,B
5,39057,True,A,B,3,1,A
5,39058,True,B,A,6,1,B
5,39059,True,B,A,0,1,A
5,39060,True,B,A,1,1,A
5,39061,True,A,B,0,1,A
5,39062,True,A,B,0,1,A
5,39063,True,A,B,0,1,A
5,39064,True,B,A,1,2,A
5,39065,True,B,A,10,1,B
5,39066,True,A,B,2,1,B
5,39067,True,B,A,10,1,B
5,39068,True,A,B,1,2,A
5,39069,True,B,A,10,1,B
5,39070,True,A,B,10,1,B
5,39071,True,B,A,3,1,B
5,39072,True,B,A,2,0,B
5,39073,True,B,A,0,1,A
5,39074,True,A,B,3,1,B
5,39075,True,A,B,4,1,B
5,39076,True,B,A,1,1,A
5,39077,True,A,B,2,0,B
5,39078,True,A,B,1,1,A
5,39079,True,B,A,10,1,B
5,39080,False,,,,,
5,39081,True,B,A,3,1,B
5,39082,True,A,B,6,1,B
5,39083,True,B,A,3,1,A
5,39084,True,A,B,6,1,B
5,39085,True,A,B,10,1,B
5,39086,True,A,B,4,1,B
5,39087,True,A,B,10,1,B
5,39088,False,,,,,
5,39089,True,A,B,1,2,A
5,39090,True,B,A,4,1,B
5,39091,True,B,A,3,1,B
5,39092,True,B,A,1,1,A
5,39093,True,A,B,1,1,A
5,39094,True,B,A,6,1,B
5,39095,True,B,A,1,2,A
5,39096,True,B,A,1,1,A
5,39097,True,A,B,4,1,B
5,39098,True,A,B,10,1,B
5,39099,True,A,B,3,1,B
5,39100,True,B,A,2,1,A
5,39101,True,B,A,2,1,A
5,39102,True,A,B,1,1,A
5,39103,True,B,A,10,1,B
5,39104,True,A,B,4,1,B
5,39105,True,B,A,4,1,B
5,39106,True,B,A,2,1,A
5,39107,True,A,B,6,1,B
5,39108,True,A,B,1,2,A
5,39109,True,B,A,2,1,B
5,39110,False,,,,,
5,39111,True,B,A,1,2,A
5,39112,True,B,A,2,1,B
5,39113,True,B,A,10,1,B
5,39114,True,B,A,2,0,B
5,39115,True,B,A,2,0,B
5,39116,True,A,B,3,1,B
5,39117,True,B,A,10,1,B
5,39118,True,B,A,4,1,B
5,39119,True,A,B,10,1,B
5,39120,True,B,A,1,1,A
5,39121,True,A,B,3,1,B
5,39122,False,,,,,
5,39123,True,B,A,0,1,A
5,39124,True,B,A,3,1,B
5,39125,True,A,B,2,1,A
5,39126,True,A,B,1,1,A
5,39127,True,A,B,6,1,B
5,39128,True,A,B,2,1,B
5,39129,True,A,B,2,1,B
5,39130,True,B,A,1,1,A
5,39131,True,A,B,3,1,B
5,39132,True,B,A,6,1,B
5,39133,True,A,B,2,0,B
5,39134,True,A,B,2,0,B
5,39135,True,A,B,3,1,A
5,39136,True,B,A,1,2,A
5,39137,False,,,,,
5,39138,True,B,A,1,2,A
5,39139,True,A,B,1,2,A
5,39140,True,B,A,2,1,A
5,39141,True,B,A,3,1,A
5,39142,False,,,,,
5,39143,True,A,B,4,1,B
5,39144,True,B,A,1,2,A
5,39145,True,B,A,1,1,A
5,39146,True,B,A,0,1,A
5,39147,True,B,A,2,1,A
5,39148,True,B,A,1,1,A
5,39149,True,B,A,1,2,A
5,39150,True,B,A,1,1,A
5,39151,True,B,A,6,1,B
5,39152,True,B,A,0,1,A
5,39153,True,A,B,4,1,B
5,39154,True,B,A,4,1,B
5,39155,True,A,B,2,1,B
5,39156,True,A,B,2,0,B
5,39157,True,A,B,10,1,B
5,39158,True,A,B,3,1,B
5,39159,True,B,A,10,1,B
5,39160,True,B,A,1,2,A
5,39161,True,B,A,4,1,B
5,39162,True,B,A,2,0,B
5,39163,True,B,A,2,1,A
5,39164,True,A,B,1,2,A
5,39165,True,A,B,3,1,B
5,39166,True,A,B,10,1,B
5,39167,True,A,B,1,2,A
5,39168,True,A,B,0,1,A
5,39169,True,B,A,1,1,A
5,39170,True,B,A,2,0,B
5,39171,True,A,B,3,1,B
5,39172,True,B,A,4,1,B
5,39173,True,A,B,1,2,A
5,39174,True,B,A,4,1,B
5,39175,True,B,A,3,1,B
5,39176,True,B,A,4,1,B
5,39177,True,B,A,4,1,B
5,39178,False,,,,,
5,39179,True,A,B,2,1,B
5,39180,True,B,A,1,1,A
5,39181,True,B,A,1,2,A
5,39182,True,A,B,6,1,B
5,39183,True,B,A,6,1,B
5,39184,True,B,A,4,1,B
5,39185,True,B,A,2,1,B
5,39186,True,A,B,1,2,A
5,39187,True,A,B,2,0,B
5,39188,True,A,B,1,2,A
5,39189,True,B,A,1,2,B
5,39190,True,B,A,10,1,B
5,39191,True,B,A,2,0,B
5,39192,True,B,A,4,1,B
5,39193,True,B,A,1,1,A
5,39194,True,B,A,6,1,B
5,39195,True,A,B,0,1,A
5,39196,True,A,B,1,2,A
5,39197,True,B,A,0,1,A
5,39198,True,B,A,1,1,B
5,39199,True,A,B,6,1,B
5,39200,True,B,A,6,1,B
5,39201,True,A,B,6,1,B
5,39202,True,B,A,6,1,B
5,39203,True,B,A,3,1,B
5,39204,True,A,B,4,1,B
5,39205,True,A,B,1,2,A
5,39206,True,A,B,2,1,B
5,39207,True,A,B,2,1,A
5,39208,True,B,A,0,1,A
5,39209,False,,,,,
5,39210,True,B,A,6,1,B
5,39211,True,A,B,1,2,A
5,39212,True,B,A,3,1,B
5,39213,True,A,B,4,1,B
5,39214,True,B,A,1,2,A
5,39215,True,A,B,2,0,B
5,39216,True,B,A,6,1,B
5,39217,True,B,A,1,2,A
5,39218,True,A,B,0,1,A
5,39219,True,B,A,1,2,A
5,39220,True,A,B,6,1,B
5,39221,True,B,A,3,1,B
5,39222,True,A,B,6,1,B
5,39223,True,B,A,3,1,B
5,39224,True,A,B,4,1,A
5,39225,True,B,A,6,1,B
5,39226,True,A,B,0,1,A
5,39227,True,A,B,6,1,B
5,39228,True,A,B,2,0,B
5,39229,True,B,A,3,1,B
5,39230,True,B,A,2,0,B
5,39231,True,B,A,2,1,B
5,39232,True,A,B,4,1,B
5,39233,True,B,A,10,1,B
5,39234,True,A,B,2,0,B
5,39235,True,B,A,6,1,B
5,39236,True,A,B,10,1,B
5,39237,True,A,B,1,2,A
5,39238,True,A,B,3,1,B
5,39239,True,B,A,10,1,B
5,39240,True,B,A,3,1,B
5,39241,True,B,A,1,1,A
5,39242,False,,,,,
5,39243,True,A,B,4,1,B
5,39244,True,B,A,2,1,A
5,39245,True,A,B,1,1,A
5,39246,True,B,A,3,1,B
5,39247,False,,,,,
5,39248,True,A,B,1,1,A
5,39249,True,B,A,1,1,A
5,39250,True,B,A,3,1,B
5,39251,True,B,A,1,1,A
5,39252,False,,,,,
5,39253,True,A,B,0,1,A
5,39254,True,B,A,1,1,A
5,39255,True,A,B,0,1,A
5,39256,True,A,B,0,1,A
5,39257,True,A,B,4,1,B
5,39258,True,A,B,1,2,A
5,39259,True,B,A,6,1,B
5,39260,True,A,B,0,1,A
5,39261,True,B,A,2,1,A
5,39262,True,A,B,6,1,B
5,39263,True,B,A,3,1,B
5,39264,True,A,B,3,1,B
5,39265,True,B,A,6,1,B
5,39266,True,B,A,0,1,A
5,39267,True,A,B,1,1,A
5,39268,True,A,B,3,1,B
5,39269,True,B,A,1,2,A
5,39270,False,,,,,
5,39271,True,A,B,10,1,B
5,39272,False,,,,,
5,39273,True,A,B,10,1,B
5,39274,True,B,A,3,1,B
5,39275,True,B,A,1,1,A
5,39276,True,B,A,1,1,A
5,39277,True,A,B,3,1,B
5,39278,True,A,B,3,1,B
5,39279,True,B,A,1,1,A
5,39280,True,B,A,3,1,A
5,39281,True,A,B,3,1,B
5,39282,True,A,B,10,1,B
5,39283,True,B,A,3,1,B
5,39284,True,B,A,1,2,A
5,39285,True,B,A,1,2,A
5,39286,True,B,A,1,1,A
5,39287,True,A,B,4,1,B
5,39288,True,A,B,2,1,A
5,39289,True,B,A,10,1,B
5,39290,True,A,B,10,1,B
5,39291,True,A,B,2,1,B
5,39292,True,A,B,4,1,B
5,39293,True,A,B,3,1,B
5,39294,True,B,A,2,1,A
5,39295,True,B,A,4,1,B
5,39296,True,B,A,3,1,B
5,39297,True,B,A,1,1,A
5,39298,True,A,B,10,1,B
5,39299,True,B,A,1,1,A
5,39300,False,,,,,
5,39301,True,B,A,10,1,B
5,39302,True,A,B,4,1,B
5,39303,True,B,A,10,1,B
5,39304,True,B,A,10,1,B
5,39305,True,A,B,3,1,B
5,39306,True,B,A,3,1,B
5,39307,True,B,A,1,1,B
5,39308,True,A,B,3,1,A
5,39309,True,B,A,1,2,A
5,39310,True,A,B,3,1,B
5,39311,True,A,B,2,0,B
5,39312,True,B,A,3,1,B
5,39313,True,B,A,4,1,B
5,39314,True,B,A,2,0,B
5,39315,True,B,A,4,1,B
5,39316,True,A,B,1,1,A
5,39317,True,B,A,1,2,A
5,39318,True,B,A,2,1,A
5,39319,True,B,A,6,1,B
5,39320,True,A,B,1,2,A
5,39321,True,B,A,10,1,B
5,39322,True,B,A,3,1,B
5,39323,True,A,B,1,1,A
5,39324,True,B,A,2,1,A
5,39325,True,B,A,1,1,A
5,39326,True,B,A,6,1,B
5,39327,True,A,B,1,2,A
5,39328,True,B,A,6,1,B
5,39329,True,B,A,0,1,A
5,39330,True,A,B,2,0,B
5,39331,True,B,A,0,1,A
5,39332,True,B,A,10,1,B
5,39333,True,B,A,6,1,B
5,39334,True,B,A,1,2,A
5,39335,True,B,A,4,1,B
5,39336,True,B,A,4,1,B
5,39337,True,A,B,2,0,B
5,39338,True,B,A,10,1,B
5,39339,True,A,B,4,1,B
5,39340,True,A,B,0,1,A
5,39341,True,A,B,1,1,A
5,39342,True,B,A,6,1,B
5,39343,True,B,A,1,1,A
5,39344,True,B,A,0,1,A
5,39345,True,B,A,4,1,B
5,39346,True,A,B,4,1,B
5,39347,True,B,A,2,1,B
5,39348,True,A,B,2,0,B
5,39349,True,B,A,2,0,B
5,39350,True,A,B,1,1,A
5,39351,True,B,A,6,1,B
5,39352,True,A,B,4,1,B
5,39353,True,B,A,2,1,A
5,39354,True,A,B,1,2,A
5,39355,True,B,A,2,1,B
5,39356,True,B,A,3,1,B
5,39357,True,A,B,0,1,A
5,39358,True,B,A,3,1,B
5,39359,False,,,,,
5,39360,True,B,A,2,1,A
5,39361,True,A,B,1,2,A
5,39362,True,B,A,4,1,B
5,39363,True,B,A,4,1,B
5,39364,True,A,B,3,1,B
5,39365,True,A,B,4,1,B
5,39366,True,A,B,1,1,A
5,39367,True,A,B,0,1,A
5,39368,True,A,B,1,2,A
5,39369,True,B,A,1,2,A
5,39370,True,A,B,2,0,B
5,39371,True,A,B,2,0,B
5,39372,False,,,,,
5,39373,False,,,,,
5,39374,True,B,A,0,1,A
5,39375,True,B,A,2,0,B
5,39376,True,A,B,10,1,B
5,39377,True,A,B,3,1,A
5,39378,True,A,B,2,0,B
5,39379,True,B,A,4,1,B
5,39380,True,A,B,2,1,B
5,39381,True,B,A,2,0,B
5,39382,True,B,A,6,1,B
5,39383,True,B,A,1,2,A
5,39384,True,B,A,2,1,A
5,39385,True,B,A,1,2,A
5,39386,True,B,A,2,1,A
5,39387,True,A,B,1,1,A
5,39388,True,A,B,1,2,A
5,39389,True,B,A,10,1,B
5,39390,True,B,A,2,1,A
5,39391,True,B,A,1,1,B
5,39392,True,A,B,6,1,B
5,39393,True,A,B,1,2,A
5,39394,True,A,B,6,1,B
5,39395,True,B,A,1,2,A
5,39396,True,B,A,10,1,B
5,39397,True,A,B,1,1,A
5,39398,True,A,B,1,2,A
5,39399,True,A,B,3,1,B
5,39400,True,B,A,4,1,B
5,39401,True,B,A,0,1,A
5,39402,True,A,B,4,1,B
5,39403,True,A,B,0,1,A
5,39404,True,A,B,4,1,B
5,39405,True,B,A,3,1,B
5,39406,True,B,A,2,0,B
5,39407,True,B,A,1,1,A
5,39408,True,A,B,10,1,B
5,39409,True,A,B,10,1,B
5,39410,True,B,A,2,1,B
5,39411,True,A,B,1,2,A
5,39412,True,B,A,4,1,B
5,39413,True,A,B,10,1,B
5,39414,True,B,A,2,0,B
5,39415,True,A,B,2,1,B
5,39416,True,B,A,1,1,A
5,39417,True,B,A,3,1,B
5,39418,True,B,A,1,1,A
5,39419,True,A,B,6,1,B
5,39420,True,A,B,2,0,B
5,39421,True,A,B,4,1,B
5,39422,True,B,A,1,2,A
5,39423,True,B,A,6,1,B
5,39424,True,A,B,2,1,B
5,39425,True,B,A,3,1,B
5,39426,True,A,B,3,1,B
5,39427,True,A,B,0,1,A
5,39428,True,B,A,3,1,A
5,39429,True,B,A,1,1,A
5,39430,True,A,B,0,1,A
5,39431,True,A,B,10,1,B
5,39432,True,A,B,3,1,B
5,39433,True,A,B,1,1,B
5,39434,False,,,,,
5,39435,True,B,A,1,2,A
5,39436,True,B,A,0,1,A
5,39437,True,B,A,1,1,A
5,39438,True,B,A,3,1,A
5,39439,True,A,B,2,0,B
5,39440,True,A,B,2,0,B
5,39441,True,A,B,2,1,A
5,39442,True,B,A,2,1,A
5,39443,True,A,B,1,1,A
5,39444,True,B,A,1,2,A
5,39445,True,A,B,4,1,B
5,39446,True,B,A,3,1,B
5,39447,True,A,B,6,1,B
5,39448,True,A,B,1,2,A
5,39449,True,A,B,0,1,A
5,39450,True,A,B,1,2,A
5,39451,True,A,B,0,1,A
5,39452,True,B,A,1,2,A
5,39453,True,A,B,0,1,A
5,39454,True,B,A,0,1,A
5,39455,True,A,B,1,2,A
5,39456,True,A,B,1,2,A
5,39457,True,B,A,1,2,A
5,39458,True,A,B,1,1,A
5,39459,True,B,A,0,1,A
5,39460,False,,,,,
5,39461,True,A,B,2,0,B
5,39462,True,A,B,1,1,A
5,39463,True,A,B,1,2,A
5,39464,True,B,A,2,1,A
5,39465,True,B,A,2,1,A
5,39466,True,B,A,0,1,A
5,39467,True,A,B,0,1,A
5,39468,True,B,A,1,1,A
5,39469,True,B,A,2,1,B
5,39470,True,B,A,1,1,A
5,39471,True,B,A,0,1,A
5,39472,True,A,B,6,1,B
5,39473,True,B,A,2,1,A
5,39474,True,A,B,3,1,B
5,39475,True,A,B,2,1,A
5,39476,True,B,A,1,2,A
5,39477,True,B,A,4,1,B
5,39478,True,A,B,10,1,B
5,39479,True,B,A,4,1,B
5,39480,True,A,B,0,1,A
5,39481,True,B,A,3,1,B
5,39482,True,B,A,3,1,B
5,39483,True,A,B,2,1,A
5,39484,True,B,A,6,1,B
5,39485,True,B,A,2,0,B
5,39486,True,A,B,6,1,B
5,39487,True,A,B,1,1,B
5,39488,True,A,B,2,1,A
5,39489,True,A,B,3,1,B
5,39490,True,A,B,10,1,B
5,39491,True,A,B,10,1,B
5,39492,True,B,A,6,1,B
5,39493,True,A,B,1,2,A
5,39494,True,A,B,3,1,B
5,39495,True,A,B,0,1,A
5,39496,True,A,B,1,2,A
5,39497,True,A,B,6,1,B
5,39498,True,B,A,2,1,A
5,39499,True,A,B,3,1,B
5,39500,True,A,B,0,1,A
5,39501,True,A,B,2,1,B
5,39502,True,B,A,4,1,B
5,39503,True,A,B,0,1,A
5,39504,False,,,,,
5,39505,True,B,A,1,1,A
5,39506,True,B,A,0,1,A
5,39507,True,A,B,2,0,B
5,39508,True,A,B,2,0,B
5,39509,True,A,B,0,1,A
5,39510,True,A,B,6,1,B
5,39511,True,B,A,4,1,B
5,39512,True,B,A,10,1,B
5,39513,True,B,A,0,1,A
5,39514,False,,,,,
5,39515,True,B,A,4,1,B
5,39516,True,B,A,2,0,B
5,39517,True,B,A,6,1,B
5,39518,True,A,B,4,1,B
5,39519,True,A,B,4,1,B
5,39520,False,,,,,
5,39521,False,,,,,
5,39522,True,B,A,4,1,B
5,39523,True,A,B,4,1,B
5,39524,True,B,A,6,1,B
5,39525,True,B,A,6,1,B
5,39526,True,A,B,4,1,B
5,39527,True,A,B,2,1,A
5,39528,True,B,A,1,2,A
5,39529,True,B,A,1,1,A
5,39530,True,A,B,2,1,A
5,39531,True,A,B,10,1,B
5,39532,True,A,B,0,1,A
5,39533,True,B,A,10,1,B
5,39534,True,A,B,0,1,A
5,39535,False,,,,,
5,39536,True,B,A,6,1,B
5,39537,True,B,A,6,1,B
5,39538,True,A,B,6,1,B
5,39539,True,B,A,3,1,B
5,39540,True,A,B,6,1,B
5,39541,True,A,B,3,1,B
5,39542,True,B,A,4,1,B
5,39543,True,A,B,1,2,A
5,39544,True,A,B,2,1,A
5,39545,True,A,B,3,1,B
5,39546,True,B,A,10,1,B
5,39547,True,B,A,4,1,B
5,39548,True,A,B,10,1,B
5,39549,True,B,A,3,1,B
5,39550,True,B,A,10,1,B
5,39551,True,B,A,10,1,B
5,39552,True,B,A,10,1,B
5,39553,True,A,B,4,1,B
5,39554,True,B,A,2,1,A
5,39555,True,B,A,10,1,B
5,39556,False,,,,,
5,39557,True,A,B,0,1,A
5,39558,True,B,A,3,1,B
5,39559,True,A,B,3,1,A
5,39560,True,A,B,3,1,B
5,39561,True,B,A,3,1,A
5,39562,True,A,B,1,1,A
5,39563,True,B,A,1,2,A
5,39564,True,B,A,10,1,B
5,39565,True,A,B,3,1,B
5,39566,True,A,B,4,1,B
5,39567,True,B,A,3,1,A
5,39568,True,A,B,0,1,A
5,39569,True,A,B,2,0,B
5,39570,True,B,A,4,1,B
5,39571,True,A,B,0,1,A
5,39572,True,A,B,1,2,A
5,39573,True,B,A,10,1,B
5,39574,True,A,B,3,1,A
5,39575,True,B,A,2,1,A
5,39576,True,B,A,0,1,A
5,39577,True,A,B,0,1,A
5,39578,True,B,A,2,1,B
5,39579,True,A,B,2,1,B
5,39580,True,A,B,10,1,B
5,39581,True,A,B,1,2,A
5,39582,True,A,B,0,1,A
5,39583,True,B,A,1,1,A
5,39584,True,A,B,3,1,B
5,39585,True,B,A,0,1,A
5,39586,True,A,B,3,1,B
5,39587,True,A,B,10,1,B
5,39588,True,B,A,10,1,B
5,39589,True,A,B,0,1,A
5,39590,True,A,B,2,1,B
5,39591,True,B,A,6,1,B
5,39592,False,,,,,
5,39593,True,B,A,4,1,B
5,39594,True,A,B,4,1,B
5,39595,True,A,B,0,1,A
5,39596,True,A,B,0,1,A
5,39597,True,A,B,10,1,B
5,39598,True,A,B,2,0,B
5,39599,True,B,A,10,1,B
5,39600,True,B,A,1,1,A
5,39601,True,B,A,4,1,B
5,39602,True,B,A,6,1,B
5,39603,True,B,A,1,1,A
5,39604,True,B,A,3,1,A
5,39605,True,A,B,2,0,B
5,39606,True,B,A,4,1,A
5,39607,True,B,A,6,1,B
5,39608,True,A,B,2,1,B
5,39609,True,A,B,1,2,B
5,39610,True,B,A,3,1,B
5,39611,False,,,,,
5,39612,True,B,A,2,1,A
5,39613,False,,,,,
5,39614,True,B,A,4,1,B
5,39615,True,A,B,1,2,A
5,39616,True,B,A,1,2,A
5,39617,True,A,B,6,1,B
5,39618,True,A,B,10,1,B
5,39619,True,A,B,0,1,A
5,39620,True,A,B,2,1,A
5,39621,True,A,B,3,1,B
5,39622,True,A,B,10,1,B
5,39623,True,A,B,10,1,B
5,39624,True,A,B,0,1,A
5,39625,True,A,B,3,1,A
5,39626,True,A,B,10,1,B
5,39627,True,A,B,4,1,B
5,39628,True,B,A,4,1,B
5,39629,True,B,A,2,1,B
5,39630,True,B,A,1,2,A
5,39631,True,B,A,1,2,A
5,39632,True,B,A,0,1,A
5,39633,True,A,B,4,1,B
5,39634,True,A,B,2,1,B
5,39635,True,B,A,1,1,A
5,39636,True,B,A,1,1,A
5,39637,True,B,A,0,1,A
5,39638,True,B,A,4,1,B
5,39639,True,A,B,10,1,B
5,39640,True,A,B,3,1,B
5,39641,True,B,A,10,1,B
5,39642,True,A,B,2,1,A
5,39643,True,B,A,1,1,B
5,39644,True,B,A,10,1,B
5,39645,True,A,B,0,1,A
5,39646,True,A,B,4,1,B
5,39647,True,B,A,1,2,A
5,39648,True,B,A,0,1,A
5,39649,True,A,B,1,2,A
5,39650,True,B,A,2,0,B
5,39651,True,B,A,4,1,B
5,39652,True,B,A,3,1,A
5,39653,True,B,A,4,1,B
5,39654,True,B,A,1,2,A
5,39655,True,A,B,4,1,B
5,39656,True,B,A,1,1,A
5,39657,True,A,B,1,1,A
5,39658,True,B,A,2,1,A
5,39659,True,A,B,0,1,A
5,39660,True,B,A,4,1,B
5,39661,True,B,A,6,1,B
5,39662,True,A,B,4,1,B
5,39663,True,B,A,10,1,B
5,39664,True,A,B,2,1,B
5,39665,True,B,A,2,0,B
5,39666,True,A,B,1,1,A
5,39667,True,B,A,10,1,B
5,39668,True,A,B,1,2,A
5,39669,True,B,A,2,0,B
5,39670,True,B,A,1,1,A
5,39671,True,B,A,0,1,A
5,39672,True,A,B,1,2,A
5,39673,True,A,B,2,1,A
5,39674,True,A,B,2,0,B
5,39675,True,A,B,6,1,B
5,39676,True,B,A,3,1,B
5,39677,True,B,A,1,2,A
5,39678,True,A,B,2,0,B
5,39679,True,A,B,1,1,A
5,39680,True,A,B,3,1,B
5,39681,True,B,A,10,1,B
5,39682,True,A,B,0,1,A
5,39683,False,,,,,
5,39684,True,B,A,3,1,B
5,39685,True,A,B,0,1,A
5,39686,True,B,A,1,1,A
5,39687,True,B,A,3,1,B
5,39688,True,B,A,1,2,A
5,39689,True,B,A,2,1,A
5,39690,True,B,A,10,1,B
5,39691,True,A,B,10,1,B
5,39692,True,B,A,4,1,B
5,39693,True,A,B,2,1,A
5,39694,True,B,A,3,1,B
5,39695,True,B,A,4,1,B
5,39696,True,B,A,1,2,A
5,39697,True,A,B,1,1,A
5,39698,True,A,B,2,1,A
5,39699,True,B,A,2,0,B
5,39700,True,B,A,2,0,B
5,39701,True,B,A,10,1,B
5,39702,True,A,B,0,1,A
5,39703,True,A,B,4,1,B
5,39704,True,B,A,4,1,B
5,39705,True,B,A,1,2,A
5,39706,True,A,B,10,1,B
5,39707,False,,,,,
5,39708,True,B,A,4,1,B
5,39709,True,B,A,1,1,B
5,39710,True,B,A,6,1,B
5,39711,True,A,B,0,1,A
5,39712,True,B,A,1,2,A
5,39713,True,A,B,2,1,A
5,39714,True,B,A,4,1,B
5,39715,True,A,B,1,1,A
5,39716,True,A,B,3,1,B
5,39717,True,A,B,1,2,A
5,39718,True,A,B,6,1,B
5,39719,True,A,B,6,1,B
5,39720,True,B,A,1,2,A
5,39721,True,B,A,3,1,B
5,39722,True,B,A,3,1,B
5,39723,True,A,B,2,1,A
5,39724,True,A,B,0,1,A
5,39725,True,A,B,10,1,B
5,39726,True,A,B,10,1,B
5,39727,True,A,B,4,1,B
5,39728,True,B,A,0,1,A
5,39729,True,A,B,0,1,A
5,39730,True,B,A,10,1,B
5,39731,True,B,A,6,1,B
5,39732,True,B,A,2,1,B
5,39733,True,B,A,2,1,B
5,39734,True,B,A,1,1,A
5,39735,True,B,A,4,1,B
5,39736,True,A,B,1,1,A
5,39737,True,B,A,2,0,B
5,39738,True,A,B,1,1,A
5,39739,True,A,B,1,2,A
5,39740,True,A,B,10,1,B
5,39741,True,B,A,2,0,B
5,39742,False,,,,,
5,39743,True,B,A,3,1,B
5,39744,True,A,B,0,1,A
5,39745,True,A,B,10,1,B
5,39746,True,B,A,2,1,A
5,39747,True,A,B,2,1,A
5,39748,True,A,B,1,1,A
5,39749,True,B,A,6,1,B
5,39750,True,B,A,4,1,B
5,39751,True,B,A,1,2,A
5,39752,True,A,B,1,2,A
5,39753,True,A,B,6,1,B
5,39754,True,B,A,3,1,B
5,39755,True,B,A,0,1,A
5,39756,True,A,B,4,1,B
5,39757,True,A,B,2,1,B
5,39758,True,B,A,3,1,B
5,39759,True,A,B,4,1,B
5,39760,True,A,B,2,0,B
5,39761,True,B,A,0,1,A
5,39762,True,A,B,1,2,A
5,39763,True,A,B,1,1,A
5,39764,True,B,A,0,1,A
5,39765,True,B,A,10,1,B
5,39766,True,B,A,3,1,B
5,39767,True,B,A,4,1,B
5,39768,True,A,B,1,1,A
5,39769,True,B,A,2,1,B
5,39770,True,B,A,10,1,B
5,39771,True,B,A,4,1,B
5,39772,True,B,A,4,1,B
5,39773,True,A,B,2,0,B
5,39774,True,A,B,10,1,B
5,39775,True,B,A,1,1,A
5,39776,True,B,A,2,0,B
5,39777,True,A,B,6,1,B
5,39778,True,A,B,0,1,A
5,39779,True,A,B,2,1,A
5,39780,True,A,B,1,1,A
5,39781,True,B,A,4,1,B
5,39782,True,B,A,4,1,B
5,39783,True,A,B,1,2,A
5,39784,True,A,B,1,2,A
5,39785,False,,,,,
5,39786,True,A,B,2,1,B
5,39787,True,A,B,2,1,A
5,39788,True,B,A,1,2,A
5,39789,True,A,B,1,2,A
5,39790,True,B,A,4,1,B
5,39791,True,B,A,2,1,A
5,39792,True,A,B,4,1,B
5,39793,True,A,B,3,1,B
5,39794,True,B,A,2,1,B
5,39795,True,B,A,4,1,B
5,39796,True,A,B,4,1,B
5,39797,True,A,B,2,0,B
5,39798,True,A,B,1,2,A
5,39799,True,B,A,4,1,B
5,39800,True,A,B,4,1,B
5,39801,True,B,A,1,1,A
5,39802,True,B,A,2,0,B
5,39803,True,B,A,3,1,B
5,39804,True,A,B,0,1,A
5,39805,True,A,B,2,1,A
5,39806,True,B,A,3,1,B
5,39807,True,B,A,6,1,B
5,39808,True,B,A,2,0,B
5,39809,True,B,A,2,0,B
5,39810,True,A,B,2,1,B
5,39811,True,A,B,1,2,A
5,39812,True,B,A,2,0,B
5,39813,True,B,A,6,1,B
5,39814,True,A,B,2,0,B
5,39815,True,A,B,0,1,A
5,39816,True,A,B,3,1,B
5,39817,True,B,A,1,2,A
5,39818,True,B,A,1,2,A
5,39819,True,A,B,1,1,A
5,39820,True,B,A,10,1,B
5,39821,True,B,A,1,1,A
5,39822,True,A,B,2,1,A
5,39823,True,A,B,2,0,B
5,39824,True,B,A,2,0,B
5,39825,True,B,A,2,1,B
5,39826,True,A,B,4,1,B
5,39827,True,A,B,1,1,B
5,39828,True,B,A,1,1,A
5,39829,True,B,A,3,1,B
5,39830,True,B,A,4,1,B
5,39831,True,B,A,6,1,B
5,39832,True,A,B,1,1,A
5,39833,True,B,A,2,1,A
5,39834,True,B,A,0,1,A
5,39835,True,A,B,1,1,A
5,39836,True,B,A,6,1,B
5,39837,True,B,A,1,1,A
5,39838,True,B,A,6,1,B
5,39839,True,B,A,6,1,B
5,39840,True,A,B,4,1,B
5,39841,True,A,B,10,1,B
5,39842,True,B,A,4,1,B
5,39843,True,A,B,2,1,B
5,39844,True,A,B,2,1,A
5,39845,True,B,A,6,1,B
5,39846,True,A,B,6,1,B
5,39847,True,A,B,3,1,A
5,39848,True,B,A,1,2,A
5,39849,True,B,A,0,1,A
5,39850,True,B,A,6,1,B
5,39851,True,B,A,0,1,A
5,39852,True,A,B,0,1,A
5,39853,True,B,A,2,0,B
5,39854,False,,,,,
5,39855,True,B,A,6,1,B
5,39856,True,B,A,1,1,A
5,39857,True,B,A,2,1,B
5,39858,True,B,A,10,1,B
5,39859,True,A,B,10,1,B
5,39860,True,B,A,1,2,A
5,39861,True,B,A,10,1,B
5,39862,True,B,A,1,2,A
5,39863,True,A,B,1,1,A
5,39864,True,B,A,0,1,A
5,39865,True,A,B,6,1,B
5,39866,True,B,A,1,1,A
5,39867,True,B,A,2,1,A
5,39868,True,A,B,10,1,B
5,39869,True,B,A,2,0,B
5,39870,True,B,A,0,1,A
5,39871,True,B,A,2,1,B
5,39872,True,A,B,4,1,B
5,39873,True,A,B,3,1,B
5,39874,True,A,B,0,1,A
5,39875,False,,,,,
5,39876,True,A,B,2,0,B
5,39877,True,B,A,6,1,B
5,39878,True,A,B,10,1,B
5,39879,True,B,A,4,1,B
5,39880,True,A,B,10,1,B
5,39881,True,A,B,4,1,B
5,39882,True,A,B,0,1,A
5,39883,True,A,B,0,1,A
5,39884,True,A,B,1,2,A
5,39885,True,B,A,4,1,B
5,39886,True,B,A,6,1,B
5,39887,True,A,B,3,1,B
5,39888,True,A,B,3,1,B
5,39889,True,A,B,3,1,B
5,39890,True,B,A,10,1,B
5,39891,False,,,,,
5,39892,True,B,A,4,1,B
5,39893,True,B,A,1,2,A
5,39894,True,A,B,10,1,B
5,39895,True,A,B,6,1,B
5,39896,True,A,B,2,0,B
5,39897,True,B,A,1,2,A
5,39898,True,B,A,1,1,A
5,39899,True,A,B,0,1,A
5,39900,True,B,A,2,0,B
5,39901,True,A,B,1,1,A
5,39902,True,B,A,1,1,A
5,39903,True,B,A,1,2,A
5,39904,True,B,A,6,1,B
5,39905,True,A,B,1,2,A
5,39906,True,B,A,1,2,A
5,39907,True,B,A,2,1,A
5,39908,True,B,A,10,1,B
5,39909,True,B,A,10,1,B
5,39910,True,A,B,10,1,B
5,39911,True,B,A,0,1,A
5,39912,True,B,A,2,1,B
5,39913,True,B,A,2,0,B
5,39914,True,B,A,2,1,A
5,39915,True,B,A,6,1,B
5,39916,True,B,A,1,1,A
5,39917,True,A,B,1,1,A
5,39918,False,,,,,
5,39919,True,A,B,1,1,B
5,39920,True,B,A,3,1,B
5,39921,True,A,B,0,1,A
5,39922,True,B,A,1,2,A
5,39923,True,A,B,4,1,B
5,39924,True,A,B,1,2,A
5,39925,True,B,A,0,1,A
5,39926,True,B,A,3,1,B
5,39927,True,A,B,10,1,B
5,39928,True,B,A,1,1,A
5,39929,True,A,B,2,1,A
5,39930,True,A,B,2,0,B
5,39931,True,A,B,2,1,A
5,39932,True,A,B,1,1,A
5,39933,True,B,A,2,1,B
5,39934,True,A,B,4,1,B
5,39935,True,A,B,10,1,B
5,39936,True,A,B,1,1,B
5,39937,True,A,B,4,1,B
5,39938,True,B,A,1,2,A
5,39939,True,A,B,10,1,B
5,39940,True,B,A,6,1,B
5,39941,True,A,B,6,1,B
5,39942,True,B,A,1,2,A
5,39943,True,A,B,4,1,A
5,39944,True,A,B,6,1,B
5,39945,True,B,A,1,1,A
5,39946,False,,,,,
5,39947,True,A,B,2,1,A
5,39948,True,B,A,10,1,B
5,39949,True,B,A,6,1,B
5,39950,True,B,A,4,1,B
5,39951,True,A,B,10,1,B
5,39952,True,A,B,1,1,A
5,39953,True,A,B,10,1,B
5,39954,True,A,B,4,1,B
5,39955,True,B,A,10,1,B
5,39956,True,A,B,0,1,A
5,39957,True,A,B,1,1,A
5,39958,True,A,B,0,1,A
5,39959,True,B,A,1,1,A
5,39960,True,A,B,2,1,B
5,39961,True,A,B,2,1,B
5,39962,True,A,B,3,1,B
5,39963,True,A,B,1,2,A
5,39964,True,B,A,10,1,B
5,39965,True,B,A,1,1,A
5,39966,True,A,B,4,1,B
5,39967,True,B,A,6,1,B
5,39968,True,B,A,2,1,A
5,39969,True,A,B,1,2,A
5,39970,True,B,A,10,1,B
5,39971,True,A,B,4,1,B
5,39972,True,B,A,0,1,A
5,39973,True,A,B,2,1,A
5,39974,True,A,B,1,1,A
5,39975,True,A,B,1,1,A
5,39976,True,A,B,10,1,B
5,39977,True,A,B,1,1,A
5,39978,True,B,A,0,1,A
5,39979,True,B,A,1,2,A
5,39980,True,A,B,3,1,B
5,39981,True,A,B,2,0,B
5,39982,True,B,A,6,1,B
5,39983,True,A,B,6,1,B
5,39984,True,B,A,1,1,A
5,39985,True,A,B,4,1,B
5,39986,True,B,A,4,1,A
5,39987,True,A,B,2,1,A
5,39988,True,B,A,3,1,B
5,39989,True,A,B,2,1,A
5,39990,True,A,B,0,1,A
5,39991,True,B,A,6,1,B
5,39992,False,,,,,
5,39993,True,A,B,10,1,B
5,39994,True,B,A,2,1,A
5,39995,True,A,B,6,1,B
5,39996,True,B,A,2,0,B
5,39997,True,A,B,1,1,A
5,39998,True,A,B,2,0,B
5,39999,True,B,A,6,1,B
5,40000,True,A,B,0,1,A
6,40001,False,,,,,
6,40002,False,,,,,
6,40003,False,,,,,
6,40004,True,A,B,1,2,A
6,40005,False,,,,,
6,40006,False,,,,,
6,40007,False,,,,,
6,40008,True,A,B,1,1,A
6,40009,True,B,A,3,1,B
6,40010,True,A,B,6,1,B
6,40011,True,B,A,6,1,B
6,40012,True,B,A,2,1,A
6,40013,False,,,,,
6,40014,False,,,,,
6,40015,False,,,,,
6,40016,True,A,B,0,1,A
6,40017,False,,,,,
6,40018,True,A,B,0,1,A
6,40019,True,B,A,4,1,B
6,40020,True,A,B,1,2,A
6,40021,True,B,A,2,1,B
6,40022,True,A,B,0,1,A
6,40023,True,A,B,1,2,A
6,40024,True,A,B,1,1,A
6,40025,True,B,A,6,1,B
6,40026,True,A,B,2,1,B
6,40027,True,A,B,2,0,B
6,40028,True,B,A,10,1,B
6,40029,True,B,A,6,1,B
6,40030,True,B,A,2,1,B
6,40031,True,A,B,0,1,A
6,40032,True,B,A,1,1,A
6,40033,True,A,B,10,1,B
6,40034,True,A,B,1,2,A
6,40035,True,A,B,6,1,B
6,40036,True,B,A,4,1,B
6,40037,True,B,A,1,1,A
6,40038,True,B,A,2,1,B
6,40039,False,,,,,
6,40040,True,B,A,6,1,B
6,40041,True,B,A,1,1,A
6,40042,True,B,A,1,1,A
6,40043,True,B,A,2,1,A
6,40044,True,A,B,1,2,A
6,40045,True,A,B,2,1,A
6,40046,True,A,B,4,1,B
6,40047,True,B,A,10,1,B
6,40048,True,A,B,10,1,B
6,40049,True,A,B,3,1,B
6,40050,True,B,A,6,1,B
6,40051,True,B,A,2,0,B
6,40052,True,B,A,6,1,B
6,40053,True,A,B,10,1,B
6,40054,True,A,B,2,0,B
6,40055,True,B,A,2,1,B
6,40056,True,B,A,2,1,A
6,40057,True,B,A,1,1,A
6,40058,True,B,A,2,1,B
6,40059,True,B,A,4,1,B
6,40060,True,B,A,2,0,B
6,40061,True,B,A,3,1,B
6,40062,True,A,B,1,1,A
6,40063,True,A,B,2,1,A
6,40064,True,B,A,10,1,B
6,40065,True,B,A,2,0,B
6,40066,True,A,B,6,1,B
6,40067,True,A,B,1,1,A
6,40068,True,B,A,0,1,A
6,40069,True,B,A,6,1,B
6,40070,True,A,B,4,1,A
6,40071,True,A,B,1,1,A
6,40072,True,B,A,6,1,B
6,40073,True,B,A,3,1,A
6,40074,True,A,B,2,1,A
6,40075,True,A,B,1,2,A
6,40076,True,B,A,2,0,B
6,40077,True,A,B,3,1,B
6,40078,True,B,A,2,0,B
6,40079,True,B,A,2,1,B
6,40080,True,B,A,1,1,A
6,40081,True,B,A,2,1,A
6,40082,True,A,B,10,1,B
6,40083,True,A,B,3,1,B
6,40084,True,A,B,1,2,A
6,40085,True,B,A,0,1,A
6,40086,True,B,A,2,0,B
6,40087,True,B,A,0,1,A
6,40088,True,A,B,4,1,B
6,40089,True,A,B,10,1,B
6,40090,True,A,B,3,1,B
6,40091,False,,,,,
6,40092,True,B,A,0,1,A
6,40093,True,B,A,1,1,A
6,40094,True,B,A,2,0,B
6,40095,True,A,B,2,0,B
6,40096,True,B,A,2,0,B
6,40097,True,A,B,10,1,B
6,40098,True,A,B,3,1,B
6,40099,True,B,A,10,1,B
6,40100,True,A,B,4,1,B
6,40101,True,A,B,4,1,B
6,40102,True,A,B,1,2,A
6,40103,False,,,,,
6,40104,True,B,A,3,1,B
6,40105,True,A,B,0,1,A
6,40106,True,A,B,4,1,B
6,40107,True,A,B,1,1,A
6,40108,True,A,B,2,1,A
6,40109,True,A,B,1,1,A
6,40110,True,B,A,4,1,B
6,40111,True,B,A,4,1,B
6,40112,True,B,A,3,1,B
6,40113,True,A,B,1,2,A
6,40114,True,A,B,3,1,B
6,40115,True,A,B,1,1,A
6,40116,True,A,B,1,2,A
6,40117,True,B,A,1,1,A
6,40118,True,B,A,2,0,B
6,40119,True,B,A,1,2,A
6,40120,True,B,A,0,1,A
6,40121,True,B,A,1,2,A
6,40122,True,A,B,6,1,B
6,40123,True,B,A,1,1,A
6,40124,True,B,A,3,1,B
6,40125,True,B,A,3,1,B
6,40126,True,A,B,1,2,A
6,40127,True,A,B,10,1,B
6,40128,False,,,,,
6,40129,True,A,B,0,1,A
6,40130,True,B,A,0,1,A
6,40131,True,B,A,2,0,B
6,40132,True,A,B,4,1,B
6,40133,True,A,B,2,0,B
6,40134,True,B,A,6,1,B
6,40135,True,A,B,3,1,B
6,40136,True,A,B,6,1,B
6,40137,True,A,B,10,1,B
6,40138,True,A,B,3,1,B
6,40139,True,A,B,10,1,B
6,40140,True,B,A,1,1,A
6,40141,True,B,A,2,0,B
6,40142,True,B,A,4,1,B
6,40143,True,A,B,1,2,B
6,40144,True,B,A,4,1,B
6,40145,True,A,B,2,0,B
6,40146,True,B,A,3,1,A
6,40147,True,A,B,0,1,A
6,40148,True,B,A,1,1,A
6,40149,True,B,A,1,2,A
6,40150,True,B,A,4,1,B
6,40151,True,B,A,1,1,A
6,40152,True,B,A,6,1,B
6,40153,True,A,B,10,1,B
6,40154,True,B,A,1,1,A
6,40155,True,A,B,1,1,A
6,40156,True,B,A,4,1,B
6,40157,True,A,B,6,1,B
6,40158,True,A,B,0,1,A
6,40159,True,A,B,1,1,A
6,40160,True,B,A,4,1,B
6,40161,False,,,,,
6,40162,True,B,A,1,1,A
6,40163,True,A,B,1,2,A
6,40164,True,A,B,1,2,A
6,40165,True,B,A,1,2,A
6,40166,True,A,B,10,1,B
6,40167,True,A,B,10,1,B
6,40168,True,B,A,0,1,A
6,40169,True,B,A,1,2,A
6,40170,True,A,B,2,1,A
6,40171,True,B,A,2,0,B
6,40172,True,B,A,0,1,A
6,40173,True,B,A,4,1,B
6,40174,True,A,B,3,1,B
6,40175,True,B,A,4,1,B
6,40176,True,A,B,2,0,B
6,40177,True,A,B,1,1,A
6,40178,True,B,A,0,1,A
6,40179,True,B,A,4,1,B
6,40180,True,B,A,2,1,A
6,40181,True,B,A,0,1,A
6,40182,True,A,B,3,1,B
6,40183,True,A,B,1,1,A
6,40184,True,A,B,0,1,A
6,40185,True,A,B,1,1,A
6,40186,True,A,B,1,1,B
6,40187,True,B,A,2,1,A
6,40188,True,B,A,0,1,A
6,40189,True,B,A,2,0,B
6,40190,True,A,B,2,0,B
6,40191,True,B,A,2,0,B
6,40192,True,A,B,3,1,B
6,40193,True,B,A,3,1,B
6,40194,True,B,A,1,1,A
6,40195,True,B,A,2,1,A
6,40196,True,B,A,1,2,A
6,40197,True,B,A,10,1,B
6,40198,True,A,B,1,2,A
6,40199,True,B,A,1,1,A
6,40200,True,A,B,1,2,A
6,40201,True,A,B,2,0,B
6,40202,True,B,A,4,1,B
6,40203,True,A,B,4,1,B
6,40204,True,A,B,2,0,B
6,40205,True,B,A,6,1,B
6,40206,True,A,B,2,0,B
6,40207,True,B,A,6,1,B
6,40208,True,A,B,1,1,A
6,40209,True,B,A,2,0,B
6,40210,True,A,B,4,1,B
6,40211,True,A,B,1,1,A
6,40212,True,A,B,2,1,B
6,40213,True,B,A,10,1,B
6,40214,True,A,B,2,0,B
6,40215,True,B,A,1,2,A
6,40216,True,B,A,2,0,B
6,40217,True,B,A,0,1,A
6,40218,False,,,,,
6,40219,True,B,A,3,1,B
6,40220,True,B,A,3,1,B
6,40221,False,,,,,
6,40222,True,B,A,1,2,A
6,40223,True,A,B,1,2,A
6,40224,True,A,B,2,0,B
6,40225,True,A,B,1,2,A
6,40226,True,A,B,2,1,A
6,40227,True,B,A,10,1,B
6,40228,True,B,A,4,1,B
6,40229,True,A,B,1,2,A
6,40230,True,A,B,3,1,B
6,40231,True,B,A,1,1,A
6,40232,True,A,B,3,1,B
6,40233,True,A,B,1,1,A
6,40234,True,A,B,0,1,A
6,40235,True,B,A,3,1,B
6,40236,True,A,B,1,1,A
6,40237,True,B,A,2,1,B
6,40238,True,A,B,0,1,A
6,40239,True,A,B,4,1,B
6,40240,True,B,A,6,1,B
6,40241,True,A,B,6,1,B
6,40242,False,,,,,
6,40243,True,A,B,2,1,B
6,40244,True,B,A,2,1,B
6,40245,True,B,A,2,1,B
6,40246,True,B,A,1,2,A
6,40247,True,B,A,1,2,A
6,40248,True,A,B,1,1,A
6,40249,True,B,A,4,1,B
6,40250,True,B,A,2,0,B
6,40251,True,B,A,2,0,B
6,40252,True,A,B,4,1,B
6,40253,True,A,B,4,1,B
6,40254,True,A,B,3,1,B
6,40255,True,A,B,10,1,B
6,40256,True,B,A,1,1,A
6,40257,True,B,A,1,2,A
6,40258,True,A,B,3,1,B
6,40259,True,A,B,2,1,B
6,40260,True,B,A,2,0,B
6,40261,True,B,A,1,2,A
6,40262,True,B,A,2,1,A
6,40263,True,A,B,10,1,B
6,40264,True,B,A,3,1,B
6,40265,True,A,B,2,1,B
6,40266,False,,,,,
6,40267,True,B,A,0,1,A
6,40268,True,A,B,1,2,A
6,40269,True,B,A,1,1,A
6,40270,True,A,B,2,0,B
6,40271,True,B,A,1,2,A
6,40272,True,B,A,4,1,B
6,40273,True,A,B,4,1,B
6,40274,True,B,A,1,2,A
6,40275,True,A,B,2,1,A
6,40276,True,A,B,0,1,A
6,40277,True,B,A,4,1,B
6,40278,True,B,A,6,1,B
6,40279,True,B,A,3,1,B
6,40280,False,,,,,
6,40281,True,A,B,6,1,B
6,40282,True,A,B,6,1,B
6,40283,False,,,,,
6,40284,True,A,B,1,2,A
6,40285,True,A,B,1,1,A
6,40286,True,A,B,4,1,B
6,40287,True,A,B,2,1,A
6,40288,True,A,B,1,1,A
6,40289,True,A,B,10,1,B
6,40290,False,,,,,
6,40291,True,A,B,3,1,A
6,40292,False,,,,,
6,40293,True,B,A,4,1,B
6,40294,True,A,B,10,1,B
6,40295,True,B,A,0,1,A
6,40296,True,B,A,2,0,B
6,40297,True,A,B,0,1,A
6,40298,True,B,A,1,1,A
6,40299,True,B,A,1,1,A
6,40300,True,B,A,2,1,B
6,40301,True,B,A,2,1,B
6,40302,True,B,A,2,0,B
6,40303,True,B,A,4,1,B
6,40304,True,A,B,1,2,A
6,40305,True,A,B,2,0,B
6,40306,True,A,B,6,1,B
6,40307,True,A,B,6,1,B
6,40308,True,A,B,1,1,A
6,40309,True,A,B,6,1,B
6,40310,False,,,,,
6,40311,True,A,B,10,1,B
6,40312,True,A,B,1,1,A
6,40313,False,,,,,
6,40314,True,A,B,6,1,B
6,40315,True,A,B,2,0,B
6,40316,True,A,B,0,1,A
6,40317,True,B,A,4,1,B
6,40318,True,A,B,0,1,A
6,40319,True,A,B,0,1,A
6,40320,True,B,A,2,1,A
6,40321,True,B,A,0,1,A
6,40322,True,A,B,1,1,A
6,40323,True,B,A,1,1,A
6,40324,True,B,A,1,1,A
6,40325,True,A,B,0,1,A
6,40326,True,A,B,2,0,B
6,40327,True,B,A,4,1,B
6,40328,True,A,B,0,1,A
6,40329,True,A,B,0,1,A
6,40330,False,,,,,
6,40331,True,B,A,1,2,A
6,40332,True,A,B,10,1,B
6,40333,True,B,A,10,1,B
6,40334,True,B,A,0,1,A
6,40335,True,B,A,3,1,B
6,40336,True,A,B,10,1,B
6,40337,True,A,B,2,1,B
6,40338,True,A,B,1,1,A
6,40339,True,A,B,2,0,B
6,40340,True,A,B,2,0,B
6,40341,True,A,B,6,1,B
6,40342,True,B,A,3,1,B
6,40343,True,B,A,3,1,A
6,40344,True,B,A,1,1,A
6,40345,True,A,B,2,1,A
6,40346,True,B,A,2,0,B
6,40347,True,A,B,1,1,A
6,40348,True,B,A,1,1,A
6,40349,True,B,A,6,1,B
6,40350,True,B,A,4,1,B
6,40351,True,A,B,10,1,B
6,40352,True,A,B,10,1,B
6,40353,True,B,A,10,1,B
6,40354,True,B,A,1,1,A
6,40355,True,A,B,4,1,B
6,40356,True,A,B,0,1,A
6,40357,True,B,A,6,1,B
6,40358,True,A,B,3,1,B
6,40359,True,B,A,1,1,A
6,40360,True,B,A,1,1,A
6,40361,True,A,B,3,1,B
6,40362,True,B,A,2,0,B
6,40363,True,B,A,1,1,B
6,40364,True,B,A,2,0,B
6,40365,True,B,A,0,1,A
6,40366,True,B,A,4,1,B
6,40367,True,A,B,4,1,B
6,40368,True,B,A,4,1,B
6,40369,True,B,A,1,1,A
6,40370,True,A,B,1,2,A
6,40371,True,B,A,1,1,B
6,40372,True,A,B,6,1,B
6,40373,True,A,B,0,1,A
6,40374,True,A,B,10,1,B
6,40375,True,A,B,2,1,A
6,40376,True,A,B,10,1,B
6,40377,True,A,B,1,2,A
6,40378,True,A,B,10,1,B
6,40379,True,B,A,2,0,B
6,40380,True,B,A,3,1,B
6,40381,True,A,B,0,1,A
6,40382,True,A,B,2,1,B
6,40383,False,,,,,
6,40384,True,A,B,4,1,B
6,40385,True,B,A,1,1,A
6,40386,True,B,A,2,0,B
6,40387,True,B,A,1,1,A
6,40388,True,A,B,10,1,B
6,40389,True,B,A,4,1,B
6,40390,True,A,B,2,0,B
6,40391,True,A,B,3,1,B
6,40392,True,A,B,3,1,B
6,40393,True,A,B,3,1,B
6,40394,True,B,A,1,2,A
6,40395,True,A,B,6,1,B
6,40396,True,A,B,0,1,A
6,40397,True,B,A,4,1,A
6,40398,True,B,A,1,2,A
6,40399,True,B,A,3,1,A
6,40400,True,A,B,4,1,B
6,40401,True,B,A,3,1,B
6,40402,True,B,A,4,1,B
6,40403,True,B,A,10,1,B
6,40404,True,B,A,10,1,B
6,40405,False,,,,,
6,40406,True,A,B,2,1,B
6,40407,True,A,B,3,1,B
6,40408,True,B,A,10,1,B
6,40409,True,A,B,3,1,B
6,40410,True,B,A,2,0,B
6,40411,True,A,B,1,1,A
6,40412,True,A,B,2,1,B
6,40413,True,B,A,6,1,B
6,40414,True,B,A,2,1,A
6,40415,True,B,A,2,1,B
6,40416,True,B,A,3,1,B
6,40417,True,B,A,4,1,B
6,40418,True,B,A,1,2,A
6,40419,True,B,A,4,1,B
6,40420,True,B,A,2,0,B
6,40421,True,B,A,0,1,A
6,40422,True,A,B,2,0,B
6,40423,True,B,A,10,1,B
6,40424,True,B,A,10,1,B
6,40425,False,,,,,
6,40426,True,B,A,6,1,B
6,40427,True,A,B,6,1,B
6,40428,True,A,B,4,1,B
6,40429,True,A,B,4,1,B
6,40430,True,B,A,4,1,B
6,40431,True,A,B,0,1,A
6,40432,True,B,A,2,0,B
6,40433,True,B,A,4,1,B
6,40434,True,A,B,1,1,A
6,40435,False,,,,,
6,40436,True,B,A,1,1,B
6,40437,True,B,A,6,1,B
6,40438,True,B,A,1,1,A
6,40439,True,B,A,6,1,B
6,40440,True,B,A,6,1,B
6,40441,True,A,B,2,0,B
6,40442,True,B,A,6,1,B
6,40443,True,B,A,0,1,A
6,40444,True,A,B,10,1,B
6,40445,True,A,B,1,2,A
6,40446,True,A,B,4,1,B
6,40447,True,A,B,2,0,B
6,40448,True,A,B,3,1,A
6,40449,True,A,B,4,1,B
6,40450,True,B,A,3,1,B
6,40451,True,A,B,6,1,B
6,40452,True,B,A,1,2,A
6,40453,True,A,B,4,1,B
6,40454,True,B,A,1,1,A
6,40455,True,A,B,1,2,A
6,40456,True,B,A,6,1,B
6,40457,True,A,B,3,1,B
6,40458,True,B,A,1,1,A
6,40459,True,A,B,3,1,B
6,40460,True,B,A,0,1,A
6,40461,True,B,A,10,1,B
6,40462,True,A,B,2,0,B
6,40463,True,B,A,2,0,B
6,40464,True,B,A,1,1,A
6,40465,True,B,A,4,1,B
6,40466,True,B,A,10,1,B
6,40467,True,B,A,1,1,A
6,40468,True,A,B,1,1,A
6,40469,True,B,A,3,1,B
6,40470,True,A,B,0,1,A
6,40471,True,A,B,0,1,A
6,40472,True,B,A,2,1,B
6,40473,True,B,A,6,1,B
6,40474,True,B,A,1,2,A
6,40475,True,A,B,4,1,B
6,40476,True,B,A,6,1,B
6,40477,True,A,B,0,1,A
6,40478,True,A,B,1,1,A
6,40479,True,A,B,2,0,B
6,40480,True,A,B,0,1,A
6,40481,True,A,B,3,1,B
6,40482,True,A,B,1,1,A
6,40483,True,A,B,0,1,A
6,40484,True,A,B,1,1,A
6,40485,False,,,,,
6,40486,True,B,A,10,1,B
6,40487,True,A,B,2,0,B
6,40488,True,A,B,2,0,B
6,40489,True,A,B,2,0,B
6,40490,True,A,B,1,2,A
6,40491,True,B,A,10,1,B
6,40492,True,A,B,2,0,B
6,40493,True,A,B,1,1,A
6,40494,True,B,A,10,1,B
6,40495,True,A,B,1,1,B
6,40496,True,A,B,0,1,A
6,40497,True,B,A,0,1,A
6,40498,True,B,A,1,1,A
6,40499,True,A,B,0,1,A
6,40500,True,A,B,1,1,A
6,40501,True,A,B,1,2,A
6,40502,True,A,B,1,1,A
6,40503,True,B,A,4,1,B
6,40504,True,B,A,1,1,B
6,40505,True,A,B,6,1,B
6,40506,True,B,A,6,1,B
6,40507,True,A,B,1,1,A
6,40508,True,A,B,1,2,A
6,40509,True,A,B,2,1,A
6,40510,True,B,A,2,0,B
6,40511,True,A,B,10,1,B
6,40512,True,A,B,10,1,B
6,40513,True,B,A,1,2,A
6,40514,True,A,B,1,1,A
6,40515,True,B,A,10,1,B
6,40516,True,A,B,6,1,B
6,40517,True,A,B,10,1,B
6,40518,True,A,B,0,1,A
6,40519,True,B,A,2,1,B
6,40520,True,B,A,1,2,A
6,40521,True,B,A,1,2,A
6,40522,True,B,A,2,1,B
6,40523,True,A,B,1,2,A
6,40524,True,A,B,2,1,A
6,40525,True,A,B,10,1,B
6,40526,True,A,B,2,0,B
6,40527,True,B,A,1,1,B
6,40528,True,A,B,2,1,A
6,40529,True,B,A,4,1,B
6,40530,True,B,A,10,1,B
6,40531,True,B,A,4,1,B
6,40532,True,B,A,2,0,B
6,40533,True,A,B,4,1,B
6,40534,True,B,A,1,1,A
6,40535,True,A,B,6,1,B
6,40536,True,B,A,6,1,B
6,40537,True,B,A,6,1,B
6,40538,True,A,B,3,1,B
6,40539,True,A,B,3,1,B
6,40540,True,A,B,3,1,B
6,40541,True,B,A,2,0,B
6,40542,True,A,B,6,1,B
6,40543,True,A,B,6,1,B
6,40544,True,B,A,2,0,B
6,40545,False,,,,,
6,40546,True,B,A,6,1,B
6,40547,True,A,B,1,1,A
6,40548,True,B,A,2,0,B
6,40549,True,A,B,4,1,B
6,40550,True,B,A,4,1,B
6,40551,True,A,B,1,2,A
6,40552,False,,,,,
6,40553,True,A,B,0,1,A
6,40554,True,A,B,1,1,A
6,40555,True,B,A,3,1,B
6,40556,True,B,A,6,1,B
6,40557,True,A,B,1,2,A
6,40558,True,A,B,6,1,B
6,40559,True,A,B,2,0,B
6,40560,True,B,A,2,1,A
6,40561,True,A,B,1,2,A
6,40562,True,B,A,4,1,B
6,40563,False,,,,,
6,40564,True,B,A,3,1,B
6,40565,True,A,B,6,1,B
6,40566,True,A,B,1,1,A
6,40567,True,A,B,3,1,B
6,40568,True,A,B,10,1,B
6,40569,True,A,B,2,1,B
6,40570,True,A,B,6,1,B
6,40571,True,A,B,1,2,A
6,40572,True,A,B,1,1,B
6,40573,True,A,B,4,1,B
6,40574,True,A,B,1,2,A
6,40575,True,B,A,2,1,A
6,40576,True,A,B,2,1,B
6,40577,True,A,B,3,1,B
6,40578,True,A,B,3,1,B
6,40579,True,A,B,3,1,B
6,40580,True,A,B,2,1,A
6,40581,True,A,B,3,1,B
6,40582,True,A,B,3,1,B
6,40583,True,A,B,2,0,B
6,40584,True,A,B,6,1,B
6,40585,True,A,B,1,2,A
6,40586,True,B,A,3,1,B
6,40587,True,A,B,1,2,A
6,40588,True,A,B,1,1,B
6,40589,True,B,A,1,1,A
6,40590,True,A,B,4,1,B
6,40591,True,A,B,6,1,B
6,40592,True,B,A,2,0,B
6,40593,True,B,A,6,1,B
6,40594,True,B,A,6,1,B
6,40595,True,B,A,3,1,B
6,40596,True,B,A,1,1,A
6,40597,True,A,B,4,1,B
6,40598,True,B,A,10,1,B
6,40599,False,,,,,
6,40600,True,B,A,0,1,A
6,40601,True,B,A,2,0,B
6,40602,True,B,A,2,1,A
6,40603,True,B,A,4,1,B
6,40604,True,A,B,10,1,B
6,40605,True,A,B,6,1,B
6,40606,True,A,B,4,1,B
6,40607,True,B,A,3,1,B
6,40608,True,B,A,6,1,B
6,40609,True,B,A,10,1,B
6,40610,True,A,B,1,1,A
6,40611,True,B,A,6,1,B
6,40612,True,B,A,0,1,A
6,40613,True,A,B,2,0,B
6,40614,True,A,B,0,1,A
6,40615,True,A,B,2,1,A
6,40616,True,B,A,6,1,B
6,40617,True,B,A,3,1,B
6,40618,True,A,B,2,0,B
6,40619,True,A,B,3,1,B
6,40620,True,B,A,4,1,B
6,40621,True,B,A,3,1,B
6,40622,True,B,A,3,1,B
6,40623,True,A,B,1,2,A
6,40624,True,A,B,4,1,B
6,40625,True,B,A,6,1,B
6,40626,True,A,B,2,0,B
6,40627,True,B,A,1,1,A
6,40628,True,B,A,1,2,A
6,40629,True,B,A,1,2,A
6,40630,True,B,A,1,1,A
6,40631,True,B,A,1,2,A
6,40632,True,B,A,1,1,B
6,40633,True,B,A,1,1,A
6,40634,True,B,A,2,1,B
6,40635,True,B,A,0,1,A
6,40636,True,A,B,1,1,A
6,40637,True,B,A,2,1,B
6,40638,True,A,B,6,1,B
6,40639,True,A,B,6,1,B
6,40640,True,A,B,10,1,B
6,40641,True,B,A,1,2,A
6,40642,True,A,B,6,1,B
6,40643,True,B,A,0,1,A
6,40644,True,A,B,1,2,A
6,40645,True,B,A,1,1,A
6,40646,True,A,B,10,1,B
6,40647,True,A,B,6,1,B
6,40648,True,B,A,0,1,A
6,40649,True,A,B,4,1,B
6,40650,True,B,A,2,0,B
6,40651,True,B,A,4,1,B
6,40652,True,A,B,3,1,B
6,40653,True,A,B,2,0,B
6,40654,True,A,B,4,1,B
6,40655,True,A,B,1,1,A
6,40656,True,B,A,0,1,A
6,40657,True,B,A,2,1,B
6,40658,True,A,B,1,2,A
6,40659,True,B,A,6,1,B
6,40660,False,,,,,
6,40661,True,B,A,1,1,A
6,40662,True,A,B,0,1,A
6,40663,True,B,A,1,1,A
6,40664,True,A,B,2,1,A
6,40665,True,A,B,1,1,A
6,40666,True,B,A,4,1,B
6,40667,True,A,B,2,1,A
6,40668,True,B,A,10,1,B
6,40669,True,B,A,1,2,A
6,40670,True,A,B,4,1,B
6,40671,True,A,B,1,1,A
6,40672,True,A,B,6,1,B
6,40673,True,A,B,1,1,A
6,40674,True,A,B,3,1,B
6,40675,True,B,A,2,1,A
6,40676,True,A,B,6,1,B
6,40677,True,B,A,1,1,A
6,40678,True,A,B,1,2,A
6,40679,True,B,A,1,1,A
6,40680,True,B,A,1,2,A
6,40681,True,A,B,1,2,A
6,40682,True,A,B,3,1,B
6,40683,True,A,B,6,1,B
6,40684,True,A,B,1,2,A
6,40685,False,,,,,
6,40686,True,B,A,0,1,A
6,40687,True,B,A,1,1,A
6,40688,True,A,B,0,1,A
6,40689,True,A,B,1,1,A
6,40690,True,A,B,4,1,B
6,40691,True,B,A,0,1,A
6,40692,True,A,B,6,1,B
6,40693,True,B,A,1,1,A
6,40694,True,A,B,4,1,B
6,40695,True,A,B,2,0,B
6,40696,True,A,B,1,2,A
6,40697,True,B,A,10,1,B
6,40698,True,A,B,6,1,B
6,40699,True,A,B,10,1,B
6,40700,True,B,A,3,1,B
6,40701,True,B,A,1,2,A
6,40702,False,,,,,
6,40703,True,A,B,2,1,A
6,40704,True,B,A,3,1,B
6,40705,True,A,B,2,1,A
6,40706,True,A,B,6,1,B
6,40707,True,A,B,3,1,B
6,40708,True,A,B,4,1,B
6,40709,True,B,A,1,1,A
6,40710,True,B,A,6,1,B
6,40711,True,A,B,2,1,A
6,40712,True,A,B,0,1,A
6,40713,False,,,,,
6,40714,True,A,B,1,1,A
6,40715,True,B,A,10,1,B
6,40716,True,A,B,0,1,A
6,40717,True,B,A,2,0,B
6,40718,True,A,B,2,1,B
6,40719,True,A,B,10,1,B
6,40720,True,B,A,2,0,B
6,40721,True,A,B,0,1,A
6,40722,True,B,A,2,1,A
6,40723,True,B,A,0,1,A
6,40724,True,A,B,10,1,B
6,40725,True,A,B,0,1,A
6,40726,True,A,B,10,1,B
6,40727,True,B,A,4,1,B
6,40728,True,B,A,6,1,B
6,40729,True,B,A,6,1,B
6,40730,True,A,B,10,1,B
6,40731,True,A,B,0,1,A
6,40732,True,A,B,1,1,A
6,40733,True,B,A,2,0,B
6,40734,True,A,B,0,1,A
6,40735,True,B,A,6,1,B
6,40736,True,B,A,4,1,B
6,40737,True,A,B,1,2,A
6,40738,True,A,B,2,1,A
6,40739,True,A,B,4,1,B
6,40740,True,A,B,0,1,A
6,40741,True,B,A,1,1,A
6,40742,True,B,A,0,1,A
6,40743,True,B,A,3,1,B
6,40744,True,B,A,4,1,B
6,40745,True,A,B,2,1,B
6,40746,True,A,B,3,1,B
6,40747,True,B,A,3,1,A
6,40748,False,,,,,
6,40749,True,A,B,3,1,B
6,40750,True,A,B,2,0,B
6,40751,True,A,B,0,1,A
6,40752,True,B,A,10,1,B
6,40753,True,A,B,2,0,B
6,40754,True,A,B,4,1,B
6,40755,True,B,A,3,1,B
6,40756,True,A,B,6,1,B
6,40757,True,B,A,10,1,B
6,40758,True,B,A,6,1,B
6,40759,True,B,A,1,1,A
6,40760,True,B,A,10,1,B
6,40761,True,B,A,10,1,B
6,40762,True,A,B,3,1,B
6,40763,True,B,A,3,1,B
6,40764,True,A,B,4,1,B
6,40765,True,B,A,2,1,A
6,40766,True,B,A,3,1,B
6,40767,True,B,A,6,1,B
6,40768,True,A,B,6,1,B
6,40769,True,A,B,10,1,B
6,40770,True,A,B,1,2,A
6,40771,True,B,A,4,1,B
6,40772,True,B,A,4,1,B
6,40773,True,B,A,3,1,B
6,40774,True,B,A,3,1,B
6,40775,True,B,A,6,1,B
6,40776,True,B,A,4,1,B
6,40777,True,A,B,2,0,B
6,40778,True,A,B,1,1,A
6,40779,True,A,B,4,1,B
6,40780,True,A,B,0,1,A
6,40781,True,B,A,3,1,A
6,40782,True,B,A,1,1,A
6,40783,True,A,B,2,0,B
6,40784,True,B,A,2,1,A
6,40785,True,A,B,10,1,B
6,40786,True,A,B,2,1,A
6,40787,True,A,B,4,1,B
6,40788,True,B,A,3,1,B
6,40789,True,A,B,6,1,B
6,40790,True,B,A,0,1,A
6,40791,False,,,,,
6,40792,True,A,B,2,1,B
6,40793,True,A,B,10,1,B
6,40794,True,A,B,0,1,A
6,40795,True,B,A,0,1,A
6,40796,True,A,B,6,1,B
6,40797,True,B,A,3,1,B
6,40798,True,B,A,10,1,B
6,40799,True,B,A,4,1,B
6,40800,True,B,A,6,1,B
6,40801,True,B,A,3,1,B
6,40802,True,A,B,10,1,B
6,40803,True,B,A,4,1,B
6,40804,True,B,A,0,1,A
6,40805,True,B,A,2,0,B
6,40806,True,A,B,2,1,B
6,40807,True,B,A,10,1,B
6,40808,True,B,A,2,1,A
6,40809,True,A,B,1,1,A
6,40810,True,B,A,3,1,B
6,40811,True,A,B,3,1,B
6,40812,True,B,A,2,1,B
6,40813,True,B,A,1,1,A
6,40814,True,B,A,1,1,B
6,40815,True,B,A,4,1,B
6,40816,True,A,B,1,2,B
6,40817,True,A,B,0,1,A
6,40818,True,B,A,2,1,B
6,40819,True,B,A,0,1,A
6,40820,True,B,A,3,1,B
6,40821,True,B,A,3,1,B
6,40822,True,A,B,6,1,B
6,40823,True,A,B,0,1,A
6,40824,True,A,B,3,1,B
6,40825,True,B,A,10,1,B
6,40826,True,B,A,6,1,B
6,40827,True,A,B,0,1,A
6,40828,True,A,B,3,1,B
6,40829,True,A,B,0,1,A
6,40830,True,A,B,0,1,A
6,40831,True,A,B,3,1,B
6,40832,True,B,A,1,1,A
6,40833,True,A,B,1,1,A
6,40834,True,A,B,3,1,B
6,40835,True,A,B,1,1,A
6,40836,True,B,A,4,1,B
6,40837,True,B,A,4,1,B
6,40838,True,B,A,2,1,A
6,40839,True,A,B,3,1,B
6,40840,True,B,A,2,1,A
6,40841,True,A,B,10,1,B
6,40842,True,B,A,1,1,A
6,40843,True,A,B,1,1,A
6,40844,True,A,B,2,1,B
6,40845,True,B,A,0,1,A
6,40846,True,A,B,10,1,B
6,40847,True,B,A,6,1,B
6,40848,True,B,A,6,1,B
6,40849,True,A,B,3,1,B
6,40850,True,A,B,6,1,B
6,40851,True,B,A,1,1,A
6,40852,True,A,B,1,2,A
6,40853,True,B,A,1,1,A
6,40854,True,A,B,1,2,A
6,40855,True,A,B,1,2,A
6,40856,True,B,A,0,1,A
6,40857,True,A,B,0,1,A
6,40858,True,B,A,3,1,B
6,40859,True,B,A,1,2,A
6,40860,True,B,A,1,1,A
6,40861,True,B,A,2,1,A
6,40862,True,B,A,2,0,B
6,40863,True,A,B,0,1,A
6,40864,True,A,B,1,1,B
6,40865,True,B,A,2,0,B
6,40866,True,A,B,0,1,A
6,40867,True,A,B,3,1,B
6,40868,True,A,B,6,1,B
6,40869,True,A,B,1,2,A
6,40870,True,B,A,2,0,B
6,40871,True,B,A,2,1,B
6,40872,True,B,A,4,1,B
6,40873,True,A,B,0,1,A
6,40874,True,B,A,3,1,B
6,40875,True,A,B,6,1,B
6,40876,True,B,A,2,1,B
6,40877,True,A,B,6,1,B
6,40878,True,B,A,3,1,B
6,40879,True,B,A,4,1,B
6,40880,True,A,B,0,1,A
6,40881,True,A,B,4,1,B
6,40882,True,A,B,2,1,B
6,40883,True,A,B,3,1,B
6,40884,False,,,,,
6,40885,True,B,A,6,1,B
6,40886,True,B,A,6,1,B
6,40887,True,A,B,3,1,B
6,40888,True,A,B,6,1,B
6,40889,True,B,A,1,1,A
6,40890,True,B,A,6,1,B
6,40891,True,B,A,4,1,B
6,40892,True,B,A,1,2,A
6,40893,True,B,A,3,1,B
6,40894,True,A,B,2,1,B
6,40895,True,A,B,10,1,B
6,40896,True,A,B,6,1,B
6,40897,True,B,A,6,1,B
6,40898,True,B,A,1,1,A
6,40899,True,A,B,2,1,B
6,40900,True,B,A,2,0,B
6,40901,True,B,A,1,2,A
6,40902,True,B,A,4,1,B
6,40903,True,B,A,6,1,B
6,40904,True,B,A,0,1,A
6,40905,True,B,A,1,2,A
6,40906,True,B,A,0,1,A
6,40907,True,B,A,3,1,B
6,40908,True,B,A,4,1,B
6,40909,False,,,,,
6,40910,True,A,B,1,2,A
6,40911,True,A,B,4,1,B
6,40912,True,B,A,6,1,B
6,40913,True,B,A,2,1,A
6,40914,True,A,B,4,1,B
6,40915,True,A,B,2,1,B
6,40916,True,A,B,2,0,B
6,40917,False,,,,,
6,40918,True,B,A,2,1,B
6,40919,True,B,A,4,1,B
6,40920,True,B,A,4,1,B
6,40921,True,B,A,2,1,A
6,40922,True,A,B,0,1,A
6,40923,True,A,B,6,1,B
6,40924,False,,,,,
6,40925,True,A,B,6,1,B
6,40926,True,B,A,0,1,A
6,40927,False,,,,,
6,40928,False,,,,,
6,40929,True,A,B,6,1,B
6,40930,True,B,A,2,0,B
6,40931,True,A,B,6,1,B
6,40932,True,A,B,1,2,A
6,40933,True,A,B,2,1,B
6,40934,True,B,A,1,2,A
6,40935,True,A,B,0,1,A
6,40936,True,B,A,3,1,B
6,40937,True,B,A,3,1,B
6,40938,True,B,A,2,0,B
6,40939,True,A,B,3,1,A
6,40940,True,A,B,1,1,A
6,40941,True,B,A,0,1,A
6,40942,True,B,A,1,1,A
6,40943,True,B,A,3,1,B
6,40944,True,A,B,1,1,A
6,40945,True,A,B,4,1,B
6,40946,True,A,B,6,1,B
6,40947,True,A,B,2,0,B
6,40948,True,A,B,1,2,A
6,40949,True,A,B,2,0,B
6,40950,True,B,A,1,2,A
6,40951,True,A,B,4,1,B
6,40952,True,B,A,3,1,B
6,40953,True,A,B,10,1,B
6,40954,True,B,A,1,2,A
6,40955,True,B,A,4,1,B
6,40956,True,B,A,1,2,A
6,40957,False,,,,,
6,40958,True,B,A,4,1,B
6,40959,True,B,A,0,1,A
6,40960,True,B,A,1,1,B
6,40961,True,A,B,2,1,B
6,40962,True,A,B,2,1,B
6,40963,True,B,A,2,1,A
6,40964,True,A,B,4,1,B
6,40965,True,A,B,6,1,B
6,40966,True,A,B,6,1,B
6,40967,True,A,B,3,1,A
6,40968,True,B,A,6,1,B
6,40969,True,A,B,3,1,B
6,40970,True,B,A,3,1,B
6,40971,True,B,A,1,1,A
6,40972,True,B,A,2,0,B
6,40973,True,A,B,3,1,B
6,40974,True,B,A,6,1,B
6,40975,True,B,A,4,1,B
6,40976,True,A,B,1,1,A
6,40977,True,A,B,2,0,B
6,40978,True,A,B,1,2,A
6,40979,True,B,A,6,1,B
6,40980,True,A,B,2,1,A
6,40981,True,A,B,1,2,A
6,40982,True,A,B,2,1,B
6,40983,True,B,A,4,1,B
6,40984,True,B,A,1,1,A
6,40985,True,A,B,10,1,B
6,40986,True,A,B,3,1,B
6,40987,True,B,A,1,1,A
6,40988,False,,,,,
6,40989,True,B,A,10,1,B
6,40990,True,A,B,1,1,A
6,40991,True,B,A,4,1,B
6,40992,True,B,A,6,1,B
6,40993,True,B,A,4,1,B
6,40994,True,B,A,2,0,B
6,40995,True,B,A,2,1,A
6,40996,True,B,A,10,1,B
6,40997,True,A,B,10,1,B
6,40998,True,A,B,1,2,A
6,40999,True,B,A,3,1,B
6,41000,True,B,A,1,1,A
7,41001,True,A,B,0,1,A
7,41002,True,B,A,3,1,B
7,41003,False,,,,,
7,41004,True,A,B,4,1,B
7,41005,True,A,B,1,1,A
7,41006,True,A,B,0,1,A
7,41007,True,A,B,2,1,B
7,41008,True,B,A,10,1,B
7,41009,True,A,B,4,1,B
7,41010,True,B,A,1,1,B
7,41011,True,A,B,10,1,B
7,41012,True,B,A,4,1,B
7,41013,True,B,A,2,1,B
7,41014,True,B,A,1,2,A
7,41015,True,A,B,1,2,A
7,41016,True,A,B,1,2,A
7,41017,True,B,A,10,1,B
7,41018,True,A,B,1,2,A
7,41019,True,A,B,1,1,A
7,41020,True,B,A,2,0,B
7,41021,True,A,B,2,0,B
7,41022,True,B,A,3,1,A
7,41023,True,A,B,3,1,B
7,41024,True,B,A,6,1,B
7,41025,True,A,B,10,1,B
7,41026,True,B,A,1,2,A
7,41027,True,A,B,1,2,A
7,41028,True,A,B,4,1,B
7,41029,False,,,,,
7,41030,True,A,B,10,1,B
7,41031,True,A,B,1,2,A
7,41032,True,B,A,1,2,A
7,41033,True,B,A,0,1,A
7,41034,True,A,B,6,1,B
7,41035,True,B,A,4,1,B
7,41036,True,B,A,2,0,B
7,41037,True,A,B,3,1,B
7,41038,True,B,A,6,1,B
7,41039,True,A,B,2,1,A
7,41040,True,B,A,1,1,B
7,41041,True,A,B,6,1,B
7,41042,True,A,B,1,1,A
7,41043,False,,,,,
7,41044,True,B,A,3,1,B
7,41045,True,B,A,4,1,B
7,41046,True,B,A,2,1,B
7,41047,True,B,A,1,1,A
7,41048,True,B,A,2,0,B
7,41049,True,A,B,0,1,A
7,41050,True,A,B,1,1,A
7,41051,True,B,A,1,1,A
7,41052,True,A,B,1,1,A
7,41053,True,A,B,10,1,B
7,41054,True,B,A,1,1,A
7,41055,True,A,B,0,1,A
7,41056,True,A,B,1,2,A
7,41057,True,A,B,2,1,A
7,41058,True,B,A,0,1,A
7,41059,True,B,A,1,1,A
7,41060,True,A,B,1,2,A
7,41061,True,A,B,0,1,A
7,41062,True,B,A,2,0,B
7,41063,True,A,B,2,0,B
7,41064,True,A,B,0,1,A
7,41065,True,A,B,2,0,B
7,41066,False,,,,,
7,41067,True,B,A,0,1,A
7,41068,True,B,A,2,0,B
7,41069,True,A,B,2,1,B
7,41070,True,B,A,0,1,A
7,41071,True,B,A,1,2,B
7,41072,True,A,B,10,1,B
7,41073,True,A,B,1,1,A
7,41074,True,B,A,4,1,B
7,41075,True,A,B,6,1,B
7,41076,True,A,B,2,0,B
7,41077,True,A,B,1,2,A
7,41078,True,B,A,1,1,A
7,41079,True,A,B,2,1,B
7,41080,True,A,B,0,1,A
7,41081,True,A,B,0,1,A
7,41082,True,A,B,1,2,A
7,41083,True,A,B,1,1,A
7,41084,True,A,B,0,1,A
7,41085,False,,,,,
7,41086,True,A,B,10,1,B
7,41087,True,A,B,6,1,B
7,41088,True,B,A,1,1,B
7,41089,True,A,B,3,1,B
7,41090,True,B,A,10,1,B
7,41091,True,A,B,0,1,A
7,41092,True,A,B,2,0,B
7,41093,True,B,A,6,1,B
7,41094,True,B,A,6,1,B
7,41095,True,A,B,6,1,B
7,41096,True,B,A,10,1,B
7,41097,True,A,B,1,1,B
7,41098,True,B,A,4,1,B
7,41099,True,B,A,1,2,A
7,41100,True,A,B,1,1,A
7,41101,True,A,B,4,1,B
7,41102,True,A,B,2,0,B
7,41103,True,A,B,2,1,B
7,41104,True,B,A,2,0,B
7,41105,True,A,B,1,2,A
7,41106,True,B,A,10,1,B
7,41107,True,B,A,4,1,B
7,41108,True,A,B,10,1,B
7,41109,True,A,B,2,0,B
7,41110,True,B,A,0,1,A
7,41111,True,A,B,2,0,B
7,41112,True,B,A,4,1,B
7,41113,True,A,B,4,1,B
7,41114,True,A,B,6,1,B
7,41115,True,A,B,4,1,B
7,41116,True,B,A,3,1,B
7,41117,True,B,A,1,1,A
7,41118,True,B,A,2,0,B
7,41119,False,,,,,
7,41120,True,B,A,4,1,B
7,41121,True,B,A,1,2,A
7,41122,True,A,B,2,0,B
7,41123,True,B,A,2,1,B
7,41124,True,A,B,3,1,B
7,41125,True,A,B,1,2,A
7,41126,True,A,B,0,1,A
7,41127,True,B,A,6,1,B
7,41128,True,A,B,4,1,B
7,41129,True,B,A,4,1,B
7,41130,True,A,B,10,1,B
7,41131,True,A,B,1,2,A
7,41132,True,B,A,4,1,B
7,41133,True,A,B,1,1,A
7,41134,True,A,B,10,1,B
7,41135,True,B,A,10,1,B
7,41136,True,B,A,4,1,B
7,41137,True,B,A,1,2,B
7,41138,True,A,B,6,1,B
7,41139,True,A,B,3,1,B
7,41140,True,B,A,2,0,B
7,41141,True,A,B,3,1,B
7,41142,True,A,B,0,1,A
7,41143,True,A,B,1,1,A
7,41144,True,B,A,2,1,B
7,41145,True,A,B,10,1,B
7,41146,True,B,A,1,1,B
7,41147,True,A,B,6,1,B
7,41148,True,A,B,6,1,B
7,41149,True,B,A,2,0,B
7,41150,True,B,A,2,1,B
7,41151,True,B,A,2,0,B
7,41152,False,,,,,
7,41153,True,B,A,2,1,B
7,41154,True,A,B,6,1,B
7,41155,True,B,A,1,1,B
7,41156,True,B,A,6,1,B
7,41157,True,A,B,1,1,A
7,41158,False,,,,,
7,41159,True,A,B,2,0,B
7,41160,True,A,B,1,1,A
7,41161,True,A,B,3,1,B
7,41162,True,A,B,1,1,A
7,41163,True,B,A,1,2,A
7,41164,True,B,A,4,1,B
7,41165,True,A,B,6,1,B
7,41166,True,A,B,10,1,B
7,41167,True,A,B,4,1,B
7,41168,True,A,B,6,1,B
7,41169,False,,,,,
7,41170,True,B,A,10,1,B
7,41171,True,A,B,1,2,A
7,41172,True,B,A,1,1,B
7,41173,True,B,A,3,1,B
7,41174,True,B,A,1,2,A
7,41175,True,B,A,1,2,A
7,41176,True,B,A,1,2,A
7,41177,True,B,A,1,1,A
7,41178,True,A,B,2,1,B
7,41179,True,A,B,2,0,B
7,41180,True,B,A,0,1,A
7,41181,True,A,B,3,1,B
7,41182,True,B,A,1,2,A
7,41183,True,A,B,3,1,B
7,41184,True,B,A,1,1,B
7,41185,True,A,B,6,1,B
7,41186,True,B,A,1,2,A
7,41187,True,B,A,0,1,A
7,41188,True,B,A,1,2,A
7,41189,True,B,A,2,1,A
7,41190,True,B,A,3,1,B
7,41191,True,A,B,10,1,B
7,41192,True,A,B,4,1,B
7,41193,True,A,B,0,1,A
7,41194,True,A,B,0,1,A
7,41195,True,A,B,0,1,A
7,41196,True,B,A,0,1,A
7,41197,True,B,A,6,1,B
7,41198,True,B,A,2,0,B
7,41199,True,B,A,10,1,B
7,41200,True,A,B,6,1,B
7,41201,True,B,A,10,1,B
7,41202,True,B,A,2,1,B
7,41203,True,B,A,2,1,B
7,41204,True,B,A,6,1,B
7,41205,True,A,B,3,1,B
7,41206,True,A,B,1,1,A
7,41207,True,A,B,10,1,B
7,41208,True,A,B,3,1,B
7,41209,True,B,A,2,1,B
7,41210,True,B,A,4,1,B
7,41211,True,A,B,6,1,B
7,41212,True,B,A,3,1,B
7,41213,True,B,A,4,1,B
7,41214,True,A,B,10,1,B
7,41215,True,B,A,10,1,B
7,41216,True,A,B,1,2,A
7,41217,True,B,A,10,1,B
7,41218,False,,,,,
7,41219,True,A,B,6,1,B
7,41220,True,B,A,4,1,B
7,41221,True,B,A,1,1,A
7,41222,True,A,B,3,1,B
7,41223,True,B,A,10,1,B
7,41224,True,A,B,3,1,B
7,41225,True,A,B,6,1,B
7,41226,True,A,B,0,1,A
7,41227,True,B,A,1,2,A
7,41228,True,A,B,4,1,B
7,41229,True,A,B,4,1,B
7,41230,True,B,A,0,1,A
7,41231,False,,,,,
7,41232,True,A,B,1,1,B
7,41233,True,A,B,10,1,B
7,41234,True,B,A,2,1,A
7,41235,True,A,B,4,1,B
7,41236,False,,,,,
7,41237,True,B,A,10,1,B
7,41238,True,B,A,2,1,A
7,41239,True,A,B,6,1,B
7,41240,True,A,B,1,1,B
7,41241,True,A,B,6,1,B
7,41242,False,,,,,
7,41243,True,B,A,1,1,A
7,41244,True,B,A,3,1,B
7,41245,True,A,B,6,1,B
7,41246,True,B,A,4,1,B
7,41247,True,A,B,0,1,A
7,41248,True,B,A,10,1,B
7,41249,False,,,,,
7,41250,True,B,A,1,2,A
7,41251,True,B,A,4,1,B
7,41252,True,B,A,2,1,B
7,41253,False,,,,,
7,41254,False,,,,,
7,41255,False,,,,,
7,41256,True,B,A,3,1,B
7,41257,True,B,A,10,1,B
7,41258,True,B,A,4,1,B
7,41259,True,B,A,1,1,B
7,41260,True,A,B,2,1,A
7,41261,True,B,A,4,1,B
7,41262,True,A,B,2,0,B
7,41263,False,,,,,
7,41264,False,,,,,
7,41265,True,A,B,4,1,B
7,41266,True,A,B,6,1,B
7,41267,True,B,A,1,2,A
7,41268,False,,,,,
7,41269,True,B,A,1,2,A
7,41270,True,A,B,2,1,B
7,41271,False,,,,,
7,41272,False,,,,,
7,41273,True,A,B,0,1,A
7,41274,True,B,A,6,1,B
7,41275,True,B,A,3,1,A
7,41276,True,A,B,2,0,B
7,41277,True,A,B,6,1,B
7,41278,True,B,A,3,1,A
7,41279,True,A,B,4,1,B
7,41280,True,B,A,4,1,B
7,41281,True,B,A,6,1,B
7,41282,False,,,,,
7,41283,True,B,A,0,1,A
7,41284,True,B,A,10,1,B
7,41285,True,A,B,2,1,B
7,41286,True,B,A,3,1,B
7,41287,True,A,B,2,1,B
7,41288,True,B,A,3,1,B
7,41289,True,A,B,6,1,B
7,41290,True,B,A,6,1,B
7,41291,True,B,A,4,1,B
7,41292,True,B,A,10,1,B
7,41293,True,B,A,1,2,A
7,41294,True,B,A,2,1,B
7,41295,True,B,A,2,0,B
7,41296,True,B,A,10,1,B
7,41297,True,B,A,1,1,B
7,41298,True,B,A,10,1,B
7,41299,True,A,B,6,1,B
7,41300,True,A,B,2,1,B
7,41301,True,B,A,0,1,A
7,41302,True,A,B,4,1,A
7,41303,False,,,,,
7,41304,True,B,A,1,1,B
7,41305,True,B,A,2,1,A
7,41306,True,A,B,3,1,B
7,41307,True,B,A,10,1,B
7,41308,True,B,A,2,1,A
7,41309,True,A,B,1,2,A
7,41310,True,A,B,1,2,A
7,41311,True,B,A,3,1,B
7,41312,True,B,A,1,1,A
7,41313,True,A,B,4,1,B
7,41314,True,B,A,10,1,B
7,41315,True,A,B,10,1,B
7,41316,True,A,B,6,1,B
7,41317,True,A,B,10,1,B
7,41318,True,A,B,10,1,B
7,41319,True,B,A,6,1,B
7,41320,True,A,B,1,2,A
7,41321,True,B,A,4,1,B
7,41322,True,A,B,0,1,A
7,41323,True,B,A,1,1,B
7,41324,True,A,B,0,1,A
7,41325,True,B,A,0,1,A
7,41326,True,B,A,2,1,A
7,41327,True,A,B,1,1,B
7,41328,True,A,B,6,1,B
7,41329,True,B,A,10,1,B
7,41330,True,B,A,3,1,A
7,41331,True,B,A,3,1,B
7,41332,True,A,B,10,1,B
7,41333,True,A,B,3,1,B
7,41334,True,B,A,10,1,B
7,41335,True,A,B,10,1,B
7,41336,True,B,A,4,1,B
7,41337,True,A,B,1,2,A
7,41338,True,A,B,10,1,B
7,41339,True,B,A,1,1,B
7,41340,True,B,A,1,2,A
7,41341,True,A,B,1,2,A
7,41342,True,A,B,2,1,B
7,41343,True,B,A,2,0,B
7,41344,True,B,A,2,1,B
7,41345,True,A,B,1,1,A
7,41346,True,A,B,2,1,B
7,41347,True,A,B,3,1,B
7,41348,True,A,B,6,1,B
7,41349,True,B,A,6,1,B
7,41350,True,B,A,6,1,B
7,41351,False,,,,,
7,41352,True,B,A,2,0,B
7,41353,True,B,A,4,1,B
7,41354,True,B,A,3,1,B
7,41355,True,B,A,6,1,B
7,41356,False,,,,,
7,41357,False,,,,,
7,41358,True,B,A,10,1,B
7,41359,True,B,A,6,1,B
7,41360,True,B,A,4,1,B
7,41361,True,B,A,2,0,B
7,41362,True,A,B,1,1,A
7,41363,True,B,A,6,1,B
7,41364,True,A,B,1,1,A
7,41365,True,B,A,1,2,A
7,41366,True,B,A,4,1,B
7,41367,True,B,A,4,1,B
7,41368,True,B,A,0,1,A
7,41369,True,B,A,10,1,B
7,41370,True,A,B,3,1,B
7,41371,True,A,B,2,1,A
7,41372,True,A,B,2,1,B
7,41373,True,A,B,6,1,B
7,41374,True,A,B,6,1,B
7,41375,True,A,B,1,2,A
7,41376,True,B,A,6,1,B
7,41377,True,A,B,1,1,A
7,41378,True,A,B,10,1,B
7,41379,True,A,B,1,1,B
7,41380,True,B,A,0,1,A
7,41381,True,B,A,0,1,A
7,41382,True,B,A,3,1,B
7,41383,True,A,B,0,1,A
7,41384,True,A,B,3,1,B
7,41385,True,A,B,10,1,B
7,41386,True,A,B,4,1,B
7,41387,True,A,B,4,1,B
7,41388,True,B,A,10,1,B
7,41389,True,A,B,3,1,B
7,41390,True,B,A,1,1,A
7,41391,True,B,A,1,2,A
7,41392,True,B,A,0,1,A
7,41393,True,B,A,1,1,B
7,41394,True,A,B,3,1,B
7,41395,True,B,A,10,1,B
7,41396,True,A,B,0,1,A
7,41397,True,A,B,0,1,A
7,41398,True,A,B,4,1,B
7,41399,True,B,A,1,1,B
7,41400,True,A,B,1,1,A
7,41401,True,A,B,1,1,B
7,41402,True,A,B,3,1,B
7,41403,True,A,B,2,0,B
7,41404,True,B,A,2,1,B
7,41405,True,A,B,1,2,A
7,41406,True,A,B,4,1,A
7,41407,True,B,A,2,1,B
7,41408,True,B,A,3,1,B
7,41409,True,A,B,3,1,B
7,41410,True,A,B,2,1,A
7,41411,True,B,A,1,2,A
7,41412,True,A,B,10,1,B
7,41413,True,A,B,3,1,B
7,41414,True,B,A,1,1,B
7,41415,True,A,B,4,1,B
7,41416,True,A,B,0,1,A
7,41417,True,B,A,1,2,B
7,41418,True,B,A,1,2,A
7,41419,True,A,B,3,1,B
7,41420,True,B,A,1,2,A
7,41421,True,A,B,1,2,A
7,41422,False,,,,,
7,41423,True,A,B,0,1,A
7,41424,True,A,B,1,2,A
7,41425,True,A,B,1,1,A
7,41426,True,A,B,1,2,A
7,41427,True,B,A,1,1,A
7,41428,True,B,A,1,2,A
7,41429,True,B,A,3,1,B
7,41430,True,A,B,4,1,B
7,41431,True,B,A,4,1,B
7,41432,True,B,A,4,1,B
7,41433,True,A,B,2,0,B
7,41434,True,B,A,1,1,A
7,41435,True,B,A,10,1,B
7,41436,True,B,A,0,1,A
7,41437,True,B,A,3,1,B
7,41438,True,B,A,6,1,B
7,41439,True,B,A,1,1,B
7,41440,True,A,B,2,0,B
7,41441,True,B,A,2,1,A
7,41442,True,A,B,0,1,A
7,41443,True,B,A,2,1,B
7,41444,True,B,A,4,1,B
7,41445,True,B,A,1,1,A
7,41446,True,A,B,3,1,B
7,41447,True,B,A,6,1,B
7,41448,True,B,A,2,1,B
7,41449,True,A,B,2,0,B
7,41450,True,B,A,2,1,A
7,41451,True,A,B,2,0,B
7,41452,True,B,A,2,1,A
7,41453,True,A,B,2,1,A
7,41454,True,B,A,2,1,A
7,41455,True,A,B,0,1,A
7,41456,False,,,,,
7,41457,True,A,B,3,1,B
7,41458,True,B,A,1,1,A
7,41459,True,B,A,0,1,A
7,41460,True,B,A,1,1,A
7,41461,True,B,A,10,1,B
7,41462,True,A,B,1,2,A
7,41463,True,B,A,1,1,A
7,41464,True,B,A,4,1,B
7,41465,True,B,A,1,2,A
7,41466,True,A,B,1,1,A
7,41467,True,A,B,2,1,B
7,41468,True,A,B,1,2,A
7,41469,True,B,A,4,1,B
7,41470,True,A,B,6,1,B
7,41471,True,B,A,4,1,B
7,41472,True,B,A,0,1,A
7,41473,True,A,B,6,1,B
7,41474,True,A,B,1,1,A
7,41475,True,B,A,2,1,A
7,41476,True,A,B,4,1,B
7,41477,True,A,B,4,1,B
7,41478,True,A,B,1,1,A
7,41479,True,B,A,1,2,A
7,41480,True,A,B,1,2,A
7,41481,True,B,A,2,0,B
7,41482,True,A,B,4,1,B
7,41483,True,B,A,0,1,A
7,41484,True,A,B,0,1,A
7,41485,True,A,B,3,1,B
7,41486,True,B,A,1,1,A
7,41487,True,B,A,0,1,A
7,41488,True,A,B,3,1,B
7,41489,True,A,B,4,1,B
7,41490,True,B,A,4,1,B
7,41491,True,B,A,0,1,A
7,41492,True,B,A,2,1,A
7,41493,True,B,A,0,1,A
7,41494,True,B,A,3,1,B
7,41495,True,B,A,3,1,B
7,41496,True,A,B,4,1,B
7,41497,True,A,B,4,1,B
7,41498,True,B,A,3,1,B
7,41499,True,B,A,0,1,A
7,41500,True,A,B,10,1,B
7,41501,True,B,A,3,1,B
7,41502,True,A,B,6,1,B
7,41503,True,B,A,0,1,A
7,41504,True,B,A,1,1,A
7,41505,True,B,A,10,1,B
7,41506,True,A,B,1,1,A
7,41507,True,B,A,4,1,B
7,41508,True,B,A,2,0,B
7,41509,True,B,A,2,1,A
7,41510,True,A,B,0,1,A
7,41511,False,,,,,
7,41512,True,B,A,10,1,B
7,41513,True,A,B,1,1,A
7,41514,True,A,B,10,1,B
7,41515,True,A,B,4,1,B
7,41516,True,A,B,6,1,B
7,41517,True,A,B,1,2,A
7,41518,True,A,B,10,1,B
7,41519,True,B,A,2,1,A
7,41520,True,A,B,4,1,B
7,41521,True,B,A,2,1,A
7,41522,True,A,B,0,1,A
7,41523,True,B,A,0,1,A
7,41524,True,B,A,1,1,A
7,41525,True,B,A,2,1,A
7,41526,True,B,A,4,1,B
7,41527,True,B,A,2,1,A
7,41528,False,,,,,
7,41529,True,A,B,1,1,A
7,41530,True,B,A,1,1,A
7,41531,True,B,A,2,0,B
7,41532,True,A,B,6,1,B
7,41533,True,B,A,2,1,A
7,41534,True,B,A,1,2,A
7,41535,True,B,A,4,1,B
7,41536,True,B,A,1,1,A
7,41537,True,B,A,1,2,A
7,41538,True,B,A,2,1,B
7,41539,True,B,A,4,1,B
7,41540,True,A,B,1,1,A
7,41541,True,A,B,3,1,B
7,41542,True,B,A,4,1,B
7,41543,False,,,,,
7,41544,True,B,A,1,1,A
7,41545,True,B,A,2,0,B
7,41546,True,B,A,6,1,B
7,41547,True,A,B,10,1,B
7,41548,True,B,A,0,1,A
7,41549,True,B,A,3,1,B
7,41550,True,A,B,6,1,B
7,41551,True,B,A,1,1,A
7,41552,True,B,A,10,1,B
7,41553,False,,,,,
7,41554,True,A,B,0,1,A
7,41555,True,A,B,1,2,A
7,41556,True,B,A,10,1,B
7,41557,True,B,A,1,1,A
7,41558,True,B,A,2,1,B
7,41559,True,B,A,4,1,B
7,41560,True,B,A,1,1,B
7,41561,True,A,B,4,1,B
7,41562,True,B,A,1,1,B
7,41563,True,B,A,4,1,B
7,41564,True,A,B,2,0,B
7,41565,True,B,A,0,1,A
7,41566,True,B,A,4,1,B
7,41567,True,B,A,2,1,B
7,41568,True,B,A,1,2,A
7,41569,True,B,A,10,1,B
7,41570,True,A,B,1,2,A
7,41571,True,A,B,0,1,A
7,41572,True,A,B,4,1,B
7,41573,False,,,,,
7,41574,False,,,,,
7,41575,True,B,A,2,1,B
7,41576,False,,,,,
7,41577,True,B,A,10,1,B
7,41578,True,A,B,1,2,A
7,41579,True,A,B,1,2,A
7,41580,True,B,A,1,1,B
7,41581,True,A,B,3,1,B
7,41582,True,A,B,2,1,A
7,41583,True,A,B,2,1,B
7,41584,True,B,A,4,1,B
7,41585,True,B,A,4,1,B
7,41586,True,A,B,4,1,B
7,41587,True,B,A,1,2,A
7,41588,True,A,B,0,1,A
7,41589,True,A,B,10,1,B
7,41590,True,A,B,1,2,A
7,41591,True,B,A,6,1,B
7,41592,True,B,A,2,0,B
7,41593,True,B,A,0,1,A
7,41594,True,A,B,2,1,A
7,41595,True,B,A,2,1,A
7,41596,True,B,A,2,0,B
7,41597,True,A,B,1,2,A
7,41598,True,A,B,3,1,B
7,41599,True,B,A,4,1,B
7,41600,True,A,B,0,1,A
7,41601,True,A,B,0,1,A
7,41602,True,A,B,2,0,B
7,41603,True,A,B,4,1,B
7,41604,True,B,A,2,0,B
7,41605,True,B,A,2,1,A
7,41606,True,B,A,6,1,B
7,41607,True,B,A,1,1,A
7,41608,True,B,A,10,1,B
7,41609,True,B,A,2,1,A
7,41610,True,A,B,6,1,B
7,41611,True,A,B,6,1,B
7,41612,True,B,A,1,1,A
7,41613,True,B,A,1,2,A
7,41614,True,A,B,2,0,B
7,41615,True,A,B,0,1,A
7,41616,True,A,B,1,2,A
7,41617,True,B,A,4,1,B
7,41618,True,A,B,4,1,B
7,41619,True,A,B,1,1,B
7,41620,True,A,B,4,1,B
7,41621,True,B,A,0,1,A
7,41622,True,A,B,4,1,B
7,41623,True,B,A,4,1,B
7,41624,True,B,A,1,2,A
7,41625,True,A,B,10,1,B
7,41626,True,A,B,10,1,B
7,41627,True,A,B,0,1,A
7,41628,True,A,B,1,2,B
7,41629,True,A,B,1,1,A
7,41630,True,A,B,2,1,B
7,41631,True,B,A,3,1,B
7,41632,True,B,A,1,1,A
7,41633,True,A,B,3,1,B
7,41634,True,B,A,0,1,A
7,41635,True,A,B,10,1,B
7,41636,True,A,B,0,1,A
7,41637,False,,,,,
7,41638,True,A,B,3,1,B
7,41639,True,B,A,1,2,A
7,41640,True,A,B,1,1,A
7,41641,True,B,A,3,1,B
7,41642,True,B,A,1,2,A
7,41643,True,A,B,4,1,B
7,41644,True,A,B,1,2,A
7,41645,False,,,,,
7,41646,True,B,A,1,1,A
7,41647,False,,,,,
7,41648,True,A,B,10,1,B
7,41649,False,,,,,
7,41650,True,A,B,3,1,B
7,41651,True,A,B,10,1,B
7,41652,True,A,B,1,2,A
7,41653,True,B,A,1,1,A
7,41654,True,A,B,1,1,A
7,41655,True,A,B,1,1,A
7,41656,True,B,A,6,1,B
7,41657,True,A,B,2,0,B
7,41658,True,B,A,4,1,B
7,41659,True,A,B,1,2,A
7,41660,True,B,A,2,0,B
7,41661,True,A,B,0,1,A
7,41662,True,B,A,3,1,B
7,41663,True,A,B,1,1,A
7,41664,True,B,A,1,2,A
7,41665,True,A,B,1,2,A
7,41666,True,B,A,6,1,B
7,41667,True,A,B,3,1,B
7,41668,True,B,A,1,1,A
7,41669,True,B,A,1,2,A
7,41670,True,B,A,3,1,B
7,41671,True,B,A,1,1,A
7,41672,True,A,B,2,0,B
7,41673,True,A,B,4,1,B
7,41674,True,A,B,4,1,B
7,41675,True,B,A,1,2,A
7,41676,True,B,A,10,1,B
7,41677,True,A,B,2,1,A
7,41678,True,A,B,4,1,B
7,41679,True,B,A,2,1,A
7,41680,True,B,A,0,1,A
7,41681,False,,,,,
7,41682,True,A,B,3,1,B
7,41683,True,B,A,3,1,A
7,41684,True,B,A,2,0,B
7,41685,True,B,A,2,0,B
7,41686,True,A,B,1,1,A
7,41687,True,B,A,10,1,B
7,41688,True,B,A,1,1,A
7,41689,True,B,A,2,1,B
7,41690,True,A,B,4,1,B
7,41691,True,A,B,1,2,A
7,41692,True,B,A,2,1,A
7,41693,True,A,B,1,2,A
7,41694,False,,,,,
7,41695,True,B,A,1,1,A
7,41696,True,B,A,0,1,A
7,41697,True,B,A,4,1,B
7,41698,True,A,B,2,1,B
7,41699,True,A,B,2,1,A
7,41700,True,B,A,3,1,B
7,41701,True,B,A,2,1,B
7,41702,True,A,B,4,1,B
7,41703,True,B,A,6,1,B
7,41704,True,A,B,6,1,B
7,41705,True,A,B,4,1,B
7,41706,True,A,B,4,1,B
7,41707,True,A,B,4,1,B
7,41708,True,A,B,6,1,B
7,41709,True,B,A,0,1,A
7,41710,True,B,A,2,1,A
7,41711,True,B,A,6,1,B
7,41712,True,A,B,1,1,A
7,41713,True,B,A,4,1,B
7,41714,True,A,B,0,1,A
7,41715,True,B,A,2,1,A
7,41716,True,A,B,0,1,A
7,41717,True,B,A,0,1,A
7,41718,True,A,B,6,1,B
7,41719,True,B,A,10,1,B
7,41720,True,B,A,4,1,B
7,41721,True,B,A,2,0,B
7,41722,True,B,A,2,1,B
7,41723,False,,,,,
7,41724,True,B,A,1,2,A
7,41725,True,B,A,4,1,B
7,41726,True,B,A,1,1,B
7,41727,True,A,B,1,2,A
7,41728,True,A,B,3,1,B
7,41729,True,B,A,2,1,A
7,41730,True,B,A,1,2,A
7,41731,True,B,A,2,1,A
7,41732,True,B,A,1,1,B
7,41733,True,B,A,2,0,B
7,41734,True,B,A,1,1,A
7,41735,True,B,A,3,1,B
7,41736,True,B,A,10,1,B
7,41737,True,B,A,0,1,A
7,41738,True,B,A,6,1,B
7,41739,True,B,A,1,2,A
7,41740,True,B,A,2,0,B
7,41741,True,B,A,2,0,B
7,41742,True,A,B,3,1,B
7,41743,True,B,A,10,1,B
7,41744,True,A,B,10,1,B
7,41745,True,B,A,6,1,B
7,41746,True,B,A,0,1,A
7,41747,True,A,B,3,1,B
7,41748,True,A,B,1,2,A
7,41749,True,A,B,1,1,A
7,41750,True,B,A,3,1,B
7,41751,True,B,A,10,1,B
7,41752,False,,,,,
7,41753,True,A,B,1,1,A
7,41754,True,A,B,10,1,B
7,41755,True,A,B,1,1,B
7,41756,True,A,B,1,2,A
7,41757,True,A,B,4,1,B
7,41758,True,B,A,4,1,B
7,41759,True,B,A,6,1,B
7,41760,True,B,A,0,1,A
7,41761,True,B,A,6,1,B
7,41762,True,B,A,6,1,B
7,41763,True,A,B,6,1,B
7,41764,True,A,B,1,1,B
7,41765,True,A,B,4,1,B
7,41766,True,A,B,2,0,B
7,41767,True,B,A,0,1,A
7,41768,True,B,A,2,0,B
7,41769,True,B,A,3,1,B
7,41770,True,B,A,0,1,A
7,41771,True,B,A,2,0,B
7,41772,True,A,B,0,1,A
7,41773,True,B,A,3,1,B
7,41774,True,B,A,1,1,A
7,41775,True,A,B,0,1,A
7,41776,True,B,A,1,2,A
7,41777,True,A,B,1,1,A
7,41778,True,A,B,4,1,B
7,41779,True,B,A,4,1,B
7,41780,True,B,A,1,1,B
7,41781,True,A,B,1,1,A
7,41782,True,A,B,2,0,B
7,41783,True,B,A,2,0,B
7,41784,True,B,A,1,2,A
7,41785,True,A,B,1,1,A
7,41786,True,B,A,0,1,A
7,41787,True,B,A,1,2,A
7,41788,True,A,B,2,0,B
7,41789,True,A,B,1,1,A
7,41790,True,A,B,0,1,A
7,41791,True,B,A,4,1,B
7,41792,True,B,A,0,1,A
7,41793,True,A,B,1,2,A
7,41794,True,A,B,3,1,B
7,41795,True,B,A,6,1,B
7,41796,True,B,A,0,1,A
7,41797,True,A,B,2,1,A
7,41798,True,B,A,2,1,B
7,41799,True,B,A,1,1,A
7,41800,True,A,B,1,1,A
7,41801,True,A,B,0,1,A
7,41802,True,A,B,6,1,B
7,41803,True,B,A,10,1,B
7,41804,False,,,,,
7,41805,True,A,B,4,1,B
7,41806,True,A,B,6,1,B
7,41807,True,A,B,1,1,A
7,41808,True,A,B,2,1,A
7,41809,True,B,A,3,1,B
7,41810,True,A,B,6,1,B
7,41811,True,B,A,2,1,A
7,41812,True,B,A,6,1,B
7,41813,True,B,A,6,1,B
7,41814,True,B,A,2,1,A
7,41815,True,B,A,6,1,B
7,41816,True,B,A,2,0,B
7,41817,True,A,B,0,1,A
7,41818,True,B,A,0,1,A
7,41819,True,B,A,4,1,B
7,41820,True,A,B,1,1,A
7,41821,True,A,B,0,1,A
7,41822,True,A,B,6,1,B
7,41823,True,B,A,1,1,A
7,41824,True,A,B,1,1,A
7,41825,True,B,A,6,1,B
7,41826,True,A,B,10,1,B
7,41827,True,A,B,2,1,B
7,41828,True,A,B,2,0,B
7,41829,True,B,A,4,1,B
7,41830,True,B,A,2,0,B
7,41831,True,A,B,2,0,B
7,41832,True,A,B,2,1,B
7,41833,True,A,B,10,1,B
7,41834,True,A,B,1,2,A
7,41835,True,A,B,3,1,B
7,41836,True,B,A,1,1,A
7,41837,True,A,B,1,1,A
7,41838,True,B,A,6,1,B
7,41839,True,B,A,1,2,A
7,41840,True,A,B,2,0,B
7,41841,True,B,A,6,1,B
7,41842,True,A,B,1,2,A
7,41843,True,A,B,6,1,B
7,41844,True,A,B,3,1,B
7,41845,True,A,B,2,1,B
7,41846,True,B,A,10,1,B
7,41847,True,A,B,6,1,B
7,41848,True,B,A,0,1,A
7,41849,True,A,B,1,2,A
7,41850,True,A,B,6,1,B
7,41851,True,A,B,4,1,B
7,41852,True,A,B,2,1,A
7,41853,True,B,A,2,1,A
7,41854,True,B,A,3,1,B
7,41855,True,B,A,3,1,B
7,41856,True,A,B,2,0,B
7,41857,True,B,A,1,1,A
7,41858,True,B,A,2,0,B
7,41859,True,B,A,10,1,B
7,41860,True,B,A,2,0,B
7,41861,True,B,A,6,1,B
7,41862,True,B,A,4,1,B
7,41863,True,B,A,1,2,A
7,41864,True,A,B,3,1,B
7,41865,True,A,B,0,1,A
7,41866,True,B,A,3,1,B
7,41867,True,B,A,10,1,B
7,41868,True,A,B,3,1,B
7,41869,True,A,B,4,1,B
7,41870,True,B,A,1,2,A
7,41871,True,A,B,1,2,A
7,41872,True,A,B,2,0,B
7,41873,True,B,A,1,1,A
7,41874,True,A,B,0,1,A
7,41875,True,A,B,3,1,B
7,41876,True,A,B,2,1,B
7,41877,True,B,A,1,2,A
7,41878,True,B,A,4,1,B
7,41879,True,B,A,0,1,A
7,41880,True,A,B,1,2,A
7,41881,True,A,B,1,1,A
7,41882,False,,,,,
7,41883,True,A,B,1,2,A
7,41884,True,B,A,2,0,B
7,41885,True,A,B,10,1,B
7,41886,True,A,B,1,2,A
7,41887,True,A,B,6,1,B
7,41888,True,B,A,1,1,A
7,41889,True,A,B,1,1,B
7,41890,True,B,A,2,0,B
7,41891,True,B,A,1,2,A
7,41892,False,,,,,
7,41893,True,A,B,1,1,A
7,41894,True,B,A,4,1,B
7,41895,True,A,B,10,1,B
7,41896,True,A,B,2,1,A
7,41897,True,B,A,10,1,B
7,41898,True,B,A,2,0,B
7,41899,True,A,B,6,1,B
7,41900,True,B,A,6,1,B
7,41901,True,B,A,3,1,B
7,41902,True,A,B,10,1,B
7,41903,True,A,B,2,0,B
7,41904,True,B,A,10,1,B
7,41905,True,B,A,3,1,B
7,41906,True,A,B,3,1,B
7,41907,True,A,B,10,1,B
7,41908,True,A,B,1,1,A
7,41909,True,B,A,1,2,A
7,41910,True,B,A,4,1,B
7,41911,True,B,A,0,1,A
7,41912,True,B,A,10,1,B
7,41913,True,B,A,4,1,B
7,41914,True,B,A,6,1,B
7,41915,True,A,B,4,1,B
7,41916,True,B,A,6,1,B
7,41917,True,B,A,1,1,A
7,41918,True,B,A,10,1,B
7,41919,True,A,B,2,0,B
7,41920,True,B,A,3,1,B
7,41921,True,B,A,10,1,B
7,41922,True,A,B,10,1,B
7,41923,True,A,B,6,1,B
7,41924,True,B,A,3,1,B
7,41925,True,A,B,0,1,A
7,41926,True,B,A,4,1,B
7,41927,True,B,A,4,1,B
7,41928,False,,,,,
7,41929,True,B,A,3,1,B
7,41930,True,A,B,4,1,B
7,41931,True,A,B,10,1,B
7,41932,True,B,A,1,1,A
7,41933,True,A,B,1,2,A
7,41934,True,B,A,1,2,A
7,41935,True,B,A,2,0,B
7,41936,True,B,A,2,0,B
7,41937,True,A,B,3,1,B
7,41938,True,B,A,1,1,A
7,41939,True,B,A,1,1,A
7,41940,True,B,A,1,1,A
7,41941,True,A,B,4,1,B
7,41942,True,A,B,3,1,A
7,41943,True,B,A,2,0,B
7,41944,True,A,B,4,1,A
7,41945,True,B,A,4,1,B
7,41946,True,A,B,2,1,A
7,41947,True,B,A,3,1,B
7,41948,True,A,B,0,1,A
7,41949,True,A,B,2,1,A
7,41950,True,A,B,2,1,A
7,41951,True,B,A,1,2,A
7,41952,True,A,B,2,1,A
7,41953,True,A,B,6,1,B
7,41954,True,A,B,10,1,B
7,41955,True,A,B,1,2,A
7,41956,True,B,A,2,0,B
7,41957,True,B,A,4,1,B
7,41958,True,A,B,2,1,A
7,41959,True,A,B,1,1,A
7,41960,True,B,A,6,1,B
7,41961,False,,,,,
7,41962,True,B,A,1,2,B
7,41963,True,A,B,1,1,A
7,41964,True,A,B,6,1,B
7,41965,True,B,A,10,1,B
7,41966,True,A,B,10,1,B
7,41967,True,A,B,4,1,B
7,41968,True,A,B,1,2,A
7,41969,True,A,B,3,1,A
7,41970,True,A,B,6,1,B
7,41971,True,B,A,1,1,B
7,41972,True,A,B,3,1,A
7,41973,True,B,A,2,0,B
7,41974,True,A,B,10,1,B
7,41975,True,A,B,3,1,A
7,41976,True,A,B,1,1,A
7,41977,True,A,B,3,1,A
7,41978,True,B,A,1,1,B
7,41979,True,A,B,0,1,A
7,41980,True,A,B,1,2,A
7,41981,True,A,B,1,1,A
7,41982,True,A,B,4,1,B
7,41983,True,B,A,2,0,B
7,41984,True,B,A,10,1,B
7,41985,True,B,A,2,1,B
7,41986,True,B,A,10,1,B
7,41987,True,B,A,3,1,B
7,41988,True,A,B,10,1,B
7,41989,True,B,A,2,0,B
7,41990,True,B,A,2,0,B
7,41991,True,B,A,2,0,B
7,41992,True,B,A,6,1,B
7,41993,True,A,B,2,0,B
7,41994,True,A,B,3,1,A
7,41995,False,,,,,
7,41996,True,B,A,1,2,A
7,41997,True,A,B,2,0,B
7,41998,True,A,B,1,1,A
7,41999,True,B,A,2,1,A
7,42000,True,B,A,2,1,B
8,42001,True,A,B,10,1,B
8,42002,True,A,B,6,1,B
8,42003,True,B,A,0,1,A
8,42004,True,B,A,3,1,B
8,42005,True,A,B,1,2,A
8,42006,True,B,A,0,1,A
8,42007,True,A,B,0,1,A
8,42008,True,A,B,6,1,B
8,42009,True,A,B,6,1,B
8,42010,True,A,B,2,0,B
8,42011,True,A,B,10,1,B
8,42012,True,B,A,2,0,B
8,42013,True,A,B,4,1,B
8,42014,True,A,B,2,1,A
8,42015,True,B,A,3,1,B
8,42016,False,,,,,
8,42017,True,A,B,1,1,A
8,42018,True,B,A,1,2,A
8,42019,True,B,A,2,0,B
8,42020,True,B,A,2,0,B
8,42021,True,A,B,3,1,A
8,42022,True,B,A,10,1,B
8,42023,True,B,A,0,1,A
8,42024,True,B,A,2,1,B
8,42025,True,B,A,6,1,B
8,42026,True,A,B,4,1,B
8,42027,True,B,A,1,2,A
8,42028,True,B,A,2,0,B
8,42029,True,A,B,1,1,A
8,42030,True,B,A,4,1,B
8,42031,True,B,A,0,1,A
8,42032,True,B,A,0,1,A
8,42033,True,B,A,6,1,B
8,42034,True,A,B,1,1,A
8,42035,True,A,B,0,1,A
8,42036,True,A,B,2,0,B
8,42037,True,A,B,6,1,B
8,42038,True,B,A,4,1,B
8,42039,True,B,A,3,1,B
8,42040,True,A,B,6,1,B
8,42041,False,,,,,
8,42042,False,,,,,
8,42043,False,,,,,
8,42044,True,B,A,2,0,B
8,42045,True,A,B,2,0,B
8,42046,True,B,A,10,1,B
8,42047,True,B,A,6,1,B
8,42048,True,B,A,0,1,A
8,42049,True,B,A,10,1,B
8,42050,True,A,B,2,1,A
8,42051,True,A,B,2,0,B
8,42052,True,A,B,1,2,A
8,42053,True,B,A,0,1,A
8,42054,True,A,B,1,2,A
8,42055,True,A,B,10,1,B
8,42056,True,A,B,3,1,B
8,42057,True,A,B,3,1,B
8,42058,True,A,B,1,1,A
8,42059,True,B,A,3,1,B
8,42060,True,A,B,1,1,A
8,42061,True,A,B,3,1,B
8,42062,True,A,B,3,1,B
8,42063,True,B,A,10,1,B
8,42064,True,B,A,10,1,B
8,42065,True,B,A,1,2,A
8,42066,True,A,B,3,1,B
8,42067,True,B,A,4,1,A
8,42068,True,B,A,2,1,A
8,42069,True,B,A,1,2,A
8,42070,False,,,,,
8,42071,True,A,B,6,1,B
8,42072,True,A,B,2,1,B
8,42073,True,A,B,6,1,B
8,42074,False,,,,,
8,42075,True,A,B,10,1,B
8,42076,True,B,A,2,0,B
8,42077,False,,,,,
8,42078,True,B,A,2,1,A
8,42079,True,A,B,6,1,B
8,42080,True,B,A,6,1,B
8,42081,True,A,B,3,1,B
8,42082,True,A,B,2,1,B
8,42083,True,A,B,3,1,B
8,42084,True,A,B,1,2,A
8,42085,True,B,A,3,1,B
8,42086,True,A,B,6,1,B
8,42087,True,B,A,1,1,A
8,42088,True,A,B,2,0,B
8,42089,True,A,B,2,1,B
8,42090,True,B,A,1,1,A
8,42091,True,A,B,6,1,B
8,42092,True,A,B,4,1,B
8,42093,True,A,B,2,1,A
8,42094,True,B,A,2,1,A
8,42095,True,B,A,1,2,A
8,42096,True,B,A,3,1,B
8,42097,True,B,A,0,1,A
8,42098,True,B,A,6,1,B
8,42099,True,B,A,0,1,A
8,42100,True,A,B,2,1,B
8,42101,True,B,A,1,1,A
8,42102,True,B,A,6,1,B
8,42103,True,A,B,3,1,B
8,42104,True,A,B,6,1,B
8,42105,True,B,A,2,0,B
8,42106,True,B,A,2,0,B
8,42107,True,A,B,1,2,A
8,42108,True,A,B,1,2,A
8,42109,True,A,B,1,1,A
8,42110,True,A,B,2,0,B
8,42111,True,A,B,3,1,B
8,42112,True,B,A,2,0,B
8,42113,True,B,A,4,1,B
8,42114,True,B,A,4,1,B
8,42115,True,A,B,3,1,B
8,42116,True,A,B,10,1,B
8,42117,True,A,B,2,0,B
8,42118,True,A,B,4,1,B
8,42119,True,A,B,6,1,B
8,42120,True,A,B,6,1,B
8,42121,True,A,B,1,1,A
8,42122,True,B,A,1,2,A
8,42123,True,B,A,1,2,A
8,42124,True,A,B,1,2,A
8,42125,True,B,A,4,1,B
8,42126,True,B,A,2,0,B
8,42127,True,A,B,10,1,B
8,42128,True,B,A,1,2,A
8,42129,True,A,B,3,1,B
8,42130,False,,,,,
8,42131,True,A,B,6,1,B
8,42132,False,,,,,
8,42133,True,A,B,2,1,B
8,42134,True,B,A,1,1,A
8,42135,True,A,B,10,1,B
8,42136,True,A,B,2,1,B
8,42137,True,A,B,1,2,B
8,42138,True,B,A,6,1,A
8,42139,False,,,,,
8,42140,True,B,A,10,1,B
8,42141,True,B,A,1,2,A
8,42142,True,A,B,4,1,B
8,42143,True,A,B,0,1,A
8,42144,True,A,B,3,1,B
8,42145,True,B,A,10,1,B
8,42146,True,B,A,4,1,A
8,42147,True,B,A,1,2,A
8,42148,True,A,B,4,1,B
8,42149,True,B,A,1,2,A
8,42150,True,B,A,2,1,B
8,42151,True,B,A,4,1,B
8,42152,True,B,A,1,1,A
8,42153,True,A,B,3,1,B
8,42154,True,A,B,2,1,B
8,42155,True,B,A,1,2,A
8,42156,True,B,A,1,2,A
8,42157,True,B,A,1,2,A
8,42158,True,B,A,2,1,B
8,42159,True,B,A,3,1,B
8,42160,True,A,B,4,1,B
8,42161,True,A,B,4,1,B
8,42162,True,B,A,2,1,A
8,42163,True,B,A,1,2,A
8,42164,True,A,B,2,1,B
8,42165,False,,,,,
8,42166,False,,,,,
8,42167,True,A,B,3,1,B
8,42168,True,A,B,1,2,B
8,42169,False,,,,,
8,42170,True,B,A,4,1,A
8,42171,False,,,,,
8,42172,True,A,B,1,2,B
8,42173,True,B,A,1,2,A
8,42174,False,,,,,
8,42175,True,A,B,1,1,A
8,42176,False,,,,,
8,42177,True,A,B,2,0,B
8,42178,True,B,A,1,1,A
8,42179,True,A,B,1,1,B
8,42180,True,A,B,4,1,B
8,42181,True,A,B,1,1,A
8,42182,True,B,A,6,1,A
8,42183,False,,,,,
8,42184,True,A,B,3,1,A
8,42185,False,,,,,
8,42186,True,B,A,2,0,B
8,42187,True,B,A,2,0,B
8,42188,True,B,A,2,0,B
8,42189,True,B,A,0,1,A
8,42190,True,B,A,4,1,B
8,42191,True,A,B,3,1,A
8,42192,True,B,A,0,1,A
8,42193,False,,,,,
8,42194,True,A,B,4,1,A
8,42195,True,A,B,1,1,A
8,42196,True,A,B,3,1,B
8,42197,True,B,A,6,1,B
8,42198,True,B,A,1,1,B
8,42199,True,A,B,2,1,A
8,42200,True,B,A,0,1,A
8,42201,False,,,,,
8,42202,True,B,A,2,0,B
8,42203,True,B,A,2,1,B
8,42204,True,A,B,4,1,B
8,42205,True,B,A,10,1,B
8,42206,True,A,B,6,1,B
8,42207,True,B,A,2,0,B
8,42208,True,B,A,2,1,B
8,42209,True,A,B,1,2,A
8,42210,True,B,A,1,1,A
8,42211,True,A,B,3,1,B
8,42212,True,B,A,3,1,A
8,42213,True,B,A,1,1,A
8,42214,True,B,A,1,2,A
8,42215,True,A,B,2,0,B
8,42216,True,B,A,1,1,A
8,42217,True,A,B,3,1,B
8,42218,True,B,A,2,1,A
8,42219,True,A,B,10,1,B
8,42220,True,B,A,4,1,B
8,42221,False,,,,,
8,42222,True,A,B,2,0,B
8,42223,True,A,B,2,0,B
8,42224,True,A,B,3,1,B
8,42225,True,A,B,3,1,B
8,42226,True,A,B,1,1,A
8,42227,True,A,B,10,1,B
8,42228,True,A,B,6,1,B
8,42229,True,B,A,6,1,B
8,42230,True,A,B,4,1,B
8,42231,True,B,A,1,1,A
8,42232,True,B,A,2,1,A
8,42233,True,A,B,6,1,B
8,42234,True,B,A,1,2,A
8,42235,True,B,A,3,1,A
8,42236,True,A,B,6,1,B
8,42237,True,A,B,2,1,B
8,42238,True,B,A,0,1,A
8,42239,True,A,B,2,1,B
8,42240,True,B,A,2,1,A
8,42241,True,A,B,3,1,B
8,42242,True,A,B,2,0,B
8,42243,True,A,B,3,1,B
8,42244,True,B,A,3,1,A
8,42245,True,B,A,1,1,A
8,42246,True,B,A,10,1,B
8,42247,True,B,A,1,2,A
8,42248,True,A,B,6,1,B
8,42249,True,A,B,3,1,B
8,42250,True,A,B,0,1,A
8,42251,True,A,B,0,1,A
8,42252,True,B,A,1,1,A
8,42253,True,A,B,2,0,B
8,42254,True,B,A,3,1,B
8,42255,True,B,A,2,0,B
8,42256,True,B,A,2,0,B
8,42257,True,B,A,0,1,A
8,42258,True,A,B,10,1,B
8,42259,True,B,A,4,1,B
8,42260,True,B,A,2,0,B
8,42261,True,B,A,4,1,B
8,42262,True,B,A,1,2,A
8,42263,True,B,A,6,1,B
8,42264,False,,,,,
8,42265,True,A,B,3,1,B
8,42266,True,A,B,10,1,B
8,42267,True,B,A,3,1,B
8,42268,True,A,B,10,1,B
8,42269,True,A,B,4,1,B
8,42270,True,A,B,6,1,B
8,42271,True,B,A,6,1,B
8,42272,True,B,A,1,2,A
8,42273,True,B,A,2,1,A
8,42274,True,B,A,0,1,A
8,42275,True,B,A,1,1,A
8,42276,True,B,A,3,1,B
8,42277,True,A,B,1,2,A
8,42278,True,A,B,4,1,B
8,42279,True,B,A,6,1,B
8,42280,True,B,A,1,1,B
8,42281,True,B,A,3,1,B
8,42282,True,B,A,1,1,A
8,42283,True,B,A,2,0,B
8,42284,True,A,B,3,1,B
8,42285,True,A,B,6,1,B
8,42286,True,A,B,4,1,B
8,42287,True,A,B,10,1,B
8,42288,True,A,B,1,1,A
8,42289,True,A,B,1,2,A
8,42290,True,B,A,3,1,B
8,42291,True,B,A,2,1,A
8,42292,True,A,B,2,1,A
8,42293,True,B,A,3,1,B
8,42294,True,A,B,1,2,A
8,42295,True,B,A,10,1,B
8,42296,True,A,B,1,1,A
8,42297,True,B,A,2,0,B
8,42298,True,B,A,4,1,B
8,42299,True,A,B,6,1,B
8,42300,True,B,A,1,1,B
8,42301,True,B,A,3,1,B
8,42302,True,B,A,2,1,B
8,42303,True,B,A,2,1,B
8,42304,True,A,B,6,1,B
8,42305,True,B,A,6,1,B
8,42306,True,A,B,3,1,A
8,42307,True,A,B,1,2,A
8,42308,True,A,B,10,1,B
8,42309,True,A,B,3,1,A
8,42310,True,B,A,2,0,B
8,42311,True,A,B,1,1,A
8,42312,True,A,B,10,1,A
8,42313,True,B,A,3,1,B
8,42314,True,B,A,2,1,B
8,42315,True,A,B,2,1,A
8,42316,True,B,A,1,2,B
8,42317,True,A,B,2,1,A
8,42318,True,B,A,4,1,B
8,42319,True,B,A,1,2,B
8,42320,True,A,B,0,1,A
8,42321,True,A,B,0,1,A
8,42322,True,A,B,0,1,A
8,42323,True,B,A,2,0,B
8,42324,True,B,A,4,1,B
8,42325,True,B,A,1,2,B
8,42326,True,A,B,1,2,A
8,42327,True,A,B,6,1,B
8,42328,True,A,B,10,1,B
8,42329,True,B,A,6,1,B
8,42330,True,A,B,2,1,A
8,42331,True,A,B,3,1,A
8,42332,True,B,A,2,0,B
8,42333,True,B,A,2,1,B
8,42334,True,B,A,3,1,B
8,42335,True,B,A,10,1,B
8,42336,True,A,B,2,1,A
8,42337,True,A,B,0,1,A
8,42338,True,A,B,0,1,A
8,42339,True,B,A,4,1,B
8,42340,True,B,A,3,1,B
8,42341,True,A,B,6,1,B
8,42342,True,A,B,1,1,A
8,42343,True,A,B,0,1,A
8,42344,True,B,A,1,1,B
8,42345,True,A,B,6,1,B
8,42346,True,B,A,1,1,B
8,42347,True,A,B,10,1,B
8,42348,True,B,A,0,1,A
8,42349,True,A,B,2,0,B
8,42350,True,A,B,2,0,B
8,42351,True,A,B,0,1,A
8,42352,True,B,A,1,2,B
8,42353,True,B,A,1,2,A
8,42354,True,A,B,0,1,A
8,42355,True,B,A,1,1,A
8,42356,True,B,A,2,1,B
8,42357,True,B,A,6,1,B
8,42358,True,B,A,3,1,B
8,42359,True,B,A,2,1,B
8,42360,True,A,B,0,1,A
8,42361,True,A,B,4,1,B
8,42362,True,B,A,2,0,B
8,42363,True,A,B,4,1,B
8,42364,True,B,A,2,0,B
8,42365,True,A,B,2,0,B
8,42366,True,B,A,1,2,A
8,42367,True,B,A,1,2,A
8,42368,True,B,A,1,1,A
8,42369,True,A,B,1,1,A
8,42370,True,A,B,2,1,B
8,42371,True,B,A,0,1,A
8,42372,True,A,B,1,2,A
8,42373,True,B,A,2,0,B
8,42374,True,B,A,1,2,A
8,42375,True,B,A,0,1,A
8,42376,True,A,B,2,0,B
8,42377,True,A,B,10,1,B
8,42378,True,A,B,6,1,B
8,42379,True,B,A,0,1,A
8,42380,True,B,A,1,2,A
8,42381,True,B,A,4,1,B
8,42382,True,A,B,3,1,B
8,42383,True,A,B,6,1,B
8,42384,True,A,B,3,1,B
8,42385,True,B,A,1,1,A
8,42386,True,B,A,6,1,B
8,42387,True,A,B,3,1,B
8,42388,True,A,B,6,1,B
8,42389,False,,,,,
8,42390,True,A,B,4,1,B
8,42391,True,B,A,2,0,B
8,42392,True,B,A,10,1,B
8,42393,True,A,B,1,1,B
8,42394,True,B,A,2,0,B
8,42395,True,A,B,3,1,B
8,42396,True,A,B,2,1,B
8,42397,True,B,A,6,1,B
8,42398,True,B,A,1,2,A
8,42399,True,B,A,4,1,B
8,42400,True,A,B,1,2,A
8,42401,True,A,B,3,1,B
8,42402,True,B,A,6,1,B
8,42403,True,B,A,4,1,B
8,42404,True,B,A,3,1,B
8,42405,True,B,A,2,0,B
8,42406,True,A,B,2,0,B
8,42407,True,A,B,1,1,A
8,42408,True,B,A,4,1,B
8,42409,True,B,A,1,2,A
8,42410,True,B,A,3,1,A
8,42411,True,B,A,10,1,B
8,42412,True,B,A,6,1,B
8,42413,True,A,B,0,1,A
8,42414,True,A,B,0,1,A
8,42415,True,B,A,3,1,B
8,42416,True,A,B,4,1,B
8,42417,True,B,A,4,1,B
8,42418,True,B,A,3,1,B
8,42419,True,B,A,4,1,B
8,42420,True,A,B,0,1,A
8,42421,True,A,B,3,1,B
8,42422,True,A,B,1,1,B
8,42423,True,A,B,1,1,A
8,42424,True,B,A,0,1,A
8,42425,True,A,B,2,0,B
8,42426,True,B,A,1,2,A
8,42427,True,A,B,3,1,B
8,42428,True,A,B,2,0,B
8,42429,True,A,B,1,2,A
8,42430,True,A,B,1,1,A
8,42431,True,B,A,0,1,A
8,42432,True,B,A,10,1,B
8,42433,True,B,A,2,1,A
8,42434,True,A,B,10,1,B
8,42435,True,A,B,6,1,B
8,42436,True,B,A,4,1,B
8,42437,True,A,B,10,1,B
8,42438,True,A,B,3,1,B
8,42439,True,B,A,2,1,A
8,42440,True,A,B,2,0,B
8,42441,True,B,A,2,0,B
8,42442,True,B,A,1,2,A
8,42443,False,,,,,
8,42444,True,B,A,0,1,A
8,42445,True,B,A,10,1,B
8,42446,True,A,B,2,1,B
8,42447,True,B,A,0,1,A
8,42448,True,A,B,3,1,B
8,42449,False,,,,,
8,42450,True,B,A,2,0,B
8,42451,True,B,A,2,0,B
8,42452,True,B,A,3,1,B
8,42453,True,B,A,3,1,B
8,42454,False,,,,,
8,42455,True,B,A,1,1,A
8,42456,True,A,B,3,1,B
8,42457,True,A,B,6,1,B
8,42458,True,A,B,4,1,B
8,42459,True,B,A,6,1,B
8,42460,True,B,A,0,1,A
8,42461,True,A,B,1,2,A
8,42462,True,A,B,6,1,B
8,42463,True,B,A,10,1,B
8,42464,True,B,A,4,1,B
8,42465,True,B,A,4,1,B
8,42466,True,B,A,10,1,B
8,42467,True,A,B,10,1,B
8,42468,True,B,A,1,1,A
8,42469,True,B,A,1,1,A
8,42470,True,A,B,1,1,A
8,42471,True,B,A,4,1,B
8,42472,True,A,B,3,1,B
8,42473,True,B,A,3,1,B
8,42474,True,B,A,6,1,B
8,42475,True,B,A,6,1,B
8,42476,True,B,A,10,1,B
8,42477,True,A,B,10,1,B
8,42478,True,B,A,6,1,B
8,42479,True,A,B,1,2,A
8,42480,True,A,B,2,1,B
8,42481,True,A,B,2,1,B
8,42482,True,A,B,1,2,A
8,42483,True,B,A,1,1,A
8,42484,True,B,A,1,2,A
8,42485,True,B,A,1,1,A
8,42486,True,A,B,1,2,A
8,42487,True,B,A,0,1,A
8,42488,True,A,B,2,0,B
8,42489,True,B,A,4,1,B
8,42490,True,A,B,1,2,A
8,42491,True,B,A,1,2,A
8,42492,True,B,A,3,1,B
8,42493,True,A,B,10,1,B
8,42494,True,A,B,2,1,B
8,42495,True,A,B,6,1,B
8,42496,True,A,B,10,1,B
8,42497,True,B,A,2,0,B
8,42498,True,B,A,6,1,B
8,42499,True,A,B,10,1,B
8,42500,True,A,B,1,1,B
9,42501,True,A,B,4,1,B
9,42502,True,B,A,1,2,A
9,42503,True,A,B,4,1,B
9,42504,True,B,A,0,1,A
9,42505,True,B,A,3,1,B
9,42506,True,A,B,2,1,B
9,42507,True,B,A,3,1,A
9,42508,True,A,B,6,1,B
9,42509,True,A,B,1,1,A
9,42510,True,B,A,2,1,B
9,42511,True,B,A,2,0,B
9,42512,True,A,B,2,0,B
9,42513,True,A,B,6,1,B
9,42514,True,B,A,3,1,A
9,42515,True,B,A,3,1,B
9,42516,False,,,,,
9,42517,True,A,B,10,1,B
9,42518,False,,,,,
9,42519,True,A,B,4,1,B
9,42520,True,A,B,1,1,A
9,42521,False,,,,,
9,42522,True,A,B,0,1,A
9,42523,False,,,,,
9,42524,True,A,B,2,1,A
9,42525,True,B,A,10,1,B
9,42526,True,B,A,4,1,B
9,42527,True,A,B,1,1,A
9,42528,True,A,B,3,1,B
9,42529,True,A,B,1,2,A
9,42530,True,A,B,1,1,B
9,42531,True,A,B,2,1,B
9,42532,True,A,B,2,0,B
9,42533,True,B,A,6,1,B
9,42534,True,B,A,0,1,A
9,42535,True,A,B,3,1,B
9,42536,True,A,B,1,2,A
9,42537,True,A,B,3,1,B
9,42538,True,B,A,3,1,B
9,42539,True,B,A,0,1,A
9,42540,True,A,B,4,1,B
9,42541,True,B,A,1,1,A
9,42542,True,A,B,3,1,B
9,42543,True,A,B,0,1,A
9,42544,True,B,A,1,2,A
9,42545,True,A,B,1,2,A
9,42546,True,B,A,4,1,B
9,42547,True,A,B,3,1,B
9,42548,True,A,B,4,1,B
9,42549,True,A,B,1,2,A
9,42550,True,A,B,6,1,B
9,42551,True,B,A,2,1,A
9,42552,True,A,B,4,1,B
9,42553,True,B,A,0,1,A
9,42554,True,B,A,1,2,A
9,42555,True,B,A,1,1,A
9,42556,True,B,A,6,1,B
9,42557,True,A,B,2,0,B
9,42558,True,B,A,6,1,B
9,42559,True,B,A,3,1,A
9,42560,True,A,B,3,1,B
9,42561,True,A,B,0,1,A
9,42562,True,A,B,1,1,B
9,42563,True,A,B,2,1,B
9,42564,True,B,A,3,1,B
9,42565,True,A,B,3,1,B
9,42566,True,B,A,2,0,B
9,42567,True,B,A,10,1,B
9,42568,True,A,B,6,1,B
9,42569,True,A,B,4,1,B
9,42570,True,A,B,2,0,B
9,42571,True,B,A,2,0,B
9,42572,True,A,B,3,1,B
9,42573,True,B,A,1,1,A
9,42574,True,A,B,1,2,A
9,42575,True,A,B,2,1,A
9,42576,True,B,A,4,1,B
9,42577,True,B,A,3,1,A
9,42578,True,A,B,1,1,A
9,42579,True,B,A,10,1,B
9,42580,True,B,A,1,2,A
9,42581,True,A,B,3,1,B
9,42582,True,B,A,0,1,A
9,42583,True,A,B,1,1,A
9,42584,True,B,A,2,0,B
9,42585,True,A,B,10,1,B
9,42586,True,A,B,6,1,B
9,42587,True,B,A,3,1,B
9,42588,True,B,A,6,1,B
9,42589,True,B,A,10,1,B
9,42590,True,A,B,1,2,A
9,42591,True,B,A,0,1,A
9,42592,True,A,B,0,1,A
9,42593,True,A,B,1,1,A
9,42594,True,B,A,2,0,B
9,42595,True,B,A,4,1,B
9,42596,True,B,A,2,1,A
9,42597,True,A,B,1,2,A
9,42598,True,B,A,1,1,A
9,42599,True,A,B,0,1,A
9,42600,True,B,A,6,1,B
9,42601,True,B,A,3,1,B
9,42602,True,A,B,6,1,B
9,42603,True,B,A,6,1,B
9,42604,True,B,A,3,1,B
9,42605,True,B,A,10,1,B
9,42606,True,A,B,2,0,B
9,42607,True,A,B,0,1,A
9,42608,True,B,A,1,2,A
9,42609,True,A,B,2,0,B
9,42610,True,B,A,4,1,B
9,42611,True,A,B,0,1,A
9,42612,True,B,A,2,1,A
9,42613,True,B,A,1,1,A
9,42614,True,B,A,2,1,A
9,42615,True,A,B,2,1,B
9,42616,True,B,A,4,1,B
9,42617,True,A,B,10,1,B
9,42618,True,B,A,4,1,B
9,42619,True,B,A,2,1,B
9,42620,True,B,A,10,1,B
9,42621,True,B,A,2,0,B
9,42622,True,A,B,10,1,B
9,42623,True,B,A,1,1,A
9,42624,True,A,B,0,1,A
9,42625,True,B,A,6,1,B
9,42626,True,A,B,0,1,A
9,42627,True,A,B,1,1,B
9,42628,True,B,A,6,1,B
9,42629,True,B,A,1,1,A
9,42630,True,A,B,2,0,B
9,42631,True,A,B,3,1,B
9,42632,True,A,B,10,1,B
9,42633,True,B,A,2,1,B
9,42634,False,,,,,
9,42635,True,A,B,6,1,B
9,42636,True,A,B,1,1,A
9,42637,True,B,A,2,1,A
9,42638,True,A,B,2,0,B
9,42639,True,A,B,1,1,A
9,42640,True,B,A,0,1,A
9,42641,True,A,B,6,1,B
9,42642,True,A,B,0,1,A
9,42643,True,A,B,2,0,B
9,42644,True,A,B,2,1,B
9,42645,True,B,A,10,1,B
9,42646,True,A,B,0,1,A
9,42647,True,B,A,1,2,A
9,42648,True,A,B,10,1,B
9,42649,True,A,B,2,0,B
9,42650,True,A,B,0,1,A
9,42651,True,A,B,3,1,B
9,42652,True,B,A,3,1,B
9,42653,True,B,A,1,1,A
9,42654,True,A,B,2,0,B
9,42655,True,B,A,2,0,B
9,42656,True,B,A,2,0,B
9,42657,True,B,A,2,0,B
9,42658,True,A,B,6,1,B
9,42659,True,B,A,2,1,B
9,42660,True,B,A,3,1,B
9,42661,True,B,A,1,1,A
9,42662,True,B,A,3,1,B
9,42663,True,A,B,1,2,A
9,42664,True,B,A,4,1,B
9,42665,True,A,B,3,1,B
9,42666,True,B,A,3,1,B
9,42667,True,B,A,6,1,B
9,42668,True,B,A,10,1,B
9,42669,True,A,B,1,1,A
9,42670,True,A,B,3,1,B
9,42671,True,A,B,2,1,A
9,42672,True,A,B,2,0,B
9,42673,True,A,B,2,0,B
9,42674,True,B,A,2,1,A
9,42675,True,A,B,2,0,B
9,42676,True,B,A,6,1,B
9,42677,True,A,B,1,2,A
9,42678,True,A,B,1,1,A
9,42679,True,A,B,0,1,A
9,42680,True,B,A,6,1,B
9,42681,True,B,A,1,1,A
9,42682,True,A,B,2,0,B
9,42683,True,A,B,2,1,A
9,42684,True,B,A,1,1,B
9,42685,True,B,A,2,1,A
9,42686,True,B,A,4,1,B
9,42687,True,A,B,2,1,A
9,42688,True,B,A,1,1,A
9,42689,True,B,A,10,1,B
9,42690,True,B,A,1,2,A
9,42691,True,B,A,2,1,A
9,42692,True,B,A,0,1,A
9,42693,True,B,A,1,2,A
9,42694,True,B,A,10,1,B
9,42695,True,B,A,0,1,A
9,42696,True,A,B,4,1,B
9,42697,True,A,B,1,1,A
9,42698,True,A,B,1,2,A
9,42699,True,B,A,2,1,A
9,42700,True,A,B,2,0,B
9,42701,True,B,A,1,2,A
9,42702,True,A,B,6,1,B
9,42703,True,A,B,3,1,B
9,42704,True,A,B,1,2,A
9,42705,True,A,B,6,1,B
9,42706,False,,,,,
9,42707,True,A,B,3,1,B
9,42708,True,A,B,1,1,A
9,42709,True,A,B,6,1,B
9,42710,True,B,A,6,1,B
9,42711,True,B,A,3,1,B
9,42712,True,B,A,1,2,A
9,42713,True,A,B,1,1,A
9,42714,True,A,B,10,1,B
9,42715,True,A,B,10,1,B
9,42716,True,A,B,6,1,B
9,42717,True,B,A,2,1,B
9,42718,True,A,B,1,2,A
9,42719,True,A,B,6,1,B
9,42720,True,B,A,2,1,A
9,42721,True,A,B,2,0,B
9,42722,True,A,B,2,0,B
9,42723,True,B,A,2,0,B
9,42724,True,B,A,2,1,A
9,42725,True,A,B,4,1,B
9,42726,True,A,B,4,1,B
9,42727,True,A,B,10,1,B
9,42728,True,A,B,1,1,A
9,42729,True,A,B,3,1,B
9,42730,True,B,A,0,1,A
9,42731,True,A,B,6,1,B
9,42732,True,A,B,6,1,B
9,42733,True,B,A,6,1,B
9,42734,True,B,A,4,1,B
9,42735,True,B,A,0,1,A
9,42736,True,B,A,0,1,A
9,42737,True,B,A,3,1,B
9,42738,True,B,A,1,1,A
9,42739,True,B,A,1,2,A
9,42740,True,B,A,6,1,B
9,42741,True,B,A,2,0,B
9,42742,True,A,B,1,2,A
9,42743,True,A,B,2,0,B
9,42744,True,A,B,1,2,A
9,42745,True,B,A,4,1,B
9,42746,True,B,A,2,0,B
9,42747,True,A,B,4,1,B
9,42748,True,A,B,10,1,B
9,42749,True,A,B,2,0,B
9,42750,True,B,A,4,1,B
9,42751,True,A,B,1,1,A
9,42752,True,B,A,4,1,B
9,42753,True,A,B,1,1,A
9,42754,True,A,B,1,2,A
9,42755,True,B,A,4,1,B
9,42756,True,B,A,4,1,B
9,42757,True,B,A,3,1,B
9,42758,True,B,A,0,1,A
9,42759,True,A,B,2,1,B
9,42760,True,B,A,6,1,B
9,42761,True,B,A,1,2,A
9,42762,True,A,B,1,1,A
9,42763,True,B,A,6,1,B
9,42764,True,A,B,1,1,B
9,42765,False,,,,,
9,42766,True,B,A,2,1,A
9,42767,True,A,B,1,2,B
9,42768,True,B,A,10,1,B
9,42769,True,A,B,2,0,B
9,42770,True,B,A,2,1,A
9,42771,True,A,B,2,0,B
9,42772,True,B,A,4,1,B
9,42773,False,,,,,
9,42774,True,A,B,0,1,A
9,42775,True,B,A,4,1,B
9,42776,False,,,,,
9,42777,True,B,A,6,1,B
9,42778,True,A,B,2,0,B
9,42779,True,A,B,2,0,B
9,42780,True,B,A,1,1,A
9,42781,True,A,B,2,1,A
9,42782,True,A,B,1,1,A
9,42783,True,A,B,3,1,B
9,42784,True,B,A,2,1,A
9,42785,True,A,B,4,1,B
9,42786,True,B,A,4,1,B
9,42787,True,B,A,2,1,A
9,42788,True,A,B,0,1,A
9,42789,True,B,A,0,1,A
9,42790,True,A,B,3,1,B
9,42791,True,A,B,0,1,A
9,42792,True,A,B,1,2,A
9,42793,True,A,B,0,1,A
9,42794,True,A,B,2,1,B
9,42795,True,B,A,3,1,B
9,42796,True,A,B,10,1,B
9,42797,True,B,A,4,1,B
9,42798,True,B,A,1,2,A
9,42799,True,A,B,1,1,A
9,42800,True,A,B,3,1,B
9,42801,True,B,A,10,1,B
9,42802,True,B,A,0,1,A
9,42803,True,B,A,0,1,A
9,42804,True,A,B,6,1,B
9,42805,True,B,A,4,1,B
9,42806,True,A,B,6,1,B
9,42807,True,A,B,2,0,B
9,42808,True,B,A,2,0,B
9,42809,True,B,A,10,1,B
9,42810,True,B,A,1,1,A
9,42811,True,B,A,2,0,B
9,42812,True,B,A,6,1,B
9,42813,True,B,A,3,1,B
9,42814,True,B,A,0,1,A
9,42815,True,A,B,10,1,B
9,42816,True,B,A,4,1,B
9,42817,True,A,B,2,0,B
9,42818,True,B,A,2,1,A
9,42819,True,B,A,4,1,B
9,42820,True,A,B,6,1,B
9,42821,True,B,A,0,1,A
9,42822,True,A,B,4,1,B
9,42823,True,A,B,3,1,B
9,42824,True,A,B,3,1,B
9,42825,True,B,A,0,1,A
9,42826,True,B,A,4,1,B
9,42827,True,B,A,0,1,A
9,42828,True,A,B,1,2,A
9,42829,True,B,A,1,2,A
9,42830,True,A,B,1,1,A
9,42831,True,B,A,6,1,B
9,42832,True,B,A,2,1,A
9,42833,True,A,B,1,1,A
9,42834,True,B,A,3,1,A
9,42835,True,B,A,6,1,B
9,42836,True,B,A,2,0,B
9,42837,True,B,A,1,2,A
9,42838,True,A,B,6,1,B
9,42839,True,A,B,0,1,A
9,42840,True,A,B,2,1,A
9,42841,True,A,B,6,1,B
9,42842,True,B,A,2,1,A
9,42843,True,A,B,3,1,B
9,42844,True,B,A,0,1,A
9,42845,True,B,A,10,1,B
9,42846,True,B,A,1,1,A
9,42847,True,A,B,0,1,A
9,42848,True,B,A,6,1,B
9,42849,True,B,A,2,0,B
9,42850,True,B,A,4,1,B
9,42851,True,A,B,3,1,B
9,42852,True,B,A,6,1,B
9,42853,True,A,B,3,1,B
9,42854,True,A,B,10,1,B
9,42855,True,A,B,2,0,B
9,42856,True,A,B,3,1,B
9,42857,True,B,A,4,1,B
9,42858,True,A,B,0,1,A
9,42859,True,A,B,2,0,B
9,42860,True,A,B,1,1,A
9,42861,True,B,A,0,1,A
9,42862,True,A,B,2,1,A
9,42863,True,A,B,0,1,A
9,42864,True,B,A,0,1,A
9,42865,True,A,B,0,1,A
9,42866,True,A,B,0,1,A
9,42867,True,B,A,4,1,B
9,42868,True,A,B,0,1,A
9,42869,True,A,B,10,1,B
9,42870,True,A,B,3,1,B
9,42871,True,B,A,2,0,B
9,42872,True,B,A,2,1,B
9,42873,True,A,B,2,1,A
9,42874,True,B,A,0,1,A
9,42875,False,,,,,
9,42876,True,B,A,0,1,A
9,42877,True,B,A,4,1,B
9,42878,True,B,A,1,2,A
9,42879,True,A,B,1,1,A
9,42880,True,A,B,1,1,A
9,42881,True,A,B,2,1,A
9,42882,True,A,B,3,1,B
9,42883,True,A,B,0,1,A
9,42884,True,B,A,1,1,A
9,42885,True,A,B,10,1,B
9,42886,True,A,B,2,1,A
9,42887,True,A,B,3,1,B
9,42888,True,B,A,0,1,A
9,42889,True,A,B,10,1,B
9,42890,True,A,B,2,1,A
9,42891,True,A,B,1,2,A
9,42892,True,A,B,2,1,A
9,42893,True,A,B,1,2,A
9,42894,True,A,B,2,1,B
9,42895,True,B,A,3,1,B
9,42896,True,B,A,2,1,A
9,42897,True,A,B,3,1,B
9,42898,True,A,B,4,1,B
9,42899,True,B,A,4,1,B
9,42900,True,B,A,6,1,B
9,42901,True,B,A,1,2,A
9,42902,True,B,A,2,1,B
9,42903,True,B,A,4,1,B
9,42904,True,A,B,1,2,A
9,42905,True,A,B,1,2,A
9,42906,True,B,A,3,1,B
9,42907,True,B,A,4,1,B
9,42908,True,B,A,6,1,B
9,42909,True,B,A,4,1,B
9,42910,True,B,A,4,1,B
9,42911,False,,,,,
9,42912,True,A,B,4,1,B
9,42913,True,A,B,3,1,B
9,42914,True,A,B,3,1,B
9,42915,True,A,B,2,0,B
9,42916,True,A,B,1,1,A
9,42917,True,B,A,1,1,B
9,42918,True,A,B,1,1,A
9,42919,True,A,B,3,1,B
9,42920,True,A,B,4,1,B
9,42921,True,B,A,1,1,A
9,42922,False,,,,,
9,42923,True,B,A,1,2,A
9,42924,True,B,A,1,1,A
9,42925,True,B,A,10,1,B
9,42926,True,A,B,1,1,A
9,42927,True,B,A,1,2,A
9,42928,True,A,B,10,1,B
9,42929,True,A,B,0,1,A
9,42930,True,A,B,4,1,B
9,42931,True,B,A,2,0,B
9,42932,True,B,A,2,0,B
9,42933,True,B,A,4,1,B
9,42934,True,A,B,1,1,A
9,42935,True,B,A,0,1,A
9,42936,True,B,A,2,1,A
9,42937,True,A,B,2,1,A
9,42938,True,B,A,4,1,B
9,42939,True,B,A,2,1,A
9,42940,True,B,A,0,1,A
9,42941,True,A,B,3,1,B
9,42942,True,A,B,2,1,A
9,42943,True,A,B,1,1,A
9,42944,True,A,B,4,1,B
9,42945,True,B,A,1,1,A
9,42946,True,A,B,2,1,A
9,42947,True,A,B,3,1,B
9,42948,True,B,A,10,1,B
9,42949,True,B,A,1,1,A
9,42950,True,B,A,2,1,A
9,42951,True,B,A,1,2,A
9,42952,True,B,A,2,1,B
9,42953,True,A,B,1,1,A
9,42954,True,A,B,2,1,A
9,42955,True,A,B,1,1,A
9,42956,True,B,A,4,1,B
9,42957,True,A,B,0,1,A
9,42958,True,B,A,1,2,A
9,42959,True,A,B,2,1,B
9,42960,True,A,B,10,1,B
9,42961,True,A,B,4,1,B
9,42962,True,A,B,0,1,A
9,42963,True,A,B,4,1,B
9,42964,True,B,A,2,0,B
9,42965,True,A,B,0,1,A
9,42966,True,B,A,10,1,B
9,42967,True,B,A,1,1,A
9,42968,True,B,A,1,2,A
9,42969,True,B,A,3,1,B
9,42970,True,B,A,1,2,A
9,42971,True,B,A,4,1,B
9,42972,True,B,A,1,2,A
9,42973,True,B,A,1,2,A
9,42974,True,B,A,0,1,A
9,42975,True,A,B,4,1,B
9,42976,True,A,B,4,1,B
9,42977,True,B,A,3,1,B
9,42978,True,B,A,10,1,B
9,42979,True,B,A,0,1,A
9,42980,True,B,A,1,1,A
9,42981,True,B,A,0,1,A
9,42982,True,A,B,6,1,B
9,42983,True,B,A,2,1,B
9,42984,True,B,A,4,1,B
9,42985,True,B,A,3,1,B
9,42986,True,B,A,1,1,A
9,42987,True,B,A,1,1,A
9,42988,True,B,A,1,2,A
9,42989,True,B,A,4,1,B
9,42990,True,A,B,6,1,B
9,42991,True,B,A,1,1,A
9,42992,True,B,A,2,1,A
9,42993,True,A,B,2,1,A
9,42994,True,A,B,1,2,A
9,42995,False,,,,,
9,42996,True,B,A,10,1,B
9,42997,True,B,A,2,0,B
9,42998,True,A,B,10,1,B
9,42999,True,B,A,0,1,A
9,43000,True,B,A,2,0,B
10,43001,True,A,B,2,0,B
10,43002,True,B,A,1,2,A
10,43003,True,B,A,4,1,B
10,43004,True,A,B,1,1,A
10,43005,True,A,B,10,1,B
10,43006,True,A,B,4,1,B
10,43007,True,B,A,1,1,A
10,43008,True,B,A,10,1,B
10,43009,True,A,B,2,1,A
10,43010,True,A,B,10,1,B
10,43011,True,A,B,2,0,B
10,43012,True,A,B,6,1,B
10,43013,True,B,A,1,2,A
10,43014,True,B,A,3,1,B
10,43015,True,A,B,1,1,A
10,43016,True,B,A,1,1,A
10,43017,True,A,B,2,0,B
10,43018,True,B,A,2,1,B
10,43019,True,B,A,10,1,B
10,43020,True,B,A,2,0,B
10,43021,True,B,A,1,1,A
10,43022,True,B,A,2,1,B
10,43023,True,B,A,1,1,A
10,43024,True,A,B,4,1,B
10,43025,True,A,B,6,1,B
10,43026,True,B,A,2,0,B
10,43027,True,A,B,10,1,B
10,43028,True,B,A,2,0,B
10,43029,True,B,A,4,1,B
10,43030,True,A,B,0,1,A
10,43031,True,A,B,1,2,A
10,43032,True,A,B,2,0,B
10,43033,True,B,A,1,1,A
10,43034,True,B,A,6,1,B
10,43035,True,A,B,10,1,B
10,43036,True,B,A,2,0,B
10,43037,True,A,B,2,1,A
10,43038,True,B,A,10,1,B
10,43039,True,B,A,3,1,B
10,43040,True,B,A,1,1,A
10,43041,True,B,A,1,1,A
10,43042,True,A,B,2,0,B
10,43043,True,A,B,1,2,A
10,43044,True,A,B,10,1,B
10,43045,True,B,A,10,1,B
10,43046,True,B,A,1,2,A
10,43047,True,B,A,0,1,A
10,43048,True,B,A,3,1,B
10,43049,True,B,A,10,1,B
10,43050,True,B,A,2,0,B
10,43051,True,A,B,1,1,A
10,43052,True,B,A,2,0,B
10,43053,True,B,A,10,1,B
10,43054,True,A,B,4,1,B
10,43055,True,A,B,4,1,B
10,43056,True,A,B,2,1,A
10,43057,True,A,B,2,1,A
10,43058,True,B,A,1,1,A
10,43059,True,A,B,1,2,A
10,43060,False,,,,,
10,43061,True,B,A,1,1,A
10,43062,True,B,A,2,0,B
10,43063,True,B,A,3,1,B
10,43064,True,B,A,0,1,A
10,43065,True,B,A,10,1,B
10,43066,True,B,A,3,1,B
10,43067,True,B,A,6,1,B
10,43068,True,B,A,3,1,B
10,43069,True,A,B,1,2,A
10,43070,True,B,A,1,1,A
10,43071,True,B,A,1,1,A
10,43072,True,B,A,1,2,A
10,43073,True,A,B,2,0,B
10,43074,True,B,A,4,1,B
10,43075,True,B,A,2,0,B
10,43076,True,B,A,4,1,B
10,43077,True,B,A,4,1,B
10,43078,True,B,A,6,1,B
10,43079,True,A,B,1,1,A
10,43080,True,A,B,2,0,B
10,43081,True,A,B,2,1,B
10,43082,True,A,B,4,1,B
10,43083,True,A,B,4,1,B
10,43084,True,B,A,0,1,A
10,43085,True,B,A,4,1,B
10,43086,True,B,A,6,1,B
10,43087,True,A,B,3,1,B
10,43088,True,A,B,4,1,B
10,43089,True,B,A,6,1,B
10,43090,True,A,B,0,1,A
10,43091,True,B,A,4,1,B
10,43092,True,A,B,2,1,A
10,43093,True,A,B,4,1,B
10,43094,True,B,A,2,1,B
10,43095,True,B,A,1,2,A
10,43096,True,B,A,0,1,A
10,43097,True,B,A,1,2,A
10,43098,True,B,A,1,1,A
10,43099,True,A,B,2,0,B
10,43100,True,A,B,4,1,B
10,43101,True,A,B,6,1,B
10,43102,True,B,A,4,1,B
10,43103,True,B,A,2,1,B
10,43104,True,A,B,1,1,A
10,43105,True,A,B,2,0,B
10,43106,True,A,B,1,1,A
10,43107,True,A,B,10,1,B
10,43108,True,A,B,6,1,B
10,43109,True,A,B,4,1,B
10,43110,True,B,A,1,1,A
10,43111,True,A,B,4,1,B
10,43112,True,A,B,2,1,B
10,43113,True,A,B,10,1,B
10,43114,True,B,A,0,1,A
10,43115,True,A,B,1,1,A
10,43116,True,B,A,1,1,A
10,43117,True,A,B,4,1,B
10,43118,True,A,B,3,1,B
10,43119,True,B,A,1,2,A
10,43120,True,B,A,10,1,B
10,43121,True,A,B,2,0,B
10,43122,True,B,A,2,1,B
10,43123,True,A,B,2,1,A
10,43124,True,A,B,3,1,B
10,43125,True,A,B,3,1,B
10,43126,True,A,B,1,2,A
10,43127,True,A,B,1,2,A
10,43128,True,B,A,4,1,B
10,43129,True,A,B,10,1,B
10,43130,True,B,A,3,1,B
10,43131,True,A,B,6,1,B
10,43132,True,B,A,4,1,B
10,43133,True,B,A,6,1,B
10,43134,True,B,A,4,1,B
10,43135,True,A,B,2,1,A
10,43136,True,A,B,1,1,A
10,43137,True,A,B,2,1,A
10,43138,True,A,B,2,1,A
10,43139,True,B,A,10,1,B
10,43140,True,B,A,1,2,A
10,43141,True,A,B,1,1,A
10,43142,True,A,B,0,1,A
10,43143,True,B,A,3,1,B
10,43144,True,B,A,1,1,A
10,43145,True,A,B,4,1,B
10,43146,True,B,A,4,1,B
10,43147,True,A,B,2,0,B
10,43148,True,B,A,1,1,A
10,43149,True,B,A,0,1,A
10,43150,True,B,A,1,2,A
10,43151,True,A,B,1,2,A
10,43152,True,B,A,1,1,A
10,43153,True,A,B,4,1,B
10,43154,True,A,B,1,1,A
10,43155,True,B,A,0,1,A
10,43156,True,B,A,0,1,A
10,43157,True,B,A,1,2,A
10,43158,True,B,A,1,2,A
10,43159,True,B,A,2,0,B
10,43160,True,A,B,1,1,A
10,43161,True,B,A,2,0,B
10,43162,True,B,A,2,1,B
10,43163,True,B,A,10,1,B
10,43164,True,B,A,10,1,B
10,43165,True,A,B,1,2,A
10,43166,True,A,B,4,1,B
10,43167,True,A,B,1,2,A
10,43168,True,B,A,1,2,A
10,43169,True,A,B,1,2,A
10,43170,True,A,B,0,1,A
10,43171,True,B,A,2,1,B
10,43172,True,A,B,3,1,B
10,43173,True,B,A,0,1,A
10,43174,True,B,A,2,0,B
10,43175,True,B,A,6,1,B
10,43176,True,A,B,0,1,A
10,43177,True,B,A,10,1,B
10,43178,True,B,A,2,1,B
10,43179,True,B,A,4,1,B
10,43180,True,B,A,10,1,B
10,43181,True,A,B,3,1,B
10,43182,True,A,B,10,1,B
10,43183,True,B,A,3,1,B
10,43184,True,A,B,4,1,B
10,43185,True,B,A,6,1,B
10,43186,True,B,A,10,1,B
10,43187,True,A,B,3,1,B
10,43188,True,A,B,1,2,A
10,43189,True,A,B,10,1,B
10,43190,True,A,B,4,1,B
10,43191,True,B,A,3,1,B
10,43192,True,B,A,1,1,A
10,43193,False,,,,,
10,43194,True,A,B,10,1,B
10,43195,True,A,B,10,1,B
10,43196,True,B,A,4,1,B
10,43197,True,B,A,1,1,A
10,43198,True,A,B,2,0,B
10,43199,True,A,B,3,1,B
10,43200,True,A,B,10,1,B
10,43201,True,B,A,0,1,A
10,43202,True,B,A,2,0,B
10,43203,True,A,B,6,1,B
10,43204,True,A,B,1,2,A
10,43205,True,B,A,10,1,B
10,43206,True,A,B,10,1,B
10,43207,True,B,A,0,1,A
10,43208,True,A,B,1,1,A
10,43209,True,A,B,1,2,A
10,43210,True,A,B,1,2,A
10,43211,True,B,A,2,1,A
10,43212,False,,,,,
10,43213,True,A,B,2,1,A
10,43214,True,A,B,1,2,A
10,43215,True,B,A,6,1,B
10,43216,True,B,A,1,1,A
10,43217,True,B,A,2,1,B
10,43218,True,A,B,3,1,B
10,43219,True,A,B,0,1,A
10,43220,True,B,A,3,1,B
10,43221,True,B,A,6,1,B
10,43222,True,B,A,1,2,A
10,43223,True,A,B,2,1,A
10,43224,True,A,B,6,1,B
10,43225,True,B,A,4,1,B
10,43226,True,B,A,2,0,B
10,43227,True,A,B,1,1,A
10,43228,True,A,B,2,1,A
10,43229,True,A,B,4,1,B
10,43230,True,A,B,10,1,B
10,43231,True,B,A,2,1,A
10,43232,True,A,B,3,1,B
10,43233,True,A,B,2,0,B
10,43234,True,B,A,1,2,A
10,43235,True,B,A,0,1,A
10,43236,True,B,A,3,1,B
10,43237,True,B,A,3,1,B
10,43238,True,A,B,1,1,A
10,43239,True,B,A,0,1,A
10,43240,True,B,A,10,1,B
10,43241,True,A,B,1,1,A
10,43242,True,A,B,10,1,B
10,43243,True,A,B,3,1,B
10,43244,True,B,A,2,1,B
10,43245,True,B,A,1,2,A
10,43246,True,A,B,2,1,A
10,43247,True,B,A,1,2,A
10,43248,True,A,B,10,1,B
10,43249,True,B,A,6,1,B
10,43250,True,B,A,2,0,B
10,43251,True,B,A,0,1,A
10,43252,True,B,A,1,1,A
10,43253,True,B,A,1,1,B
10,43254,True,A,B,3,1,B
10,43255,True,B,A,6,1,B
10,43256,True,A,B,2,1,A
10,43257,True,B,A,10,1,B
10,43258,True,B,A,3,1,B
10,43259,True,A,B,4,1,B
10,43260,True,A,B,2,0,B
10,43261,True,B,A,0,1,A
10,43262,True,A,B,4,1,B
10,43263,True,B,A,3,1,B
10,43264,True,A,B,3,1,B
10,43265,True,A,B,1,2,A
10,43266,True,B,A,6,1,B
10,43267,True,A,B,10,1,B
10,43268,False,,,,,
10,43269,True,B,A,10,1,B
10,43270,True,A,B,2,0,B
10,43271,True,A,B,6,1,B
10,43272,True,A,B,6,1,B
10,43273,True,A,B,2,1,A
10,43274,True,A,B,10,1,B
10,43275,True,A,B,3,1,B
10,43276,True,A,B,4,1,B
10,43277,True,A,B,1,2,A
10,43278,True,A,B,0,1,A
10,43279,True,B,A,4,1,B
10,43280,True,B,A,1,2,A
10,43281,True,B,A,4,1,B
10,43282,True,B,A,1,1,A
10,43283,True,B,A,2,0,B
10,43284,True,A,B,4,1,B
10,43285,True,A,B,2,1,A
10,43286,True,A,B,3,1,B
10,43287,True,B,A,2,0,B
10,43288,True,B,A,3,1,B
10,43289,True,A,B,10,1,B
10,43290,True,B,A,2,1,B
10,43291,True,A,B,2,1,A
10,43292,True,A,B,1,2,A
10,43293,True,B,A,6,1,B
10,43294,True,A,B,1,1,A
10,43295,False,,,,,
10,43296,True,A,B,4,1,B
10,43297,True,B,A,2,1,B
10,43298,True,A,B,0,1,A
10,43299,True,B,A,2,1,A
10,43300,True,B,A,1,2,A
11,43301,True,A,B,10,1,B
11,43302,True,A,B,6,1,B
11,43303,True,B,A,0,1,A
11,43304,True,B,A,3,1,B
11,43305,True,A,B,1,2,A
11,43306,True,B,A,0,1,A
11,43307,True,A,B,0,1,A
11,43308,True,A,B,6,1,B
11,43309,True,A,B,6,1,B
11,43310,True,A,B,2,0,B
11,43311,True,A,B,10,1,B
11,43312,True,B,A,2,0,B
11,43313,True,A,B,4,1,B
11,43314,True,A,B,2,1,A
11,43315,True,B,A,3,1,B
11,43316,True,A,B,6,1,B
11,43317,True,A,B,1,1,A
11,43318,True,B,A,1,2,A
11,43319,False,,,,,
11,43320,False,,,,,
11,43321,True,A,B,3,1,B
11,43322,True,B,A,10,1,B
11,43323,True,B,A,0,1,A
11,43324,True,B,A,2,1,B
11,43325,True,B,A,6,1,B
11,43326,True,A,B,4,1,B
11,43327,True,B,A,1,2,A
11,43328,True,B,A,2,0,B
11,43329,True,A,B,1,1,A
11,43330,True,B,A,4,1,B
11,43331,True,B,A,0,1,A
11,43332,False,,,,,
11,43333,True,B,A,6,1,B
11,43334,True,A,B,1,1,A
11,43335,True,A,B,0,1,A
11,43336,False,,,,,
11,43337,True,A,B,6,1,B
11,43338,True,B,A,4,1,B
11,43339,True,B,A,3,1,B
11,43340,True,A,B,6,1,B
11,43341,False,,,,,
11,43342,True,A,B,6,1,B
11,43343,True,A,B,10,1,B
11,43344,False,,,,,
11,43345,False,,,,,
11,43346,True,B,A,10,1,B
11,43347,True,B,A,6,1,B
11,43348,True,B,A,0,1,A
11,43349,True,B,A,10,1,B
11,43350,True,A,B,2,1,A
11,43351,True,A,B,2,0,B
11,43352,True,A,B,1,2,A
11,43353,True,B,A,0,1,A
11,43354,True,A,B,1,2,A
11,43355,True,A,B,10,1,B
11,43356,True,A,B,3,1,B
11,43357,True,A,B,3,1,B
11,43358,True,A,B,1,1,A
11,43359,True,B,A,3,1,B
11,43360,True,A,B,1,1,A
11,43361,True,A,B,3,1,B
11,43362,True,A,B,3,1,B
11,43363,False,,,,,
11,43364,False,,,,,
11,43365,True,B,A,1,2,A
11,43366,True,A,B,3,1,B
11,43367,True,B,A,4,1,B
11,43368,True,B,A,2,1,B
11,43369,True,B,A,1,2,A
11,43370,True,B,A,2,0,B
11,43371,True,A,B,6,1,B
11,43372,True,A,B,2,1,B
11,43373,True,A,B,6,1,B
11,43374,True,A,B,0,1,A
11,43375,True,A,B,10,1,B
11,43376,False,,,,,
11,43377,True,A,B,2,0,B
11,43378,True,B,A,2,1,B
11,43379,True,A,B,6,1,B
11,43380,True,B,A,6,1,B
11,43381,True,A,B,3,1,B
11,43382,True,A,B,2,1,A
11,43383,True,A,B,3,1,B
11,43384,True,A,B,1,2,A
11,43385,True,B,A,3,1,B
11,43386,True,A,B,6,1,B
11,43387,True,B,A,1,1,B
11,43388,False,,,,,
11,43389,True,A,B,2,1,A
11,43390,True,B,A,1,1,A
11,43391,True,A,B,6,1,B
11,43392,True,A,B,4,1,B
11,43393,True,A,B,2,1,A
11,43394,True,B,A,2,1,B
11,43395,True,B,A,1,2,A
11,43396,True,B,A,3,1,B
11,43397,True,B,A,0,1,A
11,43398,True,B,A,6,1,B
11,43399,True,B,A,0,1,A
11,43400,True,A,B,2,1,A
11,43401,True,B,A,1,1,A
11,43402,True,B,A,6,1,B
11,43403,True,A,B,3,1,B
11,43404,False,,,,,
11,43405,True,B,A,2,0,B
11,43406,True,B,A,2,0,B
11,43407,True,A,B,1,2,A
11,43408,True,A,B,1,2,A
11,43409,True,A,B,1,1,A
11,43410,False,,,,,
11,43411,True,A,B,3,1,B
11,43412,True,B,A,2,0,B
11,43413,True,B,A,4,1,B
11,43414,True,B,A,4,1,B
11,43415,True,A,B,3,1,B
11,43416,False,,,,,
11,43417,True,A,B,2,0,B
11,43418,True,A,B,4,1,B
11,43419,False,,,,,
11,43420,False,,,,,
11,43421,True,A,B,1,1,A
11,43422,True,B,A,1,2,A
11,43423,True,B,A,1,2,A
11,43424,True,A,B,1,2,A
11,43425,True,B,A,4,1,B
11,43426,True,B,A,2,0,B
11,43427,True,A,B,10,1,B
11,43428,True,B,A,1,2,A
11,43429,True,A,B,3,1,B
11,43430,True,A,B,0,1,A
11,43431,True,A,B,6,1,B
11,43432,True,A,B,0,1,A
11,43433,True,A,B,2,1,A
11,43434,True,B,A,1,1,A
11,43435,True,A,B,10,1,B
11,43436,True,A,B,2,1,B
11,43437,True,A,B,1,2,A
11,43438,True,B,A,6,1,B
11,43439,True,B,A,2,0,B
11,43440,False,,,,,
11,43441,True,B,A,1,2,A
11,43442,True,A,B,4,1,B
11,43443,True,A,B,0,1,A
11,43444,True,A,B,3,1,B
11,43445,False,,,,,
11,43446,True,B,A,4,1,B
11,43447,True,B,A,1,2,A
11,43448,True,A,B,4,1,B
11,43449,True,B,A,1,2,A
11,43450,True,B,A,2,1,B
11,43451,True,B,A,4,1,B
11,43452,True,B,A,1,1,A
11,43453,True,A,B,3,1,B
11,43454,True,A,B,2,1,A
11,43455,True,B,A,1,2,A
11,43456,True,B,A,1,2,A
11,43457,True,B,A,1,2,A
11,43458,True,B,A,2,1,B
11,43459,True,B,A,3,1,B
11,43460,True,A,B,4,1,B
11,43461,True,A,B,4,1,B
11,43462,True,B,A,2,1,B
11,43463,True,B,A,1,2,A
11,43464,True,A,B,2,1,A
11,43465,True,A,B,0,1,A
11,43466,True,A,B,6,1,B
11,43467,True,A,B,3,1,A
11,43468,True,A,B,1,2,A
11,43469,True,A,B,0,1,A
11,43470,True,B,A,4,1,B
11,43471,False,,,,,
11,43472,True,A,B,1,2,A
11,43473,True,B,A,1,2,A
11,43474,True,A,B,1,1,A
11,43475,True,A,B,1,1,A
11,43476,True,B,A,3,1,B
11,43477,True,A,B,2,0,B
11,43478,True,B,A,1,1,B
11,43479,True,A,B,1,1,A
11,43480,True,A,B,4,1,B
11,43481,True,A,B,1,1,A
11,43482,True,B,A,6,1,B
11,43483,True,A,B,0,1,A
11,43484,True,A,B,3,1,B
11,43485,True,A,B,10,1,B
11,43486,True,B,A,2,0,B
11,43487,True,B,A,2,0,B
11,43488,True,B,A,2,0,B
11,43489,True,B,A,0,1,A
11,43490,True,B,A,4,1,B
11,43491,True,A,B,3,1,B
11,43492,True,B,A,0,1,A
11,43493,True,B,A,0,1,A
11,43494,True,A,B,4,1,B
11,43495,True,A,B,1,1,A
11,43496,True,A,B,3,1,B
11,43497,True,B,A,6,1,B
11,43498,True,B,A,1,1,A
11,43499,True,A,B,2,1,A
11,43500,True,B,A,0,1,A
11,43501,True,A,B,2,0,B
11,43502,True,B,A,2,0,B
11,43503,True,B,A,2,1,A
11,43504,True,A,B,4,1,B
11,43505,False,,,,,
11,43506,True,A,B,6,1,B
11,43507,True,B,A,2,0,B
11,43508,True,B,A,2,1,B
11,43509,True,A,B,1,2,A
11,43510,True,B,A,1,1,B
11,43511,True,A,B,3,1,B
11,43512,True,B,A,3,1,B
11,43513,True,B,A,1,1,A
11,43514,True,B,A,1,2,A
11,43515,False,,,,,
11,43516,True,B,A,1,1,A
11,43517,True,A,B,3,1,B
11,43518,True,B,A,2,1,A
11,43519,True,A,B,10,1,B
11,43520,True,B,A,4,1,B
11,43521,True,B,A,2,0,B
11,43522,True,A,B,2,0,B
11,43523,True,A,B,2,0,B
11,43524,True,A,B,3,1,B
11,43525,True,A,B,3,1,B
11,43526,True,A,B,1,1,A
11,43527,True,A,B,10,1,B
11,43528,True,A,B,6,1,B
11,43529,True,B,A,6,1,B
11,43530,True,A,B,4,1,B
11,43531,True,B,A,1,1,A
11,43532,True,B,A,2,1,A
11,43533,True,A,B,6,1,B
11,43534,True,B,A,1,2,A
11,43535,True,B,A,3,1,B
11,43536,True,A,B,6,1,B
11,43537,True,A,B,2,1,B
11,43538,True,B,A,0,1,A
11,43539,True,A,B,2,1,B
11,43540,True,B,A,2,1,B
11,43541,True,A,B,3,1,B
11,43542,True,A,B,2,0,B
11,43543,True,A,B,3,1,B
11,43544,True,B,A,3,1,B
11,43545,True,B,A,1,1,A
11,43546,True,B,A,10,1,B
11,43547,True,B,A,1,2,A
11,43548,True,A,B,6,1,B
11,43549,True,A,B,3,1,B
11,43550,True,A,B,0,1,A
