stage,episode,completed,juice_left,juice_right,n_B,n_A,chosen_juice
1,1,False,,,,,
1,2,False,,,,,
1,3,False,,,,,
1,4,False,,,,,
1,5,False,,,,,
1,6,False,,,,,
1,7,False,,,,,
1,8,True,B,A,2,1,B
1,9,False,,,,,
1,10,False,,,,,
1,11,False,,,,,
1,12,False,,,,,
1,13,False,,,,,
1,14,False,,,,,
1,15,True,A,B,10,1,A
1,16,False,,,,,
1,17,False,,,,,
1,18,False,,,,,
1,19,False,,,,,
1,20,False,,,,,
1,21,False,,,,,
1,22,False,,,,,
1,23,False,,,,,
1,24,False,,,,,
1,25,False,,,,,
1,26,False,,,,,
1,27,False,,,,,
1,28,False,,,,,
1,29,False,,,,,
1,30,True,A,B,4,1,B
1,31,False,,,,,
1,32,False,,,,,
1,33,False,,,,,
1,34,False,,,,,
1,35,False,,,,,
1,36,False,,,,,
1,37,True,B,A,6,1,B
1,38,False,,,,,
1,39,False,,,,,
1,40,False,,,,,
1,41,False,,,,,
1,42,False,,,,,
1,43,False,,,,,
1,44,False,,,,,
1,45,False,,,,,
1,46,False,,,,,
1,47,False,,,,,
1,48,False,,,,,
1,49,False,,,,,
1,50,True,B,A,10,1,A
1,51,False,,,,,
1,52,False,,,,,
1,53,False,,,,,
1,54,False,,,,,
1,55,False,,,,,
1,56,False,,,,,
1,57,False,,,,,
1,58,False,,,,,
1,59,True,A,B,10,1,B
1,60,False,,,,,
1,61,False,,,,,
1,62,False,,,,,
1,63,False,,,,,
1,64,False,,,,,
1,65,False,,,,,
1,66,False,,,,,
1,67,False,,,,,
1,68,False,,,,,
1,69,False,,,,,
1,70,False,,,,,
1,71,False,,,,,
1,72,False,,,,,
1,73,True,B,A,1,2,A
1,74,False,,,,,
1,75,False,,,,,
1,76,True,A,B,2,1,B
1,77,False,,,,,
1,78,False,,,,,
1,79,False,,,,,
1,80,False,,,,,
1,81,False,,,,,
1,82,False,,,,,
1,83,False,,,,,
1,84,False,,,,,
1,85,False,,,,,
1,86,True,A,B,2,1,A
1,87,False,,,,,
1,88,False,,,,,
1,89,False,,,,,
1,90,True,A,B,6,1,A
1,91,False,,,,,
1,92,False,,,,,
1,93,False,,,,,
1,94,False,,,,,
1,95,False,,,,,
1,96,False,,,,,
1,97,False,,,,,
1,98,False,,,,,
1,99,False,,,,,
1,100,False,,,,,
1,101,False,,,,,
1,102,False,,,,,
1,103,False,,,,,
1,104,False,,,,,
1,105,False,,,,,
1,106,False,,,,,
1,107,False,,,,,
1,108,False,,,,,
1,109,False,,,,,
1,110,False,,,,,
1,111,False,,,,,
1,112,True,A,B,1,2,A
1,113,True,A,B,1,1,B
1,114,True,A,B,2,0,A
1,115,False,,,,,
1,116,False,,,,,
1,117,False,,,,,
1,118,False,,,,,
1,119,False,,,,,
1,120,False,,,,,
1,121,True,A,B,2,0,B
1,122,True,A,B,4,1,A
1,123,True,A,B,6,1,B
1,124,True,A,B,6,1,A
1,125,False,,,,,
1,126,False,,,,,
1,127,False,,,,,
1,128,False,,,,,
1,129,True,B,A,4,1,B
1,130,False,,,,,
1,131,True,A,B,10,1,A
1,132,False,,,,,
1,133,False,,,,,
1,134,False,,,,,
1,135,False,,,,,
1,136,False,,,,,
1,137,False,,,,,
1,138,True,B,A,1,1,B
1,139,False,,,,,
1,140,False,,,,,
1,141,False,,,,,
1,142,False,,,,,
1,143,False,,,,,
1,144,False,,,,,
1,145,False,,,,,
1,146,True,A,B,4,1,A
1,147,False,,,,,
1,148,False,,,,,
1,149,False,,,,,
1,150,True,B,A,4,1,A
1,151,False,,,,,
1,152,True,A,B,4,1,B
1,153,False,,,,,
1,154,False,,,,,
1,155,True,B,A,4,1,A
1,156,False,,,,,
1,157,False,,,,,
1,158,True,A,B,2,1,A
1,159,False,,,,,
1,160,False,,,,,
1,161,True,B,A,1,2,A
1,162,True,B,A,2,1,B
1,163,True,B,A,3,1,A
1,164,True,A,B,4,1,A
1,165,False,,,,,
1,166,True,B,A,2,1,A
1,167,False,,,,,
1,168,True,A,B,2,1,B
1,169,True,A,B,0,1,A
1,170,True,A,B,6,1,B
1,171,False,,,,,
1,172,True,A,B,1,2,B
1,173,False,,,,,
1,174,False,,,,,
1,175,False,,,,,
1,176,False,,,,,
1,177,True,B,A,1,2,B
1,178,False,,,,,
1,179,False,,,,,
1,180,True,B,A,3,1,A
1,181,False,,,,,
1,182,True,B,A,1,1,A
1,183,False,,,,,
1,184,False,,,,,
1,185,False,,,,,
1,186,True,B,A,6,1,B
1,187,False,,,,,
1,188,False,,,,,
1,189,False,,,,,
1,190,False,,,,,
1,191,True,B,A,2,0,A
1,192,True,B,A,2,0,A
1,193,False,,,,,
1,194,True,B,A,4,1,B
1,195,True,A,B,3,1,A
1,196,False,,,,,
1,197,False,,,,,
1,198,True,A,B,4,1,A
1,199,False,,,,,
1,200,False,,,,,
1,201,False,,,,,
1,202,False,,,,,
1,203,True,A,B,2,1,B
1,204,True,B,A,0,1,B
1,205,True,A,B,2,0,A
1,206,True,B,A,2,0,A
1,207,False,,,,,
1,208,True,A,B,4,1,A
1,209,False,,,,,
1,210,True,A,B,6,1,B
1,211,False,,,,,
1,212,False,,,,,
1,213,False,,,,,
1,214,True,B,A,1,1,A
1,215,True,A,B,3,1,A
1,216,True,B,A,3,1,B
1,217,True,B,A,1,1,A
1,218,False,,,,,
1,219,True,A,B,2,0,A
1,220,True,B,A,1,1,A
1,221,False,,,,,
1,222,True,B,A,2,1,B
1,223,True,A,B,10,1,A
1,224,True,B,A,4,1,B
1,225,False,,,,,
1,226,False,,,,,
1,227,True,A,B,2,0,B
1,228,False,,,,,
1,229,True,A,B,3,1,A
1,230,True,A,B,1,1,A
1,231,False,,,,,
1,232,True,A,B,6,1,B
1,233,False,,,,,
1,234,True,A,B,4,1,A
1,235,False,,,,,
1,236,True,B,A,2,1,B
1,237,False,,,,,
1,238,False,,,,,
1,239,False,,,,,
1,240,False,,,,,
1,241,True,A,B,2,1,A
1,242,True,B,A,0,1,A
1,243,True,A,B,2,1,A
1,244,True,B,A,2,1,A
1,245,True,A,B,3,1,A
1,246,True,A,B,2,0,B
1,247,False,,,,,
1,248,True,B,A,3,1,B
1,249,True,B,A,1,1,A
1,250,True,B,A,10,1,B
1,251,True,B,A,1,2,A
1,252,False,,,,,
1,253,True,A,B,3,1,B
1,254,True,A,B,0,1,A
1,255,False,,,,,
1,256,True,B,A,1,1,A
1,257,True,A,B,2,0,A
1,258,True,B,A,3,1,B
1,259,False,,,,,
1,260,True,B,A,2,0,A
1,261,False,,,,,
1,262,True,A,B,10,1,A
1,263,True,B,A,4,1,B
1,264,True,B,A,2,0,B
1,265,True,B,A,4,1,A
1,266,True,B,A,1,2,B
1,267,True,B,A,6,1,B
1,268,True,A,B,2,0,A
1,269,False,,,,,
1,270,True,A,B,10,1,A
1,271,False,,,,,
1,272,True,A,B,10,1,B
1,273,True,A,B,4,1,A
1,274,True,A,B,6,1,B
1,275,True,B,A,6,1,A
1,276,True,B,A,1,2,A
1,277,False,,,,,
1,278,False,,,,,
1,279,False,,,,,
1,280,True,B,A,3,1,A
1,281,True,A,B,1,2,B
1,282,True,A,B,4,1,A
1,283,True,B,A,6,1,B
1,284,True,B,A,1,1,A
1,285,False,,,,,
1,286,True,B,A,1,1,A
1,287,True,B,A,2,0,A
1,288,True,A,B,3,1,A
1,289,True,A,B,6,1,B
1,290,True,A,B,4,1,B
1,291,True,A,B,10,1,B
1,292,True,A,B,1,1,B
1,293,True,A,B,1,2,B
1,294,True,B,A,3,1,A
1,295,True,B,A,2,1,B
1,296,True,A,B,2,1,A
1,297,True,B,A,3,1,B
1,298,False,,,,,
1,299,True,B,A,10,1,B
1,300,True,A,B,1,1,B
1,301,False,,,,,
1,302,True,B,A,4,1,A
1,303,True,A,B,6,1,A
1,304,True,B,A,1,1,B
1,305,True,B,A,3,1,B
1,306,True,B,A,2,1,A
1,307,True,B,A,2,1,A
1,308,True,A,B,6,1,B
1,309,True,B,A,6,1,A
1,310,True,A,B,3,1,B
1,311,True,A,B,1,2,A
1,312,False,,,,,
1,313,True,A,B,3,1,A
1,314,True,B,A,2,0,A
1,315,True,A,B,1,1,B
1,316,True,A,B,10,1,A
1,317,True,B,A,3,1,A
1,318,True,B,A,2,1,A
1,319,True,A,B,2,1,B
1,320,True,B,A,1,2,B
1,321,True,A,B,2,1,B
1,322,False,,,,,
1,323,True,B,A,1,2,A
1,324,True,A,B,0,1,B
1,325,True,A,B,0,1,B
1,326,True,A,B,0,1,B
1,327,True,B,A,2,0,B
1,328,True,B,A,4,1,A
1,329,True,B,A,1,2,A
1,330,True,A,B,1,2,A
1,331,False,,,,,
1,332,True,A,B,10,1,B
1,333,True,B,A,6,1,A
1,334,True,A,B,2,1,B
1,335,False,,,,,
1,336,True,B,A,2,0,A
1,337,True,B,A,2,1,A
1,338,True,B,A,3,1,A
1,339,False,,,,,
1,340,False,,,,,
1,341,True,A,B,0,1,A
1,342,True,A,B,0,1,A
1,343,True,B,A,4,1,B
1,344,True,B,A,3,1,B
1,345,True,A,B,6,1,A
1,346,True,A,B,1,1,B
1,347,True,A,B,0,1,B
1,348,True,B,A,1,1,A
1,349,False,,,,,
1,350,False,,,,,
1,351,True,A,B,10,1,A
1,352,False,,,,,
1,353,True,A,B,2,0,A
1,354,True,A,B,2,0,B
1,355,False,,,,,
1,356,True,B,A,1,2,B
1,357,True,B,A,1,2,A
1,358,True,A,B,0,1,B
1,359,False,,,,,
1,360,True,B,A,2,1,A
1,361,True,B,A,6,1,A
1,362,False,,,,,
1,363,False,,,,,
1,364,True,A,B,0,1,B
1,365,True,A,B,4,1,A
1,366,True,B,A,2,0,A
1,367,True,A,B,4,1,B
1,368,True,B,A,2,0,A
1,369,False,,,,,
1,370,True,B,A,1,2,B
1,371,True,B,A,1,2,B
1,372,True,B,A,1,1,A
1,373,True,A,B,1,1,A
1,374,True,A,B,2,1,B
1,375,False,,,,,
1,376,True,A,B,1,2,A
1,377,True,B,A,2,0,A
1,378,False,,,,,
1,379,False,,,,,
1,380,True,A,B,2,0,A
1,381,True,A,B,10,1,B
1,382,True,A,B,6,1,A
1,383,True,B,A,0,1,B
1,384,True,B,A,1,2,B
1,385,True,B,A,4,1,B
1,386,True,A,B,3,1,A
1,387,True,A,B,6,1,B
1,388,True,A,B,3,1,B
1,389,True,B,A,1,1,B
1,390,True,B,A,6,1,B
1,391,False,,,,,
1,392,True,A,B,6,1,B
1,393,True,A,B,2,0,B
1,394,False,,,,,
1,395,True,B,A,2,0,A
1,396,True,B,A,10,1,B
1,397,True,A,B,1,1,A
1,398,True,B,A,2,0,B
1,399,False,,,,,
1,400,True,A,B,2,1,B
1,401,True,B,A,6,1,B
1,402,True,B,A,1,2,B
1,403,True,B,A,4,1,A
1,404,True,A,B,1,2,B
1,405,True,A,B,3,1,A
1,406,True,B,A,6,1,A
1,407,True,B,A,4,1,B
1,408,True,B,A,3,1,B
1,409,True,B,A,2,0,B
1,410,True,A,B,2,0,A
1,411,True,A,B,1,1,A
1,412,True,B,A,4,1,A
1,413,True,B,A,1,2,A
1,414,True,B,A,3,1,B
1,415,True,B,A,10,1,A
1,416,True,B,A,6,1,A
1,417,False,,,,,
1,418,True,A,B,0,1,B
1,419,True,B,A,3,1,B
1,420,True,A,B,4,1,B
1,421,True,B,A,4,1,B
1,422,True,B,A,3,1,A
1,423,True,B,A,4,1,A
1,424,True,A,B,0,1,A
1,425,True,A,B,3,1,B
1,426,True,A,B,1,1,A
1,427,True,A,B,1,1,B
1,428,True,B,A,0,1,B
1,429,True,A,B,2,0,A
1,430,True,B,A,1,2,B
1,431,True,A,B,3,1,A
1,432,True,A,B,2,0,B
1,433,True,A,B,1,2,A
1,434,True,A,B,1,1,B
1,435,True,B,A,0,1,A
1,436,True,B,A,10,1,B
1,437,True,B,A,2,1,A
1,438,True,A,B,10,1,B
1,439,True,A,B,6,1,A
1,440,True,B,A,4,1,B
1,441,False,,,,,
1,442,True,A,B,3,1,B
1,443,False,,,,,
1,444,False,,,,,
1,445,False,,,,,
1,446,True,B,A,1,2,A
1,447,False,,,,,
1,448,True,B,A,0,1,A
1,449,True,B,A,10,1,B
1,450,True,A,B,2,1,A
1,451,True,B,A,0,1,A
1,452,True,A,B,3,1,B
1,453,True,B,A,2,0,B
1,454,True,B,A,2,0,B
1,455,True,B,A,2,0,A
1,456,True,B,A,3,1,B
1,457,True,B,A,3,1,A
1,458,True,A,B,2,0,B
1,459,True,B,A,1,1,B
1,460,True,A,B,3,1,B
1,461,True,A,B,6,1,A
1,462,True,A,B,4,1,B
1,463,True,B,A,6,1,B
1,464,True,B,A,0,1,B
1,465,False,,,,,
1,466,True,A,B,6,1,B
1,467,True,B,A,10,1,B
1,468,True,B,A,4,1,B
1,469,True,B,A,4,1,A
1,470,True,B,A,10,1,B
1,471,True,A,B,10,1,B
1,472,True,B,A,1,1,B
1,473,True,B,A,1,1,A
1,474,False,,,,,
1,475,True,B,A,4,1,A
1,476,True,A,B,3,1,A
1,477,True,B,A,3,1,B
1,478,True,B,A,6,1,B
1,479,True,B,A,6,1,A
1,480,False,,,,,
1,481,True,A,B,10,1,A
1,482,True,B,A,6,1,B
1,483,True,A,B,1,2,A
1,484,True,A,B,2,1,B
1,485,True,A,B,2,1,B
1,486,True,A,B,1,2,B
1,487,False,,,,,
1,488,True,B,A,1,2,A
1,489,True,B,A,1,1,B
1,490,True,A,B,1,2,A
1,491,True,B,A,0,1,A
1,492,True,A,B,2,0,B
1,493,True,B,A,4,1,B
1,494,True,A,B,1,2,B
1,495,True,B,A,1,2,B
1,496,True,B,A,3,1,A
1,497,True,A,B,10,1,A
1,498,True,A,B,2,1,B
1,499,True,A,B,6,1,B
1,500,True,A,B,10,1,A
1,501,True,B,A,2,0,A
1,502,True,B,A,6,1,B
1,503,True,A,B,10,1,A
1,504,True,A,B,1,1,B
1,505,False,,,,,
1,506,True,A,B,2,0,A
1,507,True,B,A,6,1,B
1,508,True,B,A,10,1,B
1,509,True,A,B,4,1,B
1,510,True,B,A,1,2,B
1,511,True,A,B,4,1,A
1,512,True,B,A,0,1,B
1,513,True,B,A,3,1,A
1,514,True,A,B,2,1,A
1,515,True,B,A,3,1,A
1,516,True,A,B,6,1,A
1,517,True,A,B,1,1,A
1,518,True,B,A,2,1,B
1,519,True,B,A,2,0,B
1,520,True,A,B,2,0,A
1,521,True,A,B,6,1,A
1,522,True,B,A,3,1,B
1,523,True,B,A,3,1,A
1,524,True,B,A,10,1,A
1,525,True,A,B,10,1,A
1,526,True,B,A,10,1,B
1,527,True,A,B,4,1,A
1,528,True,A,B,1,1,A
1,529,False,,,,,
1,530,True,A,B,0,1,B
1,531,True,B,A,2,0,B
1,532,True,A,B,2,1,B
1,533,True,B,A,10,1,A
1,534,False,,,,,
1,535,True,A,B,1,1,B
1,536,True,A,B,3,1,A
1,537,True,A,B,1,2,B
1,538,True,A,B,1,1,B
1,539,False,,,,,
1,540,False,,,,,
1,541,True,B,A,6,1,A
1,542,True,B,A,0,1,A
1,543,True,A,B,3,1,B
1,544,True,A,B,1,2,B
1,545,True,A,B,3,1,A
1,546,True,B,A,3,1,B
1,547,True,B,A,0,1,A
1,548,True,A,B,4,1,B
1,549,True,B,A,1,1,B
1,550,True,A,B,3,1,A
1,551,True,A,B,0,1,A
1,552,True,B,A,1,2,A
1,553,False,,,,,
1,554,True,B,A,4,1,A
1,555,True,A,B,3,1,A
1,556,True,A,B,4,1,A
1,557,True,A,B,1,2,A
1,558,True,A,B,6,1,A
1,559,True,B,A,2,1,B
1,560,True,A,B,4,1,B
1,561,True,B,A,0,1,B
1,562,True,B,A,1,2,B
1,563,True,B,A,1,1,A
1,564,True,B,A,6,1,A
1,565,True,A,B,2,0,A
1,566,True,B,A,6,1,A
1,567,True,B,A,3,1,B
1,568,True,A,B,3,1,B
1,569,True,A,B,0,1,B
1,570,True,A,B,1,1,A
1,571,True,A,B,2,1,B
1,572,True,B,A,3,1,B
1,573,True,A,B,3,1,B
1,574,True,B,A,2,0,A
1,575,True,B,A,10,1,B
1,576,True,A,B,6,1,B
1,577,True,A,B,4,1,A
1,578,True,A,B,2,0,B
1,579,True,B,A,2,0,A
1,580,True,A,B,3,1,B
1,581,True,B,A,1,1,B
1,582,True,A,B,1,2,B
1,583,True,A,B,2,1,B
1,584,True,B,A,4,1,B
1,585,True,B,A,3,1,A
1,586,True,A,B,1,1,B
1,587,True,B,A,10,1,B
1,588,True,B,A,1,2,B
1,589,True,A,B,3,1,B
1,590,True,B,A,0,1,A
1,591,True,A,B,1,1,A
1,592,True,B,A,2,0,B
1,593,True,A,B,10,1,B
1,594,True,A,B,6,1,B
1,595,True,B,A,3,1,B
1,596,True,B,A,6,1,A
1,597,True,B,A,10,1,A
1,598,True,A,B,1,2,A
1,599,True,B,A,0,1,B
1,600,True,A,B,0,1,B
1,601,True,A,B,1,1,A
1,602,True,B,A,2,0,B
1,603,True,B,A,4,1,A
1,604,True,B,A,2,1,B
1,605,True,A,B,1,2,A
1,606,True,B,A,1,1,B
1,607,True,A,B,0,1,B
1,608,True,B,A,6,1,A
1,609,False,,,,,
1,610,True,A,B,6,1,B
1,611,True,B,A,6,1,B
1,612,True,B,A,3,1,B
1,613,True,B,A,10,1,A
1,614,True,A,B,2,0,A
1,615,True,A,B,0,1,B
1,616,True,B,A,1,2,A
1,617,True,A,B,2,0,B
1,618,True,B,A,4,1,B
1,619,True,A,B,0,1,B
1,620,True,B,A,2,1,A
1,621,False,,,,,
1,622,True,B,A,2,1,B
1,623,True,A,B,2,1,A
1,624,True,B,A,4,1,A
1,625,True,A,B,10,1,B
1,626,True,B,A,4,1,A
1,627,True,B,A,2,1,B
1,628,True,B,A,10,1,B
1,629,True,B,A,2,0,A
1,630,False,,,,,
1,631,True,B,A,1,1,B
1,632,True,A,B,0,1,B
1,633,True,B,A,6,1,B
1,634,True,A,B,0,1,A
1,635,True,A,B,1,1,B
1,636,True,B,A,6,1,B
1,637,True,B,A,1,1,B
1,638,True,A,B,2,0,B
1,639,True,A,B,3,1,B
1,640,True,A,B,10,1,B
1,641,True,B,A,2,1,A
1,642,True,B,A,0,1,B
1,643,True,A,B,6,1,B
1,644,True,A,B,1,1,A
1,645,True,B,A,2,1,A
1,646,True,A,B,2,0,B
1,647,True,A,B,1,1,A
1,648,True,B,A,0,1,B
1,649,True,A,B,6,1,B
1,650,True,A,B,0,1,B
1,651,True,A,B,2,0,A
1,652,True,A,B,2,1,B
1,653,True,B,A,10,1,B
1,654,True,A,B,0,1,A
1,655,True,B,A,1,2,B
1,656,True,A,B,10,1,A
1,657,True,A,B,2,0,B
1,658,True,A,B,0,1,A
1,659,False,,,,,
1,660,True,B,A,3,1,B
1,661,False,,,,,
1,662,True,A,B,2,0,A
1,663,True,B,A,2,0,B
1,664,True,B,A,2,0,B
1,665,True,B,A,2,0,B
1,666,False,,,,,
1,667,True,B,A,2,1,A
1,668,True,B,A,3,1,A
1,669,True,B,A,1,1,A
1,670,True,B,A,3,1,B
1,671,True,A,B,1,2,A
1,672,True,B,A,4,1,B
1,673,True,A,B,3,1,A
1,674,True,B,A,3,1,A
1,675,True,B,A,6,1,B
1,676,True,B,A,10,1,B
1,677,False,,,,,
1,678,True,A,B,3,1,A
1,679,True,A,B,2,1,B
1,680,True,A,B,2,0,B
1,681,True,A,B,2,0,B
1,682,True,B,A,2,1,A
1,683,True,A,B,2,0,A
1,684,True,B,A,6,1,B
1,685,True,A,B,1,2,B
1,686,True,A,B,1,1,A
1,687,True,A,B,0,1,B
1,688,False,,,,,
1,689,True,B,A,1,1,B
1,690,True,A,B,2,0,B
1,691,True,A,B,2,1,A
1,692,True,B,A,1,1,B
1,693,True,B,A,2,1,B
1,694,True,B,A,4,1,A
1,695,True,A,B,2,1,B
1,696,True,B,A,1,1,B
1,697,False,,,,,
1,698,True,B,A,1,2,B
1,699,True,B,A,2,1,A
1,700,True,B,A,0,1,B
1,701,True,B,A,1,2,B
1,702,True,B,A,10,1,B
1,703,True,B,A,0,1,A
1,704,True,A,B,4,1,A
1,705,True,A,B,1,1,A
1,706,True,A,B,1,2,A
1,707,True,B,A,2,1,A
1,708,True,A,B,2,0,A
1,709,True,B,A,1,2,A
1,710,True,A,B,6,1,B
1,711,True,A,B,3,1,A
1,712,True,A,B,1,2,B
1,713,True,A,B,6,1,B
1,714,True,B,A,2,0,A
1,715,True,A,B,3,1,B
1,716,True,A,B,1,1,A
1,717,True,A,B,6,1,A
1,718,True,B,A,6,1,A
1,719,True,B,A,3,1,B
1,720,True,B,A,1,2,B
1,721,True,A,B,1,1,A
1,722,True,A,B,10,1,A
1,723,True,A,B,10,1,A
1,724,True,A,B,6,1,A
1,725,True,B,A,2,1,B
1,726,True,A,B,1,2,B
1,727,True,A,B,6,1,A
1,728,True,B,A,2,1,A
1,729,True,A,B,2,0,A
1,730,True,A,B,2,0,B
1,731,True,B,A,2,0,B
1,732,True,B,A,2,1,A
1,733,True,A,B,4,1,B
1,734,True,A,B,4,1,B
1,735,True,A,B,10,1,B
1,736,True,A,B,1,1,A
1,737,True,A,B,3,1,B
1,738,True,B,A,0,1,A
1,739,True,A,B,6,1,B
1,740,True,A,B,6,1,A
1,741,True,B,A,6,1,B
1,742,False,,,,,
1,743,True,B,A,0,1,A
1,744,True,B,A,0,1,A
1,745,True,B,A,3,1,A
1,746,True,B,A,1,1,B
1,747,False,,,,,
1,748,True,B,A,6,1,A
1,749,True,B,A,2,0,B
1,750,True,A,B,1,2,A
1,751,True,A,B,2,0,A
1,752,True,A,B,1,2,A
1,753,True,B,A,4,1,B
1,754,True,B,A,2,0,A
1,755,True,A,B,4,1,B
1,756,True,A,B,10,1,B
1,757,True,A,B,2,0,B
1,758,True,B,A,4,1,B
1,759,True,A,B,1,1,B
1,760,True,B,A,4,1,A
1,761,True,A,B,1,1,A
1,762,True,A,B,1,2,A
1,763,True,B,A,4,1,B
1,764,True,B,A,4,1,B
1,765,True,B,A,3,1,B
1,766,True,B,A,0,1,A
1,767,True,A,B,2,1,A
1,768,True,B,A,6,1,A
1,769,True,B,A,1,2,A
1,770,True,A,B,1,1,A
1,771,True,B,A,6,1,A
1,772,True,A,B,1,1,B
1,773,True,B,A,2,0,A
1,774,True,B,A,2,1,B
1,775,True,A,B,1,2,A
1,776,True,B,A,10,1,A
1,777,True,A,B,2,0,A
1,778,True,B,A,2,1,A
1,779,True,A,B,2,0,A
1,780,True,B,A,4,1,A
1,781,True,B,A,2,0,A
1,782,True,A,B,0,1,A
1,783,True,B,A,4,1,B
1,784,True,A,B,0,1,B
1,785,True,B,A,6,1,B
1,786,True,A,B,2,0,A
1,787,True,A,B,2,0,B
1,788,True,B,A,1,1,A
1,789,True,A,B,2,1,B
1,790,True,A,B,1,1,A
1,791,True,A,B,3,1,B
1,792,True,B,A,2,1,A
1,793,True,A,B,4,1,A
1,794,True,B,A,4,1,B
1,795,True,B,A,2,1,A
1,796,True,A,B,0,1,A
1,797,True,B,A,0,1,A
1,798,True,A,B,3,1,A
1,799,True,A,B,0,1,A
1,800,True,A,B,1,2,B
1,801,True,A,B,0,1,A
1,802,True,A,B,2,1,A
1,803,True,B,A,3,1,B
1,804,True,A,B,10,1,A
1,805,True,B,A,4,1,B
1,806,True,B,A,1,2,B
1,807,True,A,B,1,1,B
1,808,True,A,B,3,1,A
1,809,True,B,A,10,1,B
1,810,False,,,,,
1,811,True,B,A,0,1,A
1,812,True,A,B,6,1,B
1,813,True,B,A,4,1,B
1,814,True,A,B,6,1,A
1,815,True,A,B,2,0,B
1,816,True,B,A,2,0,B
1,817,True,B,A,10,1,B
1,818,True,B,A,1,1,B
1,819,False,,,,,
1,820,True,B,A,6,1,B
1,821,True,B,A,3,1,A
1,822,False,,,,,
1,823,False,,,,,
1,824,False,,,,,
1,825,True,A,B,2,0,A
1,826,True,B,A,2,1,B
1,827,True,B,A,4,1,B
1,828,True,A,B,6,1,A
1,829,True,B,A,0,1,A
1,830,True,A,B,4,1,A
1,831,True,A,B,3,1,A
1,832,True,A,B,3,1,A
1,833,True,B,A,0,1,A
1,834,True,B,A,4,1,B
1,835,True,B,A,0,1,A
1,836,True,A,B,1,2,A
1,837,True,B,A,1,2,A
1,838,True,A,B,1,1,B
1,839,True,B,A,6,1,B
1,840,True,B,A,2,1,A
1,841,True,A,B,1,1,B
1,842,True,B,A,3,1,A
1,843,False,,,,,
1,844,True,B,A,2,0,B
1,845,True,B,A,1,2,B
1,846,True,A,B,6,1,B
1,847,True,A,B,0,1,A
1,848,True,A,B,2,1,A
1,849,True,A,B,6,1,B
1,850,True,B,A,2,1,B
1,851,True,A,B,3,1,B
1,852,True,B,A,0,1,A
1,853,True,B,A,10,1,A
1,854,True,B,A,1,1,A
1,855,True,A,B,0,1,A
1,856,True,B,A,6,1,A
1,857,True,B,A,2,0,B
1,858,True,B,A,4,1,B
1,859,True,A,B,3,1,A
1,860,True,B,A,6,1,B
1,861,True,A,B,3,1,A
1,862,True,A,B,10,1,B
1,863,False,,,,,
1,864,True,A,B,3,1,B
1,865,True,B,A,4,1,A
1,866,True,A,B,0,1,B
1,867,True,A,B,2,0,A
1,868,True,A,B,1,1,B
1,869,True,B,A,0,1,A
1,870,True,A,B,2,1,B
1,871,True,A,B,0,1,A
1,872,True,B,A,0,1,A
1,873,True,A,B,0,1,A
1,874,True,A,B,0,1,A
1,875,True,B,A,4,1,A
1,876,True,A,B,0,1,A
1,877,True,A,B,10,1,B
1,878,True,A,B,3,1,B
1,879,True,B,A,2,0,A
1,880,True,B,A,2,1,B
1,881,True,A,B,2,1,A
1,882,True,B,A,0,1,A
1,883,True,A,B,2,0,A
1,884,True,B,A,0,1,B
1,885,True,B,A,4,1,A
1,886,True,B,A,1,2,B
1,887,True,A,B,1,1,B
1,888,True,A,B,1,1,A
1,889,True,A,B,2,1,B
1,890,True,A,B,3,1,A
1,891,True,A,B,0,1,B
1,892,True,B,A,1,1,B
1,893,True,A,B,10,1,B
1,894,True,A,B,2,1,A
1,895,True,A,B,3,1,A
1,896,True,B,A,0,1,A
1,897,True,A,B,10,1,B
1,898,True,A,B,2,1,A
1,899,True,A,B,1,2,B
1,900,True,A,B,2,1,B
1,901,True,A,B,1,2,A
1,902,True,A,B,2,1,B
1,903,False,,,,,
1,904,True,B,A,2,1,A
1,905,False,,,,,
1,906,True,A,B,4,1,A
1,907,True,B,A,4,1,A
1,908,True,B,A,6,1,B
1,909,True,B,A,1,2,B
1,910,True,B,A,2,1,A
1,911,True,B,A,4,1,B
1,912,True,A,B,1,2,A
1,913,True,A,B,1,2,A
1,914,True,B,A,3,1,B
1,915,True,B,A,4,1,B
1,916,True,B,A,6,1,A
1,917,True,B,A,4,1,A
1,918,True,B,A,4,1,B
1,919,True,B,A,10,1,B
1,920,True,A,B,4,1,A
1,921,True,A,B,3,1,A
1,922,True,A,B,3,1,A
1,923,True,A,B,2,0,A
1,924,True,A,B,1,1,B
1,925,True,B,A,1,1,B
1,926,True,A,B,1,1,A
1,927,True,A,B,3,1,B
1,928,True,A,B,4,1,B
1,929,True,B,A,1,1,B
1,930,True,B,A,10,1,B
1,931,True,B,A,1,2,A
1,932,True,B,A,1,1,A
1,933,True,B,A,10,1,A
1,934,True,A,B,1,1,B
1,935,True,B,A,1,2,A
1,936,True,A,B,10,1,B
1,937,True,A,B,0,1,A
1,938,True,A,B,4,1,B
1,939,True,B,A,2,0,B
1,940,True,B,A,2,0,B
1,941,True,B,A,4,1,A
1,942,True,A,B,1,1,B
1,943,True,B,A,0,1,A
1,944,True,B,A,2,1,B
1,945,True,A,B,2,1,A
1,946,True,B,A,4,1,B
1,947,True,B,A,2,1,A
1,948,False,,,,,
1,949,True,A,B,3,1,B
1,950,True,A,B,2,1,B
1,951,True,A,B,1,1,A
1,952,True,A,B,4,1,B
1,953,True,B,A,1,1,A
1,954,True,A,B,2,1,A
1,955,True,A,B,3,1,A
1,956,True,B,A,10,1,B
1,957,True,B,A,1,1,B
1,958,True,B,A,2,1,B
1,959,True,B,A,1,2,A
1,960,True,B,A,2,1,A
1,961,True,A,B,1,1,B
1,962,True,A,B,2,1,B
1,963,True,A,B,1,1,A
1,964,True,B,A,4,1,B
1,965,False,,,,,
1,966,True,B,A,1,2,B
1,967,True,A,B,2,1,A
1,968,True,A,B,10,1,A
1,969,True,A,B,4,1,A
1,970,False,,,,,
1,971,True,A,B,4,1,A
1,972,True,B,A,2,0,B
1,973,True,A,B,0,1,B
1,974,True,B,A,10,1,B
1,975,True,B,A,1,1,A
1,976,True,B,A,1,2,B
1,977,True,B,A,3,1,B
1,978,True,B,A,1,2,A
1,979,True,B,A,4,1,B
1,980,True,B,A,1,2,A
1,981,True,B,A,1,2,A
1,982,True,B,A,0,1,B
1,983,True,A,B,4,1,A
1,984,True,A,B,4,1,A
1,985,True,B,A,3,1,B
1,986,False,,,,,
1,987,True,B,A,0,1,A
1,988,True,B,A,1,1,A
1,989,True,B,A,0,1,B
1,990,True,A,B,6,1,B
1,991,True,B,A,2,1,B
1,992,True,B,A,4,1,A
1,993,True,B,A,3,1,B
1,994,True,B,A,1,1,B
1,995,True,B,A,1,1,B
1,996,True,B,A,1,2,B
1,997,True,B,A,4,1,A
1,998,True,A,B,6,1,B
1,999,True,B,A,1,1,B
1,1000,True,B,A,2,1,B
1,1001,True,A,B,2,1,A
1,1002,True,A,B,1,2,B
1,1003,True,A,B,2,0,B
1,1004,True,B,A,10,1,A
1,1005,True,B,A,2,0,A
1,1006,True,A,B,10,1,A
1,1007,True,B,A,0,1,A
1,1008,True,B,A,2,0,A
1,1009,True,B,A,1,1,B
1,1010,True,B,A,0,1,A
1,1011,True,B,A,4,1,A
1,1012,True,B,A,2,1,A
1,1013,True,B,A,1,2,A
1,1014,True,B,A,4,1,B
1,1015,True,A,B,1,1,A
1,1016,True,A,B,10,1,B
1,1017,True,A,B,4,1,B
1,1018,True,B,A,1,1,A
1,1019,True,B,A,10,1,A
1,1020,True,A,B,2,1,A
1,1021,True,A,B,10,1,B
1,1022,True,A,B,2,0,A
1,1023,True,A,B,6,1,B
1,1024,True,B,A,1,2,A
1,1025,True,B,A,3,1,A
1,1026,True,A,B,1,1,B
1,1027,True,B,A,1,1,A
1,1028,True,A,B,2,0,A
1,1029,True,B,A,2,1,A
1,1030,True,B,A,10,1,A
1,1031,True,B,A,2,0,A
1,1032,True,B,A,1,1,B
1,1033,True,B,A,2,1,A
1,1034,True,B,A,1,1,A
1,1035,True,A,B,4,1,B
1,1036,True,A,B,6,1,A
1,1037,True,B,A,2,0,A
1,1038,True,A,B,10,1,A
1,1039,False,,,,,
1,1040,True,B,A,4,1,A
1,1041,True,A,B,0,1,B
1,1042,True,A,B,1,2,A
1,1043,True,A,B,2,0,A
1,1044,True,B,A,1,1,B
1,1045,True,B,A,6,1,A
1,1046,True,A,B,10,1,B
1,1047,True,B,A,2,0,B
1,1048,True,A,B,2,1,A
1,1049,True,B,A,10,1,B
1,1050,True,B,A,3,1,B
1,1051,True,B,A,1,1,B
1,1052,True,B,A,1,1,A
1,1053,True,A,B,2,0,A
1,1054,True,A,B,1,2,B
1,1055,False,,,,,
1,1056,True,B,A,10,1,B
1,1057,True,B,A,1,2,A
1,1058,True,B,A,0,1,A
1,1059,True,B,A,3,1,B
1,1060,True,B,A,10,1,B
1,1061,True,B,A,2,0,B
1,1062,True,A,B,1,1,B
1,1063,True,B,A,2,0,B
1,1064,True,B,A,10,1,B
1,1065,True,A,B,4,1,B
1,1066,True,A,B,4,1,A
1,1067,True,A,B,2,1,A
1,1068,True,A,B,2,1,B
1,1069,True,B,A,1,1,A
1,1070,True,A,B,1,2,A
1,1071,True,B,A,0,1,B
1,1072,True,B,A,1,1,B
1,1073,True,B,A,2,0,B
1,1074,True,B,A,3,1,B
1,1075,True,B,A,0,1,B
1,1076,True,B,A,10,1,B
1,1077,True,B,A,3,1,B
1,1078,True,B,A,6,1,B
1,1079,True,B,A,3,1,B
1,1080,True,A,B,1,2,B
1,1081,True,B,A,1,1,A
1,1082,True,B,A,1,1,A
1,1083,True,B,A,1,2,B
1,1084,True,A,B,2,0,B
1,1085,True,B,A,4,1,A
1,1086,True,B,A,2,0,A
1,1087,True,B,A,4,1,A
1,1088,True,B,A,4,1,B
1,1089,True,B,A,6,1,A
1,1090,True,A,B,1,1,B
1,1091,True,A,B,2,0,B
1,1092,True,A,B,2,1,B
1,1093,True,A,B,4,1,B
1,1094,True,A,B,4,1,B
1,1095,True,B,A,0,1,B
1,1096,True,B,A,4,1,B
1,1097,True,B,A,6,1,A
1,1098,True,A,B,3,1,A
1,1099,True,A,B,4,1,B
1,1100,True,B,A,6,1,B
1,1101,True,A,B,0,1,A
1,1102,True,B,A,4,1,B
1,1103,True,A,B,2,1,A
1,1104,True,A,B,4,1,A
1,1105,True,B,A,2,1,A
1,1106,True,B,A,1,2,A
1,1107,True,B,A,0,1,B
1,1108,True,B,A,1,2,A
1,1109,True,B,A,1,1,B
1,1110,True,A,B,2,0,A
1,1111,True,A,B,4,1,A
1,1112,True,A,B,6,1,A
1,1113,True,B,A,4,1,B
1,1114,True,B,A,2,1,A
1,1115,True,A,B,1,1,B
1,1116,True,A,B,2,0,A
1,1117,True,A,B,1,1,A
1,1118,True,A,B,10,1,A
1,1119,True,A,B,6,1,A
1,1120,True,A,B,4,1,A
1,1121,True,B,A,1,1,B
1,1122,True,A,B,4,1,B
1,1123,True,A,B,2,1,B
1,1124,True,A,B,10,1,B
1,1125,True,B,A,0,1,B
1,1126,True,A,B,1,1,B
1,1127,True,B,A,1,1,B
1,1128,True,A,B,4,1,B
1,1129,True,A,B,3,1,A
1,1130,True,B,A,1,2,A
1,1131,True,B,A,10,1,A
1,1132,True,A,B,2,0,B
1,1133,True,B,A,2,1,A
1,1134,True,A,B,2,1,A
1,1135,True,A,B,3,1,B
1,1136,True,A,B,3,1,B
1,1137,True,A,B,1,2,A
1,1138,True,A,B,1,2,A
1,1139,True,B,A,4,1,A
1,1140,True,A,B,10,1,B
1,1141,True,B,A,3,1,B
1,1142,True,A,B,6,1,A
1,1143,True,B,A,4,1,A
1,1144,True,B,A,6,1,A
1,1145,True,B,A,4,1,A
1,1146,True,A,B,2,1,B
1,1147,True,A,B,1,1,A
1,1148,True,A,B,2,1,B
1,1149,True,A,B,2,1,A
1,1150,True,B,A,10,1,A
1,1151,True,B,A,1,2,B
1,1152,True,A,B,1,1,B
1,1153,True,A,B,0,1,A
1,1154,True,B,A,3,1,A
1,1155,True,B,A,1,1,A
1,1156,True,A,B,4,1,A
1,1157,True,B,A,4,1,B
1,1158,True,A,B,2,0,A
1,1159,True,B,A,1,1,A
1,1160,False,,,,,
1,1161,True,B,A,1,2,B
1,1162,True,A,B,1,2,B
1,1163,False,,,,,
1,1164,True,A,B,4,1,A
1,1165,True,A,B,1,1,A
1,1166,True,B,A,0,1,B
1,1167,True,B,A,0,1,B
1,1168,True,B,A,1,2,B
1,1169,True,B,A,1,2,B
1,1170,True,B,A,2,0,B
1,1171,True,A,B,1,1,B
1,1172,True,B,A,2,0,B
1,1173,True,B,A,2,1,A
1,1174,True,B,A,10,1,B
1,1175,False,,,,,
1,1176,True,A,B,1,2,A
1,1177,False,,,,,
1,1178,True,A,B,1,2,B
1,1179,True,B,A,1,2,A
1,1180,True,A,B,1,2,A
1,1181,True,A,B,0,1,A
1,1182,True,B,A,2,1,B
1,1183,True,A,B,3,1,A
1,1184,True,B,A,0,1,A
1,1185,True,B,A,2,0,B
1,1186,True,B,A,6,1,B
1,1187,True,A,B,0,1,B
1,1188,True,B,A,10,1,B
1,1189,True,B,A,2,1,A
1,1190,True,B,A,4,1,A
1,1191,True,B,A,10,1,B
1,1192,True,A,B,3,1,B
1,1193,True,A,B,10,1,B
1,1194,True,B,A,3,1,A
1,1195,True,A,B,4,1,A
1,1196,True,B,A,6,1,B
1,1197,True,B,A,10,1,B
1,1198,True,A,B,3,1,B
1,1199,True,A,B,1,2,A
1,1200,True,A,B,10,1,B
1,1201,True,A,B,4,1,A
1,1202,True,B,A,3,1,B
1,1203,True,B,A,1,1,B
1,1204,True,A,B,2,0,A
1,1205,True,A,B,10,1,A
1,1206,True,A,B,10,1,B
1,1207,True,B,A,4,1,A
1,1208,True,B,A,1,1,B
1,1209,True,A,B,2,0,B
1,1210,True,A,B,3,1,B
1,1211,True,A,B,10,1,B
1,1212,True,B,A,0,1,B
1,1213,True,B,A,2,0,B
1,1214,True,A,B,6,1,A
1,1215,True,A,B,1,2,A
1,1216,True,B,A,10,1,B
1,1217,True,A,B,10,1,B
1,1218,True,B,A,0,1,B
1,1219,True,A,B,1,1,B
1,1220,True,A,B,1,2,B
1,1221,True,A,B,1,2,A
1,1222,True,B,A,2,1,A
1,1223,True,A,B,2,0,B
1,1224,True,A,B,2,1,A
1,1225,True,A,B,1,2,A
1,1226,True,B,A,6,1,A
1,1227,True,B,A,1,1,B
1,1228,True,B,A,2,1,B
1,1229,True,A,B,3,1,B
1,1230,True,A,B,0,1,B
1,1231,True,B,A,3,1,B
1,1232,True,B,A,6,1,B
1,1233,True,B,A,1,2,A
1,1234,True,A,B,2,1,A
1,1235,True,A,B,6,1,B
1,1236,True,B,A,4,1,A
1,1237,True,B,A,2,0,B
1,1238,True,A,B,1,1,A
1,1239,True,A,B,2,1,A
1,1240,True,A,B,4,1,A
1,1241,True,A,B,10,1,B
1,1242,True,B,A,2,1,B
1,1243,True,A,B,3,1,B
1,1244,True,A,B,2,0,A
1,1245,True,B,A,1,2,B
1,1246,True,B,A,0,1,A
1,1247,True,B,A,3,1,A
1,1248,True,B,A,3,1,A
1,1249,True,A,B,1,1,B
1,1250,True,B,A,0,1,B
1,1251,True,B,A,10,1,A
1,1252,True,A,B,1,1,A
1,1253,True,A,B,10,1,A
1,1254,True,A,B,3,1,A
1,1255,True,B,A,2,1,B
1,1256,True,B,A,1,2,A
1,1257,True,A,B,2,1,A
1,1258,True,B,A,1,2,B
1,1259,True,A,B,10,1,A
1,1260,True,B,A,6,1,B
1,1261,True,B,A,2,0,A
1,1262,True,B,A,0,1,A
1,1263,True,B,A,1,1,A
1,1264,True,B,A,1,1,B
1,1265,True,A,B,3,1,A
1,1266,True,B,A,6,1,A
1,1267,True,A,B,2,1,B
1,1268,True,B,A,10,1,A
1,1269,True,B,A,3,1,A
1,1270,True,A,B,4,1,B
1,1271,True,A,B,2,0,B
1,1272,True,B,A,0,1,A
1,1273,True,A,B,4,1,B
1,1274,True,B,A,3,1,A
1,1275,True,A,B,3,1,A
1,1276,True,A,B,1,2,A
1,1277,True,B,A,6,1,B
1,1278,False,,,,,
1,1279,True,A,B,2,0,B
1,1280,True,B,A,10,1,B
1,1281,True,A,B,2,0,A
1,1282,True,A,B,6,1,A
1,1283,True,A,B,6,1,A
1,1284,True,A,B,2,1,B
1,1285,True,A,B,10,1,B
1,1286,True,A,B,3,1,A
1,1287,True,A,B,4,1,B
1,1288,True,A,B,1,2,B
1,1289,True,A,B,0,1,B
1,1290,True,B,A,4,1,A
1,1291,False,,,,,
1,1292,True,B,A,4,1,A
1,1293,True,B,A,1,1,A
1,1294,True,B,A,2,0,B
1,1295,True,A,B,4,1,B
1,1296,True,A,B,2,1,A
1,1297,True,A,B,3,1,B
1,1298,True,B,A,2,0,B
1,1299,True,B,A,3,1,A
1,1300,True,A,B,10,1,A
1,1301,True,B,A,2,1,A
1,1302,True,A,B,2,1,B
1,1303,True,A,B,1,2,B
1,1304,True,B,A,6,1,B
1,1305,True,A,B,1,1,B
1,1306,True,A,B,2,0,B
1,1307,True,A,B,4,1,B
1,1308,True,B,A,2,1,A
1,1309,True,A,B,0,1,B
1,1310,True,B,A,2,1,A
1,1311,True,B,A,1,2,B
1,1312,True,B,A,2,1,A
1,1313,True,B,A,2,0,A
1,1314,True,B,A,4,1,A
1,1315,True,A,B,1,2,A
1,1316,True,A,B,2,1,B
1,1317,True,A,B,2,0,B
1,1318,True,B,A,2,0,B
1,1319,False,,,,,
1,1320,True,A,B,10,1,A
1,1321,True,B,A,2,0,A
1,1322,True,A,B,2,1,A
1,1323,True,A,B,2,1,A
1,1324,True,B,A,2,1,A
1,1325,True,B,A,3,1,A
1,1326,True,B,A,4,1,B
1,1327,True,B,A,3,1,B
1,1328,True,A,B,0,1,A
1,1329,True,A,B,10,1,A
1,1330,True,A,B,2,1,A
1,1331,True,A,B,4,1,B
1,1332,True,B,A,3,1,B
1,1333,True,A,B,2,1,B
1,1334,True,A,B,2,1,A
1,1335,True,A,B,2,1,B
1,1336,True,A,B,0,1,A
1,1337,True,B,A,0,1,A
1,1338,True,A,B,10,1,B
1,1339,True,A,B,2,0,A
1,1340,True,A,B,2,1,A
1,1341,True,A,B,1,2,A
1,1342,True,A,B,1,1,B
1,1343,True,B,A,1,2,B
1,1344,True,B,A,2,1,B
1,1345,True,B,A,0,1,A
1,1346,True,B,A,4,1,A
1,1347,True,B,A,2,0,B
1,1348,True,B,A,6,1,A
1,1349,True,B,A,3,1,A
1,1350,True,A,B,1,1,A
1,1351,True,B,A,6,1,B
1,1352,True,A,B,2,1,A
1,1353,True,A,B,2,0,B
1,1354,True,A,B,4,1,A
1,1355,True,A,B,2,1,A
1,1356,True,B,A,6,1,B
1,1357,True,A,B,6,1,B
1,1358,True,B,A,2,0,B
1,1359,True,A,B,0,1,A
1,1360,True,A,B,2,0,B
1,1361,True,B,A,2,0,A
1,1362,True,B,A,2,0,B
1,1363,True,B,A,0,1,B
1,1364,True,A,B,2,1,B
1,1365,True,B,A,6,1,A
1,1366,True,B,A,2,0,A
1,1367,True,A,B,3,1,B
1,1368,True,A,B,2,0,A
1,1369,True,A,B,2,1,B
1,1370,True,A,B,2,1,B
1,1371,True,B,A,1,1,B
1,1372,True,A,B,6,1,B
1,1373,True,B,A,0,1,A
1,1374,True,A,B,1,2,A
1,1375,True,A,B,6,1,B
1,1376,True,B,A,1,1,B
1,1377,True,A,B,10,1,B
1,1378,True,A,B,6,1,A
1,1379,True,A,B,1,2,A
1,1380,True,A,B,4,1,A
1,1381,True,B,A,10,1,A
1,1382,True,B,A,6,1,B
1,1383,True,A,B,10,1,B
1,1384,True,B,A,6,1,B
1,1385,True,B,A,6,1,B
1,1386,True,A,B,6,1,A
1,1387,True,A,B,1,1,A
1,1388,True,B,A,1,2,A
1,1389,True,A,B,6,1,B
1,1390,True,B,A,0,1,B
1,1391,True,B,A,1,2,B
1,1392,True,A,B,10,1,A
1,1393,True,B,A,2,0,A
1,1394,True,A,B,4,1,A
1,1395,True,A,B,3,1,A
1,1396,True,B,A,1,1,A
1,1397,True,A,B,6,1,B
1,1398,True,B,A,10,1,A
1,1399,True,A,B,10,1,B
1,1400,True,B,A,0,1,A
1,1401,True,B,A,1,2,A
1,1402,True,B,A,3,1,B
1,1403,True,A,B,1,2,A
1,1404,True,B,A,2,0,B
1,1405,True,A,B,2,1,B
1,1406,True,B,A,1,2,B
1,1407,True,A,B,10,1,A
1,1408,True,B,A,6,1,B
1,1409,True,B,A,10,1,A
1,1410,True,A,B,10,1,B
1,1411,True,A,B,0,1,B
1,1412,True,A,B,0,1,A
1,1413,True,B,A,0,1,B
1,1414,True,B,A,3,1,A
1,1415,True,A,B,2,0,A
1,1416,True,B,A,4,1,A
1,1417,True,A,B,10,1,B
1,1418,True,B,A,2,1,B
1,1419,True,A,B,4,1,B
1,1420,True,A,B,0,1,B
1,1421,True,B,A,2,0,A
1,1422,True,A,B,6,1,B
1,1423,True,A,B,1,1,B
1,1424,True,A,B,1,2,A
1,1425,True,B,A,0,1,B
1,1426,True,A,B,4,1,B
1,1427,True,A,B,10,1,A
1,1428,True,A,B,0,1,A
1,1429,True,B,A,2,1,A
1,1430,True,B,A,2,0,B
1,1431,True,B,A,2,1,A
1,1432,True,A,B,6,1,A
1,1433,True,B,A,6,1,B
1,1434,True,B,A,3,1,B
1,1435,True,B,A,4,1,B
1,1436,True,A,B,1,2,B
1,1437,True,B,A,6,1,B
1,1438,True,A,B,6,1,B
1,1439,True,A,B,2,0,B
1,1440,True,A,B,3,1,A
1,1441,True,B,A,10,1,A
1,1442,True,B,A,4,1,A
1,1443,True,B,A,6,1,B
1,1444,True,B,A,3,1,A
1,1445,True,A,B,4,1,A
1,1446,True,A,B,3,1,A
1,1447,True,A,B,1,2,B
1,1448,False,,,,,
1,1449,True,A,B,3,1,B
1,1450,True,B,A,10,1,A
1,1451,True,A,B,1,1,B
1,1452,True,B,A,1,2,A
1,1453,True,A,B,1,1,A
1,1454,True,A,B,6,1,A
1,1455,True,A,B,1,1,B
1,1456,True,A,B,1,2,B
1,1457,True,B,A,2,0,B
1,1458,True,B,A,0,1,B
1,1459,True,A,B,3,1,A
1,1460,True,A,B,2,0,A
1,1461,True,B,A,2,1,A
1,1462,True,B,A,10,1,A
1,1463,True,A,B,4,1,A
1,1464,True,B,A,6,1,B
1,1465,True,B,A,3,1,B
1,1466,True,A,B,2,1,B
1,1467,True,B,A,2,0,A
1,1468,True,B,A,6,1,B
1,1469,True,B,A,6,1,A
1,1470,True,B,A,1,1,A
1,1471,True,A,B,0,1,A
1,1472,True,B,A,4,1,B
1,1473,True,B,A,1,2,A
1,1474,True,B,A,1,1,B
1,1475,True,A,B,1,2,A
1,1476,True,A,B,10,1,A
1,1477,True,A,B,4,1,B
1,1478,True,A,B,2,1,B
1,1479,True,B,A,1,1,A
1,1480,True,A,B,6,1,A
1,1481,True,B,A,10,1,B
1,1482,True,B,A,0,1,B
1,1483,False,,,,,
1,1484,True,B,A,2,1,B
1,1485,True,A,B,2,1,A
1,1486,True,B,A,10,1,B
1,1487,True,B,A,6,1,B
1,1488,True,B,A,10,1,A
1,1489,True,B,A,1,2,A
1,1490,True,A,B,1,1,B
1,1491,True,B,A,1,1,B
1,1492,True,A,B,0,1,A
1,1493,True,A,B,0,1,B
1,1494,True,A,B,3,1,A
1,1495,True,A,B,10,1,B
1,1496,True,B,A,2,0,B
1,1497,True,B,A,3,1,A
1,1498,True,B,A,1,2,B
1,1499,True,B,A,10,1,A
1,1500,True,A,B,1,2,A
1,1501,True,B,A,1,1,A
1,1502,True,A,B,6,1,A
1,1503,True,A,B,3,1,A
1,1504,True,B,A,0,1,A
1,1505,True,B,A,4,1,B
1,1506,False,,,,,
1,1507,True,B,A,6,1,B
1,1508,True,A,B,10,1,B
1,1509,True,A,B,6,1,A
1,1510,True,B,A,1,2,B
1,1511,True,A,B,0,1,A
1,1512,True,B,A,4,1,B
1,1513,True,A,B,6,1,A
1,1514,True,A,B,1,1,B
1,1515,True,B,A,2,0,B
1,1516,True,B,A,1,1,B
1,1517,True,B,A,3,1,A
1,1518,True,B,A,0,1,B
1,1519,True,B,A,2,0,B
1,1520,True,B,A,1,1,A
1,1521,True,B,A,1,1,B
1,1522,True,B,A,6,1,B
1,1523,True,A,B,2,0,A
1,1524,True,A,B,6,1,A
1,1525,True,B,A,6,1,B
1,1526,True,B,A,0,1,A
1,1527,True,B,A,1,1,A
1,1528,True,B,A,6,1,B
1,1529,True,B,A,1,2,A
1,1530,True,B,A,0,1,B
1,1531,True,A,B,1,2,B
1,1532,True,B,A,1,1,A
1,1533,True,B,A,2,1,A
1,1534,True,A,B,0,1,B
1,1535,True,A,B,1,2,A
1,1536,True,A,B,1,2,B
1,1537,True,A,B,1,2,A
1,1538,True,A,B,3,1,A
1,1539,True,B,A,1,1,B
1,1540,True,B,A,1,2,B
1,1541,True,A,B,6,1,B
1,1542,True,A,B,1,1,A
1,1543,True,B,A,1,1,A
1,1544,True,B,A,6,1,B
1,1545,True,A,B,4,1,A
1,1546,True,A,B,0,1,B
1,1547,True,A,B,3,1,B
1,1548,True,A,B,10,1,B
1,1549,True,A,B,0,1,A
1,1550,True,A,B,3,1,A
1,1551,True,B,A,3,1,A
1,1552,True,B,A,6,1,B
1,1553,True,A,B,2,1,A
1,1554,True,B,A,1,1,A
1,1555,True,A,B,4,1,B
1,1556,True,B,A,1,2,A
1,1557,True,B,A,1,1,A
1,1558,True,B,A,1,2,B
1,1559,True,B,A,3,1,A
1,1560,True,A,B,4,1,B
1,1561,True,A,B,2,0,B
1,1562,True,A,B,0,1,A
1,1563,True,A,B,10,1,B
1,1564,True,B,A,1,1,A
1,1565,True,B,A,4,1,A
1,1566,True,B,A,10,1,B
1,1567,True,A,B,3,1,A
1,1568,True,A,B,2,0,B
1,1569,True,B,A,2,0,A
1,1570,True,B,A,2,1,B
1,1571,True,A,B,2,1,B
1,1572,True,A,B,6,1,B
1,1573,True,B,A,3,1,A
1,1574,True,A,B,10,1,B
1,1575,True,A,B,6,1,B
1,1576,True,B,A,1,2,A
1,1577,True,B,A,1,2,A
1,1578,True,A,B,1,2,A
1,1579,True,B,A,6,1,A
1,1580,True,A,B,1,2,B
1,1581,True,B,A,2,0,A
1,1582,True,A,B,1,1,A
1,1583,True,A,B,3,1,B
1,1584,True,B,A,4,1,A
1,1585,True,B,A,3,1,B
1,1586,True,A,B,0,1,A
1,1587,True,A,B,3,1,A
1,1588,True,B,A,2,0,B
1,1589,True,A,B,4,1,B
1,1590,True,A,B,1,1,A
1,1591,True,A,B,3,1,A
1,1592,True,A,B,1,2,B
1,1593,True,B,A,4,1,A
1,1594,True,B,A,2,1,B
1,1595,True,A,B,0,1,A
1,1596,True,B,A,4,1,A
1,1597,True,B,A,6,1,B
1,1598,True,B,A,3,1,A
1,1599,True,B,A,3,1,B
1,1600,True,B,A,1,2,B
1,1601,True,B,A,2,1,B
1,1602,True,B,A,4,1,B
1,1603,True,B,A,0,1,A
1,1604,True,A,B,2,0,A
1,1605,True,A,B,1,1,B
1,1606,True,A,B,2,0,A
1,1607,True,B,A,3,1,B
1,1608,True,B,A,6,1,B
1,1609,True,A,B,1,2,A
1,1610,True,B,A,1,1,B
1,1611,True,A,B,10,1,A
1,1612,True,B,A,10,1,A
1,1613,True,A,B,6,1,A
1,1614,True,A,B,10,1,B
1,1615,True,A,B,3,1,A
1,1616,True,A,B,3,1,A
1,1617,True,B,A,1,1,A
1,1618,True,B,A,2,0,A
1,1619,True,B,A,10,1,A
1,1620,True,A,B,6,1,A
1,1621,True,B,A,2,0,A
1,1622,True,B,A,2,1,A
1,1623,True,B,A,0,1,A
1,1624,True,B,A,2,0,B
1,1625,True,B,A,10,1,A
1,1626,True,B,A,3,1,B
1,1627,True,A,B,3,1,B
1,1628,True,B,A,4,1,B
1,1629,True,A,B,3,1,A
1,1630,True,B,A,10,1,A
1,1631,True,B,A,1,1,B
1,1632,True,B,A,0,1,B
1,1633,True,A,B,2,1,B
1,1634,True,B,A,0,1,B
1,1635,True,B,A,0,1,B
1,1636,True,B,A,1,2,B
1,1637,True,B,A,1,1,B
1,1638,True,A,B,4,1,A
1,1639,True,A,B,4,1,A
1,1640,True,B,A,2,1,A
1,1641,True,A,B,0,1,A
1,1642,True,B,A,0,1,A
1,1643,True,B,A,0,1,A
1,1644,True,A,B,3,1,B
1,1645,True,A,B,6,1,B
1,1646,True,B,A,1,1,A
1,1647,True,A,B,0,1,B
1,1648,True,B,A,6,1,B
1,1649,True,A,B,6,1,A
1,1650,True,B,A,6,1,A
1,1651,True,A,B,2,1,B
1,1652,True,B,A,6,1,B
1,1653,True,B,A,2,1,B
1,1654,True,A,B,4,1,B
1,1655,True,B,A,1,1,B
1,1656,True,A,B,2,0,B
1,1657,True,B,A,1,2,B
1,1658,True,B,A,6,1,A
1,1659,True,A,B,3,1,A
1,1660,True,A,B,3,1,A
1,1661,True,A,B,3,1,A
1,1662,True,A,B,1,1,A
1,1663,True,B,A,10,1,B
1,1664,True,B,A,3,1,B
1,1665,True,A,B,3,1,B
1,1666,True,A,B,10,1,B
1,1667,True,A,B,3,1,B
1,1668,True,A,B,1,1,A
1,1669,True,A,B,6,1,B
1,1670,True,A,B,2,0,A
1,1671,True,B,A,0,1,B
1,1672,True,B,A,4,1,A
1,1673,True,A,B,3,1,B
1,1674,True,A,B,2,1,B
1,1675,True,A,B,1,1,B
1,1676,True,B,A,2,0,A
1,1677,True,A,B,2,1,B
1,1678,True,B,A,0,1,A
1,1679,True,A,B,2,0,A
1,1680,True,B,A,1,1,A
1,1681,True,A,B,6,1,A
1,1682,True,B,A,2,1,B
1,1683,True,A,B,2,1,B
1,1684,True,A,B,10,1,B
1,1685,True,B,A,3,1,A
1,1686,True,A,B,2,0,A
1,1687,True,B,A,6,1,A
1,1688,True,A,B,3,1,B
1,1689,True,B,A,1,1,A
1,1690,True,B,A,4,1,A
1,1691,True,B,A,2,0,A
1,1692,True,A,B,2,1,A
1,1693,True,A,B,1,2,B
1,1694,True,A,B,3,1,A
1,1695,True,A,B,4,1,B
1,1696,True,A,B,1,1,A
1,1697,True,A,B,2,1,B
1,1698,True,B,A,3,1,B
1,1699,True,B,A,2,1,B
1,1700,True,B,A,6,1,B
1,1701,True,A,B,0,1,A
1,1702,True,A,B,10,1,A
1,1703,True,B,A,3,1,A
1,1704,True,B,A,6,1,A
1,1705,True,B,A,2,1,B
1,1706,True,B,A,3,1,B
1,1707,True,B,A,10,1,A
1,1708,True,A,B,4,1,A
1,1709,True,A,B,6,1,B
1,1710,True,A,B,1,2,A
1,1711,True,B,A,1,2,B
1,1712,True,B,A,2,1,A
1,1713,True,B,A,3,1,B
1,1714,True,A,B,3,1,A
1,1715,True,B,A,0,1,B
1,1716,True,B,A,6,1,B
1,1717,True,B,A,6,1,A
1,1718,True,B,A,10,1,B
1,1719,True,A,B,6,1,A
1,1720,True,B,A,3,1,B
1,1721,True,A,B,1,2,B
1,1722,True,A,B,4,1,A
1,1723,True,B,A,6,1,B
1,1724,True,B,A,1,2,B
1,1725,True,B,A,0,1,B
1,1726,True,B,A,2,1,B
1,1727,True,A,B,2,1,A
1,1728,True,B,A,6,1,B
1,1729,True,A,B,1,1,B
1,1730,True,A,B,1,2,A
1,1731,True,B,A,4,1,A
1,1732,True,B,A,1,1,A
1,1733,True,B,A,10,1,B
1,1734,True,A,B,0,1,A
1,1735,True,A,B,2,1,B
1,1736,True,A,B,1,2,B
1,1737,True,B,A,2,0,B
1,1738,True,A,B,0,1,B
1,1739,True,B,A,3,1,A
1,1740,True,A,B,0,1,A
1,1741,True,B,A,1,1,B
1,1742,True,A,B,1,2,B
1,1743,True,A,B,6,1,A
1,1744,True,B,A,1,1,A
1,1745,True,A,B,2,1,A
1,1746,False,,,,,
1,1747,True,A,B,6,1,B
1,1748,True,B,A,1,1,B
1,1749,True,A,B,10,1,A
1,1750,True,A,B,2,1,A
1,1751,True,A,B,1,1,B
1,1752,True,A,B,2,1,B
1,1753,True,A,B,2,0,A
1,1754,True,B,A,1,2,A
1,1755,True,B,A,1,2,B
1,1756,True,B,A,2,0,B
1,1757,True,B,A,1,1,B
1,1758,True,B,A,6,1,A
1,1759,True,A,B,1,1,B
1,1760,True,A,B,6,1,B
1,1761,True,B,A,4,1,B
1,1762,True,A,B,10,1,A
1,1763,True,B,A,4,1,B
1,1764,True,A,B,0,1,A
1,1765,True,A,B,4,1,A
1,1766,True,B,A,1,1,B
1,1767,True,B,A,4,1,B
1,1768,True,B,A,1,1,B
1,1769,True,B,A,2,1,B
1,1770,True,B,A,2,0,A
1,1771,False,,,,,
1,1772,True,A,B,2,1,B
1,1773,True,B,A,1,2,A
1,1774,True,A,B,2,1,B
1,1775,True,B,A,2,0,B
1,1776,True,A,B,3,1,A
1,1777,True,B,A,0,1,A
1,1778,True,B,A,2,1,B
1,1779,True,A,B,3,1,B
1,1780,True,B,A,2,1,B
1,1781,True,B,A,0,1,A
1,1782,True,B,A,4,1,B
1,1783,True,B,A,2,1,B
1,1784,True,A,B,1,1,A
1,1785,True,A,B,6,1,A
1,1786,True,A,B,0,1,B
1,1787,True,B,A,10,1,B
1,1788,True,B,A,2,0,A
1,1789,True,B,A,0,1,B
1,1790,True,B,A,6,1,B
1,1791,True,A,B,2,0,A
1,1792,True,A,B,2,0,B
1,1793,True,A,B,2,1,A
1,1794,True,B,A,0,1,A
1,1795,True,A,B,10,1,A
1,1796,True,A,B,10,1,B
1,1797,True,A,B,1,1,B
1,1798,True,B,A,2,0,B
1,1799,True,B,A,1,2,A
1,1800,True,A,B,1,2,B
1,1801,True,B,A,10,1,A
1,1802,True,B,A,2,1,B
1,1803,True,A,B,2,0,B
1,1804,True,B,A,2,1,A
1,1805,True,B,A,2,1,B
1,1806,True,A,B,2,1,A
1,1807,True,A,B,2,0,B
1,1808,True,B,A,3,1,A
1,1809,True,B,A,2,0,B
1,1810,True,A,B,2,1,A
1,1811,True,B,A,1,2,A
1,1812,True,A,B,0,1,A
1,1813,True,B,A,1,2,B
1,1814,True,A,B,10,1,A
1,1815,True,A,B,6,1,B
1,1816,True,A,B,2,0,B
1,1817,True,A,B,1,1,A
1,1818,True,B,A,4,1,A
1,1819,False,,,,,
1,1820,True,B,A,10,1,B
1,1821,True,A,B,6,1,B
1,1822,True,B,A,0,1,B
1,1823,True,B,A,2,1,B
1,1824,True,B,A,4,1,A
1,1825,True,A,B,1,2,B
1,1826,True,B,A,6,1,A
1,1827,True,B,A,1,1,A
1,1828,True,B,A,2,1,B
1,1829,True,B,A,4,1,A
1,1830,True,A,B,0,1,B
1,1831,True,A,B,0,1,A
1,1832,True,A,B,10,1,A
1,1833,True,B,A,0,1,B
1,1834,True,B,A,2,0,B
1,1835,True,B,A,1,2,A
1,1836,True,A,B,0,1,A
1,1837,True,A,B,6,1,B
1,1838,True,B,A,3,1,A
1,1839,True,B,A,0,1,A
1,1840,True,B,A,1,2,B
1,1841,True,B,A,6,1,B
1,1842,True,A,B,2,1,B
1,1843,True,B,A,3,1,B
1,1844,True,A,B,0,1,B
1,1845,True,A,B,10,1,B
1,1846,True,A,B,4,1,A
1,1847,True,A,B,2,1,B
1,1848,True,A,B,1,1,A
1,1849,True,B,A,1,1,A
1,1850,True,B,A,2,1,A
1,1851,True,A,B,1,1,B
1,1852,True,A,B,1,1,B
1,1853,True,A,B,3,1,B
1,1854,True,B,A,4,1,B
1,1855,True,A,B,1,1,A
1,1856,True,A,B,1,2,A
1,1857,True,B,A,6,1,A
1,1858,True,B,A,3,1,A
1,1859,True,A,B,6,1,A
1,1860,True,B,A,4,1,A
1,1861,True,B,A,4,1,B
1,1862,True,B,A,10,1,B
1,1863,True,A,B,3,1,B
1,1864,True,A,B,3,1,B
1,1865,True,A,B,0,1,B
1,1866,True,B,A,0,1,B
1,1867,True,A,B,1,2,A
1,1868,True,B,A,0,1,A
1,1869,True,A,B,1,1,A
1,1870,True,B,A,6,1,B
1,1871,True,A,B,3,1,A
1,1872,True,A,B,2,1,B
1,1873,True,A,B,1,2,B
1,1874,True,B,A,4,1,A
1,1875,True,A,B,1,2,A
1,1876,True,A,B,2,1,A
1,1877,True,B,A,2,0,B
1,1878,True,B,A,1,2,A
1,1879,True,B,A,4,1,B
1,1880,True,A,B,1,1,A
1,1881,True,A,B,4,1,B
1,1882,True,A,B,10,1,B
1,1883,True,A,B,10,1,B
1,1884,True,B,A,2,1,A
1,1885,True,A,B,1,2,A
1,1886,True,B,A,4,1,B
1,1887,True,B,A,4,1,A
1,1888,True,B,A,6,1,B
1,1889,True,A,B,2,1,A
1,1890,True,B,A,4,1,A
1,1891,True,B,A,4,1,B
1,1892,True,A,B,10,1,B
1,1893,True,B,A,0,1,A
1,1894,True,A,B,3,1,A
1,1895,True,B,A,1,1,A
1,1896,True,A,B,3,1,A
1,1897,True,A,B,1,1,A
1,1898,True,B,A,0,1,A
1,1899,True,A,B,3,1,B
1,1900,True,A,B,1,1,A
1,1901,True,B,A,2,1,B
1,1902,True,B,A,6,1,A
1,1903,True,A,B,1,1,B
1,1904,True,B,A,4,1,A
1,1905,True,B,A,6,1,A
1,1906,True,A,B,6,1,A
1,1907,True,A,B,2,0,A
1,1908,True,A,B,6,1,B
1,1909,True,B,A,1,2,A
1,1910,True,B,A,2,0,A
1,1911,True,A,B,0,1,B
1,1912,True,A,B,2,1,A
1,1913,True,A,B,4,1,A
1,1914,True,A,B,2,1,B
1,1915,True,B,A,2,0,B
1,1916,True,B,A,1,1,B
1,1917,True,A,B,0,1,B
1,1918,True,A,B,2,0,B
1,1919,True,A,B,1,1,A
1,1920,True,A,B,0,1,A
1,1921,True,A,B,2,0,A
1,1922,True,B,A,2,1,B
1,1923,True,B,A,4,1,B
1,1924,True,A,B,1,2,B
1,1925,True,B,A,6,1,A
1,1926,True,B,A,0,1,A
1,1927,True,A,B,10,1,A
1,1928,True,A,B,4,1,A
1,1929,True,B,A,3,1,A
1,1930,True,B,A,3,1,B
1,1931,True,B,A,10,1,A
1,1932,True,B,A,1,2,B
1,1933,True,A,B,1,2,A
1,1934,True,B,A,1,2,A
1,1935,True,A,B,1,2,B
1,1936,True,A,B,2,1,B
1,1937,True,B,A,1,2,A
1,1938,True,A,B,4,1,A
1,1939,True,A,B,3,1,A
1,1940,True,B,A,10,1,A
1,1941,False,,,,,
1,1942,True,A,B,10,1,B
1,1943,True,B,A,1,2,B
1,1944,True,A,B,1,2,A
1,1945,False,,,,,
1,1946,True,A,B,3,1,A
1,1947,True,B,A,1,1,A
1,1948,True,B,A,6,1,A
1,1949,True,B,A,2,1,B
1,1950,True,A,B,10,1,B
1,1951,True,A,B,3,1,B
1,1952,True,B,A,10,1,B
1,1953,True,B,A,4,1,B
1,1954,True,A,B,1,2,B
1,1955,True,A,B,10,1,A
1,1956,True,B,A,2,1,B
1,1957,True,B,A,0,1,B
1,1958,True,A,B,6,1,B
1,1959,True,B,A,4,1,A
1,1960,True,A,B,1,2,B
1,1961,True,A,B,0,1,B
1,1962,True,A,B,2,0,B
1,1963,True,B,A,3,1,B
1,1964,True,B,A,10,1,B
1,1965,True,A,B,0,1,B
1,1966,True,B,A,6,1,A
1,1967,True,B,A,6,1,A
1,1968,True,B,A,2,1,B
1,1969,True,B,A,2,1,A
1,1970,True,B,A,10,1,A
1,1971,True,B,A,6,1,A
1,1972,True,B,A,3,1,A
1,1973,True,B,A,1,2,A
1,1974,True,A,B,4,1,A
1,1975,True,B,A,3,1,A
1,1976,True,A,B,2,0,A
1,1977,True,B,A,2,1,B
1,1978,True,A,B,1,1,A
1,1979,True,B,A,2,1,A
1,1980,True,B,A,0,1,A
1,1981,True,B,A,6,1,A
1,1982,True,A,B,1,1,B
1,1983,True,A,B,1,2,A
1,1984,True,A,B,10,1,B
1,1985,True,B,A,2,1,A
1,1986,True,B,A,6,1,B
1,1987,True,B,A,0,1,B
1,1988,True,B,A,1,1,A
1,1989,True,A,B,6,1,A
1,1990,True,B,A,3,1,A
1,1991,True,B,A,2,0,B
1,1992,True,A,B,1,1,A
1,1993,True,A,B,1,1,A
1,1994,True,B,A,6,1,B
1,1995,True,A,B,0,1,B
1,1996,True,B,A,4,1,B
1,1997,True,B,A,0,1,A
1,1998,True,B,A,10,1,B
1,1999,True,A,B,4,1,A
1,2000,True,B,A,2,0,B
1,2001,True,A,B,3,1,A
1,2002,True,B,A,1,1,A
1,2003,True,B,A,2,0,A
1,2004,True,B,A,2,0,B
1,2005,True,A,B,0,1,B
1,2006,True,A,B,1,1,A
1,2007,True,B,A,4,1,B
1,2008,True,B,A,10,1,B
1,2009,True,A,B,3,1,B
1,2010,True,A,B,3,1,B
1,2011,True,A,B,2,0,B
1,2012,True,A,B,6,1,A
1,2013,True,B,A,0,1,B
1,2014,True,B,A,1,2,B
1,2015,True,A,B,0,1,B
1,2016,True,B,A,1,2,A
1,2017,True,B,A,2,1,B
1,2018,True,B,A,0,1,A
1,2019,True,B,A,10,1,A
1,2020,True,B,A,2,1,A
1,2021,True,A,B,1,1,A
1,2022,True,B,A,10,1,A
1,2023,True,B,A,6,1,A
1,2024,True,A,B,6,1,B
1,2025,True,B,A,2,0,B
1,2026,True,B,A,1,2,B
1,2027,True,A,B,6,1,A
1,2028,True,A,B,4,1,A
1,2029,True,A,B,1,2,B
1,2030,True,B,A,4,1,B
1,2031,True,A,B,4,1,A
1,2032,True,A,B,2,1,A
1,2033,True,B,A,1,1,B
1,2034,True,A,B,4,1,A
1,2035,True,A,B,2,1,B
1,2036,True,B,A,2,0,B
1,2037,True,A,B,10,1,A
1,2038,True,B,A,2,0,A
1,2039,True,B,A,6,1,A
1,2040,True,B,A,2,0,A
1,2041,True,B,A,1,1,B
1,2042,True,A,B,0,1,A
1,2043,True,A,B,3,1,B
1,2044,True,A,B,1,1,A
1,2045,False,,,,,
1,2046,True,A,B,10,1,B
1,2047,True,A,B,1,2,A
1,2048,True,B,A,2,0,A
1,2049,False,,,,,
1,2050,True,B,A,2,0,B
1,2051,True,B,A,10,1,A
1,2052,True,B,A,10,1,B
1,2053,True,A,B,2,1,A
1,2054,True,B,A,0,1,A
1,2055,True,B,A,1,1,B
1,2056,True,B,A,2,1,A
1,2057,True,A,B,6,1,A
1,2058,True,B,A,0,1,A
1,2059,True,B,A,2,1,B
1,2060,True,A,B,3,1,A
1,2061,True,B,A,4,1,B
1,2062,True,A,B,1,2,B
1,2063,True,B,A,1,2,B
1,2064,True,A,B,0,1,B
1,2065,True,A,B,1,2,B
1,2066,True,A,B,1,1,B
1,2067,True,B,A,0,1,B
1,2068,True,A,B,6,1,A
1,2069,True,B,A,3,1,A
1,2070,True,B,A,2,1,A
1,2071,True,A,B,6,1,A
1,2072,True,A,B,4,1,A
1,2073,True,A,B,6,1,A
1,2074,True,B,A,4,1,B
1,2075,True,A,B,0,1,A
1,2076,True,A,B,1,1,B
1,2077,True,B,A,2,1,A
1,2078,True,A,B,1,2,A
1,2079,True,A,B,10,1,B
1,2080,True,A,B,4,1,B
1,2081,True,B,A,3,1,A
1,2082,True,A,B,10,1,A
1,2083,True,A,B,0,1,B
1,2084,True,B,A,1,1,B
1,2085,True,A,B,4,1,A
1,2086,True,A,B,1,1,A
1,2087,True,B,A,1,2,B
1,2088,True,A,B,3,1,A
1,2089,True,B,A,10,1,A
1,2090,True,A,B,1,2,A
1,2091,True,A,B,3,1,A
1,2092,True,A,B,2,1,A
1,2093,True,A,B,1,1,B
1,2094,True,A,B,10,1,B
1,2095,True,A,B,0,1,A
1,2096,True,A,B,4,1,B
1,2097,True,A,B,3,1,B
1,2098,True,A,B,1,2,B
1,2099,True,B,A,2,1,A
1,2100,True,B,A,3,1,A
1,2101,True,A,B,3,1,A
1,2102,True,A,B,3,1,A
1,2103,True,A,B,3,1,B
1,2104,True,A,B,2,1,A
1,2105,True,B,A,6,1,A
1,2106,True,A,B,0,1,B
1,2107,True,B,A,10,1,B
1,2108,True,A,B,3,1,B
1,2109,True,B,A,10,1,B
1,2110,True,B,A,1,1,B
1,2111,True,A,B,10,1,A
1,2112,True,A,B,2,0,B
1,2113,True,A,B,1,1,B
1,2114,True,B,A,2,1,A
1,2115,True,B,A,10,1,B
1,2116,True,A,B,0,1,A
1,2117,True,A,B,1,2,B
1,2118,True,B,A,1,2,A
1,2119,True,A,B,2,1,A
1,2120,True,B,A,4,1,B
1,2121,True,B,A,10,1,A
1,2122,True,B,A,10,1,B
1,2123,True,B,A,4,1,A
1,2124,True,A,B,2,1,A
1,2125,True,B,A,1,1,A
1,2126,True,A,B,6,1,A
1,2127,True,A,B,4,1,B
1,2128,True,A,B,0,1,A
1,2129,True,A,B,2,1,B
1,2130,True,B,A,2,1,B
1,2131,True,B,A,3,1,B
1,2132,True,B,A,2,1,B
1,2133,True,A,B,2,1,A
1,2134,True,B,A,3,1,B
1,2135,True,A,B,1,2,A
1,2136,True,A,B,4,1,A
1,2137,True,A,B,6,1,A
1,2138,True,B,A,10,1,A
1,2139,True,A,B,2,1,A
1,2140,True,B,A,0,1,A
1,2141,True,A,B,2,1,B
1,2142,True,A,B,2,1,A
1,2143,True,B,A,1,1,B
1,2144,True,B,A,6,1,A
1,2145,True,B,A,1,2,A
1,2146,True,A,B,2,0,A
1,2147,True,B,A,4,1,B
1,2148,True,B,A,4,1,A
1,2149,True,B,A,4,1,B
1,2150,True,A,B,1,2,A
1,2151,True,B,A,3,1,A
1,2152,True,B,A,0,1,B
1,2153,True,B,A,3,1,A
1,2154,True,A,B,10,1,A
1,2155,True,B,A,6,1,A
1,2156,True,B,A,2,0,A
1,2157,True,A,B,1,1,B
1,2158,True,A,B,6,1,B
1,2159,True,B,A,2,1,B
1,2160,True,B,A,2,1,B
1,2161,True,A,B,1,1,A
1,2162,True,B,A,6,1,A
1,2163,True,B,A,1,1,B
1,2164,True,A,B,3,1,B
1,2165,True,A,B,3,1,A
1,2166,True,A,B,10,1,A
1,2167,True,B,A,0,1,A
1,2168,True,A,B,3,1,A
1,2169,True,A,B,1,1,A
1,2170,True,B,A,0,1,A
1,2171,True,B,A,2,0,B
1,2172,True,B,A,2,0,A
1,2173,True,A,B,6,1,A
1,2174,True,A,B,3,1,A
1,2175,True,B,A,10,1,B
1,2176,True,A,B,2,0,A
1,2177,True,B,A,6,1,A
1,2178,True,A,B,3,1,B
1,2179,True,A,B,3,1,B
1,2180,True,B,A,4,1,B
1,2181,True,A,B,1,1,A
1,2182,True,A,B,2,1,A
1,2183,False,,,,,
1,2184,True,A,B,3,1,A
1,2185,True,B,A,2,0,B
1,2186,True,A,B,1,2,A
1,2187,True,B,A,2,0,A
1,2188,True,A,B,6,1,B
1,2189,True,B,A,1,1,A
1,2190,True,B,A,6,1,A
1,2191,True,B,A,3,1,B
1,2192,True,B,A,2,0,B
1,2193,True,A,B,2,0,B
1,2194,True,A,B,0,1,B
1,2195,True,A,B,2,1,B
1,2196,True,B,A,10,1,B
1,2197,True,A,B,1,1,A
1,2198,True,A,B,6,1,A
1,2199,True,A,B,1,2,A
1,2200,True,B,A,3,1,B
1,2201,True,B,A,4,1,B
1,2202,True,B,A,3,1,B
1,2203,True,B,A,6,1,B
1,2204,True,B,A,10,1,B
1,2205,True,B,A,4,1,B
1,2206,True,B,A,1,1,B
1,2207,True,A,B,10,1,B
1,2208,True,B,A,3,1,A
1,2209,True,B,A,10,1,B
1,2210,True,A,B,3,1,A
1,2211,True,B,A,4,1,B
1,2212,True,B,A,1,1,B
1,2213,True,B,A,1,1,A
1,2214,True,B,A,1,1,A
1,2215,True,A,B,4,1,A
1,2216,True,A,B,2,0,B
1,2217,True,B,A,1,1,B
1,2218,True,B,A,6,1,A
1,2219,True,B,A,3,1,A
1,2220,True,A,B,0,1,B
1,2221,True,B,A,4,1,A
1,2222,True,A,B,3,1,A
1,2223,True,B,A,6,1,A
1,2224,True,B,A,0,1,B
1,2225,True,B,A,3,1,A
1,2226,True,B,A,2,0,A
1,2227,True,A,B,4,1,A
1,2228,True,A,B,2,1,A
1,2229,True,B,A,1,2,A
1,2230,True,A,B,4,1,A
1,2231,True,A,B,10,1,B
1,2232,True,B,A,2,0,A
1,2233,True,A,B,10,1,A
1,2234,True,A,B,0,1,A
1,2235,True,A,B,6,1,B
1,2236,True,B,A,3,1,A
1,2237,True,B,A,3,1,A
1,2238,True,A,B,6,1,A
1,2239,True,A,B,2,1,A
1,2240,True,A,B,4,1,A
1,2241,True,B,A,3,1,A
1,2242,True,A,B,3,1,A
1,2243,True,B,A,4,1,B
1,2244,True,B,A,4,1,B
1,2245,True,B,A,1,2,B
1,2246,True,B,A,0,1,A
1,2247,True,B,A,2,1,B
1,2248,True,A,B,3,1,A
1,2249,True,A,B,3,1,A
1,2250,True,B,A,1,2,A
1,2251,True,B,A,10,1,A
1,2252,True,B,A,2,0,B
1,2253,True,B,A,4,1,B
1,2254,True,A,B,10,1,B
1,2255,True,A,B,1,2,A
1,2256,False,,,,,
1,2257,True,B,A,0,1,A
1,2258,True,B,A,2,1,A
1,2259,True,A,B,4,1,B
1,2260,True,A,B,2,1,A
1,2261,True,B,A,1,1,B
1,2262,True,B,A,4,1,B
1,2263,True,A,B,2,1,A
1,2264,True,A,B,10,1,A
1,2265,True,B,A,10,1,A
1,2266,True,B,A,10,1,A
1,2267,True,B,A,6,1,B
1,2268,True,B,A,1,2,B
1,2269,True,A,B,4,1,A
1,2270,True,A,B,4,1,A
1,2271,True,A,B,6,1,A
1,2272,True,B,A,4,1,B
1,2273,True,A,B,2,1,B
1,2274,True,A,B,3,1,A
1,2275,True,B,A,10,1,A
1,2276,True,B,A,4,1,B
1,2277,True,B,A,2,0,B
1,2278,True,A,B,10,1,A
1,2279,True,B,A,2,0,A
1,2280,True,A,B,1,1,A
1,2281,True,B,A,1,2,B
1,2282,True,A,B,6,1,A
1,2283,True,A,B,6,1,A
1,2284,True,A,B,1,1,A
1,2285,True,A,B,2,0,A
1,2286,True,A,B,1,2,A
1,2287,True,A,B,4,1,A
1,2288,True,A,B,2,0,A
1,2289,True,B,A,6,1,B
1,2290,True,B,A,1,2,B
1,2291,True,B,A,10,1,B
1,2292,True,B,A,6,1,A
1,2293,True,B,A,6,1,B
1,2294,True,A,B,10,1,A
1,2295,True,B,A,6,1,A
1,2296,True,A,B,4,1,A
1,2297,True,B,A,1,1,B
1,2298,True,B,A,0,1,B
1,2299,True,A,B,1,1,B
1,2300,True,A,B,0,1,B
1,2301,True,B,A,4,1,B
1,2302,True,A,B,1,1,A
1,2303,True,B,A,10,1,B
1,2304,True,A,B,6,1,B
1,2305,True,B,A,1,2,A
1,2306,True,B,A,0,1,A
1,2307,True,A,B,1,1,B
1,2308,True,A,B,2,0,A
1,2309,True,B,A,6,1,A
1,2310,True,B,A,1,1,B
1,2311,True,B,A,1,1,B
1,2312,True,A,B,2,0,A
1,2313,True,A,B,1,1,A
1,2314,True,A,B,2,1,A
1,2315,True,A,B,2,1,A
1,2316,True,B,A,2,0,B
1,2317,True,B,A,4,1,B
1,2318,True,B,A,6,1,B
1,2319,True,A,B,6,1,A
1,2320,True,A,B,6,1,B
1,2321,True,B,A,0,1,B
1,2322,True,B,A,1,2,A
1,2323,True,A,B,6,1,A
1,2324,True,B,A,1,1,B
1,2325,True,B,A,2,0,B
1,2326,True,B,A,3,1,B
1,2327,True,A,B,1,2,A
1,2328,True,B,A,6,1,A
1,2329,True,B,A,4,1,B
1,2330,True,B,A,2,0,A
1,2331,True,B,A,10,1,B
1,2332,True,B,A,2,0,B
1,2333,True,A,B,0,1,B
1,2334,True,B,A,4,1,A
1,2335,True,A,B,1,2,A
1,2336,True,A,B,4,1,A
1,2337,True,A,B,1,1,B
1,2338,True,B,A,1,2,B
1,2339,True,A,B,1,1,A
1,2340,True,B,A,1,2,B
1,2341,True,A,B,3,1,A
1,2342,True,B,A,4,1,B
1,2343,True,A,B,2,1,A
1,2344,True,A,B,3,1,B
1,2345,True,B,A,2,0,B
1,2346,True,B,A,3,1,A
1,2347,True,A,B,0,1,B
1,2348,True,B,A,10,1,A
1,2349,True,A,B,2,1,A
1,2350,True,A,B,1,1,A
1,2351,True,B,A,1,2,B
1,2352,True,B,A,1,1,B
1,2353,True,B,A,3,1,A
1,2354,True,A,B,10,1,B
1,2355,True,B,A,1,2,B
1,2356,True,B,A,4,1,B
1,2357,True,A,B,0,1,A
1,2358,True,A,B,10,1,A
1,2359,True,A,B,3,1,B
1,2360,True,B,A,1,1,B
1,2361,True,B,A,4,1,B
1,2362,True,B,A,0,1,B
1,2363,True,A,B,2,1,A
1,2364,True,B,A,2,1,B
1,2365,True,A,B,0,1,B
1,2366,True,A,B,10,1,B
1,2367,True,B,A,2,1,B
1,2368,True,A,B,1,2,B
1,2369,True,A,B,2,1,B
1,2370,True,A,B,0,1,B
1,2371,True,B,A,1,1,B
1,2372,True,A,B,10,1,B
1,2373,True,B,A,0,1,B
1,2374,True,B,A,2,0,A
1,2375,True,B,A,3,1,A
1,2376,True,A,B,2,0,A
1,2377,True,A,B,2,1,B
1,2378,True,A,B,10,1,B
1,2379,True,B,A,2,1,B
1,2380,True,B,A,1,2,B
1,2381,True,B,A,1,1,A
1,2382,True,B,A,6,1,B
1,2383,True,B,A,1,2,A
1,2384,True,A,B,0,1,B
1,2385,True,B,A,2,0,B
1,2386,True,A,B,0,1,B
1,2387,True,B,A,1,1,A
1,2388,True,A,B,0,1,A
1,2389,True,A,B,3,1,B
1,2390,True,A,B,0,1,A
1,2391,True,B,A,10,1,B
1,2392,True,B,A,4,1,A
1,2393,True,A,B,2,1,A
1,2394,True,A,B,4,1,B
1,2395,True,A,B,4,1,A
1,2396,True,A,B,4,1,A
1,2397,True,A,B,10,1,B
1,2398,True,B,A,10,1,B
1,2399,True,B,A,1,2,A
1,2400,True,A,B,2,1,A
1,2401,True,A,B,2,1,A
1,2402,True,A,B,3,1,A
1,2403,True,B,A,1,2,B
1,2404,True,A,B,4,1,A
1,2405,True,A,B,2,0,A
1,2406,True,B,A,3,1,B
1,2407,True,A,B,1,1,B
1,2408,True,B,A,2,1,A
1,2409,True,B,A,1,1,A
1,2410,True,A,B,1,2,A
1,2411,True,B,A,1,2,A
1,2412,True,B,A,1,1,A
1,2413,True,A,B,3,1,A
1,2414,True,B,A,2,0,B
1,2415,True,B,A,6,1,B
1,2416,True,A,B,1,2,A
1,2417,True,B,A,10,1,A
1,2418,True,B,A,6,1,B
1,2419,True,A,B,4,1,A
1,2420,True,A,B,3,1,A
1,2421,True,B,A,2,1,A
1,2422,True,A,B,6,1,A
1,2423,True,B,A,4,1,B
1,2424,True,A,B,1,1,A
1,2425,True,A,B,4,1,B
1,2426,True,B,A,4,1,A
1,2427,True,A,B,0,1,A
1,2428,False,,,,,
1,2429,True,B,A,10,1,A
1,2430,True,A,B,3,1,B
1,2431,True,B,A,1,1,B
1,2432,True,B,A,1,2,A
1,2433,True,B,A,2,1,A
1,2434,True,B,A,4,1,B
1,2435,True,A,B,1,2,A
1,2436,True,B,A,2,1,B
1,2437,True,B,A,1,1,A
1,2438,True,A,B,6,1,A
1,2439,True,A,B,6,1,B
1,2440,True,A,B,6,1,B
1,2441,True,B,A,2,0,A
1,2442,True,B,A,1,1,B
1,2443,True,A,B,2,0,A
1,2444,True,A,B,2,1,B
1,2445,True,B,A,10,1,B
1,2446,True,B,A,4,1,A
1,2447,True,B,A,2,0,B
1,2448,True,A,B,2,0,B
1,2449,True,B,A,0,1,A
1,2450,True,B,A,2,0,B
1,2451,True,B,A,1,1,A
1,2452,True,A,B,3,1,A
1,2453,True,A,B,6,1,A
1,2454,True,A,B,10,1,A
1,2455,True,B,A,0,1,B
1,2456,True,B,A,1,2,B
1,2457,True,A,B,2,1,A
1,2458,True,B,A,6,1,B
1,2459,True,B,A,4,1,B
1,2460,True,B,A,2,1,A
1,2461,True,B,A,1,1,B
1,2462,True,A,B,6,1,A
1,2463,True,A,B,2,1,A
1,2464,True,A,B,1,1,A
1,2465,True,B,A,1,1,A
1,2466,True,A,B,2,1,A
1,2467,True,B,A,0,1,A
1,2468,True,B,A,2,0,A
1,2469,True,B,A,4,1,A
1,2470,True,B,A,2,1,B
1,2471,True,B,A,6,1,B
1,2472,True,A,B,2,1,B
1,2473,True,B,A,1,1,A
1,2474,True,B,A,4,1,B
1,2475,True,A,B,10,1,B
1,2476,True,B,A,6,1,A
1,2477,True,B,A,1,2,B
1,2478,True,B,A,10,1,B
1,2479,True,A,B,3,1,A
1,2480,True,A,B,2,0,B
1,2481,True,B,A,6,1,B
1,2482,True,A,B,4,1,B
1,2483,True,B,A,4,1,B
1,2484,True,B,A,2,0,B
1,2485,True,A,B,1,1,A
1,2486,True,A,B,1,2,A
1,2487,True,A,B,3,1,A
1,2488,True,B,A,2,1,A
1,2489,True,A,B,10,1,B
1,2490,True,B,A,4,1,B
1,2491,True,A,B,1,1,A
1,2492,True,B,A,2,0,B
1,2493,True,B,A,4,1,B
1,2494,True,B,A,3,1,B
1,2495,True,B,A,10,1,B
1,2496,True,A,B,0,1,A
1,2497,True,A,B,2,0,A
1,2498,True,B,A,3,1,B
1,2499,True,A,B,6,1,A
1,2500,True,A,B,2,1,A
1,2501,True,B,A,1,2,B
1,2502,True,B,A,6,1,B
1,2503,True,B,A,3,1,A
1,2504,True,B,A,1,2,B
1,2505,True,B,A,2,1,B
1,2506,True,A,B,10,1,B
1,2507,True,A,B,2,0,A
1,2508,True,B,A,2,0,B
1,2509,True,A,B,0,1,A
1,2510,True,A,B,4,1,B
1,2511,True,A,B,10,1,B
1,2512,True,A,B,2,1,B
1,2513,True,A,B,10,1,A
1,2514,True,A,B,1,2,B
1,2515,True,B,A,1,2,B
1,2516,True,A,B,1,1,B
1,2517,True,B,A,1,1,B
1,2518,True,B,A,6,1,B
1,2519,True,B,A,3,1,B
1,2520,True,A,B,3,1,B
1,2521,True,A,B,1,2,B
1,2522,True,B,A,0,1,B
1,2523,True,A,B,2,0,A
1,2524,True,A,B,0,1,B
1,2525,True,B,A,0,1,B
1,2526,True,A,B,4,1,A
1,2527,True,B,A,2,0,B
1,2528,True,A,B,10,1,B
1,2529,True,B,A,4,1,B
1,2530,True,A,B,6,1,A
1,2531,True,B,A,1,2,A
1,2532,True,B,A,3,1,A
1,2533,True,A,B,1,2,B
1,2534,True,B,A,2,1,B
1,2535,True,B,A,0,1,A
1,2536,True,B,A,1,2,A
1,2537,True,A,B,2,1,B
1,2538,True,A,B,6,1,A
1,2539,True,B,A,2,0,A
1,2540,True,B,A,2,0,B
1,2541,True,A,B,1,1,B
1,2542,True,B,A,10,1,A
1,2543,True,B,A,1,1,A
1,2544,True,A,B,2,1,A
1,2545,True,B,A,2,0,A
1,2546,True,A,B,10,1,B
1,2547,True,B,A,1,1,A
1,2548,True,A,B,4,1,B
1,2549,True,B,A,10,1,A
1,2550,True,B,A,10,1,B
1,2551,True,B,A,6,1,A
1,2552,True,A,B,0,1,B
1,2553,True,A,B,2,0,B
1,2554,True,A,B,2,1,A
1,2555,True,B,A,6,1,A
1,2556,True,A,B,1,2,B
1,2557,True,A,B,2,1,B
1,2558,True,B,A,2,1,A
1,2559,True,A,B,2,0,B
1,2560,True,A,B,2,0,A
1,2561,True,A,B,2,0,B
1,2562,True,A,B,0,1,A
1,2563,True,B,A,3,1,A
1,2564,True,B,A,4,1,B
1,2565,True,B,A,4,1,B
1,2566,True,A,B,0,1,A
1,2567,True,B,A,1,1,B
1,2568,True,A,B,6,1,A
1,2569,True,A,B,1,1,B
1,2570,True,A,B,3,1,A
1,2571,True,B,A,2,1,B
1,2572,True,B,A,2,1,B
1,2573,True,A,B,6,1,A
1,2574,True,A,B,6,1,A
1,2575,True,B,A,0,1,A
1,2576,True,A,B,0,1,A
1,2577,True,A,B,1,2,A
1,2578,True,A,B,3,1,A
1,2579,True,A,B,2,0,A
1,2580,True,B,A,4,1,B
1,2581,True,A,B,1,1,A
1,2582,True,A,B,2,0,A
1,2583,True,A,B,10,1,B
1,2584,True,A,B,10,1,B
1,2585,True,A,B,3,1,A
1,2586,True,B,A,4,1,A
1,2587,True,B,A,2,1,B
1,2588,True,A,B,2,1,B
1,2589,True,A,B,3,1,B
1,2590,True,A,B,6,1,A
1,2591,True,B,A,2,1,B
1,2592,True,B,A,10,1,B
1,2593,True,B,A,2,1,B
1,2594,True,B,A,2,0,B
1,2595,True,B,A,0,1,A
1,2596,True,A,B,2,1,B
1,2597,True,A,B,6,1,B
1,2598,False,,,,,
1,2599,True,A,B,6,1,A
1,2600,True,B,A,2,0,B
1,2601,True,B,A,10,1,A
1,2602,True,A,B,2,1,B
1,2603,True,A,B,6,1,A
1,2604,True,A,B,2,0,A
1,2605,True,A,B,6,1,B
1,2606,True,B,A,4,1,A
1,2607,True,A,B,6,1,A
1,2608,True,B,A,2,0,B
1,2609,True,B,A,4,1,A
1,2610,True,A,B,6,1,B
1,2611,True,A,B,2,1,B
1,2612,True,A,B,2,1,A
1,2613,True,A,B,3,1,A
1,2614,True,B,A,2,1,B
1,2615,True,B,A,3,1,A
1,2616,True,A,B,6,1,B
1,2617,True,B,A,6,1,A
1,2618,True,B,A,6,1,B
1,2619,True,A,B,0,1,A
1,2620,True,B,A,2,1,B
1,2621,True,A,B,1,1,A
1,2622,True,B,A,2,0,A
1,2623,True,B,A,10,1,B
1,2624,True,B,A,3,1,B
1,2625,True,B,A,4,1,B
1,2626,True,B,A,2,1,A
1,2627,True,B,A,6,1,B
1,2628,True,B,A,0,1,A
1,2629,True,A,B,1,2,A
1,2630,True,A,B,2,1,A
1,2631,True,B,A,1,1,B
1,2632,True,B,A,6,1,A
1,2633,True,B,A,0,1,A
1,2634,True,B,A,4,1,A
1,2635,True,A,B,4,1,B
1,2636,True,A,B,2,1,A
1,2637,True,B,A,2,1,A
1,2638,True,B,A,2,0,A
1,2639,True,A,B,10,1,A
1,2640,True,A,B,1,2,B
1,2641,True,A,B,6,1,B
1,2642,True,A,B,6,1,B
1,2643,True,A,B,10,1,B
1,2644,True,B,A,2,0,B
1,2645,True,A,B,1,1,A
1,2646,True,A,B,4,1,B
1,2647,True,A,B,10,1,B
1,2648,True,A,B,10,1,B
1,2649,True,B,A,2,1,A
1,2650,True,A,B,0,1,B
1,2651,True,B,A,2,1,A
1,2652,True,B,A,3,1,B
1,2653,True,A,B,2,0,B
1,2654,True,B,A,2,0,B
1,2655,True,B,A,0,1,A
1,2656,True,A,B,2,1,A
1,2657,True,A,B,3,1,B
1,2658,False,,,,,
1,2659,True,A,B,0,1,A
1,2660,True,B,A,3,1,A
1,2661,True,A,B,3,1,A
1,2662,True,A,B,1,1,B
1,2663,True,B,A,2,0,A
1,2664,True,A,B,3,1,A
1,2665,True,B,A,2,1,B
1,2666,True,A,B,0,1,A
1,2667,True,A,B,6,1,A
1,2668,True,B,A,4,1,A
1,2669,True,B,A,0,1,A
1,2670,True,B,A,1,2,A
1,2671,True,A,B,10,1,A
1,2672,True,A,B,4,1,A
1,2673,True,B,A,1,1,A
1,2674,True,A,B,10,1,B
1,2675,True,B,A,4,1,B
1,2676,True,B,A,4,1,B
1,2677,True,A,B,2,0,A
1,2678,True,A,B,2,1,B
1,2679,True,B,A,1,2,B
1,2680,True,A,B,3,1,B
1,2681,True,B,A,2,0,A
1,2682,True,B,A,4,1,B
1,2683,True,B,A,0,1,A
1,2684,True,B,A,10,1,A
1,2685,True,A,B,0,1,A
1,2686,True,B,A,6,1,B
1,2687,True,A,B,3,1,B
1,2688,True,B,A,2,1,A
1,2689,True,B,A,0,1,B
1,2690,True,A,B,10,1,B
1,2691,True,B,A,4,1,B
1,2692,True,B,A,3,1,A
1,2693,True,A,B,0,1,A
1,2694,True,B,A,1,1,A
1,2695,True,A,B,0,1,A
1,2696,True,B,A,10,1,A
1,2697,True,A,B,0,1,A
1,2698,True,A,B,0,1,B
1,2699,True,B,A,10,1,B
1,2700,True,B,A,6,1,A
1,2701,True,A,B,6,1,A
1,2702,True,A,B,1,2,A
1,2703,True,A,B,3,1,A
1,2704,True,B,A,2,1,A
1,2705,True,A,B,1,2,A
1,2706,True,A,B,6,1,A
1,2707,True,B,A,10,1,A
1,2708,True,B,A,3,1,B
1,2709,True,A,B,10,1,B
1,2710,True,A,B,3,1,B
1,2711,True,B,A,3,1,B
1,2712,True,B,A,0,1,B
1,2713,True,B,A,2,1,B
1,2714,True,B,A,10,1,A
1,2715,True,A,B,0,1,A
1,2716,True,B,A,10,1,A
1,2717,True,A,B,1,2,A
1,2718,True,B,A,4,1,B
1,2719,True,B,A,0,1,A
1,2720,True,A,B,2,0,A
1,2721,True,B,A,4,1,B
1,2722,True,B,A,6,1,A
1,2723,True,A,B,0,1,A
1,2724,True,B,A,4,1,B
1,2725,True,A,B,2,1,A
1,2726,True,B,A,1,1,B
1,2727,True,B,A,2,0,B
1,2728,True,B,A,1,2,B
1,2729,True,B,A,1,2,B
1,2730,True,B,A,1,1,B
1,2731,True,B,A,10,1,B
1,2732,True,A,B,1,2,B
1,2733,True,A,B,2,0,A
1,2734,True,B,A,2,0,A
1,2735,True,A,B,2,1,A
1,2736,True,A,B,2,0,B
1,2737,True,B,A,6,1,B
1,2738,True,B,A,3,1,A
1,2739,True,B,A,2,0,B
1,2740,True,B,A,2,0,A
1,2741,True,B,A,0,1,A
1,2742,True,A,B,6,1,A
1,2743,True,A,B,10,1,B
1,2744,True,B,A,3,1,B
1,2745,True,A,B,1,2,A
1,2746,True,B,A,3,1,B
1,2747,True,A,B,3,1,A
1,2748,True,B,A,10,1,B
1,2749,True,A,B,1,2,B
1,2750,True,A,B,0,1,B
1,2751,True,B,A,3,1,A
1,2752,True,A,B,2,0,A
1,2753,True,A,B,1,1,A
1,2754,True,A,B,6,1,B
1,2755,True,B,A,2,1,B
1,2756,True,B,A,1,1,B
1,2757,True,A,B,2,1,B
1,2758,True,A,B,0,1,A
1,2759,True,A,B,6,1,B
1,2760,True,B,A,6,1,A
1,2761,True,A,B,1,1,A
1,2762,True,A,B,6,1,B
1,2763,True,A,B,2,1,B
1,2764,True,A,B,6,1,A
1,2765,True,A,B,4,1,A
1,2766,True,B,A,2,0,A
1,2767,True,A,B,6,1,B
1,2768,True,A,B,4,1,A
1,2769,True,B,A,0,1,A
1,2770,True,B,A,2,1,B
1,2771,True,B,A,2,0,A
1,2772,True,A,B,6,1,B
1,2773,True,B,A,0,1,B
1,2774,True,B,A,2,0,A
1,2775,True,B,A,2,1,B
1,2776,True,B,A,10,1,A
1,2777,True,B,A,4,1,A
1,2778,True,A,B,0,1,A
1,2779,True,B,A,6,1,B
1,2780,False,,,,,
1,2781,True,B,A,2,1,B
1,2782,True,A,B,10,1,A
1,2783,True,B,A,4,1,B
1,2784,True,A,B,4,1,B
1,2785,True,B,A,4,1,B
1,2786,True,A,B,6,1,B
1,2787,True,A,B,0,1,B
1,2788,True,A,B,0,1,A
1,2789,True,B,A,3,1,B
1,2790,True,B,A,0,1,A
1,2791,True,A,B,1,1,A
1,2792,True,A,B,2,1,A
1,2793,True,B,A,2,1,A
1,2794,True,A,B,10,1,A
1,2795,True,A,B,6,1,A
1,2796,True,B,A,1,1,B
1,2797,True,B,A,1,1,B
1,2798,True,B,A,0,1,B
1,2799,True,A,B,1,2,A
1,2800,True,A,B,1,1,B
1,2801,True,B,A,3,1,A
1,2802,True,A,B,0,1,A
1,2803,True,A,B,2,0,A
1,2804,True,B,A,3,1,B
1,2805,True,B,A,2,0,A
1,2806,True,B,A,10,1,A
1,2807,True,A,B,4,1,B
1,2808,True,A,B,3,1,B
1,2809,True,A,B,0,1,B
1,2810,True,A,B,1,2,B
1,2811,True,A,B,1,1,B
1,2812,True,B,A,6,1,A
1,2813,True,A,B,2,1,A
1,2814,True,A,B,10,1,B
1,2815,True,A,B,1,2,A
1,2816,True,B,A,10,1,A
1,2817,True,B,A,0,1,B
1,2818,True,B,A,10,1,A
1,2819,True,A,B,2,1,B
1,2820,True,B,A,1,1,A
1,2821,True,B,A,1,2,A
1,2822,False,,,,,
1,2823,True,B,A,2,0,A
1,2824,True,B,A,1,1,B
1,2825,True,A,B,4,1,B
1,2826,True,A,B,1,1,A
1,2827,True,A,B,1,1,A
1,2828,True,A,B,2,0,A
1,2829,True,A,B,0,1,B
1,2830,True,A,B,2,0,A
1,2831,True,B,A,10,1,B
1,2832,True,A,B,2,0,B
1,2833,True,A,B,10,1,B
1,2834,True,B,A,0,1,B
1,2835,True,B,A,4,1,A
1,2836,True,B,A,1,2,B
1,2837,True,B,A,1,2,A
1,2838,True,A,B,1,1,A
1,2839,True,A,B,6,1,B
1,2840,True,A,B,2,1,A
1,2841,True,A,B,10,1,B
1,2842,True,A,B,4,1,A
1,2843,True,B,A,1,2,A
1,2844,True,A,B,2,0,B
1,2845,True,B,A,1,2,A
1,2846,True,B,A,1,2,B
1,2847,True,A,B,4,1,A
1,2848,True,B,A,3,1,A
1,2849,True,B,A,3,1,B
1,2850,True,B,A,2,0,A
1,2851,True,B,A,1,1,B
1,2852,True,B,A,3,1,A
1,2853,True,A,B,3,1,A
1,2854,True,A,B,6,1,A
1,2855,True,A,B,10,1,B
1,2856,True,B,A,3,1,B
1,2857,True,A,B,3,1,A
1,2858,True,B,A,2,1,B
1,2859,True,A,B,6,1,B
1,2860,True,A,B,6,1,B
1,2861,True,A,B,3,1,A
1,2862,True,A,B,3,1,A
1,2863,True,A,B,4,1,B
1,2864,True,A,B,3,1,A
1,2865,True,B,A,1,2,B
1,2866,True,A,B,2,1,B
1,2867,True,B,A,4,1,B
1,2868,True,B,A,6,1,A
1,2869,True,A,B,2,0,B
1,2870,True,B,A,0,1,A
1,2871,True,B,A,2,1,B
1,2872,True,B,A,3,1,A
1,2873,True,A,B,1,1,B
1,2874,True,B,A,0,1,B
1,2875,True,A,B,0,1,A
1,2876,True,B,A,0,1,B
1,2877,True,B,A,2,0,A
1,2878,True,B,A,4,1,A
1,2879,True,A,B,2,1,A
1,2880,True,B,A,2,1,B
1,2881,True,A,B,6,1,A
1,2882,True,B,A,10,1,A
1,2883,True,B,A,3,1,B
1,2884,True,A,B,3,1,A
1,2885,True,A,B,2,0,B
1,2886,True,A,B,2,0,B
1,2887,True,B,A,2,0,A
1,2888,True,A,B,1,2,B
1,2889,True,B,A,1,2,A
1,2890,True,B,A,2,0,A
1,2891,True,A,B,1,2,B
1,2892,True,B,A,2,0,A
1,2893,True,B,A,2,1,B
1,2894,True,A,B,10,1,B
1,2895,True,A,B,1,2,B
1,2896,True,A,B,10,1,A
1,2897,True,B,A,2,0,A
1,2898,False,,,,,
1,2899,True,B,A,6,1,B
1,2900,True,A,B,6,1,A
1,2901,True,A,B,2,0,A
1,2902,True,B,A,1,2,B
1,2903,True,B,A,3,1,A
1,2904,True,B,A,2,0,B
1,2905,True,A,B,1,2,B
1,2906,True,B,A,1,2,A
1,2907,True,B,A,6,1,B
1,2908,True,A,B,1,2,B
1,2909,True,B,A,1,2,A
1,2910,True,B,A,10,1,A
1,2911,True,B,A,1,1,A
1,2912,True,B,A,0,1,A
1,2913,True,B,A,6,1,A
1,2914,True,B,A,6,1,B
1,2915,True,B,A,0,1,A
1,2916,True,A,B,2,0,B
1,2917,True,A,B,1,2,A
1,2918,True,B,A,6,1,A
1,2919,True,A,B,1,2,B
1,2920,True,B,A,2,1,B
1,2921,True,B,A,6,1,B
1,2922,True,B,A,0,1,A
1,2923,False,,,,,
1,2924,True,A,B,10,1,B
1,2925,True,B,A,1,1,A
1,2926,True,A,B,2,1,B
1,2927,True,B,A,3,1,A
1,2928,True,A,B,2,0,A
1,2929,True,A,B,6,1,A
1,2930,True,A,B,10,1,B
1,2931,True,A,B,3,1,A
1,2932,True,A,B,3,1,B
1,2933,True,B,A,0,1,A
1,2934,True,B,A,3,1,A
1,2935,True,A,B,10,1,A
1,2936,True,A,B,1,1,A
1,2937,True,B,A,10,1,B
1,2938,True,B,A,10,1,B
1,2939,True,A,B,6,1,B
1,2940,True,A,B,3,1,B
1,2941,True,A,B,4,1,A
1,2942,True,A,B,4,1,B
1,2943,True,A,B,2,1,A
1,2944,True,A,B,1,2,B
1,2945,True,A,B,1,2,A
1,2946,True,A,B,3,1,B
1,2947,True,B,A,10,1,B
1,2948,True,B,A,0,1,B
1,2949,True,B,A,2,0,A
1,2950,True,B,A,2,1,A
1,2951,True,A,B,2,0,A
1,2952,True,A,B,6,1,A
1,2953,True,B,A,2,1,A
1,2954,True,A,B,2,0,A
1,2955,True,B,A,6,1,A
1,2956,False,,,,,
1,2957,True,A,B,1,1,A
1,2958,True,B,A,1,1,B
1,2959,True,A,B,1,2,A
1,2960,True,B,A,1,1,B
1,2961,True,B,A,10,1,B
1,2962,True,B,A,2,0,B
1,2963,True,A,B,3,1,A
1,2964,True,A,B,3,1,A
1,2965,True,A,B,2,0,B
1,2966,True,B,A,2,1,B
1,2967,True,A,B,3,1,B
1,2968,True,A,B,1,1,A
1,2969,True,A,B,10,1,B
1,2970,True,B,A,1,1,A
1,2971,True,A,B,3,1,A
1,2972,True,A,B,6,1,A
1,2973,True,B,A,10,1,B
1,2974,True,A,B,1,1,B
1,2975,True,B,A,10,1,B
1,2976,True,B,A,3,1,B
1,2977,True,B,A,1,1,A
1,2978,True,B,A,2,0,B
1,2979,True,B,A,1,2,B
1,2980,True,B,A,2,1,B
1,2981,True,B,A,1,2,B
1,2982,True,B,A,2,1,A
1,2983,True,A,B,4,1,B
1,2984,True,B,A,0,1,B
1,2985,True,B,A,2,0,B
1,2986,True,A,B,6,1,A
1,2987,True,A,B,0,1,B
1,2988,True,A,B,1,1,B
1,2989,True,B,A,1,2,A
1,2990,True,A,B,4,1,B
1,2991,True,A,B,2,0,B
1,2992,True,A,B,6,1,A
1,2993,True,A,B,10,1,B
1,2994,True,A,B,2,0,B
1,2995,True,B,A,10,1,B
1,2996,True,A,B,4,1,A
1,2997,True,A,B,1,2,B
1,2998,True,A,B,1,2,A
1,2999,True,B,A,1,1,A
1,3000,True,A,B,2,1,A
1,3001,True,B,A,1,2,A
1,3002,True,A,B,2,1,B
1,3003,True,A,B,2,1,A
1,3004,True,A,B,10,1,B
1,3005,True,A,B,6,1,A
1,3006,True,B,A,1,1,B
1,3007,True,B,A,4,1,A
1,3008,True,B,A,1,2,A
1,3009,True,A,B,4,1,A
1,3010,True,A,B,6,1,A
1,3011,True,B,A,2,1,B
1,3012,True,A,B,0,1,A
1,3013,True,B,A,10,1,A
1,3014,True,A,B,1,2,A
1,3015,True,A,B,2,1,B
1,3016,True,A,B,2,1,B
1,3017,True,A,B,2,0,A
1,3018,True,B,A,2,0,B
1,3019,True,A,B,2,0,B
1,3020,True,A,B,10,1,B
1,3021,True,A,B,1,2,A
1,3022,True,A,B,6,1,A
1,3023,True,A,B,10,1,B
1,3024,True,A,B,2,1,B
1,3025,True,A,B,4,1,A
1,3026,True,A,B,2,0,A
1,3027,True,A,B,6,1,A
1,3028,True,A,B,3,1,B
1,3029,True,B,A,2,0,B
1,3030,True,A,B,3,1,B
1,3031,True,A,B,1,2,A
1,3032,True,A,B,4,1,A
1,3033,True,B,A,2,0,B
1,3034,True,A,B,1,1,A
1,3035,True,B,A,4,1,A
1,3036,True,B,A,0,1,B
1,3037,True,A,B,0,1,A
1,3038,True,B,A,10,1,A
1,3039,True,A,B,2,1,B
1,3040,True,B,A,1,2,B
1,3041,True,B,A,6,1,B
1,3042,True,B,A,2,0,B
1,3043,True,A,B,10,1,A
1,3044,True,A,B,2,1,A
1,3045,True,A,B,3,1,A
1,3046,True,B,A,0,1,B
1,3047,True,A,B,6,1,A
1,3048,True,A,B,2,1,B
1,3049,True,B,A,3,1,B
1,3050,True,A,B,10,1,B
1,3051,True,A,B,10,1,B
1,3052,True,A,B,6,1,B
1,3053,True,B,A,6,1,B
1,3054,True,A,B,0,1,A
1,3055,True,B,A,4,1,B
1,3056,True,A,B,2,1,B
1,3057,True,B,A,2,0,B
1,3058,True,B,A,10,1,B
1,3059,True,A,B,2,0,A
1,3060,True,A,B,1,2,B
1,3061,True,B,A,3,1,A
1,3062,True,B,A,2,1,B
1,3063,True,A,B,3,1,A
1,3064,True,B,A,2,0,A
1,3065,True,B,A,1,2,B
1,3066,True,B,A,6,1,B
1,3067,True,B,A,10,1,B
1,3068,True,B,A,2,1,B
1,3069,True,A,B,1,1,B
1,3070,True,B,A,10,1,B
1,3071,True,A,B,1,2,A
1,3072,True,A,B,6,1,A
1,3073,True,B,A,3,1,A
1,3074,True,A,B,10,1,A
1,3075,True,B,A,6,1,B
1,3076,True,A,B,0,1,A
1,3077,True,A,B,10,1,B
1,3078,True,B,A,3,1,A
1,3079,True,B,A,1,2,B
1,3080,True,A,B,6,1,B
1,3081,True,A,B,0,1,B
1,3082,True,A,B,4,1,A
1,3083,True,A,B,1,1,A
1,3084,True,B,A,1,2,B
1,3085,True,A,B,0,1,B
1,3086,True,B,A,3,1,A
1,3087,True,A,B,1,1,A
1,3088,True,A,B,4,1,A
1,3089,True,A,B,1,2,A
1,3090,True,B,A,10,1,B
1,3091,True,A,B,3,1,A
1,3092,True,A,B,2,1,B
1,3093,True,A,B,4,1,A
1,3094,True,A,B,2,1,B
1,3095,True,B,A,1,2,A
1,3096,True,B,A,3,1,A
1,3097,True,A,B,0,1,A
1,3098,True,B,A,6,1,A
1,3099,True,B,A,6,1,A
1,3100,True,A,B,4,1,A
1,3101,True,B,A,1,1,B
1,3102,True,B,A,3,1,B
1,3103,True,B,A,1,1,A
1,3104,True,B,A,2,1,B
1,3105,True,B,A,10,1,B
1,3106,True,A,B,10,1,A
1,3107,True,A,B,2,0,B
1,3108,True,A,B,3,1,A
1,3109,True,B,A,6,1,B
1,3110,True,B,A,3,1,B
1,3111,True,A,B,4,1,A
1,3112,True,A,B,2,1,B
1,3113,True,A,B,6,1,A
1,3114,True,A,B,3,1,A
1,3115,True,A,B,1,1,A
1,3116,True,A,B,4,1,B
1,3117,True,A,B,10,1,B
1,3118,True,B,A,0,1,A
1,3119,True,A,B,2,1,B
1,3120,True,A,B,4,1,A
1,3121,True,A,B,1,1,A
1,3122,True,A,B,2,1,B
1,3123,True,A,B,0,1,A
1,3124,True,A,B,6,1,B
1,3125,True,B,A,0,1,A
1,3126,True,A,B,2,0,A
1,3127,True,A,B,1,2,A
1,3128,True,B,A,6,1,B
1,3129,True,A,B,0,1,A
1,3130,True,B,A,3,1,B
1,3131,True,B,A,0,1,B
1,3132,True,B,A,4,1,A
1,3133,True,B,A,10,1,B
1,3134,True,B,A,10,1,A
1,3135,True,B,A,1,1,B
1,3136,True,B,A,0,1,A
1,3137,True,B,A,3,1,B
1,3138,True,A,B,0,1,B
1,3139,True,B,A,1,1,B
1,3140,True,B,A,2,1,A
1,3141,True,B,A,2,0,B
1,3142,True,B,A,1,1,A
1,3143,True,A,B,2,0,B
1,3144,True,A,B,1,1,A
1,3145,True,B,A,10,1,B
1,3146,True,A,B,2,1,B
1,3147,True,A,B,6,1,A
1,3148,True,A,B,2,0,B
1,3149,True,B,A,0,1,B
1,3150,True,A,B,2,1,A
1,3151,True,B,A,4,1,B
1,3152,True,A,B,1,2,A
1,3153,True,B,A,4,1,B
1,3154,True,A,B,1,2,A
1,3155,True,A,B,4,1,B
1,3156,True,B,A,0,1,A
1,3157,True,B,A,3,1,B
1,3158,True,B,A,3,1,A
1,3159,True,A,B,1,1,B
1,3160,True,A,B,0,1,A
1,3161,True,A,B,6,1,B
1,3162,True,A,B,2,1,A
1,3163,True,B,A,1,2,A
1,3164,True,A,B,6,1,A
1,3165,True,A,B,2,0,B
1,3166,True,B,A,2,0,A
1,3167,True,B,A,1,1,B
1,3168,True,B,A,2,1,B
1,3169,True,B,A,4,1,B
1,3170,True,A,B,1,2,A
1,3171,True,A,B,10,1,A
1,3172,True,A,B,2,0,B
1,3173,True,B,A,4,1,A
1,3174,True,A,B,1,2,A
1,3175,True,B,A,3,1,A
1,3176,True,A,B,4,1,A
1,3177,True,B,A,1,1,A
1,3178,True,B,A,10,1,B
1,3179,True,A,B,1,1,B
1,3180,True,B,A,2,0,B
1,3181,True,A,B,1,2,A
1,3182,True,A,B,6,1,B
1,3183,True,B,A,2,0,A
1,3184,True,A,B,6,1,A
1,3185,True,B,A,2,0,B
1,3186,True,A,B,10,1,A
1,3187,True,B,A,2,0,A
1,3188,True,B,A,3,1,B
1,3189,True,B,A,10,1,B
1,3190,True,A,B,2,1,A
1,3191,True,A,B,1,1,B
1,3192,True,A,B,3,1,A
1,3193,True,A,B,10,1,A
1,3194,True,B,A,1,1,A
1,3195,True,A,B,3,1,A
1,3196,True,B,A,1,1,B
1,3197,True,A,B,1,1,A
1,3198,True,A,B,1,1,A
1,3199,True,A,B,6,1,A
1,3200,True,A,B,2,1,A
1,3201,True,B,A,3,1,B
1,3202,True,B,A,1,1,B
1,3203,True,A,B,6,1,A
1,3204,True,B,A,0,1,B
1,3205,True,A,B,1,1,A
1,3206,True,B,A,0,1,B
1,3207,True,A,B,2,1,B
1,3208,True,A,B,6,1,A
1,3209,True,A,B,2,0,B
1,3210,True,A,B,1,1,A
1,3211,True,A,B,2,0,A
1,3212,True,B,A,6,1,A
1,3213,True,A,B,4,1,A
1,3214,True,B,A,2,1,A
1,3215,True,B,A,2,0,A
1,3216,True,B,A,1,2,A
1,3217,True,B,A,0,1,B
1,3218,True,B,A,2,0,B
1,3219,True,A,B,3,1,A
1,3220,True,A,B,1,2,B
1,3221,True,B,A,4,1,B
1,3222,True,A,B,2,0,A
1,3223,True,B,A,3,1,A
1,3224,True,A,B,0,1,B
1,3225,True,B,A,4,1,A
1,3226,True,B,A,2,1,A
1,3227,True,B,A,10,1,B
1,3228,True,B,A,1,2,B
1,3229,True,A,B,6,1,A
1,3230,True,B,A,10,1,A
1,3231,True,A,B,6,1,A
1,3232,True,B,A,6,1,A
1,3233,True,A,B,10,1,A
1,3234,True,A,B,2,0,A
1,3235,True,B,A,6,1,A
1,3236,True,A,B,2,1,A
1,3237,True,A,B,0,1,A
1,3238,True,A,B,10,1,A
1,3239,True,B,A,4,1,B
1,3240,True,A,B,3,1,B
1,3241,True,A,B,4,1,B
1,3242,True,B,A,0,1,A
1,3243,True,B,A,6,1,A
1,3244,True,B,A,3,1,B
1,3245,True,B,A,1,2,B
1,3246,True,A,B,3,1,B
1,3247,True,B,A,1,1,B
1,3248,True,A,B,4,1,B
1,3249,True,B,A,0,1,B
1,3250,True,A,B,2,0,A
1,3251,True,A,B,2,1,B
1,3252,True,A,B,2,1,A
1,3253,True,A,B,2,1,B
1,3254,True,A,B,0,1,B
1,3255,True,B,A,4,1,A
1,3256,True,A,B,0,1,A
1,3257,True,B,A,2,1,B
1,3258,True,A,B,0,1,B
1,3259,True,A,B,0,1,A
1,3260,True,A,B,4,1,A
1,3261,True,A,B,6,1,A
1,3262,True,A,B,4,1,B
1,3263,True,B,A,3,1,B
1,3264,True,A,B,3,1,A
1,3265,False,,,,,
1,3266,True,B,A,2,1,B
1,3267,True,A,B,1,2,A
1,3268,True,B,A,1,1,B
1,3269,True,B,A,3,1,A
1,3270,True,B,A,2,0,B
1,3271,True,B,A,0,1,B
1,3272,True,A,B,1,2,B
1,3273,True,B,A,4,1,B
1,3274,True,B,A,2,0,B
1,3275,True,A,B,3,1,A
1,3276,True,B,A,6,1,A
1,3277,True,B,A,1,1,A
1,3278,True,A,B,2,0,A
1,3279,True,A,B,1,1,A
1,3280,True,A,B,3,1,B
1,3281,True,B,A,6,1,A
1,3282,True,B,A,2,0,B
1,3283,True,B,A,3,1,A
1,3284,True,B,A,10,1,B
1,3285,True,A,B,10,1,A
1,3286,True,B,A,0,1,A
1,3287,True,A,B,3,1,B
1,3288,True,A,B,1,2,A
1,3289,True,A,B,2,1,A
1,3290,True,B,A,10,1,A
1,3291,True,B,A,3,1,A
1,3292,True,A,B,3,1,B
1,3293,True,A,B,1,1,A
1,3294,True,B,A,4,1,A
1,3295,True,A,B,4,1,B
1,3296,True,A,B,0,1,A
1,3297,True,A,B,1,1,B
1,3298,True,B,A,10,1,B
1,3299,True,A,B,6,1,A
1,3300,True,A,B,1,1,A
1,3301,True,A,B,3,1,B
1,3302,True,A,B,10,1,A
1,3303,True,A,B,2,1,A
1,3304,True,A,B,1,1,A
1,3305,True,B,A,1,1,B
1,3306,True,A,B,1,1,A
1,3307,True,B,A,0,1,B
1,3308,True,B,A,0,1,A
1,3309,True,B,A,10,1,A
1,3310,True,A,B,0,1,A
1,3311,True,B,A,1,1,A
1,3312,True,B,A,3,1,A
1,3313,True,A,B,0,1,B
1,3314,True,A,B,1,1,A
1,3315,True,A,B,3,1,A
1,3316,True,A,B,3,1,A
1,3317,True,A,B,0,1,B
1,3318,True,A,B,10,1,B
1,3319,True,A,B,3,1,B
1,3320,True,A,B,2,0,B
1,3321,True,A,B,4,1,A
1,3322,True,A,B,2,1,A
1,3323,True,A,B,4,1,A
1,3324,True,B,A,4,1,B
1,3325,True,A,B,1,2,B
1,3326,True,B,A,2,0,B
1,3327,True,A,B,0,1,A
1,3328,True,B,A,3,1,B
1,3329,True,A,B,0,1,A
1,3330,True,B,A,2,0,A
1,3331,True,A,B,4,1,A
1,3332,True,B,A,2,0,B
1,3333,True,B,A,10,1,A
1,3334,True,B,A,4,1,B
1,3335,True,B,A,1,2,B
1,3336,True,A,B,1,2,A
1,3337,True,A,B,4,1,A
1,3338,True,A,B,0,1,A
1,3339,True,A,B,4,1,A
1,3340,True,A,B,6,1,B
1,3341,True,B,A,0,1,A
1,3342,True,A,B,6,1,A
1,3343,True,B,A,4,1,B
1,3344,True,A,B,1,2,A
1,3345,True,B,A,1,1,A
1,3346,True,B,A,6,1,B
1,3347,True,B,A,1,1,B
1,3348,True,A,B,6,1,B
1,3349,True,B,A,2,1,A
1,3350,True,A,B,2,0,A
1,3351,True,A,B,2,1,A
1,3352,True,A,B,1,2,B
1,3353,True,A,B,1,2,B
1,3354,True,A,B,10,1,B
1,3355,True,B,A,0,1,A
1,3356,True,B,A,3,1,B
1,3357,True,B,A,2,1,B
1,3358,True,B,A,1,2,B
1,3359,True,A,B,2,1,B
1,3360,True,A,B,2,1,A
1,3361,True,A,B,1,1,A
1,3362,True,B,A,10,1,B
1,3363,True,B,A,4,1,A
1,3364,True,A,B,2,1,A
1,3365,True,B,A,1,2,A
1,3366,True,B,A,4,1,A
1,3367,True,B,A,1,2,B
1,3368,True,B,A,2,0,B
1,3369,True,A,B,2,1,A
1,3370,True,B,A,4,1,B
1,3371,True,B,A,0,1,B
1,3372,True,A,B,2,1,B
1,3373,True,B,A,4,1,B
1,3374,True,B,A,10,1,B
1,3375,True,B,A,1,2,B
1,3376,True,A,B,2,1,B
1,3377,True,B,A,1,2,A
1,3378,True,B,A,3,1,A
1,3379,True,A,B,0,1,B
1,3380,True,B,A,1,2,A
1,3381,True,B,A,1,1,B
1,3382,True,B,A,4,1,B
1,3383,True,A,B,3,1,B
1,3384,True,A,B,10,1,A
1,3385,True,B,A,1,1,B
1,3386,True,A,B,0,1,B
1,3387,True,A,B,2,1,B
1,3388,False,,,,,
1,3389,True,A,B,6,1,B
1,3390,True,B,A,2,0,A
1,3391,True,B,A,4,1,A
1,3392,True,B,A,10,1,B
1,3393,True,B,A,2,0,B
1,3394,True,B,A,2,1,B
1,3395,True,A,B,2,0,A
1,3396,False,,,,,
1,3397,True,A,B,10,1,A
1,3398,True,B,A,6,1,A
1,3399,True,A,B,0,1,A
1,3400,True,A,B,10,1,B
1,3401,True,A,B,6,1,B
1,3402,True,A,B,1,1,A
1,3403,True,A,B,2,0,B
1,3404,True,A,B,6,1,A
1,3405,True,A,B,2,0,A
1,3406,True,B,A,4,1,A
1,3407,True,B,A,1,1,A
1,3408,True,B,A,3,1,B
1,3409,True,A,B,4,1,A
1,3410,True,A,B,3,1,B
1,3411,True,B,A,2,0,A
1,3412,True,B,A,1,1,B
1,3413,True,A,B,10,1,A
1,3414,True,A,B,3,1,A
1,3415,True,A,B,1,2,A
1,3416,True,A,B,1,2,B
1,3417,True,B,A,1,1,A
1,3418,True,B,A,10,1,B
1,3419,True,B,A,2,1,B
1,3420,True,A,B,6,1,B
1,3421,True,A,B,0,1,A
1,3422,True,B,A,10,1,B
1,3423,True,A,B,1,1,A
1,3424,True,A,B,2,1,A
1,3425,True,A,B,2,1,A
1,3426,True,A,B,0,1,A
1,3427,True,B,A,0,1,A
1,3428,True,B,A,4,1,B
1,3429,True,B,A,4,1,B
1,3430,True,A,B,4,1,B
1,3431,True,B,A,2,0,B
1,3432,True,B,A,0,1,A
1,3433,True,B,A,10,1,B
1,3434,True,A,B,1,2,A
1,3435,True,A,B,0,1,B
1,3436,True,B,A,1,2,B
1,3437,True,A,B,6,1,A
1,3438,True,B,A,1,2,B
1,3439,True,B,A,2,0,B
1,3440,True,B,A,0,1,B
1,3441,True,B,A,2,1,B
1,3442,True,A,B,2,0,B
1,3443,True,A,B,3,1,A
1,3444,True,B,A,1,2,A
1,3445,True,B,A,4,1,B
1,3446,True,B,A,0,1,B
1,3447,True,B,A,1,1,A
1,3448,True,A,B,0,1,A
1,3449,True,A,B,10,1,B
1,3450,True,A,B,6,1,A
1,3451,True,A,B,2,0,B
1,3452,True,A,B,2,0,B
1,3453,True,A,B,10,1,A
1,3454,True,A,B,0,1,A
1,3455,True,A,B,1,1,A
1,3456,True,A,B,0,1,B
1,3457,True,A,B,2,0,B
1,3458,True,A,B,6,1,A
1,3459,True,A,B,10,1,A
1,3460,True,B,A,4,1,B
1,3461,True,A,B,2,1,A
1,3462,True,A,B,1,2,B
1,3463,True,A,B,1,1,A
1,3464,True,B,A,1,2,A
1,3465,True,A,B,2,1,A
1,3466,True,A,B,1,2,B
1,3467,True,B,A,3,1,B
1,3468,True,B,A,2,1,B
1,3469,True,A,B,1,1,A
1,3470,True,A,B,6,1,A
1,3471,True,A,B,4,1,A
1,3472,True,A,B,0,1,A
1,3473,True,A,B,3,1,A
1,3474,True,A,B,2,0,A
1,3475,True,B,A,6,1,A
1,3476,True,A,B,1,2,A
1,3477,True,B,A,4,1,B
1,3478,True,B,A,1,1,A
1,3479,True,B,A,3,1,A
1,3480,True,B,A,2,0,B
1,3481,True,B,A,2,0,A
1,3482,True,B,A,1,2,A
1,3483,True,A,B,1,2,A
1,3484,True,A,B,3,1,A
1,3485,True,B,A,6,1,A
1,3486,True,B,A,4,1,A
1,3487,True,A,B,1,1,A
1,3488,True,B,A,2,0,B
1,3489,True,B,A,2,1,B
1,3490,True,B,A,6,1,B
1,3491,True,B,A,3,1,B
1,3492,True,A,B,0,1,A
1,3493,True,A,B,1,2,B
1,3494,True,B,A,1,2,B
1,3495,True,B,A,4,1,A
1,3496,True,B,A,1,2,B
1,3497,True,B,A,6,1,B
1,3498,True,A,B,1,1,B
1,3499,True,B,A,2,0,B
1,3500,True,A,B,10,1,A
1,3501,True,B,A,1,2,A
1,3502,True,B,A,1,2,A
1,3503,True,A,B,2,0,A
1,3504,True,A,B,10,1,B
1,3505,True,A,B,10,1,A
1,3506,True,B,A,0,1,A
1,3507,True,A,B,0,1,A
1,3508,True,A,B,6,1,B
1,3509,True,B,A,3,1,A
1,3510,True,A,B,4,1,B
1,3511,True,A,B,1,2,B
1,3512,True,A,B,0,1,A
1,3513,True,A,B,4,1,B
1,3514,True,B,A,3,1,A
1,3515,True,A,B,1,1,B
1,3516,True,A,B,6,1,B
1,3517,True,A,B,1,1,B
1,3518,True,A,B,10,1,B
1,3519,True,A,B,3,1,B
1,3520,True,B,A,1,1,A
1,3521,True,B,A,2,0,B
1,3522,True,B,A,2,1,B
1,3523,True,A,B,1,1,B
1,3524,True,B,A,0,1,B
1,3525,True,A,B,1,1,B
1,3526,True,A,B,6,1,A
1,3527,True,A,B,4,1,A
1,3528,True,B,A,1,1,A
1,3529,True,B,A,2,1,B
1,3530,True,A,B,2,0,B
1,3531,True,B,A,1,1,B
1,3532,True,A,B,3,1,A
1,3533,True,B,A,4,1,B
1,3534,True,A,B,2,0,A
1,3535,True,B,A,1,1,B
1,3536,True,B,A,0,1,A
1,3537,True,B,A,6,1,A
1,3538,True,A,B,0,1,B
1,3539,True,A,B,0,1,B
1,3540,True,A,B,0,1,B
1,3541,True,A,B,4,1,A
1,3542,True,A,B,10,1,A
1,3543,True,A,B,0,1,B
1,3544,True,A,B,3,1,A
1,3545,True,A,B,2,0,B
1,3546,True,A,B,2,1,B
1,3547,True,A,B,4,1,B
1,3548,True,A,B,1,1,B
1,3549,True,A,B,4,1,A
1,3550,True,A,B,2,0,B
1,3551,True,B,A,10,1,B
1,3552,True,A,B,2,0,B
1,3553,True,B,A,1,2,A
1,3554,True,A,B,10,1,A
1,3555,True,B,A,4,1,A
1,3556,True,B,A,6,1,B
1,3557,True,A,B,1,2,A
1,3558,True,A,B,10,1,A
1,3559,True,B,A,1,1,A
1,3560,True,A,B,6,1,B
1,3561,True,A,B,2,0,A
1,3562,True,B,A,0,1,A
1,3563,True,A,B,3,1,A
1,3564,True,B,A,3,1,B
1,3565,True,A,B,10,1,B
1,3566,True,B,A,0,1,A
1,3567,True,A,B,0,1,A
1,3568,True,B,A,6,1,B
1,3569,True,A,B,2,1,B
1,3570,True,A,B,6,1,A
1,3571,True,A,B,3,1,A
1,3572,True,A,B,0,1,A
1,3573,True,A,B,2,0,A
1,3574,True,B,A,3,1,B
1,3575,True,B,A,0,1,A
1,3576,True,A,B,6,1,A
1,3577,True,A,B,10,1,A
1,3578,True,A,B,1,1,A
1,3579,True,B,A,0,1,B
1,3580,True,A,B,6,1,B
1,3581,True,A,B,0,1,A
1,3582,True,B,A,10,1,A
1,3583,True,A,B,1,2,A
1,3584,True,B,A,3,1,B
1,3585,True,A,B,0,1,B
1,3586,True,A,B,2,0,B
1,3587,True,B,A,1,2,B
1,3588,True,A,B,4,1,A
1,3589,True,B,A,2,0,A
1,3590,True,A,B,10,1,A
1,3591,True,B,A,3,1,B
1,3592,True,B,A,10,1,A
1,3593,True,A,B,3,1,A
1,3594,True,A,B,1,1,A
1,3595,True,A,B,1,2,A
1,3596,True,B,A,1,2,A
1,3597,True,A,B,3,1,A
1,3598,True,A,B,3,1,B
1,3599,True,A,B,1,1,B
1,3600,True,B,A,1,2,B
1,3601,True,B,A,1,2,B
1,3602,True,B,A,2,0,B
1,3603,True,A,B,10,1,B
1,3604,True,B,A,1,2,B
1,3605,True,A,B,10,1,A
1,3606,True,B,A,3,1,B
1,3607,True,B,A,10,1,A
1,3608,True,B,A,6,1,B
1,3609,False,,,,,
1,3610,True,B,A,4,1,A
1,3611,True,A,B,1,2,A
1,3612,True,A,B,10,1,A
1,3613,True,B,A,0,1,B
1,3614,True,A,B,6,1,B
1,3615,True,B,A,0,1,B
1,3616,True,A,B,2,0,B
1,3617,True,A,B,10,1,B
1,3618,True,A,B,10,1,B
1,3619,True,B,A,6,1,A
1,3620,True,A,B,2,0,A
1,3621,True,A,B,6,1,A
1,3622,True,B,A,10,1,B
1,3623,True,B,A,6,1,B
1,3624,True,A,B,2,0,B
1,3625,True,A,B,1,1,B
1,3626,True,B,A,2,0,B
1,3627,True,A,B,3,1,A
1,3628,True,A,B,10,1,A
1,3629,True,A,B,4,1,B
1,3630,True,A,B,1,1,B
1,3631,True,B,A,0,1,B
1,3632,True,B,A,0,1,B
1,3633,True,A,B,3,1,A
1,3634,True,B,A,1,1,B
1,3635,True,B,A,3,1,B
1,3636,True,B,A,3,1,B
1,3637,True,B,A,3,1,B
1,3638,True,A,B,2,0,B
1,3639,True,A,B,2,0,B
1,3640,True,A,B,1,1,B
1,3641,True,B,A,1,2,B
1,3642,True,A,B,0,1,B
1,3643,True,A,B,2,0,B
1,3644,True,B,A,2,0,B
1,3645,True,A,B,2,0,A
1,3646,True,A,B,1,1,A
1,3647,True,B,A,6,1,A
1,3648,True,A,B,0,1,A
1,3649,True,B,A,0,1,B
1,3650,True,B,A,1,1,B
1,3651,True,A,B,4,1,A
1,3652,True,A,B,0,1,B
1,3653,True,B,A,1,1,B
1,3654,True,B,A,2,1,A
1,3655,True,A,B,10,1,B
1,3656,True,B,A,3,1,B
1,3657,True,B,A,2,1,A
1,3658,True,A,B,1,2,B
1,3659,True,A,B,10,1,A
1,3660,True,A,B,6,1,A
1,3661,True,A,B,0,1,B
1,3662,True,A,B,0,1,A
1,3663,True,A,B,2,0,A
1,3664,True,A,B,10,1,B
1,3665,True,B,A,0,1,B
1,3666,True,B,A,3,1,B
1,3667,True,B,A,3,1,B
1,3668,True,B,A,10,1,B
1,3669,True,A,B,1,2,B
1,3670,True,B,A,6,1,A
1,3671,True,B,A,2,1,A
1,3672,True,A,B,2,0,B
1,3673,True,A,B,1,2,A
1,3674,True,B,A,2,1,B
1,3675,True,A,B,4,1,A
1,3676,True,B,A,1,1,B
1,3677,True,A,B,4,1,A
1,3678,True,B,A,1,1,A
1,3679,True,A,B,1,2,B
1,3680,True,A,B,3,1,A
1,3681,True,A,B,1,2,B
1,3682,True,A,B,4,1,B
1,3683,True,B,A,2,1,A
1,3684,True,B,A,1,2,B
1,3685,True,B,A,10,1,A
1,3686,True,B,A,3,1,B
1,3687,True,B,A,2,0,B
1,3688,True,A,B,2,0,B
1,3689,True,A,B,1,1,B
1,3690,True,A,B,0,1,B
1,3691,True,A,B,2,1,B
1,3692,True,A,B,6,1,B
1,3693,True,B,A,1,1,A
1,3694,True,A,B,6,1,B
1,3695,True,A,B,2,1,B
1,3696,True,A,B,2,1,A
1,3697,True,A,B,4,1,A
1,3698,True,A,B,4,1,A
1,3699,True,A,B,3,1,A
1,3700,True,B,A,6,1,B
1,3701,True,B,A,0,1,B
1,3702,True,B,A,2,1,B
1,3703,True,A,B,10,1,A
1,3704,True,A,B,6,1,A
1,3705,True,B,A,2,1,B
1,3706,True,B,A,4,1,B
1,3707,True,A,B,10,1,B
1,3708,True,B,A,6,1,B
1,3709,True,A,B,10,1,A
1,3710,True,B,A,10,1,A
1,3711,True,B,A,0,1,A
1,3712,True,B,A,6,1,A
1,3713,True,B,A,10,1,A
1,3714,True,B,A,0,1,A
1,3715,True,B,A,2,1,A
1,3716,True,A,B,3,1,A
1,3717,True,A,B,10,1,B
1,3718,True,A,B,3,1,B
1,3719,True,A,B,2,0,B
1,3720,False,,,,,
1,3721,True,A,B,2,1,A
1,3722,True,B,A,0,1,A
1,3723,True,B,A,3,1,A
1,3724,True,B,A,1,2,B
1,3725,True,B,A,0,1,B
1,3726,True,A,B,2,1,A
1,3727,True,B,A,2,1,A
1,3728,True,B,A,4,1,B
1,3729,True,B,A,10,1,A
1,3730,True,B,A,3,1,A
1,3731,True,A,B,6,1,B
1,3732,True,B,A,10,1,A
1,3733,True,A,B,2,1,B
1,3734,True,B,A,10,1,B
1,3735,True,A,B,6,1,B
1,3736,True,A,B,0,1,A
1,3737,True,A,B,4,1,B
1,3738,True,A,B,1,2,A
1,3739,True,A,B,10,1,A
1,3740,True,A,B,0,1,B
1,3741,True,A,B,4,1,A
1,3742,True,A,B,2,0,A
1,3743,True,B,A,2,1,A
1,3744,True,A,B,6,1,A
1,3745,True,A,B,1,1,A
1,3746,True,B,A,0,1,B
1,3747,True,A,B,0,1,B
1,3748,True,A,B,2,0,A
1,3749,True,A,B,1,1,B
1,3750,True,B,A,1,1,B
1,3751,True,A,B,6,1,A
1,3752,True,A,B,0,1,B
1,3753,True,B,A,2,0,B
1,3754,True,A,B,2,1,A
1,3755,True,A,B,10,1,B
1,3756,True,B,A,1,2,B
1,3757,True,A,B,3,1,B
1,3758,True,A,B,6,1,A
1,3759,True,B,A,2,0,A
1,3760,True,A,B,1,1,B
1,3761,True,B,A,1,2,A
1,3762,True,B,A,3,1,B
1,3763,True,A,B,2,0,B
1,3764,True,A,B,0,1,B
1,3765,True,B,A,2,1,A
1,3766,True,A,B,2,1,B
1,3767,True,A,B,10,1,B
1,3768,True,B,A,6,1,B
1,3769,True,B,A,1,2,A
1,3770,True,B,A,1,2,B
1,3771,True,B,A,3,1,A
1,3772,True,B,A,0,1,A
1,3773,True,A,B,4,1,A
1,3774,True,B,A,0,1,B
1,3775,True,A,B,2,0,A
1,3776,True,A,B,0,1,B
1,3777,True,B,A,1,2,A
1,3778,True,A,B,0,1,A
1,3779,True,B,A,4,1,A
1,3780,True,A,B,1,2,A
1,3781,True,B,A,3,1,B
1,3782,True,A,B,2,1,B
1,3783,True,A,B,10,1,B
1,3784,True,A,B,6,1,B
1,3785,True,B,A,0,1,B
1,3786,True,A,B,4,1,A
1,3787,True,B,A,3,1,A
1,3788,True,B,A,0,1,B
1,3789,True,B,A,4,1,B
1,3790,True,B,A,0,1,A
1,3791,True,A,B,3,1,B
1,3792,True,B,A,2,1,B
1,3793,True,A,B,1,1,B
1,3794,True,B,A,6,1,B
1,3795,True,B,A,2,0,B
1,3796,True,B,A,4,1,A
1,3797,True,B,A,1,1,B
1,3798,True,A,B,6,1,A
1,3799,True,A,B,1,2,A
1,3800,True,A,B,1,1,A
1,3801,True,A,B,0,1,B
1,3802,True,A,B,10,1,A
1,3803,True,A,B,1,1,A
1,3804,True,B,A,2,0,A
1,3805,True,A,B,1,1,B
1,3806,True,B,A,1,2,A
1,3807,True,B,A,1,2,B
1,3808,True,A,B,10,1,B
1,3809,True,B,A,6,1,A
1,3810,True,A,B,4,1,A
1,3811,True,A,B,2,1,A
1,3812,True,B,A,4,1,A
1,3813,True,A,B,2,0,A
1,3814,True,A,B,3,1,A
1,3815,True,B,A,2,1,B
1,3816,True,B,A,1,1,B
1,3817,True,B,A,0,1,B
1,3818,True,A,B,2,1,A
1,3819,True,B,A,2,0,B
1,3820,True,A,B,0,1,B
1,3821,True,B,A,4,1,A
1,3822,True,B,A,2,0,B
1,3823,True,B,A,2,1,B
1,3824,True,A,B,1,2,A
1,3825,True,A,B,1,1,A
1,3826,True,B,A,2,1,B
1,3827,True,B,A,3,1,B
1,3828,True,B,A,1,2,A
1,3829,True,A,B,1,2,B
1,3830,True,B,A,1,1,B
1,3831,True,A,B,6,1,A
1,3832,True,B,A,6,1,A
1,3833,True,B,A,2,0,A
1,3834,True,A,B,6,1,A
1,3835,True,B,A,0,1,B
1,3836,True,A,B,2,1,A
1,3837,True,B,A,6,1,A
1,3838,True,B,A,6,1,B
1,3839,True,B,A,10,1,A
1,3840,True,B,A,1,1,B
1,3841,True,A,B,6,1,A
1,3842,True,B,A,4,1,B
1,3843,True,B,A,2,0,B
1,3844,True,B,A,0,1,A
1,3845,True,B,A,1,2,A
1,3846,True,B,A,0,1,A
1,3847,True,A,B,4,1,A
1,3848,True,A,B,2,0,A
1,3849,True,B,A,10,1,B
1,3850,True,A,B,6,1,B
1,3851,True,B,A,4,1,B
1,3852,True,A,B,1,1,B
1,3853,True,A,B,4,1,A
1,3854,True,B,A,10,1,A
1,3855,True,A,B,1,2,B
1,3856,True,B,A,0,1,A
1,3857,True,B,A,2,1,B
1,3858,True,B,A,3,1,B
1,3859,True,B,A,3,1,B
1,3860,True,A,B,2,0,A
1,3861,True,A,B,10,1,A
1,3862,True,A,B,0,1,A
1,3863,True,A,B,2,0,A
1,3864,True,A,B,2,1,A
1,3865,True,A,B,10,1,B
1,3866,True,B,A,2,1,A
1,3867,True,A,B,1,2,B
1,3868,True,A,B,3,1,A
1,3869,True,B,A,1,2,B
1,3870,True,A,B,4,1,B
1,3871,True,B,A,6,1,A
1,3872,True,B,A,0,1,B
1,3873,True,B,A,1,2,A
1,3874,True,B,A,2,1,A
1,3875,True,A,B,2,1,A
1,3876,True,B,A,10,1,B
1,3877,True,B,A,3,1,A
1,3878,True,A,B,2,0,A
1,3879,True,B,A,1,1,B
1,3880,True,A,B,2,0,A
1,3881,True,A,B,6,1,B
1,3882,True,B,A,6,1,B
1,3883,True,B,A,2,1,B
1,3884,True,A,B,6,1,B
1,3885,True,A,B,2,0,A
1,3886,True,B,A,2,1,B
1,3887,True,A,B,1,1,A
1,3888,True,B,A,1,2,B
1,3889,True,A,B,2,1,B
1,3890,False,,,,,
1,3891,True,A,B,1,1,B
1,3892,True,B,A,6,1,A
1,3893,True,A,B,1,2,A
1,3894,True,A,B,1,1,B
1,3895,True,B,A,6,1,A
1,3896,True,B,A,2,1,B
1,3897,True,A,B,10,1,B
1,3898,True,A,B,2,1,A
1,3899,True,B,A,2,0,B
1,3900,True,B,A,10,1,A
1,3901,True,B,A,1,1,B
1,3902,True,A,B,0,1,B
1,3903,True,A,B,2,0,A
1,3904,True,A,B,0,1,B
1,3905,True,B,A,2,0,B
1,3906,True,A,B,0,1,B
1,3907,True,B,A,10,1,A
1,3908,True,A,B,2,1,A
1,3909,True,B,A,1,1,A
1,3910,True,A,B,1,1,A
1,3911,True,B,A,2,1,A
1,3912,True,A,B,2,1,B
1,3913,True,A,B,2,0,B
1,3914,True,B,A,2,1,B
1,3915,True,B,A,10,1,B
1,3916,True,B,A,1,1,B
1,3917,True,A,B,0,1,A
1,3918,True,A,B,0,1,B
1,3919,True,B,A,10,1,B
1,3920,True,A,B,1,2,B
1,3921,True,B,A,4,1,A
1,3922,True,B,A,2,1,B
1,3923,True,A,B,3,1,A
1,3924,True,A,B,1,1,B
1,3925,True,B,A,3,1,A
1,3926,True,B,A,4,1,B
1,3927,True,A,B,1,2,A
1,3928,True,A,B,1,1,B
1,3929,True,B,A,10,1,A
1,3930,True,A,B,0,1,A
1,3931,True,B,A,6,1,A
1,3932,True,B,A,4,1,A
1,3933,True,B,A,10,1,A
1,3934,True,A,B,3,1,B
1,3935,True,A,B,0,1,B
1,3936,True,B,A,6,1,B
1,3937,True,B,A,6,1,B
1,3938,True,A,B,3,1,B
1,3939,True,A,B,1,2,B
1,3940,False,,,,,
1,3941,True,B,A,0,1,A
1,3942,True,B,A,0,1,A
1,3943,True,B,A,2,1,A
1,3944,True,B,A,3,1,A
1,3945,True,A,B,2,1,B
1,3946,True,A,B,1,1,B
1,3947,True,B,A,2,1,B
1,3948,True,B,A,4,1,B
1,3949,True,A,B,6,1,B
1,3950,True,B,A,0,1,A
1,3951,True,B,A,0,1,A
1,3952,True,B,A,0,1,B
1,3953,True,A,B,1,1,B
1,3954,True,A,B,0,1,A
1,3955,True,B,A,10,1,B
1,3956,True,A,B,1,2,B
1,3957,True,A,B,2,1,A
1,3958,True,B,A,4,1,B
1,3959,True,B,A,1,2,B
1,3960,True,A,B,2,1,A
1,3961,True,A,B,1,1,B
1,3962,True,B,A,4,1,A
1,3963,True,B,A,6,1,A
1,3964,True,B,A,6,1,A
1,3965,True,B,A,2,1,B
1,3966,True,A,B,10,1,A
1,3967,True,A,B,3,1,B
1,3968,True,A,B,2,0,B
1,3969,True,B,A,2,1,B
1,3970,True,B,A,3,1,B
1,3971,True,B,A,2,1,B
1,3972,True,B,A,4,1,A
1,3973,True,B,A,6,1,A
1,3974,True,A,B,6,1,B
1,3975,True,A,B,10,1,B
1,3976,True,A,B,2,1,A
1,3977,True,B,A,10,1,B
1,3978,True,B,A,0,1,B
1,3979,True,A,B,3,1,A
1,3980,True,A,B,2,0,A
1,3981,True,B,A,1,2,B
1,3982,True,B,A,2,0,A
1,3983,True,A,B,4,1,A
1,3984,True,B,A,6,1,B
1,3985,True,B,A,1,1,A
1,3986,True,B,A,2,1,A
1,3987,True,A,B,6,1,A
1,3988,True,B,A,2,0,B
1,3989,True,A,B,3,1,A
1,3990,True,B,A,2,0,B
1,3991,True,B,A,0,1,A
1,3992,True,A,B,10,1,B
1,3993,True,B,A,0,1,A
1,3994,True,A,B,6,1,A
1,3995,True,B,A,1,2,B
1,3996,True,A,B,6,1,B
1,3997,True,B,A,6,1,B
1,3998,True,B,A,6,1,A
1,3999,True,B,A,1,2,B
1,4000,True,B,A,1,1,B
1,4001,True,A,B,1,1,B
1,4002,True,A,B,6,1,B
1,4003,True,B,A,2,1,B
1,4004,True,A,B,6,1,A
1,4005,True,B,A,4,1,A
1,4006,True,A,B,2,0,B
1,4007,True,A,B,2,1,A
1,4008,True,B,A,2,0,A
1,4009,True,A,B,1,2,A
1,4010,True,A,B,2,1,A
1,4011,True,B,A,10,1,A
1,4012,True,A,B,4,1,A
1,4013,True,A,B,1,2,A
1,4014,False,,,,,
1,4015,True,B,A,1,1,A
1,4016,True,B,A,2,1,B
1,4017,True,B,A,2,1,A
1,4018,True,B,A,1,1,A
1,4019,True,B,A,1,2,B
1,4020,True,A,B,1,2,A
1,4021,True,B,A,2,0,A
1,4022,True,B,A,1,2,A
1,4023,True,B,A,2,1,A
1,4024,True,B,A,2,1,A
1,4025,True,A,B,6,1,B
1,4026,True,A,B,4,1,B
1,4027,True,B,A,10,1,A
1,4028,True,B,A,2,0,A
1,4029,True,A,B,6,1,A
1,4030,True,B,A,6,1,B
1,4031,True,A,B,6,1,A
1,4032,True,B,A,1,2,B
1,4033,True,A,B,4,1,A
1,4034,True,B,A,4,1,B
1,4035,True,B,A,10,1,A
1,4036,True,B,A,2,1,B
1,4037,True,A,B,1,1,A
1,4038,True,A,B,1,2,B
1,4039,True,A,B,1,1,B
1,4040,True,B,A,4,1,B
1,4041,True,B,A,3,1,B
1,4042,True,A,B,2,1,B
1,4043,True,A,B,3,1,B
1,4044,True,A,B,1,2,B
1,4045,True,B,A,2,0,A
1,4046,True,B,A,4,1,B
1,4047,True,B,A,1,1,A
1,4048,True,B,A,2,0,A
1,4049,True,A,B,4,1,A
1,4050,True,A,B,2,0,B
1,4051,True,B,A,1,1,A
1,4052,True,A,B,6,1,A
1,4053,True,B,A,0,1,B
1,4054,True,A,B,0,1,B
1,4055,True,B,A,4,1,B
1,4056,True,A,B,2,0,A
1,4057,True,B,A,10,1,A
1,4058,True,B,A,2,0,B
1,4059,True,B,A,6,1,B
1,4060,True,B,A,3,1,A
1,4061,True,B,A,1,2,B
1,4062,True,A,B,1,1,B
1,4063,True,B,A,1,2,B
1,4064,True,B,A,0,1,B
1,4065,True,A,B,6,1,B
1,4066,True,B,A,2,1,B
1,4067,True,A,B,6,1,A
1,4068,True,A,B,3,1,B
1,4069,True,B,A,0,1,B
1,4070,True,A,B,2,1,A
1,4071,True,B,A,6,1,B
1,4072,True,B,A,10,1,A
1,4073,True,B,A,10,1,A
1,4074,True,B,A,3,1,A
1,4075,True,A,B,10,1,B
1,4076,True,B,A,10,1,A
1,4077,True,B,A,2,1,A
1,4078,True,B,A,6,1,B
1,4079,True,A,B,1,1,A
1,4080,True,B,A,2,0,B
1,4081,True,B,A,2,0,B
1,4082,True,A,B,2,1,A
1,4083,True,A,B,4,1,A
1,4084,True,A,B,10,1,A
1,4085,True,A,B,4,1,B
1,4086,True,A,B,1,2,B
1,4087,True,B,A,2,1,B
1,4088,True,A,B,4,1,A
1,4089,True,A,B,2,1,B
1,4090,True,B,A,2,1,B
1,4091,True,B,A,2,1,B
1,4092,True,B,A,0,1,A
1,4093,True,A,B,3,1,B
1,4094,True,B,A,10,1,A
1,4095,True,A,B,10,1,A
1,4096,True,B,A,3,1,B
1,4097,True,A,B,0,1,A
1,4098,True,B,A,10,1,A
1,4099,True,B,A,2,0,A
1,4100,True,B,A,2,1,A
1,4101,True,B,A,6,1,A
1,4102,True,A,B,4,1,B
1,4103,True,A,B,2,0,A
1,4104,True,B,A,3,1,B
1,4105,True,B,A,4,1,A
1,4106,True,A,B,4,1,B
1,4107,True,B,A,4,1,A
1,4108,True,A,B,10,1,B
1,4109,True,B,A,3,1,A
1,4110,True,A,B,2,1,B
1,4111,True,A,B,4,1,A
1,4112,True,A,B,1,2,A
1,4113,True,A,B,2,1,B
1,4114,True,A,B,2,0,B
1,4115,True,A,B,6,1,A
1,4116,True,A,B,1,1,B
1,4117,True,B,A,10,1,B
1,4118,True,B,A,1,2,B
1,4119,True,A,B,6,1,B
1,4120,True,A,B,6,1,A
1,4121,True,A,B,1,1,B
1,4122,True,A,B,2,0,B
1,4123,True,B,A,3,1,A
1,4124,True,A,B,4,1,B
1,4125,True,A,B,10,1,A
1,4126,True,A,B,2,0,A
1,4127,True,A,B,2,1,A
1,4128,True,B,A,10,1,A
1,4129,True,A,B,2,1,B
1,4130,True,A,B,0,1,B
1,4131,True,A,B,3,1,B
1,4132,True,A,B,6,1,B
1,4133,True,A,B,2,0,A
1,4134,True,B,A,1,1,A
1,4135,True,A,B,0,1,B
1,4136,True,A,B,2,1,B
1,4137,True,A,B,1,2,B
1,4138,True,B,A,0,1,A
1,4139,True,B,A,1,2,B
1,4140,True,A,B,2,1,A
1,4141,True,A,B,0,1,A
1,4142,True,A,B,1,1,B
1,4143,True,B,A,2,1,B
1,4144,True,A,B,0,1,A
1,4145,True,B,A,10,1,A
1,4146,True,A,B,1,1,B
1,4147,True,B,A,3,1,B
1,4148,True,B,A,2,0,B
1,4149,True,B,A,4,1,B
1,4150,True,B,A,6,1,A
1,4151,True,A,B,4,1,B
1,4152,True,B,A,10,1,A
1,4153,True,B,A,0,1,A
1,4154,True,A,B,4,1,A
1,4155,True,A,B,1,2,A
1,4156,True,B,A,10,1,A
1,4157,True,A,B,1,1,B
1,4158,True,B,A,2,0,B
1,4159,True,A,B,10,1,A
1,4160,True,B,A,1,1,B
1,4161,True,A,B,0,1,B
1,4162,True,B,A,10,1,A
1,4163,True,B,A,2,0,A
1,4164,True,B,A,3,1,B
1,4165,True,B,A,2,1,B
1,4166,True,A,B,4,1,A
1,4167,True,B,A,3,1,B
1,4168,True,B,A,6,1,A
1,4169,True,B,A,2,1,A
1,4170,True,A,B,10,1,B
1,4171,True,A,B,4,1,A
1,4172,True,A,B,2,0,B
1,4173,True,A,B,10,1,A
1,4174,True,B,A,4,1,A
1,4175,True,B,A,1,2,B
1,4176,True,A,B,2,1,B
1,4177,True,A,B,4,1,A
1,4178,True,B,A,2,0,A
1,4179,True,A,B,1,1,B
1,4180,True,A,B,2,1,A
1,4181,True,A,B,2,0,B
1,4182,True,A,B,6,1,A
1,4183,True,A,B,10,1,A
1,4184,True,B,A,4,1,B
1,4185,True,A,B,4,1,A
1,4186,True,A,B,1,1,B
1,4187,True,A,B,6,1,B
1,4188,True,B,A,1,1,B
1,4189,True,A,B,1,2,A
1,4190,True,A,B,0,1,B
1,4191,True,B,A,1,1,B
1,4192,True,A,B,2,0,B
1,4193,True,A,B,1,1,A
1,4194,True,A,B,6,1,A
1,4195,True,B,A,2,1,B
1,4196,True,B,A,10,1,A
1,4197,True,B,A,10,1,B
1,4198,True,B,A,10,1,B
1,4199,True,B,A,1,2,B
1,4200,True,B,A,4,1,A
1,4201,True,A,B,10,1,A
1,4202,True,B,A,3,1,A
1,4203,True,B,A,4,1,A
1,4204,True,A,B,3,1,A
1,4205,True,A,B,3,1,B
1,4206,True,A,B,1,1,A
1,4207,True,A,B,1,1,A
1,4208,True,B,A,1,2,B
1,4209,True,A,B,6,1,B
1,4210,True,A,B,3,1,B
1,4211,True,B,A,2,0,B
1,4212,True,A,B,6,1,A
1,4213,True,A,B,6,1,A
1,4214,True,B,A,2,1,A
1,4215,True,A,B,1,2,B
1,4216,True,A,B,6,1,B
1,4217,True,A,B,0,1,A
1,4218,True,B,A,4,1,A
1,4219,True,B,A,1,2,B
1,4220,True,A,B,1,1,A
1,4221,True,A,B,2,1,A
1,4222,True,B,A,2,1,B
1,4223,True,A,B,10,1,B
1,4224,True,B,A,10,1,B
1,4225,True,A,B,6,1,B
1,4226,True,A,B,0,1,A
1,4227,True,A,B,1,1,B
1,4228,True,A,B,2,1,B
1,4229,True,B,A,4,1,A
1,4230,True,A,B,6,1,B
1,4231,True,B,A,1,1,B
1,4232,True,A,B,3,1,B
1,4233,True,B,A,2,1,A
1,4234,True,B,A,10,1,A
1,4235,True,A,B,3,1,A
1,4236,True,B,A,0,1,A
1,4237,True,B,A,10,1,A
1,4238,True,A,B,2,1,B
1,4239,True,A,B,0,1,A
1,4240,True,B,A,1,1,B
1,4241,True,B,A,3,1,A
1,4242,True,A,B,2,1,A
1,4243,True,A,B,1,1,B
1,4244,True,A,B,4,1,B
1,4245,True,A,B,2,0,A
1,4246,True,A,B,0,1,A
1,4247,True,A,B,1,1,B
1,4248,True,A,B,1,1,B
1,4249,True,A,B,2,0,A
1,4250,True,A,B,2,1,B
1,4251,True,B,A,2,0,A
1,4252,True,B,A,2,1,A
1,4253,True,A,B,6,1,A
1,4254,True,A,B,1,1,A
1,4255,True,B,A,6,1,B
1,4256,True,A,B,1,2,B
1,4257,True,A,B,2,0,B
1,4258,True,A,B,1,1,B
1,4259,True,B,A,2,1,B
1,4260,True,B,A,1,2,A
1,4261,True,B,A,0,1,B
1,4262,True,B,A,1,1,A
1,4263,True,B,A,1,1,A
1,4264,True,B,A,6,1,B
1,4265,True,A,B,0,1,B
1,4266,True,A,B,2,1,A
1,4267,True,A,B,3,1,B
1,4268,True,B,A,3,1,A
1,4269,True,A,B,0,1,A
1,4270,True,B,A,10,1,B
1,4271,True,A,B,6,1,A
1,4272,True,A,B,6,1,A
1,4273,True,A,B,0,1,A
1,4274,True,A,B,3,1,B
1,4275,True,A,B,2,1,B
1,4276,True,A,B,2,1,B
1,4277,True,B,A,3,1,B
1,4278,True,A,B,2,0,B
1,4279,True,A,B,3,1,A
1,4280,True,B,A,6,1,A
1,4281,True,A,B,6,1,A
1,4282,True,A,B,2,0,A
1,4283,True,B,A,3,1,B
1,4284,True,A,B,3,1,A
1,4285,True,A,B,2,1,B
1,4286,True,B,A,1,2,B
1,4287,True,B,A,2,1,B
1,4288,True,A,B,0,1,B
1,4289,True,B,A,6,1,A
1,4290,True,A,B,1,1,B
1,4291,True,A,B,3,1,A
1,4292,True,B,A,6,1,B
1,4293,True,A,B,1,2,A
1,4294,True,B,A,10,1,B
1,4295,True,A,B,3,1,B
1,4296,True,A,B,1,1,A
1,4297,True,B,A,10,1,A
1,4298,True,A,B,6,1,B
1,4299,True,A,B,2,1,A
1,4300,True,B,A,1,1,A
1,4301,True,B,A,0,1,A
1,4302,True,A,B,0,1,B
1,4303,True,A,B,1,1,B
1,4304,True,B,A,2,1,A
1,4305,True,B,A,2,0,B
1,4306,True,A,B,4,1,A
1,4307,True,B,A,6,1,B
1,4308,True,B,A,2,1,B
1,4309,True,B,A,0,1,B
1,4310,True,A,B,4,1,A
1,4311,True,B,A,6,1,B
1,4312,True,B,A,3,1,B
1,4313,True,A,B,4,1,A
1,4314,True,A,B,0,1,B
1,4315,True,A,B,0,1,A
1,4316,True,A,B,10,1,B
1,4317,True,B,A,6,1,A
1,4318,True,A,B,10,1,B
1,4319,True,A,B,10,1,B
1,4320,True,B,A,2,1,B
1,4321,True,B,A,1,1,A
1,4322,True,B,A,2,1,B
1,4323,True,B,A,6,1,B
1,4324,True,A,B,10,1,A
1,4325,True,B,A,4,1,A
1,4326,True,A,B,0,1,A
1,4327,True,A,B,3,1,A
1,4328,True,A,B,2,1,B
1,4329,True,B,A,2,1,A
1,4330,True,A,B,0,1,A
1,4331,True,A,B,3,1,B
1,4332,True,A,B,0,1,A
1,4333,True,A,B,1,1,A
1,4334,True,B,A,1,1,B
1,4335,True,A,B,0,1,A
1,4336,True,A,B,2,1,A
1,4337,True,A,B,2,0,A
1,4338,True,A,B,10,1,B
1,4339,True,A,B,6,1,A
1,4340,True,A,B,1,1,B
1,4341,True,B,A,0,1,A
1,4342,True,B,A,6,1,A
1,4343,True,A,B,4,1,B
1,4344,True,A,B,2,1,A
1,4345,True,B,A,6,1,A
1,4346,True,A,B,10,1,A
1,4347,True,B,A,1,1,B
1,4348,True,B,A,3,1,B
1,4349,True,A,B,0,1,A
1,4350,True,B,A,2,0,B
1,4351,True,B,A,1,2,A
1,4352,True,A,B,1,1,B
1,4353,True,B,A,4,1,A
1,4354,True,A,B,3,1,A
1,4355,True,A,B,6,1,B
1,4356,True,A,B,10,1,A
1,4357,True,A,B,1,1,B
1,4358,True,A,B,1,1,B
1,4359,True,A,B,10,1,A
1,4360,True,A,B,1,1,A
1,4361,True,A,B,1,1,B
1,4362,True,B,A,2,1,A
1,4363,True,A,B,4,1,A
1,4364,True,B,A,1,2,B
1,4365,True,A,B,1,1,B
1,4366,True,A,B,0,1,B
1,4367,True,A,B,0,1,B
1,4368,True,B,A,1,1,A
1,4369,True,A,B,1,1,A
1,4370,True,B,A,0,1,A
1,4371,True,B,A,0,1,A
1,4372,True,A,B,1,1,B
1,4373,True,A,B,0,1,A
1,4374,True,A,B,4,1,A
1,4375,True,B,A,10,1,A
1,4376,True,B,A,10,1,A
1,4377,True,A,B,2,0,A
1,4378,True,A,B,2,1,A
1,4379,True,B,A,2,0,B
1,4380,True,B,A,10,1,A
1,4381,True,A,B,3,1,A
1,4382,True,B,A,10,1,A
1,4383,True,A,B,6,1,B
1,4384,True,A,B,1,1,A
1,4385,True,A,B,1,2,B
1,4386,True,B,A,2,1,A
1,4387,True,B,A,0,1,A
1,4388,True,A,B,4,1,B
1,4389,True,A,B,2,0,B
1,4390,True,B,A,2,1,A
1,4391,True,A,B,2,1,A
1,4392,True,B,A,2,1,A
1,4393,True,B,A,1,1,A
1,4394,True,B,A,10,1,A
1,4395,True,A,B,6,1,A
1,4396,True,B,A,4,1,B
1,4397,True,B,A,3,1,A
1,4398,True,A,B,4,1,B
1,4399,True,A,B,4,1,B
1,4400,True,A,B,1,1,B
1,4401,True,B,A,1,1,B
1,4402,True,B,A,2,1,A
1,4403,True,A,B,10,1,B
1,4404,True,A,B,3,1,B
1,4405,True,B,A,10,1,B
1,4406,True,B,A,1,1,B
1,4407,True,B,A,3,1,A
1,4408,True,A,B,0,1,A
1,4409,True,B,A,6,1,A
1,4410,True,B,A,4,1,A
1,4411,True,A,B,1,1,B
1,4412,True,A,B,1,2,B
1,4413,True,A,B,1,2,B
1,4414,True,A,B,2,1,B
1,4415,True,B,A,0,1,A
1,4416,True,A,B,4,1,A
1,4417,True,B,A,6,1,A
1,4418,True,B,A,10,1,A
1,4419,True,B,A,0,1,B
1,4420,True,B,A,10,1,B
1,4421,True,B,A,1,2,A
1,4422,True,B,A,1,2,B
1,4423,True,B,A,10,1,B
1,4424,True,B,A,1,2,B
1,4425,True,B,A,3,1,B
1,4426,True,B,A,6,1,B
1,4427,True,B,A,1,1,A
1,4428,True,A,B,4,1,A
1,4429,True,A,B,6,1,B
1,4430,True,A,B,2,0,A
1,4431,True,B,A,0,1,B
1,4432,True,A,B,2,0,B
1,4433,True,A,B,1,2,A
1,4434,True,A,B,0,1,B
1,4435,True,B,A,4,1,B
1,4436,True,B,A,6,1,A
1,4437,True,A,B,4,1,A
1,4438,True,A,B,0,1,B
1,4439,True,B,A,1,2,A
1,4440,True,A,B,0,1,B
1,4441,True,A,B,10,1,B
1,4442,True,A,B,4,1,A
1,4443,True,B,A,4,1,A
1,4444,True,A,B,1,1,B
1,4445,True,B,A,3,1,B
1,4446,True,A,B,6,1,A
1,4447,True,B,A,10,1,B
1,4448,True,B,A,1,1,B
1,4449,True,B,A,0,1,A
1,4450,True,B,A,6,1,A
1,4451,True,A,B,2,0,A
1,4452,True,A,B,1,1,B
1,4453,True,A,B,2,0,B
1,4454,True,B,A,3,1,B
1,4455,True,B,A,1,2,B
1,4456,True,A,B,4,1,A
1,4457,True,B,A,10,1,B
1,4458,True,B,A,6,1,A
1,4459,True,A,B,2,0,A
1,4460,True,B,A,0,1,A
1,4461,True,A,B,2,1,A
1,4462,True,B,A,2,1,B
1,4463,True,B,A,10,1,A
1,4464,True,B,A,4,1,B
1,4465,True,B,A,10,1,B
1,4466,True,B,A,6,1,A
1,4467,True,A,B,3,1,A
1,4468,True,B,A,3,1,A
1,4469,True,B,A,1,2,A
1,4470,True,A,B,1,2,A
1,4471,True,A,B,2,0,B
1,4472,True,B,A,1,1,A
1,4473,True,B,A,1,1,A
1,4474,False,,,,,
1,4475,True,A,B,2,1,B
1,4476,True,B,A,1,1,B
1,4477,True,A,B,10,1,A
1,4478,True,A,B,2,1,B
1,4479,True,B,A,4,1,B
1,4480,True,A,B,1,1,A
1,4481,True,A,B,0,1,A
1,4482,True,B,A,1,1,B
1,4483,True,B,A,3,1,A
1,4484,True,A,B,3,1,A
1,4485,True,B,A,10,1,B
1,4486,True,A,B,3,1,A
1,4487,True,B,A,1,2,B
1,4488,True,B,A,10,1,A
1,4489,True,B,A,0,1,B
1,4490,True,B,A,10,1,A
1,4491,True,B,A,4,1,B
1,4492,True,A,B,4,1,B
1,4493,True,A,B,1,1,A
1,4494,True,A,B,1,2,A
1,4495,True,B,A,6,1,B
1,4496,True,B,A,4,1,B
1,4497,True,B,A,2,0,B
1,4498,True,B,A,1,2,A
1,4499,True,B,A,2,1,A
1,4500,True,A,B,10,1,A
1,4501,True,A,B,1,1,B
1,4502,True,B,A,2,1,A
1,4503,True,B,A,1,2,A
1,4504,True,A,B,10,1,B
1,4505,True,B,A,10,1,A
1,4506,True,A,B,6,1,B
1,4507,True,A,B,3,1,A
1,4508,True,B,A,0,1,B
1,4509,True,B,A,1,1,A
1,4510,True,B,A,6,1,B
1,4511,True,B,A,2,1,B
1,4512,True,B,A,4,1,B
1,4513,True,B,A,3,1,A
1,4514,True,B,A,10,1,A
1,4515,True,A,B,2,1,A
1,4516,True,A,B,3,1,A
1,4517,True,B,A,0,1,B
1,4518,True,A,B,2,0,A
1,4519,True,A,B,4,1,A
1,4520,True,B,A,4,1,B
1,4521,True,A,B,1,2,A
1,4522,True,A,B,2,1,A
1,4523,True,B,A,6,1,B
1,4524,True,B,A,4,1,A
1,4525,True,B,A,0,1,A
1,4526,True,B,A,3,1,B
1,4527,True,B,A,6,1,B
1,4528,True,B,A,0,1,A
1,4529,True,B,A,0,1,A
1,4530,True,A,B,3,1,B
1,4531,True,A,B,6,1,B
1,4532,True,A,B,4,1,A
1,4533,True,B,A,3,1,A
1,4534,True,B,A,3,1,A
1,4535,True,A,B,2,0,B
1,4536,True,A,B,1,1,B
1,4537,True,B,A,3,1,B
1,4538,True,A,B,6,1,B
1,4539,True,A,B,4,1,B
1,4540,True,A,B,4,1,A
1,4541,True,A,B,2,1,A
1,4542,True,B,A,10,1,B
1,4543,True,A,B,10,1,A
1,4544,True,A,B,4,1,A
1,4545,True,B,A,1,1,B
1,4546,True,B,A,1,2,B
1,4547,True,B,A,1,2,A
1,4548,True,A,B,0,1,A
1,4549,True,A,B,1,1,A
1,4550,True,A,B,2,1,A
1,4551,True,B,A,1,1,A
1,4552,True,B,A,6,1,B
1,4553,True,B,A,0,1,A
1,4554,True,B,A,1,1,B
1,4555,True,B,A,10,1,A
1,4556,True,B,A,10,1,A
1,4557,True,B,A,6,1,A
1,4558,True,A,B,0,1,B
1,4559,True,B,A,1,1,A
1,4560,True,B,A,10,1,A
1,4561,True,B,A,0,1,B
1,4562,True,B,A,1,2,B
1,4563,True,A,B,4,1,A
1,4564,True,A,B,2,1,B
1,4565,True,A,B,6,1,A
1,4566,True,B,A,2,0,A
1,4567,True,B,A,0,1,B
1,4568,True,A,B,0,1,B
1,4569,True,A,B,2,1,A
1,4570,True,B,A,4,1,B
1,4571,True,B,A,10,1,A
1,4572,False,,,,,
1,4573,True,A,B,1,2,B
1,4574,True,A,B,1,2,A
1,4575,True,A,B,0,1,A
1,4576,True,A,B,1,2,B
1,4577,True,A,B,6,1,A
1,4578,True,B,A,2,1,B
1,4579,True,A,B,2,1,A
1,4580,True,B,A,10,1,B
1,4581,True,B,A,6,1,A
1,4582,True,A,B,0,1,B
1,4583,True,B,A,2,1,B
1,4584,True,B,A,2,1,B
1,4585,True,B,A,4,1,B
1,4586,True,B,A,4,1,A
1,4587,True,A,B,3,1,A
1,4588,True,A,B,6,1,B
1,4589,True,A,B,6,1,A
1,4590,True,A,B,2,1,A
1,4591,True,B,A,0,1,B
1,4592,True,B,A,6,1,B
1,4593,True,A,B,6,1,A
1,4594,True,A,B,2,0,B
1,4595,True,B,A,2,1,B
1,4596,True,B,A,1,2,B
1,4597,True,A,B,3,1,A
1,4598,True,B,A,4,1,A
1,4599,True,B,A,2,1,B
1,4600,True,B,A,1,2,B
1,4601,True,B,A,2,1,A
1,4602,True,B,A,6,1,B
1,4603,True,B,A,3,1,B
1,4604,True,A,B,2,1,B
1,4605,True,A,B,2,0,A
1,4606,True,A,B,2,1,B
1,4607,True,B,A,1,2,B
1,4608,True,A,B,3,1,B
1,4609,True,A,B,2,1,A
1,4610,True,B,A,2,1,B
1,4611,True,A,B,1,1,B
1,4612,True,B,A,10,1,B
1,4613,True,A,B,2,0,A
1,4614,True,A,B,2,1,A
1,4615,True,A,B,10,1,A
1,4616,True,B,A,1,1,A
1,4617,True,B,A,0,1,A
1,4618,True,A,B,2,1,A
1,4619,True,A,B,2,1,B
1,4620,True,A,B,10,1,A
1,4621,True,A,B,4,1,A
1,4622,True,B,A,2,1,B
1,4623,True,A,B,1,2,A
1,4624,True,B,A,3,1,B
1,4625,True,A,B,0,1,B
1,4626,True,B,A,2,0,B
1,4627,True,A,B,4,1,A
1,4628,True,B,A,10,1,B
1,4629,True,B,A,3,1,A
1,4630,True,A,B,10,1,B
1,4631,True,B,A,4,1,A
1,4632,True,A,B,6,1,B
1,4633,True,A,B,3,1,A
1,4634,True,A,B,6,1,A
1,4635,True,B,A,1,2,A
1,4636,True,A,B,2,1,B
1,4637,True,B,A,6,1,B
1,4638,True,B,A,0,1,B
1,4639,True,A,B,10,1,B
1,4640,True,B,A,1,2,B
1,4641,True,B,A,2,1,A
1,4642,True,A,B,1,2,A
1,4643,True,A,B,0,1,A
1,4644,True,B,A,3,1,A
1,4645,True,A,B,0,1,A
1,4646,True,B,A,1,1,B
1,4647,True,B,A,10,1,A
1,4648,True,B,A,0,1,B
1,4649,True,B,A,0,1,A
1,4650,True,A,B,6,1,A
1,4651,True,A,B,6,1,A
1,4652,True,A,B,4,1,B
1,4653,True,B,A,6,1,B
1,4654,True,A,B,1,1,B
1,4655,True,B,A,6,1,B
1,4656,True,A,B,6,1,B
1,4657,True,B,A,6,1,B
1,4658,True,B,A,6,1,B
1,4659,True,A,B,1,2,B
1,4660,True,A,B,2,1,A
1,4661,True,A,B,0,1,B
1,4662,True,B,A,4,1,A
1,4663,True,A,B,2,1,B
1,4664,True,B,A,0,1,A
1,4665,True,B,A,10,1,B
1,4666,True,B,A,3,1,B
1,4667,True,A,B,2,1,B
1,4668,True,B,A,2,1,B
1,4669,True,B,A,4,1,A
1,4670,True,A,B,1,2,B
1,4671,True,A,B,1,1,B
1,4672,True,A,B,1,2,B
1,4673,True,B,A,2,0,A
1,4674,True,A,B,2,1,B
1,4675,True,B,A,2,1,A
1,4676,True,B,A,1,2,B
1,4677,True,B,A,4,1,B
1,4678,True,B,A,10,1,B
1,4679,True,B,A,1,2,B
1,4680,True,B,A,0,1,B
1,4681,True,B,A,0,1,A
1,4682,True,A,B,6,1,A
1,4683,True,A,B,10,1,B
1,4684,True,B,A,4,1,A
1,4685,True,A,B,10,1,B
1,4686,True,B,A,3,1,A
1,4687,True,B,A,10,1,B
1,4688,True,A,B,1,2,A
1,4689,True,A,B,4,1,B
1,4690,True,A,B,6,1,A
1,4691,True,A,B,0,1,A
1,4692,True,A,B,4,1,B
1,4693,True,B,A,2,1,B
1,4694,True,B,A,10,1,B
1,4695,True,A,B,2,0,B
1,4696,True,A,B,1,2,A
1,4697,True,A,B,3,1,A
1,4698,True,B,A,6,1,B
1,4699,True,B,A,2,1,A
1,4700,True,A,B,3,1,B
1,4701,True,B,A,2,1,B
1,4702,True,A,B,1,2,A
1,4703,True,A,B,4,1,B
1,4704,True,A,B,1,2,A
1,4705,True,B,A,4,1,B
1,4706,True,B,A,1,2,B
1,4707,True,A,B,3,1,A
1,4708,True,B,A,3,1,B
1,4709,True,A,B,1,1,B
1,4710,True,B,A,2,1,B
1,4711,True,A,B,1,1,A
1,4712,True,A,B,10,1,B
1,4713,True,B,A,4,1,B
1,4714,True,A,B,4,1,A
1,4715,True,B,A,0,1,B
1,4716,True,B,A,2,1,B
1,4717,True,B,A,10,1,B
1,4718,True,A,B,10,1,B
1,4719,True,B,A,2,0,B
1,4720,True,A,B,1,2,A
1,4721,True,A,B,0,1,A
1,4722,True,B,A,1,2,A
1,4723,True,B,A,3,1,A
1,4724,True,A,B,1,1,B
1,4725,True,B,A,2,0,B
1,4726,True,B,A,6,1,B
1,4727,True,B,A,1,1,B
1,4728,True,B,A,4,1,A
1,4729,True,B,A,2,1,B
1,4730,True,B,A,6,1,B
1,4731,True,B,A,2,0,A
1,4732,True,A,B,0,1,A
1,4733,True,A,B,4,1,A
1,4734,True,A,B,0,1,A
1,4735,True,A,B,10,1,A
1,4736,True,B,A,6,1,B
1,4737,True,A,B,6,1,A
1,4738,True,B,A,4,1,B
1,4739,True,B,A,2,1,B
1,4740,True,A,B,2,0,A
1,4741,True,A,B,1,1,A
1,4742,True,B,A,1,1,B
1,4743,True,A,B,1,2,B
1,4744,True,A,B,6,1,A
1,4745,True,A,B,2,1,B
1,4746,True,B,A,1,1,B
1,4747,True,A,B,1,1,B
1,4748,True,B,A,1,2,B
1,4749,True,A,B,10,1,B
1,4750,True,B,A,10,1,B
1,4751,True,B,A,2,0,B
1,4752,True,A,B,0,1,A
1,4753,True,A,B,4,1,B
1,4754,True,B,A,2,0,B
1,4755,True,A,B,2,0,A
1,4756,True,B,A,1,2,B
1,4757,True,B,A,1,1,B
1,4758,True,A,B,2,1,B
1,4759,True,A,B,4,1,B
1,4760,True,A,B,4,1,A
1,4761,True,A,B,4,1,A
1,4762,True,A,B,2,0,A
1,4763,True,B,A,1,1,A
1,4764,True,B,A,4,1,B
1,4765,True,B,A,6,1,B
1,4766,True,A,B,10,1,A
1,4767,True,B,A,6,1,A
1,4768,True,B,A,0,1,B
1,4769,True,B,A,3,1,B
1,4770,True,A,B,0,1,B
1,4771,True,A,B,2,0,B
1,4772,True,A,B,3,1,B
1,4773,True,A,B,1,2,A
1,4774,True,B,A,10,1,A
1,4775,True,A,B,2,0,A
1,4776,True,A,B,2,1,A
1,4777,True,A,B,4,1,A
1,4778,True,B,A,1,2,B
1,4779,True,A,B,2,1,B
1,4780,True,A,B,1,2,B
1,4781,True,B,A,2,1,B
1,4782,True,A,B,0,1,A
1,4783,True,B,A,0,1,B
1,4784,True,B,A,0,1,A
1,4785,True,A,B,1,2,A
1,4786,True,B,A,2,1,B
1,4787,True,B,A,0,1,B
1,4788,True,B,A,10,1,A
1,4789,True,A,B,2,1,A
1,4790,True,A,B,2,0,B
1,4791,True,A,B,6,1,A
1,4792,True,B,A,1,1,B
1,4793,True,B,A,10,1,A
1,4794,True,B,A,1,2,A
1,4795,True,A,B,6,1,A
1,4796,True,A,B,4,1,A
1,4797,True,A,B,2,1,A
1,4798,True,B,A,6,1,A
1,4799,True,B,A,2,1,A
1,4800,True,A,B,6,1,B
1,4801,True,A,B,2,1,A
1,4802,True,B,A,0,1,B
1,4803,True,B,A,4,1,A
1,4804,True,B,A,2,1,A
1,4805,True,A,B,4,1,A
1,4806,True,B,A,2,1,B
1,4807,True,B,A,0,1,A
1,4808,True,B,A,0,1,A
1,4809,True,B,A,0,1,A
1,4810,True,B,A,2,0,B
1,4811,True,B,A,6,1,B
1,4812,True,B,A,6,1,B
1,4813,True,B,A,0,1,A
1,4814,True,B,A,2,1,A
1,4815,True,A,B,2,1,B
1,4816,True,A,B,1,2,B
1,4817,True,A,B,4,1,B
1,4818,True,A,B,3,1,A
1,4819,True,B,A,10,1,B
1,4820,True,A,B,4,1,A
1,4821,True,A,B,1,2,A
1,4822,True,A,B,4,1,B
1,4823,True,B,A,0,1,B
1,4824,True,A,B,6,1,B
1,4825,True,A,B,1,2,B
1,4826,True,B,A,6,1,A
1,4827,True,A,B,0,1,A
1,4828,True,A,B,6,1,A
1,4829,True,B,A,3,1,B
1,4830,True,B,A,6,1,B
1,4831,True,A,B,2,0,A
1,4832,True,B,A,1,2,B
1,4833,True,A,B,0,1,A
1,4834,True,A,B,10,1,B
1,4835,True,A,B,2,0,B
1,4836,True,B,A,3,1,B
1,4837,True,A,B,10,1,A
1,4838,True,A,B,1,1,B
1,4839,True,A,B,3,1,A
1,4840,True,B,A,1,2,A
1,4841,True,A,B,1,1,B
1,4842,True,A,B,4,1,B
1,4843,True,A,B,0,1,B
1,4844,True,B,A,2,0,A
1,4845,True,A,B,2,0,B
1,4846,True,A,B,2,0,B
1,4847,True,A,B,6,1,A
1,4848,True,B,A,10,1,B
1,4849,True,A,B,6,1,B
1,4850,True,A,B,1,2,B
1,4851,True,A,B,1,1,B
1,4852,True,B,A,2,0,B
1,4853,True,B,A,3,1,B
1,4854,True,A,B,2,1,A
1,4855,True,A,B,10,1,B
1,4856,True,A,B,2,1,A
1,4857,True,A,B,2,0,B
1,4858,True,A,B,0,1,A
1,4859,True,A,B,3,1,B
1,4860,True,A,B,1,2,A
1,4861,True,B,A,1,2,B
1,4862,True,B,A,10,1,A
1,4863,True,A,B,0,1,B
1,4864,True,A,B,2,0,A
1,4865,True,B,A,0,1,B
1,4866,True,A,B,1,1,B
1,4867,True,A,B,3,1,A
1,4868,True,B,A,1,1,B
1,4869,True,A,B,3,1,A
1,4870,True,B,A,1,1,A
1,4871,True,A,B,3,1,A
1,4872,True,B,A,2,0,B
1,4873,True,B,A,10,1,A
1,4874,True,B,A,2,0,A
1,4875,True,B,A,10,1,B
1,4876,True,B,A,0,1,A
1,4877,True,A,B,4,1,A
1,4878,True,B,A,1,1,B
1,4879,True,B,A,6,1,A
1,4880,True,B,A,10,1,A
1,4881,True,B,A,2,0,A
1,4882,True,A,B,2,0,A
1,4883,True,A,B,2,1,A
1,4884,True,B,A,2,1,B
1,4885,True,A,B,1,2,A
1,4886,True,B,A,6,1,B
1,4887,True,B,A,2,0,A
1,4888,True,B,A,3,1,B
1,4889,True,A,B,4,1,A
1,4890,True,B,A,4,1,B
1,4891,True,B,A,6,1,A
1,4892,True,A,B,10,1,A
1,4893,True,A,B,1,1,B
1,4894,True,B,A,3,1,A
1,4895,True,A,B,6,1,A
1,4896,True,A,B,6,1,A
1,4897,True,B,A,1,2,B
1,4898,True,A,B,4,1,A
1,4899,True,A,B,1,2,A
1,4900,True,A,B,2,0,A
1,4901,True,A,B,3,1,B
1,4902,True,B,A,1,2,A
1,4903,True,B,A,1,2,A
1,4904,True,A,B,0,1,A
1,4905,True,A,B,3,1,A
1,4906,True,A,B,2,0,B
1,4907,True,A,B,2,0,A
1,4908,True,B,A,1,1,A
1,4909,True,A,B,0,1,A
1,4910,True,B,A,6,1,A
1,4911,True,B,A,6,1,B
1,4912,True,B,A,2,1,B
1,4913,False,,,,,
1,4914,True,A,B,1,2,A
1,4915,True,A,B,2,1,A
1,4916,True,A,B,2,0,A
1,4917,True,A,B,2,1,B
1,4918,True,B,A,2,0,A
1,4919,True,A,B,10,1,A
1,4920,True,A,B,2,0,B
1,4921,True,B,A,1,2,B
1,4922,True,A,B,4,1,A
1,4923,True,B,A,10,1,B
1,4924,True,A,B,1,2,A
1,4925,True,B,A,1,2,B
1,4926,True,A,B,0,1,A
1,4927,True,B,A,1,2,A
1,4928,True,B,A,1,1,B
1,4929,True,B,A,4,1,B
1,4930,True,A,B,1,1,B
1,4931,True,A,B,1,2,A
1,4932,True,B,A,2,1,A
1,4933,True,A,B,1,1,B
1,4934,True,B,A,1,1,B
1,4935,True,A,B,2,1,A
1,4936,True,B,A,10,1,A
1,4937,True,A,B,10,1,A
1,4938,True,A,B,1,2,B
1,4939,True,B,A,1,2,B
1,4940,True,B,A,6,1,A
1,4941,True,B,A,4,1,A
1,4942,True,B,A,0,1,A
1,4943,True,B,A,2,0,A
1,4944,True,B,A,10,1,B
1,4945,True,A,B,1,1,A
1,4946,True,A,B,1,1,B
1,4947,True,A,B,1,1,A
1,4948,True,B,A,4,1,B
1,4949,True,A,B,2,1,A
1,4950,True,B,A,0,1,B
1,4951,True,B,A,1,1,B
1,4952,True,A,B,1,2,A
1,4953,True,B,A,2,0,B
1,4954,True,B,A,10,1,B
1,4955,True,B,A,4,1,B
1,4956,True,A,B,10,1,A
1,4957,True,B,A,0,1,B
1,4958,True,B,A,2,1,B
1,4959,True,B,A,0,1,A
1,4960,True,B,A,2,1,B
1,4961,True,B,A,0,1,B
1,4962,True,B,A,10,1,B
1,4963,True,B,A,3,1,A
1,4964,True,B,A,2,1,B
1,4965,True,B,A,3,1,B
1,4966,True,A,B,1,1,A
1,4967,True,A,B,2,1,B
1,4968,True,B,A,4,1,B
1,4969,True,B,A,1,2,B
1,4970,True,B,A,1,1,B
1,4971,True,A,B,0,1,A
1,4972,True,A,B,2,0,A
1,4973,True,A,B,3,1,A
1,4974,True,B,A,1,2,B
1,4975,True,B,A,4,1,A
1,4976,True,B,A,3,1,A
1,4977,True,B,A,2,1,A
1,4978,True,A,B,10,1,A
1,4979,True,A,B,2,0,A
1,4980,True,B,A,6,1,B
1,4981,True,A,B,2,0,B
1,4982,True,A,B,1,2,B
1,4983,True,B,A,1,2,A
1,4984,True,B,A,1,1,B
1,4985,True,A,B,1,1,A
1,4986,True,A,B,6,1,A
1,4987,True,A,B,2,1,A
1,4988,True,A,B,2,1,A
1,4989,True,B,A,10,1,B
1,4990,True,A,B,10,1,A
1,4991,True,A,B,6,1,A
1,4992,True,B,A,3,1,A
1,4993,True,A,B,6,1,B
1,4994,True,A,B,3,1,A
1,4995,True,A,B,10,1,B
1,4996,True,A,B,3,1,A
1,4997,True,A,B,4,1,A
1,4998,True,A,B,1,2,A
1,4999,True,B,A,0,1,B
1,5000,True,A,B,4,1,B
1,5001,True,B,A,2,0,B
1,5002,True,A,B,1,2,A
1,5003,True,A,B,10,1,A
1,5004,True,B,A,2,1,B
1,5005,True,A,B,10,1,A
1,5006,True,A,B,2,0,A
1,5007,True,A,B,1,2,A
1,5008,True,B,A,6,1,B
1,5009,True,B,A,2,0,B
1,5010,True,B,A,1,1,B
1,5011,True,B,A,3,1,B
1,5012,True,A,B,2,1,B
1,5013,True,B,A,1,2,B
1,5014,True,B,A,3,1,B
1,5015,True,B,A,1,2,B
1,5016,True,A,B,2,1,A
1,5017,True,B,A,1,2,B
1,5018,True,A,B,10,1,A
1,5019,True,B,A,6,1,A
1,5020,True,A,B,2,1,A
1,5021,True,B,A,6,1,B
1,5022,True,A,B,4,1,A
1,5023,True,B,A,4,1,B
1,5024,True,A,B,0,1,A
1,5025,True,B,A,4,1,B
1,5026,True,B,A,1,1,B
1,5027,True,B,A,1,2,A
1,5028,True,B,A,2,1,B
1,5029,True,B,A,2,0,A
1,5030,True,B,A,2,0,B
1,5031,True,B,A,6,1,B
1,5032,True,A,B,2,1,B
1,5033,True,A,B,0,1,B
1,5034,True,A,B,4,1,A
1,5035,True,A,B,3,1,A
1,5036,True,B,A,1,2,B
1,5037,True,A,B,0,1,A
1,5038,True,A,B,3,1,A
1,5039,True,A,B,2,1,B
1,5040,True,A,B,4,1,A
1,5041,True,B,A,2,1,B
1,5042,True,A,B,3,1,B
1,5043,True,A,B,2,1,B
1,5044,True,A,B,3,1,B
1,5045,True,B,A,2,0,A
1,5046,True,A,B,3,1,A
1,5047,True,A,B,2,1,A
1,5048,True,B,A,0,1,B
1,5049,True,B,A,6,1,B
1,5050,True,A,B,2,1,A
1,5051,True,A,B,0,1,A
1,5052,True,B,A,3,1,A
1,5053,True,A,B,2,0,B
1,5054,True,A,B,6,1,A
1,5055,True,B,A,1,1,B
1,5056,True,B,A,2,0,A
1,5057,True,A,B,0,1,A
1,5058,True,A,B,3,1,A
1,5059,True,B,A,10,1,B
1,5060,True,A,B,10,1,A
1,5061,True,A,B,2,1,B
1,5062,True,A,B,0,1,B
1,5063,True,B,A,1,1,B
1,5064,True,A,B,0,1,A
1,5065,True,B,A,4,1,B
1,5066,True,A,B,2,1,A
1,5067,True,A,B,2,0,A
1,5068,True,A,B,1,2,B
1,5069,True,B,A,2,1,A
1,5070,True,B,A,10,1,A
1,5071,True,A,B,10,1,A
1,5072,True,A,B,2,0,B
1,5073,True,B,A,1,1,A
1,5074,True,B,A,2,1,B
1,5075,True,B,A,3,1,B
1,5076,True,B,A,10,1,B
1,5077,True,A,B,1,1,A
1,5078,True,A,B,1,1,A
1,5079,True,B,A,6,1,B
1,5080,True,B,A,1,1,B
1,5081,True,A,B,3,1,B
1,5082,True,A,B,6,1,A
1,5083,True,B,A,1,1,A
1,5084,True,B,A,1,2,B
1,5085,True,B,A,0,1,B
1,5086,True,A,B,6,1,A
1,5087,True,A,B,1,2,A
1,5088,True,A,B,2,0,A
1,5089,True,A,B,10,1,B
1,5090,True,B,A,4,1,A
1,5091,True,A,B,1,1,A
1,5092,True,A,B,0,1,A
1,5093,True,B,A,1,2,B
1,5094,True,A,B,1,2,B
1,5095,True,A,B,1,1,A
1,5096,True,A,B,3,1,A
1,5097,True,A,B,2,1,B
1,5098,True,A,B,4,1,A
1,5099,True,B,A,4,1,B
1,5100,True,B,A,6,1,B
1,5101,True,A,B,3,1,A
1,5102,True,A,B,6,1,B
1,5103,True,A,B,6,1,A
1,5104,True,A,B,1,2,A
1,5105,True,B,A,1,1,A
1,5106,True,B,A,2,1,B
1,5107,True,B,A,2,0,A
1,5108,True,B,A,0,1,B
1,5109,True,A,B,1,1,A
1,5110,True,B,A,3,1,B
1,5111,True,B,A,1,2,B
1,5112,True,A,B,1,1,A
1,5113,True,B,A,2,1,A
1,5114,True,A,B,3,1,A
1,5115,True,A,B,1,2,B
1,5116,True,A,B,6,1,A
1,5117,True,B,A,3,1,B
1,5118,True,A,B,1,2,A
1,5119,True,B,A,10,1,B
1,5120,True,B,A,2,1,B
1,5121,True,A,B,3,1,A
1,5122,True,B,A,6,1,B
1,5123,True,A,B,4,1,B
1,5124,True,B,A,10,1,B
1,5125,True,A,B,2,0,B
1,5126,True,A,B,10,1,B
1,5127,True,A,B,1,1,A
1,5128,True,A,B,6,1,B
1,5129,True,A,B,1,1,A
1,5130,True,A,B,2,0,A
1,5131,True,A,B,1,2,A
1,5132,True,A,B,10,1,B
1,5133,True,A,B,2,0,A
1,5134,True,B,A,4,1,B
1,5135,True,B,A,1,2,A
1,5136,True,A,B,4,1,A
1,5137,True,A,B,1,2,A
1,5138,True,B,A,3,1,B
1,5139,True,B,A,2,0,B
1,5140,True,B,A,1,1,B
1,5141,True,B,A,10,1,B
1,5142,True,B,A,6,1,B
1,5143,True,B,A,2,0,B
1,5144,True,B,A,2,1,A
1,5145,True,B,A,4,1,A
1,5146,True,A,B,2,0,B
1,5147,True,B,A,3,1,A
1,5148,True,B,A,6,1,A
1,5149,True,B,A,0,1,B
1,5150,True,B,A,1,1,B
1,5151,True,A,B,4,1,A
1,5152,True,A,B,2,1,A
1,5153,True,B,A,1,1,B
1,5154,True,A,B,4,1,B
1,5155,True,A,B,3,1,A
1,5156,True,B,A,0,1,B
1,5157,True,A,B,3,1,A
1,5158,True,B,A,4,1,B
1,5159,True,A,B,0,1,A
1,5160,True,B,A,3,1,B
1,5161,True,A,B,1,2,A
1,5162,True,A,B,3,1,A
1,5163,True,A,B,0,1,B
1,5164,True,B,A,0,1,B
1,5165,True,B,A,10,1,A
1,5166,True,A,B,2,1,A
1,5167,True,A,B,0,1,A
1,5168,True,B,A,3,1,B
1,5169,True,B,A,2,0,B
1,5170,True,A,B,4,1,A
1,5171,True,B,A,10,1,B
1,5172,True,A,B,1,1,A
1,5173,True,A,B,2,1,A
1,5174,True,A,B,0,1,B
1,5175,True,A,B,0,1,A
1,5176,True,A,B,2,1,A
1,5177,True,B,A,6,1,B
1,5178,True,A,B,2,1,A
1,5179,True,A,B,4,1,A
1,5180,True,A,B,2,1,B
1,5181,True,A,B,6,1,A
1,5182,True,B,A,2,0,B
1,5183,True,B,A,1,1,B
1,5184,True,B,A,1,1,B
1,5185,True,A,B,10,1,A
1,5186,True,B,A,6,1,B
1,5187,True,B,A,1,2,B
1,5188,True,A,B,4,1,A
1,5189,True,B,A,6,1,B
1,5190,True,B,A,10,1,B
1,5191,True,B,A,1,2,B
1,5192,True,B,A,0,1,B
1,5193,True,B,A,1,2,B
1,5194,True,B,A,1,1,B
1,5195,True,A,B,4,1,A
1,5196,True,B,A,1,1,A
1,5197,False,,,,,
1,5198,True,B,A,6,1,B
1,5199,True,A,B,2,1,B
1,5200,True,A,B,10,1,B
1,5201,True,B,A,3,1,B
1,5202,True,A,B,3,1,A
1,5203,True,B,A,0,1,B
1,5204,True,B,A,1,1,B
1,5205,True,B,A,3,1,B
1,5206,True,B,A,1,2,B
1,5207,True,B,A,6,1,B
1,5208,True,A,B,1,2,A
1,5209,True,A,B,10,1,A
1,5210,True,A,B,4,1,A
1,5211,True,B,A,2,1,B
1,5212,True,A,B,2,0,A
1,5213,True,A,B,2,0,B
1,5214,True,B,A,6,1,B
1,5215,True,A,B,4,1,A
1,5216,True,B,A,2,1,B
1,5217,True,A,B,1,1,A
1,5218,True,A,B,10,1,A
1,5219,True,B,A,1,2,B
1,5220,True,A,B,0,1,A
1,5221,True,A,B,1,2,A
1,5222,True,B,A,6,1,B
1,5223,True,B,A,2,1,B
1,5224,True,A,B,4,1,A
1,5225,True,B,A,1,2,B
1,5226,True,B,A,1,1,B
1,5227,True,B,A,2,1,B
1,5228,True,A,B,2,0,A
1,5229,True,B,A,2,0,B
1,5230,True,A,B,6,1,A
1,5231,True,A,B,2,0,A
1,5232,True,B,A,6,1,B
1,5233,True,A,B,4,1,A
1,5234,True,B,A,2,1,B
1,5235,True,A,B,2,1,B
1,5236,True,B,A,2,0,B
1,5237,True,B,A,2,0,B
1,5238,True,A,B,4,1,A
1,5239,True,B,A,1,2,B
1,5240,True,A,B,6,1,A
1,5241,True,B,A,10,1,B
1,5242,True,B,A,3,1,B
1,5243,True,A,B,2,1,A
1,5244,True,B,A,0,1,B
1,5245,True,A,B,1,2,A
1,5246,True,B,A,6,1,B
1,5247,True,A,B,10,1,A
1,5248,True,A,B,0,1,A
1,5249,True,B,A,2,1,A
1,5250,True,B,A,3,1,B
1,5251,True,B,A,4,1,B
1,5252,True,B,A,2,0,B
1,5253,True,A,B,2,0,A
1,5254,True,A,B,2,0,A
1,5255,True,A,B,1,2,A
1,5256,True,A,B,0,1,A
1,5257,True,A,B,1,1,A
1,5258,True,B,A,6,1,B
1,5259,True,A,B,1,2,A
1,5260,True,A,B,2,1,A
1,5261,True,A,B,10,1,A
1,5262,True,A,B,1,1,B
1,5263,True,A,B,2,1,B
1,5264,True,A,B,1,1,A
1,5265,True,A,B,4,1,A
1,5266,True,A,B,2,1,A
1,5267,True,A,B,1,1,A
1,5268,True,A,B,1,2,A
1,5269,True,A,B,6,1,A
1,5270,True,A,B,2,1,A
1,5271,True,B,A,0,1,B
1,5272,True,A,B,4,1,A
1,5273,True,B,A,3,1,A
1,5274,True,A,B,2,1,A
1,5275,True,B,A,0,1,A
1,5276,True,A,B,2,0,A
1,5277,True,A,B,1,2,A
1,5278,True,B,A,2,1,B
1,5279,True,A,B,1,2,A
1,5280,True,A,B,0,1,A
1,5281,True,B,A,10,1,B
1,5282,True,A,B,0,1,A
1,5283,True,A,B,2,0,A
1,5284,True,A,B,3,1,A
1,5285,True,A,B,3,1,A
1,5286,True,B,A,1,1,B
1,5287,True,B,A,0,1,B
1,5288,True,A,B,2,0,A
1,5289,True,B,A,4,1,B
1,5290,True,A,B,2,0,A
1,5291,True,B,A,1,2,B
1,5292,True,B,A,2,0,B
1,5293,True,A,B,10,1,A
1,5294,True,A,B,1,2,A
1,5295,True,A,B,0,1,A
1,5296,True,A,B,0,1,B
1,5297,True,A,B,2,1,A
1,5298,True,B,A,3,1,B
1,5299,True,A,B,3,1,A
1,5300,True,A,B,2,0,B
1,5301,True,A,B,3,1,A
1,5302,True,B,A,10,1,B
1,5303,True,B,A,3,1,B
1,5304,True,B,A,6,1,B
1,5305,True,A,B,0,1,B
1,5306,True,B,A,1,2,B
1,5307,True,A,B,1,1,A
1,5308,True,A,B,10,1,A
1,5309,True,A,B,0,1,A
1,5310,True,A,B,6,1,A
1,5311,True,B,A,4,1,B
1,5312,True,B,A,3,1,B
1,5313,True,A,B,0,1,A
1,5314,True,A,B,1,2,A
1,5315,True,A,B,2,1,A
1,5316,True,B,A,2,1,B
1,5317,True,A,B,1,2,A
1,5318,True,B,A,1,2,B
1,5319,True,A,B,1,1,A
1,5320,True,B,A,1,1,B
1,5321,True,B,A,1,1,A
1,5322,True,A,B,1,2,A
1,5323,True,B,A,10,1,B
1,5324,True,A,B,0,1,A
1,5325,True,B,A,2,1,A
1,5326,True,B,A,2,1,B
1,5327,True,B,A,2,1,B
1,5328,True,B,A,3,1,B
1,5329,True,A,B,10,1,A
1,5330,True,A,B,6,1,B
1,5331,True,B,A,1,1,B
1,5332,True,B,A,10,1,B
1,5333,True,B,A,1,1,B
1,5334,True,A,B,10,1,A
1,5335,True,B,A,6,1,B
1,5336,True,B,A,6,1,B
1,5337,True,B,A,6,1,B
1,5338,True,A,B,2,0,B
1,5339,True,B,A,2,1,B
1,5340,True,A,B,1,2,A
1,5341,True,B,A,2,0,B
1,5342,True,B,A,2,1,B
1,5343,True,B,A,1,2,B
1,5344,True,B,A,1,2,B
1,5345,True,A,B,6,1,A
1,5346,True,A,B,2,1,A
1,5347,True,B,A,2,0,B
1,5348,True,B,A,6,1,B
1,5349,True,B,A,1,2,B
1,5350,True,A,B,6,1,A
1,5351,True,A,B,2,0,A
1,5352,True,B,A,10,1,B
1,5353,True,B,A,3,1,B
1,5354,True,B,A,2,0,B
1,5355,True,B,A,2,1,A
1,5356,True,B,A,4,1,B
1,5357,True,A,B,4,1,A
1,5358,True,A,B,3,1,A
1,5359,True,A,B,10,1,A
1,5360,True,B,A,3,1,B
1,5361,True,A,B,0,1,B
1,5362,True,B,A,2,0,B
1,5363,True,B,A,6,1,B
1,5364,True,A,B,1,2,A
1,5365,True,B,A,3,1,B
1,5366,True,A,B,4,1,A
1,5367,True,B,A,2,1,A
1,5368,True,A,B,6,1,A
1,5369,True,B,A,2,0,B
1,5370,True,B,A,4,1,B
1,5371,True,B,A,10,1,A
1,5372,True,A,B,2,0,B
1,5373,True,B,A,0,1,B
1,5374,True,B,A,6,1,B
1,5375,True,B,A,10,1,B
1,5376,True,A,B,1,2,A
1,5377,True,B,A,10,1,A
1,5378,True,B,A,2,0,B
1,5379,True,A,B,3,1,A
1,5380,True,A,B,2,1,A
1,5381,True,A,B,10,1,A
1,5382,True,A,B,1,2,A
1,5383,True,A,B,0,1,A
1,5384,True,A,B,0,1,A
1,5385,True,A,B,10,1,A
1,5386,True,B,A,6,1,B
1,5387,True,B,A,6,1,B
1,5388,True,A,B,2,1,A
1,5389,True,A,B,0,1,A
1,5390,True,A,B,1,2,A
1,5391,True,A,B,2,1,A
1,5392,True,A,B,0,1,A
1,5393,True,B,A,4,1,B
1,5394,True,A,B,1,1,A
1,5395,True,B,A,6,1,B
1,5396,True,B,A,2,1,B
1,5397,True,B,A,3,1,B
1,5398,True,B,A,2,1,B
1,5399,True,A,B,4,1,A
1,5400,True,A,B,6,1,A
1,5401,True,B,A,4,1,B
1,5402,True,A,B,4,1,A
1,5403,True,B,A,1,1,B
1,5404,True,B,A,1,2,A
1,5405,True,A,B,2,1,A
1,5406,True,A,B,0,1,A
1,5407,True,A,B,3,1,A
1,5408,True,A,B,4,1,A
1,5409,True,A,B,0,1,A
1,5410,True,B,A,2,1,B
1,5411,True,A,B,2,1,A
1,5412,True,A,B,2,0,A
1,5413,True,B,A,0,1,B
1,5414,True,A,B,10,1,A
1,5415,True,A,B,2,0,A
1,5416,True,B,A,1,2,B
1,5417,True,B,A,6,1,B
1,5418,True,B,A,4,1,B
1,5419,True,B,A,4,1,B
1,5420,True,B,A,10,1,B
1,5421,True,B,A,2,0,B
1,5422,True,A,B,2,0,A
1,5423,True,A,B,1,2,A
1,5424,True,B,A,1,1,B
1,5425,True,A,B,2,1,A
1,5426,True,B,A,6,1,B
1,5427,True,B,A,2,0,B
1,5428,True,B,A,0,1,B
1,5429,True,B,A,1,1,B
1,5430,True,A,B,4,1,A
1,5431,True,B,A,3,1,B
1,5432,True,B,A,1,1,A
1,5433,True,B,A,2,1,B
1,5434,True,A,B,4,1,A
1,5435,True,A,B,2,1,A
1,5436,True,B,A,0,1,B
1,5437,True,B,A,3,1,B
1,5438,True,A,B,2,1,A
1,5439,True,B,A,4,1,B
1,5440,True,B,A,0,1,B
1,5441,True,A,B,2,0,A
1,5442,True,A,B,2,1,A
1,5443,True,B,A,1,1,B
1,5444,True,A,B,2,0,A
1,5445,True,A,B,2,1,A
1,5446,True,A,B,2,0,A
1,5447,True,B,A,6,1,B
1,5448,True,B,A,0,1,B
1,5449,True,A,B,2,0,A
1,5450,True,B,A,4,1,B
1,5451,True,B,A,1,1,B
1,5452,True,A,B,10,1,A
1,5453,True,A,B,6,1,A
1,5454,True,A,B,3,1,A
1,5455,True,B,A,0,1,B
1,5456,True,B,A,1,1,B
1,5457,True,A,B,6,1,A
1,5458,True,A,B,6,1,A
1,5459,True,B,A,1,1,B
1,5460,True,A,B,1,2,A
1,5461,True,B,A,10,1,B
1,5462,True,B,A,1,2,B
1,5463,True,B,A,4,1,B
1,5464,True,A,B,1,2,A
1,5465,True,A,B,6,1,A
1,5466,True,A,B,6,1,A
1,5467,True,A,B,2,0,A
1,5468,True,B,A,6,1,B
1,5469,True,B,A,10,1,B
1,5470,True,B,A,2,1,B
1,5471,True,B,A,2,1,B
1,5472,True,A,B,0,1,A
1,5473,True,B,A,4,1,B
1,5474,True,A,B,3,1,A
1,5475,True,B,A,4,1,B
1,5476,True,A,B,4,1,A
1,5477,True,A,B,2,1,A
1,5478,True,A,B,10,1,A
1,5479,True,A,B,1,1,A
1,5480,True,A,B,2,1,A
1,5481,True,A,B,6,1,A
1,5482,True,B,A,4,1,B
1,5483,True,B,A,2,0,B
1,5484,True,B,A,4,1,B
1,5485,True,A,B,10,1,A
1,5486,True,B,A,10,1,B
1,5487,True,A,B,2,0,A
1,5488,True,A,B,1,1,A
1,5489,True,A,B,1,1,A
1,5490,True,A,B,1,1,A
1,5491,True,B,A,6,1,B
1,5492,True,B,A,10,1,B
1,5493,True,B,A,1,2,B
1,5494,True,A,B,0,1,A
1,5495,True,B,A,6,1,B
1,5496,True,B,A,2,1,B
1,5497,True,B,A,1,2,B
1,5498,True,A,B,10,1,A
1,5499,True,B,A,0,1,B
1,5500,True,B,A,3,1,B
1,5501,True,A,B,1,1,A
1,5502,True,B,A,3,1,B
1,5503,True,B,A,0,1,B
1,5504,True,B,A,10,1,A
1,5505,True,B,A,4,1,B
1,5506,True,B,A,4,1,B
1,5507,True,A,B,1,2,A
1,5508,True,B,A,2,0,B
1,5509,True,A,B,10,1,A
1,5510,True,B,A,2,1,B
1,5511,True,B,A,3,1,B
1,5512,True,A,B,3,1,A
1,5513,True,B,A,4,1,B
1,5514,True,A,B,1,2,A
1,5515,True,B,A,2,0,B
1,5516,True,B,A,4,1,B
1,5517,True,B,A,3,1,B
1,5518,True,B,A,3,1,B
1,5519,True,A,B,0,1,A
1,5520,True,A,B,0,1,A
1,5521,True,A,B,0,1,A
1,5522,True,B,A,1,1,B
1,5523,True,A,B,10,1,A
1,5524,True,B,A,6,1,B
1,5525,True,B,A,6,1,B
1,5526,True,A,B,1,1,A
1,5527,True,A,B,6,1,A
1,5528,True,B,A,2,0,B
1,5529,True,B,A,2,1,B
1,5530,True,A,B,2,1,A
1,5531,True,A,B,10,1,A
1,5532,True,A,B,4,1,B
1,5533,True,A,B,1,1,A
1,5534,True,A,B,1,1,A
1,5535,True,A,B,6,1,A
1,5536,True,B,A,0,1,B
1,5537,True,B,A,2,1,B
1,5538,True,A,B,10,1,A
1,5539,True,A,B,2,0,A
1,5540,True,B,A,2,1,B
1,5541,True,A,B,4,1,A
1,5542,True,A,B,10,1,A
1,5543,True,B,A,2,1,B
1,5544,True,A,B,10,1,A
1,5545,True,A,B,1,1,A
1,5546,True,A,B,2,0,A
1,5547,True,A,B,10,1,A
1,5548,True,B,A,1,2,B
1,5549,True,A,B,3,1,A
1,5550,True,B,A,6,1,B
1,5551,True,B,A,0,1,B
1,5552,True,B,A,1,1,B
1,5553,True,B,A,2,0,B
1,5554,True,B,A,6,1,B
1,5555,True,B,A,3,1,B
1,5556,True,B,A,10,1,B
1,5557,True,A,B,4,1,A
1,5558,True,A,B,1,1,A
1,5559,True,A,B,3,1,A
1,5560,True,A,B,1,2,A
1,5561,True,B,A,10,1,B
1,5562,True,B,A,1,2,B
1,5563,True,B,A,6,1,B
1,5564,True,B,A,4,1,B
1,5565,True,B,A,3,1,B
1,5566,True,B,A,10,1,B
1,5567,True,B,A,3,1,B
1,5568,True,B,A,10,1,B
1,5569,True,A,B,4,1,A
1,5570,True,A,B,2,0,A
1,5571,True,B,A,3,1,B
1,5572,True,A,B,2,0,A
1,5573,True,A,B,4,1,A
1,5574,True,B,A,10,1,B
1,5575,True,A,B,1,2,A
1,5576,True,A,B,10,1,A
1,5577,True,B,A,3,1,B
1,5578,True,B,A,1,2,B
1,5579,True,B,A,2,1,B
1,5580,True,B,A,1,2,B
1,5581,True,A,B,10,1,A
1,5582,True,B,A,4,1,B
1,5583,True,B,A,1,2,B
1,5584,True,B,A,0,1,B
1,5585,True,A,B,10,1,A
1,5586,True,B,A,1,2,B
1,5587,True,B,A,4,1,B
1,5588,True,A,B,1,2,A
1,5589,True,B,A,1,1,B
1,5590,True,B,A,0,1,B
1,5591,True,A,B,0,1,A
1,5592,True,A,B,1,2,A
1,5593,True,B,A,1,2,B
1,5594,True,A,B,1,2,A
1,5595,True,B,A,0,1,B
1,5596,True,A,B,3,1,A
1,5597,True,A,B,10,1,A
1,5598,True,A,B,1,1,A
1,5599,True,A,B,2,1,A
1,5600,True,B,A,10,1,B
1,5601,True,A,B,1,2,A
1,5602,True,A,B,10,1,A
1,5603,True,B,A,3,1,B
1,5604,True,A,B,3,1,A
1,5605,True,A,B,2,0,A
1,5606,True,A,B,2,0,A
1,5607,True,A,B,10,1,A
1,5608,True,A,B,2,0,A
1,5609,True,B,A,6,1,B
1,5610,True,A,B,2,1,A
1,5611,True,A,B,3,1,A
1,5612,True,A,B,0,1,A
1,5613,True,A,B,6,1,B
1,5614,True,B,A,1,1,B
1,5615,True,A,B,2,0,A
1,5616,True,B,A,2,1,B
1,5617,True,A,B,1,1,A
1,5618,True,A,B,3,1,A
1,5619,True,B,A,0,1,B
1,5620,True,B,A,4,1,B
1,5621,True,B,A,2,0,B
1,5622,True,A,B,4,1,A
1,5623,True,A,B,0,1,A
1,5624,True,B,A,10,1,B
1,5625,True,A,B,6,1,A
1,5626,True,A,B,0,1,A
1,5627,True,A,B,1,1,A
1,5628,True,B,A,0,1,B
1,5629,True,B,A,6,1,B
1,5630,True,B,A,1,1,B
1,5631,True,B,A,1,1,B
1,5632,True,A,B,2,0,A
1,5633,True,A,B,10,1,A
1,5634,True,A,B,2,0,A
1,5635,True,A,B,0,1,A
1,5636,True,B,A,0,1,B
1,5637,True,B,A,1,2,B
1,5638,True,B,A,6,1,B
1,5639,True,B,A,10,1,B
1,5640,True,B,A,3,1,B
1,5641,True,A,B,3,1,A
1,5642,True,B,A,10,1,B
1,5643,True,B,A,2,1,B
1,5644,True,B,A,3,1,B
1,5645,True,B,A,1,1,B
1,5646,True,B,A,0,1,B
1,5647,True,A,B,2,1,A
1,5648,True,B,A,2,1,B
1,5649,True,A,B,6,1,A
1,5650,True,B,A,1,1,B
1,5651,True,A,B,4,1,A
1,5652,True,A,B,2,1,A
1,5653,True,B,A,4,1,B
1,5654,True,A,B,3,1,A
1,5655,True,B,A,6,1,B
1,5656,True,A,B,1,2,A
1,5657,True,A,B,1,1,A
1,5658,True,B,A,0,1,B
1,5659,True,A,B,4,1,A
1,5660,True,A,B,1,2,B
1,5661,True,A,B,2,0,A
1,5662,True,A,B,2,0,A
1,5663,True,B,A,1,1,B
1,5664,True,B,A,2,0,A
1,5665,True,A,B,4,1,A
1,5666,True,B,A,1,2,B
1,5667,True,A,B,10,1,A
1,5668,True,B,A,4,1,B
1,5669,True,A,B,10,1,A
1,5670,True,B,A,3,1,B
1,5671,True,A,B,10,1,A
1,5672,True,B,A,0,1,B
1,5673,True,B,A,4,1,B
1,5674,True,A,B,6,1,A
1,5675,True,B,A,2,0,B
1,5676,True,B,A,1,2,B
1,5677,True,B,A,2,0,B
1,5678,True,B,A,0,1,B
1,5679,True,A,B,2,0,A
1,5680,True,B,A,10,1,B
1,5681,True,A,B,2,1,A
1,5682,True,A,B,4,1,A
1,5683,True,A,B,2,1,A
1,5684,True,A,B,2,1,A
1,5685,True,B,A,3,1,B
1,5686,True,A,B,0,1,A
1,5687,True,B,A,3,1,B
1,5688,True,B,A,3,1,B
1,5689,True,B,A,1,2,B
1,5690,True,A,B,3,1,A
1,5691,True,A,B,3,1,A
1,5692,True,A,B,2,1,A
1,5693,True,B,A,0,1,B
1,5694,True,A,B,10,1,A
1,5695,True,A,B,0,1,A
1,5696,True,A,B,0,1,A
1,5697,True,B,A,10,1,B
1,5698,True,A,B,10,1,A
1,5699,True,A,B,4,1,A
1,5700,True,A,B,4,1,A
1,5701,True,A,B,1,2,A
1,5702,True,A,B,3,1,A
1,5703,True,A,B,1,2,A
1,5704,True,A,B,2,0,A
1,5705,True,B,A,1,1,B
1,5706,True,A,B,1,1,A
1,5707,True,A,B,1,1,A
1,5708,True,B,A,1,1,B
1,5709,True,A,B,0,1,A
1,5710,True,B,A,1,2,B
1,5711,True,B,A,6,1,A
1,5712,True,B,A,3,1,B
1,5713,True,B,A,1,2,B
1,5714,True,A,B,0,1,A
1,5715,True,A,B,3,1,A
1,5716,True,A,B,3,1,A
1,5717,True,B,A,10,1,B
1,5718,True,B,A,1,1,B
1,5719,True,A,B,2,0,A
1,5720,True,A,B,2,1,A
1,5721,True,B,A,3,1,B
1,5722,True,B,A,2,0,B
1,5723,True,A,B,3,1,A
1,5724,True,B,A,1,2,B
1,5725,True,A,B,3,1,A
1,5726,True,A,B,10,1,A
1,5727,True,B,A,6,1,B
1,5728,True,B,A,2,0,B
1,5729,True,B,A,10,1,B
1,5730,True,B,A,6,1,B
1,5731,True,A,B,2,0,A
1,5732,True,B,A,1,1,B
1,5733,True,A,B,1,1,A
1,5734,True,A,B,1,2,A
1,5735,True,B,A,2,1,B
1,5736,True,A,B,6,1,A
1,5737,True,A,B,1,2,A
1,5738,True,B,A,2,1,B
1,5739,True,B,A,6,1,B
1,5740,True,B,A,1,1,B
1,5741,True,B,A,6,1,B
1,5742,True,B,A,2,1,B
1,5743,True,A,B,6,1,A
1,5744,True,A,B,1,2,A
1,5745,True,B,A,6,1,B
1,5746,True,B,A,1,2,B
1,5747,True,B,A,1,1,B
1,5748,True,A,B,1,2,A
1,5749,True,B,A,1,2,B
1,5750,True,A,B,1,1,A
1,5751,True,B,A,3,1,B
1,5752,True,A,B,2,0,A
1,5753,True,A,B,2,0,A
1,5754,True,B,A,4,1,B
1,5755,True,B,A,1,1,B
1,5756,True,A,B,4,1,A
1,5757,True,A,B,1,1,A
1,5758,True,A,B,3,1,A
1,5759,True,A,B,1,1,A
1,5760,True,A,B,1,1,A
1,5761,True,A,B,2,0,A
1,5762,True,B,A,0,1,B
1,5763,True,B,A,4,1,B
1,5764,True,A,B,2,0,A
1,5765,True,B,A,1,1,B
1,5766,True,B,A,6,1,B
1,5767,True,A,B,2,0,A
1,5768,True,A,B,6,1,A
1,5769,True,A,B,4,1,A
1,5770,True,B,A,0,1,B
1,5771,True,B,A,1,2,B
1,5772,True,A,B,0,1,A
1,5773,True,B,A,3,1,B
1,5774,True,A,B,10,1,A
1,5775,True,B,A,6,1,B
1,5776,True,B,A,2,0,B
1,5777,True,B,A,0,1,B
1,5778,True,B,A,3,1,B
1,5779,True,B,A,2,1,B
1,5780,True,A,B,2,1,A
1,5781,True,B,A,1,1,B
1,5782,True,B,A,3,1,B
1,5783,True,B,A,4,1,B
1,5784,True,B,A,2,0,B
1,5785,True,B,A,3,1,B
1,5786,True,A,B,1,1,A
1,5787,True,B,A,3,1,B
1,5788,True,B,A,1,1,B
1,5789,True,A,B,2,1,A
1,5790,True,B,A,2,0,B
1,5791,True,A,B,1,2,A
1,5792,True,A,B,2,0,A
1,5793,True,B,A,1,1,B
1,5794,True,B,A,1,1,B
1,5795,True,A,B,3,1,A
1,5796,True,A,B,4,1,A
1,5797,True,B,A,10,1,B
1,5798,True,A,B,4,1,A
1,5799,True,B,A,1,1,B
1,5800,True,A,B,4,1,A
1,5801,True,A,B,4,1,A
1,5802,True,B,A,6,1,B
1,5803,True,B,A,2,1,B
1,5804,True,B,A,2,1,B
1,5805,True,B,A,4,1,B
1,5806,True,B,A,2,0,B
1,5807,True,A,B,4,1,A
1,5808,True,A,B,6,1,A
1,5809,True,B,A,3,1,B
1,5810,True,B,A,3,1,B
1,5811,True,A,B,1,1,A
1,5812,True,B,A,4,1,B
1,5813,True,A,B,4,1,A
1,5814,True,B,A,2,1,B
1,5815,True,B,A,0,1,B
1,5816,True,B,A,2,0,B
1,5817,True,A,B,2,1,A
1,5818,True,A,B,6,1,A
1,5819,True,A,B,1,1,A
1,5820,False,,,,,
1,5821,True,A,B,6,1,A
1,5822,True,B,A,10,1,B
1,5823,True,A,B,10,1,A
1,5824,True,A,B,0,1,A
1,5825,True,B,A,3,1,B
1,5826,True,B,A,0,1,B
1,5827,True,A,B,6,1,A
1,5828,True,B,A,1,2,B
1,5829,True,B,A,1,1,B
1,5830,True,A,B,0,1,A
1,5831,True,A,B,1,1,A
1,5832,True,A,B,1,1,A
1,5833,True,B,A,4,1,B
1,5834,True,A,B,3,1,A
1,5835,True,A,B,2,0,A
1,5836,True,B,A,1,2,B
1,5837,True,A,B,3,1,A
1,5838,True,A,B,1,1,A
1,5839,True,B,A,2,0,B
1,5840,True,B,A,2,1,B
1,5841,True,A,B,1,1,A
1,5842,True,B,A,4,1,B
1,5843,True,B,A,0,1,B
1,5844,True,A,B,4,1,A
1,5845,True,B,A,0,1,B
1,5846,True,B,A,1,2,B
1,5847,True,B,A,10,1,B
1,5848,True,A,B,1,1,A
1,5849,True,B,A,3,1,B
1,5850,True,B,A,1,1,B
1,5851,True,B,A,1,2,B
1,5852,True,B,A,4,1,B
1,5853,True,A,B,1,2,A
1,5854,True,B,A,0,1,B
1,5855,True,A,B,0,1,A
1,5856,True,B,A,1,1,B
1,5857,True,A,B,2,1,A
1,5858,True,A,B,2,0,A
1,5859,True,B,A,0,1,B
1,5860,True,B,A,2,0,B
1,5861,True,A,B,2,1,A
1,5862,True,A,B,3,1,A
1,5863,True,B,A,0,1,B
1,5864,True,B,A,1,1,B
1,5865,True,A,B,2,1,A
1,5866,True,A,B,1,2,A
1,5867,True,B,A,1,1,B
1,5868,True,A,B,3,1,A
1,5869,True,B,A,2,0,B
1,5870,True,B,A,0,1,B
1,5871,True,A,B,4,1,A
1,5872,True,B,A,6,1,B
1,5873,True,B,A,1,2,B
1,5874,True,A,B,2,1,A
1,5875,True,B,A,1,1,B
1,5876,True,B,A,10,1,B
1,5877,True,B,A,6,1,B
1,5878,True,A,B,10,1,A
1,5879,True,B,A,3,1,B
1,5880,True,A,B,0,1,A
1,5881,True,B,A,6,1,B
1,5882,True,A,B,2,1,A
1,5883,True,B,A,1,1,B
1,5884,True,A,B,1,2,A
1,5885,True,A,B,2,0,A
1,5886,True,B,A,0,1,B
1,5887,True,A,B,10,1,A
1,5888,True,A,B,3,1,A
1,5889,True,B,A,1,2,B
1,5890,True,A,B,0,1,A
1,5891,True,A,B,2,0,A
1,5892,True,B,A,2,1,B
1,5893,True,A,B,10,1,A
1,5894,True,B,A,1,1,B
1,5895,True,B,A,0,1,B
1,5896,True,B,A,1,2,B
1,5897,True,A,B,1,2,A
1,5898,True,B,A,1,1,B
1,5899,True,B,A,10,1,B
1,5900,True,A,B,3,1,A
1,5901,True,A,B,2,1,A
1,5902,True,A,B,3,1,A
1,5903,True,A,B,1,2,A
1,5904,True,A,B,2,0,A
1,5905,True,A,B,2,1,A
1,5906,True,B,A,1,2,B
1,5907,True,B,A,2,0,B
1,5908,True,B,A,2,1,B
1,5909,True,A,B,0,1,A
1,5910,True,B,A,0,1,B
1,5911,True,B,A,1,2,B
1,5912,True,A,B,10,1,A
1,5913,True,B,A,3,1,B
1,5914,True,B,A,3,1,B
1,5915,True,B,A,2,0,B
1,5916,True,B,A,2,0,B
1,5917,True,A,B,4,1,A
1,5918,True,B,A,6,1,B
1,5919,True,A,B,0,1,A
1,5920,True,A,B,0,1,A
1,5921,True,A,B,1,1,A
1,5922,True,B,A,10,1,B
1,5923,True,B,A,2,1,B
1,5924,True,A,B,2,1,A
1,5925,True,A,B,0,1,A
1,5926,True,B,A,2,1,B
1,5927,True,B,A,1,2,B
1,5928,True,B,A,4,1,B
1,5929,True,A,B,3,1,A
1,5930,True,A,B,2,1,B
1,5931,True,A,B,0,1,A
1,5932,True,B,A,3,1,B
1,5933,True,B,A,1,1,B
1,5934,True,A,B,3,1,A
1,5935,True,A,B,2,0,A
1,5936,True,B,A,4,1,B
1,5937,True,A,B,10,1,A
1,5938,True,A,B,6,1,A
1,5939,True,B,A,3,1,B
1,5940,True,B,A,10,1,B
1,5941,True,A,B,1,2,A
1,5942,True,B,A,10,1,B
1,5943,True,B,A,3,1,B
1,5944,True,A,B,3,1,A
1,5945,True,A,B,6,1,A
1,5946,True,A,B,1,2,A
1,5947,True,B,A,2,0,B
1,5948,True,B,A,2,1,B
1,5949,True,B,A,2,0,B
1,5950,True,B,A,2,0,B
1,5951,True,B,A,2,1,B
1,5952,True,B,A,10,1,B
1,5953,True,A,B,1,1,A
1,5954,True,A,B,2,0,A
1,5955,True,A,B,4,1,A
1,5956,True,B,A,1,1,B
1,5957,True,A,B,2,0,A
1,5958,True,A,B,1,1,A
1,5959,True,B,A,0,1,B
1,5960,True,A,B,1,1,A
1,5961,True,A,B,4,1,A
1,5962,True,A,B,4,1,A
1,5963,True,B,A,4,1,B
1,5964,True,B,A,1,2,B
1,5965,True,A,B,2,1,A
1,5966,True,B,A,1,2,B
1,5967,True,B,A,2,1,B
1,5968,True,B,A,0,1,B
1,5969,True,B,A,2,0,B
1,5970,True,B,A,1,2,B
1,5971,True,B,A,0,1,B
1,5972,True,B,A,2,0,B
1,5973,True,A,B,3,1,A
1,5974,True,A,B,3,1,A
1,5975,True,A,B,6,1,A
1,5976,True,B,A,6,1,B
1,5977,True,A,B,4,1,A
1,5978,True,A,B,1,2,A
1,5979,True,A,B,1,2,A
1,5980,True,B,A,2,1,B
1,5981,True,A,B,1,1,A
1,5982,True,B,A,4,1,B
1,5983,True,B,A,2,0,B
1,5984,True,B,A,4,1,B
1,5985,True,B,A,0,1,B
1,5986,True,B,A,2,0,B
1,5987,True,A,B,1,2,A
1,5988,True,B,A,10,1,B
1,5989,True,B,A,0,1,B
1,5990,True,A,B,0,1,A
1,5991,True,B,A,1,1,B
1,5992,True,B,A,1,1,B
1,5993,True,B,A,0,1,B
1,5994,True,B,A,2,1,B
1,5995,True,A,B,1,1,A
1,5996,True,A,B,4,1,A
1,5997,True,A,B,1,2,A
1,5998,True,B,A,6,1,B
1,5999,True,B,A,2,0,B
1,6000,True,B,A,3,1,B
1,6001,True,B,A,10,1,B
1,6002,True,A,B,2,1,A
1,6003,True,B,A,4,1,B
1,6004,True,B,A,4,1,B
1,6005,True,B,A,1,2,B
1,6006,True,A,B,0,1,A
1,6007,True,A,B,0,1,B
1,6008,True,B,A,6,1,B
1,6009,True,B,A,0,1,B
1,6010,True,B,A,10,1,B
1,6011,True,B,A,4,1,B
1,6012,True,B,A,2,0,B
1,6013,True,B,A,10,1,B
1,6014,True,A,B,10,1,A
1,6015,True,A,B,1,2,A
1,6016,True,B,A,3,1,B
1,6017,True,A,B,6,1,A
1,6018,True,B,A,1,2,B
1,6019,True,B,A,6,1,B
1,6020,True,B,A,3,1,B
1,6021,True,B,A,3,1,B
1,6022,True,A,B,4,1,A
1,6023,True,B,A,4,1,B
1,6024,True,A,B,1,1,A
1,6025,True,B,A,4,1,B
1,6026,True,A,B,4,1,A
1,6027,True,B,A,3,1,B
1,6028,True,B,A,1,2,B
1,6029,True,A,B,2,0,A
1,6030,True,B,A,10,1,B
1,6031,True,B,A,6,1,B
1,6032,True,A,B,2,0,A
1,6033,True,A,B,2,1,A
1,6034,True,A,B,2,0,A
1,6035,True,A,B,4,1,A
1,6036,True,A,B,0,1,A
1,6037,True,A,B,3,1,A
1,6038,True,A,B,1,1,A
1,6039,True,B,A,0,1,B
1,6040,True,A,B,3,1,A
1,6041,True,A,B,2,1,A
1,6042,True,A,B,2,0,A
1,6043,True,B,A,1,2,B
1,6044,True,A,B,3,1,A
1,6045,True,A,B,10,1,A
1,6046,True,A,B,10,1,A
1,6047,True,B,A,1,2,B
1,6048,True,A,B,1,2,A
1,6049,True,A,B,0,1,A
1,6050,True,B,A,1,2,B
1,6051,True,B,A,10,1,B
1,6052,True,A,B,4,1,A
1,6053,True,B,A,10,1,B
1,6054,True,B,A,1,2,B
1,6055,True,A,B,0,1,A
1,6056,True,A,B,10,1,A
1,6057,True,B,A,2,1,B
1,6058,True,B,A,10,1,B
1,6059,True,B,A,0,1,B
1,6060,True,B,A,3,1,B
1,6061,True,A,B,3,1,A
1,6062,True,A,B,2,0,A
1,6063,True,A,B,3,1,A
1,6064,True,A,B,3,1,A
1,6065,True,A,B,2,0,A
1,6066,True,A,B,6,1,A
1,6067,True,B,A,1,1,B
1,6068,True,A,B,4,1,A
1,6069,True,A,B,10,1,A
1,6070,True,B,A,1,1,B
1,6071,True,B,A,6,1,B
1,6072,True,B,A,0,1,B
1,6073,True,B,A,1,2,B
1,6074,True,A,B,6,1,B
1,6075,True,B,A,0,1,B
1,6076,True,B,A,2,0,B
1,6077,True,A,B,2,1,A
1,6078,True,A,B,3,1,A
1,6079,True,A,B,0,1,A
1,6080,True,B,A,2,0,B
1,6081,True,B,A,6,1,B
1,6082,True,B,A,1,2,B
1,6083,True,A,B,4,1,A
1,6084,True,A,B,4,1,A
1,6085,True,A,B,3,1,A
1,6086,True,A,B,2,0,A
1,6087,True,A,B,2,1,A
1,6088,True,A,B,1,1,A
1,6089,True,B,A,6,1,B
1,6090,True,A,B,0,1,A
1,6091,True,B,A,2,0,B
1,6092,True,B,A,1,1,B
1,6093,True,B,A,2,1,B
1,6094,True,A,B,1,1,A
1,6095,True,B,A,6,1,B
1,6096,True,B,A,2,1,B
1,6097,True,B,A,6,1,B
1,6098,True,B,A,6,1,B
1,6099,True,B,A,1,2,B
1,6100,True,B,A,2,1,B
1,6101,True,A,B,0,1,A
1,6102,True,B,A,3,1,B
1,6103,True,B,A,6,1,B
1,6104,True,A,B,2,1,A
1,6105,True,A,B,2,1,A
1,6106,True,A,B,10,1,A
1,6107,True,B,A,1,1,B
1,6108,True,A,B,6,1,A
1,6109,True,B,A,2,0,B
1,6110,True,A,B,6,1,A
1,6111,True,B,A,0,1,B
1,6112,True,B,A,4,1,B
1,6113,True,A,B,6,1,A
1,6114,True,A,B,1,1,A
1,6115,True,B,A,0,1,B
1,6116,True,B,A,6,1,B
1,6117,True,B,A,4,1,B
1,6118,True,A,B,1,2,A
1,6119,True,B,A,1,2,B
1,6120,True,A,B,0,1,A
1,6121,True,A,B,3,1,A
1,6122,True,A,B,2,1,A
1,6123,True,A,B,1,1,A
1,6124,True,B,A,6,1,B
1,6125,True,B,A,2,0,B
1,6126,True,B,A,1,2,B
1,6127,True,B,A,4,1,B
1,6128,True,A,B,1,1,A
1,6129,True,A,B,2,1,A
1,6130,True,B,A,10,1,B
1,6131,True,B,A,4,1,B
1,6132,True,A,B,2,0,A
1,6133,True,A,B,1,1,A
1,6134,True,A,B,3,1,A
1,6135,True,B,A,2,1,B
1,6136,True,A,B,10,1,A
1,6137,True,A,B,1,1,A
1,6138,True,B,A,1,1,B
1,6139,True,B,A,10,1,B
1,6140,True,B,A,1,1,B
1,6141,True,A,B,3,1,A
1,6142,True,B,A,3,1,B
1,6143,True,A,B,1,2,A
1,6144,True,B,A,1,1,B
1,6145,True,A,B,3,1,A
1,6146,True,B,A,3,1,B
1,6147,True,B,A,4,1,B
1,6148,True,B,A,6,1,B
1,6149,True,B,A,0,1,B
1,6150,True,A,B,3,1,A
1,6151,True,A,B,6,1,A
1,6152,True,B,A,1,1,B
1,6153,True,B,A,1,2,B
1,6154,True,B,A,10,1,B
1,6155,True,B,A,1,2,B
1,6156,True,B,A,1,2,B
1,6157,True,A,B,6,1,A
1,6158,True,B,A,3,1,B
1,6159,True,A,B,2,0,A
1,6160,True,B,A,0,1,B
1,6161,True,B,A,1,1,B
1,6162,True,B,A,10,1,B
1,6163,True,A,B,3,1,A
1,6164,True,B,A,1,1,B
1,6165,True,B,A,3,1,B
1,6166,True,B,A,2,1,B
1,6167,True,A,B,2,1,A
1,6168,True,A,B,6,1,A
1,6169,True,A,B,10,1,A
1,6170,True,A,B,6,1,A
1,6171,True,B,A,2,1,B
1,6172,True,B,A,1,1,B
1,6173,True,A,B,2,0,A
1,6174,True,B,A,10,1,B
1,6175,True,B,A,1,1,B
1,6176,True,B,A,3,1,B
1,6177,True,B,A,6,1,B
1,6178,True,B,A,6,1,A
1,6179,True,B,A,1,1,B
1,6180,True,B,A,0,1,B
1,6181,True,B,A,1,2,B
1,6182,True,B,A,2,1,B
1,6183,True,B,A,0,1,B
1,6184,True,A,B,3,1,A
1,6185,True,A,B,4,1,A
1,6186,True,A,B,6,1,A
1,6187,True,B,A,1,1,B
1,6188,True,A,B,10,1,A
1,6189,True,A,B,10,1,A
1,6190,True,A,B,1,2,A
1,6191,True,A,B,4,1,A
1,6192,True,B,A,4,1,B
1,6193,True,B,A,6,1,B
1,6194,True,B,A,1,1,B
1,6195,True,A,B,6,1,A
1,6196,True,B,A,1,2,B
1,6197,True,B,A,4,1,B
1,6198,True,A,B,4,1,A
1,6199,True,B,A,1,2,B
1,6200,True,B,A,4,1,B
1,6201,True,A,B,1,2,A
1,6202,True,B,A,2,0,B
1,6203,True,A,B,6,1,A
1,6204,True,A,B,2,0,A
1,6205,True,B,A,4,1,B
1,6206,True,A,B,1,2,A
1,6207,True,A,B,4,1,A
1,6208,True,B,A,1,2,B
1,6209,True,A,B,0,1,A
1,6210,True,B,A,1,1,B
1,6211,True,B,A,2,0,B
1,6212,True,B,A,2,0,A
1,6213,True,A,B,6,1,A
1,6214,True,A,B,1,2,A
1,6215,True,B,A,1,1,B
1,6216,True,A,B,1,2,A
1,6217,True,B,A,1,1,B
1,6218,True,A,B,2,0,A
1,6219,True,A,B,1,2,A
1,6220,True,A,B,3,1,A
1,6221,True,B,A,10,1,B
1,6222,True,B,A,10,1,B
1,6223,True,A,B,10,1,A
1,6224,True,B,A,4,1,B
1,6225,True,A,B,10,1,A
1,6226,True,B,A,2,1,B
1,6227,True,B,A,4,1,B
1,6228,True,A,B,6,1,A
1,6229,True,B,A,3,1,B
1,6230,True,B,A,4,1,B
1,6231,True,B,A,2,1,B
1,6232,True,B,A,2,1,B
1,6233,True,B,A,4,1,B
1,6234,True,A,B,1,1,A
1,6235,True,A,B,1,1,A
1,6236,True,B,A,1,1,B
1,6237,True,B,A,2,0,B
1,6238,True,A,B,4,1,A
1,6239,True,A,B,3,1,A
1,6240,True,B,A,0,1,B
1,6241,True,B,A,4,1,B
1,6242,True,B,A,10,1,B
1,6243,True,B,A,3,1,B
1,6244,True,B,A,2,0,B
1,6245,True,B,A,1,2,B
1,6246,True,A,B,2,0,A
1,6247,True,A,B,10,1,A
1,6248,True,A,B,4,1,A
1,6249,True,B,A,2,0,B
1,6250,True,A,B,4,1,A
1,6251,True,A,B,10,1,A
1,6252,True,A,B,1,2,A
1,6253,True,B,A,1,1,B
1,6254,True,A,B,1,1,A
1,6255,True,A,B,1,1,A
1,6256,True,B,A,0,1,B
1,6257,True,A,B,0,1,A
1,6258,True,A,B,1,1,A
1,6259,True,A,B,2,0,A
1,6260,True,A,B,3,1,A
1,6261,True,B,A,1,1,B
1,6262,True,B,A,2,1,B
1,6263,True,B,A,10,1,B
1,6264,True,A,B,10,1,A
1,6265,True,B,A,2,1,B
1,6266,True,A,B,1,1,A
1,6267,True,B,A,2,0,B
1,6268,True,A,B,1,2,A
1,6269,True,B,A,4,1,B
1,6270,True,B,A,1,2,B
1,6271,True,A,B,1,1,A
1,6272,True,A,B,4,1,A
1,6273,True,A,B,1,1,A
1,6274,True,B,A,1,2,B
1,6275,True,B,A,6,1,B
1,6276,True,A,B,1,1,A
1,6277,True,B,A,1,2,B
1,6278,True,B,A,2,1,B
1,6279,True,A,B,6,1,A
1,6280,True,B,A,2,1,B
1,6281,True,A,B,1,1,A
1,6282,True,B,A,2,0,B
1,6283,True,A,B,2,1,A
1,6284,True,A,B,2,0,A
1,6285,True,B,A,1,1,B
1,6286,True,A,B,2,0,A
1,6287,True,B,A,10,1,B
1,6288,True,A,B,2,0,A
1,6289,True,B,A,6,1,B
1,6290,True,B,A,2,0,B
1,6291,True,B,A,1,1,B
1,6292,True,A,B,3,1,A
1,6293,True,B,A,3,1,B
1,6294,True,A,B,4,1,A
1,6295,True,B,A,2,0,B
1,6296,True,A,B,2,0,A
1,6297,True,B,A,1,2,B
1,6298,True,A,B,2,1,A
1,6299,True,A,B,0,1,A
1,6300,True,A,B,0,1,A
1,6301,True,B,A,3,1,B
1,6302,True,B,A,0,1,B
1,6303,True,A,B,0,1,A
1,6304,True,B,A,1,1,B
1,6305,True,B,A,0,1,B
1,6306,True,B,A,10,1,B
1,6307,True,A,B,3,1,A
1,6308,True,B,A,1,1,B
1,6309,True,B,A,4,1,B
1,6310,True,A,B,3,1,A
1,6311,True,A,B,4,1,A
1,6312,True,A,B,10,1,A
1,6313,True,A,B,3,1,A
1,6314,True,B,A,10,1,B
1,6315,True,A,B,2,1,A
1,6316,True,B,A,1,1,B
1,6317,True,B,A,10,1,B
1,6318,True,A,B,10,1,A
1,6319,True,B,A,3,1,B
1,6320,True,A,B,2,0,A
1,6321,True,B,A,1,1,B
1,6322,True,B,A,3,1,B
1,6323,True,A,B,6,1,A
1,6324,True,A,B,2,1,A
1,6325,True,A,B,1,2,A
1,6326,True,A,B,1,1,A
1,6327,True,B,A,6,1,B
1,6328,True,A,B,2,1,A
1,6329,True,A,B,10,1,A
1,6330,True,B,A,2,0,B
1,6331,True,A,B,3,1,A
1,6332,True,A,B,1,2,A
1,6333,True,A,B,2,0,A
1,6334,True,A,B,1,1,A
1,6335,True,B,A,10,1,B
1,6336,True,A,B,4,1,A
1,6337,True,A,B,2,0,A
1,6338,True,B,A,0,1,B
1,6339,True,B,A,4,1,B
1,6340,True,B,A,1,1,B
1,6341,True,B,A,1,1,B
1,6342,True,B,A,4,1,B
1,6343,True,A,B,1,1,A
1,6344,True,B,A,10,1,B
1,6345,True,B,A,6,1,B
1,6346,True,A,B,3,1,A
1,6347,True,B,A,6,1,B
1,6348,True,B,A,1,1,B
1,6349,True,B,A,1,2,B
1,6350,True,A,B,0,1,A
1,6351,True,A,B,2,0,A
1,6352,True,A,B,3,1,A
1,6353,True,B,A,2,1,B
1,6354,True,A,B,0,1,A
1,6355,True,B,A,0,1,B
1,6356,True,B,A,1,2,B
1,6357,True,B,A,1,1,B
1,6358,True,B,A,2,0,B
1,6359,True,A,B,1,1,A
1,6360,True,A,B,1,2,A
1,6361,True,A,B,1,2,A
1,6362,True,A,B,2,0,A
1,6363,True,A,B,10,1,A
1,6364,True,A,B,4,1,A
1,6365,True,A,B,0,1,A
1,6366,True,A,B,4,1,A
1,6367,True,B,A,1,1,B
1,6368,True,A,B,10,1,A
1,6369,True,A,B,3,1,A
1,6370,True,A,B,4,1,A
1,6371,True,B,A,2,1,B
1,6372,True,A,B,0,1,A
1,6373,True,B,A,1,1,B
1,6374,True,B,A,0,1,B
1,6375,False,,,,,
1,6376,True,B,A,4,1,B
1,6377,True,B,A,4,1,B
1,6378,True,B,A,3,1,B
1,6379,True,A,B,3,1,A
1,6380,True,B,A,6,1,B
1,6381,True,A,B,4,1,A
1,6382,True,A,B,10,1,A
1,6383,True,A,B,10,1,A
1,6384,True,B,A,1,2,B
1,6385,True,B,A,3,1,B
1,6386,True,B,A,2,1,B
1,6387,True,B,A,10,1,B
1,6388,True,A,B,10,1,A
1,6389,True,A,B,6,1,A
1,6390,True,B,A,3,1,B
1,6391,True,A,B,0,1,A
1,6392,True,A,B,6,1,A
1,6393,True,B,A,2,1,B
1,6394,True,B,A,4,1,B
1,6395,True,B,A,6,1,B
1,6396,True,B,A,2,0,B
1,6397,True,A,B,3,1,A
1,6398,True,A,B,3,1,A
1,6399,True,A,B,1,2,A
1,6400,True,A,B,1,1,A
1,6401,True,B,A,1,2,B
1,6402,True,B,A,3,1,B
1,6403,True,B,A,4,1,B
1,6404,True,A,B,1,2,A
1,6405,True,A,B,1,1,A
1,6406,True,B,A,1,2,B
1,6407,True,A,B,2,1,A
1,6408,True,B,A,0,1,B
1,6409,True,A,B,2,1,A
1,6410,True,B,A,1,1,B
1,6411,False,,,,,
1,6412,True,A,B,2,1,A
1,6413,True,A,B,2,1,A
1,6414,True,B,A,3,1,B
1,6415,True,B,A,4,1,B
1,6416,True,A,B,4,1,A
1,6417,True,A,B,2,1,A
1,6418,True,A,B,3,1,A
1,6419,True,A,B,1,2,A
1,6420,True,B,A,1,2,B
1,6421,True,A,B,1,1,A
1,6422,True,B,A,3,1,B
1,6423,True,B,A,0,1,B
1,6424,True,A,B,2,1,A
1,6425,True,B,A,0,1,B
1,6426,True,B,A,0,1,B
1,6427,True,B,A,1,1,B
1,6428,True,A,B,1,1,A
1,6429,True,B,A,1,1,B
1,6430,True,B,A,10,1,B
1,6431,True,A,B,4,1,A
1,6432,True,A,B,0,1,A
1,6433,True,A,B,1,1,A
1,6434,True,B,A,6,1,B
1,6435,True,A,B,4,1,A
1,6436,True,B,A,4,1,B
1,6437,True,A,B,0,1,A
1,6438,True,B,A,1,1,B
1,6439,True,B,A,3,1,B
1,6440,True,B,A,2,0,B
1,6441,True,A,B,1,1,A
1,6442,True,B,A,1,1,B
1,6443,True,A,B,10,1,A
1,6444,True,B,A,2,0,B
1,6445,True,A,B,2,1,A
1,6446,True,B,A,10,1,B
1,6447,True,B,A,2,1,B
1,6448,True,A,B,2,1,A
1,6449,True,B,A,6,1,B
1,6450,True,B,A,0,1,B
1,6451,True,A,B,0,1,A
1,6452,True,A,B,3,1,A
1,6453,True,B,A,1,2,B
1,6454,True,B,A,2,1,B
1,6455,True,B,A,1,2,B
1,6456,True,B,A,1,1,B
1,6457,True,A,B,0,1,A
1,6458,True,A,B,2,0,A
1,6459,True,B,A,4,1,B
1,6460,True,A,B,10,1,A
1,6461,True,B,A,4,1,B
1,6462,True,A,B,10,1,A
1,6463,True,A,B,1,1,A
1,6464,True,A,B,0,1,A
1,6465,True,A,B,2,0,A
1,6466,True,B,A,2,1,B
1,6467,True,A,B,0,1,A
1,6468,True,B,A,2,0,B
1,6469,True,A,B,2,0,A
1,6470,True,B,A,4,1,B
1,6471,True,A,B,0,1,A
1,6472,True,B,A,2,0,B
1,6473,True,B,A,1,2,B
1,6474,True,A,B,2,0,A
1,6475,True,B,A,4,1,B
1,6476,True,A,B,2,1,A
1,6477,True,B,A,10,1,B
1,6478,True,A,B,1,1,A
1,6479,True,B,A,10,1,B
1,6480,True,B,A,1,2,B
1,6481,True,B,A,0,1,B
1,6482,True,A,B,1,2,A
1,6483,True,B,A,0,1,B
1,6484,True,B,A,1,1,B
1,6485,True,A,B,2,0,A
1,6486,True,B,A,1,2,B
1,6487,True,A,B,6,1,A
1,6488,True,B,A,3,1,B
1,6489,True,A,B,4,1,A
1,6490,True,A,B,6,1,A
1,6491,True,B,A,1,1,B
1,6492,True,A,B,4,1,A
1,6493,True,A,B,10,1,A
1,6494,True,B,A,1,2,B
1,6495,True,B,A,6,1,B
1,6496,True,A,B,2,1,A
1,6497,True,A,B,10,1,A
1,6498,True,A,B,4,1,A
1,6499,True,B,A,10,1,B
1,6500,True,B,A,2,1,B
1,6501,True,A,B,1,1,A
1,6502,True,B,A,0,1,B
1,6503,True,A,B,2,1,A
1,6504,True,A,B,1,2,A
1,6505,True,A,B,0,1,A
1,6506,True,B,A,4,1,B
1,6507,True,B,A,2,1,B
1,6508,True,A,B,2,1,A
1,6509,True,B,A,4,1,B
1,6510,True,B,A,4,1,B
1,6511,True,A,B,2,0,A
1,6512,True,A,B,1,2,A
1,6513,True,B,A,6,1,B
1,6514,True,A,B,2,1,A
1,6515,True,B,A,1,2,B
1,6516,True,B,A,6,1,B
1,6517,True,A,B,2,1,A
1,6518,True,A,B,3,1,A
1,6519,True,A,B,1,1,A
1,6520,True,A,B,1,1,A
1,6521,True,A,B,1,2,A
1,6522,True,A,B,3,1,A
1,6523,True,A,B,3,1,A
1,6524,True,B,A,3,1,B
1,6525,True,A,B,6,1,A
1,6526,True,B,A,0,1,B
1,6527,True,B,A,6,1,B
1,6528,True,A,B,0,1,A
1,6529,True,A,B,1,1,A
1,6530,True,A,B,3,1,A
1,6531,True,B,A,2,0,B
1,6532,True,A,B,2,0,A
1,6533,True,B,A,1,1,B
1,6534,True,B,A,10,1,B
1,6535,True,B,A,10,1,B
1,6536,True,A,B,3,1,A
1,6537,True,A,B,4,1,A
1,6538,True,B,A,0,1,B
1,6539,True,B,A,6,1,B
1,6540,True,A,B,6,1,A
1,6541,True,B,A,1,1,B
1,6542,True,A,B,2,0,A
1,6543,True,B,A,1,2,B
1,6544,True,A,B,0,1,A
1,6545,True,A,B,1,2,A
1,6546,True,A,B,1,2,A
1,6547,True,A,B,1,1,A
1,6548,True,B,A,3,1,B
1,6549,True,A,B,3,1,A
1,6550,True,A,B,1,1,A
1,6551,True,B,A,4,1,B
1,6552,True,A,B,10,1,A
1,6553,True,B,A,1,1,B
1,6554,True,A,B,2,0,A
1,6555,True,A,B,4,1,A
1,6556,True,B,A,10,1,B
1,6557,True,B,A,10,1,B
1,6558,True,A,B,1,2,A
1,6559,True,A,B,2,1,A
1,6560,True,B,A,3,1,B
1,6561,True,B,A,0,1,B
1,6562,True,A,B,1,1,A
1,6563,True,B,A,3,1,B
1,6564,True,A,B,2,1,A
1,6565,True,A,B,3,1,A
1,6566,True,B,A,6,1,B
1,6567,True,B,A,10,1,B
1,6568,True,B,A,1,1,B
1,6569,True,B,A,2,1,B
1,6570,True,B,A,0,1,B
1,6571,True,B,A,3,1,B
1,6572,True,B,A,0,1,B
1,6573,True,A,B,6,1,A
1,6574,True,B,A,2,1,B
1,6575,True,A,B,3,1,A
1,6576,True,A,B,2,0,A
1,6577,True,B,A,0,1,B
1,6578,True,A,B,10,1,A
1,6579,True,A,B,1,1,A
1,6580,True,A,B,0,1,A
1,6581,True,B,A,3,1,B
1,6582,True,A,B,2,0,A
1,6583,True,A,B,2,1,A
1,6584,True,B,A,1,2,B
1,6585,True,B,A,6,1,B
1,6586,True,A,B,2,1,A
1,6587,True,A,B,1,2,A
1,6588,True,B,A,10,1,B
1,6589,True,A,B,2,0,A
1,6590,True,A,B,2,0,A
1,6591,True,A,B,1,2,A
1,6592,True,A,B,0,1,A
1,6593,True,A,B,10,1,A
1,6594,True,B,A,3,1,B
1,6595,True,B,A,3,1,B
1,6596,True,B,A,3,1,B
1,6597,True,A,B,6,1,A
1,6598,True,B,A,10,1,A
1,6599,True,B,A,2,1,B
1,6600,True,B,A,4,1,B
1,6601,True,A,B,0,1,A
1,6602,True,A,B,6,1,A
1,6603,True,B,A,3,1,B
1,6604,True,B,A,6,1,B
1,6605,True,A,B,4,1,A
1,6606,True,A,B,6,1,A
1,6607,True,A,B,1,2,A
1,6608,True,A,B,1,2,A
1,6609,True,B,A,1,1,B
1,6610,True,A,B,0,1,A
1,6611,True,B,A,2,1,B
1,6612,True,A,B,3,1,A
1,6613,True,A,B,2,1,A
1,6614,True,A,B,1,1,A
1,6615,True,B,A,3,1,B
1,6616,True,A,B,4,1,A
1,6617,True,B,A,4,1,B
1,6618,True,B,A,1,2,B
1,6619,True,B,A,3,1,B
1,6620,True,A,B,4,1,A
1,6621,True,A,B,2,1,A
1,6622,True,A,B,3,1,A
1,6623,True,A,B,10,1,A
1,6624,True,B,A,4,1,B
1,6625,True,A,B,6,1,A
1,6626,True,A,B,2,1,A
1,6627,True,A,B,2,1,A
1,6628,True,B,A,2,1,B
1,6629,True,A,B,2,1,A
1,6630,True,B,A,2,1,B
1,6631,True,A,B,2,0,A
1,6632,True,A,B,2,1,A
1,6633,True,A,B,3,1,A
1,6634,True,A,B,0,1,A
1,6635,True,B,A,2,0,B
1,6636,True,A,B,0,1,A
1,6637,True,A,B,3,1,A
1,6638,True,A,B,2,0,A
1,6639,True,A,B,6,1,A
1,6640,True,A,B,3,1,A
1,6641,True,B,A,2,0,B
1,6642,True,B,A,0,1,B
1,6643,True,B,A,6,1,B
1,6644,True,A,B,10,1,A
1,6645,True,B,A,1,1,B
1,6646,True,A,B,3,1,A
1,6647,True,A,B,10,1,A
1,6648,True,A,B,6,1,A
1,6649,True,B,A,3,1,B
1,6650,True,A,B,2,1,A
1,6651,True,A,B,4,1,A
1,6652,True,A,B,0,1,A
1,6653,True,A,B,1,2,A
1,6654,True,A,B,1,2,A
1,6655,True,B,A,4,1,B
1,6656,True,A,B,1,2,A
1,6657,True,B,A,0,1,B
1,6658,True,A,B,2,1,A
1,6659,True,B,A,2,0,B
1,6660,True,A,B,6,1,A
1,6661,True,B,A,3,1,B
1,6662,True,B,A,1,1,B
1,6663,True,A,B,6,1,A
1,6664,True,B,A,10,1,B
1,6665,True,A,B,2,0,A
1,6666,True,A,B,1,2,A
1,6667,True,B,A,10,1,B
1,6668,True,A,B,1,1,A
1,6669,True,B,A,2,1,B
1,6670,True,A,B,1,1,A
1,6671,True,B,A,2,1,B
1,6672,True,B,A,6,1,B
1,6673,True,B,A,6,1,B
1,6674,True,A,B,2,0,A
1,6675,True,B,A,2,1,B
1,6676,True,A,B,6,1,A
1,6677,True,A,B,2,1,A
1,6678,True,A,B,1,1,A
1,6679,True,B,A,2,0,B
1,6680,True,A,B,3,1,A
1,6681,True,B,A,2,0,B
1,6682,True,A,B,2,0,A
1,6683,True,A,B,3,1,A
1,6684,True,A,B,1,1,A
1,6685,True,A,B,0,1,A
1,6686,True,B,A,3,1,B
1,6687,False,,,,,
1,6688,True,B,A,2,0,B
1,6689,True,B,A,6,1,B
1,6690,True,A,B,4,1,A
1,6691,True,A,B,2,0,A
1,6692,True,B,A,6,1,B
1,6693,True,A,B,10,1,A
1,6694,True,B,A,10,1,B
1,6695,True,B,A,6,1,B
1,6696,True,A,B,0,1,A
1,6697,True,B,A,1,1,B
1,6698,True,B,A,2,1,B
1,6699,True,A,B,1,1,A
1,6700,True,A,B,2,0,A
1,6701,True,B,A,0,1,B
1,6702,True,A,B,6,1,A
1,6703,True,A,B,10,1,A
1,6704,True,A,B,1,2,A
1,6705,True,B,A,6,1,B
1,6706,True,A,B,10,1,A
1,6707,True,A,B,6,1,A
1,6708,True,B,A,6,1,B
1,6709,True,B,A,10,1,B
1,6710,True,B,A,6,1,B
1,6711,True,A,B,4,1,A
1,6712,True,A,B,10,1,A
1,6713,True,A,B,4,1,A
1,6714,True,A,B,1,2,A
1,6715,True,B,A,6,1,B
1,6716,True,A,B,6,1,A
1,6717,True,B,A,2,1,B
1,6718,True,A,B,0,1,A
1,6719,True,A,B,6,1,A
1,6720,True,A,B,4,1,A
1,6721,True,B,A,1,1,B
1,6722,True,A,B,1,1,A
1,6723,True,A,B,1,1,A
1,6724,True,A,B,6,1,A
1,6725,True,B,A,10,1,B
1,6726,True,B,A,4,1,B
1,6727,True,B,A,0,1,B
1,6728,True,B,A,6,1,B
1,6729,True,B,A,6,1,B
1,6730,True,A,B,1,2,A
1,6731,True,B,A,3,1,B
1,6732,True,A,B,10,1,A
1,6733,True,A,B,3,1,A
1,6734,True,A,B,0,1,A
1,6735,True,B,A,0,1,B
1,6736,True,A,B,10,1,A
1,6737,True,A,B,2,0,A
1,6738,True,B,A,4,1,B
1,6739,True,B,A,3,1,B
1,6740,True,B,A,2,0,B
1,6741,True,B,A,1,1,B
1,6742,True,B,A,4,1,B
1,6743,True,B,A,3,1,B
1,6744,True,A,B,2,0,A
1,6745,True,A,B,3,1,A
1,6746,True,B,A,2,0,B
1,6747,True,B,A,2,1,B
1,6748,True,B,A,0,1,B
1,6749,True,B,A,6,1,B
1,6750,True,A,B,2,0,A
1,6751,True,A,B,1,1,A
1,6752,True,B,A,1,2,B
1,6753,True,A,B,6,1,A
1,6754,True,B,A,10,1,B
1,6755,True,B,A,2,0,B
1,6756,True,A,B,2,0,A
1,6757,True,A,B,0,1,A
1,6758,True,A,B,2,1,A
1,6759,True,A,B,4,1,A
1,6760,True,B,A,2,0,B
1,6761,True,B,A,3,1,B
1,6762,True,A,B,4,1,A
1,6763,True,A,B,2,0,A
1,6764,True,A,B,1,2,A
1,6765,True,B,A,2,0,B
1,6766,True,B,A,4,1,B
1,6767,True,A,B,1,1,A
1,6768,True,A,B,1,1,A
1,6769,True,B,A,10,1,B
1,6770,True,A,B,4,1,A
1,6771,True,B,A,6,1,B
1,6772,True,A,B,10,1,A
1,6773,True,B,A,6,1,B
1,6774,True,A,B,2,1,A
1,6775,True,A,B,6,1,A
1,6776,True,A,B,6,1,A
1,6777,True,A,B,1,1,A
1,6778,True,B,A,10,1,B
1,6779,True,B,A,6,1,B
1,6780,True,A,B,10,1,A
1,6781,True,A,B,6,1,A
1,6782,True,A,B,1,2,A
1,6783,True,B,A,4,1,B
1,6784,True,A,B,1,2,A
1,6785,True,B,A,3,1,B
1,6786,True,B,A,2,1,B
1,6787,True,A,B,1,1,A
1,6788,True,B,A,3,1,B
1,6789,True,A,B,2,0,A
1,6790,True,B,A,4,1,B
1,6791,True,A,B,1,2,A
1,6792,True,A,B,1,2,A
1,6793,True,B,A,2,0,B
1,6794,True,B,A,2,1,B
1,6795,True,B,A,1,1,B
1,6796,True,A,B,1,1,A
1,6797,True,A,B,4,1,A
1,6798,True,B,A,4,1,B
1,6799,True,B,A,4,1,B
1,6800,True,B,A,2,0,B
1,6801,True,B,A,1,1,B
1,6802,True,B,A,6,1,B
1,6803,True,B,A,3,1,B
1,6804,True,B,A,2,1,B
1,6805,True,A,B,6,1,A
1,6806,True,B,A,1,2,B
1,6807,True,A,B,2,0,A
1,6808,True,A,B,4,1,A
1,6809,True,B,A,10,1,B
1,6810,True,B,A,1,2,B
1,6811,True,B,A,0,1,B
1,6812,True,A,B,2,1,A
1,6813,True,B,A,6,1,B
1,6814,True,A,B,1,1,A
1,6815,True,B,A,0,1,B
1,6816,True,B,A,1,2,B
1,6817,True,B,A,6,1,B
1,6818,True,B,A,3,1,B
1,6819,True,B,A,2,0,B
1,6820,True,B,A,4,1,B
1,6821,True,B,A,2,1,B
1,6822,True,A,B,2,0,A
1,6823,True,A,B,2,1,A
1,6824,True,A,B,6,1,A
1,6825,True,A,B,1,1,A
1,6826,True,A,B,2,0,A
1,6827,True,A,B,3,1,A
1,6828,True,A,B,10,1,A
1,6829,True,B,A,1,2,B
1,6830,True,A,B,2,1,A
1,6831,True,B,A,1,1,B
1,6832,True,A,B,2,0,A
1,6833,True,B,A,6,1,B
1,6834,True,A,B,3,1,A
1,6835,True,A,B,2,1,A
1,6836,True,A,B,0,1,A
1,6837,True,A,B,1,1,A
1,6838,True,A,B,2,1,A
1,6839,True,A,B,1,2,A
1,6840,True,A,B,10,1,A
1,6841,True,A,B,3,1,A
1,6842,True,B,A,2,0,B
1,6843,True,B,A,10,1,B
1,6844,True,B,A,1,1,B
1,6845,True,B,A,3,1,B
1,6846,True,A,B,1,2,A
1,6847,True,A,B,1,1,A
1,6848,True,B,A,2,0,B
1,6849,True,A,B,6,1,A
1,6850,True,B,A,1,1,B
1,6851,True,B,A,1,1,B
1,6852,True,B,A,0,1,B
1,6853,True,A,B,6,1,A
1,6854,True,B,A,1,2,B
1,6855,True,B,A,0,1,B
1,6856,True,A,B,0,1,A
1,6857,True,A,B,1,1,A
1,6858,True,B,A,4,1,B
1,6859,True,A,B,10,1,A
1,6860,True,A,B,4,1,A
1,6861,True,B,A,4,1,B
1,6862,True,A,B,1,1,A
1,6863,True,A,B,2,0,A
1,6864,True,A,B,6,1,A
1,6865,True,B,A,0,1,B
1,6866,True,A,B,10,1,A
1,6867,True,A,B,6,1,A
1,6868,True,B,A,4,1,B
1,6869,True,B,A,0,1,B
1,6870,True,B,A,10,1,B
1,6871,True,B,A,4,1,B
1,6872,True,A,B,2,1,A
1,6873,True,B,A,2,0,B
1,6874,True,B,A,1,2,B
1,6875,True,A,B,10,1,A
1,6876,True,B,A,1,2,B
1,6877,True,A,B,6,1,A
1,6878,True,B,A,0,1,B
1,6879,True,A,B,4,1,A
1,6880,True,A,B,2,0,A
1,6881,True,A,B,2,0,A
1,6882,True,A,B,6,1,A
1,6883,True,A,B,1,2,A
1,6884,True,B,A,10,1,B
1,6885,True,B,A,1,2,B
1,6886,True,B,A,2,0,B
1,6887,True,B,A,1,2,B
1,6888,True,A,B,2,0,A
1,6889,True,B,A,1,1,B
1,6890,True,B,A,1,1,B
1,6891,True,A,B,10,1,A
1,6892,True,A,B,1,1,A
1,6893,True,A,B,2,1,A
1,6894,True,B,A,0,1,B
1,6895,True,B,A,2,0,B
1,6896,True,A,B,4,1,A
1,6897,True,B,A,10,1,B
1,6898,True,B,A,0,1,B
1,6899,True,A,B,1,1,A
1,6900,True,B,A,1,2,B
1,6901,True,B,A,6,1,B
1,6902,True,B,A,2,1,B
1,6903,True,A,B,2,0,A
1,6904,True,A,B,1,1,A
1,6905,True,A,B,0,1,A
1,6906,True,B,A,3,1,B
1,6907,True,A,B,3,1,A
1,6908,True,A,B,2,1,A
1,6909,True,A,B,1,2,A
1,6910,True,A,B,1,2,A
1,6911,True,A,B,2,0,A
1,6912,True,A,B,10,1,A
1,6913,True,B,A,3,1,B
1,6914,True,A,B,1,2,A
1,6915,True,B,A,1,2,B
1,6916,True,A,B,1,2,A
1,6917,True,B,A,0,1,B
1,6918,True,B,A,10,1,B
1,6919,True,B,A,0,1,B
1,6920,True,A,B,1,1,A
1,6921,True,A,B,1,2,A
1,6922,True,B,A,1,1,B
1,6923,True,A,B,3,1,A
1,6924,True,B,A,10,1,B
1,6925,True,A,B,10,1,A
1,6926,True,A,B,1,1,A
1,6927,True,A,B,3,1,A
1,6928,True,A,B,0,1,A
1,6929,True,B,A,10,1,B
1,6930,True,A,B,2,1,A
1,6931,True,B,A,1,1,B
1,6932,True,B,A,0,1,B
1,6933,True,A,B,10,1,A
1,6934,True,B,A,1,1,B
1,6935,True,B,A,2,0,B
1,6936,True,B,A,4,1,B
1,6937,True,A,B,1,2,A
1,6938,True,A,B,4,1,A
1,6939,True,B,A,1,1,B
1,6940,True,B,A,0,1,B
1,6941,True,B,A,1,2,B
1,6942,True,B,A,10,1,B
1,6943,True,A,B,1,2,A
1,6944,True,A,B,2,1,A
1,6945,True,B,A,1,1,B
1,6946,True,B,A,10,1,B
1,6947,True,B,A,6,1,B
1,6948,True,A,B,4,1,A
1,6949,True,B,A,6,1,B
1,6950,True,A,B,1,2,A
1,6951,True,A,B,4,1,A
1,6952,True,B,A,1,2,B
1,6953,True,B,A,2,0,B
1,6954,True,B,A,0,1,B
1,6955,True,B,A,0,1,B
1,6956,True,A,B,1,1,A
1,6957,True,A,B,0,1,A
1,6958,True,A,B,6,1,A
1,6959,True,A,B,6,1,A
1,6960,True,B,A,2,0,B
1,6961,True,B,A,1,1,B
1,6962,True,B,A,0,1,B
1,6963,True,B,A,6,1,B
1,6964,True,B,A,0,1,B
1,6965,True,A,B,0,1,A
1,6966,True,B,A,6,1,B
1,6967,True,A,B,1,1,A
1,6968,True,B,A,0,1,B
1,6969,True,B,A,1,2,B
1,6970,True,B,A,4,1,B
1,6971,True,A,B,1,1,A
1,6972,True,A,B,1,1,A
1,6973,True,B,A,10,1,B
1,6974,True,B,A,1,1,B
1,6975,True,B,A,0,1,B
1,6976,True,B,A,4,1,B
1,6977,True,B,A,4,1,B
1,6978,True,A,B,1,2,A
1,6979,True,B,A,6,1,B
1,6980,True,B,A,10,1,B
1,6981,True,A,B,2,1,A
1,6982,True,A,B,0,1,A
1,6983,True,A,B,10,1,A
1,6984,True,B,A,2,1,B
1,6985,True,A,B,6,1,A
1,6986,True,B,A,1,2,B
1,6987,True,A,B,6,1,A
1,6988,True,B,A,4,1,B
1,6989,True,B,A,0,1,B
1,6990,True,A,B,3,1,A
1,6991,True,A,B,4,1,A
1,6992,True,A,B,4,1,A
1,6993,True,A,B,1,2,A
1,6994,True,B,A,4,1,B
1,6995,True,B,A,3,1,B
1,6996,True,B,A,1,1,B
1,6997,True,B,A,3,1,B
1,6998,True,A,B,0,1,A
1,6999,True,A,B,1,1,A
1,7000,True,A,B,3,1,A
1,7001,True,B,A,1,2,B
1,7002,True,B,A,3,1,B
1,7003,True,A,B,1,1,A
1,7004,True,A,B,0,1,A
1,7005,True,A,B,10,1,A
1,7006,True,A,B,4,1,A
1,7007,True,A,B,2,0,A
1,7008,True,A,B,0,1,A
1,7009,True,B,A,2,1,B
1,7010,True,B,A,2,0,B
1,7011,True,A,B,1,2,A
1,7012,True,A,B,4,1,A
1,7013,True,B,A,10,1,B
1,7014,True,A,B,6,1,A
1,7015,True,A,B,0,1,A
1,7016,True,A,B,2,1,A
1,7017,True,A,B,3,1,A
1,7018,True,A,B,4,1,A
1,7019,True,B,A,3,1,B
1,7020,True,B,A,4,1,B
1,7021,True,A,B,10,1,A
1,7022,True,B,A,10,1,B
1,7023,True,B,A,0,1,B
1,7024,True,A,B,0,1,A
1,7025,True,A,B,6,1,A
1,7026,True,A,B,6,1,A
1,7027,True,B,A,3,1,B
1,7028,True,A,B,1,1,A
1,7029,True,B,A,6,1,B
1,7030,True,A,B,1,1,A
1,7031,True,A,B,4,1,A
1,7032,True,A,B,6,1,A
1,7033,True,B,A,3,1,B
1,7034,True,B,A,1,1,B
1,7035,True,B,A,3,1,B
1,7036,True,B,A,6,1,B
1,7037,True,A,B,2,1,A
1,7038,True,B,A,2,1,B
1,7039,True,A,B,1,2,A
1,7040,True,B,A,6,1,B
1,7041,True,B,A,2,1,B
1,7042,True,B,A,2,1,B
1,7043,True,B,A,1,2,B
1,7044,True,A,B,0,1,A
1,7045,True,A,B,6,1,A
1,7046,True,A,B,10,1,A
1,7047,True,B,A,1,2,B
1,7048,True,B,A,1,1,B
1,7049,True,A,B,2,0,A
1,7050,True,B,A,2,0,B
1,7051,True,A,B,1,2,A
1,7052,True,B,A,10,1,B
1,7053,True,A,B,0,1,A
1,7054,True,B,A,4,1,B
1,7055,True,B,A,2,1,B
1,7056,True,A,B,10,1,A
1,7057,True,B,A,2,1,B
1,7058,True,B,A,1,1,B
1,7059,True,B,A,6,1,B
1,7060,True,B,A,1,2,B
1,7061,True,B,A,0,1,B
1,7062,True,A,B,10,1,A
1,7063,True,A,B,3,1,A
1,7064,True,B,A,4,1,B
1,7065,True,B,A,6,1,B
1,7066,True,B,A,6,1,B
1,7067,True,B,A,10,1,B
1,7068,True,A,B,3,1,A
1,7069,True,B,A,6,1,B
1,7070,True,A,B,3,1,A
1,7071,True,A,B,3,1,A
1,7072,True,B,A,1,1,B
1,7073,True,A,B,6,1,A
1,7074,True,A,B,2,0,A
1,7075,True,B,A,2,0,B
1,7076,True,A,B,6,1,A
1,7077,True,B,A,0,1,B
1,7078,True,B,A,1,1,B
1,7079,True,B,A,2,0,B
1,7080,True,B,A,0,1,B
1,7081,True,B,A,10,1,B
1,7082,True,A,B,1,2,A
1,7083,True,B,A,1,2,B
1,7084,True,B,A,4,1,B
1,7085,True,A,B,6,1,A
1,7086,True,B,A,1,2,B
1,7087,True,B,A,4,1,B
1,7088,True,A,B,2,0,A
1,7089,True,A,B,2,1,A
1,7090,True,B,A,1,2,B
1,7091,True,A,B,1,1,A
1,7092,True,A,B,6,1,A
1,7093,True,A,B,6,1,A
1,7094,True,A,B,2,1,A
1,7095,True,B,A,2,0,B
1,7096,True,B,A,2,0,B
1,7097,True,B,A,2,1,B
1,7098,True,B,A,0,1,B
1,7099,True,B,A,2,0,B
1,7100,True,A,B,3,1,A
1,7101,True,B,A,2,0,B
1,7102,True,A,B,4,1,A
1,7103,True,B,A,3,1,B
1,7104,True,A,B,4,1,A
1,7105,True,B,A,2,0,B
1,7106,True,B,A,10,1,B
1,7107,True,A,B,4,1,A
1,7108,True,A,B,3,1,A
1,7109,True,B,A,6,1,B
1,7110,True,B,A,1,1,B
1,7111,True,A,B,10,1,A
1,7112,True,B,A,4,1,B
1,7113,True,B,A,4,1,B
1,7114,True,A,B,1,1,A
1,7115,True,B,A,6,1,B
1,7116,True,A,B,1,1,A
1,7117,True,B,A,6,1,B
1,7118,True,B,A,2,1,B
1,7119,True,A,B,6,1,A
1,7120,True,A,B,1,1,A
1,7121,True,A,B,10,1,A
1,7122,True,A,B,1,1,A
1,7123,True,A,B,10,1,A
1,7124,True,A,B,0,1,A
1,7125,True,A,B,10,1,A
1,7126,True,A,B,2,1,A
1,7127,True,B,A,2,1,B
1,7128,True,B,A,1,1,B
1,7129,True,B,A,6,1,B
1,7130,True,A,B,1,1,A
1,7131,True,A,B,1,2,A
1,7132,True,B,A,3,1,B
1,7133,True,B,A,2,0,B
1,7134,True,B,A,1,1,B
1,7135,True,B,A,2,0,B
1,7136,True,A,B,1,1,A
1,7137,True,B,A,0,1,B
1,7138,True,A,B,6,1,A
1,7139,True,B,A,0,1,B
1,7140,True,B,A,3,1,B
1,7141,True,B,A,2,0,B
1,7142,True,A,B,1,1,A
1,7143,True,A,B,1,1,A
1,7144,True,B,A,0,1,B
1,7145,True,A,B,10,1,A
1,7146,True,B,A,1,2,B
1,7147,True,A,B,4,1,A
1,7148,True,A,B,2,1,A
1,7149,True,B,A,1,2,B
1,7150,True,B,A,2,0,B
1,7151,True,B,A,3,1,B
1,7152,True,B,A,10,1,B
1,7153,True,A,B,4,1,A
1,7154,True,A,B,0,1,A
1,7155,True,A,B,6,1,A
1,7156,True,B,A,6,1,B
1,7157,True,A,B,4,1,A
1,7158,True,B,A,1,1,B
1,7159,True,A,B,10,1,A
1,7160,True,A,B,6,1,A
1,7161,True,B,A,0,1,B
1,7162,True,B,A,6,1,B
1,7163,True,B,A,0,1,B
1,7164,True,B,A,4,1,B
1,7165,True,B,A,0,1,B
1,7166,True,B,A,2,0,B
1,7167,True,A,B,0,1,A
1,7168,True,A,B,4,1,A
1,7169,True,A,B,1,2,A
1,7170,True,B,A,3,1,B
1,7171,True,A,B,0,1,A
1,7172,True,A,B,10,1,A
1,7173,True,A,B,4,1,A
1,7174,True,B,A,2,0,B
1,7175,True,A,B,0,1,A
1,7176,True,B,A,2,1,B
1,7177,True,B,A,1,1,B
1,7178,True,B,A,2,0,B
1,7179,True,B,A,2,1,B
1,7180,True,A,B,0,1,A
1,7181,True,B,A,0,1,B
1,7182,True,B,A,2,0,B
1,7183,True,B,A,2,1,B
1,7184,True,B,A,3,1,B
1,7185,True,A,B,4,1,A
1,7186,True,B,A,2,1,B
1,7187,True,B,A,1,2,B
1,7188,True,A,B,2,0,A
1,7189,True,A,B,1,1,A
1,7190,True,A,B,0,1,A
1,7191,True,A,B,2,0,A
1,7192,True,A,B,1,2,A
1,7193,True,B,A,10,1,B
1,7194,True,B,A,2,1,B
1,7195,True,B,A,4,1,B
1,7196,True,A,B,1,1,A
1,7197,True,A,B,4,1,A
1,7198,True,B,A,1,2,B
1,7199,True,A,B,10,1,A
1,7200,True,A,B,1,2,A
1,7201,True,A,B,4,1,A
1,7202,True,A,B,3,1,A
1,7203,True,A,B,0,1,A
1,7204,True,A,B,2,1,A
1,7205,True,B,A,6,1,B
1,7206,True,B,A,1,1,B
1,7207,True,A,B,4,1,A
1,7208,True,A,B,2,1,A
1,7209,True,B,A,1,1,B
1,7210,True,A,B,2,0,A
1,7211,True,B,A,6,1,B
1,7212,True,B,A,0,1,B
1,7213,True,B,A,1,2,B
1,7214,True,A,B,4,1,A
1,7215,True,B,A,3,1,B
1,7216,True,B,A,2,0,B
1,7217,True,B,A,10,1,B
1,7218,True,B,A,6,1,B
1,7219,True,A,B,2,1,A
1,7220,True,A,B,10,1,A
1,7221,True,B,A,4,1,B
1,7222,True,B,A,2,1,B
1,7223,True,A,B,1,2,A
1,7224,True,A,B,6,1,A
1,7225,True,A,B,1,1,A
1,7226,True,A,B,10,1,A
1,7227,True,B,A,1,1,B
1,7228,True,B,A,2,1,B
1,7229,True,B,A,1,1,B
1,7230,True,B,A,1,1,B
1,7231,True,B,A,0,1,B
1,7232,True,B,A,1,2,B
1,7233,True,A,B,1,1,A
1,7234,True,B,A,2,1,B
1,7235,True,A,B,1,1,A
1,7236,True,B,A,3,1,B
1,7237,True,B,A,3,1,B
1,7238,True,B,A,2,1,B
1,7239,True,A,B,6,1,A
1,7240,True,A,B,6,1,A
1,7241,True,A,B,0,1,A
1,7242,True,A,B,2,1,A
1,7243,True,B,A,2,1,B
1,7244,True,B,A,2,0,B
1,7245,True,B,A,3,1,B
1,7246,True,B,A,2,1,B
1,7247,True,B,A,1,1,B
1,7248,True,A,B,6,1,A
1,7249,True,B,A,3,1,B
1,7250,True,B,A,1,1,B
1,7251,True,B,A,2,0,B
1,7252,True,B,A,10,1,B
1,7253,True,B,A,2,0,B
1,7254,True,B,A,3,1,B
1,7255,True,A,B,1,2,A
1,7256,True,B,A,1,1,B
1,7257,True,B,A,1,2,B
1,7258,True,B,A,6,1,B
1,7259,True,B,A,3,1,B
1,7260,True,B,A,10,1,B
1,7261,True,A,B,10,1,A
1,7262,True,B,A,3,1,B
1,7263,True,A,B,4,1,A
1,7264,True,B,A,6,1,B
1,7265,True,B,A,3,1,B
1,7266,True,B,A,2,1,B
1,7267,True,A,B,6,1,A
1,7268,True,A,B,10,1,A
1,7269,True,B,A,6,1,B
1,7270,True,A,B,3,1,A
1,7271,True,B,A,1,2,B
1,7272,True,B,A,0,1,B
1,7273,True,A,B,3,1,A
1,7274,True,A,B,0,1,A
1,7275,True,B,A,4,1,B
1,7276,True,B,A,2,1,B
1,7277,True,B,A,0,1,B
1,7278,True,B,A,4,1,B
1,7279,True,B,A,4,1,B
1,7280,True,A,B,6,1,A
1,7281,True,B,A,2,0,B
1,7282,True,A,B,1,2,A
1,7283,True,A,B,4,1,A
1,7284,True,B,A,4,1,B
1,7285,True,A,B,1,1,A
1,7286,True,A,B,4,1,A
1,7287,True,A,B,1,1,A
1,7288,True,A,B,10,1,A
1,7289,True,A,B,1,1,A
1,7290,True,B,A,0,1,B
1,7291,True,A,B,2,1,A
1,7292,True,B,A,1,2,B
1,7293,True,A,B,2,0,A
1,7294,True,A,B,1,2,A
1,7295,True,A,B,2,0,A
1,7296,True,A,B,1,1,A
1,7297,True,A,B,6,1,A
1,7298,True,A,B,3,1,A
1,7299,True,B,A,3,1,B
1,7300,True,A,B,10,1,A
1,7301,True,A,B,10,1,A
1,7302,True,B,A,1,1,B
1,7303,True,B,A,1,1,B
1,7304,True,B,A,6,1,B
1,7305,True,B,A,10,1,B
1,7306,True,A,B,4,1,A
1,7307,True,B,A,1,1,B
1,7308,True,A,B,3,1,A
1,7309,True,A,B,6,1,A
1,7310,True,A,B,2,0,A
1,7311,True,B,A,1,1,B
1,7312,True,A,B,0,1,A
1,7313,True,A,B,2,0,A
1,7314,True,A,B,1,1,A
1,7315,True,A,B,10,1,A
1,7316,True,B,A,1,1,B
1,7317,True,A,B,2,1,A
1,7318,True,A,B,4,1,A
1,7319,True,B,A,6,1,B
1,7320,True,B,A,4,1,B
1,7321,True,B,A,1,1,B
1,7322,True,B,A,6,1,B
1,7323,True,A,B,6,1,A
1,7324,True,A,B,2,0,A
1,7325,True,B,A,2,0,B
1,7326,True,A,B,6,1,A
1,7327,True,B,A,1,1,B
1,7328,True,B,A,2,1,B
1,7329,True,A,B,10,1,A
1,7330,True,A,B,6,1,A
1,7331,True,B,A,3,1,B
1,7332,True,A,B,10,1,A
1,7333,True,A,B,3,1,A
1,7334,True,A,B,3,1,A
1,7335,True,B,A,2,0,B
1,7336,True,B,A,2,0,B
1,7337,True,A,B,0,1,A
1,7338,True,B,A,1,2,B
1,7339,True,B,A,2,0,B
1,7340,True,B,A,1,2,B
1,7341,True,B,A,4,1,B
1,7342,True,A,B,6,1,A
1,7343,True,B,A,3,1,B
1,7344,True,B,A,2,0,B
1,7345,True,A,B,1,1,A
1,7346,True,A,B,2,0,A
1,7347,True,B,A,1,1,B
1,7348,True,B,A,2,0,B
1,7349,True,A,B,1,2,A
1,7350,True,A,B,6,1,A
1,7351,True,B,A,0,1,B
1,7352,True,A,B,1,1,A
1,7353,True,B,A,2,0,B
1,7354,True,A,B,6,1,A
1,7355,True,B,A,6,1,B
1,7356,True,A,B,2,1,A
1,7357,True,B,A,6,1,B
1,7358,True,B,A,1,1,B
1,7359,True,A,B,2,0,A
1,7360,True,B,A,4,1,B
1,7361,True,B,A,1,1,B
1,7362,True,A,B,1,2,A
1,7363,True,A,B,6,1,A
1,7364,True,B,A,0,1,B
1,7365,True,A,B,0,1,A
1,7366,True,A,B,2,0,A
1,7367,True,B,A,1,2,B
1,7368,True,B,A,1,2,B
1,7369,True,A,B,4,1,A
1,7370,True,B,A,2,0,B
1,7371,True,B,A,3,1,B
1,7372,True,B,A,10,1,B
1,7373,True,B,A,1,1,B
1,7374,True,A,B,10,1,A
1,7375,True,A,B,4,1,A
1,7376,True,B,A,2,1,B
1,7377,True,A,B,3,1,A
1,7378,True,A,B,6,1,A
1,7379,True,A,B,2,0,A
1,7380,True,B,A,0,1,B
1,7381,True,B,A,1,1,B
1,7382,True,A,B,1,1,A
1,7383,True,B,A,1,1,B
1,7384,True,A,B,4,1,A
1,7385,True,A,B,2,0,A
1,7386,True,B,A,10,1,B
1,7387,True,B,A,1,2,B
1,7388,True,A,B,6,1,A
1,7389,True,B,A,6,1,B
1,7390,True,A,B,2,0,A
1,7391,True,B,A,2,1,B
1,7392,True,A,B,2,0,A
1,7393,True,B,A,10,1,B
1,7394,True,A,B,10,1,A
1,7395,True,B,A,6,1,B
1,7396,True,A,B,0,1,A
1,7397,True,B,A,6,1,B
1,7398,True,B,A,0,1,B
1,7399,True,A,B,2,1,A
1,7400,True,B,A,1,2,B
1,7401,True,B,A,4,1,B
1,7402,True,B,A,2,1,B
1,7403,True,A,B,2,0,A
1,7404,True,B,A,1,2,B
1,7405,True,B,A,0,1,B
1,7406,True,B,A,2,0,B
1,7407,True,B,A,6,1,B
1,7408,True,B,A,10,1,B
1,7409,True,B,A,6,1,B
1,7410,True,A,B,0,1,A
1,7411,True,B,A,1,2,B
1,7412,True,A,B,0,1,A
1,7413,True,A,B,2,0,A
1,7414,True,A,B,0,1,A
1,7415,True,B,A,2,1,B
1,7416,True,A,B,3,1,A
1,7417,True,B,A,0,1,B
1,7418,True,B,A,3,1,B
1,7419,True,B,A,2,0,B
1,7420,True,A,B,6,1,A
1,7421,True,A,B,2,0,A
1,7422,True,B,A,6,1,B
1,7423,True,B,A,2,0,B
1,7424,True,A,B,4,1,A
1,7425,True,B,A,10,1,B
1,7426,True,A,B,2,0,A
1,7427,True,B,A,3,1,B
1,7428,True,A,B,6,1,A
1,7429,True,B,A,1,2,B
1,7430,True,B,A,10,1,B
1,7431,True,A,B,1,1,A
1,7432,True,B,A,2,0,B
1,7433,True,B,A,6,1,B
1,7434,True,B,A,2,0,B
1,7435,True,B,A,6,1,B
1,7436,True,B,A,1,2,B
1,7437,True,B,A,2,0,B
1,7438,True,A,B,2,0,A
1,7439,True,B,A,2,1,B
1,7440,True,B,A,3,1,B
1,7441,True,A,B,0,1,A
1,7442,True,B,A,10,1,B
1,7443,True,B,A,3,1,B
1,7444,True,B,A,4,1,B
1,7445,True,A,B,3,1,A
1,7446,True,B,A,1,1,B
1,7447,True,A,B,6,1,A
1,7448,True,A,B,4,1,A
1,7449,True,A,B,4,1,A
1,7450,True,B,A,2,1,B
1,7451,True,B,A,1,2,B
1,7452,True,A,B,3,1,A
1,7453,True,B,A,6,1,B
1,7454,True,B,A,0,1,B
1,7455,True,B,A,3,1,B
1,7456,True,B,A,1,2,B
1,7457,True,B,A,4,1,B
1,7458,True,B,A,4,1,B
1,7459,True,B,A,2,0,B
1,7460,True,A,B,6,1,A
1,7461,True,B,A,1,2,B
1,7462,True,A,B,2,0,A
1,7463,True,A,B,6,1,A
1,7464,True,B,A,1,1,B
1,7465,True,A,B,2,0,A
1,7466,True,A,B,1,1,A
1,7467,True,A,B,0,1,A
1,7468,True,A,B,10,1,A
1,7469,True,B,A,1,1,B
1,7470,True,A,B,10,1,A
1,7471,True,B,A,10,1,B
1,7472,True,A,B,0,1,A
1,7473,True,B,A,1,1,B
1,7474,True,A,B,10,1,A
1,7475,True,A,B,1,2,A
1,7476,True,B,A,1,1,B
1,7477,True,A,B,6,1,A
1,7478,True,A,B,1,1,A
1,7479,True,B,A,6,1,B
1,7480,True,B,A,6,1,B
1,7481,True,A,B,1,2,A
1,7482,True,B,A,0,1,B
1,7483,True,B,A,2,0,B
1,7484,True,B,A,1,1,B
1,7485,True,B,A,1,2,B
1,7486,True,B,A,4,1,B
1,7487,True,A,B,1,1,A
1,7488,True,A,B,0,1,A
1,7489,True,B,A,3,1,B
1,7490,True,B,A,6,1,B
1,7491,True,B,A,6,1,B
1,7492,True,B,A,6,1,B
1,7493,True,B,A,1,2,B
1,7494,True,B,A,4,1,B
1,7495,True,A,B,1,1,A
1,7496,True,A,B,1,1,A
1,7497,True,B,A,1,1,B
1,7498,True,B,A,0,1,B
1,7499,True,B,A,6,1,B
1,7500,True,B,A,3,1,B
1,7501,True,A,B,1,2,A
1,7502,True,A,B,6,1,A
1,7503,True,B,A,4,1,B
1,7504,True,A,B,1,1,A
1,7505,True,A,B,0,1,A
1,7506,True,A,B,3,1,A
1,7507,True,B,A,6,1,B
1,7508,True,A,B,1,2,A
1,7509,True,A,B,0,1,A
1,7510,True,B,A,1,2,B
1,7511,True,B,A,2,1,B
1,7512,True,B,A,1,1,B
1,7513,True,A,B,4,1,A
1,7514,True,B,A,4,1,B
1,7515,True,A,B,1,1,A
1,7516,True,B,A,2,0,B
1,7517,True,B,A,0,1,B
1,7518,True,A,B,1,2,A
1,7519,True,B,A,4,1,B
1,7520,True,B,A,4,1,B
1,7521,True,B,A,0,1,B
1,7522,True,A,B,6,1,A
1,7523,True,B,A,1,1,B
1,7524,True,A,B,3,1,A
1,7525,True,A,B,2,0,A
1,7526,True,B,A,4,1,B
1,7527,True,B,A,6,1,B
1,7528,True,B,A,6,1,B
1,7529,True,A,B,0,1,A
1,7530,True,A,B,10,1,A
1,7531,True,B,A,3,1,B
1,7532,True,B,A,3,1,B
1,7533,True,A,B,2,0,A
1,7534,True,B,A,4,1,B
1,7535,True,B,A,1,1,B
1,7536,True,A,B,1,2,A
1,7537,True,A,B,0,1,A
1,7538,True,A,B,6,1,A
1,7539,True,B,A,10,1,B
1,7540,True,B,A,1,1,B
1,7541,True,A,B,6,1,A
1,7542,True,A,B,4,1,A
1,7543,True,A,B,6,1,A
1,7544,True,A,B,3,1,A
1,7545,True,A,B,3,1,A
1,7546,True,A,B,6,1,A
1,7547,True,B,A,2,0,B
1,7548,True,A,B,2,1,A
1,7549,True,A,B,0,1,A
1,7550,True,B,A,10,1,B
1,7551,True,B,A,1,2,B
1,7552,True,B,A,0,1,B
1,7553,True,A,B,6,1,A
1,7554,True,A,B,3,1,A
1,7555,True,A,B,2,0,A
1,7556,True,A,B,2,1,A
1,7557,True,B,A,10,1,B
1,7558,True,A,B,4,1,A
1,7559,True,A,B,2,0,A
1,7560,True,B,A,6,1,B
1,7561,True,A,B,2,1,A
1,7562,True,B,A,2,1,B
1,7563,True,B,A,6,1,B
1,7564,True,A,B,3,1,A
1,7565,True,A,B,3,1,A
1,7566,True,B,A,6,1,B
1,7567,True,A,B,6,1,A
1,7568,True,A,B,4,1,A
1,7569,True,B,A,1,2,B
1,7570,True,A,B,6,1,A
1,7571,True,B,A,1,1,B
1,7572,True,A,B,1,2,A
1,7573,True,A,B,1,2,A
1,7574,True,A,B,3,1,A
1,7575,True,B,A,3,1,B
1,7576,True,B,A,1,1,B
1,7577,True,B,A,0,1,B
1,7578,True,B,A,0,1,B
1,7579,True,B,A,1,2,B
1,7580,True,A,B,3,1,A
1,7581,True,B,A,2,1,B
1,7582,True,A,B,2,1,A
1,7583,True,A,B,3,1,A
1,7584,True,B,A,2,1,B
1,7585,True,A,B,1,1,A
1,7586,True,B,A,10,1,B
1,7587,True,B,A,1,1,B
1,7588,True,B,A,1,2,B
1,7589,True,A,B,3,1,A
1,7590,True,B,A,6,1,B
1,7591,True,B,A,2,1,B
1,7592,True,A,B,6,1,A
1,7593,True,B,A,1,1,B
1,7594,True,B,A,0,1,B
1,7595,True,B,A,1,1,B
1,7596,True,A,B,0,1,A
1,7597,True,A,B,2,0,A
1,7598,True,A,B,3,1,A
1,7599,True,A,B,1,2,A
1,7600,True,A,B,6,1,A
1,7601,True,B,A,1,1,B
1,7602,True,B,A,2,0,B
1,7603,True,B,A,10,1,B
1,7604,True,B,A,6,1,B
1,7605,True,B,A,2,0,B
1,7606,True,B,A,2,1,B
1,7607,True,B,A,10,1,B
1,7608,True,A,B,0,1,A
1,7609,True,B,A,1,1,B
1,7610,True,A,B,10,1,A
1,7611,True,A,B,4,1,A
1,7612,True,A,B,0,1,A
1,7613,True,A,B,3,1,A
1,7614,True,B,A,2,0,B
1,7615,True,B,A,1,2,B
1,7616,True,A,B,3,1,A
1,7617,True,B,A,3,1,B
1,7618,True,A,B,3,1,A
1,7619,True,A,B,0,1,A
1,7620,True,A,B,0,1,A
1,7621,True,B,A,2,0,B
1,7622,True,B,A,1,1,B
1,7623,True,B,A,1,2,B
1,7624,True,B,A,6,1,B
1,7625,True,A,B,2,1,A
1,7626,True,B,A,2,1,B
1,7627,True,B,A,2,1,B
1,7628,True,A,B,1,1,A
1,7629,True,A,B,2,0,A
1,7630,True,B,A,10,1,B
1,7631,True,B,A,0,1,B
1,7632,True,B,A,0,1,B
1,7633,True,A,B,4,1,A
1,7634,True,A,B,4,1,A
1,7635,True,A,B,3,1,A
1,7636,True,A,B,3,1,A
1,7637,True,B,A,0,1,B
1,7638,True,A,B,0,1,A
1,7639,True,A,B,3,1,A
1,7640,True,A,B,1,1,A
1,7641,True,A,B,4,1,A
1,7642,True,A,B,10,1,A
1,7643,True,B,A,1,1,B
1,7644,True,A,B,0,1,A
1,7645,True,B,A,6,1,B
1,7646,True,A,B,0,1,A
1,7647,True,A,B,0,1,A
1,7648,True,A,B,1,1,A
1,7649,True,B,A,10,1,B
1,7650,True,B,A,0,1,B
1,7651,True,A,B,1,2,A
1,7652,True,B,A,1,1,B
1,7653,True,A,B,4,1,A
1,7654,True,A,B,1,1,A
1,7655,True,A,B,6,1,A
1,7656,True,A,B,10,1,A
1,7657,True,B,A,1,2,B
1,7658,True,A,B,2,1,A
1,7659,True,A,B,6,1,A
1,7660,True,A,B,4,1,A
1,7661,True,A,B,2,0,A
1,7662,True,A,B,10,1,A
1,7663,True,B,A,6,1,B
1,7664,True,B,A,3,1,B
1,7665,True,B,A,4,1,B
1,7666,True,B,A,2,0,B
1,7667,True,A,B,1,2,A
1,7668,True,A,B,1,1,A
1,7669,True,A,B,0,1,A
1,7670,True,A,B,6,1,A
1,7671,True,B,A,2,1,B
1,7672,True,B,A,6,1,B
1,7673,True,B,A,1,2,B
1,7674,True,B,A,3,1,B
1,7675,True,B,A,10,1,B
1,7676,True,A,B,4,1,A
1,7677,True,A,B,6,1,A
1,7678,True,A,B,10,1,A
1,7679,True,B,A,1,2,B
1,7680,True,B,A,1,1,B
1,7681,True,A,B,2,0,A
1,7682,True,A,B,10,1,A
1,7683,True,A,B,3,1,A
1,7684,True,B,A,10,1,B
1,7685,True,B,A,0,1,B
1,7686,True,B,A,10,1,B
1,7687,True,B,A,2,1,B
1,7688,True,A,B,4,1,A
1,7689,True,A,B,4,1,A
1,7690,True,B,A,1,1,B
1,7691,True,A,B,0,1,A
1,7692,True,A,B,1,2,A
1,7693,True,B,A,4,1,B
1,7694,True,A,B,10,1,A
1,7695,True,B,A,1,1,B
1,7696,True,B,A,6,1,B
1,7697,True,B,A,2,1,B
1,7698,True,A,B,4,1,A
1,7699,True,A,B,2,1,A
1,7700,True,B,A,6,1,B
1,7701,True,A,B,2,1,A
1,7702,True,B,A,3,1,B
1,7703,True,A,B,2,1,A
1,7704,True,A,B,10,1,A
1,7705,True,B,A,6,1,B
1,7706,True,A,B,10,1,A
1,7707,True,A,B,0,1,A
1,7708,True,A,B,10,1,A
1,7709,True,A,B,4,1,A
1,7710,True,A,B,1,1,A
1,7711,True,B,A,3,1,B
1,7712,True,A,B,1,2,A
1,7713,True,A,B,0,1,A
1,7714,True,A,B,3,1,A
1,7715,True,B,A,3,1,B
1,7716,True,A,B,2,0,A
1,7717,True,B,A,6,1,B
1,7718,True,A,B,2,0,A
1,7719,True,A,B,1,1,A
1,7720,True,B,A,4,1,B
1,7721,True,A,B,0,1,A
1,7722,True,B,A,1,2,B
1,7723,True,B,A,1,1,B
1,7724,True,A,B,1,2,A
1,7725,True,A,B,2,0,A
1,7726,True,A,B,0,1,A
1,7727,True,A,B,10,1,A
1,7728,True,B,A,0,1,B
1,7729,True,A,B,1,1,A
1,7730,True,A,B,10,1,A
1,7731,True,B,A,2,0,B
1,7732,True,B,A,2,0,B
1,7733,True,A,B,2,1,A
1,7734,True,B,A,1,2,B
1,7735,True,A,B,4,1,A
1,7736,True,B,A,3,1,B
1,7737,True,B,A,4,1,B
1,7738,True,A,B,0,1,A
1,7739,True,A,B,2,1,A
1,7740,True,A,B,0,1,A
1,7741,True,A,B,10,1,A
1,7742,True,A,B,0,1,A
1,7743,True,B,A,1,1,B
1,7744,True,B,A,1,2,B
1,7745,True,B,A,2,0,B
1,7746,True,A,B,1,2,A
1,7747,True,A,B,2,1,A
1,7748,True,B,A,2,1,B
1,7749,True,B,A,4,1,B
1,7750,True,A,B,1,1,A
1,7751,True,A,B,10,1,A
1,7752,True,B,A,6,1,B
1,7753,True,B,A,3,1,B
1,7754,True,A,B,10,1,A
1,7755,True,A,B,3,1,A
1,7756,True,B,A,10,1,B
1,7757,True,A,B,1,1,A
1,7758,True,A,B,4,1,A
1,7759,True,A,B,4,1,A
1,7760,True,B,A,10,1,B
1,7761,True,A,B,6,1,A
1,7762,True,B,A,4,1,B
1,7763,True,A,B,0,1,A
1,7764,True,B,A,1,1,B
1,7765,True,B,A,4,1,B
1,7766,True,A,B,3,1,A
1,7767,True,A,B,3,1,A
1,7768,True,B,A,1,2,B
1,7769,True,A,B,1,2,A
1,7770,True,B,A,2,1,B
1,7771,True,A,B,3,1,A
1,7772,True,A,B,2,1,A
1,7773,True,B,A,0,1,B
1,7774,True,A,B,10,1,A
1,7775,True,B,A,3,1,B
1,7776,True,A,B,3,1,A
1,7777,True,B,A,3,1,B
1,7778,True,A,B,1,1,A
1,7779,True,A,B,1,2,A
1,7780,True,B,A,2,1,B
1,7781,True,A,B,1,2,A
1,7782,True,A,B,0,1,A
1,7783,True,A,B,1,1,A
1,7784,True,A,B,0,1,A
1,7785,True,A,B,4,1,A
1,7786,True,A,B,1,2,A
1,7787,True,A,B,10,1,A
1,7788,True,A,B,0,1,A
1,7789,True,A,B,0,1,A
1,7790,True,B,A,3,1,B
1,7791,True,A,B,1,1,A
1,7792,True,B,A,6,1,B
1,7793,True,A,B,2,0,A
1,7794,True,A,B,10,1,A
1,7795,True,A,B,2,1,A
1,7796,True,A,B,2,1,A
1,7797,True,A,B,1,1,A
1,7798,True,B,A,1,1,B
1,7799,True,A,B,2,1,A
1,7800,True,B,A,2,1,B
1,7801,True,B,A,1,2,B
1,7802,True,A,B,1,2,A
1,7803,True,B,A,1,2,B
1,7804,True,A,B,1,1,A
1,7805,True,A,B,1,2,A
1,7806,True,A,B,4,1,A
1,7807,True,B,A,6,1,B
1,7808,True,B,A,4,1,B
1,7809,True,B,A,2,0,B
1,7810,True,B,A,10,1,B
1,7811,True,A,B,1,2,A
1,7812,True,A,B,3,1,A
1,7813,True,B,A,6,1,B
1,7814,True,A,B,1,1,A
1,7815,True,A,B,4,1,A
1,7816,True,B,A,0,1,B
1,7817,True,A,B,3,1,A
1,7818,True,A,B,2,1,A
1,7819,True,B,A,10,1,B
1,7820,True,B,A,10,1,B
1,7821,True,A,B,1,1,A
1,7822,True,B,A,3,1,B
1,7823,True,A,B,6,1,A
1,7824,True,A,B,1,2,A
1,7825,True,B,A,0,1,B
1,7826,True,B,A,2,1,B
1,7827,True,A,B,2,0,A
1,7828,True,B,A,6,1,B
1,7829,True,A,B,3,1,A
1,7830,True,B,A,6,1,B
1,7831,True,A,B,3,1,A
1,7832,True,B,A,1,2,B
1,7833,True,A,B,3,1,A
1,7834,True,B,A,1,1,B
1,7835,True,B,A,3,1,B
1,7836,True,A,B,3,1,A
1,7837,True,B,A,4,1,B
1,7838,True,A,B,6,1,A
1,7839,True,B,A,2,1,B
1,7840,True,B,A,4,1,B
1,7841,True,B,A,2,1,B
1,7842,True,B,A,2,1,B
1,7843,True,A,B,10,1,A
1,7844,True,A,B,6,1,A
1,7845,True,A,B,1,2,A
1,7846,True,B,A,3,1,B
1,7847,True,B,A,6,1,B
1,7848,True,B,A,10,1,B
1,7849,True,B,A,2,0,B
1,7850,True,A,B,10,1,A
1,7851,True,B,A,4,1,B
1,7852,True,B,A,1,2,B
1,7853,True,A,B,2,1,A
1,7854,True,B,A,3,1,B
1,7855,True,B,A,2,0,B
1,7856,True,A,B,1,1,A
1,7857,True,B,A,3,1,B
1,7858,True,A,B,1,2,A
1,7859,True,B,A,1,2,B
1,7860,True,B,A,6,1,B
1,7861,True,A,B,1,2,A
1,7862,True,A,B,10,1,A
1,7863,True,B,A,4,1,B
1,7864,True,B,A,2,1,B
1,7865,True,B,A,3,1,B
1,7866,True,B,A,1,2,B
1,7867,True,A,B,2,1,A
1,7868,True,A,B,2,0,A
1,7869,True,A,B,2,0,A
1,7870,True,B,A,6,1,B
1,7871,True,A,B,3,1,A
1,7872,True,A,B,0,1,A
1,7873,True,A,B,3,1,A
1,7874,True,B,A,10,1,B
1,7875,True,B,A,2,1,B
1,7876,True,B,A,0,1,B
1,7877,True,A,B,6,1,A
1,7878,True,B,A,3,1,B
1,7879,True,B,A,4,1,B
1,7880,True,A,B,4,1,A
1,7881,True,A,B,2,1,A
1,7882,True,A,B,10,1,A
1,7883,True,A,B,10,1,A
1,7884,True,B,A,2,1,B
1,7885,True,A,B,3,1,A
1,7886,True,B,A,2,1,B
1,7887,True,B,A,2,1,B
1,7888,True,A,B,3,1,A
1,7889,True,B,A,2,1,B
1,7890,True,B,A,1,2,B
1,7891,True,A,B,10,1,A
1,7892,True,B,A,10,1,B
1,7893,True,B,A,1,2,B
1,7894,True,B,A,4,1,B
1,7895,True,B,A,3,1,B
1,7896,True,B,A,10,1,B
1,7897,True,A,B,3,1,A
1,7898,True,A,B,10,1,A
1,7899,True,A,B,4,1,A
1,7900,True,B,A,3,1,B
1,7901,True,B,A,10,1,B
1,7902,True,A,B,1,2,A
1,7903,True,B,A,1,2,B
1,7904,True,B,A,4,1,B
1,7905,True,A,B,1,2,A
1,7906,True,A,B,4,1,A
1,7907,True,B,A,3,1,B
1,7908,True,B,A,2,1,B
1,7909,True,A,B,2,1,A
1,7910,True,B,A,2,0,B
1,7911,True,A,B,6,1,A
1,7912,True,A,B,3,1,A
1,7913,True,B,A,2,1,B
1,7914,True,A,B,1,1,A
1,7915,True,A,B,1,2,A
1,7916,True,A,B,3,1,A
1,7917,True,A,B,2,0,A
1,7918,True,A,B,10,1,A
1,7919,True,A,B,1,1,A
1,7920,True,A,B,1,2,A
1,7921,True,A,B,2,1,A
1,7922,True,A,B,2,0,A
1,7923,True,B,A,3,1,B
1,7924,True,A,B,10,1,A
1,7925,True,B,A,4,1,B
1,7926,True,B,A,6,1,B
1,7927,True,B,A,1,2,B
1,7928,True,A,B,10,1,A
1,7929,True,B,A,3,1,B
1,7930,True,A,B,6,1,A
1,7931,True,A,B,10,1,A
1,7932,True,B,A,2,1,B
1,7933,True,B,A,3,1,B
1,7934,True,B,A,1,2,B
1,7935,True,A,B,1,2,A
1,7936,True,B,A,3,1,B
1,7937,True,B,A,2,1,B
1,7938,True,A,B,6,1,A
1,7939,True,B,A,6,1,B
1,7940,True,B,A,2,0,B
1,7941,True,A,B,2,1,A
1,7942,True,B,A,0,1,B
1,7943,True,B,A,4,1,B
1,7944,True,A,B,2,0,A
1,7945,True,A,B,4,1,A
1,7946,True,B,A,4,1,B
1,7947,True,B,A,6,1,B
1,7948,True,A,B,1,1,A
1,7949,True,A,B,10,1,A
1,7950,True,A,B,4,1,A
1,7951,False,,,,,
1,7952,True,A,B,10,1,A
1,7953,True,B,A,0,1,B
1,7954,True,B,A,6,1,B
1,7955,True,B,A,1,1,B
1,7956,True,A,B,10,1,A
1,7957,True,A,B,6,1,A
1,7958,True,A,B,1,2,A
1,7959,True,B,A,2,1,B
1,7960,True,A,B,1,1,A
1,7961,True,B,A,10,1,B
1,7962,True,A,B,2,0,A
1,7963,True,A,B,10,1,A
1,7964,True,B,A,3,1,B
1,7965,True,A,B,6,1,A
1,7966,True,A,B,10,1,A
1,7967,True,B,A,1,1,B
1,7968,True,B,A,10,1,B
1,7969,True,A,B,3,1,A
1,7970,True,A,B,3,1,A
1,7971,True,B,A,10,1,B
1,7972,True,A,B,2,1,A
1,7973,True,A,B,3,1,A
1,7974,True,A,B,1,1,A
1,7975,True,A,B,2,0,A
1,7976,True,B,A,6,1,B
1,7977,True,B,A,1,2,B
1,7978,True,B,A,1,2,B
1,7979,True,B,A,2,0,B
1,7980,True,A,B,1,1,A
1,7981,True,A,B,0,1,A
1,7982,True,B,A,2,1,B
1,7983,True,B,A,1,2,B
1,7984,True,B,A,6,1,B
1,7985,True,B,A,0,1,B
1,7986,True,A,B,2,1,A
1,7987,True,B,A,4,1,B
1,7988,True,A,B,4,1,A
1,7989,True,A,B,1,2,A
1,7990,True,A,B,2,1,A
1,7991,True,B,A,4,1,B
1,7992,True,B,A,3,1,B
1,7993,True,A,B,3,1,A
1,7994,True,B,A,1,1,B
1,7995,True,A,B,0,1,A
1,7996,True,A,B,1,2,A
1,7997,True,A,B,0,1,A
1,7998,True,B,A,4,1,B
1,7999,True,B,A,3,1,B
1,8000,True,B,A,1,2,B
1,8001,True,A,B,2,1,A
1,8002,True,B,A,6,1,B
1,8003,True,A,B,3,1,A
1,8004,True,A,B,1,2,A
1,8005,True,A,B,2,0,A
1,8006,True,A,B,1,1,A
1,8007,True,A,B,2,0,A
1,8008,True,B,A,2,1,B
1,8009,True,A,B,3,1,A
1,8010,True,A,B,0,1,A
1,8011,True,A,B,2,1,A
1,8012,True,A,B,6,1,A
1,8013,True,B,A,10,1,B
1,8014,True,B,A,2,1,B
1,8015,True,A,B,0,1,A
1,8016,True,B,A,1,2,B
1,8017,True,B,A,2,0,B
1,8018,True,A,B,6,1,A
1,8019,True,B,A,2,0,B
1,8020,True,A,B,10,1,A
1,8021,True,B,A,10,1,B
1,8022,True,A,B,1,2,A
1,8023,True,B,A,6,1,B
1,8024,True,A,B,0,1,A
1,8025,True,B,A,2,1,B
1,8026,True,B,A,1,1,B
1,8027,True,A,B,6,1,A
1,8028,True,B,A,10,1,B
1,8029,True,A,B,2,1,A
1,8030,True,B,A,4,1,B
1,8031,True,B,A,0,1,B
1,8032,True,A,B,2,1,A
1,8033,True,A,B,1,2,A
1,8034,True,A,B,2,1,A
1,8035,True,A,B,2,0,A
1,8036,True,B,A,4,1,B
1,8037,True,A,B,1,1,A
1,8038,True,A,B,10,1,A
1,8039,True,B,A,2,1,B
1,8040,True,B,A,1,1,B
1,8041,True,A,B,1,1,A
1,8042,True,A,B,0,1,A
1,8043,True,A,B,0,1,A
1,8044,True,B,A,1,1,B
1,8045,True,A,B,2,1,A
1,8046,True,A,B,1,1,A
1,8047,True,A,B,10,1,A
1,8048,True,B,A,2,1,B
1,8049,True,A,B,1,2,A
1,8050,True,A,B,6,1,A
1,8051,True,B,A,2,0,B
1,8052,True,A,B,2,0,A
1,8053,True,A,B,4,1,A
1,8054,True,A,B,1,1,A
1,8055,True,A,B,4,1,A
1,8056,True,B,A,2,1,B
1,8057,True,B,A,2,0,B
1,8058,True,B,A,1,2,B
1,8059,True,A,B,10,1,A
1,8060,True,A,B,1,2,A
1,8061,True,A,B,2,0,A
1,8062,True,A,B,10,1,A
1,8063,True,B,A,3,1,B
1,8064,True,A,B,1,2,A
1,8065,True,A,B,0,1,A
1,8066,True,A,B,2,0,A
1,8067,True,B,A,4,1,B
1,8068,True,B,A,1,1,B
1,8069,True,A,B,1,2,A
1,8070,True,B,A,4,1,B
1,8071,True,B,A,1,1,B
1,8072,True,B,A,10,1,B
1,8073,True,B,A,1,1,B
1,8074,True,A,B,4,1,A
1,8075,True,A,B,2,1,A
1,8076,True,A,B,6,1,A
1,8077,True,B,A,4,1,B
1,8078,True,A,B,4,1,A
1,8079,True,A,B,4,1,A
1,8080,True,B,A,10,1,B
1,8081,True,B,A,4,1,B
1,8082,True,A,B,2,0,A
1,8083,True,A,B,10,1,A
1,8084,True,A,B,10,1,A
1,8085,True,B,A,6,1,B
1,8086,True,A,B,4,1,A
1,8087,True,A,B,4,1,A
1,8088,True,A,B,4,1,A
1,8089,True,A,B,3,1,A
1,8090,True,B,A,4,1,B
1,8091,True,B,A,10,1,B
1,8092,True,A,B,4,1,A
1,8093,True,B,A,6,1,B
1,8094,True,B,A,2,1,B
1,8095,True,A,B,6,1,A
1,8096,True,A,B,2,1,A
1,8097,True,B,A,4,1,B
1,8098,True,B,A,4,1,B
1,8099,True,B,A,0,1,B
1,8100,True,B,A,2,0,B
1,8101,True,A,B,4,1,A
1,8102,True,B,A,1,1,B
1,8103,True,A,B,10,1,A
1,8104,True,B,A,4,1,B
1,8105,True,A,B,1,2,A
1,8106,True,B,A,6,1,B
1,8107,True,A,B,4,1,A
1,8108,True,B,A,4,1,B
1,8109,True,A,B,4,1,A
1,8110,True,A,B,0,1,A
1,8111,True,B,A,3,1,B
1,8112,True,B,A,1,2,B
1,8113,True,B,A,6,1,B
1,8114,True,B,A,1,2,B
1,8115,True,B,A,2,1,B
1,8116,True,B,A,10,1,B
1,8117,True,A,B,2,1,A
1,8118,True,A,B,1,2,A
1,8119,True,A,B,1,1,A
1,8120,True,A,B,0,1,A
1,8121,True,A,B,4,1,A
1,8122,True,A,B,2,1,A
1,8123,True,A,B,4,1,A
1,8124,True,A,B,0,1,A
1,8125,True,B,A,2,0,B
1,8126,True,B,A,4,1,B
1,8127,True,B,A,10,1,B
1,8128,True,B,A,1,2,B
1,8129,True,A,B,10,1,A
1,8130,True,A,B,3,1,A
1,8131,True,A,B,2,1,A
1,8132,True,B,A,1,2,B
1,8133,True,A,B,3,1,A
1,8134,True,B,A,6,1,B
1,8135,True,B,A,6,1,B
1,8136,True,A,B,2,1,A
1,8137,True,B,A,0,1,B
1,8138,True,A,B,2,1,A
1,8139,True,B,A,10,1,B
1,8140,True,B,A,6,1,B
1,8141,True,A,B,3,1,A
1,8142,True,B,A,10,1,B
1,8143,True,B,A,2,0,B
1,8144,True,B,A,4,1,B
1,8145,True,A,B,10,1,A
1,8146,True,B,A,1,2,B
1,8147,True,A,B,2,0,A
1,8148,True,B,A,10,1,B
1,8149,True,A,B,2,1,A
1,8150,True,A,B,6,1,A
1,8151,True,B,A,2,1,B
1,8152,True,A,B,2,0,A
1,8153,True,B,A,2,0,B
1,8154,True,A,B,3,1,A
1,8155,True,A,B,2,1,A
1,8156,True,A,B,10,1,A
1,8157,True,A,B,10,1,A
1,8158,True,B,A,10,1,B
1,8159,True,A,B,1,2,A
1,8160,True,B,A,0,1,B
1,8161,True,B,A,1,1,B
1,8162,True,A,B,0,1,A
1,8163,True,A,B,1,2,A
1,8164,True,A,B,10,1,A
1,8165,True,B,A,10,1,B
1,8166,True,B,A,3,1,B
1,8167,True,A,B,4,1,A
1,8168,True,B,A,1,2,B
1,8169,True,A,B,10,1,A
1,8170,True,B,A,1,2,B
1,8171,True,A,B,0,1,A
1,8172,True,B,A,2,1,B
1,8173,True,B,A,1,2,B
1,8174,True,B,A,0,1,B
1,8175,True,B,A,10,1,B
1,8176,True,A,B,2,0,A
1,8177,True,B,A,1,2,B
1,8178,True,A,B,1,2,A
1,8179,True,B,A,10,1,B
1,8180,True,A,B,6,1,A
1,8181,True,B,A,6,1,B
1,8182,True,A,B,0,1,A
1,8183,True,B,A,1,2,B
1,8184,True,A,B,10,1,A
1,8185,True,B,A,0,1,B
1,8186,True,B,A,10,1,B
1,8187,True,B,A,1,1,B
1,8188,True,A,B,10,1,A
1,8189,True,A,B,10,1,A
1,8190,True,A,B,6,1,A
1,8191,True,B,A,1,2,B
1,8192,True,A,B,2,1,A
1,8193,True,B,A,2,1,B
1,8194,True,B,A,10,1,B
1,8195,True,B,A,2,0,B
1,8196,True,B,A,6,1,B
1,8197,True,B,A,3,1,B
1,8198,True,B,A,10,1,B
1,8199,True,B,A,6,1,B
1,8200,True,B,A,10,1,B
1,8201,True,A,B,2,1,A
1,8202,True,A,B,2,1,A
1,8203,True,B,A,2,1,B
1,8204,True,B,A,6,1,B
1,8205,True,A,B,6,1,A
1,8206,True,B,A,2,1,B
1,8207,True,A,B,10,1,A
1,8208,True,B,A,3,1,B
1,8209,True,A,B,2,0,A
1,8210,True,A,B,4,1,A
1,8211,True,B,A,6,1,B
1,8212,True,B,A,3,1,B
1,8213,True,B,A,6,1,B
1,8214,True,B,A,1,1,B
1,8215,True,A,B,1,1,A
1,8216,True,B,A,4,1,B
1,8217,True,A,B,2,1,A
1,8218,True,B,A,2,1,B
1,8219,True,B,A,2,1,B
1,8220,True,A,B,1,2,A
1,8221,True,B,A,10,1,B
1,8222,True,B,A,6,1,B
1,8223,True,B,A,10,1,B
1,8224,True,A,B,4,1,A
1,8225,True,B,A,0,1,B
1,8226,True,B,A,4,1,B
1,8227,True,A,B,2,1,A
1,8228,True,B,A,10,1,B
1,8229,True,B,A,0,1,B
1,8230,True,A,B,6,1,A
1,8231,True,B,A,4,1,B
1,8232,True,B,A,1,1,B
1,8233,True,A,B,4,1,A
1,8234,True,B,A,10,1,B
1,8235,True,A,B,6,1,A
1,8236,True,B,A,6,1,B
1,8237,True,B,A,6,1,B
1,8238,True,A,B,1,1,A
1,8239,True,B,A,3,1,B
1,8240,True,B,A,4,1,B
1,8241,True,A,B,4,1,A
1,8242,True,A,B,0,1,A
1,8243,True,A,B,2,0,A
1,8244,True,A,B,1,1,A
1,8245,True,B,A,3,1,B
1,8246,True,A,B,1,1,A
1,8247,True,B,A,2,0,B
1,8248,True,A,B,10,1,A
1,8249,True,A,B,1,1,A
1,8250,True,B,A,2,1,B
1,8251,True,A,B,2,0,A
1,8252,True,A,B,3,1,A
1,8253,True,B,A,2,0,B
1,8254,True,B,A,1,2,B
1,8255,True,A,B,2,0,A
1,8256,True,B,A,6,1,B
1,8257,True,B,A,0,1,B
1,8258,True,B,A,10,1,B
1,8259,True,A,B,0,1,A
1,8260,True,B,A,1,1,B
1,8261,True,A,B,6,1,A
1,8262,True,B,A,1,2,B
1,8263,True,A,B,1,1,A
1,8264,True,B,A,2,1,B
1,8265,True,B,A,0,1,B
1,8266,True,A,B,2,0,A
1,8267,True,B,A,4,1,B
1,8268,True,A,B,2,0,A
1,8269,True,A,B,3,1,A
1,8270,True,A,B,1,2,A
1,8271,True,A,B,2,0,A
1,8272,True,A,B,6,1,A
1,8273,True,B,A,2,0,B
1,8274,True,A,B,0,1,A
1,8275,True,B,A,2,0,B
1,8276,True,B,A,1,2,B
1,8277,True,A,B,3,1,A
1,8278,True,B,A,2,0,B
1,8279,True,B,A,6,1,B
1,8280,True,B,A,2,1,B
1,8281,True,B,A,0,1,B
1,8282,True,A,B,1,2,A
1,8283,True,B,A,3,1,B
1,8284,True,A,B,4,1,A
1,8285,True,B,A,3,1,B
1,8286,True,A,B,1,1,A
1,8287,True,A,B,2,0,A
1,8288,True,B,A,1,1,B
1,8289,True,A,B,2,1,A
1,8290,True,B,A,4,1,B
1,8291,True,A,B,0,1,A
1,8292,True,B,A,10,1,B
1,8293,True,A,B,1,2,A
1,8294,True,A,B,0,1,A
1,8295,True,B,A,3,1,B
1,8296,True,A,B,1,1,A
1,8297,True,A,B,2,0,A
1,8298,True,B,A,10,1,B
1,8299,True,A,B,0,1,A
1,8300,True,A,B,0,1,A
1,8301,True,A,B,1,1,A
1,8302,True,A,B,10,1,A
1,8303,True,B,A,1,1,B
1,8304,True,A,B,1,2,A
1,8305,True,A,B,2,0,A
1,8306,True,A,B,2,0,A
1,8307,True,A,B,2,1,A
1,8308,True,B,A,10,1,B
1,8309,True,A,B,1,1,A
1,8310,True,B,A,3,1,B
1,8311,True,A,B,2,1,A
1,8312,True,A,B,1,2,A
1,8313,True,B,A,2,1,B
1,8314,True,A,B,1,1,A
1,8315,True,A,B,1,1,A
1,8316,True,B,A,2,1,B
1,8317,True,B,A,10,1,B
1,8318,True,B,A,1,2,B
1,8319,True,B,A,0,1,B
1,8320,True,A,B,1,1,A
1,8321,True,B,A,2,0,B
1,8322,True,B,A,0,1,B
1,8323,True,B,A,1,2,B
1,8324,True,A,B,6,1,A
1,8325,True,B,A,2,0,B
1,8326,True,B,A,0,1,B
1,8327,True,A,B,1,1,A
1,8328,True,B,A,10,1,B
1,8329,True,B,A,0,1,B
1,8330,True,B,A,2,1,B
1,8331,True,B,A,1,2,B
1,8332,True,B,A,1,2,B
1,8333,True,A,B,1,1,A
1,8334,True,B,A,2,0,B
1,8335,True,A,B,2,0,A
1,8336,True,B,A,10,1,B
1,8337,True,B,A,2,1,B
1,8338,True,A,B,2,0,A
1,8339,True,A,B,2,0,A
1,8340,True,B,A,2,1,B
1,8341,True,A,B,0,1,A
1,8342,True,A,B,3,1,A
1,8343,True,A,B,10,1,A
1,8344,True,A,B,2,1,A
1,8345,True,B,A,2,1,B
1,8346,True,A,B,10,1,A
1,8347,True,A,B,1,2,A
1,8348,True,A,B,1,2,A
1,8349,True,B,A,1,2,B
1,8350,True,B,A,1,2,B
1,8351,True,A,B,2,0,A
1,8352,True,B,A,4,1,B
1,8353,True,B,A,4,1,B
1,8354,True,A,B,3,1,A
1,8355,True,B,A,6,1,B
1,8356,True,A,B,6,1,A
1,8357,True,B,A,1,2,B
1,8358,True,B,A,0,1,B
1,8359,True,A,B,2,0,A
1,8360,True,A,B,4,1,A
1,8361,True,A,B,6,1,A
1,8362,True,B,A,1,2,B
1,8363,True,B,A,4,1,B
1,8364,True,B,A,1,1,B
1,8365,True,B,A,3,1,B
1,8366,True,A,B,4,1,A
1,8367,True,B,A,2,1,B
1,8368,True,A,B,1,1,A
1,8369,True,A,B,6,1,A
1,8370,True,A,B,3,1,A
1,8371,True,A,B,2,0,A
1,8372,True,B,A,3,1,B
1,8373,True,A,B,4,1,A
1,8374,True,A,B,1,1,A
1,8375,True,B,A,2,1,B
1,8376,True,A,B,2,1,A
1,8377,True,B,A,6,1,B
1,8378,True,B,A,0,1,B
1,8379,True,A,B,1,1,A
1,8380,True,B,A,10,1,B
1,8381,True,A,B,4,1,A
1,8382,True,B,A,6,1,B
1,8383,True,A,B,1,2,A
1,8384,True,A,B,2,0,A
1,8385,True,A,B,2,0,A
1,8386,True,A,B,6,1,A
1,8387,True,B,A,3,1,B
1,8388,True,A,B,1,2,A
1,8389,True,A,B,2,1,A
1,8390,True,A,B,3,1,A
1,8391,True,B,A,10,1,B
1,8392,True,B,A,1,2,B
1,8393,True,B,A,3,1,B
1,8394,True,A,B,1,2,A
1,8395,True,B,A,6,1,B
1,8396,True,B,A,1,1,B
1,8397,True,B,A,1,2,B
1,8398,True,B,A,3,1,B
1,8399,True,A,B,1,2,A
1,8400,True,A,B,1,2,A
1,8401,True,B,A,1,1,B
1,8402,True,B,A,4,1,B
1,8403,True,B,A,2,0,B
1,8404,True,B,A,1,2,B
1,8405,True,B,A,3,1,B
1,8406,True,B,A,4,1,B
1,8407,True,B,A,6,1,B
1,8408,True,B,A,2,0,B
1,8409,True,A,B,1,1,A
1,8410,True,A,B,6,1,A
1,8411,True,A,B,2,1,A
1,8412,True,A,B,2,0,A
1,8413,True,A,B,2,1,A
1,8414,True,B,A,1,1,B
1,8415,True,B,A,2,0,B
1,8416,True,A,B,0,1,A
1,8417,True,B,A,1,2,B
1,8418,True,B,A,6,1,B
1,8419,True,A,B,2,1,A
1,8420,True,A,B,1,1,A
1,8421,True,B,A,6,1,B
1,8422,True,B,A,2,0,B
1,8423,True,B,A,3,1,B
1,8424,True,A,B,6,1,A
1,8425,True,B,A,2,1,B
1,8426,True,B,A,6,1,B
1,8427,True,B,A,6,1,B
1,8428,True,A,B,2,1,A
1,8429,True,A,B,2,1,A
1,8430,True,B,A,10,1,B
1,8431,True,A,B,2,1,A
1,8432,True,A,B,0,1,A
1,8433,True,B,A,2,1,B
1,8434,True,A,B,0,1,A
1,8435,True,B,A,10,1,B
1,8436,True,B,A,0,1,B
1,8437,True,B,A,2,1,B
1,8438,True,A,B,10,1,A
1,8439,True,A,B,2,1,A
1,8440,True,B,A,2,0,B
1,8441,True,B,A,0,1,B
1,8442,True,A,B,10,1,A
1,8443,True,A,B,2,0,A
1,8444,True,A,B,2,0,A
1,8445,True,A,B,6,1,A
1,8446,True,A,B,10,1,A
1,8447,True,A,B,0,1,A
1,8448,True,A,B,3,1,A
1,8449,True,B,A,6,1,B
1,8450,True,A,B,1,2,A
1,8451,True,A,B,1,1,A
1,8452,True,A,B,0,1,A
1,8453,True,B,A,1,1,B
1,8454,True,A,B,0,1,A
1,8455,True,B,A,10,1,B
1,8456,True,A,B,3,1,A
1,8457,True,A,B,0,1,A
1,8458,True,B,A,1,2,B
1,8459,True,B,A,2,0,B
1,8460,True,A,B,3,1,A
1,8461,True,B,A,4,1,B
1,8462,True,B,A,3,1,B
1,8463,True,B,A,2,0,B
1,8464,True,B,A,1,1,B
1,8465,True,B,A,4,1,B
1,8466,True,A,B,1,2,A
1,8467,True,B,A,2,1,B
1,8468,True,A,B,1,2,A
1,8469,True,A,B,10,1,A
1,8470,True,B,A,1,1,B
1,8471,True,A,B,2,0,A
1,8472,True,B,A,6,1,B
1,8473,True,B,A,0,1,B
1,8474,True,B,A,0,1,B
1,8475,True,B,A,4,1,B
1,8476,True,A,B,6,1,A
1,8477,True,A,B,2,1,A
1,8478,True,B,A,3,1,B
1,8479,True,A,B,2,1,A
1,8480,True,A,B,6,1,A
1,8481,True,A,B,3,1,A
1,8482,True,B,A,3,1,B
1,8483,True,A,B,10,1,A
1,8484,True,A,B,2,1,A
1,8485,True,A,B,0,1,A
1,8486,True,B,A,2,1,B
1,8487,True,A,B,10,1,A
1,8488,True,B,A,6,1,B
1,8489,True,B,A,0,1,B
1,8490,True,B,A,0,1,B
1,8491,True,A,B,6,1,A
1,8492,True,A,B,4,1,A
1,8493,True,B,A,4,1,B
1,8494,True,A,B,6,1,A
1,8495,True,B,A,1,2,B
1,8496,True,A,B,2,1,A
1,8497,True,A,B,0,1,A
1,8498,True,B,A,1,1,B
1,8499,True,B,A,1,2,B
1,8500,True,A,B,1,1,A
1,8501,True,A,B,2,1,A
1,8502,True,B,A,3,1,B
1,8503,True,B,A,6,1,B
1,8504,True,A,B,2,1,A
1,8505,True,B,A,2,0,B
1,8506,True,A,B,4,1,A
1,8507,True,B,A,10,1,B
1,8508,True,B,A,2,1,B
1,8509,True,A,B,10,1,A
1,8510,True,A,B,0,1,A
1,8511,True,B,A,0,1,B
1,8512,True,A,B,3,1,A
1,8513,True,A,B,6,1,A
1,8514,True,B,A,1,1,B
1,8515,True,B,A,2,0,B
1,8516,True,A,B,10,1,A
1,8517,True,B,A,3,1,B
1,8518,True,B,A,3,1,B
1,8519,True,B,A,0,1,B
1,8520,True,B,A,2,0,B
1,8521,True,B,A,2,1,B
1,8522,True,B,A,0,1,B
1,8523,True,B,A,10,1,B
1,8524,True,A,B,4,1,A
1,8525,True,B,A,2,1,B
1,8526,True,A,B,6,1,A
1,8527,True,A,B,3,1,A
1,8528,True,A,B,3,1,A
1,8529,True,B,A,2,1,B
1,8530,True,A,B,0,1,A
1,8531,True,B,A,0,1,B
1,8532,True,B,A,0,1,B
1,8533,True,B,A,1,2,B
1,8534,True,B,A,1,1,B
1,8535,True,A,B,4,1,A
1,8536,True,B,A,1,2,B
1,8537,True,B,A,3,1,B
1,8538,True,A,B,1,2,A
1,8539,True,B,A,6,1,B
1,8540,True,A,B,2,0,A
1,8541,True,A,B,6,1,A
1,8542,True,B,A,1,1,B
1,8543,True,A,B,1,2,A
1,8544,True,B,A,3,1,B
1,8545,True,A,B,1,2,A
1,8546,True,A,B,1,1,A
1,8547,True,A,B,1,1,A
1,8548,True,A,B,3,1,A
1,8549,True,B,A,6,1,B
1,8550,True,B,A,0,1,B
1,8551,True,A,B,2,0,A
1,8552,True,A,B,3,1,A
1,8553,True,B,A,1,1,B
1,8554,True,A,B,6,1,A
1,8555,True,A,B,10,1,A
1,8556,True,B,A,0,1,B
1,8557,True,B,A,4,1,B
1,8558,True,B,A,3,1,B
1,8559,True,A,B,6,1,A
1,8560,True,B,A,1,1,B
1,8561,True,B,A,0,1,B
1,8562,True,A,B,3,1,A
1,8563,True,B,A,1,2,B
1,8564,True,B,A,10,1,B
1,8565,True,B,A,2,1,B
1,8566,True,A,B,10,1,A
1,8567,True,B,A,2,1,B
1,8568,True,A,B,2,0,A
1,8569,True,A,B,2,0,A
1,8570,True,A,B,3,1,A
1,8571,True,A,B,3,1,A
1,8572,True,B,A,6,1,B
1,8573,True,B,A,3,1,B
1,8574,True,A,B,4,1,A
1,8575,True,B,A,4,1,B
1,8576,True,A,B,3,1,A
1,8577,True,A,B,2,0,A
1,8578,True,A,B,2,0,A
1,8579,True,A,B,1,2,A
1,8580,True,B,A,2,1,B
1,8581,True,A,B,10,1,A
1,8582,True,A,B,6,1,A
1,8583,True,B,A,3,1,B
1,8584,True,B,A,0,1,B
1,8585,True,A,B,2,0,A
1,8586,True,A,B,1,2,A
1,8587,True,A,B,3,1,A
1,8588,True,B,A,6,1,B
1,8589,True,B,A,3,1,B
1,8590,True,B,A,6,1,B
1,8591,True,A,B,4,1,A
1,8592,True,A,B,3,1,A
1,8593,True,A,B,2,1,A
1,8594,True,A,B,10,1,A
1,8595,True,B,A,6,1,B
1,8596,True,B,A,3,1,B
1,8597,True,B,A,3,1,B
1,8598,True,B,A,1,2,B
1,8599,True,A,B,2,1,A
1,8600,True,A,B,2,1,A
1,8601,True,B,A,2,1,B
1,8602,True,B,A,0,1,B
1,8603,True,A,B,0,1,A
1,8604,True,A,B,2,1,A
1,8605,True,A,B,1,2,A
1,8606,True,B,A,10,1,B
1,8607,True,B,A,6,1,B
1,8608,True,A,B,10,1,A
1,8609,True,A,B,6,1,A
1,8610,True,B,A,0,1,B
1,8611,True,B,A,2,0,B
1,8612,True,B,A,4,1,B
1,8613,True,A,B,2,0,A
1,8614,True,A,B,1,1,A
1,8615,True,A,B,3,1,A
1,8616,True,B,A,1,2,B
1,8617,True,A,B,2,0,A
1,8618,True,A,B,2,0,A
1,8619,True,A,B,0,1,A
1,8620,True,B,A,2,1,B
1,8621,True,A,B,6,1,A
1,8622,True,A,B,3,1,A
1,8623,True,B,A,4,1,B
1,8624,True,B,A,2,0,B
1,8625,True,A,B,10,1,A
1,8626,True,A,B,2,1,A
1,8627,True,B,A,1,1,B
1,8628,True,B,A,10,1,B
1,8629,True,B,A,6,1,B
1,8630,True,B,A,1,2,B
1,8631,True,B,A,4,1,B
1,8632,True,B,A,6,1,B
1,8633,True,A,B,6,1,A
1,8634,True,A,B,2,0,A
1,8635,True,A,B,3,1,A
1,8636,True,A,B,10,1,A
1,8637,True,B,A,3,1,B
1,8638,True,A,B,10,1,A
1,8639,True,B,A,1,2,B
1,8640,True,B,A,1,2,B
1,8641,True,A,B,10,1,A
1,8642,True,A,B,10,1,A
1,8643,True,B,A,2,1,B
1,8644,True,B,A,1,2,B
1,8645,True,B,A,3,1,B
1,8646,True,B,A,2,1,B
1,8647,True,B,A,3,1,B
1,8648,True,A,B,6,1,A
1,8649,True,A,B,10,1,A
1,8650,True,A,B,1,2,A
1,8651,True,A,B,10,1,A
1,8652,True,B,A,2,0,B
1,8653,True,A,B,10,1,A
1,8654,True,A,B,3,1,A
1,8655,True,A,B,2,0,A
1,8656,True,B,A,6,1,B
1,8657,True,B,A,10,1,B
1,8658,True,B,A,0,1,B
1,8659,True,B,A,2,1,B
1,8660,True,A,B,4,1,A
1,8661,True,A,B,10,1,A
1,8662,True,A,B,6,1,A
1,8663,True,A,B,6,1,A
1,8664,True,B,A,1,2,B
1,8665,True,A,B,2,0,A
1,8666,True,A,B,0,1,A
1,8667,True,B,A,4,1,B
1,8668,True,A,B,4,1,A
1,8669,True,B,A,2,1,B
1,8670,True,B,A,2,1,B
1,8671,True,A,B,1,1,A
1,8672,True,B,A,3,1,B
1,8673,True,A,B,10,1,A
1,8674,True,B,A,1,2,B
1,8675,True,B,A,2,0,B
1,8676,True,A,B,2,0,A
1,8677,True,B,A,1,1,B
1,8678,True,A,B,6,1,A
1,8679,True,A,B,1,2,A
1,8680,True,A,B,6,1,A
1,8681,True,B,A,10,1,B
1,8682,True,B,A,0,1,B
1,8683,True,A,B,2,1,A
1,8684,True,A,B,4,1,A
1,8685,True,A,B,4,1,A
1,8686,True,B,A,1,2,B
1,8687,True,B,A,2,0,B
1,8688,True,B,A,2,1,B
1,8689,True,B,A,6,1,B
1,8690,True,A,B,10,1,A
1,8691,True,A,B,0,1,A
1,8692,True,A,B,4,1,A
1,8693,True,A,B,1,2,A
1,8694,True,A,B,1,1,A
1,8695,True,A,B,2,0,A
1,8696,True,B,A,2,0,B
1,8697,True,A,B,2,0,A
1,8698,True,B,A,2,1,B
1,8699,True,B,A,1,2,B
1,8700,True,B,A,0,1,B
1,8701,True,B,A,1,2,B
1,8702,True,B,A,2,1,B
1,8703,True,A,B,2,1,A
1,8704,True,B,A,1,2,B
1,8705,True,B,A,4,1,B
1,8706,True,B,A,2,0,B
1,8707,True,A,B,2,0,A
1,8708,True,B,A,4,1,B
1,8709,True,B,A,3,1,B
1,8710,True,B,A,2,0,B
1,8711,True,B,A,2,0,B
1,8712,True,A,B,2,0,A
1,8713,True,B,A,2,0,B
1,8714,True,B,A,2,0,B
1,8715,True,A,B,1,2,A
1,8716,True,B,A,6,1,B
1,8717,True,A,B,0,1,A
1,8718,True,B,A,3,1,B
1,8719,True,A,B,2,1,A
1,8720,True,A,B,4,1,A
1,8721,True,A,B,6,1,A
1,8722,True,A,B,4,1,A
1,8723,True,B,A,1,1,B
1,8724,True,A,B,1,1,A
1,8725,True,B,A,10,1,B
1,8726,True,A,B,10,1,A
1,8727,True,A,B,1,1,A
1,8728,True,A,B,1,2,A
1,8729,True,A,B,0,1,A
1,8730,True,B,A,2,0,B
1,8731,True,A,B,1,1,A
1,8732,True,A,B,2,0,A
1,8733,True,B,A,2,0,B
1,8734,True,B,A,0,1,B
1,8735,True,B,A,0,1,B
1,8736,True,B,A,1,2,B
1,8737,True,B,A,0,1,B
1,8738,True,B,A,0,1,B
1,8739,True,A,B,1,2,A
1,8740,True,B,A,2,1,B
1,8741,True,B,A,4,1,B
1,8742,True,A,B,0,1,A
1,8743,True,A,B,1,1,A
1,8744,True,B,A,2,0,B
1,8745,True,B,A,0,1,B
1,8746,True,A,B,0,1,A
1,8747,True,B,A,10,1,B
1,8748,True,B,A,0,1,B
1,8749,True,B,A,1,2,B
1,8750,True,A,B,2,1,A
1,8751,True,B,A,6,1,B
1,8752,True,A,B,1,1,A
1,8753,True,A,B,1,1,A
1,8754,True,A,B,0,1,A
1,8755,True,B,A,1,2,B
1,8756,True,B,A,2,0,B
1,8757,True,A,B,2,0,A
1,8758,True,A,B,10,1,A
1,8759,True,A,B,3,1,A
1,8760,True,B,A,4,1,B
1,8761,True,A,B,2,1,A
1,8762,True,B,A,2,1,B
1,8763,True,B,A,1,2,B
1,8764,True,A,B,1,1,A
1,8765,True,B,A,0,1,B
1,8766,True,B,A,2,0,B
1,8767,True,A,B,6,1,A
1,8768,True,A,B,1,2,A
1,8769,True,B,A,0,1,B
1,8770,True,A,B,4,1,A
1,8771,True,B,A,2,0,B
1,8772,True,A,B,1,1,A
1,8773,True,B,A,10,1,B
1,8774,True,B,A,0,1,B
1,8775,True,B,A,6,1,B
1,8776,True,B,A,4,1,B
1,8777,True,A,B,2,1,A
1,8778,True,B,A,1,1,B
1,8779,True,A,B,3,1,A
1,8780,True,B,A,2,1,B
1,8781,True,A,B,1,2,A
1,8782,True,A,B,6,1,A
1,8783,True,B,A,1,1,B
1,8784,True,B,A,10,1,B
1,8785,True,B,A,4,1,B
1,8786,True,A,B,1,1,A
1,8787,True,A,B,6,1,A
1,8788,True,B,A,10,1,B
1,8789,True,A,B,6,1,A
1,8790,True,B,A,2,1,B
1,8791,True,B,A,3,1,B
1,8792,True,A,B,6,1,A
1,8793,True,B,A,1,1,B
1,8794,True,B,A,1,2,B
1,8795,True,B,A,6,1,B
1,8796,True,B,A,2,1,B
1,8797,True,A,B,0,1,A
1,8798,True,A,B,1,1,A
1,8799,True,B,A,3,1,B
1,8800,True,A,B,1,2,A
1,8801,True,B,A,2,1,B
1,8802,True,A,B,6,1,A
1,8803,True,B,A,0,1,B
1,8804,True,A,B,4,1,A
1,8805,True,A,B,1,1,A
1,8806,True,B,A,10,1,B
1,8807,True,A,B,10,1,A
1,8808,True,A,B,3,1,A
1,8809,True,B,A,1,1,B
1,8810,True,A,B,1,2,A
1,8811,True,B,A,2,1,B
1,8812,True,A,B,1,2,A
1,8813,True,B,A,6,1,B
1,8814,True,B,A,6,1,B
1,8815,True,B,A,1,1,B
1,8816,True,A,B,3,1,A
1,8817,True,A,B,1,1,A
1,8818,True,B,A,10,1,B
1,8819,True,A,B,2,1,A
1,8820,True,B,A,3,1,B
1,8821,True,A,B,10,1,A
1,8822,True,B,A,1,1,B
1,8823,True,B,A,1,2,B
1,8824,True,A,B,4,1,A
1,8825,True,A,B,4,1,A
1,8826,True,A,B,2,1,A
1,8827,True,A,B,1,2,A
1,8828,True,A,B,6,1,A
1,8829,True,A,B,10,1,A
1,8830,True,A,B,1,1,A
1,8831,True,A,B,1,2,A
1,8832,True,A,B,0,1,A
1,8833,True,B,A,0,1,B
1,8834,True,A,B,1,2,A
1,8835,True,A,B,3,1,A
1,8836,True,A,B,10,1,A
1,8837,True,A,B,10,1,A
1,8838,True,B,A,4,1,B
1,8839,True,B,A,2,0,B
1,8840,True,A,B,2,0,A
1,8841,True,A,B,2,0,A
1,8842,True,A,B,10,1,A
1,8843,True,B,A,2,0,B
1,8844,True,A,B,0,1,A
1,8845,True,B,A,10,1,B
1,8846,True,B,A,2,0,B
1,8847,True,B,A,6,1,B
1,8848,True,A,B,3,1,A
1,8849,True,A,B,2,1,A
1,8850,True,A,B,3,1,A
1,8851,True,B,A,1,2,B
1,8852,True,B,A,10,1,B
1,8853,True,A,B,3,1,A
1,8854,True,B,A,10,1,B
1,8855,True,A,B,4,1,A
1,8856,True,B,A,6,1,B
1,8857,True,A,B,2,1,A
1,8858,True,B,A,10,1,B
1,8859,True,A,B,0,1,A
1,8860,True,A,B,0,1,A
1,8861,True,B,A,1,1,B
1,8862,True,B,A,1,2,B
1,8863,True,A,B,1,2,A
1,8864,True,A,B,0,1,A
1,8865,True,A,B,0,1,A
1,8866,True,B,A,1,1,B
1,8867,True,B,A,2,1,B
1,8868,True,A,B,1,1,A
1,8869,True,B,A,0,1,B
1,8870,True,B,A,6,1,B
1,8871,True,B,A,1,2,B
1,8872,True,A,B,1,1,A
1,8873,True,B,A,10,1,B
1,8874,True,B,A,2,0,B
1,8875,True,B,A,2,1,B
1,8876,True,B,A,1,2,B
1,8877,True,B,A,0,1,B
1,8878,True,A,B,6,1,A
1,8879,True,B,A,1,2,B
1,8880,True,A,B,1,2,A
1,8881,True,A,B,0,1,A
1,8882,True,B,A,2,0,B
1,8883,True,B,A,1,2,B
1,8884,True,A,B,2,0,A
1,8885,True,A,B,6,1,A
1,8886,True,B,A,6,1,B
1,8887,True,B,A,3,1,B
1,8888,True,B,A,0,1,B
1,8889,True,A,B,1,2,A
1,8890,True,B,A,10,1,B
1,8891,True,A,B,2,0,A
1,8892,True,B,A,6,1,B
1,8893,True,B,A,2,0,B
1,8894,True,B,A,1,1,B
1,8895,True,A,B,4,1,A
1,8896,True,A,B,1,1,A
1,8897,True,B,A,1,1,B
1,8898,True,A,B,3,1,A
1,8899,True,A,B,6,1,A
1,8900,True,A,B,2,0,A
1,8901,True,A,B,3,1,A
1,8902,True,A,B,2,1,A
1,8903,True,A,B,4,1,A
1,8904,True,A,B,2,1,A
1,8905,True,A,B,3,1,A
1,8906,True,B,A,0,1,B
1,8907,True,A,B,2,0,A
1,8908,True,A,B,1,2,A
1,8909,True,A,B,3,1,A
1,8910,True,A,B,1,1,A
1,8911,True,B,A,2,0,B
1,8912,True,A,B,6,1,A
1,8913,True,A,B,10,1,A
1,8914,True,A,B,0,1,A
1,8915,True,A,B,6,1,A
1,8916,True,A,B,10,1,A
1,8917,True,A,B,2,0,A
1,8918,True,B,A,10,1,B
1,8919,True,B,A,10,1,B
1,8920,True,A,B,2,0,A
1,8921,True,A,B,6,1,A
1,8922,True,A,B,2,1,A
1,8923,True,B,A,6,1,B
1,8924,True,B,A,2,1,B
1,8925,True,A,B,1,2,A
1,8926,True,B,A,2,0,B
1,8927,True,B,A,3,1,B
1,8928,True,B,A,1,2,B
1,8929,True,A,B,1,2,A
1,8930,True,B,A,0,1,B
1,8931,True,B,A,4,1,B
1,8932,True,A,B,2,0,A
1,8933,True,B,A,10,1,B
1,8934,True,A,B,6,1,A
1,8935,True,A,B,0,1,A
1,8936,True,B,A,3,1,B
1,8937,True,A,B,4,1,A
1,8938,True,A,B,2,0,A
1,8939,True,B,A,1,2,B
1,8940,True,A,B,4,1,A
1,8941,True,B,A,10,1,B
1,8942,True,B,A,2,1,B
1,8943,True,B,A,2,0,B
1,8944,True,A,B,2,1,A
1,8945,True,B,A,2,0,B
1,8946,True,B,A,1,1,B
1,8947,True,B,A,1,1,B
1,8948,True,B,A,6,1,B
1,8949,True,B,A,4,1,B
1,8950,True,A,B,1,2,A
1,8951,True,A,B,0,1,A
1,8952,True,A,B,1,2,A
1,8953,True,B,A,6,1,B
1,8954,True,B,A,6,1,B
1,8955,True,A,B,1,2,A
1,8956,True,A,B,10,1,A
1,8957,True,B,A,0,1,B
1,8958,True,A,B,2,0,A
1,8959,True,A,B,3,1,A
1,8960,True,A,B,6,1,A
1,8961,True,B,A,10,1,B
1,8962,True,B,A,6,1,B
1,8963,True,B,A,0,1,B
1,8964,True,B,A,3,1,B
1,8965,True,A,B,3,1,A
1,8966,True,B,A,3,1,B
1,8967,True,A,B,1,2,A
1,8968,True,A,B,6,1,A
1,8969,True,B,A,4,1,B
1,8970,True,A,B,2,1,A
1,8971,True,A,B,0,1,A
1,8972,True,A,B,1,2,A
1,8973,True,A,B,0,1,A
1,8974,True,B,A,2,1,B
1,8975,True,B,A,2,0,B
1,8976,True,A,B,6,1,A
1,8977,True,B,A,1,2,B
1,8978,True,B,A,4,1,B
1,8979,True,B,A,3,1,B
1,8980,True,A,B,6,1,A
1,8981,True,A,B,1,2,A
1,8982,True,A,B,3,1,A
1,8983,True,A,B,4,1,A
1,8984,True,B,A,4,1,B
1,8985,True,B,A,4,1,B
1,8986,True,B,A,6,1,B
1,8987,True,A,B,4,1,A
1,8988,True,A,B,10,1,A
1,8989,True,B,A,2,1,B
1,8990,True,A,B,3,1,A
1,8991,True,A,B,4,1,A
1,8992,True,B,A,1,1,B
1,8993,True,B,A,2,1,B
1,8994,True,B,A,6,1,B
1,8995,True,A,B,2,0,A
1,8996,True,B,A,2,1,B
1,8997,True,B,A,6,1,B
1,8998,True,A,B,0,1,A
1,8999,True,A,B,0,1,A
1,9000,True,B,A,1,2,B
1,9001,True,B,A,6,1,B
1,9002,True,A,B,4,1,A
1,9003,True,B,A,3,1,B
1,9004,True,A,B,3,1,A
1,9005,True,A,B,10,1,A
1,9006,True,A,B,6,1,A
1,9007,True,A,B,0,1,A
1,9008,True,B,A,1,2,B
1,9009,True,B,A,10,1,B
1,9010,True,B,A,2,0,B
1,9011,True,A,B,2,1,A
1,9012,True,A,B,2,1,A
1,9013,True,A,B,3,1,A
1,9014,True,A,B,1,1,A
1,9015,True,B,A,2,0,B
1,9016,True,A,B,0,1,A
1,9017,True,A,B,6,1,A
1,9018,True,A,B,4,1,A
1,9019,True,B,A,1,2,B
1,9020,True,A,B,10,1,A
1,9021,True,A,B,10,1,A
1,9022,True,B,A,4,1,B
1,9023,True,B,A,4,1,B
1,9024,True,B,A,0,1,B
1,9025,True,B,A,3,1,B
1,9026,True,A,B,10,1,A
1,9027,True,B,A,2,1,B
1,9028,True,A,B,3,1,A
1,9029,True,B,A,2,0,B
1,9030,True,B,A,2,1,B
1,9031,True,B,A,6,1,B
1,9032,True,A,B,1,1,A
1,9033,True,A,B,6,1,A
1,9034,True,B,A,10,1,B
1,9035,True,A,B,6,1,A
1,9036,True,B,A,0,1,B
1,9037,True,A,B,10,1,A
1,9038,True,B,A,2,0,B
1,9039,True,B,A,2,1,B
1,9040,True,A,B,10,1,A
1,9041,True,A,B,6,1,A
1,9042,True,B,A,1,1,B
1,9043,True,A,B,2,0,A
1,9044,True,A,B,0,1,A
1,9045,True,B,A,6,1,B
1,9046,True,B,A,1,1,B
1,9047,True,B,A,3,1,B
1,9048,True,B,A,6,1,B
1,9049,True,B,A,3,1,B
1,9050,True,B,A,3,1,B
1,9051,True,A,B,6,1,A
1,9052,True,B,A,2,0,B
1,9053,True,B,A,6,1,B
1,9054,True,A,B,4,1,A
1,9055,True,A,B,4,1,A
1,9056,True,B,A,6,1,B
1,9057,True,B,A,0,1,B
1,9058,True,B,A,1,1,B
1,9059,True,B,A,0,1,B
1,9060,True,A,B,6,1,A
1,9061,True,A,B,3,1,A
1,9062,True,B,A,6,1,B
1,9063,True,B,A,0,1,B
1,9064,True,B,A,1,1,B
1,9065,False,,,,,
1,9066,True,A,B,0,1,A
1,9067,True,A,B,0,1,A
1,9068,True,B,A,1,2,B
1,9069,True,B,A,10,1,B
1,9070,True,A,B,2,1,A
1,9071,True,B,A,10,1,B
1,9072,True,A,B,1,2,A
1,9073,True,B,A,10,1,B
1,9074,True,A,B,10,1,A
1,9075,True,B,A,3,1,B
1,9076,True,B,A,2,0,B
1,9077,True,B,A,0,1,B
1,9078,True,A,B,3,1,A
1,9079,True,A,B,4,1,A
1,9080,True,B,A,1,1,B
1,9081,True,A,B,2,0,A
1,9082,True,A,B,1,1,A
1,9083,True,B,A,10,1,B
1,9084,True,B,A,2,0,B
1,9085,True,B,A,3,1,B
1,9086,True,A,B,6,1,A
1,9087,True,B,A,3,1,B
1,9088,True,A,B,6,1,A
1,9089,True,A,B,10,1,A
1,9090,True,A,B,4,1,A
1,9091,True,A,B,10,1,A
1,9092,True,B,A,2,0,B
1,9093,True,A,B,1,2,A
1,9094,True,B,A,4,1,B
1,9095,True,B,A,3,1,B
1,9096,True,B,A,1,1,B
1,9097,True,A,B,1,1,A
1,9098,True,B,A,6,1,B
1,9099,True,B,A,1,2,B
1,9100,True,B,A,1,1,B
1,9101,True,A,B,4,1,A
1,9102,True,A,B,10,1,A
1,9103,True,A,B,3,1,A
1,9104,True,B,A,2,1,B
1,9105,True,B,A,2,1,B
1,9106,True,A,B,1,1,A
1,9107,True,B,A,10,1,B
1,9108,True,A,B,4,1,A
1,9109,True,B,A,4,1,B
1,9110,True,B,A,2,1,B
1,9111,True,A,B,6,1,A
1,9112,True,A,B,1,2,A
1,9113,True,B,A,2,1,B
1,9114,True,B,A,1,2,B
1,9115,True,B,A,1,2,B
1,9116,True,B,A,2,1,B
1,9117,True,B,A,10,1,B
1,9118,True,B,A,2,0,B
1,9119,True,B,A,2,0,B
1,9120,True,A,B,3,1,A
1,9121,True,B,A,10,1,B
1,9122,True,B,A,4,1,B
1,9123,True,A,B,10,1,A
1,9124,True,B,A,1,1,B
1,9125,True,A,B,3,1,A
1,9126,True,A,B,2,0,A
1,9127,True,B,A,0,1,B
1,9128,True,B,A,3,1,B
1,9129,True,A,B,2,1,A
1,9130,True,A,B,1,1,A
1,9131,True,A,B,6,1,A
1,9132,True,A,B,2,1,A
1,9133,True,A,B,2,1,A
1,9134,True,B,A,1,1,B
1,9135,True,A,B,3,1,A
1,9136,True,B,A,6,1,B
1,9137,True,A,B,2,0,A
1,9138,True,A,B,2,0,A
1,9139,True,A,B,3,1,A
1,9140,True,B,A,1,2,B
1,9141,True,B,A,2,0,B
1,9142,True,B,A,1,2,B
1,9143,True,A,B,1,2,A
1,9144,True,B,A,2,1,B
1,9145,True,B,A,3,1,B
1,9146,True,B,A,1,2,B
1,9147,True,A,B,4,1,A
1,9148,True,B,A,1,2,B
1,9149,True,B,A,1,1,B
1,9150,True,B,A,0,1,B
1,9151,True,B,A,2,1,B
1,9152,True,B,A,1,1,B
1,9153,True,B,A,1,2,B
1,9154,True,B,A,1,1,B
1,9155,True,B,A,6,1,B
1,9156,True,B,A,0,1,B
1,9157,True,A,B,4,1,A
1,9158,True,B,A,4,1,B
1,9159,True,A,B,2,1,A
1,9160,True,A,B,2,0,A
1,9161,True,A,B,10,1,A
1,9162,True,A,B,3,1,A
1,9163,True,B,A,10,1,B
1,9164,True,B,A,1,2,B
1,9165,True,B,A,4,1,B
1,9166,True,B,A,2,0,B
1,9167,True,B,A,2,1,B
1,9168,True,A,B,1,2,A
1,9169,True,A,B,3,1,A
1,9170,True,A,B,10,1,A
1,9171,True,A,B,1,2,A
1,9172,True,A,B,0,1,A
1,9173,True,B,A,1,1,B
1,9174,True,B,A,2,0,B
1,9175,True,A,B,3,1,A
1,9176,True,B,A,4,1,B
1,9177,True,A,B,1,2,A
1,9178,True,B,A,4,1,B
1,9179,True,B,A,3,1,B
1,9180,True,B,A,4,1,B
1,9181,True,B,A,4,1,B
1,9182,True,B,A,2,0,B
1,9183,True,A,B,2,1,A
1,9184,True,B,A,1,1,B
1,9185,True,B,A,1,2,B
1,9186,True,A,B,6,1,A
1,9187,True,B,A,6,1,B
1,9188,True,B,A,4,1,B
1,9189,True,B,A,2,1,B
1,9190,True,A,B,1,2,A
1,9191,True,A,B,2,0,A
1,9192,True,A,B,1,2,A
1,9193,True,B,A,1,2,B
1,9194,True,B,A,10,1,B
1,9195,True,B,A,2,0,B
1,9196,True,B,A,4,1,B
1,9197,True,B,A,1,1,B
1,9198,True,B,A,6,1,B
1,9199,True,A,B,0,1,A
1,9200,True,A,B,1,2,A
1,9201,True,B,A,0,1,B
1,9202,True,B,A,1,1,B
1,9203,True,A,B,6,1,A
1,9204,True,B,A,6,1,B
1,9205,True,A,B,6,1,A
1,9206,True,B,A,6,1,B
1,9207,True,B,A,3,1,B
1,9208,True,A,B,4,1,A
1,9209,True,A,B,1,2,A
1,9210,True,A,B,2,1,A
1,9211,True,A,B,2,1,A
1,9212,True,B,A,0,1,B
1,9213,True,A,B,2,0,A
1,9214,True,B,A,6,1,B
1,9215,True,A,B,1,2,A
1,9216,True,B,A,3,1,B
1,9217,True,A,B,4,1,A
1,9218,True,B,A,1,2,B
1,9219,True,A,B,2,0,A
1,9220,True,B,A,6,1,B
1,9221,True,B,A,1,2,B
1,9222,True,A,B,0,1,A
1,9223,True,B,A,1,2,B
1,9224,True,A,B,6,1,A
1,9225,True,B,A,3,1,B
1,9226,True,A,B,6,1,A
1,9227,True,B,A,3,1,B
1,9228,True,A,B,4,1,A
1,9229,True,B,A,6,1,B
1,9230,True,A,B,0,1,A
1,9231,True,A,B,6,1,A
1,9232,True,A,B,2,0,A
1,9233,True,B,A,3,1,B
1,9234,True,B,A,2,0,B
1,9235,True,B,A,2,1,B
1,9236,True,A,B,4,1,A
1,9237,True,B,A,10,1,B
1,9238,True,A,B,2,0,A
1,9239,True,B,A,6,1,B
1,9240,True,A,B,10,1,A
1,9241,True,A,B,1,2,A
1,9242,True,A,B,3,1,A
1,9243,True,B,A,10,1,B
1,9244,True,B,A,3,1,B
1,9245,True,B,A,1,1,B
1,9246,True,B,A,2,0,B
1,9247,True,A,B,4,1,A
1,9248,True,B,A,2,1,B
1,9249,True,A,B,1,1,A
1,9250,True,B,A,3,1,B
1,9251,True,A,B,2,0,A
1,9252,True,A,B,1,1,A
1,9253,True,B,A,1,1,B
1,9254,True,B,A,3,1,B
1,9255,True,B,A,1,1,B
1,9256,True,B,A,2,0,B
1,9257,True,A,B,0,1,A
1,9258,True,B,A,1,1,B
1,9259,True,A,B,0,1,A
1,9260,True,A,B,0,1,A
1,9261,True,A,B,4,1,A
1,9262,True,A,B,1,2,A
1,9263,True,B,A,6,1,B
1,9264,True,A,B,0,1,A
1,9265,True,B,A,2,1,B
1,9266,True,A,B,6,1,A
1,9267,True,B,A,3,1,B
1,9268,True,A,B,3,1,A
1,9269,True,B,A,6,1,B
1,9270,True,B,A,0,1,B
1,9271,True,A,B,1,1,A
1,9272,True,A,B,3,1,A
1,9273,True,B,A,1,2,B
1,9274,True,A,B,2,0,A
1,9275,True,A,B,10,1,A
1,9276,True,A,B,2,0,A
1,9277,True,A,B,10,1,A
1,9278,True,B,A,3,1,B
1,9279,True,B,A,1,1,B
1,9280,True,B,A,1,1,B
1,9281,True,A,B,3,1,A
1,9282,True,A,B,3,1,A
1,9283,True,B,A,1,1,B
1,9284,True,B,A,3,1,B
1,9285,True,A,B,3,1,A
1,9286,True,A,B,10,1,A
1,9287,True,B,A,3,1,B
1,9288,True,B,A,1,2,B
1,9289,True,B,A,1,2,B
1,9290,True,B,A,1,1,B
1,9291,True,A,B,4,1,A
1,9292,True,A,B,2,1,A
1,9293,True,B,A,10,1,B
1,9294,True,A,B,10,1,A
1,9295,True,A,B,2,1,A
1,9296,True,A,B,4,1,A
1,9297,True,A,B,3,1,A
1,9298,True,B,A,2,1,B
1,9299,True,B,A,4,1,B
1,9300,True,B,A,3,1,B
1,9301,True,B,A,1,1,B
1,9302,True,A,B,10,1,A
1,9303,True,B,A,1,1,B
1,9304,True,B,A,2,0,B
1,9305,True,B,A,10,1,B
1,9306,True,A,B,4,1,A
1,9307,True,B,A,10,1,B
1,9308,True,B,A,10,1,B
1,9309,True,A,B,3,1,A
1,9310,True,B,A,3,1,B
1,9311,True,B,A,1,1,B
1,9312,True,A,B,3,1,A
1,9313,True,B,A,1,2,B
1,9314,True,A,B,3,1,A
1,9315,True,A,B,2,0,A
1,9316,True,B,A,3,1,B
1,9317,True,B,A,4,1,B
1,9318,True,B,A,2,0,B
1,9319,True,B,A,4,1,B
1,9320,True,A,B,1,1,A
1,9321,True,B,A,1,2,B
1,9322,True,B,A,2,1,B
1,9323,True,B,A,6,1,B
1,9324,True,A,B,1,2,A
1,9325,True,B,A,10,1,B
1,9326,True,B,A,3,1,B
1,9327,True,A,B,1,1,A
1,9328,True,B,A,2,1,B
1,9329,True,B,A,1,1,B
1,9330,True,B,A,6,1,B
1,9331,True,A,B,1,2,A
1,9332,True,B,A,6,1,B
1,9333,True,B,A,0,1,B
1,9334,True,A,B,2,0,A
1,9335,True,B,A,0,1,B
1,9336,True,B,A,10,1,B
1,9337,True,B,A,6,1,B
1,9338,True,B,A,1,2,B
1,9339,True,B,A,4,1,B
1,9340,True,B,A,4,1,B
1,9341,True,A,B,2,0,A
1,9342,True,B,A,10,1,B
1,9343,True,A,B,4,1,A
1,9344,True,A,B,0,1,A
1,9345,True,A,B,1,1,A
1,9346,True,B,A,6,1,B
1,9347,True,B,A,1,1,B
1,9348,True,B,A,0,1,B
1,9349,True,B,A,4,1,B
1,9350,True,A,B,4,1,A
1,9351,True,B,A,2,1,B
1,9352,True,A,B,2,0,A
1,9353,True,B,A,2,0,B
1,9354,True,A,B,1,1,A
1,9355,True,B,A,6,1,B
1,9356,True,A,B,4,1,A
1,9357,True,B,A,2,1,B
1,9358,True,A,B,1,2,A
1,9359,True,B,A,2,1,B
1,9360,True,B,A,3,1,B
1,9361,True,A,B,0,1,A
1,9362,True,B,A,3,1,B
1,9363,True,B,A,2,0,B
1,9364,True,B,A,2,1,B
1,9365,True,A,B,1,2,A
1,9366,True,B,A,4,1,B
1,9367,True,B,A,4,1,B
1,9368,True,A,B,3,1,A
1,9369,True,A,B,4,1,A
1,9370,True,A,B,1,1,A
1,9371,True,A,B,0,1,A
1,9372,True,A,B,1,2,A
1,9373,True,B,A,1,2,B
1,9374,True,A,B,2,0,A
1,9375,True,A,B,2,0,A
1,9376,True,A,B,2,0,A
1,9377,True,A,B,2,0,A
1,9378,True,B,A,0,1,B
1,9379,True,B,A,2,0,B
1,9380,True,A,B,10,1,A
1,9381,True,A,B,3,1,A
1,9382,True,A,B,2,0,A
1,9383,True,B,A,4,1,B
1,9384,True,A,B,2,1,A
1,9385,True,B,A,2,0,B
1,9386,True,B,A,6,1,B
1,9387,True,B,A,1,2,B
1,9388,True,B,A,2,1,B
1,9389,True,B,A,1,2,B
1,9390,True,B,A,2,1,B
1,9391,True,A,B,1,1,A
1,9392,True,A,B,1,2,A
1,9393,True,B,A,10,1,B
1,9394,True,B,A,2,1,B
1,9395,True,B,A,1,1,B
1,9396,True,A,B,6,1,A
1,9397,True,A,B,1,2,A
1,9398,True,A,B,6,1,A
1,9399,True,B,A,1,2,B
1,9400,True,B,A,10,1,B
1,9401,True,A,B,1,1,A
1,9402,True,A,B,1,2,A
1,9403,True,A,B,3,1,A
1,9404,True,B,A,4,1,B
1,9405,True,B,A,0,1,B
1,9406,True,A,B,4,1,A
1,9407,True,A,B,0,1,A
1,9408,True,A,B,4,1,A
1,9409,True,B,A,3,1,B
1,9410,True,B,A,2,0,B
1,9411,True,B,A,1,1,B
1,9412,True,A,B,10,1,A
1,9413,True,A,B,10,1,A
1,9414,True,B,A,2,1,B
1,9415,True,A,B,1,2,A
1,9416,True,B,A,4,1,B
1,9417,True,A,B,10,1,A
1,9418,True,B,A,2,0,B
1,9419,True,A,B,2,1,A
1,9420,True,B,A,1,1,B
1,9421,True,B,A,3,1,B
1,9422,True,B,A,1,1,B
1,9423,True,A,B,6,1,A
1,9424,True,A,B,2,0,A
1,9425,True,A,B,4,1,A
1,9426,True,B,A,1,2,B
1,9427,True,B,A,6,1,B
1,9428,True,A,B,2,1,A
1,9429,True,B,A,3,1,B
1,9430,True,A,B,3,1,A
1,9431,True,A,B,0,1,A
1,9432,True,B,A,3,1,B
1,9433,True,B,A,1,1,B
1,9434,True,A,B,0,1,A
1,9435,True,A,B,10,1,A
1,9436,True,A,B,3,1,A
1,9437,True,A,B,1,1,A
1,9438,True,A,B,2,0,A
1,9439,True,B,A,1,2,B
1,9440,True,B,A,0,1,B
1,9441,True,B,A,1,1,B
1,9442,True,B,A,3,1,B
1,9443,True,A,B,2,0,A
1,9444,True,A,B,2,0,A
1,9445,True,A,B,2,1,A
1,9446,True,B,A,2,1,B
1,9447,True,A,B,1,1,A
1,9448,True,B,A,1,2,B
1,9449,True,A,B,4,1,A
1,9450,True,B,A,3,1,B
1,9451,True,A,B,6,1,A
1,9452,True,A,B,1,2,A
1,9453,True,A,B,0,1,A
1,9454,True,A,B,1,2,A
1,9455,True,A,B,0,1,A
1,9456,True,B,A,1,2,B
1,9457,True,A,B,0,1,A
1,9458,True,B,A,0,1,B
1,9459,True,A,B,1,2,A
1,9460,True,A,B,1,2,A
1,9461,True,B,A,1,2,B
1,9462,True,A,B,1,1,A
1,9463,True,B,A,0,1,B
1,9464,True,B,A,2,0,B
1,9465,True,A,B,2,0,A
1,9466,True,A,B,1,1,A
1,9467,True,A,B,1,2,A
1,9468,True,B,A,2,1,B
1,9469,True,B,A,2,1,B
1,9470,True,B,A,0,1,B
1,9471,True,A,B,0,1,A
1,9472,True,B,A,1,1,B
1,9473,True,B,A,2,1,B
1,9474,True,B,A,1,1,B
1,9475,True,B,A,0,1,B
1,9476,True,A,B,6,1,A
1,9477,True,B,A,2,1,B
1,9478,True,A,B,3,1,A
1,9479,True,A,B,2,1,A
1,9480,True,B,A,1,2,B
1,9481,True,B,A,4,1,B
1,9482,True,A,B,10,1,A
1,9483,True,B,A,4,1,B
1,9484,True,A,B,0,1,A
1,9485,True,B,A,3,1,B
1,9486,True,B,A,3,1,B
1,9487,True,A,B,2,1,A
1,9488,True,B,A,6,1,B
1,9489,True,B,A,2,0,B
1,9490,True,A,B,6,1,A
1,9491,True,A,B,1,1,A
1,9492,True,A,B,2,1,A
1,9493,True,A,B,3,1,A
1,9494,True,A,B,10,1,A
1,9495,True,A,B,10,1,A
1,9496,True,B,A,6,1,B
1,9497,True,A,B,1,2,A
1,9498,True,A,B,3,1,A
1,9499,True,A,B,0,1,A
1,9500,True,A,B,1,2,A
1,9501,True,A,B,6,1,A
1,9502,True,B,A,2,1,B
1,9503,True,A,B,3,1,A
1,9504,True,A,B,0,1,A
1,9505,True,A,B,2,1,A
1,9506,True,B,A,4,1,B
1,9507,True,A,B,0,1,A
1,9508,True,A,B,2,0,A
1,9509,True,B,A,1,1,B
1,9510,True,B,A,0,1,B
1,9511,True,A,B,2,0,A
1,9512,True,A,B,2,0,A
1,9513,True,A,B,0,1,A
1,9514,True,A,B,6,1,A
1,9515,True,B,A,4,1,B
1,9516,True,B,A,10,1,B
1,9517,True,B,A,0,1,B
1,9518,True,B,A,2,0,B
1,9519,True,B,A,4,1,B
1,9520,True,B,A,2,0,B
1,9521,True,B,A,6,1,B
1,9522,True,A,B,4,1,A
1,9523,True,A,B,4,1,A
1,9524,True,B,A,2,0,B
1,9525,True,B,A,2,0,B
1,9526,True,B,A,4,1,B
1,9527,True,A,B,4,1,A
1,9528,True,B,A,6,1,B
1,9529,True,B,A,6,1,B
1,9530,True,A,B,4,1,A
1,9531,True,A,B,2,1,A
1,9532,True,B,A,1,2,B
1,9533,True,B,A,1,1,B
1,9534,True,A,B,2,1,A
1,9535,True,A,B,10,1,A
1,9536,True,A,B,0,1,A
1,9537,True,B,A,10,1,B
1,9538,True,A,B,0,1,A
1,9539,True,B,A,2,0,B
1,9540,True,B,A,6,1,B
1,9541,True,B,A,6,1,B
1,9542,True,A,B,6,1,A
1,9543,True,B,A,3,1,B
1,9544,True,A,B,6,1,A
1,9545,True,A,B,3,1,A
1,9546,True,B,A,4,1,B
1,9547,True,A,B,1,2,A
1,9548,True,A,B,2,1,A
1,9549,True,A,B,3,1,A
1,9550,True,B,A,10,1,B
1,9551,True,B,A,4,1,B
1,9552,True,A,B,10,1,A
1,9553,True,B,A,3,1,B
1,9554,True,B,A,10,1,B
1,9555,True,B,A,10,1,B
1,9556,True,B,A,10,1,B
1,9557,True,A,B,4,1,A
1,9558,True,B,A,2,1,B
1,9559,True,B,A,10,1,B
1,9560,True,A,B,2,0,A
1,9561,True,A,B,0,1,A
1,9562,True,B,A,3,1,B
1,9563,True,A,B,3,1,A
1,9564,True,A,B,3,1,A
1,9565,True,B,A,3,1,B
1,9566,True,A,B,1,1,A
1,9567,True,B,A,1,2,B
1,9568,True,B,A,10,1,B
1,9569,True,A,B,3,1,A
1,9570,True,A,B,4,1,A
1,9571,True,B,A,3,1,B
1,9572,True,A,B,0,1,A
1,9573,True,A,B,2,0,A
1,9574,True,B,A,4,1,B
1,9575,True,A,B,0,1,A
1,9576,True,A,B,1,2,A
1,9577,True,B,A,10,1,B
1,9578,True,A,B,3,1,A
1,9579,True,B,A,2,1,B
1,9580,True,B,A,0,1,B
1,9581,True,A,B,0,1,A
1,9582,True,B,A,2,1,B
1,9583,True,A,B,2,1,A
1,9584,True,A,B,10,1,A
1,9585,True,A,B,1,2,A
1,9586,True,A,B,0,1,A
1,9587,True,B,A,1,1,B
1,9588,True,A,B,3,1,A
1,9589,True,B,A,0,1,B
1,9590,True,A,B,3,1,A
1,9591,True,A,B,10,1,A
1,9592,True,B,A,10,1,B
1,9593,True,A,B,0,1,A
1,9594,True,A,B,2,1,A
1,9595,True,B,A,6,1,B
1,9596,True,A,B,2,0,A
1,9597,True,B,A,4,1,B
1,9598,True,A,B,4,1,A
1,9599,True,A,B,0,1,A
1,9600,True,A,B,0,1,A
1,9601,True,A,B,10,1,A
1,9602,True,A,B,2,0,A
1,9603,True,B,A,10,1,B
1,9604,True,B,A,1,1,B
1,9605,True,B,A,4,1,B
1,9606,True,B,A,6,1,B
1,9607,True,B,A,1,1,B
1,9608,True,B,A,3,1,B
1,9609,True,A,B,2,0,A
1,9610,True,B,A,4,1,B
1,9611,True,B,A,6,1,B
1,9612,True,A,B,2,1,A
1,9613,True,A,B,1,2,A
1,9614,True,B,A,3,1,B
1,9615,True,B,A,2,0,B
1,9616,True,B,A,2,1,B
1,9617,True,A,B,2,0,A
1,9618,True,B,A,4,1,B
1,9619,True,A,B,1,2,A
1,9620,True,B,A,1,2,B
1,9621,True,A,B,6,1,A
1,9622,True,A,B,10,1,A
1,9623,True,A,B,0,1,A
1,9624,True,A,B,2,1,A
1,9625,True,A,B,3,1,A
1,9626,True,A,B,10,1,A
1,9627,True,A,B,10,1,A
1,9628,True,A,B,0,1,A
1,9629,True,A,B,3,1,A
1,9630,True,A,B,10,1,A
1,9631,True,A,B,4,1,A
1,9632,True,B,A,4,1,B
1,9633,True,B,A,2,1,B
1,9634,True,B,A,1,2,B
1,9635,True,B,A,1,2,B
1,9636,True,B,A,0,1,B
1,9637,True,A,B,4,1,A
1,9638,True,A,B,2,1,A
1,9639,True,B,A,1,1,B
1,9640,True,B,A,1,1,B
1,9641,True,B,A,0,1,B
1,9642,True,B,A,4,1,B
1,9643,True,A,B,10,1,A
1,9644,True,A,B,3,1,A
1,9645,True,B,A,10,1,B
1,9646,True,A,B,2,1,A
1,9647,True,B,A,1,1,B
1,9648,True,B,A,10,1,B
1,9649,True,A,B,0,1,A
1,9650,True,A,B,4,1,A
1,9651,True,B,A,1,2,B
1,9652,True,B,A,0,1,B
1,9653,True,A,B,1,2,A
1,9654,True,B,A,2,0,B
1,9655,True,B,A,4,1,B
1,9656,True,B,A,3,1,B
1,9657,True,B,A,4,1,B
1,9658,True,B,A,1,2,B
1,9659,True,A,B,4,1,A
1,9660,True,B,A,1,1,B
1,9661,True,A,B,1,1,A
1,9662,True,B,A,2,1,B
1,9663,True,A,B,0,1,A
1,9664,True,B,A,4,1,B
1,9665,True,B,A,6,1,B
1,9666,True,A,B,4,1,A
1,9667,True,B,A,10,1,B
1,9668,True,A,B,2,1,A
1,9669,True,B,A,2,0,B
1,9670,True,A,B,1,1,A
1,9671,True,B,A,10,1,B
1,9672,True,A,B,1,2,A
1,9673,True,B,A,2,0,B
1,9674,True,B,A,1,1,B
1,9675,True,B,A,0,1,B
1,9676,True,A,B,1,2,A
1,9677,True,A,B,2,1,A
1,9678,True,A,B,2,0,A
1,9679,True,A,B,6,1,A
1,9680,True,B,A,3,1,B
1,9681,True,B,A,1,2,B
1,9682,True,A,B,2,0,A
1,9683,True,A,B,1,1,A
1,9684,True,A,B,3,1,A
1,9685,True,B,A,10,1,B
1,9686,True,A,B,0,1,A
1,9687,True,B,A,2,0,B
1,9688,True,B,A,3,1,B
1,9689,True,A,B,0,1,A
1,9690,True,B,A,1,1,B
1,9691,True,B,A,3,1,B
1,9692,True,B,A,1,2,B
1,9693,True,B,A,2,1,B
1,9694,True,B,A,10,1,B
1,9695,True,A,B,10,1,A
1,9696,True,B,A,4,1,B
1,9697,True,A,B,2,1,A
1,9698,True,B,A,3,1,B
1,9699,True,B,A,4,1,B
1,9700,True,B,A,1,2,B
1,9701,True,A,B,1,1,A
1,9702,True,A,B,2,1,A
1,9703,True,B,A,2,0,B
1,9704,True,B,A,2,0,B
1,9705,True,B,A,10,1,B
1,9706,True,A,B,0,1,A
1,9707,True,A,B,4,1,A
1,9708,True,B,A,4,1,B
1,9709,True,B,A,1,2,B
1,9710,True,A,B,10,1,A
1,9711,True,B,A,2,0,B
1,9712,True,B,A,4,1,B
1,9713,True,B,A,1,1,B
1,9714,True,B,A,6,1,B
1,9715,True,A,B,0,1,A
1,9716,True,B,A,1,2,B
1,9717,True,A,B,2,1,A
1,9718,True,B,A,4,1,B
1,9719,True,A,B,1,1,A
1,9720,True,A,B,3,1,A
1,9721,True,A,B,1,2,A
1,9722,True,A,B,6,1,A
1,9723,True,A,B,6,1,A
1,9724,True,B,A,1,2,B
1,9725,True,B,A,3,1,B
1,9726,True,B,A,3,1,B
1,9727,True,A,B,2,1,A
1,9728,True,A,B,0,1,A
1,9729,True,A,B,10,1,A
1,9730,True,A,B,10,1,A
1,9731,True,A,B,4,1,A
1,9732,True,B,A,0,1,B
1,9733,True,A,B,0,1,A
1,9734,True,B,A,10,1,B
1,9735,True,B,A,6,1,B
1,9736,True,B,A,2,1,B
1,9737,True,B,A,2,1,B
1,9738,True,B,A,1,1,B
1,9739,True,B,A,4,1,B
1,9740,True,A,B,1,1,A
1,9741,True,B,A,2,0,B
1,9742,True,A,B,1,1,A
1,9743,True,A,B,1,2,A
1,9744,True,A,B,10,1,A
1,9745,True,B,A,2,0,B
1,9746,True,A,B,2,0,A
1,9747,True,B,A,3,1,B
1,9748,True,A,B,0,1,A
1,9749,True,A,B,10,1,A
1,9750,True,B,A,2,1,B
1,9751,True,A,B,2,1,A
1,9752,True,A,B,1,1,A
1,9753,True,B,A,6,1,B
1,9754,True,B,A,4,1,B
1,9755,True,B,A,1,2,B
1,9756,True,A,B,1,2,A
1,9757,True,A,B,6,1,A
1,9758,True,B,A,3,1,B
1,9759,True,B,A,0,1,B
1,9760,True,A,B,4,1,A
1,9761,True,A,B,2,1,A
1,9762,True,B,A,3,1,B
1,9763,True,A,B,4,1,A
1,9764,True,A,B,2,0,A
1,9765,True,B,A,0,1,B
1,9766,True,A,B,1,2,A
1,9767,True,A,B,1,1,A
1,9768,True,B,A,0,1,B
1,9769,True,B,A,10,1,B
1,9770,True,B,A,3,1,B
1,9771,True,B,A,4,1,B
1,9772,True,A,B,1,1,A
1,9773,True,B,A,2,1,B
1,9774,True,B,A,10,1,B
1,9775,True,B,A,4,1,B
1,9776,True,B,A,4,1,B
1,9777,True,A,B,2,0,A
1,9778,True,A,B,10,1,A
1,9779,True,B,A,1,1,B
1,9780,True,B,A,2,0,B
1,9781,True,A,B,6,1,A
1,9782,True,A,B,0,1,A
1,9783,True,A,B,2,1,A
1,9784,True,A,B,1,1,A
1,9785,True,B,A,4,1,B
1,9786,True,B,A,4,1,B
1,9787,True,A,B,1,2,A
1,9788,True,A,B,1,2,A
1,9789,True,A,B,2,0,A
1,9790,True,A,B,2,1,A
1,9791,True,A,B,2,1,A
1,9792,True,B,A,1,2,B
1,9793,True,A,B,1,2,A
1,9794,True,B,A,4,1,B
1,9795,True,B,A,2,1,B
1,9796,True,A,B,4,1,A
1,9797,True,A,B,3,1,A
1,9798,True,B,A,2,1,B
1,9799,True,B,A,4,1,B
1,9800,True,A,B,4,1,A
1,9801,True,A,B,2,0,A
1,9802,True,A,B,1,2,A
1,9803,True,B,A,4,1,B
1,9804,True,A,B,4,1,A
1,9805,True,B,A,1,1,B
1,9806,True,B,A,2,0,B
1,9807,True,B,A,3,1,B
1,9808,True,A,B,0,1,A
1,9809,True,A,B,2,1,A
1,9810,True,B,A,3,1,B
1,9811,True,B,A,6,1,B
1,9812,True,B,A,2,0,B
1,9813,True,B,A,2,0,B
1,9814,True,A,B,2,1,A
1,9815,True,A,B,1,2,A
1,9816,True,B,A,2,0,B
1,9817,True,B,A,6,1,B
1,9818,True,A,B,2,0,A
1,9819,True,A,B,0,1,A
1,9820,True,A,B,3,1,A
1,9821,True,B,A,1,2,B
1,9822,True,B,A,1,2,B
1,9823,True,A,B,1,1,A
1,9824,True,B,A,10,1,B
1,9825,True,B,A,1,1,B
1,9826,True,A,B,2,1,A
1,9827,True,A,B,2,0,A
1,9828,True,B,A,2,0,B
1,9829,True,B,A,2,1,B
1,9830,True,A,B,4,1,A
1,9831,True,A,B,1,1,A
1,9832,True,B,A,1,1,B
1,9833,True,B,A,3,1,B
1,9834,True,B,A,4,1,B
1,9835,True,B,A,6,1,B
1,9836,True,A,B,1,1,A
1,9837,True,B,A,2,1,B
1,9838,True,B,A,0,1,B
1,9839,True,A,B,1,1,A
1,9840,True,B,A,6,1,B
1,9841,True,B,A,1,1,B
1,9842,True,B,A,6,1,B
1,9843,True,B,A,6,1,B
1,9844,True,A,B,4,1,A
1,9845,True,A,B,10,1,A
1,9846,True,B,A,4,1,B
1,9847,True,A,B,2,1,A
1,9848,True,A,B,2,1,A
1,9849,True,B,A,6,1,B
1,9850,True,A,B,6,1,A
1,9851,True,A,B,3,1,A
1,9852,True,B,A,1,2,B
1,9853,True,B,A,0,1,B
1,9854,True,B,A,6,1,B
1,9855,True,B,A,0,1,B
1,9856,True,A,B,0,1,A
1,9857,True,B,A,2,0,B
1,9858,True,B,A,2,0,B
1,9859,True,B,A,6,1,B
1,9860,True,B,A,1,1,B
1,9861,True,B,A,2,1,B
1,9862,True,B,A,10,1,B
1,9863,True,A,B,10,1,A
1,9864,True,B,A,1,2,B
1,9865,True,B,A,10,1,B
1,9866,True,B,A,1,2,B
1,9867,True,A,B,1,1,A
1,9868,True,B,A,0,1,B
1,9869,True,A,B,6,1,A
1,9870,True,B,A,1,1,B
1,9871,True,B,A,2,1,B
1,9872,True,A,B,10,1,A
1,9873,True,B,A,2,0,B
1,9874,True,B,A,0,1,B
1,9875,True,B,A,2,1,B
1,9876,True,A,B,4,1,A
1,9877,True,A,B,3,1,A
1,9878,True,A,B,0,1,A
1,9879,True,B,A,2,0,B
1,9880,True,A,B,2,0,A
1,9881,True,B,A,6,1,B
1,9882,True,A,B,10,1,A
1,9883,True,B,A,4,1,B
1,9884,True,A,B,10,1,A
1,9885,True,A,B,4,1,A
1,9886,True,A,B,0,1,A
1,9887,True,A,B,0,1,A
1,9888,True,A,B,1,2,A
1,9889,True,B,A,4,1,B
1,9890,True,B,A,6,1,B
1,9891,True,A,B,3,1,A
1,9892,True,A,B,3,1,A
1,9893,True,A,B,3,1,A
1,9894,True,B,A,10,1,B
1,9895,True,A,B,2,0,A
1,9896,True,B,A,4,1,B
1,9897,True,B,A,1,2,B
1,9898,True,A,B,10,1,A
1,9899,True,A,B,6,1,A
1,9900,True,A,B,2,0,A
1,9901,True,B,A,1,2,B
1,9902,True,B,A,1,1,B
1,9903,True,A,B,0,1,A
1,9904,True,B,A,2,0,B
1,9905,True,A,B,1,1,A
1,9906,True,B,A,1,1,B
1,9907,True,B,A,1,2,B
1,9908,True,B,A,6,1,B
1,9909,True,A,B,1,2,A
1,9910,True,B,A,1,2,B
1,9911,True,B,A,2,1,B
1,9912,True,B,A,10,1,B
1,9913,True,B,A,10,1,B
1,9914,True,A,B,10,1,A
1,9915,True,B,A,0,1,B
1,9916,True,B,A,2,1,B
1,9917,True,B,A,2,0,B
1,9918,True,B,A,2,1,B
1,9919,True,B,A,6,1,B
1,9920,True,B,A,1,1,B
1,9921,True,A,B,1,1,A
1,9922,True,A,B,0,1,A
1,9923,True,A,B,1,1,A
1,9924,True,B,A,3,1,B
1,9925,True,A,B,0,1,A
1,9926,True,B,A,1,2,B
1,9927,True,A,B,4,1,A
1,9928,True,A,B,1,2,A
1,9929,True,B,A,0,1,B
1,9930,True,B,A,3,1,B
1,9931,True,A,B,10,1,A
1,9932,True,B,A,1,1,B
1,9933,True,A,B,2,1,A
1,9934,True,A,B,2,0,A
1,9935,True,A,B,2,1,A
1,9936,True,A,B,1,1,A
1,9937,True,B,A,2,1,B
1,9938,True,A,B,4,1,A
1,9939,True,A,B,10,1,A
1,9940,True,A,B,1,1,A
1,9941,True,A,B,4,1,A
1,9942,True,B,A,1,2,B
1,9943,True,A,B,10,1,A
1,9944,True,B,A,6,1,B
1,9945,True,A,B,6,1,A
1,9946,True,B,A,1,2,B
1,9947,True,A,B,4,1,A
1,9948,True,A,B,6,1,A
1,9949,True,B,A,1,1,B
1,9950,True,A,B,2,0,A
1,9951,True,A,B,2,1,A
1,9952,True,B,A,10,1,B
1,9953,True,B,A,6,1,B
1,9954,True,B,A,4,1,B
1,9955,True,A,B,10,1,A
1,9956,True,A,B,1,1,A
1,9957,True,A,B,10,1,A
1,9958,True,A,B,4,1,A
1,9959,True,B,A,10,1,B
1,9960,True,A,B,0,1,A
1,9961,True,A,B,1,1,A
1,9962,True,A,B,0,1,A
1,9963,True,B,A,1,1,B
1,9964,True,A,B,2,1,A
1,9965,True,A,B,2,1,A
1,9966,True,A,B,3,1,A
1,9967,True,A,B,1,2,A
1,9968,True,B,A,10,1,B
1,9969,True,B,A,1,1,B
1,9970,True,A,B,4,1,A
1,9971,True,B,A,6,1,B
1,9972,True,B,A,2,1,B
1,9973,True,A,B,1,2,A
1,9974,True,B,A,10,1,B
1,9975,True,A,B,4,1,A
1,9976,True,B,A,0,1,B
1,9977,True,A,B,2,1,A
1,9978,True,A,B,1,1,A
1,9979,True,A,B,1,1,A
1,9980,True,A,B,10,1,A
1,9981,True,A,B,1,1,A
1,9982,True,B,A,0,1,B
1,9983,True,B,A,1,2,B
1,9984,True,A,B,3,1,A
1,9985,True,A,B,2,0,A
1,9986,True,B,A,6,1,B
1,9987,True,A,B,6,1,A
1,9988,True,B,A,1,1,B
1,9989,True,A,B,4,1,A
1,9990,True,B,A,4,1,B
1,9991,True,A,B,2,1,A
1,9992,True,B,A,3,1,B
1,9993,True,A,B,2,1,A
1,9994,True,A,B,0,1,A
1,9995,True,B,A,6,1,B
1,9996,True,B,A,2,0,B
1,9997,True,A,B,10,1,A
1,9998,True,B,A,2,1,B
1,9999,True,A,B,6,1,A
1,10000,True,B,A,2,0,B
2,10001,True,B,A,1,1,B
2,10002,True,B,A,6,1,B
2,10003,True,B,A,1,1,B
2,10004,True,A,B,1,1,A
2,10005,True,A,B,4,1,A
2,10006,True,B,A,1,2,B
2,10007,True,A,B,10,1,A
2,10008,True,A,B,1,1,A
2,10009,True,B,A,4,1,B
2,10010,True,B,A,0,1,B
2,10011,True,A,B,6,1,A
2,10012,True,A,B,1,2,A
2,10013,True,B,A,3,1,B
2,10014,True,B,A,1,1,B
2,10015,True,A,B,0,1,A
2,10016,True,A,B,1,2,A
2,10017,True,A,B,1,1,A
2,10018,True,B,A,2,1,B
2,10019,True,B,A,6,1,B
2,10020,True,A,B,2,0,A
2,10021,True,A,B,2,1,A
2,10022,True,A,B,1,2,A
2,10023,True,A,B,4,1,A
2,10024,True,B,A,1,2,B
2,10025,True,B,A,4,1,B
2,10026,True,A,B,6,1,A
2,10027,True,A,B,4,1,A
2,10028,True,B,A,6,1,B
2,10029,True,B,A,10,1,B
2,10030,True,A,B,10,1,A
2,10031,True,A,B,1,1,A
2,10032,True,A,B,4,1,A
2,10033,True,B,A,1,2,B
2,10034,True,B,A,2,1,B
2,10035,True,B,A,3,1,B
2,10036,True,A,B,1,1,A
2,10037,True,B,A,2,1,B
2,10038,True,A,B,1,1,A
2,10039,True,B,A,1,1,B
2,10040,True,B,A,1,2,B
2,10041,True,A,B,2,1,A
2,10042,True,B,A,2,1,B
2,10043,True,A,B,2,1,A
2,10044,True,B,A,2,0,B
2,10045,True,A,B,10,1,A
2,10046,True,B,A,4,1,B
2,10047,True,A,B,1,1,A
2,10048,True,A,B,10,1,A
2,10049,True,A,B,6,1,A
2,10050,True,B,A,1,1,B
2,10051,True,B,A,6,1,B
2,10052,True,A,B,1,1,A
2,10053,True,B,A,6,1,B
2,10054,True,A,B,1,2,A
2,10055,True,B,A,1,2,B
2,10056,True,B,A,1,1,B
2,10057,False,,,,,
2,10058,True,A,B,10,1,A
2,10059,True,A,B,2,0,A
2,10060,True,A,B,2,0,A
2,10061,True,A,B,2,0,A
2,10062,True,B,A,6,1,B
2,10063,True,B,A,6,1,B
2,10064,True,A,B,0,1,A
2,10065,True,B,A,3,1,B
2,10066,True,B,A,3,1,B
2,10067,True,A,B,0,1,A
2,10068,True,A,B,0,1,A
2,10069,True,A,B,6,1,A
2,10070,True,B,A,1,2,B
2,10071,True,B,A,4,1,B
2,10072,True,B,A,1,1,B
2,10073,True,A,B,2,0,A
2,10074,True,B,A,6,1,B
2,10075,True,A,B,2,0,A
2,10076,True,B,A,2,1,B
2,10077,True,B,A,10,1,B
2,10078,True,A,B,2,0,A
2,10079,True,B,A,2,0,B
2,10080,True,A,B,2,0,A
2,10081,True,A,B,3,1,A
2,10082,True,A,B,1,1,A
2,10083,True,A,B,2,1,A
2,10084,True,B,A,10,1,B
2,10085,True,B,A,2,0,B
2,10086,True,B,A,0,1,B
2,10087,True,B,A,6,1,B
2,10088,True,B,A,3,1,B
2,10089,True,B,A,2,0,B
2,10090,True,B,A,1,1,B
2,10091,True,A,B,0,1,A
2,10092,True,B,A,6,1,B
2,10093,True,A,B,1,2,A
2,10094,True,B,A,2,0,B
2,10095,True,B,A,2,0,B
2,10096,True,B,A,6,1,B
2,10097,True,A,B,1,1,A
2,10098,True,B,A,2,1,B
2,10099,True,B,A,10,1,B
2,10100,True,B,A,2,1,B
2,10101,True,A,B,6,1,A
2,10102,True,A,B,1,2,A
2,10103,True,B,A,3,1,B
2,10104,True,A,B,2,1,A
2,10105,True,B,A,6,1,B
2,10106,True,B,A,10,1,B
2,10107,True,B,A,6,1,B
2,10108,True,B,A,2,1,B
2,10109,True,A,B,6,1,A
2,10110,True,B,A,10,1,B
2,10111,True,A,B,2,0,A
2,10112,True,B,A,1,2,B
2,10113,True,B,A,6,1,B
2,10114,True,B,A,1,1,B
2,10115,True,B,A,4,1,B
2,10116,True,A,B,1,1,A
2,10117,True,A,B,4,1,A
2,10118,True,B,A,2,1,B
2,10119,True,B,A,2,0,B
2,10120,True,A,B,2,1,A
2,10121,True,B,A,1,2,B
2,10122,True,B,A,1,2,B
2,10123,True,A,B,10,1,A
2,10124,True,A,B,2,0,A
2,10125,True,B,A,1,2,B
2,10126,True,A,B,10,1,A
2,10127,True,A,B,6,1,A
2,10128,True,A,B,0,1,A
2,10129,True,A,B,0,1,A
2,10130,True,B,A,1,1,B
2,10131,True,A,B,1,1,A
2,10132,True,A,B,1,2,A
2,10133,True,B,A,2,1,B
2,10134,True,B,A,3,1,B
2,10135,True,A,B,2,0,A
2,10136,True,A,B,3,1,A
2,10137,True,A,B,1,2,A
2,10138,True,A,B,10,1,A
2,10139,True,A,B,4,1,A
2,10140,True,B,A,2,1,B
2,10141,True,B,A,1,1,B
2,10142,True,B,A,0,1,B
2,10143,True,B,A,0,1,B
2,10144,True,A,B,3,1,A
2,10145,True,B,A,2,0,B
2,10146,True,A,B,6,1,A
2,10147,True,B,A,0,1,B
2,10148,True,A,B,4,1,A
2,10149,True,A,B,3,1,A
2,10150,True,A,B,1,1,A
2,10151,True,A,B,1,2,A
2,10152,True,B,A,1,2,B
2,10153,True,B,A,4,1,B
2,10154,True,A,B,4,1,A
2,10155,True,A,B,3,1,A
2,10156,True,A,B,1,1,A
2,10157,True,A,B,4,1,A
2,10158,True,B,A,1,1,B
2,10159,True,A,B,0,1,A
2,10160,True,B,A,6,1,B
2,10161,True,B,A,2,0,B
2,10162,True,B,A,10,1,B
2,10163,True,A,B,10,1,A
2,10164,True,A,B,1,2,A
2,10165,True,B,A,2,0,B
2,10166,True,B,A,1,2,B
2,10167,True,B,A,3,1,B
2,10168,True,A,B,4,1,A
2,10169,True,B,A,2,1,B
2,10170,True,A,B,1,1,A
2,10171,True,B,A,2,1,B
2,10172,True,B,A,1,1,B
2,10173,True,A,B,1,1,A
2,10174,True,B,A,2,1,B
2,10175,True,B,A,0,1,B
2,10176,True,A,B,6,1,A
2,10177,True,A,B,10,1,A
2,10178,True,A,B,0,1,A
2,10179,True,B,A,2,0,B
2,10180,True,A,B,2,1,A
2,10181,True,A,B,1,2,A
2,10182,True,A,B,1,2,A
2,10183,True,B,A,1,1,B
2,10184,True,B,A,1,1,B
2,10185,True,B,A,6,1,B
2,10186,True,B,A,3,1,B
2,10187,True,A,B,3,1,A
2,10188,True,A,B,2,0,A
2,10189,True,B,A,4,1,B
2,10190,True,A,B,6,1,A
2,10191,True,B,A,0,1,B
2,10192,True,A,B,4,1,A
2,10193,True,B,A,4,1,B
2,10194,True,A,B,4,1,A
2,10195,True,A,B,1,1,A
2,10196,True,A,B,1,2,A
2,10197,True,B,A,10,1,B
2,10198,True,A,B,0,1,A
2,10199,True,B,A,1,1,B
2,10200,True,A,B,10,1,A
2,10201,True,B,A,4,1,B
2,10202,True,B,A,6,1,B
2,10203,True,A,B,1,1,A
2,10204,True,B,A,1,1,B
2,10205,True,B,A,6,1,B
2,10206,True,B,A,10,1,B
2,10207,True,A,B,2,0,A
2,10208,True,A,B,1,2,A
2,10209,True,B,A,1,1,B
2,10210,True,B,A,6,1,B
2,10211,True,B,A,2,0,B
2,10212,True,A,B,4,1,A
2,10213,True,A,B,1,2,A
2,10214,True,A,B,2,1,A
2,10215,True,B,A,1,2,B
2,10216,True,A,B,2,0,A
2,10217,True,A,B,1,1,A
2,10218,True,B,A,3,1,B
2,10219,True,A,B,6,1,A
2,10220,True,B,A,6,1,B
2,10221,True,B,A,2,1,B
2,10222,True,B,A,10,1,B
2,10223,True,A,B,2,0,A
2,10224,True,B,A,10,1,B
2,10225,True,A,B,0,1,A
2,10226,True,A,B,2,0,A
2,10227,True,A,B,0,1,A
2,10228,True,B,A,4,1,B
2,10229,True,A,B,1,2,A
2,10230,True,B,A,2,1,B
2,10231,True,A,B,0,1,A
2,10232,True,A,B,1,2,A
2,10233,True,A,B,1,1,A
2,10234,True,B,A,6,1,B
2,10235,True,A,B,2,1,A
2,10236,True,A,B,2,0,A
2,10237,True,B,A,10,1,B
2,10238,True,B,A,6,1,B
2,10239,True,B,A,2,1,B
2,10240,True,A,B,0,1,A
2,10241,True,B,A,1,1,B
2,10242,True,A,B,10,1,A
2,10243,True,A,B,1,2,A
2,10244,True,A,B,6,1,A
2,10245,True,B,A,4,1,B
2,10246,True,B,A,1,1,B
2,10247,True,B,A,2,1,B
2,10248,True,B,A,10,1,B
2,10249,True,B,A,6,1,B
2,10250,True,B,A,1,1,B
2,10251,True,B,A,1,1,B
2,10252,True,B,A,2,1,B
2,10253,True,A,B,1,2,A
2,10254,True,A,B,2,1,A
2,10255,True,A,B,4,1,A
2,10256,True,B,A,10,1,B
2,10257,True,A,B,10,1,A
2,10258,True,A,B,3,1,A
2,10259,True,B,A,6,1,B
2,10260,True,B,A,2,0,B
2,10261,True,B,A,6,1,B
2,10262,True,A,B,10,1,A
2,10263,True,A,B,2,0,A
2,10264,True,B,A,2,1,B
2,10265,True,B,A,2,1,B
2,10266,True,B,A,1,1,B
2,10267,True,B,A,2,1,B
2,10268,True,B,A,4,1,B
2,10269,True,B,A,2,0,B
2,10270,True,B,A,3,1,B
2,10271,True,A,B,1,1,A
2,10272,True,A,B,2,1,A
2,10273,True,B,A,10,1,B
2,10274,True,B,A,2,0,B
2,10275,True,A,B,6,1,A
2,10276,True,A,B,1,1,A
2,10277,True,B,A,0,1,B
2,10278,True,B,A,6,1,B
2,10279,True,A,B,4,1,A
2,10280,True,A,B,1,1,A
2,10281,True,B,A,6,1,B
2,10282,True,B,A,3,1,B
2,10283,True,A,B,2,1,A
2,10284,True,A,B,1,2,A
2,10285,True,B,A,2,0,B
2,10286,True,A,B,3,1,A
2,10287,True,B,A,2,0,B
2,10288,True,B,A,2,1,B
2,10289,True,B,A,1,1,B
2,10290,True,B,A,2,1,B
2,10291,True,A,B,10,1,A
2,10292,True,A,B,3,1,A
2,10293,True,A,B,1,2,A
2,10294,True,B,A,0,1,B
2,10295,True,B,A,2,0,B
2,10296,True,B,A,0,1,B
2,10297,True,A,B,4,1,A
2,10298,True,A,B,10,1,A
2,10299,True,A,B,3,1,A
2,10300,True,B,A,2,0,B
2,10301,True,B,A,0,1,B
2,10302,True,B,A,1,1,B
2,10303,True,B,A,2,0,B
2,10304,True,A,B,2,0,A
2,10305,True,B,A,2,0,B
2,10306,True,A,B,10,1,A
2,10307,True,A,B,3,1,A
2,10308,True,B,A,10,1,B
2,10309,True,A,B,4,1,A
2,10310,True,A,B,4,1,A
2,10311,True,A,B,1,2,A
2,10312,True,B,A,0,1,B
2,10313,True,B,A,3,1,B
2,10314,True,A,B,0,1,A
2,10315,True,A,B,4,1,A
2,10316,True,A,B,1,1,A
2,10317,True,A,B,2,1,A
2,10318,True,A,B,1,1,A
2,10319,True,B,A,4,1,B
2,10320,True,B,A,4,1,B
2,10321,True,B,A,3,1,B
2,10322,True,A,B,1,2,A
2,10323,True,A,B,3,1,A
2,10324,True,A,B,1,1,A
2,10325,True,A,B,1,2,A
2,10326,True,B,A,1,1,B
2,10327,True,B,A,2,0,B
2,10328,True,B,A,1,2,B
2,10329,True,B,A,0,1,B
2,10330,True,B,A,1,2,B
2,10331,True,A,B,6,1,A
2,10332,True,B,A,1,1,B
2,10333,True,B,A,3,1,B
2,10334,True,B,A,3,1,B
2,10335,True,A,B,1,2,A
2,10336,True,A,B,10,1,A
2,10337,True,A,B,2,0,A
2,10338,True,A,B,0,1,A
2,10339,True,B,A,0,1,B
2,10340,True,B,A,2,0,B
2,10341,True,A,B,4,1,A
2,10342,True,A,B,2,0,A
2,10343,True,B,A,6,1,B
2,10344,True,A,B,3,1,A
2,10345,True,A,B,6,1,A
2,10346,True,A,B,10,1,A
2,10347,True,A,B,3,1,A
2,10348,True,A,B,10,1,A
2,10349,True,B,A,1,1,B
2,10350,True,B,A,2,0,B
2,10351,True,B,A,4,1,B
2,10352,True,A,B,1,2,A
2,10353,True,B,A,4,1,B
2,10354,True,A,B,2,0,A
2,10355,True,B,A,3,1,B
2,10356,True,A,B,0,1,A
2,10357,True,B,A,1,1,B
2,10358,True,B,A,1,2,B
2,10359,True,B,A,4,1,B
2,10360,True,B,A,1,1,B
2,10361,True,B,A,6,1,B
2,10362,True,A,B,10,1,A
2,10363,True,B,A,1,1,B
2,10364,True,A,B,1,1,A
2,10365,True,B,A,4,1,B
2,10366,True,A,B,6,1,A
2,10367,True,A,B,0,1,A
2,10368,True,A,B,1,1,A
2,10369,True,B,A,4,1,B
2,10370,True,B,A,2,0,B
2,10371,True,B,A,1,1,B
2,10372,True,A,B,1,2,A
2,10373,True,A,B,1,2,A
2,10374,True,B,A,1,2,B
2,10375,True,A,B,10,1,A
2,10376,True,A,B,10,1,A
2,10377,True,B,A,0,1,B
2,10378,True,B,A,1,2,B
2,10379,True,A,B,2,1,A
2,10380,True,B,A,2,0,B
2,10381,True,B,A,0,1,B
2,10382,True,B,A,4,1,B
2,10383,True,A,B,3,1,A
2,10384,True,B,A,4,1,B
2,10385,True,A,B,2,0,A
2,10386,True,A,B,1,1,A
2,10387,True,B,A,0,1,B
2,10388,True,B,A,4,1,B
2,10389,True,B,A,2,1,B
2,10390,True,B,A,0,1,B
2,10391,True,A,B,3,1,A
2,10392,True,A,B,1,1,A
2,10393,True,A,B,0,1,A
2,10394,True,A,B,1,1,A
2,10395,True,A,B,1,1,A
2,10396,True,B,A,2,1,B
2,10397,True,B,A,0,1,B
2,10398,True,B,A,2,0,B
2,10399,True,A,B,2,0,A
2,10400,True,B,A,2,0,B
2,10401,True,A,B,3,1,A
2,10402,True,B,A,3,1,B
2,10403,True,B,A,1,1,B
2,10404,True,B,A,2,1,B
2,10405,True,B,A,1,2,B
2,10406,True,B,A,10,1,B
2,10407,True,A,B,1,2,A
2,10408,True,B,A,1,1,B
2,10409,True,A,B,1,2,A
2,10410,True,A,B,2,0,A
2,10411,True,B,A,4,1,B
2,10412,True,A,B,4,1,A
2,10413,True,A,B,2,0,A
2,10414,True,B,A,6,1,B
2,10415,True,A,B,2,0,A
2,10416,True,B,A,6,1,B
2,10417,True,A,B,1,1,A
2,10418,True,B,A,2,0,B
2,10419,True,A,B,4,1,A
2,10420,True,A,B,1,1,A
2,10421,True,A,B,2,1,A
2,10422,True,B,A,10,1,B
2,10423,True,A,B,2,0,A
2,10424,True,B,A,1,2,B
2,10425,True,B,A,2,0,B
2,10426,True,B,A,0,1,B
2,10427,True,B,A,2,0,B
2,10428,True,B,A,3,1,B
2,10429,True,B,A,3,1,B
2,10430,True,B,A,1,2,B
2,10431,True,B,A,1,2,B
2,10432,True,A,B,1,2,A
2,10433,True,A,B,2,0,A
2,10434,True,A,B,1,2,A
2,10435,True,A,B,2,1,A
2,10436,True,B,A,10,1,B
2,10437,True,B,A,4,1,B
2,10438,True,A,B,1,2,A
2,10439,True,A,B,3,1,A
2,10440,True,B,A,1,1,B
2,10441,True,A,B,3,1,A
2,10442,True,A,B,1,1,A
2,10443,True,A,B,0,1,A
2,10444,True,B,A,3,1,B
2,10445,True,A,B,1,1,A
2,10446,True,B,A,2,1,B
2,10447,True,A,B,0,1,A
2,10448,True,A,B,4,1,A
2,10449,True,B,A,6,1,B
2,10450,True,A,B,6,1,A
2,10451,True,A,B,2,0,A
2,10452,True,A,B,2,1,A
2,10453,True,B,A,2,1,B
2,10454,True,B,A,2,1,B
2,10455,True,B,A,1,2,B
2,10456,True,B,A,1,2,B
2,10457,True,A,B,1,1,A
2,10458,True,B,A,4,1,B
2,10459,True,B,A,2,0,B
2,10460,True,B,A,2,0,B
2,10461,True,A,B,4,1,A
2,10462,True,A,B,4,1,A
2,10463,True,A,B,3,1,A
2,10464,True,A,B,10,1,A
2,10465,True,B,A,1,1,B
2,10466,True,B,A,1,2,B
2,10467,True,A,B,3,1,A
2,10468,True,A,B,2,1,A
2,10469,True,B,A,2,0,B
2,10470,True,B,A,1,2,B
2,10471,True,B,A,2,1,B
2,10472,True,A,B,10,1,A
2,10473,True,B,A,3,1,B
2,10474,True,A,B,2,1,A
2,10475,True,A,B,2,0,A
2,10476,True,B,A,0,1,B
2,10477,True,A,B,1,2,A
2,10478,True,B,A,1,1,B
2,10479,True,A,B,2,0,A
2,10480,True,B,A,1,2,B
2,10481,True,B,A,4,1,B
2,10482,True,A,B,4,1,A
2,10483,True,B,A,1,2,B
2,10484,True,A,B,2,1,A
2,10485,True,A,B,0,1,A
2,10486,True,B,A,4,1,B
2,10487,True,B,A,6,1,B
2,10488,True,B,A,3,1,B
2,10489,True,A,B,2,0,A
2,10490,True,A,B,6,1,A
2,10491,True,A,B,6,1,A
2,10492,True,A,B,2,0,A
2,10493,True,A,B,1,2,A
2,10494,True,A,B,1,1,A
2,10495,True,A,B,4,1,A
2,10496,True,A,B,2,1,A
2,10497,True,A,B,1,1,A
2,10498,True,A,B,10,1,A
2,10499,True,A,B,2,0,A
2,10500,True,A,B,3,1,A
2,10501,True,B,A,2,0,B
2,10502,True,B,A,4,1,B
2,10503,True,A,B,10,1,A
2,10504,True,B,A,0,1,B
2,10505,True,B,A,2,0,B
2,10506,True,A,B,0,1,A
2,10507,True,B,A,1,1,B
2,10508,True,B,A,1,1,B
2,10509,True,B,A,2,1,B
2,10510,True,B,A,2,1,B
2,10511,True,B,A,2,0,B
2,10512,True,B,A,4,1,B
2,10513,True,A,B,1,2,A
2,10514,True,A,B,2,0,A
2,10515,True,A,B,6,1,A
2,10516,True,A,B,6,1,A
2,10517,True,A,B,1,1,A
2,10518,True,A,B,6,1,A
2,10519,True,A,B,2,0,A
2,10520,True,A,B,10,1,A
2,10521,True,A,B,1,1,A
2,10522,True,A,B,2,0,A
2,10523,True,A,B,6,1,A
2,10524,True,A,B,2,0,A
2,10525,True,A,B,0,1,A
2,10526,True,B,A,4,1,B
2,10527,True,A,B,0,1,A
2,10528,True,A,B,0,1,A
2,10529,True,B,A,2,1,B
2,10530,True,B,A,0,1,B
2,10531,True,A,B,1,1,A
2,10532,True,B,A,1,1,B
2,10533,True,B,A,1,1,B
2,10534,True,A,B,0,1,A
2,10535,True,A,B,2,0,A
2,10536,True,B,A,4,1,B
2,10537,True,A,B,0,1,A
2,10538,True,A,B,0,1,A
2,10539,True,B,A,10,1,B
2,10540,True,B,A,1,2,B
2,10541,True,A,B,10,1,A
2,10542,True,B,A,10,1,B
2,10543,True,B,A,0,1,B
2,10544,True,B,A,3,1,B
2,10545,True,A,B,10,1,A
2,10546,True,A,B,2,1,A
2,10547,True,A,B,1,1,A
2,10548,True,A,B,2,0,A
2,10549,True,A,B,2,0,A
2,10550,True,A,B,6,1,A
2,10551,True,B,A,3,1,B
2,10552,True,B,A,3,1,B
2,10553,True,B,A,1,1,B
2,10554,True,A,B,2,1,A
2,10555,True,B,A,2,0,B
2,10556,True,A,B,1,1,A
2,10557,True,B,A,1,1,B
2,10558,True,B,A,6,1,B
2,10559,True,B,A,4,1,B
2,10560,True,A,B,10,1,A
2,10561,True,A,B,10,1,A
2,10562,True,B,A,10,1,B
2,10563,True,B,A,1,1,B
2,10564,True,A,B,4,1,A
2,10565,True,A,B,0,1,A
2,10566,True,B,A,6,1,B
2,10567,True,A,B,3,1,A
2,10568,True,B,A,1,1,B
2,10569,True,B,A,1,1,B
2,10570,True,A,B,3,1,A
2,10571,True,B,A,2,0,B
2,10572,True,B,A,1,1,B
2,10573,True,B,A,2,0,B
2,10574,True,B,A,0,1,B
2,10575,True,B,A,4,1,B
2,10576,True,A,B,4,1,A
2,10577,True,B,A,4,1,B
2,10578,True,B,A,1,1,B
2,10579,True,A,B,1,2,A
2,10580,True,B,A,1,1,B
2,10581,True,A,B,6,1,A
2,10582,True,A,B,0,1,A
2,10583,True,A,B,10,1,A
2,10584,True,A,B,2,1,A
2,10585,True,A,B,10,1,A
2,10586,True,A,B,1,2,A
2,10587,True,A,B,10,1,A
2,10588,True,B,A,2,0,B
2,10589,True,B,A,3,1,B
2,10590,True,A,B,0,1,A
2,10591,True,A,B,2,1,A
2,10592,True,B,A,0,1,B
2,10593,True,A,B,4,1,A
2,10594,True,B,A,1,1,B
2,10595,True,B,A,2,0,B
2,10596,True,B,A,1,1,B
2,10597,True,A,B,10,1,A
2,10598,True,B,A,4,1,B
2,10599,True,A,B,2,0,A
2,10600,True,A,B,3,1,A
2,10601,True,A,B,3,1,A
2,10602,True,A,B,3,1,A
2,10603,True,B,A,1,2,B
2,10604,True,A,B,6,1,A
2,10605,True,A,B,0,1,A
2,10606,True,B,A,4,1,B
2,10607,True,B,A,1,2,B
2,10608,True,B,A,3,1,B
2,10609,True,A,B,4,1,A
2,10610,True,B,A,3,1,B
2,10611,True,B,A,4,1,B
2,10612,True,B,A,10,1,B
2,10613,True,B,A,10,1,B
2,10614,True,B,A,2,0,B
2,10615,True,A,B,2,1,A
2,10616,True,A,B,3,1,A
2,10617,True,B,A,10,1,B
2,10618,True,A,B,3,1,A
2,10619,True,B,A,2,0,B
2,10620,True,A,B,1,1,A
2,10621,True,A,B,2,1,A
2,10622,True,B,A,6,1,B
2,10623,True,B,A,2,1,B
2,10624,True,B,A,2,1,B
2,10625,True,B,A,3,1,B
2,10626,True,B,A,4,1,B
2,10627,True,B,A,1,2,B
2,10628,True,B,A,4,1,B
2,10629,True,B,A,2,0,B
2,10630,True,B,A,0,1,B
2,10631,True,A,B,2,0,A
2,10632,True,B,A,10,1,B
2,10633,True,B,A,10,1,B
2,10634,True,A,B,2,0,A
2,10635,True,B,A,6,1,B
2,10636,True,A,B,6,1,A
2,10637,True,A,B,4,1,A
2,10638,True,A,B,4,1,A
2,10639,True,B,A,4,1,B
2,10640,True,A,B,0,1,A
2,10641,True,B,A,2,0,B
2,10642,True,B,A,4,1,B
2,10643,True,A,B,1,1,A
2,10644,True,B,A,0,1,B
2,10645,True,B,A,1,1,B
2,10646,True,B,A,6,1,B
2,10647,True,B,A,1,1,B
2,10648,True,B,A,6,1,B
2,10649,True,B,A,6,1,B
2,10650,True,A,B,2,0,A
2,10651,True,B,A,6,1,B
2,10652,True,B,A,0,1,B
2,10653,True,A,B,10,1,A
2,10654,True,A,B,1,2,A
2,10655,True,A,B,4,1,A
2,10656,True,A,B,2,0,A
2,10657,True,A,B,3,1,A
2,10658,True,A,B,4,1,A
2,10659,True,B,A,3,1,B
2,10660,True,A,B,6,1,A
2,10661,True,B,A,1,2,B
2,10662,True,A,B,4,1,A
2,10663,True,B,A,1,1,B
2,10664,True,A,B,1,2,A
2,10665,True,B,A,6,1,B
2,10666,True,A,B,3,1,A
2,10667,True,B,A,1,1,B
2,10668,True,A,B,3,1,A
2,10669,True,B,A,0,1,B
2,10670,True,B,A,10,1,B
2,10671,True,A,B,2,0,A
2,10672,True,B,A,2,0,B
2,10673,True,B,A,1,1,B
2,10674,True,B,A,4,1,B
2,10675,True,B,A,10,1,B
2,10676,True,B,A,1,1,B
2,10677,True,A,B,1,1,A
2,10678,True,B,A,3,1,B
2,10679,True,A,B,0,1,A
2,10680,True,A,B,0,1,A
2,10681,True,B,A,2,1,B
2,10682,True,B,A,6,1,B
2,10683,True,B,A,1,2,B
2,10684,True,A,B,4,1,A
2,10685,True,B,A,6,1,B
2,10686,True,A,B,0,1,A
2,10687,True,A,B,1,1,A
2,10688,True,A,B,2,0,A
2,10689,True,A,B,0,1,A
2,10690,True,A,B,3,1,A
2,10691,True,A,B,1,1,A
2,10692,True,A,B,0,1,A
2,10693,True,A,B,1,1,A
2,10694,True,B,A,2,0,B
2,10695,True,B,A,10,1,B
2,10696,True,A,B,2,0,A
2,10697,True,A,B,2,0,A
2,10698,True,A,B,2,0,A
2,10699,True,A,B,1,2,A
2,10700,True,B,A,10,1,B
2,10701,True,A,B,2,0,A
2,10702,True,A,B,1,1,A
2,10703,True,B,A,10,1,B
2,10704,True,A,B,1,1,A
2,10705,True,A,B,0,1,A
2,10706,True,B,A,0,1,B
2,10707,True,B,A,1,1,B
2,10708,True,A,B,0,1,A
2,10709,True,A,B,1,1,A
2,10710,True,A,B,1,2,A
2,10711,True,A,B,1,1,A
2,10712,True,B,A,4,1,B
2,10713,True,B,A,1,1,B
2,10714,True,A,B,6,1,A
2,10715,True,B,A,6,1,B
2,10716,True,A,B,1,1,A
2,10717,True,A,B,1,2,A
2,10718,True,A,B,2,1,A
2,10719,True,B,A,2,0,B
2,10720,True,A,B,10,1,A
2,10721,True,A,B,10,1,A
2,10722,True,B,A,1,2,B
2,10723,True,A,B,1,1,A
2,10724,True,B,A,10,1,B
2,10725,True,A,B,6,1,A
2,10726,True,A,B,10,1,A
2,10727,True,A,B,0,1,A
2,10728,True,B,A,2,1,B
2,10729,True,B,A,1,2,B
2,10730,True,B,A,1,2,B
2,10731,True,B,A,2,1,B
2,10732,True,A,B,1,2,A
2,10733,True,A,B,2,1,A
2,10734,True,A,B,10,1,A
2,10735,True,A,B,2,0,A
2,10736,True,B,A,1,1,B
2,10737,True,A,B,2,1,A
2,10738,True,B,A,4,1,B
2,10739,True,B,A,10,1,B
2,10740,True,B,A,4,1,B
2,10741,True,B,A,2,0,B
2,10742,True,A,B,4,1,A
2,10743,True,B,A,1,1,B
2,10744,True,A,B,6,1,A
2,10745,True,B,A,6,1,B
2,10746,True,B,A,6,1,B
2,10747,True,A,B,3,1,A
2,10748,True,A,B,3,1,A
2,10749,True,A,B,3,1,A
2,10750,True,B,A,2,0,B
2,10751,True,A,B,6,1,A
2,10752,True,A,B,6,1,A
2,10753,True,B,A,2,0,B
2,10754,True,A,B,2,0,A
2,10755,True,B,A,6,1,B
2,10756,True,A,B,1,1,A
2,10757,True,B,A,2,0,B
2,10758,True,A,B,4,1,A
2,10759,True,B,A,4,1,B
2,10760,True,A,B,1,2,A
2,10761,True,B,A,2,0,B
2,10762,True,A,B,0,1,A
2,10763,True,A,B,1,1,A
2,10764,True,B,A,3,1,B
2,10765,True,B,A,6,1,B
2,10766,True,A,B,1,2,A
2,10767,True,A,B,6,1,A
2,10768,True,A,B,2,0,A
2,10769,True,B,A,2,1,B
2,10770,True,A,B,1,2,A
2,10771,True,B,A,4,1,B
2,10772,True,A,B,2,0,A
2,10773,True,B,A,3,1,B
2,10774,True,A,B,6,1,A
2,10775,True,A,B,1,1,A
2,10776,True,A,B,3,1,A
2,10777,True,A,B,10,1,A
2,10778,True,A,B,2,1,A
2,10779,True,A,B,6,1,A
2,10780,True,A,B,1,2,A
2,10781,True,A,B,1,1,A
2,10782,True,A,B,4,1,A
2,10783,True,A,B,1,2,A
2,10784,True,B,A,2,1,B
2,10785,True,A,B,2,1,A
2,10786,True,A,B,3,1,A
2,10787,True,A,B,3,1,A
2,10788,True,A,B,3,1,A
2,10789,True,A,B,2,1,A
2,10790,True,A,B,3,1,A
2,10791,True,A,B,3,1,A
2,10792,True,A,B,2,0,A
2,10793,True,A,B,6,1,A
2,10794,True,A,B,1,2,A
2,10795,True,B,A,3,1,B
2,10796,True,A,B,1,2,A
2,10797,True,A,B,1,1,A
2,10798,True,B,A,1,1,B
2,10799,True,A,B,4,1,A
2,10800,True,A,B,6,1,A
2,10801,True,B,A,2,0,B
2,10802,True,B,A,6,1,B
2,10803,True,B,A,6,1,B
2,10804,True,B,A,3,1,B
2,10805,True,B,A,1,1,B
2,10806,True,A,B,4,1,A
2,10807,True,B,A,10,1,B
2,10808,True,B,A,2,0,B
2,10809,True,B,A,0,1,B
2,10810,True,B,A,2,0,B
2,10811,True,B,A,2,1,B
2,10812,True,B,A,4,1,B
2,10813,True,A,B,10,1,A
2,10814,True,A,B,6,1,A
2,10815,True,A,B,4,1,A
2,10816,True,B,A,3,1,B
2,10817,True,B,A,6,1,B
2,10818,True,B,A,10,1,B
2,10819,True,A,B,1,1,A
2,10820,True,B,A,6,1,B
2,10821,True,B,A,0,1,B
2,10822,True,A,B,2,0,A
2,10823,True,A,B,0,1,A
2,10824,True,A,B,2,1,A
2,10825,True,B,A,6,1,B
2,10826,True,B,A,3,1,B
2,10827,True,A,B,2,0,A
2,10828,True,A,B,3,1,A
2,10829,True,B,A,4,1,B
2,10830,True,B,A,3,1,B
2,10831,True,B,A,3,1,B
2,10832,True,A,B,1,2,A
2,10833,True,A,B,4,1,A
2,10834,True,B,A,6,1,B
2,10835,True,A,B,2,0,A
2,10836,True,B,A,1,1,B
2,10837,True,B,A,1,2,B
2,10838,True,B,A,1,2,B
2,10839,True,B,A,1,1,B
2,10840,True,B,A,1,2,B
2,10841,True,B,A,1,1,B
2,10842,True,B,A,1,1,B
2,10843,True,B,A,2,1,B
2,10844,True,B,A,0,1,B
2,10845,True,A,B,1,1,A
2,10846,True,B,A,2,1,B
2,10847,True,A,B,6,1,A
2,10848,True,A,B,6,1,A
2,10849,True,A,B,10,1,A
2,10850,True,B,A,1,2,B
2,10851,True,A,B,6,1,A
2,10852,True,B,A,0,1,B
2,10853,True,A,B,1,2,A
2,10854,True,B,A,1,1,B
2,10855,True,A,B,10,1,A
2,10856,True,A,B,6,1,A
2,10857,True,B,A,0,1,B
2,10858,True,A,B,4,1,A
2,10859,True,B,A,2,0,B
2,10860,True,B,A,4,1,B
2,10861,True,A,B,3,1,A
2,10862,True,A,B,2,0,A
2,10863,True,A,B,4,1,A
2,10864,True,A,B,1,1,A
2,10865,True,B,A,0,1,B
2,10866,True,B,A,2,1,B
2,10867,True,A,B,1,2,A
2,10868,True,B,A,6,1,B
2,10869,True,A,B,2,0,A
2,10870,True,B,A,1,1,B
2,10871,True,A,B,0,1,A
2,10872,True,B,A,1,1,B
2,10873,True,A,B,2,1,A
2,10874,True,A,B,1,1,A
2,10875,True,B,A,4,1,B
2,10876,True,A,B,2,1,A
2,10877,True,B,A,10,1,B
2,10878,True,B,A,1,2,B
2,10879,True,A,B,4,1,A
2,10880,True,A,B,1,1,A
2,10881,True,A,B,6,1,A
2,10882,True,A,B,1,1,A
2,10883,True,A,B,3,1,A
2,10884,True,B,A,2,1,B
2,10885,True,A,B,6,1,A
2,10886,True,B,A,1,1,B
2,10887,True,A,B,1,2,A
2,10888,True,B,A,1,1,B
2,10889,True,B,A,1,2,B
2,10890,True,A,B,1,2,A
2,10891,True,A,B,3,1,A
2,10892,True,A,B,6,1,A
2,10893,True,A,B,1,2,A
2,10894,True,B,A,2,0,B
2,10895,True,B,A,0,1,B
2,10896,True,B,A,1,1,B
2,10897,True,A,B,0,1,A
2,10898,True,A,B,1,1,A
2,10899,True,A,B,4,1,A
2,10900,True,B,A,0,1,B
2,10901,True,A,B,6,1,A
2,10902,True,B,A,1,1,B
2,10903,True,A,B,4,1,A
2,10904,True,A,B,2,0,A
2,10905,True,A,B,1,2,A
2,10906,True,B,A,10,1,B
2,10907,True,A,B,6,1,A
2,10908,True,A,B,10,1,A
2,10909,True,B,A,3,1,B
2,10910,True,B,A,1,2,B
2,10911,True,A,B,2,0,A
2,10912,True,A,B,2,1,A
2,10913,True,B,A,3,1,B
2,10914,True,A,B,2,1,A
2,10915,True,A,B,6,1,A
2,10916,True,A,B,3,1,A
2,10917,True,A,B,4,1,A
2,10918,True,B,A,1,1,B
2,10919,True,B,A,6,1,B
2,10920,True,A,B,2,1,A
2,10921,True,A,B,0,1,A
2,10922,True,B,A,2,0,B
2,10923,True,A,B,1,1,A
2,10924,True,B,A,10,1,B
2,10925,True,A,B,0,1,A
2,10926,True,B,A,2,0,B
2,10927,True,A,B,2,1,A
2,10928,True,A,B,10,1,A
2,10929,True,B,A,2,0,B
2,10930,True,A,B,0,1,A
2,10931,True,B,A,2,1,B
2,10932,True,B,A,0,1,B
2,10933,True,A,B,10,1,A
2,10934,True,A,B,0,1,A
2,10935,True,A,B,10,1,A
2,10936,True,B,A,4,1,B
2,10937,True,B,A,6,1,B
2,10938,True,B,A,6,1,B
2,10939,True,A,B,10,1,A
2,10940,True,A,B,0,1,A
2,10941,True,A,B,1,1,A
2,10942,True,B,A,2,0,B
2,10943,True,A,B,0,1,A
2,10944,True,B,A,6,1,B
2,10945,True,B,A,4,1,B
2,10946,True,A,B,1,2,A
2,10947,True,A,B,2,1,A
2,10948,True,A,B,4,1,A
2,10949,True,A,B,0,1,A
2,10950,True,B,A,1,1,B
2,10951,True,B,A,0,1,B
2,10952,True,B,A,3,1,B
2,10953,True,B,A,4,1,B
2,10954,True,A,B,2,1,A
2,10955,True,A,B,3,1,A
2,10956,True,B,A,3,1,B
2,10957,True,A,B,2,0,A
2,10958,True,A,B,3,1,A
2,10959,True,A,B,2,0,A
2,10960,True,A,B,0,1,A
2,10961,True,B,A,10,1,B
2,10962,True,A,B,2,0,A
2,10963,True,A,B,4,1,A
2,10964,True,B,A,3,1,B
2,10965,True,A,B,6,1,A
2,10966,True,B,A,10,1,B
2,10967,True,B,A,6,1,B
2,10968,True,B,A,1,1,B
2,10969,True,B,A,10,1,B
2,10970,True,B,A,10,1,B
2,10971,True,A,B,3,1,A
2,10972,True,B,A,3,1,B
2,10973,True,A,B,4,1,A
2,10974,True,B,A,2,1,B
2,10975,True,B,A,3,1,B
2,10976,True,B,A,6,1,B
2,10977,True,A,B,6,1,A
2,10978,True,A,B,10,1,A
2,10979,True,A,B,1,2,A
2,10980,True,B,A,4,1,B
2,10981,True,B,A,4,1,B
2,10982,True,B,A,3,1,B
2,10983,True,B,A,3,1,B
2,10984,True,B,A,6,1,B
2,10985,True,B,A,4,1,B
2,10986,True,A,B,2,0,A
2,10987,True,A,B,1,1,A
2,10988,True,A,B,4,1,A
2,10989,True,A,B,0,1,A
2,10990,True,B,A,3,1,B
2,10991,True,B,A,1,1,B
2,10992,True,A,B,2,0,A
2,10993,True,B,A,2,1,B
2,10994,True,A,B,10,1,A
2,10995,True,A,B,2,1,A
2,10996,True,A,B,4,1,A
2,10997,True,B,A,3,1,B
2,10998,True,A,B,6,1,A
2,10999,True,B,A,0,1,B
2,11000,True,B,A,2,0,B
2,11001,True,A,B,2,1,A
2,11002,True,A,B,10,1,A
2,11003,True,A,B,0,1,A
2,11004,True,B,A,0,1,B
2,11005,True,A,B,6,1,A
2,11006,True,B,A,3,1,B
2,11007,True,B,A,10,1,B
2,11008,True,B,A,4,1,B
2,11009,True,B,A,6,1,B
2,11010,True,B,A,3,1,B
2,11011,True,A,B,10,1,A
2,11012,True,B,A,4,1,B
2,11013,True,B,A,0,1,B
2,11014,True,B,A,2,0,B
2,11015,True,A,B,2,1,A
2,11016,True,B,A,10,1,B
2,11017,True,B,A,2,1,B
2,11018,True,A,B,1,1,A
2,11019,True,B,A,3,1,B
2,11020,True,A,B,3,1,A
2,11021,True,B,A,2,1,B
2,11022,True,B,A,1,1,B
2,11023,True,B,A,1,1,B
2,11024,True,B,A,4,1,B
2,11025,True,A,B,1,2,A
2,11026,True,A,B,0,1,A
2,11027,True,B,A,2,1,B
2,11028,True,B,A,0,1,B
2,11029,True,B,A,3,1,B
2,11030,True,B,A,3,1,B
2,11031,True,A,B,6,1,A
2,11032,True,A,B,0,1,A
2,11033,True,A,B,3,1,A
2,11034,True,B,A,10,1,B
2,11035,True,B,A,6,1,B
2,11036,True,A,B,0,1,A
2,11037,True,A,B,3,1,A
2,11038,True,A,B,0,1,A
2,11039,True,A,B,0,1,A
2,11040,True,A,B,3,1,A
2,11041,True,B,A,1,1,B
2,11042,True,A,B,1,1,A
2,11043,True,A,B,3,1,A
2,11044,True,A,B,1,1,A
2,11045,True,B,A,4,1,B
2,11046,True,B,A,4,1,B
2,11047,True,B,A,2,1,B
2,11048,True,A,B,3,1,A
2,11049,True,B,A,2,1,B
2,11050,True,A,B,10,1,A
2,11051,True,B,A,1,1,B
2,11052,True,A,B,1,1,A
2,11053,True,A,B,2,1,A
2,11054,True,B,A,0,1,B
2,11055,True,A,B,10,1,A
2,11056,True,B,A,6,1,B
2,11057,True,B,A,6,1,B
2,11058,True,A,B,3,1,A
2,11059,True,A,B,6,1,A
2,11060,True,B,A,1,1,B
2,11061,True,A,B,1,2,A
2,11062,True,B,A,1,1,B
2,11063,True,A,B,1,2,A
2,11064,True,A,B,1,2,A
2,11065,True,B,A,0,1,B
2,11066,True,A,B,0,1,A
2,11067,True,B,A,3,1,B
2,11068,True,B,A,1,2,B
2,11069,True,B,A,1,1,B
2,11070,True,B,A,2,1,B
2,11071,True,B,A,2,0,B
2,11072,True,A,B,0,1,A
2,11073,True,A,B,1,1,A
2,11074,True,B,A,2,0,B
2,11075,True,A,B,0,1,A
2,11076,True,A,B,3,1,A
2,11077,True,A,B,6,1,A
2,11078,True,A,B,1,2,A
2,11079,True,B,A,2,0,B
2,11080,True,B,A,2,1,B
2,11081,True,B,A,4,1,B
2,11082,True,A,B,0,1,A
2,11083,True,B,A,3,1,B
2,11084,True,A,B,6,1,A
2,11085,True,B,A,2,1,B
2,11086,True,A,B,6,1,A
2,11087,True,B,A,3,1,B
2,11088,True,B,A,4,1,B
2,11089,True,A,B,0,1,A
2,11090,True,A,B,4,1,A
2,11091,True,A,B,2,1,A
2,11092,True,A,B,3,1,A
2,11093,True,A,B,2,0,A
2,11094,True,B,A,6,1,B
2,11095,True,B,A,6,1,B
2,11096,True,A,B,3,1,A
2,11097,True,A,B,6,1,A
2,11098,True,B,A,1,1,B
2,11099,True,B,A,6,1,B
2,11100,True,B,A,4,1,B
2,11101,True,B,A,1,2,B
2,11102,True,B,A,3,1,B
2,11103,True,A,B,2,1,A
2,11104,True,A,B,10,1,A
2,11105,True,A,B,6,1,A
2,11106,True,B,A,6,1,B
2,11107,True,B,A,1,1,B
2,11108,True,A,B,2,1,A
2,11109,True,B,A,2,0,B
2,11110,True,B,A,1,2,B
2,11111,True,B,A,4,1,B
2,11112,True,B,A,6,1,B
2,11113,True,B,A,0,1,B
2,11114,True,B,A,1,2,B
2,11115,True,B,A,0,1,B
2,11116,True,B,A,3,1,B
2,11117,True,B,A,4,1,B
2,11118,True,B,A,2,0,B
2,11119,True,A,B,1,2,A
2,11120,True,A,B,4,1,A
2,11121,True,B,A,6,1,B
2,11122,True,B,A,2,1,B
2,11123,True,A,B,4,1,A
2,11124,True,A,B,2,1,A
2,11125,True,A,B,2,0,A
2,11126,True,B,A,2,0,B
2,11127,True,B,A,2,1,B
2,11128,True,B,A,4,1,B
2,11129,True,B,A,4,1,B
2,11130,True,B,A,2,1,B
2,11131,True,A,B,0,1,A
2,11132,True,A,B,6,1,A
2,11133,True,A,B,2,0,A
2,11134,True,A,B,6,1,A
2,11135,True,B,A,0,1,B
2,11136,True,A,B,2,0,A
2,11137,True,B,A,10,1,B
2,11138,True,A,B,6,1,A
2,11139,True,B,A,2,0,B
2,11140,True,A,B,6,1,A
2,11141,True,A,B,1,2,A
2,11142,True,A,B,2,1,A
2,11143,True,B,A,1,2,B
2,11144,True,A,B,0,1,A
2,11145,True,B,A,3,1,B
2,11146,True,B,A,3,1,B
2,11147,True,B,A,2,0,B
2,11148,True,A,B,3,1,A
2,11149,True,A,B,1,1,A
2,11150,True,B,A,0,1,B
2,11151,True,B,A,1,1,B
2,11152,True,B,A,3,1,B
2,11153,True,A,B,1,1,A
2,11154,True,A,B,4,1,A
2,11155,True,A,B,6,1,A
2,11156,True,A,B,2,0,A
2,11157,True,A,B,1,2,A
2,11158,True,A,B,2,0,A
2,11159,True,B,A,1,2,B
2,11160,True,A,B,4,1,A
2,11161,True,B,A,3,1,B
2,11162,True,A,B,10,1,A
2,11163,True,B,A,1,2,B
2,11164,True,B,A,4,1,B
2,11165,True,B,A,1,2,B
2,11166,True,A,B,2,0,A
2,11167,True,B,A,4,1,B
2,11168,True,B,A,0,1,B
2,11169,True,B,A,1,1,B
2,11170,True,A,B,2,1,A
2,11171,True,A,B,2,1,A
2,11172,True,B,A,2,1,B
2,11173,True,A,B,4,1,A
2,11174,True,A,B,6,1,A
2,11175,True,A,B,6,1,A
2,11176,True,A,B,3,1,A
2,11177,True,B,A,6,1,B
2,11178,True,A,B,3,1,A
2,11179,True,B,A,3,1,B
2,11180,True,B,A,1,1,B
2,11181,True,B,A,2,0,B
2,11182,True,A,B,3,1,A
2,11183,True,B,A,6,1,B
2,11184,True,B,A,4,1,B
2,11185,True,A,B,1,1,A
2,11186,True,A,B,2,0,A
2,11187,True,A,B,1,2,A
2,11188,True,B,A,6,1,B
2,11189,True,A,B,2,1,A
2,11190,True,A,B,1,2,A
2,11191,True,A,B,2,1,A
2,11192,True,B,A,4,1,B
2,11193,True,B,A,1,1,B
2,11194,True,A,B,10,1,A
2,11195,True,A,B,3,1,A
2,11196,True,B,A,1,1,B
2,11197,True,B,A,2,0,B
2,11198,True,B,A,10,1,B
2,11199,True,A,B,1,1,A
2,11200,True,B,A,4,1,B
2,11201,True,B,A,6,1,B
2,11202,True,B,A,4,1,B
2,11203,True,B,A,2,0,B
2,11204,True,B,A,2,1,B
2,11205,True,B,A,10,1,B
2,11206,True,A,B,10,1,A
2,11207,True,A,B,1,2,A
2,11208,True,B,A,3,1,B
2,11209,True,B,A,1,1,B
2,11210,True,B,A,3,1,B
2,11211,True,A,B,4,1,A
2,11212,True,A,B,2,0,A
2,11213,True,A,B,0,1,A
2,11214,True,B,A,3,1,B
2,11215,True,A,B,4,1,A
2,11216,True,A,B,4,1,A
2,11217,True,A,B,1,1,A
2,11218,True,A,B,0,1,A
2,11219,True,A,B,2,1,A
2,11220,True,B,A,10,1,B
2,11221,True,A,B,4,1,A
2,11222,True,B,A,1,1,B
2,11223,True,A,B,10,1,A
2,11224,True,B,A,4,1,B
2,11225,True,B,A,2,1,B
2,11226,True,B,A,1,2,B
2,11227,True,A,B,1,2,A
2,11228,True,A,B,1,2,A
2,11229,True,B,A,10,1,B
2,11230,True,A,B,1,2,A
2,11231,True,A,B,1,1,A
2,11232,True,B,A,2,0,B
2,11233,True,A,B,2,0,A
2,11234,True,B,A,3,1,B
2,11235,True,A,B,3,1,A
2,11236,True,B,A,6,1,B
2,11237,True,A,B,10,1,A
2,11238,True,B,A,1,2,B
2,11239,True,A,B,1,2,A
2,11240,True,A,B,4,1,A
2,11241,True,B,A,0,1,B
2,11242,True,A,B,10,1,A
2,11243,True,A,B,1,2,A
2,11244,True,B,A,1,2,B
2,11245,True,B,A,0,1,B
2,11246,True,A,B,6,1,A
2,11247,True,B,A,4,1,B
2,11248,True,B,A,2,0,B
2,11249,True,A,B,3,1,A
2,11250,True,B,A,6,1,B
2,11251,True,A,B,2,1,A
2,11252,True,B,A,1,1,B
2,11253,True,A,B,6,1,A
2,11254,True,A,B,1,1,A
2,11255,True,A,B,6,1,A
2,11256,True,B,A,3,1,B
2,11257,True,B,A,4,1,B
2,11258,True,B,A,2,1,B
2,11259,True,B,A,1,1,B
2,11260,True,B,A,2,0,B
2,11261,True,A,B,0,1,A
2,11262,True,A,B,1,1,A
2,11263,True,B,A,1,1,B
2,11264,True,A,B,1,1,A
2,11265,True,A,B,10,1,A
2,11266,True,B,A,1,1,B
2,11267,True,A,B,0,1,A
2,11268,True,A,B,1,2,A
2,11269,True,A,B,2,1,A
2,11270,True,B,A,0,1,B
2,11271,True,B,A,1,1,B
2,11272,True,A,B,1,2,A
2,11273,True,A,B,0,1,A
2,11274,True,B,A,2,0,B
2,11275,True,A,B,2,0,A
2,11276,True,A,B,0,1,A
2,11277,True,A,B,2,0,A
2,11278,True,B,A,2,0,B
2,11279,True,B,A,0,1,B
2,11280,True,B,A,2,0,B
2,11281,True,A,B,2,1,A
2,11282,True,B,A,0,1,B
2,11283,True,B,A,1,2,B
2,11284,True,A,B,10,1,A
2,11285,True,A,B,1,1,A
2,11286,True,B,A,4,1,B
2,11287,True,A,B,6,1,A
2,11288,True,A,B,2,0,A
2,11289,True,A,B,1,2,A
2,11290,True,B,A,1,1,B
2,11291,True,A,B,2,1,A
2,11292,True,A,B,0,1,A
2,11293,True,A,B,0,1,A
2,11294,True,A,B,1,2,A
2,11295,True,A,B,1,1,A
2,11296,True,A,B,0,1,A
2,11297,True,B,A,0,1,B
2,11298,True,A,B,10,1,A
2,11299,True,A,B,6,1,A
2,11300,True,B,A,1,1,B
2,11301,True,A,B,3,1,A
2,11302,True,B,A,10,1,B
2,11303,True,A,B,0,1,A
2,11304,True,A,B,2,0,A
2,11305,True,B,A,6,1,B
2,11306,True,B,A,6,1,B
2,11307,True,A,B,6,1,A
2,11308,True,B,A,10,1,B
2,11309,True,A,B,1,1,A
2,11310,True,B,A,4,1,B
2,11311,True,B,A,1,2,B
2,11312,True,A,B,1,1,A
2,11313,True,A,B,4,1,A
2,11314,True,A,B,2,0,A
2,11315,True,A,B,2,1,A
2,11316,True,B,A,2,0,B
2,11317,True,A,B,1,2,A
2,11318,True,B,A,10,1,B
2,11319,True,B,A,4,1,B
2,11320,True,A,B,10,1,A
2,11321,True,A,B,2,0,A
2,11322,True,B,A,0,1,B
2,11323,True,A,B,2,0,A
2,11324,True,B,A,4,1,B
2,11325,True,A,B,4,1,A
2,11326,True,A,B,6,1,A
2,11327,True,A,B,4,1,A
2,11328,True,B,A,3,1,B
2,11329,True,B,A,1,1,B
2,11330,True,B,A,2,0,B
2,11331,True,B,A,0,1,B
2,11332,True,B,A,4,1,B
2,11333,True,B,A,1,2,B
2,11334,True,A,B,2,0,A
2,11335,True,B,A,2,1,B
2,11336,True,A,B,3,1,A
2,11337,True,A,B,1,2,A
2,11338,True,A,B,0,1,A
2,11339,True,B,A,6,1,B
2,11340,True,A,B,4,1,A
2,11341,True,B,A,4,1,B
2,11342,True,A,B,10,1,A
2,11343,True,A,B,1,2,A
2,11344,True,B,A,4,1,B
2,11345,True,A,B,1,1,A
2,11346,True,A,B,10,1,A
2,11347,True,B,A,10,1,B
2,11348,True,B,A,4,1,B
2,11349,True,B,A,1,2,B
2,11350,True,A,B,6,1,A
2,11351,True,A,B,3,1,A
2,11352,True,B,A,2,0,B
2,11353,True,A,B,3,1,A
2,11354,True,A,B,0,1,A
2,11355,True,A,B,1,1,A
2,11356,True,B,A,2,1,B
2,11357,True,A,B,10,1,A
2,11358,True,B,A,1,1,B
2,11359,True,A,B,6,1,A
2,11360,True,A,B,6,1,A
2,11361,True,B,A,2,0,B
2,11362,True,B,A,2,1,B
2,11363,True,B,A,2,0,B
2,11364,True,B,A,0,1,B
2,11365,True,B,A,2,1,B
2,11366,True,A,B,6,1,A
2,11367,True,B,A,1,1,B
2,11368,True,B,A,6,1,B
2,11369,True,A,B,1,1,A
2,11370,True,B,A,0,1,B
2,11371,True,A,B,2,0,A
2,11372,True,A,B,1,1,A
2,11373,True,A,B,3,1,A
2,11374,True,A,B,1,1,A
2,11375,True,B,A,1,2,B
2,11376,True,B,A,4,1,B
2,11377,True,A,B,6,1,A
2,11378,True,A,B,10,1,A
2,11379,True,A,B,4,1,A
2,11380,True,A,B,6,1,A
2,11381,True,B,A,0,1,B
2,11382,True,B,A,10,1,B
2,11383,True,A,B,1,2,A
2,11384,True,B,A,1,1,B
2,11385,True,B,A,3,1,B
2,11386,True,B,A,1,2,B
2,11387,True,B,A,1,2,B
2,11388,True,B,A,1,2,B
2,11389,True,B,A,1,1,B
2,11390,True,A,B,2,1,A
2,11391,True,A,B,2,0,A
2,11392,True,B,A,0,1,B
2,11393,True,A,B,3,1,A
2,11394,True,B,A,1,2,B
2,11395,True,A,B,3,1,A
2,11396,True,B,A,1,1,B
2,11397,True,A,B,6,1,A
2,11398,True,B,A,1,2,B
2,11399,True,B,A,0,1,B
2,11400,True,B,A,1,2,B
2,11401,True,B,A,2,1,B
2,11402,True,B,A,3,1,B
2,11403,True,A,B,10,1,A
2,11404,True,A,B,4,1,A
2,11405,True,A,B,0,1,A
2,11406,True,A,B,0,1,A
2,11407,True,A,B,0,1,A
2,11408,True,B,A,0,1,B
2,11409,True,B,A,6,1,B
2,11410,True,B,A,2,0,B
2,11411,True,B,A,10,1,B
2,11412,True,A,B,6,1,A
2,11413,True,B,A,10,1,B
2,11414,True,B,A,2,1,B
2,11415,True,B,A,2,1,B
2,11416,True,B,A,6,1,B
2,11417,True,A,B,3,1,A
2,11418,True,A,B,1,1,A
2,11419,True,A,B,10,1,A
2,11420,True,A,B,3,1,A
2,11421,True,B,A,2,1,B
2,11422,True,B,A,4,1,B
2,11423,True,A,B,6,1,A
2,11424,True,B,A,3,1,B
2,11425,True,B,A,4,1,B
2,11426,True,A,B,10,1,A
2,11427,True,B,A,10,1,B
2,11428,True,A,B,1,2,A
2,11429,True,B,A,10,1,B
2,11430,True,B,A,0,1,B
2,11431,True,A,B,6,1,A
2,11432,True,B,A,4,1,B
2,11433,True,B,A,1,1,B
2,11434,True,A,B,3,1,A
2,11435,True,B,A,10,1,B
2,11436,True,A,B,3,1,A
2,11437,True,A,B,6,1,A
2,11438,True,A,B,0,1,A
2,11439,True,B,A,1,2,B
2,11440,True,A,B,4,1,A
2,11441,True,A,B,4,1,A
2,11442,True,B,A,0,1,B
2,11443,True,B,A,2,0,B
2,11444,True,A,B,1,1,A
2,11445,True,A,B,10,1,A
2,11446,True,B,A,2,1,B
2,11447,True,A,B,4,1,A
2,11448,True,A,B,0,1,A
2,11449,True,B,A,10,1,B
2,11450,True,B,A,2,1,B
2,11451,True,A,B,6,1,A
2,11452,True,A,B,1,1,A
2,11453,True,A,B,6,1,A
2,11454,True,A,B,0,1,A
2,11455,True,B,A,1,1,B
2,11456,True,B,A,3,1,B
2,11457,True,A,B,6,1,A
2,11458,True,B,A,4,1,B
2,11459,True,A,B,0,1,A
2,11460,True,B,A,10,1,B
2,11461,True,B,A,2,0,B
2,11462,True,B,A,1,2,B
2,11463,True,B,A,4,1,B
2,11464,True,B,A,2,1,B
2,11465,True,A,B,2,0,A
2,11466,True,B,A,2,1,B
2,11467,True,A,B,2,0,A
2,11468,True,B,A,3,1,B
2,11469,True,B,A,10,1,B
2,11470,True,B,A,4,1,B
2,11471,True,B,A,1,1,B
2,11472,True,A,B,2,1,A
2,11473,True,B,A,4,1,B
2,11474,True,A,B,2,0,A
2,11475,True,B,A,2,0,B
2,11476,True,B,A,0,1,B
2,11477,True,A,B,4,1,A
2,11478,True,A,B,6,1,A
2,11479,True,B,A,1,2,B
2,11480,True,A,B,0,1,A
2,11481,True,B,A,1,2,B
2,11482,True,A,B,2,1,A
2,11483,True,B,A,4,1,B
2,11484,True,A,B,1,2,A
2,11485,True,A,B,0,1,A
2,11486,True,B,A,6,1,B
2,11487,True,B,A,3,1,B
2,11488,True,A,B,2,0,A
2,11489,True,A,B,6,1,A
2,11490,True,B,A,3,1,B
2,11491,True,A,B,4,1,A
2,11492,True,B,A,4,1,B
2,11493,True,B,A,6,1,B
2,11494,True,A,B,2,0,A
2,11495,True,B,A,0,1,B
2,11496,True,B,A,10,1,B
2,11497,True,A,B,2,1,A
2,11498,True,B,A,3,1,B
2,11499,True,A,B,2,1,A
2,11500,True,B,A,3,1,B
2,11501,True,A,B,6,1,A
2,11502,True,B,A,6,1,B
2,11503,True,B,A,4,1,B
2,11504,True,B,A,10,1,B
2,11505,True,B,A,1,2,B
2,11506,True,B,A,2,1,B
2,11507,True,B,A,2,0,B
2,11508,True,B,A,10,1,B
2,11509,True,B,A,1,1,B
2,11510,True,B,A,10,1,B
2,11511,True,A,B,6,1,A
2,11512,True,A,B,2,1,A
2,11513,True,B,A,0,1,B
2,11514,True,A,B,4,1,A
2,11515,True,B,A,1,1,B
2,11516,True,B,A,1,1,B
2,11517,True,B,A,2,1,B
2,11518,True,A,B,3,1,A
2,11519,True,B,A,10,1,B
2,11520,True,B,A,2,1,B
2,11521,True,A,B,1,2,A
2,11522,True,A,B,1,2,A
2,11523,True,B,A,3,1,B
2,11524,True,B,A,1,1,B
2,11525,True,A,B,4,1,A
2,11526,True,B,A,10,1,B
2,11527,True,A,B,10,1,A
2,11528,True,A,B,6,1,A
2,11529,True,A,B,10,1,A
2,11530,True,A,B,10,1,A
2,11531,True,B,A,6,1,B
2,11532,True,A,B,1,2,A
2,11533,True,B,A,4,1,B
2,11534,True,A,B,0,1,A
2,11535,True,B,A,1,1,B
2,11536,True,A,B,0,1,A
2,11537,True,B,A,0,1,B
2,11538,True,B,A,2,1,B
2,11539,True,A,B,1,1,A
2,11540,True,A,B,6,1,A
2,11541,True,B,A,10,1,B
2,11542,True,B,A,3,1,B
2,11543,True,B,A,3,1,B
2,11544,True,A,B,10,1,A
2,11545,True,A,B,3,1,A
2,11546,True,B,A,10,1,B
2,11547,True,A,B,10,1,A
2,11548,True,B,A,4,1,B
2,11549,True,A,B,1,2,A
2,11550,True,A,B,10,1,A
2,11551,True,B,A,1,1,B
2,11552,True,B,A,1,2,B
2,11553,True,A,B,1,2,A
2,11554,True,A,B,2,1,A
2,11555,True,B,A,2,0,B
2,11556,True,B,A,2,1,B
2,11557,True,A,B,1,1,A
2,11558,True,A,B,2,1,A
2,11559,True,A,B,3,1,A
2,11560,True,A,B,6,1,A
2,11561,True,B,A,6,1,B
2,11562,True,B,A,6,1,B
2,11563,True,A,B,2,0,A
2,11564,True,B,A,2,0,B
2,11565,True,B,A,4,1,B
2,11566,True,B,A,3,1,B
2,11567,True,B,A,6,1,B
2,11568,True,B,A,0,1,B
2,11569,True,B,A,0,1,B
2,11570,True,B,A,10,1,B
2,11571,True,B,A,6,1,B
2,11572,True,B,A,4,1,B
2,11573,True,B,A,2,0,B
2,11574,True,A,B,1,1,A
2,11575,True,B,A,6,1,B
2,11576,True,A,B,1,1,A
2,11577,True,B,A,1,2,B
2,11578,True,B,A,4,1,B
2,11579,True,B,A,4,1,B
2,11580,True,B,A,0,1,B
2,11581,True,B,A,10,1,B
2,11582,True,A,B,3,1,A
2,11583,True,A,B,2,1,A
2,11584,True,A,B,2,1,A
2,11585,True,A,B,6,1,A
2,11586,True,A,B,6,1,A
2,11587,True,A,B,1,2,A
2,11588,True,B,A,6,1,B
2,11589,True,A,B,1,1,A
2,11590,True,A,B,10,1,A
2,11591,True,A,B,1,1,A
2,11592,True,B,A,0,1,B
2,11593,True,B,A,0,1,B
2,11594,True,B,A,3,1,B
2,11595,True,A,B,0,1,A
2,11596,True,A,B,3,1,A
2,11597,True,A,B,10,1,A
2,11598,True,A,B,4,1,A
2,11599,True,A,B,4,1,A
2,11600,True,B,A,10,1,B
2,11601,True,A,B,3,1,A
2,11602,True,B,A,1,1,B
2,11603,True,B,A,1,2,B
2,11604,True,B,A,0,1,B
2,11605,True,B,A,1,1,B
2,11606,True,A,B,3,1,A
2,11607,True,B,A,10,1,B
2,11608,True,A,B,0,1,A
2,11609,True,A,B,0,1,A
2,11610,True,A,B,4,1,A
2,11611,True,B,A,1,1,B
2,11612,True,A,B,1,1,A
2,11613,True,A,B,1,1,A
2,11614,True,A,B,3,1,A
2,11615,True,A,B,2,0,A
2,11616,True,B,A,2,1,B
2,11617,True,A,B,1,2,A
2,11618,True,A,B,4,1,A
2,11619,True,B,A,2,1,B
2,11620,True,B,A,3,1,B
2,11621,True,A,B,3,1,A
2,11622,True,A,B,2,1,A
2,11623,True,B,A,1,2,B
2,11624,True,A,B,10,1,A
2,11625,True,A,B,3,1,A
2,11626,True,B,A,1,1,B
2,11627,True,A,B,4,1,A
2,11628,True,A,B,0,1,A
2,11629,True,B,A,1,2,B
2,11630,True,B,A,1,2,B
2,11631,True,A,B,3,1,A
2,11632,True,B,A,1,2,B
2,11633,True,A,B,1,2,A
2,11634,True,A,B,2,0,A
2,11635,True,A,B,0,1,A
2,11636,True,A,B,1,2,A
2,11637,True,A,B,1,1,A
2,11638,True,A,B,1,2,A
2,11639,True,B,A,1,1,B
2,11640,True,B,A,1,2,B
2,11641,True,B,A,3,1,B
2,11642,True,A,B,4,1,A
2,11643,True,B,A,4,1,B
2,11644,True,B,A,4,1,B
2,11645,True,A,B,2,0,A
2,11646,True,B,A,1,1,B
2,11647,True,B,A,10,1,B
2,11648,True,B,A,0,1,B
2,11649,True,B,A,3,1,B
2,11650,True,B,A,6,1,B
2,11651,True,B,A,1,1,B
2,11652,True,A,B,2,0,A
2,11653,True,B,A,2,1,B
2,11654,True,A,B,0,1,A
2,11655,True,B,A,2,1,B
2,11656,True,B,A,4,1,B
2,11657,True,B,A,1,1,B
2,11658,True,A,B,3,1,A
2,11659,True,B,A,6,1,B
2,11660,True,B,A,2,1,B
2,11661,True,A,B,2,0,A
2,11662,True,B,A,2,1,B
2,11663,True,A,B,2,0,A
2,11664,True,B,A,2,1,B
2,11665,True,A,B,2,1,A
2,11666,True,B,A,2,1,B
2,11667,True,A,B,0,1,A
2,11668,True,B,A,2,0,B
2,11669,True,A,B,3,1,A
2,11670,True,B,A,1,1,B
2,11671,True,B,A,0,1,B
2,11672,True,B,A,1,1,B
2,11673,True,B,A,10,1,B
2,11674,True,A,B,1,2,A
2,11675,True,B,A,1,1,B
2,11676,True,B,A,4,1,B
2,11677,True,B,A,1,2,B
2,11678,True,A,B,1,1,A
2,11679,True,A,B,2,1,A
2,11680,True,A,B,1,2,A
2,11681,True,B,A,4,1,B
2,11682,True,A,B,6,1,A
2,11683,True,B,A,4,1,B
2,11684,True,B,A,0,1,B
2,11685,True,A,B,6,1,A
2,11686,True,A,B,1,1,A
2,11687,True,B,A,2,1,B
2,11688,True,A,B,4,1,A
2,11689,True,A,B,4,1,A
2,11690,True,A,B,1,1,A
2,11691,True,B,A,1,2,B
2,11692,True,A,B,1,2,A
2,11693,True,B,A,2,0,B
2,11694,True,A,B,4,1,A
2,11695,True,B,A,0,1,B
2,11696,True,A,B,0,1,A
2,11697,True,A,B,3,1,A
2,11698,True,B,A,1,1,B
2,11699,True,B,A,0,1,B
2,11700,True,A,B,3,1,A
2,11701,True,A,B,4,1,A
2,11702,True,B,A,4,1,B
2,11703,True,B,A,0,1,B
2,11704,True,B,A,2,1,B
2,11705,True,B,A,0,1,B
2,11706,True,B,A,3,1,B
2,11707,True,B,A,3,1,B
2,11708,True,A,B,4,1,A
2,11709,True,A,B,4,1,A
2,11710,True,B,A,3,1,B
2,11711,True,B,A,0,1,B
2,11712,True,A,B,10,1,A
2,11713,True,B,A,3,1,B
2,11714,True,A,B,6,1,A
2,11715,True,B,A,0,1,B
2,11716,True,B,A,1,1,B
2,11717,True,B,A,10,1,B
2,11718,True,A,B,1,1,A
2,11719,True,B,A,4,1,B
2,11720,True,B,A,2,0,B
2,11721,True,B,A,2,1,B
2,11722,True,A,B,0,1,A
2,11723,True,B,A,2,0,B
2,11724,True,B,A,10,1,B
2,11725,True,A,B,1,1,A
2,11726,True,A,B,10,1,A
2,11727,True,A,B,4,1,A
2,11728,True,A,B,6,1,A
2,11729,True,A,B,1,2,A
2,11730,True,A,B,10,1,A
2,11731,True,B,A,2,1,B
2,11732,True,A,B,4,1,A
2,11733,True,B,A,2,1,B
2,11734,True,A,B,0,1,A
2,11735,True,B,A,0,1,B
2,11736,True,B,A,1,1,B
2,11737,True,B,A,2,1,B
2,11738,True,B,A,4,1,B
2,11739,True,B,A,2,1,B
2,11740,True,B,A,2,0,B
2,11741,True,A,B,1,1,A
2,11742,True,B,A,1,1,B
2,11743,True,B,A,2,0,B
2,11744,True,A,B,6,1,A
2,11745,True,B,A,2,1,B
2,11746,True,B,A,1,2,B
2,11747,True,B,A,4,1,B
2,11748,True,B,A,1,1,B
2,11749,True,B,A,1,2,B
2,11750,True,B,A,2,1,B
2,11751,True,B,A,4,1,B
2,11752,True,A,B,1,1,A
2,11753,True,A,B,3,1,A
2,11754,True,B,A,4,1,B
2,11755,True,B,A,10,1,B
2,11756,True,B,A,1,1,B
2,11757,True,B,A,2,0,B
2,11758,True,B,A,6,1,B
2,11759,True,A,B,10,1,A
2,11760,True,B,A,0,1,B
2,11761,True,B,A,3,1,B
2,11762,True,A,B,6,1,A
2,11763,True,B,A,1,1,B
2,11764,True,B,A,10,1,B
2,11765,True,B,A,2,0,B
2,11766,True,A,B,0,1,A
2,11767,True,A,B,1,2,A
2,11768,True,B,A,10,1,B
2,11769,True,B,A,1,1,B
2,11770,True,B,A,2,1,B
2,11771,True,B,A,4,1,B
2,11772,True,B,A,1,1,B
2,11773,True,A,B,4,1,A
2,11774,True,B,A,1,1,B
2,11775,True,B,A,4,1,B
2,11776,True,A,B,2,0,A
2,11777,True,B,A,0,1,B
2,11778,True,B,A,4,1,B
2,11779,True,B,A,2,1,B
2,11780,True,B,A,1,2,B
2,11781,True,B,A,10,1,B
2,11782,True,A,B,1,2,A
2,11783,True,A,B,0,1,A
2,11784,True,A,B,4,1,A
2,11785,True,A,B,2,0,A
2,11786,False,,,,,
2,11787,True,B,A,2,1,B
2,11788,True,A,B,2,0,A
2,11789,True,B,A,10,1,B
2,11790,True,A,B,1,2,A
2,11791,True,A,B,1,2,A
2,11792,False,,,,,
2,11793,True,A,B,3,1,A
2,11794,True,A,B,2,1,A
2,11795,True,A,B,2,1,A
2,11796,True,B,A,4,1,B
2,11797,True,B,A,4,1,B
2,11798,True,A,B,4,1,A
2,11799,True,B,A,1,2,B
2,11800,True,A,B,0,1,A
2,11801,True,A,B,10,1,A
2,11802,True,A,B,1,2,A
2,11803,True,B,A,6,1,B
2,11804,True,B,A,2,0,B
2,11805,True,B,A,0,1,B
2,11806,True,A,B,2,1,A
2,11807,True,B,A,2,1,B
2,11808,True,B,A,2,0,B
2,11809,True,A,B,1,2,A
2,11810,True,A,B,3,1,A
2,11811,True,B,A,4,1,B
2,11812,True,A,B,0,1,A
2,11813,True,A,B,0,1,A
2,11814,True,A,B,2,0,A
2,11815,True,A,B,4,1,A
2,11816,True,B,A,2,0,B
2,11817,True,B,A,2,1,B
2,11818,True,B,A,6,1,B
2,11819,True,B,A,1,1,B
2,11820,True,B,A,10,1,B
2,11821,True,B,A,2,1,B
2,11822,True,A,B,6,1,A
2,11823,True,A,B,6,1,A
2,11824,True,B,A,1,1,B
2,11825,True,B,A,1,2,B
2,11826,True,A,B,2,0,A
2,11827,True,A,B,0,1,A
2,11828,True,A,B,1,2,A
2,11829,True,B,A,4,1,B
2,11830,True,A,B,4,1,A
2,11831,True,A,B,1,1,A
2,11832,True,A,B,4,1,A
2,11833,True,B,A,0,1,B
2,11834,True,A,B,4,1,A
2,11835,True,B,A,4,1,B
2,11836,False,,,,,
2,11837,True,A,B,10,1,A
2,11838,True,A,B,10,1,A
2,11839,True,A,B,0,1,A
2,11840,True,A,B,1,2,A
2,11841,True,A,B,1,1,A
2,11842,True,A,B,2,1,A
2,11843,True,B,A,3,1,B
2,11844,True,B,A,1,1,B
2,11845,True,A,B,3,1,A
2,11846,True,B,A,0,1,B
2,11847,True,A,B,10,1,A
2,11848,True,A,B,0,1,A
2,11849,True,B,A,2,0,B
2,11850,True,A,B,3,1,A
2,11851,True,B,A,1,2,B
2,11852,True,A,B,1,1,A
2,11853,True,B,A,3,1,B
2,11854,True,B,A,1,2,B
2,11855,True,A,B,4,1,A
2,11856,True,A,B,1,2,A
2,11857,True,B,A,2,0,B
2,11858,True,B,A,1,1,B
2,11859,True,B,A,2,0,B
2,11860,True,A,B,10,1,A
2,11861,True,B,A,2,0,B
2,11862,True,A,B,3,1,A
2,11863,True,A,B,10,1,A
2,11864,True,A,B,1,2,A
2,11865,True,B,A,1,1,B
2,11866,True,A,B,1,1,A
2,11867,True,A,B,1,1,A
2,11868,True,B,A,6,1,B
2,11869,True,A,B,2,0,A
2,11870,True,B,A,4,1,B
2,11871,True,A,B,1,2,A
2,11872,True,B,A,2,0,B
2,11873,True,A,B,0,1,A
2,11874,True,B,A,3,1,B
2,11875,True,A,B,1,1,A
2,11876,True,B,A,1,2,B
2,11877,True,A,B,1,2,A
2,11878,True,B,A,6,1,B
2,11879,True,A,B,3,1,A
2,11880,True,B,A,1,1,B
2,11881,True,B,A,1,2,B
2,11882,True,B,A,3,1,B
2,11883,True,B,A,1,1,B
2,11884,True,A,B,2,0,A
2,11885,True,A,B,4,1,A
2,11886,True,A,B,4,1,A
2,11887,True,B,A,1,2,B
2,11888,True,B,A,10,1,B
2,11889,True,A,B,2,1,A
2,11890,True,A,B,4,1,A
2,11891,True,B,A,2,1,B
2,11892,True,B,A,0,1,B
2,11893,True,B,A,2,0,B
2,11894,True,A,B,3,1,A
2,11895,True,B,A,3,1,B
2,11896,True,B,A,2,0,B
2,11897,True,B,A,2,0,B
2,11898,True,A,B,1,1,A
2,11899,True,B,A,10,1,B
2,11900,True,B,A,1,1,B
2,11901,True,B,A,2,1,B
2,11902,True,A,B,4,1,A
2,11903,True,A,B,1,2,A
2,11904,True,B,A,2,1,B
2,11905,True,A,B,1,2,A
2,11906,True,B,A,2,0,B
2,11907,True,B,A,1,1,B
2,11908,True,B,A,0,1,B
2,11909,True,B,A,4,1,B
2,11910,True,A,B,2,1,A
2,11911,True,A,B,2,1,A
2,11912,True,B,A,3,1,B
2,11913,True,B,A,2,1,B
2,11914,True,A,B,4,1,A
2,11915,True,B,A,6,1,B
2,11916,True,A,B,6,1,A
2,11917,True,A,B,4,1,A
2,11918,True,A,B,4,1,A
2,11919,True,A,B,4,1,A
2,11920,True,A,B,6,1,A
2,11921,True,B,A,0,1,B
2,11922,True,B,A,2,1,B
2,11923,True,B,A,6,1,B
2,11924,True,A,B,1,1,A
2,11925,True,B,A,4,1,B
2,11926,True,A,B,0,1,A
2,11927,True,B,A,2,1,B
2,11928,True,A,B,0,1,A
2,11929,True,B,A,0,1,B
2,11930,True,A,B,6,1,A
2,11931,True,B,A,10,1,B
2,11932,True,B,A,4,1,B
2,11933,True,B,A,2,0,B
2,11934,True,B,A,2,1,B
2,11935,True,B,A,0,1,B
2,11936,True,B,A,1,2,B
2,11937,True,B,A,4,1,B
2,11938,True,B,A,1,1,B
2,11939,True,A,B,1,2,A
2,11940,True,A,B,3,1,A
2,11941,True,B,A,2,1,B
2,11942,True,B,A,1,2,B
2,11943,True,B,A,2,1,B
2,11944,True,B,A,1,1,B
2,11945,True,B,A,2,0,B
2,11946,True,B,A,1,1,B
2,11947,True,B,A,3,1,B
2,11948,True,B,A,10,1,B
2,11949,True,B,A,0,1,B
2,11950,True,B,A,6,1,B
2,11951,True,B,A,1,2,B
2,11952,True,B,A,2,0,B
2,11953,True,B,A,2,0,B
2,11954,True,A,B,3,1,A
2,11955,True,B,A,10,1,B
2,11956,True,A,B,10,1,A
2,11957,True,B,A,6,1,B
2,11958,True,B,A,0,1,B
2,11959,True,A,B,3,1,A
2,11960,True,A,B,1,2,A
2,11961,True,A,B,1,1,A
2,11962,True,B,A,3,1,B
2,11963,True,B,A,10,1,B
2,11964,True,A,B,0,1,A
2,11965,True,A,B,1,1,A
2,11966,True,A,B,10,1,A
2,11967,True,A,B,1,1,A
2,11968,True,A,B,1,2,A
2,11969,True,A,B,4,1,A
2,11970,True,B,A,4,1,B
2,11971,True,B,A,6,1,B
2,11972,True,B,A,0,1,B
2,11973,True,B,A,6,1,B
2,11974,True,B,A,6,1,B
2,11975,True,A,B,6,1,A
2,11976,True,A,B,1,1,A
2,11977,True,A,B,4,1,A
2,11978,True,A,B,2,0,A
2,11979,True,B,A,0,1,B
2,11980,True,B,A,2,0,B
2,11981,True,B,A,3,1,B
2,11982,True,B,A,0,1,B
2,11983,True,B,A,2,0,B
2,11984,True,A,B,0,1,A
2,11985,True,B,A,3,1,B
2,11986,True,B,A,1,1,B
2,11987,True,A,B,0,1,A
2,11988,True,B,A,1,2,B
2,11989,True,A,B,1,1,A
2,11990,True,A,B,4,1,A
2,11991,True,B,A,4,1,B
2,11992,True,B,A,1,1,B
2,11993,True,A,B,1,1,A
2,11994,True,A,B,2,0,A
2,11995,True,B,A,2,0,B
2,11996,True,B,A,1,2,B
2,11997,True,A,B,1,1,A
2,11998,True,B,A,0,1,B
2,11999,True,B,A,1,2,B
2,12000,True,A,B,2,0,A
2,12001,True,A,B,1,1,A
2,12002,True,A,B,0,1,A
2,12003,True,B,A,4,1,B
2,12004,True,B,A,0,1,B
2,12005,True,A,B,1,2,A
2,12006,True,A,B,3,1,A
2,12007,True,B,A,6,1,B
2,12008,True,B,A,0,1,B
2,12009,True,A,B,2,1,A
2,12010,True,B,A,2,1,B
2,12011,True,B,A,1,1,B
2,12012,True,A,B,1,1,A
2,12013,True,A,B,0,1,A
2,12014,True,A,B,6,1,A
2,12015,True,B,A,10,1,B
2,12016,True,A,B,2,0,A
2,12017,True,A,B,4,1,A
2,12018,True,A,B,6,1,A
2,12019,True,A,B,1,1,A
2,12020,True,A,B,2,1,A
2,12021,True,B,A,3,1,B
2,12022,True,A,B,6,1,A
2,12023,True,B,A,2,1,B
2,12024,True,B,A,6,1,B
2,12025,True,B,A,6,1,B
2,12026,True,B,A,2,1,B
2,12027,True,B,A,6,1,B
2,12028,True,B,A,2,0,B
2,12029,True,A,B,0,1,A
2,12030,True,B,A,0,1,B
2,12031,True,B,A,4,1,B
2,12032,True,A,B,1,1,A
2,12033,True,A,B,0,1,A
2,12034,True,A,B,6,1,A
2,12035,True,B,A,1,1,B
2,12036,True,A,B,1,1,A
2,12037,True,B,A,6,1,B
2,12038,True,A,B,10,1,A
2,12039,True,A,B,2,1,A
2,12040,True,A,B,2,0,A
2,12041,True,B,A,4,1,B
2,12042,True,B,A,2,0,B
2,12043,True,A,B,2,0,A
2,12044,True,A,B,2,1,A
2,12045,True,A,B,10,1,A
2,12046,True,A,B,1,2,A
2,12047,True,A,B,3,1,A
2,12048,True,B,A,1,1,B
2,12049,True,A,B,1,1,A
2,12050,True,B,A,6,1,B
2,12051,True,B,A,1,2,B
2,12052,True,A,B,2,0,A
2,12053,True,B,A,6,1,B
2,12054,True,A,B,1,2,A
2,12055,True,A,B,6,1,A
2,12056,True,A,B,3,1,A
2,12057,True,A,B,2,1,A
2,12058,True,B,A,10,1,B
2,12059,True,A,B,6,1,A
2,12060,True,B,A,0,1,B
2,12061,True,A,B,1,2,A
2,12062,True,A,B,6,1,A
2,12063,True,A,B,4,1,A
2,12064,True,A,B,2,1,A
2,12065,True,B,A,2,1,B
2,12066,True,B,A,3,1,B
2,12067,True,B,A,3,1,B
2,12068,True,A,B,2,0,A
2,12069,True,B,A,1,1,B
2,12070,True,B,A,2,0,B
2,12071,True,B,A,10,1,B
2,12072,True,B,A,2,0,B
2,12073,True,B,A,6,1,B
2,12074,True,B,A,4,1,B
2,12075,True,B,A,1,2,B
2,12076,True,A,B,3,1,A
2,12077,True,A,B,0,1,A
2,12078,True,B,A,3,1,B
2,12079,True,B,A,10,1,B
2,12080,True,A,B,3,1,A
2,12081,True,A,B,4,1,A
2,12082,True,B,A,1,2,B
2,12083,True,A,B,1,2,A
2,12084,True,A,B,2,0,A
2,12085,True,B,A,1,1,B
2,12086,True,A,B,0,1,A
2,12087,True,A,B,3,1,A
2,12088,True,A,B,2,1,A
2,12089,True,B,A,1,2,B
2,12090,True,B,A,4,1,B
2,12091,True,B,A,0,1,B
2,12092,True,A,B,1,2,A
2,12093,True,A,B,1,1,A
2,12094,True,B,A,2,0,B
2,12095,True,A,B,1,2,A
2,12096,True,B,A,2,0,B
2,12097,True,A,B,10,1,A
2,12098,True,A,B,1,2,A
2,12099,True,A,B,6,1,A
2,12100,True,B,A,1,1,B
2,12101,True,A,B,1,1,A
2,12102,True,B,A,2,0,B
2,12103,True,B,A,1,2,B
2,12104,True,A,B,2,0,A
2,12105,True,A,B,1,1,A
2,12106,True,B,A,4,1,B
2,12107,True,A,B,10,1,A
2,12108,True,A,B,2,1,A
2,12109,True,B,A,10,1,B
2,12110,True,B,A,2,0,B
2,12111,True,A,B,6,1,A
2,12112,True,B,A,6,1,B
2,12113,True,B,A,3,1,B
2,12114,True,A,B,10,1,A
2,12115,True,A,B,2,0,A
2,12116,True,B,A,10,1,B
2,12117,True,B,A,3,1,B
2,12118,True,A,B,3,1,A
2,12119,True,A,B,10,1,A
2,12120,True,A,B,1,1,A
2,12121,True,B,A,1,2,B
2,12122,True,B,A,4,1,B
2,12123,True,B,A,0,1,B
2,12124,True,B,A,10,1,B
2,12125,True,B,A,4,1,B
2,12126,True,B,A,6,1,B
2,12127,True,A,B,4,1,A
2,12128,True,B,A,6,1,B
2,12129,True,B,A,1,1,B
2,12130,True,B,A,10,1,B
2,12131,True,A,B,2,0,A
2,12132,True,B,A,3,1,B
2,12133,True,B,A,10,1,B
2,12134,True,A,B,10,1,A
2,12135,True,A,B,6,1,A
2,12136,True,B,A,3,1,B
2,12137,True,A,B,0,1,A
2,12138,True,B,A,4,1,B
2,12139,True,B,A,4,1,B
2,12140,True,A,B,2,0,A
2,12141,True,B,A,3,1,B
2,12142,True,A,B,4,1,A
2,12143,True,A,B,10,1,A
2,12144,True,B,A,1,1,B
2,12145,True,A,B,1,2,A
2,12146,True,B,A,1,2,B
2,12147,True,B,A,2,0,B
2,12148,True,B,A,2,0,B
2,12149,True,A,B,3,1,A
2,12150,True,B,A,1,1,B
2,12151,True,B,A,1,1,B
2,12152,True,B,A,1,1,B
2,12153,True,A,B,4,1,A
2,12154,True,A,B,3,1,A
2,12155,True,B,A,2,0,B
2,12156,True,A,B,4,1,A
2,12157,True,B,A,4,1,B
2,12158,True,A,B,2,1,A
2,12159,True,B,A,3,1,B
2,12160,True,A,B,0,1,A
2,12161,True,A,B,2,1,A
2,12162,True,A,B,2,1,A
2,12163,True,B,A,1,2,B
2,12164,True,A,B,2,1,A
2,12165,True,A,B,6,1,A
2,12166,True,A,B,10,1,A
2,12167,True,A,B,1,2,A
2,12168,True,B,A,2,0,B
2,12169,True,B,A,4,1,B
2,12170,True,A,B,2,1,A
2,12171,True,A,B,1,1,A
2,12172,True,B,A,6,1,B
2,12173,True,A,B,2,0,A
2,12174,True,B,A,1,2,B
2,12175,True,A,B,1,1,A
2,12176,True,A,B,6,1,A
2,12177,True,B,A,10,1,B
2,12178,True,A,B,10,1,A
2,12179,True,A,B,4,1,A
2,12180,True,A,B,1,2,A
2,12181,True,A,B,3,1,A
2,12182,True,A,B,6,1,A
2,12183,True,B,A,1,1,B
2,12184,True,A,B,3,1,A
2,12185,True,B,A,2,0,B
2,12186,True,A,B,10,1,A
2,12187,True,A,B,3,1,A
2,12188,True,A,B,1,1,A
2,12189,True,A,B,3,1,A
2,12190,True,B,A,1,1,B
2,12191,True,A,B,0,1,A
2,12192,True,A,B,1,2,A
2,12193,True,A,B,1,1,A
2,12194,True,A,B,4,1,A
2,12195,True,B,A,2,0,B
2,12196,True,B,A,10,1,B
2,12197,True,B,A,2,1,B
2,12198,True,B,A,10,1,B
2,12199,True,B,A,3,1,B
2,12200,True,A,B,10,1,A
2,12201,True,B,A,2,0,B
2,12202,True,B,A,2,0,B
2,12203,True,B,A,2,0,B
2,12204,True,B,A,6,1,B
2,12205,True,A,B,2,0,A
2,12206,True,A,B,3,1,A
2,12207,True,B,A,0,1,B
2,12208,True,B,A,1,2,B
2,12209,True,A,B,2,0,A
2,12210,True,A,B,1,1,A
2,12211,True,B,A,2,1,B
2,12212,True,B,A,2,1,B
2,12213,True,B,A,2,0,B
2,12214,True,A,B,1,1,A
2,12215,True,A,B,2,0,A
2,12216,True,B,A,0,1,B
2,12217,True,B,A,0,1,B
2,12218,True,A,B,2,0,A
2,12219,True,B,A,3,1,B
2,12220,True,A,B,4,1,A
2,12221,True,A,B,3,1,A
2,12222,True,A,B,2,0,A
2,12223,True,A,B,3,1,A
2,12224,True,B,A,3,1,B
2,12225,True,B,A,2,1,B
2,12226,True,B,A,2,0,B
2,12227,True,B,A,3,1,B
2,12228,True,B,A,1,1,B
2,12229,True,A,B,10,1,A
2,12230,True,A,B,2,1,A
2,12231,True,A,B,1,1,A
2,12232,True,A,B,0,1,A
2,12233,True,A,B,10,1,A
2,12234,True,B,A,1,2,B
2,12235,True,B,A,2,0,B
2,12236,True,A,B,0,1,A
2,12237,True,B,A,10,1,B
2,12238,True,A,B,10,1,A
2,12239,True,B,A,10,1,B
2,12240,True,B,A,4,1,B
2,12241,True,A,B,1,2,A
2,12242,True,A,B,3,1,A
2,12243,True,B,A,0,1,B
2,12244,True,B,A,3,1,B
2,12245,True,A,B,4,1,A
2,12246,True,A,B,6,1,A
2,12247,True,A,B,1,1,A
2,12248,True,A,B,0,1,A
2,12249,True,B,A,1,1,B
2,12250,True,A,B,1,1,A
2,12251,True,A,B,10,1,A
2,12252,True,A,B,0,1,A
2,12253,True,B,A,2,0,B
2,12254,True,A,B,2,1,A
2,12255,True,B,A,4,1,B
2,12256,True,B,A,2,0,B
2,12257,True,A,B,0,1,A
2,12258,True,B,A,2,0,B
2,12259,True,B,A,3,1,B
2,12260,True,B,A,2,1,B
2,12261,True,B,A,2,1,B
2,12262,True,B,A,1,1,B
2,12263,True,A,B,0,1,A
2,12264,True,A,B,1,2,A
2,12265,True,B,A,6,1,B
2,12266,True,A,B,6,1,A
2,12267,True,B,A,2,1,B
2,12268,True,A,B,2,0,A
2,12269,True,B,A,6,1,B
2,12270,True,B,A,4,1,B
2,12271,True,A,B,2,1,A
2,12272,True,B,A,10,1,B
2,12273,True,A,B,2,0,A
2,12274,True,A,B,4,1,A
2,12275,True,A,B,4,1,A
2,12276,True,A,B,10,1,A
2,12277,True,B,A,1,2,B
2,12278,True,A,B,10,1,A
2,12279,True,B,A,4,1,B
2,12280,True,A,B,1,2,A
2,12281,True,B,A,6,1,B
2,12282,True,B,A,2,1,B
2,12283,True,B,A,6,1,B
2,12284,True,A,B,2,1,A
2,12285,True,B,A,6,1,B
2,12286,True,A,B,2,0,A
2,12287,True,B,A,3,1,B
2,12288,True,B,A,1,1,B
2,12289,True,B,A,3,1,B
2,12290,True,B,A,1,1,B
2,12291,True,A,B,1,2,A
2,12292,True,A,B,0,1,A
2,12293,True,A,B,10,1,A
2,12294,True,B,A,3,1,B
2,12295,True,A,B,2,1,A
2,12296,True,A,B,10,1,A
2,12297,True,A,B,3,1,A
2,12298,True,A,B,1,2,A
2,12299,True,A,B,4,1,A
2,12300,True,B,A,10,1,B
2,12301,True,B,A,1,2,B
2,12302,True,A,B,4,1,A
2,12303,True,A,B,10,1,A
2,12304,True,B,A,4,1,B
2,12305,True,B,A,0,1,B
2,12306,True,B,A,4,1,B
2,12307,True,B,A,10,1,B
2,12308,True,A,B,3,1,A
2,12309,True,A,B,3,1,A
2,12310,True,B,A,0,1,B
2,12311,True,B,A,1,2,B
2,12312,True,A,B,10,1,A
2,12313,True,B,A,0,1,B
2,12314,True,A,B,2,1,A
2,12315,True,B,A,6,1,B
2,12316,True,B,A,2,1,B
2,12317,True,A,B,10,1,A
2,12318,True,A,B,1,2,A
2,12319,True,A,B,2,0,A
2,12320,True,B,A,6,1,B
2,12321,True,B,A,1,2,B
2,12322,True,A,B,10,1,A
2,12323,True,B,A,0,1,B
2,12324,True,B,A,2,1,B
2,12325,True,B,A,4,1,B
2,12326,True,B,A,1,2,B
2,12327,True,A,B,3,1,A
2,12328,True,B,A,1,2,B
2,12329,True,A,B,1,1,A
2,12330,True,B,A,1,1,B
2,12331,True,B,A,10,1,B
2,12332,True,A,B,4,1,A
2,12333,True,B,A,10,1,B
2,12334,True,B,A,6,1,B
2,12335,True,B,A,3,1,B
2,12336,True,A,B,6,1,A
2,12337,True,A,B,6,1,A
2,12338,True,B,A,4,1,B
2,12339,True,A,B,4,1,A
2,12340,True,A,B,0,1,A
2,12341,True,A,B,6,1,A
2,12342,True,B,A,0,1,B
2,12343,True,B,A,10,1,B
2,12344,True,B,A,2,1,B
2,12345,True,A,B,0,1,A
2,12346,True,A,B,4,1,A
2,12347,True,B,A,2,0,B
2,12348,True,A,B,0,1,A
2,12349,True,B,A,3,1,B
2,12350,True,B,A,0,1,B
2,12351,True,A,B,4,1,A
2,12352,True,B,A,6,1,B
2,12353,True,A,B,2,0,A
2,12354,True,B,A,0,1,B
2,12355,True,A,B,3,1,A
2,12356,True,B,A,10,1,B
2,12357,True,B,A,0,1,B
2,12358,True,A,B,4,1,A
2,12359,True,A,B,1,1,A
2,12360,True,B,A,2,1,B
2,12361,True,B,A,4,1,B
2,12362,True,B,A,6,1,B
2,12363,True,B,A,3,1,B
2,12364,True,A,B,10,1,A
2,12365,True,B,A,2,1,B
2,12366,True,B,A,1,1,B
2,12367,True,B,A,4,1,B
2,12368,True,B,A,6,1,B
2,12369,True,A,B,6,1,A
2,12370,True,B,A,3,1,B
2,12371,True,B,A,4,1,B
2,12372,True,B,A,1,1,B
2,12373,True,B,A,2,0,B
2,12374,True,B,A,4,1,B
2,12375,True,A,B,1,2,A
2,12376,True,B,A,2,1,B
2,12377,True,B,A,2,1,B
2,12378,True,B,A,10,1,B
2,12379,True,B,A,10,1,B
2,12380,True,B,A,0,1,B
2,12381,True,A,B,0,1,A
2,12382,True,B,A,10,1,B
2,12383,True,B,A,10,1,B
2,12384,True,B,A,10,1,B
2,12385,True,B,A,4,1,B
2,12386,True,B,A,2,1,B
2,12387,True,B,A,0,1,B
2,12388,True,A,B,0,1,A
2,12389,True,A,B,2,0,A
2,12390,True,A,B,1,1,A
2,12391,True,A,B,1,2,A
2,12392,True,A,B,1,1,A
2,12393,True,B,A,4,1,B
2,12394,True,B,A,4,1,B
2,12395,True,A,B,10,1,A
2,12396,True,B,A,2,1,B
2,12397,True,A,B,2,1,A
2,12398,True,B,A,2,1,B
2,12399,True,A,B,0,1,A
2,12400,True,B,A,3,1,B
2,12401,True,A,B,1,1,A
2,12402,True,A,B,6,1,A
2,12403,True,A,B,2,0,A
2,12404,True,B,A,2,0,B
2,12405,True,A,B,0,1,A
2,12406,True,A,B,2,0,A
2,12407,True,A,B,1,2,A
2,12408,True,B,A,1,2,B
2,12409,True,B,A,6,1,B
2,12410,True,A,B,2,1,A
2,12411,True,B,A,1,1,B
2,12412,True,A,B,2,0,A
2,12413,True,B,A,1,2,B
2,12414,True,A,B,10,1,A
2,12415,True,B,A,10,1,B
2,12416,True,B,A,4,1,B
2,12417,True,B,A,1,1,B
2,12418,True,B,A,10,1,B
2,12419,True,B,A,2,0,B
2,12420,True,A,B,1,2,A
2,12421,True,B,A,6,1,B
2,12422,True,A,B,3,1,A
2,12423,True,A,B,4,1,A
2,12424,True,B,A,3,1,B
2,12425,True,B,A,1,1,B
2,12426,True,B,A,0,1,B
2,12427,True,B,A,3,1,B
2,12428,True,B,A,1,1,B
2,12429,True,B,A,10,1,B
2,12430,True,A,B,3,1,A
2,12431,True,A,B,1,2,A
2,12432,True,B,A,10,1,B
2,12433,True,A,B,2,0,A
2,12434,True,B,A,3,1,B
2,12435,True,B,A,6,1,B
2,12436,True,A,B,0,1,A
2,12437,True,B,A,4,1,B
2,12438,True,A,B,6,1,A
2,12439,True,B,A,6,1,B
2,12440,True,A,B,6,1,A
2,12441,True,A,B,4,1,A
2,12442,True,B,A,1,2,B
2,12443,True,B,A,10,1,B
2,12444,True,B,A,10,1,B
2,12445,True,A,B,10,1,A
2,12446,True,A,B,1,1,A
2,12447,True,B,A,1,2,B
2,12448,True,A,B,3,1,A
2,12449,True,B,A,2,0,B
2,12450,True,A,B,2,1,A
2,12451,True,B,A,6,1,B
2,12452,True,B,A,1,1,B
2,12453,True,B,A,4,1,B
2,12454,True,B,A,2,0,B
2,12455,True,B,A,0,1,B
2,12456,True,B,A,6,1,B
2,12457,True,B,A,1,1,B
2,12458,True,A,B,6,1,A
2,12459,True,A,B,2,0,A
2,12460,True,B,A,1,2,B
2,12461,True,B,A,4,1,B
2,12462,True,B,A,1,1,B
2,12463,True,A,B,6,1,A
2,12464,True,A,B,6,1,A
2,12465,True,B,A,1,2,B
2,12466,True,B,A,1,1,B
2,12467,True,B,A,1,2,B
2,12468,True,A,B,4,1,A
2,12469,True,A,B,0,1,A
2,12470,True,A,B,0,1,A
2,12471,True,B,A,1,2,B
2,12472,True,B,A,0,1,B
2,12473,True,A,B,2,0,A
2,12474,True,A,B,2,0,A
2,12475,True,A,B,2,1,A
2,12476,True,A,B,6,1,A
2,12477,True,B,A,2,0,B
2,12478,True,B,A,4,1,B
2,12479,True,B,A,1,2,B
2,12480,True,B,A,10,1,B
2,12481,True,A,B,1,2,A
2,12482,True,B,A,3,1,B
2,12483,True,B,A,6,1,B
2,12484,True,B,A,6,1,B
2,12485,True,B,A,1,2,B
2,12486,True,B,A,6,1,B
2,12487,True,B,A,6,1,B
2,12488,True,B,A,1,2,B
2,12489,True,A,B,4,1,A
2,12490,True,B,A,10,1,B
2,12491,True,A,B,10,1,A
2,12492,True,B,A,6,1,B
2,12493,True,A,B,1,2,A
2,12494,True,A,B,0,1,A
2,12495,True,A,B,3,1,A
2,12496,True,B,A,1,1,B
2,12497,True,B,A,6,1,B
2,12498,True,B,A,2,1,B
2,12499,True,A,B,1,2,A
2,12500,True,B,A,0,1,B
2,12501,True,B,A,3,1,B
2,12502,True,A,B,2,0,A
2,12503,True,A,B,1,2,A
2,12504,True,A,B,6,1,A
2,12505,True,B,A,2,1,B
2,12506,True,B,A,4,1,B
2,12507,True,A,B,0,1,A
2,12508,True,A,B,10,1,A
2,12509,True,B,A,2,0,B
2,12510,True,A,B,3,1,A
2,12511,True,A,B,4,1,A
2,12512,True,A,B,0,1,A
2,12513,True,B,A,2,1,B
2,12514,True,A,B,1,1,A
2,12515,True,A,B,6,1,A
2,12516,True,A,B,2,1,A
2,12517,True,B,A,3,1,B
2,12518,True,B,A,4,1,B
2,12519,True,B,A,2,0,B
2,12520,True,A,B,1,1,A
2,12521,True,A,B,6,1,A
2,12522,True,B,A,2,1,B
2,12523,True,B,A,3,1,B
2,12524,True,A,B,0,1,A
2,12525,True,A,B,6,1,A
2,12526,True,A,B,4,1,A
2,12527,True,B,A,6,1,B
2,12528,True,B,A,6,1,B
2,12529,True,A,B,2,1,A
2,12530,True,B,A,1,1,B
2,12531,True,A,B,1,1,A
2,12532,True,B,A,0,1,B
2,12533,True,A,B,0,1,A
2,12534,True,A,B,4,1,A
2,12535,True,A,B,6,1,A
2,12536,True,B,A,2,0,B
2,12537,True,B,A,2,0,B
2,12538,True,B,A,10,1,B
2,12539,True,A,B,0,1,A
2,12540,True,A,B,0,1,A
2,12541,True,B,A,6,1,B
2,12542,True,A,B,1,1,A
2,12543,True,B,A,2,1,B
2,12544,True,B,A,2,1,B
2,12545,True,A,B,1,1,A
2,12546,True,B,A,2,0,B
2,12547,True,A,B,0,1,A
2,12548,True,A,B,1,1,A
2,12549,True,B,A,0,1,B
2,12550,True,B,A,1,1,B
2,12551,True,A,B,6,1,A
2,12552,True,B,A,10,1,B
2,12553,True,A,B,3,1,A
2,12554,True,A,B,10,1,A
2,12555,True,B,A,2,0,B
2,12556,True,A,B,4,1,A
2,12557,True,A,B,3,1,A
2,12558,True,A,B,3,1,A
2,12559,True,A,B,0,1,A
2,12560,True,B,A,0,1,B
2,12561,True,A,B,6,1,A
2,12562,True,A,B,6,1,A
2,12563,True,A,B,10,1,A
2,12564,True,B,A,4,1,B
2,12565,True,A,B,6,1,A
2,12566,True,B,A,2,0,B
2,12567,True,A,B,2,1,A
2,12568,True,B,A,0,1,B
2,12569,True,B,A,2,0,B
2,12570,True,B,A,6,1,B
2,12571,True,B,A,2,1,B
2,12572,True,A,B,2,0,A
2,12573,True,A,B,1,2,A
2,12574,True,A,B,0,1,A
2,12575,True,A,B,4,1,A
2,12576,True,B,A,2,1,B
2,12577,True,B,A,3,1,B
2,12578,True,B,A,1,1,B
2,12579,True,B,A,2,0,B
2,12580,True,A,B,3,1,A
2,12581,True,B,A,2,1,B
2,12582,True,A,B,3,1,A
2,12583,True,B,A,3,1,B
2,12584,True,B,A,1,2,B
2,12585,True,A,B,3,1,A
2,12586,True,B,A,4,1,B
2,12587,True,B,A,6,1,B
2,12588,True,A,B,1,1,A
2,12589,True,A,B,4,1,A
2,12590,True,B,A,10,1,B
2,12591,True,A,B,10,1,A
2,12592,True,A,B,1,2,A
2,12593,True,B,A,0,1,B
2,12594,True,A,B,0,1,A
2,12595,True,A,B,1,1,A
2,12596,True,A,B,1,2,A
2,12597,True,A,B,1,2,A
2,12598,True,B,A,3,1,B
2,12599,True,B,A,10,1,B
2,12600,True,B,A,4,1,B
2,12601,True,B,A,4,1,B
2,12602,True,A,B,1,2,A
2,12603,True,B,A,10,1,B
2,12604,True,A,B,0,1,A
2,12605,True,A,B,2,0,A
2,12606,True,A,B,1,1,A
2,12607,True,B,A,4,1,B
2,12608,True,A,B,2,0,A
2,12609,True,B,A,4,1,B
2,12610,True,A,B,2,1,A
2,12611,True,B,A,1,1,B
2,12612,True,A,B,10,1,A
2,12613,True,A,B,4,1,A
2,12614,True,A,B,10,1,A
2,12615,True,A,B,0,1,A
2,12616,True,A,B,1,2,A
2,12617,True,B,A,3,1,B
2,12618,True,A,B,3,1,A
2,12619,True,A,B,6,1,A
2,12620,True,B,A,6,1,B
2,12621,True,B,A,2,1,B
2,12622,True,B,A,1,1,B
2,12623,True,A,B,1,2,A
2,12624,True,A,B,3,1,A
2,12625,True,A,B,0,1,A
2,12626,True,B,A,3,1,B
2,12627,True,B,A,10,1,B
2,12628,True,A,B,2,0,A
2,12629,True,B,A,0,1,B
2,12630,True,A,B,1,2,A
2,12631,True,A,B,1,1,A
2,12632,True,A,B,3,1,A
2,12633,True,A,B,0,1,A
2,12634,True,B,A,4,1,B
2,12635,True,B,A,0,1,B
2,12636,True,B,A,4,1,B
2,12637,True,A,B,6,1,A
2,12638,True,B,A,0,1,B
2,12639,True,B,A,1,2,B
2,12640,True,A,B,10,1,A
2,12641,True,B,A,2,0,B
2,12642,True,A,B,6,1,A
2,12643,True,B,A,3,1,B
2,12644,True,A,B,2,0,A
2,12645,True,B,A,2,0,B
2,12646,True,B,A,6,1,B
2,12647,True,B,A,10,1,B
2,12648,True,A,B,3,1,A
2,12649,True,A,B,1,1,A
2,12650,True,A,B,2,0,A
2,12651,True,A,B,2,0,A
2,12652,True,A,B,0,1,A
2,12653,True,A,B,10,1,A
2,12654,True,A,B,3,1,A
2,12655,True,B,A,0,1,B
2,12656,True,B,A,1,2,B
2,12657,True,A,B,2,1,A
2,12658,True,A,B,2,1,A
2,12659,True,A,B,10,1,A
2,12660,True,B,A,1,1,B
2,12661,True,A,B,10,1,A
2,12662,True,B,A,2,0,B
2,12663,True,A,B,10,1,A
2,12664,True,A,B,2,0,A
2,12665,True,B,A,0,1,B
2,12666,True,B,A,4,1,B
2,12667,True,A,B,1,1,A
2,12668,True,A,B,3,1,A
2,12669,True,A,B,3,1,A
2,12670,True,B,A,6,1,B
2,12671,True,A,B,3,1,A
2,12672,True,B,A,1,1,B
2,12673,True,A,B,2,0,A
2,12674,True,A,B,3,1,A
2,12675,True,B,A,0,1,B
2,12676,True,B,A,10,1,B
2,12677,True,A,B,6,1,A
2,12678,True,B,A,1,1,B
2,12679,True,A,B,0,1,A
2,12680,True,A,B,1,2,A
2,12681,True,B,A,1,1,B
2,12682,True,B,A,2,0,B
2,12683,True,B,A,0,1,B
2,12684,True,A,B,0,1,A
2,12685,True,B,A,0,1,B
2,12686,True,B,A,2,0,B
2,12687,True,A,B,0,1,A
2,12688,True,B,A,0,1,B
2,12689,True,A,B,0,1,A
2,12690,True,A,B,2,0,A
2,12691,True,B,A,0,1,B
2,12692,True,B,A,2,1,B
2,12693,True,A,B,3,1,A
2,12694,True,A,B,4,1,A
2,12695,True,A,B,2,0,A
2,12696,True,B,A,2,1,B
2,12697,True,A,B,1,1,A
2,12698,True,B,A,4,1,B
2,12699,True,B,A,0,1,B
2,12700,True,B,A,2,1,B
2,12701,True,A,B,3,1,A
2,12702,True,B,A,2,0,B
2,12703,True,A,B,4,1,A
2,12704,True,B,A,2,1,B
2,12705,True,A,B,2,1,A
2,12706,True,A,B,4,1,A
2,12707,True,A,B,3,1,A
2,12708,True,A,B,6,1,A
2,12709,True,A,B,1,2,A
2,12710,True,A,B,1,2,A
2,12711,True,A,B,1,2,A
2,12712,True,B,A,2,0,B
2,12713,True,B,A,2,1,B
2,12714,True,B,A,2,0,B
2,12715,True,A,B,2,0,A
2,12716,True,B,A,4,1,B
2,12717,True,B,A,10,1,B
2,12718,True,A,B,2,0,A
2,12719,True,A,B,1,1,A
2,12720,True,B,A,1,1,B
2,12721,True,B,A,1,2,B
2,12722,True,A,B,2,0,A
2,12723,True,A,B,1,1,A
2,12724,True,A,B,3,1,A
2,12725,True,A,B,10,1,A
2,12726,True,A,B,0,1,A
2,12727,True,A,B,1,1,A
2,12728,True,B,A,0,1,B
2,12729,True,A,B,3,1,A
2,12730,True,A,B,2,0,A
2,12731,True,B,A,10,1,B
2,12732,True,A,B,2,1,A
2,12733,True,B,A,4,1,B
2,12734,True,B,A,10,1,B
2,12735,True,B,A,1,2,B
2,12736,True,B,A,4,1,B
2,12737,True,A,B,0,1,A
2,12738,True,B,A,6,1,B
2,12739,True,A,B,0,1,A
2,12740,True,A,B,1,2,A
2,12741,True,B,A,2,1,B
2,12742,True,B,A,6,1,B
2,12743,True,A,B,10,1,A
2,12744,True,B,A,1,1,B
2,12745,True,A,B,4,1,A
2,12746,True,B,A,6,1,B
2,12747,True,A,B,1,1,A
2,12748,True,B,A,0,1,B
2,12749,True,A,B,3,1,A
2,12750,True,A,B,6,1,A
2,12751,True,A,B,4,1,A
2,12752,True,B,A,2,0,B
2,12753,True,B,A,0,1,B
2,12754,True,A,B,3,1,A
2,12755,True,A,B,6,1,A
2,12756,True,A,B,2,1,A
2,12757,True,A,B,3,1,A
2,12758,True,A,B,6,1,A
2,12759,True,B,A,1,2,B
2,12760,True,A,B,1,2,A
2,12761,True,A,B,3,1,A
2,12762,True,A,B,2,0,A
2,12763,True,B,A,1,1,B
2,12764,True,B,A,3,1,B
2,12765,True,A,B,10,1,A
2,12766,True,B,A,2,1,B
2,12767,True,B,A,0,1,B
2,12768,True,B,A,0,1,B
2,12769,True,A,B,0,1,A
2,12770,True,A,B,2,1,A
2,12771,True,A,B,10,1,A
2,12772,True,A,B,2,1,A
2,12773,True,A,B,1,2,A
2,12774,True,B,A,1,1,B
2,12775,True,A,B,6,1,A
2,12776,True,B,A,4,1,B
2,12777,True,A,B,1,2,A
2,12778,True,B,A,3,1,B
2,12779,True,B,A,0,1,B
2,12780,True,B,A,1,2,B
2,12781,True,B,A,6,1,B
2,12782,True,B,A,2,0,B
2,12783,True,B,A,2,0,B
2,12784,True,B,A,2,1,B
2,12785,True,B,A,10,1,B
2,12786,True,B,A,3,1,B
2,12787,True,A,B,4,1,A
2,12788,True,A,B,0,1,A
2,12789,True,B,A,1,1,B
2,12790,True,A,B,6,1,A
2,12791,True,B,A,4,1,B
2,12792,True,B,A,0,1,B
2,12793,True,A,B,4,1,A
2,12794,True,B,A,4,1,B
2,12795,True,B,A,0,1,B
2,12796,True,A,B,2,0,A
2,12797,True,B,A,2,1,B
2,12798,True,B,A,1,1,B
2,12799,True,A,B,2,0,A
2,12800,True,B,A,6,1,B
2,12801,True,A,B,2,0,A
2,12802,True,B,A,0,1,B
2,12803,True,A,B,4,1,A
2,12804,True,A,B,1,2,A
2,12805,True,B,A,6,1,B
2,12806,True,A,B,3,1,A
2,12807,True,A,B,1,2,A
2,12808,True,A,B,4,1,A
2,12809,True,B,A,1,1,B
2,12810,True,A,B,2,0,A
2,12811,True,B,A,2,0,B
2,12812,True,A,B,1,1,A
2,12813,True,A,B,1,1,A
2,12814,True,B,A,2,1,B
2,12815,True,B,A,4,1,B
2,12816,True,B,A,6,1,B
2,12817,True,A,B,1,1,A
2,12818,True,A,B,4,1,A
2,12819,True,B,A,6,1,B
2,12820,True,A,B,2,1,A
2,12821,True,B,A,0,1,B
2,12822,True,A,B,6,1,A
2,12823,True,A,B,2,0,A
2,12824,True,A,B,10,1,A
2,12825,True,A,B,4,1,A
2,12826,True,A,B,10,1,A
2,12827,True,B,A,1,2,B
2,12828,True,A,B,3,1,A
2,12829,True,B,A,2,0,B
2,12830,True,A,B,6,1,A
2,12831,True,A,B,1,1,A
2,12832,True,B,A,4,1,B
2,12833,True,A,B,10,1,A
2,12834,True,B,A,3,1,B
2,12835,True,B,A,6,1,B
2,12836,True,A,B,2,1,A
2,12837,True,A,B,10,1,A
2,12838,True,A,B,3,1,A
2,12839,True,A,B,2,1,A
2,12840,True,B,A,1,2,B
2,12841,True,A,B,10,1,A
2,12842,True,A,B,2,0,A
2,12843,True,B,A,0,1,B
2,12844,True,A,B,3,1,A
2,12845,True,A,B,1,2,A
2,12846,True,A,B,2,0,A
2,12847,True,A,B,2,1,A
2,12848,True,B,A,10,1,B
2,12849,True,B,A,1,1,B
2,12850,True,B,A,6,1,B
2,12851,True,B,A,1,1,B
2,12852,True,B,A,3,1,B
2,12853,True,B,A,1,1,B
2,12854,True,A,B,1,1,A
2,12855,True,B,A,1,1,B
2,12856,True,A,B,1,2,A
2,12857,True,A,B,3,1,A
2,12858,True,B,A,1,1,B
2,12859,True,A,B,1,2,A
2,12860,True,A,B,2,1,A
2,12861,True,B,A,10,1,B
2,12862,True,B,A,6,1,B
2,12863,True,A,B,1,1,A
2,12864,True,B,A,1,2,B
2,12865,True,B,A,3,1,B
2,12866,True,A,B,2,1,A
2,12867,True,A,B,1,2,A
2,12868,True,B,A,0,1,B
2,12869,True,B,A,2,1,B
2,12870,True,A,B,1,1,A
2,12871,True,B,A,6,1,B
2,12872,True,A,B,6,1,A
2,12873,True,A,B,1,2,A
2,12874,True,A,B,0,1,A
2,12875,True,A,B,1,2,A
2,12876,True,A,B,2,0,A
2,12877,True,A,B,4,1,A
2,12878,True,A,B,1,2,A
2,12879,True,A,B,10,1,A
2,12880,True,A,B,3,1,A
2,12881,True,A,B,4,1,A
2,12882,True,A,B,1,2,A
2,12883,True,A,B,4,1,A
2,12884,True,A,B,2,1,A
2,12885,True,B,A,4,1,B
2,12886,True,B,A,6,1,B
2,12887,True,A,B,0,1,A
2,12888,True,A,B,3,1,A
2,12889,True,B,A,1,1,B
2,12890,True,B,A,1,2,B
2,12891,True,B,A,2,1,B
2,12892,True,B,A,10,1,B
2,12893,True,B,A,6,1,B
2,12894,True,B,A,3,1,B
2,12895,True,A,B,6,1,A
2,12896,True,A,B,0,1,A
2,12897,True,A,B,2,1,A
2,12898,True,A,B,10,1,A
2,12899,True,A,B,2,1,A
2,12900,True,B,A,1,1,B
2,12901,True,B,A,1,2,B
2,12902,True,B,A,0,1,B
2,12903,True,B,A,0,1,B
2,12904,True,B,A,4,1,B
2,12905,True,B,A,3,1,B
2,12906,True,A,B,6,1,A
2,12907,True,B,A,6,1,B
2,12908,True,B,A,2,0,B
2,12909,True,A,B,3,1,A
2,12910,True,B,A,1,1,B
2,12911,True,A,B,1,2,A
2,12912,True,B,A,10,1,B
2,12913,True,A,B,1,1,A
2,12914,True,A,B,0,1,A
2,12915,True,B,A,1,1,B
2,12916,True,A,B,0,1,A
2,12917,True,A,B,2,0,A
2,12918,True,B,A,1,2,B
2,12919,True,B,A,4,1,B
2,12920,True,A,B,0,1,A
2,12921,True,B,A,2,0,B
2,12922,True,A,B,1,1,A
2,12923,True,A,B,1,1,A
2,12924,True,B,A,4,1,B
2,12925,True,B,A,3,1,B
2,12926,True,A,B,4,1,A
2,12927,True,A,B,10,1,A
2,12928,True,A,B,6,1,A
2,12929,True,B,A,3,1,B
2,12930,True,A,B,4,1,A
2,12931,True,A,B,2,0,A
2,12932,True,A,B,4,1,A
2,12933,True,B,A,1,1,B
2,12934,True,A,B,2,1,A
2,12935,True,A,B,0,1,A
2,12936,True,A,B,6,1,A
2,12937,True,A,B,1,2,A
2,12938,True,B,A,1,2,B
2,12939,True,B,A,2,1,B
2,12940,True,A,B,2,0,A
2,12941,True,A,B,2,1,A
2,12942,True,B,A,2,1,B
2,12943,True,A,B,3,1,A
2,12944,True,B,A,1,1,B
2,12945,True,A,B,2,0,A
2,12946,True,B,A,10,1,B
2,12947,True,B,A,2,0,B
2,12948,True,A,B,6,1,A
2,12949,True,B,A,2,1,B
2,12950,True,B,A,4,1,B
2,12951,True,B,A,2,1,B
2,12952,True,B,A,1,1,B
2,12953,True,A,B,2,1,A
2,12954,True,A,B,2,0,A
2,12955,True,A,B,3,1,A
2,12956,True,A,B,4,1,A
2,12957,True,A,B,1,2,A
2,12958,True,A,B,1,1,A
2,12959,True,A,B,2,1,A
2,12960,True,A,B,3,1,A
2,12961,True,B,A,6,1,B
2,12962,True,B,A,4,1,B
2,12963,True,A,B,0,1,A
2,12964,True,A,B,10,1,A
2,12965,True,A,B,0,1,A
2,12966,True,B,A,0,1,B
2,12967,True,B,A,10,1,B
2,12968,True,A,B,4,1,A
2,12969,True,B,A,4,1,B
2,12970,True,A,B,2,0,A
2,12971,True,A,B,2,0,A
2,12972,True,B,A,4,1,B
2,12973,True,B,A,2,0,B
2,12974,True,B,A,0,1,B
2,12975,True,A,B,3,1,A
2,12976,True,A,B,10,1,A
2,12977,True,A,B,1,2,A
2,12978,True,B,A,2,1,B
2,12979,True,A,B,2,1,A
2,12980,True,B,A,1,2,B
2,12981,True,B,A,0,1,B
2,12982,True,A,B,1,2,A
2,12983,True,B,A,1,1,B
2,12984,True,A,B,6,1,A
2,12985,True,A,B,6,1,A
2,12986,True,A,B,0,1,A
2,12987,True,A,B,1,2,A
2,12988,True,A,B,0,1,A
2,12989,True,A,B,10,1,A
2,12990,True,A,B,4,1,A
2,12991,True,A,B,4,1,A
2,12992,True,A,B,1,2,A
2,12993,True,B,A,0,1,B
2,12994,True,A,B,1,2,A
2,12995,True,B,A,1,1,B
2,12996,True,B,A,6,1,B
2,12997,True,A,B,2,1,A
2,12998,True,B,A,1,1,B
2,12999,True,B,A,10,1,B
2,13000,True,B,A,0,1,B
2,13001,True,B,A,2,0,B
2,13002,True,A,B,6,1,A
2,13003,True,B,A,4,1,B
2,13004,True,A,B,1,1,A
2,13005,True,A,B,3,1,A
2,13006,True,A,B,3,1,A
2,13007,True,B,A,2,1,B
2,13008,True,A,B,0,1,A
2,13009,True,B,A,6,1,B
2,13010,True,A,B,6,1,A
2,13011,True,B,A,0,1,B
2,13012,True,B,A,10,1,B
2,13013,True,A,B,6,1,A
2,13014,True,A,B,2,1,A
2,13015,True,A,B,6,1,A
2,13016,True,A,B,2,1,A
2,13017,True,B,A,10,1,B
2,13018,True,A,B,3,1,A
2,13019,True,A,B,3,1,A
2,13020,True,A,B,2,0,A
2,13021,True,A,B,1,1,A
2,13022,True,B,A,2,0,B
2,13023,True,B,A,10,1,B
2,13024,True,B,A,1,2,B
2,13025,True,B,A,1,1,B
2,13026,True,A,B,10,1,A
2,13027,True,B,A,3,1,B
2,13028,True,B,A,4,1,B
2,13029,True,A,B,2,0,A
2,13030,True,A,B,0,1,A
2,13031,True,B,A,3,1,B
2,13032,True,B,A,4,1,B
2,13033,True,A,B,3,1,A
2,13034,True,A,B,1,1,A
2,13035,True,B,A,1,1,B
2,13036,True,A,B,0,1,A
2,13037,True,B,A,2,0,B
2,13038,True,A,B,6,1,A
2,13039,True,A,B,4,1,A
2,13040,True,A,B,10,1,A
2,13041,True,A,B,10,1,A
2,13042,True,B,A,6,1,B
2,13043,True,A,B,1,2,A
2,13044,True,A,B,4,1,A
2,13045,True,B,A,3,1,B
2,13046,True,B,A,6,1,B
2,13047,True,B,A,2,1,B
2,13048,True,A,B,2,1,A
2,13049,True,A,B,1,1,A
2,13050,True,B,A,0,1,B
2,13051,True,B,A,3,1,B
2,13052,True,B,A,2,1,B
2,13053,True,B,A,10,1,B
2,13054,True,B,A,3,1,B
2,13055,True,A,B,10,1,A
2,13056,True,A,B,6,1,B
2,13057,True,B,A,3,1,B
2,13058,True,B,A,6,1,B
2,13059,True,A,B,0,1,A
2,13060,True,B,A,1,2,B
2,13061,True,B,A,2,1,B
2,13062,True,A,B,10,1,A
2,13063,True,A,B,6,1,A
2,13064,True,A,B,4,1,A
2,13065,True,B,A,10,1,B
2,13066,True,B,A,4,1,B
2,13067,True,B,A,6,1,B
2,13068,True,A,B,4,1,A
2,13069,True,A,B,1,1,A
2,13070,True,A,B,0,1,A
2,13071,True,A,B,2,0,A
2,13072,True,A,B,4,1,A
2,13073,True,A,B,3,1,A
2,13074,True,B,A,6,1,B
2,13075,True,B,A,6,1,B
2,13076,True,B,A,1,2,B
2,13077,True,A,B,2,1,A
2,13078,True,B,A,1,1,B
2,13079,True,A,B,2,1,A
2,13080,True,A,B,1,1,A
2,13081,True,B,A,2,1,B
2,13082,True,A,B,2,0,A
2,13083,True,A,B,6,1,A
2,13084,True,B,A,2,0,B
2,13085,True,B,A,2,0,B
2,13086,True,B,A,10,1,B
2,13087,True,A,B,3,1,A
2,13088,True,A,B,4,1,A
2,13089,True,A,B,0,1,A
2,13090,True,B,A,10,1,B
2,13091,True,A,B,2,0,A
2,13092,True,A,B,10,1,A
2,13093,True,B,A,4,1,B
2,13094,True,B,A,4,1,B
2,13095,True,A,B,6,1,A
2,13096,True,A,B,2,0,A
2,13097,True,B,A,4,1,B
2,13098,True,B,A,0,1,B
2,13099,True,B,A,4,1,B
2,13100,True,B,A,2,0,B
2,13101,True,A,B,4,1,A
2,13102,True,B,A,1,2,B
2,13103,True,B,A,10,1,B
2,13104,True,A,B,1,2,A
2,13105,True,A,B,3,1,A
2,13106,True,B,A,10,1,B
2,13107,True,B,A,1,1,B
2,13108,True,A,B,4,1,A
2,13109,True,A,B,0,1,A
2,13110,True,A,B,3,1,A
2,13111,True,B,A,3,1,B
2,13112,True,B,A,2,0,B
2,13113,True,B,A,3,1,B
2,13114,True,B,A,6,1,B
2,13115,True,A,B,10,1,A
2,13116,True,B,A,3,1,B
2,13117,True,B,A,3,1,B
2,13118,True,A,B,4,1,A
2,13119,True,B,A,4,1,B
2,13120,True,A,B,2,1,A
2,13121,True,B,A,2,0,B
2,13122,True,B,A,1,2,B
2,13123,True,B,A,2,0,B
2,13124,True,B,A,0,1,B
2,13125,True,A,B,6,1,A
2,13126,True,A,B,6,1,A
2,13127,True,B,A,6,1,B
2,13128,True,B,A,4,1,B
2,13129,True,A,B,1,1,A
2,13130,True,B,A,1,1,B
2,13131,True,B,A,1,1,B
2,13132,True,B,A,1,1,B
2,13133,True,A,B,0,1,A
2,13134,True,B,A,2,1,B
2,13135,True,B,A,6,1,B
2,13136,True,B,A,3,1,B
2,13137,True,A,B,2,1,A
2,13138,True,B,A,3,1,B
2,13139,True,B,A,2,1,B
2,13140,True,A,B,0,1,A
2,13141,True,B,A,2,0,B
2,13142,True,A,B,1,1,A
2,13143,True,B,A,4,1,B
2,13144,True,A,B,2,1,A
2,13145,True,B,A,3,1,B
2,13146,True,A,B,2,0,A
2,13147,True,A,B,0,1,A
2,13148,True,A,B,2,0,A
2,13149,True,A,B,0,1,A
2,13150,True,A,B,2,1,A
2,13151,True,B,A,3,1,B
2,13152,True,B,A,6,1,B
2,13153,True,A,B,2,0,A
2,13154,True,A,B,2,0,A
2,13155,True,A,B,2,1,A
2,13156,True,A,B,0,1,A
2,13157,True,A,B,2,0,A
2,13158,True,B,A,3,1,B
2,13159,True,B,A,0,1,B
2,13160,True,A,B,2,1,A
2,13161,True,A,B,2,1,A
2,13162,True,B,A,0,1,B
2,13163,True,B,A,2,1,B
2,13164,True,A,B,0,1,A
2,13165,True,A,B,2,0,A
2,13166,True,B,A,6,1,B
2,13167,True,A,B,2,0,A
2,13168,True,B,A,1,1,B
2,13169,True,A,B,4,1,A
2,13170,True,B,A,1,2,B
2,13171,True,B,A,2,0,B
2,13172,True,A,B,10,1,A
2,13173,True,B,A,10,1,B
2,13174,True,A,B,1,2,A
2,13175,True,B,A,0,1,B
2,13176,True,A,B,4,1,A
2,13177,True,A,B,2,0,A
2,13178,True,B,A,1,1,B
2,13179,True,A,B,2,1,A
2,13180,True,B,A,2,0,B
2,13181,True,B,A,2,1,B
2,13182,True,B,A,6,1,B
2,13183,True,B,A,10,1,B
2,13184,True,A,B,3,1,A
2,13185,True,B,A,2,0,B
2,13186,True,B,A,3,1,B
2,13187,True,B,A,1,2,B
2,13188,True,B,A,10,1,B
2,13189,True,B,A,0,1,B
2,13190,True,A,B,1,1,A
2,13191,True,B,A,4,1,B
2,13192,True,A,B,1,1,A
2,13193,True,B,A,0,1,B
2,13194,True,A,B,0,1,A
2,13195,True,B,A,0,1,B
2,13196,True,B,A,2,1,B
2,13197,True,A,B,1,2,A
2,13198,True,A,B,3,1,A
2,13199,True,B,A,1,1,B
2,13200,True,B,A,4,1,B
2,13201,True,B,A,1,1,B
2,13202,True,B,A,2,1,B
2,13203,True,B,A,6,1,B
2,13204,True,A,B,1,2,A
2,13205,True,A,B,1,1,A
2,13206,True,B,A,6,1,B
2,13207,True,A,B,1,1,A
2,13208,True,A,B,1,1,A
2,13209,True,A,B,1,2,A
2,13210,True,B,A,4,1,B
2,13211,True,B,A,0,1,B
2,13212,True,B,A,1,2,B
2,13213,True,A,B,2,1,A
2,13214,True,A,B,1,1,A
2,13215,True,B,A,10,1,B
2,13216,True,B,A,0,1,B
2,13217,True,A,B,2,1,A
2,13218,True,B,A,0,1,B
2,13219,True,A,B,0,1,A
2,13220,True,A,B,2,0,A
2,13221,True,B,A,2,0,B
2,13222,True,B,A,2,1,B
2,13223,True,A,B,2,0,A
2,13224,True,A,B,4,1,A
2,13225,True,B,A,4,1,B
2,13226,True,B,A,1,2,B
2,13227,True,A,B,0,1,A
2,13228,True,B,A,6,1,B
2,13229,True,B,A,3,1,B
2,13230,True,A,B,1,1,A
2,13231,True,A,B,3,1,A
2,13232,True,A,B,6,1,A
2,13233,True,B,A,1,1,B
2,13234,True,A,B,0,1,A
2,13235,True,A,B,1,1,A
2,13236,True,B,A,2,0,B
2,13237,True,B,A,6,1,B
2,13238,True,A,B,1,2,A
2,13239,True,B,A,1,1,B
2,13240,True,B,A,4,1,B
2,13241,True,B,A,1,2,B
2,13242,True,B,A,1,1,B
2,13243,True,A,B,4,1,A
2,13244,True,A,B,1,2,A
2,13245,True,A,B,0,1,A
2,13246,True,A,B,6,1,A
2,13247,True,A,B,10,1,A
2,13248,True,A,B,0,1,A
2,13249,True,B,A,2,1,B
2,13250,True,A,B,1,2,A
2,13251,True,B,A,3,1,B
2,13252,True,A,B,2,1,A
2,13253,True,B,A,6,1,B
2,13254,True,B,A,0,1,B
2,13255,True,B,A,4,1,B
2,13256,True,A,B,4,1,A
2,13257,True,B,A,1,2,B
2,13258,True,A,B,6,1,A
2,13259,True,B,A,0,1,B
2,13260,True,A,B,4,1,A
2,13261,True,B,A,0,1,B
2,13262,True,A,B,1,1,A
2,13263,True,A,B,0,1,A
2,13264,True,B,A,2,1,B
2,13265,True,B,A,10,1,B
2,13266,True,B,A,1,2,B
2,13267,True,B,A,1,2,B
2,13268,True,A,B,0,1,A
2,13269,True,A,B,4,1,A
2,13270,True,A,B,0,1,A
2,13271,True,A,B,3,1,A
2,13272,True,A,B,2,0,A
2,13273,True,B,A,2,1,B
2,13274,True,B,A,4,1,B
2,13275,True,B,A,3,1,B
2,13276,True,A,B,6,1,A
2,13277,True,B,A,4,1,B
2,13278,True,A,B,3,1,A
2,13279,True,B,A,1,1,B
2,13280,True,B,A,1,1,B
2,13281,True,B,A,1,2,B
2,13282,True,A,B,0,1,A
2,13283,True,B,A,4,1,B
2,13284,True,B,A,2,0,B
2,13285,True,A,B,0,1,A
2,13286,True,B,A,3,1,B
2,13287,True,A,B,1,1,A
2,13288,True,B,A,1,2,B
2,13289,True,B,A,2,0,B
2,13290,True,B,A,10,1,B
2,13291,True,A,B,2,0,A
2,13292,True,B,A,2,0,B
2,13293,True,A,B,10,1,A
2,13294,True,A,B,2,0,A
2,13295,True,B,A,3,1,B
2,13296,True,B,A,6,1,B
2,13297,True,B,A,4,1,B
2,13298,True,A,B,2,1,A
2,13299,True,B,A,1,1,B
2,13300,True,A,B,6,1,A
2,13301,True,A,B,1,1,A
2,13302,True,A,B,2,0,A
2,13303,True,B,A,1,2,B
2,13304,True,A,B,10,1,A
2,13305,True,B,A,3,1,B
2,13306,True,A,B,10,1,A
2,13307,True,B,A,3,1,B
2,13308,True,B,A,1,2,B
2,13309,True,B,A,3,1,B
2,13310,True,B,A,2,1,B
2,13311,True,B,A,1,1,B
2,13312,True,B,A,1,1,B
2,13313,True,A,B,1,2,A
2,13314,True,A,B,1,1,A
2,13315,True,B,A,1,1,B
2,13316,True,A,B,2,1,A
2,13317,True,A,B,1,2,A
2,13318,True,B,A,2,0,B
2,13319,True,B,A,1,1,B
2,13320,True,B,A,1,1,B
2,13321,True,A,B,6,1,A
2,13322,True,A,B,1,2,A
2,13323,True,A,B,2,0,A
2,13324,True,A,B,2,1,A
2,13325,True,B,A,4,1,B
2,13326,True,A,B,2,1,A
2,13327,True,A,B,10,1,A
2,13328,True,B,A,1,1,B
2,13329,True,B,A,0,1,B
2,13330,True,B,A,1,1,B
2,13331,True,B,A,3,1,B
2,13332,True,B,A,0,1,B
2,13333,True,A,B,3,1,A
2,13334,True,A,B,2,1,A
2,13335,True,A,B,1,2,A
2,13336,True,A,B,2,1,A
2,13337,True,B,A,1,2,B
2,13338,True,B,A,4,1,B
2,13339,True,B,A,0,1,B
2,13340,True,B,A,1,1,B
2,13341,True,B,A,2,1,B
2,13342,True,A,B,4,1,A
2,13343,True,B,A,2,1,B
2,13344,True,A,B,2,1,A
2,13345,True,A,B,1,1,A
2,13346,True,A,B,3,1,A
2,13347,True,B,A,2,1,B
2,13348,True,B,A,4,1,B
2,13349,True,B,A,2,1,B
2,13350,True,A,B,1,1,A
2,13351,True,A,B,1,1,A
2,13352,True,B,A,0,1,B
2,13353,True,B,A,2,0,B
2,13354,True,B,A,1,1,B
2,13355,True,A,B,2,0,A
2,13356,True,B,A,1,2,B
2,13357,True,A,B,10,1,A
2,13358,True,B,A,0,1,B
2,13359,True,A,B,3,1,A
2,13360,True,B,A,3,1,B
2,13361,True,A,B,4,1,A
2,13362,True,B,A,0,1,B
2,13363,True,A,B,2,1,A
2,13364,True,B,A,4,1,B
2,13365,True,A,B,4,1,A
2,13366,True,B,A,1,2,B
2,13367,True,B,A,3,1,B
2,13368,True,B,A,1,1,B
2,13369,True,A,B,2,1,A
2,13370,True,A,B,0,1,A
2,13371,True,B,A,10,1,B
2,13372,True,A,B,3,1,A
2,13373,True,B,A,4,1,B
2,13374,True,B,A,1,2,B
2,13375,True,A,B,2,0,A
2,13376,True,B,A,10,1,B
2,13377,True,B,A,10,1,B
2,13378,True,A,B,1,1,A
2,13379,True,A,B,3,1,A
2,13380,True,B,A,6,1,B
2,13381,True,B,A,2,1,B
2,13382,True,B,A,6,1,B
2,13383,True,B,A,2,1,B
2,13384,True,A,B,6,1,A
2,13385,True,B,A,2,0,B
2,13386,True,B,A,3,1,B
2,13387,True,A,B,3,1,A
2,13388,True,A,B,0,1,A
2,13389,True,B,A,3,1,B
2,13390,True,A,B,1,1,A
2,13391,True,A,B,4,1,A
2,13392,True,B,A,1,2,B
2,13393,True,B,A,1,1,B
2,13394,True,B,A,4,1,B
2,13395,True,B,A,1,1,B
2,13396,True,A,B,0,1,A
2,13397,True,B,A,0,1,B
2,13398,True,A,B,3,1,A
2,13399,True,B,A,1,2,B
2,13400,True,B,A,1,1,B
2,13401,True,B,A,2,0,B
2,13402,True,B,A,6,1,B
2,13403,True,B,A,1,2,B
2,13404,True,B,A,2,0,B
2,13405,True,A,B,10,1,A
2,13406,True,A,B,10,1,A
2,13407,True,B,A,4,1,B
2,13408,True,B,A,4,1,B
2,13409,True,B,A,2,0,B
2,13410,True,B,A,0,1,B
2,13411,True,B,A,0,1,B
2,13412,True,A,B,1,1,A
2,13413,True,A,B,1,2,A
2,13414,True,A,B,10,1,A
2,13415,True,A,B,4,1,A
2,13416,True,B,A,2,1,B
2,13417,True,B,A,4,1,B
2,13418,True,A,B,6,1,A
2,13419,True,B,A,4,1,B
2,13420,True,B,A,1,2,B
2,13421,True,B,A,1,1,B
2,13422,True,B,A,1,2,B
2,13423,True,B,A,0,1,B
2,13424,True,B,A,1,2,B
2,13425,True,B,A,0,1,B
2,13426,True,A,B,1,2,A
2,13427,True,A,B,0,1,A
2,13428,True,B,A,0,1,B
2,13429,True,B,A,0,1,B
2,13430,True,A,B,2,0,A
2,13431,True,A,B,0,1,A
2,13432,True,A,B,0,1,A
2,13433,True,A,B,2,0,A
2,13434,True,A,B,0,1,A
2,13435,True,B,A,1,1,B
2,13436,True,A,B,1,1,A
2,13437,True,A,B,0,1,A
2,13438,True,B,A,2,1,B
2,13439,True,B,A,0,1,B
2,13440,True,B,A,1,2,B
2,13441,True,A,B,1,2,A
2,13442,True,A,B,10,1,A
2,13443,True,A,B,1,2,A
2,13444,True,B,A,4,1,B
2,13445,True,B,A,3,1,B
2,13446,True,B,A,6,1,B
2,13447,True,B,A,1,2,B
2,13448,True,A,B,4,1,A
2,13449,True,B,A,6,1,B
2,13450,True,A,B,0,1,A
2,13451,True,B,A,3,1,B
2,13452,True,A,B,1,1,A
2,13453,True,B,A,1,2,B
2,13454,True,B,A,0,1,B
2,13455,True,A,B,4,1,A
2,13456,True,A,B,1,1,A
2,13457,True,A,B,10,1,A
2,13458,True,B,A,3,1,B
2,13459,True,A,B,2,0,A
2,13460,True,B,A,1,2,B
2,13461,True,B,A,2,1,B
2,13462,True,A,B,1,1,A
2,13463,True,B,A,1,2,B
2,13464,True,A,B,2,1,A
2,13465,True,B,A,0,1,B
2,13466,True,A,B,1,2,A
2,13467,True,B,A,6,1,B
2,13468,True,B,A,1,1,B
2,13469,True,B,A,10,1,B
2,13470,True,A,B,1,1,A
2,13471,True,B,A,4,1,B
2,13472,True,B,A,4,1,B
2,13473,True,A,B,3,1,A
2,13474,True,B,A,6,1,B
2,13475,True,A,B,4,1,A
2,13476,True,A,B,1,1,A
2,13477,True,A,B,0,1,A
2,13478,True,A,B,10,1,A
2,13479,True,A,B,2,0,A
2,13480,True,B,A,2,1,B
2,13481,True,B,A,2,1,B
2,13482,True,B,A,0,1,B
2,13483,True,B,A,2,1,B
2,13484,True,A,B,3,1,A
2,13485,True,A,B,1,2,A
2,13486,True,A,B,3,1,A
2,13487,True,B,A,6,1,B
2,13488,True,A,B,2,0,A
2,13489,True,B,A,1,2,B
2,13490,True,A,B,2,0,A
2,13491,True,A,B,0,1,A
2,13492,True,A,B,3,1,A
2,13493,True,B,A,4,1,B
2,13494,True,B,A,6,1,B
2,13495,True,A,B,2,0,A
2,13496,True,B,A,10,1,B
2,13497,True,A,B,1,1,A
2,13498,True,A,B,3,1,A
2,13499,True,A,B,1,2,A
2,13500,True,B,A,0,1,B
2,13501,True,A,B,10,1,A
2,13502,True,B,A,3,1,B
2,13503,True,B,A,0,1,B
2,13504,True,B,A,2,1,B
2,13505,True,B,A,10,1,B
2,13506,True,A,B,6,1,A
2,13507,True,B,A,10,1,B
2,13508,True,B,A,1,2,B
2,13509,True,B,A,10,1,B
2,13510,True,B,A,2,0,B
2,13511,True,B,A,0,1,B
2,13512,True,A,B,10,1,A
2,13513,True,A,B,2,0,A
2,13514,True,B,A,1,1,B
2,13515,True,A,B,0,1,A
2,13516,True,B,A,6,1,B
2,13517,True,A,B,1,2,A
2,13518,True,A,B,1,1,A
2,13519,True,B,A,0,1,B
2,13520,True,A,B,4,1,A
2,13521,True,A,B,1,1,A
2,13522,True,A,B,4,1,A
2,13523,True,A,B,2,0,A
2,13524,True,B,A,2,0,B
2,13525,True,B,A,10,1,B
2,13526,True,A,B,2,0,A
2,13527,True,B,A,2,0,B
2,13528,True,A,B,4,1,A
2,13529,True,B,A,1,2,B
2,13530,True,B,A,4,1,B
2,13531,True,B,A,0,1,B
2,13532,True,B,A,1,2,B
2,13533,True,A,B,0,1,A
2,13534,True,B,A,6,1,B
2,13535,True,A,B,2,0,A
2,13536,True,A,B,0,1,A
2,13537,True,A,B,2,1,A
2,13538,True,B,A,4,1,B
2,13539,True,A,B,1,1,A
2,13540,True,B,A,2,0,B
2,13541,True,B,A,4,1,B
2,13542,True,A,B,4,1,A
2,13543,True,A,B,2,0,A
2,13544,True,A,B,10,1,A
2,13545,True,A,B,2,0,A
2,13546,True,A,B,3,1,A
2,13547,True,B,A,4,1,B
2,13548,True,B,A,1,1,B
2,13549,True,B,A,1,2,B
2,13550,True,A,B,6,1,A
2,13551,True,B,A,1,2,B
2,13552,True,B,A,6,1,B
2,13553,True,B,A,2,1,B
2,13554,True,A,B,1,1,A
2,13555,True,A,B,3,1,A
2,13556,True,B,A,10,1,B
2,13557,True,B,A,2,1,B
2,13558,True,B,A,3,1,B
2,13559,True,A,B,2,1,A
2,13560,False,,,,,
2,13561,True,A,B,1,2,A
2,13562,True,A,B,0,1,A
2,13563,True,B,A,0,1,B
2,13564,True,A,B,0,1,A
2,13565,True,B,A,1,1,B
2,13566,True,B,A,1,2,B
2,13567,True,B,A,3,1,B
2,13568,True,A,B,6,1,A
2,13569,True,B,A,3,1,B
2,13570,True,A,B,2,1,A
2,13571,True,B,A,0,1,B
2,13572,True,A,B,10,1,A
2,13573,True,A,B,0,1,A
2,13574,True,B,A,10,1,B
2,13575,True,A,B,2,0,A
2,13576,True,B,A,2,0,B
2,13577,True,B,A,4,1,B
2,13578,True,A,B,1,1,A
2,13579,True,A,B,1,1,A
2,13580,True,B,A,10,1,B
2,13581,True,A,B,2,0,A
2,13582,True,B,A,6,1,B
2,13583,True,B,A,3,1,B
2,13584,True,B,A,0,1,B
2,13585,True,B,A,4,1,B
2,13586,True,A,B,6,1,A
2,13587,True,B,A,10,1,B
2,13588,True,B,A,1,2,B
2,13589,True,B,A,2,0,B
2,13590,True,A,B,3,1,A
2,13591,True,B,A,3,1,B
2,13592,True,B,A,2,1,B
2,13593,True,B,A,3,1,B
2,13594,True,B,A,2,1,B
2,13595,True,B,A,3,1,B
2,13596,True,B,A,0,1,B
2,13597,True,A,B,1,2,A
2,13598,True,B,A,3,1,B
2,13599,True,A,B,2,1,A
2,13600,True,A,B,1,2,A
2,13601,True,B,A,4,1,B
2,13602,True,B,A,10,1,B
2,13603,True,B,A,4,1,B
2,13604,True,A,B,4,1,A
2,13605,True,A,B,10,1,A
2,13606,True,B,A,0,1,B
2,13607,True,B,A,3,1,B
2,13608,True,B,A,1,1,B
2,13609,True,B,A,3,1,B
2,13610,True,B,A,3,1,B
2,13611,True,B,A,3,1,B
2,13612,True,B,A,1,1,B
2,13613,True,B,A,2,1,B
2,13614,True,B,A,0,1,B
2,13615,True,B,A,1,1,B
2,13616,True,B,A,6,1,B
2,13617,True,A,B,2,0,A
2,13618,True,B,A,2,1,B
2,13619,True,A,B,3,1,A
2,13620,True,A,B,0,1,A
2,13621,True,A,B,1,1,A
2,13622,True,B,A,1,2,B
2,13623,True,A,B,2,0,A
2,13624,True,A,B,2,0,A
2,13625,True,B,A,1,1,B
2,13626,True,B,A,0,1,B
2,13627,True,B,A,0,1,B
2,13628,True,B,A,3,1,B
2,13629,True,B,A,0,1,B
2,13630,True,A,B,1,2,A
2,13631,True,B,A,1,2,B
2,13632,True,A,B,1,1,A
2,13633,True,B,A,3,1,B
2,13634,True,A,B,1,2,A
2,13635,True,A,B,2,0,A
2,13636,True,A,B,2,1,A
2,13637,True,A,B,6,1,A
2,13638,True,A,B,1,1,A
2,13639,True,A,B,6,1,A
2,13640,True,B,A,6,1,B
2,13641,True,B,A,6,1,B
2,13642,True,A,B,2,1,A
2,13643,True,B,A,0,1,B
2,13644,True,A,B,10,1,A
2,13645,True,B,A,1,1,B
2,13646,True,B,A,0,1,B
2,13647,True,B,A,10,1,B
2,13648,True,A,B,3,1,A
2,13649,True,A,B,10,1,A
2,13650,True,A,B,3,1,A
2,13651,True,A,B,0,1,A
2,13652,True,A,B,10,1,A
2,13653,True,A,B,1,1,A
2,13654,True,A,B,2,0,A
2,13655,True,B,A,1,2,B
2,13656,True,B,A,1,1,B
2,13657,True,B,A,6,1,B
2,13658,True,B,A,1,2,B
2,13659,True,B,A,1,1,B
2,13660,True,B,A,10,1,B
2,13661,True,A,B,1,1,A
2,13662,True,A,B,1,1,A
2,13663,True,B,A,2,0,B
2,13664,True,B,A,2,1,B
2,13665,True,B,A,10,1,B
2,13666,True,A,B,2,1,A
2,13667,True,A,B,10,1,A
2,13668,True,A,B,3,1,A
2,13669,True,B,A,6,1,B
2,13670,True,B,A,6,1,B
2,13671,True,A,B,2,1,A
2,13672,True,A,B,1,1,A
2,13673,True,A,B,3,1,A
2,13674,True,A,B,10,1,A
2,13675,True,A,B,4,1,A
2,13676,True,A,B,2,0,A
2,13677,True,A,B,4,1,A
2,13678,True,B,A,0,1,B
2,13679,True,B,A,0,1,B
2,13680,True,A,B,1,2,A
2,13681,True,A,B,6,1,A
2,13682,True,A,B,2,0,A
2,13683,True,A,B,4,1,A
2,13684,True,B,A,1,2,B
2,13685,True,A,B,10,1,A
2,13686,True,A,B,6,1,A
2,13687,True,B,A,6,1,B
2,13688,True,B,A,4,1,B
2,13689,True,A,B,2,0,A
2,13690,True,B,A,4,1,B
2,13691,True,A,B,4,1,A
2,13692,True,B,A,2,1,B
2,13693,True,A,B,2,1,A
2,13694,True,A,B,1,2,A
2,13695,True,A,B,2,0,A
2,13696,True,A,B,4,1,A
2,13697,True,B,A,6,1,B
2,13698,True,A,B,2,1,A
2,13699,True,B,A,2,1,B
2,13700,True,A,B,6,1,A
2,13701,True,A,B,2,1,A
2,13702,True,B,A,2,1,B
2,13703,True,B,A,1,2,B
2,13704,True,B,A,10,1,B
2,13705,True,A,B,0,1,A
2,13706,True,A,B,10,1,A
2,13707,True,A,B,6,1,A
2,13708,True,A,B,10,1,A
2,13709,True,B,A,4,1,B
2,13710,True,B,A,10,1,B
2,13711,True,A,B,10,1,A
2,13712,True,A,B,1,2,A
2,13713,True,A,B,2,1,A
2,13714,True,B,A,1,1,B
2,13715,True,B,A,10,1,B
2,13716,True,B,A,2,1,B
2,13717,True,B,A,0,1,B
2,13718,True,A,B,0,1,A
2,13719,True,A,B,6,1,A
2,13720,True,A,B,4,1,A
2,13721,True,B,A,3,1,B
2,13722,True,A,B,4,1,A
2,13723,True,B,A,2,0,B
2,13724,True,A,B,1,1,A
2,13725,True,B,A,4,1,B
2,13726,True,A,B,3,1,A
2,13727,True,A,B,1,1,A
2,13728,True,B,A,1,2,B
2,13729,True,B,A,4,1,B
2,13730,True,A,B,1,1,A
2,13731,True,A,B,10,1,A
2,13732,True,B,A,6,1,B
2,13733,True,A,B,2,0,A
2,13734,True,B,A,2,1,B
2,13735,True,B,A,4,1,B
2,13736,True,B,A,10,1,B
2,13737,True,B,A,3,1,B
2,13738,True,B,A,10,1,B
2,13739,True,A,B,1,1,A
2,13740,True,B,A,1,1,B
2,13741,True,B,A,0,1,B
2,13742,True,A,B,2,0,A
2,13743,True,A,B,2,1,A
2,13744,True,B,A,2,0,B
2,13745,True,A,B,2,1,A
2,13746,True,B,A,10,1,B
2,13747,True,A,B,3,1,A
2,13748,True,B,A,6,1,B
2,13749,True,B,A,1,2,B
2,13750,True,A,B,10,1,A
2,13751,True,A,B,0,1,A
2,13752,True,A,B,0,1,A
2,13753,True,B,A,6,1,B
2,13754,True,B,A,3,1,B
2,13755,True,A,B,2,0,A
2,13756,True,B,A,0,1,B
2,13757,True,B,A,3,1,B
2,13758,True,B,A,0,1,B
2,13759,True,A,B,1,2,A
2,13760,True,A,B,1,2,A
2,13761,True,B,A,3,1,B
2,13762,True,B,A,3,1,B
2,13763,True,A,B,2,1,A
2,13764,True,B,A,1,1,B
2,13765,True,A,B,10,1,A
2,13766,True,A,B,1,1,A
2,13767,True,B,A,1,2,B
2,13768,True,B,A,1,2,B
2,13769,True,B,A,1,1,B
2,13770,True,B,A,2,0,B
2,13771,True,B,A,2,1,B
2,13772,True,A,B,6,1,A
2,13773,True,A,B,6,1,A
2,13774,True,B,A,1,1,B
2,13775,True,A,B,1,2,A
2,13776,True,B,A,3,1,B
2,13777,True,A,B,3,1,A
2,13778,True,A,B,6,1,A
2,13779,True,A,B,0,1,A
2,13780,True,A,B,1,1,A
2,13781,True,B,A,1,1,B
2,13782,True,A,B,1,1,A
2,13783,True,A,B,1,1,A
2,13784,True,A,B,1,1,A
2,13785,True,B,A,0,1,B
2,13786,True,B,A,3,1,B
2,13787,True,A,B,3,1,A
2,13788,True,B,A,6,1,B
2,13789,True,B,A,1,1,B
2,13790,True,B,A,0,1,B
2,13791,True,A,B,0,1,A
2,13792,True,B,A,10,1,B
2,13793,True,B,A,6,1,B
2,13794,True,B,A,3,1,B
2,13795,True,B,A,2,1,B
2,13796,True,B,A,1,1,B
2,13797,True,A,B,0,1,A
2,13798,True,B,A,10,1,B
2,13799,True,A,B,10,1,A
2,13800,True,B,A,4,1,B
2,13801,True,B,A,1,2,B
2,13802,True,A,B,10,1,A
2,13803,True,A,B,0,1,A
2,13804,True,B,A,2,0,B
2,13805,True,B,A,2,0,B
2,13806,True,B,A,1,2,B
2,13807,True,B,A,2,1,B
2,13808,True,A,B,2,0,A
2,13809,True,B,A,10,1,B
2,13810,True,B,A,10,1,B
2,13811,True,B,A,4,1,B
2,13812,True,B,A,3,1,B
2,13813,True,B,A,1,2,B
2,13814,True,B,A,0,1,B
2,13815,True,B,A,0,1,B
2,13816,True,A,B,2,1,A
2,13817,True,A,B,1,1,A
2,13818,True,A,B,1,2,A
2,13819,True,B,A,6,1,B
2,13820,True,B,A,0,1,B
2,13821,True,A,B,4,1,A
2,13822,True,B,A,0,1,B
2,13823,True,A,B,1,2,A
2,13824,True,B,A,0,1,B
2,13825,True,B,A,10,1,B
2,13826,True,B,A,2,1,B
2,13827,True,A,B,6,1,A
2,13828,True,B,A,4,1,B
2,13829,True,A,B,1,1,A
2,13830,True,A,B,10,1,A
2,13831,True,B,A,1,1,B
2,13832,True,B,A,4,1,B
2,13833,True,A,B,6,1,A
2,13834,True,A,B,6,1,A
2,13835,True,B,A,10,1,B
2,13836,True,B,A,0,1,B
2,13837,True,A,B,2,0,A
2,13838,True,B,A,4,1,B
2,13839,True,B,A,3,1,B
2,13840,True,A,B,1,1,A
2,13841,True,A,B,1,2,A
2,13842,True,A,B,2,1,A
2,13843,True,A,B,0,1,A
2,13844,True,B,A,1,1,B
2,13845,True,A,B,0,1,A
2,13846,True,B,A,1,2,B
2,13847,True,A,B,3,1,A
2,13848,True,A,B,3,1,A
2,13849,True,B,A,0,1,B
2,13850,True,A,B,2,1,A
2,13851,True,A,B,3,1,A
2,13852,True,B,A,0,1,B
2,13853,True,B,A,1,2,B
2,13854,True,B,A,1,2,B
2,13855,True,A,B,1,2,A
2,13856,True,A,B,6,1,A
2,13857,True,B,A,10,1,B
2,13858,True,B,A,1,1,B
2,13859,True,A,B,6,1,A
2,13860,True,B,A,2,1,B
2,13861,True,A,B,2,1,A
2,13862,True,B,A,2,1,B
2,13863,True,B,A,10,1,B
2,13864,True,B,A,6,1,B
2,13865,True,B,A,4,1,B
2,13866,True,A,B,1,1,A
2,13867,True,A,B,2,1,A
2,13868,True,B,A,0,1,B
2,13869,True,B,A,3,1,B
2,13870,True,A,B,10,1,A
2,13871,True,B,A,2,1,B
2,13872,True,A,B,0,1,A
2,13873,True,A,B,4,1,A
2,13874,True,A,B,0,1,A
2,13875,True,B,A,2,1,B
2,13876,True,A,B,3,1,A
2,13877,True,B,A,0,1,B
2,13878,True,B,A,3,1,B
2,13879,True,A,B,6,1,A
2,13880,True,B,A,10,1,B
2,13881,True,B,A,3,1,B
2,13882,True,B,A,3,1,B
2,13883,True,B,A,0,1,B
2,13884,True,A,B,6,1,A
2,13885,True,A,B,1,1,A
2,13886,True,B,A,2,1,B
2,13887,True,A,B,3,1,A
2,13888,True,A,B,3,1,A
2,13889,True,A,B,10,1,A
2,13890,True,B,A,6,1,B
2,13891,True,B,A,2,0,B
2,13892,True,B,A,0,1,B
2,13893,True,A,B,3,1,A
2,13894,True,B,A,1,1,B
2,13895,True,B,A,3,1,B
2,13896,True,B,A,0,1,B
2,13897,True,A,B,3,1,A
2,13898,True,B,A,1,1,B
2,13899,True,A,B,1,1,A
2,13900,True,B,A,6,1,B
2,13901,True,A,B,10,1,A
2,13902,True,A,B,1,1,A
2,13903,True,B,A,1,2,B
2,13904,True,B,A,0,1,B
2,13905,True,A,B,4,1,A
2,13906,True,B,A,2,1,B
2,13907,True,B,A,0,1,B
2,13908,True,A,B,2,1,A
2,13909,True,B,A,2,1,B
2,13910,True,A,B,1,1,A
2,13911,True,A,B,2,1,A
2,13912,True,B,A,10,1,B
2,13913,True,A,B,2,0,A
2,13914,True,B,A,2,0,B
2,13915,True,B,A,6,1,B
2,13916,True,A,B,2,0,A
2,13917,True,B,A,2,0,B
2,13918,True,B,A,3,1,B
2,13919,True,B,A,3,1,B
2,13920,True,B,A,1,2,B
2,13921,True,A,B,0,1,A
2,13922,True,B,A,10,1,B
2,13923,True,B,A,1,1,B
2,13924,True,A,B,1,2,A
2,13925,True,A,B,1,2,A
2,13926,True,A,B,1,2,A
2,13927,True,B,A,4,1,B
2,13928,True,B,A,4,1,B
2,13929,True,B,A,10,1,B
2,13930,True,B,A,1,1,B
2,13931,True,B,A,0,1,B
2,13932,True,A,B,3,1,A
2,13933,True,A,B,0,1,A
2,13934,True,A,B,10,1,A
2,13935,True,A,B,4,1,A
2,13936,True,A,B,6,1,A
2,13937,True,B,A,3,1,B
2,13938,True,B,A,2,1,B
2,13939,True,A,B,3,1,A
2,13940,True,B,A,2,0,B
2,13941,True,B,A,4,1,B
2,13942,True,B,A,0,1,B
2,13943,True,A,B,0,1,A
2,13944,True,A,B,1,2,A
2,13945,True,A,B,4,1,A
2,13946,True,A,B,10,1,A
2,13947,True,B,A,1,2,B
2,13948,True,A,B,0,1,A
2,13949,True,B,A,3,1,B
2,13950,True,A,B,1,2,A
2,13951,True,A,B,2,0,A
2,13952,True,A,B,3,1,A
2,13953,True,B,A,2,1,B
2,13954,True,A,B,10,1,A
2,13955,True,A,B,0,1,A
2,13956,True,A,B,2,1,A
2,13957,True,A,B,2,1,A
2,13958,True,B,A,6,1,B
2,13959,True,B,A,4,1,B
2,13960,True,B,A,1,1,B
2,13961,True,B,A,6,1,B
2,13962,True,B,A,1,1,B
2,13963,True,A,B,2,0,A
2,13964,True,A,B,1,1,A
2,13965,True,A,B,10,1,A
2,13966,True,A,B,1,1,A
2,13967,True,A,B,4,1,A
2,13968,True,B,A,4,1,B
2,13969,True,B,A,2,1,B
2,13970,True,A,B,2,1,A
2,13971,True,B,A,6,1,B
2,13972,True,A,B,6,1,A
2,13973,True,A,B,1,1,A
2,13974,True,B,A,4,1,B
2,13975,True,A,B,3,1,A
2,13976,True,A,B,4,1,A
2,13977,True,A,B,10,1,A
2,13978,True,A,B,1,1,A
2,13979,True,B,A,2,1,B
2,13980,True,A,B,2,0,A
2,13981,True,A,B,2,0,A
2,13982,True,B,A,2,1,B
2,13983,True,B,A,6,1,B
2,13984,True,A,B,1,2,A
2,13985,True,B,A,1,1,B
2,13986,True,B,A,10,1,B
2,13987,True,A,B,2,0,A
2,13988,True,B,A,2,1,B
2,13989,True,A,B,3,1,A
2,13990,True,A,B,10,1,A
2,13991,True,B,A,2,0,B
2,13992,True,B,A,1,1,B
2,13993,True,A,B,6,1,A
2,13994,True,B,A,2,1,B
2,13995,True,A,B,2,0,A
2,13996,True,A,B,10,1,A
2,13997,True,A,B,3,1,A
2,13998,True,B,A,3,1,B
2,13999,True,B,A,4,1,B
2,14000,True,A,B,3,1,A
2,14001,True,B,A,0,1,B
2,14002,True,A,B,1,2,A
2,14003,True,B,A,3,1,B
2,14004,True,A,B,1,2,A
2,14005,True,B,A,6,1,B
2,14006,True,A,B,2,0,A
2,14007,True,B,A,10,1,B
2,14008,True,B,A,6,1,B
2,14009,True,A,B,1,1,A
2,14010,True,A,B,6,1,A
2,14011,True,B,A,1,2,B
2,14012,True,B,A,6,1,B
2,14013,True,A,B,1,2,A
2,14014,True,B,A,10,1,B
2,14015,True,B,A,1,2,B
2,14016,True,B,A,4,1,B
2,14017,True,B,A,2,1,B
2,14018,True,A,B,3,1,A
2,14019,True,A,B,10,1,A
2,14020,True,A,B,10,1,A
2,14021,True,B,A,4,1,B
2,14022,True,B,A,10,1,B
2,14023,True,B,A,2,0,B
2,14024,True,B,A,1,2,B
2,14025,True,A,B,6,1,A
2,14026,True,B,A,2,0,B
2,14027,True,B,A,0,1,B
2,14028,True,B,A,3,1,B
2,14029,True,A,B,1,2,A
2,14030,True,A,B,6,1,A
2,14031,True,B,A,6,1,B
2,14032,True,A,B,2,0,A
2,14033,True,A,B,2,1,A
2,14034,True,A,B,1,2,A
2,14035,True,B,A,10,1,B
2,14036,True,A,B,1,2,A
2,14037,True,A,B,4,1,A
2,14038,True,A,B,6,1,A
2,14039,True,B,A,10,1,B
2,14040,True,A,B,0,1,A
2,14041,True,A,B,6,1,A
2,14042,True,B,A,2,0,B
2,14043,True,B,A,3,1,B
2,14044,True,A,B,2,1,A
2,14045,True,B,A,1,2,B
2,14046,True,B,A,10,1,B
2,14047,True,A,B,3,1,A
2,14048,True,B,A,4,1,B
2,14049,True,B,A,1,2,B
2,14050,True,B,A,10,1,B
2,14051,True,B,A,10,1,B
2,14052,True,B,A,0,1,B
2,14053,True,B,A,3,1,B
2,14054,True,A,B,1,2,A
2,14055,True,A,B,10,1,A
2,14056,True,A,B,3,1,A
2,14057,True,A,B,2,0,A
2,14058,True,B,A,1,1,B
2,14059,True,A,B,10,1,A
2,14060,True,A,B,2,1,A
2,14061,True,B,A,2,0,B
2,14062,True,B,A,10,1,B
2,14063,True,B,A,4,1,B
2,14064,True,B,A,2,0,B
2,14065,True,B,A,2,0,B
2,14066,True,B,A,1,2,B
2,14067,True,A,B,6,1,A
2,14068,True,A,B,1,1,A
2,14069,True,B,A,0,1,B
2,14070,True,B,A,1,1,B
2,14071,True,A,B,1,1,A
2,14072,True,B,A,4,1,B
2,14073,True,A,B,10,1,A
2,14074,True,A,B,2,0,A
2,14075,True,B,A,1,1,B
2,14076,True,B,A,3,1,B
2,14077,True,B,A,4,1,B
2,14078,True,B,A,1,2,B
2,14079,True,A,B,0,1,A
2,14080,True,B,A,4,1,B
2,14081,True,A,B,0,1,A
2,14082,True,B,A,0,1,B
2,14083,True,B,A,1,2,B
2,14084,True,B,A,3,1,B
2,14085,True,B,A,2,0,B
2,14086,True,B,A,3,1,B
2,14087,True,A,B,3,1,A
2,14088,True,A,B,2,1,A
2,14089,True,B,A,4,1,B
2,14090,True,B,A,4,1,B
2,14091,True,B,A,6,1,B
2,14092,True,A,B,10,1,A
2,14093,True,A,B,1,1,A
2,14094,True,A,B,6,1,A
2,14095,True,B,A,2,1,B
2,14096,True,B,A,4,1,B
2,14097,True,A,B,1,2,A
2,14098,True,B,A,10,1,B
2,14099,True,B,A,0,1,B
2,14100,True,A,B,3,1,A
2,14101,True,B,A,2,0,B
2,14102,True,B,A,1,2,B
2,14103,True,B,A,1,1,B
2,14104,True,B,A,4,1,B
2,14105,True,A,B,4,1,A
2,14106,True,B,A,1,1,B
2,14107,True,B,A,2,1,B
2,14108,True,A,B,2,1,A
2,14109,True,B,A,6,1,B
2,14110,True,A,B,2,0,A
2,14111,True,A,B,6,1,A
2,14112,True,B,A,1,2,B
2,14113,True,B,A,10,1,B
2,14114,True,A,B,6,1,A
2,14115,True,B,A,10,1,B
2,14116,True,A,B,6,1,A
2,14117,True,A,B,2,0,A
2,14118,True,B,A,2,1,B
2,14119,True,B,A,4,1,B
2,14120,True,B,A,1,2,B
2,14121,True,A,B,2,1,A
2,14122,True,B,A,1,2,B
2,14123,True,A,B,10,1,A
2,14124,True,A,B,6,1,A
2,14125,True,B,A,6,1,B
2,14126,True,B,A,3,1,B
2,14127,True,A,B,6,1,A
2,14128,True,A,B,1,2,A
2,14129,True,B,A,6,1,B
2,14130,True,A,B,2,0,A
2,14131,True,A,B,6,1,A
2,14132,True,A,B,3,1,A
2,14133,True,B,A,6,1,B
2,14134,True,A,B,3,1,A
2,14135,True,A,B,3,1,A
2,14136,True,B,A,1,1,B
2,14137,True,A,B,3,1,A
2,14138,True,A,B,2,1,A
2,14139,True,A,B,1,2,A
2,14140,True,A,B,3,1,A
2,14141,True,A,B,1,2,A
2,14142,True,B,A,10,1,B
2,14143,True,A,B,3,1,A
2,14144,True,B,A,2,1,B
2,14145,True,B,A,2,1,B
2,14146,True,B,A,4,1,B
2,14147,True,B,A,4,1,B
2,14148,True,B,A,2,0,B
2,14149,True,A,B,2,1,A
2,14150,True,A,B,2,1,A
2,14151,True,A,B,3,1,A
2,14152,True,A,B,10,1,A
2,14153,True,B,A,6,1,B
2,14154,True,A,B,1,1,A
2,14155,True,A,B,2,0,A
2,14156,True,A,B,1,1,A
2,14157,True,A,B,6,1,A
2,14158,True,A,B,1,2,A
2,14159,True,B,A,2,1,B
2,14160,True,A,B,0,1,A
2,14161,True,B,A,2,0,B
2,14162,True,B,A,1,2,B
2,14163,True,A,B,10,1,A
2,14164,True,B,A,1,2,B
2,14165,True,B,A,10,1,B
2,14166,True,B,A,4,1,B
2,14167,True,B,A,1,1,B
2,14168,True,B,A,10,1,B
2,14169,True,B,A,10,1,B
2,14170,True,A,B,2,0,A
2,14171,True,B,A,10,1,B
2,14172,True,B,A,2,0,B
2,14173,True,B,A,4,1,B
2,14174,True,A,B,3,1,A
2,14175,True,B,A,1,1,B
2,14176,True,A,B,4,1,A
2,14177,True,A,B,10,1,A
2,14178,True,A,B,2,0,A
2,14179,True,B,A,2,0,B
2,14180,True,B,A,3,1,B
2,14181,True,A,B,2,0,A
2,14182,True,A,B,1,1,A
2,14183,True,A,B,4,1,A
2,14184,True,B,A,6,1,B
2,14185,True,A,B,1,2,A
2,14186,True,A,B,4,1,A
2,14187,True,A,B,1,1,A
2,14188,True,B,A,1,1,B
2,14189,True,B,A,1,1,B
2,14190,True,A,B,0,1,A
2,14191,True,B,A,6,1,B
2,14192,True,A,B,2,1,A
2,14193,True,A,B,4,1,A
2,14194,True,A,B,2,0,A
2,14195,True,B,A,6,1,B
2,14196,True,A,B,1,1,A
2,14197,True,B,A,1,1,B
2,14198,True,B,A,0,1,B
2,14199,True,B,A,10,1,B
2,14200,True,A,B,3,1,A
2,14201,True,A,B,2,0,A
2,14202,True,B,A,3,1,B
2,14203,True,B,A,6,1,B
2,14204,True,B,A,2,0,B
2,14205,True,A,B,6,1,A
2,14206,True,A,B,0,1,A
2,14207,True,B,A,1,1,B
2,14208,True,B,A,10,1,B
2,14209,True,B,A,4,1,B
2,14210,True,A,B,2,1,A
2,14211,True,B,A,4,1,B
2,14212,True,B,A,2,1,B
2,14213,True,A,B,3,1,A
2,14214,True,A,B,3,1,A
2,14215,True,B,A,3,1,B
2,14216,True,A,B,2,0,A
2,14217,True,A,B,2,1,A
2,14218,True,B,A,0,1,B
2,14219,True,B,A,10,1,B
2,14220,True,B,A,3,1,B
2,14221,True,A,B,2,1,A
2,14222,True,B,A,4,1,B
2,14223,True,A,B,2,1,A
2,14224,True,A,B,6,1,A
2,14225,True,B,A,6,1,B
2,14226,True,A,B,1,1,A
2,14227,True,B,A,2,1,B
2,14228,True,B,A,2,0,B
2,14229,True,A,B,4,1,A
2,14230,True,B,A,2,0,B
2,14231,True,B,A,1,1,B
2,14232,True,B,A,4,1,B
2,14233,True,A,B,6,1,A
2,14234,True,B,A,10,1,B
2,14235,True,B,A,6,1,B
2,14236,True,A,B,3,1,A
2,14237,True,B,A,1,2,B
2,14238,True,B,A,0,1,B
2,14239,True,B,A,10,1,B
2,14240,True,A,B,1,1,A
2,14241,True,B,A,2,0,B
2,14242,True,B,A,3,1,B
2,14243,True,B,A,3,1,B
2,14244,True,A,B,1,2,A
2,14245,True,B,A,0,1,B
2,14246,True,A,B,1,1,A
2,14247,True,A,B,0,1,A
2,14248,True,B,A,6,1,B
2,14249,True,A,B,2,0,A
2,14250,True,A,B,3,1,A
2,14251,True,A,B,2,1,A
2,14252,True,A,B,10,1,A
2,14253,True,B,A,1,1,B
2,14254,True,B,A,2,0,B
2,14255,True,A,B,6,1,A
2,14256,True,A,B,2,1,A
2,14257,True,B,A,10,1,B
2,14258,True,A,B,3,1,A
2,14259,True,B,A,1,1,B
2,14260,True,B,A,3,1,B
2,14261,True,A,B,1,1,A
2,14262,True,A,B,10,1,A
2,14263,True,A,B,1,1,A
2,14264,True,A,B,10,1,A
2,14265,True,B,A,1,2,B
2,14266,True,A,B,2,1,A
2,14267,True,A,B,3,1,A
2,14268,True,A,B,10,1,A
2,14269,True,B,A,10,1,B
2,14270,True,B,A,1,2,B
2,14271,True,B,A,1,1,B
2,14272,True,B,A,6,1,B
2,14273,True,B,A,1,2,B
2,14274,True,A,B,2,0,A
2,14275,True,B,A,6,1,B
2,14276,True,A,B,1,1,A
2,14277,True,B,A,1,1,B
2,14278,True,A,B,2,0,A
2,14279,True,A,B,4,1,A
2,14280,True,B,A,6,1,B
2,14281,True,B,A,2,1,B
2,14282,True,A,B,1,1,A
2,14283,True,B,A,6,1,B
2,14284,True,A,B,1,2,A
2,14285,True,B,A,6,1,B
2,14286,True,A,B,2,1,A
2,14287,True,A,B,2,0,A
2,14288,True,B,A,10,1,B
2,14289,True,A,B,10,1,A
2,14290,True,B,A,10,1,B
2,14291,True,A,B,0,1,A
2,14292,True,A,B,4,1,A
2,14293,True,A,B,10,1,A
2,14294,True,B,A,6,1,B
2,14295,True,A,B,2,0,A
2,14296,True,A,B,6,1,A
2,14297,True,A,B,2,1,A
2,14298,True,A,B,10,1,A
2,14299,True,B,A,4,1,B
2,14300,True,A,B,1,2,A
2,14301,True,B,A,3,1,B
2,14302,True,A,B,1,1,A
2,14303,True,A,B,1,1,A
2,14304,True,A,B,1,1,A
2,14305,True,B,A,2,1,B
2,14306,True,A,B,2,1,A
2,14307,True,B,A,2,0,B
2,14308,True,A,B,0,1,A
2,14309,True,A,B,0,1,A
2,14310,True,B,A,2,0,B
2,14311,True,A,B,6,1,A
2,14312,True,B,A,3,1,B
2,14313,True,A,B,4,1,A
2,14314,True,A,B,10,1,A
2,14315,True,A,B,2,0,A
2,14316,True,B,A,1,1,B
2,14317,True,A,B,2,0,A
2,14318,True,A,B,3,1,A
2,14319,True,B,A,2,0,B
2,14320,True,B,A,6,1,B
2,14321,True,B,A,1,1,B
2,14322,True,A,B,2,0,A
2,14323,True,A,B,0,1,A
2,14324,True,A,B,10,1,A
2,14325,True,B,A,1,2,B
2,14326,True,A,B,3,1,A
2,14327,True,A,B,2,1,A
2,14328,True,A,B,1,1,A
2,14329,True,A,B,6,1,A
2,14330,True,B,A,1,1,B
2,14331,True,A,B,10,1,A
2,14332,True,A,B,2,0,A
2,14333,True,B,A,1,2,B
2,14334,True,A,B,10,1,A
2,14335,True,A,B,1,1,A
2,14336,True,A,B,2,1,A
2,14337,True,B,A,1,1,B
2,14338,True,B,A,2,1,B
2,14339,True,B,A,3,1,B
2,14340,True,B,A,1,1,B
2,14341,True,A,B,0,1,A
2,14342,True,B,A,2,0,B
2,14343,True,A,B,1,2,A
2,14344,True,B,A,3,1,B
2,14345,True,B,A,2,0,B
2,14346,True,B,A,2,1,B
2,14347,True,B,A,10,1,B
2,14348,True,A,B,6,1,A
2,14349,True,B,A,0,1,B
2,14350,True,A,B,4,1,A
2,14351,True,B,A,0,1,B
2,14352,True,B,A,2,1,B
2,14353,True,A,B,6,1,A
2,14354,True,B,A,1,1,B
2,14355,True,A,B,2,0,A
2,14356,True,A,B,4,1,A
2,14357,True,A,B,10,1,A
2,14358,True,B,A,10,1,B
2,14359,True,B,A,3,1,B
2,14360,True,A,B,1,1,A
2,14361,True,B,A,2,1,B
2,14362,True,A,B,6,1,A
2,14363,True,A,B,3,1,A
2,14364,True,A,B,2,0,A
2,14365,True,B,A,3,1,B
2,14366,True,B,A,3,1,B
2,14367,True,B,A,4,1,B
2,14368,True,A,B,1,2,A
2,14369,True,A,B,3,1,A
2,14370,True,B,A,6,1,B
2,14371,True,B,A,1,1,B
2,14372,True,B,A,2,1,B
2,14373,True,B,A,6,1,B
2,14374,True,B,A,2,0,B
2,14375,True,B,A,1,1,B
2,14376,True,A,B,6,1,A
2,14377,True,A,B,0,1,A
2,14378,True,A,B,6,1,A
2,14379,True,A,B,1,2,A
2,14380,True,A,B,0,1,A
2,14381,True,A,B,4,1,A
2,14382,True,A,B,2,1,A
2,14383,True,B,A,0,1,B
2,14384,True,A,B,2,1,A
2,14385,True,B,A,4,1,B
2,14386,True,A,B,1,2,A
2,14387,True,B,A,10,1,B
2,14388,True,B,A,10,1,B
2,14389,True,A,B,3,1,A
2,14390,True,B,A,10,1,B
2,14391,True,B,A,2,0,B
2,14392,True,A,B,1,2,A
2,14393,True,B,A,0,1,B
2,14394,True,A,B,4,1,A
2,14395,True,A,B,2,1,A
2,14396,True,B,A,2,0,B
2,14397,True,A,B,1,1,A
2,14398,True,B,A,2,0,B
2,14399,True,A,B,6,1,A
2,14400,True,B,A,2,1,B
2,14401,True,B,A,3,1,B
2,14402,True,A,B,1,1,A
2,14403,True,A,B,6,1,A
2,14404,True,B,A,1,1,B
2,14405,True,B,A,2,1,B
2,14406,True,A,B,10,1,A
2,14407,True,B,A,0,1,B
2,14408,True,A,B,1,1,A
2,14409,True,B,A,1,2,B
2,14410,True,A,B,6,1,A
2,14411,True,B,A,4,1,B
2,14412,True,A,B,1,2,A
2,14413,True,A,B,6,1,A
2,14414,True,B,A,1,2,B
2,14415,True,A,B,1,2,A
2,14416,True,B,A,1,1,B
2,14417,True,B,A,3,1,B
2,14418,True,B,A,10,1,B
2,14419,True,A,B,1,1,A
2,14420,True,A,B,4,1,A
2,14421,True,A,B,6,1,A
2,14422,True,A,B,2,1,A
2,14423,True,B,A,2,0,B
2,14424,True,A,B,1,2,A
2,14425,True,A,B,2,1,A
2,14426,True,B,A,1,1,B
2,14427,True,B,A,1,2,B
2,14428,True,A,B,0,1,A
2,14429,True,A,B,4,1,A
2,14430,True,A,B,2,1,A
2,14431,True,B,A,1,2,B
2,14432,True,B,A,0,1,B
2,14433,True,B,A,10,1,B
2,14434,False,,,,,
2,14435,False,,,,,
2,14436,True,B,A,1,2,B
2,14437,True,A,B,6,1,A
2,14438,True,B,A,10,1,B
2,14439,True,B,A,1,1,B
2,14440,True,A,B,2,0,A
2,14441,False,,,,,
2,14442,False,,,,,
2,14443,True,A,B,10,1,A
2,14444,True,B,A,6,1,B
2,14445,True,A,B,2,1,A
2,14446,True,A,B,4,1,A
2,14447,True,A,B,6,1,A
2,14448,True,B,A,1,1,B
2,14449,True,A,B,1,2,A
2,14450,True,A,B,4,1,A
2,14451,True,B,A,2,0,B
2,14452,True,A,B,2,0,A
2,14453,True,A,B,3,1,A
2,14454,True,B,A,3,1,B
2,14455,True,B,A,3,1,B
2,14456,True,A,B,6,1,A
2,14457,True,B,A,3,1,B
2,14458,True,A,B,1,1,A
2,14459,True,A,B,2,0,A
2,14460,True,B,A,2,0,B
2,14461,True,B,A,0,1,B
2,14462,True,A,B,4,1,A
2,14463,True,A,B,2,1,A
2,14464,True,B,A,4,1,B
2,14465,True,B,A,2,1,B
2,14466,True,A,B,10,1,A
2,14467,True,A,B,2,0,A
2,14468,True,A,B,0,1,A
2,14469,True,B,A,6,1,B
2,14470,True,B,A,4,1,B
2,14471,True,B,A,4,1,B
2,14472,True,A,B,3,1,A
2,14473,True,B,A,0,1,B
2,14474,False,,,,,
2,14475,True,A,B,4,1,A
2,14476,True,B,A,10,1,B
2,14477,False,,,,,
2,14478,True,B,A,4,1,B
2,14479,True,B,A,3,1,B
2,14480,True,B,A,1,1,B
2,14481,True,B,A,4,1,B
2,14482,False,,,,,
2,14483,True,B,A,6,1,B
2,14484,True,B,A,1,1,B
2,14485,True,B,A,1,1,B
2,14486,True,B,A,1,2,B
2,14487,True,A,B,1,1,A
2,14488,True,A,B,3,1,A
2,14489,True,B,A,1,1,B
2,14490,True,B,A,10,1,B
2,14491,True,A,B,2,1,A
2,14492,True,B,A,1,2,B
2,14493,True,B,A,1,2,B
2,14494,True,B,A,3,1,B
2,14495,True,A,B,2,0,A
2,14496,True,B,A,10,1,B
2,14497,True,A,B,10,1,A
2,14498,True,A,B,1,1,A
2,14499,True,B,A,2,1,B
2,14500,True,B,A,2,0,B
2,14501,True,B,A,4,1,B
2,14502,True,B,A,6,1,B
2,14503,True,B,A,10,1,B
2,14504,True,B,A,0,1,B
2,14505,True,B,A,2,0,B
2,14506,True,A,B,4,1,A
2,14507,True,A,B,3,1,A
2,14508,True,B,A,2,1,B
2,14509,True,A,B,1,1,A
2,14510,True,A,B,2,1,A
2,14511,True,A,B,1,1,A
2,14512,True,A,B,2,0,A
2,14513,True,B,A,4,1,B
2,14514,True,B,A,2,1,B
2,14515,True,A,B,10,1,A
2,14516,True,B,A,6,1,B
2,14517,True,B,A,4,1,B
2,14518,True,B,A,1,2,B
2,14519,True,A,B,1,1,A
2,14520,True,A,B,2,0,A
2,14521,True,B,A,0,1,B
2,14522,True,B,A,6,1,B
2,14523,True,B,A,1,1,B
2,14524,True,B,A,4,1,B
2,14525,True,B,A,3,1,B
2,14526,True,A,B,0,1,A
2,14527,True,A,B,2,1,A
2,14528,True,A,B,3,1,A
2,14529,True,B,A,10,1,B
2,14530,True,B,A,2,1,B
2,14531,True,B,A,6,1,B
2,14532,True,B,A,0,1,B
2,14533,True,B,A,10,1,B
2,14534,True,A,B,3,1,A
2,14535,True,A,B,2,0,A
2,14536,True,A,B,2,0,A
2,14537,True,A,B,2,1,A
2,14538,True,A,B,0,1,A
2,14539,True,B,A,10,1,B
2,14540,True,B,A,2,1,B
2,14541,True,B,A,6,1,B
2,14542,True,A,B,1,2,A
2,14543,True,A,B,3,1,A
2,14544,True,A,B,0,1,A
2,14545,True,A,B,1,2,A
2,14546,True,A,B,1,2,A
2,14547,True,A,B,0,1,A
2,14548,True,B,A,1,2,B
2,14549,True,B,A,0,1,B
2,14550,True,A,B,1,2,A
2,14551,True,B,A,1,1,B
2,14552,True,A,B,10,1,A
2,14553,True,A,B,2,0,A
2,14554,True,B,A,3,1,B
2,14555,True,B,A,10,1,B
2,14556,True,B,A,6,1,B
2,14557,True,B,A,10,1,B
2,14558,True,A,B,0,1,A
2,14559,True,A,B,6,1,A
2,14560,True,B,A,2,0,B
2,14561,True,B,A,3,1,B
2,14562,True,B,A,2,0,B
2,14563,True,A,B,3,1,A
2,14564,True,A,B,0,1,A
2,14565,True,A,B,10,1,A
2,14566,True,B,A,4,1,B
2,14567,True,B,A,2,1,B
2,14568,True,A,B,1,2,A
2,14569,True,A,B,4,1,A
2,14570,True,B,A,10,1,B
2,14571,True,A,B,1,1,A
2,14572,True,A,B,2,0,A
2,14573,True,B,A,1,1,B
2,14574,True,A,B,6,1,A
2,14575,True,A,B,3,1,A
2,14576,True,B,A,1,1,B
2,14577,True,A,B,10,1,A
2,14578,True,A,B,0,1,A
2,14579,True,B,A,10,1,B
2,14580,True,B,A,10,1,B
2,14581,True,A,B,1,1,A
2,14582,True,B,A,6,1,B
2,14583,True,A,B,0,1,A
2,14584,True,B,A,3,1,B
2,14585,True,A,B,2,1,A
2,14586,True,B,A,6,1,B
2,14587,True,A,B,1,2,A
2,14588,True,A,B,3,1,A
2,14589,True,A,B,0,1,A
2,14590,True,B,A,2,0,B
2,14591,True,A,B,3,1,A
2,14592,True,A,B,1,2,A
2,14593,True,A,B,1,2,A
2,14594,True,A,B,0,1,A
2,14595,True,B,A,6,1,B
2,14596,True,A,B,2,1,A
2,14597,True,A,B,6,1,A
2,14598,True,B,A,10,1,B
2,14599,True,A,B,0,1,A
2,14600,True,B,A,10,1,B
2,14601,True,B,A,10,1,B
2,14602,True,B,A,1,1,B
2,14603,True,B,A,10,1,B
2,14604,True,A,B,6,1,A
2,14605,True,A,B,1,1,A
2,14606,True,A,B,10,1,A
2,14607,True,B,A,2,0,B
2,14608,True,B,A,1,1,B
2,14609,True,B,A,3,1,B
2,14610,True,A,B,6,1,A
2,14611,True,B,A,2,0,B
2,14612,True,B,A,10,1,B
2,14613,True,A,B,1,2,A
2,14614,True,A,B,0,1,A
2,14615,True,A,B,1,1,A
2,14616,True,A,B,4,1,A
2,14617,True,B,A,1,1,B
2,14618,True,A,B,2,1,A
2,14619,True,A,B,0,1,A
2,14620,True,A,B,1,1,A
2,14621,True,B,A,0,1,B
2,14622,True,B,A,10,1,B
2,14623,True,A,B,10,1,A
2,14624,True,B,A,6,1,B
2,14625,True,B,A,2,1,B
2,14626,True,B,A,4,1,B
2,14627,True,A,B,10,1,A
2,14628,True,B,A,1,1,B
2,14629,True,B,A,10,1,B
2,14630,True,A,B,1,1,A
2,14631,True,B,A,2,1,B
2,14632,True,B,A,10,1,B
2,14633,True,A,B,1,2,A
2,14634,True,A,B,0,1,A
2,14635,True,B,A,2,1,B
2,14636,True,A,B,2,0,A
2,14637,True,B,A,10,1,B
2,14638,True,A,B,10,1,A
2,14639,True,A,B,10,1,A
2,14640,True,B,A,4,1,B
2,14641,True,A,B,3,1,A
2,14642,True,B,A,0,1,B
2,14643,True,B,A,3,1,B
2,14644,True,B,A,10,1,B
2,14645,True,B,A,1,1,B
2,14646,True,A,B,0,1,A
2,14647,True,B,A,2,1,B
2,14648,True,A,B,2,0,A
2,14649,True,A,B,2,1,A
2,14650,True,B,A,2,0,B
2,14651,True,B,A,4,1,B
2,14652,True,A,B,10,1,A
2,14653,True,B,A,2,0,B
2,14654,True,B,A,1,1,B
2,14655,True,B,A,1,1,B
2,14656,True,A,B,2,1,A
2,14657,True,A,B,0,1,A
2,14658,True,B,A,1,2,B
2,14659,True,B,A,3,1,B
2,14660,True,B,A,6,1,B
2,14661,True,B,A,2,1,B
2,14662,True,B,A,10,1,B
2,14663,True,A,B,2,1,A
2,14664,True,A,B,6,1,A
2,14665,True,B,A,2,1,B
2,14666,True,A,B,2,0,A
2,14667,True,A,B,10,1,A
2,14668,True,A,B,1,1,A
2,14669,True,A,B,3,1,A
2,14670,True,A,B,4,1,A
2,14671,True,B,A,4,1,B
2,14672,True,A,B,4,1,A
2,14673,True,B,A,2,0,B
2,14674,True,B,A,0,1,B
2,14675,True,A,B,2,0,A
2,14676,True,A,B,10,1,A
2,14677,True,A,B,2,1,A
2,14678,True,B,A,3,1,B
2,14679,True,A,B,1,2,A
2,14680,True,B,A,6,1,B
2,14681,True,B,A,2,1,B
2,14682,True,B,A,0,1,B
2,14683,True,B,A,0,1,B
2,14684,False,,,,,
2,14685,True,A,B,3,1,A
2,14686,True,B,A,0,1,B
2,14687,True,B,A,4,1,B
2,14688,True,A,B,0,1,A
2,14689,True,A,B,1,2,A
2,14690,True,B,A,2,1,B
2,14691,True,B,A,1,2,B
2,14692,True,A,B,1,1,A
2,14693,True,A,B,3,1,A
2,14694,True,B,A,2,0,B
2,14695,True,A,B,10,1,A
2,14696,True,B,A,2,0,B
2,14697,True,A,B,4,1,A
2,14698,True,B,A,0,1,B
2,14699,True,B,A,10,1,B
2,14700,True,A,B,1,1,A
2,14701,True,B,A,1,1,B
2,14702,True,B,A,4,1,B
2,14703,True,B,A,2,1,B
2,14704,True,B,A,10,1,B
2,14705,True,B,A,0,1,B
2,14706,False,,,,,
2,14707,True,B,A,6,1,B
2,14708,True,B,A,4,1,B
2,14709,True,A,B,2,0,A
2,14710,True,B,A,3,1,B
2,14711,True,B,A,2,1,B
2,14712,True,B,A,10,1,B
2,14713,True,B,A,6,1,B
2,14714,True,A,B,1,2,A
2,14715,True,A,B,2,0,A
2,14716,True,A,B,2,1,A
2,14717,True,A,B,10,1,A
2,14718,True,A,B,10,1,A
2,14719,True,B,A,3,1,B
2,14720,True,A,B,6,1,A
2,14721,True,B,A,0,1,B
2,14722,True,A,B,6,1,A
2,14723,True,B,A,10,1,B
2,14724,True,B,A,6,1,B
2,14725,True,A,B,3,1,A
2,14726,True,B,A,0,1,B
2,14727,True,B,A,3,1,B
2,14728,True,B,A,2,1,B
2,14729,True,B,A,6,1,B
2,14730,True,B,A,10,1,B
2,14731,True,A,B,3,1,A
2,14732,True,A,B,3,1,A
2,14733,True,A,B,0,1,A
2,14734,True,B,A,1,2,B
2,14735,True,A,B,2,0,A
2,14736,True,A,B,4,1,A
2,14737,True,B,A,3,1,B
2,14738,True,A,B,3,1,A
2,14739,True,A,B,6,1,A
2,14740,True,B,A,2,0,B
2,14741,True,A,B,10,1,A
2,14742,True,A,B,3,1,A
2,14743,True,A,B,2,1,A
2,14744,True,B,A,2,0,B
2,14745,True,B,A,4,1,B
2,14746,True,A,B,6,1,A
2,14747,True,B,A,2,0,B
2,14748,True,A,B,10,1,A
2,14749,True,A,B,0,1,A
2,14750,False,,,,,
2,14751,True,A,B,2,0,A
2,14752,False,,,,,
2,14753,True,A,B,0,1,A
2,14754,True,A,B,10,1,A
2,14755,True,A,B,2,1,A
2,14756,True,B,A,2,1,B
2,14757,True,B,A,4,1,B
2,14758,True,B,A,1,1,B
2,14759,True,A,B,6,1,A
2,14760,True,B,A,2,0,B
2,14761,True,A,B,6,1,A
2,14762,True,A,B,1,2,A
2,14763,True,B,A,10,1,B
2,14764,True,A,B,0,1,A
2,14765,True,B,A,4,1,B
2,14766,True,A,B,2,1,A
2,14767,True,A,B,3,1,A
2,14768,True,A,B,0,1,A
2,14769,True,A,B,6,1,A
2,14770,True,A,B,1,2,A
2,14771,True,B,A,6,1,B
2,14772,True,B,A,2,1,B
2,14773,True,B,A,4,1,B
2,14774,True,B,A,2,0,B
2,14775,True,B,A,10,1,B
2,14776,True,A,B,2,1,A
2,14777,True,B,A,2,1,B
2,14778,True,A,B,6,1,A
2,14779,True,A,B,1,2,A
2,14780,True,A,B,2,1,A
2,14781,True,A,B,2,0,A
2,14782,True,B,A,3,1,B
2,14783,True,B,A,2,1,B
2,14784,True,A,B,2,1,A
2,14785,True,A,B,6,1,A
2,14786,True,A,B,2,0,A
2,14787,True,A,B,2,0,A
2,14788,True,A,B,0,1,A
2,14789,True,B,A,0,1,B
2,14790,True,A,B,1,2,A
2,14791,True,B,A,0,1,B
2,14792,True,A,B,2,1,A
2,14793,True,B,A,1,2,B
2,14794,True,A,B,6,1,A
2,14795,True,B,A,2,1,B
2,14796,True,B,A,3,1,B
2,14797,True,B,A,10,1,B
2,14798,True,B,A,2,0,B
2,14799,True,A,B,6,1,A
2,14800,True,A,B,6,1,A
2,14801,True,B,A,1,1,B
2,14802,True,A,B,10,1,A
2,14803,True,A,B,4,1,A
2,14804,True,B,A,10,1,B
2,14805,True,B,A,2,1,B
2,14806,True,B,A,2,1,B
2,14807,True,A,B,10,1,A
2,14808,True,B,A,0,1,B
2,14809,True,A,B,4,1,A
2,14810,True,A,B,1,1,A
2,14811,True,A,B,1,1,A
2,14812,True,A,B,10,1,A
2,14813,True,B,A,10,1,B
2,14814,True,B,A,3,1,B
2,14815,True,A,B,4,1,A
2,14816,True,B,A,1,1,B
2,14817,True,B,A,6,1,B
2,14818,True,A,B,10,1,A
2,14819,True,A,B,1,2,A
2,14820,True,B,A,1,1,B
2,14821,True,B,A,0,1,B
2,14822,True,A,B,3,1,A
2,14823,True,A,B,1,2,A
2,14824,True,B,A,3,1,B
2,14825,True,B,A,0,1,B
2,14826,True,B,A,4,1,B
2,14827,True,B,A,6,1,B
2,14828,True,A,B,6,1,A
2,14829,True,A,B,6,1,A
2,14830,True,A,B,6,1,A
2,14831,True,B,A,1,1,B
2,14832,True,B,A,1,1,B
2,14833,True,B,A,4,1,B
2,14834,True,B,A,3,1,B
2,14835,True,B,A,4,1,B
2,14836,True,A,B,3,1,A
2,14837,True,B,A,1,2,B
2,14838,True,B,A,0,1,B
2,14839,True,A,B,1,1,A
2,14840,True,A,B,3,1,A
2,14841,True,B,A,6,1,B
2,14842,True,A,B,1,2,A
2,14843,True,A,B,2,1,A
2,14844,True,B,A,1,2,B
2,14845,True,B,A,0,1,B
2,14846,True,B,A,3,1,B
2,14847,True,B,A,1,1,B
2,14848,True,A,B,3,1,A
2,14849,True,B,A,10,1,B
2,14850,True,A,B,3,1,A
2,14851,True,A,B,4,1,A
2,14852,True,B,A,6,1,B
2,14853,True,B,A,10,1,B
2,14854,True,A,B,4,1,A
2,14855,True,A,B,1,1,A
2,14856,True,B,A,1,2,B
2,14857,False,,,,,
2,14858,True,B,A,1,1,B
2,14859,True,B,A,4,1,B
2,14860,True,A,B,2,0,A
2,14861,True,A,B,1,1,A
2,14862,True,A,B,1,1,A
2,14863,True,B,A,10,1,B
2,14864,True,B,A,2,0,B
2,14865,True,A,B,1,2,A
2,14866,True,B,A,10,1,B
2,14867,True,B,A,10,1,B
2,14868,True,B,A,6,1,B
2,14869,True,B,A,2,1,B
2,14870,True,B,A,1,1,B
2,14871,True,B,A,6,1,B
2,14872,True,A,B,0,1,A
2,14873,True,A,B,1,1,A
2,14874,True,B,A,2,1,B
2,14875,True,A,B,2,0,A
2,14876,True,A,B,2,0,A
2,14877,True,A,B,1,1,A
2,14878,True,A,B,6,1,A
2,14879,True,B,A,2,1,B
2,14880,True,B,A,1,1,B
2,14881,True,B,A,1,1,B
2,14882,True,A,B,6,1,A
2,14883,True,A,B,3,1,A
2,14884,True,B,A,4,1,B
2,14885,False,,,,,
2,14886,True,A,B,10,1,A
2,14887,True,B,A,3,1,B
2,14888,True,A,B,1,1,A
2,14889,True,A,B,2,0,A
2,14890,True,A,B,2,0,A
2,14891,True,A,B,10,1,A
2,14892,True,A,B,1,2,A
2,14893,True,B,A,6,1,B
2,14894,True,B,A,4,1,B
2,14895,True,A,B,4,1,A
2,14896,True,A,B,1,1,A
2,14897,True,A,B,10,1,A
2,14898,True,A,B,2,0,A
2,14899,True,B,A,2,0,B
2,14900,True,B,A,10,1,B
2,14901,True,A,B,6,1,A
2,14902,True,B,A,2,0,B
2,14903,True,B,A,0,1,B
2,14904,True,A,B,1,1,A
2,14905,True,B,A,1,1,B
2,14906,True,A,B,4,1,A
2,14907,False,,,,,
2,14908,True,A,B,1,1,A
2,14909,True,B,A,6,1,B
2,14910,True,A,B,4,1,A
2,14911,True,B,A,3,1,B
2,14912,False,,,,,
2,14913,True,B,A,1,1,B
2,14914,True,B,A,3,1,B
2,14915,True,A,B,2,1,A
2,14916,True,B,A,1,1,B
2,14917,True,B,A,6,1,B
2,14918,True,A,B,10,1,A
2,14919,False,,,,,
2,14920,True,B,A,3,1,B
2,14921,True,A,B,6,1,A
2,14922,True,B,A,6,1,B
2,14923,True,B,A,10,1,B
2,14924,True,A,B,3,1,A
2,14925,True,A,B,1,1,A
2,14926,True,B,A,2,0,B
2,14927,True,B,A,2,0,B
2,14928,True,A,B,0,1,A
2,14929,True,A,B,0,1,A
2,14930,True,B,A,3,1,B
2,14931,True,A,B,6,1,A
2,14932,True,B,A,4,1,B
2,14933,True,B,A,0,1,B
2,14934,True,B,A,1,1,B
2,14935,True,A,B,4,1,A
2,14936,True,A,B,6,1,A
2,14937,True,A,B,1,2,A
2,14938,True,A,B,4,1,A
2,14939,False,,,,,
2,14940,True,B,A,3,1,B
2,14941,True,A,B,4,1,A
2,14942,True,B,A,2,1,B
2,14943,True,B,A,3,1,B
2,14944,True,A,B,6,1,A
2,14945,True,A,B,2,0,A
2,14946,True,A,B,4,1,A
2,14947,True,A,B,3,1,A
2,14948,True,B,A,1,1,B
2,14949,True,A,B,10,1,A
2,14950,True,B,A,0,1,B
2,14951,True,A,B,0,1,A
2,14952,True,B,A,0,1,B
2,14953,False,,,,,
2,14954,False,,,,,
2,14955,True,B,A,4,1,B
2,14956,True,A,B,4,1,A
2,14957,True,B,A,10,1,B
2,14958,False,,,,,
2,14959,True,B,A,2,0,B
2,14960,True,A,B,1,2,A
2,14961,True,A,B,6,1,A
2,14962,True,B,A,10,1,B
2,14963,True,A,B,6,1,A
2,14964,True,B,A,3,1,B
2,14965,True,A,B,0,1,A
2,14966,True,A,B,1,1,A
2,14967,True,B,A,10,1,B
2,14968,True,A,B,2,1,A
2,14969,True,A,B,10,1,A
2,14970,True,A,B,4,1,A
2,14971,True,B,A,0,1,B
2,14972,True,B,A,2,0,B
2,14973,True,A,B,1,2,A
2,14974,False,,,,,
2,14975,True,A,B,1,1,A
2,14976,True,B,A,0,1,B
2,14977,True,A,B,2,0,A
2,14978,True,A,B,2,0,A
2,14979,True,A,B,2,0,A
2,14980,True,B,A,1,2,B
2,14981,True,A,B,2,1,A
2,14982,False,,,,,
2,14983,True,B,A,2,0,B
2,14984,True,B,A,6,1,B
2,14985,True,B,A,2,1,B
2,14986,True,A,B,1,2,A
2,14987,True,B,A,1,1,B
2,14988,True,B,A,2,0,B
2,14989,True,A,B,3,1,A
2,14990,True,A,B,1,1,A
2,14991,True,B,A,1,2,B
2,14992,True,A,B,4,1,A
2,14993,True,A,B,0,1,A
2,14994,True,B,A,4,1,B
2,14995,True,A,B,1,1,A
2,14996,True,B,A,3,1,B
2,14997,True,A,B,1,1,A
2,14998,True,A,B,4,1,A
2,14999,True,A,B,2,1,A
2,15000,True,B,A,6,1,B
2,15001,True,A,B,0,1,A
2,15002,True,B,A,6,1,B
2,15003,True,A,B,4,1,A
2,15004,True,B,A,1,2,B
2,15005,True,B,A,2,1,B
2,15006,True,B,A,4,1,B
2,15007,True,A,B,4,1,A
2,15008,True,A,B,3,1,A
2,15009,True,A,B,2,1,A
2,15010,True,B,A,10,1,B
2,15011,True,A,B,10,1,A
2,15012,True,A,B,1,2,A
2,15013,True,A,B,1,2,A
2,15014,True,A,B,10,1,A
2,15015,True,B,A,0,1,B
2,15016,True,A,B,1,1,A
2,15017,True,A,B,3,1,A
2,15018,True,A,B,1,1,A
2,15019,True,A,B,6,1,A
2,15020,True,A,B,1,1,A
2,15021,True,A,B,0,1,A
2,15022,True,B,A,0,1,B
2,15023,True,A,B,1,1,A
2,15024,False,,,,,
2,15025,True,A,B,0,1,A
2,15026,True,B,A,6,1,B
2,15027,True,A,B,0,1,A
2,15028,True,A,B,2,1,A
2,15029,True,B,A,10,1,B
2,15030,True,A,B,0,1,A
2,15031,True,A,B,2,0,A
2,15032,True,A,B,2,1,A
2,15033,True,A,B,1,2,A
2,15034,True,B,A,4,1,B
2,15035,True,B,A,10,1,B
2,15036,True,A,B,10,1,A
2,15037,True,A,B,4,1,A
2,15038,True,A,B,10,1,A
2,15039,True,A,B,2,0,A
2,15040,True,A,B,2,1,A
2,15041,False,,,,,
2,15042,True,A,B,6,1,A
2,15043,True,A,B,0,1,A
2,15044,True,B,A,3,1,B
2,15045,True,B,A,4,1,B
2,15046,True,B,A,3,1,B
2,15047,True,B,A,3,1,B
2,15048,True,B,A,6,1,B
2,15049,True,B,A,4,1,B
2,15050,True,B,A,1,1,B
2,15051,True,B,A,1,1,B
2,15052,True,A,B,0,1,A
2,15053,True,A,B,6,1,A
2,15054,True,A,B,2,0,A
2,15055,True,A,B,4,1,A
2,15056,True,A,B,2,0,A
2,15057,True,A,B,10,1,A
2,15058,True,B,A,2,0,B
2,15059,True,A,B,0,1,A
2,15060,True,A,B,2,1,A
2,15061,True,B,A,3,1,B
2,15062,True,B,A,0,1,B
2,15063,True,A,B,0,1,A
2,15064,True,B,A,2,0,B
2,15065,True,A,B,10,1,A
2,15066,True,B,A,6,1,B
2,15067,True,A,B,6,1,A
2,15068,True,A,B,1,1,A
2,15069,True,B,A,4,1,B
2,15070,True,B,A,3,1,B
2,15071,True,A,B,2,1,A
2,15072,True,A,B,6,1,A
2,15073,True,A,B,1,2,A
2,15074,True,A,B,10,1,A
2,15075,True,B,A,6,1,B
2,15076,True,A,B,0,1,A
2,15077,True,A,B,2,0,A
2,15078,True,B,A,1,2,B
2,15079,True,B,A,6,1,B
2,15080,True,A,B,4,1,A
2,15081,True,B,A,0,1,B
2,15082,True,A,B,3,1,A
2,15083,True,A,B,4,1,A
2,15084,True,A,B,2,0,A
2,15085,True,B,A,6,1,B
2,15086,False,,,,,
2,15087,True,A,B,10,1,A
2,15088,True,B,A,1,2,B
2,15089,True,B,A,2,1,B
2,15090,True,A,B,4,1,A
2,15091,True,A,B,3,1,A
2,15092,True,B,A,1,1,B
2,15093,True,B,A,2,0,B
2,15094,True,B,A,2,0,B
2,15095,True,A,B,10,1,A
2,15096,True,A,B,2,0,A
2,15097,True,B,A,3,1,B
2,15098,True,B,A,3,1,B
2,15099,True,A,B,2,0,A
2,15100,True,B,A,4,1,B
2,15101,True,B,A,1,1,B
2,15102,True,B,A,2,1,B
2,15103,True,A,B,0,1,A
2,15104,True,A,B,10,1,A
2,15105,True,B,A,1,2,B
2,15106,True,A,B,0,1,A
2,15107,True,A,B,2,0,A
2,15108,True,A,B,3,1,A
2,15109,True,B,A,2,1,B
2,15110,True,A,B,0,1,A
2,15111,True,A,B,2,0,A
2,15112,True,B,A,2,0,B
2,15113,True,A,B,4,1,A
2,15114,True,A,B,1,2,A
2,15115,True,B,A,10,1,B
2,15116,True,A,B,2,1,A
2,15117,True,B,A,4,1,B
2,15118,True,B,A,6,1,B
2,15119,True,A,B,10,1,A
2,15120,True,B,A,6,1,B
2,15121,True,A,B,3,1,A
2,15122,True,A,B,0,1,A
2,15123,True,A,B,1,2,A
2,15124,True,B,A,3,1,B
2,15125,True,A,B,1,2,A
2,15126,True,A,B,2,1,A
2,15127,True,B,A,2,1,B
2,15128,True,B,A,2,1,B
2,15129,True,B,A,4,1,B
2,15130,False,,,,,
2,15131,True,B,A,3,1,B
2,15132,True,B,A,0,1,B
2,15133,True,B,A,1,1,B
2,15134,True,A,B,2,1,A
2,15135,True,A,B,6,1,A
2,15136,True,A,B,2,0,A
2,15137,True,B,A,2,1,B
2,15138,True,A,B,3,1,A
2,15139,True,A,B,10,1,A
2,15140,True,A,B,1,1,A
2,15141,True,B,A,3,1,B
2,15142,True,B,A,6,1,B
2,15143,True,A,B,10,1,A
2,15144,True,A,B,2,0,A
2,15145,True,A,B,1,2,A
2,15146,True,A,B,4,1,A
2,15147,True,A,B,2,1,A
2,15148,True,A,B,0,1,A
2,15149,True,B,A,3,1,B
2,15150,True,B,A,0,1,B
2,15151,True,B,A,2,0,B
2,15152,True,B,A,2,1,B
2,15153,True,B,A,10,1,B
2,15154,True,A,B,6,1,A
2,15155,True,A,B,2,1,A
2,15156,True,A,B,1,2,A
2,15157,True,B,A,2,1,B
2,15158,True,A,B,3,1,A
2,15159,True,A,B,6,1,A
2,15160,True,A,B,4,1,A
2,15161,True,B,A,2,0,B
2,15162,True,B,A,2,1,B
2,15163,True,A,B,6,1,A
2,15164,True,A,B,0,1,A
2,15165,True,A,B,6,1,A
2,15166,True,B,A,2,1,B
2,15167,True,B,A,2,1,B
2,15168,True,A,B,4,1,A
2,15169,True,A,B,10,1,A
2,15170,True,B,A,6,1,B
2,15171,False,,,,,
2,15172,False,,,,,
2,15173,True,A,B,2,1,A
2,15174,True,A,B,1,2,A
2,15175,True,A,B,6,1,A
2,15176,True,B,A,0,1,B
2,15177,True,A,B,0,1,A
2,15178,True,B,A,1,1,B
2,15179,True,A,B,4,1,A
2,15180,True,B,A,3,1,B
2,15181,True,B,A,10,1,B
2,15182,True,A,B,10,1,A
2,15183,True,A,B,2,1,A
2,15184,True,A,B,10,1,A
2,15185,True,B,A,6,1,B
2,15186,True,A,B,3,1,A
2,15187,True,A,B,1,1,A
2,15188,True,B,A,2,1,B
2,15189,True,B,A,1,1,B
2,15190,True,B,A,3,1,B
2,15191,True,A,B,10,1,A
2,15192,True,B,A,6,1,B
2,15193,True,B,A,2,0,B
2,15194,True,A,B,6,1,A
2,15195,True,B,A,6,1,B
2,15196,True,A,B,0,1,A
2,15197,True,B,A,2,1,B
2,15198,True,A,B,2,1,A
2,15199,True,A,B,2,1,A
2,15200,True,B,A,1,1,B
2,15201,True,A,B,2,0,A
2,15202,True,A,B,1,2,A
2,15203,True,A,B,1,2,A
2,15204,True,A,B,3,1,A
2,15205,False,,,,,
2,15206,True,B,A,2,1,B
2,15207,True,B,A,10,1,B
2,15208,True,A,B,1,2,A
2,15209,True,B,A,2,1,B
2,15210,True,A,B,4,1,A
2,15211,True,A,B,1,2,A
2,15212,True,A,B,1,1,A
2,15213,True,B,A,2,1,B
2,15214,True,A,B,6,1,A
2,15215,True,A,B,1,1,A
2,15216,False,,,,,
2,15217,True,B,A,10,1,B
2,15218,True,B,A,10,1,B
2,15219,True,A,B,2,1,A
2,15220,True,A,B,4,1,A
2,15221,True,B,A,0,1,B
2,15222,True,B,A,1,1,B
2,15223,True,B,A,1,1,B
2,15224,True,B,A,10,1,B
2,15225,True,A,B,1,2,A
2,15226,True,B,A,2,0,B
2,15227,True,B,A,6,1,B
2,15228,True,A,B,3,1,A
2,15229,True,A,B,1,1,A
2,15230,True,A,B,3,1,A
2,15231,True,A,B,3,1,A
2,15232,True,A,B,2,0,A
2,15233,True,A,B,10,1,A
2,15234,True,A,B,4,1,A
2,15235,True,A,B,1,1,A
2,15236,True,A,B,1,1,A
2,15237,False,,,,,
2,15238,True,A,B,0,1,A
2,15239,True,B,A,1,2,B
2,15240,True,B,A,10,1,B
2,15241,False,,,,,
2,15242,True,B,A,6,1,B
2,15243,True,B,A,1,2,B
2,15244,True,A,B,0,1,A
2,15245,True,A,B,2,0,A
2,15246,True,A,B,6,1,A
2,15247,True,B,A,1,2,B
2,15248,True,A,B,2,0,A
2,15249,True,B,A,10,1,B
2,15250,False,,,,,
2,15251,True,B,A,6,1,B
2,15252,True,A,B,1,1,A
2,15253,True,A,B,10,1,A
2,15254,True,A,B,4,1,A
2,15255,True,B,A,3,1,B
2,15256,True,A,B,0,1,A
2,15257,True,A,B,10,1,A
2,15258,True,B,A,1,2,B
2,15259,True,A,B,4,1,A
2,15260,True,B,A,4,1,B
2,15261,True,B,A,3,1,B
2,15262,True,A,B,2,1,A
2,15263,True,B,A,10,1,B
2,15264,False,,,,,
2,15265,True,A,B,4,1,A
2,15266,True,B,A,4,1,B
2,15267,True,B,A,4,1,B
2,15268,True,B,A,3,1,B
2,15269,True,A,B,10,1,A
2,15270,True,A,B,3,1,A
2,15271,True,B,A,1,1,B
2,15272,True,A,B,6,1,A
2,15273,True,B,A,0,1,B
2,15274,True,B,A,1,1,B
2,15275,True,A,B,2,1,A
2,15276,True,B,A,3,1,B
2,15277,True,B,A,1,2,B
2,15278,True,B,A,1,1,B
2,15279,True,A,B,1,2,A
2,15280,True,A,B,0,1,A
2,15281,True,A,B,10,1,A
2,15282,True,A,B,1,2,A
2,15283,False,,,,,
2,15284,True,A,B,2,0,A
2,15285,False,,,,,
2,15286,True,B,A,2,1,B
2,15287,False,,,,,
2,15288,False,,,,,
2,15289,True,B,A,4,1,B
2,15290,True,B,A,1,2,B
2,15291,True,B,A,6,1,B
2,15292,True,A,B,10,1,A
2,15293,True,A,B,6,1,A
2,15294,True,B,A,6,1,B
2,15295,True,B,A,3,1,B
2,15296,True,A,B,4,1,A
2,15297,True,A,B,2,0,A
2,15298,True,A,B,1,2,A
2,15299,True,B,A,6,1,B
2,15300,True,B,A,4,1,B
2,15301,True,A,B,6,1,A
2,15302,True,B,A,2,0,B
2,15303,True,B,A,10,1,B
2,15304,True,B,A,4,1,B
2,15305,True,A,B,1,1,A
2,15306,True,A,B,1,2,A
2,15307,True,A,B,2,0,A
2,15308,True,B,A,2,1,B
2,15309,True,A,B,3,1,A
2,15310,True,A,B,6,1,A
2,15311,True,A,B,2,1,A
2,15312,True,A,B,3,1,A
2,15313,True,B,A,1,1,B
2,15314,True,A,B,1,2,A
2,15315,True,A,B,10,1,A
2,15316,True,A,B,2,1,A
2,15317,True,A,B,4,1,A
2,15318,True,B,A,10,1,B
2,15319,True,B,A,3,1,B
2,15320,True,B,A,3,1,B
2,15321,True,A,B,2,1,A
2,15322,True,A,B,10,1,A
2,15323,True,A,B,6,1,A
2,15324,True,A,B,2,1,A
2,15325,True,B,A,3,1,B
2,15326,True,B,A,4,1,B
2,15327,True,B,A,10,1,B
2,15328,True,B,A,0,1,B
2,15329,True,A,B,1,1,A
2,15330,True,A,B,0,1,A
2,15331,True,A,B,0,1,A
2,15332,True,B,A,1,1,B
2,15333,True,B,A,2,0,B
2,15334,True,A,B,2,1,A
2,15335,False,,,,,
2,15336,True,A,B,2,0,A
2,15337,True,B,A,4,1,B
2,15338,True,B,A,0,1,B
2,15339,True,A,B,3,1,A
2,15340,True,B,A,1,2,B
2,15341,True,B,A,0,1,B
2,15342,True,A,B,2,1,A
2,15343,True,A,B,1,1,A
2,15344,True,A,B,2,1,A
2,15345,True,A,B,6,1,A
2,15346,True,A,B,3,1,A
2,15347,True,A,B,10,1,A
2,15348,True,B,A,10,1,B
2,15349,True,A,B,1,2,A
2,15350,True,B,A,4,1,B
2,15351,False,,,,,
2,15352,True,B,A,1,1,B
2,15353,False,,,,,
2,15354,False,,,,,
2,15355,True,A,B,1,1,A
2,15356,True,A,B,10,1,A
2,15357,True,A,B,1,1,A
2,15358,True,A,B,2,0,A
2,15359,False,,,,,
2,15360,True,A,B,10,1,A
2,15361,True,B,A,1,2,B
2,15362,True,A,B,6,1,A
2,15363,True,B,A,1,1,B
2,15364,False,,,,,
2,15365,True,B,A,2,1,B
2,15366,True,B,A,6,1,B
2,15367,True,A,B,0,1,A
2,15368,True,A,B,4,1,A
2,15369,True,A,B,0,1,A
2,15370,True,A,B,6,1,A
2,15371,True,A,B,1,1,A
2,15372,True,A,B,10,1,A
2,15373,True,A,B,1,1,A
2,15374,True,A,B,1,1,A
2,15375,True,A,B,10,1,A
2,15376,True,A,B,10,1,A
2,15377,True,A,B,10,1,A
2,15378,True,B,A,2,1,B
2,15379,True,A,B,1,1,A
2,15380,True,B,A,2,0,B
2,15381,True,A,B,10,1,A
2,15382,False,,,,,
2,15383,True,B,A,6,1,B
2,15384,True,A,B,1,1,A
2,15385,True,B,A,0,1,B
2,15386,True,B,A,4,1,B
2,15387,True,A,B,2,0,A
2,15388,True,A,B,4,1,A
2,15389,True,A,B,10,1,A
2,15390,True,B,A,2,0,B
2,15391,True,B,A,2,1,B
2,15392,True,B,A,0,1,B
2,15393,False,,,,,
2,15394,True,A,B,2,0,A
2,15395,True,B,A,1,1,B
2,15396,True,A,B,3,1,A
2,15397,True,B,A,0,1,B
2,15398,True,A,B,6,1,A
2,15399,True,A,B,0,1,A
2,15400,True,B,A,10,1,B
2,15401,True,A,B,2,1,A
2,15402,True,A,B,1,2,A
2,15403,True,B,A,1,2,B
2,15404,True,A,B,4,1,A
2,15405,True,A,B,1,1,A
2,15406,True,A,B,3,1,A
2,15407,True,B,A,6,1,B
2,15408,False,,,,,
2,15409,True,B,A,3,1,B
2,15410,True,B,A,1,2,B
2,15411,True,A,B,0,1,A
2,15412,True,A,B,0,1,A
2,15413,True,A,B,3,1,A
2,15414,True,B,A,10,1,B
2,15415,True,B,A,1,2,B
2,15416,True,B,A,2,0,B
2,15417,True,B,A,2,1,B
2,15418,True,A,B,1,1,A
2,15419,False,,,,,
2,15420,True,A,B,10,1,A
2,15421,True,A,B,1,1,A
2,15422,True,B,A,6,1,B
2,15423,True,A,B,1,2,A
2,15424,False,,,,,
2,15425,True,A,B,1,2,A
2,15426,True,A,B,10,1,A
2,15427,True,A,B,0,1,A
2,15428,True,A,B,1,2,A
2,15429,True,A,B,2,1,A
2,15430,True,A,B,6,1,A
2,15431,True,A,B,2,1,A
2,15432,True,B,A,6,1,B
2,15433,True,A,B,10,1,A
2,15434,False,,,,,
2,15435,True,A,B,2,0,A
2,15436,True,B,A,6,1,B
2,15437,False,,,,,
2,15438,True,B,A,10,1,B
2,15439,True,A,B,6,1,A
2,15440,True,A,B,6,1,A
2,15441,True,B,A,6,1,B
2,15442,True,A,B,1,1,A
2,15443,True,B,A,10,1,B
2,15444,True,B,A,10,1,B
2,15445,True,A,B,3,1,A
2,15446,True,A,B,1,1,A
2,15447,True,A,B,3,1,A
2,15448,False,,,,,
2,15449,True,B,A,4,1,B
2,15450,True,A,B,1,1,A
2,15451,True,A,B,2,0,A
2,15452,True,B,A,6,1,B
2,15453,True,B,A,3,1,B
2,15454,True,B,A,1,2,B
2,15455,True,B,A,1,2,B
2,15456,True,A,B,0,1,A
2,15457,True,A,B,2,1,A
2,15458,True,A,B,6,1,A
2,15459,True,A,B,3,1,A
2,15460,True,A,B,0,1,A
2,15461,True,A,B,1,2,A
2,15462,True,A,B,1,1,A
2,15463,True,B,A,2,0,B
2,15464,True,A,B,4,1,A
2,15465,True,B,A,2,0,B
2,15466,True,A,B,4,1,A
2,15467,True,B,A,1,1,B
2,15468,True,B,A,2,1,B
2,15469,False,,,,,
2,15470,True,B,A,2,0,B
2,15471,True,A,B,1,1,A
2,15472,True,B,A,0,1,B
2,15473,True,A,B,1,1,A
2,15474,True,B,A,2,0,B
2,15475,True,A,B,10,1,A
2,15476,False,,,,,
2,15477,True,A,B,6,1,A
2,15478,True,A,B,0,1,A
2,15479,True,A,B,3,1,A
2,15480,True,B,A,4,1,B
2,15481,True,B,A,10,1,B
2,15482,True,A,B,10,1,A
2,15483,True,A,B,4,1,A
2,15484,True,B,A,6,1,B
2,15485,True,B,A,1,2,B
2,15486,True,B,A,3,1,B
2,15487,True,A,B,2,1,A
2,15488,True,A,B,10,1,A
2,15489,True,A,B,6,1,A
2,15490,True,B,A,6,1,B
2,15491,False,,,,,
2,15492,True,B,A,3,1,B
2,15493,False,,,,,
2,15494,True,A,B,0,1,A
2,15495,True,A,B,0,1,A
2,15496,True,A,B,1,1,A
2,15497,True,A,B,1,2,A
2,15498,True,A,B,3,1,A
2,15499,True,B,A,1,1,B
2,15500,True,A,B,3,1,A
2,15501,True,A,B,2,0,A
2,15502,True,A,B,0,1,A
2,15503,True,A,B,2,1,A
2,15504,True,B,A,4,1,B
2,15505,True,B,A,2,0,B
2,15506,True,B,A,2,1,B
2,15507,True,A,B,3,1,A
2,15508,True,B,A,3,1,B
2,15509,True,B,A,2,1,B
2,15510,True,A,B,1,1,A
2,15511,True,A,B,1,1,A
2,15512,False,,,,,
2,15513,True,B,A,10,1,B
2,15514,True,A,B,6,1,A
2,15515,True,A,B,6,1,A
2,15516,True,A,B,2,1,A
2,15517,True,A,B,1,2,A
2,15518,True,B,A,10,1,B
2,15519,True,A,B,0,1,A
2,15520,True,B,A,10,1,B
2,15521,True,B,A,10,1,B
2,15522,True,B,A,4,1,B
2,15523,True,B,A,3,1,B
2,15524,True,B,A,3,1,B
2,15525,True,B,A,0,1,B
2,15526,True,A,B,1,2,A
2,15527,True,B,A,0,1,B
2,15528,True,A,B,2,0,A
2,15529,True,B,A,1,1,B
2,15530,True,B,A,2,0,B
2,15531,True,A,B,0,1,A
2,15532,True,B,A,10,1,B
2,15533,True,A,B,0,1,A
2,15534,True,A,B,1,2,A
2,15535,True,A,B,4,1,A
2,15536,True,B,A,1,2,B
2,15537,True,A,B,1,1,A
2,15538,True,A,B,3,1,A
2,15539,True,B,A,2,1,B
2,15540,True,A,B,2,1,A
2,15541,True,B,A,0,1,B
2,15542,True,A,B,2,0,A
2,15543,True,A,B,1,2,A
2,15544,True,A,B,2,1,A
2,15545,True,B,A,1,2,B
2,15546,True,B,A,2,0,B
2,15547,True,B,A,2,1,B
2,15548,True,B,A,6,1,B
2,15549,True,A,B,3,1,A
2,15550,True,B,A,6,1,B
2,15551,True,A,B,2,1,A
2,15552,True,B,A,6,1,B
2,15553,True,A,B,2,0,A
2,15554,True,A,B,2,0,A
2,15555,True,B,A,1,1,B
2,15556,True,B,A,6,1,B
2,15557,True,B,A,2,0,B
2,15558,True,A,B,3,1,A
2,15559,True,A,B,6,1,A
2,15560,True,A,B,4,1,A
2,15561,True,B,A,3,1,B
2,15562,True,B,A,10,1,B
2,15563,True,A,B,10,1,A
2,15564,True,A,B,0,1,A
2,15565,True,A,B,6,1,A
2,15566,True,A,B,10,1,A
2,15567,False,,,,,
2,15568,True,A,B,10,1,A
2,15569,True,B,A,1,1,B
2,15570,True,B,A,10,1,B
2,15571,True,B,A,1,1,B
2,15572,True,A,B,1,2,A
2,15573,True,B,A,0,1,B
2,15574,True,B,A,4,1,B
2,15575,True,A,B,1,2,A
2,15576,True,A,B,10,1,A
2,15577,True,A,B,3,1,A
2,15578,True,B,A,2,1,B
2,15579,True,B,A,1,1,B
2,15580,True,A,B,3,1,A
2,15581,True,B,A,4,1,B
2,15582,True,B,A,2,1,B
2,15583,False,,,,,
2,15584,True,B,A,10,1,B
2,15585,True,A,B,1,1,A
2,15586,True,A,B,1,2,A
2,15587,True,A,B,2,1,A
2,15588,True,A,B,10,1,A
2,15589,True,A,B,3,1,A
2,15590,True,A,B,6,1,A
2,15591,True,A,B,1,2,A
2,15592,False,,,,,
2,15593,False,,,,,
2,15594,True,A,B,1,2,A
2,15595,True,B,A,2,1,B
2,15596,True,A,B,10,1,A
2,15597,True,B,A,10,1,B
2,15598,True,B,A,4,1,B
2,15599,True,A,B,6,1,A
2,15600,True,A,B,6,1,A
2,15601,True,A,B,10,1,A
2,15602,True,B,A,4,1,B
2,15603,True,B,A,3,1,B
2,15604,True,A,B,1,2,A
2,15605,True,A,B,4,1,A
2,15606,True,B,A,3,1,B
2,15607,False,,,,,
2,15608,True,A,B,3,1,A
2,15609,True,A,B,3,1,A
2,15610,True,B,A,10,1,B
2,15611,True,A,B,0,1,A
2,15612,True,A,B,1,1,A
2,15613,True,A,B,1,2,A
2,15614,True,A,B,6,1,A
2,15615,True,B,A,1,1,B
2,15616,True,A,B,1,2,A
2,15617,False,,,,,
2,15618,True,B,A,2,0,B
2,15619,True,A,B,2,1,A
2,15620,True,B,A,4,1,B
2,15621,True,A,B,6,1,A
2,15622,True,A,B,6,1,A
2,15623,True,A,B,2,1,A
2,15624,True,B,A,10,1,B
2,15625,True,A,B,1,1,A
2,15626,True,B,A,10,1,B
2,15627,True,B,A,6,1,B
2,15628,True,A,B,6,1,A
2,15629,True,B,A,0,1,B
2,15630,True,A,B,6,1,A
2,15631,True,A,B,6,1,A
2,15632,True,A,B,2,1,A
2,15633,True,B,A,10,1,B
2,15634,True,B,A,0,1,B
2,15635,True,A,B,1,2,A
2,15636,True,B,A,3,1,B
2,15637,True,A,B,2,1,A
2,15638,True,A,B,2,1,A
2,15639,True,A,B,4,1,A
2,15640,True,A,B,2,0,A
2,15641,True,A,B,2,0,A
2,15642,True,A,B,3,1,A
2,15643,True,A,B,2,1,A
2,15644,True,A,B,1,1,A
2,15645,True,B,A,10,1,B
2,15646,True,A,B,2,0,A
2,15647,True,B,A,1,2,B
2,15648,True,B,A,1,1,B
2,15649,True,B,A,1,2,B
2,15650,True,B,A,1,2,B
2,15651,True,A,B,4,1,A
2,15652,True,B,A,4,1,B
2,15653,True,B,A,2,1,B
2,15654,True,A,B,4,1,A
2,15655,True,A,B,4,1,A
2,15656,True,B,A,1,2,B
2,15657,True,A,B,1,1,A
2,15658,True,A,B,6,1,A
2,15659,True,A,B,3,1,A
2,15660,True,A,B,10,1,A
2,15661,False,,,,,
2,15662,True,A,B,1,1,A
2,15663,True,B,A,2,1,B
2,15664,True,A,B,2,0,A
2,15665,True,A,B,1,2,A
2,15666,True,A,B,4,1,A
2,15667,True,B,A,0,1,B
2,15668,True,B,A,4,1,B
2,15669,True,A,B,1,1,A
2,15670,True,B,A,0,1,B
2,15671,True,A,B,1,1,A
2,15672,True,A,B,1,1,A
2,15673,True,B,A,4,1,B
2,15674,True,A,B,4,1,A
2,15675,True,A,B,10,1,A
2,15676,True,A,B,6,1,A
2,15677,True,A,B,3,1,A
2,15678,True,B,A,1,2,B
2,15679,True,A,B,2,0,A
2,15680,True,A,B,6,1,A
2,15681,True,A,B,4,1,A
2,15682,True,B,A,1,2,B
2,15683,True,A,B,6,1,A
2,15684,True,B,A,1,1,B
2,15685,True,A,B,10,1,A
2,15686,True,B,A,2,1,B
2,15687,True,B,A,4,1,B
2,15688,True,B,A,2,1,B
2,15689,True,B,A,1,1,B
2,15690,True,A,B,6,1,A
2,15691,True,B,A,3,1,B
2,15692,True,B,A,2,1,B
2,15693,True,A,B,1,2,A
2,15694,True,B,A,1,2,B
2,15695,True,B,A,6,1,B
2,15696,True,B,A,4,1,B
2,15697,True,A,B,10,1,A
2,15698,True,B,A,0,1,B
2,15699,True,A,B,2,0,A
2,15700,True,B,A,4,1,B
2,15701,True,A,B,6,1,A
2,15702,True,B,A,6,1,B
2,15703,True,B,A,0,1,B
2,15704,True,A,B,4,1,A
2,15705,True,A,B,4,1,A
2,15706,True,A,B,2,1,A
2,15707,True,A,B,2,0,A
2,15708,True,B,A,4,1,B
2,15709,True,A,B,0,1,A
2,15710,True,B,A,2,1,B
2,15711,True,B,A,0,1,B
2,15712,True,A,B,1,1,A
2,15713,True,A,B,4,1,A
2,15714,True,B,A,2,0,B
2,15715,True,B,A,10,1,B
2,15716,True,A,B,1,1,A
2,15717,True,B,A,3,1,B
2,15718,True,A,B,1,2,A
2,15719,True,A,B,1,2,A
2,15720,True,A,B,10,1,A
2,15721,True,B,A,1,2,B
2,15722,True,B,A,1,2,B
2,15723,True,A,B,3,1,A
2,15724,True,A,B,3,1,A
2,15725,False,,,,,
2,15726,True,B,A,1,2,B
2,15727,True,B,A,10,1,B
2,15728,True,B,A,2,0,B
2,15729,True,B,A,1,2,B
2,15730,True,B,A,4,1,B
2,15731,True,B,A,3,1,B
2,15732,False,,,,,
2,15733,True,A,B,1,2,A
2,15734,True,A,B,2,1,A
2,15735,True,A,B,0,1,A
2,15736,False,,,,,
2,15737,True,A,B,1,2,A
2,15738,True,A,B,1,1,A
2,15739,False,,,,,
2,15740,True,B,A,10,1,B
2,15741,False,,,,,
2,15742,True,A,B,2,1,A
2,15743,True,B,A,2,1,B
2,15744,False,,,,,
2,15745,True,A,B,2,0,A
2,15746,True,A,B,4,1,A
2,15747,True,B,A,2,1,B
2,15748,True,A,B,10,1,A
2,15749,False,,,,,
2,15750,True,A,B,4,1,A
2,15751,True,A,B,6,1,A
2,15752,True,A,B,10,1,A
2,15753,True,A,B,2,0,A
2,15754,True,B,A,0,1,B
2,15755,True,B,A,10,1,B
2,15756,True,A,B,1,1,A
2,15757,True,A,B,6,1,A
2,15758,True,B,A,4,1,B
2,15759,True,B,A,1,1,B
2,15760,True,A,B,4,1,A
2,15761,True,A,B,2,0,A
2,15762,True,A,B,10,1,A
2,15763,True,A,B,2,0,A
2,15764,True,A,B,4,1,A
2,15765,True,B,A,2,1,B
2,15766,True,B,A,2,0,B
2,15767,False,,,,,
2,15768,True,A,B,10,1,A
2,15769,True,B,A,4,1,B
2,15770,True,B,A,10,1,B
2,15771,True,A,B,1,1,A
2,15772,True,A,B,3,1,A
2,15773,True,A,B,2,0,A
2,15774,True,A,B,2,0,A
2,15775,True,B,A,4,1,B
2,15776,True,B,A,0,1,B
2,15777,True,B,A,3,1,B
2,15778,True,B,A,1,1,B
2,15779,True,A,B,0,1,A
2,15780,True,B,A,2,1,B
2,15781,True,B,A,4,1,B
2,15782,True,B,A,10,1,B
2,15783,True,A,B,0,1,A
2,15784,True,B,A,6,1,B
2,15785,True,B,A,0,1,B
2,15786,True,B,A,1,2,B
2,15787,True,A,B,1,1,A
2,15788,True,B,A,2,1,B
2,15789,True,B,A,3,1,B
2,15790,True,A,B,2,1,A
2,15791,True,B,A,10,1,B
2,15792,True,A,B,1,1,A
2,15793,False,,,,,
2,15794,True,A,B,10,1,A
2,15795,True,A,B,1,2,A
2,15796,True,B,A,6,1,B
2,15797,True,B,A,3,1,B
2,15798,True,B,A,4,1,B
2,15799,True,A,B,6,1,A
2,15800,True,B,A,2,1,B
2,15801,True,A,B,4,1,A
2,15802,True,A,B,4,1,A
2,15803,True,A,B,10,1,A
2,15804,True,A,B,10,1,A
2,15805,True,A,B,2,1,A
2,15806,True,A,B,1,1,A
2,15807,False,,,,,
2,15808,True,A,B,2,1,A
2,15809,True,A,B,6,1,A
2,15810,True,A,B,4,1,A
2,15811,True,B,A,2,0,B
2,15812,False,,,,,
2,15813,True,B,A,10,1,B
2,15814,True,B,A,2,0,B
2,15815,True,B,A,2,0,B
2,15816,True,B,A,2,1,B
2,15817,True,B,A,0,1,B
2,15818,True,A,B,6,1,A
2,15819,True,B,A,2,1,B
2,15820,True,B,A,1,2,B
2,15821,True,A,B,2,1,A
2,15822,True,B,A,4,1,B
2,15823,True,A,B,2,1,A
2,15824,True,A,B,10,1,A
2,15825,True,B,A,3,1,B
2,15826,True,A,B,10,1,A
2,15827,True,A,B,6,1,A
2,15828,True,A,B,2,1,A
2,15829,True,B,A,4,1,B
2,15830,True,A,B,4,1,A
2,15831,True,A,B,6,1,A
2,15832,True,A,B,1,1,A
2,15833,True,A,B,4,1,A
2,15834,True,B,A,3,1,B
2,15835,True,B,A,4,1,B
2,15836,True,A,B,2,0,A
2,15837,True,B,A,6,1,B
2,15838,True,A,B,1,1,A
2,15839,True,A,B,10,1,A
2,15840,True,A,B,0,1,A
2,15841,True,A,B,10,1,A
2,15842,True,B,A,3,1,B
2,15843,True,B,A,1,2,B
2,15844,True,A,B,6,1,A
2,15845,True,A,B,3,1,A
2,15846,True,A,B,10,1,A
2,15847,True,A,B,4,1,A
2,15848,True,B,A,10,1,B
2,15849,True,B,A,2,0,B
2,15850,True,B,A,0,1,B
2,15851,True,B,A,10,1,B
2,15852,True,A,B,2,0,A
2,15853,True,A,B,3,1,A
2,15854,True,B,A,1,1,B
2,15855,True,B,A,4,1,B
2,15856,True,B,A,2,1,B
2,15857,True,B,A,3,1,B
2,15858,True,A,B,10,1,A
2,15859,True,B,A,1,2,B
2,15860,True,A,B,2,0,A
2,15861,True,A,B,0,1,A
2,15862,True,A,B,4,1,A
2,15863,True,A,B,3,1,A
2,15864,True,B,A,0,1,B
2,15865,True,B,A,4,1,B
2,15866,True,A,B,1,1,A
2,15867,True,A,B,1,1,A
2,15868,True,B,A,2,0,B
2,15869,True,B,A,6,1,B
2,15870,True,B,A,10,1,B
2,15871,True,B,A,2,0,B
2,15872,True,A,B,1,2,A
2,15873,True,B,A,1,1,B
2,15874,True,A,B,3,1,A
2,15875,True,B,A,6,1,B
2,15876,True,A,B,10,1,A
2,15877,True,B,A,2,1,B
2,15878,True,A,B,1,2,A
2,15879,True,A,B,3,1,A
2,15880,True,B,A,6,1,B
2,15881,False,,,,,
2,15882,True,A,B,3,1,A
2,15883,True,A,B,3,1,A
2,15884,True,B,A,2,0,B
2,15885,True,A,B,2,0,A
2,15886,True,A,B,3,1,A
2,15887,True,A,B,2,1,A
2,15888,True,B,A,4,1,B
2,15889,True,A,B,3,1,A
2,15890,True,A,B,1,1,A
2,15891,True,A,B,6,1,A
2,15892,True,A,B,3,1,A
2,15893,True,B,A,2,0,B
2,15894,True,A,B,4,1,A
2,15895,False,,,,,
2,15896,False,,,,,
2,15897,True,B,A,6,1,B
2,15898,True,A,B,2,1,A
2,15899,True,B,A,4,1,B
2,15900,True,A,B,2,0,A
2,15901,True,A,B,1,1,A
2,15902,True,A,B,1,1,A
2,15903,True,B,A,1,2,B
2,15904,True,A,B,1,2,A
2,15905,False,,,,,
2,15906,True,A,B,2,1,A
2,15907,True,A,B,0,1,A
2,15908,True,B,A,1,1,B
2,15909,True,A,B,1,2,A
2,15910,True,A,B,4,1,A
2,15911,True,B,A,10,1,B
2,15912,True,B,A,2,0,B
2,15913,True,B,A,1,2,B
2,15914,True,A,B,0,1,A
2,15915,True,B,A,4,1,B
2,15916,True,A,B,0,1,A
2,15917,True,A,B,1,2,A
2,15918,True,A,B,2,0,A
2,15919,True,B,A,4,1,B
2,15920,True,B,A,2,1,B
2,15921,True,B,A,0,1,B
2,15922,True,B,A,6,1,B
2,15923,True,B,A,3,1,B
2,15924,True,B,A,3,1,B
2,15925,True,B,A,6,1,B
2,15926,True,B,A,10,1,B
2,15927,True,B,A,4,1,B
2,15928,True,B,A,0,1,B
2,15929,True,B,A,4,1,B
2,15930,True,B,A,4,1,B
2,15931,True,B,A,0,1,B
2,15932,True,B,A,2,1,B
2,15933,True,B,A,10,1,B
2,15934,True,A,B,4,1,A
2,15935,True,B,A,2,0,B
2,15936,True,B,A,4,1,B
2,15937,True,B,A,2,1,B
2,15938,True,A,B,1,2,A
2,15939,True,B,A,2,1,B
2,15940,True,A,B,10,1,A
2,15941,True,A,B,6,1,A
2,15942,True,A,B,6,1,A
2,15943,True,B,A,4,1,B
2,15944,True,A,B,6,1,A
2,15945,True,A,B,3,1,A
2,15946,False,,,,,
2,15947,True,B,A,0,1,B
2,15948,True,B,A,1,2,B
2,15949,True,A,B,2,0,A
2,15950,True,B,A,2,0,B
2,15951,True,A,B,4,1,A
2,15952,True,B,A,2,1,B
2,15953,True,B,A,2,1,B
2,15954,True,A,B,1,2,A
2,15955,True,A,B,10,1,A
2,15956,True,A,B,2,0,A
2,15957,True,A,B,2,1,A
2,15958,True,A,B,4,1,A
2,15959,True,A,B,0,1,A
2,15960,False,,,,,
2,15961,True,A,B,1,1,A
2,15962,True,B,A,0,1,B
2,15963,True,A,B,2,1,A
2,15964,True,A,B,1,2,A
2,15965,False,,,,,
2,15966,True,A,B,0,1,A
2,15967,True,A,B,0,1,A
2,15968,True,B,A,4,1,B
2,15969,True,B,A,2,1,B
2,15970,True,A,B,0,1,A
2,15971,True,B,A,0,1,B
2,15972,True,A,B,4,1,A
2,15973,True,A,B,1,1,A
2,15974,True,A,B,10,1,A
2,15975,False,,,,,
2,15976,False,,,,,
2,15977,True,A,B,2,0,A
2,15978,True,A,B,1,2,A
2,15979,True,B,A,2,0,B
2,15980,True,A,B,10,1,A
2,15981,True,A,B,4,1,A
2,15982,True,A,B,1,1,A
2,15983,True,B,A,1,2,B
2,15984,True,A,B,1,2,A
2,15985,True,A,B,6,1,A
2,15986,True,A,B,10,1,A
2,15987,True,A,B,3,1,A
2,15988,True,B,A,0,1,B
2,15989,True,A,B,0,1,A
2,15990,True,B,A,2,1,B
2,15991,True,A,B,1,2,A
2,15992,True,A,B,2,0,A
2,15993,True,A,B,2,0,A
2,15994,True,A,B,0,1,A
2,15995,True,B,A,3,1,B
2,15996,True,A,B,10,1,A
2,15997,True,B,A,6,1,B
2,15998,True,A,B,1,1,A
2,15999,True,A,B,6,1,A
2,16000,True,A,B,6,1,A
2,16001,True,A,B,10,1,A
2,16002,True,A,B,1,2,A
2,16003,True,B,A,4,1,B
2,16004,True,A,B,4,1,A
2,16005,True,A,B,1,2,A
2,16006,True,B,A,4,1,B
2,16007,True,A,B,2,1,A
2,16008,True,A,B,1,2,A
2,16009,True,B,A,1,1,B
2,16010,True,B,A,3,1,B
2,16011,False,,,,,
2,16012,True,B,A,10,1,B
2,16013,True,A,B,6,1,A
2,16014,True,A,B,2,0,A
2,16015,True,B,A,2,1,B
2,16016,True,B,A,4,1,B
2,16017,True,B,A,3,1,B
2,16018,True,B,A,4,1,B
2,16019,True,B,A,10,1,B
2,16020,True,A,B,1,2,A
2,16021,True,A,B,3,1,A
2,16022,True,B,A,4,1,B
2,16023,True,A,B,6,1,A
2,16024,True,B,A,2,1,B
2,16025,True,A,B,4,1,A
2,16026,True,A,B,3,1,A
2,16027,True,A,B,0,1,A
2,16028,True,A,B,10,1,A
2,16029,True,B,A,1,2,B
2,16030,True,A,B,2,1,A
2,16031,True,A,B,4,1,A
2,16032,True,B,A,1,2,B
2,16033,True,A,B,2,0,A
2,16034,True,B,A,10,1,B
2,16035,True,B,A,10,1,B
2,16036,True,B,A,1,1,B
2,16037,True,A,B,3,1,A
2,16038,True,A,B,10,1,A
2,16039,True,A,B,1,2,A
2,16040,True,A,B,6,1,A
2,16041,True,A,B,0,1,A
2,16042,True,A,B,2,1,A
2,16043,True,A,B,10,1,A
2,16044,False,,,,,
2,16045,True,A,B,1,1,A
2,16046,False,,,,,
2,16047,True,A,B,2,0,A
2,16048,True,A,B,4,1,A
2,16049,True,A,B,0,1,A
2,16050,False,,,,,
2,16051,True,A,B,6,1,A
2,16052,True,A,B,4,1,A
2,16053,True,A,B,2,1,A
2,16054,True,B,A,2,1,B
2,16055,True,B,A,10,1,B
2,16056,True,B,A,10,1,B
2,16057,True,A,B,2,1,A
2,16058,False,,,,,
2,16059,True,B,A,6,1,B
2,16060,True,A,B,3,1,A
2,16061,True,B,A,4,1,B
2,16062,True,B,A,10,1,B
2,16063,True,A,B,1,1,A
2,16064,True,A,B,1,1,A
2,16065,True,B,A,2,0,B
2,16066,True,A,B,1,2,A
2,16067,True,A,B,10,1,A
2,16068,True,A,B,1,2,A
2,16069,True,B,A,1,1,B
2,16070,True,A,B,0,1,A
2,16071,True,A,B,1,2,A
2,16072,True,A,B,1,2,A
2,16073,True,B,A,10,1,B
2,16074,True,B,A,2,1,B
2,16075,True,B,A,2,1,B
2,16076,True,B,A,4,1,B
2,16077,True,A,B,1,2,A
2,16078,True,B,A,6,1,B
2,16079,True,B,A,2,1,B
2,16080,True,A,B,2,0,A
2,16081,False,,,,,
2,16082,False,,,,,
2,16083,True,A,B,2,1,A
2,16084,True,A,B,3,1,A
2,16085,True,B,A,2,1,B
2,16086,True,A,B,2,1,A
2,16087,True,B,A,2,0,B
2,16088,True,B,A,4,1,B
2,16089,True,A,B,2,1,A
2,16090,True,B,A,0,1,B
2,16091,True,A,B,2,1,A
2,16092,True,B,A,2,0,B
2,16093,True,A,B,6,1,A
2,16094,True,B,A,4,1,B
2,16095,True,B,A,10,1,B
2,16096,True,A,B,3,1,A
2,16097,True,A,B,2,0,A
2,16098,True,A,B,4,1,A
2,16099,True,B,A,10,1,B
2,16100,True,B,A,0,1,B
2,16101,True,A,B,6,1,A
2,16102,True,A,B,6,1,A
2,16103,True,B,A,4,1,B
2,16104,True,A,B,4,1,A
2,16105,True,A,B,1,1,A
2,16106,True,B,A,2,0,B
2,16107,True,B,A,10,1,B
2,16108,True,B,A,6,1,B
2,16109,True,B,A,3,1,B
2,16110,True,A,B,2,1,A
2,16111,True,A,B,10,1,A
2,16112,True,B,A,4,1,B
2,16113,True,B,A,4,1,B
2,16114,True,A,B,2,1,A
2,16115,True,A,B,2,0,A
2,16116,True,B,A,6,1,B
2,16117,True,B,A,2,1,B
2,16118,True,B,A,3,1,B
2,16119,True,A,B,1,1,A
2,16120,True,A,B,3,1,A
2,16121,True,B,A,0,1,B
2,16122,True,A,B,10,1,A
2,16123,True,A,B,3,1,A
2,16124,True,A,B,6,1,A
2,16125,True,A,B,0,1,A
2,16126,True,A,B,3,1,A
2,16127,True,A,B,10,1,A
2,16128,True,A,B,1,2,A
2,16129,True,A,B,6,1,A
2,16130,True,A,B,1,2,A
2,16131,True,A,B,2,1,A
2,16132,True,A,B,2,0,A
2,16133,False,,,,,
2,16134,True,A,B,3,1,A
2,16135,True,A,B,6,1,A
2,16136,True,A,B,3,1,A
2,16137,True,B,A,2,0,B
2,16138,True,A,B,1,1,A
2,16139,True,A,B,10,1,A
2,16140,True,B,A,6,1,B
2,16141,True,A,B,1,1,A
2,16142,True,A,B,10,1,A
2,16143,True,B,A,2,1,B
2,16144,True,A,B,1,1,A
2,16145,False,,,,,
2,16146,True,A,B,2,0,A
2,16147,True,B,A,10,1,B
2,16148,True,B,A,2,1,B
2,16149,False,,,,,
2,16150,True,B,A,2,0,B
2,16151,True,B,A,4,1,B
2,16152,True,B,A,0,1,B
2,16153,True,B,A,2,0,B
2,16154,True,B,A,6,1,B
2,16155,True,A,B,2,0,A
2,16156,True,A,B,6,1,A
2,16157,True,B,A,10,1,B
2,16158,True,A,B,6,1,A
2,16159,True,B,A,1,2,B
2,16160,True,A,B,3,1,A
2,16161,True,A,B,0,1,A
2,16162,True,B,A,2,0,B
2,16163,True,B,A,4,1,B
2,16164,True,A,B,6,1,A
2,16165,False,,,,,
2,16166,True,A,B,0,1,A
2,16167,True,B,A,4,1,B
2,16168,True,B,A,1,2,B
2,16169,True,B,A,1,2,B
2,16170,False,,,,,
2,16171,True,A,B,2,0,A
2,16172,True,B,A,3,1,B
2,16173,True,A,B,0,1,A
2,16174,True,B,A,10,1,B
2,16175,False,,,,,
2,16176,True,A,B,10,1,A
2,16177,True,B,A,10,1,B
2,16178,True,B,A,4,1,B
2,16179,True,B,A,6,1,B
2,16180,True,A,B,0,1,A
2,16181,True,A,B,3,1,A
2,16182,True,A,B,1,1,A
2,16183,True,B,A,3,1,B
2,16184,True,B,A,4,1,B
2,16185,True,A,B,4,1,A
2,16186,True,B,A,10,1,B
2,16187,True,B,A,0,1,B
2,16188,True,B,A,1,2,B
2,16189,True,B,A,4,1,B
2,16190,True,A,B,1,2,A
2,16191,True,B,A,3,1,B
2,16192,True,A,B,3,1,A
2,16193,True,A,B,0,1,A
2,16194,True,A,B,1,1,A
2,16195,True,B,A,1,1,B
2,16196,True,B,A,2,0,B
2,16197,True,A,B,6,1,A
2,16198,True,B,A,3,1,B
2,16199,True,A,B,3,1,A
2,16200,True,A,B,4,1,A
2,16201,True,A,B,2,0,A
2,16202,True,A,B,3,1,A
2,16203,True,B,A,2,1,B
2,16204,True,B,A,3,1,B
2,16205,True,A,B,1,1,A
2,16206,False,,,,,
2,16207,True,A,B,1,1,A
2,16208,True,A,B,10,1,A
2,16209,True,B,A,6,1,B
2,16210,True,A,B,0,1,A
2,16211,True,A,B,4,1,A
2,16212,True,B,A,1,2,B
2,16213,True,B,A,3,1,B
2,16214,True,A,B,2,1,A
2,16215,True,A,B,10,1,A
2,16216,True,A,B,2,0,A
2,16217,True,A,B,2,1,A
2,16218,True,B,A,3,1,B
2,16219,True,A,B,10,1,A
2,16220,True,B,A,1,1,B
2,16221,True,A,B,6,1,A
2,16222,True,B,A,2,1,B
2,16223,True,B,A,0,1,B
2,16224,True,A,B,3,1,A
2,16225,True,A,B,2,0,A
2,16226,False,,,,,
2,16227,True,B,A,2,0,B
2,16228,True,B,A,6,1,B
2,16229,True,A,B,3,1,A
2,16230,True,A,B,1,2,A
2,16231,True,A,B,3,1,A
2,16232,False,,,,,
2,16233,True,A,B,2,1,A
2,16234,True,A,B,2,1,A
2,16235,True,A,B,6,1,A
2,16236,True,B,A,1,1,B
2,16237,True,A,B,6,1,A
2,16238,True,B,A,1,1,B
2,16239,True,A,B,3,1,A
2,16240,True,A,B,6,1,A
2,16241,True,A,B,0,1,A
2,16242,True,A,B,1,1,A
2,16243,True,B,A,6,1,B
2,16244,True,A,B,1,2,A
2,16245,True,A,B,1,2,A
2,16246,True,B,A,6,1,B
2,16247,True,B,A,4,1,B
2,16248,True,B,A,1,1,B
2,16249,True,B,A,4,1,B
2,16250,True,B,A,10,1,B
2,16251,True,A,B,0,1,A
2,16252,True,A,B,2,1,A
2,16253,True,A,B,2,1,A
2,16254,True,B,A,6,1,B
2,16255,True,B,A,4,1,B
2,16256,True,A,B,1,2,A
2,16257,True,A,B,3,1,A
2,16258,True,B,A,4,1,B
2,16259,True,A,B,3,1,A
2,16260,True,B,A,6,1,B
2,16261,True,B,A,6,1,B
2,16262,True,A,B,2,0,A
2,16263,True,B,A,2,1,B
2,16264,True,B,A,6,1,B
2,16265,True,A,B,2,0,A
2,16266,True,A,B,0,1,A
2,16267,True,A,B,10,1,A
2,16268,True,B,A,6,1,B
2,16269,True,B,A,4,1,B
2,16270,True,B,A,1,1,B
2,16271,True,A,B,10,1,A
2,16272,True,B,A,3,1,B
2,16273,True,A,B,4,1,A
2,16274,True,B,A,0,1,B
2,16275,True,A,B,6,1,A
2,16276,True,A,B,1,1,A
2,16277,True,A,B,3,1,A
2,16278,True,A,B,1,2,A
2,16279,True,B,A,10,1,B
2,16280,True,A,B,4,1,A
2,16281,True,B,A,3,1,B
2,16282,True,A,B,6,1,A
2,16283,True,A,B,3,1,A
2,16284,True,A,B,4,1,A
2,16285,True,A,B,1,1,A
2,16286,True,B,A,2,0,B
2,16287,True,A,B,3,1,A
2,16288,True,B,A,2,1,B
2,16289,True,B,A,2,1,B
2,16290,True,B,A,1,2,B
2,16291,True,A,B,2,1,A
2,16292,True,B,A,10,1,B
2,16293,True,A,B,1,1,A
2,16294,True,A,B,2,1,A
2,16295,True,B,A,2,1,B
2,16296,True,B,A,2,1,B
2,16297,True,A,B,10,1,A
2,16298,True,B,A,10,1,B
2,16299,True,B,A,4,1,B
2,16300,True,B,A,10,1,B
2,16301,True,A,B,0,1,A
2,16302,True,B,A,1,1,B
2,16303,True,A,B,10,1,A
2,16304,True,A,B,0,1,A
2,16305,True,B,A,6,1,B
2,16306,True,B,A,2,1,B
2,16307,True,A,B,1,2,A
2,16308,True,B,A,1,1,B
2,16309,True,B,A,10,1,B
2,16310,True,A,B,1,1,A
2,16311,True,B,A,4,1,B
2,16312,True,B,A,10,1,B
2,16313,True,A,B,2,1,A
2,16314,True,A,B,4,1,A
2,16315,True,B,A,2,0,B
2,16316,True,A,B,1,2,A
2,16317,True,A,B,6,1,A
2,16318,False,,,,,
2,16319,True,B,A,0,1,B
2,16320,True,A,B,2,1,A
2,16321,True,B,A,1,1,B
2,16322,True,B,A,4,1,B
2,16323,True,B,A,1,2,B
2,16324,True,A,B,0,1,A
2,16325,True,B,A,6,1,B
2,16326,True,A,B,4,1,A
2,16327,True,A,B,10,1,A
2,16328,True,A,B,4,1,A
2,16329,True,B,A,2,0,B
2,16330,True,A,B,0,1,A
2,16331,True,A,B,1,1,A
2,16332,True,A,B,2,0,A
2,16333,True,B,A,4,1,B
2,16334,True,B,A,3,1,B
2,16335,True,B,A,0,1,B
2,16336,True,A,B,6,1,A
2,16337,True,B,A,2,0,B
2,16338,True,B,A,2,0,B
2,16339,True,B,A,6,1,B
2,16340,True,A,B,6,1,A
2,16341,True,B,A,4,1,B
2,16342,True,A,B,3,1,A
2,16343,True,A,B,0,1,A
2,16344,True,B,A,1,2,B
2,16345,True,A,B,3,1,A
2,16346,True,B,A,4,1,B
2,16347,True,A,B,3,1,A
2,16348,True,A,B,0,1,A
2,16349,True,A,B,3,1,A
2,16350,True,A,B,1,1,A
2,16351,True,A,B,2,1,A
2,16352,True,B,A,2,1,B
2,16353,True,B,A,6,1,B
2,16354,True,A,B,6,1,A
2,16355,True,A,B,1,1,A
2,16356,True,A,B,6,1,A
2,16357,True,A,B,4,1,A
2,16358,False,,,,,
2,16359,True,A,B,3,1,A
2,16360,True,A,B,10,1,A
2,16361,True,A,B,10,1,A
2,16362,True,B,A,10,1,B
2,16363,True,B,A,2,1,B
2,16364,True,B,A,6,1,B
2,16365,True,B,A,6,1,B
2,16366,True,B,A,4,1,B
2,16367,True,B,A,6,1,B
2,16368,True,B,A,4,1,B
2,16369,False,,,,,
2,16370,True,B,A,1,1,B
2,16371,True,A,B,6,1,A
2,16372,True,B,A,6,1,B
2,16373,True,A,B,6,1,A
2,16374,True,B,A,1,2,B
2,16375,True,B,A,6,1,B
2,16376,True,A,B,0,1,A
2,16377,True,A,B,1,2,A
2,16378,True,B,A,10,1,B
2,16379,False,,,,,
2,16380,True,B,A,2,1,B
2,16381,True,A,B,6,1,A
2,16382,False,,,,,
2,16383,True,B,A,2,0,B
2,16384,True,A,B,2,0,A
2,16385,True,B,A,3,1,B
2,16386,True,B,A,1,2,B
2,16387,True,A,B,2,1,A
2,16388,True,B,A,1,1,B
2,16389,True,A,B,1,2,A
2,16390,True,B,A,3,1,B
2,16391,True,B,A,0,1,B
2,16392,True,A,B,3,1,A
2,16393,True,A,B,2,0,A
2,16394,True,A,B,2,1,A
2,16395,True,A,B,10,1,A
2,16396,True,B,A,1,2,B
2,16397,True,B,A,2,1,B
2,16398,True,B,A,2,1,B
2,16399,True,A,B,0,1,A
2,16400,True,B,A,6,1,B
2,16401,True,B,A,6,1,B
2,16402,True,B,A,2,1,B
2,16403,True,A,B,4,1,A
2,16404,True,A,B,2,1,A
2,16405,True,A,B,1,1,A
2,16406,False,,,,,
2,16407,False,,,,,
2,16408,True,A,B,4,1,A
2,16409,True,B,A,4,1,B
2,16410,True,A,B,2,0,A
2,16411,True,A,B,2,1,A
2,16412,True,B,A,4,1,B
2,16413,True,B,A,3,1,B
2,16414,True,B,A,3,1,B
2,16415,True,B,A,10,1,B
2,16416,True,A,B,4,1,A
2,16417,False,,,,,
2,16418,True,B,A,1,1,B
2,16419,True,A,B,3,1,A
2,16420,True,A,B,1,1,A
2,16421,True,B,A,3,1,B
2,16422,True,A,B,6,1,A
2,16423,True,B,A,1,1,B
2,16424,True,B,A,0,1,B
2,16425,True,A,B,3,1,A
2,16426,True,A,B,3,1,A
2,16427,True,B,A,2,0,B
2,16428,False,,,,,
2,16429,True,A,B,2,1,A
2,16430,False,,,,,
2,16431,True,A,B,6,1,A
2,16432,True,B,A,4,1,B
2,16433,True,A,B,3,1,A
2,16434,True,B,A,1,1,B
2,16435,True,B,A,4,1,B
2,16436,True,B,A,10,1,B
2,16437,True,B,A,2,1,B
2,16438,True,B,A,6,1,B
2,16439,True,B,A,2,0,B
2,16440,True,A,B,4,1,A
2,16441,True,B,A,1,2,B
2,16442,True,B,A,3,1,B
2,16443,False,,,,,
2,16444,True,A,B,4,1,A
2,16445,True,A,B,6,1,A
2,16446,True,B,A,10,1,B
2,16447,True,B,A,6,1,B
2,16448,True,B,A,4,1,B
2,16449,False,,,,,
2,16450,True,B,A,2,1,B
2,16451,True,B,A,1,1,B
2,16452,True,A,B,3,1,A
2,16453,False,,,,,
2,16454,True,A,B,2,1,A
2,16455,True,A,B,3,1,A
2,16456,True,A,B,6,1,A
2,16457,True,A,B,0,1,A
2,16458,True,A,B,1,1,A
2,16459,True,A,B,0,1,A
2,16460,True,B,A,10,1,B
2,16461,True,A,B,10,1,A
2,16462,True,B,A,2,0,B
2,16463,True,A,B,0,1,A
2,16464,True,B,A,3,1,B
2,16465,True,A,B,2,0,A
2,16466,True,B,A,1,1,B
2,16467,True,A,B,4,1,A
2,16468,True,B,A,1,1,B
2,16469,True,A,B,2,0,A
2,16470,False,,,,,
2,16471,True,B,A,1,1,B
2,16472,True,B,A,2,0,B
2,16473,True,B,A,1,1,B
2,16474,True,A,B,10,1,A
2,16475,True,B,A,2,0,B
2,16476,True,A,B,10,1,A
2,16477,True,A,B,3,1,A
2,16478,True,B,A,2,1,B
2,16479,True,A,B,2,1,A
2,16480,True,B,A,1,2,B
2,16481,True,A,B,4,1,A
2,16482,True,B,A,2,1,B
2,16483,True,B,A,6,1,B
2,16484,True,B,A,2,0,B
2,16485,True,A,B,0,1,A
2,16486,True,A,B,2,1,A
2,16487,True,B,A,3,1,B
2,16488,True,A,B,4,1,A
2,16489,True,A,B,1,2,A
2,16490,True,A,B,4,1,A
2,16491,True,B,A,3,1,B
2,16492,True,B,A,0,1,B
2,16493,True,B,A,1,1,B
2,16494,True,B,A,1,2,B
2,16495,True,B,A,4,1,B
2,16496,True,A,B,1,1,A
2,16497,True,B,A,0,1,B
2,16498,True,B,A,1,1,B
2,16499,True,B,A,2,1,B
2,16500,True,A,B,2,0,A
2,16501,True,B,A,6,1,B
2,16502,True,B,A,0,1,B
2,16503,True,B,A,1,1,B
2,16504,True,B,A,1,2,B
2,16505,True,B,A,1,2,B
2,16506,True,A,B,2,1,A
2,16507,True,A,B,2,1,A
2,16508,True,A,B,0,1,A
2,16509,True,A,B,1,2,A
2,16510,True,A,B,6,1,A
2,16511,True,B,A,0,1,B
2,16512,True,A,B,10,1,A
2,16513,True,B,A,3,1,B
2,16514,True,A,B,2,1,A
2,16515,True,A,B,4,1,A
2,16516,True,A,B,2,1,A
2,16517,True,A,B,0,1,A
2,16518,True,A,B,3,1,A
2,16519,True,B,A,4,1,B
2,16520,True,A,B,2,1,A
2,16521,True,A,B,6,1,A
2,16522,True,A,B,3,1,A
2,16523,False,,,,,
2,16524,True,A,B,3,1,A
2,16525,True,A,B,10,1,A
2,16526,True,A,B,1,1,A
2,16527,True,A,B,2,1,A
2,16528,True,B,A,6,1,B
2,16529,True,B,A,2,1,B
2,16530,True,B,A,6,1,B
2,16531,True,B,A,6,1,B
2,16532,False,,,,,
2,16533,True,A,B,2,1,A
2,16534,True,B,A,2,1,B
2,16535,True,A,B,3,1,A
2,16536,False,,,,,
2,16537,True,B,A,10,1,B
2,16538,True,B,A,4,1,B
2,16539,True,A,B,4,1,A
2,16540,True,A,B,0,1,A
2,16541,True,B,A,10,1,B
2,16542,True,A,B,0,1,A
2,16543,True,B,A,2,1,B
2,16544,True,A,B,10,1,A
2,16545,True,B,A,2,0,B
2,16546,True,B,A,1,2,B
2,16547,True,B,A,1,2,B
2,16548,True,A,B,1,1,A
2,16549,True,B,A,1,1,B
2,16550,True,A,B,6,1,A
2,16551,True,A,B,0,1,A
2,16552,True,B,A,4,1,B
2,16553,True,A,B,1,1,A
2,16554,True,A,B,4,1,A
2,16555,True,A,B,1,2,A
2,16556,True,A,B,1,1,A
2,16557,True,A,B,0,1,A
2,16558,True,A,B,1,1,A
2,16559,True,B,A,1,1,B
2,16560,True,A,B,6,1,A
2,16561,True,B,A,3,1,B
2,16562,True,B,A,2,1,B
2,16563,True,A,B,1,2,A
2,16564,True,B,A,10,1,B
2,16565,True,A,B,2,1,A
2,16566,True,A,B,4,1,A
2,16567,False,,,,,
2,16568,True,B,A,2,0,B
2,16569,True,B,A,6,1,B
2,16570,True,B,A,2,1,B
2,16571,False,,,,,
2,16572,True,B,A,4,1,B
2,16573,True,A,B,4,1,A
2,16574,True,B,A,2,0,B
2,16575,True,A,B,0,1,A
2,16576,True,B,A,6,1,B
2,16577,True,A,B,3,1,A
2,16578,True,B,A,4,1,B
2,16579,True,A,B,4,1,A
2,16580,True,A,B,1,2,A
2,16581,True,B,A,10,1,B
2,16582,True,A,B,0,1,A
2,16583,True,A,B,4,1,A
2,16584,True,B,A,2,0,B
2,16585,True,B,A,0,1,B
2,16586,True,A,B,6,1,A
2,16587,True,A,B,3,1,A
2,16588,True,A,B,3,1,A
2,16589,True,B,A,1,2,B
2,16590,True,A,B,1,2,A
2,16591,True,B,A,6,1,B
2,16592,True,B,A,2,1,B
2,16593,True,B,A,1,1,B
2,16594,True,B,A,10,1,B
2,16595,True,B,A,6,1,B
2,16596,True,A,B,10,1,A
2,16597,True,A,B,4,1,A
2,16598,True,A,B,6,1,A
2,16599,False,,,,,
2,16600,True,A,B,2,0,A
2,16601,True,A,B,4,1,A
2,16602,True,A,B,1,1,A
2,16603,True,A,B,2,0,A
2,16604,True,B,A,0,1,B
2,16605,True,A,B,1,1,A
2,16606,True,B,A,1,1,B
2,16607,False,,,,,
2,16608,True,A,B,6,1,A
2,16609,True,A,B,10,1,A
2,16610,True,B,A,1,1,B
2,16611,True,B,A,3,1,B
2,16612,True,A,B,10,1,A
2,16613,True,A,B,10,1,A
2,16614,True,B,A,3,1,B
2,16615,True,B,A,0,1,B
2,16616,True,A,B,1,1,A
2,16617,True,B,A,0,1,B
2,16618,True,B,A,10,1,B
2,16619,False,,,,,
2,16620,True,A,B,2,1,A
2,16621,True,A,B,2,0,A
2,16622,True,B,A,10,1,B
2,16623,True,A,B,1,2,A
2,16624,False,,,,,
2,16625,False,,,,,
2,16626,True,A,B,10,1,A
2,16627,True,A,B,1,2,A
2,16628,True,B,A,4,1,B
2,16629,True,B,A,10,1,B
2,16630,True,B,A,2,0,B
2,16631,True,A,B,3,1,A
2,16632,True,A,B,3,1,A
2,16633,True,B,A,6,1,B
2,16634,True,B,A,2,0,B
2,16635,True,A,B,4,1,A
2,16636,True,A,B,10,1,A
2,16637,True,A,B,4,1,A
2,16638,True,B,A,3,1,B
2,16639,True,B,A,10,1,B
2,16640,True,A,B,4,1,A
2,16641,True,B,A,6,1,B
2,16642,True,A,B,6,1,A
2,16643,False,,,,,
2,16644,True,B,A,4,1,B
2,16645,True,A,B,1,2,A
2,16646,True,A,B,0,1,A
2,16647,False,,,,,
2,16648,True,B,A,10,1,B
2,16649,True,B,A,4,1,B
2,16650,False,,,,,
2,16651,True,B,A,0,1,B
2,16652,True,A,B,4,1,A
2,16653,True,B,A,10,1,B
2,16654,True,A,B,1,2,A
2,16655,True,A,B,1,2,A
2,16656,True,A,B,10,1,A
2,16657,True,A,B,3,1,A
2,16658,True,B,A,4,1,B
2,16659,True,B,A,6,1,B
2,16660,True,B,A,1,1,B
2,16661,True,B,A,0,1,B
2,16662,True,A,B,4,1,A
2,16663,True,B,A,1,1,B
2,16664,True,B,A,2,0,B
2,16665,True,A,B,1,1,A
2,16666,True,B,A,10,1,B
2,16667,True,A,B,2,0,A
2,16668,True,A,B,6,1,A
2,16669,False,,,,,
2,16670,True,A,B,0,1,A
2,16671,False,,,,,
2,16672,True,B,A,10,1,B
2,16673,True,A,B,4,1,A
2,16674,True,A,B,2,1,A
2,16675,True,B,A,1,1,B
2,16676,True,B,A,6,1,B
2,16677,True,A,B,2,1,A
2,16678,False,,,,,
2,16679,True,B,A,2,1,B
2,16680,True,B,A,2,1,B
2,16681,True,A,B,1,2,A
2,16682,True,B,A,1,2,B
2,16683,True,B,A,6,1,B
2,16684,True,A,B,2,1,A
2,16685,True,A,B,4,1,A
2,16686,True,A,B,2,0,A
2,16687,True,B,A,6,1,B
2,16688,True,A,B,4,1,A
2,16689,True,A,B,2,1,A
2,16690,True,A,B,3,1,A
2,16691,True,A,B,4,1,A
2,16692,True,B,A,4,1,B
2,16693,True,B,A,0,1,B
2,16694,True,A,B,6,1,A
2,16695,True,A,B,1,1,A
2,16696,True,A,B,4,1,A
2,16697,True,A,B,10,1,A
2,16698,True,A,B,2,1,A
2,16699,True,B,A,1,2,B
2,16700,True,B,A,6,1,B
2,16701,True,B,A,4,1,B
2,16702,True,B,A,10,1,B
2,16703,True,A,B,6,1,A
2,16704,True,B,A,4,1,B
2,16705,True,A,B,6,1,A
2,16706,True,B,A,10,1,B
2,16707,True,A,B,2,1,A
2,16708,True,A,B,2,1,A
2,16709,True,A,B,2,0,A
2,16710,True,B,A,0,1,B
2,16711,True,A,B,10,1,A
2,16712,True,B,A,4,1,B
2,16713,False,,,,,
2,16714,True,B,A,3,1,B
2,16715,True,A,B,1,2,A
2,16716,True,B,A,6,1,B
2,16717,True,A,B,0,1,A
2,16718,True,A,B,10,1,A
2,16719,True,A,B,2,1,A
2,16720,True,A,B,2,0,A
2,16721,True,A,B,4,1,A
2,16722,True,A,B,2,0,A
2,16723,True,B,A,1,2,B
2,16724,True,B,A,2,1,B
2,16725,True,B,A,10,1,B
2,16726,False,,,,,
2,16727,True,A,B,4,1,A
2,16728,True,A,B,4,1,A
2,16729,True,A,B,1,1,A
2,16730,True,A,B,0,1,A
2,16731,True,B,A,4,1,B
2,16732,True,A,B,10,1,A
2,16733,True,A,B,10,1,A
2,16734,True,A,B,10,1,A
2,16735,True,B,A,4,1,B
2,16736,True,A,B,0,1,A
2,16737,True,A,B,1,1,A
2,16738,True,B,A,3,1,B
2,16739,True,A,B,1,1,A
2,16740,True,A,B,10,1,A
2,16741,True,B,A,3,1,B
2,16742,True,A,B,10,1,A
2,16743,True,B,A,2,1,B
2,16744,True,A,B,2,0,A
2,16745,True,A,B,6,1,A
2,16746,True,A,B,6,1,A
2,16747,True,B,A,2,1,B
2,16748,True,B,A,6,1,B
2,16749,True,B,A,6,1,B
2,16750,True,B,A,4,1,B
2,16751,True,A,B,1,1,A
2,16752,True,B,A,4,1,B
2,16753,True,A,B,6,1,A
2,16754,True,A,B,1,2,A
2,16755,True,B,A,4,1,B
2,16756,True,B,A,6,1,B
2,16757,True,B,A,1,1,B
2,16758,True,A,B,2,0,A
2,16759,True,B,A,1,1,B
2,16760,True,A,B,3,1,A
2,16761,True,A,B,2,0,A
2,16762,True,A,B,2,0,A
2,16763,True,A,B,1,2,A
2,16764,True,B,A,2,1,B
2,16765,True,A,B,2,1,A
2,16766,True,A,B,4,1,A
2,16767,True,B,A,10,1,B
2,16768,True,A,B,3,1,A
2,16769,True,A,B,10,1,A
2,16770,True,B,A,1,2,B
2,16771,True,B,A,10,1,B
2,16772,True,B,A,1,1,B
2,16773,True,B,A,3,1,B
2,16774,True,A,B,2,1,A
2,16775,True,A,B,10,1,A
2,16776,True,A,B,2,1,A
2,16777,True,B,A,4,1,B
2,16778,False,,,,,
2,16779,True,A,B,1,2,A
2,16780,True,B,A,1,1,B
2,16781,True,A,B,6,1,A
2,16782,True,B,A,2,0,B
2,16783,True,A,B,2,0,A
2,16784,True,B,A,10,1,B
2,16785,True,A,B,1,2,A
2,16786,True,A,B,3,1,A
2,16787,True,B,A,4,1,B
2,16788,True,B,A,6,1,B
2,16789,True,A,B,3,1,A
2,16790,True,B,A,4,1,B
2,16791,True,B,A,6,1,B
2,16792,True,A,B,3,1,A
2,16793,True,B,A,0,1,B
2,16794,True,A,B,2,0,A
2,16795,True,A,B,1,2,A
2,16796,True,A,B,2,1,A
2,16797,True,B,A,2,0,B
2,16798,False,,,,,
2,16799,True,A,B,3,1,A
2,16800,True,B,A,2,0,B
2,16801,True,B,A,10,1,B
2,16802,True,B,A,3,1,B
2,16803,True,A,B,10,1,A
2,16804,True,B,A,2,1,B
2,16805,True,B,A,3,1,B
2,16806,True,B,A,6,1,B
2,16807,True,A,B,2,1,A
2,16808,True,B,A,3,1,B
2,16809,True,A,B,1,2,A
2,16810,True,A,B,2,0,A
2,16811,True,B,A,0,1,B
2,16812,True,B,A,3,1,B
2,16813,True,B,A,6,1,B
2,16814,True,A,B,1,1,A
2,16815,True,A,B,0,1,A
2,16816,False,,,,,
2,16817,True,B,A,4,1,B
2,16818,True,B,A,4,1,B
2,16819,True,B,A,10,1,B
2,16820,True,A,B,4,1,A
2,16821,True,A,B,10,1,A
2,16822,True,A,B,0,1,A
2,16823,True,B,A,6,1,B
2,16824,True,A,B,1,2,A
2,16825,True,B,A,1,2,B
2,16826,True,A,B,0,1,A
2,16827,True,B,A,6,1,B
2,16828,True,A,B,1,2,A
2,16829,True,B,A,2,0,B
2,16830,True,A,B,10,1,A
2,16831,True,B,A,2,1,B
2,16832,True,A,B,6,1,A
2,16833,True,B,A,3,1,B
2,16834,True,B,A,3,1,B
2,16835,True,B,A,4,1,B
2,16836,True,A,B,1,1,A
2,16837,False,,,,,
2,16838,True,A,B,3,1,A
2,16839,True,A,B,2,1,A
2,16840,True,B,A,1,2,B
2,16841,True,A,B,1,2,A
2,16842,True,A,B,10,1,A
2,16843,True,A,B,1,1,A
2,16844,True,B,A,4,1,B
2,16845,True,B,A,2,0,B
2,16846,True,A,B,1,1,A
2,16847,False,,,,,
2,16848,True,A,B,1,1,A
2,16849,True,B,A,2,1,B
2,16850,True,B,A,4,1,B
2,16851,True,B,A,4,1,B
2,16852,True,B,A,3,1,B
2,16853,True,B,A,10,1,B
2,16854,True,A,B,6,1,A
2,16855,True,A,B,0,1,A
2,16856,True,A,B,4,1,A
2,16857,True,B,A,4,1,B
2,16858,True,A,B,6,1,A
2,16859,True,B,A,10,1,B
2,16860,True,A,B,1,2,A
2,16861,True,B,A,6,1,B
2,16862,True,A,B,2,1,A
2,16863,True,B,A,1,1,B
2,16864,True,B,A,4,1,B
2,16865,True,B,A,1,1,B
2,16866,True,B,A,4,1,B
2,16867,True,B,A,2,0,B
2,16868,True,B,A,1,2,B
2,16869,True,A,B,0,1,A
2,16870,True,B,A,4,1,B
2,16871,True,A,B,0,1,A
2,16872,True,B,A,4,1,B
2,16873,True,A,B,2,1,A
2,16874,True,B,A,1,2,B
2,16875,True,B,A,2,1,B
2,16876,True,B,A,6,1,B
2,16877,True,A,B,4,1,A
2,16878,True,A,B,0,1,A
2,16879,True,B,A,0,1,B
2,16880,True,B,A,1,1,B
2,16881,True,A,B,6,1,A
2,16882,True,B,A,2,0,B
2,16883,True,B,A,4,1,B
2,16884,False,,,,,
2,16885,False,,,,,
2,16886,True,B,A,2,1,B
2,16887,True,A,B,1,2,A
2,16888,True,A,B,3,1,A
2,16889,True,A,B,3,1,A
2,16890,True,A,B,3,1,A
2,16891,True,B,A,3,1,B
2,16892,True,B,A,1,1,B
2,16893,True,A,B,2,1,A
2,16894,True,B,A,3,1,B
2,16895,True,B,A,0,1,B
2,16896,True,B,A,10,1,B
2,16897,True,B,A,4,1,B
2,16898,True,A,B,10,1,A
2,16899,True,A,B,2,0,A
2,16900,True,A,B,2,0,A
2,16901,True,B,A,0,1,B
2,16902,True,B,A,1,2,B
2,16903,True,B,A,1,2,B
2,16904,True,B,A,2,0,B
2,16905,True,A,B,3,1,A
2,16906,True,A,B,10,1,A
2,16907,True,A,B,3,1,A
2,16908,True,B,A,6,1,B
2,16909,True,B,A,3,1,B
2,16910,True,B,A,10,1,B
2,16911,True,B,A,10,1,B
2,16912,True,A,B,2,0,A
2,16913,True,A,B,1,2,A
2,16914,True,A,B,4,1,A
2,16915,True,A,B,6,1,A
2,16916,True,B,A,1,2,B
2,16917,True,A,B,4,1,A
2,16918,True,A,B,2,1,A
2,16919,True,A,B,0,1,A
2,16920,True,A,B,3,1,A
2,16921,True,B,A,3,1,B
2,16922,True,B,A,1,1,B
2,16923,True,A,B,4,1,A
2,16924,True,A,B,1,1,A
2,16925,True,A,B,2,1,A
2,16926,True,A,B,4,1,A
2,16927,True,B,A,2,1,B
2,16928,True,A,B,4,1,A
2,16929,True,A,B,10,1,A
2,16930,True,B,A,3,1,B
2,16931,True,B,A,10,1,B
2,16932,True,A,B,4,1,A
2,16933,True,A,B,4,1,A
2,16934,False,,,,,
2,16935,True,A,B,1,1,A
2,16936,True,A,B,0,1,A
2,16937,False,,,,,
2,16938,True,B,A,1,1,B
2,16939,True,A,B,0,1,A
2,16940,True,A,B,2,0,A
2,16941,True,A,B,0,1,A
2,16942,True,B,A,10,1,B
2,16943,True,A,B,1,2,A
2,16944,True,A,B,3,1,A
2,16945,True,B,A,3,1,B
2,16946,True,A,B,1,2,A
2,16947,True,A,B,2,0,A
2,16948,True,A,B,2,1,A
2,16949,False,,,,,
2,16950,True,B,A,1,2,B
2,16951,True,B,A,6,1,B
2,16952,True,A,B,10,1,A
2,16953,False,,,,,
2,16954,True,A,B,3,1,A
2,16955,False,,,,,
2,16956,True,A,B,6,1,A
2,16957,True,A,B,1,2,A
2,16958,True,A,B,10,1,A
2,16959,True,A,B,1,1,A
2,16960,True,B,A,2,1,B
2,16961,True,B,A,0,1,B
2,16962,True,B,A,4,1,B
2,16963,True,B,A,1,1,B
2,16964,True,A,B,2,1,A
2,16965,True,B,A,0,1,B
2,16966,True,A,B,2,0,A
2,16967,True,B,A,6,1,B
2,16968,True,A,B,2,0,A
2,16969,True,B,A,6,1,B
2,16970,True,A,B,1,1,A
2,16971,True,B,A,3,1,B
2,16972,True,A,B,6,1,A
2,16973,True,A,B,2,1,A
2,16974,True,B,A,4,1,B
2,16975,True,B,A,4,1,B
2,16976,True,B,A,4,1,B
2,16977,True,B,A,10,1,B
2,16978,True,A,B,1,2,A
2,16979,True,A,B,1,2,A
2,16980,True,A,B,0,1,A
2,16981,True,A,B,2,1,A
2,16982,True,A,B,2,1,A
2,16983,True,A,B,1,1,A
2,16984,True,B,A,10,1,B
2,16985,True,A,B,6,1,A
2,16986,True,A,B,3,1,A
2,16987,True,A,B,3,1,A
2,16988,True,B,A,1,2,B
2,16989,True,A,B,1,2,A
2,16990,True,A,B,1,1,A
2,16991,True,A,B,2,0,A
2,16992,True,A,B,3,1,A
2,16993,True,A,B,2,1,A
2,16994,True,A,B,1,2,A
2,16995,True,A,B,1,2,A
2,16996,True,A,B,2,1,A
2,16997,True,A,B,6,1,A
2,16998,True,A,B,1,2,A
2,16999,True,B,A,6,1,B
2,17000,True,B,A,2,0,B
2,17001,True,B,A,1,1,B
2,17002,True,B,A,2,0,B
2,17003,True,B,A,10,1,B
2,17004,True,B,A,10,1,B
2,17005,True,B,A,4,1,B
2,17006,True,A,B,6,1,A
2,17007,False,,,,,
2,17008,True,A,B,1,1,A
2,17009,True,A,B,4,1,A
2,17010,False,,,,,
2,17011,True,A,B,3,1,A
2,17012,True,B,A,10,1,B
2,17013,True,A,B,1,2,A
2,17014,True,A,B,6,1,A
2,17015,True,A,B,2,1,A
2,17016,True,A,B,2,0,A
2,17017,True,A,B,1,2,A
2,17018,True,A,B,2,0,A
2,17019,True,A,B,4,1,A
2,17020,False,,,,,
2,17021,True,A,B,2,0,A
2,17022,True,A,B,2,1,A
2,17023,True,A,B,6,1,A
2,17024,True,B,A,2,0,B
2,17025,True,A,B,6,1,A
2,17026,True,B,A,2,1,B
2,17027,True,A,B,4,1,B
2,17028,True,B,A,6,1,B
2,17029,True,A,B,1,1,A
2,17030,True,A,B,2,0,A
2,17031,True,B,A,2,1,B
2,17032,True,A,B,0,1,A
2,17033,True,B,A,0,1,B
2,17034,False,,,,,
2,17035,True,A,B,4,1,A
2,17036,True,B,A,0,1,B
2,17037,True,B,A,1,1,B
2,17038,True,B,A,2,0,B
2,17039,True,A,B,2,1,A
2,17040,False,,,,,
2,17041,True,B,A,6,1,B
2,17042,True,A,B,10,1,A
2,17043,True,B,A,10,1,B
2,17044,True,A,B,1,1,A
2,17045,True,B,A,10,1,B
2,17046,True,A,B,0,1,A
2,17047,True,A,B,1,1,A
2,17048,True,B,A,0,1,B
2,17049,True,A,B,2,0,A
2,17050,True,B,A,10,1,B
2,17051,False,,,,,
2,17052,True,A,B,10,1,A
2,17053,True,A,B,1,2,A
2,17054,True,A,B,0,1,A
2,17055,True,B,A,3,1,B
2,17056,False,,,,,
2,17057,True,B,A,1,1,B
2,17058,True,B,A,2,1,B
2,17059,False,,,,,
2,17060,True,A,B,2,1,A
2,17061,True,A,B,0,1,A
2,17062,True,B,A,2,1,B
2,17063,True,B,A,1,1,B
2,17064,True,B,A,2,0,B
2,17065,True,A,B,2,0,A
2,17066,True,A,B,1,2,A
2,17067,True,B,A,0,1,B
2,17068,True,A,B,2,1,A
2,17069,True,B,A,4,1,B
2,17070,True,B,A,1,1,B
2,17071,True,A,B,3,1,A
2,17072,True,A,B,4,1,A
2,17073,True,B,A,4,1,B
2,17074,True,B,A,0,1,B
2,17075,True,B,A,0,1,B
2,17076,True,A,B,2,1,A
2,17077,True,B,A,2,1,B
2,17078,True,A,B,1,2,A
2,17079,True,B,A,0,1,B
2,17080,True,B,A,1,2,B
2,17081,True,A,B,1,2,A
2,17082,True,B,A,0,1,B
2,17083,True,A,B,6,1,A
2,17084,True,B,A,1,1,B
2,17085,True,A,B,0,1,A
2,17086,True,A,B,3,1,A
2,17087,True,A,B,3,1,A
2,17088,True,B,A,4,1,B
2,17089,True,A,B,2,1,A
2,17090,True,B,A,10,1,B
2,17091,True,B,A,2,1,B
2,17092,True,A,B,3,1,A
2,17093,True,A,B,6,1,A
2,17094,True,A,B,6,1,A
2,17095,True,A,B,1,2,A
2,17096,True,A,B,3,1,A
2,17097,True,B,A,2,0,B
2,17098,True,A,B,1,2,A
2,17099,True,A,B,3,1,A
2,17100,False,,,,,
2,17101,True,B,A,1,1,B
2,17102,True,A,B,3,1,A
2,17103,True,A,B,1,2,A
2,17104,False,,,,,
2,17105,True,A,B,10,1,A
2,17106,True,A,B,3,1,A
2,17107,False,,,,,
2,17108,True,B,A,10,1,B
2,17109,True,A,B,2,1,A
2,17110,True,A,B,1,2,A
2,17111,True,A,B,0,1,A
2,17112,False,,,,,
2,17113,True,B,A,2,0,B
2,17114,True,B,A,2,1,B
2,17115,True,A,B,1,2,A
2,17116,False,,,,,
2,17117,True,B,A,2,1,B
2,17118,False,,,,,
2,17119,True,B,A,4,1,B
2,17120,True,B,A,1,2,B
2,17121,True,A,B,2,0,A
2,17122,True,B,A,1,1,B
2,17123,True,B,A,2,0,B
2,17124,True,A,B,2,1,A
2,17125,True,A,B,1,2,A
2,17126,True,B,A,4,1,B
2,17127,True,A,B,2,0,A
2,17128,False,,,,,
2,17129,True,B,A,6,1,B
2,17130,True,B,A,2,0,B
2,17131,True,A,B,3,1,A
2,17132,True,A,B,6,1,A
2,17133,False,,,,,
2,17134,True,A,B,2,1,A
2,17135,True,A,B,0,1,A
2,17136,True,A,B,4,1,A
2,17137,True,A,B,0,1,A
2,17138,False,,,,,
2,17139,True,B,A,10,1,B
2,17140,True,A,B,10,1,A
2,17141,True,B,A,10,1,B
2,17142,True,B,A,1,1,B
2,17143,True,A,B,1,2,A
2,17144,True,B,A,10,1,B
2,17145,True,B,A,2,0,B
2,17146,True,B,A,1,2,B
2,17147,True,A,B,0,1,A
2,17148,True,A,B,1,2,A
2,17149,True,A,B,0,1,A
2,17150,True,B,A,2,1,B
2,17151,True,A,B,1,1,A
2,17152,True,A,B,1,2,A
2,17153,True,A,B,1,1,A
2,17154,True,A,B,2,1,A
2,17155,True,A,B,10,1,A
2,17156,True,A,B,2,1,A
2,17157,True,B,A,1,2,B
2,17158,True,A,B,1,2,A
2,17159,True,B,A,1,2,B
2,17160,True,A,B,6,1,A
2,17161,True,A,B,3,1,A
2,17162,True,A,B,2,0,A
2,17163,False,,,,,
2,17164,True,B,A,10,1,B
2,17165,False,,,,,
2,17166,True,A,B,2,0,A
2,17167,True,B,A,2,0,B
2,17168,True,B,A,3,1,B
2,17169,True,A,B,2,0,A
2,17170,True,B,A,3,1,B
2,17171,False,,,,,
2,17172,True,A,B,0,1,A
2,17173,True,B,A,3,1,B
2,17174,True,A,B,10,1,A
2,17175,True,B,A,4,1,B
2,17176,True,B,A,3,1,B
2,17177,True,B,A,2,1,B
2,17178,True,A,B,2,1,A
2,17179,True,A,B,2,0,A
2,17180,True,B,A,2,1,B
2,17181,True,B,A,1,2,B
2,17182,True,A,B,4,1,A
2,17183,True,B,A,2,0,B
2,17184,True,A,B,3,1,A
2,17185,True,A,B,4,1,A
2,17186,True,B,A,0,1,B
2,17187,True,B,A,6,1,B
2,17188,True,B,A,10,1,B
2,17189,True,A,B,10,1,A
2,17190,False,,,,,
2,17191,True,B,A,3,1,B
2,17192,True,B,A,1,1,B
2,17193,True,B,A,10,1,B
2,17194,True,B,A,3,1,B
2,17195,True,A,B,10,1,A
2,17196,True,B,A,10,1,B
2,17197,False,,,,,
2,17198,True,A,B,1,1,A
2,17199,True,A,B,4,1,A
2,17200,True,B,A,1,1,B
2,17201,True,A,B,6,1,A
2,17202,True,B,A,0,1,B
2,17203,True,B,A,0,1,B
2,17204,True,B,A,6,1,B
2,17205,True,B,A,0,1,B
2,17206,True,A,B,0,1,A
2,17207,True,B,A,1,2,B
2,17208,True,B,A,0,1,B
2,17209,True,B,A,3,1,B
2,17210,True,A,B,4,1,A
2,17211,True,A,B,6,1,A
2,17212,True,A,B,0,1,A
2,17213,False,,,,,
2,17214,True,A,B,0,1,A
2,17215,True,B,A,1,1,B
2,17216,True,A,B,2,0,A
2,17217,True,A,B,1,2,A
2,17218,True,B,A,6,1,B
2,17219,True,A,B,3,1,A
2,17220,True,B,A,3,1,B
2,17221,True,A,B,1,2,A
2,17222,True,B,A,2,1,B
2,17223,True,A,B,10,1,A
2,17224,True,B,A,2,0,B
2,17225,True,B,A,10,1,B
2,17226,True,A,B,10,1,A
2,17227,True,B,A,1,2,B
2,17228,True,B,A,1,1,B
2,17229,True,B,A,0,1,B
2,17230,True,A,B,4,1,A
2,17231,True,A,B,1,2,A
2,17232,True,A,B,1,2,A
2,17233,True,B,A,2,1,B
2,17234,True,B,A,10,1,B
2,17235,True,B,A,6,1,B
2,17236,False,,,,,
2,17237,True,A,B,1,2,A
2,17238,True,A,B,3,1,A
2,17239,True,B,A,2,1,B
2,17240,True,A,B,2,1,A
2,17241,True,B,A,10,1,B
2,17242,True,B,A,1,1,B
2,17243,True,B,A,1,2,B
2,17244,True,B,A,6,1,B
2,17245,False,,,,,
2,17246,True,B,A,6,1,B
2,17247,True,A,B,0,1,A
2,17248,True,B,A,0,1,B
2,17249,True,A,B,2,0,A
2,17250,True,B,A,1,1,B
2,17251,True,A,B,4,1,A
2,17252,True,B,A,2,0,B
2,17253,True,A,B,10,1,A
2,17254,True,A,B,4,1,A
2,17255,False,,,,,
2,17256,True,A,B,2,1,A
2,17257,True,B,A,0,1,B
2,17258,True,A,B,3,1,A
2,17259,True,A,B,1,2,A
2,17260,True,B,A,6,1,B
2,17261,False,,,,,
2,17262,True,A,B,2,1,A
2,17263,True,A,B,0,1,A
2,17264,False,,,,,
2,17265,True,A,B,2,1,A
2,17266,True,B,A,10,1,B
2,17267,True,A,B,10,1,A
2,17268,True,A,B,2,0,A
2,17269,True,B,A,3,1,B
2,17270,True,A,B,1,2,A
2,17271,True,A,B,1,1,A
2,17272,True,A,B,10,1,A
2,17273,True,A,B,4,1,A
2,17274,True,B,A,2,1,B
2,17275,True,A,B,2,1,A
2,17276,True,A,B,2,1,A
2,17277,True,A,B,2,0,A
2,17278,True,A,B,3,1,A
2,17279,True,A,B,0,1,A
2,17280,True,A,B,6,1,A
2,17281,True,B,A,2,0,B
2,17282,True,A,B,2,1,A
2,17283,True,B,A,6,1,B
2,17284,True,A,B,3,1,A
2,17285,True,A,B,1,1,A
2,17286,True,B,A,10,1,B
2,17287,True,A,B,1,1,A
2,17288,True,B,A,10,1,B
2,17289,True,A,B,3,1,A
2,17290,True,A,B,10,1,A
2,17291,False,,,,,
2,17292,True,A,B,10,1,A
2,17293,True,B,A,1,1,B
2,17294,True,B,A,10,1,B
2,17295,True,B,A,6,1,B
2,17296,True,A,B,3,1,A
2,17297,True,A,B,4,1,A
2,17298,True,B,A,2,1,B
2,17299,True,A,B,2,0,A
2,17300,True,A,B,1,2,A
2,17301,True,A,B,2,0,A
2,17302,True,A,B,6,1,A
2,17303,True,A,B,2,0,A
2,17304,True,A,B,4,1,A
2,17305,True,A,B,6,1,A
2,17306,True,B,A,1,1,B
2,17307,True,A,B,2,0,A
2,17308,True,A,B,4,1,A
2,17309,True,B,A,2,0,B
2,17310,True,B,A,2,1,B
2,17311,True,B,A,1,1,B
2,17312,True,A,B,10,1,A
2,17313,False,,,,,
2,17314,True,B,A,4,1,B
2,17315,True,B,A,3,1,B
2,17316,True,A,B,4,1,A
2,17317,True,A,B,2,0,A
2,17318,True,B,A,0,1,B
2,17319,True,A,B,6,1,A
2,17320,True,B,A,3,1,B
2,17321,True,B,A,2,1,B
2,17322,False,,,,,
2,17323,True,A,B,0,1,A
2,17324,True,B,A,2,1,B
2,17325,False,,,,,
2,17326,True,B,A,2,1,B
2,17327,True,A,B,0,1,A
2,17328,True,B,A,2,1,B
2,17329,True,B,A,1,2,B
2,17330,False,,,,,
2,17331,True,B,A,1,1,B
2,17332,True,A,B,3,1,A
2,17333,True,A,B,3,1,A
2,17334,True,A,B,0,1,A
2,17335,True,B,A,10,1,B
2,17336,True,B,A,1,1,B
2,17337,True,B,A,2,1,B
2,17338,True,A,B,0,1,A
2,17339,False,,,,,
2,17340,True,B,A,6,1,B
2,17341,True,B,A,2,0,B
2,17342,True,B,A,3,1,B
2,17343,True,B,A,2,1,B
2,17344,True,A,B,0,1,A
2,17345,True,A,B,2,1,A
2,17346,True,B,A,6,1,B
2,17347,True,A,B,0,1,A
2,17348,True,B,A,1,2,B
2,17349,True,A,B,3,1,A
2,17350,True,B,A,2,0,B
2,17351,True,B,A,1,1,B
2,17352,True,B,A,1,1,B
2,17353,True,B,A,2,1,B
2,17354,True,A,B,1,2,A
2,17355,True,B,A,10,1,B
2,17356,True,A,B,3,1,A
2,17357,True,B,A,2,0,B
2,17358,True,B,A,6,1,B
2,17359,True,B,A,4,1,B
2,17360,True,A,B,2,0,A
2,17361,True,B,A,2,1,B
2,17362,True,A,B,2,1,A
2,17363,True,B,A,1,2,B
2,17364,True,B,A,0,1,B
2,17365,True,A,B,10,1,A
2,17366,True,B,A,0,1,B
2,17367,True,B,A,3,1,B
2,17368,True,B,A,6,1,B
2,17369,True,B,A,6,1,B
2,17370,True,B,A,1,2,B
2,17371,True,B,A,2,1,B
2,17372,True,A,B,4,1,A
2,17373,True,B,A,0,1,B
2,17374,True,A,B,4,1,A
2,17375,True,A,B,6,1,A
2,17376,True,A,B,2,1,A
2,17377,True,A,B,1,1,A
2,17378,True,B,A,2,0,B
2,17379,True,A,B,0,1,A
2,17380,False,,,,,
2,17381,True,A,B,10,1,A
2,17382,True,B,A,0,1,B
2,17383,True,A,B,2,1,A
2,17384,True,A,B,6,1,A
2,17385,True,A,B,6,1,A
2,17386,True,B,A,3,1,B
2,17387,True,B,A,1,2,B
2,17388,True,B,A,10,1,B
2,17389,True,A,B,4,1,A
2,17390,True,A,B,0,1,A
2,17391,True,B,A,1,1,B
2,17392,True,B,A,2,0,B
2,17393,True,A,B,1,1,A
2,17394,True,A,B,6,1,A
2,17395,True,A,B,1,2,A
2,17396,True,B,A,2,1,B
2,17397,True,A,B,4,1,A
2,17398,True,B,A,6,1,B
2,17399,True,A,B,1,2,A
2,17400,True,A,B,4,1,A
2,17401,False,,,,,
2,17402,True,A,B,10,1,A
2,17403,True,A,B,10,1,A
2,17404,True,A,B,1,1,A
2,17405,True,B,A,1,2,B
2,17406,True,B,A,6,1,B
2,17407,True,B,A,2,1,B
2,17408,True,A,B,3,1,A
2,17409,True,A,B,3,1,A
2,17410,True,A,B,0,1,A
2,17411,True,A,B,1,1,A
2,17412,True,B,A,2,1,B
2,17413,True,B,A,10,1,B
2,17414,True,B,A,1,1,B
2,17415,True,B,A,1,1,B
2,17416,True,A,B,3,1,A
2,17417,True,B,A,1,2,B
2,17418,True,B,A,3,1,B
2,17419,True,A,B,10,1,A
2,17420,True,B,A,2,1,B
2,17421,True,A,B,1,2,A
2,17422,True,B,A,6,1,B
2,17423,True,A,B,6,1,A
2,17424,True,B,A,1,2,B
2,17425,True,A,B,4,1,A
2,17426,True,B,A,1,1,B
2,17427,True,B,A,1,1,B
2,17428,True,B,A,6,1,B
2,17429,True,A,B,0,1,A
2,17430,True,B,A,6,1,B
2,17431,True,B,A,1,2,B
2,17432,True,B,A,0,1,B
2,17433,True,B,A,4,1,B
2,17434,True,B,A,1,1,B
2,17435,True,A,B,1,2,A
2,17436,True,B,A,10,1,B
2,17437,True,B,A,1,1,B
2,17438,True,B,A,2,0,B
2,17439,True,A,B,1,2,A
2,17440,True,B,A,2,1,B
2,17441,True,A,B,3,1,A
2,17442,True,A,B,1,2,A
2,17443,True,B,A,1,2,B
2,17444,True,A,B,6,1,A
2,17445,True,A,B,1,2,A
2,17446,True,A,B,1,1,A
2,17447,True,B,A,6,1,B
2,17448,True,B,A,4,1,B
2,17449,True,A,B,0,1,A
2,17450,True,A,B,3,1,A
2,17451,True,B,A,2,1,B
2,17452,True,A,B,3,1,A
2,17453,True,A,B,2,0,A
2,17454,True,B,A,10,1,B
2,17455,True,B,A,10,1,B
2,17456,True,A,B,4,1,A
2,17457,True,B,A,3,1,B
2,17458,False,,,,,
2,17459,True,B,A,2,0,B
2,17460,True,B,A,6,1,B
2,17461,False,,,,,
2,17462,True,B,A,3,1,B
2,17463,True,A,B,2,0,A
2,17464,True,B,A,4,1,B
2,17465,True,B,A,3,1,B
2,17466,True,A,B,1,1,A
2,17467,True,A,B,0,1,A
2,17468,False,,,,,
2,17469,True,B,A,4,1,B
2,17470,True,B,A,2,1,B
2,17471,True,A,B,1,1,A
2,17472,True,B,A,3,1,B
2,17473,True,A,B,2,0,A
2,17474,True,B,A,4,1,B
2,17475,True,B,A,2,0,B
2,17476,True,A,B,1,1,A
2,17477,True,B,A,6,1,B
2,17478,True,B,A,10,1,B
2,17479,True,B,A,1,1,B
2,17480,True,B,A,2,0,B
2,17481,True,B,A,4,1,B
2,17482,False,,,,,
2,17483,True,A,B,1,1,A
2,17484,True,A,B,1,2,A
2,17485,True,A,B,3,1,A
2,17486,True,A,B,10,1,A
2,17487,True,B,A,2,0,B
2,17488,True,A,B,10,1,A
2,17489,True,B,A,6,1,B
2,17490,True,A,B,2,0,A
2,17491,True,A,B,2,1,A
2,17492,True,A,B,2,0,A
2,17493,True,B,A,2,1,B
2,17494,True,B,A,4,1,B
2,17495,True,B,A,4,1,B
2,17496,True,A,B,4,1,A
2,17497,True,B,A,10,1,B
2,17498,True,A,B,4,1,A
2,17499,True,B,A,10,1,B
2,17500,True,A,B,1,2,A
2,17501,True,B,A,1,1,B
2,17502,True,A,B,6,1,A
2,17503,True,A,B,6,1,A
2,17504,True,B,A,2,1,B
2,17505,True,A,B,10,1,A
2,17506,True,A,B,6,1,A
2,17507,True,A,B,4,1,A
2,17508,True,B,A,0,1,B
2,17509,True,A,B,6,1,A
2,17510,True,B,A,2,1,B
2,17511,True,A,B,6,1,A
2,17512,True,A,B,1,1,A
2,17513,True,B,A,1,1,B
2,17514,True,A,B,10,1,A
2,17515,True,A,B,0,1,A
2,17516,True,B,A,1,2,B
2,17517,True,A,B,6,1,A
2,17518,True,A,B,10,1,A
2,17519,True,A,B,3,1,A
2,17520,True,B,A,4,1,B
2,17521,True,A,B,4,1,A
2,17522,True,B,A,2,1,B
2,17523,True,A,B,6,1,A
2,17524,True,A,B,2,1,A
2,17525,True,A,B,4,1,A
2,17526,True,A,B,3,1,A
2,17527,True,A,B,2,1,A
2,17528,True,A,B,2,1,A
2,17529,True,B,A,3,1,B
2,17530,True,A,B,6,1,A
2,17531,True,A,B,0,1,A
2,17532,True,B,A,10,1,B
2,17533,True,B,A,2,1,B
2,17534,True,B,A,10,1,B
2,17535,True,B,A,2,1,B
2,17536,True,B,A,4,1,B
2,17537,True,A,B,0,1,A
2,17538,True,A,B,6,1,A
2,17539,True,B,A,2,0,B
2,17540,True,A,B,0,1,A
2,17541,True,B,A,1,2,B
2,17542,True,A,B,1,2,A
2,17543,True,B,A,4,1,B
2,17544,True,B,A,2,1,B
2,17545,True,B,A,4,1,B
2,17546,False,,,,,
2,17547,True,A,B,1,2,A
2,17548,False,,,,,
2,17549,False,,,,,
2,17550,False,,,,,
2,17551,True,A,B,2,0,A
2,17552,True,A,B,6,1,A
2,17553,True,A,B,0,1,A
2,17554,True,B,A,3,1,B
2,17555,True,B,A,0,1,B
2,17556,True,A,B,3,1,A
2,17557,True,B,A,10,1,B
2,17558,False,,,,,
2,17559,True,A,B,1,1,A
2,17560,True,B,A,2,1,B
2,17561,True,B,A,0,1,B
2,17562,True,A,B,2,1,A
2,17563,True,A,B,10,1,A
2,17564,True,A,B,2,0,A
2,17565,True,A,B,2,1,A
2,17566,True,A,B,6,1,A
2,17567,True,A,B,4,1,A
2,17568,True,B,A,1,1,B
2,17569,True,A,B,1,1,A
2,17570,True,A,B,1,1,A
2,17571,True,B,A,1,1,B
2,17572,True,A,B,6,1,A
2,17573,True,B,A,6,1,B
2,17574,True,B,A,1,1,B
2,17575,True,B,A,3,1,B
2,17576,True,A,B,0,1,A
2,17577,True,B,A,3,1,B
2,17578,True,A,B,2,0,A
2,17579,True,B,A,6,1,B
2,17580,False,,,,,
2,17581,True,A,B,0,1,A
2,17582,True,B,A,4,1,B
2,17583,True,B,A,4,1,B
2,17584,True,B,A,6,1,B
2,17585,True,B,A,0,1,B
2,17586,True,A,B,1,2,A
2,17587,True,A,B,0,1,A
2,17588,True,A,B,2,1,A
2,17589,True,B,A,4,1,B
2,17590,False,,,,,
2,17591,True,A,B,1,1,A
2,17592,True,A,B,2,1,A
2,17593,True,A,B,6,1,A
2,17594,True,B,A,2,0,B
2,17595,True,A,B,2,1,A
2,17596,True,A,B,4,1,A
2,17597,True,B,A,6,1,B
2,17598,True,B,A,2,1,B
2,17599,True,B,A,10,1,B
2,17600,True,A,B,2,0,A
2,17601,True,B,A,6,1,B
2,17602,True,B,A,6,1,B
2,17603,True,B,A,3,1,B
2,17604,True,A,B,1,2,A
2,17605,True,A,B,0,1,A
2,17606,True,A,B,6,1,A
2,17607,True,A,B,1,1,A
2,17608,True,A,B,6,1,A
2,17609,True,B,A,1,1,B
2,17610,True,A,B,1,2,A
2,17611,False,,,,,
2,17612,True,A,B,3,1,A
2,17613,True,B,A,0,1,B
2,17614,True,B,A,6,1,B
2,17615,True,B,A,1,2,B
2,17616,True,A,B,2,0,A
2,17617,True,A,B,6,1,A
2,17618,True,A,B,0,1,A
2,17619,True,A,B,6,1,A
2,17620,False,,,,,
2,17621,True,B,A,1,1,B
2,17622,False,,,,,
2,17623,True,A,B,2,1,A
2,17624,True,A,B,1,1,A
2,17625,True,B,A,4,1,B
2,17626,True,B,A,4,1,B
2,17627,True,B,A,2,1,B
2,17628,True,B,A,2,0,B
2,17629,True,B,A,2,0,B
2,17630,True,B,A,6,1,B
2,17631,False,,,,,
2,17632,True,B,A,1,2,B
2,17633,True,B,A,1,1,B
2,17634,True,A,B,2,1,A
2,17635,True,A,B,0,1,A
2,17636,True,A,B,2,0,A
2,17637,True,B,A,4,1,B
2,17638,True,B,A,1,2,B
2,17639,False,,,,,
2,17640,True,B,A,0,1,B
2,17641,True,A,B,3,1,A
2,17642,False,,,,,
2,17643,True,A,B,6,1,A
2,17644,True,A,B,2,1,A
2,17645,True,A,B,0,1,A
2,17646,True,A,B,3,1,A
2,17647,True,B,A,10,1,B
2,17648,True,A,B,0,1,A
2,17649,True,B,A,2,0,B
2,17650,True,B,A,1,2,B
2,17651,True,A,B,10,1,A
2,17652,True,B,A,0,1,B
2,17653,True,A,B,2,0,A
2,17654,True,A,B,6,1,A
2,17655,True,A,B,1,1,A
2,17656,True,B,A,2,0,B
2,17657,True,B,A,4,1,B
2,17658,True,A,B,4,1,A
2,17659,True,B,A,6,1,B
2,17660,True,A,B,10,1,A
2,17661,True,B,A,6,1,B
2,17662,True,B,A,1,2,B
2,17663,True,B,A,4,1,B
2,17664,True,A,B,6,1,A
2,17665,True,A,B,3,1,A
2,17666,True,B,A,4,1,B
2,17667,True,B,A,2,0,B
2,17668,True,A,B,3,1,A
2,17669,True,A,B,2,1,A
2,17670,True,B,A,1,2,B
2,17671,True,B,A,0,1,B
2,17672,True,A,B,0,1,A
2,17673,True,A,B,10,1,A
2,17674,True,B,A,2,0,B
2,17675,True,A,B,0,1,A
2,17676,True,B,A,4,1,B
2,17677,True,B,A,4,1,B
2,17678,True,A,B,6,1,A
2,17679,True,B,A,10,1,B
2,17680,True,A,B,0,1,A
2,17681,True,A,B,4,1,A
2,17682,False,,,,,
2,17683,False,,,,,
2,17684,True,A,B,2,1,A
2,17685,False,,,,,
2,17686,True,B,A,10,1,B
2,17687,True,B,A,2,0,B
2,17688,True,A,B,0,1,A
2,17689,True,A,B,3,1,A
2,17690,True,B,A,10,1,B
2,17691,True,B,A,0,1,B
2,17692,True,A,B,3,1,A
2,17693,True,B,A,2,0,B
2,17694,True,B,A,2,1,B
2,17695,False,,,,,
2,17696,True,A,B,10,1,A
2,17697,True,B,A,10,1,B
2,17698,False,,,,,
2,17699,True,A,B,2,0,A
2,17700,True,A,B,2,1,A
2,17701,True,B,A,0,1,B
2,17702,True,A,B,10,1,A
2,17703,True,B,A,2,0,B
2,17704,True,A,B,0,1,A
2,17705,True,A,B,1,1,A
2,17706,True,A,B,1,2,A
2,17707,True,A,B,3,1,A
2,17708,True,A,B,4,1,A
2,17709,True,B,A,2,1,B
2,17710,True,A,B,3,1,A
2,17711,True,B,A,1,2,B
2,17712,True,B,A,4,1,B
2,17713,True,B,A,6,1,B
2,17714,True,A,B,0,1,A
2,17715,True,B,A,1,2,B
2,17716,True,A,B,0,1,A
2,17717,False,,,,,
2,17718,True,B,A,1,1,B
2,17719,True,A,B,6,1,A
2,17720,True,B,A,10,1,B
2,17721,True,B,A,2,0,B
2,17722,True,A,B,3,1,A
2,17723,True,A,B,0,1,A
2,17724,True,B,A,1,1,B
2,17725,True,A,B,10,1,A
2,17726,True,B,A,6,1,B
2,17727,True,A,B,6,1,A
2,17728,True,B,A,6,1,B
2,17729,True,A,B,1,2,A
2,17730,True,A,B,2,1,A
2,17731,True,B,A,2,1,B
2,17732,True,B,A,1,2,B
2,17733,True,A,B,2,1,A
2,17734,True,B,A,10,1,B
2,17735,True,A,B,2,1,A
2,17736,True,A,B,2,0,A
2,17737,True,A,B,2,0,A
2,17738,True,A,B,0,1,A
2,17739,True,B,A,3,1,B
2,17740,True,A,B,3,1,A
2,17741,True,A,B,10,1,A
2,17742,True,A,B,6,1,A
2,17743,True,B,A,3,1,B
2,17744,True,B,A,2,1,B
2,17745,True,A,B,1,1,A
2,17746,True,A,B,6,1,A
2,17747,True,B,A,4,1,B
2,17748,True,B,A,6,1,B
2,17749,True,B,A,1,2,B
2,17750,True,A,B,4,1,A
2,17751,True,B,A,0,1,B
2,17752,True,B,A,2,1,B
2,17753,True,A,B,1,1,A
2,17754,True,A,B,4,1,A
2,17755,True,B,A,2,0,B
2,17756,True,B,A,3,1,B
2,17757,True,A,B,10,1,A
2,17758,True,B,A,3,1,B
2,17759,False,,,,,
2,17760,False,,,,,
2,17761,True,A,B,10,1,A
2,17762,True,B,A,6,1,B
2,17763,True,B,A,6,1,B
2,17764,False,,,,,
2,17765,True,A,B,3,1,A
2,17766,True,A,B,1,2,A
2,17767,True,B,A,4,1,B
2,17768,True,A,B,3,1,A
2,17769,True,A,B,1,1,A
2,17770,True,A,B,0,1,A
2,17771,True,A,B,2,0,A
2,17772,True,B,A,1,2,B
2,17773,True,A,B,2,0,A
2,17774,True,A,B,1,2,A
2,17775,True,A,B,10,1,A
2,17776,True,B,A,3,1,B
2,17777,True,A,B,10,1,A
2,17778,True,B,A,10,1,B
2,17779,True,A,B,1,2,A
2,17780,True,B,A,0,1,B
2,17781,True,A,B,1,2,A
2,17782,True,A,B,4,1,A
2,17783,True,B,A,2,0,B
2,17784,True,A,B,1,2,A
2,17785,True,A,B,6,1,A
2,17786,True,A,B,0,1,A
2,17787,True,A,B,4,1,A
2,17788,True,A,B,4,1,A
2,17789,True,B,A,1,2,B
2,17790,True,B,A,0,1,B
2,17791,True,A,B,0,1,A
2,17792,True,B,A,2,1,B
2,17793,True,A,B,2,0,A
2,17794,True,B,A,4,1,B
2,17795,True,A,B,0,1,A
2,17796,True,A,B,3,1,A
2,17797,True,A,B,0,1,A
2,17798,True,A,B,0,1,A
2,17799,True,A,B,1,1,A
2,17800,True,A,B,4,1,A
2,17801,True,A,B,2,1,A
2,17802,True,B,A,3,1,B
2,17803,True,B,A,0,1,B
2,17804,True,B,A,0,1,B
2,17805,True,A,B,0,1,A
2,17806,True,A,B,4,1,A
2,17807,True,A,B,1,2,A
2,17808,True,A,B,0,1,A
2,17809,True,A,B,0,1,A
2,17810,True,B,A,2,1,B
2,17811,True,A,B,4,1,A
2,17812,True,B,A,6,1,B
2,17813,True,B,A,3,1,B
2,17814,True,B,A,2,0,B
2,17815,True,B,A,4,1,B
2,17816,True,B,A,2,0,B
2,17817,True,A,B,10,1,A
2,17818,True,B,A,2,0,B
2,17819,True,B,A,2,1,B
2,17820,True,B,A,2,1,B
2,17821,True,B,A,2,0,B
2,17822,True,B,A,0,1,B
2,17823,True,A,B,3,1,A
2,17824,True,A,B,10,1,A
2,17825,True,B,A,1,2,B
2,17826,True,A,B,6,1,A
2,17827,True,A,B,1,2,A
2,17828,True,B,A,6,1,B
2,17829,True,A,B,2,0,A
2,17830,True,A,B,10,1,A
2,17831,True,A,B,1,2,A
2,17832,False,,,,,
2,17833,True,A,B,4,1,A
2,17834,False,,,,,
2,17835,True,B,A,6,1,B
2,17836,True,A,B,6,1,A
2,17837,True,B,A,2,0,B
2,17838,True,A,B,6,1,A
2,17839,True,A,B,0,1,A
2,17840,True,B,A,1,2,B
2,17841,True,B,A,2,0,B
2,17842,True,A,B,0,1,A
2,17843,True,A,B,10,1,A
2,17844,True,B,A,2,0,B
2,17845,True,A,B,4,1,A
2,17846,True,B,A,10,1,B
2,17847,True,A,B,1,1,A
2,17848,True,A,B,10,1,A
2,17849,True,A,B,4,1,A
2,17850,True,B,A,0,1,B
2,17851,True,B,A,4,1,B
2,17852,True,A,B,10,1,A
2,17853,True,A,B,6,1,A
2,17854,True,B,A,4,1,B
2,17855,True,B,A,2,0,B
2,17856,True,A,B,1,1,A
2,17857,True,B,A,3,1,B
2,17858,True,A,B,6,1,A
2,17859,True,A,B,6,1,A
2,17860,True,B,A,3,1,B
2,17861,True,B,A,6,1,B
2,17862,True,A,B,6,1,A
2,17863,True,B,A,1,1,B
2,17864,False,,,,,
2,17865,True,A,B,1,1,A
2,17866,True,A,B,2,0,A
2,17867,True,A,B,2,0,A
2,17868,True,A,B,1,1,A
2,17869,True,A,B,3,1,A
2,17870,True,B,A,1,1,B
2,17871,True,B,A,4,1,B
2,17872,True,B,A,4,1,B
2,17873,True,B,A,0,1,B
2,17874,True,B,A,2,0,B
2,17875,True,A,B,2,0,A
2,17876,True,B,A,6,1,B
2,17877,True,A,B,4,1,A
2,17878,False,,,,,
2,17879,True,B,A,2,0,B
2,17880,True,B,A,2,1,B
2,17881,True,B,A,2,1,B
2,17882,True,A,B,3,1,A
2,17883,True,B,A,10,1,B
2,17884,True,B,A,6,1,B
2,17885,True,A,B,10,1,A
2,17886,True,B,A,0,1,B
2,17887,False,,,,,
2,17888,True,B,A,1,2,B
2,17889,True,A,B,4,1,A
2,17890,False,,,,,
2,17891,True,B,A,1,2,B
2,17892,True,A,B,1,2,A
2,17893,False,,,,,
2,17894,True,A,B,0,1,A
2,17895,True,B,A,3,1,B
2,17896,True,A,B,2,0,A
2,17897,True,B,A,1,1,B
2,17898,False,,,,,
2,17899,True,B,A,2,0,B
2,17900,True,A,B,10,1,A
2,17901,True,B,A,10,1,B
2,17902,True,B,A,1,1,B
2,17903,True,B,A,3,1,B
2,17904,True,A,B,1,1,A
2,17905,True,B,A,6,1,B
2,17906,True,B,A,2,0,B
2,17907,True,A,B,4,1,A
2,17908,True,A,B,4,1,A
2,17909,True,B,A,4,1,B
2,17910,True,A,B,2,1,A
2,17911,True,A,B,0,1,A
2,17912,True,B,A,6,1,B
2,17913,False,,,,,
2,17914,True,B,A,1,2,B
2,17915,True,B,A,1,2,B
2,17916,True,B,A,1,1,B
2,17917,True,A,B,6,1,A
2,17918,True,A,B,0,1,A
2,17919,True,B,A,10,1,B
2,17920,True,A,B,1,1,A
2,17921,True,B,A,2,0,B
2,17922,True,A,B,0,1,A
2,17923,True,A,B,1,2,A
2,17924,False,,,,,
2,17925,True,A,B,0,1,A
2,17926,True,B,A,3,1,B
2,17927,True,A,B,6,1,A
2,17928,True,A,B,4,1,A
2,17929,True,A,B,1,2,A
2,17930,True,B,A,2,1,B
2,17931,True,A,B,2,0,A
2,17932,True,A,B,3,1,A
2,17933,True,B,A,6,1,B
2,17934,True,B,A,2,0,B
2,17935,True,A,B,0,1,A
2,17936,True,A,B,10,1,A
2,17937,True,B,A,3,1,B
2,17938,True,B,A,10,1,B
2,17939,False,,,,,
2,17940,True,B,A,4,1,B
2,17941,True,B,A,6,1,B
2,17942,True,A,B,2,1,A
2,17943,True,A,B,2,0,A
2,17944,True,A,B,0,1,A
2,17945,True,A,B,1,1,A
2,17946,True,B,A,1,1,B
2,17947,True,A,B,3,1,A
2,17948,True,A,B,6,1,A
2,17949,True,A,B,0,1,A
2,17950,False,,,,,
2,17951,True,A,B,0,1,A
2,17952,True,A,B,3,1,A
2,17953,True,A,B,3,1,A
2,17954,True,A,B,0,1,A
2,17955,True,A,B,2,0,A
2,17956,True,A,B,3,1,A
2,17957,True,B,A,1,1,B
2,17958,True,A,B,3,1,A
2,17959,True,B,A,6,1,B
2,17960,True,B,A,1,1,B
2,17961,True,A,B,6,1,A
2,17962,True,B,A,3,1,B
2,17963,True,A,B,6,1,A
2,17964,True,A,B,6,1,A
2,17965,True,A,B,6,1,A
2,17966,True,B,A,4,1,B
2,17967,True,A,B,3,1,A
2,17968,True,A,B,6,1,A
2,17969,True,B,A,10,1,B
2,17970,True,A,B,2,1,A
2,17971,True,A,B,10,1,A
2,17972,True,A,B,6,1,A
2,17973,True,A,B,10,1,A
2,17974,True,B,A,0,1,B
2,17975,True,A,B,10,1,A
2,17976,True,A,B,0,1,A
2,17977,True,B,A,1,2,B
2,17978,True,A,B,10,1,A
2,17979,True,B,A,4,1,B
2,17980,True,B,A,4,1,B
2,17981,True,B,A,2,1,B
2,17982,True,A,B,2,1,A
2,17983,True,A,B,2,0,A
2,17984,True,A,B,4,1,A
2,17985,True,A,B,2,1,A
2,17986,True,B,A,10,1,B
2,17987,True,B,A,0,1,B
2,17988,True,A,B,3,1,A
2,17989,True,A,B,2,0,A
2,17990,True,B,A,4,1,B
2,17991,True,B,A,2,1,B
2,17992,True,A,B,3,1,A
2,17993,True,B,A,6,1,B
2,17994,True,A,B,0,1,A
2,17995,True,B,A,2,1,B
2,17996,True,A,B,0,1,A
2,17997,True,B,A,1,2,B
2,17998,True,A,B,1,1,A
2,17999,True,B,A,2,1,B
2,18000,True,B,A,3,1,B
2,18001,True,B,A,0,1,B
2,18002,True,B,A,6,1,B
2,18003,True,A,B,1,1,A
2,18004,True,A,B,2,0,A
2,18005,True,B,A,3,1,B
2,18006,True,B,A,3,1,B
2,18007,True,A,B,2,1,A
2,18008,True,A,B,2,0,A
2,18009,True,A,B,0,1,A
2,18010,True,A,B,1,2,A
2,18011,True,A,B,2,1,A
2,18012,True,B,A,3,1,B
2,18013,True,B,A,1,1,B
2,18014,True,A,B,1,2,A
2,18015,True,A,B,10,1,A
2,18016,True,A,B,0,1,A
2,18017,True,B,A,10,1,B
2,18018,True,A,B,0,1,A
2,18019,True,B,A,6,1,B
2,18020,True,A,B,0,1,A
2,18021,True,A,B,10,1,A
2,18022,True,A,B,2,0,A
2,18023,True,A,B,10,1,A
2,18024,True,A,B,4,1,A
2,18025,False,,,,,
2,18026,True,A,B,10,1,A
2,18027,True,A,B,1,2,A
2,18028,True,B,A,10,1,B
2,18029,True,B,A,3,1,B
2,18030,True,A,B,1,1,A
2,18031,True,B,A,1,1,B
2,18032,True,A,B,3,1,A
2,18033,True,A,B,6,1,A
2,18034,True,A,B,2,1,A
2,18035,True,B,A,0,1,B
2,18036,True,A,B,2,1,A
2,18037,True,A,B,2,0,A
2,18038,True,A,B,3,1,A
2,18039,True,B,A,4,1,B
2,18040,True,B,A,4,1,B
2,18041,True,B,A,1,1,B
2,18042,True,A,B,2,0,A
2,18043,True,A,B,6,1,A
2,18044,True,B,A,4,1,B
2,18045,True,B,A,10,1,B
2,18046,True,A,B,2,0,A
2,18047,True,A,B,1,2,A
2,18048,False,,,,,
2,18049,True,A,B,10,1,A
2,18050,True,A,B,6,1,A
2,18051,True,A,B,3,1,A
2,18052,True,A,B,0,1,A
2,18053,True,B,A,6,1,B
2,18054,False,,,,,
2,18055,True,B,A,1,2,B
2,18056,True,B,A,2,0,B
2,18057,True,A,B,0,1,A
2,18058,True,A,B,3,1,A
2,18059,True,B,A,0,1,B
2,18060,True,A,B,3,1,A
2,18061,True,A,B,2,0,A
2,18062,True,A,B,6,1,A
2,18063,True,B,A,1,1,B
2,18064,True,B,A,1,1,B
2,18065,True,B,A,10,1,B
2,18066,True,A,B,0,1,A
2,18067,False,,,,,
2,18068,True,B,A,0,1,B
2,18069,True,A,B,2,0,A
2,18070,True,B,A,2,0,B
2,18071,True,B,A,1,2,B
2,18072,False,,,,,
2,18073,True,A,B,1,1,A
2,18074,True,B,A,10,1,B
2,18075,True,A,B,2,1,A
2,18076,True,B,A,6,1,B
2,18077,False,,,,,
2,18078,False,,,,,
2,18079,True,A,B,0,1,A
2,18080,True,A,B,6,1,A
2,18081,True,A,B,4,1,A
2,18082,True,B,A,2,1,B
2,18083,False,,,,,
2,18084,True,B,A,3,1,B
2,18085,False,,,,,
2,18086,True,A,B,1,1,A
2,18087,True,A,B,10,1,A
2,18088,True,A,B,2,1,A
2,18089,True,B,A,10,1,B
2,18090,True,A,B,2,1,A
2,18091,True,A,B,4,1,A
2,18092,True,A,B,4,1,A
2,18093,True,A,B,4,1,A
2,18094,True,B,A,6,1,B
2,18095,True,B,A,6,1,B
2,18096,True,A,B,2,1,A
2,18097,True,B,A,2,0,B
2,18098,True,B,A,6,1,B
2,18099,True,A,B,2,1,A
2,18100,True,B,A,1,1,B
2,18101,True,A,B,4,1,A
2,18102,True,A,B,2,1,A
2,18103,True,B,A,2,0,B
2,18104,True,B,A,4,1,B
2,18105,False,,,,,
2,18106,True,A,B,3,1,A
2,18107,False,,,,,
2,18108,True,B,A,2,1,B
2,18109,True,A,B,6,1,A
2,18110,True,A,B,1,1,A
2,18111,True,A,B,1,2,A
2,18112,True,B,A,10,1,B
2,18113,True,A,B,1,1,A
2,18114,True,B,A,0,1,B
2,18115,False,,,,,
2,18116,True,A,B,1,1,A
2,18117,True,A,B,0,1,A
2,18118,True,B,A,2,1,B
2,18119,True,B,A,2,1,B
2,18120,True,B,A,2,1,B
2,18121,True,A,B,1,2,A
2,18122,True,A,B,6,1,A
2,18123,True,A,B,2,0,A
2,18124,True,A,B,3,1,A
2,18125,True,A,B,0,1,A
2,18126,True,A,B,1,2,A
2,18127,True,B,A,2,0,B
2,18128,True,B,A,2,0,B
2,18129,True,A,B,6,1,A
2,18130,True,B,A,4,1,B
2,18131,True,A,B,4,1,A
2,18132,True,B,A,1,1,B
2,18133,True,A,B,4,1,A
2,18134,True,A,B,3,1,A
2,18135,True,B,A,6,1,B
2,18136,True,A,B,1,1,A
2,18137,True,A,B,1,1,A
2,18138,True,B,A,1,1,B
2,18139,True,B,A,6,1,B
2,18140,True,A,B,4,1,A
2,18141,True,A,B,3,1,A
2,18142,True,B,A,10,1,B
2,18143,True,A,B,2,0,A
2,18144,True,A,B,2,0,A
2,18145,True,A,B,0,1,A
2,18146,True,A,B,6,1,A
2,18147,True,A,B,1,2,A
2,18148,True,B,A,3,1,B
2,18149,True,B,A,4,1,B
2,18150,False,,,,,
2,18151,True,A,B,10,1,A
2,18152,True,B,A,6,1,B
2,18153,True,A,B,2,1,A
2,18154,True,A,B,1,2,A
2,18155,True,B,A,0,1,B
2,18156,True,A,B,1,1,A
2,18157,True,A,B,2,0,A
2,18158,True,A,B,1,2,A
2,18159,True,A,B,4,1,A
2,18160,True,A,B,1,2,A
2,18161,True,B,A,1,2,B
2,18162,True,B,A,1,1,B
2,18163,True,A,B,1,2,A
2,18164,True,A,B,1,1,A
2,18165,True,B,A,1,1,B
2,18166,True,A,B,3,1,A
2,18167,True,B,A,1,1,B
2,18168,True,A,B,2,1,A
2,18169,True,B,A,2,1,B
2,18170,True,A,B,1,2,A
2,18171,True,B,A,1,2,B
2,18172,True,B,A,3,1,B
2,18173,True,A,B,1,1,A
2,18174,True,B,A,2,1,B
2,18175,True,B,A,0,1,B
2,18176,True,A,B,2,1,A
2,18177,True,B,A,1,1,B
2,18178,True,A,B,6,1,A
2,18179,True,B,A,2,0,B
2,18180,True,A,B,4,1,A
2,18181,False,,,,,
2,18182,True,A,B,1,1,A
2,18183,True,B,A,10,1,B
2,18184,True,A,B,4,1,A
2,18185,True,B,A,4,1,B
2,18186,True,B,A,2,1,B
2,18187,True,B,A,1,2,B
2,18188,True,A,B,4,1,A
2,18189,True,B,A,2,0,B
2,18190,True,A,B,6,1,A
2,18191,True,A,B,2,0,A
2,18192,True,A,B,4,1,A
2,18193,True,A,B,6,1,A
2,18194,True,B,A,4,1,B
2,18195,True,B,A,2,0,B
2,18196,True,A,B,10,1,A
2,18197,True,A,B,1,2,A
2,18198,True,B,A,4,1,B
2,18199,True,A,B,0,1,A
2,18200,True,A,B,3,1,A
2,18201,True,B,A,10,1,B
2,18202,True,A,B,3,1,A
2,18203,False,,,,,
2,18204,True,B,A,2,0,B
2,18205,True,A,B,6,1,A
2,18206,True,B,A,2,1,B
2,18207,True,B,A,10,1,B
2,18208,True,A,B,1,1,A
2,18209,True,B,A,2,0,B
2,18210,True,A,B,0,1,A
2,18211,True,A,B,10,1,A
2,18212,True,A,B,2,1,A
2,18213,False,,,,,
2,18214,True,A,B,4,1,A
2,18215,True,B,A,2,0,B
2,18216,True,A,B,2,1,A
2,18217,True,A,B,0,1,A
2,18218,True,A,B,10,1,A
2,18219,True,A,B,1,1,A
2,18220,True,A,B,2,1,A
2,18221,True,B,A,6,1,B
2,18222,True,A,B,4,1,A
2,18223,True,A,B,4,1,A
2,18224,False,,,,,
2,18225,True,A,B,4,1,A
2,18226,True,B,A,2,0,B
2,18227,True,A,B,2,1,A
2,18228,True,B,A,6,1,B
2,18229,False,,,,,
2,18230,True,A,B,6,1,A
2,18231,True,A,B,3,1,A
2,18232,True,A,B,6,1,A
2,18233,True,B,A,10,1,B
2,18234,True,A,B,1,2,A
2,18235,True,B,A,1,1,B
2,18236,True,A,B,1,1,A
2,18237,True,A,B,3,1,A
2,18238,True,B,A,10,1,B
2,18239,True,B,A,3,1,B
2,18240,True,A,B,1,1,A
2,18241,True,A,B,1,1,A
2,18242,True,A,B,6,1,A
2,18243,True,B,A,10,1,B
2,18244,True,B,A,3,1,B
2,18245,True,A,B,1,1,A
2,18246,True,A,B,3,1,A
2,18247,True,A,B,4,1,A
2,18248,True,B,A,3,1,B
2,18249,True,A,B,10,1,A
2,18250,True,A,B,1,2,A
2,18251,True,A,B,0,1,A
2,18252,True,A,B,6,1,A
2,18253,True,B,A,2,0,B
2,18254,True,B,A,0,1,B
2,18255,True,B,A,3,1,B
2,18256,True,B,A,10,1,B
2,18257,True,A,B,2,0,A
2,18258,True,A,B,1,1,A
2,18259,True,B,A,3,1,B
2,18260,True,B,A,10,1,B
2,18261,True,B,A,2,1,B
2,18262,True,A,B,6,1,A
2,18263,True,B,A,6,1,B
2,18264,True,B,A,2,1,B
2,18265,True,B,A,1,1,B
2,18266,True,B,A,0,1,B
2,18267,True,B,A,0,1,B
2,18268,True,A,B,1,1,A
2,18269,True,B,A,1,1,B
2,18270,True,A,B,10,1,A
2,18271,True,A,B,4,1,A
2,18272,True,A,B,4,1,A
2,18273,True,B,A,2,1,B
2,18274,True,B,A,6,1,B
2,18275,True,B,A,2,0,B
2,18276,True,A,B,3,1,A
2,18277,True,B,A,6,1,B
2,18278,True,B,A,2,1,B
2,18279,True,A,B,2,0,A
2,18280,True,A,B,1,2,A
2,18281,True,B,A,4,1,B
2,18282,True,B,A,1,1,B
2,18283,True,A,B,4,1,A
2,18284,True,B,A,4,1,B
2,18285,True,B,A,4,1,B
2,18286,True,A,B,1,2,A
2,18287,True,B,A,0,1,B
2,18288,True,B,A,2,1,B
2,18289,True,A,B,0,1,A
2,18290,True,A,B,1,1,A
2,18291,True,B,A,4,1,B
2,18292,True,B,A,2,1,B
2,18293,True,B,A,10,1,B
2,18294,True,A,B,6,1,A
2,18295,True,A,B,2,1,A
2,18296,True,B,A,10,1,B
2,18297,True,B,A,2,0,B
2,18298,True,A,B,3,1,A
2,18299,True,A,B,2,0,A
2,18300,True,B,A,1,1,B
2,18301,True,B,A,1,1,B
2,18302,True,B,A,10,1,B
2,18303,True,B,A,2,1,B
2,18304,True,A,B,3,1,A
2,18305,True,B,A,10,1,B
2,18306,True,B,A,2,0,B
2,18307,True,B,A,1,2,B
2,18308,True,A,B,1,2,A
2,18309,True,A,B,3,1,A
2,18310,True,B,A,10,1,B
2,18311,True,A,B,1,2,A
2,18312,True,A,B,2,1,A
2,18313,True,A,B,2,0,A
2,18314,True,A,B,4,1,A
2,18315,True,A,B,6,1,A
2,18316,True,B,A,3,1,B
2,18317,True,A,B,4,1,A
2,18318,True,A,B,2,0,A
2,18319,True,B,A,10,1,B
2,18320,True,A,B,6,1,A
2,18321,True,A,B,6,1,A
2,18322,True,A,B,6,1,A
2,18323,True,B,A,1,1,B
2,18324,False,,,,,
2,18325,True,B,A,1,1,B
2,18326,True,A,B,1,1,A
2,18327,False,,,,,
2,18328,True,A,B,3,1,A
2,18329,True,B,A,2,1,B
2,18330,True,B,A,1,2,B
2,18331,True,A,B,6,1,A
2,18332,True,B,A,6,1,B
2,18333,True,B,A,2,0,B
2,18334,True,A,B,10,1,A
2,18335,True,B,A,6,1,B
2,18336,True,A,B,1,2,A
2,18337,True,B,A,6,1,B
2,18338,True,B,A,10,1,B
2,18339,True,A,B,3,1,A
2,18340,True,A,B,1,1,A
2,18341,True,A,B,1,1,A
2,18342,True,B,A,3,1,B
2,18343,True,A,B,1,2,A
2,18344,True,A,B,3,1,A
2,18345,True,A,B,3,1,A
2,18346,True,A,B,0,1,A
2,18347,True,B,A,3,1,B
2,18348,True,B,A,6,1,B
2,18349,True,B,A,3,1,B
2,18350,True,A,B,2,0,A
2,18351,True,A,B,1,2,A
2,18352,True,B,A,4,1,B
2,18353,True,B,A,10,1,B
2,18354,True,A,B,3,1,A
2,18355,True,B,A,6,1,B
2,18356,True,A,B,1,2,A
2,18357,True,B,A,10,1,B
2,18358,True,A,B,1,1,A
2,18359,True,A,B,10,1,A
2,18360,True,B,A,10,1,B
2,18361,True,B,A,10,1,B
2,18362,False,,,,,
2,18363,True,A,B,1,1,A
2,18364,True,A,B,4,1,A
2,18365,True,B,A,2,0,B
2,18366,True,A,B,1,2,A
2,18367,True,A,B,10,1,A
2,18368,True,B,A,2,0,B
2,18369,True,A,B,3,1,A
2,18370,True,A,B,3,1,A
2,18371,True,A,B,10,1,A
2,18372,True,A,B,1,1,A
2,18373,True,A,B,1,1,A
2,18374,False,,,,,
2,18375,True,A,B,3,1,A
2,18376,True,B,A,2,0,B
2,18377,True,A,B,2,1,A
2,18378,True,B,A,0,1,B
2,18379,True,A,B,4,1,A
2,18380,True,A,B,6,1,A
2,18381,True,A,B,1,1,A
2,18382,True,B,A,10,1,B
2,18383,True,B,A,10,1,B
2,18384,True,A,B,4,1,A
2,18385,True,A,B,6,1,A
2,18386,True,A,B,2,1,A
2,18387,True,B,A,1,2,B
2,18388,True,A,B,6,1,A
2,18389,True,B,A,4,1,B
2,18390,True,B,A,3,1,B
2,18391,True,A,B,0,1,A
2,18392,True,A,B,0,1,A
2,18393,True,B,A,1,2,B
2,18394,True,A,B,1,2,A
2,18395,True,B,A,2,0,B
2,18396,True,A,B,0,1,A
2,18397,True,B,A,2,1,B
2,18398,True,B,A,2,0,B
2,18399,True,B,A,10,1,B
2,18400,False,,,,,
2,18401,True,A,B,1,1,A
2,18402,True,B,A,3,1,B
2,18403,True,A,B,6,1,A
2,18404,True,B,A,2,1,B
2,18405,True,B,A,10,1,B
2,18406,True,B,A,2,1,B
2,18407,True,B,A,2,0,B
2,18408,True,A,B,6,1,A
2,18409,True,B,A,4,1,B
2,18410,True,A,B,10,1,A
2,18411,True,B,A,6,1,B
2,18412,True,A,B,3,1,A
2,18413,True,B,A,2,0,B
2,18414,True,A,B,1,1,A
2,18415,True,A,B,10,1,A
2,18416,True,B,A,10,1,B
2,18417,True,A,B,1,1,A
2,18418,True,A,B,1,1,A
2,18419,False,,,,,
2,18420,True,B,A,3,1,B
2,18421,True,B,A,3,1,B
2,18422,True,B,A,0,1,B
2,18423,True,A,B,4,1,A
2,18424,True,B,A,3,1,B
2,18425,True,B,A,0,1,B
2,18426,True,A,B,2,1,A
2,18427,True,A,B,1,1,A
2,18428,True,A,B,2,0,A
2,18429,True,B,A,2,1,B
2,18430,True,A,B,2,1,A
2,18431,True,B,A,6,1,B
2,18432,True,B,A,4,1,B
2,18433,True,B,A,4,1,B
2,18434,True,A,B,4,1,A
2,18435,True,A,B,6,1,A
2,18436,False,,,,,
2,18437,True,A,B,2,1,A
2,18438,True,A,B,1,1,A
2,18439,True,A,B,0,1,A
2,18440,True,A,B,6,1,A
2,18441,True,B,A,1,2,B
2,18442,True,A,B,1,2,A
2,18443,True,B,A,4,1,B
2,18444,True,B,A,10,1,B
2,18445,True,A,B,6,1,A
2,18446,True,B,A,2,0,B
2,18447,True,B,A,4,1,B
2,18448,True,B,A,6,1,B
2,18449,True,A,B,2,0,A
2,18450,True,A,B,4,1,A
2,18451,True,B,A,2,1,B
2,18452,True,B,A,6,1,B
2,18453,False,,,,,
2,18454,True,A,B,0,1,A
2,18455,True,A,B,6,1,A
2,18456,True,B,A,3,1,B
2,18457,True,A,B,2,0,A
2,18458,True,B,A,3,1,B
2,18459,True,B,A,0,1,B
2,18460,True,B,A,3,1,B
2,18461,True,B,A,10,1,B
2,18462,True,A,B,0,1,A
2,18463,False,,,,,
2,18464,True,B,A,2,1,B
2,18465,True,B,A,2,1,B
2,18466,True,B,A,3,1,B
2,18467,True,B,A,6,1,B
2,18468,True,B,A,1,1,B
2,18469,True,A,B,2,0,A
2,18470,True,B,A,1,2,B
2,18471,True,A,B,1,2,A
2,18472,True,B,A,3,1,B
2,18473,True,B,A,6,1,B
2,18474,True,B,A,1,1,B
2,18475,True,A,B,1,2,A
2,18476,True,A,B,2,1,A
2,18477,True,A,B,0,1,A
2,18478,True,A,B,6,1,A
2,18479,True,A,B,2,0,A
2,18480,True,B,A,0,1,B
2,18481,True,A,B,10,1,A
2,18482,True,B,A,2,0,B
2,18483,True,B,A,1,2,B
2,18484,True,A,B,4,1,A
2,18485,True,B,A,4,1,B
2,18486,True,B,A,10,1,B
2,18487,True,B,A,2,1,B
2,18488,True,A,B,2,0,A
2,18489,True,A,B,10,1,A
2,18490,True,A,B,10,1,A
2,18491,True,A,B,10,1,A
2,18492,True,A,B,4,1,A
2,18493,True,A,B,0,1,A
2,18494,True,B,A,4,1,B
2,18495,True,B,A,4,1,B
2,18496,False,,,,,
2,18497,True,A,B,2,0,A
2,18498,True,A,B,0,1,A
2,18499,False,,,,,
2,18500,True,B,A,2,0,B
2,18501,True,A,B,6,1,A
2,18502,True,B,A,2,1,B
2,18503,True,A,B,1,2,A
2,18504,True,B,A,6,1,B
2,18505,True,B,A,3,1,B
2,18506,True,B,A,1,2,B
2,18507,True,B,A,4,1,B
2,18508,True,A,B,0,1,A
2,18509,True,A,B,0,1,A
2,18510,True,B,A,3,1,B
2,18511,True,B,A,1,2,B
2,18512,True,B,A,2,0,B
2,18513,True,B,A,2,0,B
2,18514,True,B,A,3,1,B
2,18515,True,A,B,2,0,A
2,18516,True,A,B,1,1,A
2,18517,True,A,B,2,1,A
2,18518,True,A,B,3,1,A
2,18519,True,B,A,2,0,B
2,18520,True,B,A,6,1,B
2,18521,True,A,B,10,1,A
2,18522,True,B,A,4,1,B
2,18523,True,B,A,1,2,B
2,18524,True,A,B,2,0,A
2,18525,True,A,B,6,1,A
2,18526,True,B,A,2,1,B
2,18527,True,A,B,3,1,A
2,18528,True,A,B,6,1,A
2,18529,True,A,B,1,1,A
2,18530,True,B,A,10,1,B
2,18531,True,B,A,4,1,B
2,18532,True,B,A,1,1,B
2,18533,True,A,B,2,0,A
2,18534,True,B,A,3,1,B
2,18535,True,A,B,0,1,A
2,18536,True,B,A,10,1,B
2,18537,True,A,B,2,0,A
2,18538,True,B,A,2,0,B
2,18539,False,,,,,
2,18540,True,B,A,2,1,B
2,18541,True,A,B,6,1,A
2,18542,True,B,A,2,0,B
2,18543,True,B,A,2,0,B
2,18544,True,A,B,1,2,A
2,18545,True,A,B,2,1,A
2,18546,True,B,A,2,1,B
2,18547,True,B,A,6,1,B
2,18548,True,A,B,2,0,A
2,18549,True,B,A,1,2,B
2,18550,True,A,B,1,2,A
2,18551,True,B,A,2,1,B
2,18552,True,A,B,1,1,A
2,18553,True,B,A,1,1,B
2,18554,True,A,B,4,1,A
2,18555,True,A,B,2,1,A
2,18556,True,A,B,3,1,A
2,18557,True,B,A,6,1,B
2,18558,True,B,A,2,1,B
2,18559,True,B,A,6,1,B
2,18560,True,A,B,4,1,A
2,18561,True,B,A,1,2,B
2,18562,True,A,B,2,0,A
2,18563,True,B,A,0,1,B
2,18564,True,B,A,2,1,B
2,18565,True,B,A,1,1,B
2,18566,True,A,B,2,0,A
2,18567,True,B,A,1,2,B
2,18568,True,B,A,2,1,B
2,18569,False,,,,,
2,18570,True,A,B,1,2,A
2,18571,False,,,,,
2,18572,True,B,A,3,1,B
2,18573,False,,,,,
2,18574,True,B,A,2,0,B
2,18575,True,A,B,2,0,A
2,18576,True,B,A,3,1,B
2,18577,True,A,B,0,1,A
2,18578,False,,,,,
2,18579,True,A,B,1,1,A
2,18580,True,B,A,4,1,B
2,18581,True,A,B,10,1,A
2,18582,True,A,B,1,1,A
2,18583,True,A,B,6,1,A
2,18584,True,A,B,2,1,A
2,18585,True,A,B,0,1,A
2,18586,True,B,A,0,1,B
2,18587,True,B,A,1,2,B
2,18588,True,A,B,3,1,A
2,18589,True,B,A,10,1,B
2,18590,True,A,B,6,1,A
2,18591,True,B,A,2,1,B
2,18592,True,B,A,3,1,B
2,18593,True,B,A,3,1,B
2,18594,True,A,B,4,1,A
2,18595,True,B,A,4,1,B
2,18596,False,,,,,
2,18597,True,A,B,4,1,A
2,18598,True,B,A,3,1,B
2,18599,True,A,B,2,0,A
2,18600,False,,,,,
2,18601,True,A,B,4,1,A
2,18602,True,B,A,0,1,B
2,18603,True,B,A,6,1,B
2,18604,True,B,A,6,1,B
2,18605,True,A,B,4,1,A
2,18606,True,A,B,1,1,A
2,18607,True,A,B,1,1,A
2,18608,True,B,A,0,1,B
2,18609,True,A,B,4,1,A
2,18610,True,B,A,2,0,B
2,18611,True,B,A,0,1,B
2,18612,True,B,A,4,1,B
2,18613,True,A,B,2,1,A
2,18614,True,B,A,3,1,B
2,18615,True,A,B,6,1,A
2,18616,True,A,B,1,2,A
2,18617,True,B,A,10,1,B
2,18618,True,A,B,10,1,A
2,18619,True,B,A,10,1,B
2,18620,True,A,B,4,1,A
2,18621,False,,,,,
2,18622,True,B,A,6,1,B
2,18623,False,,,,,
2,18624,True,B,A,2,1,B
2,18625,True,B,A,2,1,B
2,18626,True,A,B,0,1,A
2,18627,True,A,B,4,1,A
2,18628,True,A,B,4,1,A
2,18629,True,B,A,2,1,B
2,18630,False,,,,,
2,18631,True,A,B,4,1,A
2,18632,True,B,A,2,1,B
2,18633,True,B,A,4,1,B
2,18634,True,B,A,10,1,B
2,18635,True,A,B,1,2,A
2,18636,True,B,A,0,1,B
2,18637,True,B,A,10,1,B
2,18638,True,A,B,0,1,A
2,18639,False,,,,,
2,18640,True,B,A,1,2,B
2,18641,True,A,B,2,0,A
2,18642,True,B,A,4,1,B
2,18643,True,A,B,10,1,A
2,18644,True,B,A,6,1,B
2,18645,True,A,B,6,1,A
2,18646,True,B,A,10,1,B
2,18647,True,A,B,0,1,A
2,18648,False,,,,,
2,18649,True,A,B,1,1,A
2,18650,True,B,A,2,0,B
2,18651,True,A,B,10,1,A
2,18652,True,A,B,0,1,A
2,18653,True,A,B,1,1,A
2,18654,True,B,A,3,1,B
2,18655,True,A,B,3,1,A
2,18656,True,B,A,2,0,B
2,18657,True,A,B,1,2,A
2,18658,True,A,B,4,1,A
2,18659,True,A,B,10,1,A
2,18660,False,,,,,
2,18661,True,A,B,2,0,A
2,18662,False,,,,,
2,18663,False,,,,,
2,18664,True,A,B,10,1,A
2,18665,True,B,A,2,1,B
2,18666,True,B,A,1,2,B
2,18667,False,,,,,
2,18668,True,B,A,2,0,B
2,18669,True,A,B,1,1,A
2,18670,True,B,A,2,0,B
2,18671,True,B,A,2,0,B
2,18672,True,B,A,1,1,B
2,18673,True,A,B,10,1,A
2,18674,True,B,A,2,1,B
2,18675,True,B,A,2,1,B
2,18676,True,A,B,6,1,A
2,18677,True,B,A,4,1,B
2,18678,True,B,A,6,1,B
2,18679,True,A,B,3,1,A
2,18680,True,B,A,1,2,B
2,18681,True,B,A,4,1,B
2,18682,True,B,A,1,1,B
2,18683,True,A,B,2,0,A
2,18684,True,B,A,6,1,B
2,18685,True,B,A,0,1,B
2,18686,True,A,B,0,1,A
2,18687,True,B,A,10,1,B
2,18688,True,B,A,1,2,B
2,18689,True,A,B,2,1,A
2,18690,True,A,B,1,1,A
2,18691,True,A,B,6,1,A
2,18692,True,A,B,2,1,A
2,18693,True,A,B,1,2,A
2,18694,True,A,B,2,0,A
2,18695,True,B,A,1,1,B
2,18696,True,A,B,2,1,A
2,18697,True,A,B,4,1,A
2,18698,True,A,B,0,1,A
2,18699,True,A,B,4,1,A
2,18700,True,A,B,2,1,A
2,18701,True,B,A,10,1,B
2,18702,True,A,B,3,1,A
2,18703,True,B,A,2,1,B
2,18704,True,B,A,0,1,B
2,18705,True,B,A,1,2,B
2,18706,True,B,A,0,1,B
2,18707,True,A,B,1,1,A
2,18708,True,B,A,1,1,B
2,18709,True,A,B,6,1,A
2,18710,True,A,B,2,1,A
2,18711,True,A,B,4,1,A
2,18712,True,B,A,3,1,B
2,18713,True,A,B,0,1,A
2,18714,True,A,B,2,0,A
2,18715,True,A,B,0,1,A
2,18716,True,A,B,4,1,A
2,18717,True,A,B,2,1,A
2,18718,True,A,B,10,1,A
2,18719,True,B,A,4,1,B
2,18720,True,B,A,3,1,B
2,18721,True,A,B,0,1,A
2,18722,True,B,A,10,1,B
2,18723,False,,,,,
2,18724,False,,,,,
2,18725,True,B,A,2,0,B
2,18726,True,B,A,0,1,B
2,18727,True,A,B,2,0,A
2,18728,False,,,,,
2,18729,True,A,B,1,2,A
2,18730,True,B,A,1,1,B
2,18731,True,B,A,1,1,B
2,18732,True,B,A,6,1,B
2,18733,True,A,B,10,1,A
2,18734,True,B,A,3,1,B
2,18735,True,B,A,1,1,B
2,18736,True,A,B,1,1,A
2,18737,True,B,A,2,1,B
2,18738,True,B,A,4,1,B
2,18739,True,B,A,3,1,B
2,18740,True,B,A,0,1,B
2,18741,True,A,B,2,0,A
2,18742,True,A,B,4,1,A
2,18743,True,A,B,3,1,A
2,18744,True,A,B,1,1,A
2,18745,True,B,A,4,1,B
2,18746,True,A,B,3,1,A
2,18747,True,A,B,2,0,A
2,18748,True,B,A,2,0,B
2,18749,True,A,B,1,1,A
2,18750,True,B,A,1,1,B
2,18751,True,A,B,2,1,A
2,18752,True,A,B,2,0,A
2,18753,True,B,A,2,0,B
2,18754,True,A,B,3,1,A
2,18755,True,A,B,0,1,A
2,18756,False,,,,,
2,18757,False,,,,,
2,18758,True,B,A,0,1,B
2,18759,True,A,B,10,1,A
2,18760,True,B,A,10,1,B
2,18761,True,B,A,1,2,B
2,18762,True,B,A,2,1,B
2,18763,True,B,A,6,1,B
2,18764,True,A,B,1,1,A
2,18765,True,B,A,6,1,B
2,18766,True,B,A,3,1,B
2,18767,True,B,A,2,1,B
2,18768,True,B,A,10,1,B
2,18769,True,A,B,6,1,A
2,18770,True,B,A,10,1,B
2,18771,True,A,B,10,1,A
2,18772,True,A,B,4,1,A
2,18773,True,B,A,1,2,B
2,18774,True,A,B,6,1,A
2,18775,True,A,B,1,2,A
2,18776,True,A,B,1,1,A
2,18777,True,A,B,1,1,A
2,18778,True,A,B,2,0,A
2,18779,True,A,B,4,1,A
2,18780,True,A,B,10,1,A
2,18781,True,B,A,6,1,B
2,18782,True,A,B,3,1,A
2,18783,True,A,B,2,0,A
2,18784,True,A,B,2,0,A
2,18785,True,A,B,2,0,A
2,18786,True,A,B,2,0,A
2,18787,True,A,B,10,1,A
2,18788,False,,,,,
2,18789,True,A,B,1,2,A
2,18790,True,A,B,6,1,A
2,18791,True,A,B,2,0,A
2,18792,True,A,B,2,1,A
2,18793,True,A,B,1,2,A
2,18794,True,A,B,2,1,A
2,18795,True,A,B,1,1,A
2,18796,True,A,B,2,0,A
2,18797,True,B,A,2,0,B
2,18798,True,B,A,1,1,B
2,18799,True,B,A,6,1,B
2,18800,True,B,A,6,1,B
2,18801,True,B,A,3,1,B
2,18802,True,A,B,10,1,A
2,18803,True,A,B,6,1,A
2,18804,True,A,B,4,1,A
2,18805,True,B,A,6,1,B
2,18806,True,A,B,4,1,A
2,18807,True,B,A,1,1,B
2,18808,True,A,B,1,1,A
2,18809,True,B,A,3,1,B
2,18810,True,B,A,0,1,B
2,18811,True,A,B,10,1,A
2,18812,True,B,A,3,1,B
2,18813,True,A,B,6,1,A
2,18814,True,B,A,2,1,B
2,18815,True,A,B,2,1,A
2,18816,True,A,B,1,2,A
2,18817,True,A,B,4,1,A
2,18818,True,B,A,0,1,B
2,18819,False,,,,,
2,18820,False,,,,,
2,18821,True,B,A,2,0,B
2,18822,True,A,B,1,1,A
2,18823,True,B,A,0,1,B
2,18824,True,A,B,1,1,A
2,18825,True,A,B,2,1,A
2,18826,True,B,A,3,1,B
2,18827,True,A,B,3,1,A
2,18828,True,A,B,6,1,A
2,18829,True,A,B,6,1,A
2,18830,False,,,,,
2,18831,True,B,A,2,0,B
2,18832,True,A,B,2,1,A
2,18833,True,A,B,0,1,A
2,18834,True,B,A,3,1,B
2,18835,True,A,B,1,1,A
2,18836,True,A,B,6,1,A
2,18837,True,B,A,4,1,B
2,18838,True,A,B,1,1,A
2,18839,True,A,B,1,2,A
2,18840,True,A,B,2,0,A
2,18841,True,B,A,10,1,B
2,18842,True,A,B,3,1,A
2,18843,True,A,B,10,1,A
2,18844,True,A,B,1,1,A
2,18845,True,A,B,3,1,A
2,18846,True,B,A,4,1,B
2,18847,True,B,A,1,2,B
2,18848,True,B,A,2,1,B
2,18849,True,B,A,2,1,B
2,18850,True,B,A,0,1,B
2,18851,True,A,B,1,1,A
2,18852,True,B,A,10,1,B
2,18853,True,A,B,4,1,A
2,18854,True,B,A,2,1,B
2,18855,False,,,,,
2,18856,True,A,B,3,1,A
2,18857,True,A,B,0,1,A
2,18858,True,A,B,0,1,A
2,18859,True,A,B,1,2,A
2,18860,True,A,B,2,1,A
2,18861,True,A,B,2,0,A
2,18862,True,B,A,6,1,B
2,18863,True,B,A,6,1,B
2,18864,True,B,A,3,1,B
2,18865,True,B,A,2,0,B
2,18866,True,A,B,1,1,A
2,18867,True,A,B,0,1,A
2,18868,True,A,B,10,1,A
2,18869,True,B,A,3,1,B
2,18870,True,A,B,1,1,A
2,18871,True,A,B,6,1,A
2,18872,True,A,B,4,1,A
2,18873,True,A,B,1,1,A
2,18874,True,B,A,1,1,B
2,18875,True,A,B,1,1,A
2,18876,True,B,A,2,1,B
2,18877,True,A,B,6,1,A
2,18878,True,A,B,6,1,A
2,18879,True,B,A,10,1,B
2,18880,True,A,B,2,0,A
2,18881,True,A,B,0,1,A
2,18882,True,B,A,3,1,B
2,18883,True,A,B,2,1,A
2,18884,True,A,B,2,1,A
2,18885,True,A,B,4,1,A
2,18886,True,A,B,1,1,A
2,18887,False,,,,,
2,18888,False,,,,,
2,18889,True,B,A,4,1,B
2,18890,True,B,A,1,2,B
2,18891,True,A,B,6,1,A
2,18892,True,B,A,1,1,B
2,18893,True,A,B,3,1,A
2,18894,True,A,B,10,1,A
2,18895,True,A,B,0,1,A
2,18896,True,A,B,3,1,A
2,18897,True,A,B,4,1,A
2,18898,True,A,B,2,1,A
2,18899,True,A,B,0,1,A
2,18900,True,A,B,10,1,A
2,18901,True,A,B,6,1,A
2,18902,True,A,B,4,1,A
2,18903,True,A,B,1,2,A
2,18904,True,A,B,2,1,A
2,18905,True,B,A,4,1,B
2,18906,True,A,B,0,1,A
2,18907,True,B,A,4,1,B
2,18908,False,,,,,
2,18909,True,A,B,2,0,A
2,18910,True,B,A,4,1,B
2,18911,False,,,,,
2,18912,True,B,A,2,0,B
2,18913,True,A,B,6,1,A
2,18914,False,,,,,
2,18915,True,B,A,2,1,B
2,18916,True,B,A,6,1,B
2,18917,True,A,B,6,1,A
2,18918,True,B,A,0,1,B
2,18919,True,A,B,4,1,A
2,18920,True,B,A,2,0,B
2,18921,True,B,A,6,1,B
2,18922,True,A,B,0,1,A
2,18923,True,A,B,0,1,A
2,18924,True,A,B,4,1,A
2,18925,True,B,A,2,0,B
2,18926,True,A,B,0,1,A
2,18927,True,A,B,2,1,A
2,18928,True,B,A,1,2,B
2,18929,True,A,B,0,1,A
2,18930,True,B,A,4,1,B
2,18931,True,B,A,0,1,B
2,18932,True,B,A,4,1,B
2,18933,True,B,A,1,1,B
2,18934,True,B,A,2,1,B
2,18935,True,A,B,2,0,A
2,18936,True,A,B,1,2,A
2,18937,True,A,B,3,1,A
2,18938,True,A,B,2,1,A
2,18939,True,A,B,10,1,A
2,18940,True,B,A,3,1,B
2,18941,True,B,A,2,0,B
2,18942,True,B,A,2,1,B
2,18943,True,A,B,10,1,A
2,18944,True,A,B,2,1,A
2,18945,True,B,A,2,0,B
2,18946,True,B,A,0,1,B
2,18947,True,B,A,3,1,B
2,18948,True,A,B,2,1,A
2,18949,True,B,A,3,1,B
2,18950,True,B,A,3,1,B
2,18951,True,A,B,6,1,A
2,18952,True,A,B,2,1,A
2,18953,True,B,A,6,1,B
2,18954,True,B,A,4,1,B
2,18955,True,A,B,1,2,A
2,18956,True,A,B,10,1,A
2,18957,True,A,B,0,1,A
2,18958,True,A,B,2,0,A
2,18959,True,A,B,10,1,A
2,18960,True,A,B,1,1,A
2,18961,True,B,A,10,1,B
2,18962,True,B,A,3,1,B
2,18963,True,A,B,10,1,A
2,18964,True,B,A,10,1,B
2,18965,True,A,B,2,0,A
2,18966,True,A,B,1,2,A
2,18967,True,B,A,4,1,B
2,18968,True,A,B,1,1,A
2,18969,True,B,A,3,1,B
2,18970,True,B,A,1,1,B
2,18971,True,B,A,0,1,B
2,18972,True,A,B,10,1,A
2,18973,False,,,,,
2,18974,False,,,,,
2,18975,True,B,A,6,1,B
2,18976,True,B,A,0,1,B
2,18977,True,B,A,3,1,B
2,18978,True,A,B,2,1,A
2,18979,True,B,A,1,1,B
2,18980,True,B,A,0,1,B
2,18981,True,B,A,3,1,B
2,18982,True,B,A,2,1,B
2,18983,True,A,B,1,1,A
2,18984,False,,,,,
2,18985,True,A,B,4,1,A
2,18986,True,B,A,1,1,B
2,18987,True,B,A,10,1,B
2,18988,True,B,A,10,1,B
2,18989,True,A,B,4,1,A
2,18990,False,,,,,
2,18991,True,B,A,1,1,B
2,18992,True,A,B,1,1,A
2,18993,True,A,B,2,0,A
2,18994,True,B,A,10,1,B
2,18995,True,B,A,10,1,B
2,18996,True,B,A,4,1,B
2,18997,True,A,B,1,1,A
2,18998,True,B,A,4,1,B
2,18999,True,B,A,4,1,B
2,19000,True,A,B,2,0,A
2,19001,False,,,,,
2,19002,True,A,B,10,1,A
2,19003,True,A,B,0,1,A
2,19004,True,B,A,3,1,B
2,19005,True,A,B,2,0,A
2,19006,True,B,A,1,2,B
2,19007,True,A,B,6,1,A
2,19008,True,B,A,1,1,B
2,19009,True,B,A,6,1,B
2,19010,True,A,B,2,1,A
2,19011,True,A,B,3,1,A
2,19012,True,A,B,1,2,A
2,19013,True,A,B,1,2,A
2,19014,False,,,,,
2,19015,True,B,A,6,1,B
2,19016,True,B,A,3,1,B
2,19017,True,B,A,2,0,B
2,19018,False,,,,,
2,19019,True,A,B,10,1,A
2,19020,True,B,A,10,1,B
2,19021,True,B,A,3,1,B
2,19022,True,A,B,10,1,A
2,19023,True,B,A,10,1,B
2,19024,True,A,B,1,2,A
2,19025,True,A,B,10,1,A
2,19026,True,A,B,3,1,A
2,19027,True,A,B,6,1,A
2,19028,True,A,B,2,0,A
2,19029,True,A,B,1,2,A
2,19030,True,B,A,1,2,B
2,19031,True,B,A,10,1,B
2,19032,True,B,A,2,1,B
2,19033,True,B,A,6,1,B
2,19034,True,B,A,1,1,B
2,19035,True,A,B,4,1,A
2,19036,True,A,B,10,1,A
2,19037,True,B,A,4,1,B
2,19038,True,A,B,2,0,A
2,19039,True,A,B,3,1,A
2,19040,True,A,B,1,2,A
2,19041,True,B,A,1,2,B
2,19042,True,B,A,10,1,B
2,19043,True,A,B,4,1,A
2,19044,True,B,A,2,0,B
2,19045,True,A,B,4,1,A
2,19046,True,A,B,4,1,A
2,19047,True,B,A,1,1,B
2,19048,True,A,B,0,1,A
2,19049,True,A,B,2,0,A
2,19050,True,A,B,2,0,A
2,19051,True,B,A,0,1,B
2,19052,True,B,A,1,1,B
2,19053,False,,,,,
2,19054,True,B,A,10,1,B
2,19055,True,A,B,1,1,A
2,19056,True,B,A,6,1,B
2,19057,True,A,B,2,0,A
2,19058,True,A,B,10,1,A
2,19059,True,A,B,10,1,A
2,19060,True,B,A,10,1,B
2,19061,True,A,B,6,1,A
2,19062,False,,,,,
2,19063,True,B,A,1,1,B
2,19064,True,A,B,0,1,A
2,19065,True,B,A,6,1,B
2,19066,True,B,A,0,1,B
2,19067,True,B,A,0,1,B
2,19068,True,A,B,4,1,A
2,19069,True,A,B,1,2,A
2,19070,True,A,B,10,1,A
2,19071,False,,,,,
2,19072,True,A,B,2,1,A
2,19073,True,B,A,1,2,B
2,19074,True,B,A,4,1,B
2,19075,True,A,B,0,1,A
2,19076,True,B,A,4,1,B
2,19077,True,B,A,2,0,B
2,19078,True,A,B,1,1,A
2,19079,True,A,B,4,1,A
2,19080,True,A,B,2,0,A
2,19081,True,A,B,10,1,A
2,19082,True,B,A,2,0,B
2,19083,True,A,B,0,1,A
2,19084,True,A,B,1,1,A
2,19085,True,B,A,1,1,B
2,19086,True,B,A,1,2,B
2,19087,True,A,B,0,1,A
2,19088,True,A,B,6,1,A
2,19089,True,A,B,2,1,A
2,19090,True,B,A,6,1,B
2,19091,True,A,B,1,1,A
2,19092,True,B,A,4,1,B
2,19093,True,A,B,1,2,A
2,19094,True,A,B,1,1,A
2,19095,False,,,,,
2,19096,False,,,,,
2,19097,True,A,B,6,1,A
2,19098,False,,,,,
2,19099,True,B,A,4,1,B
2,19100,True,A,B,6,1,A
2,19101,True,B,A,10,1,B
2,19102,True,B,A,3,1,B
2,19103,True,A,B,0,1,A
2,19104,True,A,B,2,0,A
2,19105,True,A,B,6,1,A
2,19106,True,B,A,10,1,B
2,19107,True,B,A,10,1,B
2,19108,False,,,,,
2,19109,True,A,B,2,1,A
2,19110,True,A,B,6,1,A
2,19111,True,A,B,6,1,A
2,19112,True,A,B,1,2,A
2,19113,True,A,B,4,1,A
2,19114,True,B,A,10,1,B
2,19115,True,B,A,6,1,B
2,19116,True,B,A,1,2,B
2,19117,True,B,A,0,1,B
2,19118,True,A,B,4,1,A
2,19119,True,A,B,3,1,A
2,19120,True,B,A,0,1,B
2,19121,True,B,A,0,1,B
2,19122,True,A,B,2,0,A
2,19123,True,A,B,6,1,A
2,19124,True,B,A,1,2,B
2,19125,True,A,B,2,1,A
2,19126,True,B,A,2,0,B
2,19127,True,A,B,0,1,A
2,19128,True,B,A,1,1,B
2,19129,True,B,A,10,1,B
2,19130,True,A,B,0,1,A
2,19131,True,A,B,10,1,A
2,19132,True,A,B,4,1,A
2,19133,True,B,A,6,1,B
2,19134,False,,,,,
2,19135,True,A,B,1,1,A
2,19136,True,B,A,6,1,B
2,19137,True,A,B,3,1,A
2,19138,True,B,A,2,1,B
2,19139,True,B,A,10,1,B
2,19140,True,B,A,2,1,B
2,19141,True,A,B,2,1,A
2,19142,True,B,A,1,1,B
2,19143,True,A,B,4,1,A
2,19144,True,A,B,2,0,A
2,19145,True,A,B,1,2,A
2,19146,True,A,B,6,1,A
2,19147,True,A,B,1,2,A
2,19148,True,A,B,4,1,A
2,19149,True,A,B,0,1,A
2,19150,True,A,B,4,1,A
2,19151,True,B,A,1,1,B
2,19152,True,B,A,2,1,B
2,19153,True,B,A,2,0,B
2,19154,True,A,B,4,1,A
2,19155,False,,,,,
2,19156,False,,,,,
2,19157,False,,,,,
2,19158,True,A,B,0,1,A
2,19159,True,B,A,2,1,B
2,19160,True,A,B,2,0,A
2,19161,True,A,B,6,1,A
2,19162,True,B,A,1,1,B
2,19163,True,B,A,2,1,B
2,19164,True,B,A,6,1,B
2,19165,True,B,A,3,1,B
2,19166,True,A,B,1,2,A
2,19167,True,B,A,1,1,B
2,19168,True,B,A,0,1,B
2,19169,True,A,B,6,1,A
2,19170,True,B,A,2,1,B
2,19171,True,A,B,2,0,A
2,19172,True,B,A,1,2,B
2,19173,True,B,A,6,1,B
2,19174,False,,,,,
2,19175,True,B,A,2,0,B
2,19176,True,A,B,0,1,A
2,19177,True,A,B,10,1,A
2,19178,True,A,B,1,2,A
2,19179,True,A,B,2,0,A
2,19180,True,A,B,6,1,A
2,19181,True,B,A,6,1,B
2,19182,True,B,A,1,2,B
2,19183,True,A,B,1,2,A
2,19184,True,B,A,2,0,B
2,19185,False,,,,,
2,19186,True,A,B,1,1,A
2,19187,True,B,A,1,2,B
2,19188,False,,,,,
2,19189,True,A,B,4,1,A
2,19190,False,,,,,
2,19191,True,A,B,2,1,A
2,19192,True,A,B,3,1,A
2,19193,True,B,A,3,1,B
2,19194,True,A,B,1,2,A
2,19195,True,A,B,2,1,A
2,19196,True,B,A,4,1,B
2,19197,True,A,B,3,1,A
2,19198,True,A,B,2,0,A
2,19199,True,B,A,6,1,B
2,19200,True,B,A,6,1,B
2,19201,True,A,B,1,2,A
2,19202,True,A,B,2,1,A
2,19203,True,A,B,3,1,A
2,19204,True,A,B,1,1,A
2,19205,True,A,B,6,1,A
2,19206,True,A,B,0,1,A
2,19207,True,A,B,10,1,A
2,19208,True,A,B,1,2,A
2,19209,True,A,B,6,1,A
2,19210,True,B,A,10,1,B
2,19211,True,A,B,10,1,A
2,19212,True,A,B,4,1,A
2,19213,True,B,A,6,1,B
2,19214,True,A,B,0,1,A
2,19215,True,B,A,4,1,B
2,19216,True,B,A,4,1,B
2,19217,True,B,A,3,1,B
2,19218,True,A,B,2,0,A
2,19219,True,B,A,1,1,B
2,19220,True,A,B,2,0,A
2,19221,True,A,B,3,1,A
2,19222,True,A,B,4,1,A
2,19223,True,B,A,0,1,B
2,19224,True,A,B,2,0,A
2,19225,True,B,A,10,1,B
2,19226,True,A,B,1,2,A
2,19227,True,B,A,6,1,B
2,19228,True,B,A,2,1,B
2,19229,True,A,B,4,1,A
2,19230,True,B,A,2,0,B
2,19231,True,B,A,6,1,B
2,19232,True,B,A,3,1,B
2,19233,True,B,A,1,1,B
2,19234,False,,,,,
2,19235,True,A,B,3,1,A
2,19236,True,A,B,2,0,A
2,19237,True,A,B,10,1,A
2,19238,True,A,B,1,2,A
2,19239,True,A,B,10,1,A
2,19240,True,A,B,0,1,A
2,19241,True,B,A,4,1,B
2,19242,True,A,B,2,0,A
2,19243,True,B,A,2,1,B
2,19244,True,B,A,4,1,B
2,19245,True,A,B,2,1,A
2,19246,True,A,B,6,1,A
2,19247,False,,,,,
2,19248,False,,,,,
2,19249,True,B,A,2,0,B
2,19250,True,B,A,0,1,B
2,19251,True,B,A,4,1,B
2,19252,True,B,A,6,1,B
2,19253,True,B,A,3,1,B
2,19254,True,B,A,10,1,B
2,19255,True,B,A,10,1,B
2,19256,True,B,A,1,1,B
2,19257,True,A,B,10,1,A
2,19258,True,B,A,6,1,B
2,19259,True,B,A,3,1,B
2,19260,True,A,B,10,1,A
2,19261,True,A,B,1,2,A
2,19262,False,,,,,
2,19263,True,A,B,1,2,A
2,19264,True,A,B,1,1,A
2,19265,True,A,B,4,1,A
2,19266,False,,,,,
2,19267,True,B,A,1,2,B
2,19268,True,A,B,4,1,A
2,19269,True,B,A,2,1,B
2,19270,True,B,A,4,1,B
2,19271,True,A,B,2,0,A
2,19272,True,B,A,6,1,B
2,19273,True,B,A,1,2,B
2,19274,True,A,B,0,1,A
2,19275,True,A,B,2,0,A
2,19276,True,A,B,6,1,A
2,19277,True,A,B,6,1,A
2,19278,True,A,B,1,1,A
2,19279,True,B,A,2,0,B
2,19280,True,B,A,4,1,B
2,19281,True,B,A,2,0,B
2,19282,True,B,A,2,0,B
2,19283,True,A,B,6,1,A
2,19284,True,A,B,2,1,A
2,19285,True,A,B,3,1,A
2,19286,True,B,A,2,1,B
2,19287,True,A,B,4,1,A
2,19288,False,,,,,
2,19289,True,A,B,1,1,A
2,19290,True,A,B,2,1,A
2,19291,True,B,A,4,1,B
2,19292,True,B,A,0,1,B
2,19293,True,A,B,0,1,A
2,19294,True,B,A,4,1,B
2,19295,True,B,A,1,1,B
2,19296,False,,,,,
2,19297,True,B,A,3,1,B
2,19298,True,B,A,1,1,B
2,19299,True,A,B,1,2,A
2,19300,False,,,,,
2,19301,True,A,B,1,1,A
2,19302,True,B,A,4,1,B
2,19303,True,B,A,1,1,B
2,19304,True,A,B,6,1,A
2,19305,True,B,A,0,1,B
2,19306,True,B,A,6,1,B
2,19307,True,A,B,0,1,A
2,19308,True,A,B,0,1,A
2,19309,True,B,A,3,1,B
2,19310,True,B,A,1,2,B
2,19311,True,B,A,10,1,B
2,19312,True,A,B,4,1,A
2,19313,True,B,A,0,1,B
2,19314,True,A,B,0,1,A
2,19315,True,B,A,1,1,B
2,19316,True,B,A,2,0,B
2,19317,True,A,B,4,1,A
2,19318,True,A,B,6,1,A
2,19319,True,B,A,1,1,B
2,19320,True,A,B,4,1,A
2,19321,True,B,A,2,0,B
2,19322,True,A,B,3,1,A
2,19323,True,B,A,2,1,B
2,19324,True,B,A,10,1,B
2,19325,True,B,A,2,0,B
2,19326,True,B,A,10,1,B
2,19327,True,B,A,1,2,B
2,19328,True,A,B,0,1,A
2,19329,True,A,B,2,0,A
2,19330,True,B,A,3,1,B
2,19331,True,A,B,6,1,A
2,19332,True,B,A,4,1,B
2,19333,True,B,A,6,1,B
2,19334,True,A,B,6,1,A
2,19335,True,B,A,0,1,B
2,19336,True,B,A,2,1,B
2,19337,True,A,B,2,0,A
2,19338,True,B,A,2,0,B
2,19339,True,B,A,10,1,B
2,19340,True,B,A,0,1,B
2,19341,False,,,,,
2,19342,True,A,B,2,1,A
2,19343,True,A,B,1,2,A
2,19344,True,A,B,3,1,A
2,19345,True,B,A,6,1,B
2,19346,True,B,A,6,1,B
2,19347,True,A,B,2,1,A
2,19348,True,A,B,0,1,A
2,19349,True,A,B,0,1,A
2,19350,False,,,,,
2,19351,True,B,A,10,1,B
2,19352,True,B,A,4,1,B
2,19353,True,B,A,3,1,B
2,19354,True,A,B,3,1,A
2,19355,True,B,A,3,1,B
2,19356,True,B,A,10,1,B
2,19357,True,B,A,10,1,B
2,19358,True,B,A,3,1,B
2,19359,True,A,B,2,1,A
2,19360,True,B,A,1,2,B
2,19361,True,B,A,2,1,B
2,19362,True,B,A,0,1,B
2,19363,True,B,A,2,0,B
2,19364,True,A,B,2,0,A
2,19365,True,B,A,3,1,B
2,19366,True,B,A,2,1,B
2,19367,True,A,B,4,1,A
2,19368,True,B,A,4,1,B
2,19369,True,A,B,4,1,A
2,19370,True,A,B,1,2,A
2,19371,True,B,A,1,1,B
2,19372,True,B,A,4,1,B
2,19373,True,B,A,2,1,B
2,19374,True,B,A,0,1,B
2,19375,True,B,A,6,1,B
2,19376,True,A,B,6,1,A
2,19377,True,A,B,10,1,A
2,19378,True,A,B,6,1,A
2,19379,True,A,B,10,1,A
2,19380,True,B,A,1,1,B
2,19381,True,B,A,4,1,B
2,19382,True,B,A,4,1,B
2,19383,True,B,A,2,0,B
2,19384,True,A,B,0,1,A
2,19385,True,B,A,10,1,B
2,19386,True,B,A,4,1,B
2,19387,True,A,B,1,2,A
2,19388,True,A,B,6,1,A
2,19389,True,B,A,1,1,B
2,19390,True,B,A,10,1,B
2,19391,True,A,B,1,1,A
2,19392,True,B,A,1,2,B
2,19393,True,A,B,2,1,A
2,19394,False,,,,,
2,19395,True,A,B,0,1,A
2,19396,True,B,A,1,2,B
2,19397,False,,,,,
2,19398,True,A,B,3,1,A
2,19399,True,B,A,10,1,B
2,19400,True,A,B,2,0,A
2,19401,True,A,B,0,1,A
2,19402,True,B,A,2,1,B
2,19403,True,B,A,10,1,B
2,19404,True,B,A,6,1,B
2,19405,True,A,B,0,1,A
2,19406,False,,,,,
2,19407,True,A,B,10,1,A
2,19408,False,,,,,
2,19409,True,A,B,3,1,A
2,19410,False,,,,,
2,19411,True,B,A,2,1,B
2,19412,False,,,,,
2,19413,False,,,,,
2,19414,False,,,,,
2,19415,True,A,B,6,1,A
2,19416,False,,,,,
2,19417,True,A,B,10,1,A
2,19418,True,A,B,3,1,A
2,19419,True,B,A,2,0,B
2,19420,True,A,B,2,0,A
2,19421,False,,,,,
2,19422,True,B,A,2,1,B
2,19423,True,A,B,3,1,A
2,19424,True,B,A,0,1,B
2,19425,True,A,B,2,1,A
2,19426,True,B,A,3,1,B
2,19427,True,A,B,10,1,A
2,19428,True,A,B,2,0,A
2,19429,True,B,A,2,1,B
2,19430,True,A,B,0,1,A
2,19431,True,A,B,1,2,A
2,19432,True,A,B,1,1,A
2,19433,False,,,,,
2,19434,True,A,B,1,2,A
2,19435,True,A,B,6,1,A
2,19436,True,B,A,0,1,B
2,19437,True,B,A,1,1,B
2,19438,True,B,A,4,1,B
2,19439,True,B,A,2,1,B
2,19440,True,A,B,10,1,A
2,19441,True,B,A,2,0,B
2,19442,True,A,B,2,0,A
2,19443,True,B,A,1,1,B
2,19444,True,B,A,1,2,B
2,19445,True,B,A,10,1,B
2,19446,True,B,A,2,0,B
2,19447,True,A,B,1,1,A
2,19448,True,A,B,0,1,A
2,19449,True,A,B,1,2,A
2,19450,True,A,B,1,2,A
2,19451,True,B,A,6,1,B
2,19452,True,B,A,2,1,B
2,19453,True,B,A,4,1,B
2,19454,True,B,A,2,0,B
2,19455,True,A,B,3,1,A
2,19456,True,B,A,10,1,B
2,19457,True,B,A,2,0,B
2,19458,True,A,B,3,1,A
2,19459,True,B,A,4,1,B
2,19460,True,B,A,3,1,B
2,19461,True,A,B,1,1,A
2,19462,True,B,A,2,0,B
2,19463,True,B,A,3,1,B
2,19464,True,A,B,1,2,A
2,19465,True,B,A,3,1,B
2,19466,True,A,B,4,1,A
2,19467,True,B,A,4,1,B
2,19468,True,A,B,4,1,A
2,19469,True,A,B,2,0,A
2,19470,True,A,B,6,1,A
2,19471,True,B,A,4,1,B
2,19472,True,B,A,1,2,B
2,19473,True,B,A,1,1,B
2,19474,True,A,B,2,1,A
2,19475,True,A,B,4,1,A
2,19476,True,B,A,4,1,B
2,19477,True,A,B,4,1,A
2,19478,True,B,A,3,1,B
2,19479,True,B,A,1,1,B
2,19480,True,B,A,1,1,B
2,19481,True,A,B,3,1,A
2,19482,True,A,B,3,1,A
2,19483,True,B,A,10,1,B
2,19484,True,B,A,0,1,B
2,19485,True,A,B,0,1,A
2,19486,True,B,A,1,1,B
2,19487,True,A,B,2,0,A
2,19488,True,B,A,6,1,B
2,19489,True,B,A,2,1,B
2,19490,True,B,A,2,1,B
2,19491,True,B,A,3,1,B
2,19492,True,B,A,4,1,B
2,19493,True,A,B,1,2,A
2,19494,True,A,B,4,1,A
2,19495,True,A,B,2,0,A
2,19496,True,A,B,2,0,A
2,19497,True,B,A,2,1,B
2,19498,True,B,A,2,1,B
2,19499,True,A,B,2,1,A
2,19500,True,B,A,6,1,B
2,19501,True,A,B,10,1,A
2,19502,True,A,B,2,1,A
2,19503,True,A,B,3,1,A
2,19504,True,A,B,10,1,A
2,19505,True,A,B,1,2,A
2,19506,True,B,A,0,1,B
2,19507,True,A,B,1,2,A
2,19508,True,A,B,2,1,A
2,19509,True,B,A,3,1,B
2,19510,True,A,B,0,1,A
2,19511,True,A,B,3,1,A
2,19512,True,B,A,4,1,B
2,19513,True,A,B,1,1,A
2,19514,True,A,B,4,1,A
2,19515,True,B,A,10,1,B
2,19516,True,A,B,1,2,A
2,19517,True,B,A,6,1,B
2,19518,True,A,B,3,1,A
2,19519,True,B,A,2,1,B
2,19520,True,A,B,1,2,A
2,19521,True,A,B,10,1,A
2,19522,True,A,B,0,1,A
2,19523,True,A,B,4,1,A
2,19524,True,A,B,6,1,A
2,19525,True,A,B,1,2,A
2,19526,True,A,B,1,2,A
2,19527,True,A,B,3,1,A
2,19528,True,A,B,1,1,A
2,19529,True,A,B,2,0,A
2,19530,True,B,A,4,1,B
2,19531,True,B,A,1,2,B
2,19532,True,A,B,4,1,A
2,19533,True,A,B,4,1,A
2,19534,True,A,B,10,1,A
2,19535,True,A,B,0,1,A
2,19536,False,,,,,
2,19537,True,B,A,0,1,B
2,19538,True,A,B,0,1,A
2,19539,True,A,B,1,2,A
2,19540,True,B,A,4,1,B
2,19541,True,A,B,4,1,A
2,19542,True,A,B,6,1,A
2,19543,True,A,B,1,2,A
2,19544,True,B,A,1,1,B
2,19545,True,B,A,6,1,B
2,19546,True,A,B,2,1,A
2,19547,True,A,B,0,1,A
2,19548,True,B,A,1,1,B
2,19549,True,A,B,4,1,A
2,19550,True,A,B,0,1,A
2,19551,True,B,A,2,1,B
2,19552,True,A,B,2,1,A
2,19553,True,B,A,1,1,B
2,19554,True,A,B,0,1,A
2,19555,True,B,A,3,1,B
2,19556,True,B,A,2,1,B
2,19557,True,A,B,3,1,A
2,19558,True,A,B,4,1,A
2,19559,True,A,B,10,1,A
2,19560,True,B,A,6,1,B
2,19561,False,,,,,
2,19562,True,A,B,2,1,A
2,19563,True,A,B,6,1,A
2,19564,True,A,B,4,1,A
2,19565,True,A,B,1,2,A
2,19566,True,B,A,2,0,B
2,19567,False,,,,,
2,19568,True,A,B,10,1,A
2,19569,False,,,,,
2,19570,True,A,B,2,0,A
2,19571,True,B,A,2,1,B
2,19572,True,A,B,2,1,A
2,19573,True,B,A,2,0,B
2,19574,True,A,B,2,1,A
2,19575,True,A,B,2,1,A
2,19576,True,B,A,10,1,B
2,19577,True,A,B,0,1,A
2,19578,True,B,A,0,1,B
2,19579,True,A,B,3,1,A
2,19580,True,A,B,6,1,A
2,19581,True,B,A,1,1,B
2,19582,True,A,B,1,1,A
2,19583,True,B,A,2,0,B
2,19584,True,A,B,4,1,A
2,19585,True,A,B,0,1,A
2,19586,True,A,B,3,1,A
2,19587,True,B,A,2,1,B
2,19588,True,B,A,6,1,B
2,19589,True,B,A,0,1,B
2,19590,True,B,A,4,1,B
2,19591,True,A,B,6,1,A
2,19592,True,A,B,1,2,A
2,19593,True,A,B,4,1,A
2,19594,True,B,A,10,1,B
2,19595,True,B,A,1,2,B
2,19596,True,B,A,6,1,B
2,19597,True,A,B,2,1,A
2,19598,True,A,B,6,1,A
2,19599,True,B,A,10,1,B
2,19600,True,A,B,1,2,A
2,19601,False,,,,,
2,19602,True,B,A,0,1,B
2,19603,True,A,B,4,1,A
2,19604,True,A,B,3,1,A
2,19605,True,B,A,3,1,B
2,19606,True,B,A,3,1,B
2,19607,True,B,A,0,1,B
2,19608,True,A,B,1,2,A
2,19609,True,A,B,3,1,A
2,19610,True,B,A,0,1,B
2,19611,True,B,A,10,1,B
2,19612,True,B,A,10,1,B
2,19613,False,,,,,
2,19614,True,A,B,10,1,A
2,19615,True,B,A,4,1,B
2,19616,True,A,B,1,1,A
2,19617,True,B,A,6,1,B
2,19618,True,A,B,10,1,A
2,19619,True,A,B,2,0,A
2,19620,True,B,A,1,2,B
2,19621,True,B,A,3,1,B
2,19622,True,A,B,3,1,A
2,19623,True,B,A,1,1,B
2,19624,True,B,A,2,0,B
2,19625,True,A,B,4,1,A
2,19626,True,B,A,4,1,B
2,19627,True,A,B,2,0,A
2,19628,True,B,A,3,1,B
2,19629,True,A,B,2,1,A
2,19630,True,A,B,2,1,A
2,19631,True,A,B,4,1,A
2,19632,False,,,,,
2,19633,True,A,B,10,1,A
2,19634,True,B,A,2,1,B
2,19635,False,,,,,
2,19636,True,B,A,2,0,B
2,19637,True,B,A,3,1,B
2,19638,True,A,B,0,1,A
2,19639,True,B,A,3,1,B
2,19640,True,B,A,3,1,B
2,19641,True,A,B,1,2,A
2,19642,True,B,A,6,1,B
2,19643,True,B,A,2,0,B
2,19644,True,A,B,0,1,A
2,19645,True,A,B,4,1,A
2,19646,True,A,B,1,1,A
2,19647,True,A,B,2,0,A
2,19648,True,A,B,1,1,A
2,19649,False,,,,,
2,19650,True,A,B,0,1,A
2,19651,True,B,A,3,1,B
2,19652,True,B,A,4,1,B
2,19653,True,B,A,2,1,B
2,19654,True,B,A,2,0,B
2,19655,True,B,A,10,1,B
2,19656,True,A,B,4,1,A
2,19657,True,A,B,4,1,A
2,19658,True,B,A,1,1,B
2,19659,True,B,A,3,1,B
2,19660,True,A,B,6,1,A
2,19661,True,A,B,1,2,A
2,19662,True,B,A,2,0,B
2,19663,True,A,B,0,1,A
2,19664,True,B,A,2,1,B
2,19665,True,A,B,1,1,A
2,19666,False,,,,,
2,19667,True,B,A,1,2,B
2,19668,True,B,A,10,1,B
2,19669,True,A,B,3,1,A
2,19670,True,A,B,0,1,A
2,19671,True,A,B,2,0,A
2,19672,True,A,B,6,1,A
2,19673,True,B,A,6,1,B
2,19674,True,A,B,0,1,A
2,19675,True,A,B,1,1,A
2,19676,True,B,A,3,1,B
2,19677,True,A,B,6,1,A
2,19678,True,B,A,1,1,B
2,19679,True,A,B,1,2,A
2,19680,True,B,A,2,0,B
2,19681,True,A,B,0,1,A
2,19682,True,A,B,6,1,A
2,19683,True,B,A,1,2,B
2,19684,True,A,B,2,0,A
2,19685,True,B,A,6,1,B
2,19686,True,A,B,6,1,A
2,19687,True,B,A,2,1,B
2,19688,True,B,A,0,1,B
2,19689,True,A,B,2,1,A
2,19690,True,B,A,3,1,B
2,19691,True,B,A,6,1,B
2,19692,True,A,B,4,1,A
2,19693,True,B,A,1,1,B
2,19694,True,A,B,10,1,A
2,19695,True,B,A,0,1,B
2,19696,True,A,B,1,1,A
2,19697,True,B,A,1,1,B
2,19698,True,B,A,1,2,B
2,19699,True,B,A,6,1,B
2,19700,True,B,A,2,1,B
2,19701,True,B,A,10,1,B
2,19702,True,B,A,10,1,B
2,19703,True,A,B,10,1,A
2,19704,True,A,B,3,1,A
2,19705,True,B,A,6,1,B
2,19706,True,B,A,2,0,B
2,19707,True,A,B,4,1,A
2,19708,True,A,B,2,0,A
2,19709,True,A,B,0,1,A
2,19710,True,A,B,1,1,A
2,19711,True,B,A,10,1,B
2,19712,False,,,,,
2,19713,False,,,,,
2,19714,True,B,A,1,2,B
2,19715,False,,,,,
2,19716,True,A,B,2,1,A
2,19717,True,B,A,2,0,B
2,19718,True,A,B,6,1,A
2,19719,True,B,A,4,1,B
2,19720,True,B,A,4,1,B
2,19721,True,A,B,6,1,A
2,19722,True,A,B,1,1,A
2,19723,True,B,A,1,2,B
2,19724,True,A,B,1,2,A
2,19725,True,B,A,2,1,B
2,19726,True,A,B,6,1,A
2,19727,False,,,,,
2,19728,True,B,A,10,1,B
2,19729,False,,,,,
2,19730,True,A,B,1,1,A
2,19731,True,A,B,0,1,A
2,19732,True,B,A,4,1,B
2,19733,True,B,A,4,1,B
2,19734,True,A,B,3,1,A
2,19735,True,A,B,10,1,A
2,19736,True,A,B,0,1,A
2,19737,True,B,A,1,1,B
2,19738,True,A,B,4,1,A
2,19739,True,A,B,6,1,A
2,19740,True,A,B,10,1,A
2,19741,True,B,A,2,1,B
2,19742,True,A,B,6,1,A
2,19743,True,B,A,4,1,B
2,19744,True,B,A,2,0,B
2,19745,True,B,A,3,1,B
2,19746,True,B,A,0,1,B
2,19747,True,A,B,6,1,A
2,19748,True,A,B,2,0,A
2,19749,False,,,,,
2,19750,True,A,B,0,1,A
2,19751,True,B,A,6,1,B
2,19752,True,A,B,2,1,A
2,19753,True,A,B,4,1,A
2,19754,False,,,,,
2,19755,True,A,B,4,1,A
2,19756,True,B,A,10,1,B
2,19757,True,B,A,2,0,B
2,19758,True,A,B,6,1,A
2,19759,True,A,B,1,2,A
2,19760,True,B,A,0,1,B
2,19761,True,B,A,4,1,B
2,19762,True,A,B,2,1,A
2,19763,True,A,B,2,1,A
2,19764,True,A,B,2,1,A
2,19765,True,A,B,3,1,A
2,19766,True,A,B,3,1,A
2,19767,True,A,B,10,1,A
2,19768,True,B,A,10,1,B
2,19769,True,A,B,4,1,A
2,19770,True,B,A,2,0,B
2,19771,True,B,A,0,1,B
2,19772,True,B,A,1,2,B
2,19773,True,A,B,6,1,A
2,19774,True,B,A,2,1,B
2,19775,True,B,A,1,2,B
2,19776,True,B,A,3,1,B
2,19777,True,A,B,10,1,A
2,19778,True,B,A,10,1,B
2,19779,True,B,A,2,1,B
2,19780,False,,,,,
2,19781,True,B,A,2,0,B
2,19782,True,B,A,1,2,B
2,19783,True,B,A,2,1,B
2,19784,True,A,B,10,1,A
2,19785,True,A,B,2,1,A
2,19786,False,,,,,
2,19787,True,B,A,4,1,B
2,19788,True,A,B,3,1,A
2,19789,True,B,A,10,1,B
2,19790,False,,,,,
2,19791,True,B,A,0,1,B
2,19792,True,A,B,4,1,A
2,19793,True,A,B,1,2,A
2,19794,True,B,A,2,0,B
2,19795,True,B,A,10,1,B
2,19796,True,A,B,6,1,A
2,19797,True,B,A,4,1,B
2,19798,True,A,B,2,0,A
2,19799,True,B,A,6,1,B
2,19800,True,A,B,1,2,A
2,19801,True,B,A,2,1,B
2,19802,True,A,B,1,2,A
2,19803,True,A,B,4,1,A
2,19804,True,B,A,10,1,B
2,19805,True,B,A,1,2,B
2,19806,True,B,A,2,1,B
2,19807,True,A,B,2,0,A
2,19808,True,A,B,2,0,A
2,19809,True,B,A,6,1,B
2,19810,True,B,A,1,2,B
2,19811,True,A,B,10,1,A
2,19812,True,B,A,4,1,B
2,19813,True,A,B,6,1,A
2,19814,True,A,B,10,1,A
2,19815,True,A,B,0,1,A
2,19816,True,B,A,2,1,B
2,19817,True,A,B,1,2,A
2,19818,True,B,A,2,0,B
2,19819,True,A,B,2,1,A
2,19820,True,A,B,3,1,A
2,19821,True,B,A,6,1,B
2,19822,True,B,A,2,0,B
2,19823,True,A,B,4,1,A
2,19824,True,A,B,3,1,A
2,19825,True,A,B,10,1,A
2,19826,False,,,,,
2,19827,True,A,B,2,0,A
2,19828,True,A,B,6,1,A
2,19829,True,B,A,10,1,B
2,19830,True,A,B,2,0,A
2,19831,True,B,A,2,0,B
2,19832,True,A,B,3,1,A
2,19833,True,A,B,1,2,A
2,19834,True,A,B,1,1,A
2,19835,True,A,B,2,1,A
2,19836,True,A,B,1,2,A
2,19837,True,B,A,1,2,B
2,19838,True,A,B,1,1,A
2,19839,True,A,B,4,1,A
2,19840,True,B,A,2,0,B
2,19841,True,A,B,2,1,A
2,19842,True,B,A,6,1,B
2,19843,True,B,A,10,1,B
2,19844,True,A,B,3,1,A
2,19845,True,A,B,1,1,A
2,19846,True,A,B,0,1,A
2,19847,True,B,A,2,0,B
2,19848,True,A,B,1,1,A
2,19849,True,A,B,0,1,A
2,19850,True,B,A,1,1,B
2,19851,True,A,B,4,1,A
2,19852,True,A,B,2,1,A
2,19853,True,A,B,3,1,A
2,19854,True,B,A,10,1,B
2,19855,True,A,B,2,1,A
2,19856,True,B,A,1,2,B
2,19857,True,A,B,4,1,A
2,19858,True,B,A,10,1,B
2,19859,True,B,A,2,0,B
2,19860,True,A,B,1,2,A
2,19861,True,B,A,2,1,B
2,19862,True,A,B,1,1,A
2,19863,True,A,B,6,1,A
2,19864,True,A,B,10,1,A
2,19865,True,B,A,0,1,B
2,19866,True,A,B,6,1,A
2,19867,True,B,A,10,1,B
2,19868,False,,,,,
2,19869,True,B,A,10,1,B
2,19870,True,B,A,0,1,B
2,19871,True,B,A,10,1,B
2,19872,True,A,B,1,2,A
2,19873,True,A,B,4,1,A
2,19874,False,,,,,
2,19875,True,B,A,2,1,B
2,19876,False,,,,,
2,19877,True,A,B,4,1,A
2,19878,True,A,B,2,1,A
2,19879,True,A,B,6,1,A
2,19880,True,A,B,6,1,A
2,19881,True,A,B,1,2,A
2,19882,True,A,B,1,1,A
2,19883,True,B,A,2,0,B
2,19884,True,A,B,2,0,A
2,19885,True,A,B,3,1,A
2,19886,True,B,A,1,1,B
2,19887,True,B,A,10,1,B
2,19888,True,A,B,0,1,A
2,19889,False,,,,,
2,19890,True,B,A,2,1,B
2,19891,True,A,B,0,1,A
2,19892,True,A,B,6,1,A
2,19893,True,B,A,6,1,B
2,19894,True,B,A,10,1,B
2,19895,True,B,A,10,1,B
2,19896,True,A,B,2,0,A
2,19897,True,A,B,6,1,A
2,19898,True,A,B,2,0,A
2,19899,True,B,A,0,1,B
2,19900,True,A,B,2,1,A
2,19901,True,A,B,1,1,A
2,19902,True,B,A,0,1,B
2,19903,True,A,B,1,1,A
2,19904,True,A,B,6,1,A
2,19905,True,A,B,2,1,A
2,19906,True,A,B,2,1,A
2,19907,True,B,A,10,1,B
2,19908,True,B,A,10,1,B
2,19909,True,A,B,6,1,A
2,19910,True,A,B,10,1,A
2,19911,True,A,B,2,0,A
2,19912,True,A,B,2,0,A
2,19913,True,A,B,6,1,A
2,19914,True,A,B,2,0,A
2,19915,True,A,B,3,1,A
2,19916,True,B,A,2,1,B
2,19917,True,A,B,6,1,A
2,19918,True,B,A,10,1,B
2,19919,True,B,A,4,1,B
2,19920,True,A,B,4,1,A
2,19921,True,B,A,4,1,B
2,19922,True,A,B,2,1,A
2,19923,True,B,A,1,1,B
2,19924,True,B,A,2,0,B
2,19925,True,A,B,10,1,A
2,19926,True,A,B,0,1,A
2,19927,True,B,A,0,1,B
2,19928,True,B,A,6,1,B
2,19929,True,A,B,4,1,A
2,19930,True,B,A,1,1,B
2,19931,True,B,A,3,1,B
2,19932,True,A,B,4,1,A
2,19933,True,A,B,1,1,A
2,19934,True,B,A,4,1,B
2,19935,True,B,A,3,1,B
2,19936,True,A,B,4,1,A
2,19937,True,A,B,3,1,A
2,19938,True,A,B,0,1,A
2,19939,True,A,B,4,1,A
2,19940,True,A,B,1,2,A
2,19941,True,B,A,2,1,B
2,19942,True,A,B,0,1,A
2,19943,True,B,A,4,1,B
2,19944,True,A,B,3,1,A
2,19945,True,A,B,1,2,A
2,19946,True,B,A,0,1,B
2,19947,True,A,B,6,1,A
2,19948,True,B,A,0,1,B
2,19949,True,B,A,4,1,B
2,19950,True,A,B,1,2,A
2,19951,True,A,B,10,1,A
2,19952,True,A,B,1,2,A
2,19953,False,,,,,
2,19954,True,A,B,1,1,A
2,19955,False,,,,,
2,19956,True,A,B,1,1,A
2,19957,True,A,B,2,1,A
2,19958,True,B,A,3,1,B
2,19959,True,A,B,2,0,A
2,19960,True,B,A,6,1,B
2,19961,True,B,A,10,1,B
2,19962,True,B,A,10,1,B
2,19963,True,B,A,2,1,B
2,19964,False,,,,,
2,19965,True,A,B,10,1,A
2,19966,True,A,B,1,1,A
2,19967,True,A,B,2,0,A
2,19968,True,A,B,1,2,A
2,19969,True,A,B,3,1,A
2,19970,True,B,A,2,1,B
2,19971,True,B,A,0,1,B
2,19972,True,A,B,6,1,A
2,19973,True,B,A,0,1,B
2,19974,True,A,B,1,2,A
2,19975,True,B,A,1,1,B
2,19976,True,A,B,2,1,A
2,19977,True,B,A,4,1,B
2,19978,True,A,B,0,1,A
2,19979,False,,,,,
2,19980,True,A,B,1,2,A
2,19981,True,B,A,1,1,B
2,19982,False,,,,,
2,19983,False,,,,,
2,19984,True,A,B,6,1,A
2,19985,True,B,A,6,1,B
2,19986,False,,,,,
2,19987,False,,,,,
2,19988,True,A,B,6,1,A
2,19989,True,A,B,6,1,A
2,19990,True,B,A,2,0,B
2,19991,True,B,A,0,1,B
2,19992,True,B,A,3,1,B
2,19993,True,A,B,6,1,A
2,19994,True,A,B,1,1,A
2,19995,True,B,A,4,1,B
2,19996,False,,,,,
2,19997,True,B,A,6,1,B
2,19998,True,A,B,6,1,A
2,19999,True,A,B,2,1,A
2,20000,True,A,B,1,1,A
3,20001,True,A,B,0,1,A
3,20002,True,A,B,2,1,A
3,20003,True,B,A,6,1,B
3,20004,True,B,A,1,2,B
3,20005,True,A,B,3,1,A
3,20006,True,A,B,1,1,A
3,20007,True,B,A,0,1,B
3,20008,True,A,B,2,0,A
3,20009,True,B,A,6,1,B
3,20010,True,A,B,10,1,A
3,20011,True,A,B,4,1,A
3,20012,True,A,B,2,1,A
3,20013,True,B,A,4,1,B
3,20014,True,A,B,10,1,A
3,20015,True,A,B,1,1,A
3,20016,True,A,B,1,2,A
3,20017,True,A,B,3,1,A
3,20018,True,B,A,3,1,B
3,20019,True,A,B,2,1,A
3,20020,True,A,B,2,0,A
3,20021,True,B,A,4,1,B
3,20022,True,B,A,6,1,B
3,20023,True,A,B,4,1,A
3,20024,True,B,A,10,1,B
3,20025,True,B,A,2,1,B
3,20026,True,A,B,3,1,A
3,20027,True,A,B,0,1,A
3,20028,True,B,A,2,0,B
3,20029,True,A,B,2,0,A
3,20030,True,B,A,2,0,B
3,20031,True,B,A,4,1,B
3,20032,True,B,A,2,1,B
3,20033,True,B,A,10,1,B
3,20034,True,A,B,2,0,A
3,20035,False,,,,,
3,20036,True,A,B,4,1,A
3,20037,True,A,B,1,2,A
3,20038,True,A,B,1,1,A
3,20039,True,B,A,2,0,B
3,20040,True,A,B,2,1,A
3,20041,True,B,A,1,2,B
3,20042,True,A,B,6,1,A
3,20043,True,A,B,2,0,A
3,20044,True,B,A,2,0,B
3,20045,True,A,B,4,1,A
3,20046,True,B,A,2,0,B
3,20047,True,B,A,4,1,B
3,20048,True,A,B,2,1,A
3,20049,True,B,A,1,1,B
3,20050,True,A,B,10,1,A
3,20051,True,A,B,2,1,A
3,20052,True,A,B,2,0,A
3,20053,True,B,A,10,1,B
3,20054,True,B,A,6,1,B
3,20055,True,B,A,4,1,B
3,20056,True,A,B,2,0,A
3,20057,True,A,B,1,2,A
3,20058,True,B,A,2,0,B
3,20059,True,A,B,4,1,A
3,20060,True,A,B,0,1,A
3,20061,True,A,B,2,0,A
3,20062,True,B,A,6,1,B
3,20063,True,B,A,4,1,B
3,20064,False,,,,,
3,20065,True,A,B,6,1,A
3,20066,True,A,B,6,1,A
3,20067,True,A,B,10,1,A
3,20068,True,B,A,6,1,B
3,20069,True,A,B,1,1,A
3,20070,True,A,B,1,2,A
3,20071,True,A,B,1,1,A
3,20072,True,B,A,3,1,B
3,20073,True,A,B,2,1,A
3,20074,True,B,A,2,1,B
3,20075,True,A,B,2,1,A
3,20076,True,A,B,1,2,A
3,20077,True,A,B,10,1,A
3,20078,True,A,B,6,1,A
3,20079,True,B,A,1,1,B
3,20080,True,B,A,10,1,B
3,20081,True,B,A,2,1,B
3,20082,False,,,,,
3,20083,False,,,,,
3,20084,True,B,A,10,1,B
3,20085,True,A,B,3,1,A
3,20086,True,B,A,4,1,B
3,20087,True,A,B,4,1,A
3,20088,True,B,A,10,1,B
3,20089,True,A,B,4,1,A
3,20090,True,A,B,1,2,A
3,20091,True,A,B,2,0,A
3,20092,True,A,B,1,1,A
3,20093,True,A,B,0,1,A
3,20094,True,B,A,2,1,B
3,20095,True,B,A,2,1,B
3,20096,True,B,A,0,1,B
3,20097,True,B,A,0,1,B
3,20098,True,A,B,2,0,A
3,20099,True,A,B,0,1,A
3,20100,True,A,B,2,1,A
3,20101,True,B,A,2,0,B
3,20102,True,B,A,1,2,B
3,20103,True,A,B,0,1,A
3,20104,True,B,A,2,0,B
3,20105,True,B,A,2,0,B
3,20106,True,A,B,10,1,A
3,20107,True,B,A,2,1,B
3,20108,True,B,A,10,1,B
3,20109,True,A,B,1,1,A
3,20110,True,B,A,3,1,B
3,20111,True,B,A,4,1,B
3,20112,True,A,B,6,1,A
3,20113,True,B,A,1,2,B
3,20114,True,A,B,10,1,A
3,20115,True,A,B,0,1,A
3,20116,True,B,A,1,1,B
3,20117,True,A,B,2,0,A
3,20118,True,B,A,6,1,B
3,20119,True,A,B,0,1,A
3,20120,True,A,B,1,1,A
3,20121,True,A,B,4,1,A
3,20122,True,B,A,2,1,B
3,20123,True,A,B,4,1,A
3,20124,True,A,B,3,1,A
3,20125,True,B,A,6,1,B
3,20126,True,B,A,2,1,B
3,20127,True,A,B,1,2,A
3,20128,True,A,B,6,1,A
3,20129,True,A,B,1,2,A
3,20130,True,A,B,0,1,A
3,20131,False,,,,,
3,20132,True,B,A,1,1,B
3,20133,True,B,A,10,1,B
3,20134,True,A,B,0,1,A
3,20135,True,B,A,6,1,B
3,20136,True,A,B,1,1,A
3,20137,True,B,A,3,1,B
3,20138,True,A,B,1,2,A
3,20139,True,B,A,1,1,B
3,20140,True,B,A,3,1,B
3,20141,True,A,B,3,1,A
3,20142,True,B,A,2,0,B
3,20143,True,B,A,4,1,B
3,20144,True,A,B,4,1,A
3,20145,True,A,B,1,2,A
3,20146,True,A,B,3,1,A
3,20147,True,A,B,4,1,A
3,20148,True,B,A,4,1,B
3,20149,True,A,B,3,1,A
3,20150,True,B,A,4,1,B
3,20151,True,A,B,2,0,A
3,20152,True,A,B,1,2,A
3,20153,False,,,,,
3,20154,True,B,A,2,0,B
3,20155,True,A,B,2,1,A
3,20156,True,B,A,1,1,B
3,20157,True,B,A,2,0,B
3,20158,True,B,A,2,0,B
3,20159,True,B,A,2,0,B
3,20160,True,A,B,2,0,A
3,20161,True,B,A,1,2,B
3,20162,True,A,B,2,1,A
3,20163,True,B,A,4,1,B
3,20164,True,A,B,2,0,A
3,20165,True,B,A,10,1,B
3,20166,True,A,B,1,2,A
3,20167,True,A,B,6,1,A
3,20168,True,A,B,4,1,A
3,20169,True,B,A,6,1,B
3,20170,True,A,B,4,1,A
3,20171,True,B,A,1,1,B
3,20172,True,A,B,1,2,A
3,20173,True,A,B,2,0,A
3,20174,True,B,A,2,0,B
3,20175,True,A,B,4,1,A
3,20176,True,A,B,4,1,A
3,20177,True,B,A,10,1,B
3,20178,True,A,B,2,0,A
3,20179,True,B,A,2,0,B
3,20180,True,A,B,10,1,A
3,20181,True,B,A,4,1,B
3,20182,True,B,A,3,1,B
3,20183,True,B,A,2,1,B
3,20184,True,A,B,0,1,A
3,20185,True,B,A,2,0,B
3,20186,True,A,B,4,1,A
3,20187,True,A,B,2,1,A
3,20188,True,A,B,10,1,A
3,20189,True,A,B,0,1,A
3,20190,True,A,B,2,0,A
3,20191,True,B,A,2,1,B
3,20192,True,A,B,3,1,A
3,20193,True,B,A,3,1,B
3,20194,True,A,B,2,0,A
3,20195,True,A,B,6,1,A
3,20196,True,B,A,4,1,B
3,20197,True,A,B,0,1,A
3,20198,True,A,B,2,1,A
3,20199,True,A,B,1,2,A
3,20200,True,B,A,2,0,B
3,20201,True,B,A,6,1,B
3,20202,True,B,A,10,1,B
3,20203,True,B,A,4,1,B
3,20204,True,B,A,0,1,B
3,20205,True,B,A,6,1,B
3,20206,True,B,A,1,1,B
3,20207,True,B,A,6,1,B
3,20208,True,B,A,3,1,B
3,20209,True,A,B,1,2,A
3,20210,False,,,,,
3,20211,True,A,B,1,2,A
3,20212,True,B,A,6,1,B
3,20213,True,B,A,0,1,B
3,20214,True,B,A,3,1,B
3,20215,True,A,B,1,1,A
3,20216,True,A,B,3,1,A
3,20217,True,A,B,3,1,A
3,20218,False,,,,,
3,20219,True,B,A,4,1,B
3,20220,True,A,B,1,1,A
3,20221,True,B,A,2,0,B
3,20222,True,A,B,2,1,A
3,20223,True,A,B,1,2,A
3,20224,True,A,B,2,1,A
3,20225,True,B,A,0,1,B
3,20226,True,A,B,0,1,A
3,20227,True,A,B,3,1,A
3,20228,True,B,A,0,1,B
3,20229,True,B,A,4,1,B
3,20230,True,B,A,2,0,B
3,20231,True,A,B,10,1,A
3,20232,True,B,A,2,0,B
3,20233,True,A,B,6,1,A
3,20234,True,A,B,2,0,A
3,20235,True,B,A,10,1,B
3,20236,True,B,A,1,1,B
3,20237,True,B,A,1,1,B
3,20238,True,A,B,1,1,A
3,20239,True,B,A,6,1,B
3,20240,False,,,,,
3,20241,True,B,A,1,1,B
3,20242,True,A,B,0,1,A
3,20243,True,B,A,10,1,B
3,20244,True,B,A,2,0,B
3,20245,True,A,B,1,2,A
3,20246,True,B,A,2,1,B
3,20247,True,B,A,1,2,B
3,20248,True,A,B,1,2,A
3,20249,True,B,A,2,1,B
3,20250,False,,,,,
3,20251,True,B,A,1,2,B
3,20252,True,A,B,2,1,A
3,20253,True,A,B,4,1,A
3,20254,True,A,B,0,1,A
3,20255,True,A,B,10,1,A
3,20256,True,B,A,3,1,B
3,20257,True,B,A,3,1,B
3,20258,True,B,A,3,1,B
3,20259,True,B,A,1,1,B
3,20260,True,A,B,6,1,A
3,20261,True,B,A,6,1,B
3,20262,True,B,A,4,1,B
3,20263,True,A,B,0,1,A
3,20264,True,A,B,1,2,A
3,20265,True,A,B,6,1,A
3,20266,True,A,B,2,0,A
3,20267,True,A,B,0,1,A
3,20268,True,A,B,6,1,A
3,20269,False,,,,,
3,20270,True,A,B,3,1,A
3,20271,True,B,A,2,0,B
3,20272,True,A,B,1,1,A
3,20273,True,A,B,6,1,A
3,20274,True,A,B,1,1,A
3,20275,True,B,A,4,1,B
3,20276,True,A,B,0,1,A
3,20277,False,,,,,
3,20278,True,A,B,4,1,A
3,20279,True,A,B,4,1,A
3,20280,True,A,B,2,1,A
3,20281,True,A,B,4,1,A
3,20282,True,A,B,10,1,A
3,20283,True,B,A,1,2,B
3,20284,True,A,B,6,1,A
3,20285,True,A,B,2,0,A
3,20286,True,A,B,0,1,A
3,20287,True,A,B,2,0,A
3,20288,True,A,B,1,2,A
3,20289,True,A,B,2,0,A
3,20290,True,A,B,6,1,A
3,20291,True,A,B,6,1,A
3,20292,True,A,B,3,1,A
3,20293,True,B,A,2,1,B
3,20294,True,A,B,3,1,A
3,20295,True,B,A,10,1,B
3,20296,True,B,A,6,1,B
3,20297,True,B,A,1,1,B
3,20298,True,A,B,6,1,A
3,20299,True,A,B,3,1,A
3,20300,True,A,B,1,2,A
3,20301,True,B,A,2,1,B
3,20302,True,A,B,10,1,A
3,20303,False,,,,,
3,20304,True,A,B,10,1,A
3,20305,True,B,A,10,1,B
3,20306,False,,,,,
3,20307,True,A,B,3,1,A
3,20308,True,B,A,6,1,B
3,20309,True,B,A,2,1,B
3,20310,True,B,A,1,1,B
3,20311,True,A,B,1,2,A
3,20312,True,A,B,2,1,A
3,20313,False,,,,,
3,20314,True,A,B,3,1,A
3,20315,True,B,A,1,2,B
3,20316,True,A,B,2,0,A
3,20317,True,B,A,10,1,B
3,20318,False,,,,,
3,20319,False,,,,,
3,20320,True,A,B,6,1,A
3,20321,False,,,,,
3,20322,True,B,A,2,1,B
3,20323,True,A,B,0,1,A
3,20324,True,A,B,10,1,A
3,20325,True,A,B,2,1,A
3,20326,True,A,B,10,1,A
3,20327,True,A,B,1,2,A
3,20328,True,A,B,1,1,A
3,20329,True,A,B,0,1,A
3,20330,True,B,A,1,1,B
3,20331,True,A,B,0,1,A
3,20332,True,B,A,3,1,B
3,20333,True,A,B,4,1,A
3,20334,True,A,B,0,1,A
3,20335,True,A,B,10,1,A
3,20336,True,A,B,4,1,A
3,20337,True,A,B,1,2,A
3,20338,True,A,B,4,1,A
3,20339,True,B,A,3,1,B
3,20340,True,A,B,10,1,A
3,20341,True,B,A,3,1,B
3,20342,True,B,A,2,1,B
3,20343,True,A,B,1,1,A
3,20344,True,B,A,0,1,B
3,20345,True,B,A,10,1,B
3,20346,True,B,A,2,1,B
3,20347,True,B,A,1,2,B
3,20348,True,A,B,6,1,A
3,20349,True,A,B,1,2,A
3,20350,True,B,A,2,1,B
3,20351,True,A,B,4,1,A
3,20352,True,A,B,1,1,A
3,20353,True,B,A,0,1,B
3,20354,True,B,A,4,1,B
3,20355,True,A,B,3,1,A
3,20356,True,B,A,2,0,B
3,20357,True,B,A,1,2,B
3,20358,True,B,A,1,1,B
3,20359,True,B,A,4,1,B
3,20360,True,A,B,0,1,A
3,20361,True,B,A,2,0,B
3,20362,True,A,B,6,1,A
3,20363,True,B,A,0,1,B
3,20364,True,A,B,2,1,A
3,20365,True,B,A,3,1,B
3,20366,True,A,B,6,1,A
3,20367,True,B,A,6,1,B
3,20368,True,A,B,6,1,A
3,20369,True,A,B,0,1,A
3,20370,True,A,B,2,0,A
3,20371,True,A,B,2,0,A
3,20372,True,B,A,1,2,B
3,20373,True,A,B,2,0,A
3,20374,True,A,B,1,2,A
3,20375,True,B,A,0,1,B
3,20376,True,A,B,4,1,A
3,20377,True,B,A,2,1,B
3,20378,True,B,A,1,2,B
3,20379,True,B,A,1,2,B
3,20380,True,B,A,1,1,B
3,20381,True,A,B,4,1,A
3,20382,True,B,A,0,1,B
3,20383,True,B,A,2,0,B
3,20384,True,A,B,4,1,A
3,20385,True,B,A,4,1,B
3,20386,True,B,A,0,1,B
3,20387,True,A,B,6,1,A
3,20388,True,A,B,2,1,A
3,20389,True,B,A,2,1,B
3,20390,True,B,A,2,1,B
3,20391,True,A,B,1,1,A
3,20392,True,A,B,1,1,A
3,20393,True,B,A,4,1,B
3,20394,True,A,B,10,1,A
3,20395,True,A,B,2,0,A
3,20396,True,A,B,6,1,A
3,20397,True,A,B,6,1,A
3,20398,True,B,A,4,1,B
3,20399,True,B,A,1,2,B
3,20400,True,B,A,6,1,B
3,20401,True,A,B,10,1,A
3,20402,True,B,A,2,1,B
3,20403,True,A,B,3,1,A
3,20404,True,B,A,2,0,B
3,20405,True,B,A,1,1,B
3,20406,True,A,B,3,1,A
3,20407,True,A,B,3,1,A
3,20408,True,A,B,10,1,A
3,20409,True,B,A,3,1,B
3,20410,True,B,A,2,0,B
3,20411,True,B,A,1,2,B
3,20412,True,B,A,0,1,B
3,20413,True,A,B,1,1,A
3,20414,True,B,A,4,1,B
3,20415,True,A,B,10,1,A
3,20416,True,A,B,4,1,A
3,20417,True,A,B,10,1,A
3,20418,True,B,A,2,1,B
3,20419,True,A,B,10,1,A
3,20420,True,A,B,3,1,A
3,20421,True,B,A,1,1,B
3,20422,True,B,A,6,1,B
3,20423,True,B,A,3,1,B
3,20424,True,B,A,0,1,B
3,20425,True,B,A,2,0,B
3,20426,True,A,B,2,1,A
3,20427,True,B,A,2,0,B
3,20428,True,A,B,6,1,A
3,20429,True,B,A,0,1,B
3,20430,True,B,A,3,1,B
3,20431,True,A,B,2,1,A
3,20432,True,A,B,2,1,A
3,20433,True,A,B,2,1,A
3,20434,True,A,B,2,0,A
3,20435,True,A,B,1,2,A
3,20436,True,B,A,2,0,B
3,20437,True,A,B,1,1,A
3,20438,True,A,B,2,1,A
3,20439,True,B,A,1,1,B
3,20440,True,B,A,3,1,B
3,20441,True,A,B,2,0,A
3,20442,True,B,A,4,1,B
3,20443,True,A,B,0,1,A
3,20444,True,A,B,3,1,A
3,20445,True,A,B,2,0,A
3,20446,True,A,B,0,1,A
3,20447,True,B,A,6,1,B
3,20448,True,A,B,1,1,A
3,20449,False,,,,,
3,20450,True,A,B,2,0,A
3,20451,True,B,A,2,1,B
3,20452,True,A,B,3,1,A
3,20453,False,,,,,
3,20454,True,B,A,3,1,B
3,20455,True,B,A,6,1,B
3,20456,True,B,A,6,1,B
3,20457,True,A,B,1,1,A
3,20458,True,B,A,6,1,B
3,20459,True,B,A,2,1,B
3,20460,True,B,A,2,1,B
3,20461,True,B,A,4,1,B
3,20462,True,B,A,1,1,B
3,20463,True,B,A,10,1,B
3,20464,True,A,B,2,0,A
3,20465,True,A,B,4,1,A
3,20466,True,B,A,2,0,B
3,20467,False,,,,,
3,20468,True,B,A,10,1,B
3,20469,True,A,B,0,1,A
3,20470,True,A,B,1,2,A
3,20471,True,A,B,1,1,A
3,20472,True,A,B,3,1,A
3,20473,True,A,B,10,1,A
3,20474,True,B,A,3,1,B
3,20475,True,B,A,6,1,B
3,20476,True,A,B,2,1,A
3,20477,True,A,B,2,1,A
3,20478,True,A,B,0,1,A
3,20479,True,A,B,6,1,A
3,20480,True,B,A,1,1,B
3,20481,True,B,A,1,1,B
3,20482,True,B,A,2,0,B
3,20483,True,A,B,2,0,A
3,20484,True,B,A,0,1,B
3,20485,True,A,B,4,1,A
3,20486,True,A,B,0,1,A
3,20487,True,A,B,3,1,A
3,20488,True,B,A,10,1,B
3,20489,True,A,B,3,1,A
3,20490,True,B,A,10,1,B
3,20491,True,B,A,3,1,B
3,20492,True,A,B,1,2,A
3,20493,True,A,B,4,1,A
3,20494,True,B,A,2,0,B
3,20495,True,B,A,1,1,B
3,20496,True,B,A,6,1,B
3,20497,True,A,B,6,1,A
3,20498,True,A,B,2,1,A
3,20499,True,B,A,1,2,B
3,20500,True,A,B,1,1,A
3,20501,True,B,A,3,1,B
3,20502,True,B,A,2,1,B
3,20503,True,B,A,6,1,B
3,20504,True,A,B,2,0,A
3,20505,True,B,A,4,1,B
3,20506,True,A,B,2,0,A
3,20507,True,B,A,6,1,B
3,20508,True,B,A,10,1,B
3,20509,True,B,A,3,1,B
3,20510,True,A,B,4,1,A
3,20511,False,,,,,
3,20512,True,B,A,2,1,B
3,20513,False,,,,,
3,20514,True,B,A,1,2,B
3,20515,True,B,A,4,1,B
3,20516,True,A,B,1,2,A
3,20517,True,A,B,1,2,A
3,20518,True,A,B,3,1,A
3,20519,True,A,B,1,2,A
3,20520,True,A,B,4,1,A
3,20521,True,A,B,1,2,A
3,20522,True,B,A,0,1,B
3,20523,True,A,B,4,1,A
3,20524,True,B,A,6,1,B
3,20525,True,A,B,1,2,A
3,20526,True,A,B,6,1,A
3,20527,True,A,B,2,1,A
3,20528,True,A,B,6,1,A
3,20529,True,A,B,1,2,A
3,20530,True,A,B,2,0,A
3,20531,False,,,,,
3,20532,True,B,A,3,1,B
3,20533,True,B,A,1,1,B
3,20534,True,B,A,1,1,B
3,20535,True,A,B,10,1,A
3,20536,True,B,A,4,1,B
3,20537,True,A,B,1,2,A
3,20538,True,A,B,3,1,A
3,20539,True,B,A,1,1,B
3,20540,True,A,B,2,1,A
3,20541,True,B,A,3,1,B
3,20542,True,B,A,6,1,B
3,20543,True,B,A,1,1,B
3,20544,True,A,B,3,1,A
3,20545,True,A,B,1,2,A
3,20546,True,A,B,1,2,A
3,20547,True,A,B,2,1,A
3,20548,True,A,B,2,0,A
3,20549,True,B,A,2,1,B
3,20550,True,B,A,6,1,B
3,20551,True,B,A,2,1,B
3,20552,True,A,B,1,2,A
3,20553,True,A,B,2,0,A
3,20554,True,A,B,6,1,A
3,20555,True,B,A,4,1,B
3,20556,True,A,B,1,1,A
3,20557,True,B,A,2,0,B
3,20558,True,A,B,2,1,A
3,20559,True,B,A,4,1,B
3,20560,True,B,A,2,0,B
3,20561,True,A,B,2,1,A
3,20562,False,,,,,
3,20563,True,A,B,1,1,A
3,20564,True,B,A,10,1,B
3,20565,True,A,B,4,1,A
3,20566,True,B,A,1,2,B
3,20567,True,A,B,10,1,A
3,20568,True,B,A,2,1,B
3,20569,True,A,B,2,0,A
3,20570,True,B,A,0,1,B
3,20571,True,A,B,2,0,A
3,20572,True,B,A,4,1,B
3,20573,True,A,B,2,1,A
3,20574,True,B,A,1,1,B
3,20575,True,B,A,10,1,B
3,20576,True,A,B,2,1,A
3,20577,True,A,B,1,1,A
3,20578,True,B,A,1,1,B
3,20579,True,B,A,3,1,B
3,20580,True,B,A,0,1,B
3,20581,True,A,B,1,1,A
3,20582,True,B,A,4,1,B
3,20583,True,B,A,10,1,B
3,20584,True,B,A,1,2,B
3,20585,True,A,B,3,1,A
3,20586,True,B,A,1,1,B
3,20587,True,A,B,4,1,A
3,20588,True,B,A,4,1,B
3,20589,True,B,A,1,1,B
3,20590,True,A,B,1,2,A
3,20591,True,A,B,1,1,A
3,20592,True,B,A,2,0,B
3,20593,True,A,B,1,1,A
3,20594,True,B,A,1,2,B
3,20595,True,B,A,6,1,B
3,20596,True,B,A,2,1,B
3,20597,True,A,B,1,1,A
3,20598,True,B,A,6,1,B
3,20599,True,B,A,0,1,B
3,20600,True,B,A,10,1,B
3,20601,True,B,A,1,2,B
3,20602,True,B,A,10,1,B
3,20603,True,A,B,1,2,A
3,20604,True,B,A,3,1,B
3,20605,True,B,A,10,1,B
3,20606,True,B,A,2,1,B
3,20607,True,B,A,10,1,B
3,20608,True,A,B,1,2,A
3,20609,True,A,B,10,1,A
3,20610,True,B,A,6,1,B
3,20611,True,B,A,1,2,B
3,20612,True,B,A,2,0,B
3,20613,False,,,,,
3,20614,True,B,A,1,1,B
3,20615,True,A,B,2,1,A
3,20616,True,A,B,6,1,A
3,20617,True,A,B,1,2,A
3,20618,True,B,A,1,2,B
3,20619,False,,,,,
3,20620,True,A,B,6,1,A
3,20621,True,A,B,1,1,A
3,20622,True,A,B,6,1,A
3,20623,True,B,A,2,0,B
3,20624,True,A,B,1,1,A
3,20625,True,A,B,1,1,A
3,20626,True,A,B,0,1,A
3,20627,False,,,,,
3,20628,True,B,A,6,1,B
3,20629,True,B,A,0,1,B
3,20630,True,A,B,4,1,A
3,20631,False,,,,,
3,20632,True,A,B,1,1,A
3,20633,False,,,,,
3,20634,True,A,B,4,1,A
3,20635,True,A,B,0,1,A
3,20636,True,A,B,2,0,A
3,20637,True,A,B,10,1,A
3,20638,False,,,,,
3,20639,True,A,B,3,1,A
3,20640,False,,,,,
3,20641,True,A,B,0,1,A
3,20642,True,A,B,10,1,A
3,20643,False,,,,,
3,20644,False,,,,,
3,20645,True,A,B,1,2,A
3,20646,True,A,B,1,1,A
3,20647,True,B,A,2,1,B
3,20648,True,A,B,10,1,A
3,20649,True,A,B,0,1,A
3,20650,True,A,B,3,1,A
3,20651,True,B,A,4,1,B
3,20652,True,B,A,2,1,B
3,20653,True,B,A,6,1,B
3,20654,True,B,A,3,1,B
3,20655,True,A,B,3,1,A
3,20656,True,B,A,4,1,B
3,20657,False,,,,,
3,20658,True,B,A,2,0,B
3,20659,True,B,A,10,1,B
3,20660,True,A,B,10,1,A
3,20661,True,A,B,1,1,A
3,20662,True,B,A,2,1,B
3,20663,True,B,A,1,1,B
3,20664,True,A,B,4,1,A
3,20665,True,A,B,4,1,A
3,20666,False,,,,,
3,20667,True,A,B,4,1,A
3,20668,True,B,A,1,1,B
3,20669,True,B,A,6,1,B
3,20670,True,A,B,2,1,A
3,20671,True,A,B,1,2,A
3,20672,True,B,A,3,1,B
3,20673,True,A,B,3,1,A
3,20674,True,B,A,0,1,B
3,20675,True,A,B,3,1,A
3,20676,True,A,B,6,1,A
3,20677,True,B,A,4,1,B
3,20678,True,A,B,3,1,A
3,20679,True,B,A,0,1,B
3,20680,True,B,A,3,1,B
3,20681,True,A,B,6,1,A
3,20682,True,B,A,2,1,B
3,20683,True,A,B,3,1,A
3,20684,True,B,A,10,1,B
3,20685,False,,,,,
3,20686,True,B,A,2,1,B
3,20687,True,B,A,0,1,B
3,20688,True,A,B,3,1,A
3,20689,True,A,B,6,1,A
3,20690,True,A,B,0,1,A
3,20691,True,B,A,2,0,B
3,20692,True,A,B,6,1,A
3,20693,False,,,,,
3,20694,True,A,B,1,2,A
3,20695,True,B,A,1,1,B
3,20696,True,A,B,2,1,A
3,20697,True,B,A,4,1,B
3,20698,True,B,A,10,1,B
3,20699,True,A,B,1,2,A
3,20700,True,B,A,6,1,B
3,20701,True,A,B,4,1,A
3,20702,True,B,A,4,1,B
3,20703,True,A,B,1,1,A
3,20704,True,A,B,6,1,A
3,20705,False,,,,,
3,20706,False,,,,,
3,20707,True,B,A,6,1,B
3,20708,True,A,B,1,1,A
3,20709,True,A,B,2,0,A
3,20710,True,B,A,1,2,B
3,20711,True,A,B,0,1,A
3,20712,True,A,B,2,1,A
3,20713,True,A,B,2,1,A
3,20714,True,A,B,1,2,A
3,20715,True,B,A,1,1,B
3,20716,True,B,A,1,2,B
3,20717,True,B,A,4,1,B
3,20718,True,B,A,4,1,B
3,20719,True,B,A,6,1,B
3,20720,True,A,B,1,2,A
3,20721,True,A,B,0,1,A
3,20722,True,B,A,10,1,B
3,20723,True,A,B,0,1,A
3,20724,True,B,A,2,1,B
3,20725,True,B,A,2,0,B
3,20726,True,B,A,0,1,B
3,20727,True,A,B,6,1,A
3,20728,True,B,A,4,1,B
3,20729,True,A,B,1,2,A
3,20730,True,B,A,1,2,B
3,20731,True,B,A,10,1,B
3,20732,True,B,A,10,1,B
3,20733,True,B,A,4,1,B
3,20734,True,B,A,3,1,B
3,20735,True,B,A,10,1,B
3,20736,False,,,,,
3,20737,True,B,A,2,0,B
3,20738,True,A,B,2,1,A
3,20739,False,,,,,
3,20740,True,B,A,2,0,B
3,20741,True,B,A,10,1,B
3,20742,True,A,B,2,1,A
3,20743,True,A,B,6,1,A
3,20744,True,A,B,4,1,A
3,20745,True,A,B,2,1,A
3,20746,True,A,B,1,2,A
3,20747,True,B,A,1,2,B
3,20748,True,A,B,6,1,A
3,20749,True,B,A,2,1,B
3,20750,True,A,B,6,1,A
3,20751,True,A,B,2,0,A
3,20752,True,B,A,3,1,B
3,20753,True,A,B,6,1,A
3,20754,True,A,B,10,1,A
3,20755,True,B,A,1,2,B
3,20756,True,A,B,10,1,A
3,20757,True,A,B,1,2,A
3,20758,True,B,A,4,1,B
3,20759,True,A,B,6,1,A
3,20760,True,B,A,10,1,B
3,20761,True,A,B,1,1,A
3,20762,True,A,B,2,0,A
3,20763,True,B,A,2,1,B
3,20764,True,A,B,0,1,A
3,20765,True,A,B,6,1,A
3,20766,True,A,B,0,1,A
3,20767,True,A,B,3,1,A
3,20768,True,A,B,0,1,A
3,20769,True,B,A,10,1,B
3,20770,True,A,B,0,1,A
3,20771,True,A,B,1,1,A
3,20772,True,A,B,2,1,A
3,20773,True,A,B,6,1,A
3,20774,True,B,A,6,1,B
3,20775,True,B,A,4,1,B
3,20776,True,A,B,2,0,A
3,20777,True,A,B,2,1,A
3,20778,True,B,A,6,1,B
3,20779,True,A,B,1,1,A
3,20780,True,A,B,4,1,A
3,20781,True,B,A,3,1,B
3,20782,True,A,B,0,1,A
3,20783,True,A,B,1,2,A
3,20784,True,B,A,0,1,B
3,20785,True,A,B,0,1,A
3,20786,True,A,B,1,2,A
3,20787,True,A,B,2,0,A
3,20788,True,B,A,6,1,B
3,20789,True,A,B,4,1,A
3,20790,True,A,B,2,1,A
3,20791,True,B,A,4,1,B
3,20792,True,B,A,2,0,B
3,20793,False,,,,,
3,20794,True,B,A,6,1,B
3,20795,True,A,B,2,1,A
3,20796,True,B,A,2,0,B
3,20797,False,,,,,
3,20798,True,A,B,0,1,A
3,20799,True,A,B,1,1,A
3,20800,False,,,,,
3,20801,True,B,A,0,1,B
3,20802,True,A,B,1,1,A
3,20803,True,A,B,3,1,A
3,20804,True,A,B,4,1,A
3,20805,True,B,A,4,1,B
3,20806,True,A,B,2,1,A
3,20807,True,A,B,6,1,A
3,20808,True,B,A,10,1,B
3,20809,False,,,,,
3,20810,True,B,A,2,1,B
3,20811,True,A,B,3,1,A
3,20812,True,B,A,1,1,B
3,20813,True,A,B,2,1,A
3,20814,True,A,B,4,1,A
3,20815,True,B,A,2,1,B
3,20816,True,A,B,2,0,A
3,20817,True,A,B,2,1,A
3,20818,True,A,B,0,1,A
3,20819,True,A,B,1,1,A
3,20820,True,B,A,10,1,B
3,20821,True,A,B,6,1,A
3,20822,True,A,B,3,1,A
3,20823,True,A,B,1,2,A
3,20824,True,B,A,1,2,B
3,20825,True,B,A,3,1,B
3,20826,True,A,B,10,1,A
3,20827,True,A,B,6,1,A
3,20828,True,A,B,6,1,A
3,20829,True,B,A,6,1,B
3,20830,False,,,,,
3,20831,True,A,B,2,0,A
3,20832,True,A,B,0,1,A
3,20833,True,A,B,1,1,A
3,20834,True,B,A,2,1,B
3,20835,True,A,B,1,1,A
3,20836,True,A,B,4,1,A
3,20837,True,A,B,3,1,A
3,20838,True,A,B,2,1,A
3,20839,True,B,A,2,0,B
3,20840,True,B,A,2,1,B
3,20841,True,A,B,0,1,A
3,20842,True,B,A,6,1,B
3,20843,True,A,B,3,1,A
3,20844,True,A,B,10,1,A
3,20845,True,A,B,0,1,A
3,20846,True,A,B,1,2,A
3,20847,True,B,A,1,2,B
3,20848,True,B,A,10,1,B
3,20849,True,A,B,1,2,A
3,20850,True,B,A,4,1,B
3,20851,True,A,B,0,1,A
3,20852,True,B,A,2,0,B
3,20853,False,,,,,
3,20854,True,B,A,3,1,B
3,20855,True,A,B,0,1,A
3,20856,True,A,B,3,1,A
3,20857,True,B,A,2,1,B
3,20858,True,A,B,3,1,A
3,20859,True,B,A,3,1,B
3,20860,True,B,A,1,1,B
3,20861,True,A,B,2,0,A
3,20862,True,A,B,6,1,A
3,20863,True,B,A,6,1,B
3,20864,True,A,B,6,1,A
3,20865,True,A,B,1,1,A
3,20866,True,A,B,2,0,A
3,20867,False,,,,,
3,20868,True,B,A,2,1,B
3,20869,False,,,,,
3,20870,True,A,B,10,1,A
3,20871,True,A,B,2,1,A
3,20872,True,B,A,1,1,B
3,20873,True,A,B,4,1,A
3,20874,True,A,B,1,1,A
3,20875,True,A,B,10,1,A
3,20876,True,A,B,0,1,A
3,20877,True,B,A,1,1,B
3,20878,True,A,B,1,2,A
3,20879,True,A,B,2,1,A
3,20880,True,B,A,6,1,B
3,20881,False,,,,,
3,20882,True,B,A,3,1,B
3,20883,True,B,A,6,1,B
3,20884,True,A,B,0,1,A
3,20885,True,A,B,6,1,A
3,20886,True,A,B,6,1,A
3,20887,True,A,B,3,1,A
3,20888,True,B,A,1,2,B
3,20889,True,B,A,10,1,B
3,20890,True,B,A,1,1,B
3,20891,True,A,B,10,1,A
3,20892,True,A,B,1,1,A
3,20893,True,B,A,2,0,B
3,20894,True,B,A,10,1,B
3,20895,True,A,B,6,1,A
3,20896,True,B,A,4,1,B
3,20897,True,B,A,2,1,B
3,20898,True,B,A,6,1,B
3,20899,True,A,B,10,1,A
3,20900,True,B,A,2,0,B
3,20901,True,B,A,2,0,B
3,20902,True,A,B,4,1,A
3,20903,True,B,A,4,1,B
3,20904,True,B,A,4,1,B
3,20905,True,B,A,2,1,B
3,20906,True,A,B,4,1,A
3,20907,True,B,A,4,1,B
3,20908,True,B,A,3,1,B
3,20909,True,A,B,2,0,A
3,20910,False,,,,,
3,20911,True,A,B,0,1,A
3,20912,True,A,B,10,1,A
3,20913,True,A,B,2,1,A
3,20914,True,A,B,2,0,A
3,20915,True,A,B,4,1,A
3,20916,True,B,A,2,0,B
3,20917,True,A,B,2,1,A
3,20918,True,A,B,10,1,A
3,20919,True,A,B,2,1,A
3,20920,True,A,B,3,1,A
3,20921,True,B,A,2,1,B
3,20922,True,A,B,4,1,A
3,20923,True,B,A,3,1,B
3,20924,True,A,B,1,1,A
3,20925,True,A,B,6,1,A
3,20926,True,A,B,2,1,A
3,20927,True,B,A,1,2,B
3,20928,True,A,B,2,1,A
3,20929,True,A,B,3,1,A
3,20930,True,A,B,2,1,A
3,20931,True,B,A,2,0,B
3,20932,True,A,B,4,1,A
3,20933,True,A,B,4,1,A
3,20934,True,B,A,0,1,B
3,20935,True,A,B,4,1,A
3,20936,True,A,B,2,1,A
3,20937,True,B,A,1,2,B
3,20938,True,A,B,1,2,A
3,20939,True,A,B,2,0,A
3,20940,True,A,B,0,1,A
3,20941,True,B,A,0,1,B
3,20942,True,A,B,0,1,A
3,20943,True,A,B,2,0,A
3,20944,True,B,A,10,1,B
3,20945,True,A,B,4,1,A
3,20946,True,A,B,1,1,A
3,20947,True,A,B,1,1,A
3,20948,True,B,A,2,0,B
3,20949,True,B,A,0,1,B
3,20950,True,A,B,3,1,A
3,20951,True,B,A,2,0,B
3,20952,True,A,B,4,1,A
3,20953,True,A,B,0,1,A
3,20954,True,A,B,6,1,A
3,20955,True,A,B,10,1,A
3,20956,True,B,A,2,0,B
3,20957,True,A,B,6,1,A
3,20958,True,B,A,6,1,B
3,20959,True,A,B,4,1,A
3,20960,True,A,B,1,1,A
3,20961,True,B,A,2,0,B
3,20962,True,B,A,4,1,B
3,20963,True,B,A,0,1,B
3,20964,True,B,A,0,1,B
3,20965,True,A,B,1,2,A
3,20966,True,A,B,1,2,A
3,20967,True,A,B,6,1,A
3,20968,True,A,B,1,1,A
3,20969,True,B,A,2,1,B
3,20970,True,A,B,1,2,A
3,20971,True,A,B,3,1,A
3,20972,False,,,,,
3,20973,False,,,,,
3,20974,True,A,B,2,1,A
3,20975,True,B,A,2,0,B
3,20976,True,A,B,10,1,A
3,20977,True,B,A,2,0,B
3,20978,True,A,B,2,1,A
3,20979,True,A,B,3,1,A
3,20980,True,A,B,2,0,A
3,20981,True,B,A,2,0,B
3,20982,True,B,A,2,1,B
3,20983,True,A,B,1,2,A
3,20984,True,A,B,1,1,A
3,20985,True,B,A,3,1,B
3,20986,True,B,A,2,0,B
3,20987,True,A,B,2,1,A
3,20988,True,B,A,2,1,B
3,20989,True,B,A,1,2,B
3,20990,True,A,B,4,1,A
3,20991,True,B,A,1,1,B
3,20992,True,B,A,4,1,B
3,20993,True,A,B,10,1,A
3,20994,True,A,B,0,1,A
3,20995,True,B,A,3,1,B
3,20996,True,A,B,10,1,A
3,20997,True,A,B,10,1,A
3,20998,True,B,A,0,1,B
3,20999,True,A,B,0,1,A
3,21000,True,B,A,3,1,B
3,21001,True,B,A,2,1,B
3,21002,True,A,B,0,1,A
3,21003,True,B,A,4,1,B
3,21004,True,B,A,1,2,B
3,21005,True,A,B,1,1,A
3,21006,True,A,B,2,1,A
3,21007,True,A,B,3,1,A
3,21008,True,B,A,4,1,B
3,21009,True,A,B,4,1,A
3,21010,True,A,B,10,1,A
3,21011,True,B,A,0,1,B
3,21012,True,B,A,2,1,B
3,21013,True,A,B,10,1,A
3,21014,True,A,B,3,1,A
3,21015,True,B,A,4,1,B
3,21016,True,A,B,1,2,A
3,21017,True,B,A,2,0,B
3,21018,True,A,B,0,1,A
3,21019,True,A,B,2,1,A
3,21020,True,B,A,4,1,B
3,21021,True,A,B,10,1,A
3,21022,True,B,A,4,1,B
3,21023,True,A,B,4,1,A
3,21024,True,A,B,10,1,A
3,21025,True,A,B,1,2,A
3,21026,True,B,A,3,1,B
3,21027,True,A,B,2,0,A
3,21028,True,B,A,3,1,B
3,21029,True,B,A,4,1,B
3,21030,True,A,B,1,2,A
3,21031,False,,,,,
3,21032,True,B,A,10,1,B
3,21033,True,A,B,1,2,A
3,21034,True,B,A,0,1,B
3,21035,True,A,B,2,0,A
3,21036,True,B,A,1,2,B
3,21037,True,A,B,2,0,A
3,21038,True,B,A,2,0,B
3,21039,True,A,B,1,1,A
3,21040,True,B,A,0,1,B
3,21041,True,A,B,4,1,A
3,21042,True,B,A,3,1,B
3,21043,True,A,B,1,1,A
3,21044,True,A,B,1,2,A
3,21045,True,A,B,4,1,A
3,21046,True,B,A,0,1,B
3,21047,True,A,B,4,1,A
3,21048,True,B,A,6,1,B
3,21049,True,B,A,10,1,B
3,21050,True,A,B,1,1,A
3,21051,True,A,B,4,1,A
3,21052,True,A,B,1,2,A
3,21053,True,B,A,3,1,B
3,21054,True,B,A,4,1,B
3,21055,True,B,A,0,1,B
3,21056,True,B,A,2,0,B
3,21057,True,B,A,0,1,B
3,21058,True,A,B,3,1,A
3,21059,True,A,B,0,1,A
3,21060,True,B,A,0,1,B
3,21061,True,B,A,2,0,B
3,21062,True,B,A,6,1,B
3,21063,True,A,B,1,1,A
3,21064,True,A,B,10,1,A
3,21065,True,A,B,1,2,A
3,21066,True,B,A,2,1,B
3,21067,True,B,A,0,1,B
3,21068,True,B,A,2,0,B
3,21069,True,B,A,2,0,B
3,21070,False,,,,,
3,21071,True,A,B,2,1,A
3,21072,True,A,B,2,0,A
3,21073,True,B,A,0,1,B
3,21074,True,A,B,4,1,A
3,21075,True,A,B,2,0,A
3,21076,True,A,B,1,2,A
3,21077,True,A,B,3,1,A
3,21078,True,A,B,3,1,A
3,21079,True,B,A,4,1,B
3,21080,True,B,A,6,1,B
3,21081,True,A,B,2,0,A
3,21082,True,A,B,4,1,A
3,21083,True,A,B,3,1,A
3,21084,True,B,A,1,2,B
3,21085,True,B,A,1,1,B
3,21086,True,B,A,4,1,B
3,21087,True,B,A,2,0,B
3,21088,True,A,B,0,1,A
3,21089,False,,,,,
3,21090,True,A,B,3,1,A
3,21091,True,B,A,2,1,B
3,21092,True,A,B,4,1,A
3,21093,True,A,B,2,1,A
3,21094,True,B,A,10,1,B
3,21095,True,A,B,6,1,A
3,21096,True,B,A,3,1,B
3,21097,True,A,B,4,1,A
3,21098,True,B,A,3,1,B
3,21099,True,B,A,10,1,B
3,21100,False,,,,,
3,21101,True,A,B,4,1,A
3,21102,True,B,A,10,1,B
3,21103,True,B,A,2,1,B
3,21104,True,B,A,4,1,B
3,21105,False,,,,,
3,21106,True,B,A,1,2,B
3,21107,True,B,A,1,1,B
3,21108,True,A,B,2,0,A
3,21109,True,A,B,4,1,A
3,21110,True,B,A,4,1,B
3,21111,True,A,B,1,1,A
3,21112,True,B,A,2,1,B
3,21113,True,A,B,10,1,A
3,21114,True,B,A,2,0,B
3,21115,True,A,B,6,1,A
3,21116,True,B,A,10,1,B
3,21117,True,B,A,3,1,B
3,21118,False,,,,,
3,21119,True,B,A,6,1,B
3,21120,True,A,B,6,1,A
3,21121,True,B,A,2,1,B
3,21122,True,A,B,1,1,A
3,21123,True,A,B,2,0,A
3,21124,True,A,B,1,2,A
3,21125,True,A,B,6,1,A
3,21126,True,A,B,10,1,A
3,21127,True,A,B,6,1,A
3,21128,True,A,B,4,1,A
3,21129,True,B,A,6,1,B
3,21130,True,A,B,1,2,A
3,21131,True,B,A,3,1,B
3,21132,True,A,B,2,1,A
3,21133,True,B,A,3,1,B
3,21134,True,A,B,3,1,A
3,21135,True,A,B,10,1,A
3,21136,True,B,A,1,1,B
3,21137,True,A,B,1,2,A
3,21138,True,B,A,2,0,B
3,21139,True,B,A,2,0,B
3,21140,True,B,A,1,1,B
3,21141,True,A,B,3,1,A
3,21142,True,B,A,3,1,B
3,21143,True,A,B,10,1,A
3,21144,True,B,A,3,1,B
3,21145,True,B,A,0,1,B
3,21146,True,A,B,2,1,A
3,21147,True,B,A,4,1,B
3,21148,True,B,A,2,0,B
3,21149,True,B,A,3,1,B
3,21150,True,B,A,2,1,B
3,21151,True,A,B,6,1,A
3,21152,True,B,A,0,1,B
3,21153,False,,,,,
3,21154,True,B,A,3,1,B
3,21155,True,A,B,10,1,A
3,21156,True,B,A,4,1,B
3,21157,True,B,A,10,1,B
3,21158,True,A,B,2,0,A
3,21159,True,A,B,2,1,A
3,21160,True,B,A,0,1,B
3,21161,True,A,B,2,1,A
3,21162,True,A,B,1,1,A
3,21163,True,A,B,3,1,A
3,21164,True,A,B,1,1,A
3,21165,False,,,,,
3,21166,True,A,B,1,2,A
3,21167,True,B,A,0,1,B
3,21168,False,,,,,
3,21169,True,B,A,4,1,B
3,21170,True,A,B,4,1,A
3,21171,True,B,A,0,1,B
3,21172,True,B,A,1,1,B
3,21173,True,B,A,3,1,B
3,21174,True,B,A,0,1,B
3,21175,True,B,A,2,0,B
3,21176,True,B,A,6,1,B
3,21177,True,B,A,3,1,B
3,21178,True,A,B,2,0,A
3,21179,True,B,A,6,1,B
3,21180,True,B,A,2,0,B
3,21181,True,B,A,0,1,B
3,21182,True,B,A,3,1,B
3,21183,True,A,B,6,1,A
3,21184,True,A,B,4,1,A
3,21185,True,B,A,2,1,B
3,21186,True,A,B,1,2,A
3,21187,True,B,A,3,1,B
3,21188,True,B,A,4,1,B
3,21189,True,A,B,4,1,A
3,21190,True,A,B,2,0,A
3,21191,True,B,A,3,1,B
3,21192,False,,,,,
3,21193,True,B,A,4,1,B
3,21194,True,A,B,1,1,A
3,21195,True,A,B,6,1,A
3,21196,True,A,B,2,1,A
3,21197,True,A,B,2,0,A
3,21198,True,B,A,2,0,B
3,21199,True,A,B,0,1,A
3,21200,True,A,B,1,2,A
3,21201,True,B,A,1,2,B
3,21202,True,B,A,4,1,B
3,21203,True,A,B,1,2,A
3,21204,True,B,A,10,1,B
3,21205,False,,,,,
3,21206,True,A,B,1,1,A
3,21207,True,B,A,4,1,B
3,21208,True,A,B,6,1,A
3,21209,True,A,B,3,1,A
3,21210,False,,,,,
3,21211,True,A,B,10,1,A
3,21212,True,B,A,2,0,B
3,21213,True,A,B,2,0,A
3,21214,True,B,A,10,1,B
3,21215,True,A,B,1,1,A
3,21216,True,A,B,2,0,A
3,21217,True,B,A,2,0,B
3,21218,True,A,B,1,2,A
3,21219,True,A,B,1,2,A
3,21220,True,A,B,2,0,A
3,21221,True,A,B,2,1,A
3,21222,True,A,B,2,1,A
3,21223,True,A,B,4,1,A
3,21224,True,A,B,6,1,A
3,21225,True,B,A,1,1,B
3,21226,True,B,A,10,1,B
3,21227,True,A,B,6,1,A
3,21228,True,B,A,1,2,B
3,21229,True,B,A,6,1,B
3,21230,True,B,A,4,1,B
3,21231,True,A,B,2,0,A
3,21232,True,A,B,2,0,A
3,21233,True,A,B,4,1,A
3,21234,True,A,B,10,1,A
3,21235,True,A,B,2,0,A
3,21236,True,B,A,6,1,B
3,21237,True,A,B,6,1,A
3,21238,True,A,B,3,1,A
3,21239,True,B,A,2,1,B
3,21240,True,A,B,4,1,A
3,21241,True,B,A,1,2,B
3,21242,True,A,B,1,1,A
3,21243,True,B,A,0,1,B
3,21244,True,B,A,1,2,B
3,21245,True,A,B,2,0,A
3,21246,True,B,A,1,2,B
3,21247,True,A,B,10,1,A
3,21248,True,B,A,2,0,B
3,21249,True,B,A,3,1,B
3,21250,True,B,A,6,1,B
3,21251,True,B,A,3,1,B
3,21252,True,A,B,10,1,A
3,21253,True,A,B,2,1,A
3,21254,True,A,B,4,1,A
3,21255,True,A,B,2,0,A
3,21256,True,B,A,6,1,B
3,21257,True,B,A,1,2,B
3,21258,True,B,A,3,1,B
3,21259,True,B,A,10,1,B
3,21260,True,A,B,0,1,A
3,21261,True,A,B,3,1,A
3,21262,False,,,,,
3,21263,True,A,B,3,1,A
3,21264,True,A,B,1,1,A
3,21265,False,,,,,
3,21266,True,B,A,4,1,B
3,21267,True,A,B,1,1,A
3,21268,False,,,,,
3,21269,True,B,A,2,1,B
3,21270,True,A,B,3,1,A
3,21271,True,A,B,4,1,A
3,21272,True,A,B,2,0,A
3,21273,True,B,A,10,1,B
3,21274,True,A,B,1,2,A
3,21275,True,B,A,4,1,B
3,21276,True,B,A,4,1,B
3,21277,True,A,B,2,1,A
3,21278,True,A,B,6,1,A
3,21279,False,,,,,
3,21280,False,,,,,
3,21281,True,A,B,3,1,A
3,21282,True,A,B,10,1,A
3,21283,True,A,B,1,2,A
3,21284,True,A,B,2,0,A
3,21285,True,B,A,3,1,B
3,21286,True,B,A,2,1,B
3,21287,True,A,B,2,0,A
3,21288,True,A,B,1,2,A
3,21289,True,B,A,2,1,B
3,21290,True,B,A,3,1,B
3,21291,True,B,A,2,0,B
3,21292,True,B,A,6,1,B
3,21293,True,B,A,1,1,B
3,21294,True,B,A,10,1,B
3,21295,True,A,B,4,1,A
3,21296,True,B,A,4,1,B
3,21297,True,A,B,10,1,A
3,21298,True,B,A,1,1,B
3,21299,True,A,B,2,1,A
3,21300,True,B,A,10,1,B
3,21301,True,B,A,0,1,B
3,21302,True,A,B,1,1,A
3,21303,True,A,B,6,1,A
3,21304,True,B,A,0,1,B
3,21305,True,A,B,1,2,A
3,21306,True,B,A,1,2,B
3,21307,True,A,B,3,1,A
3,21308,True,B,A,4,1,B
3,21309,True,A,B,4,1,A
3,21310,True,B,A,0,1,B
3,21311,True,B,A,6,1,B
3,21312,True,B,A,6,1,B
3,21313,True,A,B,10,1,A
3,21314,True,A,B,3,1,A
3,21315,True,A,B,0,1,A
3,21316,True,B,A,0,1,B
3,21317,True,A,B,2,1,A
3,21318,True,A,B,2,0,A
3,21319,True,A,B,2,0,A
3,21320,True,A,B,4,1,A
3,21321,True,B,A,3,1,B
3,21322,True,A,B,6,1,A
3,21323,True,A,B,0,1,A
3,21324,True,A,B,6,1,A
3,21325,True,B,A,4,1,B
3,21326,True,B,A,1,1,B
3,21327,True,A,B,1,1,A
3,21328,True,B,A,6,1,B
3,21329,True,A,B,10,1,A
3,21330,True,B,A,4,1,B
3,21331,True,B,A,2,0,B
3,21332,False,,,,,
3,21333,True,A,B,1,2,A
3,21334,True,A,B,3,1,A
3,21335,True,B,A,2,1,B
3,21336,True,B,A,2,1,B
3,21337,True,A,B,1,1,A
3,21338,False,,,,,
3,21339,True,A,B,0,1,A
3,21340,True,B,A,6,1,B
3,21341,False,,,,,
3,21342,True,A,B,2,0,A
3,21343,True,A,B,0,1,A
3,21344,True,B,A,4,1,B
3,21345,True,B,A,4,1,B
3,21346,True,A,B,4,1,A
3,21347,True,B,A,4,1,B
3,21348,True,A,B,1,2,A
3,21349,True,B,A,10,1,B
3,21350,True,A,B,10,1,A
3,21351,True,A,B,10,1,A
3,21352,True,B,A,0,1,B
3,21353,True,B,A,2,0,B
3,21354,True,B,A,1,2,B
3,21355,True,B,A,0,1,B
3,21356,True,B,A,3,1,B
3,21357,True,B,A,4,1,B
3,21358,True,B,A,4,1,B
3,21359,True,B,A,2,0,B
3,21360,True,B,A,4,1,B
3,21361,True,B,A,6,1,B
3,21362,False,,,,,
3,21363,True,B,A,10,1,B
3,21364,True,A,B,6,1,A
3,21365,True,A,B,2,1,A
3,21366,True,B,A,10,1,B
3,21367,True,B,A,1,2,B
3,21368,True,A,B,0,1,A
3,21369,True,B,A,4,1,B
3,21370,True,A,B,3,1,A
3,21371,True,A,B,2,1,A
3,21372,True,A,B,0,1,A
3,21373,True,A,B,10,1,A
3,21374,True,B,A,2,1,B
3,21375,True,B,A,10,1,B
3,21376,True,A,B,6,1,A
3,21377,True,A,B,2,0,A
3,21378,True,B,A,3,1,B
3,21379,True,B,A,4,1,B
3,21380,True,B,A,10,1,B
3,21381,True,A,B,2,0,A
3,21382,True,B,A,1,2,B
3,21383,True,A,B,0,1,A
3,21384,True,B,A,10,1,B
3,21385,True,B,A,2,0,B
3,21386,False,,,,,
3,21387,True,A,B,0,1,A
3,21388,True,B,A,4,1,B
3,21389,True,A,B,1,1,A
3,21390,True,A,B,3,1,A
3,21391,True,A,B,6,1,A
3,21392,True,B,A,3,1,B
3,21393,True,A,B,2,0,A
3,21394,False,,,,,
3,21395,True,A,B,0,1,A
3,21396,True,A,B,2,0,A
3,21397,True,A,B,6,1,A
3,21398,True,A,B,1,2,A
3,21399,True,B,A,6,1,B
3,21400,True,B,A,1,1,B
3,21401,True,A,B,4,1,A
3,21402,True,A,B,2,1,A
3,21403,True,B,A,2,1,B
3,21404,True,A,B,2,0,A
3,21405,True,A,B,2,1,A
3,21406,True,A,B,4,1,A
3,21407,True,B,A,2,1,B
3,21408,True,B,A,0,1,B
3,21409,True,A,B,6,1,A
3,21410,True,A,B,1,2,A
3,21411,True,A,B,1,1,A
3,21412,True,B,A,1,1,B
3,21413,True,A,B,3,1,A
3,21414,True,A,B,6,1,A
3,21415,True,B,A,3,1,B
3,21416,True,A,B,3,1,A
3,21417,True,A,B,4,1,A
3,21418,True,B,A,10,1,B
3,21419,True,B,A,3,1,B
3,21420,True,B,A,1,2,B
3,21421,True,B,A,2,0,B
3,21422,True,A,B,1,1,A
3,21423,True,A,B,1,2,A
3,21424,True,B,A,3,1,B
3,21425,True,B,A,1,1,B
3,21426,True,A,B,4,1,A
3,21427,True,B,A,1,2,B
3,21428,True,A,B,0,1,A
3,21429,True,A,B,3,1,A
3,21430,True,A,B,1,2,A
3,21431,True,A,B,2,0,A
3,21432,True,B,A,1,2,B
3,21433,False,,,,,
3,21434,False,,,,,
3,21435,True,B,A,6,1,B
3,21436,True,B,A,6,1,B
3,21437,True,A,B,2,1,A
3,21438,True,A,B,2,0,A
3,21439,True,B,A,1,1,B
3,21440,True,A,B,4,1,A
3,21441,True,B,A,6,1,B
3,21442,True,A,B,10,1,A
3,21443,True,A,B,4,1,A
3,21444,False,,,,,
3,21445,True,A,B,3,1,A
3,21446,True,A,B,2,0,A
3,21447,True,B,A,3,1,B
3,21448,False,,,,,
3,21449,True,B,A,10,1,B
3,21450,True,A,B,2,1,A
3,21451,False,,,,,
3,21452,True,B,A,2,1,B
3,21453,True,B,A,2,0,B
3,21454,True,A,B,3,1,A
3,21455,True,B,A,2,1,B
3,21456,True,B,A,10,1,B
3,21457,True,B,A,1,2,B
3,21458,True,B,A,2,0,B
3,21459,True,B,A,2,1,B
3,21460,True,A,B,6,1,A
3,21461,True,B,A,3,1,B
3,21462,True,B,A,1,1,B
3,21463,True,A,B,4,1,A
3,21464,True,B,A,1,1,B
3,21465,True,B,A,3,1,B
3,21466,True,A,B,2,1,A
3,21467,True,A,B,2,1,A
3,21468,True,A,B,1,1,A
3,21469,True,A,B,2,0,A
3,21470,True,A,B,1,2,A
3,21471,True,B,A,2,1,B
3,21472,True,B,A,0,1,B
3,21473,True,A,B,0,1,A
3,21474,True,A,B,1,2,A
3,21475,True,B,A,3,1,B
3,21476,True,A,B,1,2,A
3,21477,True,B,A,6,1,B
3,21478,True,B,A,1,1,B
3,21479,True,A,B,6,1,A
3,21480,True,B,A,3,1,B
3,21481,True,B,A,10,1,B
3,21482,True,A,B,1,2,A
3,21483,True,B,A,1,1,B
3,21484,True,B,A,6,1,B
3,21485,True,B,A,1,2,B
3,21486,True,B,A,4,1,B
3,21487,True,A,B,3,1,A
3,21488,True,A,B,1,2,A
3,21489,True,B,A,6,1,B
3,21490,True,A,B,6,1,A
3,21491,True,A,B,10,1,A
3,21492,True,B,A,4,1,B
3,21493,True,B,A,6,1,B
3,21494,True,B,A,2,1,B
3,21495,True,A,B,1,1,A
3,21496,True,B,A,6,1,B
3,21497,True,B,A,3,1,B
3,21498,True,B,A,10,1,B
3,21499,True,A,B,1,2,A
3,21500,True,A,B,2,1,A
3,21501,True,A,B,4,1,A
3,21502,True,B,A,4,1,B
3,21503,True,B,A,1,2,B
3,21504,True,A,B,2,0,A
3,21505,True,A,B,1,2,A
3,21506,True,B,A,1,1,B
3,21507,True,A,B,0,1,A
3,21508,True,B,A,1,1,B
3,21509,True,B,A,6,1,B
3,21510,True,B,A,10,1,B
3,21511,True,A,B,2,0,A
3,21512,True,B,A,0,1,B
3,21513,True,B,A,1,2,B
3,21514,True,A,B,0,1,A
3,21515,True,A,B,1,2,A
3,21516,True,B,A,6,1,B
3,21517,True,B,A,2,1,B
3,21518,True,B,A,0,1,B
3,21519,True,B,A,10,1,B
3,21520,True,A,B,2,1,A
3,21521,True,B,A,10,1,B
3,21522,True,A,B,1,1,A
3,21523,True,A,B,3,1,A
3,21524,True,B,A,0,1,B
3,21525,True,B,A,2,0,B
3,21526,True,B,A,4,1,B
3,21527,True,B,A,6,1,B
3,21528,True,B,A,10,1,B
3,21529,True,A,B,2,0,A
3,21530,True,A,B,1,1,A
3,21531,True,B,A,4,1,B
3,21532,True,A,B,1,1,A
3,21533,True,B,A,4,1,B
3,21534,True,B,A,0,1,B
3,21535,False,,,,,
3,21536,True,B,A,0,1,B
3,21537,True,B,A,3,1,B
3,21538,True,B,A,10,1,B
3,21539,True,B,A,6,1,B
3,21540,False,,,,,
3,21541,False,,,,,
3,21542,True,B,A,6,1,B
3,21543,True,A,B,1,2,A
3,21544,True,A,B,4,1,A
3,21545,True,B,A,3,1,B
3,21546,True,A,B,1,2,A
3,21547,True,A,B,0,1,A
3,21548,True,A,B,4,1,A
3,21549,True,A,B,6,1,A
3,21550,False,,,,,
3,21551,True,A,B,6,1,A
3,21552,True,A,B,3,1,A
3,21553,False,,,,,
3,21554,False,,,,,
3,21555,True,A,B,10,1,A
3,21556,False,,,,,
3,21557,True,B,A,3,1,B
3,21558,True,B,A,6,1,B
3,21559,True,A,B,1,1,A
3,21560,False,,,,,
3,21561,True,B,A,2,1,B
3,21562,True,B,A,6,1,B
3,21563,True,A,B,3,1,A
3,21564,True,B,A,4,1,B
3,21565,True,A,B,2,0,A
3,21566,True,A,B,4,1,A
3,21567,True,B,A,6,1,B
3,21568,True,B,A,6,1,B
3,21569,True,B,A,2,0,B
3,21570,True,B,A,4,1,B
3,21571,True,A,B,1,2,A
3,21572,True,A,B,2,0,A
3,21573,True,A,B,1,2,A
3,21574,True,A,B,1,2,A
3,21575,True,B,A,4,1,B
3,21576,True,A,B,0,1,A
3,21577,True,B,A,4,1,B
3,21578,True,A,B,4,1,A
3,21579,True,A,B,2,1,A
3,21580,True,B,A,6,1,B
3,21581,True,B,A,6,1,B
3,21582,True,B,A,1,1,B
3,21583,False,,,,,
3,21584,True,B,A,3,1,B
3,21585,True,B,A,2,1,B
3,21586,True,A,B,6,1,A
3,21587,True,A,B,1,1,A
3,21588,True,A,B,4,1,A
3,21589,True,B,A,2,1,B
3,21590,False,,,,,
3,21591,True,B,A,10,1,B
3,21592,True,B,A,10,1,B
3,21593,True,B,A,10,1,B
3,21594,True,B,A,4,1,B
3,21595,True,B,A,2,0,B
3,21596,True,A,B,10,1,A
3,21597,False,,,,,
3,21598,True,A,B,2,1,A
3,21599,True,B,A,0,1,B
3,21600,True,B,A,10,1,B
3,21601,True,A,B,0,1,A
3,21602,True,A,B,0,1,A
3,21603,False,,,,,
3,21604,True,A,B,2,1,A
3,21605,True,B,A,1,1,B
3,21606,True,A,B,3,1,A
3,21607,True,A,B,1,2,A
3,21608,True,B,A,2,0,B
3,21609,True,B,A,6,1,B
3,21610,True,B,A,0,1,B
3,21611,True,A,B,0,1,A
3,21612,True,A,B,2,0,A
3,21613,True,A,B,1,2,A
3,21614,False,,,,,
3,21615,True,A,B,6,1,A
3,21616,True,A,B,4,1,A
3,21617,True,A,B,4,1,A
3,21618,True,B,A,2,1,B
3,21619,True,A,B,10,1,A
3,21620,True,A,B,4,1,A
3,21621,True,B,A,6,1,B
3,21622,True,A,B,2,1,A
3,21623,True,A,B,1,1,A
3,21624,True,A,B,1,2,A
3,21625,True,B,A,2,1,B
3,21626,True,A,B,1,2,A
3,21627,True,A,B,4,1,A
3,21628,True,A,B,1,2,A
3,21629,True,A,B,2,1,A
3,21630,True,A,B,6,1,A
3,21631,True,B,A,10,1,B
3,21632,True,B,A,6,1,B
3,21633,True,B,A,2,1,B
3,21634,True,A,B,1,2,A
3,21635,True,A,B,2,1,A
3,21636,True,B,A,2,0,B
3,21637,True,A,B,4,1,A
3,21638,True,B,A,1,1,B
3,21639,True,A,B,2,0,A
3,21640,True,A,B,6,1,A
3,21641,True,B,A,4,1,B
3,21642,True,A,B,6,1,A
3,21643,True,A,B,1,2,A
3,21644,True,A,B,3,1,A
3,21645,True,B,A,6,1,B
3,21646,True,A,B,1,1,A
3,21647,False,,,,,
3,21648,False,,,,,
3,21649,False,,,,,
3,21650,True,A,B,2,1,A
3,21651,True,A,B,10,1,A
3,21652,False,,,,,
3,21653,True,B,A,3,1,B
3,21654,True,A,B,3,1,A
3,21655,True,B,A,2,1,B
3,21656,True,A,B,10,1,A
3,21657,True,B,A,10,1,B
3,21658,True,A,B,1,2,A
3,21659,True,A,B,6,1,A
3,21660,False,,,,,
3,21661,True,B,A,1,2,B
3,21662,True,B,A,3,1,B
3,21663,True,A,B,1,2,A
3,21664,True,A,B,1,2,A
3,21665,True,B,A,1,2,B
3,21666,True,A,B,4,1,A
3,21667,False,,,,,
3,21668,True,B,A,10,1,B
3,21669,True,B,A,1,1,B
3,21670,True,B,A,6,1,B
3,21671,True,A,B,2,1,A
3,21672,True,B,A,0,1,B
3,21673,True,A,B,2,0,A
3,21674,True,A,B,1,1,A
3,21675,True,B,A,4,1,B
3,21676,True,A,B,1,1,A
3,21677,True,B,A,6,1,B
3,21678,True,B,A,1,1,B
3,21679,True,A,B,4,1,A
3,21680,True,B,A,1,1,B
3,21681,True,A,B,6,1,A
3,21682,True,B,A,6,1,B
3,21683,True,A,B,6,1,A
3,21684,True,B,A,1,2,B
3,21685,True,A,B,1,1,A
3,21686,True,A,B,1,1,A
3,21687,True,B,A,10,1,B
3,21688,True,A,B,3,1,A
3,21689,True,B,A,2,0,B
3,21690,True,A,B,2,1,A
3,21691,True,A,B,10,1,A
3,21692,True,B,A,0,1,B
3,21693,True,B,A,1,1,B
3,21694,True,A,B,0,1,A
3,21695,True,B,A,1,2,B
3,21696,True,B,A,10,1,B
3,21697,True,B,A,2,0,B
3,21698,True,A,B,2,0,A
3,21699,True,A,B,3,1,A
3,21700,True,A,B,1,1,A
3,21701,False,,,,,
3,21702,True,B,A,4,1,B
3,21703,True,A,B,4,1,A
3,21704,True,A,B,1,1,A
3,21705,True,A,B,1,1,A
3,21706,True,A,B,10,1,A
3,21707,True,A,B,2,1,A
3,21708,True,B,A,6,1,B
3,21709,True,B,A,1,2,B
3,21710,True,A,B,3,1,A
3,21711,True,A,B,1,1,A
3,21712,True,A,B,6,1,A
3,21713,True,A,B,1,1,A
3,21714,True,B,A,3,1,B
3,21715,True,B,A,6,1,B
3,21716,True,B,A,3,1,B
3,21717,True,B,A,1,1,B
3,21718,True,A,B,4,1,A
3,21719,True,A,B,1,2,A
3,21720,True,A,B,4,1,A
3,21721,True,B,A,10,1,B
3,21722,False,,,,,
3,21723,True,B,A,2,1,B
3,21724,True,A,B,1,1,A
3,21725,True,A,B,2,0,A
3,21726,True,B,A,2,1,B
3,21727,True,A,B,4,1,A
3,21728,True,B,A,6,1,B
3,21729,True,A,B,10,1,A
3,21730,True,A,B,2,1,A
3,21731,False,,,,,
3,21732,True,A,B,1,1,A
3,21733,True,B,A,10,1,B
3,21734,True,A,B,1,1,A
3,21735,True,A,B,4,1,A
3,21736,False,,,,,
3,21737,True,A,B,2,1,A
3,21738,True,A,B,4,1,A
3,21739,True,B,A,0,1,B
3,21740,True,B,A,0,1,B
3,21741,True,B,A,1,1,B
3,21742,True,A,B,2,1,A
3,21743,True,B,A,1,1,B
3,21744,True,A,B,6,1,A
3,21745,True,A,B,2,0,A
3,21746,False,,,,,
3,21747,True,A,B,2,1,A
3,21748,True,B,A,10,1,B
3,21749,True,B,A,2,1,B
3,21750,True,A,B,3,1,A
3,21751,True,A,B,10,1,A
3,21752,True,A,B,4,1,A
3,21753,True,A,B,0,1,A
3,21754,True,A,B,2,1,A
3,21755,True,A,B,3,1,A
3,21756,True,B,A,2,0,B
3,21757,True,A,B,1,2,A
3,21758,True,B,A,3,1,B
3,21759,True,B,A,4,1,B
3,21760,True,B,A,1,2,B
3,21761,True,B,A,4,1,B
3,21762,True,B,A,1,2,B
3,21763,True,A,B,10,1,A
3,21764,True,A,B,2,1,A
3,21765,True,B,A,4,1,B
3,21766,True,A,B,2,1,A
3,21767,True,B,A,0,1,B
3,21768,True,A,B,2,0,A
3,21769,True,A,B,10,1,A
3,21770,True,B,A,2,1,B
3,21771,True,B,A,10,1,B
3,21772,True,A,B,4,1,A
3,21773,True,A,B,2,1,A
3,21774,True,A,B,2,1,A
3,21775,False,,,,,
3,21776,True,B,A,3,1,B
3,21777,False,,,,,
3,21778,True,B,A,10,1,B
3,21779,True,B,A,10,1,B
3,21780,True,B,A,1,2,B
3,21781,True,A,B,1,1,A
3,21782,True,B,A,1,1,B
3,21783,True,A,B,0,1,A
3,21784,True,A,B,2,0,A
3,21785,True,A,B,10,1,A
3,21786,True,B,A,2,0,B
3,21787,False,,,,,
3,21788,True,A,B,2,0,A
3,21789,True,A,B,2,0,A
3,21790,True,A,B,1,1,A
3,21791,True,A,B,10,1,A
3,21792,True,A,B,3,1,A
3,21793,True,A,B,2,1,A
3,21794,True,B,A,1,1,B
3,21795,True,B,A,1,1,B
3,21796,True,A,B,2,1,A
3,21797,True,B,A,2,0,B
3,21798,True,B,A,2,1,B
3,21799,True,A,B,3,1,A
3,21800,True,A,B,4,1,A
3,21801,True,B,A,2,0,B
3,21802,True,B,A,3,1,B
3,21803,True,A,B,0,1,A
3,21804,True,A,B,2,1,A
3,21805,True,A,B,10,1,A
3,21806,True,A,B,2,1,A
3,21807,False,,,,,
3,21808,True,A,B,2,1,A
3,21809,True,A,B,2,1,A
3,21810,True,A,B,0,1,A
3,21811,True,A,B,0,1,A
3,21812,True,B,A,4,1,B
3,21813,True,B,A,4,1,B
3,21814,True,B,A,1,1,B
3,21815,True,A,B,0,1,A
3,21816,True,A,B,10,1,A
3,21817,True,A,B,3,1,A
3,21818,True,B,A,10,1,B
3,21819,True,A,B,4,1,A
3,21820,True,B,A,4,1,B
3,21821,True,A,B,3,1,A
3,21822,True,A,B,1,2,A
3,21823,True,A,B,2,0,A
3,21824,True,B,A,6,1,B
3,21825,True,B,A,3,1,B
3,21826,True,B,A,2,0,B
3,21827,True,A,B,0,1,A
3,21828,False,,,,,
3,21829,True,A,B,3,1,A
3,21830,True,A,B,1,1,A
3,21831,True,B,A,0,1,B
3,21832,True,A,B,2,0,A
3,21833,False,,,,,
3,21834,True,B,A,1,2,B
3,21835,True,A,B,4,1,A
3,21836,True,B,A,1,2,B
3,21837,True,A,B,6,1,A
3,21838,True,A,B,10,1,A
3,21839,True,A,B,3,1,A
3,21840,True,A,B,1,2,A
3,21841,True,A,B,2,1,A
3,21842,True,A,B,2,1,A
3,21843,True,A,B,10,1,A
3,21844,True,B,A,4,1,B
3,21845,True,B,A,10,1,B
3,21846,True,B,A,4,1,B
3,21847,False,,,,,
3,21848,True,B,A,6,1,B
3,21849,True,A,B,4,1,A
3,21850,True,B,A,2,0,B
3,21851,True,B,A,2,0,B
3,21852,True,A,B,6,1,A
3,21853,False,,,,,
3,21854,True,A,B,10,1,A
3,21855,True,B,A,2,0,B
3,21856,True,B,A,2,0,B
3,21857,True,A,B,3,1,A
3,21858,True,A,B,6,1,A
3,21859,True,A,B,2,1,A
3,21860,False,,,,,
3,21861,True,B,A,4,1,B
3,21862,True,B,A,2,1,B
3,21863,True,A,B,1,2,A
3,21864,True,A,B,10,1,A
3,21865,True,A,B,2,0,A
3,21866,True,B,A,2,1,B
3,21867,True,B,A,6,1,B
3,21868,True,A,B,1,2,A
3,21869,True,A,B,1,2,A
3,21870,True,B,A,4,1,B
3,21871,True,B,A,2,0,B
3,21872,True,A,B,1,2,A
3,21873,True,A,B,2,1,A
3,21874,True,B,A,4,1,B
3,21875,True,B,A,6,1,B
3,21876,True,B,A,3,1,B
3,21877,True,B,A,3,1,B
3,21878,True,A,B,1,2,A
3,21879,True,A,B,1,2,A
3,21880,True,A,B,1,2,A
3,21881,True,A,B,1,1,A
3,21882,True,A,B,1,1,A
3,21883,True,B,A,1,2,B
3,21884,True,A,B,2,1,A
3,21885,True,B,A,1,1,B
3,21886,True,A,B,0,1,A
3,21887,True,A,B,2,0,A
3,21888,True,A,B,4,1,A
3,21889,True,B,A,3,1,B
3,21890,True,B,A,1,2,B
3,21891,True,A,B,0,1,A
3,21892,True,B,A,10,1,B
3,21893,True,B,A,2,0,B
3,21894,True,B,A,4,1,B
3,21895,True,B,A,2,0,B
3,21896,True,B,A,2,1,B
3,21897,True,B,A,3,1,B
3,21898,True,B,A,2,1,B
3,21899,True,A,B,4,1,A
3,21900,True,B,A,10,1,B
3,21901,True,A,B,1,1,A
3,21902,True,B,A,10,1,B
3,21903,True,B,A,1,2,B
3,21904,False,,,,,
3,21905,True,A,B,6,1,A
3,21906,True,B,A,4,1,B
3,21907,True,B,A,10,1,B
3,21908,True,A,B,3,1,A
3,21909,True,B,A,0,1,B
3,21910,True,B,A,10,1,B
3,21911,True,B,A,6,1,B
3,21912,True,A,B,10,1,A
3,21913,True,A,B,4,1,A
3,21914,False,,,,,
3,21915,True,B,A,10,1,B
3,21916,True,B,A,3,1,B
3,21917,True,B,A,4,1,B
3,21918,True,B,A,2,1,B
3,21919,True,A,B,2,0,A
3,21920,True,B,A,3,1,B
3,21921,True,B,A,10,1,B
3,21922,False,,,,,
3,21923,True,B,A,4,1,B
3,21924,True,A,B,6,1,A
3,21925,True,B,A,1,2,B
3,21926,True,B,A,10,1,B
3,21927,True,A,B,1,1,A
3,21928,True,B,A,10,1,B
3,21929,True,A,B,0,1,A
3,21930,True,B,A,2,1,B
3,21931,True,B,A,2,0,B
3,21932,False,,,,,
3,21933,False,,,,,
3,21934,True,B,A,3,1,B
3,21935,True,A,B,4,1,A
3,21936,True,A,B,1,2,A
3,21937,True,B,A,4,1,B
3,21938,True,A,B,2,1,A
3,21939,True,A,B,10,1,A
3,21940,True,A,B,4,1,A
3,21941,True,B,A,0,1,B
3,21942,True,A,B,0,1,A
3,21943,True,A,B,2,1,A
3,21944,True,A,B,1,2,A
3,21945,True,B,A,2,0,B
3,21946,True,A,B,3,1,A
3,21947,True,B,A,6,1,B
3,21948,True,B,A,2,0,B
3,21949,True,A,B,6,1,A
3,21950,True,B,A,3,1,B
3,21951,True,B,A,6,1,B
3,21952,True,A,B,2,1,A
3,21953,True,A,B,6,1,A
3,21954,True,A,B,0,1,A
3,21955,True,A,B,6,1,A
3,21956,True,A,B,0,1,A
3,21957,True,A,B,1,1,A
3,21958,True,B,A,10,1,B
3,21959,True,B,A,2,1,B
3,21960,True,B,A,2,0,B
3,21961,True,B,A,4,1,B
3,21962,True,A,B,4,1,A
3,21963,True,B,A,0,1,B
3,21964,True,A,B,2,0,A
3,21965,True,A,B,1,2,A
3,21966,True,B,A,10,1,B
3,21967,True,A,B,0,1,A
3,21968,True,B,A,1,2,B
3,21969,True,A,B,2,1,A
3,21970,True,B,A,6,1,B
3,21971,True,B,A,1,2,B
3,21972,True,A,B,3,1,A
3,21973,True,A,B,1,1,A
3,21974,True,A,B,0,1,A
3,21975,True,A,B,10,1,A
3,21976,True,B,A,6,1,B
3,21977,True,A,B,2,1,A
3,21978,True,B,A,1,2,B
3,21979,True,A,B,2,0,A
3,21980,True,B,A,2,0,B
3,21981,True,B,A,6,1,B
3,21982,True,B,A,2,1,B
3,21983,True,B,A,0,1,B
3,21984,True,A,B,0,1,A
3,21985,True,B,A,6,1,B
3,21986,True,A,B,1,1,A
3,21987,True,A,B,6,1,A
3,21988,True,A,B,6,1,A
3,21989,True,B,A,2,1,B
3,21990,True,A,B,2,1,A
3,21991,True,B,A,1,1,B
3,21992,True,A,B,2,1,A
3,21993,True,A,B,6,1,A
3,21994,True,A,B,6,1,A
3,21995,True,A,B,3,1,A
3,21996,True,A,B,6,1,A
3,21997,True,B,A,2,0,B
3,21998,True,B,A,10,1,B
3,21999,True,B,A,0,1,B
3,22000,True,B,A,6,1,B
3,22001,True,A,B,2,0,A
3,22002,True,B,A,2,0,B
3,22003,False,,,,,
3,22004,True,A,B,1,2,A
3,22005,True,B,A,3,1,B
3,22006,True,B,A,3,1,B
3,22007,True,A,B,6,1,A
3,22008,True,A,B,2,1,A
3,22009,True,A,B,2,0,A
3,22010,True,A,B,0,1,A
3,22011,True,B,A,1,2,B
3,22012,True,A,B,2,0,A
3,22013,True,A,B,3,1,A
3,22014,False,,,,,
3,22015,True,B,A,3,1,B
3,22016,True,A,B,2,0,A
3,22017,True,A,B,4,1,A
3,22018,True,B,A,2,0,B
3,22019,False,,,,,
3,22020,True,B,A,3,1,B
3,22021,True,B,A,6,1,B
3,22022,True,A,B,0,1,A
3,22023,True,B,A,2,1,B
3,22024,True,A,B,4,1,A
3,22025,True,A,B,1,1,A
3,22026,True,B,A,4,1,B
3,22027,True,A,B,0,1,A
3,22028,True,A,B,10,1,A
3,22029,True,B,A,6,1,B
3,22030,True,A,B,0,1,A
3,22031,True,B,A,10,1,B
3,22032,True,B,A,1,1,B
3,22033,True,A,B,2,0,A
3,22034,True,A,B,1,1,A
3,22035,True,A,B,1,1,A
3,22036,True,A,B,10,1,A
3,22037,True,A,B,3,1,A
3,22038,True,A,B,3,1,A
3,22039,True,B,A,3,1,B
3,22040,True,B,A,4,1,B
3,22041,True,B,A,4,1,B
3,22042,True,B,A,1,1,B
3,22043,True,A,B,1,1,A
3,22044,True,A,B,1,2,A
3,22045,True,A,B,1,1,A
3,22046,True,B,A,10,1,B
3,22047,True,B,A,10,1,B
3,22048,True,B,A,1,1,B
3,22049,True,A,B,10,1,A
3,22050,True,B,A,10,1,B
3,22051,True,B,A,6,1,B
3,22052,True,B,A,2,0,B
3,22053,True,A,B,1,1,A
3,22054,True,B,A,4,1,B
3,22055,True,B,A,1,2,B
3,22056,True,A,B,4,1,A
3,22057,True,A,B,0,1,A
3,22058,True,A,B,1,2,A
3,22059,True,A,B,2,0,A
3,22060,True,A,B,1,1,A
3,22061,True,B,A,1,2,B
3,22062,True,A,B,0,1,A
3,22063,True,A,B,6,1,A
3,22064,True,B,A,1,1,B
3,22065,True,B,A,4,1,B
3,22066,True,A,B,3,1,A
3,22067,True,B,A,0,1,B
3,22068,True,A,B,0,1,A
3,22069,True,B,A,1,1,B
3,22070,True,A,B,2,1,A
3,22071,True,A,B,3,1,A
3,22072,True,B,A,1,1,B
3,22073,True,B,A,10,1,B
3,22074,True,B,A,3,1,B
3,22075,True,B,A,2,0,B
3,22076,True,B,A,10,1,B
3,22077,True,B,A,3,1,B
3,22078,True,A,B,1,2,A
3,22079,True,B,A,1,2,B
3,22080,True,B,A,2,0,B
3,22081,True,A,B,0,1,A
3,22082,True,A,B,2,0,A
3,22083,True,A,B,4,1,A
3,22084,True,B,A,10,1,B
3,22085,True,A,B,2,0,A
3,22086,True,B,A,6,1,B
3,22087,True,A,B,0,1,A
3,22088,False,,,,,
3,22089,True,A,B,2,0,A
3,22090,False,,,,,
3,22091,True,B,A,2,0,B
3,22092,True,B,A,3,1,B
3,22093,True,A,B,2,1,A
3,22094,True,A,B,10,1,A
3,22095,True,B,A,2,1,B
3,22096,True,B,A,0,1,B
3,22097,True,B,A,10,1,B
3,22098,True,A,B,1,2,A
3,22099,True,A,B,2,0,A
3,22100,True,A,B,4,1,A
3,22101,True,B,A,3,1,B
3,22102,True,A,B,2,1,A
3,22103,True,A,B,1,1,A
3,22104,True,A,B,2,0,A
3,22105,True,B,A,4,1,A
3,22106,False,,,,,
3,22107,True,B,A,4,1,B
3,22108,True,A,B,1,2,A
3,22109,True,A,B,10,1,A
3,22110,True,B,A,4,1,B
3,22111,True,A,B,10,1,A
3,22112,True,A,B,0,1,A
3,22113,True,B,A,0,1,B
3,22114,True,B,A,6,1,B
3,22115,True,B,A,1,2,B
3,22116,True,A,B,1,1,A
3,22117,True,A,B,2,0,A
3,22118,True,B,A,2,1,B
3,22119,False,,,,,
3,22120,True,B,A,6,1,B
3,22121,True,A,B,2,0,A
3,22122,True,B,A,6,1,B
3,22123,True,A,B,6,1,A
3,22124,True,A,B,1,1,A
3,22125,True,B,A,10,1,B
3,22126,False,,,,,
3,22127,True,A,B,1,1,A
3,22128,True,A,B,0,1,A
3,22129,True,A,B,1,2,A
3,22130,True,A,B,1,1,A
3,22131,True,B,A,3,1,B
3,22132,False,,,,,
3,22133,True,A,B,1,1,A
3,22134,True,B,A,3,1,B
3,22135,True,A,B,3,1,A
3,22136,True,A,B,6,1,A
3,22137,True,B,A,6,1,B
3,22138,False,,,,,
3,22139,True,B,A,2,0,B
3,22140,False,,,,,
3,22141,True,A,B,1,2,A
3,22142,True,B,A,0,1,B
3,22143,True,A,B,6,1,A
3,22144,True,A,B,10,1,A
3,22145,True,A,B,4,1,A
3,22146,True,B,A,2,0,B
3,22147,True,A,B,1,1,A
3,22148,True,B,A,1,1,B
3,22149,True,A,B,10,1,A
3,22150,True,A,B,2,0,A
3,22151,True,B,A,2,1,B
3,22152,True,B,A,1,1,B
3,22153,True,A,B,3,1,A
3,22154,True,A,B,1,1,A
3,22155,True,A,B,2,1,A
3,22156,True,B,A,1,1,B
3,22157,True,B,A,2,0,B
3,22158,True,A,B,0,1,A
3,22159,True,B,A,0,1,B
3,22160,True,A,B,6,1,A
3,22161,True,A,B,0,1,A
3,22162,True,A,B,10,1,A
3,22163,True,A,B,1,1,A
3,22164,True,A,B,1,2,A
3,22165,True,B,A,6,1,B
3,22166,True,A,B,3,1,A
3,22167,True,B,A,0,1,B
3,22168,True,B,A,1,1,B
3,22169,True,B,A,2,1,B
3,22170,True,B,A,2,0,B
3,22171,True,B,A,1,1,B
3,22172,True,A,B,1,2,A
3,22173,True,A,B,3,1,A
3,22174,True,A,B,0,1,A
3,22175,True,B,A,4,1,B
3,22176,True,B,A,6,1,B
3,22177,True,B,A,4,1,B
3,22178,True,A,B,10,1,A
3,22179,True,A,B,2,0,A
3,22180,True,A,B,0,1,A
3,22181,True,A,B,6,1,A
3,22182,True,B,A,4,1,B
3,22183,True,A,B,2,0,A
3,22184,True,A,B,1,2,A
3,22185,True,B,A,1,1,B
3,22186,True,A,B,3,1,A
3,22187,True,A,B,0,1,A
3,22188,True,A,B,4,1,A
3,22189,True,B,A,3,1,B
3,22190,True,B,A,1,2,B
3,22191,True,B,A,2,0,B
3,22192,False,,,,,
3,22193,True,A,B,1,2,A
3,22194,True,B,A,6,1,B
3,22195,True,B,A,1,2,B
3,22196,True,A,B,0,1,A
3,22197,True,B,A,0,1,B
3,22198,True,B,A,3,1,B
3,22199,True,B,A,4,1,B
3,22200,True,B,A,3,1,B
3,22201,True,A,B,1,2,A
3,22202,True,A,B,1,2,A
3,22203,True,A,B,2,1,A
3,22204,True,B,A,1,1,B
3,22205,True,A,B,6,1,A
3,22206,True,B,A,10,1,B
3,22207,True,A,B,6,1,A
3,22208,True,A,B,3,1,A
3,22209,True,A,B,3,1,A
3,22210,True,B,A,1,2,B
3,22211,True,B,A,4,1,B
3,22212,False,,,,,
3,22213,True,B,A,6,1,B
3,22214,True,A,B,0,1,A
3,22215,True,B,A,4,1,B
3,22216,True,A,B,2,1,A
3,22217,True,B,A,3,1,B
3,22218,True,B,A,6,1,B
3,22219,True,A,B,10,1,A
3,22220,True,B,A,10,1,B
3,22221,True,A,B,2,0,A
3,22222,True,B,A,10,1,B
3,22223,True,B,A,4,1,B
3,22224,True,A,B,1,1,A
3,22225,False,,,,,
3,22226,True,A,B,2,1,A
3,22227,True,A,B,3,1,A
3,22228,True,A,B,2,1,A
3,22229,True,A,B,0,1,A
3,22230,True,B,A,6,1,B
3,22231,True,B,A,0,1,B
3,22232,True,A,B,1,1,A
3,22233,True,B,A,2,0,B
3,22234,True,A,B,4,1,A
3,22235,True,B,A,1,1,B
3,22236,True,B,A,2,0,B
3,22237,True,A,B,10,1,A
3,22238,True,B,A,2,0,B
3,22239,True,A,B,6,1,A
3,22240,True,A,B,4,1,A
3,22241,True,A,B,1,1,A
3,22242,True,A,B,4,1,A
3,22243,True,A,B,1,2,A
3,22244,True,B,A,10,1,B
3,22245,True,A,B,6,1,A
3,22246,True,B,A,1,2,B
3,22247,True,A,B,1,1,A
3,22248,True,B,A,1,2,B
3,22249,True,B,A,3,1,B
3,22250,True,A,B,2,1,A
3,22251,True,B,A,6,1,B
3,22252,True,B,A,2,1,B
3,22253,True,B,A,1,1,B
3,22254,True,A,B,6,1,A
3,22255,True,B,A,2,0,B
3,22256,True,A,B,3,1,A
3,22257,True,B,A,2,1,B
3,22258,True,A,B,10,1,A
3,22259,True,B,A,0,1,B
3,22260,True,A,B,6,1,A
3,22261,True,B,A,2,0,B
3,22262,True,A,B,2,1,A
3,22263,True,A,B,1,1,A
3,22264,True,A,B,2,0,A
3,22265,True,A,B,6,1,A
3,22266,True,A,B,4,1,A
3,22267,True,A,B,1,2,A
3,22268,True,A,B,1,2,A
3,22269,True,B,A,2,0,B
3,22270,True,A,B,3,1,A
3,22271,True,A,B,6,1,A
3,22272,True,B,A,3,1,B
3,22273,True,B,A,3,1,B
3,22274,False,,,,,
3,22275,True,B,A,6,1,B
3,22276,True,A,B,10,1,A
3,22277,True,A,B,10,1,A
3,22278,True,A,B,1,1,A
3,22279,False,,,,,
3,22280,True,B,A,2,1,B
3,22281,True,B,A,3,1,B
3,22282,True,B,A,6,1,B
3,22283,True,A,B,2,0,A
3,22284,True,B,A,4,1,B
3,22285,True,B,A,2,0,B
3,22286,True,A,B,1,1,A
3,22287,True,B,A,1,2,B
3,22288,True,B,A,6,1,B
3,22289,True,B,A,3,1,B
3,22290,True,A,B,2,0,A
3,22291,True,B,A,2,0,B
3,22292,True,A,B,4,1,A
3,22293,True,B,A,2,0,B
3,22294,True,B,A,4,1,B
3,22295,True,B,A,6,1,B
3,22296,True,B,A,4,1,B
3,22297,True,B,A,10,1,B
3,22298,True,B,A,2,0,B
3,22299,True,A,B,0,1,A
3,22300,True,A,B,10,1,A
3,22301,True,A,B,1,2,A
3,22302,True,A,B,3,1,A
3,22303,True,B,A,1,1,B
3,22304,True,A,B,1,1,A
3,22305,True,A,B,3,1,A
3,22306,True,A,B,1,2,A
3,22307,True,B,A,6,1,B
3,22308,True,B,A,2,0,B
3,22309,True,B,A,10,1,B
3,22310,True,B,A,2,0,B
3,22311,True,B,A,0,1,B
3,22312,True,B,A,3,1,B
3,22313,True,B,A,3,1,B
3,22314,True,A,B,2,0,A
3,22315,True,B,A,2,1,B
3,22316,False,,,,,
3,22317,True,A,B,1,2,A
3,22318,False,,,,,
3,22319,True,A,B,0,1,A
3,22320,True,B,A,3,1,B
3,22321,False,,,,,
3,22322,True,A,B,1,2,A
3,22323,True,B,A,4,1,B
3,22324,False,,,,,
3,22325,True,B,A,1,1,B
3,22326,True,B,A,3,1,B
3,22327,True,B,A,2,1,B
3,22328,True,A,B,10,1,A
3,22329,True,B,A,3,1,B
3,22330,False,,,,,
3,22331,True,B,A,2,1,B
3,22332,True,B,A,3,1,B
3,22333,True,A,B,1,2,A
3,22334,True,A,B,1,1,A
3,22335,True,B,A,2,1,B
3,22336,True,A,B,1,2,A
3,22337,True,A,B,3,1,A
3,22338,True,B,A,2,1,B
3,22339,True,B,A,10,1,B
3,22340,True,A,B,1,1,A
3,22341,True,A,B,3,1,A
3,22342,True,B,A,2,1,B
3,22343,True,A,B,10,1,A
3,22344,True,B,A,2,1,B
3,22345,True,B,A,0,1,B
3,22346,True,B,A,4,1,B
3,22347,True,A,B,3,1,A
3,22348,True,A,B,3,1,A
3,22349,True,B,A,6,1,B
3,22350,True,A,B,2,0,A
3,22351,True,A,B,1,2,A
3,22352,True,B,A,4,1,B
3,22353,True,A,B,0,1,A
3,22354,True,A,B,3,1,A
3,22355,True,B,A,2,0,B
3,22356,True,B,A,0,1,B
3,22357,True,A,B,1,1,A
3,22358,True,A,B,10,1,A
3,22359,True,B,A,6,1,B
3,22360,True,A,B,3,1,A
3,22361,True,B,A,0,1,B
3,22362,True,B,A,10,1,B
3,22363,True,B,A,2,1,B
3,22364,True,B,A,10,1,B
3,22365,True,A,B,1,1,A
3,22366,True,A,B,3,1,A
3,22367,True,A,B,1,1,A
3,22368,True,B,A,2,1,B
3,22369,True,A,B,4,1,A
3,22370,True,B,A,1,1,B
3,22371,True,B,A,10,1,B
3,22372,True,B,A,1,1,B
3,22373,True,A,B,4,1,A
3,22374,True,B,A,1,1,B
3,22375,True,A,B,4,1,A
3,22376,True,A,B,2,0,A
3,22377,True,B,A,2,1,B
3,22378,True,B,A,4,1,B
3,22379,True,A,B,2,1,A
3,22380,True,B,A,3,1,B
3,22381,True,A,B,10,1,A
3,22382,True,A,B,3,1,A
3,22383,True,A,B,10,1,A
3,22384,True,A,B,2,0,A
3,22385,True,B,A,10,1,B
3,22386,True,B,A,10,1,B
3,22387,True,B,A,6,1,B
3,22388,True,B,A,2,0,B
3,22389,True,A,B,10,1,A
3,22390,True,B,A,3,1,B
3,22391,True,A,B,0,1,A
3,22392,True,B,A,2,1,B
3,22393,True,B,A,4,1,B
3,22394,True,B,A,1,1,B
3,22395,True,A,B,2,0,A
3,22396,True,A,B,2,1,A
3,22397,True,A,B,3,1,A
3,22398,True,A,B,0,1,A
3,22399,True,B,A,10,1,B
3,22400,True,A,B,3,1,A
3,22401,True,B,A,0,1,B
3,22402,True,B,A,1,1,B
3,22403,True,B,A,1,1,B
3,22404,True,A,B,6,1,A
3,22405,True,B,A,1,2,B
3,22406,True,A,B,10,1,A
3,22407,True,B,A,1,2,B
3,22408,True,A,B,6,1,A
3,22409,True,A,B,10,1,A
3,22410,True,B,A,1,2,B
3,22411,True,B,A,2,0,B
3,22412,True,B,A,6,1,B
3,22413,True,B,A,10,1,B
3,22414,True,B,A,3,1,B
3,22415,True,A,B,2,1,A
3,22416,True,A,B,1,1,A
3,22417,True,A,B,2,0,A
3,22418,True,A,B,10,1,A
3,22419,True,B,A,1,1,B
3,22420,True,B,A,1,1,B
3,22421,True,A,B,3,1,A
3,22422,True,B,A,10,1,B
3,22423,True,A,B,2,1,A
3,22424,True,A,B,2,1,A
3,22425,True,B,A,10,1,B
3,22426,True,B,A,10,1,B
3,22427,True,A,B,2,1,A
3,22428,True,B,A,2,0,B
3,22429,False,,,,,
3,22430,True,A,B,6,1,A
3,22431,True,A,B,1,2,A
3,22432,True,A,B,1,1,A
3,22433,True,B,A,1,1,B
3,22434,True,B,A,2,1,B
3,22435,True,A,B,1,1,A
3,22436,True,B,A,10,1,B
3,22437,True,B,A,2,1,B
3,22438,True,B,A,6,1,B
3,22439,True,A,B,2,1,A
3,22440,True,A,B,2,1,A
3,22441,True,B,A,3,1,B
3,22442,True,A,B,3,1,A
3,22443,True,A,B,10,1,A
3,22444,True,B,A,6,1,B
3,22445,True,A,B,2,1,A
3,22446,True,A,B,10,1,A
3,22447,True,A,B,4,1,A
3,22448,True,A,B,6,1,A
3,22449,True,A,B,3,1,A
3,22450,False,,,,,
3,22451,True,B,A,3,1,B
3,22452,False,,,,,
3,22453,True,B,A,1,2,B
3,22454,False,,,,,
3,22455,False,,,,,
3,22456,False,,,,,
3,22457,True,B,A,3,1,B
3,22458,True,A,B,2,1,A
3,22459,True,A,B,1,2,A
3,22460,True,A,B,2,0,A
3,22461,True,A,B,4,1,A
3,22462,True,A,B,1,2,A
3,22463,False,,,,,
3,22464,True,A,B,1,1,A
3,22465,True,A,B,2,1,A
3,22466,True,B,A,6,1,B
3,22467,True,A,B,3,1,A
3,22468,True,A,B,3,1,A
3,22469,True,A,B,1,1,A
3,22470,True,A,B,2,1,A
3,22471,True,A,B,6,1,A
3,22472,True,A,B,6,1,A
3,22473,True,B,A,2,1,B
3,22474,True,A,B,1,1,A
3,22475,True,B,A,3,1,B
3,22476,True,A,B,4,1,A
3,22477,True,A,B,3,1,A
3,22478,True,B,A,3,1,B
3,22479,True,A,B,4,1,A
3,22480,True,A,B,2,1,A
3,22481,True,B,A,3,1,B
3,22482,True,B,A,4,1,B
3,22483,True,B,A,6,1,B
3,22484,True,B,A,1,2,B
3,22485,True,A,B,4,1,A
3,22486,True,B,A,10,1,B
3,22487,True,A,B,3,1,A
3,22488,True,A,B,0,1,A
3,22489,True,B,A,1,1,B
3,22490,True,B,A,0,1,B
3,22491,True,B,A,4,1,B
3,22492,False,,,,,
3,22493,True,B,A,10,1,B
3,22494,True,B,A,6,1,B
3,22495,True,B,A,4,1,B
3,22496,True,A,B,4,1,A
3,22497,True,A,B,0,1,A
3,22498,True,B,A,6,1,B
3,22499,True,A,B,4,1,A
3,22500,True,B,A,0,1,B
3,22501,True,B,A,1,2,B
3,22502,True,B,A,4,1,B
3,22503,True,A,B,6,1,A
3,22504,True,A,B,1,1,A
3,22505,True,B,A,3,1,B
3,22506,True,A,B,10,1,A
3,22507,True,A,B,2,1,A
3,22508,False,,,,,
3,22509,True,A,B,1,1,A
3,22510,True,B,A,1,2,B
3,22511,True,B,A,2,0,B
3,22512,True,A,B,2,1,A
3,22513,True,B,A,3,1,B
3,22514,False,,,,,
3,22515,True,A,B,1,2,A
3,22516,True,B,A,1,1,B
3,22517,True,A,B,10,1,A
3,22518,True,B,A,10,1,B
3,22519,True,A,B,3,1,A
3,22520,True,A,B,1,2,A
3,22521,True,A,B,4,1,A
3,22522,True,B,A,6,1,B
3,22523,True,A,B,10,1,A
3,22524,True,B,A,4,1,B
3,22525,False,,,,,
3,22526,True,B,A,6,1,B
3,22527,True,B,A,6,1,B
3,22528,True,A,B,2,1,A
3,22529,True,B,A,2,0,B
3,22530,True,A,B,1,2,A
3,22531,True,B,A,10,1,B
3,22532,True,A,B,6,1,A
3,22533,True,A,B,6,1,A
3,22534,True,B,A,6,1,B
3,22535,True,B,A,1,2,B
3,22536,True,B,A,1,1,B
3,22537,False,,,,,
3,22538,True,B,A,6,1,B
3,22539,True,A,B,3,1,A
3,22540,True,B,A,0,1,B
3,22541,True,A,B,2,1,A
3,22542,True,A,B,1,1,A
3,22543,True,A,B,1,1,A
3,22544,True,A,B,4,1,A
3,22545,True,A,B,3,1,A
3,22546,True,A,B,10,1,A
3,22547,True,B,A,6,1,B
3,22548,True,B,A,2,0,B
3,22549,True,B,A,2,1,B
3,22550,True,A,B,6,1,A
3,22551,True,A,B,4,1,A
3,22552,True,B,A,2,1,B
3,22553,True,A,B,3,1,A
3,22554,True,B,A,1,1,B
3,22555,True,B,A,3,1,B
3,22556,True,B,A,2,1,B
3,22557,True,A,B,1,1,A
3,22558,True,B,A,2,1,B
3,22559,True,A,B,6,1,A
3,22560,True,B,A,6,1,B
3,22561,True,B,A,10,1,B
3,22562,True,A,B,2,1,A
3,22563,True,B,A,2,0,B
3,22564,True,A,B,3,1,A
3,22565,True,A,B,0,1,A
3,22566,True,A,B,10,1,A
3,22567,True,A,B,2,0,A
3,22568,True,A,B,1,2,A
3,22569,True,A,B,1,2,A
3,22570,True,A,B,1,1,A
3,22571,False,,,,,
3,22572,True,A,B,2,0,A
3,22573,True,A,B,2,0,A
3,22574,True,B,A,2,1,B
3,22575,True,A,B,2,1,A
3,22576,True,A,B,10,1,A
3,22577,True,B,A,1,1,B
3,22578,True,B,A,10,1,B
3,22579,True,B,A,2,0,B
3,22580,True,A,B,4,1,A
3,22581,True,B,A,2,0,B
3,22582,True,A,B,10,1,A
3,22583,True,B,A,3,1,B
3,22584,True,B,A,0,1,B
3,22585,True,B,A,2,0,B
3,22586,True,B,A,10,1,B
3,22587,True,A,B,10,1,A
3,22588,False,,,,,
3,22589,True,B,A,6,1,B
3,22590,True,A,B,2,0,A
3,22591,True,A,B,2,0,A
3,22592,True,B,A,6,1,B
3,22593,True,A,B,0,1,A
3,22594,True,A,B,1,1,A
3,22595,True,A,B,2,1,A
3,22596,True,A,B,2,1,A
3,22597,True,A,B,3,1,A
3,22598,True,B,A,1,2,B
3,22599,True,A,B,3,1,A
3,22600,True,A,B,10,1,A
3,22601,True,B,A,10,1,B
3,22602,True,B,A,6,1,B
3,22603,False,,,,,
3,22604,True,A,B,0,1,A
3,22605,True,A,B,1,1,A
3,22606,True,A,B,10,1,A
3,22607,True,A,B,3,1,A
3,22608,True,B,A,1,2,B
3,22609,True,B,A,10,1,B
3,22610,True,A,B,3,1,A
3,22611,True,A,B,1,2,A
3,22612,True,B,A,4,1,B
3,22613,True,A,B,6,1,A
3,22614,True,A,B,2,0,A
3,22615,True,A,B,3,1,A
3,22616,True,A,B,0,1,A
3,22617,True,A,B,10,1,A
3,22618,True,B,A,10,1,B
3,22619,True,B,A,2,0,B
3,22620,True,A,B,1,1,A
3,22621,True,A,B,4,1,A
3,22622,True,A,B,0,1,A
3,22623,False,,,,,
3,22624,False,,,,,
3,22625,True,A,B,4,1,A
3,22626,True,B,A,2,0,B
3,22627,True,A,B,3,1,A
3,22628,False,,,,,
3,22629,True,B,A,4,1,B
3,22630,True,B,A,1,1,B
3,22631,True,A,B,6,1,A
3,22632,True,B,A,6,1,B
3,22633,True,A,B,3,1,A
3,22634,False,,,,,
3,22635,True,A,B,2,0,A
3,22636,True,B,A,2,1,B
3,22637,True,B,A,10,1,B
3,22638,True,B,A,2,0,B
3,22639,True,B,A,1,1,B
3,22640,True,B,A,3,1,B
3,22641,True,B,A,10,1,B
3,22642,True,B,A,10,1,B
3,22643,True,B,A,2,1,B
3,22644,True,A,B,10,1,A
3,22645,True,A,B,2,1,A
3,22646,True,A,B,10,1,A
3,22647,True,A,B,2,0,A
3,22648,True,B,A,10,1,B
3,22649,True,B,A,2,1,B
3,22650,True,B,A,4,1,B
3,22651,True,B,A,10,1,B
3,22652,True,B,A,3,1,B
3,22653,True,A,B,3,1,A
3,22654,False,,,,,
3,22655,True,A,B,10,1,A
3,22656,True,A,B,1,2,A
3,22657,True,A,B,2,0,A
3,22658,True,A,B,2,1,A
3,22659,True,A,B,6,1,A
3,22660,True,B,A,1,1,B
3,22661,True,B,A,4,1,B
3,22662,True,A,B,2,0,A
3,22663,True,A,B,1,2,A
3,22664,True,B,A,4,1,B
3,22665,True,A,B,2,1,A
3,22666,True,B,A,3,1,B
3,22667,True,A,B,10,1,A
3,22668,True,B,A,1,1,B
3,22669,True,B,A,0,1,B
3,22670,True,A,B,2,1,A
3,22671,True,B,A,6,1,B
3,22672,True,B,A,0,1,B
3,22673,True,A,B,2,1,A
3,22674,False,,,,,
3,22675,True,B,A,2,0,B
3,22676,True,B,A,2,0,B
3,22677,True,A,B,3,1,A
3,22678,True,A,B,3,1,A
3,22679,True,B,A,4,1,B
3,22680,True,B,A,10,1,B
3,22681,True,B,A,3,1,B
3,22682,True,B,A,1,1,B
3,22683,True,B,A,3,1,B
3,22684,True,A,B,2,0,A
3,22685,True,B,A,2,0,B
3,22686,True,A,B,4,1,A
3,22687,True,A,B,1,2,A
3,22688,True,B,A,6,1,B
3,22689,True,A,B,1,1,A
3,22690,True,B,A,10,1,B
3,22691,True,A,B,6,1,A
3,22692,True,A,B,1,1,A
3,22693,True,B,A,1,2,B
3,22694,True,A,B,1,1,A
3,22695,True,B,A,3,1,B
3,22696,True,A,B,2,0,A
3,22697,True,B,A,6,1,B
3,22698,True,B,A,1,2,B
3,22699,True,A,B,3,1,A
3,22700,True,B,A,6,1,B
3,22701,True,A,B,6,1,A
3,22702,True,A,B,1,1,A
3,22703,True,A,B,2,1,A
3,22704,True,B,A,4,1,B
3,22705,True,A,B,2,1,A
3,22706,True,A,B,6,1,A
3,22707,True,A,B,2,0,A
3,22708,True,B,A,2,1,B
3,22709,True,A,B,10,1,A
3,22710,True,B,A,2,0,B
3,22711,True,A,B,1,2,A
3,22712,True,A,B,3,1,A
3,22713,True,A,B,1,1,A
3,22714,True,A,B,1,2,A
3,22715,False,,,,,
3,22716,True,B,A,10,1,B
3,22717,True,A,B,2,1,A
3,22718,True,A,B,3,1,A
3,22719,True,B,A,0,1,B
3,22720,True,A,B,10,1,A
3,22721,True,A,B,4,1,A
3,22722,True,B,A,6,1,B
3,22723,True,A,B,0,1,A
3,22724,True,A,B,2,1,A
3,22725,True,B,A,1,1,B
3,22726,True,A,B,1,2,A
3,22727,True,A,B,4,1,A
3,22728,True,A,B,2,1,A
3,22729,True,A,B,2,1,A
3,22730,True,B,A,3,1,B
3,22731,True,B,A,2,1,B
3,22732,True,B,A,6,1,B
3,22733,True,A,B,2,1,A
3,22734,True,B,A,2,1,B
3,22735,True,A,B,2,1,A
3,22736,True,B,A,3,1,B
3,22737,True,A,B,2,1,A
3,22738,True,B,A,1,1,B
3,22739,True,A,B,0,1,A
3,22740,True,B,A,3,1,B
3,22741,True,B,A,4,1,B
3,22742,True,B,A,1,2,B
3,22743,True,A,B,3,1,A
3,22744,True,A,B,2,0,A
3,22745,True,B,A,2,1,B
3,22746,True,A,B,4,1,A
3,22747,True,B,A,3,1,B
3,22748,True,B,A,2,1,B
3,22749,True,A,B,2,0,A
3,22750,True,A,B,6,1,A
3,22751,True,B,A,10,1,B
3,22752,True,B,A,10,1,B
3,22753,True,B,A,10,1,B
3,22754,True,A,B,4,1,A
3,22755,False,,,,,
3,22756,True,A,B,10,1,A
3,22757,True,A,B,2,0,A
3,22758,True,A,B,2,1,A
3,22759,True,B,A,3,1,B
3,22760,True,A,B,3,1,A
3,22761,True,B,A,1,2,B
3,22762,True,B,A,0,1,B
3,22763,True,A,B,1,2,A
3,22764,True,B,A,4,1,B
3,22765,True,A,B,1,1,A
3,22766,True,A,B,10,1,A
3,22767,True,A,B,10,1,A
3,22768,True,B,A,3,1,B
3,22769,True,B,A,10,1,B
3,22770,True,B,A,4,1,B
3,22771,True,B,A,1,2,B
3,22772,True,A,B,2,1,A
3,22773,True,A,B,4,1,A
3,22774,True,A,B,3,1,A
3,22775,True,A,B,1,1,A
3,22776,True,B,A,2,1,B
3,22777,True,A,B,1,2,A
3,22778,True,A,B,10,1,A
3,22779,True,B,A,1,2,B
3,22780,True,B,A,2,1,B
3,22781,True,A,B,4,1,A
3,22782,True,B,A,1,2,B
3,22783,True,B,A,2,0,B
3,22784,True,B,A,4,1,B
3,22785,False,,,,,
3,22786,True,A,B,1,1,A
3,22787,True,B,A,3,1,B
3,22788,True,A,B,10,1,A
3,22789,True,B,A,2,1,B
3,22790,True,B,A,6,1,B
3,22791,False,,,,,
3,22792,True,A,B,1,1,A
3,22793,True,A,B,6,1,A
3,22794,True,B,A,10,1,B
3,22795,False,,,,,
3,22796,True,B,A,2,1,B
3,22797,True,B,A,2,1,B
3,22798,True,A,B,1,1,A
3,22799,True,B,A,1,1,B
3,22800,True,B,A,6,1,B
3,22801,True,A,B,3,1,A
3,22802,True,A,B,0,1,A
3,22803,True,A,B,2,1,A
3,22804,True,B,A,6,1,B
3,22805,True,B,A,4,1,B
3,22806,False,,,,,
3,22807,True,B,A,10,1,B
3,22808,True,B,A,4,1,B
3,22809,True,B,A,0,1,B
3,22810,True,B,A,3,1,B
3,22811,True,A,B,1,1,A
3,22812,False,,,,,
3,22813,True,B,A,0,1,B
3,22814,True,A,B,4,1,A
3,22815,True,A,B,10,1,A
3,22816,True,A,B,3,1,A
3,22817,True,A,B,1,2,A
3,22818,True,B,A,2,0,B
3,22819,True,B,A,3,1,B
3,22820,True,A,B,4,1,A
3,22821,True,A,B,0,1,A
3,22822,True,A,B,4,1,A
3,22823,True,B,A,0,1,B
3,22824,True,B,A,6,1,B
3,22825,True,B,A,2,0,B
3,22826,True,A,B,0,1,A
3,22827,False,,,,,
3,22828,True,B,A,2,1,B
3,22829,True,B,A,1,1,B
3,22830,True,B,A,4,1,B
3,22831,True,B,A,1,2,B
3,22832,True,B,A,10,1,B
3,22833,True,A,B,1,1,A
3,22834,False,,,,,
3,22835,True,B,A,3,1,B
3,22836,True,A,B,4,1,A
3,22837,True,B,A,2,1,B
3,22838,True,A,B,2,0,A
3,22839,True,A,B,2,1,A
3,22840,False,,,,,
3,22841,True,B,A,3,1,B
3,22842,True,A,B,4,1,A
3,22843,True,B,A,2,0,B
3,22844,True,B,A,6,1,B
3,22845,True,B,A,10,1,B
3,22846,True,A,B,1,1,A
3,22847,False,,,,,
3,22848,False,,,,,
3,22849,True,A,B,4,1,A
3,22850,True,B,A,10,1,B
3,22851,True,A,B,3,1,A
3,22852,True,B,A,10,1,B
3,22853,True,A,B,10,1,A
3,22854,True,B,A,3,1,B
3,22855,True,B,A,3,1,B
3,22856,True,B,A,4,1,B
3,22857,True,A,B,2,0,A
3,22858,True,B,A,1,2,B
3,22859,True,A,B,4,1,A
3,22860,True,A,B,2,1,A
3,22861,True,A,B,3,1,A
3,22862,True,A,B,10,1,A
3,22863,True,A,B,1,2,A
3,22864,True,A,B,10,1,A
3,22865,True,A,B,0,1,A
3,22866,True,B,A,3,1,B
3,22867,True,A,B,6,1,A
3,22868,True,A,B,2,0,A
3,22869,True,A,B,1,2,A
3,22870,True,B,A,2,0,B
3,22871,True,A,B,0,1,A
3,22872,True,B,A,10,1,B
3,22873,True,A,B,10,1,A
3,22874,True,A,B,2,0,A
3,22875,True,B,A,4,1,B
3,22876,True,B,A,10,1,B
3,22877,True,B,A,1,1,B
3,22878,True,B,A,1,1,B
3,22879,True,A,B,1,1,A
3,22880,True,B,A,2,0,B
3,22881,True,A,B,4,1,A
3,22882,True,A,B,2,1,A
3,22883,True,A,B,2,1,A
3,22884,True,B,A,4,1,B
3,22885,True,B,A,2,0,B
3,22886,True,A,B,2,1,A
3,22887,True,A,B,2,1,A
3,22888,True,A,B,0,1,A
3,22889,True,B,A,4,1,B
3,22890,True,B,A,1,2,B
3,22891,True,A,B,4,1,A
3,22892,True,B,A,2,0,B
3,22893,True,A,B,4,1,A
3,22894,True,A,B,1,1,A
3,22895,True,B,A,2,1,B
3,22896,True,B,A,6,1,B
3,22897,True,B,A,0,1,B
3,22898,True,B,A,2,1,B
3,22899,True,B,A,2,1,B
3,22900,True,A,B,1,1,A
3,22901,True,B,A,1,1,B
3,22902,True,A,B,6,1,A
3,22903,True,A,B,1,2,A
3,22904,True,B,A,2,0,B
3,22905,True,B,A,6,1,B
3,22906,True,A,B,2,1,A
3,22907,True,B,A,1,1,B
3,22908,True,B,A,6,1,B
3,22909,True,A,B,2,1,A
3,22910,True,B,A,6,1,B
3,22911,True,B,A,3,1,B
3,22912,True,A,B,3,1,A
3,22913,True,B,A,3,1,B
3,22914,True,B,A,4,1,B
3,22915,True,A,B,3,1,A
3,22916,True,B,A,2,1,B
3,22917,True,B,A,2,1,B
3,22918,True,A,B,2,1,A
3,22919,True,A,B,2,1,A
3,22920,True,A,B,10,1,A
3,22921,True,B,A,1,2,B
3,22922,True,B,A,6,1,B
3,22923,True,A,B,1,1,A
3,22924,True,A,B,2,0,A
3,22925,True,A,B,3,1,A
3,22926,True,A,B,10,1,A
3,22927,True,A,B,1,2,A
3,22928,True,B,A,2,0,B
3,22929,True,B,A,1,1,B
3,22930,True,A,B,2,1,A
3,22931,True,A,B,4,1,A
3,22932,True,A,B,1,2,A
3,22933,True,B,A,10,1,B
3,22934,True,A,B,4,1,A
3,22935,True,B,A,6,1,B
3,22936,True,A,B,2,0,A
3,22937,True,B,A,10,1,B
3,22938,True,B,A,1,2,B
3,22939,True,A,B,2,0,A
3,22940,True,B,A,3,1,B
3,22941,True,B,A,4,1,B
3,22942,True,A,B,2,1,A
3,22943,True,B,A,6,1,B
3,22944,True,B,A,2,0,B
3,22945,True,A,B,2,0,A
3,22946,True,B,A,6,1,B
3,22947,True,B,A,1,2,B
3,22948,True,B,A,2,1,B
3,22949,False,,,,,
3,22950,True,A,B,0,1,A
3,22951,True,B,A,3,1,B
3,22952,True,B,A,6,1,B
3,22953,True,A,B,0,1,A
3,22954,True,A,B,0,1,A
3,22955,True,A,B,3,1,A
3,22956,True,A,B,0,1,A
3,22957,True,B,A,1,2,B
3,22958,True,B,A,2,1,B
3,22959,False,,,,,
3,22960,True,A,B,2,1,A
3,22961,True,B,A,3,1,B
3,22962,False,,,,,
3,22963,True,A,B,3,1,A
3,22964,True,B,A,4,1,B
3,22965,True,A,B,2,0,A
3,22966,True,A,B,2,0,A
3,22967,True,A,B,3,1,A
3,22968,True,B,A,10,1,B
3,22969,True,A,B,2,0,A
3,22970,True,A,B,1,2,A
3,22971,True,A,B,3,1,A
3,22972,True,A,B,1,1,A
3,22973,True,B,A,1,2,B
3,22974,True,B,A,10,1,B
3,22975,True,B,A,2,1,B
3,22976,True,B,A,2,0,B
3,22977,True,A,B,4,1,A
3,22978,True,A,B,1,1,A
3,22979,True,A,B,6,1,A
3,22980,True,B,A,4,1,B
3,22981,True,B,A,6,1,B
3,22982,False,,,,,
3,22983,True,A,B,2,0,A
3,22984,True,B,A,2,0,B
3,22985,True,A,B,3,1,A
3,22986,True,A,B,10,1,A
3,22987,True,B,A,0,1,B
3,22988,True,B,A,4,1,B
3,22989,True,B,A,6,1,B
3,22990,False,,,,,
3,22991,True,A,B,6,1,A
3,22992,True,A,B,4,1,A
3,22993,True,B,A,6,1,B
3,22994,True,A,B,0,1,A
3,22995,True,B,A,0,1,B
3,22996,True,B,A,3,1,B
3,22997,True,B,A,3,1,B
3,22998,True,B,A,10,1,B
3,22999,True,A,B,2,1,A
3,23000,True,B,A,3,1,B
3,23001,True,B,A,2,1,B
3,23002,True,A,B,6,1,A
3,23003,True,B,A,6,1,B
3,23004,True,B,A,2,0,B
3,23005,True,A,B,4,1,A
3,23006,False,,,,,
3,23007,True,A,B,6,1,A
3,23008,True,A,B,2,1,A
3,23009,True,A,B,1,2,A
3,23010,True,B,A,1,2,B
3,23011,True,B,A,10,1,B
3,23012,True,B,A,10,1,B
3,23013,True,A,B,6,1,A
3,23014,True,B,A,3,1,B
3,23015,True,A,B,6,1,A
3,23016,True,B,A,2,0,B
3,23017,True,A,B,0,1,A
3,23018,True,B,A,6,1,B
3,23019,False,,,,,
3,23020,True,A,B,3,1,A
3,23021,True,A,B,6,1,A
3,23022,True,A,B,4,1,A
3,23023,True,A,B,1,2,A
3,23024,True,B,A,6,1,B
3,23025,True,B,A,6,1,B
3,23026,True,B,A,6,1,B
3,23027,True,B,A,4,1,B
3,23028,True,A,B,2,0,A
3,23029,True,B,A,2,0,B
3,23030,True,B,A,2,0,B
3,23031,True,A,B,2,1,A
3,23032,True,A,B,10,1,A
3,23033,True,B,A,6,1,B
3,23034,True,B,A,3,1,B
3,23035,True,A,B,3,1,A
3,23036,True,B,A,1,2,B
3,23037,True,B,A,6,1,B
3,23038,True,B,A,1,2,B
3,23039,True,B,A,4,1,B
3,23040,True,A,B,2,0,A
3,23041,True,A,B,1,1,A
3,23042,True,A,B,3,1,A
3,23043,True,A,B,1,1,A
3,23044,True,A,B,0,1,A
3,23045,True,B,A,2,0,B
3,23046,True,B,A,0,1,B
3,23047,True,A,B,0,1,A
3,23048,True,B,A,2,0,B
3,23049,True,B,A,10,1,B
3,23050,True,B,A,2,0,B
3,23051,True,A,B,10,1,A
3,23052,True,B,A,1,1,B
3,23053,True,B,A,0,1,B
3,23054,True,B,A,1,2,B
3,23055,True,B,A,2,0,B
3,23056,True,B,A,0,1,B
3,23057,True,B,A,2,1,B
3,23058,True,A,B,0,1,A
3,23059,True,A,B,3,1,A
3,23060,True,B,A,2,0,B
3,23061,True,A,B,2,1,A
3,23062,True,A,B,10,1,A
3,23063,True,B,A,3,1,B
3,23064,True,B,A,10,1,B
3,23065,True,A,B,1,2,A
3,23066,True,B,A,6,1,B
3,23067,True,A,B,0,1,A
3,23068,True,A,B,0,1,A
3,23069,True,B,A,3,1,B
3,23070,True,B,A,1,1,B
3,23071,True,B,A,1,1,B
3,23072,True,A,B,2,0,A
3,23073,True,A,B,6,1,A
3,23074,True,B,A,0,1,B
3,23075,True,B,A,4,1,B
3,23076,True,A,B,4,1,A
3,23077,True,A,B,6,1,A
3,23078,True,A,B,2,1,A
3,23079,True,A,B,10,1,A
3,23080,True,A,B,3,1,A
3,23081,True,A,B,3,1,A
3,23082,True,B,A,6,1,B
3,23083,True,B,A,4,1,B
3,23084,True,B,A,2,1,B
3,23085,True,A,B,1,1,A
3,23086,True,A,B,10,1,A
3,23087,False,,,,,
3,23088,True,A,B,3,1,A
3,23089,True,A,B,1,2,A
3,23090,True,B,A,1,1,B
3,23091,True,A,B,10,1,A
3,23092,True,A,B,1,1,A
3,23093,True,A,B,10,1,A
3,23094,True,B,A,2,1,B
3,23095,True,A,B,2,0,A
3,23096,True,B,A,6,1,B
3,23097,True,B,A,2,0,B
3,23098,True,B,A,1,2,B
3,23099,True,A,B,2,1,A
3,23100,True,B,A,1,2,B
3,23101,True,A,B,2,0,A
3,23102,True,A,B,6,1,A
3,23103,True,A,B,2,1,A
3,23104,True,B,A,10,1,B
3,23105,True,B,A,1,1,B
3,23106,True,B,A,4,1,B
3,23107,True,B,A,3,1,B
3,23108,True,A,B,2,1,A
3,23109,True,A,B,4,1,A
3,23110,True,B,A,3,1,B
3,23111,True,B,A,2,1,B
3,23112,True,B,A,2,1,B
3,23113,True,A,B,2,0,A
3,23114,True,B,A,2,0,B
3,23115,True,B,A,1,2,B
3,23116,True,A,B,0,1,A
3,23117,False,,,,,
3,23118,True,A,B,2,0,A
3,23119,True,B,A,4,1,B
3,23120,True,B,A,1,1,B
3,23121,True,A,B,3,1,A
3,23122,False,,,,,
3,23123,True,A,B,6,1,A
3,23124,True,A,B,4,1,A
3,23125,True,A,B,6,1,A
3,23126,True,B,A,4,1,B
3,23127,True,A,B,4,1,A
3,23128,True,A,B,1,2,A
3,23129,True,A,B,6,1,A
3,23130,True,B,A,10,1,B
3,23131,True,A,B,1,1,A
3,23132,True,A,B,0,1,A
3,23133,True,B,A,1,2,B
3,23134,True,B,A,10,1,B
3,23135,True,A,B,2,0,A
3,23136,True,B,A,2,1,B
3,23137,False,,,,,
3,23138,True,A,B,10,1,A
3,23139,True,A,B,4,1,A
3,23140,True,A,B,6,1,A
3,23141,True,A,B,3,1,A
3,23142,True,A,B,10,1,A
3,23143,True,B,A,3,1,B
3,23144,True,B,A,10,1,B
3,23145,False,,,,,
3,23146,False,,,,,
3,23147,True,A,B,10,1,A
3,23148,True,B,A,3,1,B
3,23149,True,A,B,0,1,A
3,23150,True,B,A,3,1,B
3,23151,True,B,A,10,1,B
3,23152,False,,,,,
3,23153,True,A,B,10,1,A
3,23154,True,A,B,2,0,A
3,23155,True,A,B,3,1,A
3,23156,True,B,A,10,1,B
3,23157,True,A,B,4,1,A
3,23158,True,A,B,1,2,A
3,23159,True,A,B,6,1,A
3,23160,True,B,A,2,1,B
3,23161,True,B,A,3,1,B
3,23162,True,B,A,1,2,B
3,23163,True,A,B,2,1,A
3,23164,True,B,A,3,1,B
3,23165,True,A,B,1,2,A
3,23166,True,B,A,10,1,B
3,23167,True,B,A,2,1,B
3,23168,True,B,A,2,0,B
3,23169,True,A,B,1,1,A
3,23170,True,B,A,10,1,B
3,23171,True,A,B,2,1,A
3,23172,True,A,B,6,1,A
3,23173,True,B,A,10,1,B
3,23174,True,B,A,0,1,B
3,23175,True,A,B,2,0,A
3,23176,True,A,B,3,1,A
3,23177,True,A,B,1,1,A
3,23178,True,B,A,0,1,B
3,23179,True,B,A,1,2,B
3,23180,True,B,A,6,1,B
3,23181,True,B,A,10,1,B
3,23182,True,B,A,10,1,B
3,23183,True,A,B,3,1,A
3,23184,True,B,A,3,1,B
3,23185,True,B,A,6,1,B
3,23186,True,A,B,10,1,A
3,23187,True,A,B,6,1,A
3,23188,True,A,B,1,1,A
3,23189,False,,,,,
3,23190,True,A,B,4,1,A
3,23191,True,B,A,2,1,B
3,23192,True,A,B,10,1,A
3,23193,True,A,B,4,1,A
3,23194,True,B,A,10,1,B
3,23195,True,B,A,10,1,B
3,23196,True,A,B,4,1,A
3,23197,True,A,B,4,1,A
3,23198,True,A,B,3,1,A
3,23199,True,B,A,1,2,B
3,23200,True,B,A,4,1,B
3,23201,True,B,A,2,1,B
3,23202,True,B,A,2,1,B
3,23203,True,B,A,4,1,B
3,23204,True,B,A,1,2,B
3,23205,False,,,,,
3,23206,True,A,B,4,1,A
3,23207,True,A,B,10,1,A
3,23208,True,B,A,1,2,B
3,23209,True,A,B,2,1,A
3,23210,True,B,A,6,1,B
3,23211,True,B,A,0,1,B
3,23212,True,B,A,3,1,B
3,23213,True,A,B,0,1,A
3,23214,True,A,B,2,0,A
3,23215,True,A,B,3,1,A
3,23216,True,A,B,1,2,A
3,23217,False,,,,,
3,23218,True,B,A,1,1,B
3,23219,True,B,A,4,1,B
3,23220,True,B,A,10,1,B
3,23221,True,A,B,1,2,A
3,23222,True,B,A,6,1,B
3,23223,True,A,B,2,1,A
3,23224,True,B,A,3,1,B
3,23225,True,B,A,10,1,B
3,23226,True,A,B,1,2,A
3,23227,True,B,A,2,0,B
3,23228,True,A,B,10,1,A
3,23229,True,A,B,10,1,A
3,23230,True,A,B,6,1,A
3,23231,True,A,B,2,1,A
3,23232,True,A,B,6,1,A
3,23233,True,B,A,2,0,B
3,23234,True,A,B,4,1,A
3,23235,True,B,A,3,1,B
3,23236,True,A,B,0,1,A
3,23237,True,A,B,2,0,A
3,23238,True,B,A,3,1,B
3,23239,True,A,B,6,1,A
3,23240,True,B,A,1,2,B
3,23241,True,A,B,2,0,A
3,23242,True,B,A,2,0,B
3,23243,True,A,B,1,1,A
3,23244,True,A,B,1,1,A
3,23245,True,A,B,0,1,A
3,23246,True,A,B,0,1,A
3,23247,True,A,B,2,0,A
3,23248,True,A,B,4,1,A
3,23249,True,B,A,0,1,B
3,23250,True,A,B,3,1,A
3,23251,True,B,A,2,0,B
3,23252,True,A,B,2,1,A
3,23253,True,A,B,0,1,A
3,23254,True,A,B,3,1,A
3,23255,True,A,B,10,1,A
3,23256,True,A,B,3,1,A
3,23257,True,B,A,2,0,B
3,23258,False,,,,,
3,23259,True,A,B,4,1,A
3,23260,True,B,A,1,1,B
3,23261,True,B,A,2,0,B
3,23262,True,A,B,4,1,A
3,23263,False,,,,,
3,23264,True,A,B,3,1,A
3,23265,True,B,A,4,1,B
3,23266,False,,,,,
3,23267,True,A,B,1,2,A
3,23268,True,B,A,6,1,B
3,23269,False,,,,,
3,23270,True,B,A,2,1,B
3,23271,True,A,B,2,0,A
3,23272,True,A,B,3,1,A
3,23273,False,,,,,
3,23274,True,A,B,2,0,A
3,23275,True,B,A,2,0,B
3,23276,True,B,A,6,1,B
3,23277,True,A,B,1,2,A
3,23278,True,A,B,0,1,A
3,23279,True,B,A,1,1,B
3,23280,True,A,B,0,1,A
3,23281,False,,,,,
3,23282,True,A,B,10,1,A
3,23283,True,A,B,1,2,A
3,23284,True,B,A,2,1,B
3,23285,True,A,B,2,1,A
3,23286,True,A,B,1,2,A
3,23287,True,A,B,2,0,A
3,23288,True,B,A,2,0,B
3,23289,True,A,B,10,1,A
3,23290,True,A,B,10,1,A
3,23291,True,A,B,4,1,A
3,23292,True,A,B,2,1,A
3,23293,True,A,B,1,2,A
3,23294,True,A,B,6,1,A
3,23295,True,B,A,10,1,B
3,23296,True,A,B,10,1,A
3,23297,True,A,B,3,1,A
3,23298,False,,,,,
3,23299,True,A,B,0,1,A
3,23300,False,,,,,
3,23301,True,A,B,0,1,A
3,23302,True,B,A,2,1,B
3,23303,True,B,A,1,1,B
3,23304,True,A,B,2,1,A
3,23305,True,A,B,3,1,A
3,23306,True,A,B,2,1,A
3,23307,False,,,,,
3,23308,True,A,B,1,2,A
3,23309,True,B,A,3,1,B
3,23310,True,B,A,1,2,B
3,23311,True,B,A,1,2,B
3,23312,True,B,A,2,0,B
3,23313,True,B,A,3,1,B
3,23314,True,A,B,3,1,A
3,23315,True,A,B,1,2,A
3,23316,True,B,A,1,2,B
3,23317,True,A,B,4,1,A
3,23318,True,A,B,2,0,A
3,23319,True,B,A,2,1,B
3,23320,True,A,B,1,2,A
3,23321,True,A,B,2,0,A
3,23322,True,B,A,3,1,B
3,23323,True,B,A,2,0,B
3,23324,True,B,A,1,1,B
3,23325,True,B,A,2,0,B
3,23326,True,B,A,4,1,B
3,23327,True,A,B,4,1,A
3,23328,True,B,A,4,1,B
3,23329,True,B,A,10,1,B
3,23330,True,B,A,1,1,B
3,23331,True,B,A,2,1,B
3,23332,True,A,B,6,1,A
3,23333,True,A,B,6,1,A
3,23334,True,B,A,0,1,B
3,23335,True,A,B,0,1,A
3,23336,True,B,A,2,0,B
3,23337,True,B,A,1,2,B
3,23338,True,B,A,1,2,B
3,23339,False,,,,,
3,23340,True,A,B,6,1,A
3,23341,True,B,A,3,1,B
3,23342,True,A,B,0,1,A
3,23343,True,A,B,2,1,A
3,23344,True,B,A,3,1,B
3,23345,True,B,A,2,0,B
3,23346,True,B,A,2,0,B
3,23347,True,B,A,1,2,B
3,23348,True,B,A,4,1,B
3,23349,True,A,B,1,1,A
3,23350,True,A,B,0,1,A
3,23351,True,A,B,0,1,A
3,23352,True,B,A,1,1,B
3,23353,True,B,A,1,2,B
3,23354,True,B,A,4,1,B
3,23355,True,B,A,1,1,B
3,23356,True,B,A,3,1,B
3,23357,True,A,B,10,1,A
3,23358,True,B,A,2,1,B
3,23359,True,A,B,10,1,A
3,23360,True,B,A,6,1,B
3,23361,True,B,A,10,1,B
3,23362,True,A,B,4,1,A
3,23363,True,B,A,6,1,B
3,23364,True,A,B,3,1,A
3,23365,True,A,B,4,1,A
3,23366,True,B,A,10,1,B
3,23367,True,B,A,2,0,B
3,23368,True,A,B,3,1,A
3,23369,True,A,B,0,1,A
3,23370,True,A,B,3,1,A
3,23371,True,A,B,2,1,A
3,23372,True,A,B,4,1,A
3,23373,True,A,B,2,1,A
3,23374,True,B,A,10,1,B
3,23375,True,A,B,1,2,A
3,23376,True,A,B,0,1,A
3,23377,True,B,A,10,1,B
3,23378,True,B,A,1,2,B
3,23379,True,B,A,10,1,B
3,23380,True,A,B,2,1,A
3,23381,True,B,A,3,1,B
3,23382,True,A,B,3,1,A
3,23383,False,,,,,
3,23384,True,A,B,1,2,A
3,23385,True,B,A,1,1,B
3,23386,True,A,B,1,2,A
3,23387,True,B,A,3,1,B
3,23388,True,A,B,6,1,A
3,23389,True,B,A,6,1,B
3,23390,True,A,B,3,1,A
3,23391,True,A,B,4,1,A
3,23392,True,B,A,4,1,B
3,23393,True,A,B,0,1,A
3,23394,True,A,B,3,1,A
3,23395,True,B,A,4,1,B
3,23396,True,A,B,2,1,A
3,23397,True,B,A,6,1,B
3,23398,True,A,B,1,2,A
3,23399,True,A,B,2,0,A
3,23400,True,A,B,1,2,A
3,23401,True,A,B,3,1,A
3,23402,True,B,A,2,0,B
3,23403,True,B,A,0,1,B
3,23404,True,A,B,0,1,A
3,23405,True,A,B,6,1,A
3,23406,True,B,A,2,1,B
3,23407,True,B,A,6,1,B
3,23408,True,A,B,4,1,A
3,23409,True,A,B,1,2,A
3,23410,True,A,B,6,1,A
3,23411,True,A,B,10,1,A
3,23412,True,B,A,6,1,B
3,23413,True,B,A,10,1,B
3,23414,True,A,B,1,2,A
3,23415,False,,,,,
3,23416,True,B,A,6,1,B
3,23417,True,B,A,1,1,B
3,23418,True,B,A,10,1,B
3,23419,True,B,A,4,1,B
3,23420,True,B,A,2,1,B
3,23421,True,A,B,1,2,A
3,23422,True,A,B,0,1,A
3,23423,True,A,B,1,1,A
3,23424,True,B,A,2,1,B
3,23425,False,,,,,
3,23426,False,,,,,
3,23427,True,B,A,1,2,B
3,23428,True,B,A,3,1,B
3,23429,True,A,B,1,2,A
3,23430,False,,,,,
3,23431,True,B,A,6,1,B
3,23432,True,A,B,3,1,A
3,23433,True,B,A,3,1,B
3,23434,False,,,,,
3,23435,True,B,A,2,1,B
3,23436,True,B,A,1,1,B
3,23437,True,B,A,10,1,B
3,23438,True,A,B,3,1,A
3,23439,True,B,A,2,1,B
3,23440,True,A,B,6,1,A
3,23441,True,B,A,4,1,B
3,23442,True,A,B,0,1,A
3,23443,True,B,A,1,1,B
3,23444,True,A,B,4,1,A
3,23445,True,A,B,0,1,A
3,23446,False,,,,,
3,23447,False,,,,,
3,23448,True,A,B,2,1,A
3,23449,True,B,A,1,1,B
3,23450,True,A,B,2,0,A
3,23451,True,A,B,4,1,A
3,23452,True,A,B,1,1,A
3,23453,True,B,A,4,1,B
3,23454,True,B,A,2,1,B
3,23455,True,A,B,3,1,A
3,23456,True,B,A,1,1,B
3,23457,True,B,A,0,1,B
3,23458,True,A,B,3,1,A
3,23459,True,B,A,2,1,B
3,23460,True,B,A,2,1,B
3,23461,True,A,B,6,1,A
3,23462,True,B,A,6,1,B
3,23463,True,A,B,1,2,A
3,23464,True,A,B,4,1,A
3,23465,True,B,A,4,1,B
3,23466,True,A,B,1,2,A
3,23467,True,A,B,1,2,A
3,23468,True,A,B,4,1,A
3,23469,True,A,B,1,1,A
3,23470,True,A,B,6,1,A
3,23471,True,A,B,2,0,A
3,23472,True,A,B,10,1,A
3,23473,True,A,B,2,0,A
3,23474,True,A,B,2,1,A
3,23475,True,A,B,2,0,A
3,23476,True,B,A,6,1,B
3,23477,True,B,A,6,1,B
3,23478,True,B,A,4,1,B
3,23479,True,B,A,2,1,B
3,23480,True,B,A,6,1,B
3,23481,True,B,A,6,1,B
3,23482,True,B,A,2,1,B
3,23483,True,A,B,0,1,A
3,23484,True,A,B,3,1,A
3,23485,True,B,A,4,1,B
3,23486,True,B,A,6,1,B
3,23487,True,A,B,2,1,A
3,23488,True,B,A,4,1,B
3,23489,True,A,B,6,1,A
3,23490,True,A,B,4,1,A
3,23491,True,B,A,1,1,B
3,23492,True,B,A,2,1,B
3,23493,True,B,A,1,1,A
3,23494,True,B,A,6,1,B
3,23495,True,A,B,0,1,A
3,23496,True,B,A,3,1,B
3,23497,True,A,B,3,1,A
3,23498,True,A,B,4,1,A
3,23499,True,A,B,1,2,A
3,23500,True,A,B,6,1,A
3,23501,True,B,A,2,0,B
3,23502,True,A,B,1,1,A
3,23503,True,A,B,6,1,A
3,23504,True,A,B,1,1,A
3,23505,True,A,B,6,1,A
3,23506,True,B,A,2,1,B
3,23507,True,B,A,6,1,B
3,23508,True,A,B,10,1,A
3,23509,True,A,B,2,1,A
3,23510,True,B,A,2,1,B
3,23511,True,A,B,3,1,A
3,23512,True,B,A,4,1,B
3,23513,True,B,A,2,1,B
3,23514,True,A,B,3,1,A
3,23515,True,A,B,0,1,A
3,23516,True,A,B,3,1,A
3,23517,True,B,A,2,0,B
3,23518,True,A,B,6,1,A
3,23519,True,A,B,3,1,A
3,23520,True,B,A,2,1,B
3,23521,True,B,A,10,1,B
3,23522,True,A,B,1,2,A
3,23523,True,B,A,0,1,B
3,23524,True,A,B,4,1,A
3,23525,True,A,B,2,0,A
3,23526,True,B,A,6,1,B
3,23527,True,A,B,2,1,A
3,23528,True,A,B,0,1,A
3,23529,True,B,A,2,1,B
3,23530,True,A,B,10,1,A
3,23531,True,A,B,10,1,A
3,23532,True,A,B,1,2,A
3,23533,True,A,B,1,1,A
3,23534,True,B,A,0,1,B
3,23535,True,A,B,3,1,A
3,23536,True,A,B,2,1,A
3,23537,True,A,B,3,1,A
3,23538,True,A,B,0,1,A
3,23539,True,A,B,6,1,A
3,23540,True,B,A,6,1,B
3,23541,True,A,B,1,2,A
3,23542,True,A,B,2,1,A
3,23543,True,B,A,2,1,B
3,23544,True,A,B,2,1,A
3,23545,True,B,A,3,1,B
3,23546,True,A,B,10,1,A
3,23547,True,A,B,6,1,A
3,23548,True,A,B,2,1,A
3,23549,True,B,A,6,1,B
3,23550,True,A,B,4,1,A
3,23551,True,B,A,2,1,B
3,23552,True,A,B,2,1,A
3,23553,True,A,B,3,1,A
3,23554,True,B,A,2,1,B
3,23555,True,B,A,2,0,B
3,23556,True,A,B,1,1,A
3,23557,True,B,A,4,1,B
3,23558,True,A,B,2,0,A
3,23559,True,B,A,2,1,B
3,23560,True,B,A,10,1,B
3,23561,True,B,A,2,0,B
3,23562,True,A,B,2,0,A
3,23563,True,A,B,2,1,A
3,23564,True,B,A,2,1,B
3,23565,True,B,A,4,1,B
3,23566,True,A,B,6,1,A
3,23567,True,A,B,2,1,A
3,23568,True,B,A,10,1,B
3,23569,True,A,B,1,1,A
3,23570,True,A,B,0,1,A
3,23571,True,B,A,0,1,B
3,23572,True,A,B,10,1,A
3,23573,True,B,A,2,0,B
3,23574,True,B,A,1,1,B
3,23575,True,A,B,2,0,A
3,23576,True,B,A,3,1,B
3,23577,True,A,B,6,1,A
3,23578,True,B,A,6,1,B
3,23579,True,B,A,2,0,B
3,23580,True,A,B,3,1,A
3,23581,True,A,B,0,1,A
3,23582,True,B,A,2,0,B
3,23583,True,B,A,2,0,B
3,23584,True,B,A,0,1,B
3,23585,True,A,B,1,2,A
3,23586,True,B,A,1,2,B
3,23587,True,A,B,4,1,A
3,23588,True,B,A,4,1,B
3,23589,True,A,B,2,1,A
3,23590,True,B,A,6,1,B
3,23591,True,A,B,10,1,A
3,23592,True,A,B,1,2,A
3,23593,True,B,A,10,1,B
3,23594,True,A,B,6,1,A
3,23595,True,A,B,1,1,A
3,23596,True,B,A,2,0,B
3,23597,True,A,B,2,0,A
3,23598,True,A,B,1,2,A
3,23599,True,B,A,4,1,B
3,23600,True,A,B,1,1,A
3,23601,True,A,B,3,1,A
3,23602,True,A,B,0,1,A
3,23603,True,B,A,6,1,B
3,23604,True,B,A,2,0,B
3,23605,True,B,A,4,1,B
3,23606,True,B,A,3,1,B
3,23607,True,B,A,2,1,B
3,23608,False,,,,,
3,23609,True,B,A,3,1,B
3,23610,True,A,B,10,1,A
3,23611,True,B,A,3,1,B
3,23612,True,B,A,2,1,B
3,23613,True,B,A,1,1,B
3,23614,True,A,B,0,1,A
3,23615,True,B,A,2,1,B
3,23616,True,A,B,1,1,A
3,23617,False,,,,,
3,23618,True,A,B,2,1,A
3,23619,True,B,A,4,1,B
3,23620,True,B,A,2,0,B
3,23621,True,A,B,10,1,A
3,23622,True,B,A,4,1,B
3,23623,False,,,,,
3,23624,True,B,A,6,1,B
3,23625,True,B,A,1,1,B
3,23626,True,A,B,0,1,A
3,23627,True,A,B,1,2,A
3,23628,True,A,B,2,0,A
3,23629,True,B,A,10,1,B
3,23630,True,A,B,4,1,A
3,23631,True,A,B,6,1,A
3,23632,True,A,B,2,1,A
3,23633,True,B,A,6,1,B
3,23634,True,A,B,6,1,A
3,23635,True,B,A,3,1,B
3,23636,True,B,A,10,1,B
3,23637,True,B,A,6,1,B
3,23638,False,,,,,
3,23639,True,A,B,1,2,A
3,23640,True,A,B,0,1,A
3,23641,True,A,B,4,1,A
3,23642,True,B,A,2,1,B
3,23643,True,A,B,3,1,A
3,23644,True,B,A,6,1,B
3,23645,True,A,B,3,1,A
3,23646,True,A,B,2,0,A
3,23647,True,A,B,2,1,A
3,23648,True,B,A,6,1,B
3,23649,True,A,B,2,1,A
3,23650,True,B,A,2,1,B
3,23651,True,B,A,1,1,B
3,23652,True,A,B,10,1,A
3,23653,True,B,A,10,1,B
3,23654,True,B,A,2,0,B
3,23655,True,B,A,4,1,B
3,23656,True,B,A,4,1,B
3,23657,True,A,B,1,2,A
3,23658,True,A,B,2,1,A
3,23659,True,B,A,4,1,B
3,23660,True,B,A,2,0,B
3,23661,True,B,A,4,1,B
3,23662,True,A,B,1,2,A
3,23663,True,A,B,0,1,A
3,23664,True,B,A,2,1,B
3,23665,True,A,B,6,1,A
3,23666,True,B,A,3,1,B
3,23667,True,A,B,2,0,A
3,23668,False,,,,,
3,23669,True,A,B,6,1,A
3,23670,True,A,B,6,1,A
3,23671,True,A,B,4,1,A
3,23672,True,A,B,1,2,A
3,23673,True,A,B,2,0,A
3,23674,True,B,A,6,1,B
3,23675,True,B,A,6,1,B
3,23676,True,B,A,3,1,B
3,23677,False,,,,,
3,23678,True,B,A,1,1,B
3,23679,True,A,B,3,1,A
3,23680,True,A,B,1,2,A
3,23681,True,A,B,0,1,A
3,23682,True,A,B,10,1,A
3,23683,True,B,A,1,1,B
3,23684,True,B,A,4,1,B
3,23685,True,B,A,3,1,B
3,23686,True,A,B,3,1,A
3,23687,False,,,,,
3,23688,True,A,B,2,1,A
3,23689,True,A,B,1,2,A
3,23690,True,A,B,4,1,A
3,23691,True,A,B,4,1,A
3,23692,True,A,B,2,1,A
3,23693,True,B,A,6,1,B
3,23694,True,A,B,6,1,A
3,23695,True,B,A,1,1,B
3,23696,True,B,A,4,1,B
3,23697,True,A,B,0,1,A
3,23698,True,B,A,10,1,B
3,23699,True,B,A,3,1,B
3,23700,True,A,B,1,1,A
3,23701,True,A,B,1,2,A
3,23702,True,B,A,0,1,B
3,23703,True,A,B,2,0,A
3,23704,False,,,,,
3,23705,True,A,B,0,1,A
3,23706,True,A,B,2,1,A
3,23707,False,,,,,
3,23708,True,A,B,3,1,A
3,23709,True,B,A,4,1,B
3,23710,False,,,,,
3,23711,True,A,B,1,2,A
3,23712,True,A,B,6,1,A
3,23713,True,B,A,3,1,B
3,23714,True,A,B,2,1,A
3,23715,True,B,A,3,1,B
3,23716,True,A,B,6,1,A
3,23717,False,,,,,
3,23718,True,B,A,6,1,B
3,23719,True,A,B,1,1,A
3,23720,True,B,A,3,1,B
3,23721,True,A,B,1,1,A
3,23722,True,A,B,10,1,A
3,23723,True,B,A,6,1,B
3,23724,True,B,A,6,1,B
3,23725,True,A,B,3,1,A
3,23726,True,A,B,10,1,A
3,23727,True,A,B,2,1,A
3,23728,True,B,A,6,1,B
3,23729,False,,,,,
3,23730,True,B,A,4,1,B
3,23731,True,A,B,2,1,A
3,23732,True,A,B,4,1,A
3,23733,True,A,B,4,1,A
3,23734,True,B,A,1,2,B
3,23735,True,A,B,1,1,A
3,23736,True,B,A,4,1,B
3,23737,True,B,A,2,1,B
3,23738,True,A,B,10,1,A
3,23739,True,A,B,1,1,A
3,23740,True,A,B,2,1,A
3,23741,True,A,B,4,1,A
3,23742,True,B,A,2,0,B
3,23743,False,,,,,
3,23744,True,B,A,4,1,B
3,23745,False,,,,,
3,23746,True,A,B,0,1,A
3,23747,True,A,B,6,1,A
3,23748,True,A,B,0,1,A
3,23749,True,A,B,6,1,A
3,23750,True,A,B,2,1,A
3,23751,True,B,A,6,1,B
3,23752,True,B,A,10,1,B
3,23753,True,A,B,6,1,A
3,23754,False,,,,,
3,23755,True,A,B,6,1,A
3,23756,True,A,B,2,0,A
3,23757,True,B,A,1,2,B
3,23758,True,B,A,2,1,B
3,23759,True,B,A,2,1,B
3,23760,True,B,A,1,1,B
3,23761,True,B,A,0,1,B
3,23762,True,B,A,4,1,B
3,23763,False,,,,,
3,23764,True,B,A,3,1,B
3,23765,True,A,B,4,1,A
3,23766,True,A,B,0,1,A
3,23767,True,A,B,6,1,A
3,23768,True,B,A,4,1,B
3,23769,True,B,A,6,1,B
3,23770,True,B,A,2,1,B
3,23771,True,B,A,3,1,B
3,23772,True,A,B,4,1,A
3,23773,True,B,A,10,1,B
3,23774,True,B,A,10,1,B
3,23775,True,A,B,6,1,A
3,23776,True,B,A,2,0,B
3,23777,True,A,B,4,1,A
3,23778,True,A,B,1,1,A
3,23779,True,A,B,2,1,A
3,23780,True,B,A,10,1,B
3,23781,True,A,B,2,1,A
3,23782,True,B,A,3,1,B
3,23783,True,A,B,2,0,A
3,23784,True,A,B,0,1,A
3,23785,True,A,B,4,1,A
3,23786,True,B,A,2,0,B
3,23787,True,B,A,6,1,B
3,23788,True,B,A,6,1,B
3,23789,True,B,A,10,1,B
3,23790,True,B,A,2,0,B
3,23791,True,A,B,10,1,A
3,23792,True,B,A,4,1,B
3,23793,True,B,A,10,1,B
3,23794,True,A,B,1,1,A
3,23795,True,B,A,2,0,B
3,23796,True,A,B,2,0,A
3,23797,True,A,B,2,0,A
3,23798,True,A,B,2,0,A
3,23799,True,A,B,1,2,A
3,23800,True,B,A,1,2,B
3,23801,True,A,B,1,2,A
3,23802,True,B,A,3,1,B
3,23803,True,A,B,2,0,A
3,23804,True,A,B,0,1,A
3,23805,True,A,B,4,1,A
3,23806,True,B,A,10,1,B
3,23807,True,B,A,4,1,B
3,23808,True,A,B,1,1,A
3,23809,True,B,A,2,1,B
3,23810,True,A,B,1,2,A
3,23811,True,B,A,10,1,B
3,23812,True,B,A,4,1,B
3,23813,True,A,B,6,1,A
3,23814,True,A,B,10,1,A
3,23815,True,B,A,1,1,B
3,23816,True,B,A,3,1,B
3,23817,True,B,A,3,1,B
3,23818,True,A,B,2,0,A
3,23819,True,B,A,3,1,B
3,23820,True,A,B,2,1,A
3,23821,True,B,A,6,1,B
3,23822,True,A,B,2,1,A
3,23823,True,A,B,10,1,A
3,23824,False,,,,,
3,23825,True,A,B,0,1,A
3,23826,True,A,B,6,1,A
3,23827,True,A,B,1,1,A
3,23828,True,A,B,0,1,A
3,23829,True,A,B,1,2,A
3,23830,True,B,A,2,0,B
3,23831,True,B,A,2,0,B
3,23832,True,A,B,2,1,A
3,23833,True,A,B,0,1,A
3,23834,True,A,B,2,0,A
3,23835,True,B,A,6,1,B
3,23836,True,B,A,1,2,B
3,23837,True,B,A,10,1,B
3,23838,True,B,A,0,1,B
3,23839,True,A,B,10,1,A
3,23840,True,B,A,3,1,B
3,23841,True,B,A,1,2,B
3,23842,True,B,A,4,1,B
3,23843,True,B,A,10,1,B
3,23844,True,A,B,1,2,A
3,23845,True,B,A,10,1,B
3,23846,True,B,A,4,1,B
3,23847,True,A,B,1,2,A
3,23848,True,B,A,10,1,B
3,23849,True,B,A,1,2,B
3,23850,True,A,B,2,1,A
3,23851,False,,,,,
3,23852,True,A,B,1,1,A
3,23853,False,,,,,
3,23854,True,B,A,4,1,B
3,23855,True,A,B,2,1,A
3,23856,True,B,A,6,1,B
3,23857,True,A,B,2,1,A
3,23858,True,B,A,2,0,B
3,23859,True,B,A,4,1,B
3,23860,True,A,B,1,1,A
3,23861,False,,,,,
3,23862,True,B,A,3,1,B
3,23863,True,A,B,1,2,A
3,23864,True,B,A,3,1,B
3,23865,True,B,A,4,1,B
3,23866,True,A,B,4,1,A
3,23867,False,,,,,
3,23868,True,A,B,2,0,A
3,23869,True,A,B,6,1,A
3,23870,True,B,A,10,1,B
3,23871,True,B,A,4,1,B
3,23872,True,A,B,6,1,A
3,23873,True,B,A,6,1,B
3,23874,True,A,B,6,1,A
3,23875,False,,,,,
3,23876,True,B,A,1,1,B
3,23877,True,B,A,2,0,B
3,23878,True,A,B,4,1,A
3,23879,True,A,B,10,1,A
3,23880,True,A,B,10,1,A
3,23881,True,B,A,1,1,B
3,23882,False,,,,,
3,23883,True,A,B,0,1,A
3,23884,True,B,A,2,1,B
3,23885,True,A,B,6,1,A
3,23886,True,B,A,0,1,B
3,23887,False,,,,,
3,23888,True,A,B,6,1,A
3,23889,True,A,B,3,1,A
3,23890,True,B,A,4,1,B
3,23891,True,A,B,3,1,A
3,23892,False,,,,,
3,23893,True,B,A,6,1,B
3,23894,True,A,B,1,2,A
3,23895,True,B,A,6,1,B
3,23896,True,A,B,6,1,A
3,23897,False,,,,,
3,23898,True,A,B,6,1,A
3,23899,True,B,A,2,0,B
3,23900,True,B,A,0,1,B
3,23901,True,A,B,10,1,A
3,23902,True,B,A,6,1,B
3,23903,True,A,B,1,1,A
3,23904,True,A,B,3,1,A
3,23905,False,,,,,
3,23906,True,A,B,1,1,A
3,23907,False,,,,,
3,23908,True,A,B,4,1,A
3,23909,True,A,B,2,0,A
3,23910,True,B,A,2,1,B
3,23911,True,A,B,10,1,A
3,23912,True,B,A,1,1,B
3,23913,True,B,A,10,1,B
3,23914,True,A,B,2,0,A
3,23915,True,B,A,6,1,B
3,23916,True,A,B,3,1,A
3,23917,True,A,B,4,1,A
3,23918,True,A,B,1,1,A
3,23919,True,A,B,2,0,A
3,23920,True,B,A,1,2,B
3,23921,True,A,B,1,2,A
3,23922,True,A,B,1,1,A
3,23923,True,A,B,6,1,A
3,23924,True,B,A,4,1,B
3,23925,True,A,B,2,1,A
3,23926,True,B,A,3,1,B
3,23927,True,B,A,0,1,B
3,23928,True,A,B,2,0,A
3,23929,True,A,B,0,1,A
3,23930,True,A,B,10,1,A
3,23931,True,B,A,6,1,B
3,23932,True,B,A,1,1,B
3,23933,False,,,,,
3,23934,False,,,,,
3,23935,True,B,A,6,1,B
3,23936,True,B,A,2,0,B
3,23937,True,B,A,3,1,B
3,23938,True,A,B,10,1,A
3,23939,True,B,A,2,0,B
3,23940,True,A,B,2,1,A
3,23941,True,B,A,1,2,B
3,23942,True,A,B,10,1,A
3,23943,True,A,B,6,1,A
3,23944,True,A,B,6,1,A
3,23945,True,A,B,6,1,A
3,23946,True,A,B,3,1,A
3,23947,True,B,A,0,1,B
3,23948,True,B,A,0,1,B
3,23949,True,A,B,4,1,A
3,23950,True,A,B,1,2,A
3,23951,True,B,A,10,1,B
3,23952,True,B,A,1,1,B
3,23953,True,A,B,2,0,A
3,23954,True,B,A,10,1,B
3,23955,True,B,A,6,1,B
3,23956,True,B,A,2,0,B
3,23957,True,B,A,10,1,B
3,23958,True,B,A,3,1,B
3,23959,True,A,B,10,1,A
3,23960,True,A,B,4,1,A
3,23961,True,A,B,6,1,A
3,23962,True,B,A,2,1,B
3,23963,True,A,B,1,1,A
3,23964,True,A,B,1,2,A
3,23965,True,A,B,3,1,A
3,23966,True,B,A,10,1,B
3,23967,True,B,A,10,1,B
3,23968,False,,,,,
3,23969,True,B,A,10,1,B
3,23970,True,A,B,0,1,A
3,23971,True,A,B,10,1,A
3,23972,True,B,A,1,1,B
3,23973,True,A,B,10,1,A
3,23974,True,A,B,6,1,A
3,23975,True,B,A,10,1,B
3,23976,True,A,B,0,1,A
3,23977,True,A,B,6,1,A
3,23978,True,B,A,1,2,B
3,23979,True,B,A,3,1,B
3,23980,True,B,A,1,1,B
3,23981,True,B,A,1,1,B
3,23982,True,A,B,6,1,A
3,23983,True,A,B,0,1,A
3,23984,True,B,A,1,1,B
3,23985,True,A,B,1,2,A
3,23986,True,A,B,2,1,A
3,23987,True,A,B,4,1,A
3,23988,True,A,B,1,1,A
3,23989,True,B,A,6,1,B
3,23990,True,B,A,1,2,B
3,23991,True,A,B,3,1,A
3,23992,True,A,B,4,1,A
3,23993,True,A,B,4,1,A
3,23994,True,A,B,1,1,A
3,23995,False,,,,,
3,23996,True,B,A,4,1,B
3,23997,True,B,A,6,1,B
3,23998,True,A,B,10,1,A
3,23999,False,,,,,
3,24000,True,B,A,6,1,B
3,24001,True,A,B,2,1,A
3,24002,True,A,B,6,1,A
3,24003,False,,,,,
3,24004,True,B,A,2,1,B
3,24005,True,B,A,1,1,B
3,24006,True,A,B,6,1,A
3,24007,True,A,B,10,1,A
3,24008,True,A,B,10,1,A
3,24009,True,B,A,10,1,B
3,24010,True,A,B,1,1,A
3,24011,True,A,B,4,1,A
3,24012,True,A,B,6,1,A
3,24013,True,B,A,1,2,B
3,24014,True,A,B,2,0,A
3,24015,True,B,A,4,1,B
3,24016,True,A,B,1,2,A
3,24017,True,B,A,4,1,B
3,24018,True,B,A,0,1,B
3,24019,True,A,B,0,1,A
3,24020,True,B,A,6,1,B
3,24021,True,B,A,2,1,B
3,24022,True,A,B,1,2,A
3,24023,True,A,B,4,1,A
3,24024,False,,,,,
3,24025,False,,,,,
3,24026,True,B,A,4,1,B
3,24027,True,B,A,3,1,B
3,24028,True,B,A,4,1,B
3,24029,True,B,A,1,1,B
3,24030,True,A,B,0,1,A
3,24031,True,A,B,3,1,A
3,24032,True,B,A,3,1,B
3,24033,True,A,B,3,1,A
3,24034,True,A,B,3,1,A
3,24035,True,A,B,2,1,A
3,24036,True,B,A,0,1,B
3,24037,True,B,A,10,1,B
3,24038,True,A,B,4,1,A
3,24039,True,A,B,1,1,A
3,24040,True,B,A,10,1,B
3,24041,True,B,A,2,1,B
3,24042,True,A,B,4,1,A
3,24043,True,B,A,3,1,B
3,24044,True,A,B,1,2,A
3,24045,True,B,A,10,1,B
3,24046,True,B,A,6,1,B
3,24047,True,B,A,3,1,B
3,24048,True,A,B,2,0,A
3,24049,True,B,A,2,1,B
3,24050,True,A,B,1,2,A
3,24051,True,A,B,0,1,A
3,24052,True,A,B,4,1,A
3,24053,True,B,A,4,1,B
3,24054,True,A,B,10,1,A
3,24055,True,A,B,1,2,A
3,24056,True,B,A,1,2,B
3,24057,True,B,A,4,1,B
3,24058,True,B,A,10,1,B
3,24059,True,A,B,3,1,A
3,24060,True,B,A,4,1,B
3,24061,True,A,B,4,1,A
3,24062,True,A,B,4,1,A
3,24063,True,B,A,10,1,B
3,24064,False,,,,,
3,24065,True,A,B,3,1,A
3,24066,True,A,B,1,1,A
3,24067,False,,,,,
3,24068,True,A,B,10,1,A
3,24069,False,,,,,
3,24070,True,B,A,10,1,B
3,24071,True,B,A,0,1,B
3,24072,True,A,B,2,1,A
3,24073,True,B,A,1,2,B
3,24074,True,B,A,1,1,B
3,24075,True,A,B,2,1,A
3,24076,True,A,B,1,1,A
3,24077,True,A,B,2,0,A
3,24078,True,A,B,4,1,A
3,24079,True,A,B,1,2,A
3,24080,True,B,A,6,1,B
3,24081,True,A,B,4,1,A
3,24082,False,,,,,
3,24083,True,B,A,2,1,B
3,24084,True,A,B,1,1,A
3,24085,True,B,A,6,1,B
3,24086,False,,,,,
3,24087,True,B,A,1,2,B
3,24088,True,A,B,1,1,A
3,24089,True,B,A,1,1,B
3,24090,True,A,B,0,1,A
3,24091,True,A,B,2,0,A
3,24092,True,A,B,4,1,A
3,24093,False,,,,,
3,24094,True,B,A,10,1,B
3,24095,False,,,,,
3,24096,True,B,A,2,0,B
3,24097,True,A,B,2,1,A
3,24098,True,A,B,6,1,A
3,24099,True,A,B,4,1,A
3,24100,True,A,B,2,1,A
3,24101,True,B,A,6,1,B
3,24102,True,B,A,1,1,B
3,24103,True,A,B,2,1,A
3,24104,True,B,A,2,0,B
3,24105,True,B,A,4,1,B
3,24106,True,A,B,2,1,A
3,24107,True,B,A,2,0,B
3,24108,True,A,B,4,1,A
3,24109,True,A,B,3,1,A
3,24110,True,A,B,4,1,A
3,24111,True,B,A,2,0,B
3,24112,True,B,A,0,1,B
3,24113,True,A,B,6,1,A
3,24114,False,,,,,
3,24115,True,B,A,1,1,B
3,24116,True,B,A,6,1,B
3,24117,True,B,A,3,1,B
3,24118,True,B,A,4,1,B
3,24119,True,B,A,2,1,B
3,24120,True,A,B,6,1,A
3,24121,True,A,B,3,1,A
3,24122,True,A,B,2,0,A
3,24123,True,B,A,2,1,B
3,24124,True,B,A,1,1,B
3,24125,True,B,A,3,1,B
3,24126,True,B,A,4,1,B
3,24127,True,A,B,10,1,A
3,24128,True,A,B,1,1,A
3,24129,True,B,A,6,1,B
3,24130,True,A,B,4,1,A
3,24131,False,,,,,
3,24132,True,B,A,3,1,B
3,24133,False,,,,,
3,24134,True,B,A,2,0,B
3,24135,False,,,,,
3,24136,True,B,A,4,1,B
3,24137,True,A,B,2,1,A
3,24138,True,A,B,6,1,A
3,24139,True,A,B,1,1,A
3,24140,True,A,B,3,1,A
3,24141,False,,,,,
3,24142,True,B,A,6,1,B
3,24143,True,A,B,4,1,A
3,24144,True,A,B,4,1,A
3,24145,True,A,B,0,1,A
3,24146,True,A,B,4,1,A
3,24147,True,A,B,1,1,A
3,24148,True,B,A,1,2,B
3,24149,True,B,A,6,1,B
3,24150,True,B,A,6,1,B
3,24151,True,A,B,3,1,A
3,24152,True,A,B,1,1,A
3,24153,True,A,B,1,1,A
3,24154,True,A,B,4,1,A
3,24155,True,A,B,1,1,A
3,24156,True,A,B,2,0,A
3,24157,True,A,B,1,1,A
3,24158,True,A,B,3,1,A
3,24159,True,A,B,6,1,A
3,24160,True,B,A,3,1,B
3,24161,True,A,B,4,1,A
3,24162,True,B,A,4,1,B
3,24163,True,A,B,0,1,A
3,24164,True,B,A,6,1,B
3,24165,True,B,A,1,1,B
3,24166,True,B,A,10,1,B
3,24167,True,A,B,4,1,A
3,24168,True,B,A,1,1,B
3,24169,True,A,B,2,0,A
3,24170,True,A,B,2,0,A
3,24171,True,B,A,6,1,B
3,24172,True,B,A,1,1,B
3,24173,True,B,A,3,1,B
3,24174,True,A,B,2,0,A
3,24175,True,B,A,10,1,B
3,24176,True,A,B,1,1,A
3,24177,True,A,B,6,1,A
3,24178,True,A,B,3,1,A
3,24179,True,B,A,4,1,B
3,24180,True,A,B,3,1,A
3,24181,True,A,B,0,1,A
3,24182,True,B,A,2,1,B
3,24183,True,A,B,2,1,A
3,24184,True,B,A,1,2,B
3,24185,True,B,A,10,1,B
3,24186,True,A,B,2,0,A
3,24187,True,B,A,2,1,B
3,24188,True,B,A,1,2,B
3,24189,True,A,B,3,1,A
3,24190,True,B,A,1,2,B
3,24191,True,A,B,10,1,A
3,24192,True,B,A,4,1,B
3,24193,True,B,A,1,1,B
3,24194,True,B,A,2,1,B
3,24195,True,B,A,4,1,B
3,24196,True,B,A,2,1,B
3,24197,True,B,A,1,1,B
3,24198,True,B,A,2,0,B
3,24199,True,B,A,3,1,B
3,24200,True,A,B,2,1,A
3,24201,True,A,B,10,1,A
3,24202,True,B,A,2,1,B
3,24203,True,B,A,1,1,B
3,24204,True,A,B,2,1,A
3,24205,True,A,B,2,0,A
3,24206,True,A,B,0,1,A
3,24207,True,B,A,1,2,B
3,24208,True,A,B,1,1,A
3,24209,True,B,A,2,0,B
3,24210,True,A,B,3,1,A
3,24211,True,B,A,1,1,B
3,24212,True,B,A,6,1,B
3,24213,True,A,B,0,1,A
3,24214,True,B,A,2,1,B
3,24215,True,A,B,3,1,A
3,24216,True,A,B,2,0,A
3,24217,True,B,A,4,1,B
3,24218,True,A,B,6,1,A
3,24219,True,B,A,2,0,B
3,24220,True,B,A,0,1,B
3,24221,True,A,B,1,2,A
3,24222,True,B,A,1,2,B
3,24223,True,A,B,6,1,A
3,24224,True,B,A,1,1,B
3,24225,True,A,B,3,1,A
3,24226,True,B,A,2,1,B
3,24227,True,A,B,2,1,A
3,24228,True,B,A,4,1,B
3,24229,True,B,A,10,1,B
3,24230,True,B,A,10,1,B
3,24231,True,A,B,6,1,A
3,24232,True,A,B,10,1,A
3,24233,True,B,A,1,2,B
3,24234,True,B,A,0,1,B
3,24235,True,A,B,6,1,A
3,24236,True,A,B,1,2,A
3,24237,True,A,B,3,1,A
3,24238,True,A,B,2,1,A
3,24239,True,B,A,1,1,B
3,24240,True,A,B,0,1,A
3,24241,True,B,A,2,1,B
3,24242,True,B,A,1,1,B
3,24243,True,A,B,0,1,A
3,24244,True,A,B,6,1,A
3,24245,True,A,B,0,1,A
3,24246,True,A,B,10,1,A
3,24247,True,B,A,4,1,B
3,24248,True,B,A,3,1,B
3,24249,True,B,A,2,1,B
3,24250,True,A,B,0,1,A
3,24251,True,A,B,2,0,A
3,24252,True,A,B,6,1,A
3,24253,True,A,B,1,1,A
3,24254,True,A,B,1,2,A
3,24255,True,B,A,4,1,B
3,24256,True,B,A,1,2,B
3,24257,True,A,B,0,1,A
3,24258,True,B,A,0,1,B
3,24259,True,A,B,0,1,A
3,24260,False,,,,,
3,24261,True,B,A,1,1,B
3,24262,True,B,A,4,1,B
3,24263,True,A,B,6,1,A
3,24264,False,,,,,
3,24265,True,B,A,2,0,B
3,24266,True,A,B,1,2,A
3,24267,True,B,A,0,1,B
3,24268,True,A,B,1,1,A
3,24269,True,A,B,10,1,A
3,24270,True,A,B,1,2,A
3,24271,True,B,A,2,0,B
3,24272,True,A,B,6,1,A
3,24273,True,B,A,1,2,B
3,24274,True,A,B,4,1,A
3,24275,True,B,A,1,2,B
3,24276,True,B,A,6,1,B
3,24277,True,B,A,4,1,B
3,24278,False,,,,,
3,24279,True,A,B,1,2,A
3,24280,True,B,A,2,0,B
3,24281,True,A,B,4,1,A
3,24282,True,B,A,1,1,B
3,24283,True,B,A,1,2,B
3,24284,True,A,B,4,1,A
3,24285,True,A,B,2,1,A
3,24286,True,B,A,2,0,B
3,24287,True,A,B,0,1,A
3,24288,True,B,A,0,1,B
3,24289,True,A,B,1,1,A
3,24290,True,B,A,10,1,B
3,24291,True,A,B,0,1,A
3,24292,True,A,B,1,1,A
3,24293,True,A,B,3,1,A
3,24294,True,B,A,3,1,B
3,24295,True,B,A,10,1,B
3,24296,True,A,B,3,1,A
3,24297,True,A,B,0,1,A
3,24298,True,A,B,10,1,A
3,24299,True,B,A,2,0,B
3,24300,True,A,B,1,1,A
3,24301,False,,,,,
3,24302,True,A,B,2,1,A
3,24303,True,A,B,10,1,A
3,24304,True,A,B,2,1,A
3,24305,True,A,B,1,2,A
3,24306,True,B,A,1,1,B
3,24307,True,A,B,0,1,A
3,24308,True,A,B,10,1,A
3,24309,True,A,B,2,0,A
3,24310,True,A,B,10,1,A
3,24311,True,B,A,0,1,B
3,24312,True,A,B,3,1,A
3,24313,True,B,A,2,1,B
3,24314,True,A,B,0,1,A
3,24315,True,B,A,6,1,B
3,24316,True,B,A,1,1,B
3,24317,True,B,A,1,1,B
3,24318,True,B,A,3,1,B
3,24319,True,A,B,2,1,A
3,24320,True,A,B,1,1,A
3,24321,True,A,B,10,1,A
3,24322,True,B,A,2,1,B
3,24323,True,B,A,3,1,B
3,24324,True,A,B,1,1,A
3,24325,True,A,B,10,1,A
3,24326,True,A,B,2,1,A
3,24327,True,A,B,2,1,A
3,24328,True,A,B,1,1,A
3,24329,True,A,B,0,1,A
3,24330,True,A,B,1,1,A
3,24331,True,B,A,2,0,B
3,24332,True,A,B,2,1,A
3,24333,True,B,A,3,1,B
3,24334,True,A,B,6,1,A
3,24335,True,A,B,1,1,A
3,24336,True,A,B,1,2,A
3,24337,True,B,A,0,1,B
3,24338,True,B,A,0,1,B
3,24339,True,A,B,10,1,A
3,24340,True,B,A,10,1,B
3,24341,True,B,A,3,1,B
3,24342,True,A,B,6,1,A
3,24343,True,A,B,4,1,A
3,24344,True,A,B,2,0,A
3,24345,True,A,B,6,1,A
3,24346,True,B,A,2,1,B
3,24347,True,B,A,2,1,B
3,24348,True,B,A,2,0,B
3,24349,True,A,B,4,1,A
3,24350,True,B,A,2,0,B
3,24351,True,B,A,0,1,B
3,24352,True,A,B,6,1,A
3,24353,False,,,,,
3,24354,True,B,A,0,1,B
3,24355,False,,,,,
3,24356,True,B,A,2,0,B
3,24357,True,A,B,10,1,A
3,24358,True,A,B,1,2,A
3,24359,True,A,B,4,1,A
3,24360,True,B,A,2,1,B
3,24361,True,B,A,2,1,B
3,24362,True,A,B,2,1,A
3,24363,True,B,A,6,1,B
3,24364,True,A,B,10,1,A
3,24365,True,A,B,6,1,A
3,24366,True,B,A,10,1,B
3,24367,True,A,B,1,2,A
3,24368,True,B,A,3,1,B
3,24369,True,A,B,0,1,A
3,24370,True,A,B,3,1,A
3,24371,True,A,B,1,2,A
3,24372,True,B,A,1,2,B
3,24373,True,B,A,10,1,B
3,24374,True,A,B,0,1,A
3,24375,False,,,,,
3,24376,True,B,A,10,1,B
3,24377,True,B,A,3,1,B
3,24378,True,B,A,2,0,B
3,24379,True,A,B,0,1,A
3,24380,True,A,B,0,1,A
3,24381,True,B,A,1,2,B
3,24382,True,A,B,0,1,A
3,24383,True,A,B,4,1,A
3,24384,True,B,A,10,1,B
3,24385,True,B,A,0,1,B
3,24386,True,A,B,2,1,A
3,24387,True,A,B,6,1,A
3,24388,True,B,A,1,2,B
3,24389,True,A,B,2,1,A
3,24390,True,B,A,2,0,B
3,24391,True,A,B,1,1,A
3,24392,False,,,,,
3,24393,True,B,A,1,1,B
3,24394,True,A,B,6,1,A
3,24395,False,,,,,
3,24396,True,A,B,10,1,A
3,24397,True,A,B,1,2,A
3,24398,True,A,B,0,1,A
3,24399,True,B,A,1,2,B
3,24400,True,A,B,10,1,A
3,24401,True,A,B,6,1,A
3,24402,True,B,A,4,1,B
3,24403,True,B,A,1,2,B
3,24404,True,A,B,2,1,A
3,24405,True,B,A,3,1,B
3,24406,True,A,B,0,1,A
3,24407,True,B,A,4,1,B
3,24408,True,A,B,0,1,A
3,24409,True,B,A,10,1,B
3,24410,False,,,,,
3,24411,True,A,B,10,1,A
3,24412,True,B,A,0,1,B
3,24413,True,A,B,4,1,A
3,24414,False,,,,,
3,24415,True,A,B,3,1,A
3,24416,True,A,B,1,2,A
3,24417,True,A,B,0,1,A
3,24418,True,B,A,10,1,B
3,24419,True,B,A,0,1,B
3,24420,True,B,A,10,1,B
3,24421,True,A,B,0,1,A
3,24422,False,,,,,
3,24423,True,B,A,3,1,B
3,24424,True,B,A,2,1,B
3,24425,False,,,,,
3,24426,True,B,A,6,1,B
3,24427,True,B,A,1,2,B
3,24428,True,A,B,2,0,A
3,24429,True,A,B,4,1,A
3,24430,True,A,B,0,1,A
3,24431,True,B,A,4,1,B
3,24432,True,A,B,10,1,A
3,24433,True,B,A,4,1,B
3,24434,True,B,A,1,1,B
3,24435,True,A,B,3,1,A
3,24436,True,B,A,1,2,B
3,24437,True,B,A,1,2,B
3,24438,True,B,A,1,1,B
3,24439,True,A,B,6,1,A
3,24440,True,A,B,2,1,A
3,24441,False,,,,,
3,24442,True,A,B,4,1,A
3,24443,True,A,B,1,1,A
3,24444,True,B,A,4,1,B
3,24445,True,B,A,4,1,B
3,24446,True,A,B,1,1,A
3,24447,True,B,A,3,1,B
3,24448,True,B,A,1,1,B
3,24449,True,B,A,2,0,B
3,24450,True,B,A,3,1,B
3,24451,True,A,B,3,1,A
3,24452,True,A,B,0,1,A
3,24453,True,B,A,2,0,B
3,24454,True,A,B,2,1,A
3,24455,True,A,B,3,1,A
3,24456,True,A,B,1,2,A
3,24457,True,B,A,10,1,B
3,24458,True,A,B,6,1,A
3,24459,True,A,B,3,1,A
3,24460,True,B,A,1,2,B
3,24461,True,A,B,1,1,A
3,24462,True,B,A,2,0,B
3,24463,True,B,A,6,1,B
3,24464,True,B,A,1,1,B
3,24465,False,,,,,
3,24466,True,A,B,2,0,A
3,24467,True,B,A,4,1,B
3,24468,True,B,A,10,1,B
3,24469,True,A,B,3,1,A
3,24470,True,A,B,1,2,A
3,24471,True,A,B,3,1,A
3,24472,True,A,B,0,1,A
3,24473,True,A,B,3,1,A
3,24474,True,B,A,10,1,B
3,24475,True,A,B,2,0,A
3,24476,True,B,A,2,1,B
3,24477,True,B,A,4,1,B
3,24478,True,A,B,4,1,A
3,24479,True,A,B,1,1,A
3,24480,True,A,B,6,1,A
3,24481,True,A,B,1,2,A
3,24482,True,A,B,10,1,A
3,24483,True,A,B,2,0,A
3,24484,True,B,A,3,1,B
3,24485,True,A,B,2,1,A
3,24486,True,A,B,3,1,A
3,24487,True,B,A,4,1,B
3,24488,True,A,B,10,1,A
3,24489,True,B,A,1,1,B
3,24490,True,A,B,4,1,A
3,24491,True,B,A,1,1,B
3,24492,True,A,B,1,1,A
3,24493,True,B,A,1,2,B
3,24494,True,B,A,3,1,B
3,24495,True,B,A,3,1,B
3,24496,True,B,A,4,1,B
3,24497,True,A,B,4,1,A
3,24498,True,B,A,3,1,B
3,24499,True,B,A,10,1,B
3,24500,True,B,A,2,0,B
3,24501,True,B,A,3,1,B
3,24502,True,A,B,3,1,A
3,24503,True,A,B,2,1,A
3,24504,True,B,A,1,1,B
3,24505,True,B,A,4,1,B
3,24506,True,A,B,4,1,A
3,24507,True,B,A,1,1,B
3,24508,True,B,A,2,0,B
3,24509,True,B,A,1,2,B
3,24510,False,,,,,
3,24511,True,B,A,1,2,B
3,24512,True,B,A,4,1,B
3,24513,False,,,,,
3,24514,True,A,B,0,1,A
3,24515,True,B,A,3,1,B
3,24516,True,B,A,6,1,B
3,24517,True,B,A,4,1,B
3,24518,True,B,A,4,1,B
3,24519,True,B,A,10,1,B
3,24520,True,A,B,3,1,A
3,24521,True,B,A,1,1,B
3,24522,True,B,A,3,1,B
3,24523,True,B,A,2,0,B
3,24524,True,B,A,6,1,B
3,24525,False,,,,,
3,24526,True,A,B,6,1,A
3,24527,False,,,,,
3,24528,False,,,,,
3,24529,True,B,A,3,1,B
3,24530,True,B,A,1,1,B
3,24531,True,A,B,2,1,A
3,24532,True,B,A,2,0,B
3,24533,True,B,A,3,1,B
3,24534,False,,,,,
3,24535,True,B,A,1,1,B
3,24536,True,A,B,0,1,A
3,24537,True,B,A,3,1,B
3,24538,True,B,A,6,1,B
3,24539,True,A,B,3,1,A
3,24540,True,A,B,4,1,A
3,24541,True,B,A,2,1,B
3,24542,True,A,B,6,1,A
3,24543,True,A,B,4,1,A
3,24544,True,B,A,2,1,B
3,24545,True,A,B,0,1,A
3,24546,True,A,B,2,0,A
3,24547,True,A,B,2,1,A
3,24548,True,A,B,2,0,A
3,24549,True,A,B,3,1,A
3,24550,True,A,B,2,1,A
3,24551,True,A,B,1,1,A
3,24552,True,B,A,2,1,B
3,24553,False,,,,,
3,24554,True,B,A,2,0,B
3,24555,True,B,A,1,2,B
3,24556,True,A,B,2,1,A
3,24557,False,,,,,
3,24558,True,A,B,4,1,A
3,24559,True,B,A,2,0,B
3,24560,True,B,A,6,1,B
3,24561,True,B,A,1,2,B
3,24562,True,A,B,6,1,A
3,24563,True,B,A,2,1,B
3,24564,True,A,B,3,1,A
3,24565,True,B,A,10,1,B
3,24566,True,A,B,10,1,A
3,24567,True,B,A,6,1,B
3,24568,True,A,B,4,1,A
3,24569,True,A,B,3,1,A
3,24570,True,A,B,1,1,A
3,24571,True,B,A,2,0,B
3,24572,True,B,A,6,1,B
3,24573,True,A,B,6,1,A
3,24574,True,A,B,0,1,A
3,24575,True,A,B,1,1,A
3,24576,True,B,A,4,1,B
3,24577,True,B,A,2,0,B
3,24578,True,B,A,1,1,B
3,24579,True,A,B,2,0,A
3,24580,True,B,A,2,1,B
3,24581,True,B,A,6,1,B
3,24582,True,A,B,10,1,A
3,24583,True,A,B,1,2,A
3,24584,True,A,B,2,0,A
3,24585,True,B,A,0,1,B
3,24586,True,B,A,1,2,B
3,24587,True,A,B,4,1,A
3,24588,True,A,B,10,1,A
3,24589,True,B,A,2,0,B
3,24590,True,A,B,3,1,A
3,24591,True,B,A,3,1,B
3,24592,True,A,B,4,1,A
3,24593,True,B,A,2,0,B
3,24594,True,B,A,4,1,B
3,24595,True,A,B,3,1,A
3,24596,True,A,B,1,1,A
3,24597,True,A,B,2,0,A
3,24598,True,B,A,0,1,B
3,24599,True,A,B,0,1,A
3,24600,True,A,B,2,0,A
3,24601,True,A,B,1,1,A
3,24602,True,A,B,0,1,A
3,24603,True,B,A,1,1,B
3,24604,True,B,A,4,1,B
3,24605,True,B,A,10,1,B
3,24606,True,B,A,1,1,B
3,24607,True,B,A,10,1,B
3,24608,True,B,A,4,1,B
3,24609,True,A,B,0,1,A
3,24610,True,A,B,4,1,A
3,24611,True,A,B,2,1,A
3,24612,True,A,B,2,0,A
3,24613,True,A,B,1,2,A
3,24614,True,B,A,10,1,B
3,24615,True,B,A,4,1,B
3,24616,False,,,,,
3,24617,True,A,B,1,2,A
3,24618,True,B,A,3,1,B
3,24619,True,A,B,0,1,A
3,24620,True,A,B,2,0,A
3,24621,True,B,A,2,0,B
3,24622,True,B,A,2,0,B
3,24623,True,A,B,3,1,A
3,24624,True,A,B,0,1,A
3,24625,True,A,B,1,2,A
3,24626,True,B,A,10,1,B
3,24627,True,A,B,0,1,A
3,24628,True,B,A,1,2,B
3,24629,True,A,B,2,0,A
3,24630,True,A,B,2,0,A
3,24631,True,A,B,0,1,A
3,24632,True,A,B,10,1,A
3,24633,True,A,B,10,1,A
3,24634,True,B,A,4,1,B
3,24635,True,A,B,3,1,A
3,24636,True,A,B,4,1,A
3,24637,True,B,A,1,1,B
3,24638,True,A,B,6,1,A
3,24639,True,A,B,2,0,A
3,24640,True,B,A,4,1,B
3,24641,True,B,A,1,2,B
3,24642,True,A,B,4,1,A
3,24643,True,B,A,1,1,B
3,24644,True,A,B,2,0,A
3,24645,True,B,A,2,0,B
3,24646,True,A,B,1,2,A
3,24647,True,A,B,0,1,A
3,24648,True,B,A,10,1,B
3,24649,True,A,B,6,1,A
3,24650,True,A,B,1,2,A
3,24651,True,B,A,6,1,B
3,24652,True,B,A,10,1,B
3,24653,True,B,A,0,1,B
3,24654,True,B,A,4,1,B
3,24655,True,B,A,4,1,B
3,24656,False,,,,,
3,24657,True,B,A,4,1,B
3,24658,True,B,A,4,1,B
3,24659,True,A,B,3,1,A
3,24660,True,A,B,10,1,A
3,24661,True,B,A,10,1,B
3,24662,True,A,B,2,1,A
3,24663,True,A,B,6,1,A
3,24664,True,A,B,10,1,A
3,24665,True,A,B,0,1,A
3,24666,True,B,A,2,1,B
3,24667,True,A,B,10,1,A
3,24668,True,A,B,2,1,A
3,24669,True,B,A,1,1,B
3,24670,True,A,B,1,2,A
3,24671,True,B,A,3,1,B
3,24672,True,B,A,2,1,B
3,24673,True,A,B,2,1,A
3,24674,True,A,B,2,0,A
3,24675,True,A,B,3,1,A
3,24676,True,B,A,3,1,B
3,24677,True,B,A,6,1,B
3,24678,True,B,A,10,1,B
3,24679,True,B,A,1,1,B
3,24680,True,B,A,10,1,B
3,24681,True,B,A,2,1,B
3,24682,True,B,A,2,0,B
3,24683,True,A,B,10,1,A
3,24684,True,A,B,1,2,A
3,24685,True,A,B,2,0,A
3,24686,True,B,A,0,1,B
3,24687,True,B,A,3,1,B
3,24688,True,B,A,2,1,B
3,24689,True,A,B,2,0,A
3,24690,True,B,A,10,1,B
3,24691,True,A,B,4,1,A
3,24692,True,A,B,6,1,A
3,24693,True,A,B,4,1,A
3,24694,True,B,A,2,1,B
3,24695,True,A,B,3,1,A
3,24696,True,A,B,0,1,A
3,24697,True,A,B,4,1,A
3,24698,True,A,B,1,1,A
3,24699,True,A,B,0,1,A
3,24700,True,B,A,2,0,B
3,24701,True,A,B,0,1,A
3,24702,True,B,A,4,1,B
3,24703,True,A,B,2,1,A
3,24704,True,B,A,4,1,B
3,24705,True,A,B,2,1,A
3,24706,True,A,B,2,1,A
3,24707,True,B,A,1,2,B
3,24708,True,B,A,2,0,B
3,24709,True,A,B,10,1,A
3,24710,True,A,B,2,1,A
3,24711,True,A,B,4,1,A
3,24712,True,B,A,2,1,B
3,24713,True,A,B,0,1,A
3,24714,True,A,B,3,1,A
3,24715,True,B,A,1,2,B
3,24716,True,B,A,4,1,B
3,24717,False,,,,,
3,24718,True,A,B,10,1,A
3,24719,True,A,B,4,1,A
3,24720,True,B,A,4,1,B
3,24721,False,,,,,
3,24722,True,A,B,2,1,A
3,24723,True,B,A,3,1,B
3,24724,True,B,A,6,1,B
3,24725,True,B,A,1,1,B
3,24726,True,B,A,6,1,B
3,24727,True,B,A,6,1,B
3,24728,True,B,A,10,1,B
3,24729,True,B,A,2,0,B
3,24730,True,B,A,4,1,B
3,24731,True,B,A,2,0,B
3,24732,True,A,B,0,1,A
3,24733,True,A,B,3,1,A
3,24734,True,B,A,10,1,B
3,24735,True,B,A,1,1,B
3,24736,False,,,,,
3,24737,True,A,B,2,1,A
3,24738,True,A,B,4,1,A
3,24739,True,A,B,4,1,A
3,24740,True,B,A,2,0,B
3,24741,True,A,B,4,1,A
3,24742,False,,,,,
3,24743,True,A,B,6,1,A
3,24744,True,A,B,2,1,A
3,24745,True,A,B,0,1,A
3,24746,True,A,B,10,1,A
3,24747,True,B,A,3,1,B
3,24748,True,B,A,2,1,B
3,24749,True,B,A,0,1,B
3,24750,True,B,A,1,1,B
3,24751,True,B,A,10,1,B
3,24752,False,,,,,
3,24753,False,,,,,
3,24754,True,A,B,1,1,A
3,24755,False,,,,,
3,24756,True,A,B,4,1,A
3,24757,True,B,A,1,1,B
3,24758,True,A,B,2,1,A
3,24759,True,A,B,0,1,A
3,24760,True,B,A,6,1,B
3,24761,True,A,B,6,1,A
3,24762,True,B,A,2,0,B
3,24763,True,A,B,3,1,A
3,24764,True,A,B,4,1,A
3,24765,True,A,B,10,1,A
3,24766,True,A,B,3,1,A
3,24767,True,A,B,4,1,A
3,24768,True,A,B,0,1,A
3,24769,True,B,A,1,1,B
3,24770,True,A,B,10,1,A
3,24771,True,A,B,10,1,A
3,24772,True,B,A,1,2,B
3,24773,True,A,B,2,1,A
3,24774,True,A,B,10,1,A
3,24775,True,A,B,0,1,A
3,24776,True,B,A,6,1,B
3,24777,True,B,A,1,2,B
3,24778,True,B,A,10,1,B
3,24779,True,A,B,0,1,A
3,24780,True,B,A,6,1,B
3,24781,True,B,A,10,1,B
3,24782,True,B,A,2,0,B
3,24783,True,B,A,1,2,B
3,24784,True,B,A,1,2,B
3,24785,True,B,A,6,1,B
3,24786,True,A,B,2,0,A
3,24787,True,A,B,6,1,A
3,24788,True,A,B,1,2,A
3,24789,True,B,A,0,1,B
3,24790,True,A,B,0,1,A
3,24791,True,A,B,3,1,A
3,24792,True,A,B,3,1,A
3,24793,True,B,A,3,1,B
3,24794,True,A,B,6,1,A
3,24795,True,A,B,2,0,A
3,24796,True,B,A,6,1,B
3,24797,True,A,B,10,1,A
3,24798,True,A,B,4,1,A
3,24799,True,A,B,2,0,A
3,24800,True,B,A,6,1,B
3,24801,True,A,B,2,1,A
3,24802,True,A,B,4,1,A
3,24803,True,B,A,6,1,B
3,24804,True,B,A,2,1,B
3,24805,True,B,A,4,1,B
3,24806,True,A,B,10,1,A
3,24807,True,A,B,2,0,A
3,24808,True,B,A,6,1,B
3,24809,True,A,B,0,1,A
3,24810,True,B,A,0,1,B
3,24811,True,B,A,6,1,B
3,24812,True,A,B,1,2,A
3,24813,True,B,A,1,1,B
3,24814,True,A,B,10,1,A
3,24815,True,B,A,2,0,B
3,24816,True,A,B,3,1,A
3,24817,True,A,B,0,1,A
3,24818,True,B,A,2,1,B
3,24819,True,A,B,10,1,A
3,24820,True,B,A,10,1,B
3,24821,True,A,B,3,1,A
3,24822,True,B,A,0,1,B
3,24823,True,B,A,1,1,B
3,24824,False,,,,,
3,24825,True,A,B,3,1,A
3,24826,True,B,A,3,1,B
3,24827,True,B,A,2,0,B
3,24828,True,B,A,2,1,B
3,24829,True,A,B,2,1,A
3,24830,True,B,A,2,0,B
3,24831,True,B,A,1,2,B
3,24832,True,B,A,3,1,B
3,24833,True,A,B,4,1,A
3,24834,True,A,B,1,1,A
3,24835,True,B,A,2,1,B
3,24836,True,A,B,1,1,A
3,24837,True,A,B,1,2,A
3,24838,True,B,A,2,1,B
3,24839,True,A,B,10,1,A
3,24840,True,B,A,10,1,B
3,24841,False,,,,,
3,24842,True,B,A,1,2,B
3,24843,False,,,,,
3,24844,True,A,B,6,1,A
3,24845,True,A,B,0,1,A
3,24846,True,B,A,6,1,B
3,24847,True,A,B,10,1,A
3,24848,True,A,B,2,0,A
3,24849,False,,,,,
3,24850,True,B,A,6,1,B
3,24851,True,A,B,1,1,A
3,24852,True,A,B,10,1,A
3,24853,True,A,B,1,2,A
3,24854,True,B,A,2,1,B
3,24855,True,B,A,1,2,B
3,24856,True,B,A,6,1,B
3,24857,True,B,A,10,1,B
3,24858,True,B,A,2,0,B
3,24859,True,B,A,10,1,B
3,24860,True,A,B,3,1,A
3,24861,True,A,B,3,1,A
3,24862,False,,,,,
3,24863,True,A,B,1,2,A
3,24864,True,A,B,1,1,A
3,24865,True,B,A,3,1,B
3,24866,True,B,A,10,1,B
3,24867,True,B,A,2,0,B
3,24868,True,B,A,2,1,B
3,24869,False,,,,,
3,24870,True,A,B,3,1,A
3,24871,True,B,A,1,1,B
3,24872,True,A,B,4,1,A
3,24873,True,A,B,2,1,A
3,24874,True,A,B,1,2,A
3,24875,True,B,A,1,2,B
3,24876,True,A,B,1,1,A
3,24877,True,A,B,2,0,A
3,24878,True,A,B,2,1,A
3,24879,True,A,B,10,1,A
3,24880,True,A,B,1,2,A
3,24881,False,,,,,
3,24882,True,A,B,0,1,A
3,24883,True,B,A,10,1,B
3,24884,True,B,A,4,1,B
3,24885,True,A,B,1,2,A
3,24886,False,,,,,
3,24887,True,A,B,1,1,A
3,24888,True,B,A,4,1,B
3,24889,True,B,A,2,0,B
3,24890,True,A,B,10,1,A
3,24891,True,B,A,10,1,B
3,24892,True,A,B,4,1,A
3,24893,True,B,A,0,1,B
3,24894,True,B,A,2,0,B
3,24895,True,A,B,2,1,A
3,24896,True,B,A,1,1,B
3,24897,True,B,A,1,1,B
3,24898,True,A,B,1,1,A
3,24899,True,A,B,2,0,A
3,24900,True,A,B,0,1,A
3,24901,True,B,A,10,1,B
3,24902,True,A,B,6,1,A
3,24903,True,B,A,10,1,B
3,24904,True,B,A,3,1,B
3,24905,True,B,A,2,1,B
3,24906,True,A,B,2,1,A
3,24907,True,A,B,3,1,A
3,24908,True,B,A,1,2,B
3,24909,True,A,B,1,2,A
3,24910,False,,,,,
3,24911,True,B,A,1,1,B
3,24912,True,A,B,2,1,A
3,24913,True,B,A,1,1,B
3,24914,True,B,A,10,1,B
3,24915,True,B,A,6,1,B
3,24916,True,B,A,2,0,B
3,24917,True,A,B,3,1,A
3,24918,True,A,B,3,1,A
3,24919,True,A,B,2,0,A
3,24920,True,B,A,0,1,B
3,24921,True,A,B,3,1,A
3,24922,False,,,,,
3,24923,True,A,B,3,1,A
3,24924,True,A,B,0,1,A
3,24925,True,B,A,6,1,B
3,24926,True,B,A,3,1,B
3,24927,True,A,B,2,0,A
3,24928,True,B,A,4,1,B
3,24929,True,A,B,2,0,A
3,24930,True,A,B,4,1,A
3,24931,True,B,A,4,1,B
3,24932,True,A,B,1,2,A
3,24933,True,A,B,10,1,A
3,24934,True,A,B,1,1,A
3,24935,True,B,A,6,1,B
3,24936,True,A,B,1,1,A
3,24937,True,A,B,2,0,A
3,24938,True,B,A,2,0,B
3,24939,True,A,B,3,1,A
3,24940,True,A,B,0,1,A
3,24941,True,B,A,1,2,B
3,24942,True,A,B,2,0,A
3,24943,True,A,B,6,1,A
3,24944,True,A,B,2,1,A
3,24945,True,B,A,6,1,B
3,24946,True,A,B,6,1,A
3,24947,True,B,A,3,1,B
3,24948,True,A,B,3,1,A
3,24949,True,A,B,2,1,A
3,24950,True,A,B,1,2,A
3,24951,True,A,B,10,1,A
3,24952,True,B,A,4,1,B
3,24953,True,A,B,2,1,A
3,24954,True,B,A,0,1,B
3,24955,True,B,A,2,0,B
3,24956,True,B,A,2,1,B
3,24957,True,A,B,4,1,A
3,24958,True,B,A,4,1,B
3,24959,True,A,B,2,1,A
3,24960,True,A,B,4,1,A
3,24961,True,A,B,6,1,A
3,24962,True,A,B,4,1,A
3,24963,True,B,A,2,0,B
3,24964,True,B,A,2,0,B
3,24965,True,A,B,2,1,A
3,24966,True,B,A,2,0,B
3,24967,True,A,B,2,0,A
3,24968,True,B,A,2,0,B
3,24969,True,A,B,6,1,A
3,24970,True,A,B,3,1,A
3,24971,True,A,B,0,1,A
3,24972,True,B,A,10,1,B
3,24973,True,B,A,6,1,B
3,24974,True,A,B,0,1,A
3,24975,True,B,A,2,1,B
3,24976,True,B,A,0,1,B
3,24977,True,B,A,10,1,B
3,24978,True,A,B,10,1,A
3,24979,True,A,B,0,1,A
3,24980,True,B,A,1,2,B
3,24981,True,A,B,2,1,A
3,24982,True,A,B,10,1,A
3,24983,True,A,B,2,1,A
3,24984,True,A,B,1,1,A
3,24985,True,A,B,0,1,A
3,24986,True,B,A,4,1,B
3,24987,True,B,A,2,0,B
3,24988,True,B,A,10,1,B
3,24989,True,A,B,6,1,A
3,24990,True,A,B,2,1,A
3,24991,True,A,B,1,2,A
3,24992,True,B,A,3,1,B
3,24993,True,B,A,3,1,B
3,24994,True,A,B,6,1,A
3,24995,True,B,A,4,1,B
3,24996,True,A,B,6,1,A
3,24997,True,B,A,1,2,B
3,24998,True,B,A,4,1,B
3,24999,True,B,A,6,1,B
3,25000,True,B,A,2,0,B
3,25001,True,B,A,1,1,B
3,25002,True,A,B,6,1,A
3,25003,True,A,B,3,1,A
3,25004,True,A,B,2,1,A
3,25005,True,A,B,10,1,A
3,25006,True,B,A,6,1,B
3,25007,True,A,B,0,1,A
3,25008,True,B,A,1,1,B
3,25009,True,A,B,0,1,A
3,25010,True,B,A,6,1,B
3,25011,False,,,,,
3,25012,True,A,B,2,0,A
3,25013,True,B,A,10,1,B
3,25014,True,B,A,1,1,B
3,25015,True,B,A,4,1,B
3,25016,True,B,A,3,1,B
3,25017,True,B,A,1,1,B
3,25018,True,A,B,10,1,A
3,25019,True,A,B,2,1,A
3,25020,True,B,A,1,2,B
3,25021,True,A,B,2,0,A
3,25022,True,B,A,2,0,B
3,25023,True,A,B,1,2,A
3,25024,True,A,B,0,1,A
3,25025,True,B,A,1,2,B
3,25026,True,B,A,3,1,B
3,25027,True,B,A,0,1,B
3,25028,True,B,A,4,1,B
3,25029,True,A,B,0,1,A
3,25030,True,B,A,0,1,B
3,25031,True,A,B,3,1,A
3,25032,True,B,A,3,1,B
3,25033,True,A,B,2,0,A
3,25034,True,B,A,0,1,B
3,25035,True,A,B,1,1,A
3,25036,True,A,B,1,1,A
3,25037,True,B,A,1,1,B
3,25038,True,B,A,0,1,B
3,25039,True,A,B,6,1,A
3,25040,True,B,A,3,1,B
3,25041,True,B,A,4,1,B
3,25042,True,A,B,10,1,A
3,25043,True,A,B,0,1,A
3,25044,True,A,B,3,1,A
3,25045,True,A,B,1,2,A
3,25046,True,B,A,1,1,B
3,25047,True,B,A,2,0,B
3,25048,True,B,A,4,1,B
3,25049,True,B,A,6,1,B
3,25050,True,A,B,2,0,A
3,25051,True,A,B,0,1,A
3,25052,True,B,A,0,1,B
3,25053,True,B,A,0,1,B
3,25054,True,B,A,6,1,B
3,25055,True,B,A,2,0,B
3,25056,True,A,B,6,1,A
3,25057,False,,,,,
3,25058,True,A,B,4,1,A
3,25059,True,A,B,2,1,A
3,25060,True,A,B,3,1,A
3,25061,True,A,B,6,1,A
3,25062,True,A,B,10,1,A
3,25063,False,,,,,
3,25064,True,B,A,10,1,B
3,25065,False,,,,,
3,25066,True,A,B,10,1,A
3,25067,True,A,B,2,0,A
3,25068,True,B,A,2,1,B
3,25069,True,B,A,2,1,B
3,25070,True,A,B,6,1,A
3,25071,True,A,B,6,1,A
3,25072,True,B,A,2,0,B
3,25073,True,A,B,2,0,A
3,25074,True,B,A,3,1,B
3,25075,True,B,A,6,1,B
3,25076,True,B,A,6,1,B
3,25077,True,B,A,0,1,B
3,25078,True,A,B,4,1,A
3,25079,True,A,B,1,2,A
3,25080,True,A,B,2,1,A
3,25081,True,B,A,4,1,B
3,25082,True,B,A,1,1,B
3,25083,True,B,A,10,1,B
3,25084,True,A,B,2,1,A
3,25085,True,B,A,3,1,B
3,25086,True,A,B,1,2,A
3,25087,True,A,B,4,1,A
3,25088,True,A,B,2,1,A
3,25089,True,B,A,2,1,B
3,25090,True,B,A,4,1,B
3,25091,True,A,B,4,1,A
3,25092,True,B,A,0,1,B
3,25093,True,A,B,3,1,A
3,25094,True,B,A,6,1,B
3,25095,True,A,B,2,0,A
3,25096,True,B,A,0,1,B
3,25097,True,A,B,1,1,A
3,25098,True,B,A,4,1,B
3,25099,True,A,B,1,1,A
3,25100,True,A,B,6,1,A
3,25101,True,A,B,1,2,A
3,25102,True,A,B,2,0,A
3,25103,True,A,B,1,1,A
3,25104,True,A,B,3,1,A
3,25105,True,B,A,10,1,B
3,25106,True,B,A,2,1,B
3,25107,True,A,B,6,1,A
3,25108,True,B,A,10,1,B
3,25109,True,A,B,3,1,A
3,25110,True,A,B,6,1,A
3,25111,True,A,B,10,1,A
3,25112,True,B,A,4,1,B
3,25113,True,B,A,6,1,B
3,25114,True,B,A,3,1,B
3,25115,True,B,A,2,0,B
3,25116,True,B,A,6,1,B
3,25117,True,B,A,3,1,B
3,25118,True,A,B,6,1,A
3,25119,True,B,A,4,1,B
3,25120,True,A,B,3,1,A
3,25121,True,B,A,0,1,B
3,25122,True,A,B,10,1,A
3,25123,True,A,B,1,2,A
3,25124,True,B,A,1,2,B
3,25125,True,B,A,6,1,B
3,25126,True,A,B,6,1,A
3,25127,True,A,B,10,1,A
3,25128,True,A,B,2,1,A
3,25129,True,B,A,0,1,B
3,25130,True,A,B,1,1,A
3,25131,True,A,B,6,1,A
3,25132,True,A,B,1,2,A
3,25133,True,A,B,4,1,A
3,25134,True,A,B,0,1,A
3,25135,True,A,B,2,0,A
3,25136,True,A,B,2,0,A
3,25137,False,,,,,
3,25138,True,B,A,4,1,B
3,25139,True,A,B,2,0,A
3,25140,True,B,A,1,2,B
3,25141,True,B,A,6,1,B
3,25142,True,A,B,2,0,A
3,25143,True,B,A,4,1,B
3,25144,True,B,A,3,1,B
3,25145,True,B,A,1,2,B
3,25146,True,A,B,1,1,A
3,25147,True,B,A,3,1,B
3,25148,False,,,,,
3,25149,False,,,,,
3,25150,False,,,,,
3,25151,True,A,B,4,1,A
3,25152,False,,,,,
3,25153,True,A,B,6,1,A
3,25154,True,A,B,2,1,A
3,25155,True,A,B,0,1,A
3,25156,True,B,A,2,1,B
3,25157,False,,,,,
3,25158,False,,,,,
3,25159,False,,,,,
3,25160,True,B,A,1,2,B
3,25161,True,A,B,6,1,A
3,25162,True,A,B,2,1,A
3,25163,True,A,B,0,1,A
3,25164,False,,,,,
3,25165,True,B,A,4,1,B
3,25166,True,B,A,2,0,B
3,25167,True,B,A,4,1,B
3,25168,True,A,B,3,1,A
3,25169,True,B,A,10,1,B
3,25170,True,B,A,10,1,B
3,25171,True,A,B,1,1,A
3,25172,True,B,A,3,1,B
3,25173,True,A,B,10,1,A
3,25174,True,A,B,2,1,A
3,25175,True,B,A,10,1,B
3,25176,True,A,B,10,1,A
3,25177,True,B,A,10,1,B
3,25178,False,,,,,
3,25179,True,B,A,1,1,B
3,25180,True,A,B,0,1,A
3,25181,True,A,B,1,2,A
3,25182,True,A,B,2,0,A
3,25183,True,A,B,2,0,A
3,25184,True,B,A,6,1,B
3,25185,True,A,B,1,1,A
3,25186,True,B,A,6,1,B
3,25187,True,A,B,1,1,A
3,25188,True,A,B,2,1,A
3,25189,True,A,B,0,1,A
3,25190,True,A,B,6,1,A
3,25191,False,,,,,
3,25192,True,A,B,10,1,A
3,25193,True,A,B,4,1,A
3,25194,True,A,B,6,1,A
3,25195,True,B,A,4,1,B
3,25196,True,A,B,1,2,A
3,25197,False,,,,,
3,25198,True,A,B,4,1,A
3,25199,True,B,A,2,0,B
3,25200,True,B,A,0,1,B
3,25201,True,A,B,1,2,A
3,25202,True,B,A,2,1,B
3,25203,True,A,B,0,1,A
3,25204,True,B,A,10,1,B
3,25205,True,B,A,4,1,B
3,25206,True,B,A,10,1,B
3,25207,True,A,B,2,0,A
3,25208,True,B,A,10,1,B
3,25209,True,A,B,1,2,A
3,25210,False,,,,,
3,25211,True,B,A,10,1,B
3,25212,True,A,B,0,1,A
3,25213,True,A,B,1,2,A
3,25214,True,B,A,0,1,B
3,25215,True,B,A,6,1,B
3,25216,True,B,A,6,1,B
3,25217,True,A,B,0,1,A
3,25218,False,,,,,
3,25219,True,A,B,10,1,A
3,25220,True,A,B,6,1,A
3,25221,True,B,A,6,1,B
3,25222,True,B,A,3,1,B
3,25223,True,A,B,2,1,A
3,25224,True,A,B,2,0,A
3,25225,True,A,B,2,0,A
3,25226,True,A,B,3,1,A
3,25227,True,B,A,0,1,B
3,25228,True,A,B,6,1,A
3,25229,True,B,A,3,1,B
3,25230,True,A,B,4,1,A
3,25231,True,B,A,6,1,B
3,25232,True,A,B,1,1,A
3,25233,True,B,A,1,1,B
3,25234,True,A,B,2,0,A
3,25235,True,A,B,2,1,A
3,25236,True,B,A,1,2,B
3,25237,True,A,B,0,1,A
3,25238,True,A,B,0,1,A
3,25239,True,B,A,2,1,B
3,25240,True,A,B,6,1,A
3,25241,True,B,A,3,1,B
3,25242,True,B,A,4,1,B
3,25243,True,B,A,2,1,B
3,25244,True,B,A,2,0,B
3,25245,True,B,A,10,1,B
3,25246,False,,,,,
3,25247,True,B,A,1,1,B
3,25248,False,,,,,
3,25249,True,A,B,2,1,A
3,25250,False,,,,,
3,25251,True,A,B,1,2,A
3,25252,True,B,A,3,1,B
3,25253,True,B,A,3,1,B
3,25254,True,A,B,3,1,A
3,25255,True,A,B,2,1,A
3,25256,True,A,B,3,1,A
3,25257,True,A,B,4,1,A
3,25258,True,B,A,0,1,B
3,25259,True,B,A,4,1,B
3,25260,True,A,B,1,1,A
3,25261,True,B,A,10,1,B
3,25262,True,A,B,1,1,A
3,25263,False,,,,,
3,25264,True,A,B,4,1,A
3,25265,True,A,B,1,1,A
3,25266,True,A,B,1,1,A
3,25267,True,B,A,10,1,B
3,25268,True,B,A,2,1,B
3,25269,True,A,B,1,2,A
3,25270,True,A,B,6,1,A
3,25271,True,B,A,10,1,B
3,25272,False,,,,,
3,25273,False,,,,,
3,25274,True,B,A,1,1,B
3,25275,True,B,A,0,1,B
3,25276,True,B,A,10,1,B
3,25277,True,A,B,4,1,A
3,25278,True,A,B,1,2,A
3,25279,False,,,,,
3,25280,True,B,A,1,2,B
3,25281,True,B,A,6,1,B
3,25282,True,B,A,1,1,B
3,25283,True,A,B,4,1,A
3,25284,True,A,B,6,1,A
3,25285,True,A,B,2,1,A
3,25286,True,B,A,1,1,B
3,25287,True,B,A,2,0,B
3,25288,True,B,A,4,1,B
3,25289,True,A,B,2,0,A
3,25290,True,B,A,4,1,B
3,25291,True,B,A,1,2,B
3,25292,True,B,A,6,1,B
3,25293,True,A,B,4,1,A
3,25294,True,A,B,2,0,A
3,25295,True,A,B,1,2,A
3,25296,True,A,B,1,1,A
3,25297,True,A,B,4,1,A
3,25298,False,,,,,
3,25299,True,A,B,3,1,A
3,25300,True,A,B,4,1,A
3,25301,True,B,A,0,1,B
3,25302,True,B,A,3,1,B
3,25303,True,A,B,3,1,A
3,25304,True,A,B,0,1,A
3,25305,True,A,B,3,1,A
3,25306,True,B,A,2,1,B
3,25307,True,B,A,1,1,B
3,25308,True,B,A,2,0,B
3,25309,True,A,B,3,1,A
3,25310,True,A,B,3,1,A
3,25311,True,B,A,1,1,B
3,25312,True,A,B,3,1,A
3,25313,True,B,A,2,1,B
3,25314,True,A,B,0,1,A
3,25315,True,B,A,2,0,B
3,25316,True,B,A,0,1,B
3,25317,True,A,B,1,1,A
3,25318,True,B,A,6,1,B
3,25319,False,,,,,
3,25320,True,B,A,4,1,B
3,25321,True,A,B,2,1,A
3,25322,True,A,B,1,1,A
3,25323,True,B,A,6,1,B
3,25324,True,B,A,6,1,B
3,25325,True,B,A,4,1,B
3,25326,True,A,B,0,1,A
3,25327,True,A,B,0,1,A
3,25328,True,A,B,2,1,A
3,25329,True,B,A,6,1,B
3,25330,True,A,B,4,1,A
3,25331,True,A,B,10,1,A
3,25332,True,A,B,1,2,A
3,25333,True,B,A,3,1,B
3,25334,True,B,A,1,1,B
3,25335,True,A,B,1,2,A
3,25336,True,A,B,0,1,A
3,25337,True,A,B,10,1,A
3,25338,True,A,B,1,1,A
3,25339,True,A,B,1,1,A
3,25340,True,A,B,6,1,A
3,25341,True,B,A,1,2,B
3,25342,True,A,B,4,1,A
3,25343,True,B,A,3,1,B
3,25344,True,B,A,2,1,B
3,25345,True,B,A,6,1,B
3,25346,True,B,A,3,1,B
3,25347,True,A,B,4,1,A
3,25348,True,A,B,2,1,A
3,25349,True,A,B,0,1,A
3,25350,True,A,B,2,0,A
3,25351,True,A,B,1,2,A
3,25352,True,A,B,1,1,A
3,25353,True,B,A,1,1,B
3,25354,True,A,B,2,1,A
3,25355,True,A,B,0,1,A
3,25356,True,B,A,3,1,B
3,25357,True,A,B,10,1,A
3,25358,True,A,B,0,1,A
3,25359,True,B,A,10,1,B
3,25360,True,B,A,2,0,B
3,25361,True,A,B,3,1,A
3,25362,True,B,A,1,2,B
3,25363,True,B,A,1,2,B
3,25364,True,A,B,0,1,A
3,25365,True,B,A,4,1,B
3,25366,True,A,B,1,2,A
3,25367,False,,,,,
3,25368,True,A,B,0,1,A
3,25369,True,A,B,10,1,A
3,25370,True,B,A,10,1,B
3,25371,True,B,A,4,1,B
3,25372,True,B,A,10,1,B
3,25373,True,A,B,1,2,A
3,25374,True,A,B,1,1,A
3,25375,True,A,B,1,1,A
3,25376,True,A,B,1,1,A
3,25377,True,A,B,10,1,A
3,25378,True,B,A,10,1,B
3,25379,True,B,A,4,1,B
3,25380,True,A,B,10,1,A
3,25381,True,A,B,2,0,A
3,25382,True,B,A,2,1,B
3,25383,False,,,,,
3,25384,False,,,,,
3,25385,True,B,A,4,1,B
3,25386,True,A,B,0,1,A
3,25387,True,B,A,2,1,B
3,25388,True,A,B,2,0,A
3,25389,True,A,B,0,1,A
3,25390,True,A,B,0,1,A
3,25391,True,B,A,4,1,B
3,25392,True,B,A,1,1,B
3,25393,True,A,B,6,1,A
3,25394,True,A,B,4,1,A
3,25395,True,B,A,2,1,B
3,25396,True,B,A,6,1,B
3,25397,True,A,B,1,2,A
3,25398,True,B,A,1,1,B
3,25399,True,A,B,1,2,A
3,25400,True,B,A,2,1,B
3,25401,True,B,A,6,1,B
3,25402,True,A,B,10,1,A
3,25403,True,B,A,2,0,B
3,25404,True,B,A,0,1,B
3,25405,True,A,B,3,1,A
3,25406,False,,,,,
3,25407,True,A,B,2,0,A
3,25408,True,A,B,3,1,A
3,25409,True,A,B,1,1,A
3,25410,True,A,B,10,1,A
3,25411,True,A,B,1,2,A
3,25412,True,A,B,6,1,A
3,25413,True,A,B,4,1,A
3,25414,True,A,B,1,2,A
3,25415,True,B,A,4,1,B
3,25416,True,A,B,10,1,A
3,25417,True,A,B,3,1,A
3,25418,True,B,A,10,1,B
3,25419,True,B,A,2,1,B
3,25420,True,A,B,10,1,A
3,25421,True,B,A,1,1,B
3,25422,False,,,,,
3,25423,True,A,B,6,1,A
3,25424,True,B,A,1,1,B
3,25425,True,B,A,10,1,B
3,25426,True,A,B,10,1,A
3,25427,True,B,A,4,1,B
3,25428,True,A,B,1,2,A
3,25429,True,A,B,0,1,A
3,25430,True,A,B,2,0,A
3,25431,True,A,B,6,1,A
3,25432,True,B,A,4,1,B
3,25433,True,A,B,2,1,A
3,25434,True,A,B,2,0,A
3,25435,True,B,A,10,1,B
3,25436,True,B,A,10,1,B
3,25437,True,A,B,2,0,A
3,25438,True,A,B,1,1,A
3,25439,True,B,A,3,1,B
3,25440,True,A,B,6,1,A
3,25441,True,A,B,4,1,A
3,25442,True,A,B,4,1,A
3,25443,True,B,A,2,1,B
3,25444,True,B,A,1,2,B
3,25445,True,B,A,3,1,B
3,25446,True,A,B,6,1,A
3,25447,True,B,A,1,1,B
3,25448,True,B,A,1,1,B
3,25449,True,A,B,6,1,A
3,25450,True,A,B,0,1,A
3,25451,True,B,A,10,1,B
3,25452,False,,,,,
3,25453,True,B,A,3,1,B
3,25454,True,A,B,4,1,A
3,25455,True,A,B,0,1,A
3,25456,True,B,A,1,2,B
3,25457,False,,,,,
3,25458,True,B,A,10,1,B
3,25459,True,A,B,2,1,A
3,25460,True,B,A,4,1,B
3,25461,True,B,A,1,2,B
3,25462,True,B,A,6,1,B
3,25463,False,,,,,
3,25464,True,B,A,4,1,B
3,25465,True,A,B,1,1,A
3,25466,True,A,B,2,1,A
3,25467,True,A,B,6,1,A
3,25468,True,A,B,6,1,A
3,25469,True,B,A,2,0,B
3,25470,True,A,B,4,1,A
3,25471,True,A,B,6,1,A
3,25472,True,A,B,3,1,A
3,25473,True,A,B,4,1,A
3,25474,True,A,B,1,1,A
3,25475,True,A,B,6,1,A
3,25476,True,B,A,3,1,B
3,25477,True,A,B,2,1,A
3,25478,True,A,B,6,1,A
3,25479,True,A,B,3,1,A
3,25480,True,A,B,1,1,A
3,25481,True,A,B,3,1,A
3,25482,True,A,B,3,1,A
3,25483,True,B,A,1,2,B
3,25484,True,B,A,1,1,B
3,25485,True,B,A,6,1,B
3,25486,True,B,A,6,1,B
3,25487,True,A,B,2,0,A
3,25488,True,A,B,4,1,A
3,25489,True,B,A,10,1,B
3,25490,True,A,B,3,1,A
3,25491,True,B,A,2,0,B
3,25492,True,A,B,4,1,A
3,25493,True,B,A,2,1,B
3,25494,True,A,B,1,2,A
3,25495,True,A,B,2,0,A
3,25496,True,B,A,4,1,B
3,25497,True,A,B,2,0,A
3,25498,False,,,,,
3,25499,True,A,B,6,1,A
3,25500,True,B,A,6,1,B
3,25501,True,A,B,10,1,A
3,25502,True,A,B,1,2,A
3,25503,False,,,,,
3,25504,True,B,A,4,1,B
3,25505,True,A,B,1,2,A
3,25506,True,A,B,1,1,A
3,25507,True,A,B,0,1,A
3,25508,True,B,A,0,1,B
3,25509,True,B,A,2,1,B
3,25510,False,,,,,
3,25511,True,A,B,2,1,A
3,25512,True,B,A,10,1,B
3,25513,True,A,B,3,1,A
3,25514,True,A,B,4,1,A
3,25515,True,B,A,1,2,B
3,25516,True,B,A,3,1,B
3,25517,True,A,B,1,2,A
3,25518,True,A,B,0,1,A
3,25519,True,B,A,3,1,B
3,25520,True,A,B,3,1,A
3,25521,True,A,B,1,1,A
3,25522,False,,,,,
3,25523,True,B,A,10,1,B
3,25524,True,B,A,2,0,B
3,25525,True,A,B,1,2,A
3,25526,True,A,B,10,1,A
3,25527,True,B,A,3,1,B
3,25528,True,A,B,4,1,A
3,25529,True,A,B,10,1,A
3,25530,True,B,A,6,1,B
3,25531,False,,,,,
3,25532,True,B,A,1,1,B
3,25533,False,,,,,
3,25534,True,B,A,6,1,B
3,25535,True,A,B,3,1,A
3,25536,True,B,A,2,1,B
3,25537,True,B,A,1,1,B
3,25538,True,A,B,0,1,A
3,25539,True,B,A,2,0,B
3,25540,True,A,B,6,1,A
3,25541,True,A,B,1,1,A
3,25542,True,A,B,1,2,A
3,25543,True,B,A,3,1,B
3,25544,True,B,A,2,0,B
3,25545,True,B,A,2,1,B
3,25546,True,A,B,1,1,A
3,25547,True,B,A,6,1,B
3,25548,True,A,B,2,1,A
3,25549,True,A,B,3,1,A
3,25550,True,A,B,2,0,A
3,25551,True,B,A,10,1,B
3,25552,True,B,A,4,1,B
3,25553,False,,,,,
3,25554,True,A,B,2,1,A
3,25555,True,A,B,2,0,A
3,25556,True,A,B,2,1,A
3,25557,True,B,A,10,1,B
3,25558,True,B,A,3,1,B
3,25559,True,A,B,3,1,A
3,25560,False,,,,,
3,25561,True,A,B,2,0,A
3,25562,True,B,A,0,1,B
3,25563,True,A,B,10,1,A
3,25564,True,B,A,10,1,B
3,25565,True,A,B,2,0,A
3,25566,True,A,B,4,1,A
3,25567,True,B,A,1,1,B
3,25568,True,A,B,1,1,A
3,25569,True,A,B,3,1,A
3,25570,True,A,B,2,0,A
3,25571,True,B,A,3,1,B
3,25572,True,A,B,6,1,A
3,25573,True,B,A,3,1,B
3,25574,True,A,B,3,1,A
3,25575,True,B,A,1,1,B
3,25576,True,B,A,2,0,B
3,25577,True,B,A,2,0,B
3,25578,True,A,B,1,2,A
3,25579,False,,,,,
3,25580,True,A,B,10,1,A
3,25581,True,B,A,1,2,B
3,25582,True,B,A,2,1,B
3,25583,True,B,A,0,1,B
3,25584,True,A,B,0,1,A
3,25585,True,A,B,2,0,A
3,25586,True,A,B,2,0,A
3,25587,True,A,B,10,1,A
3,25588,True,A,B,1,1,A
3,25589,True,A,B,0,1,A
3,25590,True,B,A,6,1,B
3,25591,True,B,A,6,1,B
3,25592,True,B,A,2,1,B
3,25593,True,B,A,4,1,B
3,25594,False,,,,,
3,25595,False,,,,,
3,25596,True,A,B,10,1,A
3,25597,True,A,B,1,1,A
3,25598,True,A,B,1,2,A
3,25599,True,A,B,1,1,A
3,25600,True,A,B,1,1,A
3,25601,True,B,A,3,1,B
3,25602,True,B,A,1,2,B
3,25603,True,B,A,1,1,B
3,25604,True,B,A,1,2,B
3,25605,True,A,B,10,1,A
3,25606,True,B,A,2,1,B
3,25607,False,,,,,
3,25608,True,B,A,1,2,B
3,25609,True,B,A,1,1,B
3,25610,True,B,A,3,1,B
3,25611,True,B,A,2,0,B
3,25612,True,B,A,1,2,B
3,25613,True,B,A,10,1,B
3,25614,True,A,B,1,2,A
3,25615,True,A,B,2,1,A
3,25616,True,B,A,3,1,B
3,25617,True,A,B,2,0,A
3,25618,True,B,A,2,0,B
3,25619,True,A,B,3,1,A
3,25620,True,B,A,2,1,B
3,25621,True,B,A,10,1,B
3,25622,True,B,A,4,1,B
3,25623,True,B,A,2,1,B
3,25624,True,A,B,2,1,A
3,25625,True,A,B,1,2,A
3,25626,True,B,A,10,1,B
3,25627,True,B,A,0,1,B
3,25628,True,A,B,1,2,A
3,25629,True,A,B,4,1,A
3,25630,True,A,B,2,1,A
3,25631,True,A,B,3,1,A
3,25632,True,A,B,2,1,A
3,25633,True,B,A,10,1,B
3,25634,True,A,B,1,2,A
3,25635,True,A,B,2,1,A
3,25636,True,A,B,0,1,A
3,25637,True,B,A,1,2,B
3,25638,True,B,A,2,0,B
3,25639,True,B,A,2,0,B
3,25640,True,A,B,1,2,A
3,25641,True,B,A,2,0,B
3,25642,True,A,B,6,1,A
3,25643,False,,,,,
3,25644,True,A,B,0,1,A
3,25645,True,A,B,2,1,A
3,25646,True,B,A,1,1,B
3,25647,True,A,B,2,0,A
3,25648,True,A,B,0,1,A
3,25649,True,B,A,1,2,B
3,25650,True,B,A,3,1,B
3,25651,True,A,B,3,1,A
3,25652,True,A,B,1,2,A
3,25653,True,A,B,4,1,A
3,25654,True,A,B,1,2,A
3,25655,True,A,B,2,1,A
3,25656,True,B,A,4,1,B
3,25657,True,A,B,3,1,A
3,25658,True,A,B,10,1,A
3,25659,True,B,A,4,1,B
3,25660,True,B,A,4,1,B
3,25661,True,A,B,4,1,A
3,25662,True,B,A,10,1,B
3,25663,True,A,B,2,0,A
3,25664,True,B,A,4,1,B
3,25665,True,A,B,3,1,A
3,25666,True,B,A,4,1,B
3,25667,True,A,B,1,2,A
3,25668,False,,,,,
3,25669,True,B,A,3,1,B
3,25670,True,A,B,3,1,A
3,25671,True,A,B,10,1,A
3,25672,True,A,B,6,1,A
3,25673,True,B,A,0,1,B
3,25674,True,A,B,10,1,A
3,25675,True,B,A,2,0,B
3,25676,True,B,A,6,1,B
3,25677,True,B,A,2,1,B
3,25678,True,B,A,2,0,B
3,25679,True,A,B,1,1,A
3,25680,True,A,B,1,1,A
3,25681,True,B,A,6,1,B
3,25682,True,B,A,2,0,B
3,25683,True,B,A,0,1,B
3,25684,True,A,B,4,1,A
3,25685,True,B,A,2,0,B
3,25686,True,A,B,4,1,A
3,25687,False,,,,,
3,25688,True,B,A,2,0,B
3,25689,True,A,B,1,2,A
3,25690,True,B,A,1,1,B
3,25691,True,A,B,1,2,A
3,25692,True,B,A,6,1,B
3,25693,True,A,B,3,1,A
3,25694,True,B,A,1,1,B
3,25695,True,B,A,3,1,B
3,25696,True,A,B,0,1,A
3,25697,True,A,B,3,1,A
3,25698,True,B,A,2,0,B
3,25699,True,A,B,6,1,A
3,25700,True,B,A,6,1,B
3,25701,True,B,A,2,1,B
3,25702,True,A,B,1,2,A
3,25703,True,B,A,10,1,B
3,25704,True,B,A,2,1,B
3,25705,True,A,B,1,2,A
3,25706,True,B,A,4,1,B
3,25707,True,A,B,1,2,A
3,25708,True,A,B,6,1,A
3,25709,True,A,B,1,1,A
3,25710,True,A,B,2,1,A
3,25711,True,A,B,1,2,A
3,25712,True,A,B,1,1,A
3,25713,True,B,A,2,0,B
3,25714,True,A,B,6,1,A
3,25715,True,A,B,10,1,A
3,25716,True,B,A,4,1,B
3,25717,True,B,A,0,1,B
3,25718,True,A,B,3,1,A
3,25719,True,B,A,6,1,B
3,25720,True,B,A,2,0,B
3,25721,True,A,B,2,1,A
3,25722,True,A,B,6,1,A
3,25723,True,A,B,2,1,A
3,25724,True,B,A,2,1,B
3,25725,True,A,B,4,1,A
3,25726,True,A,B,1,2,A
3,25727,True,B,A,4,1,B
3,25728,True,B,A,6,1,B
3,25729,True,A,B,6,1,A
3,25730,True,A,B,4,1,A
3,25731,True,A,B,1,1,A
3,25732,True,B,A,0,1,B
3,25733,True,A,B,6,1,A
3,25734,True,A,B,1,2,A
3,25735,True,A,B,10,1,A
3,25736,True,A,B,2,1,A
3,25737,False,,,,,
3,25738,True,A,B,4,1,A
3,25739,True,B,A,10,1,B
3,25740,True,A,B,2,1,A
3,25741,True,B,A,2,0,B
3,25742,True,A,B,2,1,A
3,25743,True,A,B,1,2,A
3,25744,False,,,,,
3,25745,True,B,A,4,1,B
3,25746,True,B,A,4,1,B
3,25747,True,B,A,3,1,B
3,25748,True,B,A,3,1,B
3,25749,True,A,B,2,1,A
3,25750,True,B,A,2,0,B
3,25751,True,B,A,4,1,B
3,25752,True,B,A,1,1,B
3,25753,True,B,A,1,1,B
3,25754,True,B,A,10,1,B
3,25755,True,B,A,1,1,B
3,25756,True,A,B,10,1,A
3,25757,True,A,B,6,1,A
3,25758,True,A,B,1,1,A
3,25759,True,B,A,3,1,B
3,25760,True,A,B,4,1,A
3,25761,True,A,B,2,0,A
3,25762,True,A,B,0,1,A
3,25763,True,A,B,10,1,A
3,25764,True,A,B,4,1,A
3,25765,True,A,B,10,1,A
3,25766,True,A,B,6,1,A
3,25767,True,A,B,6,1,A
3,25768,True,B,A,10,1,B
3,25769,True,B,A,1,2,B
3,25770,True,A,B,10,1,A
3,25771,True,A,B,1,2,A
3,25772,True,A,B,1,1,A
3,25773,True,A,B,1,1,A
3,25774,False,,,,,
3,25775,True,B,A,6,1,B
3,25776,True,B,A,10,1,B
3,25777,False,,,,,
3,25778,True,A,B,0,1,A
3,25779,False,,,,,
3,25780,True,B,A,6,1,B
3,25781,True,A,B,1,2,A
3,25782,True,A,B,4,1,A
3,25783,True,B,A,3,1,B
3,25784,True,A,B,1,1,A
3,25785,True,A,B,10,1,A
3,25786,True,A,B,6,1,A
3,25787,True,A,B,4,1,A
3,25788,True,A,B,0,1,A
3,25789,True,A,B,1,2,A
3,25790,True,B,A,3,1,B
3,25791,True,A,B,1,2,A
3,25792,True,A,B,10,1,A
3,25793,True,B,A,1,2,B
3,25794,True,B,A,2,1,B
3,25795,True,B,A,0,1,B
3,25796,True,B,A,4,1,B
3,25797,True,B,A,2,0,B
3,25798,True,B,A,4,1,B
3,25799,True,B,A,2,1,B
3,25800,True,A,B,1,1,A
3,25801,True,B,A,4,1,B
3,25802,True,A,B,2,1,A
3,25803,True,B,A,10,1,B
3,25804,True,A,B,2,0,A
3,25805,True,A,B,6,1,A
3,25806,True,A,B,1,2,A
3,25807,True,A,B,3,1,A
3,25808,True,B,A,2,1,B
3,25809,True,B,A,1,1,B
3,25810,True,B,A,10,1,B
3,25811,True,B,A,2,1,B
3,25812,True,A,B,2,0,A
3,25813,True,A,B,1,2,A
3,25814,True,B,A,2,1,B
3,25815,True,A,B,10,1,A
3,25816,True,B,A,2,0,B
3,25817,True,A,B,6,1,A
3,25818,True,B,A,6,1,B
3,25819,True,B,A,10,1,B
3,25820,True,A,B,4,1,A
3,25821,True,A,B,6,1,A
3,25822,True,B,A,1,2,B
3,25823,True,A,B,4,1,A
3,25824,True,A,B,4,1,A
3,25825,True,A,B,6,1,A
3,25826,False,,,,,
3,25827,True,B,A,10,1,B
3,25828,True,A,B,2,0,A
3,25829,True,B,A,2,0,B
3,25830,True,B,A,2,1,B
3,25831,True,B,A,0,1,B
3,25832,True,B,A,0,1,B
3,25833,True,B,A,3,1,B
3,25834,True,A,B,1,1,A
3,25835,True,B,A,3,1,B
3,25836,True,B,A,1,1,B
3,25837,True,B,A,2,0,B
3,25838,True,A,B,0,1,A
3,25839,True,A,B,3,1,A
3,25840,True,B,A,3,1,B
3,25841,True,B,A,2,0,B
3,25842,True,B,A,2,1,B
3,25843,True,A,B,1,1,A
3,25844,True,A,B,4,1,A
3,25845,True,A,B,2,1,A
3,25846,True,A,B,6,1,A
3,25847,True,B,A,2,1,B
3,25848,True,A,B,3,1,A
3,25849,True,B,A,1,1,B
3,25850,True,A,B,2,0,A
3,25851,True,B,A,4,1,B
3,25852,True,A,B,1,2,A
3,25853,True,B,A,4,1,B
3,25854,True,A,B,1,2,A
3,25855,True,B,A,2,1,B
3,25856,True,B,A,10,1,B
3,25857,True,A,B,1,1,A
3,25858,True,B,A,4,1,B
3,25859,True,B,A,1,2,B
3,25860,True,B,A,10,1,B
3,25861,True,B,A,2,1,B
3,25862,False,,,,,
3,25863,True,A,B,3,1,A
3,25864,True,A,B,3,1,A
3,25865,True,B,A,6,1,B
3,25866,True,B,A,6,1,B
3,25867,True,B,A,10,1,B
3,25868,True,A,B,10,1,A
3,25869,True,A,B,3,1,A
3,25870,True,B,A,1,2,B
3,25871,True,B,A,4,1,B
3,25872,True,A,B,4,1,A
3,25873,True,A,B,1,2,A
3,25874,True,A,B,1,1,A
3,25875,True,A,B,10,1,A
3,25876,True,A,B,6,1,A
3,25877,True,B,A,2,0,B
3,25878,True,B,A,1,2,B
3,25879,True,B,A,1,2,B
3,25880,True,A,B,2,1,A
3,25881,False,,,,,
3,25882,True,B,A,6,1,B
3,25883,True,B,A,3,1,B
3,25884,True,B,A,2,1,B
3,25885,True,B,A,3,1,B
3,25886,True,B,A,3,1,B
3,25887,True,B,A,3,1,B
3,25888,True,A,B,0,1,A
3,25889,True,B,A,4,1,B
3,25890,True,B,A,3,1,B
3,25891,True,A,B,0,1,A
3,25892,True,B,A,2,1,B
3,25893,True,B,A,1,1,B
3,25894,True,A,B,1,2,A
3,25895,True,A,B,1,1,A
3,25896,True,B,A,10,1,B
3,25897,True,B,A,2,1,B
3,25898,True,B,A,3,1,B
3,25899,True,A,B,6,1,A
3,25900,True,B,A,2,0,B
3,25901,True,B,A,10,1,B
3,25902,True,A,B,1,1,A
3,25903,False,,,,,
3,25904,True,A,B,0,1,A
3,25905,True,A,B,2,1,A
3,25906,True,A,B,3,1,A
3,25907,True,B,A,3,1,B
3,25908,True,B,A,3,1,B
3,25909,False,,,,,
3,25910,True,A,B,6,1,A
3,25911,True,B,A,4,1,B
3,25912,True,B,A,2,1,B
3,25913,True,B,A,10,1,B
3,25914,True,A,B,4,1,A
3,25915,True,A,B,4,1,A
3,25916,True,B,A,4,1,B
3,25917,True,A,B,4,1,A
3,25918,True,B,A,2,0,B
3,25919,True,B,A,2,0,B
3,25920,True,B,A,2,0,B
3,25921,True,A,B,2,1,A
3,25922,True,B,A,10,1,B
3,25923,True,B,A,6,1,B
3,25924,True,A,B,3,1,A
3,25925,True,A,B,3,1,A
3,25926,True,B,A,4,1,B
3,25927,True,B,A,1,1,B
3,25928,True,B,A,3,1,B
3,25929,True,A,B,10,1,A
3,25930,True,A,B,2,0,A
3,25931,True,A,B,1,1,A
3,25932,True,B,A,2,0,B
3,25933,True,A,B,2,1,A
3,25934,True,A,B,1,2,A
3,25935,True,A,B,2,1,A
3,25936,True,A,B,1,1,A
3,25937,True,B,A,4,1,B
3,25938,True,A,B,1,2,A
3,25939,True,A,B,1,1,A
3,25940,True,B,A,0,1,B
3,25941,True,B,A,6,1,B
3,25942,True,A,B,2,1,A
3,25943,True,B,A,0,1,B
3,25944,True,B,A,2,1,B
3,25945,True,B,A,3,1,B
3,25946,True,A,B,6,1,A
3,25947,False,,,,,
3,25948,False,,,,,
3,25949,True,A,B,3,1,A
3,25950,True,A,B,2,0,A
3,25951,False,,,,,
3,25952,True,B,A,2,0,B
3,25953,True,B,A,2,1,B
3,25954,True,A,B,4,1,A
3,25955,True,A,B,2,0,A
3,25956,True,B,A,0,1,B
3,25957,True,A,B,6,1,A
3,25958,True,B,A,1,2,B
3,25959,True,B,A,3,1,B
3,25960,True,B,A,6,1,B
3,25961,False,,,,,
3,25962,True,B,A,4,1,B
3,25963,True,B,A,1,1,B
3,25964,True,B,A,6,1,B
3,25965,True,A,B,1,2,A
3,25966,True,A,B,10,1,A
3,25967,True,A,B,4,1,A
3,25968,False,,,,,
3,25969,False,,,,,
3,25970,True,B,A,4,1,B
3,25971,True,A,B,0,1,A
3,25972,True,B,A,0,1,B
3,25973,True,A,B,2,1,A
3,25974,True,B,A,6,1,B
3,25975,True,B,A,1,2,B
3,25976,True,B,A,2,1,B
3,25977,True,B,A,3,1,B
3,25978,True,B,A,3,1,B
3,25979,True,A,B,1,1,A
3,25980,False,,,,,
3,25981,True,B,A,3,1,B
3,25982,True,B,A,10,1,B
3,25983,True,B,A,3,1,B
3,25984,True,A,B,1,1,A
3,25985,True,B,A,4,1,B
3,25986,True,B,A,1,1,B
3,25987,False,,,,,
3,25988,True,B,A,1,1,B
3,25989,True,B,A,2,0,B
3,25990,True,A,B,1,1,A
3,25991,True,B,A,1,2,B
3,25992,True,B,A,4,1,B
3,25993,True,A,B,1,1,A
3,25994,True,A,B,1,2,A
3,25995,True,A,B,2,0,A
3,25996,True,A,B,3,1,A
3,25997,True,B,A,2,1,B
3,25998,True,A,B,1,2,A
3,25999,True,A,B,6,1,A
3,26000,True,B,A,6,1,B
3,26001,True,B,A,6,1,B
3,26002,True,A,B,4,1,A
3,26003,True,B,A,1,1,B
3,26004,True,A,B,1,2,A
3,26005,False,,,,,
3,26006,True,A,B,3,1,A
3,26007,True,B,A,2,0,B
3,26008,True,A,B,6,1,A
3,26009,True,B,A,10,1,B
3,26010,True,A,B,3,1,A
3,26011,True,A,B,10,1,A
3,26012,True,B,A,0,1,B
3,26013,True,B,A,0,1,B
3,26014,True,B,A,4,1,B
3,26015,True,A,B,6,1,A
3,26016,True,A,B,1,1,A
3,26017,False,,,,,
3,26018,True,A,B,1,1,A
3,26019,True,A,B,6,1,A
3,26020,True,B,A,10,1,B
3,26021,True,B,A,2,1,B
3,26022,False,,,,,
3,26023,True,B,A,1,2,B
3,26024,True,A,B,0,1,B
3,26025,False,,,,,
3,26026,True,A,B,1,1,A
3,26027,True,B,A,0,1,B
3,26028,True,A,B,6,1,A
3,26029,True,A,B,2,0,A
3,26030,True,A,B,4,1,A
3,26031,True,A,B,2,1,A
3,26032,True,A,B,2,1,A
3,26033,True,B,A,6,1,B
3,26034,True,A,B,2,0,A
3,26035,True,A,B,4,1,A
3,26036,True,B,A,3,1,B
3,26037,True,B,A,1,1,B
3,26038,True,A,B,2,0,A
3,26039,True,B,A,3,1,B
3,26040,True,A,B,1,2,A
3,26041,True,A,B,4,1,A
3,26042,True,B,A,10,1,B
3,26043,True,A,B,4,1,A
3,26044,True,A,B,1,1,A
3,26045,True,A,B,2,1,A
3,26046,True,A,B,3,1,A
3,26047,True,A,B,4,1,A
3,26048,True,B,A,10,1,B
3,26049,True,A,B,10,1,A
3,26050,True,A,B,2,1,A
3,26051,True,A,B,0,1,A
3,26052,True,B,A,6,1,B
3,26053,True,B,A,1,1,B
3,26054,True,B,A,6,1,B
3,26055,True,B,A,3,1,B
3,26056,True,B,A,6,1,B
3,26057,True,B,A,2,0,B
3,26058,True,B,A,2,1,B
3,26059,True,A,B,1,1,A
3,26060,True,B,A,6,1,B
3,26061,True,B,A,1,1,B
3,26062,True,A,B,2,0,A
3,26063,False,,,,,
3,26064,True,A,B,2,1,A
3,26065,True,A,B,2,1,A
3,26066,True,A,B,4,1,A
3,26067,True,A,B,6,1,A
3,26068,True,B,A,10,1,B
3,26069,True,A,B,1,1,A
3,26070,False,,,,,
3,26071,True,A,B,10,1,A
3,26072,True,A,B,1,2,A
3,26073,False,,,,,
3,26074,True,A,B,3,1,A
3,26075,True,A,B,2,0,A
3,26076,True,A,B,2,1,A
3,26077,True,A,B,4,1,A
3,26078,True,A,B,2,1,A
3,26079,True,B,A,2,1,B
3,26080,True,A,B,4,1,A
3,26081,True,B,A,4,1,B
3,26082,True,B,A,6,1,B
3,26083,True,B,A,1,2,B
3,26084,True,A,B,4,1,A
3,26085,True,B,A,3,1,B
3,26086,True,A,B,2,1,A
3,26087,True,A,B,1,2,A
3,26088,True,A,B,4,1,A
3,26089,False,,,,,
3,26090,True,A,B,2,1,A
3,26091,True,A,B,3,1,A
3,26092,True,A,B,3,1,A
3,26093,True,B,A,2,1,B
3,26094,True,B,A,2,1,B
3,26095,True,A,B,2,0,A
3,26096,True,A,B,6,1,A
3,26097,True,A,B,1,1,A
3,26098,True,B,A,2,1,B
3,26099,True,A,B,2,1,A
3,26100,True,A,B,10,1,A
3,26101,True,A,B,2,1,A
3,26102,True,B,A,4,1,B
3,26103,True,A,B,6,1,A
3,26104,True,B,A,6,1,B
3,26105,True,B,A,4,1,B
3,26106,True,B,A,4,1,B
3,26107,True,B,A,1,2,B
3,26108,True,A,B,10,1,A
3,26109,True,B,A,3,1,B
3,26110,True,B,A,2,0,B
3,26111,True,B,A,3,1,B
3,26112,True,A,B,2,0,A
3,26113,True,A,B,6,1,A
3,26114,True,A,B,10,1,A
3,26115,True,A,B,6,1,A
3,26116,True,A,B,3,1,A
3,26117,True,A,B,0,1,A
3,26118,True,A,B,1,1,A
3,26119,True,A,B,4,1,A
3,26120,True,A,B,2,0,A
3,26121,True,B,A,6,1,B
3,26122,True,A,B,10,1,A
3,26123,True,B,A,3,1,B
3,26124,True,A,B,1,2,A
3,26125,True,A,B,6,1,A
3,26126,True,A,B,2,0,A
3,26127,True,A,B,4,1,A
3,26128,True,B,A,6,1,B
3,26129,True,B,A,2,1,B
3,26130,True,B,A,2,0,B
3,26131,True,B,A,4,1,B
3,26132,False,,,,,
3,26133,True,B,A,6,1,B
3,26134,True,A,B,0,1,A
3,26135,True,B,A,4,1,B
3,26136,True,A,B,4,1,A
3,26137,True,A,B,1,2,A
3,26138,True,A,B,1,1,A
3,26139,False,,,,,
3,26140,True,A,B,2,1,A
3,26141,False,,,,,
3,26142,True,A,B,1,2,A
3,26143,True,B,A,4,1,B
3,26144,True,B,A,10,1,B
3,26145,True,B,A,10,1,B
3,26146,True,A,B,6,1,A
3,26147,True,A,B,10,1,A
3,26148,True,B,A,4,1,B
3,26149,True,B,A,6,1,B
3,26150,True,A,B,6,1,A
3,26151,True,B,A,3,1,B
3,26152,True,A,B,3,1,A
3,26153,False,,,,,
3,26154,True,B,A,2,1,B
3,26155,True,B,A,1,2,B
3,26156,True,A,B,10,1,A
3,26157,True,B,A,3,1,B
3,26158,True,A,B,3,1,A
3,26159,True,B,A,10,1,B
3,26160,True,A,B,2,1,A
3,26161,True,B,A,3,1,B
3,26162,True,B,A,4,1,B
3,26163,True,B,A,10,1,B
3,26164,True,A,B,2,0,A
3,26165,True,B,A,2,0,B
3,26166,True,A,B,2,1,A
3,26167,True,B,A,1,1,B
3,26168,True,B,A,3,1,B
3,26169,True,A,B,1,2,A
3,26170,True,A,B,6,1,A
3,26171,True,B,A,10,1,B
3,26172,True,A,B,3,1,A
3,26173,True,B,A,0,1,B
3,26174,True,B,A,0,1,B
3,26175,True,A,B,1,1,A
3,26176,True,B,A,6,1,B
3,26177,True,B,A,10,1,B
3,26178,True,B,A,1,1,B
3,26179,True,B,A,4,1,B
3,26180,True,A,B,2,1,A
3,26181,True,A,B,2,1,A
3,26182,True,A,B,10,1,A
3,26183,True,A,B,2,1,A
3,26184,True,A,B,6,1,A
3,26185,True,B,A,2,1,B
3,26186,False,,,,,
3,26187,False,,,,,
3,26188,True,A,B,10,1,A
3,26189,False,,,,,
3,26190,True,B,A,1,2,B
3,26191,True,A,B,0,1,A
3,26192,True,A,B,1,1,A
3,26193,True,A,B,0,1,A
3,26194,True,A,B,6,1,A
3,26195,False,,,,,
3,26196,False,,,,,
3,26197,True,B,A,4,1,B
3,26198,True,A,B,2,0,A
3,26199,True,A,B,2,1,A
3,26200,True,A,B,0,1,A
3,26201,True,B,A,2,0,B
3,26202,True,A,B,2,0,A
3,26203,True,B,A,6,1,B
3,26204,True,A,B,6,1,A
3,26205,True,B,A,2,1,B
3,26206,True,A,B,10,1,A
3,26207,True,B,A,10,1,B
3,26208,True,B,A,2,1,B
3,26209,False,,,,,
3,26210,True,A,B,1,2,A
3,26211,True,B,A,4,1,B
3,26212,True,B,A,6,1,B
3,26213,True,B,A,0,1,B
3,26214,True,A,B,1,2,A
3,26215,True,B,A,2,0,B
3,26216,True,B,A,6,1,B
3,26217,True,B,A,6,1,B
3,26218,False,,,,,
3,26219,True,A,B,3,1,A
3,26220,True,A,B,6,1,A
3,26221,True,B,A,2,1,B
3,26222,True,A,B,3,1,A
3,26223,True,B,A,6,1,B
3,26224,True,B,A,3,1,B
3,26225,True,A,B,2,0,A
3,26226,True,B,A,2,1,B
3,26227,True,B,A,4,1,B
3,26228,True,A,B,10,1,A
3,26229,True,B,A,1,2,B
3,26230,True,B,A,1,1,B
3,26231,True,B,A,2,1,B
3,26232,True,A,B,3,1,A
3,26233,True,A,B,3,1,A
3,26234,True,A,B,2,0,A
3,26235,True,A,B,0,1,A
3,26236,True,B,A,6,1,B
3,26237,True,B,A,10,1,B
3,26238,True,B,A,1,1,B
3,26239,True,A,B,10,1,A
3,26240,True,B,A,6,1,B
3,26241,True,B,A,6,1,B
3,26242,True,B,A,1,2,B
3,26243,True,A,B,1,2,A
3,26244,True,A,B,4,1,A
3,26245,True,A,B,6,1,A
3,26246,True,B,A,3,1,B
3,26247,True,A,B,0,1,A
3,26248,True,B,A,3,1,B
3,26249,True,B,A,6,1,B
3,26250,True,B,A,0,1,B
3,26251,True,A,B,4,1,A
3,26252,True,A,B,1,2,A
3,26253,True,A,B,0,1,A
3,26254,True,A,B,2,0,A
3,26255,True,B,A,4,1,B
3,26256,True,A,B,1,1,A
3,26257,True,A,B,4,1,A
3,26258,True,A,B,2,1,A
3,26259,True,A,B,3,1,A
3,26260,True,B,A,2,0,B
3,26261,True,B,A,10,1,B
3,26262,True,A,B,6,1,A
3,26263,True,B,A,0,1,B
3,26264,True,A,B,6,1,A
3,26265,True,A,B,6,1,A
3,26266,True,A,B,2,0,A
3,26267,True,B,A,1,2,B
3,26268,True,B,A,3,1,B
3,26269,True,A,B,6,1,A
3,26270,True,B,A,3,1,B
3,26271,True,B,A,0,1,B
3,26272,True,A,B,1,2,A
3,26273,True,B,A,4,1,B
3,26274,True,A,B,3,1,A
3,26275,True,B,A,10,1,B
3,26276,True,A,B,2,1,A
3,26277,True,A,B,1,1,A
3,26278,True,A,B,4,1,A
3,26279,True,A,B,10,1,A
3,26280,True,B,A,10,1,B
3,26281,True,A,B,3,1,A
3,26282,True,A,B,2,1,A
3,26283,True,A,B,6,1,A
3,26284,True,B,A,2,0,B
3,26285,True,B,A,1,2,B
3,26286,True,B,A,6,1,B
3,26287,True,B,A,3,1,B
3,26288,True,A,B,2,1,A
3,26289,True,A,B,6,1,A
3,26290,True,B,A,10,1,B
3,26291,False,,,,,
3,26292,True,A,B,1,1,A
3,26293,True,B,A,10,1,B
3,26294,True,B,A,10,1,B
3,26295,True,B,A,2,1,B
3,26296,True,B,A,2,0,B
3,26297,True,A,B,3,1,A
3,26298,True,A,B,2,1,A
3,26299,False,,,,,
3,26300,True,B,A,2,0,B
3,26301,True,B,A,1,1,B
3,26302,True,A,B,2,0,A
3,26303,True,A,B,10,1,A
3,26304,True,B,A,10,1,B
3,26305,True,B,A,1,2,B
3,26306,True,B,A,0,1,B
3,26307,True,A,B,1,1,A
3,26308,False,,,,,
3,26309,True,A,B,10,1,A
3,26310,False,,,,,
3,26311,True,B,A,2,1,B
3,26312,True,B,A,6,1,B
3,26313,True,B,A,1,2,B
3,26314,True,A,B,6,1,A
3,26315,True,A,B,10,1,A
3,26316,True,B,A,0,1,B
3,26317,True,A,B,10,1,A
3,26318,True,B,A,2,1,B
3,26319,True,A,B,2,1,A
3,26320,True,B,A,1,1,B
3,26321,True,B,A,2,1,B
3,26322,True,B,A,10,1,B
3,26323,True,B,A,10,1,B
3,26324,True,B,A,3,1,B
3,26325,True,B,A,2,1,B
3,26326,True,A,B,10,1,A
3,26327,True,A,B,6,1,A
3,26328,True,B,A,10,1,B
3,26329,True,A,B,4,1,A
3,26330,True,A,B,1,1,A
3,26331,True,B,A,1,2,B
3,26332,True,B,A,4,1,B
3,26333,True,A,B,2,1,A
3,26334,True,A,B,1,2,A
3,26335,True,B,A,1,2,B
3,26336,True,A,B,6,1,A
3,26337,True,B,A,1,1,B
3,26338,True,B,A,2,0,B
3,26339,True,B,A,4,1,B
3,26340,True,A,B,2,1,A
3,26341,True,B,A,2,0,B
3,26342,True,B,A,1,2,B
3,26343,True,A,B,3,1,A
3,26344,True,A,B,2,1,A
3,26345,True,A,B,4,1,A
3,26346,False,,,,,
3,26347,True,A,B,3,1,A
3,26348,True,A,B,3,1,A
3,26349,True,A,B,10,1,A
3,26350,True,A,B,3,1,A
3,26351,True,B,A,10,1,B
3,26352,True,A,B,1,2,A
3,26353,True,B,A,2,0,B
3,26354,True,A,B,10,1,A
3,26355,True,A,B,6,1,A
3,26356,True,A,B,2,1,A
3,26357,True,B,A,3,1,B
3,26358,True,A,B,6,1,A
3,26359,True,A,B,3,1,A
3,26360,True,B,A,0,1,B
3,26361,True,A,B,1,2,A
3,26362,True,B,A,1,1,B
3,26363,False,,,,,
3,26364,True,B,A,6,1,B
3,26365,True,B,A,10,1,B
3,26366,True,B,A,3,1,B
3,26367,False,,,,,
3,26368,True,B,A,2,0,B
3,26369,True,B,A,1,2,B
3,26370,True,B,A,1,1,B
3,26371,True,A,B,10,1,A
3,26372,True,B,A,0,1,B
3,26373,True,B,A,4,1,B
3,26374,True,A,B,2,0,A
3,26375,False,,,,,
3,26376,True,A,B,0,1,A
3,26377,True,B,A,2,0,B
3,26378,True,A,B,10,1,A
3,26379,True,A,B,4,1,A
3,26380,True,A,B,10,1,A
3,26381,False,,,,,
3,26382,True,B,A,1,1,B
3,26383,True,A,B,2,1,A
3,26384,True,B,A,1,1,B
3,26385,True,A,B,4,1,A
3,26386,True,A,B,2,1,A
3,26387,True,A,B,2,1,A
3,26388,True,A,B,2,1,A
3,26389,True,A,B,10,1,A
3,26390,True,B,A,1,1,B
3,26391,False,,,,,
3,26392,True,A,B,0,1,A
3,26393,True,A,B,2,1,A
3,26394,True,A,B,3,1,A
3,26395,True,A,B,6,1,A
3,26396,True,B,A,2,0,B
3,26397,True,A,B,0,1,A
3,26398,True,A,B,1,1,A
3,26399,True,A,B,1,2,A
3,26400,True,A,B,2,1,A
3,26401,True,A,B,2,0,A
3,26402,True,B,A,10,1,B
3,26403,True,A,B,2,1,A
3,26404,True,B,A,1,2,B
3,26405,True,A,B,0,1,A
3,26406,True,B,A,1,1,B
3,26407,True,A,B,3,1,A
3,26408,True,A,B,1,2,A
3,26409,True,B,A,3,1,B
3,26410,True,B,A,10,1,B
3,26411,True,A,B,3,1,A
3,26412,True,B,A,6,1,B
3,26413,True,B,A,6,1,B
3,26414,True,A,B,10,1,A
3,26415,True,A,B,10,1,A
3,26416,True,A,B,0,1,A
3,26417,True,A,B,4,1,A
3,26418,True,B,A,6,1,B
3,26419,True,A,B,6,1,A
3,26420,True,A,B,10,1,A
3,26421,False,,,,,
3,26422,True,B,A,1,2,B
3,26423,True,A,B,2,0,A
3,26424,True,B,A,3,1,B
3,26425,True,A,B,6,1,A
3,26426,True,A,B,6,1,A
3,26427,False,,,,,
3,26428,True,B,A,6,1,B
3,26429,True,A,B,6,1,A
3,26430,True,B,A,1,2,B
3,26431,True,A,B,1,1,A
3,26432,True,A,B,6,1,A
3,26433,True,B,A,10,1,B
3,26434,True,A,B,3,1,A
3,26435,True,B,A,6,1,B
3,26436,True,B,A,4,1,B
3,26437,True,A,B,2,0,A
3,26438,True,B,A,1,1,B
3,26439,False,,,,,
3,26440,True,B,A,10,1,B
3,26441,False,,,,,
3,26442,True,A,B,4,1,A
3,26443,True,B,A,2,0,B
3,26444,True,A,B,1,1,A
3,26445,True,A,B,10,1,A
3,26446,True,A,B,2,1,A
3,26447,True,B,A,2,1,B
3,26448,True,A,B,3,1,A
3,26449,True,A,B,2,0,A
3,26450,True,A,B,0,1,A
3,26451,True,A,B,10,1,A
3,26452,True,B,A,0,1,B
3,26453,True,B,A,4,1,B
3,26454,True,B,A,2,1,B
3,26455,True,A,B,2,1,A
3,26456,True,B,A,1,2,B
3,26457,True,A,B,4,1,A
3,26458,True,A,B,1,2,A
3,26459,True,B,A,1,1,B
3,26460,True,A,B,3,1,A
3,26461,True,A,B,1,2,A
3,26462,True,B,A,4,1,B
3,26463,True,B,A,6,1,B
3,26464,True,B,A,0,1,B
3,26465,True,B,A,2,1,B
3,26466,True,B,A,6,1,B
3,26467,True,A,B,2,1,A
3,26468,True,A,B,2,0,A
3,26469,True,A,B,4,1,A
3,26470,True,B,A,1,2,B
3,26471,True,B,A,10,1,B
3,26472,True,B,A,3,1,B
3,26473,True,A,B,6,1,A
3,26474,True,A,B,0,1,A
3,26475,True,A,B,4,1,A
3,26476,True,A,B,3,1,A
3,26477,True,B,A,4,1,B
3,26478,True,A,B,6,1,A
3,26479,True,B,A,2,1,B
3,26480,True,B,A,4,1,B
3,26481,True,A,B,0,1,A
3,26482,True,A,B,4,1,A
3,26483,True,B,A,4,1,B
3,26484,True,A,B,6,1,A
3,26485,True,B,A,6,1,B
3,26486,False,,,,,
3,26487,True,B,A,10,1,B
3,26488,True,B,A,1,1,B
3,26489,True,B,A,0,1,B
3,26490,True,A,B,0,1,A
3,26491,True,B,A,3,1,B
3,26492,True,A,B,0,1,A
3,26493,True,A,B,3,1,A
3,26494,False,,,,,
3,26495,True,B,A,10,1,B
3,26496,True,A,B,1,1,A
3,26497,True,B,A,6,1,B
3,26498,True,A,B,0,1,A
3,26499,True,A,B,6,1,A
3,26500,True,A,B,2,1,A
3,26501,True,A,B,6,1,A
3,26502,True,B,A,3,1,B
3,26503,True,B,A,4,1,B
3,26504,True,B,A,1,2,B
3,26505,True,B,A,6,1,B
3,26506,True,B,A,4,1,B
3,26507,True,B,A,2,1,B
3,26508,True,A,B,6,1,A
3,26509,True,B,A,4,1,B
3,26510,False,,,,,
3,26511,True,B,A,6,1,B
3,26512,True,A,B,3,1,A
3,26513,True,B,A,1,2,B
3,26514,True,A,B,2,1,A
3,26515,True,A,B,4,1,A
3,26516,True,B,A,2,0,B
3,26517,True,A,B,10,1,A
3,26518,True,A,B,0,1,A
3,26519,True,A,B,1,2,A
3,26520,True,B,A,2,0,B
3,26521,True,B,A,2,0,B
3,26522,True,A,B,10,1,A
3,26523,True,A,B,2,0,A
3,26524,False,,,,,
3,26525,True,A,B,4,1,A
3,26526,True,A,B,2,0,A
3,26527,True,A,B,1,2,A
3,26528,True,B,A,1,1,B
3,26529,True,B,A,1,1,B
3,26530,True,B,A,1,2,B
3,26531,True,A,B,1,1,A
3,26532,True,A,B,1,2,A
3,26533,True,B,A,2,1,B
3,26534,True,A,B,10,1,A
3,26535,True,B,A,1,2,B
3,26536,True,A,B,4,1,A
3,26537,True,A,B,0,1,A
3,26538,True,B,A,2,1,B
3,26539,True,B,A,1,1,B
3,26540,True,A,B,1,1,A
3,26541,True,A,B,10,1,A
3,26542,True,A,B,1,1,A
3,26543,True,B,A,4,1,B
3,26544,True,A,B,2,1,A
3,26545,True,A,B,10,1,A
3,26546,True,A,B,1,2,A
3,26547,True,B,A,2,1,B
3,26548,True,B,A,3,1,B
3,26549,True,A,B,10,1,A
3,26550,False,,,,,
3,26551,True,A,B,2,1,A
3,26552,True,A,B,4,1,A
3,26553,False,,,,,
3,26554,True,B,A,4,1,B
3,26555,True,A,B,4,1,A
3,26556,False,,,,,
3,26557,True,A,B,4,1,A
3,26558,True,B,A,1,2,B
3,26559,True,B,A,2,0,B
3,26560,True,A,B,3,1,A
3,26561,True,B,A,3,1,B
3,26562,True,A,B,2,1,A
3,26563,False,,,,,
3,26564,True,A,B,4,1,A
3,26565,True,B,A,10,1,B
3,26566,True,A,B,2,1,A
3,26567,True,A,B,2,0,A
3,26568,True,B,A,6,1,B
3,26569,True,A,B,6,1,A
3,26570,True,B,A,3,1,B
3,26571,True,A,B,2,0,A
3,26572,True,A,B,4,1,A
3,26573,True,A,B,2,1,A
3,26574,True,A,B,0,1,A
3,26575,True,B,A,10,1,B
3,26576,True,A,B,1,2,A
3,26577,True,A,B,3,1,A
3,26578,True,B,A,2,0,B
3,26579,True,A,B,0,1,A
3,26580,True,B,A,2,0,B
3,26581,True,B,A,6,1,B
3,26582,False,,,,,
3,26583,True,A,B,1,2,A
3,26584,True,A,B,1,2,A
3,26585,True,A,B,2,0,A
3,26586,True,B,A,4,1,B
3,26587,True,B,A,3,1,B
3,26588,True,A,B,10,1,A
3,26589,True,B,A,1,2,B
3,26590,True,A,B,0,1,A
3,26591,True,A,B,1,2,A
3,26592,True,A,B,1,2,A
3,26593,True,B,A,10,1,B
3,26594,True,A,B,0,1,A
3,26595,True,A,B,4,1,A
3,26596,True,A,B,3,1,A
3,26597,True,B,A,6,1,B
3,26598,True,A,B,1,1,A
3,26599,True,A,B,4,1,A
3,26600,True,B,A,3,1,B
3,26601,True,A,B,2,0,A
3,26602,True,B,A,0,1,B
3,26603,True,A,B,10,1,A
3,26604,True,A,B,4,1,A
3,26605,True,A,B,0,1,A
3,26606,True,B,A,2,0,B
3,26607,True,A,B,3,1,A
3,26608,True,A,B,6,1,A
3,26609,True,A,B,3,1,A
3,26610,True,A,B,6,1,A
3,26611,True,B,A,2,0,B
3,26612,True,A,B,3,1,A
3,26613,True,A,B,1,2,A
3,26614,True,A,B,3,1,A
3,26615,True,A,B,10,1,A
3,26616,True,B,A,6,1,B
3,26617,True,A,B,3,1,A
3,26618,True,A,B,10,1,A
3,26619,True,A,B,2,0,A
3,26620,True,B,A,4,1,B
3,26621,True,A,B,2,1,A
3,26622,True,B,A,1,2,B
3,26623,False,,,,,
3,26624,True,B,A,1,1,B
3,26625,True,B,A,1,1,B
3,26626,True,B,A,1,1,B
3,26627,False,,,,,
3,26628,True,B,A,3,1,B
3,26629,True,A,B,6,1,A
3,26630,True,B,A,10,1,B
3,26631,False,,,,,
3,26632,True,B,A,1,2,B
3,26633,True,A,B,4,1,A
3,26634,True,B,A,4,1,B
3,26635,False,,,,,
3,26636,True,A,B,2,1,A
3,26637,True,B,A,2,1,B
3,26638,True,A,B,6,1,A
3,26639,False,,,,,
3,26640,True,B,A,1,1,B
3,26641,True,A,B,10,1,A
3,26642,True,A,B,1,1,A
3,26643,True,B,A,6,1,B
3,26644,True,B,A,2,1,B
3,26645,True,B,A,4,1,B
3,26646,True,A,B,2,0,A
3,26647,True,B,A,4,1,B
3,26648,True,B,A,10,1,B
3,26649,True,A,B,2,1,A
3,26650,True,B,A,2,1,B
3,26651,False,,,,,
3,26652,False,,,,,
3,26653,True,A,B,1,2,A
3,26654,True,A,B,4,1,A
3,26655,True,A,B,2,1,A
3,26656,True,A,B,1,2,A
3,26657,True,A,B,1,2,A
3,26658,True,B,A,4,1,B
3,26659,True,A,B,10,1,A
3,26660,True,A,B,0,1,A
3,26661,True,A,B,1,1,A
3,26662,True,A,B,6,1,A
3,26663,True,B,A,1,2,B
3,26664,True,A,B,1,1,A
3,26665,True,A,B,6,1,A
3,26666,True,A,B,10,1,A
3,26667,True,A,B,6,1,A
3,26668,False,,,,,
3,26669,True,B,A,2,0,B
3,26670,True,B,A,1,1,B
3,26671,True,A,B,6,1,A
3,26672,True,A,B,2,1,A
3,26673,True,B,A,1,2,B
3,26674,True,A,B,1,1,B
3,26675,True,B,A,2,1,B
3,26676,True,B,A,10,1,B
3,26677,True,B,A,2,0,B
3,26678,False,,,,,
3,26679,True,B,A,2,1,B
3,26680,True,A,B,10,1,A
3,26681,True,A,B,6,1,A
3,26682,True,B,A,10,1,B
3,26683,False,,,,,
3,26684,True,B,A,0,1,B
3,26685,True,A,B,1,2,A
3,26686,True,A,B,1,2,A
3,26687,True,B,A,3,1,B
3,26688,True,A,B,2,1,A
3,26689,True,A,B,10,1,A
3,26690,True,B,A,0,1,B
3,26691,True,B,A,1,1,B
3,26692,True,A,B,2,0,A
3,26693,True,A,B,0,1,A
3,26694,True,A,B,2,0,A
3,26695,False,,,,,
3,26696,True,A,B,2,1,A
3,26697,True,B,A,3,1,B
3,26698,True,B,A,1,1,B
3,26699,True,B,A,4,1,B
3,26700,True,A,B,6,1,A
3,26701,True,A,B,6,1,A
3,26702,True,B,A,1,2,B
3,26703,True,B,A,6,1,B
3,26704,True,B,A,6,1,B
3,26705,True,A,B,10,1,A
3,26706,True,B,A,10,1,B
3,26707,True,B,A,2,1,B
3,26708,True,B,A,4,1,B
3,26709,True,A,B,3,1,A
3,26710,True,B,A,4,1,B
3,26711,True,B,A,1,1,B
3,26712,True,A,B,2,1,A
3,26713,True,B,A,3,1,B
3,26714,True,A,B,6,1,A
3,26715,True,A,B,1,1,A
3,26716,True,A,B,2,0,A
3,26717,True,B,A,0,1,B
3,26718,True,B,A,2,0,B
3,26719,True,B,A,10,1,B
3,26720,True,A,B,0,1,A
3,26721,True,A,B,6,1,A
3,26722,True,B,A,4,1,B
3,26723,True,A,B,1,1,A
3,26724,True,B,A,3,1,B
3,26725,True,B,A,0,1,B
3,26726,True,B,A,1,2,B
3,26727,True,A,B,0,1,A
3,26728,True,B,A,6,1,B
3,26729,True,B,A,1,1,B
3,26730,True,A,B,0,1,A
3,26731,True,B,A,4,1,B
3,26732,False,,,,,
3,26733,True,B,A,1,1,B
3,26734,True,B,A,3,1,B
3,26735,True,B,A,3,1,B
3,26736,True,B,A,2,1,B
3,26737,True,B,A,4,1,B
3,26738,True,B,A,10,1,B
3,26739,True,B,A,6,1,B
3,26740,True,B,A,3,1,B
3,26741,True,A,B,2,0,A
3,26742,True,B,A,0,1,B
3,26743,True,B,A,2,1,B
3,26744,True,B,A,10,1,B
3,26745,True,B,A,4,1,B
3,26746,True,B,A,3,1,B
3,26747,True,A,B,1,2,A
3,26748,True,A,B,10,1,A
3,26749,True,A,B,0,1,A
3,26750,True,A,B,2,0,A
3,26751,True,A,B,4,1,A
3,26752,True,B,A,1,2,B
3,26753,True,A,B,2,1,A
3,26754,True,B,A,1,2,B
3,26755,True,A,B,6,1,A
3,26756,True,B,A,10,1,B
3,26757,True,B,A,10,1,B
3,26758,True,A,B,2,1,A
3,26759,True,B,A,4,1,B
3,26760,True,A,B,6,1,A
3,26761,True,A,B,6,1,A
3,26762,True,A,B,4,1,A
3,26763,True,B,A,1,2,B
3,26764,True,A,B,0,1,A
3,26765,True,A,B,4,1,A
3,26766,True,B,A,1,1,B
3,26767,True,A,B,3,1,A
3,26768,True,B,A,1,1,B
3,26769,True,A,B,6,1,A
3,26770,True,B,A,4,1,B
3,26771,True,A,B,2,1,A
3,26772,True,A,B,4,1,A
3,26773,True,A,B,1,2,A
3,26774,True,A,B,2,0,A
3,26775,True,A,B,2,1,A
3,26776,True,A,B,2,0,A
3,26777,True,B,A,2,0,B
3,26778,True,A,B,3,1,A
3,26779,True,A,B,2,0,A
3,26780,True,B,A,3,1,B
3,26781,True,A,B,1,2,A
3,26782,True,A,B,10,1,A
3,26783,True,B,A,2,1,B
3,26784,True,A,B,3,1,A
3,26785,True,A,B,10,1,A
3,26786,True,A,B,4,1,A
3,26787,True,A,B,2,1,A
3,26788,True,B,A,4,1,B
3,26789,True,A,B,0,1,A
3,26790,True,A,B,1,2,A
3,26791,True,B,A,10,1,B
3,26792,True,A,B,4,1,A
3,26793,True,A,B,6,1,A
3,26794,True,B,A,4,1,B
3,26795,True,A,B,2,1,A
3,26796,True,A,B,2,1,A
3,26797,True,A,B,0,1,A
3,26798,True,B,A,6,1,B
3,26799,True,B,A,2,0,B
3,26800,True,A,B,6,1,A
3,26801,True,B,A,2,0,B
3,26802,True,B,A,6,1,B
3,26803,True,A,B,6,1,A
3,26804,True,B,A,2,1,B
3,26805,True,B,A,2,1,B
3,26806,True,B,A,0,1,B
3,26807,True,A,B,3,1,A
3,26808,True,B,A,4,1,B
3,26809,True,A,B,4,1,A
3,26810,True,A,B,6,1,A
3,26811,True,B,A,10,1,B
3,26812,True,B,A,10,1,B
3,26813,True,A,B,2,1,A
3,26814,True,B,A,0,1,B
3,26815,True,A,B,2,1,A
3,26816,True,A,B,4,1,A
3,26817,True,A,B,3,1,A
3,26818,True,B,A,3,1,B
3,26819,True,B,A,2,1,B
3,26820,True,A,B,6,1,A
3,26821,True,B,A,0,1,B
3,26822,True,A,B,10,1,A
3,26823,True,B,A,0,1,B
3,26824,True,A,B,3,1,A
3,26825,False,,,,,
3,26826,True,B,A,2,1,B
3,26827,True,A,B,3,1,A
3,26828,False,,,,,
3,26829,True,A,B,4,1,A
3,26830,True,A,B,1,2,A
3,26831,True,A,B,6,1,A
3,26832,True,B,A,2,0,B
3,26833,True,B,A,10,1,B
3,26834,True,A,B,6,1,A
3,26835,False,,,,,
3,26836,True,A,B,3,1,A
3,26837,True,A,B,0,1,A
3,26838,True,A,B,6,1,A
3,26839,True,A,B,6,1,A
3,26840,True,B,A,2,0,B
3,26841,False,,,,,
3,26842,True,B,A,3,1,B
3,26843,True,B,A,1,1,B
3,26844,True,A,B,3,1,A
3,26845,True,B,A,3,1,B
3,26846,True,B,A,1,2,B
3,26847,True,B,A,1,2,B
3,26848,True,A,B,0,1,A
3,26849,True,A,B,1,1,A
3,26850,True,A,B,4,1,A
3,26851,True,A,B,0,1,A
3,26852,True,A,B,4,1,A
3,26853,True,B,A,2,1,B
3,26854,True,B,A,1,1,B
3,26855,True,B,A,3,1,B
3,26856,True,A,B,2,1,A
3,26857,False,,,,,
3,26858,True,B,A,3,1,B
3,26859,True,A,B,6,1,A
3,26860,True,A,B,1,2,A
3,26861,True,A,B,6,1,A
3,26862,True,B,A,6,1,B
3,26863,True,A,B,3,1,A
3,26864,False,,,,,
3,26865,True,B,A,10,1,B
3,26866,True,A,B,10,1,A
3,26867,True,B,A,0,1,B
3,26868,False,,,,,
3,26869,True,B,A,2,1,B
3,26870,True,B,A,4,1,B
3,26871,True,A,B,4,1,A
3,26872,True,B,A,6,1,B
3,26873,True,A,B,3,1,A
3,26874,False,,,,,
3,26875,True,B,A,3,1,B
3,26876,True,B,A,4,1,B
3,26877,True,A,B,2,0,A
3,26878,True,B,A,10,1,B
3,26879,True,B,A,2,1,B
3,26880,True,A,B,0,1,A
3,26881,True,B,A,1,1,B
3,26882,True,B,A,3,1,B
3,26883,True,B,A,3,1,B
3,26884,True,B,A,3,1,B
3,26885,True,B,A,1,2,B
3,26886,True,B,A,3,1,B
3,26887,True,A,B,6,1,A
3,26888,True,B,A,2,0,B
3,26889,True,A,B,1,1,A
3,26890,True,B,A,4,1,B
3,26891,True,B,A,6,1,B
3,26892,True,A,B,10,1,A
3,26893,True,B,A,2,1,B
3,26894,True,B,A,6,1,B
3,26895,True,B,A,10,1,B
3,26896,True,A,B,3,1,A
3,26897,True,B,A,2,1,B
3,26898,True,A,B,2,1,A
3,26899,True,B,A,10,1,B
3,26900,True,A,B,3,1,A
3,26901,True,B,A,2,0,B
3,26902,True,A,B,2,1,A
3,26903,True,B,A,10,1,B
3,26904,True,B,A,0,1,B
3,26905,False,,,,,
3,26906,True,B,A,0,1,B
3,26907,True,B,A,1,1,B
3,26908,True,B,A,4,1,B
3,26909,True,B,A,4,1,B
3,26910,True,B,A,2,0,B
3,26911,False,,,,,
3,26912,True,B,A,3,1,B
3,26913,True,A,B,10,1,A
3,26914,True,A,B,6,1,A
3,26915,True,A,B,4,1,A
3,26916,True,A,B,2,0,A
3,26917,True,B,A,1,1,B
3,26918,True,A,B,0,1,A
3,26919,True,A,B,0,1,A
3,26920,False,,,,,
3,26921,True,A,B,2,0,A
3,26922,True,A,B,0,1,A
3,26923,False,,,,,
3,26924,True,A,B,2,1,A
3,26925,True,B,A,2,0,B
3,26926,True,B,A,1,1,B
3,26927,True,B,A,3,1,B
3,26928,True,A,B,10,1,A
3,26929,True,B,A,1,1,B
3,26930,True,A,B,6,1,A
3,26931,True,B,A,2,1,B
3,26932,True,A,B,4,1,A
3,26933,True,A,B,10,1,A
3,26934,True,B,A,4,1,B
3,26935,True,B,A,1,1,B
3,26936,True,B,A,0,1,B
3,26937,True,A,B,2,0,A
3,26938,True,B,A,3,1,B
3,26939,True,B,A,6,1,B
3,26940,True,A,B,6,1,A
3,26941,True,A,B,2,1,A
3,26942,True,B,A,3,1,B
3,26943,True,B,A,0,1,B
3,26944,True,B,A,4,1,B
3,26945,True,A,B,3,1,A
3,26946,True,B,A,1,1,B
3,26947,True,B,A,1,2,B
3,26948,True,A,B,1,2,A
3,26949,True,A,B,2,0,A
3,26950,True,B,A,4,1,B
3,26951,True,B,A,10,1,B
3,26952,True,B,A,4,1,B
3,26953,True,B,A,1,1,B
3,26954,False,,,,,
3,26955,False,,,,,
3,26956,True,A,B,3,1,A
3,26957,True,A,B,3,1,A
3,26958,False,,,,,
3,26959,True,A,B,1,1,A
3,26960,False,,,,,
3,26961,True,B,A,2,1,B
3,26962,True,A,B,4,1,A
3,26963,True,A,B,1,1,A
3,26964,True,B,A,2,1,B
3,26965,True,A,B,6,1,A
3,26966,True,A,B,2,0,A
3,26967,True,A,B,3,1,A
3,26968,True,A,B,0,1,A
3,26969,True,A,B,4,1,A
3,26970,False,,,,,
3,26971,True,A,B,1,1,A
3,26972,True,A,B,2,0,A
3,26973,True,B,A,2,1,B
3,26974,True,B,A,4,1,B
3,26975,True,A,B,6,1,A
3,26976,True,A,B,4,1,A
3,26977,True,B,A,2,0,B
3,26978,True,A,B,3,1,A
3,26979,True,A,B,1,2,A
3,26980,True,B,A,4,1,B
3,26981,True,A,B,2,0,A
3,26982,True,B,A,1,1,B
3,26983,False,,,,,
3,26984,True,B,A,3,1,B
3,26985,True,A,B,2,0,A
3,26986,True,A,B,0,1,A
3,26987,True,A,B,1,1,A
3,26988,False,,,,,
3,26989,True,A,B,1,2,A
3,26990,True,A,B,4,1,A
3,26991,True,A,B,1,2,A
3,26992,False,,,,,
3,26993,True,A,B,6,1,A
3,26994,True,A,B,1,2,A
3,26995,True,A,B,0,1,A
3,26996,True,B,A,4,1,B
3,26997,True,B,A,2,1,B
3,26998,True,B,A,4,1,B
3,26999,True,B,A,2,0,B
3,27000,True,B,A,0,1,B
3,27001,True,B,A,1,1,B
3,27002,True,A,B,2,0,A
3,27003,True,B,A,6,1,B
3,27004,True,B,A,1,1,B
3,27005,True,A,B,2,0,A
3,27006,True,A,B,10,1,A
3,27007,True,A,B,10,1,A
3,27008,True,A,B,1,1,A
3,27009,True,A,B,10,1,A
3,27010,True,A,B,1,1,A
3,27011,True,B,A,10,1,B
3,27012,True,B,A,10,1,B
3,27013,True,B,A,4,1,B
3,27014,True,B,A,4,1,B
3,27015,True,A,B,1,1,A
3,27016,True,A,B,10,1,A
3,27017,True,A,B,2,0,A
3,27018,True,B,A,4,1,B
3,27019,True,A,B,2,1,A
3,27020,True,B,A,3,1,B
3,27021,True,B,A,10,1,B
3,27022,True,B,A,10,1,B
3,27023,True,A,B,3,1,A
3,27024,True,A,B,2,1,A
3,27025,True,A,B,1,2,A
3,27026,True,A,B,6,1,A
3,27027,True,B,A,2,0,B
3,27028,True,B,A,10,1,B
3,27029,True,B,A,2,0,B
3,27030,True,B,A,2,1,B
3,27031,False,,,,,
3,27032,True,A,B,1,2,A
3,27033,True,A,B,1,2,A
3,27034,True,A,B,2,1,A
3,27035,True,B,A,1,1,B
3,27036,True,A,B,6,1,A
3,27037,True,A,B,6,1,A
3,27038,True,B,A,2,1,B
3,27039,True,B,A,4,1,B
3,27040,True,A,B,1,1,A
3,27041,True,B,A,2,0,B
3,27042,True,A,B,1,2,A
3,27043,False,,,,,
3,27044,True,A,B,4,1,A
3,27045,True,A,B,3,1,A
3,27046,True,A,B,4,1,A
3,27047,True,B,A,2,1,B
3,27048,True,A,B,2,0,A
3,27049,True,B,A,1,1,B
3,27050,True,A,B,1,2,A
3,27051,True,A,B,1,1,A
3,27052,False,,,,,
3,27053,True,B,A,2,0,B
3,27054,True,A,B,4,1,A
3,27055,True,A,B,10,1,A
3,27056,True,B,A,6,1,B
3,27057,True,A,B,2,0,A
3,27058,True,B,A,1,2,B
3,27059,True,A,B,10,1,A
3,27060,True,B,A,2,1,B
3,27061,False,,,,,
3,27062,True,B,A,0,1,B
3,27063,True,B,A,6,1,B
3,27064,True,A,B,1,2,A
3,27065,True,A,B,2,0,A
3,27066,True,B,A,4,1,B
3,27067,False,,,,,
3,27068,False,,,,,
3,27069,True,A,B,4,1,A
3,27070,True,B,A,6,1,B
3,27071,True,B,A,4,1,B
3,27072,True,B,A,2,1,B
3,27073,False,,,,,
3,27074,True,B,A,2,1,B
3,27075,True,A,B,2,1,A
3,27076,False,,,,,
3,27077,True,B,A,6,1,B
3,27078,True,B,A,10,1,B
3,27079,True,A,B,1,2,A
3,27080,True,A,B,0,1,A
3,27081,False,,,,,
3,27082,True,B,A,3,1,B
3,27083,True,B,A,1,2,B
3,27084,True,A,B,0,1,A
3,27085,True,B,A,6,1,B
3,27086,False,,,,,
3,27087,True,B,A,10,1,B
3,27088,True,B,A,2,0,B
3,27089,True,B,A,2,0,B
3,27090,True,B,A,2,0,B
3,27091,True,B,A,3,1,B
3,27092,True,A,B,2,1,A
3,27093,True,A,B,10,1,A
3,27094,True,B,A,6,1,B
3,27095,True,A,B,2,1,A
3,27096,True,B,A,2,0,B
3,27097,True,A,B,4,1,A
3,27098,True,A,B,6,1,A
3,27099,True,B,A,1,1,B
3,27100,True,B,A,4,1,B
3,27101,True,B,A,2,1,B
3,27102,True,B,A,1,2,B
3,27103,True,B,A,3,1,B
3,27104,True,B,A,4,1,B
3,27105,True,A,B,6,1,A
3,27106,True,B,A,1,1,B
3,27107,True,B,A,2,1,B
3,27108,True,A,B,2,1,A
3,27109,True,B,A,1,2,B
3,27110,True,A,B,10,1,A
3,27111,True,B,A,3,1,B
3,27112,True,B,A,2,1,B
3,27113,True,B,A,0,1,B
3,27114,True,A,B,2,0,A
3,27115,True,B,A,4,1,B
3,27116,True,A,B,2,1,A
3,27117,True,A,B,1,1,A
3,27118,True,A,B,4,1,A
3,27119,True,A,B,6,1,A
3,27120,True,B,A,10,1,B
3,27121,True,A,B,6,1,A
3,27122,True,B,A,3,1,B
3,27123,True,B,A,10,1,B
3,27124,True,A,B,2,0,A
3,27125,True,B,A,2,0,B
3,27126,True,A,B,2,1,A
3,27127,True,A,B,4,1,A
3,27128,True,B,A,10,1,B
3,27129,True,A,B,0,1,A
3,27130,True,B,A,0,1,B
3,27131,True,A,B,4,1,A
3,27132,True,B,A,0,1,B
3,27133,True,A,B,6,1,A
3,27134,True,B,A,1,1,B
3,27135,True,B,A,6,1,B
3,27136,True,B,A,4,1,B
3,27137,True,A,B,2,0,A
3,27138,True,B,A,3,1,B
3,27139,True,B,A,10,1,B
3,27140,True,A,B,6,1,A
3,27141,True,A,B,2,1,A
3,27142,True,B,A,6,1,B
3,27143,True,B,A,4,1,B
3,27144,True,A,B,6,1,A
3,27145,True,B,A,1,1,B
3,27146,True,B,A,4,1,B
3,27147,True,A,B,4,1,A
3,27148,True,B,A,2,1,B
3,27149,True,B,A,2,0,B
3,27150,True,B,A,2,1,B
3,27151,True,A,B,6,1,A
3,27152,True,A,B,2,1,A
3,27153,True,B,A,2,0,B
3,27154,True,A,B,2,0,A
3,27155,True,A,B,4,1,A
3,27156,True,A,B,2,1,A
3,27157,True,B,A,2,0,B
3,27158,True,B,A,4,1,B
3,27159,True,A,B,2,0,A
3,27160,True,B,A,10,1,B
3,27161,True,B,A,6,1,B
3,27162,True,B,A,2,0,B
3,27163,True,B,A,4,1,B
3,27164,True,A,B,2,0,A
3,27165,True,A,B,4,1,A
3,27166,True,A,B,1,2,A
3,27167,True,A,B,3,1,A
3,27168,True,B,A,2,1,B
3,27169,True,B,A,4,1,B
3,27170,False,,,,,
3,27171,True,B,A,6,1,B
3,27172,True,B,A,6,1,B
3,27173,True,B,A,10,1,B
3,27174,True,A,B,1,1,A
3,27175,True,B,A,10,1,B
3,27176,True,A,B,1,1,A
3,27177,True,A,B,2,0,A
3,27178,True,A,B,2,1,A
3,27179,True,B,A,10,1,B
3,27180,True,A,B,0,1,A
3,27181,True,B,A,10,1,B
3,27182,True,A,B,1,1,A
3,27183,True,B,A,2,1,B
3,27184,True,B,A,4,1,B
3,27185,True,B,A,10,1,B
3,27186,True,B,A,1,2,B
3,27187,True,B,A,2,0,B
3,27188,True,A,B,6,1,A
3,27189,True,A,B,1,2,A
3,27190,True,B,A,1,1,B
3,27191,True,B,A,3,1,B
3,27192,True,A,B,1,1,A
3,27193,True,B,A,2,0,B
3,27194,True,A,B,2,1,A
3,27195,True,A,B,6,1,A
3,27196,True,B,A,2,0,B
3,27197,True,A,B,1,1,A
3,27198,True,B,A,2,1,B
3,27199,True,A,B,6,1,A
3,27200,True,B,A,3,1,B
3,27201,True,B,A,1,1,B
3,27202,True,A,B,1,1,A
3,27203,True,B,A,0,1,B
3,27204,True,A,B,2,1,A
3,27205,False,,,,,
3,27206,True,B,A,1,2,B
3,27207,True,B,A,6,1,B
3,27208,True,A,B,2,0,A
3,27209,True,B,A,3,1,B
3,27210,True,A,B,3,1,A
3,27211,True,B,A,2,1,B
3,27212,False,,,,,
3,27213,True,A,B,4,1,A
3,27214,True,B,A,4,1,B
3,27215,True,A,B,10,1,A
3,27216,False,,,,,
3,27217,True,A,B,2,0,A
3,27218,True,A,B,1,2,A
3,27219,True,B,A,3,1,B
3,27220,True,B,A,4,1,B
3,27221,True,A,B,2,1,A
3,27222,True,A,B,10,1,A
3,27223,False,,,,,
3,27224,True,B,A,1,1,B
3,27225,True,B,A,4,1,B
3,27226,True,B,A,2,0,B
3,27227,True,A,B,3,1,A
3,27228,True,A,B,1,1,A
3,27229,True,A,B,0,1,A
3,27230,True,A,B,1,2,A
3,27231,True,B,A,3,1,B
3,27232,True,A,B,3,1,A
3,27233,True,A,B,10,1,A
3,27234,True,A,B,6,1,A
3,27235,True,A,B,1,2,A
3,27236,True,A,B,4,1,A
3,27237,True,B,A,4,1,B
3,27238,True,B,A,2,0,B
3,27239,False,,,,,
3,27240,False,,,,,
3,27241,False,,,,,
3,27242,True,A,B,1,1,A
3,27243,True,A,B,0,1,A
3,27244,True,B,A,2,0,B
3,27245,True,B,A,3,1,B
3,27246,True,B,A,1,1,B
3,27247,True,A,B,3,1,A
3,27248,False,,,,,
3,27249,True,B,A,0,1,B
3,27250,True,A,B,1,2,A
3,27251,True,B,A,10,1,B
3,27252,True,A,B,4,1,A
3,27253,True,B,A,10,1,B
3,27254,True,B,A,2,0,B
3,27255,True,B,A,10,1,B
3,27256,True,B,A,2,0,B
3,27257,True,B,A,10,1,B
3,27258,True,A,B,0,1,A
3,27259,True,A,B,6,1,A
3,27260,True,B,A,1,1,B
3,27261,True,A,B,0,1,A
3,27262,True,A,B,6,1,A
3,27263,True,B,A,2,1,B
3,27264,True,B,A,1,2,B
3,27265,True,A,B,1,2,A
3,27266,True,A,B,10,1,A
3,27267,True,B,A,6,1,B
3,27268,True,B,A,3,1,B
3,27269,True,A,B,10,1,A
3,27270,True,A,B,4,1,A
3,27271,True,B,A,2,1,B
3,27272,True,A,B,0,1,A
3,27273,True,A,B,1,1,A
3,27274,True,A,B,0,1,A
3,27275,True,B,A,1,1,B
3,27276,True,B,A,1,1,B
3,27277,True,A,B,6,1,A
3,27278,True,B,A,3,1,B
3,27279,True,B,A,1,1,B
3,27280,True,B,A,2,0,B
3,27281,True,A,B,4,1,A
3,27282,True,A,B,2,0,A
3,27283,True,A,B,0,1,A
3,27284,True,B,A,10,1,B
3,27285,True,A,B,6,1,A
3,27286,True,A,B,6,1,A
3,27287,True,A,B,6,1,A
3,27288,True,A,B,2,1,A
3,27289,True,A,B,3,1,A
3,27290,True,B,A,6,1,B
3,27291,False,,,,,
3,27292,True,B,A,6,1,B
3,27293,True,A,B,6,1,A
3,27294,True,A,B,10,1,A
3,27295,True,B,A,10,1,B
3,27296,True,B,A,1,2,B
3,27297,True,B,A,0,1,B
3,27298,True,A,B,2,0,A
3,27299,True,B,A,2,1,B
3,27300,True,A,B,4,1,A
3,27301,False,,,,,
3,27302,True,B,A,6,1,B
3,27303,True,B,A,1,2,B
3,27304,True,A,B,3,1,A
3,27305,False,,,,,
3,27306,True,A,B,10,1,A
3,27307,True,A,B,3,1,A
3,27308,True,B,A,4,1,B
3,27309,True,B,A,4,1,B
3,27310,True,A,B,6,1,A
3,27311,True,B,A,10,1,B
3,27312,True,B,A,2,1,B
3,27313,True,B,A,2,0,B
3,27314,True,B,A,2,1,B
3,27315,False,,,,,
3,27316,False,,,,,
3,27317,True,A,B,6,1,A
3,27318,False,,,,,
3,27319,True,A,B,10,1,A
3,27320,False,,,,,
3,27321,True,A,B,2,1,A
3,27322,True,A,B,2,0,A
3,27323,True,B,A,2,0,B
3,27324,True,B,A,6,1,B
3,27325,False,,,,,
3,27326,True,A,B,2,1,A
3,27327,True,A,B,2,0,A
3,27328,True,B,A,6,1,B
3,27329,True,B,A,2,0,B
3,27330,True,A,B,1,1,A
3,27331,True,B,A,1,1,B
3,27332,False,,,,,
3,27333,True,B,A,3,1,B
3,27334,False,,,,,
3,27335,False,,,,,
3,27336,True,A,B,10,1,A
3,27337,True,B,A,0,1,B
3,27338,True,B,A,0,1,B
3,27339,True,A,B,10,1,A
3,27340,True,B,A,6,1,B
3,27341,True,A,B,1,2,A
3,27342,True,A,B,2,1,A
3,27343,True,B,A,1,1,B
3,27344,True,A,B,6,1,A
3,27345,True,A,B,6,1,A
3,27346,True,A,B,0,1,A
3,27347,True,A,B,2,0,A
3,27348,True,A,B,1,2,A
3,27349,True,A,B,1,2,A
3,27350,True,B,A,1,1,B
3,27351,True,B,A,10,1,B
3,27352,True,A,B,3,1,A
3,27353,True,B,A,1,2,B
3,27354,True,A,B,2,1,A
3,27355,True,B,A,2,0,B
3,27356,True,B,A,2,0,B
3,27357,True,A,B,1,2,A
3,27358,True,B,A,2,0,B
3,27359,True,B,A,6,1,B
3,27360,True,A,B,1,1,A
3,27361,True,A,B,4,1,A
3,27362,True,B,A,4,1,B
3,27363,True,A,B,4,1,A
3,27364,True,B,A,3,1,B
3,27365,True,B,A,3,1,B
3,27366,True,B,A,2,0,B
3,27367,True,B,A,6,1,B
3,27368,True,A,B,2,1,A
3,27369,True,A,B,6,1,A
3,27370,True,A,B,2,1,A
3,27371,True,B,A,1,2,B
3,27372,True,A,B,2,1,A
3,27373,True,B,A,6,1,B
3,27374,True,A,B,4,1,A
3,27375,True,A,B,2,0,A
3,27376,True,B,A,1,2,B
3,27377,True,A,B,6,1,A
3,27378,True,A,B,10,1,A
3,27379,True,A,B,6,1,A
3,27380,True,A,B,6,1,A
3,27381,True,A,B,0,1,A
3,27382,True,A,B,2,0,A
3,27383,True,B,A,3,1,B
3,27384,True,A,B,10,1,A
3,27385,True,B,A,6,1,B
3,27386,True,B,A,10,1,B
3,27387,True,A,B,4,1,A
3,27388,True,B,A,1,2,B
3,27389,True,B,A,3,1,B
3,27390,True,A,B,1,1,A
3,27391,True,A,B,10,1,A
3,27392,True,B,A,6,1,B
3,27393,True,A,B,2,0,A
3,27394,True,A,B,2,1,A
3,27395,True,B,A,1,1,B
3,27396,True,A,B,3,1,A
3,27397,True,A,B,1,2,A
3,27398,True,A,B,2,1,A
3,27399,True,B,A,6,1,B
3,27400,True,A,B,1,1,A
3,27401,True,A,B,4,1,A
3,27402,True,B,A,3,1,B
3,27403,True,A,B,1,1,A
3,27404,True,B,A,1,1,B
3,27405,True,B,A,2,1,B
3,27406,True,A,B,10,1,A
3,27407,True,B,A,6,1,B
3,27408,True,B,A,2,1,B
3,27409,True,A,B,2,0,A
3,27410,False,,,,,
3,27411,False,,,,,
3,27412,True,B,A,1,1,B
3,27413,True,A,B,2,0,A
3,27414,True,B,A,1,1,B
3,27415,True,B,A,1,2,B
3,27416,True,A,B,6,1,A
3,27417,True,A,B,0,1,A
3,27418,True,B,A,3,1,B
3,27419,True,A,B,2,0,A
3,27420,True,B,A,3,1,B
3,27421,True,B,A,2,0,B
3,27422,False,,,,,
3,27423,True,A,B,10,1,A
3,27424,True,A,B,6,1,A
3,27425,True,A,B,0,1,A
3,27426,True,A,B,3,1,A
3,27427,False,,,,,
3,27428,True,A,B,2,0,A
3,27429,True,B,A,0,1,B
3,27430,True,B,A,10,1,B
3,27431,True,B,A,1,2,B
3,27432,True,B,A,1,1,B
3,27433,True,B,A,2,0,B
3,27434,True,A,B,6,1,A
3,27435,True,A,B,10,1,A
3,27436,True,A,B,3,1,A
3,27437,True,A,B,4,1,A
3,27438,False,,,,,
3,27439,True,A,B,1,1,A
3,27440,True,A,B,3,1,A
3,27441,True,A,B,0,1,A
3,27442,True,A,B,3,1,A
3,27443,True,A,B,10,1,A
3,27444,True,B,A,2,0,B
3,27445,True,A,B,4,1,A
3,27446,True,A,B,2,1,A
3,27447,True,B,A,0,1,B
3,27448,True,B,A,10,1,B
3,27449,True,A,B,2,1,A
3,27450,True,B,A,1,1,B
3,27451,True,B,A,0,1,B
3,27452,True,B,A,1,2,B
3,27453,True,B,A,4,1,B
3,27454,True,B,A,4,1,B
3,27455,True,A,B,10,1,A
3,27456,True,A,B,1,1,A
3,27457,True,A,B,0,1,A
3,27458,True,B,A,10,1,B
3,27459,True,A,B,1,2,A
3,27460,True,B,A,3,1,B
3,27461,True,A,B,1,1,A
3,27462,True,A,B,1,2,A
3,27463,True,A,B,6,1,A
3,27464,True,A,B,1,1,A
3,27465,True,A,B,1,2,A
3,27466,True,A,B,4,1,A
3,27467,True,A,B,4,1,A
3,27468,True,B,A,6,1,B
3,27469,False,,,,,
3,27470,True,A,B,0,1,A
3,27471,True,A,B,6,1,A
3,27472,False,,,,,
3,27473,True,A,B,2,1,A
3,27474,True,A,B,2,0,A
3,27475,True,B,A,3,1,B
3,27476,True,A,B,3,1,A
3,27477,True,A,B,10,1,A
3,27478,True,A,B,1,1,A
3,27479,True,B,A,4,1,B
3,27480,True,A,B,6,1,A
3,27481,True,B,A,6,1,B
3,27482,True,B,A,6,1,B
3,27483,True,A,B,0,1,A
3,27484,True,A,B,0,1,A
3,27485,True,A,B,1,1,A
3,27486,True,A,B,2,1,A
3,27487,True,B,A,2,0,B
3,27488,True,A,B,4,1,A
3,27489,True,A,B,3,1,A
3,27490,False,,,,,
3,27491,True,A,B,3,1,A
3,27492,True,A,B,1,2,A
3,27493,True,A,B,2,0,A
3,27494,True,B,A,2,0,B
3,27495,True,A,B,2,0,A
3,27496,True,A,B,2,1,A
3,27497,True,A,B,6,1,A
3,27498,True,A,B,0,1,A
3,27499,True,A,B,6,1,A
3,27500,True,B,A,2,1,B
3,27501,True,B,A,0,1,B
3,27502,True,A,B,2,1,A
3,27503,True,A,B,3,1,A
3,27504,True,A,B,3,1,A
3,27505,True,B,A,3,1,B
3,27506,True,B,A,3,1,B
3,27507,True,B,A,6,1,B
3,27508,True,A,B,10,1,A
3,27509,True,A,B,6,1,A
3,27510,True,B,A,10,1,B
3,27511,True,A,B,4,1,A
3,27512,True,A,B,4,1,A
3,27513,True,A,B,0,1,A
3,27514,True,B,A,6,1,B
3,27515,True,B,A,0,1,B
3,27516,True,A,B,1,2,A
3,27517,True,B,A,6,1,B
3,27518,True,B,A,2,1,B
3,27519,True,B,A,0,1,B
3,27520,True,B,A,3,1,B
3,27521,True,A,B,2,0,A
3,27522,True,A,B,4,1,A
3,27523,True,A,B,1,1,A
3,27524,True,A,B,1,2,A
3,27525,True,A,B,3,1,A
3,27526,True,B,A,2,0,B
3,27527,True,A,B,2,1,A
3,27528,True,A,B,10,1,A
3,27529,True,A,B,3,1,A
3,27530,True,A,B,0,1,A
3,27531,True,B,A,6,1,B
3,27532,True,A,B,10,1,A
3,27533,True,B,A,3,1,B
3,27534,True,B,A,10,1,B
3,27535,True,B,A,10,1,B
3,27536,True,A,B,0,1,A
3,27537,True,B,A,4,1,B
3,27538,True,A,B,2,0,A
3,27539,True,B,A,4,1,B
3,27540,True,B,A,1,1,B
3,27541,True,A,B,0,1,A
3,27542,True,A,B,2,0,A
3,27543,True,B,A,4,1,B
3,27544,True,B,A,1,1,B
3,27545,True,B,A,3,1,B
3,27546,True,B,A,6,1,B
3,27547,True,A,B,4,1,A
3,27548,True,B,A,1,1,B
3,27549,True,A,B,6,1,A
3,27550,True,B,A,2,1,B
3,27551,True,A,B,2,0,A
3,27552,True,B,A,2,0,B
3,27553,True,B,A,0,1,B
3,27554,True,A,B,1,2,A
3,27555,False,,,,,
3,27556,True,B,A,2,1,B
3,27557,True,B,A,0,1,B
3,27558,True,B,A,10,1,B
3,27559,True,A,B,0,1,A
3,27560,True,A,B,1,2,A
3,27561,True,B,A,2,0,B
3,27562,True,A,B,4,1,A
3,27563,False,,,,,
3,27564,True,A,B,0,1,A
3,27565,True,A,B,6,1,A
3,27566,True,B,A,1,1,B
3,27567,True,B,A,2,0,B
3,27568,True,B,A,1,1,B
3,27569,True,A,B,2,1,A
3,27570,True,A,B,2,0,A
3,27571,True,B,A,2,1,B
3,27572,True,B,A,3,1,B
3,27573,True,B,A,1,1,B
3,27574,True,A,B,10,1,A
3,27575,True,A,B,0,1,A
3,27576,False,,,,,
3,27577,True,A,B,4,1,A
3,27578,True,A,B,1,1,A
3,27579,False,,,,,
3,27580,True,B,A,1,2,B
3,27581,True,B,A,10,1,B
3,27582,True,A,B,1,2,A
3,27583,True,B,A,6,1,B
3,27584,True,B,A,3,1,B
3,27585,True,A,B,2,1,A
3,27586,True,B,A,2,0,B
3,27587,True,B,A,4,1,B
3,27588,True,A,B,6,1,A
3,27589,True,B,A,2,0,B
3,27590,True,B,A,6,1,B
3,27591,True,A,B,0,1,A
3,27592,True,B,A,6,1,B
3,27593,True,B,A,2,0,B
3,27594,True,A,B,10,1,A
3,27595,True,A,B,2,0,A
3,27596,True,B,A,2,0,B
3,27597,True,B,A,1,1,B
3,27598,True,B,A,3,1,B
3,27599,True,A,B,3,1,A
3,27600,True,A,B,10,1,A
3,27601,True,A,B,4,1,A
3,27602,True,B,A,6,1,B
3,27603,True,A,B,6,1,A
3,27604,True,B,A,0,1,B
3,27605,True,B,A,1,2,B
3,27606,True,A,B,1,1,A
3,27607,False,,,,,
3,27608,True,A,B,1,1,A
3,27609,False,,,,,
3,27610,True,B,A,10,1,B
3,27611,True,B,A,6,1,B
3,27612,True,B,A,6,1,B
3,27613,True,B,A,3,1,B
3,27614,True,B,A,6,1,B
3,27615,True,A,B,6,1,A
3,27616,True,A,B,3,1,A
3,27617,True,B,A,2,1,B
3,27618,False,,,,,
3,27619,True,A,B,3,1,A
3,27620,True,A,B,3,1,A
3,27621,True,A,B,2,1,A
3,27622,True,B,A,2,1,B
3,27623,True,A,B,10,1,A
3,27624,False,,,,,
3,27625,True,A,B,6,1,A
3,27626,True,B,A,4,1,B
3,27627,True,A,B,3,1,A
3,27628,True,B,A,2,0,B
3,27629,True,B,A,4,1,B
3,27630,True,A,B,3,1,A
3,27631,True,A,B,3,1,A
3,27632,True,B,A,10,1,B
3,27633,True,A,B,4,1,A
3,27634,True,A,B,2,1,A
3,27635,True,A,B,0,1,A
3,27636,True,A,B,2,1,A
3,27637,True,A,B,3,1,A
3,27638,True,B,A,0,1,B
3,27639,True,B,A,2,1,B
3,27640,True,B,A,1,1,B
3,27641,True,A,B,10,1,A
3,27642,True,A,B,4,1,A
3,27643,True,B,A,0,1,B
3,27644,True,B,A,2,1,B
3,27645,True,A,B,10,1,A
3,27646,True,B,A,6,1,B
3,27647,True,B,A,4,1,B
3,27648,True,A,B,1,1,A
3,27649,True,A,B,4,1,A
3,27650,True,B,A,1,1,B
3,27651,True,A,B,1,2,A
3,27652,True,A,B,6,1,A
3,27653,True,A,B,10,1,A
3,27654,True,A,B,10,1,A
3,27655,True,A,B,4,1,A
3,27656,True,B,A,4,1,B
3,27657,False,,,,,
3,27658,True,A,B,1,1,A
3,27659,True,A,B,6,1,A
3,27660,True,B,A,2,0,B
3,27661,True,A,B,1,2,A
3,27662,True,B,A,4,1,B
3,27663,True,B,A,1,1,B
3,27664,True,A,B,0,1,A
3,27665,True,B,A,2,1,B
3,27666,True,A,B,10,1,A
3,27667,True,B,A,2,1,B
3,27668,True,B,A,2,0,B
3,27669,True,A,B,10,1,A
3,27670,True,A,B,2,0,A
3,27671,True,A,B,3,1,A
3,27672,True,A,B,6,1,A
3,27673,True,B,A,3,1,B
3,27674,True,B,A,10,1,B
3,27675,True,B,A,2,1,B
3,27676,True,A,B,3,1,A
3,27677,True,A,B,2,0,A
3,27678,True,A,B,3,1,A
3,27679,True,B,A,2,1,B
3,27680,True,A,B,1,1,A
3,27681,True,A,B,10,1,A
3,27682,True,B,A,3,1,B
3,27683,True,A,B,4,1,A
3,27684,False,,,,,
3,27685,True,A,B,1,2,A
3,27686,True,A,B,3,1,A
3,27687,True,A,B,10,1,A
3,27688,True,A,B,1,1,A
3,27689,False,,,,,
3,27690,True,A,B,1,2,A
3,27691,True,A,B,1,1,A
3,27692,True,B,A,10,1,B
3,27693,True,B,A,6,1,B
3,27694,True,B,A,3,1,B
3,27695,True,B,A,1,2,B
3,27696,False,,,,,
3,27697,True,A,B,0,1,A
3,27698,True,B,A,2,1,B
3,27699,True,B,A,2,0,B
3,27700,True,B,A,4,1,B
3,27701,True,A,B,10,1,A
3,27702,True,A,B,10,1,A
3,27703,True,B,A,1,2,B
3,27704,True,B,A,1,1,B
3,27705,True,B,A,1,2,B
3,27706,True,B,A,6,1,B
3,27707,True,B,A,6,1,B
3,27708,True,B,A,10,1,B
3,27709,True,B,A,2,1,B
3,27710,True,A,B,3,1,A
3,27711,True,A,B,1,1,A
3,27712,True,A,B,3,1,A
3,27713,True,B,A,10,1,B
3,27714,True,A,B,1,2,A
3,27715,True,A,B,10,1,A
3,27716,True,A,B,3,1,A
3,27717,False,,,,,
3,27718,True,A,B,2,0,A
3,27719,True,A,B,3,1,A
3,27720,True,B,A,3,1,B
3,27721,True,A,B,3,1,A
3,27722,True,A,B,10,1,A
3,27723,True,A,B,0,1,A
3,27724,True,A,B,2,0,A
3,27725,True,B,A,2,1,B
3,27726,True,B,A,10,1,B
3,27727,True,A,B,0,1,A
3,27728,True,B,A,4,1,B
3,27729,True,B,A,10,1,B
3,27730,True,A,B,2,1,A
3,27731,True,A,B,10,1,A
3,27732,False,,,,,
3,27733,True,B,A,2,1,B
3,27734,True,A,B,1,2,A
3,27735,True,A,B,4,1,A
3,27736,True,A,B,1,2,A
3,27737,True,B,A,6,1,B
3,27738,True,B,A,10,1,B
3,27739,True,A,B,10,1,A
3,27740,True,B,A,3,1,B
3,27741,True,A,B,4,1,A
3,27742,True,A,B,3,1,A
3,27743,True,A,B,2,1,A
3,27744,True,A,B,1,2,A
3,27745,True,B,A,2,1,B
3,27746,True,B,A,1,2,B
3,27747,True,A,B,10,1,A
3,27748,True,B,A,2,0,B
3,27749,True,B,A,3,1,B
3,27750,True,B,A,10,1,B
3,27751,True,A,B,0,1,A
3,27752,True,A,B,1,2,A
3,27753,True,A,B,1,1,A
3,27754,True,A,B,3,1,A
3,27755,True,B,A,4,1,B
3,27756,True,B,A,6,1,B
3,27757,True,A,B,0,1,A
3,27758,True,A,B,4,1,A
3,27759,True,B,A,2,1,B
3,27760,True,A,B,3,1,A
3,27761,True,A,B,6,1,A
3,27762,True,B,A,4,1,B
3,27763,True,B,A,4,1,B
3,27764,True,B,A,4,1,B
3,27765,True,A,B,6,1,A
3,27766,True,A,B,1,1,A
3,27767,True,A,B,10,1,A
3,27768,True,B,A,2,1,B
3,27769,True,A,B,1,1,A
3,27770,True,B,A,4,1,B
3,27771,True,A,B,2,1,A
3,27772,True,B,A,1,2,B
3,27773,True,B,A,0,1,B
3,27774,True,A,B,2,0,A
3,27775,True,B,A,10,1,B
3,27776,True,B,A,3,1,B
3,27777,True,A,B,6,1,A
3,27778,True,B,A,4,1,B
3,27779,True,A,B,2,0,A
3,27780,True,A,B,6,1,A
3,27781,True,B,A,10,1,B
3,27782,True,A,B,4,1,A
3,27783,True,A,B,1,2,A
3,27784,True,B,A,6,1,B
3,27785,True,B,A,10,1,B
3,27786,True,B,A,6,1,B
3,27787,True,B,A,1,1,B
3,27788,True,A,B,6,1,A
3,27789,True,B,A,2,0,B
3,27790,True,A,B,1,1,A
3,27791,True,A,B,0,1,A
3,27792,True,B,A,6,1,B
3,27793,True,B,A,2,1,B
3,27794,True,B,A,10,1,B
3,27795,True,B,A,1,2,B
3,27796,True,A,B,6,1,A
3,27797,True,B,A,1,2,B
3,27798,True,A,B,1,1,A
3,27799,True,A,B,10,1,A
3,27800,True,B,A,0,1,B
3,27801,True,A,B,3,1,A
3,27802,True,B,A,2,0,B
3,27803,True,B,A,4,1,B
3,27804,True,A,B,1,2,A
3,27805,True,B,A,10,1,B
3,27806,True,A,B,2,1,A
3,27807,True,A,B,6,1,A
3,27808,True,B,A,6,1,B
3,27809,True,B,A,1,1,B
3,27810,True,B,A,10,1,B
3,27811,True,A,B,2,1,A
3,27812,True,B,A,6,1,B
3,27813,True,B,A,0,1,B
3,27814,True,A,B,0,1,A
3,27815,True,B,A,10,1,B
3,27816,True,A,B,3,1,A
3,27817,True,B,A,1,2,B
3,27818,True,A,B,1,2,A
3,27819,True,B,A,1,2,B
3,27820,True,A,B,6,1,A
3,27821,True,B,A,2,0,B
3,27822,True,A,B,4,1,A
3,27823,True,B,A,0,1,B
3,27824,True,A,B,2,0,A
3,27825,True,A,B,6,1,A
3,27826,True,A,B,10,1,A
3,27827,False,,,,,
3,27828,True,A,B,4,1,A
3,27829,True,B,A,6,1,B
3,27830,True,B,A,2,0,B
3,27831,True,B,A,3,1,B
3,27832,True,B,A,1,2,B
3,27833,True,B,A,1,2,B
3,27834,True,B,A,1,1,B
3,27835,True,A,B,10,1,A
3,27836,True,B,A,1,2,B
3,27837,True,B,A,2,1,B
3,27838,True,B,A,3,1,B
3,27839,True,B,A,3,1,B
3,27840,True,B,A,0,1,B
3,27841,True,B,A,6,1,B
3,27842,True,B,A,2,0,B
3,27843,True,B,A,1,1,B
3,27844,True,B,A,10,1,B
3,27845,True,B,A,3,1,B
3,27846,True,B,A,2,1,B
3,27847,True,B,A,3,1,B
3,27848,True,B,A,1,2,B
3,27849,True,B,A,1,2,B
3,27850,True,B,A,4,1,B
3,27851,False,,,,,
3,27852,True,B,A,0,1,B
3,27853,True,B,A,2,0,B
3,27854,True,A,B,3,1,A
3,27855,True,B,A,2,1,B
3,27856,True,A,B,2,0,A
3,27857,True,A,B,1,2,A
3,27858,False,,,,,
3,27859,True,A,B,2,0,A
3,27860,True,A,B,10,1,A
3,27861,True,B,A,1,2,B
3,27862,True,B,A,1,2,B
3,27863,True,B,A,0,1,B
3,27864,True,B,A,1,2,B
3,27865,True,B,A,4,1,B
3,27866,True,A,B,3,1,A
3,27867,True,A,B,6,1,A
3,27868,True,B,A,6,1,B
3,27869,False,,,,,
3,27870,True,A,B,1,2,A
3,27871,True,A,B,0,1,A
3,27872,True,A,B,10,1,A
3,27873,False,,,,,
3,27874,False,,,,,
3,27875,True,A,B,1,2,A
3,27876,True,B,A,4,1,B
3,27877,True,B,A,1,2,B
3,27878,True,B,A,10,1,B
3,27879,True,B,A,4,1,B
3,27880,True,A,B,1,1,A
3,27881,True,A,B,2,1,A
3,27882,True,A,B,4,1,A
3,27883,True,A,B,3,1,A
3,27884,True,A,B,10,1,A
3,27885,False,,,,,
3,27886,True,A,B,1,1,A
3,27887,True,A,B,2,0,A
3,27888,True,A,B,6,1,A
3,27889,True,B,A,2,0,B
3,27890,True,A,B,10,1,A
3,27891,True,A,B,2,0,A
3,27892,False,,,,,
3,27893,True,A,B,2,0,A
3,27894,True,A,B,0,1,A
3,27895,True,A,B,0,1,A
3,27896,True,B,A,4,1,B
3,27897,True,A,B,4,1,A
3,27898,True,B,A,10,1,B
3,27899,True,A,B,1,1,A
3,27900,True,B,A,3,1,B
3,27901,True,A,B,2,0,A
3,27902,True,A,B,2,0,A
3,27903,True,A,B,2,0,A
3,27904,True,B,A,6,1,B
3,27905,True,A,B,4,1,A
3,27906,True,A,B,2,0,A
3,27907,True,B,A,1,1,B
3,27908,True,A,B,3,1,A
3,27909,True,B,A,2,1,B
3,27910,True,B,A,3,1,B
3,27911,True,B,A,2,0,B
3,27912,True,B,A,2,1,B
3,27913,True,A,B,3,1,A
3,27914,True,A,B,3,1,A
3,27915,True,B,A,6,1,B
3,27916,True,A,B,6,1,A
3,27917,False,,,,,
3,27918,True,A,B,1,2,A
3,27919,True,A,B,1,1,A
3,27920,True,A,B,0,1,A
3,27921,True,B,A,6,1,B
3,27922,True,A,B,4,1,A
3,27923,True,B,A,6,1,B
3,27924,True,B,A,10,1,B
3,27925,True,A,B,10,1,A
3,27926,True,A,B,1,1,A
3,27927,True,B,A,0,1,B
3,27928,True,B,A,3,1,B
3,27929,True,B,A,3,1,B
3,27930,True,B,A,10,1,B
3,27931,True,B,A,0,1,B
3,27932,True,B,A,3,1,B
3,27933,True,B,A,10,1,B
3,27934,True,B,A,2,1,B
3,27935,True,B,A,2,0,B
3,27936,False,,,,,
3,27937,True,A,B,1,2,A
3,27938,True,B,A,2,0,B
3,27939,True,A,B,10,1,A
3,27940,True,B,A,2,0,B
3,27941,True,A,B,2,1,A
3,27942,True,A,B,2,0,A
3,27943,True,A,B,3,1,A
3,27944,True,A,B,10,1,A
3,27945,True,A,B,3,1,A
3,27946,True,B,A,6,1,B
3,27947,True,B,A,1,1,B
3,27948,True,B,A,10,1,B
3,27949,False,,,,,
3,27950,True,B,A,10,1,B
3,27951,True,B,A,6,1,B
3,27952,True,B,A,2,0,B
3,27953,True,B,A,6,1,B
3,27954,True,A,B,10,1,A
3,27955,True,A,B,6,1,A
3,27956,True,B,A,3,1,B
3,27957,True,A,B,6,1,A
3,27958,True,B,A,2,0,B
3,27959,True,A,B,1,1,A
3,27960,True,B,A,6,1,B
3,27961,True,A,B,1,1,A
3,27962,True,A,B,1,2,A
3,27963,True,B,A,4,1,B
3,27964,False,,,,,
3,27965,True,A,B,2,0,A
3,27966,True,B,A,2,1,B
3,27967,True,A,B,4,1,A
3,27968,False,,,,,
3,27969,True,A,B,0,1,A
3,27970,True,A,B,2,1,A
3,27971,True,A,B,4,1,A
3,27972,True,B,A,2,1,B
3,27973,True,A,B,4,1,A
3,27974,True,B,A,1,1,B
3,27975,True,A,B,1,1,A
3,27976,True,B,A,1,1,B
3,27977,True,B,A,0,1,B
3,27978,True,A,B,6,1,A
3,27979,True,A,B,2,0,A
3,27980,True,B,A,2,0,B
3,27981,True,B,A,2,1,B
3,27982,True,A,B,0,1,A
3,27983,True,A,B,1,1,A
3,27984,True,A,B,6,1,A
3,27985,True,A,B,10,1,A
3,27986,True,B,A,4,1,B
3,27987,True,B,A,3,1,B
3,27988,True,A,B,6,1,A
3,27989,True,A,B,2,1,A
3,27990,True,A,B,4,1,A
3,27991,True,A,B,0,1,A
3,27992,True,A,B,4,1,A
3,27993,True,A,B,1,1,A
3,27994,True,B,A,2,0,B
3,27995,True,B,A,2,0,B
3,27996,False,,,,,
3,27997,True,A,B,10,1,A
3,27998,False,,,,,
3,27999,True,A,B,2,0,A
3,28000,True,A,B,0,1,A
3,28001,True,B,A,0,1,B
3,28002,True,B,A,1,1,B
3,28003,True,A,B,6,1,A
3,28004,True,B,A,6,1,B
3,28005,True,A,B,4,1,A
3,28006,True,A,B,0,1,A
3,28007,True,B,A,6,1,B
3,28008,True,A,B,1,1,A
3,28009,True,B,A,3,1,B
3,28010,True,A,B,2,0,A
3,28011,True,A,B,2,0,A
3,28012,True,B,A,3,1,B
3,28013,True,B,A,2,1,B
3,28014,True,A,B,3,1,A
3,28015,True,B,A,1,1,B
3,28016,True,B,A,2,0,B
3,28017,True,B,A,10,1,B
3,28018,True,A,B,1,1,A
3,28019,True,A,B,4,1,A
3,28020,True,A,B,0,1,A
3,28021,True,B,A,6,1,B
3,28022,True,B,A,4,1,B
3,28023,True,B,A,10,1,B
3,28024,True,A,B,10,1,A
3,28025,True,A,B,6,1,A
3,28026,True,B,A,1,2,B
3,28027,True,A,B,2,0,A
3,28028,True,A,B,3,1,A
3,28029,True,B,A,1,2,B
3,28030,True,A,B,10,1,A
3,28031,True,B,A,3,1,B
3,28032,True,B,A,10,1,B
3,28033,True,B,A,4,1,B
3,28034,True,A,B,10,1,A
3,28035,True,A,B,0,1,A
3,28036,True,A,B,4,1,A
3,28037,True,A,B,6,1,A
3,28038,True,A,B,3,1,A
3,28039,True,B,A,3,1,B
3,28040,True,A,B,3,1,A
3,28041,False,,,,,
3,28042,True,B,A,2,1,B
3,28043,True,B,A,0,1,B
3,28044,True,A,B,10,1,A
3,28045,True,B,A,1,2,B
3,28046,True,B,A,2,0,B
3,28047,True,B,A,2,0,B
3,28048,True,B,A,10,1,B
3,28049,False,,,,,
3,28050,True,A,B,2,1,A
3,28051,True,A,B,1,2,A
3,28052,True,A,B,1,2,A
3,28053,False,,,,,
3,28054,True,B,A,6,1,B
3,28055,True,A,B,1,2,A
3,28056,True,B,A,6,1,B
3,28057,True,B,A,4,1,B
3,28058,True,A,B,4,1,A
3,28059,True,A,B,3,1,A
3,28060,True,A,B,2,1,A
3,28061,True,A,B,6,1,A
3,28062,False,,,,,
3,28063,True,B,A,3,1,B
3,28064,False,,,,,
3,28065,True,B,A,0,1,B
3,28066,True,B,A,2,0,B
3,28067,True,B,A,2,1,B
3,28068,True,B,A,3,1,B
3,28069,True,B,A,0,1,B
3,28070,True,B,A,1,1,B
3,28071,True,A,B,2,1,A
3,28072,True,B,A,1,1,B
3,28073,True,B,A,4,1,B
3,28074,True,A,B,10,1,A
3,28075,True,B,A,10,1,B
3,28076,True,B,A,6,1,B
3,28077,False,,,,,
3,28078,True,B,A,4,1,B
3,28079,True,B,A,10,1,B
3,28080,True,B,A,6,1,B
3,28081,True,A,B,10,1,A
3,28082,True,A,B,1,1,A
3,28083,False,,,,,
3,28084,True,B,A,0,1,B
3,28085,True,A,B,2,0,A
3,28086,True,A,B,10,1,A
3,28087,True,B,A,2,1,B
3,28088,True,A,B,3,1,A
3,28089,True,A,B,4,1,A
3,28090,True,A,B,1,2,A
3,28091,True,B,A,1,1,B
3,28092,True,B,A,2,0,B
3,28093,True,A,B,4,1,A
3,28094,True,B,A,6,1,B
3,28095,True,B,A,3,1,B
3,28096,True,A,B,2,1,A
3,28097,True,B,A,1,1,B
3,28098,True,A,B,0,1,A
3,28099,True,A,B,10,1,A
3,28100,True,B,A,10,1,B
3,28101,False,,,,,
3,28102,True,A,B,1,1,A
3,28103,True,A,B,3,1,A
3,28104,True,B,A,2,1,B
3,28105,True,A,B,2,0,A
3,28106,True,B,A,3,1,B
3,28107,True,A,B,0,1,A
3,28108,True,A,B,6,1,A
3,28109,True,B,A,3,1,B
3,28110,True,B,A,10,1,B
3,28111,True,B,A,0,1,B
3,28112,True,B,A,2,1,B
3,28113,True,A,B,0,1,A
3,28114,True,A,B,2,0,A
3,28115,True,B,A,1,2,B
3,28116,True,B,A,2,0,B
3,28117,True,A,B,2,0,A
3,28118,True,B,A,1,2,B
3,28119,True,A,B,10,1,A
3,28120,True,A,B,0,1,A
3,28121,False,,,,,
3,28122,True,B,A,2,0,B
3,28123,True,A,B,3,1,A
3,28124,True,B,A,3,1,B
3,28125,True,A,B,1,1,A
3,28126,True,B,A,2,0,B
3,28127,True,B,A,3,1,B
3,28128,True,A,B,3,1,A
3,28129,True,A,B,1,2,A
3,28130,True,B,A,0,1,B
3,28131,True,A,B,2,1,A
3,28132,True,B,A,10,1,B
3,28133,True,B,A,10,1,B
3,28134,False,,,,,
3,28135,True,A,B,1,2,A
3,28136,True,B,A,4,1,B
3,28137,True,A,B,2,1,A
3,28138,True,A,B,3,1,A
3,28139,True,A,B,2,1,A
3,28140,True,A,B,4,1,A
3,28141,False,,,,,
3,28142,True,B,A,2,1,B
3,28143,True,B,A,1,1,B
3,28144,True,A,B,6,1,A
3,28145,True,A,B,10,1,A
3,28146,True,A,B,1,2,A
3,28147,False,,,,,
3,28148,True,A,B,2,1,A
3,28149,True,A,B,10,1,A
3,28150,True,A,B,1,2,A
3,28151,True,B,A,2,1,B
3,28152,True,B,A,2,0,B
3,28153,True,A,B,2,1,A
3,28154,True,B,A,3,1,B
3,28155,True,B,A,1,1,B
3,28156,True,B,A,2,0,B
3,28157,True,B,A,1,1,B
3,28158,True,B,A,3,1,B
3,28159,True,A,B,3,1,A
3,28160,False,,,,,
3,28161,True,B,A,2,0,B
3,28162,True,B,A,3,1,B
3,28163,True,B,A,3,1,B
3,28164,True,B,A,3,1,B
3,28165,True,A,B,3,1,A
3,28166,True,A,B,2,1,A
3,28167,True,B,A,10,1,B
3,28168,True,A,B,1,2,A
3,28169,False,,,,,
3,28170,True,A,B,1,2,B
3,28171,True,B,A,1,2,B
3,28172,True,B,A,1,2,B
3,28173,True,A,B,10,1,A
3,28174,True,B,A,6,1,B
3,28175,True,A,B,10,1,A
3,28176,True,A,B,0,1,A
3,28177,True,B,A,1,1,B
3,28178,True,B,A,2,0,B
3,28179,True,A,B,1,2,A
3,28180,True,B,A,2,1,B
3,28181,True,B,A,2,1,B
3,28182,True,B,A,1,1,B
3,28183,True,A,B,10,1,A
3,28184,True,B,A,2,1,B
3,28185,True,A,B,0,1,A
3,28186,True,B,A,2,1,B
3,28187,True,A,B,6,1,A
3,28188,True,B,A,3,1,B
3,28189,True,A,B,10,1,A
3,28190,True,A,B,10,1,A
3,28191,True,B,A,6,1,B
3,28192,True,A,B,4,1,A
3,28193,True,B,A,3,1,B
3,28194,True,B,A,10,1,B
3,28195,True,B,A,6,1,B
3,28196,True,A,B,4,1,A
3,28197,True,B,A,4,1,B
3,28198,True,A,B,10,1,A
3,28199,True,B,A,0,1,B
3,28200,True,A,B,2,0,A
3,28201,True,A,B,10,1,A
3,28202,True,B,A,2,1,B
3,28203,True,B,A,3,1,B
3,28204,True,A,B,1,1,A
3,28205,True,B,A,2,1,B
3,28206,True,B,A,4,1,B
3,28207,True,B,A,3,1,B
3,28208,True,A,B,0,1,A
3,28209,True,A,B,0,1,A
3,28210,True,A,B,0,1,A
3,28211,True,B,A,0,1,B
3,28212,True,B,A,10,1,B
3,28213,True,A,B,2,0,A
3,28214,True,A,B,0,1,A
3,28215,True,A,B,10,1,A
3,28216,True,A,B,4,1,A
3,28217,True,B,A,3,1,B
3,28218,True,A,B,1,1,A
3,28219,True,B,A,2,1,B
3,28220,True,A,B,6,1,A
3,28221,True,A,B,4,1,A
3,28222,True,B,A,0,1,B
3,28223,True,B,A,0,1,B
3,28224,True,B,A,4,1,B
3,28225,True,B,A,3,1,B
3,28226,True,B,A,4,1,B
3,28227,True,A,B,6,1,A
3,28228,True,A,B,0,1,A
3,28229,True,A,B,6,1,A
3,28230,True,B,A,10,1,B
3,28231,True,B,A,1,2,B
3,28232,False,,,,,
3,28233,True,B,A,6,1,B
3,28234,True,A,B,6,1,A
3,28235,False,,,,,
3,28236,True,A,B,1,2,A
3,28237,True,B,A,2,0,B
3,28238,True,A,B,0,1,A
3,28239,True,A,B,0,1,A
3,28240,True,B,A,0,1,B
3,28241,True,B,A,6,1,B
3,28242,True,A,B,2,0,A
3,28243,True,A,B,4,1,A
3,28244,True,A,B,3,1,A
3,28245,True,B,A,1,1,B
3,28246,True,B,A,1,1,B
3,28247,True,B,A,3,1,B
3,28248,True,A,B,2,1,A
3,28249,True,A,B,0,1,A
3,28250,True,A,B,1,1,A
3,28251,True,A,B,2,1,A
3,28252,True,A,B,4,1,A
3,28253,True,A,B,1,1,A
3,28254,True,B,A,6,1,B
3,28255,True,B,A,10,1,B
3,28256,True,B,A,10,1,B
3,28257,False,,,,,
3,28258,True,B,A,1,2,B
3,28259,True,A,B,0,1,A
3,28260,True,B,A,2,1,B
3,28261,True,B,A,2,0,B
3,28262,True,B,A,3,1,B
3,28263,True,A,B,0,1,A
3,28264,False,,,,,
3,28265,True,B,A,2,1,B
3,28266,True,A,B,2,0,A
3,28267,True,A,B,0,1,A
3,28268,True,A,B,10,1,A
3,28269,True,B,A,1,2,B
3,28270,True,B,A,0,1,B
3,28271,False,,,,,
3,28272,True,A,B,1,2,A
3,28273,False,,,,,
3,28274,True,A,B,1,1,A
3,28275,True,A,B,2,1,A
3,28276,True,B,A,6,1,B
3,28277,True,A,B,4,1,A
3,28278,True,B,A,1,2,B
3,28279,True,B,A,1,1,B
3,28280,False,,,,,
3,28281,True,B,A,0,1,B
3,28282,True,A,B,2,1,A
3,28283,True,A,B,2,0,A
3,28284,True,B,A,10,1,B
3,28285,True,B,A,2,0,B
3,28286,True,A,B,4,1,A
3,28287,True,B,A,4,1,B
3,28288,True,B,A,2,0,B
3,28289,False,,,,,
3,28290,True,A,B,4,1,A
3,28291,True,A,B,2,1,A
3,28292,True,B,A,3,1,B
3,28293,True,A,B,2,1,A
3,28294,False,,,,,
3,28295,True,B,A,1,1,B
3,28296,True,B,A,0,1,B
3,28297,True,B,A,2,1,B
3,28298,True,B,A,6,1,B
3,28299,True,A,B,0,1,A
3,28300,True,B,A,10,1,B
3,28301,True,B,A,10,1,B
3,28302,False,,,,,
3,28303,True,B,A,2,1,B
3,28304,False,,,,,
3,28305,True,A,B,10,1,A
3,28306,True,A,B,0,1,A
3,28307,True,A,B,10,1,A
3,28308,True,B,A,3,1,B
3,28309,True,A,B,10,1,A
3,28310,True,A,B,6,1,A
3,28311,True,A,B,10,1,A
3,28312,True,A,B,2,1,A
3,28313,False,,,,,
3,28314,False,,,,,
3,28315,True,A,B,1,2,A
3,28316,True,B,A,2,0,B
3,28317,True,B,A,3,1,B
3,28318,True,B,A,10,1,B
3,28319,True,A,B,6,1,A
3,28320,True,A,B,10,1,A
3,28321,True,A,B,4,1,A
3,28322,False,,,,,
3,28323,True,A,B,6,1,A
3,28324,True,B,A,4,1,B
3,28325,True,B,A,1,1,B
3,28326,True,B,A,2,1,B
3,28327,True,A,B,1,1,A
3,28328,True,B,A,2,0,B
3,28329,True,B,A,3,1,B
3,28330,False,,,,,
3,28331,True,B,A,10,1,B
3,28332,True,B,A,6,1,B
3,28333,True,B,A,2,0,B
3,28334,True,A,B,1,2,A
3,28335,True,B,A,1,2,B
3,28336,True,B,A,6,1,B
3,28337,True,B,A,10,1,B
3,28338,True,A,B,3,1,A
3,28339,True,B,A,2,1,B
3,28340,False,,,,,
3,28341,True,A,B,10,1,A
3,28342,True,B,A,0,1,B
3,28343,True,B,A,4,1,B
3,28344,True,B,A,1,1,B
3,28345,True,A,B,10,1,A
3,28346,True,A,B,0,1,A
3,28347,True,B,A,1,2,B
3,28348,True,B,A,2,1,B
3,28349,True,B,A,2,0,B
3,28350,True,A,B,0,1,A
3,28351,True,A,B,3,1,A
3,28352,True,A,B,2,1,A
3,28353,True,A,B,1,1,A
3,28354,True,B,A,10,1,B
3,28355,True,A,B,4,1,A
3,28356,True,B,A,4,1,B
3,28357,True,A,B,1,2,A
3,28358,True,B,A,2,0,B
3,28359,True,A,B,0,1,A
3,28360,True,B,A,1,1,B
3,28361,True,A,B,6,1,A
3,28362,True,A,B,0,1,A
3,28363,True,B,A,3,1,B
3,28364,True,A,B,2,0,A
3,28365,True,A,B,0,1,A
3,28366,True,B,A,0,1,B
3,28367,True,A,B,4,1,A
3,28368,False,,,,,
3,28369,True,A,B,1,2,A
3,28370,True,A,B,0,1,A
3,28371,True,B,A,2,1,B
3,28372,True,A,B,3,1,A
3,28373,False,,,,,
3,28374,True,B,A,10,1,B
3,28375,True,A,B,2,0,A
3,28376,True,A,B,1,2,A
3,28377,True,A,B,2,0,A
3,28378,True,B,A,3,1,B
3,28379,True,B,A,0,1,B
3,28380,True,A,B,10,1,A
3,28381,True,B,A,1,1,B
3,28382,True,B,A,3,1,B
3,28383,False,,,,,
3,28384,True,B,A,6,1,B
3,28385,True,B,A,2,1,B
3,28386,False,,,,,
3,28387,True,A,B,0,1,A
3,28388,True,A,B,0,1,A
3,28389,True,A,B,3,1,A
3,28390,True,A,B,0,1,A
3,28391,True,A,B,6,1,A
3,28392,True,A,B,0,1,A
3,28393,True,B,A,10,1,B
3,28394,True,A,B,2,1,A
3,28395,True,B,A,6,1,B
3,28396,True,A,B,2,0,A
3,28397,True,A,B,2,0,A
3,28398,True,B,A,4,1,B
3,28399,True,A,B,0,1,A
3,28400,True,B,A,2,1,B
3,28401,True,A,B,0,1,A
3,28402,True,B,A,1,2,B
3,28403,True,A,B,6,1,A
3,28404,True,B,A,2,1,B
3,28405,True,A,B,6,1,A
3,28406,True,B,A,4,1,B
3,28407,True,A,B,1,1,A
3,28408,True,B,A,4,1,B
3,28409,True,A,B,10,1,A
3,28410,True,B,A,6,1,B
3,28411,True,B,A,6,1,B
3,28412,True,B,A,1,1,B
3,28413,True,A,B,4,1,A
3,28414,True,B,A,6,1,B
3,28415,True,A,B,1,2,A
3,28416,True,B,A,2,0,B
3,28417,True,A,B,0,1,A
3,28418,True,B,A,2,0,B
3,28419,True,B,A,1,1,B
3,28420,False,,,,,
3,28421,True,A,B,2,1,A
3,28422,True,B,A,2,0,B
3,28423,True,B,A,1,1,B
3,28424,True,A,B,10,1,A
3,28425,True,A,B,2,0,A
3,28426,True,A,B,1,2,A
3,28427,True,A,B,3,1,A
3,28428,True,A,B,1,1,A
3,28429,True,A,B,2,1,A
3,28430,True,A,B,10,1,A
3,28431,True,B,A,0,1,B
3,28432,False,,,,,
3,28433,True,A,B,3,1,A
3,28434,True,A,B,4,1,A
3,28435,True,A,B,1,1,A
3,28436,True,B,A,2,1,B
3,28437,True,A,B,2,1,A
3,28438,True,B,A,2,1,B
3,28439,True,B,A,6,1,B
3,28440,True,A,B,3,1,A
3,28441,True,B,A,1,2,B
3,28442,True,B,A,1,2,B
3,28443,True,B,A,6,1,B
3,28444,True,A,B,6,1,A
3,28445,True,B,A,10,1,B
3,28446,True,A,B,0,1,A
3,28447,True,B,A,0,1,B
3,28448,True,B,A,1,2,B
3,28449,False,,,,,
3,28450,True,B,A,0,1,B
3,28451,True,A,B,6,1,A
3,28452,True,B,A,6,1,B
3,28453,True,B,A,2,0,B
3,28454,True,B,A,0,1,B
3,28455,True,B,A,6,1,B
3,28456,True,A,B,2,1,A
3,28457,True,A,B,1,1,A
3,28458,True,B,A,2,0,B
3,28459,True,A,B,1,1,A
3,28460,True,A,B,6,1,A
3,28461,True,A,B,4,1,A
3,28462,True,A,B,3,1,A
3,28463,True,B,A,2,0,B
3,28464,False,,,,,
3,28465,True,B,A,3,1,B
3,28466,True,A,B,10,1,A
3,28467,True,B,A,1,2,B
3,28468,True,B,A,3,1,B
3,28469,True,A,B,10,1,A
3,28470,True,B,A,10,1,B
3,28471,True,B,A,2,0,B
3,28472,True,A,B,3,1,A
3,28473,True,A,B,0,1,A
3,28474,False,,,,,
3,28475,False,,,,,
3,28476,True,B,A,1,2,B
3,28477,True,B,A,2,1,B
3,28478,True,A,B,3,1,A
3,28479,True,B,A,10,1,B
3,28480,True,A,B,6,1,A
3,28481,True,B,A,6,1,B
3,28482,True,A,B,3,1,A
3,28483,True,B,A,1,2,B
3,28484,True,B,A,3,1,B
3,28485,True,B,A,6,1,B
3,28486,True,B,A,2,0,B
3,28487,True,B,A,4,1,B
3,28488,True,A,B,2,0,A
3,28489,True,B,A,2,0,B
3,28490,True,A,B,0,1,A
3,28491,True,A,B,4,1,A
3,28492,True,A,B,1,2,A
3,28493,True,A,B,1,1,A
3,28494,True,B,A,1,2,B
3,28495,False,,,,,
3,28496,True,B,A,0,1,B
3,28497,True,A,B,6,1,A
3,28498,True,A,B,4,1,A
3,28499,True,B,A,1,1,B
3,28500,True,B,A,4,1,B
3,28501,True,B,A,3,1,B
3,28502,True,A,B,1,2,A
3,28503,True,A,B,4,1,A
3,28504,True,A,B,3,1,A
3,28505,True,B,A,1,1,B
3,28506,True,A,B,1,2,A
3,28507,True,A,B,2,1,A
3,28508,True,B,A,10,1,B
3,28509,False,,,,,
3,28510,True,A,B,2,1,A
3,28511,True,A,B,1,1,A
3,28512,True,B,A,1,2,B
3,28513,True,A,B,3,1,A
3,28514,True,B,A,6,1,B
3,28515,True,B,A,10,1,B
3,28516,True,A,B,4,1,A
3,28517,True,B,A,1,2,B
3,28518,True,B,A,3,1,B
3,28519,True,A,B,1,1,A
3,28520,True,B,A,3,1,B
3,28521,True,B,A,0,1,B
3,28522,True,A,B,6,1,A
3,28523,True,A,B,3,1,A
3,28524,True,A,B,4,1,A
3,28525,True,A,B,1,2,A
3,28526,True,A,B,0,1,A
3,28527,True,B,A,3,1,B
3,28528,True,A,B,10,1,A
3,28529,True,B,A,0,1,B
3,28530,True,A,B,6,1,A
3,28531,True,A,B,0,1,A
3,28532,True,B,A,4,1,B
3,28533,True,A,B,1,2,B
3,28534,False,,,,,
3,28535,True,B,A,2,1,B
3,28536,True,B,A,2,0,B
3,28537,True,A,B,1,1,A
3,28538,True,A,B,2,0,A
3,28539,True,B,A,2,0,B
3,28540,False,,,,,
3,28541,True,B,A,3,1,B
3,28542,True,A,B,3,1,A
3,28543,True,A,B,2,0,A
3,28544,True,B,A,6,1,B
3,28545,True,B,A,10,1,B
3,28546,True,A,B,1,1,A
3,28547,True,A,B,1,1,A
3,28548,True,B,A,4,1,B
3,28549,True,B,A,4,1,B
3,28550,True,B,A,10,1,B
3,28551,True,B,A,6,1,B
3,28552,True,A,B,10,1,A
3,28553,True,A,B,0,1,A
3,28554,True,B,A,6,1,B
3,28555,True,A,B,10,1,A
3,28556,True,A,B,0,1,A
3,28557,True,A,B,0,1,A
3,28558,True,A,B,4,1,A
3,28559,True,B,A,6,1,B
3,28560,True,A,B,10,1,A
3,28561,True,A,B,2,1,A
3,28562,True,B,A,0,1,B
3,28563,True,A,B,2,0,A
3,28564,True,B,A,1,1,B
3,28565,True,A,B,2,0,A
3,28566,True,A,B,1,1,A
3,28567,True,B,A,2,0,B
3,28568,True,A,B,3,1,A
3,28569,True,A,B,6,1,A
3,28570,True,B,A,10,1,B
3,28571,True,B,A,2,0,B
3,28572,False,,,,,
3,28573,True,B,A,1,1,B
3,28574,True,A,B,3,1,A
3,28575,True,A,B,10,1,A
3,28576,True,A,B,2,0,A
3,28577,True,A,B,1,2,A
3,28578,True,A,B,4,1,A
3,28579,True,A,B,1,2,A
3,28580,True,A,B,1,2,A
3,28581,True,B,A,1,1,B
3,28582,True,A,B,10,1,A
3,28583,True,A,B,1,2,A
3,28584,True,A,B,1,2,A
3,28585,True,B,A,0,1,B
3,28586,True,A,B,2,1,A
3,28587,True,B,A,1,2,B
3,28588,True,A,B,6,1,A
3,28589,True,A,B,10,1,A
3,28590,True,A,B,1,2,A
3,28591,True,B,A,2,1,B
3,28592,True,A,B,6,1,A
3,28593,True,A,B,10,1,A
3,28594,True,A,B,4,1,A
3,28595,True,B,A,1,2,B
3,28596,True,A,B,2,0,A
3,28597,True,B,A,2,0,B
3,28598,True,A,B,10,1,A
3,28599,True,A,B,3,1,A
3,28600,True,B,A,1,1,B
3,28601,True,A,B,4,1,A
3,28602,True,A,B,6,1,A
3,28603,True,B,A,1,1,B
3,28604,False,,,,,
3,28605,False,,,,,
3,28606,True,A,B,2,1,A
3,28607,True,A,B,1,2,A
3,28608,True,A,B,4,1,A
3,28609,True,B,A,6,1,B
3,28610,True,B,A,4,1,B
3,28611,True,A,B,1,2,A
3,28612,True,B,A,4,1,B
3,28613,True,A,B,1,1,A
3,28614,True,A,B,10,1,A
3,28615,True,B,A,2,1,B
3,28616,True,A,B,1,2,A
3,28617,True,B,A,6,1,B
3,28618,True,A,B,10,1,A
3,28619,True,B,A,2,0,B
3,28620,True,B,A,1,1,B
3,28621,True,A,B,1,2,A
3,28622,True,A,B,1,2,A
3,28623,True,A,B,2,0,A
3,28624,True,A,B,4,1,A
3,28625,True,A,B,6,1,A
3,28626,False,,,,,
3,28627,True,B,A,1,1,B
3,28628,True,B,A,4,1,B
3,28629,False,,,,,
3,28630,True,B,A,2,0,B
3,28631,True,A,B,4,1,A
3,28632,True,A,B,6,1,A
3,28633,True,B,A,1,1,B
3,28634,True,B,A,2,0,B
3,28635,True,A,B,10,1,A
3,28636,True,A,B,0,1,A
3,28637,True,B,A,2,1,B
3,28638,True,B,A,1,1,B
3,28639,False,,,,,
3,28640,True,A,B,4,1,A
3,28641,True,B,A,6,1,B
3,28642,True,B,A,4,1,B
3,28643,False,,,,,
3,28644,True,B,A,3,1,B
3,28645,True,A,B,10,1,A
3,28646,True,A,B,6,1,A
3,28647,True,B,A,4,1,B
3,28648,True,A,B,2,1,A
3,28649,True,B,A,3,1,B
3,28650,True,A,B,0,1,A
3,28651,False,,,,,
3,28652,True,A,B,4,1,A
3,28653,False,,,,,
3,28654,True,B,A,3,1,B
3,28655,False,,,,,
3,28656,True,A,B,4,1,A
3,28657,True,B,A,1,1,B
3,28658,True,B,A,2,0,B
3,28659,True,A,B,2,1,A
3,28660,True,A,B,0,1,A
3,28661,True,A,B,6,1,A
3,28662,True,B,A,6,1,B
3,28663,True,A,B,0,1,A
3,28664,True,A,B,3,1,A
3,28665,True,B,A,6,1,B
3,28666,True,B,A,2,1,B
3,28667,False,,,,,
3,28668,True,A,B,10,1,A
3,28669,True,A,B,0,1,A
3,28670,True,B,A,2,1,B
3,28671,True,A,B,0,1,A
3,28672,True,A,B,1,2,A
3,28673,True,B,A,2,0,B
3,28674,True,A,B,6,1,A
3,28675,True,A,B,6,1,A
3,28676,True,A,B,2,1,A
3,28677,True,B,A,1,2,B
3,28678,True,B,A,1,2,B
3,28679,True,A,B,1,2,A
3,28680,True,B,A,1,1,B
3,28681,True,B,A,6,1,B
3,28682,True,B,A,1,2,B
3,28683,True,B,A,6,1,B
3,28684,True,B,A,2,1,B
3,28685,True,A,B,6,1,A
3,28686,True,B,A,3,1,B
3,28687,True,A,B,10,1,A
3,28688,True,B,A,1,1,B
3,28689,True,B,A,0,1,B
3,28690,True,A,B,10,1,A
3,28691,True,B,A,6,1,B
3,28692,True,A,B,4,1,A
3,28693,True,B,A,2,0,B
3,28694,True,A,B,2,1,A
3,28695,True,A,B,10,1,A
3,28696,True,A,B,1,1,A
3,28697,True,B,A,1,2,B
3,28698,True,A,B,1,1,A
3,28699,False,,,,,
3,28700,True,B,A,2,0,B
3,28701,True,B,A,4,1,B
3,28702,True,A,B,0,1,A
3,28703,True,A,B,10,1,A
3,28704,True,A,B,2,1,A
3,28705,True,B,A,4,1,B
3,28706,True,B,A,10,1,B
3,28707,False,,,,,
3,28708,True,A,B,3,1,A
3,28709,True,A,B,1,2,A
3,28710,False,,,,,
3,28711,True,A,B,10,1,A
3,28712,True,A,B,2,1,A
3,28713,True,A,B,0,1,A
3,28714,True,B,A,10,1,B
3,28715,True,A,B,1,2,A
3,28716,True,A,B,0,1,A
3,28717,True,A,B,4,1,A
3,28718,True,B,A,3,1,B
3,28719,True,B,A,6,1,B
3,28720,True,B,A,4,1,B
3,28721,True,B,A,2,1,B
3,28722,True,B,A,2,0,B
3,28723,True,B,A,4,1,B
3,28724,True,A,B,2,0,A
3,28725,True,A,B,10,1,A
3,28726,True,B,A,1,1,B
3,28727,True,B,A,1,2,B
3,28728,True,B,A,2,0,B
3,28729,True,A,B,2,0,A
3,28730,True,A,B,4,1,A
3,28731,True,A,B,4,1,A
3,28732,True,B,A,0,1,B
3,28733,False,,,,,
3,28734,True,B,A,3,1,B
3,28735,True,B,A,2,0,B
3,28736,True,A,B,1,2,A
3,28737,True,B,A,1,2,B
3,28738,True,A,B,2,1,A
3,28739,True,B,A,2,1,B
3,28740,True,A,B,3,1,A
3,28741,True,A,B,2,1,A
3,28742,True,A,B,1,2,A
3,28743,True,B,A,1,1,B
3,28744,True,A,B,10,1,A
3,28745,True,A,B,1,2,A
3,28746,True,A,B,6,1,A
3,28747,True,A,B,6,1,A
3,28748,True,A,B,1,2,A
3,28749,True,A,B,1,2,A
3,28750,True,B,A,2,0,B
3,28751,False,,,,,
3,28752,True,A,B,2,0,A
3,28753,True,A,B,10,1,A
3,28754,True,B,A,6,1,B
3,28755,True,B,A,10,1,B
3,28756,True,A,B,2,1,A
3,28757,True,B,A,0,1,B
3,28758,True,B,A,2,1,B
3,28759,True,B,A,4,1,B
3,28760,True,A,B,6,1,A
3,28761,True,A,B,0,1,A
3,28762,True,A,B,4,1,A
3,28763,True,B,A,2,1,B
3,28764,True,A,B,1,2,A
3,28765,True,B,A,10,1,B
3,28766,True,A,B,2,0,A
3,28767,True,B,A,6,1,B
3,28768,False,,,,,
3,28769,True,B,A,10,1,B
3,28770,True,B,A,1,1,B
3,28771,True,A,B,3,1,A
3,28772,True,A,B,1,2,A
3,28773,True,B,A,2,0,B
3,28774,True,B,A,4,1,B
3,28775,True,A,B,2,1,A
3,28776,False,,,,,
3,28777,True,A,B,2,0,A
3,28778,True,B,A,1,2,B
3,28779,True,B,A,0,1,B
3,28780,True,A,B,1,1,A
3,28781,True,A,B,2,0,A
3,28782,True,A,B,1,2,A
3,28783,True,A,B,0,1,A
3,28784,True,A,B,6,1,A
3,28785,True,B,A,10,1,B
3,28786,True,A,B,1,2,A
3,28787,True,A,B,10,1,A
3,28788,True,B,A,4,1,B
3,28789,True,B,A,3,1,B
3,28790,True,A,B,4,1,A
3,28791,True,B,A,0,1,B
3,28792,True,B,A,2,0,B
3,28793,True,A,B,3,1,A
3,28794,True,A,B,1,1,A
3,28795,True,A,B,0,1,A
3,28796,True,A,B,3,1,A
3,28797,True,A,B,2,1,A
3,28798,True,A,B,1,1,A
3,28799,True,A,B,10,1,A
3,28800,True,A,B,0,1,A
3,28801,True,A,B,2,0,A
3,28802,True,B,A,1,1,B
3,28803,True,B,A,6,1,B
3,28804,True,A,B,4,1,A
3,28805,True,B,A,1,2,B
3,28806,True,B,A,2,0,B
3,28807,True,A,B,1,1,A
3,28808,True,B,A,6,1,B
3,28809,True,A,B,3,1,A
3,28810,True,A,B,4,1,A
3,28811,True,A,B,6,1,A
3,28812,False,,,,,
3,28813,True,A,B,1,2,A
3,28814,True,B,A,2,0,B
3,28815,True,A,B,0,1,A
3,28816,True,A,B,3,1,A
3,28817,True,A,B,0,1,A
3,28818,True,B,A,3,1,B
3,28819,True,B,A,6,1,B
3,28820,True,A,B,6,1,A
3,28821,True,A,B,0,1,A
3,28822,True,A,B,3,1,A
3,28823,True,A,B,0,1,A
3,28824,True,A,B,6,1,A
3,28825,True,B,A,2,1,B
3,28826,True,A,B,10,1,A
3,28827,True,A,B,2,0,A
3,28828,True,A,B,2,1,A
3,28829,True,B,A,2,1,B
3,28830,True,A,B,6,1,A
3,28831,True,A,B,3,1,A
3,28832,True,A,B,10,1,A
3,28833,True,A,B,1,2,A
3,28834,True,A,B,1,2,A
3,28835,True,A,B,0,1,A
3,28836,True,A,B,0,1,A
3,28837,True,A,B,10,1,A
3,28838,True,B,A,2,0,B
3,28839,True,B,A,1,1,B
3,28840,True,A,B,3,1,A
3,28841,True,B,A,10,1,B
3,28842,True,B,A,10,1,B
3,28843,True,A,B,10,1,A
3,28844,True,A,B,2,0,A
3,28845,True,B,A,4,1,B
3,28846,True,A,B,4,1,A
3,28847,True,B,A,3,1,B
3,28848,True,A,B,4,1,A
3,28849,True,A,B,1,1,A
3,28850,True,A,B,3,1,A
3,28851,True,A,B,6,1,A
3,28852,True,A,B,2,0,A
3,28853,True,A,B,2,0,A
3,28854,True,A,B,6,1,A
3,28855,True,B,A,10,1,B
3,28856,True,B,A,0,1,B
3,28857,True,B,A,4,1,B
3,28858,True,B,A,1,2,B
3,28859,True,A,B,0,1,A
3,28860,True,A,B,2,0,A
3,28861,True,A,B,10,1,A
3,28862,True,B,A,1,2,B
3,28863,True,A,B,3,1,A
3,28864,True,A,B,1,2,A
3,28865,True,B,A,1,1,B
3,28866,True,A,B,2,1,A
3,28867,True,B,A,1,2,B
3,28868,True,A,B,4,1,A
3,28869,True,B,A,10,1,B
3,28870,True,A,B,6,1,A
3,28871,True,A,B,0,1,A
3,28872,True,A,B,2,0,A
3,28873,False,,,,,
3,28874,True,B,A,4,1,B
3,28875,True,B,A,2,1,B
3,28876,True,A,B,3,1,A
3,28877,True,B,A,2,0,B
3,28878,True,A,B,0,1,A
3,28879,True,B,A,3,1,B
3,28880,False,,,,,
3,28881,True,A,B,10,1,A
3,28882,True,B,A,2,0,B
3,28883,True,B,A,0,1,B
3,28884,True,B,A,4,1,B
3,28885,True,B,A,3,1,B
3,28886,False,,,,,
3,28887,True,A,B,10,1,A
3,28888,True,B,A,2,0,B
3,28889,True,A,B,1,2,A
3,28890,True,A,B,2,1,A
3,28891,True,B,A,2,1,B
3,28892,True,A,B,6,1,A
3,28893,True,A,B,0,1,A
3,28894,True,A,B,2,1,A
3,28895,True,B,A,3,1,B
3,28896,True,B,A,3,1,B
3,28897,True,A,B,2,1,A
3,28898,True,B,A,1,1,B
3,28899,True,A,B,2,1,A
3,28900,True,A,B,3,1,A
3,28901,True,B,A,1,1,B
3,28902,True,B,A,4,1,B
3,28903,True,A,B,6,1,A
3,28904,True,A,B,0,1,A
3,28905,True,B,A,1,2,B
3,28906,True,B,A,3,1,B
3,28907,True,A,B,1,2,A
3,28908,True,A,B,2,0,A
3,28909,True,A,B,2,1,A
3,28910,True,A,B,10,1,A
3,28911,True,B,A,6,1,B
3,28912,True,A,B,0,1,A
3,28913,True,A,B,3,1,A
3,28914,True,B,A,4,1,B
3,28915,True,B,A,3,1,B
3,28916,True,A,B,1,2,A
3,28917,True,A,B,2,1,A
3,28918,False,,,,,
3,28919,True,A,B,10,1,A
3,28920,True,A,B,4,1,A
3,28921,True,A,B,1,2,A
3,28922,True,A,B,3,1,A
3,28923,True,B,A,3,1,B
3,28924,True,A,B,0,1,A
3,28925,True,A,B,1,1,A
3,28926,True,B,A,0,1,B
3,28927,True,A,B,6,1,A
3,28928,True,B,A,0,1,B
3,28929,True,B,A,1,1,B
3,28930,True,A,B,6,1,A
3,28931,True,B,A,10,1,B
3,28932,True,A,B,6,1,A
3,28933,True,A,B,1,1,A
3,28934,True,B,A,1,2,B
3,28935,True,A,B,1,2,A
3,28936,True,A,B,4,1,A
3,28937,True,B,A,10,1,B
3,28938,True,A,B,3,1,A
3,28939,True,A,B,2,1,A
3,28940,True,B,A,3,1,B
3,28941,True,B,A,10,1,B
3,28942,True,B,A,4,1,B
3,28943,True,A,B,6,1,A
3,28944,False,,,,,
3,28945,True,B,A,6,1,B
3,28946,True,B,A,6,1,B
3,28947,False,,,,,
3,28948,True,B,A,2,0,B
3,28949,True,A,B,1,2,A
3,28950,True,B,A,2,0,B
3,28951,True,A,B,1,1,A
3,28952,True,A,B,10,1,A
3,28953,True,B,A,10,1,B
3,28954,True,A,B,0,1,A
3,28955,True,A,B,0,1,A
3,28956,True,A,B,2,0,A
3,28957,True,B,A,3,1,B
3,28958,True,A,B,1,2,A
3,28959,True,B,A,10,1,B
3,28960,True,A,B,3,1,A
3,28961,True,B,A,10,1,B
3,28962,True,B,A,1,2,B
3,28963,True,A,B,10,1,A
3,28964,True,A,B,2,1,A
3,28965,True,A,B,6,1,A
3,28966,True,B,A,1,1,B
3,28967,False,,,,,
3,28968,True,A,B,10,1,A
3,28969,True,B,A,6,1,B
3,28970,True,A,B,1,1,A
3,28971,True,A,B,3,1,A
3,28972,True,A,B,2,0,A
3,28973,True,B,A,3,1,B
3,28974,True,A,B,0,1,A
3,28975,True,A,B,1,2,A
3,28976,True,B,A,6,1,B
3,28977,False,,,,,
3,28978,True,A,B,1,1,A
3,28979,True,A,B,10,1,A
3,28980,False,,,,,
3,28981,True,A,B,3,1,A
3,28982,True,B,A,6,1,B
3,28983,True,B,A,6,1,B
3,28984,True,A,B,1,2,A
3,28985,True,A,B,6,1,A
3,28986,True,B,A,1,2,B
3,28987,True,A,B,0,1,A
3,28988,True,B,A,10,1,B
3,28989,True,B,A,3,1,B
3,28990,True,B,A,4,1,B
3,28991,True,A,B,1,2,A
3,28992,True,A,B,2,0,A
3,28993,False,,,,,
3,28994,True,A,B,10,1,A
3,28995,True,A,B,2,0,A
3,28996,True,A,B,6,1,A
3,28997,False,,,,,
3,28998,True,B,A,1,1,B
3,28999,True,A,B,2,1,A
3,29000,True,A,B,3,1,A
3,29001,True,A,B,2,0,A
3,29002,True,A,B,2,1,A
3,29003,True,A,B,6,1,A
3,29004,False,,,,,
3,29005,True,A,B,1,1,A
3,29006,False,,,,,
3,29007,True,A,B,3,1,A
3,29008,True,B,A,2,0,B
3,29009,True,A,B,3,1,A
3,29010,True,A,B,4,1,A
3,29011,True,A,B,2,1,A
3,29012,False,,,,,
3,29013,True,A,B,0,1,A
3,29014,True,A,B,1,1,A
3,29015,True,A,B,6,1,A
3,29016,True,B,A,3,1,B
3,29017,True,A,B,1,2,A
3,29018,True,B,A,4,1,B
3,29019,True,B,A,10,1,B
3,29020,True,B,A,10,1,B
3,29021,True,B,A,2,1,B
3,29022,True,A,B,6,1,A
3,29023,True,B,A,3,1,B
3,29024,True,B,A,3,1,B
3,29025,True,B,A,10,1,B
3,29026,True,A,B,2,1,A
3,29027,True,B,A,1,1,B
3,29028,True,A,B,6,1,A
3,29029,True,B,A,6,1,B
3,29030,True,A,B,10,1,A
3,29031,True,A,B,6,1,A
3,29032,True,A,B,2,1,A
3,29033,False,,,,,
3,29034,True,A,B,1,2,A
3,29035,True,B,A,1,1,B
3,29036,True,A,B,1,2,A
3,29037,True,B,A,2,0,B
3,29038,True,A,B,0,1,A
3,29039,True,B,A,3,1,B
3,29040,True,B,A,4,1,B
3,29041,True,A,B,2,0,A
3,29042,True,A,B,2,1,A
3,29043,True,B,A,6,1,B
3,29044,True,A,B,10,1,A
3,29045,True,B,A,10,1,B
3,29046,True,A,B,2,0,A
3,29047,True,B,A,2,0,B
3,29048,True,B,A,1,2,B
3,29049,True,A,B,10,1,A
3,29050,True,B,A,4,1,B
3,29051,True,A,B,0,1,A
3,29052,True,A,B,1,2,A
3,29053,True,A,B,1,2,A
3,29054,True,A,B,0,1,A
3,29055,True,A,B,3,1,A
3,29056,True,B,A,2,0,B
3,29057,True,A,B,1,1,A
3,29058,True,A,B,6,1,A
3,29059,True,B,A,2,0,B
3,29060,True,B,A,3,1,B
3,29061,True,B,A,4,1,B
3,29062,True,B,A,1,1,B
3,29063,True,B,A,3,1,B
3,29064,True,B,A,3,1,B
3,29065,True,B,A,3,1,B
3,29066,True,B,A,2,1,B
3,29067,True,B,A,3,1,B
3,29068,True,A,B,1,2,A
3,29069,True,A,B,1,2,A
3,29070,True,B,A,10,1,B
3,29071,True,B,A,6,1,B
3,29072,True,B,A,6,1,B
3,29073,True,A,B,10,1,A
3,29074,True,B,A,3,1,B
3,29075,True,A,B,1,2,A
3,29076,True,B,A,1,1,B
3,29077,True,B,A,2,0,B
3,29078,True,A,B,3,1,A
3,29079,True,A,B,4,1,A
3,29080,True,B,A,2,0,B
3,29081,True,A,B,2,1,A
3,29082,True,A,B,2,0,A
3,29083,True,B,A,3,1,B
3,29084,True,A,B,3,1,A
3,29085,True,B,A,2,0,B
3,29086,True,A,B,2,1,A
3,29087,True,A,B,3,1,A
3,29088,True,B,A,4,1,B
3,29089,True,B,A,3,1,B
3,29090,True,B,A,10,1,B
3,29091,True,B,A,2,0,B
3,29092,True,B,A,1,1,B
3,29093,True,A,B,1,1,A
3,29094,True,B,A,1,2,B
3,29095,True,B,A,2,1,B
3,29096,True,B,A,4,1,B
3,29097,True,B,A,4,1,B
3,29098,True,B,A,10,1,B
3,29099,True,A,B,0,1,A
3,29100,True,A,B,0,1,A
3,29101,True,B,A,0,1,B
3,29102,True,B,A,6,1,B
3,29103,True,A,B,6,1,A
3,29104,True,B,A,1,2,B
3,29105,True,B,A,4,1,B
3,29106,True,A,B,10,1,A
3,29107,True,A,B,6,1,A
3,29108,True,A,B,1,1,A
3,29109,True,A,B,1,1,A
3,29110,True,B,A,10,1,B
3,29111,True,A,B,1,1,A
3,29112,True,B,A,6,1,B
3,29113,True,B,A,6,1,B
3,29114,True,A,B,2,1,A
3,29115,True,A,B,6,1,A
3,29116,False,,,,,
3,29117,True,A,B,10,1,A
3,29118,False,,,,,
3,29119,True,A,B,0,1,A
3,29120,True,B,A,2,0,B
3,29121,True,A,B,3,1,A
3,29122,True,B,A,1,2,B
3,29123,True,B,A,10,1,B
3,29124,True,A,B,3,1,A
3,29125,False,,,,,
3,29126,True,A,B,6,1,A
3,29127,True,B,A,4,1,B
3,29128,False,,,,,
3,29129,True,A,B,1,1,A
3,29130,False,,,,,
3,29131,True,A,B,1,1,A
3,29132,True,B,A,4,1,B
3,29133,True,A,B,10,1,A
3,29134,True,A,B,2,1,A
3,29135,True,A,B,6,1,A
3,29136,True,B,A,4,1,B
3,29137,True,B,A,3,1,B
3,29138,False,,,,,
3,29139,True,B,A,6,1,B
3,29140,True,B,A,3,1,B
3,29141,True,B,A,10,1,B
3,29142,True,B,A,2,1,B
3,29143,True,A,B,1,1,A
3,29144,True,B,A,2,0,B
3,29145,True,B,A,2,1,B
3,29146,True,A,B,3,1,A
3,29147,True,B,A,2,0,B
3,29148,True,A,B,0,1,A
3,29149,True,A,B,4,1,A
3,29150,True,B,A,0,1,B
3,29151,True,B,A,2,0,B
3,29152,False,,,,,
3,29153,True,A,B,1,2,A
3,29154,True,B,A,3,1,B
3,29155,True,A,B,2,0,A
3,29156,True,A,B,0,1,A
3,29157,True,B,A,10,1,B
3,29158,True,B,A,2,1,B
3,29159,True,A,B,2,1,A
3,29160,True,B,A,2,0,B
3,29161,True,B,A,10,1,B
3,29162,True,A,B,4,1,A
3,29163,True,A,B,2,0,A
3,29164,False,,,,,
3,29165,True,A,B,6,1,A
3,29166,True,B,A,2,1,B
3,29167,True,B,A,1,2,B
3,29168,True,A,B,4,1,A
3,29169,True,A,B,10,1,A
3,29170,True,A,B,6,1,A
3,29171,True,A,B,10,1,A
3,29172,True,A,B,1,2,A
3,29173,True,A,B,1,2,A
3,29174,True,A,B,2,1,A
3,29175,True,B,A,1,1,B
3,29176,True,B,A,6,1,B
3,29177,True,A,B,6,1,A
3,29178,True,A,B,0,1,A
3,29179,True,B,A,1,1,B
3,29180,True,B,A,3,1,B
3,29181,True,A,B,2,0,A
3,29182,True,B,A,2,1,B
3,29183,True,B,A,2,0,B
3,29184,True,A,B,2,1,A
3,29185,True,B,A,4,1,B
3,29186,True,B,A,0,1,B
3,29187,True,B,A,1,1,B
3,29188,True,A,B,6,1,A
3,29189,True,A,B,2,1,A
3,29190,True,B,A,3,1,B
3,29191,True,A,B,2,0,A
3,29192,True,B,A,10,1,B
3,29193,True,B,A,1,2,B
3,29194,True,A,B,1,2,A
3,29195,True,B,A,6,1,B
3,29196,True,A,B,0,1,A
3,29197,True,B,A,2,1,B
3,29198,True,A,B,0,1,A
3,29199,True,B,A,2,1,B
3,29200,True,A,B,4,1,A
3,29201,True,A,B,3,1,A
3,29202,True,B,A,4,1,B
3,29203,True,B,A,2,0,B
3,29204,True,A,B,1,1,A
3,29205,True,A,B,1,2,A
3,29206,True,B,A,10,1,B
3,29207,True,B,A,10,1,B
3,29208,True,B,A,6,1,B
3,29209,True,A,B,1,1,A
3,29210,True,A,B,3,1,A
3,29211,True,A,B,0,1,A
3,29212,True,A,B,3,1,A
3,29213,True,B,A,2,0,B
3,29214,True,B,A,2,1,B
3,29215,True,B,A,3,1,B
3,29216,True,B,A,6,1,B
3,29217,True,B,A,6,1,B
3,29218,True,A,B,4,1,A
3,29219,True,A,B,6,1,A
3,29220,True,A,B,4,1,A
3,29221,True,A,B,6,1,A
3,29222,True,B,A,3,1,B
3,29223,True,A,B,1,1,A
3,29224,True,B,A,4,1,B
3,29225,True,A,B,3,1,A
3,29226,True,B,A,1,1,B
3,29227,True,A,B,2,0,A
3,29228,True,B,A,1,2,B
3,29229,True,B,A,1,2,B
3,29230,True,A,B,2,0,A
3,29231,False,,,,,
3,29232,True,A,B,1,1,A
3,29233,True,B,A,10,1,B
3,29234,True,A,B,6,1,A
3,29235,True,A,B,1,1,A
3,29236,True,A,B,2,1,A
3,29237,True,A,B,0,1,A
3,29238,True,A,B,2,0,A
3,29239,True,B,A,3,1,B
3,29240,True,B,A,4,1,B
3,29241,True,A,B,4,1,A
3,29242,True,B,A,1,1,B
3,29243,True,A,B,1,1,A
3,29244,True,A,B,1,1,A
3,29245,True,A,B,6,1,A
3,29246,True,A,B,4,1,A
3,29247,True,B,A,0,1,B
3,29248,True,B,A,2,1,B
3,29249,True,B,A,1,1,B
3,29250,True,B,A,0,1,B
3,29251,True,B,A,10,1,B
3,29252,True,B,A,2,0,B
3,29253,True,B,A,6,1,B
3,29254,True,B,A,2,1,B
3,29255,True,B,A,1,1,B
3,29256,True,A,B,6,1,A
3,29257,True,B,A,6,1,B
3,29258,True,A,B,1,1,A
3,29259,True,B,A,3,1,B
3,29260,True,B,A,3,1,B
3,29261,True,B,A,0,1,B
3,29262,True,A,B,3,1,A
3,29263,True,A,B,6,1,A
3,29264,True,A,B,3,1,A
3,29265,True,A,B,1,2,A
3,29266,True,A,B,4,1,A
3,29267,True,A,B,2,1,A
3,29268,True,B,A,1,1,B
3,29269,True,A,B,1,1,A
3,29270,True,A,B,0,1,A
3,29271,True,B,A,1,2,B
3,29272,True,A,B,2,0,A
3,29273,True,A,B,10,1,A
3,29274,True,B,A,4,1,B
3,29275,True,A,B,2,0,A
3,29276,False,,,,,
3,29277,False,,,,,
3,29278,True,A,B,0,1,A
3,29279,True,B,A,2,0,B
3,29280,True,B,A,1,1,B
3,29281,True,A,B,6,1,A
3,29282,True,A,B,6,1,A
3,29283,True,B,A,2,1,B
3,29284,True,A,B,4,1,A
3,29285,True,A,B,10,1,A
3,29286,True,B,A,4,1,B
3,29287,True,A,B,2,1,A
3,29288,True,A,B,1,1,A
3,29289,True,B,A,10,1,B
3,29290,True,A,B,1,1,A
3,29291,True,B,A,6,1,B
3,29292,True,B,A,3,1,B
3,29293,True,A,B,1,1,A
3,29294,True,B,A,2,1,B
3,29295,True,A,B,4,1,A
3,29296,True,A,B,0,1,A
3,29297,True,A,B,2,1,A
3,29298,True,B,A,6,1,B
3,29299,True,A,B,2,1,A
3,29300,True,A,B,1,1,A
3,29301,True,A,B,1,1,A
3,29302,True,B,A,2,0,B
3,29303,True,A,B,2,1,A
3,29304,True,A,B,2,0,A
3,29305,True,A,B,10,1,A
3,29306,True,A,B,3,1,A
3,29307,True,B,A,2,1,B
3,29308,True,A,B,1,2,A
3,29309,True,A,B,6,1,A
3,29310,True,B,A,10,1,B
3,29311,False,,,,,
3,29312,True,B,A,10,1,B
3,29313,True,B,A,1,2,B
3,29314,True,B,A,2,1,B
3,29315,True,A,B,6,1,A
3,29316,True,A,B,2,1,A
3,29317,True,B,A,10,1,B
3,29318,True,B,A,1,2,B
3,29319,True,B,A,4,1,B
3,29320,True,B,A,10,1,B
3,29321,True,B,A,10,1,B
3,29322,True,B,A,1,2,B
3,29323,True,A,B,10,1,A
3,29324,True,A,B,1,1,A
3,29325,True,B,A,10,1,B
3,29326,True,B,A,3,1,B
3,29327,True,A,B,0,1,A
3,29328,True,B,A,0,1,B
3,29329,True,A,B,4,1,A
3,29330,True,B,A,2,1,B
3,29331,True,B,A,10,1,B
3,29332,True,B,A,1,1,B
3,29333,True,B,A,2,0,B
3,29334,True,A,B,2,1,A
3,29335,True,A,B,0,1,A
3,29336,True,A,B,2,1,A
3,29337,True,B,A,2,1,B
3,29338,True,A,B,0,1,A
3,29339,True,A,B,4,1,A
3,29340,True,B,A,10,1,B
3,29341,True,B,A,6,1,B
3,29342,True,A,B,1,2,A
3,29343,True,B,A,2,0,B
3,29344,True,B,A,2,1,B
3,29345,True,B,A,1,1,B
3,29346,True,A,B,4,1,A
3,29347,True,B,A,10,1,B
3,29348,True,B,A,2,0,B
3,29349,True,B,A,4,1,B
3,29350,True,A,B,4,1,A
3,29351,True,A,B,2,0,A
3,29352,True,A,B,2,0,A
3,29353,True,A,B,4,1,A
3,29354,True,B,A,1,1,B
3,29355,True,A,B,1,2,A
3,29356,True,B,A,2,0,B
3,29357,True,A,B,2,1,A
3,29358,True,A,B,10,1,A
3,29359,True,A,B,1,2,A
3,29360,False,,,,,
3,29361,True,A,B,1,2,A
3,29362,True,B,A,4,1,B
3,29363,True,A,B,1,1,A
3,29364,True,A,B,6,1,A
3,29365,True,B,A,1,2,B
3,29366,True,B,A,0,1,B
3,29367,True,B,A,1,2,B
3,29368,True,A,B,1,1,A
3,29369,True,A,B,3,1,A
3,29370,True,B,A,0,1,B
3,29371,True,A,B,2,1,A
3,29372,True,A,B,1,1,A
3,29373,True,A,B,6,1,A
3,29374,True,A,B,0,1,A
3,29375,True,A,B,6,1,A
3,29376,True,B,A,3,1,B
3,29377,True,B,A,10,1,B
3,29378,True,B,A,4,1,B
3,29379,True,B,A,2,1,B
3,29380,True,B,A,2,1,B
3,29381,True,B,A,2,0,B
3,29382,True,A,B,2,0,A
3,29383,True,B,A,2,1,B
3,29384,True,A,B,0,1,A
3,29385,True,A,B,4,1,A
3,29386,True,A,B,2,1,A
3,29387,True,A,B,2,1,A
3,29388,True,B,A,4,1,B
3,29389,True,A,B,4,1,A
3,29390,True,B,A,1,2,B
3,29391,True,A,B,2,1,A
3,29392,True,A,B,1,1,A
3,29393,True,B,A,10,1,B
3,29394,True,B,A,0,1,B
3,29395,True,B,A,4,1,B
3,29396,False,,,,,
3,29397,True,A,B,4,1,A
3,29398,True,A,B,1,1,A
3,29399,True,A,B,1,1,A
3,29400,True,A,B,4,1,A
3,29401,True,A,B,10,1,A
3,29402,True,B,A,4,1,B
3,29403,True,A,B,4,1,A
3,29404,True,B,A,1,2,B
3,29405,True,B,A,4,1,B
3,29406,True,A,B,2,0,A
3,29407,True,B,A,2,0,B
3,29408,True,A,B,1,1,A
3,29409,True,A,B,4,1,A
3,29410,True,A,B,1,2,A
3,29411,True,B,A,6,1,B
3,29412,True,B,A,0,1,B
3,29413,True,B,A,6,1,B
3,29414,True,B,A,10,1,B
3,29415,True,A,B,6,1,A
3,29416,True,A,B,3,1,A
3,29417,True,B,A,3,1,B
3,29418,True,A,B,4,1,A
3,29419,True,B,A,10,1,B
3,29420,False,,,,,
3,29421,True,B,A,1,2,B
3,29422,True,A,B,3,1,A
3,29423,True,A,B,4,1,A
3,29424,True,A,B,1,2,A
3,29425,True,A,B,10,1,A
3,29426,True,B,A,2,0,B
3,29427,True,A,B,6,1,A
3,29428,True,B,A,2,1,B
3,29429,True,A,B,10,1,A
3,29430,False,,,,,
3,29431,True,B,A,10,1,B
3,29432,True,A,B,1,1,A
3,29433,True,A,B,2,1,A
3,29434,False,,,,,
3,29435,True,A,B,3,1,A
3,29436,True,A,B,2,0,A
3,29437,True,A,B,3,1,A
3,29438,False,,,,,
3,29439,True,B,A,4,1,B
3,29440,True,B,A,0,1,B
3,29441,True,B,A,6,1,B
3,29442,True,A,B,1,1,A
3,29443,True,A,B,2,0,A
3,29444,True,B,A,3,1,B
3,29445,True,A,B,1,1,A
3,29446,False,,,,,
3,29447,True,A,B,3,1,A
3,29448,True,A,B,1,1,A
3,29449,True,B,A,10,1,B
3,29450,False,,,,,
3,29451,True,A,B,3,1,A
3,29452,True,A,B,1,1,A
3,29453,True,A,B,1,1,A
3,29454,True,A,B,10,1,A
3,29455,True,B,A,3,1,B
3,29456,True,A,B,10,1,A
3,29457,True,A,B,2,1,A
3,29458,True,A,B,2,1,A
3,29459,True,A,B,2,1,A
3,29460,True,B,A,6,1,B
3,29461,True,B,A,2,1,B
3,29462,True,A,B,2,0,A
3,29463,True,B,A,2,0,B
3,29464,True,A,B,10,1,A
3,29465,True,B,A,10,1,B
3,29466,True,B,A,3,1,B
3,29467,True,A,B,0,1,A
3,29468,True,A,B,1,1,A
3,29469,True,B,A,6,1,B
3,29470,True,A,B,2,0,A
3,29471,True,B,A,2,0,B
3,29472,True,B,A,1,1,B
3,29473,True,A,B,2,1,A
3,29474,True,A,B,0,1,A
3,29475,True,B,A,2,0,B
3,29476,False,,,,,
3,29477,True,A,B,2,1,A
3,29478,True,A,B,10,1,A
3,29479,True,A,B,6,1,A
3,29480,True,A,B,1,1,A
3,29481,True,B,A,10,1,B
3,29482,True,B,A,4,1,B
3,29483,True,B,A,6,1,B
3,29484,True,A,B,10,1,A
3,29485,True,A,B,0,1,A
3,29486,False,,,,,
3,29487,True,B,A,10,1,B
3,29488,True,A,B,2,1,A
3,29489,True,A,B,2,1,A
3,29490,True,B,A,2,0,B
3,29491,True,B,A,3,1,B
3,29492,True,B,A,1,2,B
3,29493,True,B,A,10,1,B
3,29494,True,A,B,0,1,A
3,29495,True,A,B,6,1,A
3,29496,True,B,A,4,1,B
3,29497,True,B,A,1,1,B
3,29498,True,B,A,1,1,B
3,29499,True,A,B,6,1,A
3,29500,True,B,A,1,1,B
3,29501,False,,,,,
3,29502,True,A,B,2,1,A
3,29503,True,A,B,0,1,A
3,29504,True,A,B,3,1,A
3,29505,False,,,,,
3,29506,True,B,A,10,1,B
3,29507,True,A,B,1,2,A
3,29508,True,B,A,1,2,B
3,29509,True,B,A,10,1,B
3,29510,True,A,B,0,1,A
3,29511,True,A,B,4,1,A
3,29512,True,B,A,3,1,B
3,29513,True,A,B,1,2,A
3,29514,True,A,B,3,1,A
3,29515,True,A,B,1,2,A
3,29516,True,B,A,6,1,B
3,29517,True,B,A,6,1,B
3,29518,False,,,,,
3,29519,True,A,B,2,1,A
3,29520,True,A,B,4,1,A
3,29521,True,B,A,4,1,B
3,29522,True,A,B,1,2,A
3,29523,True,A,B,6,1,A
3,29524,True,A,B,0,1,A
3,29525,True,A,B,4,1,A
3,29526,True,A,B,1,2,A
3,29527,True,A,B,1,2,A
3,29528,True,A,B,2,1,A
3,29529,True,B,A,4,1,B
3,29530,True,A,B,1,2,A
3,29531,True,A,B,2,1,A
3,29532,True,A,B,0,1,A
3,29533,True,B,A,10,1,B
3,29534,True,B,A,3,1,B
3,29535,True,B,A,2,1,B
3,29536,True,B,A,2,0,B
3,29537,True,B,A,6,1,B
3,29538,True,B,A,0,1,B
3,29539,True,B,A,6,1,B
3,29540,True,A,B,0,1,A
3,29541,True,B,A,2,1,B
3,29542,True,B,A,3,1,B
3,29543,False,,,,,
3,29544,False,,,,,
3,29545,False,,,,,
3,29546,True,A,B,2,0,A
3,29547,True,A,B,4,1,A
3,29548,True,B,A,10,1,B
3,29549,True,B,A,2,1,B
3,29550,True,A,B,10,1,A
3,29551,True,B,A,0,1,B
3,29552,True,B,A,3,1,B
3,29553,True,A,B,10,1,A
3,29554,True,B,A,1,2,B
3,29555,True,B,A,6,1,B
3,29556,True,A,B,6,1,A
3,29557,True,B,A,10,1,B
3,29558,True,A,B,2,0,A
3,29559,True,A,B,6,1,A
3,29560,True,B,A,2,0,B
3,29561,True,B,A,10,1,B
3,29562,True,B,A,1,1,B
3,29563,True,A,B,2,0,A
3,29564,True,B,A,10,1,B
3,29565,True,A,B,2,0,A
3,29566,True,A,B,2,0,A
3,29567,True,A,B,4,1,A
3,29568,True,A,B,1,1,A
3,29569,True,B,A,1,1,B
3,29570,True,A,B,1,2,A
3,29571,True,B,A,1,1,B
3,29572,True,A,B,1,1,A
3,29573,True,B,A,2,1,B
3,29574,True,A,B,2,1,A
3,29575,False,,,,,
3,29576,True,A,B,1,1,A
3,29577,False,,,,,
3,29578,True,A,B,3,1,A
3,29579,True,B,A,3,1,B
3,29580,True,B,A,2,0,B
3,29581,True,B,A,6,1,B
3,29582,True,B,A,3,1,B
3,29583,True,A,B,4,1,A
3,29584,True,A,B,2,0,A
3,29585,True,A,B,1,1,A
3,29586,True,B,A,3,1,B
3,29587,True,A,B,1,2,A
3,29588,True,A,B,0,1,A
3,29589,False,,,,,
3,29590,True,B,A,2,1,B
3,29591,True,B,A,6,1,B
3,29592,False,,,,,
3,29593,False,,,,,
3,29594,True,A,B,3,1,A
3,29595,True,A,B,10,1,A
3,29596,True,B,A,4,1,B
3,29597,True,B,A,10,1,B
3,29598,True,B,A,6,1,B
3,29599,True,A,B,10,1,A
3,29600,True,A,B,1,1,A
3,29601,True,A,B,6,1,A
3,29602,True,A,B,1,2,A
3,29603,True,A,B,2,0,A
3,29604,True,A,B,1,2,A
3,29605,True,A,B,6,1,A
3,29606,True,B,A,1,2,B
3,29607,True,B,A,6,1,B
3,29608,True,B,A,2,0,B
3,29609,True,A,B,10,1,A
3,29610,True,A,B,2,1,A
3,29611,True,A,B,0,1,A
3,29612,True,A,B,6,1,A
3,29613,True,B,A,1,1,B
3,29614,True,B,A,6,1,B
3,29615,True,A,B,2,0,A
3,29616,True,A,B,0,1,A
3,29617,True,B,A,1,2,B
3,29618,True,A,B,4,1,A
3,29619,True,A,B,3,1,A
3,29620,True,B,A,1,2,B
3,29621,True,A,B,1,1,A
3,29622,True,A,B,3,1,A
3,29623,True,A,B,1,1,A
3,29624,False,,,,,
3,29625,True,A,B,4,1,A
3,29626,True,B,A,0,1,B
3,29627,True,B,A,3,1,B
3,29628,True,A,B,6,1,A
3,29629,True,A,B,6,1,A
3,29630,True,A,B,6,1,A
3,29631,True,B,A,6,1,B
3,29632,True,B,A,4,1,B
3,29633,True,B,A,1,1,B
3,29634,True,A,B,3,1,A
3,29635,False,,,,,
3,29636,True,B,A,4,1,B
3,29637,True,A,B,2,1,A
3,29638,True,B,A,2,1,B
3,29639,True,A,B,4,1,A
3,29640,True,B,A,1,1,B
3,29641,True,A,B,3,1,A
3,29642,True,A,B,0,1,A
3,29643,True,B,A,10,1,B
3,29644,True,B,A,2,0,B
3,29645,True,B,A,2,1,B
3,29646,True,B,A,2,0,B
3,29647,True,B,A,0,1,B
3,29648,True,B,A,6,1,B
3,29649,True,A,B,10,1,A
3,29650,True,B,A,4,1,B
3,29651,True,B,A,6,1,B
3,29652,True,A,B,0,1,A
3,29653,True,A,B,4,1,A
3,29654,True,A,B,10,1,A
3,29655,True,A,B,10,1,A
3,29656,True,A,B,1,1,A
3,29657,True,B,A,1,2,B
3,29658,True,A,B,0,1,A
3,29659,True,A,B,1,2,A
3,29660,True,B,A,3,1,B
3,29661,True,B,A,10,1,B
3,29662,True,B,A,2,0,B
3,29663,True,B,A,2,1,B
3,29664,True,A,B,2,1,A
3,29665,True,B,A,4,1,B
3,29666,True,A,B,1,2,A
3,29667,True,A,B,2,1,A
3,29668,True,A,B,4,1,A
3,29669,True,A,B,1,1,A
3,29670,True,B,A,2,1,B
3,29671,True,B,A,3,1,B
3,29672,True,A,B,2,1,A
3,29673,True,B,A,0,1,B
3,29674,True,B,A,4,1,B
3,29675,True,A,B,6,1,A
3,29676,True,B,A,0,1,B
3,29677,True,B,A,2,0,B
3,29678,True,B,A,10,1,B
3,29679,True,A,B,1,1,A
3,29680,True,B,A,4,1,B
3,29681,True,A,B,2,0,A
3,29682,True,A,B,3,1,A
3,29683,True,B,A,1,2,B
3,29684,True,B,A,2,0,B
3,29685,True,A,B,6,1,A
3,29686,False,,,,,
3,29687,True,A,B,3,1,A
3,29688,True,A,B,6,1,A
3,29689,True,A,B,1,1,A
3,29690,True,A,B,3,1,A
3,29691,True,B,A,4,1,B
3,29692,True,B,A,4,1,B
3,29693,True,B,A,4,1,B
3,29694,True,A,B,3,1,A
3,29695,True,B,A,3,1,B
3,29696,True,B,A,0,1,B
3,29697,True,B,A,4,1,B
3,29698,True,B,A,10,1,B
3,29699,True,B,A,3,1,B
3,29700,False,,,,,
3,29701,True,B,A,6,1,B
3,29702,True,B,A,10,1,B
3,29703,True,A,B,6,1,A
3,29704,True,B,A,6,1,B
3,29705,True,A,B,6,1,A
3,29706,False,,,,,
3,29707,False,,,,,
3,29708,True,A,B,2,0,A
3,29709,True,B,A,4,1,B
3,29710,True,A,B,10,1,A
3,29711,True,A,B,1,1,A
3,29712,False,,,,,
3,29713,True,A,B,1,2,A
3,29714,True,B,A,4,1,B
3,29715,True,B,A,10,1,B
3,29716,True,B,A,3,1,B
3,29717,True,A,B,1,1,A
3,29718,True,B,A,6,1,B
3,29719,True,B,A,6,1,B
3,29720,True,A,B,2,1,A
3,29721,True,B,A,10,1,B
3,29722,True,A,B,6,1,A
3,29723,True,A,B,2,0,A
3,29724,False,,,,,
3,29725,True,B,A,3,1,B
3,29726,False,,,,,
3,29727,True,A,B,1,1,A
3,29728,True,B,A,0,1,B
3,29729,True,A,B,4,1,A
3,29730,True,A,B,3,1,A
3,29731,True,A,B,1,2,A
3,29732,True,B,A,1,1,B
3,29733,False,,,,,
3,29734,True,A,B,1,1,A
3,29735,True,B,A,2,1,B
3,29736,True,B,A,10,1,B
3,29737,True,A,B,1,2,A
3,29738,True,B,A,2,1,B
3,29739,True,A,B,6,1,A
3,29740,True,B,A,4,1,B
3,29741,True,A,B,2,0,A
3,29742,True,B,A,2,1,B
3,29743,True,A,B,10,1,A
3,29744,True,A,B,3,1,A
3,29745,True,A,B,10,1,A
3,29746,True,B,A,3,1,B
3,29747,True,B,A,1,2,B
3,29748,True,A,B,2,1,A
3,29749,True,A,B,4,1,A
3,29750,True,B,A,10,1,B
3,29751,True,B,A,6,1,B
3,29752,True,A,B,4,1,A
3,29753,True,B,A,0,1,B
3,29754,True,A,B,2,0,A
3,29755,True,A,B,2,1,A
3,29756,True,B,A,4,1,B
3,29757,True,B,A,4,1,B
3,29758,True,B,A,6,1,B
3,29759,True,B,A,0,1,B
3,29760,False,,,,,
3,29761,True,B,A,2,0,B
3,29762,True,B,A,0,1,B
3,29763,True,A,B,4,1,A
3,29764,True,B,A,6,1,B
3,29765,True,A,B,6,1,A
3,29766,True,B,A,1,1,B
3,29767,True,B,A,2,0,B
3,29768,True,A,B,10,1,A
3,29769,True,A,B,10,1,A
3,29770,True,B,A,10,1,B
3,29771,True,B,A,2,0,B
3,29772,True,B,A,10,1,B
3,29773,True,A,B,3,1,A
3,29774,True,A,B,0,1,A
3,29775,True,A,B,4,1,A
3,29776,True,A,B,1,1,A
3,29777,True,A,B,2,1,A
3,29778,True,A,B,1,1,A
3,29779,True,B,A,2,0,B
3,29780,True,B,A,1,1,B
3,29781,False,,,,,
3,29782,True,B,A,6,1,B
3,29783,True,B,A,1,2,B
3,29784,False,,,,,
3,29785,True,A,B,2,0,A
3,29786,False,,,,,
3,29787,True,B,A,6,1,B
3,29788,True,A,B,4,1,A
3,29789,True,A,B,10,1,A
3,29790,True,B,A,6,1,B
3,29791,True,B,A,10,1,B
3,29792,True,A,B,1,2,A
3,29793,True,A,B,6,1,A
3,29794,True,A,B,10,1,A
3,29795,True,B,A,2,0,B
3,29796,True,A,B,4,1,A
3,29797,True,A,B,6,1,A
3,29798,True,A,B,1,1,A
3,29799,True,B,A,3,1,B
3,29800,True,A,B,10,1,A
3,29801,True,B,A,0,1,B
3,29802,False,,,,,
3,29803,True,B,A,4,1,B
3,29804,True,B,A,2,1,B
3,29805,True,B,A,4,1,B
3,29806,True,B,A,1,1,B
3,29807,True,B,A,1,2,B
3,29808,True,B,A,3,1,B
3,29809,True,A,B,4,1,A
3,29810,True,B,A,1,1,B
3,29811,True,A,B,4,1,A
3,29812,True,A,B,2,0,A
3,29813,True,A,B,10,1,A
3,29814,True,B,A,4,1,B
3,29815,True,A,B,6,1,A
3,29816,True,A,B,2,0,A
3,29817,True,A,B,2,1,A
3,29818,False,,,,,
3,29819,True,A,B,6,1,A
3,29820,True,A,B,2,0,A
3,29821,True,B,A,1,2,B
3,29822,True,A,B,6,1,A
3,29823,True,B,A,10,1,B
3,29824,False,,,,,
3,29825,True,B,A,10,1,B
3,29826,True,A,B,2,0,A
3,29827,True,B,A,2,1,B
3,29828,True,A,B,4,1,A
3,29829,True,A,B,1,2,A
3,29830,True,A,B,1,1,A
3,29831,True,B,A,10,1,B
3,29832,True,A,B,10,1,A
3,29833,False,,,,,
3,29834,False,,,,,
3,29835,True,B,A,4,1,B
3,29836,True,B,A,2,1,B
3,29837,False,,,,,
3,29838,True,B,A,1,2,B
3,29839,True,A,B,2,0,A
3,29840,True,B,A,3,1,B
3,29841,True,A,B,1,2,A
3,29842,True,A,B,3,1,A
3,29843,False,,,,,
3,29844,True,B,A,2,1,B
3,29845,True,A,B,1,2,A
3,29846,True,A,B,2,1,A
3,29847,True,B,A,6,1,B
3,29848,True,B,A,0,1,B
3,29849,True,A,B,3,1,A
3,29850,True,B,A,4,1,B
3,29851,True,B,A,2,1,B
3,29852,True,A,B,2,1,A
3,29853,True,A,B,2,1,A
3,29854,True,B,A,4,1,B
3,29855,True,A,B,0,1,A
3,29856,True,B,A,1,2,B
3,29857,True,A,B,6,1,A
3,29858,True,A,B,6,1,A
3,29859,True,B,A,10,1,B
3,29860,True,B,A,2,0,B
3,29861,True,B,A,4,1,B
3,29862,True,B,A,2,1,B
3,29863,False,,,,,
3,29864,True,B,A,3,1,B
3,29865,True,A,B,2,1,A
3,29866,True,B,A,6,1,B
3,29867,True,A,B,2,0,A
3,29868,True,B,A,2,0,B
3,29869,True,B,A,1,2,B
3,29870,True,B,A,1,2,B
3,29871,True,A,B,3,1,A
3,29872,True,A,B,0,1,A
3,29873,False,,,,,
3,29874,True,A,B,2,0,A
3,29875,True,A,B,4,1,A
3,29876,True,B,A,1,1,B
3,29877,True,B,A,10,1,B
3,29878,True,B,A,10,1,B
3,29879,True,B,A,2,0,B
3,29880,True,B,A,0,1,B
3,29881,True,B,A,4,1,B
3,29882,False,,,,,
3,29883,True,B,A,4,1,B
3,29884,True,B,A,6,1,B
3,29885,True,B,A,2,0,B
3,29886,True,A,B,6,1,A
3,29887,True,A,B,2,1,A
3,29888,True,A,B,2,1,A
3,29889,True,A,B,6,1,A
3,29890,True,B,A,2,0,B
3,29891,True,B,A,2,0,B
3,29892,True,B,A,4,1,B
3,29893,False,,,,,
3,29894,True,A,B,3,1,A
3,29895,True,B,A,2,1,B
3,29896,True,B,A,0,1,B
3,29897,True,B,A,2,1,B
3,29898,True,A,B,0,1,A
3,29899,True,B,A,4,1,B
3,29900,True,A,B,10,1,A
3,29901,True,B,A,4,1,B
3,29902,True,B,A,1,2,B
3,29903,True,B,A,10,1,B
3,29904,True,A,B,3,1,A
3,29905,True,A,B,2,0,A
3,29906,True,B,A,1,1,B
3,29907,True,A,B,0,1,A
3,29908,True,A,B,1,2,A
3,29909,True,A,B,2,1,A
3,29910,True,A,B,6,1,A
3,29911,True,B,A,10,1,B
3,29912,True,B,A,2,1,B
3,29913,True,A,B,10,1,A
3,29914,True,A,B,3,1,A
3,29915,True,A,B,6,1,A
3,29916,True,A,B,4,1,A
3,29917,True,A,B,3,1,A
3,29918,True,B,A,3,1,B
3,29919,True,B,A,0,1,B
3,29920,True,A,B,6,1,A
3,29921,True,B,A,4,1,B
3,29922,True,B,A,6,1,B
3,29923,True,A,B,0,1,A
3,29924,True,A,B,1,2,A
3,29925,True,A,B,2,1,A
3,29926,True,A,B,3,1,A
3,29927,True,B,A,2,1,B
3,29928,True,A,B,10,1,A
3,29929,True,B,A,4,1,B
3,29930,True,B,A,6,1,B
3,29931,True,A,B,10,1,A
3,29932,True,A,B,0,1,A
3,29933,True,B,A,6,1,B
3,29934,True,A,B,1,1,A
3,29935,True,A,B,3,1,A
3,29936,True,B,A,4,1,B
3,29937,True,B,A,4,1,B
3,29938,True,A,B,2,0,A
3,29939,True,A,B,2,0,A
3,29940,True,B,A,2,0,B
3,29941,True,A,B,10,1,A
3,29942,True,A,B,2,0,A
3,29943,True,A,B,1,1,A
3,29944,True,A,B,3,1,A
3,29945,True,B,A,10,1,B
3,29946,True,A,B,10,1,A
3,29947,True,B,A,2,0,B
3,29948,True,A,B,2,0,A
3,29949,True,A,B,10,1,A
3,29950,True,A,B,1,1,A
3,29951,True,B,A,3,1,B
3,29952,True,B,A,6,1,B
3,29953,True,A,B,0,1,A
3,29954,True,B,A,6,1,B
3,29955,True,B,A,2,0,B
3,29956,True,B,A,1,1,B
3,29957,True,B,A,3,1,B
3,29958,True,A,B,1,2,A
3,29959,True,B,A,6,1,B
3,29960,True,A,B,2,0,A
3,29961,True,A,B,10,1,A
3,29962,True,B,A,1,2,B
3,29963,False,,,,,
3,29964,True,A,B,6,1,A
3,29965,True,B,A,2,1,B
3,29966,True,B,A,1,1,B
3,29967,True,A,B,3,1,A
3,29968,True,A,B,4,1,A
3,29969,True,B,A,2,0,B
3,29970,True,B,A,6,1,B
3,29971,True,A,B,10,1,A
3,29972,True,B,A,2,1,B
3,29973,True,A,B,1,2,A
3,29974,True,B,A,1,1,B
3,29975,True,A,B,10,1,A
3,29976,True,A,B,4,1,A
3,29977,True,A,B,10,1,A
3,29978,True,A,B,3,1,A
3,29979,True,A,B,4,1,A
3,29980,True,A,B,2,0,A
3,29981,True,A,B,2,1,A
3,29982,True,A,B,1,1,A
3,29983,True,B,A,1,2,B
3,29984,True,B,A,4,1,B
3,29985,False,,,,,
3,29986,True,B,A,3,1,B
3,29987,True,A,B,2,0,A
3,29988,True,A,B,2,0,A
3,29989,True,B,A,3,1,B
3,29990,True,B,A,3,1,B
3,29991,True,B,A,6,1,B
3,29992,True,A,B,1,1,A
3,29993,True,A,B,10,1,A
3,29994,True,A,B,6,1,A
3,29995,True,B,A,6,1,B
3,29996,False,,,,,
3,29997,False,,,,,
3,29998,True,A,B,10,1,A
3,29999,True,A,B,2,0,A
3,30000,True,A,B,2,0,A
4,30001,True,A,B,1,1,A
4,30002,True,A,B,10,1,A
4,30003,False,,,,,
4,30004,True,A,B,6,1,A
4,30005,True,A,B,0,1,A
4,30006,True,A,B,2,1,A
4,30007,True,A,B,1,1,A
4,30008,True,B,A,1,2,B
4,30009,True,A,B,4,1,A
4,30010,True,B,A,1,1,B
4,30011,True,A,B,1,1,A
4,30012,True,A,B,0,1,A
4,30013,True,B,A,4,1,B
4,30014,True,B,A,6,1,B
4,30015,True,B,A,3,1,B
4,30016,True,B,A,3,1,B
4,30017,True,B,A,1,2,B
4,30018,False,,,,,
4,30019,True,B,A,1,2,B
4,30020,True,A,B,2,0,A
4,30021,True,A,B,2,1,A
4,30022,True,A,B,10,1,A
4,30023,True,A,B,4,1,A
4,30024,True,A,B,6,1,A
4,30025,True,A,B,10,1,A
4,30026,True,B,A,6,1,B
4,30027,True,B,A,2,1,B
4,30028,True,A,B,2,0,A
4,30029,False,,,,,
4,30030,True,B,A,1,2,B
4,30031,True,A,B,0,1,A
4,30032,True,A,B,4,1,A
4,30033,True,A,B,1,2,A
4,30034,True,B,A,6,1,B
4,30035,True,A,B,0,1,A
4,30036,True,B,A,1,1,B
4,30037,True,B,A,3,1,B
4,30038,True,B,A,6,1,B
4,30039,True,B,A,2,1,B
4,30040,True,A,B,4,1,A
4,30041,True,A,B,1,1,A
4,30042,True,B,A,4,1,B
4,30043,True,A,B,3,1,A
4,30044,True,A,B,3,1,A
4,30045,True,A,B,1,1,A
4,30046,True,A,B,1,1,A
4,30047,True,A,B,1,1,A
4,30048,True,B,A,6,1,B
4,30049,True,B,A,10,1,B
4,30050,True,A,B,0,1,A
4,30051,True,A,B,3,1,A
4,30052,True,B,A,4,1,B
4,30053,True,A,B,2,1,A
4,30054,True,A,B,2,0,A
4,30055,True,B,A,1,2,B
4,30056,True,B,A,1,2,B
4,30057,True,A,B,3,1,A
4,30058,True,A,B,3,1,A
4,30059,True,B,A,2,0,B
4,30060,True,B,A,4,1,B
4,30061,True,A,B,0,1,A
4,30062,True,A,B,2,1,A
4,30063,True,A,B,0,1,A
4,30064,False,,,,,
4,30065,True,B,A,2,0,B
4,30066,True,B,A,2,1,B
4,30067,True,A,B,10,1,A
4,30068,True,B,A,6,1,B
4,30069,True,A,B,1,2,A
4,30070,True,B,A,1,1,B
4,30071,True,A,B,3,1,A
4,30072,True,B,A,10,1,B
4,30073,True,A,B,1,2,A
4,30074,True,A,B,10,1,A
4,30075,True,B,A,2,0,B
4,30076,True,A,B,1,1,A
4,30077,True,A,B,4,1,A
4,30078,True,B,A,3,1,B
4,30079,True,A,B,2,1,A
4,30080,True,A,B,1,2,A
4,30081,True,A,B,10,1,A
4,30082,True,A,B,3,1,A
4,30083,False,,,,,
4,30084,True,B,A,1,2,B
4,30085,True,B,A,6,1,B
4,30086,True,B,A,10,1,B
4,30087,False,,,,,
4,30088,True,A,B,4,1,A
4,30089,True,A,B,1,1,A
4,30090,True,A,B,0,1,A
4,30091,True,A,B,4,1,A
4,30092,True,B,A,4,1,B
4,30093,True,B,A,1,1,B
4,30094,False,,,,,
4,30095,False,,,,,
4,30096,True,A,B,1,2,A
4,30097,True,A,B,2,1,A
4,30098,False,,,,,
4,30099,True,B,A,10,1,B
4,30100,True,A,B,4,1,A
4,30101,True,B,A,2,0,B
4,30102,True,A,B,2,1,A
4,30103,True,B,A,1,1,B
4,30104,True,A,B,1,2,A
4,30105,True,B,A,4,1,B
4,30106,True,A,B,2,1,A
4,30107,True,B,A,1,1,B
4,30108,True,B,A,6,1,B
4,30109,True,B,A,2,1,B
4,30110,True,B,A,0,1,B
4,30111,True,A,B,4,1,A
4,30112,True,A,B,10,1,A
4,30113,True,A,B,2,1,A
4,30114,True,A,B,4,1,A
4,30115,True,B,A,2,1,B
4,30116,True,A,B,10,1,A
4,30117,True,A,B,1,2,A
4,30118,True,A,B,4,1,A
4,30119,True,B,A,3,1,B
4,30120,True,A,B,2,0,A
4,30121,True,B,A,10,1,B
4,30122,True,A,B,2,1,A
4,30123,True,B,A,10,1,B
4,30124,False,,,,,
4,30125,True,A,B,1,2,A
4,30126,True,A,B,1,1,A
4,30127,True,B,A,1,2,B
4,30128,True,A,B,2,0,A
4,30129,True,B,A,6,1,B
4,30130,True,B,A,3,1,B
4,30131,True,B,A,10,1,B
4,30132,True,A,B,6,1,A
4,30133,False,,,,,
4,30134,True,A,B,1,1,A
4,30135,True,B,A,3,1,B
4,30136,True,B,A,2,1,B
4,30137,True,B,A,1,2,B
4,30138,True,B,A,4,1,B
4,30139,True,A,B,4,1,A
4,30140,True,A,B,0,1,A
4,30141,True,A,B,6,1,A
4,30142,False,,,,,
4,30143,True,B,A,10,1,B
4,30144,True,A,B,4,1,A
4,30145,False,,,,,
4,30146,True,B,A,1,1,B
4,30147,False,,,,,
4,30148,True,A,B,2,0,A
4,30149,True,B,A,4,1,B
4,30150,True,A,B,3,1,A
4,30151,False,,,,,
4,30152,True,A,B,6,1,A
4,30153,True,A,B,3,1,A
4,30154,False,,,,,
4,30155,True,A,B,10,1,A
4,30156,True,A,B,3,1,A
4,30157,True,B,A,0,1,B
4,30158,True,B,A,2,0,B
4,30159,True,A,B,2,0,A
4,30160,True,B,A,6,1,B
4,30161,True,B,A,2,0,B
4,30162,False,,,,,
4,30163,True,B,A,2,1,B
4,30164,False,,,,,
4,30165,True,A,B,2,0,A
4,30166,False,,,,,
4,30167,True,B,A,2,0,B
4,30168,True,A,B,1,2,A
4,30169,True,A,B,10,1,A
4,30170,True,B,A,2,1,B
4,30171,True,A,B,0,1,A
4,30172,False,,,,,
4,30173,True,A,B,10,1,A
4,30174,True,A,B,1,1,A
4,30175,True,B,A,10,1,B
4,30176,True,A,B,3,1,A
4,30177,False,,,,,
4,30178,True,B,A,10,1,B
4,30179,True,A,B,1,2,A
4,30180,True,A,B,1,1,A
4,30181,True,B,A,1,1,B
4,30182,True,B,A,10,1,B
4,30183,True,B,A,3,1,B
4,30184,True,B,A,4,1,B
4,30185,False,,,,,
4,30186,True,A,B,10,1,A
4,30187,True,B,A,1,1,B
4,30188,True,A,B,3,1,A
4,30189,True,A,B,6,1,A
4,30190,True,A,B,1,1,A
4,30191,True,A,B,3,1,A
4,30192,False,,,,,
4,30193,True,A,B,4,1,A
4,30194,True,B,A,2,1,B
4,30195,True,A,B,6,1,A
4,30196,True,A,B,10,1,A
4,30197,True,B,A,3,1,B
4,30198,True,A,B,3,1,A
4,30199,True,A,B,3,1,A
4,30200,False,,,,,
4,30201,True,B,A,3,1,B
4,30202,True,A,B,0,1,A
4,30203,True,A,B,1,1,A
4,30204,True,B,A,4,1,B
4,30205,True,A,B,1,2,A
4,30206,True,A,B,3,1,A
4,30207,True,B,A,3,1,B
4,30208,True,B,A,6,1,B
4,30209,True,B,A,0,1,B
4,30210,True,A,B,1,2,A
4,30211,True,B,A,10,1,B
4,30212,True,B,A,0,1,B
4,30213,True,B,A,1,1,B
4,30214,True,A,B,3,1,A
4,30215,True,B,A,2,1,B
4,30216,True,A,B,2,0,A
4,30217,True,A,B,10,1,A
4,30218,True,A,B,0,1,A
4,30219,True,A,B,1,1,A
4,30220,False,,,,,
4,30221,True,B,A,2,0,B
4,30222,True,A,B,2,0,A
4,30223,True,B,A,1,2,B
4,30224,True,A,B,1,2,A
4,30225,True,B,A,6,1,B
4,30226,True,A,B,2,0,A
4,30227,True,A,B,3,1,A
4,30228,True,B,A,1,2,B
4,30229,True,A,B,1,2,A
4,30230,True,A,B,3,1,A
4,30231,True,B,A,1,2,B
4,30232,True,B,A,3,1,B
4,30233,True,A,B,1,2,A
4,30234,True,A,B,10,1,A
4,30235,True,A,B,1,1,A
4,30236,True,A,B,4,1,A
4,30237,True,B,A,1,1,B
4,30238,True,B,A,1,1,B
4,30239,True,B,A,4,1,B
4,30240,False,,,,,
4,30241,True,A,B,2,0,A
4,30242,True,A,B,0,1,A
4,30243,True,A,B,4,1,A
4,30244,True,A,B,6,1,A
4,30245,True,B,A,4,1,B
4,30246,True,B,A,6,1,B
4,30247,True,A,B,0,1,A
4,30248,True,A,B,1,2,A
4,30249,True,A,B,1,2,A
4,30250,True,B,A,1,1,B
4,30251,True,A,B,0,1,A
4,30252,True,A,B,10,1,A
4,30253,True,A,B,6,1,A
4,30254,True,B,A,1,2,B
4,30255,True,B,A,1,1,B
4,30256,True,A,B,0,1,A
4,30257,True,A,B,3,1,A
4,30258,True,B,A,4,1,B
4,30259,True,B,A,4,1,B
4,30260,True,A,B,6,1,A
4,30261,True,B,A,3,1,B
4,30262,True,A,B,6,1,A
4,30263,True,A,B,1,1,A
4,30264,True,A,B,4,1,A
4,30265,True,B,A,4,1,B
4,30266,True,B,A,1,1,B
4,30267,True,A,B,1,2,A
4,30268,True,A,B,2,1,A
4,30269,True,A,B,4,1,A
4,30270,True,B,A,3,1,B
4,30271,False,,,,,
4,30272,True,A,B,1,2,A
4,30273,True,A,B,2,1,A
4,30274,False,,,,,
4,30275,True,A,B,3,1,A
4,30276,True,A,B,2,1,A
4,30277,True,A,B,1,1,A
4,30278,True,B,A,3,1,B
4,30279,True,A,B,3,1,A
4,30280,True,A,B,10,1,A
4,30281,True,B,A,2,1,B
4,30282,True,B,A,2,0,B
4,30283,True,B,A,2,0,B
4,30284,True,A,B,0,1,A
4,30285,True,A,B,10,1,A
4,30286,True,B,A,2,0,B
4,30287,True,B,A,10,1,B
4,30288,True,A,B,10,1,A
4,30289,True,B,A,0,1,B
4,30290,True,B,A,3,1,B
4,30291,True,B,A,10,1,B
4,30292,True,A,B,2,0,A
4,30293,True,A,B,2,0,A
4,30294,True,B,A,2,1,B
4,30295,True,B,A,1,1,B
4,30296,True,A,B,2,1,A
4,30297,True,B,A,4,1,B
4,30298,True,B,A,1,2,B
4,30299,True,B,A,3,1,B
4,30300,True,B,A,1,2,B
4,30301,True,B,A,1,1,B
4,30302,True,A,B,6,1,A
4,30303,True,B,A,1,1,B
4,30304,True,B,A,1,1,B
4,30305,True,B,A,6,1,B
4,30306,True,B,A,3,1,B
4,30307,True,B,A,1,2,B
4,30308,True,A,B,1,2,A
4,30309,True,B,A,6,1,B
4,30310,True,A,B,2,0,A
4,30311,False,,,,,
4,30312,True,A,B,1,1,A
4,30313,True,B,A,1,1,B
4,30314,True,B,A,2,0,B
4,30315,True,A,B,2,1,A
4,30316,True,B,A,4,1,B
4,30317,True,B,A,4,1,B
4,30318,True,A,B,2,1,A
4,30319,True,A,B,0,1,A
4,30320,True,B,A,0,1,B
4,30321,True,A,B,1,2,A
4,30322,True,A,B,0,1,A
4,30323,False,,,,,
4,30324,True,A,B,3,1,A
4,30325,True,B,A,2,0,B
4,30326,True,A,B,2,1,A
4,30327,True,B,A,0,1,B
4,30328,True,A,B,4,1,A
4,30329,True,A,B,6,1,A
4,30330,True,A,B,1,2,A
4,30331,True,A,B,1,2,A
4,30332,True,A,B,0,1,A
4,30333,True,B,A,3,1,B
4,30334,True,B,A,2,0,B
4,30335,True,A,B,3,1,A
4,30336,True,B,A,1,1,B
4,30337,True,B,A,10,1,B
4,30338,True,B,A,1,2,B
4,30339,True,B,A,2,0,B
4,30340,True,A,B,0,1,A
4,30341,True,A,B,0,1,A
4,30342,True,B,A,2,0,B
4,30343,True,B,A,10,1,B
4,30344,True,B,A,1,2,B
4,30345,True,A,B,1,2,A
4,30346,True,B,A,10,1,B
4,30347,True,B,A,1,1,B
4,30348,True,B,A,10,1,B
4,30349,False,,,,,
4,30350,True,B,A,2,1,B
4,30351,True,B,A,1,2,B
4,30352,True,B,A,3,1,B
4,30353,True,B,A,6,1,B
4,30354,True,B,A,4,1,B
4,30355,True,A,B,10,1,A
4,30356,True,A,B,10,1,A
4,30357,True,A,B,1,2,A
4,30358,True,A,B,6,1,A
4,30359,True,B,A,4,1,B
4,30360,False,,,,,
4,30361,True,A,B,1,2,A
4,30362,True,B,A,4,1,B
4,30363,True,B,A,2,1,B
4,30364,True,B,A,2,1,B
4,30365,True,B,A,1,2,B
4,30366,True,A,B,1,1,A
4,30367,False,,,,,
4,30368,False,,,,,
4,30369,True,B,A,10,1,B
4,30370,True,B,A,10,1,B
4,30371,True,B,A,2,1,B
4,30372,True,A,B,10,1,A
4,30373,True,A,B,1,1,A
4,30374,True,A,B,2,1,A
4,30375,True,B,A,0,1,B
4,30376,True,B,A,1,2,B
4,30377,True,B,A,0,1,B
4,30378,True,A,B,1,1,A
4,30379,True,A,B,3,1,A
4,30380,True,A,B,1,1,A
4,30381,True,B,A,10,1,B
4,30382,True,B,A,0,1,B
4,30383,True,B,A,1,2,B
4,30384,True,B,A,4,1,B
4,30385,True,A,B,1,2,A
4,30386,True,A,B,10,1,A
4,30387,True,A,B,10,1,A
4,30388,False,,,,,
4,30389,True,B,A,4,1,B
4,30390,True,B,A,1,2,B
4,30391,True,A,B,3,1,A
4,30392,True,A,B,6,1,A
4,30393,True,A,B,0,1,A
4,30394,True,A,B,10,1,A
4,30395,True,A,B,1,1,A
4,30396,True,B,A,3,1,B
4,30397,True,A,B,2,1,A
4,30398,True,B,A,10,1,B
4,30399,True,A,B,2,0,A
4,30400,True,B,A,2,1,B
4,30401,True,B,A,2,1,B
4,30402,True,A,B,2,0,A
4,30403,True,A,B,10,1,A
4,30404,True,A,B,6,1,A
4,30405,True,A,B,4,1,A
4,30406,True,B,A,6,1,B
4,30407,False,,,,,
4,30408,True,B,A,4,1,B
4,30409,True,A,B,3,1,A
4,30410,True,A,B,2,0,A
4,30411,True,B,A,6,1,B
4,30412,True,A,B,0,1,A
4,30413,True,A,B,2,1,A
4,30414,True,A,B,0,1,A
4,30415,True,B,A,0,1,B
4,30416,True,B,A,0,1,B
4,30417,True,A,B,3,1,A
4,30418,True,A,B,2,0,A
4,30419,True,B,A,3,1,B
4,30420,False,,,,,
4,30421,True,B,A,4,1,B
4,30422,True,A,B,4,1,A
4,30423,True,B,A,1,1,B
4,30424,True,A,B,1,2,A
4,30425,True,B,A,3,1,B
4,30426,True,A,B,1,1,A
4,30427,True,A,B,6,1,A
4,30428,True,B,A,1,2,B
4,30429,True,B,A,10,1,B
4,30430,True,B,A,4,1,B
4,30431,True,A,B,2,1,A
4,30432,True,A,B,2,0,A
4,30433,True,A,B,1,1,A
4,30434,True,A,B,1,2,A
4,30435,False,,,,,
4,30436,True,A,B,0,1,A
4,30437,True,B,A,2,1,B
4,30438,True,B,A,6,1,B
4,30439,True,A,B,0,1,A
4,30440,True,B,A,4,1,B
4,30441,True,A,B,4,1,A
4,30442,True,A,B,0,1,A
4,30443,True,A,B,3,1,A
4,30444,True,B,A,1,1,B
4,30445,False,,,,,
4,30446,True,B,A,1,2,B
4,30447,True,B,A,1,1,B
4,30448,True,A,B,4,1,A
4,30449,True,B,A,3,1,B
4,30450,True,B,A,10,1,B
4,30451,True,B,A,3,1,B
4,30452,True,A,B,6,1,A
4,30453,True,A,B,2,1,A
4,30454,True,A,B,2,1,A
4,30455,True,A,B,10,1,A
4,30456,True,B,A,10,1,B
4,30457,True,A,B,1,1,A
4,30458,True,B,A,0,1,B
4,30459,True,A,B,6,1,A
4,30460,True,A,B,1,1,A
4,30461,True,A,B,2,0,A
4,30462,True,A,B,0,1,A
4,30463,True,B,A,4,1,B
4,30464,True,A,B,6,1,A
4,30465,True,A,B,1,1,A
4,30466,True,B,A,1,2,B
4,30467,True,A,B,10,1,A
4,30468,True,A,B,0,1,A
4,30469,False,,,,,
4,30470,True,B,A,1,1,B
4,30471,False,,,,,
4,30472,True,B,A,1,1,B
4,30473,True,B,A,4,1,B
4,30474,True,B,A,2,0,B
4,30475,True,A,B,1,1,A
4,30476,True,A,B,6,1,A
4,30477,True,B,A,6,1,B
4,30478,True,B,A,10,1,B
4,30479,True,B,A,3,1,B
4,30480,True,A,B,1,2,A
4,30481,True,B,A,1,1,B
4,30482,True,B,A,2,0,B
4,30483,True,B,A,2,0,B
4,30484,True,A,B,0,1,A
4,30485,False,,,,,
4,30486,True,B,A,2,1,B
4,30487,True,A,B,6,1,A
4,30488,True,A,B,10,1,A
4,30489,False,,,,,
4,30490,True,B,A,1,2,B
4,30491,True,B,A,2,0,B
4,30492,True,B,A,4,1,B
4,30493,True,A,B,4,1,A
4,30494,True,A,B,1,2,A
4,30495,True,B,A,1,2,B
4,30496,True,B,A,6,1,B
4,30497,True,A,B,10,1,A
4,30498,True,A,B,2,0,A
4,30499,True,B,A,2,0,B
4,30500,True,B,A,1,1,B
4,30501,True,B,A,1,2,B
4,30502,True,B,A,2,0,B
4,30503,True,B,A,3,1,B
4,30504,True,A,B,10,1,A
4,30505,True,A,B,0,1,A
4,30506,True,A,B,10,1,A
4,30507,True,B,A,0,1,B
4,30508,True,B,A,0,1,B
4,30509,True,A,B,2,1,A
4,30510,True,B,A,2,1,B
4,30511,True,B,A,3,1,B
4,30512,True,B,A,1,2,B
4,30513,True,A,B,2,1,A
4,30514,True,A,B,6,1,A
4,30515,True,B,A,10,1,B
4,30516,True,B,A,3,1,B
4,30517,True,B,A,6,1,B
4,30518,True,B,A,10,1,B
4,30519,True,B,A,2,0,B
4,30520,True,A,B,4,1,A
4,30521,True,B,A,3,1,B
4,30522,True,B,A,4,1,B
4,30523,True,A,B,0,1,A
4,30524,True,A,B,2,0,A
4,30525,True,B,A,4,1,B
4,30526,True,B,A,2,0,B
4,30527,True,A,B,1,1,A
4,30528,True,B,A,0,1,B
4,30529,True,A,B,1,2,A
4,30530,True,B,A,1,1,B
4,30531,True,A,B,3,1,A
4,30532,True,A,B,1,2,A
4,30533,True,A,B,4,1,A
4,30534,True,B,A,1,1,B
4,30535,True,B,A,0,1,B
4,30536,True,B,A,1,1,B
4,30537,True,A,B,1,1,A
4,30538,True,B,A,10,1,B
4,30539,True,B,A,10,1,B
4,30540,True,A,B,6,1,A
4,30541,True,B,A,6,1,B
4,30542,True,B,A,1,2,B
4,30543,False,,,,,
4,30544,True,A,B,1,1,A
4,30545,True,B,A,6,1,B
4,30546,True,B,A,3,1,B
4,30547,True,B,A,4,1,B
4,30548,True,B,A,2,0,B
4,30549,True,B,A,1,2,B
4,30550,True,B,A,6,1,B
4,30551,True,B,A,0,1,B
4,30552,False,,,,,
4,30553,True,B,A,0,1,B
4,30554,True,A,B,2,1,A
4,30555,True,A,B,3,1,A
4,30556,True,A,B,0,1,A
4,30557,True,A,B,1,1,A
4,30558,True,A,B,1,2,A
4,30559,True,A,B,0,1,A
4,30560,True,A,B,1,1,A
4,30561,True,B,A,6,1,B
4,30562,True,B,A,3,1,B
4,30563,True,B,A,6,1,B
4,30564,True,B,A,10,1,B
4,30565,True,B,A,3,1,B
4,30566,True,A,B,10,1,A
4,30567,False,,,,,
4,30568,False,,,,,
4,30569,True,A,B,3,1,A
4,30570,True,B,A,2,1,B
4,30571,True,A,B,6,1,A
4,30572,False,,,,,
4,30573,True,A,B,6,1,A
4,30574,True,B,A,10,1,B
4,30575,True,A,B,3,1,A
4,30576,True,A,B,1,1,A
4,30577,True,B,A,10,1,B
4,30578,True,B,A,2,1,B
4,30579,True,A,B,3,1,A
4,30580,True,B,A,4,1,B
4,30581,True,B,A,0,1,B
4,30582,True,A,B,0,1,A
4,30583,True,A,B,1,2,A
4,30584,True,A,B,0,1,A
4,30585,True,A,B,1,1,A
4,30586,True,B,A,0,1,B
4,30587,True,B,A,0,1,B
4,30588,False,,,,,
4,30589,True,A,B,6,1,A
4,30590,True,B,A,6,1,B
4,30591,True,B,A,6,1,B
4,30592,True,B,A,1,1,B
4,30593,True,A,B,10,1,A
4,30594,True,A,B,4,1,A
4,30595,False,,,,,
4,30596,True,A,B,2,0,A
4,30597,True,B,A,10,1,B
4,30598,True,B,A,1,1,B
4,30599,True,B,A,1,1,B
4,30600,True,A,B,1,1,A
4,30601,True,A,B,2,1,A
4,30602,True,B,A,3,1,B
4,30603,True,B,A,3,1,B
4,30604,False,,,,,
4,30605,True,B,A,1,1,B
4,30606,True,A,B,4,1,A
4,30607,False,,,,,
4,30608,False,,,,,
4,30609,True,B,A,6,1,B
4,30610,True,B,A,10,1,B
4,30611,True,A,B,4,1,A
4,30612,True,A,B,3,1,A
4,30613,True,B,A,6,1,B
4,30614,True,A,B,2,0,A
4,30615,True,A,B,2,0,A
4,30616,True,B,A,6,1,B
4,30617,True,A,B,2,1,A
4,30618,True,B,A,4,1,B
4,30619,True,A,B,0,1,A
4,30620,True,B,A,2,0,B
4,30621,True,B,A,6,1,B
4,30622,False,,,,,
4,30623,True,A,B,0,1,A
4,30624,True,B,A,6,1,B
4,30625,True,B,A,6,1,B
4,30626,True,B,A,1,2,B
4,30627,True,A,B,2,0,A
4,30628,True,A,B,0,1,A
4,30629,True,A,B,1,1,A
4,30630,True,A,B,2,1,A
4,30631,True,B,A,4,1,B
4,30632,True,B,A,6,1,B
4,30633,True,A,B,1,2,A
4,30634,True,A,B,0,1,A
4,30635,True,B,A,6,1,B
4,30636,True,B,A,10,1,B
4,30637,True,A,B,10,1,A
4,30638,True,B,A,6,1,B
4,30639,False,,,,,
4,30640,False,,,,,
4,30641,True,B,A,4,1,B
4,30642,False,,,,,
4,30643,True,B,A,6,1,B
4,30644,True,B,A,10,1,B
4,30645,True,A,B,1,2,A
4,30646,True,A,B,2,0,A
4,30647,True,A,B,4,1,A
4,30648,True,B,A,4,1,B
4,30649,False,,,,,
4,30650,True,A,B,6,1,A
4,30651,True,B,A,6,1,B
4,30652,True,A,B,2,0,A
4,30653,True,B,A,0,1,B
4,30654,True,B,A,2,1,B
4,30655,True,B,A,1,2,B
4,30656,True,B,A,4,1,B
4,30657,True,A,B,1,1,A
4,30658,True,B,A,4,1,B
4,30659,True,A,B,2,0,A
4,30660,True,B,A,1,1,B
4,30661,True,A,B,1,2,A
4,30662,True,A,B,10,1,A
4,30663,False,,,,,
4,30664,True,A,B,6,1,A
4,30665,True,A,B,2,1,A
4,30666,True,A,B,3,1,A
4,30667,False,,,,,
4,30668,True,B,A,1,2,B
4,30669,True,A,B,4,1,A
4,30670,True,B,A,2,0,B
4,30671,True,A,B,4,1,A
4,30672,True,A,B,10,1,A
4,30673,True,A,B,3,1,A
4,30674,True,B,A,3,1,B
4,30675,True,A,B,0,1,A
4,30676,True,B,A,1,2,B
4,30677,True,A,B,3,1,A
4,30678,True,B,A,2,1,B
4,30679,True,B,A,4,1,B
4,30680,True,B,A,1,2,B
4,30681,False,,,,,
4,30682,True,A,B,2,1,A
4,30683,True,A,B,2,1,A
4,30684,True,A,B,2,0,A
4,30685,True,B,A,3,1,B
4,30686,True,B,A,2,0,B
4,30687,True,B,A,1,1,B
4,30688,True,B,A,4,1,B
4,30689,True,B,A,1,2,B
4,30690,True,B,A,2,0,B
4,30691,True,B,A,1,2,B
4,30692,True,A,B,4,1,A
4,30693,True,B,A,10,1,B
4,30694,True,A,B,4,1,A
4,30695,True,A,B,0,1,A
4,30696,True,B,A,1,2,B
4,30697,True,A,B,6,1,A
4,30698,True,A,B,6,1,A
4,30699,True,A,B,6,1,A
4,30700,False,,,,,
4,30701,True,B,A,2,1,B
4,30702,True,B,A,3,1,B
4,30703,True,A,B,6,1,A
4,30704,True,A,B,2,0,A
4,30705,True,B,A,10,1,B
4,30706,True,A,B,6,1,A
4,30707,True,B,A,0,1,B
4,30708,True,A,B,1,1,A
4,30709,True,A,B,6,1,A
4,30710,True,A,B,1,1,A
4,30711,True,A,B,0,1,A
4,30712,False,,,,,
4,30713,True,A,B,3,1,A
4,30714,True,A,B,2,0,A
4,30715,True,B,A,3,1,B
4,30716,True,B,A,1,1,B
4,30717,True,A,B,6,1,A
4,30718,True,B,A,6,1,B
4,30719,True,B,A,1,1,B
4,30720,True,B,A,2,0,B
4,30721,True,A,B,10,1,A
4,30722,True,B,A,1,2,B
4,30723,True,B,A,2,1,B
4,30724,True,B,A,2,1,B
4,30725,True,A,B,2,0,A
4,30726,True,A,B,4,1,A
4,30727,True,A,B,10,1,A
4,30728,True,B,A,0,1,B
4,30729,True,B,A,1,2,B
4,30730,True,B,A,2,0,B
4,30731,False,,,,,
4,30732,True,B,A,2,0,B
4,30733,True,B,A,1,2,B
4,30734,True,B,A,10,1,B
4,30735,True,B,A,2,1,B
4,30736,True,B,A,2,0,B
4,30737,True,A,B,1,2,A
4,30738,True,A,B,3,1,A
4,30739,True,A,B,1,1,A
4,30740,True,B,A,4,1,B
4,30741,True,A,B,10,1,A
4,30742,True,A,B,1,2,A
4,30743,True,B,A,6,1,B
4,30744,True,B,A,6,1,B
4,30745,True,B,A,2,1,B
4,30746,True,B,A,4,1,B
4,30747,True,B,A,10,1,B
4,30748,True,A,B,6,1,A
4,30749,True,B,A,3,1,B
4,30750,True,A,B,2,1,A
4,30751,True,A,B,3,1,A
4,30752,True,A,B,10,1,A
4,30753,True,A,B,2,0,A
4,30754,True,A,B,1,2,A
4,30755,True,B,A,10,1,B
4,30756,True,A,B,0,1,A
4,30757,True,A,B,3,1,A
4,30758,True,A,B,0,1,A
4,30759,True,B,A,10,1,B
4,30760,True,A,B,0,1,A
4,30761,True,B,A,1,2,B
4,30762,True,B,A,10,1,B
4,30763,True,A,B,2,1,A
4,30764,True,A,B,4,1,A
4,30765,True,A,B,1,1,A
4,30766,True,A,B,1,1,A
4,30767,True,B,A,2,1,B
4,30768,True,A,B,6,1,A
4,30769,True,A,B,2,1,A
4,30770,True,B,A,6,1,B
4,30771,True,A,B,6,1,A
4,30772,True,B,A,0,1,B
4,30773,True,A,B,1,2,A
4,30774,True,B,A,6,1,B
4,30775,True,A,B,2,1,A
4,30776,True,A,B,2,0,A
4,30777,True,A,B,0,1,A
4,30778,True,A,B,10,1,A
4,30779,True,A,B,1,1,A
4,30780,True,B,A,4,1,B
4,30781,True,A,B,1,1,A
4,30782,True,B,A,1,1,B
4,30783,True,B,A,2,0,B
4,30784,True,B,A,3,1,B
4,30785,True,B,A,0,1,B
4,30786,True,A,B,10,1,A
4,30787,True,B,A,1,2,B
4,30788,True,A,B,0,1,A
4,30789,True,A,B,0,1,A
4,30790,True,A,B,2,1,A
4,30791,True,B,A,1,1,B
4,30792,True,B,A,1,2,B
4,30793,True,A,B,4,1,A
4,30794,True,B,A,2,1,B
4,30795,True,A,B,1,1,A
4,30796,True,A,B,1,2,A
4,30797,True,A,B,10,1,A
4,30798,True,B,A,4,1,B
4,30799,True,A,B,2,1,A
4,30800,True,A,B,0,1,A
4,30801,True,B,A,4,1,B
4,30802,True,A,B,10,1,A
4,30803,True,A,B,2,1,A
4,30804,True,A,B,2,1,A
4,30805,True,A,B,1,2,A
4,30806,True,A,B,0,1,A
4,30807,True,B,A,1,1,B
4,30808,True,B,A,2,0,B
4,30809,True,A,B,1,1,A
4,30810,True,A,B,10,1,A
4,30811,True,A,B,2,0,A
4,30812,True,B,A,4,1,B
4,30813,True,B,A,1,1,B
4,30814,True,A,B,3,1,A
4,30815,True,B,A,0,1,B
4,30816,True,A,B,6,1,A
4,30817,True,A,B,6,1,A
4,30818,True,A,B,4,1,A
4,30819,True,A,B,1,1,A
4,30820,True,A,B,4,1,A
4,30821,True,B,A,4,1,B
4,30822,True,A,B,1,1,A
4,30823,True,A,B,4,1,A
4,30824,True,A,B,2,1,A
4,30825,True,A,B,2,0,A
4,30826,True,B,A,2,1,B
4,30827,True,B,A,6,1,B
4,30828,True,A,B,10,1,A
4,30829,False,,,,,
4,30830,True,A,B,1,1,A
4,30831,True,B,A,2,1,B
4,30832,True,A,B,3,1,A
4,30833,True,B,A,4,1,B
4,30834,True,B,A,2,1,B
4,30835,True,B,A,1,2,B
4,30836,True,A,B,4,1,A
4,30837,True,A,B,1,1,A
4,30838,True,A,B,3,1,A
4,30839,True,A,B,1,1,A
4,30840,True,B,A,3,1,B
4,30841,True,A,B,1,2,A
4,30842,True,B,A,2,0,B
4,30843,True,B,A,1,2,B
4,30844,True,A,B,1,1,A
4,30845,True,A,B,10,1,A
4,30846,True,A,B,10,1,A
4,30847,True,A,B,10,1,A
4,30848,True,B,A,1,1,B
4,30849,True,A,B,6,1,A
4,30850,True,A,B,1,1,A
4,30851,True,B,A,10,1,B
4,30852,True,A,B,2,0,A
4,30853,False,,,,,
4,30854,True,B,A,2,1,B
4,30855,True,A,B,6,1,A
4,30856,True,A,B,1,1,A
4,30857,True,A,B,1,1,A
4,30858,True,A,B,0,1,A
4,30859,True,A,B,10,1,A
4,30860,True,A,B,10,1,A
4,30861,True,B,A,1,2,B
4,30862,True,A,B,10,1,A
4,30863,True,A,B,2,0,A
4,30864,True,B,A,10,1,B
4,30865,True,A,B,2,1,A
4,30866,True,B,A,2,1,B
4,30867,True,B,A,10,1,B
4,30868,True,A,B,1,1,A
4,30869,True,A,B,3,1,A
4,30870,True,B,A,6,1,B
4,30871,False,,,,,
4,30872,True,A,B,10,1,A
4,30873,True,A,B,1,2,A
4,30874,True,B,A,3,1,B
4,30875,True,A,B,6,1,A
4,30876,True,A,B,1,1,A
4,30877,False,,,,,
4,30878,True,B,A,3,1,B
4,30879,True,A,B,3,1,A
4,30880,True,B,A,10,1,B
4,30881,True,A,B,0,1,A
4,30882,True,A,B,2,1,A
4,30883,True,A,B,1,1,A
4,30884,True,A,B,4,1,A
4,30885,True,B,A,2,0,B
4,30886,True,B,A,2,0,B
4,30887,True,A,B,1,2,A
4,30888,True,A,B,10,1,A
4,30889,True,B,A,3,1,B
4,30890,True,A,B,4,1,A
4,30891,True,A,B,2,0,A
4,30892,True,A,B,3,1,A
4,30893,False,,,,,
4,30894,True,A,B,1,2,A
4,30895,True,B,A,1,1,B
4,30896,True,B,A,6,1,B
4,30897,True,A,B,2,1,A
4,30898,True,A,B,10,1,A
4,30899,True,B,A,1,1,B
4,30900,True,A,B,3,1,A
4,30901,True,A,B,2,1,A
4,30902,True,B,A,6,1,B
4,30903,True,B,A,2,1,B
4,30904,True,A,B,2,0,A
4,30905,True,B,A,6,1,B
4,30906,True,B,A,6,1,B
4,30907,True,A,B,1,2,A
4,30908,True,A,B,0,1,A
4,30909,True,B,A,3,1,B
4,30910,True,B,A,2,0,B
4,30911,True,A,B,1,1,A
4,30912,True,A,B,10,1,A
4,30913,True,B,A,2,0,B
4,30914,True,B,A,10,1,B
4,30915,True,B,A,1,1,B
4,30916,True,A,B,3,1,A
4,30917,True,A,B,2,1,A
4,30918,True,A,B,4,1,A
4,30919,True,A,B,6,1,A
4,30920,True,A,B,2,0,A
4,30921,True,A,B,4,1,A
4,30922,True,B,A,6,1,B
4,30923,True,B,A,4,1,B
4,30924,True,B,A,1,2,B
4,30925,True,A,B,1,1,A
4,30926,False,,,,,
4,30927,True,A,B,10,1,A
4,30928,True,A,B,2,0,A
4,30929,True,A,B,10,1,A
4,30930,True,A,B,2,1,A
4,30931,True,B,A,6,1,B
4,30932,True,A,B,2,1,A
4,30933,True,A,B,2,1,A
4,30934,True,B,A,2,0,B
4,30935,True,B,A,2,0,B
4,30936,True,B,A,6,1,B
4,30937,True,B,A,4,1,B
4,30938,True,B,A,2,0,B
4,30939,False,,,,,
4,30940,True,B,A,2,0,B
4,30941,True,A,B,2,0,A
4,30942,True,A,B,4,1,A
4,30943,True,A,B,4,1,A
4,30944,True,A,B,1,1,A
4,30945,False,,,,,
4,30946,True,B,A,3,1,B
4,30947,True,A,B,3,1,A
4,30948,False,,,,,
4,30949,True,B,A,4,1,B
4,30950,True,B,A,2,1,B
4,30951,True,A,B,2,0,A
4,30952,False,,,,,
4,30953,True,A,B,1,1,A
4,30954,True,B,A,1,2,B
4,30955,True,B,A,3,1,B
4,30956,True,A,B,1,1,A
4,30957,True,B,A,1,2,B
4,30958,True,A,B,3,1,A
4,30959,True,B,A,0,1,B
4,30960,True,B,A,3,1,B
4,30961,True,B,A,3,1,B
4,30962,True,B,A,4,1,B
4,30963,True,A,B,1,1,A
4,30964,True,A,B,4,1,A
4,30965,True,B,A,4,1,B
4,30966,True,B,A,2,0,B
4,30967,True,A,B,3,1,A
4,30968,True,A,B,3,1,A
4,30969,True,A,B,6,1,A
4,30970,True,B,A,0,1,B
4,30971,True,B,A,6,1,B
4,30972,True,A,B,1,2,A
4,30973,True,A,B,10,1,A
4,30974,True,B,A,1,1,B
4,30975,True,B,A,2,0,B
4,30976,True,B,A,2,0,B
4,30977,True,A,B,4,1,A
4,30978,True,B,A,2,1,B
4,30979,True,A,B,10,1,A
4,30980,True,B,A,0,1,B
4,30981,True,A,B,3,1,A
4,30982,True,A,B,1,2,A
4,30983,True,B,A,0,1,B
4,30984,True,A,B,4,1,A
4,30985,True,A,B,2,1,A
4,30986,True,B,A,1,2,B
4,30987,True,B,A,4,1,B
4,30988,False,,,,,
4,30989,True,A,B,4,1,A
4,30990,True,B,A,3,1,B
4,30991,True,B,A,1,2,B
4,30992,True,B,A,2,1,B
4,30993,True,A,B,6,1,A
4,30994,True,B,A,6,1,B
4,30995,True,A,B,0,1,A
4,30996,True,B,A,2,0,B
4,30997,True,A,B,0,1,A
4,30998,True,B,A,1,2,B
4,30999,True,A,B,6,1,A
4,31000,True,A,B,1,2,A
4,31001,True,A,B,4,1,A
4,31002,True,B,A,6,1,B
4,31003,True,A,B,10,1,A
4,31004,True,B,A,4,1,B
4,31005,True,B,A,10,1,B
4,31006,True,B,A,2,0,B
4,31007,True,A,B,4,1,A
4,31008,False,,,,,
4,31009,True,A,B,4,1,A
4,31010,True,B,A,3,1,B
4,31011,True,A,B,10,1,A
4,31012,True,B,A,2,0,B
4,31013,True,B,A,2,1,B
4,31014,True,B,A,1,1,B
4,31015,False,,,,,
4,31016,True,B,A,4,1,B
4,31017,True,B,A,1,1,B
4,31018,True,B,A,3,1,B
4,31019,True,A,B,2,1,A
4,31020,True,B,A,2,1,B
4,31021,True,B,A,6,1,B
4,31022,True,A,B,2,1,A
4,31023,True,B,A,1,2,B
4,31024,True,B,A,2,0,B
4,31025,True,B,A,2,1,B
4,31026,True,B,A,6,1,B
4,31027,True,A,B,1,2,A
4,31028,True,B,A,2,1,B
4,31029,True,A,B,6,1,A
4,31030,False,,,,,
4,31031,True,B,A,4,1,B
4,31032,True,B,A,6,1,B
4,31033,True,A,B,1,1,A
4,31034,True,B,A,1,1,B
4,31035,True,A,B,2,0,A
4,31036,True,A,B,3,1,A
4,31037,True,A,B,4,1,A
4,31038,True,A,B,1,2,A
4,31039,True,A,B,10,1,A
4,31040,True,A,B,2,0,A
4,31041,True,A,B,0,1,A
4,31042,True,A,B,10,1,A
4,31043,True,A,B,2,1,A
4,31044,True,B,A,6,1,B
4,31045,True,B,A,1,1,B
4,31046,True,B,A,10,1,B
4,31047,True,B,A,6,1,B
4,31048,True,B,A,10,1,B
4,31049,False,,,,,
4,31050,True,A,B,4,1,A
4,31051,True,B,A,6,1,B
4,31052,True,B,A,1,1,B
4,31053,True,A,B,2,0,A
4,31054,True,A,B,0,1,A
4,31055,False,,,,,
4,31056,True,A,B,0,1,A
4,31057,True,A,B,10,1,A
4,31058,True,B,A,4,1,B
4,31059,True,A,B,1,2,A
4,31060,True,A,B,2,1,A
4,31061,False,,,,,
4,31062,True,B,A,1,1,B
4,31063,True,A,B,3,1,A
4,31064,True,A,B,2,0,A
4,31065,False,,,,,
4,31066,True,B,A,3,1,B
4,31067,True,A,B,4,1,A
4,31068,True,B,A,2,0,B
4,31069,False,,,,,
4,31070,True,A,B,2,1,A
4,31071,True,A,B,2,1,A
4,31072,True,A,B,3,1,A
4,31073,True,A,B,1,2,A
4,31074,True,B,A,4,1,B
4,31075,True,B,A,1,1,B
4,31076,True,A,B,1,2,A
4,31077,True,A,B,4,1,A
4,31078,True,A,B,0,1,A
4,31079,True,A,B,2,0,A
4,31080,True,B,A,4,1,B
4,31081,True,B,A,6,1,B
4,31082,True,A,B,2,1,A
4,31083,True,B,A,6,1,B
4,31084,True,B,A,3,1,B
4,31085,True,B,A,3,1,B
4,31086,True,A,B,3,1,A
4,31087,False,,,,,
4,31088,True,A,B,0,1,A
4,31089,True,B,A,4,1,B
4,31090,True,A,B,2,0,A
4,31091,True,A,B,2,0,A
4,31092,False,,,,,
4,31093,True,A,B,2,0,A
4,31094,True,A,B,1,2,A
4,31095,True,A,B,3,1,A
4,31096,False,,,,,
4,31097,True,A,B,2,1,A
4,31098,True,B,A,3,1,B
4,31099,True,A,B,2,1,A
4,31100,True,A,B,4,1,A
4,31101,True,A,B,3,1,A
4,31102,True,B,A,10,1,B
4,31103,True,A,B,6,1,A
4,31104,True,A,B,2,0,A
4,31105,True,B,A,4,1,B
4,31106,False,,,,,
4,31107,True,B,A,4,1,B
4,31108,True,A,B,2,0,A
4,31109,True,B,A,3,1,B
4,31110,True,B,A,4,1,B
4,31111,True,B,A,4,1,B
4,31112,True,B,A,2,1,B
4,31113,True,B,A,2,1,B
4,31114,True,A,B,2,0,A
4,31115,True,B,A,1,1,B
4,31116,True,B,A,1,2,B
4,31117,True,B,A,0,1,B
4,31118,True,B,A,3,1,B
4,31119,False,,,,,
4,31120,True,A,B,1,2,A
4,31121,True,A,B,10,1,A
4,31122,True,A,B,0,1,A
4,31123,True,A,B,2,0,A
4,31124,True,B,A,2,1,B
4,31125,True,B,A,6,1,B
4,31126,True,B,A,6,1,B
4,31127,True,A,B,1,1,A
4,31128,True,B,A,4,1,B
4,31129,True,A,B,2,0,A
4,31130,True,B,A,2,1,B
4,31131,True,B,A,1,1,B
4,31132,True,A,B,10,1,A
4,31133,True,A,B,2,0,A
4,31134,True,B,A,4,1,B
4,31135,True,A,B,0,1,A
4,31136,True,A,B,10,1,A
4,31137,True,B,A,6,1,B
4,31138,False,,,,,
4,31139,True,B,A,10,1,B
4,31140,True,A,B,1,1,A
4,31141,True,B,A,6,1,B
4,31142,True,A,B,1,2,A
4,31143,True,A,B,10,1,A
4,31144,True,A,B,0,1,A
4,31145,True,A,B,1,1,A
4,31146,True,A,B,2,1,A
4,31147,True,A,B,3,1,A
4,31148,True,B,A,4,1,B
4,31149,True,A,B,2,0,A
4,31150,True,A,B,2,1,A
4,31151,True,A,B,6,1,A
4,31152,True,A,B,6,1,A
4,31153,True,B,A,3,1,B
4,31154,True,A,B,1,2,A
4,31155,True,B,A,6,1,B
4,31156,True,A,B,3,1,A
4,31157,True,B,A,10,1,B
4,31158,True,A,B,1,2,A
4,31159,True,B,A,3,1,B
4,31160,True,A,B,3,1,A
4,31161,True,B,A,10,1,B
4,31162,True,B,A,0,1,B
4,31163,True,A,B,1,2,A
4,31164,True,B,A,6,1,B
4,31165,True,A,B,3,1,A
4,31166,True,B,A,2,1,B
4,31167,True,B,A,3,1,B
4,31168,True,B,A,4,1,B
4,31169,True,A,B,1,1,A
4,31170,True,A,B,1,2,A
4,31171,True,B,A,4,1,B
4,31172,True,B,A,6,1,B
4,31173,True,B,A,10,1,B
4,31174,True,A,B,1,1,A
4,31175,True,B,A,1,1,B
4,31176,True,A,B,6,1,A
4,31177,True,A,B,0,1,A
4,31178,True,A,B,2,1,A
4,31179,True,B,A,0,1,B
4,31180,True,B,A,1,2,B
4,31181,True,B,A,1,2,B
4,31182,True,A,B,10,1,A
4,31183,False,,,,,
4,31184,True,A,B,1,1,A
4,31185,False,,,,,
4,31186,True,B,A,1,1,B
4,31187,True,A,B,2,1,A
4,31188,True,A,B,0,1,A
4,31189,True,B,A,0,1,B
4,31190,True,A,B,0,1,A
4,31191,True,B,A,1,2,B
4,31192,True,A,B,3,1,A
4,31193,True,B,A,3,1,B
4,31194,True,A,B,1,1,A
4,31195,True,B,A,0,1,B
4,31196,True,B,A,4,1,B
4,31197,True,B,A,2,1,B
4,31198,True,A,B,3,1,A
4,31199,True,B,A,2,0,B
4,31200,True,A,B,2,0,A
4,31201,True,B,A,2,0,B
4,31202,True,B,A,6,1,B
4,31203,True,A,B,0,1,A
4,31204,True,A,B,1,2,A
4,31205,True,A,B,1,2,A
4,31206,True,A,B,3,1,A
4,31207,True,A,B,2,0,A
4,31208,True,A,B,2,0,A
4,31209,True,B,A,1,2,B
4,31210,True,A,B,6,1,A
4,31211,False,,,,,
4,31212,True,A,B,4,1,A
4,31213,True,A,B,0,1,A
4,31214,True,A,B,0,1,A
4,31215,True,A,B,10,1,A
4,31216,True,A,B,2,0,A
4,31217,True,B,A,10,1,B
4,31218,True,A,B,2,1,A
4,31219,False,,,,,
4,31220,True,B,A,3,1,B
4,31221,True,A,B,10,1,A
4,31222,True,B,A,2,0,B
4,31223,True,B,A,1,2,B
4,31224,True,A,B,2,0,A
4,31225,True,A,B,1,2,A
4,31226,True,B,A,4,1,B
4,31227,True,A,B,4,1,A
4,31228,True,A,B,1,1,A
4,31229,True,A,B,1,2,A
4,31230,True,A,B,4,1,A
4,31231,False,,,,,
4,31232,True,B,A,2,0,B
4,31233,True,B,A,10,1,B
4,31234,True,A,B,2,0,A
4,31235,False,,,,,
4,31236,True,B,A,3,1,B
4,31237,True,A,B,10,1,A
4,31238,True,B,A,4,1,B
4,31239,True,A,B,1,1,A
4,31240,True,A,B,0,1,A
4,31241,True,A,B,6,1,A
4,31242,True,B,A,2,1,B
4,31243,True,A,B,4,1,A
4,31244,True,A,B,2,1,A
4,31245,True,A,B,2,0,A
4,31246,True,A,B,0,1,A
4,31247,True,B,A,3,1,B
4,31248,True,B,A,4,1,B
4,31249,True,B,A,4,1,B
4,31250,True,A,B,0,1,A
4,31251,True,B,A,0,1,B
4,31252,True,A,B,2,1,A
4,31253,False,,,,,
4,31254,True,B,A,6,1,B
4,31255,True,B,A,6,1,B
4,31256,True,A,B,2,1,A
4,31257,True,A,B,1,2,A
4,31258,False,,,,,
4,31259,True,B,A,2,1,B
4,31260,True,B,A,10,1,B
4,31261,True,B,A,6,1,B
4,31262,True,A,B,10,1,A
4,31263,True,A,B,1,2,A
4,31264,False,,,,,
4,31265,True,A,B,0,1,A
4,31266,True,A,B,2,0,A
4,31267,True,B,A,3,1,B
4,31268,True,B,A,1,2,B
4,31269,True,A,B,1,1,A
4,31270,True,A,B,10,1,A
4,31271,True,A,B,3,1,A
4,31272,True,A,B,2,0,A
4,31273,True,A,B,1,1,A
4,31274,True,B,A,1,2,B
4,31275,True,A,B,10,1,A
4,31276,True,B,A,2,0,B
4,31277,True,A,B,0,1,A
4,31278,True,A,B,1,1,A
4,31279,True,A,B,6,1,A
4,31280,True,A,B,10,1,A
4,31281,True,B,A,1,2,B
4,31282,True,A,B,1,2,A
4,31283,True,B,A,2,1,B
4,31284,True,B,A,4,1,B
4,31285,True,A,B,4,1,A
4,31286,True,A,B,1,1,A
4,31287,True,A,B,3,1,A
4,31288,True,A,B,0,1,A
4,31289,True,A,B,2,1,A
4,31290,True,B,A,2,1,B
4,31291,False,,,,,
4,31292,True,B,A,0,1,B
4,31293,False,,,,,
4,31294,True,B,A,1,1,B
4,31295,True,A,B,1,2,A
4,31296,True,A,B,10,1,A
4,31297,True,B,A,1,1,B
4,31298,True,B,A,6,1,B
4,31299,True,A,B,2,0,A
4,31300,True,B,A,1,1,B
4,31301,True,B,A,3,1,B
4,31302,True,B,A,2,0,B
4,31303,True,B,A,6,1,B
4,31304,False,,,,,
4,31305,True,A,B,2,1,A
4,31306,True,B,A,1,1,B
4,31307,True,B,A,2,1,B
4,31308,True,A,B,3,1,A
4,31309,True,A,B,4,1,A
4,31310,True,A,B,2,0,A
4,31311,True,B,A,6,1,B
4,31312,True,B,A,2,0,B
4,31313,True,B,A,1,1,B
4,31314,True,B,A,4,1,B
4,31315,True,A,B,4,1,A
4,31316,True,A,B,2,1,A
4,31317,True,B,A,2,0,B
4,31318,True,A,B,1,1,A
4,31319,False,,,,,
4,31320,True,A,B,3,1,A
4,31321,True,B,A,4,1,B
4,31322,True,A,B,2,0,A
4,31323,True,A,B,0,1,A
4,31324,True,A,B,10,1,A
4,31325,True,A,B,2,0,A
4,31326,True,A,B,1,2,A
4,31327,True,A,B,10,1,A
4,31328,True,B,A,4,1,B
4,31329,True,B,A,6,1,B
4,31330,True,B,A,4,1,B
4,31331,True,A,B,0,1,A
4,31332,True,B,A,2,0,B
4,31333,True,B,A,3,1,B
4,31334,True,A,B,4,1,A
4,31335,True,B,A,6,1,B
4,31336,True,A,B,0,1,A
4,31337,True,A,B,4,1,A
4,31338,True,A,B,6,1,A
4,31339,True,A,B,1,1,A
4,31340,True,A,B,2,0,A
4,31341,True,B,A,6,1,B
4,31342,True,A,B,2,0,A
4,31343,True,B,A,4,1,B
4,31344,True,B,A,1,2,B
4,31345,True,B,A,6,1,B
4,31346,True,A,B,3,1,A
4,31347,True,B,A,0,1,B
4,31348,True,A,B,2,0,A
4,31349,True,A,B,2,0,A
4,31350,True,B,A,1,1,B
4,31351,True,B,A,6,1,B
4,31352,True,B,A,6,1,B
4,31353,False,,,,,
4,31354,True,B,A,10,1,B
4,31355,True,B,A,4,1,B
4,31356,True,A,B,6,1,A
4,31357,True,A,B,1,2,A
4,31358,True,A,B,2,0,A
4,31359,True,B,A,2,0,B
4,31360,True,A,B,1,1,A
4,31361,True,B,A,1,2,B
4,31362,True,A,B,0,1,A
4,31363,True,B,A,2,1,B
4,31364,True,B,A,1,2,B
4,31365,True,A,B,4,1,A
4,31366,True,B,A,6,1,B
4,31367,True,B,A,0,1,B
4,31368,True,A,B,0,1,A
4,31369,True,B,A,1,2,B
4,31370,True,B,A,6,1,B
4,31371,True,A,B,10,1,A
4,31372,True,B,A,4,1,B
4,31373,True,A,B,2,1,A
4,31374,True,B,A,3,1,B
4,31375,True,A,B,1,1,A
4,31376,True,A,B,2,1,A
4,31377,True,B,A,6,1,B
4,31378,True,A,B,1,1,A
4,31379,True,B,A,6,1,B
4,31380,True,B,A,1,2,B
4,31381,True,B,A,6,1,B
4,31382,True,B,A,4,1,B
4,31383,True,A,B,2,1,A
4,31384,True,A,B,4,1,A
4,31385,True,A,B,2,0,A
4,31386,False,,,,,
4,31387,False,,,,,
4,31388,False,,,,,
4,31389,True,A,B,2,1,A
4,31390,True,B,A,6,1,B
4,31391,False,,,,,
4,31392,False,,,,,
4,31393,True,A,B,1,2,A
4,31394,True,B,A,3,1,B
4,31395,True,A,B,6,1,A
4,31396,True,B,A,1,1,B
4,31397,False,,,,,
4,31398,True,A,B,2,0,A
4,31399,True,B,A,1,2,B
4,31400,True,A,B,1,2,A
4,31401,True,B,A,3,1,B
4,31402,True,A,B,1,1,A
4,31403,True,B,A,2,1,B
4,31404,True,A,B,2,1,A
4,31405,True,A,B,2,1,A
4,31406,True,B,A,1,1,B
4,31407,True,B,A,1,2,B
4,31408,True,B,A,1,2,B
4,31409,True,B,A,1,2,B
4,31410,True,A,B,6,1,A
4,31411,True,B,A,10,1,B
4,31412,True,A,B,1,2,A
4,31413,True,B,A,2,0,B
4,31414,True,A,B,4,1,A
4,31415,True,A,B,1,2,A
4,31416,True,B,A,2,1,B
4,31417,True,B,A,1,1,B
4,31418,True,B,A,4,1,B
4,31419,True,A,B,0,1,A
4,31420,True,A,B,2,1,A
4,31421,True,A,B,3,1,A
4,31422,True,A,B,1,1,A
4,31423,True,A,B,2,0,A
4,31424,True,A,B,3,1,A
4,31425,True,A,B,3,1,A
4,31426,True,A,B,2,1,A
4,31427,False,,,,,
4,31428,True,A,B,2,0,A
4,31429,True,B,A,1,2,B
4,31430,True,B,A,1,1,B
4,31431,True,A,B,1,2,A
4,31432,True,B,A,4,1,B
4,31433,False,,,,,
4,31434,True,A,B,0,1,A
4,31435,True,B,A,4,1,B
4,31436,True,A,B,1,1,A
4,31437,True,B,A,0,1,B
4,31438,True,B,A,4,1,B
4,31439,True,B,A,10,1,B
4,31440,True,B,A,3,1,B
4,31441,True,A,B,0,1,A
4,31442,True,B,A,1,2,B
4,31443,True,B,A,10,1,B
4,31444,True,A,B,4,1,A
4,31445,True,A,B,0,1,A
4,31446,True,B,A,0,1,B
4,31447,True,A,B,1,2,A
4,31448,True,A,B,2,1,A
4,31449,True,A,B,0,1,A
4,31450,True,A,B,1,2,A
4,31451,False,,,,,
4,31452,True,B,A,0,1,B
4,31453,False,,,,,
4,31454,True,A,B,10,1,A
4,31455,True,A,B,4,1,A
4,31456,True,A,B,1,2,A
4,31457,True,B,A,3,1,B
4,31458,True,A,B,6,1,A
4,31459,True,B,A,6,1,B
4,31460,True,B,A,1,1,B
4,31461,False,,,,,
4,31462,True,A,B,0,1,A
4,31463,True,A,B,3,1,A
4,31464,True,B,A,3,1,B
4,31465,True,A,B,4,1,A
4,31466,True,A,B,1,2,A
4,31467,True,A,B,6,1,A
4,31468,True,B,A,6,1,B
4,31469,False,,,,,
4,31470,True,A,B,6,1,A
4,31471,True,B,A,3,1,B
4,31472,True,B,A,1,2,B
4,31473,True,A,B,3,1,A
4,31474,True,B,A,0,1,B
4,31475,True,B,A,2,1,B
4,31476,True,A,B,6,1,A
4,31477,True,A,B,2,1,A
4,31478,True,A,B,4,1,A
4,31479,True,A,B,1,1,A
4,31480,True,B,A,10,1,B
4,31481,True,A,B,6,1,A
4,31482,False,,,,,
4,31483,False,,,,,
4,31484,False,,,,,
4,31485,True,A,B,4,1,A
4,31486,True,B,A,3,1,B
4,31487,False,,,,,
4,31488,True,A,B,2,1,A
4,31489,True,A,B,4,1,A
4,31490,True,B,A,10,1,B
4,31491,True,A,B,1,2,A
4,31492,True,B,A,2,1,B
4,31493,True,A,B,1,2,A
4,31494,True,A,B,10,1,A
4,31495,True,B,A,10,1,B
4,31496,True,A,B,1,1,A
4,31497,True,A,B,1,1,A
4,31498,True,B,A,2,1,B
4,31499,True,B,A,2,1,B
4,31500,True,B,A,4,1,B
4,31501,True,A,B,0,1,A
4,31502,True,B,A,10,1,B
4,31503,True,A,B,10,1,A
4,31504,False,,,,,
4,31505,True,A,B,1,2,A
4,31506,False,,,,,
4,31507,True,B,A,1,1,B
4,31508,True,B,A,2,0,B
4,31509,True,A,B,4,1,A
4,31510,True,A,B,2,0,A
4,31511,True,B,A,3,1,B
4,31512,True,A,B,4,1,A
4,31513,True,B,A,1,2,B
4,31514,True,A,B,1,2,A
4,31515,True,B,A,4,1,B
4,31516,True,A,B,0,1,A
4,31517,True,A,B,4,1,A
4,31518,True,A,B,4,1,A
4,31519,True,B,A,2,1,B
4,31520,True,A,B,2,0,A
4,31521,True,A,B,2,1,A
4,31522,True,B,A,10,1,B
4,31523,False,,,,,
4,31524,True,B,A,2,0,B
4,31525,True,B,A,1,2,B
4,31526,True,B,A,0,1,B
4,31527,True,A,B,2,0,A
4,31528,True,A,B,3,1,A
4,31529,True,B,A,2,0,B
4,31530,True,B,A,6,1,B
4,31531,True,B,A,1,2,B
4,31532,True,A,B,6,1,A
4,31533,True,B,A,3,1,B
4,31534,True,A,B,1,1,A
4,31535,True,A,B,10,1,A
4,31536,True,B,A,6,1,B
4,31537,True,A,B,1,2,A
4,31538,True,A,B,0,1,A
4,31539,True,B,A,10,1,B
4,31540,True,A,B,2,0,A
4,31541,True,B,A,6,1,B
4,31542,True,A,B,2,0,A
4,31543,True,A,B,1,2,A
4,31544,True,A,B,1,2,A
4,31545,True,B,A,4,1,B
4,31546,True,B,A,3,1,B
4,31547,False,,,,,
4,31548,True,B,A,10,1,B
4,31549,True,A,B,2,1,A
4,31550,True,A,B,2,1,A
4,31551,False,,,,,
4,31552,True,B,A,6,1,B
4,31553,True,A,B,2,0,A
4,31554,True,A,B,3,1,A
4,31555,True,B,A,4,1,B
4,31556,True,A,B,2,1,A
4,31557,True,B,A,2,1,B
4,31558,True,A,B,1,2,A
4,31559,True,B,A,1,2,B
4,31560,True,B,A,1,1,B
4,31561,True,A,B,2,1,A
4,31562,True,B,A,3,1,B
4,31563,True,B,A,2,0,B
4,31564,True,A,B,2,0,A
4,31565,False,,,,,
4,31566,True,A,B,3,1,A
4,31567,True,A,B,2,0,A
4,31568,True,B,A,1,1,B
4,31569,False,,,,,
4,31570,True,A,B,6,1,A
4,31571,True,A,B,3,1,A
4,31572,True,A,B,2,1,A
4,31573,True,A,B,2,1,A
4,31574,True,A,B,2,0,A
4,31575,False,,,,,
4,31576,False,,,,,
4,31577,True,A,B,2,1,A
4,31578,True,A,B,6,1,A
4,31579,True,B,A,6,1,B
4,31580,True,A,B,4,1,A
4,31581,True,A,B,0,1,A
4,31582,True,B,A,1,2,B
4,31583,False,,,,,
4,31584,True,A,B,6,1,A
4,31585,True,B,A,3,1,B
4,31586,True,B,A,10,1,B
4,31587,False,,,,,
4,31588,False,,,,,
4,31589,False,,,,,
4,31590,True,A,B,10,1,A
4,31591,True,B,A,4,1,B
4,31592,True,A,B,6,1,A
4,31593,True,B,A,2,0,B
4,31594,True,A,B,3,1,A
4,31595,True,A,B,1,1,A
4,31596,True,A,B,3,1,A
4,31597,True,A,B,1,1,A
4,31598,False,,,,,
4,31599,True,B,A,2,1,B
4,31600,True,A,B,6,1,A
4,31601,True,B,A,3,1,B
4,31602,True,B,A,2,0,B
4,31603,True,A,B,1,2,A
4,31604,True,A,B,1,2,A
4,31605,True,A,B,2,0,A
4,31606,True,A,B,0,1,A
4,31607,True,A,B,1,2,A
4,31608,True,A,B,1,2,A
4,31609,True,B,A,6,1,B
4,31610,True,A,B,1,2,A
4,31611,True,B,A,4,1,B
4,31612,True,B,A,1,2,B
4,31613,True,A,B,3,1,A
4,31614,True,A,B,4,1,A
4,31615,True,B,A,10,1,B
4,31616,True,B,A,0,1,B
4,31617,True,A,B,2,1,A
4,31618,True,A,B,3,1,A
4,31619,True,B,A,10,1,B
4,31620,True,A,B,1,2,A
4,31621,True,B,A,2,1,B
4,31622,True,A,B,2,0,A
4,31623,True,A,B,10,1,A
4,31624,True,B,A,10,1,B
4,31625,True,A,B,2,0,A
4,31626,True,B,A,2,1,B
4,31627,True,A,B,0,1,A
4,31628,True,B,A,1,1,B
4,31629,True,A,B,2,1,A
4,31630,True,B,A,2,1,B
4,31631,True,B,A,2,0,B
4,31632,True,A,B,3,1,A
4,31633,True,A,B,1,2,A
4,31634,True,B,A,3,1,B
4,31635,True,A,B,2,0,A
4,31636,True,B,A,4,1,B
4,31637,True,A,B,1,1,A
4,31638,True,A,B,6,1,A
4,31639,True,A,B,0,1,A
4,31640,True,A,B,6,1,A
4,31641,True,A,B,0,1,A
4,31642,True,A,B,10,1,A
4,31643,False,,,,,
4,31644,True,A,B,3,1,A
4,31645,True,B,A,2,0,B
4,31646,True,A,B,2,1,A
4,31647,True,B,A,4,1,B
4,31648,True,B,A,6,1,B
4,31649,True,A,B,1,2,A
4,31650,True,A,B,1,2,A
4,31651,True,B,A,3,1,B
4,31652,True,A,B,2,1,A
4,31653,True,A,B,4,1,A
4,31654,True,B,A,2,0,B
4,31655,True,A,B,0,1,A
4,31656,True,B,A,3,1,B
4,31657,True,B,A,10,1,B
4,31658,True,A,B,6,1,A
4,31659,True,B,A,0,1,B
4,31660,True,B,A,3,1,B
4,31661,True,B,A,0,1,B
4,31662,True,B,A,0,1,B
4,31663,True,B,A,2,0,B
4,31664,True,B,A,3,1,B
4,31665,True,B,A,3,1,B
4,31666,True,A,B,1,1,A
4,31667,True,A,B,2,1,A
4,31668,True,A,B,0,1,A
4,31669,True,A,B,10,1,A
4,31670,True,A,B,1,2,A
4,31671,True,A,B,6,1,A
4,31672,True,A,B,3,1,A
4,31673,True,A,B,0,1,A
4,31674,True,A,B,1,1,A
4,31675,True,B,A,2,1,B
4,31676,True,A,B,3,1,A
4,31677,True,B,A,1,2,B
4,31678,True,A,B,0,1,A
4,31679,True,A,B,4,1,A
4,31680,True,A,B,2,1,A
4,31681,True,A,B,0,1,A
4,31682,True,A,B,2,1,A
4,31683,True,B,A,2,0,B
4,31684,True,B,A,2,1,B
4,31685,True,A,B,1,1,A
4,31686,True,B,A,4,1,B
4,31687,True,B,A,3,1,B
4,31688,True,B,A,1,1,B
4,31689,True,A,B,1,2,A
4,31690,True,A,B,1,2,A
4,31691,True,B,A,10,1,B
4,31692,True,B,A,2,0,B
4,31693,True,A,B,1,2,A
4,31694,True,B,A,3,1,B
4,31695,True,A,B,2,1,A
4,31696,False,,,,,
4,31697,False,,,,,
4,31698,True,B,A,2,0,B
4,31699,True,B,A,4,1,B
4,31700,True,B,A,6,1,B
4,31701,True,B,A,10,1,B
4,31702,False,,,,,
4,31703,True,B,A,6,1,B
4,31704,True,B,A,0,1,B
4,31705,True,A,B,6,1,A
4,31706,True,A,B,4,1,A
4,31707,True,B,A,1,1,B
4,31708,True,A,B,3,1,A
4,31709,True,B,A,6,1,B
4,31710,True,B,A,10,1,B
4,31711,True,B,A,4,1,B
4,31712,True,A,B,4,1,A
4,31713,True,A,B,1,2,A
4,31714,True,B,A,10,1,B
4,31715,True,B,A,2,1,B
4,31716,True,B,A,3,1,B
4,31717,True,A,B,10,1,A
4,31718,True,A,B,10,1,A
4,31719,True,A,B,1,2,A
4,31720,True,B,A,1,1,B
4,31721,True,A,B,1,1,A
4,31722,True,A,B,2,0,A
4,31723,True,B,A,4,1,B
4,31724,True,A,B,6,1,A
4,31725,True,B,A,4,1,B
4,31726,True,B,A,10,1,B
4,31727,False,,,,,
4,31728,False,,,,,
4,31729,True,B,A,2,1,B
4,31730,True,B,A,4,1,B
4,31731,True,A,B,2,0,A
4,31732,True,A,B,1,1,A
4,31733,True,A,B,3,1,A
4,31734,True,A,B,2,0,A
4,31735,True,B,A,6,1,B
4,31736,True,A,B,3,1,A
4,31737,True,A,B,2,0,A
4,31738,True,A,B,10,1,A
4,31739,True,B,A,4,1,B
4,31740,True,B,A,10,1,B
4,31741,True,B,A,6,1,B
4,31742,True,B,A,2,1,B
4,31743,True,A,B,2,1,A
4,31744,True,A,B,2,1,A
4,31745,True,B,A,3,1,B
4,31746,True,A,B,2,0,A
4,31747,True,B,A,6,1,B
4,31748,True,A,B,6,1,A
4,31749,False,,,,,
4,31750,True,B,A,6,1,B
4,31751,True,B,A,10,1,B
4,31752,True,A,B,1,1,A
4,31753,True,B,A,10,1,B
4,31754,True,A,B,10,1,A
4,31755,True,B,A,3,1,B
4,31756,True,B,A,2,0,B
4,31757,True,B,A,1,2,B
4,31758,True,B,A,0,1,B
4,31759,True,B,A,3,1,B
4,31760,True,B,A,2,1,B
4,31761,True,A,B,1,2,A
4,31762,True,A,B,10,1,A
4,31763,True,B,A,3,1,B
4,31764,True,B,A,1,2,B
4,31765,True,A,B,2,0,A
4,31766,True,B,A,6,1,B
4,31767,True,B,A,4,1,B
4,31768,True,B,A,6,1,B
4,31769,True,A,B,1,2,A
4,31770,True,A,B,2,1,A
4,31771,False,,,,,
4,31772,True,A,B,2,0,A
4,31773,True,B,A,4,1,B
4,31774,True,B,A,2,1,B
4,31775,True,A,B,2,1,A
4,31776,True,A,B,0,1,A
4,31777,True,A,B,3,1,A
4,31778,True,A,B,3,1,A
4,31779,True,B,A,1,2,B
4,31780,True,A,B,1,1,A
4,31781,False,,,,,
4,31782,True,B,A,6,1,B
4,31783,True,B,A,1,1,B
4,31784,True,B,A,0,1,B
4,31785,True,A,B,3,1,A
4,31786,True,B,A,10,1,B
4,31787,True,A,B,3,1,A
4,31788,True,B,A,2,1,B
4,31789,True,A,B,3,1,A
4,31790,True,A,B,2,1,A
4,31791,True,A,B,3,1,A
4,31792,True,B,A,4,1,B
4,31793,True,A,B,2,1,A
4,31794,True,A,B,3,1,A
4,31795,True,A,B,4,1,A
4,31796,True,B,A,6,1,B
4,31797,True,A,B,6,1,A
4,31798,True,A,B,6,1,A
4,31799,True,B,A,4,1,B
4,31800,True,B,A,1,1,B
4,31801,True,A,B,1,2,A
4,31802,True,A,B,2,1,A
4,31803,True,B,A,10,1,B
4,31804,True,B,A,0,1,B
4,31805,True,B,A,4,1,B
4,31806,True,A,B,1,2,A
4,31807,True,A,B,10,1,A
4,31808,True,B,A,10,1,B
4,31809,True,A,B,2,1,A
4,31810,True,A,B,1,2,A
4,31811,True,A,B,0,1,A
4,31812,True,A,B,6,1,A
4,31813,True,B,A,1,2,B
4,31814,True,A,B,2,0,A
4,31815,True,A,B,0,1,A
4,31816,True,A,B,0,1,A
4,31817,True,A,B,1,2,A
4,31818,True,B,A,10,1,B
4,31819,False,,,,,
4,31820,True,A,B,3,1,A
4,31821,True,A,B,6,1,A
4,31822,True,B,A,10,1,B
4,31823,False,,,,,
4,31824,True,B,A,3,1,B
4,31825,True,B,A,1,1,B
4,31826,True,B,A,3,1,B
4,31827,True,A,B,0,1,A
4,31828,True,A,B,2,1,A
4,31829,True,A,B,3,1,A
4,31830,True,A,B,1,2,A
4,31831,True,A,B,6,1,A
4,31832,True,A,B,1,1,A
4,31833,False,,,,,
4,31834,True,B,A,4,1,B
4,31835,True,B,A,10,1,B
4,31836,True,A,B,10,1,A
4,31837,False,,,,,
4,31838,True,B,A,6,1,B
4,31839,True,A,B,2,1,A
4,31840,True,B,A,2,1,B
4,31841,False,,,,,
4,31842,True,A,B,3,1,A
4,31843,True,B,A,1,2,B
4,31844,True,A,B,4,1,A
4,31845,True,A,B,6,1,A
4,31846,True,A,B,2,1,A
4,31847,True,B,A,4,1,B
4,31848,True,A,B,2,1,A
4,31849,True,A,B,2,0,A
4,31850,False,,,,,
4,31851,True,B,A,4,1,B
4,31852,True,A,B,0,1,A
4,31853,True,B,A,1,2,B
4,31854,True,A,B,2,0,A
4,31855,True,A,B,4,1,A
4,31856,True,A,B,3,1,A
4,31857,True,B,A,6,1,B
4,31858,True,A,B,6,1,A
4,31859,True,B,A,1,1,B
4,31860,True,A,B,6,1,A
4,31861,True,A,B,3,1,A
4,31862,True,A,B,4,1,A
4,31863,True,A,B,2,0,A
4,31864,True,A,B,3,1,A
4,31865,True,A,B,2,0,A
4,31866,True,B,A,3,1,B
4,31867,True,A,B,2,1,A
4,31868,True,A,B,6,1,A
4,31869,True,B,A,2,1,B
4,31870,True,B,A,3,1,B
4,31871,True,B,A,4,1,B
4,31872,True,A,B,6,1,A
4,31873,True,A,B,10,1,A
4,31874,True,A,B,10,1,A
4,31875,True,B,A,10,1,B
4,31876,True,A,B,6,1,A
4,31877,True,A,B,6,1,A
4,31878,True,B,A,10,1,B
4,31879,True,B,A,6,1,B
4,31880,True,B,A,2,1,B
4,31881,False,,,,,
4,31882,True,B,A,1,1,B
4,31883,True,A,B,3,1,A
4,31884,True,B,A,2,1,B
4,31885,True,B,A,4,1,B
4,31886,True,A,B,3,1,A
4,31887,True,A,B,2,1,A
4,31888,True,A,B,1,1,A
4,31889,True,B,A,10,1,B
4,31890,True,B,A,3,1,B
4,31891,True,B,A,1,2,B
4,31892,True,B,A,1,1,B
4,31893,True,B,A,2,0,B
4,31894,True,A,B,4,1,A
4,31895,True,B,A,1,2,B
4,31896,True,A,B,1,2,A
4,31897,True,B,A,0,1,B
4,31898,True,A,B,4,1,A
4,31899,True,A,B,2,0,A
4,31900,True,B,A,2,0,B
4,31901,True,B,A,4,1,B
4,31902,True,A,B,6,1,A
4,31903,True,A,B,3,1,A
4,31904,True,B,A,10,1,B
4,31905,True,A,B,3,1,A
4,31906,False,,,,,
4,31907,True,B,A,10,1,B
4,31908,True,B,A,2,0,B
4,31909,True,B,A,10,1,B
4,31910,True,A,B,6,1,A
4,31911,True,A,B,2,1,A
4,31912,True,A,B,1,1,A
4,31913,True,B,A,2,1,B
4,31914,True,A,B,1,1,A
4,31915,True,B,A,2,0,B
4,31916,True,A,B,2,1,A
4,31917,True,B,A,2,0,B
4,31918,True,A,B,6,1,A
4,31919,True,B,A,6,1,B
4,31920,True,B,A,1,1,B
4,31921,True,A,B,0,1,A
4,31922,True,A,B,0,1,A
4,31923,True,B,A,2,0,B
4,31924,True,B,A,1,2,B
4,31925,True,A,B,6,1,A
4,31926,True,B,A,10,1,B
4,31927,True,A,B,1,2,A
4,31928,True,A,B,6,1,A
4,31929,True,A,B,10,1,A
4,31930,True,A,B,10,1,A
4,31931,True,A,B,2,1,A
4,31932,True,B,A,1,1,B
4,31933,True,A,B,4,1,A
4,31934,False,,,,,
4,31935,True,A,B,2,1,A
4,31936,True,B,A,10,1,B
4,31937,True,A,B,1,2,A
4,31938,True,B,A,2,0,B
4,31939,True,A,B,2,0,A
4,31940,True,A,B,10,1,A
4,31941,True,B,A,4,1,B
4,31942,False,,,,,
4,31943,True,A,B,0,1,A
4,31944,True,B,A,2,0,B
4,31945,True,A,B,1,2,A
4,31946,True,B,A,4,1,B
4,31947,True,A,B,2,1,A
4,31948,True,B,A,10,1,B
4,31949,True,A,B,1,2,A
4,31950,True,A,B,10,1,A
4,31951,True,A,B,2,0,A
4,31952,True,A,B,6,1,A
4,31953,True,B,A,2,0,B
4,31954,True,B,A,0,1,B
4,31955,True,A,B,1,2,A
4,31956,False,,,,,
4,31957,True,A,B,2,1,A
4,31958,True,B,A,2,1,B
4,31959,True,A,B,2,1,A
4,31960,True,A,B,1,1,A
4,31961,True,B,A,2,1,B
4,31962,True,B,A,6,1,B
4,31963,False,,,,,
4,31964,False,,,,,
4,31965,True,B,A,0,1,B
4,31966,False,,,,,
4,31967,True,A,B,2,0,A
4,31968,True,B,A,2,0,B
4,31969,True,A,B,1,2,A
4,31970,True,B,A,3,1,B
4,31971,True,A,B,10,1,A
4,31972,True,A,B,10,1,A
4,31973,False,,,,,
4,31974,True,A,B,3,1,A
4,31975,True,A,B,10,1,A
4,31976,True,B,A,0,1,B
4,31977,True,B,A,1,1,B
4,31978,True,A,B,10,1,A
4,31979,False,,,,,
4,31980,True,A,B,0,1,A
4,31981,False,,,,,
4,31982,True,B,A,10,1,B
4,31983,True,B,A,2,0,B
4,31984,True,A,B,2,1,A
4,31985,True,B,A,6,1,B
4,31986,True,A,B,1,2,A
4,31987,True,B,A,3,1,B
4,31988,True,A,B,1,2,A
4,31989,True,A,B,10,1,A
4,31990,True,A,B,0,1,A
4,31991,True,A,B,2,1,A
4,31992,True,B,A,2,1,B
4,31993,True,A,B,1,1,A
4,31994,True,A,B,4,1,A
4,31995,True,B,A,2,1,B
4,31996,True,B,A,2,0,B
4,31997,True,A,B,4,1,A
4,31998,True,A,B,3,1,A
4,31999,True,A,B,4,1,A
4,32000,True,B,A,1,1,B
4,32001,True,B,A,0,1,B
4,32002,True,B,A,4,1,B
4,32003,True,A,B,6,1,A
4,32004,True,B,A,0,1,B
4,32005,True,A,B,0,1,A
4,32006,True,A,B,2,0,A
4,32007,True,A,B,4,1,A
4,32008,True,B,A,0,1,B
4,32009,True,A,B,0,1,A
4,32010,True,B,A,2,1,B
4,32011,True,B,A,2,0,B
4,32012,True,B,A,2,0,B
4,32013,True,A,B,0,1,A
4,32014,False,,,,,
4,32015,True,A,B,1,2,A
4,32016,True,A,B,10,1,A
4,32017,True,A,B,2,1,A
4,32018,True,B,A,1,2,B
4,32019,True,A,B,2,0,A
4,32020,True,B,A,1,2,B
4,32021,True,B,A,0,1,B
4,32022,True,A,B,1,2,A
4,32023,True,A,B,4,1,A
4,32024,True,B,A,1,1,B
4,32025,False,,,,,
4,32026,True,B,A,3,1,B
4,32027,True,B,A,2,0,B
4,32028,True,A,B,0,1,A
4,32029,True,A,B,1,1,A
4,32030,True,B,A,0,1,B
4,32031,True,A,B,10,1,A
4,32032,True,B,A,3,1,B
4,32033,True,B,A,3,1,B
4,32034,True,A,B,10,1,A
4,32035,False,,,,,
4,32036,True,B,A,1,1,B
4,32037,True,A,B,1,1,A
4,32038,True,A,B,4,1,A
4,32039,True,B,A,4,1,B
4,32040,True,A,B,1,1,A
4,32041,True,A,B,6,1,A
4,32042,True,A,B,1,2,A
4,32043,True,B,A,2,0,B
4,32044,True,A,B,2,0,A
4,32045,True,A,B,6,1,A
4,32046,True,B,A,4,1,B
4,32047,False,,,,,
4,32048,True,B,A,0,1,B
4,32049,False,,,,,
4,32050,True,A,B,1,2,A
4,32051,False,,,,,
4,32052,True,A,B,1,2,A
4,32053,True,B,A,2,0,B
4,32054,True,B,A,2,0,B
4,32055,True,A,B,4,1,A
4,32056,True,B,A,6,1,B
4,32057,True,B,A,0,1,B
4,32058,True,A,B,2,1,A
4,32059,True,B,A,10,1,B
4,32060,True,A,B,4,1,A
4,32061,True,B,A,3,1,B
4,32062,True,B,A,6,1,B
4,32063,True,A,B,1,1,A
4,32064,True,A,B,0,1,A
4,32065,True,A,B,1,1,A
4,32066,True,A,B,1,1,A
4,32067,False,,,,,
4,32068,True,B,A,1,2,B
4,32069,True,B,A,0,1,B
4,32070,True,B,A,1,2,B
4,32071,True,A,B,4,1,A
4,32072,True,A,B,1,2,A
4,32073,True,A,B,2,0,A
4,32074,True,B,A,1,1,B
4,32075,True,B,A,1,2,B
4,32076,True,A,B,1,2,A
4,32077,True,A,B,2,0,A
4,32078,True,A,B,10,1,A
4,32079,False,,,,,
4,32080,True,A,B,1,2,A
4,32081,False,,,,,
4,32082,True,B,A,3,1,B
4,32083,True,A,B,10,1,A
4,32084,True,A,B,6,1,A
4,32085,True,A,B,10,1,A
4,32086,True,A,B,6,1,A
4,32087,True,A,B,4,1,A
4,32088,True,B,A,4,1,B
4,32089,True,B,A,10,1,B
4,32090,True,A,B,1,2,A
4,32091,False,,,,,
4,32092,True,A,B,6,1,A
4,32093,True,A,B,3,1,A
4,32094,True,B,A,6,1,B
4,32095,True,B,A,3,1,B
4,32096,True,A,B,3,1,A
4,32097,True,A,B,3,1,A
4,32098,True,B,A,6,1,B
4,32099,True,A,B,2,1,A
4,32100,True,B,A,6,1,B
4,32101,True,A,B,1,2,A
4,32102,True,A,B,3,1,A
4,32103,True,A,B,2,0,A
4,32104,True,B,A,6,1,B
4,32105,True,A,B,1,1,A
4,32106,True,B,A,4,1,B
4,32107,True,B,A,2,1,B
4,32108,True,A,B,2,0,A
4,32109,False,,,,,
4,32110,True,A,B,1,2,A
4,32111,True,A,B,2,0,A
4,32112,True,B,A,6,1,B
4,32113,True,A,B,2,1,A
4,32114,True,A,B,1,2,A
4,32115,True,B,A,4,1,B
4,32116,True,A,B,4,1,A
4,32117,True,B,A,2,1,B
4,32118,True,B,A,4,1,B
4,32119,False,,,,,
4,32120,True,A,B,1,2,A
4,32121,True,A,B,0,1,A
4,32122,True,A,B,4,1,A
4,32123,False,,,,,
4,32124,True,A,B,6,1,A
4,32125,True,A,B,1,1,A
4,32126,True,A,B,3,1,A
4,32127,False,,,,,
4,32128,True,A,B,6,1,A
4,32129,True,A,B,4,1,A
4,32130,True,A,B,4,1,A
4,32131,True,A,B,0,1,A
4,32132,True,A,B,2,0,A
4,32133,True,A,B,4,1,A
4,32134,True,B,A,4,1,B
4,32135,True,B,A,3,1,B
4,32136,False,,,,,
4,32137,True,A,B,1,2,A
4,32138,True,A,B,4,1,A
4,32139,True,B,A,2,1,B
4,32140,True,A,B,10,1,A
4,32141,True,A,B,1,1,A
4,32142,True,B,A,0,1,B
4,32143,True,A,B,1,2,A
4,32144,True,B,A,3,1,B
4,32145,True,B,A,6,1,B
4,32146,True,A,B,1,2,A
4,32147,True,A,B,6,1,A
4,32148,True,B,A,2,0,B
4,32149,True,A,B,2,1,A
4,32150,True,A,B,0,1,A
4,32151,True,A,B,1,2,A
4,32152,True,A,B,6,1,A
4,32153,True,A,B,0,1,A
4,32154,True,A,B,0,1,A
4,32155,True,A,B,1,1,A
4,32156,True,B,A,2,1,B
4,32157,True,A,B,6,1,A
4,32158,True,A,B,2,1,A
4,32159,True,A,B,10,1,A
4,32160,True,B,A,6,1,B
4,32161,False,,,,,
4,32162,True,A,B,10,1,A
4,32163,True,B,A,0,1,B
4,32164,True,B,A,6,1,B
4,32165,True,A,B,1,2,A
4,32166,True,A,B,4,1,A
4,32167,False,,,,,
4,32168,False,,,,,
4,32169,False,,,,,
4,32170,True,A,B,10,1,A
4,32171,True,A,B,4,1,A
4,32172,True,A,B,3,1,A
4,32173,True,A,B,2,0,A
4,32174,True,A,B,10,1,A
4,32175,True,B,A,2,0,B
4,32176,True,B,A,4,1,B
4,32177,True,B,A,6,1,B
4,32178,True,B,A,0,1,B
4,32179,True,B,A,0,1,B
4,32180,True,B,A,1,2,B
4,32181,True,B,A,10,1,B
4,32182,True,B,A,2,0,B
4,32183,True,A,B,2,1,A
4,32184,True,B,A,10,1,B
4,32185,True,A,B,2,1,A
4,32186,True,B,A,2,1,B
4,32187,False,,,,,
4,32188,True,B,A,3,1,B
4,32189,True,A,B,10,1,A
4,32190,True,B,A,10,1,B
4,32191,True,B,A,4,1,B
4,32192,False,,,,,
4,32193,True,B,A,0,1,B
4,32194,False,,,,,
4,32195,True,A,B,3,1,A
4,32196,True,A,B,10,1,A
4,32197,True,A,B,1,1,A
4,32198,True,B,A,1,1,B
4,32199,True,A,B,4,1,A
4,32200,True,B,A,1,1,B
4,32201,True,B,A,10,1,B
4,32202,True,A,B,2,0,A
4,32203,True,A,B,1,2,A
4,32204,True,A,B,3,1,A
4,32205,True,A,B,1,2,A
4,32206,True,B,A,4,1,B
4,32207,True,A,B,1,1,A
4,32208,True,A,B,1,2,A
4,32209,False,,,,,
4,32210,True,A,B,1,1,A
4,32211,True,A,B,1,1,A
4,32212,True,B,A,6,1,B
4,32213,True,A,B,1,2,A
4,32214,True,A,B,6,1,A
4,32215,True,B,A,3,1,B
4,32216,True,B,A,1,1,B
4,32217,True,A,B,3,1,A
4,32218,True,A,B,10,1,A
4,32219,True,B,A,4,1,B
4,32220,True,A,B,2,1,A
4,32221,True,A,B,6,1,A
4,32222,False,,,,,
4,32223,True,B,A,4,1,B
4,32224,True,B,A,1,1,B
4,32225,True,A,B,0,1,A
4,32226,True,B,A,10,1,B
4,32227,True,A,B,3,1,A
4,32228,True,A,B,6,1,A
4,32229,True,A,B,6,1,A
4,32230,True,B,A,2,1,B
4,32231,True,B,A,1,2,B
4,32232,True,A,B,1,1,A
4,32233,True,A,B,10,1,A
4,32234,True,B,A,2,1,B
4,32235,False,,,,,
4,32236,False,,,,,
4,32237,True,B,A,2,0,B
4,32238,True,B,A,6,1,B
4,32239,True,B,A,6,1,B
4,32240,True,B,A,2,0,B
4,32241,True,B,A,2,0,B
4,32242,True,B,A,1,1,B
4,32243,True,A,B,10,1,A
4,32244,True,A,B,2,1,A
4,32245,True,A,B,1,1,A
4,32246,True,A,B,0,1,A
4,32247,False,,,,,
4,32248,True,B,A,6,1,B
4,32249,True,B,A,2,0,B
4,32250,True,A,B,4,1,A
4,32251,True,A,B,2,1,A
4,32252,True,B,A,2,1,B
4,32253,True,B,A,2,0,B
4,32254,True,A,B,2,1,A
4,32255,True,A,B,10,1,A
4,32256,True,B,A,3,1,B
4,32257,True,A,B,4,1,A
4,32258,True,B,A,2,0,B
4,32259,True,A,B,0,1,A
4,32260,True,A,B,1,2,A
4,32261,True,B,A,1,1,B
4,32262,True,A,B,10,1,A
4,32263,True,A,B,4,1,A
4,32264,True,A,B,1,2,A
4,32265,True,B,A,1,1,B
4,32266,True,A,B,10,1,A
4,32267,True,B,A,10,1,B
4,32268,True,A,B,4,1,A
4,32269,True,B,A,6,1,B
4,32270,True,A,B,1,1,A
4,32271,True,A,B,6,1,A
4,32272,True,B,A,2,1,B
4,32273,True,B,A,4,1,B
4,32274,True,A,B,4,1,A
4,32275,True,A,B,1,2,A
4,32276,True,A,B,10,1,A
4,32277,False,,,,,
4,32278,True,A,B,10,1,A
4,32279,True,A,B,1,2,A
4,32280,True,A,B,2,1,A
4,32281,True,A,B,0,1,A
4,32282,True,A,B,1,2,A
4,32283,True,A,B,2,1,A
4,32284,True,A,B,4,1,A
4,32285,True,A,B,0,1,A
4,32286,True,A,B,6,1,A
4,32287,True,A,B,1,1,A
4,32288,True,B,A,3,1,B
4,32289,True,A,B,10,1,A
4,32290,True,B,A,10,1,B
4,32291,True,A,B,2,0,A
4,32292,False,,,,,
4,32293,True,A,B,3,1,A
4,32294,True,B,A,10,1,B
4,32295,True,B,A,2,1,B
4,32296,True,A,B,0,1,A
4,32297,True,A,B,4,1,A
4,32298,True,A,B,10,1,A
4,32299,True,A,B,3,1,A
4,32300,False,,,,,
4,32301,False,,,,,
4,32302,True,A,B,3,1,A
4,32303,True,B,A,2,0,B
4,32304,True,A,B,0,1,A
4,32305,False,,,,,
4,32306,True,B,A,10,1,B
4,32307,False,,,,,
4,32308,True,B,A,6,1,B
4,32309,False,,,,,
4,32310,False,,,,,
4,32311,True,A,B,1,2,A
4,32312,True,B,A,10,1,B
4,32313,True,B,A,4,1,B
4,32314,True,B,A,0,1,B
4,32315,True,A,B,2,0,A
4,32316,True,B,A,4,1,B
4,32317,True,A,B,0,1,A
4,32318,True,B,A,3,1,B
4,32319,False,,,,,
4,32320,True,B,A,4,1,B
4,32321,True,A,B,1,1,A
4,32322,True,A,B,10,1,A
4,32323,True,A,B,2,0,A
4,32324,True,B,A,3,1,B
4,32325,True,B,A,2,1,B
4,32326,True,B,A,4,1,B
4,32327,True,A,B,0,1,A
4,32328,True,A,B,10,1,A
4,32329,True,B,A,1,1,B
4,32330,True,A,B,2,1,A
4,32331,True,B,A,2,1,B
4,32332,True,B,A,1,2,B
4,32333,True,A,B,6,1,A
4,32334,True,B,A,10,1,B
4,32335,True,B,A,0,1,B
4,32336,True,A,B,1,1,A
4,32337,False,,,,,
4,32338,True,B,A,0,1,B
4,32339,True,A,B,1,1,A
4,32340,True,B,A,0,1,B
4,32341,True,B,A,1,1,B
4,32342,True,A,B,1,1,A
4,32343,True,B,A,6,1,B
4,32344,False,,,,,
4,32345,True,A,B,2,0,A
4,32346,True,B,A,1,1,B
4,32347,True,A,B,2,0,A
4,32348,True,A,B,0,1,A
4,32349,True,A,B,3,1,A
4,32350,True,A,B,0,1,A
4,32351,True,A,B,1,1,A
4,32352,True,A,B,4,1,A
4,32353,True,B,A,3,1,B
4,32354,True,B,A,4,1,B
4,32355,True,A,B,10,1,A
4,32356,True,B,A,4,1,B
4,32357,False,,,,,
4,32358,True,A,B,2,0,A
4,32359,True,A,B,2,1,A
4,32360,False,,,,,
4,32361,True,B,A,1,1,B
4,32362,True,B,A,1,1,B
4,32363,True,A,B,3,1,A
4,32364,False,,,,,
4,32365,True,B,A,0,1,B
4,32366,True,A,B,6,1,A
4,32367,True,A,B,4,1,A
4,32368,True,B,A,4,1,B
4,32369,True,A,B,2,0,A
4,32370,True,A,B,3,1,A
4,32371,True,A,B,6,1,A
4,32372,False,,,,,
4,32373,True,B,A,2,0,B
4,32374,True,A,B,1,1,A
4,32375,True,B,A,2,0,B
4,32376,True,B,A,10,1,B
4,32377,False,,,,,
4,32378,True,A,B,6,1,A
4,32379,True,B,A,1,2,B
4,32380,True,A,B,6,1,A
4,32381,True,B,A,4,1,B
4,32382,True,A,B,2,0,A
4,32383,True,A,B,0,1,A
4,32384,True,B,A,2,0,B
4,32385,True,A,B,2,0,A
4,32386,False,,,,,
4,32387,True,B,A,4,1,B
4,32388,True,B,A,10,1,B
4,32389,True,A,B,1,2,A
4,32390,True,A,B,0,1,A
4,32391,True,A,B,4,1,A
4,32392,True,B,A,0,1,B
4,32393,True,A,B,2,1,A
4,32394,True,B,A,10,1,B
4,32395,True,B,A,6,1,B
4,32396,True,A,B,3,1,A
4,32397,True,A,B,0,1,A
4,32398,True,B,A,10,1,B
4,32399,True,B,A,4,1,B
4,32400,True,A,B,3,1,A
4,32401,True,A,B,4,1,A
4,32402,False,,,,,
4,32403,True,A,B,1,2,A
4,32404,True,B,A,10,1,B
4,32405,True,B,A,2,0,B
4,32406,True,B,A,2,0,B
4,32407,True,A,B,1,1,A
4,32408,True,A,B,2,1,A
4,32409,True,A,B,10,1,A
4,32410,True,B,A,3,1,B
4,32411,True,A,B,4,1,A
4,32412,True,A,B,10,1,A
4,32413,True,B,A,10,1,B
4,32414,True,A,B,2,1,A
4,32415,True,B,A,1,1,B
4,32416,True,B,A,10,1,B
4,32417,True,B,A,2,1,B
4,32418,True,B,A,2,0,B
4,32419,True,B,A,10,1,B
4,32420,True,A,B,3,1,A
4,32421,True,A,B,2,0,A
4,32422,True,A,B,1,1,A
4,32423,True,B,A,2,1,B
4,32424,True,B,A,1,1,B
4,32425,True,A,B,1,2,A
4,32426,True,A,B,6,1,A
4,32427,True,B,A,1,2,B
4,32428,False,,,,,
4,32429,True,A,B,6,1,A
4,32430,True,A,B,1,2,A
4,32431,True,A,B,3,1,A
4,32432,True,A,B,10,1,A
4,32433,True,B,A,2,0,B
4,32434,True,A,B,3,1,A
4,32435,True,A,B,0,1,A
4,32436,True,A,B,2,1,A
4,32437,False,,,,,
4,32438,False,,,,,
4,32439,True,B,A,6,1,B
4,32440,True,B,A,1,1,B
4,32441,True,B,A,2,0,B
4,32442,True,A,B,2,1,A
4,32443,True,A,B,1,2,A
4,32444,True,B,A,4,1,B
4,32445,True,B,A,1,1,B
4,32446,True,A,B,1,2,A
4,32447,True,B,A,4,1,B
4,32448,True,A,B,4,1,A
4,32449,True,A,B,1,2,A
4,32450,True,B,A,2,1,B
4,32451,True,B,A,1,2,B
4,32452,True,A,B,1,1,A
4,32453,True,A,B,2,0,A
4,32454,True,A,B,2,0,A
4,32455,True,A,B,4,1,A
4,32456,True,B,A,10,1,B
4,32457,True,A,B,6,1,A
4,32458,True,B,A,1,2,B
4,32459,True,A,B,0,1,A
4,32460,True,A,B,1,1,A
4,32461,True,B,A,2,0,B
4,32462,False,,,,,
4,32463,True,A,B,1,2,A
4,32464,True,A,B,1,1,A
4,32465,True,B,A,2,0,B
4,32466,True,A,B,1,2,A
4,32467,True,A,B,0,1,A
4,32468,True,B,A,4,1,B
4,32469,True,A,B,2,0,A
4,32470,True,B,A,2,1,B
4,32471,True,B,A,0,1,B
4,32472,True,A,B,10,1,A
4,32473,True,A,B,2,1,A
4,32474,True,A,B,4,1,A
4,32475,True,A,B,1,1,A
4,32476,True,B,A,3,1,B
4,32477,True,B,A,0,1,B
4,32478,True,B,A,10,1,B
4,32479,True,B,A,1,1,B
4,32480,True,B,A,4,1,B
4,32481,True,B,A,10,1,B
4,32482,True,A,B,2,1,A
4,32483,True,B,A,1,1,B
4,32484,True,A,B,10,1,A
4,32485,True,B,A,0,1,B
4,32486,True,A,B,2,1,A
4,32487,True,A,B,1,2,A
4,32488,True,B,A,10,1,B
4,32489,True,B,A,6,1,B
4,32490,True,A,B,3,1,A
4,32491,True,A,B,2,1,A
4,32492,True,B,A,1,2,B
4,32493,True,B,A,2,0,B
4,32494,True,B,A,3,1,B
4,32495,True,A,B,6,1,A
4,32496,True,B,A,2,0,B
4,32497,True,A,B,4,1,A
4,32498,True,B,A,4,1,B
4,32499,False,,,,,
4,32500,True,A,B,3,1,A
4,32501,True,A,B,2,1,A
4,32502,True,A,B,10,1,A
4,32503,False,,,,,
4,32504,True,B,A,2,0,B
4,32505,True,A,B,1,2,A
4,32506,True,B,A,10,1,B
4,32507,True,A,B,0,1,A
4,32508,True,A,B,10,1,A
4,32509,True,A,B,3,1,A
4,32510,True,A,B,4,1,A
4,32511,True,A,B,10,1,A
4,32512,True,A,B,0,1,A
4,32513,True,A,B,6,1,A
4,32514,True,A,B,4,1,A
4,32515,True,B,A,6,1,B
4,32516,False,,,,,
4,32517,True,B,A,6,1,B
4,32518,True,A,B,2,0,A
4,32519,True,B,A,1,2,B
4,32520,True,A,B,3,1,A
4,32521,True,A,B,1,1,A
4,32522,True,A,B,2,1,A
4,32523,True,B,A,10,1,B
4,32524,True,B,A,1,1,B
4,32525,True,B,A,1,2,B
4,32526,True,A,B,3,1,A
4,32527,True,A,B,3,1,A
4,32528,True,B,A,4,1,B
4,32529,True,B,A,6,1,B
4,32530,True,B,A,1,2,B
4,32531,True,B,A,1,2,B
4,32532,True,A,B,0,1,A
4,32533,True,A,B,6,1,A
4,32534,True,A,B,3,1,A
4,32535,True,B,A,1,1,B
4,32536,True,A,B,0,1,A
4,32537,True,B,A,4,1,B
4,32538,True,A,B,1,1,A
4,32539,True,A,B,0,1,A
4,32540,True,A,B,10,1,A
4,32541,True,A,B,4,1,A
4,32542,True,A,B,2,1,A
4,32543,True,B,A,2,1,B
4,32544,True,B,A,1,1,B
4,32545,True,B,A,10,1,B
4,32546,True,A,B,2,0,A
4,32547,True,A,B,1,2,A
4,32548,True,B,A,4,1,B
4,32549,True,A,B,3,1,A
4,32550,True,A,B,2,0,A
4,32551,False,,,,,
4,32552,True,A,B,1,2,A
4,32553,True,A,B,10,1,A
4,32554,True,B,A,0,1,B
4,32555,True,B,A,4,1,B
4,32556,True,B,A,10,1,B
4,32557,True,A,B,4,1,A
4,32558,True,A,B,2,0,A
4,32559,False,,,,,
4,32560,True,B,A,6,1,B
4,32561,True,A,B,2,1,A
4,32562,True,A,B,2,1,A
4,32563,True,B,A,2,0,B
4,32564,True,A,B,0,1,A
4,32565,True,A,B,0,1,A
4,32566,True,A,B,2,1,A
4,32567,True,A,B,1,2,A
4,32568,True,A,B,2,0,A
4,32569,True,B,A,6,1,B
4,32570,False,,,,,
4,32571,True,B,A,3,1,B
4,32572,True,A,B,6,1,A
4,32573,False,,,,,
4,32574,True,B,A,3,1,B
4,32575,True,A,B,2,1,A
4,32576,True,A,B,2,1,A
4,32577,True,B,A,4,1,B
4,32578,True,B,A,4,1,B
4,32579,True,A,B,1,1,A
4,32580,True,B,A,4,1,B
4,32581,True,B,A,2,1,B
4,32582,False,,,,,
4,32583,True,A,B,1,2,A
4,32584,True,A,B,2,1,A
4,32585,True,A,B,4,1,A
4,32586,True,A,B,2,1,A
4,32587,True,B,A,10,1,B
4,32588,True,A,B,10,1,A
4,32589,True,B,A,6,1,B
4,32590,True,A,B,2,0,A
4,32591,True,A,B,3,1,A
4,32592,False,,,,,
4,32593,True,B,A,0,1,B
4,32594,True,B,A,1,2,B
4,32595,True,B,A,1,2,B
4,32596,False,,,,,
4,32597,False,,,,,
4,32598,True,A,B,6,1,A
4,32599,True,A,B,6,1,A
4,32600,True,A,B,3,1,A
4,32601,True,B,A,4,1,B
4,32602,True,B,A,2,0,B
4,32603,True,A,B,3,1,A
4,32604,True,B,A,3,1,B
4,32605,True,B,A,1,1,B
4,32606,True,B,A,3,1,B
4,32607,True,B,A,6,1,B
4,32608,True,A,B,4,1,A
4,32609,True,B,A,10,1,B
4,32610,True,B,A,2,0,B
4,32611,True,B,A,1,1,B
4,32612,True,A,B,1,1,A
4,32613,True,B,A,1,2,B
4,32614,True,A,B,3,1,A
4,32615,True,A,B,10,1,A
4,32616,True,B,A,0,1,B
4,32617,True,A,B,6,1,A
4,32618,True,B,A,10,1,B
4,32619,True,A,B,10,1,A
4,32620,True,B,A,4,1,B
4,32621,True,A,B,1,1,A
4,32622,True,A,B,6,1,A
4,32623,False,,,,,
4,32624,True,A,B,0,1,A
4,32625,True,B,A,6,1,B
4,32626,True,B,A,4,1,B
4,32627,True,B,A,2,0,B
4,32628,True,A,B,1,1,A
4,32629,True,A,B,4,1,A
4,32630,True,A,B,0,1,A
4,32631,True,B,A,1,1,B
4,32632,True,A,B,2,1,A
4,32633,True,B,A,10,1,B
4,32634,True,B,A,10,1,B
4,32635,True,A,B,2,0,A
4,32636,True,A,B,2,0,A
4,32637,True,A,B,2,1,A
4,32638,True,A,B,1,1,A
4,32639,True,B,A,2,0,B
4,32640,True,A,B,4,1,A
4,32641,True,A,B,6,1,A
4,32642,True,B,A,2,1,B
4,32643,True,A,B,1,1,A
4,32644,True,A,B,1,1,A
4,32645,True,B,A,6,1,B
4,32646,True,B,A,6,1,B
4,32647,False,,,,,
4,32648,True,A,B,6,1,A
4,32649,True,A,B,1,2,A
4,32650,True,B,A,2,0,B
4,32651,True,A,B,3,1,A
4,32652,True,A,B,2,0,A
4,32653,True,B,A,4,1,B
4,32654,True,A,B,4,1,A
4,32655,True,B,A,2,1,B
4,32656,True,B,A,2,0,B
4,32657,True,A,B,2,1,A
4,32658,True,A,B,2,1,A
4,32659,True,A,B,2,1,A
4,32660,True,A,B,1,2,A
4,32661,False,,,,,
4,32662,True,B,A,2,0,B
4,32663,True,A,B,10,1,A
4,32664,True,A,B,1,2,A
4,32665,True,A,B,0,1,A
4,32666,True,A,B,1,2,A
4,32667,True,A,B,4,1,A
4,32668,True,A,B,0,1,A
4,32669,True,A,B,10,1,A
4,32670,True,A,B,0,1,A
4,32671,True,B,A,10,1,B
4,32672,True,B,A,6,1,B
4,32673,True,B,A,10,1,B
4,32674,True,B,A,6,1,B
4,32675,True,B,A,4,1,B
4,32676,True,A,B,0,1,A
4,32677,True,B,A,1,2,B
4,32678,True,A,B,2,0,A
4,32679,True,A,B,2,1,A
4,32680,True,B,A,2,0,B
4,32681,True,A,B,2,0,A
4,32682,True,A,B,0,1,A
4,32683,True,B,A,1,2,B
4,32684,True,A,B,1,2,A
4,32685,True,A,B,4,1,A
4,32686,True,A,B,10,1,A
4,32687,True,A,B,10,1,A
4,32688,True,A,B,1,2,A
4,32689,True,B,A,4,1,B
4,32690,True,B,A,3,1,B
4,32691,True,A,B,2,1,A
4,32692,True,A,B,1,2,A
4,32693,True,A,B,10,1,A
4,32694,True,A,B,1,1,A
4,32695,True,A,B,0,1,A
4,32696,True,B,A,10,1,B
4,32697,True,B,A,6,1,B
4,32698,True,A,B,4,1,A
4,32699,True,A,B,10,1,A
4,32700,True,A,B,1,1,A
4,32701,True,A,B,0,1,A
4,32702,True,B,A,2,1,B
4,32703,True,A,B,1,2,A
4,32704,True,A,B,2,0,A
4,32705,True,B,A,2,1,B
4,32706,True,B,A,1,2,B
4,32707,True,A,B,1,2,A
4,32708,True,A,B,1,1,A
4,32709,True,A,B,2,1,A
4,32710,True,B,A,1,1,B
4,32711,False,,,,,
4,32712,True,B,A,0,1,B
4,32713,False,,,,,
4,32714,True,B,A,1,2,B
4,32715,True,B,A,2,1,B
4,32716,True,A,B,0,1,A
4,32717,True,A,B,1,2,A
4,32718,True,A,B,6,1,A
4,32719,False,,,,,
4,32720,True,A,B,4,1,A
4,32721,True,B,A,3,1,B
4,32722,True,B,A,2,1,B
4,32723,False,,,,,
4,32724,True,B,A,6,1,B
4,32725,True,A,B,1,1,A
4,32726,False,,,,,
4,32727,True,A,B,6,1,A
4,32728,True,A,B,1,1,A
4,32729,True,A,B,10,1,A
4,32730,False,,,,,
4,32731,False,,,,,
4,32732,False,,,,,
4,32733,True,A,B,2,0,A
4,32734,True,A,B,3,1,A
4,32735,True,B,A,2,0,B
4,32736,True,A,B,6,1,A
4,32737,False,,,,,
4,32738,True,A,B,0,1,A
4,32739,True,A,B,1,1,A
4,32740,True,A,B,4,1,A
4,32741,True,B,A,3,1,B
4,32742,True,A,B,1,2,A
4,32743,True,A,B,6,1,A
4,32744,False,,,,,
4,32745,True,A,B,2,0,A
4,32746,True,A,B,1,1,A
4,32747,True,A,B,1,1,A
4,32748,True,A,B,4,1,A
4,32749,True,B,A,1,1,B
4,32750,True,A,B,6,1,A
4,32751,True,A,B,0,1,A
4,32752,True,A,B,1,1,A
4,32753,False,,,,,
4,32754,True,A,B,1,1,A
4,32755,True,A,B,10,1,A
4,32756,True,A,B,6,1,A
4,32757,True,A,B,0,1,A
4,32758,True,B,A,4,1,B
4,32759,False,,,,,
4,32760,True,A,B,2,0,A
4,32761,True,A,B,10,1,A
4,32762,False,,,,,
4,32763,True,A,B,2,0,A
4,32764,False,,,,,
4,32765,True,A,B,10,1,A
4,32766,True,B,A,6,1,B
4,32767,True,A,B,4,1,A
4,32768,True,A,B,1,1,A
4,32769,True,A,B,2,1,A
4,32770,True,B,A,6,1,B
4,32771,False,,,,,
4,32772,True,B,A,2,0,B
4,32773,True,A,B,0,1,A
4,32774,False,,,,,
4,32775,True,A,B,4,1,A
4,32776,True,B,A,10,1,B
4,32777,True,A,B,2,0,A
4,32778,True,A,B,6,1,A
4,32779,True,B,A,2,1,B
4,32780,True,B,A,4,1,B
4,32781,True,B,A,4,1,B
4,32782,True,B,A,10,1,B
4,32783,True,A,B,4,1,A
4,32784,True,A,B,4,1,A
4,32785,True,B,A,10,1,B
4,32786,False,,,,,
4,32787,True,A,B,1,1,A
4,32788,False,,,,,
4,32789,True,A,B,4,1,A
4,32790,True,A,B,0,1,A
4,32791,True,A,B,1,1,A
4,32792,True,A,B,2,1,A
4,32793,True,B,A,2,1,B
4,32794,True,A,B,2,0,A
4,32795,True,A,B,6,1,A
4,32796,True,A,B,4,1,A
4,32797,True,B,A,0,1,B
4,32798,True,A,B,1,2,A
4,32799,True,A,B,0,1,A
4,32800,False,,,,,
4,32801,True,A,B,1,2,A
4,32802,True,A,B,2,1,A
4,32803,True,A,B,6,1,A
4,32804,True,A,B,3,1,A
4,32805,True,A,B,3,1,A
4,32806,True,A,B,3,1,A
4,32807,True,A,B,1,1,A
4,32808,True,B,A,10,1,B
4,32809,True,A,B,0,1,A
4,32810,True,B,A,1,1,B
4,32811,True,B,A,3,1,B
4,32812,True,B,A,4,1,B
4,32813,True,B,A,4,1,B
4,32814,True,B,A,10,1,B
4,32815,True,B,A,6,1,B
4,32816,True,B,A,1,2,B
4,32817,True,A,B,1,1,A
4,32818,True,A,B,10,1,A
4,32819,True,A,B,6,1,A
4,32820,False,,,,,
4,32821,True,A,B,3,1,A
4,32822,True,A,B,1,2,A
4,32823,True,A,B,2,0,A
4,32824,True,B,A,0,1,B
4,32825,True,A,B,4,1,A
4,32826,True,A,B,3,1,A
4,32827,False,,,,,
4,32828,True,B,A,4,1,B
4,32829,True,A,B,1,2,A
4,32830,True,B,A,3,1,B
4,32831,True,B,A,0,1,B
4,32832,True,A,B,4,1,A
4,32833,True,B,A,6,1,B
4,32834,True,A,B,0,1,A
4,32835,True,A,B,1,1,A
4,32836,True,B,A,2,1,B
4,32837,True,B,A,2,1,B
4,32838,True,B,A,0,1,B
4,32839,True,B,A,2,0,B
4,32840,True,B,A,6,1,B
4,32841,True,A,B,1,1,A
4,32842,True,A,B,1,1,A
4,32843,True,A,B,1,1,A
4,32844,True,A,B,1,1,A
4,32845,True,B,A,6,1,B
4,32846,True,B,A,1,2,B
4,32847,True,A,B,4,1,A
4,32848,True,A,B,3,1,A
4,32849,True,A,B,6,1,A
4,32850,True,A,B,6,1,A
4,32851,True,A,B,0,1,A
4,32852,True,B,A,2,0,B
4,32853,True,A,B,2,1,A
4,32854,True,B,A,10,1,B
4,32855,True,A,B,0,1,A
4,32856,True,B,A,10,1,B
4,32857,True,A,B,6,1,A
4,32858,True,B,A,0,1,B
4,32859,True,B,A,1,1,B
4,32860,True,A,B,6,1,A
4,32861,True,A,B,2,0,A
4,32862,True,A,B,1,2,A
4,32863,True,B,A,4,1,B
4,32864,True,B,A,4,1,B
4,32865,True,B,A,1,2,B
4,32866,True,B,A,10,1,B
4,32867,False,,,,,
4,32868,True,A,B,2,0,A
4,32869,True,A,B,2,0,A
4,32870,True,A,B,10,1,A
4,32871,True,B,A,10,1,B
4,32872,True,A,B,4,1,A
4,32873,True,A,B,2,1,A
4,32874,True,A,B,0,1,A
4,32875,True,A,B,4,1,A
4,32876,True,B,A,2,0,B
4,32877,True,A,B,10,1,A
4,32878,True,A,B,1,1,A
4,32879,True,B,A,2,1,B
4,32880,True,B,A,2,0,B
4,32881,True,A,B,4,1,A
4,32882,True,A,B,1,2,A
4,32883,True,A,B,3,1,A
4,32884,True,B,A,1,1,B
4,32885,True,B,A,3,1,B
4,32886,True,B,A,1,1,B
4,32887,True,B,A,2,1,B
4,32888,True,B,A,0,1,B
4,32889,True,A,B,3,1,A
4,32890,True,B,A,4,1,B
4,32891,True,A,B,3,1,A
4,32892,True,A,B,1,2,A
4,32893,True,B,A,10,1,B
4,32894,True,A,B,1,1,A
4,32895,True,B,A,4,1,B
4,32896,False,,,,,
4,32897,True,A,B,1,2,A
4,32898,True,A,B,1,2,A
4,32899,True,A,B,1,2,A
4,32900,True,B,A,2,1,B
4,32901,True,A,B,3,1,A
4,32902,True,B,A,10,1,B
4,32903,True,A,B,6,1,A
4,32904,True,A,B,10,1,A
4,32905,True,A,B,0,1,A
4,32906,True,B,A,1,2,B
4,32907,True,B,A,2,0,B
4,32908,True,A,B,1,2,A
4,32909,True,A,B,0,1,A
4,32910,True,A,B,1,2,A
4,32911,True,A,B,0,1,A
4,32912,True,A,B,2,0,A
4,32913,True,B,A,4,1,B
4,32914,True,B,A,2,0,B
4,32915,True,B,A,10,1,B
4,32916,True,A,B,1,1,A
4,32917,True,B,A,3,1,B
4,32918,True,B,A,1,1,B
4,32919,True,B,A,2,1,B
4,32920,True,A,B,3,1,A
4,32921,True,A,B,3,1,A
4,32922,True,A,B,10,1,A
4,32923,True,A,B,4,1,A
4,32924,True,A,B,1,1,A
4,32925,True,A,B,10,1,A
4,32926,True,B,A,2,1,B
4,32927,True,A,B,6,1,A
4,32928,True,A,B,4,1,A
4,32929,True,A,B,4,1,A
4,32930,True,A,B,1,1,A
4,32931,True,A,B,2,0,A
4,32932,True,B,A,2,0,B
4,32933,True,B,A,6,1,B
4,32934,True,B,A,1,1,B
4,32935,True,B,A,10,1,B
4,32936,True,B,A,1,2,B
4,32937,True,B,A,6,1,B
4,32938,True,A,B,6,1,A
4,32939,True,A,B,2,0,A
4,32940,True,B,A,1,1,B
4,32941,True,A,B,6,1,A
4,32942,True,A,B,0,1,A
4,32943,True,B,A,10,1,B
4,32944,True,A,B,1,1,A
4,32945,True,B,A,1,1,B
4,32946,True,A,B,3,1,A
4,32947,True,A,B,1,1,A
4,32948,True,A,B,2,0,A
4,32949,True,A,B,3,1,A
4,32950,True,B,A,0,1,B
4,32951,True,A,B,4,1,A
4,32952,True,A,B,2,0,A
4,32953,True,A,B,10,1,A
4,32954,True,A,B,6,1,A
4,32955,True,A,B,2,1,A
4,32956,True,A,B,0,1,A
4,32957,True,A,B,6,1,A
4,32958,True,B,A,3,1,B
4,32959,True,A,B,2,0,A
4,32960,True,A,B,0,1,A
4,32961,True,A,B,2,1,A
4,32962,True,B,A,3,1,B
4,32963,True,B,A,1,1,B
4,32964,True,B,A,4,1,B
4,32965,True,A,B,1,1,A
4,32966,True,B,A,6,1,B
4,32967,True,A,B,1,2,A
4,32968,True,B,A,2,1,B
4,32969,True,A,B,0,1,A
4,32970,True,B,A,6,1,B
4,32971,True,A,B,0,1,A
4,32972,True,A,B,4,1,A
4,32973,True,A,B,0,1,A
4,32974,True,B,A,10,1,B
4,32975,True,A,B,0,1,A
4,32976,True,B,A,4,1,B
4,32977,True,B,A,2,1,B
4,32978,True,B,A,10,1,B
4,32979,True,A,B,0,1,A
4,32980,True,A,B,4,1,A
4,32981,False,,,,,
4,32982,True,B,A,6,1,B
4,32983,True,A,B,0,1,A
4,32984,True,B,A,10,1,B
4,32985,True,A,B,0,1,A
4,32986,True,B,A,2,0,B
4,32987,True,A,B,4,1,A
4,32988,True,A,B,2,0,A
4,32989,True,A,B,6,1,A
4,32990,True,B,A,2,0,B
4,32991,True,A,B,1,1,A
4,32992,True,A,B,0,1,A
4,32993,True,A,B,2,0,A
4,32994,True,B,A,2,1,B
4,32995,True,A,B,2,1,A
4,32996,True,B,A,3,1,B
4,32997,True,B,A,6,1,B
4,32998,True,A,B,10,1,A
4,32999,True,A,B,3,1,A
4,33000,True,A,B,2,0,A
4,33001,True,B,A,4,1,B
4,33002,True,A,B,1,2,A
4,33003,True,B,A,2,0,B
4,33004,True,A,B,2,0,A
4,33005,True,B,A,1,1,B
4,33006,True,B,A,0,1,B
4,33007,True,A,B,6,1,A
4,33008,True,B,A,2,0,B
4,33009,True,A,B,10,1,A
4,33010,False,,,,,
4,33011,True,B,A,6,1,B
4,33012,True,B,A,3,1,B
4,33013,True,B,A,1,1,B
4,33014,True,A,B,3,1,A
4,33015,True,A,B,1,2,A
4,33016,True,B,A,2,1,B
4,33017,True,A,B,4,1,A
4,33018,True,A,B,1,2,A
4,33019,True,B,A,3,1,B
4,33020,True,A,B,4,1,A
4,33021,True,A,B,0,1,A
4,33022,True,B,A,1,1,B
4,33023,True,A,B,6,1,A
4,33024,True,B,A,4,1,B
4,33025,True,B,A,10,1,B
4,33026,True,A,B,2,1,A
4,33027,True,A,B,2,1,A
4,33028,True,A,B,6,1,A
4,33029,True,A,B,2,1,A
4,33030,False,,,,,
4,33031,True,A,B,4,1,A
4,33032,True,A,B,3,1,A
4,33033,True,A,B,2,1,A
4,33034,True,B,A,2,1,B
4,33035,True,B,A,1,1,B
4,33036,True,B,A,2,0,B
4,33037,True,A,B,10,1,A
4,33038,True,B,A,2,0,B
4,33039,True,B,A,6,1,B
4,33040,True,A,B,2,0,A
4,33041,True,A,B,4,1,A
4,33042,True,A,B,2,0,A
4,33043,True,B,A,3,1,B
4,33044,True,A,B,6,1,A
4,33045,True,B,A,1,1,B
4,33046,True,A,B,6,1,A
4,33047,True,B,A,1,1,B
4,33048,True,A,B,2,0,A
4,33049,True,B,A,2,0,B
4,33050,True,A,B,4,1,A
4,33051,True,A,B,10,1,A
4,33052,False,,,,,
4,33053,False,,,,,
4,33054,True,A,B,6,1,A
4,33055,True,A,B,2,1,A
4,33056,False,,,,,
4,33057,True,A,B,2,0,A
4,33058,True,B,A,2,1,B
4,33059,False,,,,,
4,33060,True,A,B,10,1,A
4,33061,True,B,A,4,1,B
4,33062,True,B,A,2,1,B
4,33063,True,A,B,1,1,A
4,33064,True,A,B,2,0,A
4,33065,True,B,A,2,0,B
4,33066,True,B,A,2,0,B
4,33067,True,B,A,2,0,B
4,33068,True,B,A,2,1,B
4,33069,True,B,A,3,1,B
4,33070,True,B,A,6,1,B
4,33071,True,B,A,2,0,B
4,33072,True,B,A,2,0,B
4,33073,True,A,B,10,1,A
4,33074,True,B,A,1,2,B
4,33075,True,A,B,0,1,A
4,33076,True,A,B,2,1,A
4,33077,True,B,A,4,1,B
4,33078,True,B,A,3,1,B
4,33079,True,A,B,10,1,A
4,33080,True,B,A,2,0,B
4,33081,True,A,B,6,1,A
4,33082,True,A,B,0,1,A
4,33083,True,B,A,2,1,B
4,33084,True,A,B,10,1,A
4,33085,True,B,A,10,1,B
4,33086,True,A,B,6,1,A
4,33087,True,A,B,1,1,A
4,33088,True,B,A,2,0,B
4,33089,True,A,B,6,1,A
4,33090,True,B,A,4,1,B
4,33091,True,A,B,2,0,A
4,33092,True,A,B,4,1,A
4,33093,True,A,B,3,1,A
4,33094,True,A,B,3,1,A
4,33095,True,A,B,1,2,A
4,33096,True,B,A,10,1,B
4,33097,True,B,A,10,1,B
4,33098,True,A,B,1,2,A
4,33099,False,,,,,
4,33100,True,A,B,3,1,A
4,33101,True,A,B,2,0,A
4,33102,True,B,A,10,1,B
4,33103,True,A,B,10,1,A
4,33104,True,A,B,0,1,A
4,33105,True,A,B,6,1,A
4,33106,True,A,B,1,2,A
4,33107,True,B,A,2,1,B
4,33108,True,A,B,0,1,A
4,33109,True,B,A,0,1,B
4,33110,True,B,A,10,1,B
4,33111,True,B,A,10,1,B
4,33112,True,B,A,3,1,B
4,33113,True,A,B,10,1,A
4,33114,True,A,B,0,1,A
4,33115,True,B,A,2,1,B
4,33116,True,A,B,1,2,A
4,33117,True,B,A,3,1,B
4,33118,True,A,B,2,0,A
4,33119,True,A,B,1,2,A
4,33120,True,B,A,4,1,B
4,33121,True,A,B,3,1,A
4,33122,True,B,A,0,1,B
4,33123,True,A,B,3,1,A
4,33124,True,A,B,6,1,A
4,33125,True,A,B,0,1,A
4,33126,True,A,B,10,1,A
4,33127,True,B,A,10,1,B
4,33128,True,B,A,1,1,B
4,33129,True,A,B,10,1,A
4,33130,True,B,A,3,1,B
4,33131,True,B,A,0,1,B
4,33132,True,B,A,2,1,B
4,33133,True,A,B,6,1,A
4,33134,True,B,A,6,1,B
4,33135,True,B,A,2,0,B
4,33136,True,B,A,2,0,B
4,33137,True,A,B,2,0,A
4,33138,True,B,A,3,1,B
4,33139,True,A,B,1,1,A
4,33140,True,A,B,2,0,A
4,33141,True,A,B,2,1,A
4,33142,True,A,B,6,1,A
4,33143,False,,,,,
4,33144,True,B,A,2,1,B
4,33145,True,A,B,4,1,A
4,33146,True,A,B,1,2,A
4,33147,True,B,A,1,1,B
4,33148,True,B,A,1,2,B
4,33149,True,B,A,0,1,B
4,33150,True,A,B,4,1,A
4,33151,True,A,B,6,1,A
4,33152,True,A,B,4,1,A
4,33153,False,,,,,
4,33154,True,B,A,1,2,B
4,33155,True,A,B,10,1,A
4,33156,True,A,B,1,1,A
4,33157,True,A,B,2,0,A
4,33158,True,B,A,1,1,B
4,33159,True,B,A,6,1,B
4,33160,True,A,B,4,1,A
4,33161,True,A,B,6,1,A
4,33162,True,A,B,2,1,A
4,33163,True,A,B,1,2,A
4,33164,True,B,A,0,1,B
4,33165,True,A,B,0,1,A
4,33166,True,B,A,6,1,B
4,33167,True,B,A,2,0,B
4,33168,True,B,A,2,0,B
4,33169,True,A,B,2,1,A
4,33170,True,A,B,4,1,A
4,33171,False,,,,,
4,33172,True,B,A,10,1,B
4,33173,True,B,A,6,1,B
4,33174,True,A,B,6,1,A
4,33175,True,B,A,2,0,B
4,33176,True,A,B,3,1,A
4,33177,True,B,A,2,1,B
4,33178,True,B,A,6,1,B
4,33179,False,,,,,
4,33180,True,B,A,1,1,B
4,33181,False,,,,,
4,33182,True,A,B,10,1,A
4,33183,True,B,A,6,1,B
4,33184,True,A,B,4,1,A
4,33185,True,A,B,3,1,A
4,33186,False,,,,,
4,33187,True,B,A,6,1,B
4,33188,True,A,B,1,1,A
4,33189,True,B,A,10,1,B
4,33190,True,B,A,10,1,B
4,33191,True,B,A,10,1,B
4,33192,True,A,B,2,1,A
4,33193,True,A,B,2,0,A
4,33194,True,B,A,3,1,B
4,33195,True,B,A,6,1,B
4,33196,True,A,B,2,1,A
4,33197,False,,,,,
4,33198,True,B,A,6,1,B
4,33199,False,,,,,
4,33200,True,B,A,10,1,B
4,33201,True,A,B,3,1,A
4,33202,True,B,A,10,1,B
4,33203,True,B,A,3,1,B
4,33204,True,B,A,3,1,B
4,33205,True,B,A,3,1,B
4,33206,True,B,A,2,1,B
4,33207,True,B,A,3,1,B
4,33208,True,B,A,6,1,B
4,33209,True,A,B,3,1,A
4,33210,True,A,B,1,2,A
4,33211,True,B,A,4,1,B
4,33212,True,B,A,2,1,B
4,33213,True,A,B,2,1,A
4,33214,True,B,A,1,2,B
4,33215,True,A,B,2,1,A
4,33216,True,B,A,1,2,B
4,33217,True,B,A,6,1,B
4,33218,True,B,A,0,1,B
4,33219,True,A,B,2,1,A
4,33220,True,B,A,4,1,B
4,33221,True,A,B,1,2,A
4,33222,True,A,B,2,1,A
4,33223,True,A,B,2,0,A
4,33224,True,A,B,1,2,A
4,33225,True,A,B,3,1,A
4,33226,True,B,A,2,1,B
4,33227,True,A,B,3,1,A
4,33228,True,A,B,1,2,A
4,33229,True,B,A,0,1,B
4,33230,True,A,B,6,1,A
4,33231,True,B,A,2,0,B
4,33232,True,A,B,2,1,A
4,33233,True,A,B,3,1,A
4,33234,True,B,A,1,1,B
4,33235,True,A,B,3,1,A
4,33236,True,A,B,10,1,A
4,33237,True,A,B,1,1,A
4,33238,True,A,B,10,1,A
4,33239,True,B,A,6,1,B
4,33240,True,A,B,4,1,A
4,33241,True,B,A,2,1,B
4,33242,True,A,B,10,1,A
4,33243,True,A,B,1,1,A
4,33244,True,A,B,2,0,A
4,33245,True,B,A,1,2,B
4,33246,True,A,B,10,1,A
4,33247,True,A,B,3,1,A
4,33248,True,B,A,6,1,B
4,33249,True,A,B,1,2,A
4,33250,True,A,B,2,1,A
4,33251,True,B,A,10,1,B
4,33252,True,B,A,2,0,B
4,33253,True,B,A,6,1,B
4,33254,True,B,A,4,1,B
4,33255,True,A,B,1,2,A
4,33256,True,B,A,0,1,B
4,33257,True,B,A,2,0,B
4,33258,True,B,A,0,1,B
4,33259,False,,,,,
4,33260,True,A,B,6,1,A
4,33261,True,B,A,3,1,B
4,33262,True,A,B,3,1,A
4,33263,True,A,B,0,1,A
4,33264,True,A,B,0,1,A
4,33265,True,A,B,0,1,A
4,33266,True,B,A,2,1,B
4,33267,True,B,A,6,1,B
4,33268,True,A,B,4,1,A
4,33269,True,A,B,1,2,A
4,33270,True,B,A,10,1,B
4,33271,True,B,A,3,1,B
4,33272,True,A,B,1,2,A
4,33273,True,A,B,0,1,A
4,33274,True,B,A,3,1,B
4,33275,True,A,B,2,0,A
4,33276,True,B,A,3,1,B
4,33277,True,B,A,10,1,B
4,33278,True,B,A,2,0,B
4,33279,True,A,B,1,2,A
4,33280,True,A,B,2,0,A
4,33281,True,A,B,3,1,A
4,33282,True,A,B,6,1,A
4,33283,True,A,B,2,0,A
4,33284,True,A,B,3,1,A
4,33285,True,B,A,1,2,B
4,33286,True,A,B,1,2,A
4,33287,True,A,B,1,1,A
4,33288,True,A,B,6,1,A
4,33289,True,A,B,0,1,A
4,33290,False,,,,,
4,33291,True,B,A,10,1,B
4,33292,True,A,B,1,1,A
4,33293,True,A,B,1,1,A
4,33294,True,B,A,1,2,B
4,33295,True,B,A,2,0,B
4,33296,True,B,A,2,0,B
4,33297,True,A,B,1,1,A
4,33298,True,B,A,2,0,B
4,33299,True,B,A,4,1,B
4,33300,True,A,B,3,1,A
4,33301,False,,,,,
4,33302,False,,,,,
4,33303,True,A,B,2,1,A
4,33304,True,A,B,6,1,A
4,33305,True,A,B,2,1,A
4,33306,True,B,A,2,0,B
4,33307,False,,,,,
4,33308,True,B,A,2,0,B
4,33309,False,,,,,
4,33310,True,B,A,10,1,B
4,33311,True,B,A,2,1,B
4,33312,True,B,A,3,1,B
4,33313,True,B,A,2,1,B
4,33314,True,A,B,1,2,A
4,33315,False,,,,,
4,33316,True,A,B,2,0,A
4,33317,True,B,A,3,1,B
4,33318,True,A,B,1,1,A
4,33319,True,A,B,1,2,A
4,33320,True,B,A,6,1,B
4,33321,True,A,B,6,1,A
4,33322,True,A,B,3,1,A
4,33323,True,A,B,2,0,A
4,33324,True,B,A,2,1,B
4,33325,True,B,A,6,1,B
4,33326,True,B,A,1,2,B
4,33327,True,A,B,4,1,A
4,33328,True,B,A,3,1,B
4,33329,True,B,A,2,1,B
4,33330,True,A,B,10,1,A
4,33331,True,B,A,10,1,B
4,33332,True,B,A,6,1,B
4,33333,True,B,A,10,1,B
4,33334,True,B,A,2,1,B
4,33335,True,A,B,1,1,A
4,33336,True,B,A,1,1,B
4,33337,True,A,B,1,1,A
4,33338,True,A,B,2,0,A
4,33339,True,A,B,4,1,A
4,33340,True,B,A,4,1,B
4,33341,True,A,B,1,1,A
4,33342,True,A,B,10,1,A
4,33343,True,B,A,1,2,B
4,33344,True,A,B,1,2,A
4,33345,True,A,B,6,1,A
4,33346,True,A,B,2,0,A
4,33347,True,A,B,2,0,A
4,33348,True,A,B,1,1,A
4,33349,True,A,B,0,1,A
4,33350,True,B,A,10,1,B
4,33351,True,B,A,2,1,B
4,33352,True,A,B,1,1,A
4,33353,True,A,B,4,1,A
4,33354,True,A,B,3,1,A
4,33355,True,B,A,1,1,B
4,33356,True,B,A,4,1,B
4,33357,True,B,A,3,1,B
4,33358,True,B,A,2,1,B
4,33359,True,B,A,1,1,B
4,33360,True,B,A,3,1,B
4,33361,True,A,B,1,1,A
4,33362,True,A,B,1,2,A
4,33363,True,A,B,2,0,A
4,33364,True,A,B,4,1,A
4,33365,True,A,B,2,1,A
4,33366,True,A,B,4,1,A
4,33367,True,B,A,1,2,B
4,33368,True,A,B,2,0,A
4,33369,True,B,A,1,1,B
4,33370,True,A,B,0,1,A
4,33371,True,B,A,2,0,B
4,33372,True,A,B,3,1,A
4,33373,True,A,B,1,2,A
4,33374,True,B,A,6,1,B
4,33375,True,B,A,4,1,B
4,33376,True,B,A,2,0,B
4,33377,True,A,B,2,0,A
4,33378,True,B,A,10,1,B
4,33379,True,A,B,10,1,A
4,33380,True,B,A,10,1,B
4,33381,True,A,B,3,1,A
4,33382,True,A,B,3,1,A
4,33383,True,B,A,1,2,B
4,33384,True,A,B,3,1,A
4,33385,True,A,B,2,0,A
4,33386,True,B,A,0,1,B
4,33387,True,B,A,1,1,B
4,33388,True,A,B,4,1,A
4,33389,True,A,B,1,1,A
4,33390,True,A,B,3,1,A
4,33391,True,B,A,1,2,B
4,33392,True,A,B,0,1,A
4,33393,True,A,B,2,0,A
4,33394,True,A,B,4,1,A
4,33395,True,A,B,4,1,A
4,33396,True,A,B,4,1,A
4,33397,True,B,A,3,1,B
4,33398,True,B,A,0,1,B
4,33399,True,B,A,0,1,B
4,33400,True,A,B,0,1,A
4,33401,True,A,B,6,1,A
4,33402,True,A,B,0,1,A
4,33403,True,B,A,10,1,B
4,33404,True,A,B,2,1,A
4,33405,True,A,B,4,1,A
4,33406,True,A,B,3,1,A
4,33407,True,A,B,4,1,A
4,33408,True,A,B,1,1,A
4,33409,True,B,A,2,0,B
4,33410,True,B,A,1,1,B
4,33411,True,B,A,10,1,B
4,33412,True,B,A,2,0,B
4,33413,True,B,A,10,1,B
4,33414,True,A,B,1,2,A
4,33415,True,B,A,1,2,B
4,33416,True,B,A,2,1,B
4,33417,True,B,A,4,1,B
4,33418,True,A,B,10,1,A
4,33419,True,A,B,6,1,A
4,33420,True,B,A,6,1,B
4,33421,True,B,A,2,0,B
4,33422,True,A,B,6,1,A
4,33423,True,B,A,2,0,B
4,33424,True,A,B,1,2,A
4,33425,True,B,A,1,2,B
4,33426,True,B,A,1,1,B
4,33427,True,B,A,2,1,B
4,33428,True,A,B,2,0,A
4,33429,True,B,A,2,0,B
4,33430,True,A,B,6,1,A
4,33431,True,B,A,10,1,B
4,33432,False,,,,,
4,33433,True,B,A,4,1,B
4,33434,True,A,B,4,1,A
4,33435,True,B,A,4,1,B
4,33436,True,A,B,2,1,A
4,33437,True,A,B,1,2,A
4,33438,True,B,A,10,1,B
4,33439,True,B,A,2,1,B
4,33440,True,B,A,1,1,B
4,33441,True,A,B,10,1,A
4,33442,True,B,A,6,1,B
4,33443,True,A,B,6,1,A
4,33444,True,A,B,0,1,A
4,33445,True,A,B,1,2,A
4,33446,True,B,A,6,1,B
4,33447,True,B,A,3,1,B
4,33448,True,B,A,1,2,B
4,33449,True,B,A,2,0,B
4,33450,True,B,A,3,1,B
4,33451,True,A,B,3,1,A
4,33452,True,B,A,2,0,B
4,33453,True,B,A,2,1,B
4,33454,True,B,A,1,2,B
4,33455,True,B,A,1,1,B
4,33456,True,B,A,3,1,B
4,33457,True,B,A,2,0,B
4,33458,True,B,A,1,1,B
4,33459,True,A,B,6,1,A
4,33460,True,A,B,10,1,A
4,33461,True,A,B,3,1,A
4,33462,True,A,B,4,1,A
4,33463,True,A,B,6,1,A
4,33464,True,B,A,2,0,B
4,33465,True,A,B,4,1,A
4,33466,True,B,A,10,1,B
4,33467,False,,,,,
4,33468,True,A,B,0,1,A
4,33469,True,A,B,3,1,A
4,33470,True,A,B,2,1,A
4,33471,True,A,B,0,1,A
4,33472,True,A,B,1,2,A
4,33473,True,A,B,0,1,A
4,33474,True,B,A,2,1,B
4,33475,True,B,A,0,1,B
4,33476,True,B,A,10,1,B
4,33477,True,A,B,2,0,A
4,33478,True,A,B,2,1,A
4,33479,True,B,A,6,1,B
4,33480,True,B,A,0,1,B
4,33481,True,A,B,1,2,A
4,33482,True,A,B,0,1,A
4,33483,True,A,B,0,1,A
4,33484,True,A,B,3,1,A
4,33485,True,A,B,2,0,A
4,33486,True,B,A,6,1,B
4,33487,True,A,B,2,0,A
4,33488,True,B,A,0,1,B
4,33489,True,A,B,2,1,A
4,33490,True,B,A,3,1,B
4,33491,True,B,A,2,1,B
4,33492,True,B,A,2,0,B
4,33493,True,A,B,6,1,A
4,33494,True,B,A,2,1,B
4,33495,True,A,B,10,1,A
4,33496,True,B,A,4,1,B
4,33497,True,A,B,10,1,A
4,33498,True,A,B,1,1,A
4,33499,True,A,B,1,2,A
4,33500,True,A,B,0,1,A
4,33501,True,B,A,1,1,B
4,33502,True,B,A,1,1,B
4,33503,True,B,A,2,1,B
4,33504,False,,,,,
4,33505,True,A,B,0,1,A
4,33506,True,A,B,3,1,A
4,33507,True,A,B,1,1,A
4,33508,True,A,B,1,2,A
4,33509,True,B,A,3,1,B
4,33510,True,A,B,4,1,A
4,33511,True,B,A,2,1,B
4,33512,True,A,B,3,1,A
4,33513,True,B,A,1,1,B
4,33514,True,B,A,2,0,B
4,33515,True,A,B,0,1,A
4,33516,True,A,B,4,1,A
4,33517,True,A,B,10,1,A
4,33518,True,B,A,1,1,B
4,33519,True,A,B,1,2,A
4,33520,True,A,B,0,1,A
4,33521,True,A,B,2,0,A
4,33522,False,,,,,
4,33523,True,A,B,4,1,A
4,33524,True,B,A,1,1,B
4,33525,True,A,B,1,1,A
4,33526,True,B,A,10,1,B
4,33527,True,A,B,2,1,A
4,33528,True,A,B,2,1,A
4,33529,False,,,,,
4,33530,True,B,A,4,1,B
4,33531,True,A,B,6,1,A
4,33532,True,A,B,4,1,A
4,33533,True,B,A,3,1,B
4,33534,True,A,B,1,1,A
4,33535,True,B,A,2,0,B
4,33536,True,B,A,10,1,B
4,33537,True,B,A,3,1,B
4,33538,True,B,A,4,1,B
4,33539,True,B,A,3,1,B
4,33540,True,A,B,0,1,A
4,33541,True,B,A,0,1,B
4,33542,True,A,B,1,1,A
4,33543,True,B,A,6,1,B
4,33544,True,B,A,6,1,B
4,33545,True,A,B,3,1,A
4,33546,True,A,B,3,1,A
4,33547,True,B,A,2,0,B
4,33548,True,A,B,0,1,A
4,33549,True,B,A,6,1,B
4,33550,True,A,B,1,2,A
4,33551,True,B,A,2,0,B
4,33552,True,A,B,0,1,A
4,33553,True,B,A,10,1,B
4,33554,True,A,B,6,1,A
4,33555,True,B,A,2,0,B
4,33556,True,B,A,3,1,B
4,33557,True,B,A,1,1,B
4,33558,True,B,A,10,1,B
4,33559,True,B,A,6,1,B
4,33560,True,A,B,4,1,A
4,33561,True,B,A,10,1,B
4,33562,True,A,B,6,1,A
4,33563,True,A,B,0,1,A
4,33564,True,B,A,10,1,B
4,33565,False,,,,,
4,33566,True,A,B,2,1,A
4,33567,True,B,A,0,1,B
4,33568,True,A,B,1,1,A
4,33569,True,A,B,2,1,A
4,33570,True,A,B,0,1,A
4,33571,True,A,B,6,1,A
4,33572,True,A,B,10,1,A
4,33573,True,A,B,10,1,A
4,33574,True,B,A,2,1,B
4,33575,True,B,A,1,2,B
4,33576,True,B,A,2,1,B
4,33577,True,A,B,4,1,A
4,33578,True,B,A,4,1,B
4,33579,True,B,A,1,1,B
4,33580,True,B,A,10,1,B
4,33581,True,A,B,1,2,A
4,33582,True,A,B,1,1,A
4,33583,True,B,A,2,0,B
4,33584,True,A,B,2,0,A
4,33585,True,B,A,6,1,B
4,33586,True,A,B,2,1,A
4,33587,True,B,A,3,1,B
4,33588,True,B,A,10,1,B
4,33589,True,A,B,1,2,A
4,33590,True,B,A,6,1,B
4,33591,True,A,B,3,1,A
4,33592,True,A,B,1,2,A
4,33593,False,,,,,
4,33594,True,A,B,1,1,A
4,33595,False,,,,,
4,33596,True,A,B,3,1,A
4,33597,True,A,B,6,1,A
4,33598,True,A,B,2,0,A
4,33599,True,B,A,2,1,B
4,33600,True,A,B,2,1,A
4,33601,True,A,B,6,1,A
4,33602,True,A,B,1,2,A
4,33603,True,B,A,6,1,B
4,33604,True,B,A,3,1,B
4,33605,True,B,A,2,0,B
4,33606,True,B,A,10,1,B
4,33607,True,A,B,1,2,A
4,33608,True,A,B,0,1,A
4,33609,False,,,,,
4,33610,True,A,B,3,1,A
4,33611,True,A,B,1,1,A
4,33612,True,B,A,10,1,B
4,33613,True,A,B,2,0,A
4,33614,False,,,,,
4,33615,True,A,B,1,2,A
4,33616,True,B,A,2,0,B
4,33617,True,A,B,2,1,A
4,33618,True,A,B,2,0,A
4,33619,True,A,B,3,1,A
4,33620,True,B,A,4,1,B
4,33621,True,B,A,6,1,B
4,33622,True,B,A,1,1,B
4,33623,True,A,B,2,1,A
4,33624,True,B,A,0,1,B
4,33625,True,B,A,10,1,B
4,33626,True,B,A,3,1,B
4,33627,True,A,B,10,1,A
4,33628,True,B,A,0,1,B
4,33629,True,B,A,4,1,B
4,33630,True,A,B,2,0,A
4,33631,True,B,A,6,1,B
4,33632,True,B,A,1,2,B
4,33633,True,B,A,1,2,B
4,33634,True,B,A,2,1,B
4,33635,True,A,B,0,1,A
4,33636,True,B,A,2,1,B
4,33637,True,A,B,1,2,A
4,33638,True,A,B,0,1,A
4,33639,True,A,B,1,2,A
4,33640,True,B,A,10,1,B
4,33641,True,B,A,10,1,B
4,33642,False,,,,,
4,33643,False,,,,,
4,33644,True,A,B,10,1,A
4,33645,True,A,B,3,1,A
4,33646,True,A,B,2,0,A
4,33647,True,B,A,2,0,B
4,33648,True,A,B,4,1,A
4,33649,True,A,B,0,1,A
4,33650,True,A,B,1,2,A
4,33651,True,B,A,10,1,B
4,33652,True,B,A,4,1,B
4,33653,True,A,B,10,1,A
4,33654,True,A,B,6,1,A
4,33655,True,A,B,2,1,A
4,33656,True,A,B,2,0,A
4,33657,True,A,B,0,1,A
4,33658,True,A,B,2,1,A
4,33659,True,A,B,1,1,A
4,33660,True,A,B,3,1,A
4,33661,True,A,B,10,1,A
4,33662,True,A,B,2,1,A
4,33663,True,A,B,1,1,A
4,33664,False,,,,,
4,33665,False,,,,,
4,33666,True,A,B,6,1,A
4,33667,False,,,,,
4,33668,True,B,A,2,1,B
4,33669,True,B,A,2,0,B
4,33670,False,,,,,
4,33671,True,A,B,2,0,A
4,33672,True,B,A,2,1,B
4,33673,True,B,A,4,1,B
4,33674,True,B,A,3,1,B
4,33675,True,B,A,6,1,B
4,33676,True,B,A,2,1,B
4,33677,True,A,B,2,0,A
4,33678,True,A,B,3,1,A
4,33679,True,A,B,4,1,A
4,33680,True,A,B,0,1,A
4,33681,True,A,B,3,1,A
4,33682,False,,,,,
4,33683,True,B,A,6,1,B
4,33684,True,B,A,1,2,B
4,33685,True,A,B,2,0,A
4,33686,True,A,B,2,1,A
4,33687,True,A,B,1,1,A
4,33688,True,A,B,1,2,A
4,33689,True,B,A,3,1,B
4,33690,True,A,B,1,2,A
4,33691,True,B,A,3,1,B
4,33692,True,A,B,0,1,A
4,33693,True,A,B,4,1,A
4,33694,False,,,,,
4,33695,True,B,A,0,1,B
4,33696,False,,,,,
4,33697,True,B,A,6,1,B
4,33698,True,B,A,2,1,B
4,33699,True,B,A,1,2,B
4,33700,True,A,B,10,1,A
4,33701,True,A,B,1,2,A
4,33702,True,A,B,0,1,A
4,33703,True,B,A,3,1,B
4,33704,True,B,A,2,1,B
4,33705,False,,,,,
4,33706,True,A,B,3,1,A
4,33707,True,B,A,0,1,B
4,33708,True,B,A,1,2,B
4,33709,True,A,B,10,1,A
4,33710,True,A,B,4,1,A
4,33711,True,A,B,2,0,A
4,33712,True,B,A,10,1,B
4,33713,True,B,A,6,1,B
4,33714,True,A,B,10,1,A
4,33715,True,B,A,3,1,B
4,33716,True,B,A,3,1,B
4,33717,True,B,A,2,0,B
4,33718,True,A,B,1,2,A
4,33719,True,B,A,10,1,B
4,33720,True,B,A,0,1,B
4,33721,True,B,A,1,1,B
4,33722,True,B,A,2,1,B
4,33723,True,A,B,2,0,A
4,33724,True,B,A,2,1,B
4,33725,True,A,B,10,1,A
4,33726,True,B,A,2,0,B
4,33727,True,B,A,2,0,B
4,33728,True,A,B,2,0,A
4,33729,True,A,B,1,2,A
4,33730,True,A,B,10,1,A
4,33731,True,A,B,2,0,A
4,33732,True,B,A,2,0,B
4,33733,True,A,B,1,2,A
4,33734,True,A,B,2,1,A
4,33735,True,B,A,1,1,B
4,33736,True,B,A,1,1,B
4,33737,False,,,,,
4,33738,True,B,A,1,1,B
4,33739,True,B,A,2,0,B
4,33740,True,B,A,0,1,B
4,33741,True,B,A,2,0,B
4,33742,True,A,B,2,1,A
4,33743,True,A,B,3,1,A
4,33744,True,A,B,2,0,A
4,33745,True,B,A,1,2,B
4,33746,True,B,A,0,1,B
4,33747,True,A,B,4,1,A
4,33748,True,A,B,1,2,A
4,33749,True,B,A,3,1,B
4,33750,True,B,A,10,1,B
4,33751,True,A,B,1,1,A
4,33752,True,A,B,10,1,A
4,33753,True,A,B,0,1,A
4,33754,True,A,B,1,2,A
4,33755,True,A,B,10,1,A
4,33756,True,B,A,4,1,B
4,33757,True,A,B,6,1,A
4,33758,True,A,B,1,2,A
4,33759,True,A,B,6,1,A
4,33760,True,B,A,3,1,B
4,33761,True,B,A,1,1,B
4,33762,True,B,A,1,2,B
4,33763,True,A,B,2,0,A
4,33764,True,B,A,2,0,B
4,33765,True,A,B,1,2,A
4,33766,True,A,B,10,1,A
4,33767,True,A,B,2,1,A
4,33768,True,A,B,1,1,A
4,33769,True,B,A,6,1,B
4,33770,True,A,B,4,1,A
4,33771,True,B,A,0,1,B
4,33772,True,B,A,2,1,B
4,33773,True,B,A,3,1,B
4,33774,True,A,B,2,0,A
4,33775,True,B,A,10,1,B
4,33776,True,B,A,6,1,B
4,33777,True,B,A,6,1,B
4,33778,True,A,B,1,2,A
4,33779,True,B,A,10,1,B
4,33780,True,B,A,1,1,B
4,33781,True,B,A,6,1,B
4,33782,True,B,A,0,1,B
4,33783,True,B,A,6,1,B
4,33784,True,A,B,1,1,A
4,33785,True,A,B,0,1,A
4,33786,True,B,A,4,1,B
4,33787,True,A,B,3,1,A
4,33788,True,B,A,10,1,B
4,33789,True,A,B,10,1,A
4,33790,True,A,B,2,0,A
4,33791,True,B,A,0,1,B
4,33792,True,A,B,2,0,A
4,33793,True,B,A,6,1,B
4,33794,True,A,B,2,0,A
4,33795,True,A,B,2,1,A
4,33796,True,A,B,3,1,A
4,33797,True,B,A,2,1,B
4,33798,True,B,A,3,1,B
4,33799,True,A,B,1,2,A
4,33800,False,,,,,
4,33801,True,B,A,1,2,B
4,33802,True,A,B,10,1,A
4,33803,True,B,A,1,1,B
4,33804,True,A,B,3,1,A
4,33805,True,A,B,1,2,A
4,33806,True,B,A,1,2,B
4,33807,True,A,B,2,1,A
4,33808,True,B,A,4,1,B
4,33809,True,A,B,2,1,A
4,33810,True,A,B,3,1,A
4,33811,True,B,A,3,1,B
4,33812,True,B,A,1,2,B
4,33813,True,B,A,10,1,B
4,33814,True,B,A,2,1,B
4,33815,True,A,B,10,1,A
4,33816,True,A,B,2,0,A
4,33817,True,B,A,3,1,B
4,33818,True,A,B,4,1,A
4,33819,True,A,B,2,0,A
4,33820,True,B,A,1,2,B
4,33821,True,B,A,2,0,B
4,33822,True,B,A,10,1,B
4,33823,True,A,B,1,1,A
4,33824,True,B,A,1,1,B
4,33825,True,A,B,2,1,A
4,33826,True,B,A,2,0,B
4,33827,True,A,B,10,1,A
4,33828,True,A,B,4,1,A
4,33829,True,B,A,10,1,B
4,33830,True,B,A,1,1,B
4,33831,True,A,B,1,1,A
4,33832,True,B,A,10,1,B
4,33833,True,B,A,1,1,B
4,33834,True,B,A,4,1,B
4,33835,True,B,A,1,1,B
4,33836,True,A,B,3,1,A
4,33837,True,B,A,1,1,B
4,33838,True,A,B,6,1,A
4,33839,True,B,A,1,1,B
4,33840,True,B,A,4,1,B
4,33841,True,A,B,10,1,A
4,33842,True,B,A,1,1,B
4,33843,True,A,B,1,1,A
4,33844,True,B,A,3,1,B
4,33845,True,A,B,4,1,A
4,33846,True,A,B,1,1,A
4,33847,True,B,A,2,0,B
4,33848,True,A,B,1,1,A
4,33849,True,A,B,10,1,A
4,33850,True,A,B,3,1,A
4,33851,True,A,B,10,1,A
4,33852,True,A,B,2,1,A
4,33853,True,A,B,6,1,A
4,33854,True,B,A,4,1,B
4,33855,True,B,A,1,1,B
4,33856,True,B,A,3,1,B
4,33857,True,A,B,3,1,A
4,33858,True,B,A,1,1,B
4,33859,True,B,A,4,1,B
4,33860,True,B,A,2,0,B
4,33861,True,B,A,3,1,B
4,33862,True,B,A,1,2,B
4,33863,True,A,B,4,1,A
4,33864,True,B,A,3,1,B
4,33865,True,B,A,1,1,B
4,33866,True,A,B,10,1,A
4,33867,True,B,A,2,0,B
4,33868,True,A,B,6,1,A
4,33869,True,A,B,0,1,A
4,33870,True,B,A,10,1,B
4,33871,True,B,A,6,1,B
4,33872,True,B,A,0,1,B
4,33873,False,,,,,
4,33874,True,A,B,0,1,A
4,33875,True,B,A,3,1,B
4,33876,True,B,A,4,1,B
4,33877,True,B,A,2,0,B
4,33878,True,B,A,4,1,B
4,33879,True,B,A,2,0,B
4,33880,True,A,B,2,0,A
4,33881,True,B,A,3,1,B
4,33882,True,B,A,2,0,B
4,33883,True,B,A,2,0,B
4,33884,True,A,B,6,1,A
4,33885,True,B,A,1,2,B
4,33886,True,A,B,10,1,A
4,33887,True,A,B,2,1,A
4,33888,True,A,B,3,1,A
4,33889,True,A,B,10,1,A
4,33890,True,B,A,0,1,B
4,33891,True,B,A,2,0,B
4,33892,True,A,B,2,0,A
4,33893,True,B,A,1,2,B
4,33894,True,B,A,0,1,B
4,33895,True,A,B,10,1,A
4,33896,True,A,B,2,0,A
4,33897,True,B,A,3,1,B
4,33898,True,A,B,0,1,A
4,33899,True,B,A,1,1,B
4,33900,True,B,A,3,1,B
4,33901,True,A,B,0,1,A
4,33902,True,A,B,1,2,A
4,33903,True,B,A,1,1,B
4,33904,True,B,A,1,1,B
4,33905,True,B,A,10,1,B
4,33906,True,B,A,0,1,B
4,33907,True,B,A,2,1,B
4,33908,True,A,B,3,1,A
4,33909,True,B,A,6,1,B
4,33910,True,B,A,6,1,B
4,33911,True,B,A,0,1,B
4,33912,True,B,A,2,0,B
4,33913,False,,,,,
4,33914,True,B,A,6,1,B
4,33915,True,B,A,1,1,B
4,33916,True,B,A,2,1,B
4,33917,True,B,A,2,0,B
4,33918,True,A,B,10,1,A
4,33919,True,B,A,1,2,B
4,33920,True,B,A,2,1,B
4,33921,True,A,B,10,1,A
4,33922,True,A,B,4,1,A
4,33923,True,A,B,0,1,A
4,33924,True,B,A,10,1,B
4,33925,True,A,B,1,1,A
4,33926,True,A,B,6,1,A
4,33927,True,B,A,10,1,B
4,33928,True,B,A,10,1,B
4,33929,True,B,A,2,0,B
4,33930,True,A,B,1,1,A
4,33931,True,A,B,2,0,A
4,33932,True,B,A,2,1,B
4,33933,True,A,B,0,1,A
4,33934,True,A,B,10,1,A
4,33935,True,A,B,1,2,A
4,33936,True,A,B,1,2,A
4,33937,True,B,A,2,0,B
4,33938,True,A,B,2,0,A
4,33939,True,B,A,3,1,B
4,33940,True,B,A,1,1,B
4,33941,True,B,A,3,1,B
4,33942,True,B,A,6,1,B
4,33943,True,A,B,6,1,A
4,33944,True,A,B,4,1,A
4,33945,True,A,B,2,1,A
4,33946,True,B,A,3,1,B
4,33947,True,A,B,6,1,A
4,33948,True,B,A,2,1,B
4,33949,True,B,A,2,1,B
4,33950,True,A,B,1,1,A
4,33951,True,A,B,10,1,A
4,33952,True,A,B,4,1,A
4,33953,True,B,A,10,1,B
4,33954,True,A,B,3,1,A
4,33955,True,A,B,4,1,A
4,33956,True,A,B,1,2,A
4,33957,True,B,A,1,1,B
4,33958,True,A,B,6,1,A
4,33959,True,A,B,10,1,A
4,33960,True,B,A,0,1,B
4,33961,True,A,B,2,0,A
4,33962,True,B,A,2,0,B
4,33963,True,B,A,2,0,B
4,33964,True,A,B,2,1,A
4,33965,True,B,A,10,1,B
4,33966,True,A,B,1,2,A
4,33967,True,B,A,2,1,B
4,33968,True,B,A,2,0,B
4,33969,True,A,B,1,1,A
4,33970,True,A,B,0,1,A
4,33971,False,,,,,
4,33972,True,A,B,1,1,A
4,33973,True,B,A,1,1,B
4,33974,True,A,B,1,1,A
4,33975,True,B,A,6,1,B
4,33976,True,B,A,1,2,B
4,33977,True,B,A,3,1,B
4,33978,True,B,A,1,2,B
4,33979,True,A,B,1,2,A
4,33980,True,A,B,1,1,A
4,33981,True,A,B,1,2,A
4,33982,True,A,B,6,1,A
4,33983,True,A,B,6,1,A
4,33984,True,A,B,2,1,A
4,33985,True,A,B,3,1,A
4,33986,True,A,B,10,1,A
4,33987,True,B,A,2,1,B
4,33988,True,B,A,4,1,B
4,33989,True,B,A,4,1,B
4,33990,True,A,B,1,1,A
4,33991,True,A,B,6,1,A
4,33992,True,A,B,4,1,A
4,33993,True,B,A,0,1,B
4,33994,True,B,A,10,1,B
4,33995,True,A,B,2,1,A
4,33996,True,A,B,3,1,A
4,33997,False,,,,,
4,33998,True,A,B,0,1,A
4,33999,True,B,A,2,1,B
4,34000,True,B,A,6,1,B
4,34001,True,A,B,3,1,A
4,34002,True,A,B,2,1,A
4,34003,True,A,B,0,1,A
4,34004,True,B,A,2,0,B
4,34005,True,A,B,0,1,A
4,34006,True,A,B,6,1,A
4,34007,True,B,A,0,1,B
4,34008,True,A,B,2,0,A
4,34009,True,A,B,1,1,A
4,34010,True,A,B,1,2,A
4,34011,True,A,B,0,1,A
4,34012,True,A,B,1,1,A
4,34013,True,B,A,6,1,B
4,34014,True,B,A,2,1,B
4,34015,True,A,B,0,1,A
4,34016,True,A,B,4,1,A
4,34017,True,B,A,6,1,B
4,34018,True,A,B,3,1,A
4,34019,True,B,A,0,1,B
4,34020,False,,,,,
4,34021,True,B,A,4,1,B
4,34022,True,B,A,6,1,B
4,34023,True,A,B,2,0,A
4,34024,True,B,A,2,1,B
4,34025,True,B,A,2,1,B
4,34026,True,B,A,1,1,B
4,34027,True,B,A,10,1,B
4,34028,True,B,A,4,1,B
4,34029,True,B,A,1,2,B
4,34030,True,B,A,1,1,B
4,34031,True,A,B,6,1,A
4,34032,True,A,B,6,1,A
4,34033,True,A,B,10,1,A
4,34034,True,B,A,1,1,B
4,34035,True,B,A,2,0,B
4,34036,True,B,A,2,1,B
4,34037,True,A,B,1,2,A
4,34038,True,A,B,1,1,A
4,34039,True,B,A,10,1,B
4,34040,True,A,B,6,1,A
4,34041,True,A,B,10,1,A
4,34042,True,A,B,2,0,A
4,34043,True,A,B,1,2,A
4,34044,True,B,A,4,1,B
4,34045,True,B,A,10,1,B
4,34046,False,,,,,
4,34047,True,B,A,1,2,B
4,34048,False,,,,,
4,34049,True,A,B,4,1,A
4,34050,True,A,B,2,1,A
4,34051,True,A,B,1,2,A
4,34052,True,B,A,1,1,B
4,34053,True,A,B,10,1,A
4,34054,True,A,B,3,1,A
4,34055,True,A,B,6,1,A
4,34056,True,A,B,1,2,A
4,34057,True,A,B,6,1,A
4,34058,True,B,A,10,1,B
4,34059,True,A,B,10,1,A
4,34060,True,A,B,0,1,A
4,34061,True,A,B,10,1,A
4,34062,True,B,A,2,0,B
4,34063,True,A,B,10,1,A
4,34064,True,A,B,2,1,A
4,34065,True,A,B,2,0,A
4,34066,True,B,A,2,1,B
4,34067,True,B,A,1,1,B
4,34068,True,B,A,1,1,B
4,34069,True,A,B,10,1,A
4,34070,True,A,B,0,1,A
4,34071,True,A,B,2,0,A
4,34072,True,B,A,0,1,B
4,34073,True,A,B,2,0,A
4,34074,True,A,B,1,1,A
4,34075,True,A,B,3,1,A
4,34076,True,A,B,1,2,A
4,34077,True,A,B,1,1,A
4,34078,True,A,B,4,1,A
4,34079,True,B,A,2,0,B
4,34080,True,B,A,10,1,B
4,34081,False,,,,,
4,34082,True,A,B,4,1,A
4,34083,True,A,B,6,1,A
4,34084,True,A,B,1,1,A
4,34085,False,,,,,
4,34086,True,B,A,2,1,B
4,34087,True,B,A,1,1,B
4,34088,True,B,A,6,1,B
4,34089,True,B,A,4,1,B
4,34090,True,A,B,2,1,A
4,34091,True,A,B,1,1,A
4,34092,True,A,B,10,1,A
4,34093,True,B,A,1,1,B
4,34094,True,B,A,10,1,B
4,34095,True,B,A,6,1,B
4,34096,True,A,B,4,1,A
4,34097,True,B,A,10,1,B
4,34098,True,A,B,10,1,A
4,34099,True,A,B,4,1,A
4,34100,True,B,A,6,1,B
4,34101,True,B,A,1,2,B
4,34102,True,B,A,1,2,B
4,34103,True,A,B,1,2,A
4,34104,False,,,,,
4,34105,True,A,B,6,1,A
4,34106,True,A,B,10,1,A
4,34107,True,A,B,1,1,A
4,34108,True,B,A,3,1,B
4,34109,True,A,B,10,1,A
4,34110,True,B,A,6,1,B
4,34111,False,,,,,
4,34112,True,A,B,0,1,A
4,34113,True,B,A,1,1,B
4,34114,True,B,A,2,0,B
4,34115,True,A,B,10,1,A
4,34116,False,,,,,
4,34117,False,,,,,
4,34118,True,B,A,6,1,B
4,34119,True,B,A,6,1,B
4,34120,True,B,A,4,1,B
4,34121,True,A,B,1,1,A
4,34122,True,B,A,2,0,B
4,34123,True,B,A,1,1,B
4,34124,True,A,B,2,0,A
4,34125,False,,,,,
4,34126,True,B,A,2,1,B
4,34127,True,A,B,0,1,A
4,34128,True,A,B,2,1,A
4,34129,True,B,A,1,2,B
4,34130,True,A,B,2,1,A
4,34131,True,A,B,3,1,A
4,34132,True,A,B,10,1,A
4,34133,True,B,A,10,1,B
4,34134,True,A,B,0,1,A
4,34135,True,A,B,1,1,A
4,34136,True,B,A,2,0,B
4,34137,True,A,B,2,1,A
4,34138,True,B,A,4,1,B
4,34139,False,,,,,
4,34140,True,A,B,1,1,A
4,34141,True,B,A,2,0,B
4,34142,True,A,B,1,2,A
4,34143,True,A,B,10,1,A
4,34144,True,A,B,0,1,A
4,34145,True,B,A,10,1,B
4,34146,True,B,A,3,1,B
4,34147,True,A,B,1,1,A
4,34148,False,,,,,
4,34149,True,A,B,1,1,A
4,34150,False,,,,,
4,34151,True,A,B,1,2,A
4,34152,True,B,A,3,1,B
4,34153,True,A,B,0,1,A
4,34154,True,A,B,1,1,A
4,34155,True,A,B,2,0,A
4,34156,True,A,B,2,1,A
4,34157,True,A,B,0,1,A
4,34158,True,A,B,1,1,A
4,34159,True,B,A,10,1,B
4,34160,True,B,A,10,1,B
4,34161,True,B,A,2,1,B
4,34162,True,B,A,4,1,B
4,34163,True,B,A,4,1,B
4,34164,True,B,A,10,1,B
4,34165,True,B,A,2,1,B
4,34166,True,B,A,3,1,B
4,34167,True,A,B,2,0,A
4,34168,True,B,A,3,1,B
4,34169,True,A,B,4,1,A
4,34170,True,A,B,3,1,A
4,34171,True,A,B,1,1,A
4,34172,True,A,B,4,1,A
4,34173,True,A,B,10,1,A
4,34174,True,B,A,2,0,B
4,34175,True,A,B,2,1,A
4,34176,True,A,B,6,1,A
4,34177,True,A,B,2,1,A
4,34178,True,A,B,0,1,A
4,34179,True,B,A,2,1,B
4,34180,True,B,A,2,0,B
4,34181,True,B,A,2,1,B
4,34182,True,A,B,2,1,A
4,34183,True,A,B,10,1,A
4,34184,True,A,B,10,1,A
4,34185,True,A,B,6,1,A
4,34186,False,,,,,
4,34187,True,B,A,1,2,B
4,34188,True,A,B,0,1,A
4,34189,True,A,B,4,1,A
4,34190,True,B,A,1,2,B
4,34191,True,A,B,2,1,A
4,34192,True,A,B,1,2,A
4,34193,True,B,A,2,1,B
4,34194,True,B,A,10,1,B
4,34195,True,A,B,2,0,A
4,34196,True,A,B,4,1,A
4,34197,True,A,B,2,1,A
4,34198,True,A,B,3,1,A
4,34199,True,B,A,1,2,B
4,34200,True,B,A,3,1,B
4,34201,True,A,B,2,0,A
4,34202,True,A,B,1,1,A
4,34203,True,A,B,6,1,A
4,34204,True,B,A,10,1,B
4,34205,True,B,A,2,1,B
4,34206,True,B,A,3,1,B
4,34207,True,B,A,10,1,B
4,34208,True,A,B,6,1,A
4,34209,True,A,B,1,2,A
4,34210,True,A,B,1,2,A
4,34211,True,B,A,3,1,B
4,34212,True,B,A,1,1,B
4,34213,True,A,B,0,1,A
4,34214,True,A,B,1,2,A
4,34215,True,A,B,1,2,A
4,34216,True,B,A,0,1,B
4,34217,True,B,A,6,1,B
4,34218,True,B,A,2,0,B
4,34219,True,B,A,3,1,B
4,34220,True,A,B,2,1,A
4,34221,False,,,,,
4,34222,True,B,A,2,0,B
4,34223,True,A,B,2,1,A
4,34224,True,A,B,0,1,A
4,34225,True,B,A,3,1,B
4,34226,True,B,A,6,1,B
4,34227,True,A,B,1,1,A
4,34228,True,A,B,4,1,A
4,34229,False,,,,,
4,34230,True,A,B,0,1,A
4,34231,True,A,B,2,0,A
4,34232,True,A,B,1,1,A
4,34233,True,A,B,4,1,A
4,34234,True,A,B,2,1,A
4,34235,True,B,A,2,0,B
4,34236,True,A,B,10,1,A
4,34237,True,B,A,0,1,B
4,34238,True,A,B,1,1,A
4,34239,True,B,A,1,1,B
4,34240,True,A,B,6,1,A
4,34241,True,A,B,0,1,A
4,34242,True,B,A,3,1,B
4,34243,True,B,A,1,2,B
4,34244,True,A,B,2,1,A
4,34245,True,B,A,10,1,B
4,34246,True,B,A,2,0,B
4,34247,True,B,A,4,1,B
4,34248,True,A,B,0,1,A
4,34249,True,A,B,10,1,A
4,34250,False,,,,,
4,34251,True,B,A,3,1,B
4,34252,True,A,B,2,1,A
4,34253,True,A,B,1,1,A
4,34254,True,B,A,6,1,B
4,34255,True,A,B,0,1,A
4,34256,True,A,B,0,1,A
4,34257,True,A,B,2,1,A
4,34258,True,B,A,6,1,B
4,34259,True,B,A,4,1,B
4,34260,True,A,B,1,1,A
4,34261,True,B,A,10,1,B
4,34262,True,A,B,2,1,A
4,34263,True,B,A,2,1,B
4,34264,False,,,,,
4,34265,True,B,A,6,1,B
4,34266,True,B,A,3,1,B
4,34267,True,A,B,0,1,A
4,34268,True,A,B,3,1,A
4,34269,True,A,B,10,1,A
4,34270,True,A,B,4,1,A
4,34271,True,A,B,4,1,A
4,34272,True,A,B,2,0,A
4,34273,True,A,B,4,1,A
4,34274,True,B,A,1,2,B
4,34275,True,B,A,6,1,B
4,34276,True,A,B,1,1,A
4,34277,True,B,A,4,1,B
4,34278,True,B,A,1,2,B
4,34279,True,B,A,4,1,B
4,34280,False,,,,,
4,34281,True,A,B,3,1,A
4,34282,True,A,B,4,1,A
4,34283,True,B,A,2,0,B
4,34284,True,A,B,2,1,A
4,34285,True,B,A,1,1,B
4,34286,True,A,B,2,0,A
4,34287,True,A,B,0,1,A
4,34288,True,B,A,2,0,B
4,34289,True,A,B,10,1,A
4,34290,True,B,A,6,1,B
4,34291,True,A,B,1,2,A
4,34292,True,A,B,1,1,A
4,34293,True,B,A,0,1,B
4,34294,True,B,A,3,1,B
4,34295,True,A,B,2,1,A
4,34296,True,A,B,10,1,A
4,34297,True,A,B,3,1,A
4,34298,True,A,B,2,1,A
4,34299,True,B,A,0,1,B
4,34300,True,B,A,2,0,B
4,34301,True,B,A,1,1,B
4,34302,True,A,B,6,1,A
4,34303,True,B,A,6,1,B
4,34304,True,B,A,6,1,B
4,34305,True,A,B,2,1,A
4,34306,True,B,A,1,1,B
4,34307,True,B,A,3,1,B
4,34308,False,,,,,
4,34309,True,B,A,1,2,B
4,34310,True,A,B,1,1,A
4,34311,True,B,A,1,1,B
4,34312,True,B,A,2,0,B
4,34313,True,A,B,2,1,A
4,34314,True,A,B,4,1,A
4,34315,True,B,A,3,1,B
4,34316,False,,,,,
4,34317,True,A,B,10,1,A
4,34318,True,B,A,2,0,B
4,34319,True,A,B,6,1,A
4,34320,True,A,B,0,1,A
4,34321,True,A,B,0,1,A
4,34322,True,B,A,3,1,B
4,34323,False,,,,,
4,34324,True,A,B,4,1,A
4,34325,True,A,B,1,1,A
4,34326,False,,,,,
4,34327,True,A,B,2,1,A
4,34328,True,A,B,3,1,A
4,34329,True,B,A,1,1,B
4,34330,True,A,B,2,1,A
4,34331,True,A,B,1,2,A
4,34332,True,B,A,6,1,B
4,34333,True,A,B,2,0,A
4,34334,True,A,B,1,2,A
4,34335,True,B,A,4,1,B
4,34336,True,A,B,4,1,A
4,34337,True,A,B,3,1,A
4,34338,True,A,B,0,1,A
4,34339,True,A,B,2,0,A
4,34340,True,B,A,1,2,B
4,34341,True,A,B,6,1,A
4,34342,True,B,A,4,1,B
4,34343,False,,,,,
4,34344,True,A,B,10,1,A
4,34345,True,B,A,3,1,B
4,34346,True,A,B,1,1,A
4,34347,True,B,A,2,0,B
4,34348,True,B,A,2,1,B
4,34349,True,A,B,4,1,A
4,34350,True,A,B,2,1,A
4,34351,True,A,B,4,1,A
4,34352,True,A,B,4,1,A
4,34353,True,B,A,6,1,B
4,34354,True,B,A,1,2,B
4,34355,True,B,A,2,1,B
4,34356,True,B,A,3,1,B
4,34357,True,B,A,4,1,B
4,34358,True,A,B,2,1,A
4,34359,True,B,A,2,1,B
4,34360,True,A,B,10,1,A
4,34361,True,A,B,0,1,A
4,34362,True,A,B,2,0,A
4,34363,True,A,B,6,1,A
4,34364,True,A,B,10,1,A
4,34365,True,B,A,6,1,B
4,34366,True,A,B,0,1,A
4,34367,True,B,A,2,1,B
4,34368,True,B,A,0,1,B
4,34369,True,A,B,2,1,A
4,34370,True,A,B,0,1,A
4,34371,False,,,,,
4,34372,True,B,A,2,0,B
4,34373,True,B,A,3,1,B
4,34374,True,A,B,0,1,A
4,34375,True,A,B,4,1,A
4,34376,True,B,A,6,1,B
4,34377,True,A,B,4,1,A
4,34378,True,A,B,10,1,A
4,34379,True,A,B,6,1,A
4,34380,True,A,B,1,1,A
4,34381,False,,,,,
4,34382,False,,,,,
4,34383,True,A,B,1,1,A
4,34384,True,A,B,3,1,A
4,34385,True,B,A,2,1,B
4,34386,True,B,A,2,1,B
4,34387,True,B,A,0,1,B
4,34388,True,A,B,10,1,A
4,34389,True,A,B,4,1,A
4,34390,True,B,A,3,1,B
4,34391,True,B,A,1,1,B
4,34392,True,A,B,0,1,A
4,34393,True,A,B,1,2,A
4,34394,True,B,A,6,1,B
4,34395,True,B,A,3,1,B
4,34396,True,B,A,4,1,B
4,34397,True,A,B,1,1,A
4,34398,True,A,B,4,1,A
4,34399,True,A,B,2,0,A
4,34400,True,B,A,4,1,B
4,34401,True,A,B,2,1,A
4,34402,False,,,,,
4,34403,True,B,A,3,1,B
4,34404,True,B,A,10,1,B
4,34405,True,B,A,1,1,B
4,34406,True,B,A,3,1,B
4,34407,True,B,A,2,1,B
4,34408,True,A,B,10,1,A
4,34409,True,B,A,1,1,B
4,34410,True,B,A,6,1,B
4,34411,True,A,B,3,1,A
4,34412,True,A,B,10,1,A
4,34413,True,A,B,1,2,A
4,34414,True,B,A,2,0,B
4,34415,False,,,,,
4,34416,True,B,A,1,1,B
4,34417,True,A,B,1,1,A
4,34418,True,A,B,4,1,A
4,34419,True,B,A,2,0,B
4,34420,True,B,A,1,2,B
4,34421,True,A,B,1,2,A
4,34422,True,A,B,1,1,A
4,34423,True,A,B,1,1,A
4,34424,True,A,B,0,1,A
4,34425,True,B,A,4,1,B
4,34426,True,A,B,4,1,A
4,34427,True,A,B,2,1,A
4,34428,True,A,B,0,1,A
4,34429,True,A,B,10,1,A
4,34430,True,A,B,4,1,A
4,34431,True,B,A,4,1,B
4,34432,True,B,A,10,1,B
4,34433,True,A,B,10,1,A
4,34434,True,A,B,3,1,A
4,34435,True,A,B,6,1,A
4,34436,False,,,,,
4,34437,False,,,,,
4,34438,True,B,A,4,1,B
4,34439,True,B,A,1,1,B
4,34440,True,B,A,4,1,B
4,34441,True,A,B,3,1,A
4,34442,True,A,B,6,1,A
4,34443,True,B,A,4,1,B
4,34444,True,A,B,0,1,A
4,34445,True,A,B,4,1,A
4,34446,True,A,B,2,1,A
4,34447,True,A,B,1,2,A
4,34448,True,B,A,4,1,B
4,34449,True,A,B,2,0,A
4,34450,True,B,A,1,1,B
4,34451,False,,,,,
4,34452,True,B,A,10,1,B
4,34453,True,A,B,2,1,A
4,34454,True,A,B,3,1,A
4,34455,True,A,B,10,1,A
4,34456,True,B,A,1,1,B
4,34457,True,A,B,1,1,A
4,34458,False,,,,,
4,34459,True,A,B,1,2,A
4,34460,True,B,A,0,1,B
4,34461,True,B,A,2,1,B
4,34462,True,B,A,2,1,B
4,34463,True,B,A,2,0,B
4,34464,False,,,,,
4,34465,True,B,A,0,1,B
4,34466,True,B,A,4,1,B
4,34467,True,A,B,0,1,A
4,34468,True,A,B,1,2,A
4,34469,True,B,A,1,2,B
4,34470,True,A,B,1,1,A
4,34471,True,B,A,4,1,B
4,34472,True,A,B,10,1,A
4,34473,True,A,B,2,1,A
4,34474,True,A,B,2,1,A
4,34475,True,A,B,6,1,A
4,34476,True,A,B,1,1,A
4,34477,True,A,B,10,1,A
4,34478,True,B,A,4,1,B
4,34479,True,B,A,6,1,B
4,34480,True,A,B,4,1,A
4,34481,True,A,B,1,2,A
4,34482,True,A,B,4,1,A
4,34483,True,B,A,4,1,B
4,34484,True,A,B,10,1,A
4,34485,True,A,B,1,2,A
4,34486,True,A,B,1,1,A
4,34487,True,B,A,1,1,B
4,34488,True,B,A,0,1,B
4,34489,True,A,B,1,2,A
4,34490,True,B,A,10,1,B
4,34491,True,B,A,2,0,B
4,34492,False,,,,,
4,34493,True,B,A,4,1,B
4,34494,True,B,A,2,0,B
4,34495,True,A,B,1,2,A
4,34496,True,A,B,1,2,A
4,34497,True,A,B,10,1,A
4,34498,True,A,B,4,1,A
4,34499,True,B,A,4,1,B
4,34500,False,,,,,
4,34501,True,A,B,4,1,A
4,34502,True,B,A,1,1,B
4,34503,True,A,B,6,1,A
4,34504,True,B,A,4,1,B
4,34505,True,A,B,10,1,A
4,34506,False,,,,,
4,34507,True,B,A,2,0,B
4,34508,True,B,A,6,1,B
4,34509,True,A,B,2,0,A
4,34510,True,A,B,1,2,A
4,34511,True,B,A,6,1,B
4,34512,True,B,A,6,1,B
4,34513,True,B,A,10,1,B
4,34514,True,B,A,1,1,B
4,34515,True,B,A,6,1,B
4,34516,True,B,A,2,0,B
4,34517,True,A,B,4,1,A
4,34518,True,B,A,10,1,B
4,34519,True,A,B,4,1,A
4,34520,True,A,B,0,1,A
4,34521,True,A,B,0,1,A
4,34522,True,B,A,1,1,B
4,34523,True,A,B,6,1,A
4,34524,True,A,B,3,1,A
4,34525,True,B,A,0,1,B
4,34526,True,B,A,3,1,B
4,34527,True,A,B,10,1,A
4,34528,True,B,A,4,1,B
4,34529,True,A,B,2,1,A
4,34530,True,B,A,1,2,B
4,34531,True,B,A,1,1,B
4,34532,True,A,B,1,1,A
4,34533,True,B,A,0,1,B
4,34534,True,B,A,6,1,B
4,34535,True,A,B,2,1,A
4,34536,True,A,B,2,1,A
4,34537,True,B,A,2,0,B
4,34538,True,B,A,10,1,B
4,34539,True,B,A,10,1,B
4,34540,True,A,B,3,1,A
4,34541,True,B,A,6,1,B
4,34542,True,A,B,2,1,A
4,34543,True,A,B,2,0,A
4,34544,True,A,B,1,2,A
4,34545,True,A,B,2,1,A
4,34546,True,A,B,4,1,A
4,34547,True,A,B,1,2,A
4,34548,True,A,B,0,1,A
4,34549,True,B,A,1,2,B
4,34550,True,A,B,6,1,A
4,34551,True,A,B,3,1,A
4,34552,False,,,,,
4,34553,True,B,A,1,2,B
4,34554,True,B,A,4,1,B
4,34555,True,B,A,4,1,B
4,34556,True,A,B,0,1,A
4,34557,True,B,A,10,1,B
4,34558,True,A,B,1,2,A
4,34559,True,A,B,6,1,A
4,34560,True,A,B,1,2,A
4,34561,True,A,B,6,1,A
4,34562,True,A,B,2,0,A
4,34563,True,A,B,6,1,A
4,34564,False,,,,,
4,34565,True,A,B,6,1,A
4,34566,True,B,A,1,1,B
4,34567,False,,,,,
4,34568,True,A,B,10,1,A
4,34569,True,A,B,6,1,A
4,34570,True,B,A,1,2,B
4,34571,True,B,A,10,1,B
4,34572,True,A,B,6,1,A
4,34573,True,A,B,2,0,A
4,34574,True,A,B,2,1,A
4,34575,True,A,B,4,1,A
4,34576,True,B,A,0,1,B
4,34577,True,A,B,3,1,A
4,34578,True,A,B,6,1,A
4,34579,True,A,B,0,1,A
4,34580,True,B,A,4,1,B
4,34581,True,B,A,1,2,B
4,34582,True,B,A,10,1,B
4,34583,True,B,A,10,1,B
4,34584,True,A,B,3,1,A
4,34585,True,B,A,2,1,B
4,34586,True,B,A,2,0,B
4,34587,True,B,A,10,1,B
4,34588,True,A,B,6,1,A
4,34589,True,B,A,2,0,B
4,34590,True,A,B,0,1,A
4,34591,True,A,B,10,1,A
4,34592,True,A,B,6,1,A
4,34593,True,B,A,3,1,B
4,34594,True,B,A,3,1,B
4,34595,True,A,B,2,0,A
4,34596,True,A,B,2,0,A
4,34597,True,B,A,6,1,B
4,34598,True,B,A,0,1,B
4,34599,True,B,A,2,1,B
4,34600,True,A,B,2,1,A
4,34601,True,B,A,2,0,B
4,34602,True,A,B,1,2,A
4,34603,True,A,B,0,1,A
4,34604,False,,,,,
4,34605,True,B,A,2,0,B
4,34606,True,A,B,10,1,A
4,34607,True,B,A,10,1,B
4,34608,True,A,B,3,1,A
4,34609,True,A,B,1,2,A
4,34610,True,A,B,2,0,A
4,34611,True,B,A,1,1,B
4,34612,True,A,B,0,1,A
4,34613,True,B,A,2,0,B
4,34614,True,A,B,3,1,A
4,34615,True,A,B,1,2,A
4,34616,True,B,A,2,0,B
4,34617,True,B,A,6,1,B
4,34618,True,A,B,10,1,A
4,34619,True,A,B,1,1,A
4,34620,True,A,B,1,1,A
4,34621,True,A,B,2,0,A
4,34622,True,A,B,1,1,A
4,34623,True,B,A,1,1,B
4,34624,True,A,B,0,1,A
4,34625,True,B,A,4,1,B
4,34626,True,A,B,2,1,A
4,34627,True,B,A,6,1,B
4,34628,True,B,A,1,2,B
4,34629,True,B,A,2,1,B
4,34630,True,A,B,2,0,A
4,34631,True,B,A,2,1,B
4,34632,True,A,B,2,1,A
4,34633,True,B,A,6,1,B
4,34634,True,B,A,2,1,B
4,34635,True,B,A,2,1,B
4,34636,True,A,B,2,0,A
4,34637,True,A,B,6,1,A
4,34638,True,A,B,6,1,A
4,34639,True,A,B,1,2,A
4,34640,True,A,B,2,1,A
4,34641,True,B,A,3,1,B
4,34642,True,A,B,10,1,A
4,34643,True,B,A,1,2,B
4,34644,True,B,A,10,1,B
4,34645,True,A,B,10,1,A
4,34646,True,A,B,3,1,A
4,34647,True,B,A,6,1,B
4,34648,True,A,B,0,1,A
4,34649,True,B,A,10,1,B
4,34650,True,B,A,10,1,B
4,34651,True,B,A,4,1,B
4,34652,True,A,B,1,1,A
4,34653,True,A,B,10,1,A
4,34654,True,A,B,0,1,A
4,34655,True,A,B,2,1,A
4,34656,True,B,A,3,1,B
4,34657,True,A,B,0,1,A
4,34658,True,B,A,3,1,B
4,34659,True,A,B,1,1,A
4,34660,True,A,B,2,1,A
4,34661,True,A,B,0,1,A
4,34662,True,A,B,2,1,A
4,34663,True,B,A,2,0,B
4,34664,True,B,A,10,1,B
4,34665,True,B,A,4,1,B
4,34666,True,B,A,4,1,B
4,34667,True,A,B,0,1,A
4,34668,True,B,A,3,1,B
4,34669,True,B,A,6,1,B
4,34670,True,A,B,0,1,A
4,34671,True,A,B,1,2,A
4,34672,True,A,B,1,2,A
4,34673,True,A,B,3,1,A
4,34674,True,A,B,2,0,A
4,34675,True,A,B,0,1,A
4,34676,True,A,B,6,1,A
4,34677,True,B,A,1,2,B
4,34678,True,B,A,2,0,B
4,34679,True,A,B,6,1,A
4,34680,True,A,B,4,1,A
4,34681,True,A,B,3,1,A
4,34682,True,B,A,4,1,B
4,34683,True,B,A,4,1,B
4,34684,True,A,B,2,0,A
4,34685,True,B,A,2,0,B
4,34686,True,A,B,1,1,A
4,34687,True,A,B,3,1,A
4,34688,True,B,A,1,1,B
4,34689,True,B,A,3,1,B
4,34690,False,,,,,
4,34691,True,B,A,3,1,B
4,34692,True,B,A,2,0,B
4,34693,True,B,A,6,1,B
4,34694,True,B,A,0,1,B
4,34695,True,B,A,10,1,B
4,34696,True,A,B,0,1,A
4,34697,True,A,B,4,1,A
4,34698,True,B,A,4,1,B
4,34699,True,B,A,10,1,B
4,34700,True,A,B,1,1,A
4,34701,True,A,B,2,1,A
4,34702,True,B,A,10,1,B
4,34703,False,,,,,
4,34704,True,B,A,1,2,B
4,34705,True,B,A,2,0,B
4,34706,True,A,B,6,1,A
4,34707,True,B,A,6,1,B
4,34708,False,,,,,
4,34709,True,A,B,1,2,A
4,34710,True,A,B,6,1,A
4,34711,True,B,A,2,1,B
4,34712,True,B,A,1,2,B
4,34713,True,A,B,4,1,A
4,34714,True,A,B,3,1,A
4,34715,True,A,B,0,1,A
4,34716,False,,,,,
4,34717,True,A,B,10,1,A
4,34718,True,B,A,1,2,B
4,34719,True,B,A,6,1,B
4,34720,True,B,A,6,1,B
4,34721,True,B,A,4,1,B
4,34722,False,,,,,
4,34723,True,A,B,3,1,A
4,34724,True,A,B,1,2,A
4,34725,True,A,B,6,1,A
4,34726,True,A,B,3,1,A
4,34727,True,A,B,4,1,A
4,34728,True,B,A,6,1,B
4,34729,True,B,A,1,1,B
4,34730,True,B,A,6,1,B
4,34731,True,A,B,1,2,A
4,34732,True,A,B,0,1,A
4,34733,True,A,B,2,0,A
4,34734,True,A,B,2,0,A
4,34735,True,A,B,4,1,A
4,34736,True,B,A,3,1,B
4,34737,True,A,B,1,2,A
4,34738,True,A,B,1,2,A
4,34739,False,,,,,
4,34740,True,B,A,10,1,B
4,34741,True,B,A,3,1,B
4,34742,True,A,B,10,1,A
4,34743,True,B,A,6,1,B
4,34744,True,B,A,0,1,B
4,34745,True,B,A,3,1,B
4,34746,False,,,,,
4,34747,False,,,,,
4,34748,True,A,B,2,1,A
4,34749,False,,,,,
4,34750,True,A,B,6,1,A
4,34751,True,B,A,6,1,B
4,34752,True,B,A,2,1,B
4,34753,True,B,A,1,1,B
4,34754,True,A,B,2,0,A
4,34755,True,A,B,3,1,A
4,34756,True,B,A,6,1,B
4,34757,True,B,A,10,1,B
4,34758,True,B,A,3,1,B
4,34759,True,A,B,2,0,A
4,34760,True,A,B,1,1,A
4,34761,True,B,A,6,1,B
4,34762,True,A,B,2,1,A
4,34763,True,B,A,3,1,B
4,34764,True,A,B,1,2,A
4,34765,True,A,B,10,1,A
4,34766,True,A,B,6,1,A
4,34767,True,B,A,2,0,B
4,34768,True,A,B,0,1,A
4,34769,True,A,B,4,1,A
4,34770,True,B,A,10,1,B
4,34771,True,A,B,6,1,A
4,34772,True,A,B,6,1,A
4,34773,True,A,B,6,1,A
4,34774,True,B,A,10,1,B
4,34775,True,A,B,3,1,A
4,34776,True,A,B,1,2,A
4,34777,True,A,B,4,1,A
4,34778,True,A,B,1,2,A
4,34779,True,B,A,2,1,B
4,34780,True,A,B,6,1,A
4,34781,True,A,B,2,1,A
4,34782,True,A,B,1,1,A
4,34783,True,B,A,10,1,B
4,34784,True,A,B,1,2,A
4,34785,True,A,B,3,1,A
4,34786,True,B,A,6,1,B
4,34787,True,B,A,10,1,B
4,34788,True,A,B,1,1,A
4,34789,True,A,B,2,1,A
4,34790,True,B,A,6,1,B
4,34791,True,A,B,2,0,A
4,34792,True,A,B,1,2,A
4,34793,True,B,A,4,1,B
4,34794,True,B,A,2,1,B
4,34795,True,B,A,1,2,B
4,34796,True,A,B,0,1,A
4,34797,True,B,A,3,1,B
4,34798,True,A,B,2,1,A
4,34799,True,A,B,2,1,A
4,34800,True,A,B,3,1,A
4,34801,True,B,A,2,1,B
4,34802,True,B,A,10,1,B
4,34803,True,B,A,1,1,B
4,34804,True,A,B,10,1,A
4,34805,True,A,B,1,2,A
4,34806,True,A,B,2,1,A
4,34807,True,B,A,0,1,B
4,34808,True,A,B,1,1,A
4,34809,False,,,,,
4,34810,True,A,B,1,1,A
4,34811,True,A,B,4,1,A
4,34812,True,A,B,1,2,A
4,34813,True,A,B,10,1,A
4,34814,True,B,A,1,1,B
4,34815,True,B,A,6,1,B
4,34816,True,B,A,4,1,B
4,34817,True,A,B,4,1,A
4,34818,True,B,A,3,1,B
4,34819,True,B,A,2,0,B
4,34820,True,B,A,2,1,B
4,34821,True,A,B,1,1,A
4,34822,True,B,A,2,0,B
4,34823,True,B,A,10,1,B
4,34824,True,B,A,2,0,B
4,34825,True,B,A,0,1,B
4,34826,True,B,A,4,1,B
4,34827,True,A,B,10,1,A
4,34828,True,B,A,2,0,B
4,34829,True,A,B,3,1,A
4,34830,True,B,A,1,1,B
4,34831,True,B,A,2,1,B
4,34832,True,B,A,10,1,B
4,34833,True,B,A,1,1,B
4,34834,True,B,A,10,1,B
4,34835,True,B,A,3,1,B
4,34836,True,A,B,10,1,A
4,34837,True,A,B,10,1,A
4,34838,True,A,B,3,1,A
4,34839,True,B,A,2,1,B
4,34840,True,B,A,4,1,B
4,34841,True,B,A,2,1,B
4,34842,True,A,B,4,1,A
4,34843,True,B,A,6,1,B
4,34844,True,A,B,6,1,A
4,34845,False,,,,,
4,34846,True,A,B,1,2,A
4,34847,True,B,A,4,1,B
4,34848,False,,,,,
4,34849,True,A,B,3,1,A
4,34850,True,A,B,1,2,A
4,34851,True,B,A,1,2,B
4,34852,False,,,,,
4,34853,True,A,B,2,0,A
4,34854,True,B,A,1,2,B
4,34855,True,B,A,4,1,B
4,34856,True,B,A,3,1,B
4,34857,True,B,A,3,1,B
4,34858,True,A,B,6,1,A
4,34859,True,A,B,1,2,A
4,34860,True,B,A,4,1,B
4,34861,True,A,B,1,2,A
4,34862,True,B,A,10,1,B
4,34863,True,B,A,10,1,B
4,34864,True,A,B,1,1,A
4,34865,True,A,B,3,1,A
4,34866,True,B,A,6,1,B
4,34867,True,A,B,2,0,A
4,34868,False,,,,,
4,34869,True,A,B,2,0,A
4,34870,True,A,B,0,1,A
4,34871,True,A,B,10,1,A
4,34872,True,A,B,2,0,A
4,34873,False,,,,,
4,34874,False,,,,,
4,34875,True,B,A,3,1,B
4,34876,True,A,B,1,1,A
4,34877,True,A,B,10,1,A
4,34878,True,A,B,2,1,A
4,34879,True,B,A,6,1,B
4,34880,True,B,A,3,1,B
4,34881,True,B,A,2,1,B
4,34882,True,B,A,6,1,B
4,34883,True,B,A,10,1,B
4,34884,True,A,B,4,1,A
4,34885,True,A,B,2,1,A
4,34886,True,A,B,1,2,A
4,34887,True,A,B,10,1,A
4,34888,True,B,A,10,1,B
4,34889,True,A,B,3,1,A
4,34890,True,A,B,1,1,A
4,34891,True,B,A,2,0,B
4,34892,True,B,A,4,1,B
4,34893,True,B,A,2,0,B
4,34894,True,B,A,2,1,B
4,34895,True,A,B,6,1,A
4,34896,True,A,B,0,1,A
4,34897,True,B,A,1,2,B
4,34898,True,A,B,1,2,A
4,34899,True,A,B,6,1,A
4,34900,True,A,B,6,1,A
4,34901,True,A,B,1,1,A
4,34902,True,B,A,10,1,B
4,34903,True,A,B,6,1,A
4,34904,True,A,B,10,1,A
4,34905,True,B,A,2,1,B
4,34906,True,A,B,1,1,A
4,34907,True,A,B,0,1,A
4,34908,True,B,A,2,1,B
4,34909,True,A,B,4,1,A
4,34910,True,A,B,1,1,A
4,34911,True,B,A,2,0,B
4,34912,True,B,A,1,2,B
4,34913,True,B,A,0,1,B
4,34914,True,B,A,6,1,B
4,34915,True,B,A,2,1,B
4,34916,True,A,B,6,1,A
4,34917,True,A,B,2,0,A
4,34918,True,A,B,2,1,A
4,34919,True,A,B,1,1,A
4,34920,True,B,A,0,1,B
4,34921,True,B,A,2,1,B
4,34922,True,A,B,6,1,A
4,34923,True,A,B,1,1,A
4,34924,True,A,B,2,1,A
4,34925,True,B,A,6,1,B
4,34926,True,A,B,1,2,A
4,34927,True,B,A,2,1,B
4,34928,True,A,B,1,2,A
4,34929,True,B,A,1,1,B
4,34930,True,A,B,6,1,A
4,34931,True,B,A,4,1,B
4,34932,True,B,A,3,1,B
4,34933,True,A,B,6,1,A
4,34934,True,A,B,10,1,A
4,34935,True,A,B,3,1,A
4,34936,True,B,A,0,1,B
4,34937,True,B,A,10,1,B
4,34938,True,A,B,2,1,A
4,34939,True,A,B,2,1,A
4,34940,True,B,A,4,1,B
4,34941,True,A,B,3,1,A
4,34942,True,A,B,0,1,A
4,34943,True,A,B,1,2,A
4,34944,True,B,A,4,1,B
4,34945,True,A,B,10,1,A
4,34946,True,B,A,6,1,B
4,34947,True,B,A,2,0,B
4,34948,True,B,A,3,1,B
4,34949,True,A,B,0,1,A
4,34950,True,A,B,3,1,A
4,34951,True,B,A,10,1,B
4,34952,True,A,B,2,1,A
4,34953,True,B,A,1,2,B
4,34954,True,A,B,2,1,A
4,34955,False,,,,,
4,34956,True,B,A,2,1,B
4,34957,True,B,A,10,1,B
4,34958,False,,,,,
4,34959,True,B,A,2,0,B
4,34960,True,A,B,4,1,A
4,34961,True,A,B,3,1,A
4,34962,True,B,A,6,1,B
4,34963,True,A,B,6,1,A
4,34964,False,,,,,
4,34965,False,,,,,
4,34966,False,,,,,
4,34967,True,A,B,6,1,A
4,34968,True,A,B,2,1,A
4,34969,True,A,B,2,0,A
4,34970,False,,,,,
4,34971,True,A,B,1,2,A
4,34972,False,,,,,
4,34973,True,B,A,1,1,B
4,34974,True,A,B,0,1,A
4,34975,True,A,B,2,1,A
4,34976,True,B,A,4,1,B
4,34977,True,B,A,4,1,B
4,34978,True,B,A,2,1,B
4,34979,False,,,,,
4,34980,True,A,B,10,1,A
4,34981,True,A,B,6,1,A
4,34982,False,,,,,
4,34983,True,B,A,3,1,B
4,34984,True,B,A,3,1,B
4,34985,True,B,A,0,1,B
4,34986,True,A,B,2,0,A
4,34987,True,A,B,1,2,A
4,34988,True,B,A,3,1,B
4,34989,False,,,,,
4,34990,True,B,A,6,1,B
4,34991,True,A,B,1,2,A
4,34992,True,A,B,10,1,A
4,34993,True,A,B,10,1,A
4,34994,True,B,A,0,1,B
4,34995,False,,,,,
4,34996,True,A,B,2,1,A
4,34997,True,A,B,3,1,A
4,34998,True,B,A,2,0,B
4,34999,True,A,B,3,1,A
4,35000,True,B,A,2,1,B
4,35001,True,B,A,10,1,B
4,35002,True,A,B,4,1,A
4,35003,True,B,A,1,1,B
4,35004,True,B,A,10,1,B
4,35005,True,A,B,2,1,A
4,35006,True,A,B,1,1,A
4,35007,True,B,A,2,0,B
4,35008,True,A,B,1,1,A
4,35009,True,A,B,2,0,A
4,35010,True,B,A,2,0,B
4,35011,True,B,A,6,1,B
4,35012,True,B,A,1,2,B
4,35013,True,A,B,3,1,A
4,35014,True,A,B,0,1,A
4,35015,True,A,B,6,1,A
4,35016,True,A,B,6,1,A
4,35017,True,A,B,1,2,A
4,35018,True,A,B,3,1,A
4,35019,True,A,B,10,1,A
4,35020,True,B,A,2,1,B
4,35021,True,B,A,4,1,B
4,35022,True,A,B,0,1,A
4,35023,True,B,A,4,1,B
4,35024,True,B,A,2,0,B
4,35025,True,A,B,4,1,A
4,35026,True,B,A,3,1,B
4,35027,False,,,,,
4,35028,True,A,B,2,1,A
4,35029,True,B,A,10,1,B
4,35030,True,A,B,1,1,A
4,35031,True,B,A,1,2,B
4,35032,True,A,B,10,1,A
4,35033,True,B,A,4,1,B
4,35034,True,A,B,1,1,A
4,35035,True,B,A,2,0,B
4,35036,True,A,B,3,1,A
4,35037,True,A,B,4,1,A
4,35038,True,B,A,10,1,B
4,35039,True,B,A,2,0,B
4,35040,True,B,A,3,1,B
4,35041,True,A,B,10,1,A
4,35042,True,B,A,2,0,B
4,35043,True,B,A,1,1,B
4,35044,False,,,,,
4,35045,True,B,A,4,1,B
4,35046,True,A,B,6,1,A
4,35047,True,A,B,3,1,A
4,35048,False,,,,,
4,35049,True,A,B,4,1,A
4,35050,True,B,A,3,1,B
4,35051,True,A,B,3,1,A
4,35052,True,A,B,2,0,A
4,35053,True,A,B,6,1,A
4,35054,True,B,A,4,1,B
4,35055,True,A,B,2,0,A
4,35056,False,,,,,
4,35057,True,B,A,3,1,B
4,35058,True,B,A,10,1,B
4,35059,True,B,A,10,1,B
4,35060,True,B,A,6,1,B
4,35061,True,A,B,1,1,A
4,35062,True,A,B,6,1,A
4,35063,True,B,A,1,2,B
4,35064,True,B,A,1,2,B
4,35065,True,B,A,3,1,B
4,35066,True,B,A,10,1,B
4,35067,True,B,A,4,1,B
4,35068,True,A,B,1,1,A
4,35069,True,B,A,3,1,B
4,35070,True,A,B,0,1,A
4,35071,True,B,A,4,1,B
4,35072,True,A,B,1,1,A
4,35073,True,A,B,6,1,A
4,35074,True,A,B,6,1,A
4,35075,True,A,B,6,1,A
4,35076,True,A,B,2,0,A
4,35077,True,B,A,6,1,B
4,35078,True,A,B,1,2,A
4,35079,True,A,B,6,1,A
4,35080,True,B,A,2,1,B
4,35081,True,B,A,2,1,B
4,35082,True,A,B,0,1,A
4,35083,True,B,A,1,1,B
4,35084,True,B,A,2,1,B
4,35085,True,B,A,1,1,B
4,35086,True,A,B,4,1,A
4,35087,True,A,B,6,1,A
4,35088,True,A,B,4,1,A
4,35089,True,B,A,3,1,B
4,35090,True,A,B,2,0,A
4,35091,True,A,B,4,1,A
4,35092,True,A,B,4,1,A
4,35093,True,B,A,0,1,B
4,35094,True,B,A,4,1,B
4,35095,True,B,A,2,1,B
4,35096,True,B,A,4,1,B
4,35097,True,B,A,6,1,B
4,35098,True,A,B,4,1,A
4,35099,True,A,B,0,1,A
4,35100,True,B,A,2,0,B
4,35101,True,B,A,4,1,B
4,35102,True,B,A,2,0,B
4,35103,True,A,B,1,1,A
4,35104,False,,,,,
4,35105,True,B,A,2,1,B
4,35106,True,A,B,10,1,A
4,35107,True,B,A,0,1,B
4,35108,True,B,A,4,1,B
4,35109,True,B,A,0,1,B
4,35110,True,B,A,6,1,B
4,35111,True,A,B,3,1,A
4,35112,True,A,B,6,1,A
4,35113,False,,,,,
4,35114,True,A,B,3,1,A
4,35115,True,A,B,10,1,A
4,35116,False,,,,,
4,35117,True,A,B,2,0,A
4,35118,True,B,A,3,1,B
4,35119,True,B,A,2,1,B
4,35120,True,B,A,1,2,B
4,35121,True,B,A,1,1,B
4,35122,True,A,B,2,1,A
4,35123,True,A,B,3,1,A
4,35124,True,B,A,4,1,B
4,35125,True,B,A,1,2,B
4,35126,True,B,A,2,0,B
4,35127,True,A,B,0,1,A
4,35128,True,A,B,2,1,A
4,35129,True,A,B,4,1,A
4,35130,True,B,A,1,2,B
4,35131,True,A,B,1,2,A
4,35132,True,A,B,0,1,A
4,35133,True,A,B,1,2,A
4,35134,True,A,B,2,1,A
4,35135,True,B,A,2,0,B
4,35136,True,B,A,10,1,B
4,35137,True,A,B,4,1,A
4,35138,True,A,B,2,1,A
4,35139,True,B,A,4,1,B
4,35140,True,A,B,4,1,A
4,35141,False,,,,,
4,35142,True,B,A,2,1,B
4,35143,True,A,B,3,1,A
4,35144,True,A,B,2,0,A
4,35145,True,A,B,6,1,A
4,35146,True,B,A,1,1,B
4,35147,True,A,B,0,1,A
4,35148,True,A,B,2,0,A
4,35149,True,B,A,10,1,B
4,35150,False,,,,,
4,35151,True,A,B,0,1,A
4,35152,True,A,B,2,1,A
4,35153,True,A,B,4,1,A
4,35154,True,B,A,10,1,B
4,35155,True,B,A,2,1,B
4,35156,True,A,B,2,0,A
4,35157,True,B,A,1,2,B
4,35158,True,B,A,2,1,B
4,35159,True,B,A,10,1,B
4,35160,True,A,B,3,1,A
4,35161,True,B,A,10,1,B
4,35162,True,B,A,1,1,B
4,35163,True,B,A,6,1,B
4,35164,True,A,B,0,1,A
4,35165,True,B,A,0,1,B
4,35166,True,A,B,0,1,A
4,35167,True,B,A,3,1,B
4,35168,True,A,B,1,1,A
4,35169,True,A,B,2,0,A
4,35170,True,B,A,10,1,B
4,35171,True,A,B,2,1,A
4,35172,True,B,A,3,1,B
4,35173,True,A,B,1,2,A
4,35174,True,B,A,2,1,B
4,35175,True,A,B,6,1,A
4,35176,True,A,B,4,1,A
4,35177,True,A,B,2,0,A
4,35178,True,A,B,0,1,A
4,35179,True,B,A,4,1,B
4,35180,False,,,,,
4,35181,True,B,A,4,1,B
4,35182,True,A,B,1,2,A
4,35183,True,B,A,1,1,B
4,35184,True,A,B,6,1,A
4,35185,True,A,B,1,1,A
4,35186,True,B,A,2,1,B
4,35187,True,A,B,1,1,A
4,35188,True,B,A,2,0,B
4,35189,True,A,B,0,1,A
4,35190,True,A,B,1,2,A
4,35191,True,A,B,1,2,A
4,35192,True,A,B,4,1,A
4,35193,True,B,A,1,2,B
4,35194,True,B,A,6,1,B
4,35195,True,B,A,4,1,B
4,35196,True,A,B,2,1,A
4,35197,True,B,A,6,1,B
4,35198,True,B,A,2,1,B
4,35199,True,B,A,2,0,B
4,35200,False,,,,,
4,35201,True,B,A,4,1,B
4,35202,True,A,B,1,1,A
4,35203,True,A,B,4,1,A
4,35204,True,A,B,2,0,A
4,35205,True,B,A,1,2,B
4,35206,True,A,B,3,1,A
4,35207,True,B,A,2,1,B
4,35208,True,A,B,1,2,A
4,35209,True,B,A,2,1,B
4,35210,True,A,B,4,1,A
4,35211,True,A,B,10,1,A
4,35212,True,B,A,1,2,B
4,35213,True,A,B,6,1,A
4,35214,True,B,A,3,1,B
4,35215,True,B,A,2,0,B
4,35216,True,A,B,3,1,A
4,35217,True,B,A,1,1,B
4,35218,True,B,A,2,0,B
4,35219,True,B,A,6,1,B
4,35220,True,B,A,2,0,B
4,35221,True,A,B,2,1,A
4,35222,True,A,B,4,1,A
4,35223,True,B,A,2,1,B
4,35224,True,B,A,10,1,B
4,35225,True,A,B,6,1,A
4,35226,True,B,A,2,1,B
4,35227,True,A,B,2,1,A
4,35228,True,A,B,2,0,A
4,35229,True,B,A,6,1,B
4,35230,True,A,B,1,1,A
4,35231,True,A,B,0,1,A
4,35232,True,B,A,2,1,B
4,35233,True,A,B,2,0,A
4,35234,True,A,B,1,2,A
4,35235,True,B,A,4,1,B
4,35236,True,A,B,2,1,A
4,35237,True,B,A,6,1,B
4,35238,True,A,B,3,1,A
4,35239,True,A,B,0,1,A
4,35240,True,B,A,1,2,B
4,35241,True,A,B,10,1,A
4,35242,True,A,B,3,1,A
4,35243,True,A,B,0,1,A
4,35244,True,A,B,1,1,A
4,35245,True,B,A,6,1,B
4,35246,True,A,B,3,1,A
4,35247,True,A,B,0,1,A
4,35248,True,B,A,10,1,B
4,35249,True,A,B,1,1,A
4,35250,True,B,A,1,1,B
4,35251,True,B,A,1,1,B
4,35252,True,A,B,2,1,A
4,35253,True,A,B,10,1,A
4,35254,True,A,B,2,0,A
4,35255,True,B,A,1,1,B
4,35256,True,B,A,0,1,B
4,35257,True,B,A,4,1,B
4,35258,True,B,A,2,1,B
4,35259,True,B,A,0,1,B
4,35260,True,A,B,3,1,A
4,35261,True,A,B,2,1,A
4,35262,True,B,A,2,1,B
4,35263,False,,,,,
4,35264,True,A,B,1,2,A
4,35265,True,B,A,2,0,B
4,35266,True,A,B,6,1,A
4,35267,True,A,B,0,1,A
4,35268,True,B,A,2,0,B
4,35269,True,B,A,2,1,B
4,35270,True,B,A,2,1,B
4,35271,True,B,A,0,1,B
4,35272,True,B,A,3,1,B
4,35273,True,B,A,0,1,B
4,35274,True,B,A,2,1,B
4,35275,True,A,B,10,1,A
4,35276,True,B,A,4,1,B
4,35277,True,B,A,2,0,B
4,35278,True,B,A,4,1,B
4,35279,True,A,B,0,1,A
4,35280,True,B,A,4,1,B
4,35281,True,A,B,1,1,A
4,35282,True,A,B,2,0,A
4,35283,True,A,B,0,1,A
4,35284,True,A,B,3,1,A
4,35285,True,B,A,6,1,B
4,35286,True,A,B,1,2,A
4,35287,True,A,B,3,1,A
4,35288,True,B,A,0,1,B
4,35289,True,A,B,10,1,A
4,35290,True,A,B,2,1,A
4,35291,True,A,B,0,1,A
4,35292,True,B,A,2,0,B
4,35293,True,B,A,4,1,B
4,35294,True,B,A,10,1,B
4,35295,True,A,B,0,1,A
4,35296,True,A,B,10,1,A
4,35297,True,A,B,4,1,A
4,35298,True,B,A,4,1,B
4,35299,True,B,A,10,1,B
4,35300,True,A,B,3,1,A
4,35301,True,A,B,1,2,A
4,35302,True,A,B,3,1,A
4,35303,True,A,B,6,1,A
4,35304,True,B,A,2,0,B
4,35305,True,A,B,1,1,A
4,35306,True,A,B,2,0,A
4,35307,True,A,B,6,1,A
4,35308,True,A,B,1,1,A
4,35309,True,A,B,6,1,A
4,35310,True,B,A,1,1,B
4,35311,True,A,B,1,1,A
4,35312,True,A,B,0,1,A
4,35313,True,A,B,2,1,A
4,35314,False,,,,,
4,35315,True,A,B,4,1,A
4,35316,True,A,B,4,1,A
4,35317,True,A,B,4,1,A
4,35318,True,B,A,3,1,B
4,35319,True,B,A,1,2,B
4,35320,True,A,B,6,1,A
4,35321,True,A,B,1,2,A
4,35322,True,B,A,10,1,B
4,35323,True,B,A,2,1,B
4,35324,True,B,A,0,1,B
4,35325,True,A,B,6,1,A
4,35326,True,B,A,0,1,B
4,35327,True,B,A,4,1,B
4,35328,True,B,A,0,1,B
4,35329,True,A,B,6,1,A
4,35330,True,B,A,4,1,B
4,35331,True,B,A,0,1,B
4,35332,True,A,B,10,1,A
4,35333,True,A,B,4,1,A
4,35334,True,B,A,6,1,B
4,35335,True,A,B,2,1,A
4,35336,True,B,A,2,0,B
4,35337,True,A,B,0,1,A
4,35338,True,B,A,6,1,B
4,35339,True,B,A,0,1,B
4,35340,True,A,B,2,0,A
4,35341,True,B,A,10,1,B
4,35342,True,A,B,6,1,A
4,35343,True,B,A,2,0,B
4,35344,True,A,B,2,1,A
4,35345,True,B,A,10,1,B
4,35346,True,B,A,2,0,B
4,35347,True,B,A,1,2,B
4,35348,False,,,,,
4,35349,True,A,B,1,1,A
4,35350,True,B,A,2,1,B
4,35351,True,A,B,1,2,A
4,35352,True,A,B,1,2,A
4,35353,True,B,A,2,0,B
4,35354,False,,,,,
4,35355,True,B,A,2,0,B
4,35356,True,A,B,1,1,A
4,35357,True,B,A,10,1,B
4,35358,False,,,,,
4,35359,True,A,B,1,2,A
4,35360,False,,,,,
4,35361,True,B,A,3,1,B
4,35362,True,B,A,10,1,B
4,35363,True,B,A,10,1,B
4,35364,True,B,A,4,1,B
4,35365,True,A,B,4,1,A
4,35366,True,B,A,2,1,B
4,35367,True,A,B,2,0,A
4,35368,True,A,B,1,1,A
4,35369,True,B,A,1,2,B
4,35370,True,A,B,6,1,A
4,35371,True,B,A,3,1,B
4,35372,True,B,A,1,2,B
4,35373,True,B,A,2,0,B
4,35374,True,A,B,2,0,A
4,35375,True,B,A,10,1,B
4,35376,True,A,B,1,1,A
4,35377,True,A,B,2,0,A
4,35378,True,A,B,2,1,A
4,35379,True,A,B,6,1,A
4,35380,True,A,B,10,1,A
4,35381,True,B,A,0,1,B
4,35382,True,B,A,2,1,B
4,35383,True,B,A,1,2,B
4,35384,True,A,B,1,2,A
4,35385,True,B,A,6,1,B
4,35386,True,A,B,0,1,A
4,35387,True,B,A,4,1,B
4,35388,True,A,B,2,1,A
4,35389,True,B,A,6,1,B
4,35390,True,B,A,3,1,B
4,35391,True,A,B,2,1,A
4,35392,True,A,B,1,1,A
4,35393,True,B,A,4,1,B
4,35394,True,B,A,3,1,B
4,35395,True,A,B,2,1,A
4,35396,True,A,B,1,2,A
4,35397,True,A,B,0,1,A
4,35398,True,A,B,4,1,A
4,35399,True,A,B,2,0,A
4,35400,True,A,B,1,1,A
4,35401,True,A,B,1,1,A
4,35402,True,B,A,2,0,B
4,35403,True,B,A,1,1,B
4,35404,True,A,B,2,1,A
4,35405,True,A,B,3,1,A
4,35406,True,A,B,2,0,A
4,35407,True,A,B,10,1,A
4,35408,True,A,B,2,1,A
4,35409,True,A,B,1,2,A
4,35410,True,A,B,3,1,A
4,35411,True,B,A,1,2,B
4,35412,True,A,B,1,1,A
4,35413,True,A,B,4,1,A
4,35414,True,A,B,3,1,A
4,35415,True,A,B,0,1,A
4,35416,True,A,B,2,0,A
4,35417,True,A,B,3,1,A
4,35418,True,B,A,3,1,B
4,35419,True,A,B,1,2,A
4,35420,True,B,A,2,1,B
4,35421,True,B,A,3,1,B
4,35422,True,A,B,4,1,A
4,35423,True,B,A,2,0,B
4,35424,True,A,B,2,0,A
4,35425,True,A,B,2,1,A
4,35426,True,B,A,2,0,B
4,35427,True,B,A,2,0,B
4,35428,False,,,,,
4,35429,True,A,B,1,1,A
4,35430,True,B,A,2,1,B
4,35431,True,B,A,4,1,B
4,35432,True,B,A,4,1,B
4,35433,True,B,A,2,1,B
4,35434,True,A,B,2,0,A
4,35435,True,B,A,1,1,B
4,35436,True,B,A,0,1,B
4,35437,True,B,A,2,1,B
4,35438,True,A,B,0,1,A
4,35439,True,A,B,6,1,A
4,35440,True,A,B,1,2,A
4,35441,True,A,B,4,1,A
4,35442,True,B,A,0,1,B
4,35443,False,,,,,
4,35444,True,A,B,2,1,A
4,35445,True,B,A,4,1,B
4,35446,True,B,A,1,2,B
4,35447,True,A,B,2,1,A
4,35448,True,B,A,1,2,B
4,35449,True,B,A,1,1,B
4,35450,True,B,A,4,1,B
4,35451,True,B,A,4,1,B
4,35452,True,B,A,10,1,B
4,35453,True,B,A,0,1,B
4,35454,True,B,A,1,1,B
4,35455,False,,,,,
4,35456,True,A,B,10,1,A
4,35457,True,B,A,10,1,B
4,35458,True,A,B,1,2,A
4,35459,True,A,B,10,1,A
4,35460,True,A,B,4,1,A
4,35461,True,B,A,1,2,B
4,35462,True,A,B,2,1,A
4,35463,True,B,A,3,1,B
4,35464,True,A,B,6,1,A
4,35465,False,,,,,
4,35466,True,A,B,2,1,A
4,35467,True,B,A,4,1,B
4,35468,True,A,B,3,1,A
4,35469,True,B,A,1,1,B
4,35470,True,B,A,4,1,B
4,35471,True,A,B,4,1,A
4,35472,True,B,A,4,1,B
4,35473,True,A,B,6,1,A
4,35474,True,A,B,4,1,A
4,35475,True,A,B,1,2,A
4,35476,True,B,A,3,1,B
4,35477,True,B,A,4,1,B
4,35478,True,B,A,6,1,B
4,35479,True,B,A,2,1,B
4,35480,True,A,B,3,1,A
4,35481,True,B,A,10,1,B
4,35482,True,A,B,1,2,A
4,35483,True,B,A,3,1,B
4,35484,True,B,A,0,1,B
4,35485,True,A,B,4,1,A
4,35486,True,B,A,3,1,B
4,35487,True,B,A,6,1,B
4,35488,True,B,A,1,2,B
4,35489,True,B,A,4,1,B
4,35490,True,A,B,1,2,A
4,35491,True,B,A,2,1,B
4,35492,True,A,B,1,2,A
4,35493,False,,,,,
4,35494,True,A,B,3,1,A
4,35495,False,,,,,
4,35496,True,A,B,2,1,A
4,35497,True,B,A,1,1,B
4,35498,True,A,B,10,1,A
4,35499,True,B,A,6,1,B
4,35500,True,A,B,1,1,A
4,35501,True,B,A,4,1,B
4,35502,True,A,B,2,0,A
4,35503,True,A,B,1,1,A
4,35504,True,B,A,2,1,B
4,35505,True,A,B,2,0,A
4,35506,True,B,A,0,1,B
4,35507,True,B,A,10,1,B
4,35508,True,A,B,1,2,A
4,35509,True,A,B,10,1,A
4,35510,True,A,B,6,1,A
4,35511,True,B,A,3,1,B
4,35512,True,A,B,2,1,A
4,35513,True,B,A,3,1,B
4,35514,True,B,A,2,1,B
4,35515,True,B,A,3,1,B
4,35516,True,A,B,2,0,A
4,35517,True,B,A,6,1,B
4,35518,True,B,A,0,1,B
4,35519,True,B,A,2,0,B
4,35520,True,A,B,6,1,A
4,35521,True,A,B,2,0,A
4,35522,True,A,B,4,1,A
4,35523,True,A,B,2,1,A
4,35524,True,A,B,4,1,A
4,35525,True,A,B,6,1,A
4,35526,True,A,B,1,1,A
4,35527,True,B,A,10,1,B
4,35528,True,A,B,10,1,A
4,35529,False,,,,,
4,35530,True,B,A,2,1,B
4,35531,False,,,,,
4,35532,False,,,,,
4,35533,False,,,,,
4,35534,True,B,A,3,1,B
4,35535,True,B,A,10,1,B
4,35536,True,A,B,3,1,A
4,35537,True,A,B,1,2,A
4,35538,True,A,B,10,1,A
4,35539,True,A,B,3,1,A
4,35540,False,,,,,
4,35541,True,A,B,2,0,A
4,35542,True,A,B,4,1,A
4,35543,True,A,B,1,2,A
4,35544,True,B,A,6,1,B
4,35545,True,B,A,4,1,B
4,35546,True,A,B,3,1,A
4,35547,True,A,B,3,1,A
4,35548,True,B,A,3,1,B
4,35549,False,,,,,
4,35550,True,A,B,4,1,A
4,35551,True,B,A,4,1,B
4,35552,True,A,B,2,0,A
4,35553,True,A,B,1,1,A
4,35554,True,A,B,4,1,A
4,35555,True,B,A,10,1,B
4,35556,True,B,A,2,1,B
4,35557,True,B,A,4,1,B
4,35558,True,B,A,3,1,B
4,35559,True,A,B,1,1,A
4,35560,True,B,A,6,1,B
4,35561,True,B,A,10,1,B
4,35562,True,A,B,2,1,A
4,35563,True,A,B,2,0,A
4,35564,True,A,B,6,1,A
4,35565,True,A,B,1,2,A
4,35566,True,A,B,6,1,A
4,35567,True,A,B,4,1,A
4,35568,True,B,A,10,1,B
4,35569,True,B,A,4,1,B
4,35570,True,A,B,10,1,A
4,35571,True,B,A,4,1,B
4,35572,True,B,A,0,1,B
4,35573,True,B,A,10,1,B
4,35574,True,B,A,2,0,B
4,35575,True,A,B,0,1,A
4,35576,True,A,B,4,1,A
4,35577,True,A,B,3,1,A
4,35578,True,B,A,1,2,B
4,35579,True,B,A,2,1,B
4,35580,True,A,B,1,1,A
4,35581,True,B,A,10,1,B
4,35582,True,B,A,4,1,B
4,35583,True,A,B,1,1,A
4,35584,True,B,A,3,1,B
4,35585,True,A,B,0,1,A
4,35586,True,A,B,4,1,A
4,35587,True,A,B,1,1,A
4,35588,True,B,A,0,1,B
4,35589,True,B,A,2,0,B
4,35590,True,A,B,0,1,A
4,35591,True,A,B,2,1,A
4,35592,True,A,B,3,1,A
4,35593,True,A,B,0,1,A
4,35594,True,B,A,2,1,B
4,35595,True,B,A,10,1,B
4,35596,True,B,A,6,1,B
4,35597,True,A,B,3,1,A
4,35598,True,A,B,3,1,A
4,35599,True,A,B,4,1,A
4,35600,True,B,A,3,1,B
4,35601,True,B,A,0,1,B
4,35602,True,B,A,0,1,B
4,35603,True,B,A,1,1,B
4,35604,True,A,B,3,1,A
4,35605,True,A,B,1,2,A
4,35606,True,A,B,2,1,A
4,35607,True,A,B,2,1,A
4,35608,True,A,B,1,1,A
4,35609,True,B,A,1,2,B
4,35610,True,B,A,2,0,B
4,35611,True,A,B,1,1,A
4,35612,False,,,,,
4,35613,True,A,B,2,1,A
4,35614,True,A,B,2,1,A
4,35615,True,B,A,1,2,B
4,35616,True,B,A,6,1,B
4,35617,True,A,B,4,1,A
4,35618,True,B,A,2,0,B
4,35619,True,A,B,6,1,A
4,35620,True,B,A,6,1,B
4,35621,True,A,B,3,1,A
4,35622,True,A,B,6,1,A
4,35623,True,B,A,2,0,B
4,35624,True,B,A,6,1,B
4,35625,True,A,B,2,0,A
4,35626,True,B,A,4,1,B
4,35627,True,B,A,10,1,B
4,35628,True,A,B,2,0,A
4,35629,True,B,A,1,2,B
4,35630,True,B,A,1,1,B
4,35631,True,A,B,2,0,A
4,35632,False,,,,,
4,35633,True,B,A,2,0,B
4,35634,True,A,B,2,1,A
4,35635,True,A,B,0,1,A
4,35636,True,B,A,10,1,B
4,35637,True,A,B,3,1,A
4,35638,True,A,B,1,2,A
4,35639,True,A,B,2,1,A
4,35640,True,B,A,0,1,B
4,35641,False,,,,,
4,35642,True,B,A,1,1,B
4,35643,True,A,B,2,1,A
4,35644,True,B,A,10,1,B
4,35645,True,A,B,0,1,A
4,35646,True,A,B,4,1,A
4,35647,True,A,B,10,1,A
4,35648,True,A,B,4,1,A
4,35649,True,A,B,2,0,A
4,35650,True,B,A,4,1,B
4,35651,True,A,B,4,1,A
4,35652,True,A,B,10,1,A
4,35653,True,A,B,2,1,A
4,35654,True,B,A,4,1,B
4,35655,True,B,A,4,1,B
4,35656,True,B,A,2,0,B
4,35657,True,B,A,3,1,B
4,35658,True,B,A,3,1,B
4,35659,True,A,B,3,1,A
4,35660,True,B,A,4,1,B
4,35661,True,B,A,2,1,B
4,35662,True,B,A,0,1,B
4,35663,True,B,A,3,1,B
4,35664,True,A,B,3,1,A
4,35665,True,A,B,1,2,A
4,35666,True,B,A,3,1,B
4,35667,True,A,B,10,1,A
4,35668,True,A,B,2,1,A
4,35669,False,,,,,
4,35670,True,B,A,1,1,B
4,35671,True,B,A,2,0,B
4,35672,True,A,B,6,1,A
4,35673,True,A,B,1,1,A
4,35674,True,A,B,4,1,A
4,35675,True,A,B,3,1,A
4,35676,True,B,A,2,1,B
4,35677,True,B,A,0,1,B
4,35678,True,B,A,4,1,B
4,35679,True,B,A,2,1,B
4,35680,True,A,B,3,1,A
4,35681,True,B,A,3,1,B
4,35682,False,,,,,
4,35683,True,A,B,0,1,A
4,35684,True,A,B,0,1,A
4,35685,True,A,B,6,1,A
4,35686,True,A,B,3,1,A
4,35687,True,B,A,6,1,B
4,35688,True,A,B,1,2,A
4,35689,True,A,B,3,1,A
4,35690,True,B,A,4,1,B
4,35691,True,A,B,2,1,A
4,35692,True,B,A,1,2,B
4,35693,True,A,B,10,1,A
4,35694,True,A,B,2,0,A
4,35695,True,A,B,1,2,A
4,35696,True,B,A,0,1,B
4,35697,True,A,B,10,1,A
4,35698,True,A,B,1,1,A
4,35699,True,A,B,0,1,A
4,35700,True,B,A,3,1,B
4,35701,True,B,A,1,2,B
4,35702,True,A,B,2,1,A
4,35703,True,A,B,6,1,A
4,35704,True,B,A,3,1,B
4,35705,True,A,B,2,0,A
4,35706,True,A,B,3,1,A
4,35707,True,A,B,10,1,A
4,35708,False,,,,,
4,35709,True,B,A,4,1,B
4,35710,True,A,B,1,1,A
4,35711,True,A,B,4,1,A
4,35712,True,B,A,0,1,B
4,35713,True,A,B,1,1,A
4,35714,True,A,B,1,1,A
4,35715,True,B,A,1,1,B
4,35716,True,A,B,2,0,A
4,35717,True,A,B,2,1,A
4,35718,True,A,B,2,0,A
4,35719,True,A,B,2,0,A
4,35720,True,A,B,6,1,A
4,35721,True,A,B,2,0,A
4,35722,True,B,A,3,1,B
4,35723,False,,,,,
4,35724,True,A,B,4,1,A
4,35725,True,B,A,10,1,B
4,35726,True,B,A,3,1,B
4,35727,True,A,B,4,1,A
4,35728,True,A,B,0,1,A
4,35729,False,,,,,
4,35730,True,A,B,1,1,A
4,35731,True,B,A,2,1,B
4,35732,True,B,A,6,1,B
4,35733,True,B,A,6,1,B
4,35734,True,A,B,1,1,A
4,35735,True,B,A,6,1,B
4,35736,True,B,A,10,1,B
4,35737,True,B,A,2,0,B
4,35738,True,A,B,1,2,A
4,35739,True,B,A,10,1,B
4,35740,True,A,B,0,1,A
4,35741,True,B,A,6,1,B
4,35742,True,A,B,2,0,A
4,35743,True,B,A,2,1,B
4,35744,True,B,A,10,1,B
4,35745,True,B,A,2,0,B
4,35746,True,A,B,2,1,A
4,35747,True,A,B,0,1,A
4,35748,True,A,B,10,1,A
4,35749,True,A,B,2,1,A
4,35750,False,,,,,
4,35751,False,,,,,
4,35752,True,B,A,2,1,B
4,35753,True,A,B,1,1,A
4,35754,False,,,,,
4,35755,True,A,B,3,1,A
4,35756,True,A,B,6,1,A
4,35757,True,B,A,10,1,B
4,35758,True,B,A,0,1,B
4,35759,True,B,A,3,1,B
4,35760,True,B,A,2,0,B
4,35761,True,A,B,3,1,A
4,35762,True,A,B,1,2,A
4,35763,True,B,A,4,1,B
4,35764,True,B,A,1,2,B
4,35765,True,B,A,3,1,B
4,35766,True,B,A,1,2,B
4,35767,True,A,B,4,1,A
4,35768,True,A,B,3,1,A
4,35769,True,A,B,1,1,A
4,35770,True,A,B,2,1,A
4,35771,True,B,A,1,1,B
4,35772,False,,,,,
4,35773,True,B,A,2,0,B
4,35774,True,B,A,4,1,B
4,35775,True,A,B,6,1,A
4,35776,True,B,A,6,1,B
4,35777,True,A,B,10,1,A
4,35778,True,A,B,0,1,A
4,35779,True,A,B,1,2,A
4,35780,True,A,B,1,2,A
4,35781,True,B,A,6,1,B
4,35782,True,A,B,2,1,A
4,35783,True,A,B,2,1,A
4,35784,True,A,B,1,2,A
4,35785,True,B,A,0,1,B
4,35786,True,A,B,4,1,A
4,35787,True,A,B,2,1,A
4,35788,True,A,B,1,1,A
4,35789,True,B,A,2,0,B
4,35790,True,A,B,4,1,A
4,35791,True,A,B,2,1,A
4,35792,False,,,,,
4,35793,True,A,B,1,1,A
4,35794,True,B,A,3,1,B
4,35795,True,A,B,3,1,A
4,35796,True,B,A,2,0,B
4,35797,True,A,B,2,1,A
4,35798,True,B,A,10,1,B
4,35799,True,A,B,2,0,A
4,35800,True,B,A,0,1,B
4,35801,True,A,B,6,1,A
4,35802,True,B,A,1,2,B
4,35803,True,A,B,0,1,A
4,35804,True,A,B,2,0,A
4,35805,True,B,A,0,1,B
4,35806,True,B,A,10,1,B
4,35807,True,B,A,1,2,B
4,35808,True,A,B,0,1,A
4,35809,True,B,A,1,1,B
4,35810,True,A,B,6,1,A
4,35811,True,B,A,2,1,B
4,35812,True,A,B,3,1,A
4,35813,True,A,B,1,2,A
4,35814,True,B,A,3,1,B
4,35815,True,A,B,4,1,A
4,35816,True,B,A,4,1,B
4,35817,True,B,A,1,1,B
4,35818,True,B,A,4,1,B
4,35819,True,B,A,10,1,B
4,35820,True,B,A,2,0,B
4,35821,True,A,B,10,1,A
4,35822,True,B,A,3,1,B
4,35823,True,B,A,4,1,B
4,35824,True,A,B,2,0,A
4,35825,True,B,A,3,1,B
4,35826,True,B,A,4,1,B
4,35827,True,A,B,3,1,A
4,35828,False,,,,,
4,35829,True,B,A,3,1,B
4,35830,True,B,A,3,1,B
4,35831,True,A,B,1,2,A
4,35832,True,B,A,3,1,B
4,35833,True,B,A,3,1,B
4,35834,True,B,A,2,1,B
4,35835,True,A,B,10,1,A
4,35836,True,A,B,3,1,A
4,35837,True,A,B,2,1,A
4,35838,True,A,B,3,1,A
4,35839,True,B,A,4,1,B
4,35840,True,B,A,10,1,B
4,35841,True,A,B,0,1,A
4,35842,True,A,B,6,1,A
4,35843,False,,,,,
4,35844,True,B,A,4,1,B
4,35845,True,B,A,1,2,B
4,35846,True,A,B,6,1,A
4,35847,True,A,B,1,2,A
4,35848,True,B,A,6,1,B
4,35849,True,A,B,10,1,A
4,35850,True,A,B,0,1,A
4,35851,True,B,A,1,1,B
4,35852,True,B,A,2,0,B
4,35853,True,B,A,3,1,B
4,35854,True,A,B,1,1,A
4,35855,True,A,B,1,2,A
4,35856,True,A,B,2,1,A
4,35857,True,A,B,2,1,A
4,35858,True,A,B,1,1,A
4,35859,True,A,B,2,0,A
4,35860,True,A,B,0,1,A
4,35861,True,B,A,3,1,B
4,35862,False,,,,,
4,35863,True,A,B,3,1,A
4,35864,True,A,B,3,1,A
4,35865,True,A,B,1,2,A
4,35866,True,A,B,3,1,A
4,35867,True,B,A,1,1,B
4,35868,True,A,B,4,1,A
4,35869,True,A,B,1,1,A
4,35870,True,B,A,1,1,B
4,35871,True,A,B,4,1,A
4,35872,True,A,B,0,1,A
4,35873,True,B,A,6,1,B
4,35874,True,A,B,10,1,A
4,35875,True,A,B,4,1,A
4,35876,True,A,B,1,1,A
4,35877,True,A,B,3,1,A
4,35878,True,B,A,3,1,B
4,35879,True,A,B,6,1,A
4,35880,True,A,B,0,1,A
4,35881,True,B,A,10,1,B
4,35882,True,A,B,4,1,A
4,35883,True,A,B,2,0,A
4,35884,True,B,A,2,1,B
4,35885,True,B,A,6,1,B
4,35886,True,B,A,1,1,B
4,35887,True,B,A,2,1,B
4,35888,True,A,B,1,1,A
4,35889,True,A,B,10,1,A
4,35890,False,,,,,
4,35891,True,B,A,6,1,B
4,35892,True,A,B,4,1,A
4,35893,True,B,A,0,1,B
4,35894,True,A,B,2,0,A
4,35895,True,A,B,10,1,A
4,35896,True,A,B,2,0,A
4,35897,True,A,B,0,1,A
4,35898,True,A,B,1,2,A
4,35899,True,B,A,10,1,B
4,35900,False,,,,,
4,35901,True,A,B,4,1,A
4,35902,True,B,A,10,1,B
4,35903,True,B,A,10,1,B
4,35904,True,B,A,1,1,B
4,35905,True,B,A,6,1,B
4,35906,True,B,A,4,1,B
4,35907,False,,,,,
4,35908,True,B,A,1,2,B
4,35909,True,A,B,1,2,A
4,35910,True,A,B,2,1,A
4,35911,False,,,,,
4,35912,True,A,B,2,0,A
4,35913,True,B,A,4,1,B
4,35914,True,A,B,4,1,A
4,35915,True,B,A,1,2,B
4,35916,True,B,A,1,1,B
4,35917,True,A,B,6,1,A
4,35918,True,A,B,6,1,A
4,35919,True,B,A,6,1,B
4,35920,True,B,A,4,1,B
4,35921,True,B,A,6,1,B
4,35922,True,B,A,2,1,B
4,35923,True,B,A,10,1,B
4,35924,True,A,B,1,2,A
4,35925,True,B,A,2,0,B
4,35926,True,B,A,4,1,B
4,35927,True,B,A,10,1,B
4,35928,True,B,A,3,1,B
4,35929,True,A,B,1,2,A
4,35930,True,A,B,2,0,A
4,35931,True,A,B,0,1,A
4,35932,True,A,B,1,2,A
4,35933,True,A,B,1,1,A
4,35934,True,A,B,6,1,A
4,35935,True,A,B,1,2,A
4,35936,True,B,A,6,1,B
4,35937,True,B,A,2,0,B
4,35938,True,A,B,4,1,A
4,35939,True,B,A,4,1,B
4,35940,True,B,A,3,1,B
4,35941,True,B,A,2,0,B
4,35942,True,A,B,1,2,A
4,35943,True,A,B,1,1,A
4,35944,True,B,A,6,1,B
4,35945,True,A,B,2,1,A
4,35946,True,A,B,4,1,A
4,35947,True,B,A,3,1,B
4,35948,True,A,B,1,2,A
4,35949,True,B,A,4,1,B
4,35950,False,,,,,
4,35951,True,A,B,3,1,A
4,35952,True,B,A,2,0,B
4,35953,True,B,A,2,0,B
4,35954,True,B,A,2,0,B
4,35955,True,B,A,6,1,B
4,35956,True,A,B,6,1,A
4,35957,True,A,B,10,1,A
4,35958,True,A,B,6,1,A
4,35959,False,,,,,
4,35960,True,A,B,2,0,A
4,35961,True,B,A,6,1,B
4,35962,True,B,A,2,0,B
4,35963,True,A,B,2,0,A
4,35964,True,A,B,2,1,A
4,35965,True,A,B,2,0,A
4,35966,True,B,A,3,1,B
4,35967,True,A,B,1,1,A
4,35968,True,A,B,0,1,A
4,35969,True,B,A,10,1,B
4,35970,True,B,A,2,0,B
4,35971,True,B,A,3,1,B
4,35972,True,A,B,4,1,A
4,35973,True,A,B,1,2,A
4,35974,True,A,B,10,1,A
4,35975,True,A,B,1,2,A
4,35976,True,A,B,4,1,A
4,35977,False,,,,,
4,35978,True,A,B,1,2,A
4,35979,True,A,B,1,2,A
4,35980,True,A,B,2,0,A
4,35981,True,A,B,3,1,A
4,35982,True,A,B,1,2,A
4,35983,True,A,B,0,1,A
4,35984,True,B,A,2,0,B
4,35985,True,B,A,4,1,B
4,35986,True,A,B,1,2,A
4,35987,True,A,B,0,1,A
4,35988,True,B,A,6,1,B
4,35989,True,A,B,2,0,A
4,35990,True,A,B,2,0,A
4,35991,True,A,B,2,0,A
4,35992,True,A,B,3,1,A
4,35993,False,,,,,
4,35994,True,A,B,3,1,A
4,35995,True,B,A,3,1,B
4,35996,True,A,B,10,1,A
4,35997,True,B,A,4,1,B
4,35998,True,A,B,1,1,A
4,35999,True,A,B,4,1,A
4,36000,True,B,A,10,1,B
4,36001,True,B,A,4,1,B
4,36002,True,B,A,4,1,B
4,36003,True,A,B,2,1,A
4,36004,True,B,A,6,1,B
4,36005,True,B,A,3,1,B
4,36006,True,A,B,6,1,A
4,36007,True,A,B,1,1,A
4,36008,True,A,B,0,1,A
4,36009,False,,,,,
4,36010,True,B,A,3,1,B
4,36011,True,A,B,1,1,A
4,36012,True,A,B,2,0,A
4,36013,True,A,B,1,2,A
4,36014,True,B,A,3,1,B
4,36015,True,B,A,2,1,B
4,36016,True,A,B,1,1,A
4,36017,True,B,A,6,1,B
4,36018,True,B,A,10,1,B
4,36019,True,B,A,2,1,B
4,36020,True,A,B,6,1,A
4,36021,True,A,B,3,1,A
4,36022,True,A,B,0,1,A
4,36023,True,B,A,0,1,B
4,36024,True,B,A,2,1,B
4,36025,True,A,B,1,2,A
4,36026,False,,,,,
4,36027,True,B,A,1,1,B
4,36028,True,B,A,1,2,B
4,36029,True,A,B,2,0,A
4,36030,True,A,B,4,1,A
4,36031,True,B,A,0,1,B
4,36032,True,B,A,2,0,B
4,36033,True,B,A,1,2,B
4,36034,True,B,A,2,1,B
4,36035,True,B,A,2,1,B
4,36036,True,A,B,2,0,A
4,36037,True,A,B,3,1,A
4,36038,True,A,B,6,1,A
4,36039,True,A,B,1,2,A
4,36040,True,A,B,2,0,A
4,36041,True,B,A,1,2,B
4,36042,True,B,A,3,1,B
4,36043,True,A,B,1,2,A
4,36044,True,B,A,1,2,B
4,36045,True,A,B,4,1,A
4,36046,True,A,B,2,1,A
4,36047,True,B,A,3,1,B
4,36048,True,A,B,3,1,A
4,36049,True,A,B,4,1,A
4,36050,True,A,B,2,1,A
4,36051,True,B,A,6,1,B
4,36052,True,A,B,10,1,A
4,36053,True,B,A,4,1,B
4,36054,True,A,B,10,1,A
4,36055,True,A,B,10,1,A
4,36056,True,A,B,4,1,A
4,36057,True,A,B,3,1,A
4,36058,True,A,B,1,1,A
4,36059,True,B,A,2,1,B
4,36060,True,B,A,1,2,B
4,36061,True,B,A,10,1,B
4,36062,True,A,B,3,1,A
4,36063,True,B,A,0,1,B
4,36064,True,A,B,3,1,A
4,36065,True,A,B,1,2,A
4,36066,True,A,B,2,0,A
4,36067,True,A,B,6,1,A
4,36068,True,A,B,0,1,A
4,36069,True,A,B,1,2,A
4,36070,True,B,A,3,1,B
4,36071,True,B,A,2,1,B
4,36072,True,A,B,2,0,A
4,36073,True,B,A,1,1,B
4,36074,True,B,A,0,1,B
4,36075,True,B,A,2,0,B
4,36076,True,B,A,4,1,B
4,36077,True,B,A,2,0,B
4,36078,True,B,A,1,2,B
4,36079,True,A,B,1,2,A
4,36080,True,A,B,0,1,A
4,36081,True,A,B,2,0,A
4,36082,True,A,B,6,1,A
4,36083,True,A,B,2,1,A
4,36084,False,,,,,
4,36085,True,A,B,2,0,A
4,36086,True,B,A,1,2,B
4,36087,True,B,A,6,1,B
4,36088,True,A,B,3,1,A
4,36089,True,B,A,1,1,B
4,36090,True,A,B,3,1,A
4,36091,True,A,B,4,1,A
4,36092,True,B,A,0,1,B
4,36093,True,B,A,1,1,B
4,36094,True,B,A,2,1,B
4,36095,True,A,B,1,2,A
4,36096,True,A,B,3,1,A
4,36097,True,A,B,1,1,A
4,36098,True,A,B,2,1,A
4,36099,False,,,,,
4,36100,True,B,A,3,1,B
4,36101,True,A,B,2,0,A
4,36102,True,B,A,4,1,B
4,36103,True,B,A,1,1,B
4,36104,True,A,B,2,0,A
4,36105,True,A,B,2,1,A
4,36106,True,B,A,4,1,B
4,36107,True,B,A,10,1,B
4,36108,True,B,A,4,1,B
4,36109,True,A,B,10,1,A
4,36110,True,B,A,4,1,B
4,36111,True,A,B,10,1,A
4,36112,True,A,B,6,1,A
4,36113,True,B,A,4,1,B
4,36114,True,B,A,2,0,B
4,36115,False,,,,,
4,36116,True,A,B,6,1,A
4,36117,True,B,A,4,1,B
4,36118,True,A,B,10,1,A
4,36119,True,B,A,3,1,B
4,36120,True,A,B,1,1,A
4,36121,True,A,B,3,1,A
4,36122,True,A,B,2,1,A
4,36123,True,B,A,2,0,B
4,36124,True,A,B,0,1,A
4,36125,True,A,B,10,1,A
4,36126,True,B,A,0,1,B
4,36127,True,A,B,1,1,A
4,36128,True,B,A,3,1,B
4,36129,True,A,B,1,1,A
4,36130,True,A,B,6,1,A
4,36131,True,A,B,0,1,A
4,36132,True,A,B,10,1,A
4,36133,True,B,A,0,1,B
4,36134,True,B,A,10,1,B
4,36135,True,A,B,1,2,A
4,36136,True,A,B,0,1,A
4,36137,True,B,A,2,0,B
4,36138,True,A,B,0,1,A
4,36139,True,A,B,2,1,A
4,36140,True,B,A,2,1,B
4,36141,True,B,A,6,1,B
4,36142,True,A,B,3,1,A
4,36143,True,B,A,3,1,B
4,36144,True,B,A,10,1,B
4,36145,False,,,,,
4,36146,True,B,A,10,1,B
4,36147,True,A,B,4,1,A
4,36148,True,A,B,1,2,A
4,36149,True,B,A,10,1,B
4,36150,True,B,A,3,1,B
4,36151,True,B,A,6,1,B
4,36152,True,A,B,2,0,A
4,36153,True,A,B,2,0,A
4,36154,True,A,B,2,1,A
4,36155,True,A,B,2,1,A
4,36156,True,B,A,3,1,B
4,36157,True,A,B,1,2,A
4,36158,True,A,B,2,1,A
4,36159,True,A,B,0,1,A
4,36160,True,B,A,1,2,B
4,36161,True,A,B,1,1,A
4,36162,True,B,A,6,1,B
4,36163,True,A,B,2,0,A
4,36164,True,A,B,10,1,A
4,36165,True,A,B,1,1,A
4,36166,True,A,B,2,1,A
4,36167,True,B,A,6,1,B
4,36168,True,B,A,3,1,B
4,36169,True,B,A,4,1,B
4,36170,True,A,B,0,1,A
4,36171,True,A,B,10,1,A
4,36172,True,A,B,1,2,A
4,36173,True,A,B,6,1,A
4,36174,True,B,A,2,1,B
4,36175,True,B,A,2,1,B
4,36176,True,A,B,6,1,A
4,36177,True,A,B,0,1,A
4,36178,True,B,A,1,1,B
4,36179,True,A,B,2,0,A
4,36180,True,A,B,1,1,A
4,36181,True,B,A,10,1,B
4,36182,True,A,B,2,0,A
4,36183,True,B,A,0,1,B
4,36184,True,A,B,1,1,A
4,36185,True,A,B,1,1,A
4,36186,True,B,A,10,1,B
4,36187,True,B,A,2,0,B
4,36188,True,A,B,2,0,A
4,36189,True,A,B,10,1,A
4,36190,True,A,B,4,1,A
4,36191,True,A,B,2,1,A
4,36192,True,B,A,2,0,B
4,36193,True,A,B,4,1,A
4,36194,True,B,A,2,0,B
4,36195,True,B,A,10,1,B
4,36196,True,B,A,3,1,B
4,36197,True,B,A,0,1,B
4,36198,True,A,B,1,2,A
4,36199,True,B,A,1,1,B
4,36200,True,A,B,0,1,A
4,36201,True,A,B,6,1,A
4,36202,True,B,A,2,1,B
4,36203,True,A,B,4,1,A
4,36204,True,B,A,6,1,B
4,36205,True,B,A,6,1,B
4,36206,True,A,B,4,1,A
4,36207,True,B,A,1,1,B
4,36208,True,B,A,2,0,B
4,36209,True,B,A,10,1,B
4,36210,True,B,A,2,1,B
4,36211,True,A,B,4,1,A
4,36212,True,A,B,1,2,A
4,36213,True,B,A,1,1,B
4,36214,True,A,B,1,1,A
4,36215,True,A,B,10,1,A
4,36216,True,A,B,6,1,A
4,36217,True,A,B,3,1,A
4,36218,True,B,A,2,0,B
4,36219,True,B,A,6,1,B
4,36220,True,B,A,1,2,B
4,36221,True,B,A,4,1,B
4,36222,True,B,A,4,1,B
4,36223,False,,,,,
4,36224,True,B,A,2,1,B
4,36225,True,A,B,3,1,A
4,36226,True,B,A,1,1,B
4,36227,True,A,B,2,0,A
4,36228,True,A,B,0,1,A
4,36229,True,B,A,2,0,B
4,36230,True,B,A,1,2,B
4,36231,True,A,B,6,1,A
4,36232,True,A,B,10,1,A
4,36233,True,B,A,2,0,B
4,36234,True,A,B,3,1,A
4,36235,True,B,A,2,1,B
4,36236,True,A,B,3,1,A
4,36237,True,B,A,10,1,B
4,36238,True,B,A,2,0,B
4,36239,True,A,B,1,1,A
4,36240,True,A,B,4,1,A
4,36241,True,A,B,10,1,A
4,36242,True,B,A,1,1,B
4,36243,True,A,B,4,1,A
4,36244,True,B,A,3,1,B
4,36245,True,A,B,10,1,A
4,36246,True,A,B,1,2,A
4,36247,True,B,A,3,1,B
4,36248,True,B,A,2,0,B
4,36249,True,B,A,2,1,B
4,36250,True,B,A,1,1,B
4,36251,True,B,A,1,1,B
4,36252,True,A,B,1,2,A
4,36253,True,B,A,6,1,B
4,36254,True,A,B,0,1,A
4,36255,True,A,B,0,1,A
4,36256,True,B,A,2,0,B
4,36257,True,B,A,4,1,B
4,36258,True,B,A,3,1,B
4,36259,True,A,B,3,1,A
4,36260,True,A,B,2,1,A
4,36261,True,A,B,4,1,A
4,36262,True,B,A,3,1,B
4,36263,False,,,,,
4,36264,True,A,B,2,1,A
4,36265,True,A,B,1,1,A
4,36266,True,B,A,6,1,B
4,36267,True,B,A,0,1,B
4,36268,True,B,A,2,0,B
4,36269,True,A,B,2,1,A
4,36270,True,A,B,10,1,A
4,36271,True,A,B,2,1,A
4,36272,True,B,A,3,1,B
4,36273,True,A,B,0,1,A
4,36274,True,B,A,2,0,B
4,36275,True,A,B,4,1,A
4,36276,True,B,A,2,1,B
4,36277,True,A,B,2,0,A
4,36278,False,,,,,
4,36279,True,B,A,0,1,B
4,36280,True,A,B,1,2,A
4,36281,True,B,A,10,1,B
4,36282,True,A,B,4,1,A
4,36283,True,B,A,1,1,B
4,36284,True,B,A,1,1,B
4,36285,True,B,A,3,1,B
4,36286,True,A,B,6,1,A
4,36287,True,A,B,6,1,A
4,36288,True,A,B,10,1,A
4,36289,True,A,B,3,1,A
4,36290,True,A,B,3,1,A
4,36291,True,B,A,1,2,B
4,36292,True,B,A,4,1,B
4,36293,True,A,B,6,1,A
4,36294,True,A,B,1,1,A
4,36295,True,B,A,6,1,B
4,36296,True,A,B,2,1,A
4,36297,True,A,B,10,1,A
4,36298,True,B,A,2,1,B
4,36299,False,,,,,
4,36300,True,A,B,0,1,A
4,36301,True,A,B,3,1,A
4,36302,True,A,B,0,1,A
4,36303,True,A,B,3,1,A
4,36304,True,A,B,2,0,A
4,36305,True,A,B,1,2,A
4,36306,True,A,B,2,1,A
4,36307,False,,,,,
4,36308,True,A,B,4,1,A
4,36309,True,A,B,6,1,A
4,36310,True,A,B,3,1,A
4,36311,True,A,B,2,0,A
4,36312,True,A,B,1,1,A
4,36313,True,A,B,3,1,A
4,36314,True,A,B,6,1,A
4,36315,True,B,A,1,1,B
4,36316,True,A,B,0,1,A
4,36317,True,B,A,6,1,B
4,36318,False,,,,,
4,36319,True,A,B,1,2,A
4,36320,True,A,B,10,1,A
4,36321,True,A,B,3,1,A
4,36322,True,A,B,6,1,A
4,36323,True,B,A,0,1,B
4,36324,True,B,A,3,1,B
4,36325,True,A,B,2,1,A
4,36326,True,B,A,1,1,B
4,36327,True,B,A,10,1,B
4,36328,True,A,B,2,0,A
4,36329,True,B,A,2,1,B
4,36330,False,,,,,
4,36331,True,A,B,2,1,A
4,36332,True,B,A,10,1,B
4,36333,True,A,B,0,1,A
4,36334,True,B,A,1,1,B
4,36335,True,B,A,2,1,B
4,36336,True,B,A,1,2,B
4,36337,True,B,A,1,2,B
4,36338,True,B,A,3,1,B
4,36339,True,B,A,0,1,B
4,36340,True,A,B,1,2,A
4,36341,True,A,B,2,0,A
4,36342,True,A,B,1,2,A
4,36343,True,A,B,2,1,A
4,36344,True,A,B,1,2,A
4,36345,True,A,B,3,1,A
4,36346,True,A,B,6,1,A
4,36347,True,A,B,2,1,A
4,36348,True,A,B,3,1,A
4,36349,False,,,,,
4,36350,True,B,A,4,1,B
4,36351,True,A,B,2,1,A
4,36352,True,A,B,2,1,A
4,36353,True,A,B,4,1,A
4,36354,True,A,B,10,1,A
4,36355,True,A,B,2,0,A
4,36356,False,,,,,
4,36357,True,A,B,4,1,A
4,36358,True,A,B,10,1,A
4,36359,True,B,A,2,0,B
4,36360,True,B,A,0,1,B
4,36361,True,B,A,2,1,B
4,36362,True,B,A,4,1,B
4,36363,True,A,B,2,0,A
4,36364,True,A,B,0,1,A
4,36365,True,A,B,0,1,A
4,36366,True,A,B,1,2,A
4,36367,True,A,B,3,1,A
4,36368,True,B,A,4,1,B
4,36369,True,B,A,0,1,B
4,36370,True,A,B,1,2,A
4,36371,True,A,B,1,1,A
4,36372,True,A,B,0,1,A
4,36373,True,B,A,10,1,B
4,36374,True,A,B,3,1,A
4,36375,True,B,A,10,1,B
4,36376,True,B,A,2,0,B
4,36377,True,B,A,10,1,B
4,36378,True,B,A,1,2,B
4,36379,True,B,A,3,1,B
4,36380,True,A,B,6,1,A
4,36381,True,B,A,6,1,B
4,36382,False,,,,,
4,36383,True,B,A,2,0,B
4,36384,True,B,A,10,1,B
4,36385,True,A,B,1,1,A
4,36386,False,,,,,
4,36387,True,B,A,1,1,B
4,36388,True,A,B,1,1,A
4,36389,True,A,B,3,1,A
4,36390,True,B,A,6,1,B
4,36391,True,A,B,0,1,A
4,36392,True,B,A,4,1,B
4,36393,True,A,B,10,1,A
4,36394,True,A,B,1,1,A
4,36395,True,B,A,3,1,B
4,36396,True,A,B,0,1,A
4,36397,True,B,A,3,1,B
4,36398,True,B,A,4,1,B
4,36399,True,A,B,1,2,A
4,36400,True,A,B,0,1,A
4,36401,False,,,,,
4,36402,True,A,B,6,1,A
4,36403,True,A,B,6,1,A
4,36404,True,A,B,1,1,A
4,36405,True,A,B,3,1,A
4,36406,True,A,B,3,1,A
4,36407,True,A,B,3,1,A
4,36408,True,B,A,1,2,B
4,36409,True,B,A,1,2,B
4,36410,True,B,A,3,1,B
4,36411,True,A,B,1,2,A
4,36412,True,B,A,2,1,B
4,36413,True,A,B,3,1,A
4,36414,True,B,A,6,1,B
4,36415,True,A,B,3,1,A
4,36416,True,A,B,10,1,A
4,36417,True,B,A,6,1,B
4,36418,True,A,B,1,2,A
4,36419,True,B,A,3,1,B
4,36420,True,B,A,1,1,B
4,36421,True,A,B,10,1,A
4,36422,True,B,A,6,1,B
4,36423,True,A,B,3,1,A
4,36424,True,A,B,6,1,A
4,36425,True,A,B,4,1,A
4,36426,True,A,B,1,2,A
4,36427,True,B,A,4,1,B
4,36428,True,A,B,0,1,A
4,36429,True,A,B,2,0,A
4,36430,True,A,B,10,1,A
4,36431,True,A,B,2,1,A
4,36432,True,A,B,1,2,A
4,36433,True,B,A,10,1,B
4,36434,True,A,B,0,1,A
4,36435,True,B,A,10,1,B
4,36436,True,A,B,3,1,A
4,36437,True,A,B,0,1,A
4,36438,True,A,B,6,1,A
4,36439,True,B,A,3,1,B
4,36440,True,A,B,2,0,A
4,36441,False,,,,,
4,36442,True,A,B,2,0,A
4,36443,True,A,B,1,2,A
4,36444,True,A,B,3,1,A
4,36445,True,B,A,1,2,B
4,36446,True,B,A,3,1,B
4,36447,True,B,A,6,1,B
4,36448,True,B,A,6,1,B
4,36449,True,B,A,3,1,B
4,36450,True,A,B,2,0,A
4,36451,True,B,A,4,1,B
4,36452,True,A,B,1,1,A
4,36453,True,B,A,1,2,B
4,36454,True,B,A,1,2,B
4,36455,True,B,A,10,1,B
4,36456,True,A,B,1,1,A
4,36457,True,B,A,6,1,B
4,36458,True,B,A,2,0,B
4,36459,True,B,A,2,0,B
4,36460,True,B,A,1,2,B
4,36461,True,A,B,1,2,A
4,36462,True,A,B,3,1,A
4,36463,True,A,B,0,1,A
4,36464,True,B,A,1,1,B
4,36465,True,A,B,2,1,A
4,36466,True,A,B,1,2,A
4,36467,True,B,A,2,0,B
4,36468,True,A,B,3,1,A
4,36469,True,A,B,0,1,A
4,36470,True,B,A,6,1,B
4,36471,True,A,B,2,0,A
4,36472,True,B,A,2,1,B
4,36473,True,A,B,0,1,A
4,36474,True,B,A,1,1,B
4,36475,True,A,B,1,2,A
4,36476,True,B,A,1,2,B
4,36477,True,A,B,3,1,A
4,36478,False,,,,,
4,36479,True,A,B,0,1,A
4,36480,True,B,A,2,0,B
4,36481,True,A,B,2,1,A
4,36482,True,A,B,4,1,A
4,36483,True,A,B,1,2,A
4,36484,True,A,B,1,2,A
4,36485,True,A,B,1,2,A
4,36486,True,B,A,1,1,B
4,36487,True,B,A,2,0,B
4,36488,True,A,B,3,1,A
4,36489,True,B,A,3,1,B
4,36490,True,A,B,1,2,A
4,36491,True,B,A,3,1,B
4,36492,True,A,B,1,1,A
4,36493,True,A,B,4,1,A
4,36494,True,A,B,2,1,A
4,36495,True,A,B,1,1,A
4,36496,True,A,B,10,1,A
4,36497,True,B,A,4,1,B
4,36498,True,A,B,1,2,A
4,36499,True,B,A,0,1,B
4,36500,True,A,B,0,1,A
4,36501,True,B,A,3,1,B
4,36502,True,A,B,3,1,A
4,36503,True,B,A,4,1,B
4,36504,True,B,A,4,1,B
4,36505,True,A,B,1,2,A
4,36506,True,A,B,2,0,A
4,36507,True,B,A,10,1,B
4,36508,True,A,B,3,1,A
4,36509,True,B,A,10,1,B
4,36510,True,B,A,4,1,B
4,36511,True,A,B,1,2,A
4,36512,True,B,A,2,1,B
4,36513,True,B,A,2,1,B
4,36514,True,B,A,1,2,B
4,36515,True,A,B,1,1,A
4,36516,True,B,A,4,1,B
4,36517,False,,,,,
4,36518,True,B,A,4,1,B
4,36519,True,B,A,1,1,B
4,36520,True,B,A,6,1,B
4,36521,True,B,A,4,1,B
4,36522,True,A,B,1,1,A
4,36523,False,,,,,
4,36524,True,A,B,3,1,A
4,36525,True,A,B,2,1,A
4,36526,False,,,,,
4,36527,True,B,A,3,1,B
4,36528,True,B,A,3,1,B
4,36529,True,A,B,1,1,A
4,36530,True,A,B,2,0,A
4,36531,True,B,A,6,1,B
4,36532,True,A,B,1,1,A
4,36533,True,B,A,1,2,B
4,36534,False,,,,,
4,36535,True,B,A,10,1,B
4,36536,True,B,A,2,1,B
4,36537,False,,,,,
4,36538,True,A,B,4,1,A
4,36539,True,A,B,3,1,A
4,36540,True,A,B,6,1,A
4,36541,True,A,B,6,1,A
4,36542,True,A,B,10,1,A
4,36543,True,A,B,3,1,A
4,36544,True,A,B,4,1,A
4,36545,True,A,B,6,1,A
4,36546,False,,,,,
4,36547,True,B,A,4,1,B
4,36548,True,B,A,6,1,B
4,36549,True,B,A,2,1,B
4,36550,True,A,B,1,2,A
4,36551,True,A,B,3,1,A
4,36552,True,B,A,2,0,B
4,36553,True,B,A,4,1,B
4,36554,True,A,B,6,1,A
4,36555,True,A,B,0,1,A
4,36556,True,B,A,2,1,B
4,36557,True,A,B,4,1,A
4,36558,True,A,B,2,0,A
4,36559,True,B,A,10,1,B
4,36560,True,B,A,2,0,B
4,36561,True,B,A,4,1,B
4,36562,True,A,B,2,0,A
4,36563,True,A,B,2,0,A
4,36564,True,B,A,6,1,B
4,36565,True,B,A,2,0,B
4,36566,True,B,A,6,1,B
4,36567,True,B,A,10,1,B
4,36568,True,B,A,0,1,B
4,36569,True,B,A,0,1,B
4,36570,True,A,B,0,1,A
4,36571,True,B,A,2,0,B
4,36572,True,A,B,0,1,A
4,36573,True,A,B,2,0,A
4,36574,True,A,B,3,1,A
4,36575,True,B,A,4,1,B
4,36576,True,B,A,3,1,B
4,36577,True,B,A,1,2,B
4,36578,True,A,B,2,0,A
4,36579,True,B,A,1,2,B
4,36580,True,B,A,1,1,B
4,36581,True,B,A,4,1,B
4,36582,True,B,A,6,1,B
4,36583,True,B,A,1,2,B
4,36584,True,B,A,2,1,B
4,36585,True,A,B,2,1,A
4,36586,True,A,B,2,1,A
4,36587,True,A,B,4,1,A
4,36588,True,B,A,2,1,B
4,36589,True,B,A,2,1,B
4,36590,True,A,B,2,1,A
4,36591,True,B,A,10,1,B
4,36592,True,B,A,2,0,B
4,36593,True,B,A,3,1,B
4,36594,True,A,B,10,1,A
4,36595,True,A,B,2,1,A
4,36596,True,B,A,10,1,B
4,36597,True,A,B,10,1,A
4,36598,True,A,B,6,1,A
4,36599,True,B,A,1,1,B
4,36600,True,B,A,10,1,B
4,36601,True,B,A,6,1,B
4,36602,True,B,A,10,1,B
4,36603,True,A,B,0,1,A
4,36604,True,B,A,3,1,B
4,36605,True,B,A,2,1,B
4,36606,True,B,A,4,1,B
4,36607,True,B,A,2,0,B
4,36608,True,B,A,10,1,B
4,36609,True,A,B,1,1,A
4,36610,False,,,,,
4,36611,True,A,B,2,1,A
4,36612,True,B,A,2,1,B
4,36613,True,B,A,4,1,B
4,36614,True,A,B,1,2,A
4,36615,True,B,A,2,1,B
4,36616,True,A,B,0,1,A
4,36617,True,A,B,0,1,A
4,36618,True,A,B,0,1,A
4,36619,True,B,A,2,1,B
4,36620,True,B,A,1,1,B
4,36621,True,A,B,3,1,A
4,36622,True,A,B,1,1,A
4,36623,True,B,A,2,0,B
4,36624,True,B,A,6,1,B
4,36625,True,B,A,10,1,B
4,36626,True,A,B,1,2,A
4,36627,True,B,A,1,1,B
4,36628,True,A,B,6,1,A
4,36629,True,A,B,3,1,A
4,36630,True,B,A,2,0,B
4,36631,True,A,B,4,1,A
4,36632,True,B,A,2,1,B
4,36633,True,B,A,1,2,B
4,36634,True,B,A,6,1,B
4,36635,True,A,B,2,1,A
4,36636,True,B,A,4,1,B
4,36637,True,A,B,6,1,A
4,36638,True,B,A,3,1,B
4,36639,True,B,A,2,1,B
4,36640,True,B,A,2,0,B
4,36641,True,B,A,10,1,B
4,36642,True,A,B,2,1,A
4,36643,True,A,B,2,0,A
4,36644,True,B,A,10,1,B
4,36645,True,A,B,4,1,A
4,36646,True,B,A,6,1,B
4,36647,True,B,A,2,1,B
4,36648,True,B,A,4,1,B
4,36649,True,B,A,1,2,B
4,36650,True,A,B,2,0,A
4,36651,True,B,A,2,0,B
4,36652,True,B,A,10,1,B
4,36653,True,B,A,1,2,B
4,36654,True,B,A,1,2,B
4,36655,True,B,A,2,1,B
4,36656,True,A,B,4,1,A
4,36657,True,B,A,3,1,B
4,36658,True,B,A,10,1,B
4,36659,True,A,B,6,1,A
4,36660,True,A,B,1,2,A
4,36661,True,A,B,1,2,A
4,36662,True,B,A,2,0,B
4,36663,True,A,B,2,0,A
4,36664,True,A,B,1,2,A
4,36665,True,A,B,6,1,A
4,36666,True,B,A,4,1,B
4,36667,True,A,B,10,1,A
4,36668,True,B,A,1,1,B
4,36669,True,B,A,10,1,B
4,36670,True,B,A,0,1,B
4,36671,True,B,A,10,1,B
4,36672,True,B,A,1,2,B
4,36673,True,B,A,1,1,B
4,36674,True,B,A,6,1,B
4,36675,True,A,B,1,2,A
4,36676,True,B,A,2,1,B
4,36677,True,B,A,0,1,B
4,36678,True,A,B,2,1,A
4,36679,True,B,A,10,1,B
4,36680,True,B,A,2,0,B
4,36681,True,B,A,4,1,B
4,36682,True,B,A,4,1,B
4,36683,True,A,B,2,0,A
4,36684,True,A,B,2,0,A
4,36685,True,B,A,3,1,B
4,36686,True,A,B,2,1,A
4,36687,True,A,B,4,1,A
4,36688,True,A,B,1,2,A
4,36689,True,B,A,10,1,B
4,36690,True,A,B,6,1,A
4,36691,False,,,,,
4,36692,True,A,B,3,1,A
4,36693,True,A,B,2,0,A
4,36694,True,A,B,1,1,A
4,36695,True,B,A,4,1,B
4,36696,True,A,B,2,0,A
4,36697,True,B,A,4,1,B
4,36698,False,,,,,
4,36699,True,A,B,1,1,A
4,36700,True,A,B,2,0,A
4,36701,True,B,A,4,1,B
4,36702,False,,,,,
4,36703,True,B,A,10,1,B
4,36704,True,B,A,2,1,B
4,36705,True,A,B,2,0,A
4,36706,True,B,A,3,1,B
4,36707,True,B,A,2,1,B
4,36708,True,B,A,6,1,B
4,36709,True,A,B,2,0,A
4,36710,True,A,B,10,1,A
4,36711,True,A,B,0,1,A
4,36712,True,B,A,10,1,B
4,36713,True,A,B,1,1,A
4,36714,True,A,B,1,2,A
4,36715,True,B,A,1,2,B
4,36716,True,A,B,6,1,A
4,36717,True,B,A,2,0,B
4,36718,True,A,B,1,1,A
4,36719,True,B,A,2,0,B
4,36720,True,B,A,0,1,B
4,36721,True,A,B,0,1,A
4,36722,False,,,,,
4,36723,True,A,B,6,1,A
4,36724,True,B,A,1,1,B
4,36725,False,,,,,
4,36726,True,B,A,1,2,B
4,36727,True,A,B,1,2,A
4,36728,True,A,B,0,1,A
4,36729,True,B,A,10,1,B
4,36730,True,A,B,2,1,A
4,36731,True,B,A,6,1,B
4,36732,True,B,A,2,1,B
4,36733,True,A,B,2,1,A
4,36734,True,A,B,1,2,A
4,36735,True,A,B,6,1,A
4,36736,True,A,B,3,1,A
4,36737,True,B,A,2,0,B
4,36738,True,A,B,0,1,A
4,36739,True,A,B,2,0,A
4,36740,True,B,A,10,1,B
4,36741,True,A,B,1,1,A
4,36742,True,B,A,2,0,B
4,36743,True,A,B,6,1,A
4,36744,True,B,A,2,0,B
4,36745,True,A,B,2,0,A
4,36746,True,A,B,1,2,A
4,36747,True,B,A,4,1,B
4,36748,True,B,A,1,1,B
4,36749,True,A,B,6,1,A
4,36750,True,B,A,6,1,B
4,36751,True,B,A,2,1,B
4,36752,True,A,B,1,2,A
4,36753,False,,,,,
4,36754,True,B,A,0,1,B
4,36755,True,A,B,3,1,A
4,36756,False,,,,,
4,36757,True,B,A,2,1,B
4,36758,True,B,A,1,2,B
4,36759,True,A,B,0,1,A
4,36760,True,B,A,6,1,B
4,36761,True,A,B,2,0,A
4,36762,True,A,B,10,1,A
4,36763,True,A,B,2,1,A
4,36764,True,A,B,0,1,A
4,36765,True,A,B,2,1,A
4,36766,True,B,A,0,1,B
4,36767,True,B,A,0,1,B
4,36768,True,A,B,10,1,A
4,36769,True,B,A,6,1,B
4,36770,True,A,B,4,1,A
4,36771,True,B,A,2,0,B
4,36772,True,B,A,1,2,B
4,36773,True,B,A,1,2,B
4,36774,True,B,A,2,1,B
4,36775,True,A,B,3,1,A
4,36776,True,A,B,6,1,A
4,36777,True,A,B,4,1,A
4,36778,True,A,B,4,1,A
4,36779,False,,,,,
4,36780,False,,,,,
4,36781,True,A,B,0,1,A
4,36782,True,A,B,1,1,A
4,36783,False,,,,,
4,36784,True,B,A,6,1,B
4,36785,True,A,B,2,1,A
4,36786,True,A,B,0,1,A
4,36787,True,B,A,1,2,B
4,36788,True,B,A,1,1,B
4,36789,True,A,B,6,1,A
4,36790,True,A,B,2,0,A
4,36791,True,B,A,3,1,B
4,36792,True,B,A,3,1,B
4,36793,True,B,A,6,1,B
4,36794,True,B,A,3,1,B
4,36795,True,A,B,10,1,A
4,36796,True,B,A,10,1,B
4,36797,True,A,B,4,1,A
4,36798,True,B,A,1,2,B
4,36799,True,A,B,2,1,A
4,36800,True,B,A,2,1,B
4,36801,True,A,B,1,2,A
4,36802,True,B,A,10,1,B
4,36803,True,A,B,2,0,A
4,36804,True,B,A,1,1,B
4,36805,True,A,B,6,1,A
4,36806,True,A,B,1,2,A
4,36807,True,B,A,4,1,B
4,36808,True,B,A,3,1,B
4,36809,True,B,A,6,1,B
4,36810,True,B,A,6,1,B
4,36811,True,A,B,0,1,A
4,36812,True,A,B,6,1,A
4,36813,True,B,A,6,1,B
4,36814,True,B,A,1,1,B
4,36815,True,B,A,3,1,B
4,36816,True,A,B,2,0,A
4,36817,True,A,B,0,1,A
4,36818,True,B,A,2,0,B
4,36819,True,B,A,3,1,B
4,36820,True,B,A,3,1,B
4,36821,True,A,B,6,1,A
4,36822,True,B,A,6,1,B
4,36823,True,B,A,10,1,B
4,36824,True,B,A,4,1,B
4,36825,True,A,B,3,1,A
4,36826,True,A,B,1,2,A
4,36827,True,B,A,3,1,B
4,36828,True,B,A,3,1,B
4,36829,True,A,B,10,1,A
4,36830,True,B,A,1,1,B
4,36831,True,B,A,6,1,B
4,36832,False,,,,,
4,36833,True,A,B,2,0,A
4,36834,True,A,B,2,1,A
4,36835,True,A,B,1,2,A
4,36836,True,A,B,6,1,A
4,36837,True,A,B,2,0,A
4,36838,True,B,A,10,1,B
4,36839,True,A,B,4,1,A
4,36840,True,A,B,6,1,A
4,36841,True,A,B,1,1,A
4,36842,True,A,B,0,1,A
4,36843,True,B,A,6,1,B
4,36844,True,B,A,1,1,B
4,36845,True,A,B,1,1,A
4,36846,True,B,A,2,1,B
4,36847,True,B,A,10,1,B
4,36848,True,B,A,10,1,B
4,36849,True,A,B,1,2,A
4,36850,True,A,B,0,1,A
4,36851,True,A,B,0,1,A
4,36852,True,B,A,4,1,B
4,36853,True,A,B,2,0,A
4,36854,True,A,B,6,1,A
4,36855,True,B,A,2,0,B
4,36856,True,A,B,0,1,A
4,36857,True,B,A,2,0,B
4,36858,True,B,A,3,1,B
4,36859,True,B,A,2,1,B
4,36860,True,B,A,3,1,B
4,36861,True,A,B,10,1,A
4,36862,True,B,A,6,1,B
4,36863,True,B,A,6,1,B
4,36864,True,A,B,1,2,A
4,36865,True,B,A,10,1,B
4,36866,True,A,B,2,1,A
4,36867,True,A,B,3,1,A
4,36868,False,,,,,
4,36869,False,,,,,
4,36870,True,A,B,6,1,A
4,36871,True,A,B,10,1,A
4,36872,True,A,B,0,1,A
4,36873,True,B,A,1,1,B
4,36874,True,B,A,2,1,B
4,36875,False,,,,,
4,36876,True,B,A,2,0,B
4,36877,True,A,B,1,2,A
4,36878,True,B,A,2,1,B
4,36879,True,A,B,0,1,A
4,36880,True,A,B,2,0,A
4,36881,True,B,A,0,1,B
4,36882,True,B,A,4,1,B
4,36883,True,A,B,1,1,A
4,36884,True,B,A,4,1,B
4,36885,True,B,A,2,0,B
4,36886,True,B,A,10,1,B
4,36887,True,A,B,10,1,A
4,36888,False,,,,,
4,36889,True,A,B,0,1,A
4,36890,True,B,A,0,1,B
4,36891,True,A,B,10,1,A
4,36892,True,A,B,1,2,A
4,36893,True,A,B,10,1,A
4,36894,True,A,B,2,0,A
4,36895,True,B,A,1,2,B
4,36896,True,B,A,10,1,B
4,36897,True,A,B,6,1,A
4,36898,True,B,A,2,1,B
4,36899,True,B,A,0,1,B
4,36900,True,B,A,1,2,B
4,36901,True,B,A,0,1,B
4,36902,True,B,A,2,0,B
4,36903,True,B,A,2,1,B
4,36904,True,A,B,2,1,A
4,36905,True,A,B,4,1,A
4,36906,True,B,A,2,0,B
4,36907,False,,,,,
4,36908,True,A,B,4,1,A
4,36909,False,,,,,
4,36910,True,B,A,6,1,B
4,36911,True,A,B,2,0,A
4,36912,True,A,B,3,1,A
4,36913,True,A,B,0,1,A
4,36914,True,A,B,10,1,A
4,36915,True,B,A,1,2,B
4,36916,True,A,B,1,2,A
4,36917,True,A,B,6,1,A
4,36918,True,B,A,3,1,B
4,36919,True,A,B,1,2,A
4,36920,True,A,B,1,1,A
4,36921,True,A,B,0,1,A
4,36922,False,,,,,
4,36923,True,A,B,2,0,A
4,36924,True,B,A,2,0,B
4,36925,True,B,A,10,1,B
4,36926,True,A,B,6,1,A
4,36927,True,A,B,4,1,A
4,36928,True,A,B,10,1,A
4,36929,True,A,B,0,1,A
4,36930,True,B,A,1,2,B
4,36931,True,A,B,1,1,A
4,36932,True,B,A,2,0,B
4,36933,True,B,A,6,1,B
4,36934,False,,,,,
4,36935,True,A,B,0,1,A
4,36936,True,B,A,6,1,B
4,36937,True,A,B,3,1,A
4,36938,True,B,A,0,1,B
4,36939,False,,,,,
4,36940,False,,,,,
4,36941,True,A,B,6,1,A
4,36942,True,A,B,3,1,A
4,36943,True,B,A,4,1,B
4,36944,True,A,B,3,1,A
4,36945,False,,,,,
4,36946,True,A,B,10,1,A
4,36947,True,B,A,3,1,B
4,36948,False,,,,,
4,36949,True,B,A,6,1,B
4,36950,True,A,B,2,1,A
4,36951,True,A,B,6,1,A
4,36952,True,B,A,4,1,B
4,36953,True,A,B,1,2,A
4,36954,True,A,B,4,1,A
4,36955,True,B,A,3,1,B
4,36956,True,A,B,0,1,A
4,36957,True,B,A,2,0,B
4,36958,True,B,A,3,1,B
4,36959,True,B,A,3,1,B
4,36960,True,A,B,2,1,A
4,36961,True,A,B,4,1,A
4,36962,True,B,A,1,2,B
4,36963,True,A,B,1,1,A
4,36964,True,A,B,2,1,A
4,36965,True,A,B,6,1,A
4,36966,True,B,A,3,1,B
4,36967,True,A,B,0,1,A
4,36968,True,A,B,0,1,A
4,36969,True,B,A,2,1,B
4,36970,True,A,B,1,2,A
4,36971,True,B,A,1,1,B
4,36972,True,A,B,0,1,A
4,36973,True,A,B,3,1,A
4,36974,True,A,B,1,1,A
4,36975,True,A,B,4,1,A
4,36976,True,B,A,6,1,B
4,36977,True,A,B,0,1,A
4,36978,True,A,B,6,1,A
4,36979,True,A,B,0,1,A
4,36980,True,A,B,2,1,A
4,36981,True,A,B,0,1,A
4,36982,True,B,A,2,1,B
4,36983,True,A,B,1,2,A
4,36984,True,B,A,10,1,B
4,36985,True,A,B,2,1,A
4,36986,True,A,B,1,2,A
4,36987,True,B,A,3,1,B
4,36988,True,B,A,10,1,B
4,36989,True,B,A,2,0,B
4,36990,True,B,A,0,1,B
4,36991,True,B,A,1,1,B
4,36992,True,A,B,2,1,A
4,36993,True,A,B,1,1,A
4,36994,True,B,A,10,1,B
4,36995,True,B,A,10,1,B
4,36996,True,A,B,2,1,A
4,36997,True,A,B,10,1,A
4,36998,True,B,A,4,1,B
4,36999,True,B,A,1,1,B
4,37000,True,A,B,6,1,A
4,37001,True,B,A,6,1,B
4,37002,True,B,A,6,1,B
4,37003,True,A,B,0,1,A
4,37004,True,A,B,2,1,A
4,37005,True,B,A,10,1,B
4,37006,True,A,B,2,0,A
4,37007,True,B,A,1,1,B
4,37008,True,A,B,4,1,A
4,37009,True,A,B,2,0,A
4,37010,True,A,B,2,0,A
4,37011,True,A,B,3,1,A
4,37012,True,B,A,2,1,B
4,37013,True,A,B,2,0,A
4,37014,True,A,B,1,1,A
4,37015,True,B,A,4,1,B
4,37016,True,A,B,1,2,A
4,37017,False,,,,,
4,37018,True,B,A,6,1,B
4,37019,True,B,A,2,1,B
4,37020,True,A,B,2,1,A
4,37021,True,A,B,1,2,A
4,37022,True,A,B,2,0,A
4,37023,True,A,B,3,1,A
4,37024,True,A,B,1,1,A
4,37025,True,A,B,2,0,A
4,37026,True,A,B,6,1,A
4,37027,True,A,B,10,1,A
4,37028,True,A,B,4,1,A
4,37029,True,B,A,2,1,B
4,37030,True,A,B,1,2,A
4,37031,True,A,B,1,2,A
4,37032,True,A,B,1,1,A
4,37033,True,A,B,1,1,A
4,37034,True,B,A,2,1,B
4,37035,True,B,A,10,1,B
4,37036,True,A,B,10,1,A
4,37037,True,A,B,0,1,A
4,37038,True,B,A,1,2,B
4,37039,True,B,A,6,1,B
4,37040,True,A,B,3,1,A
4,37041,True,B,A,10,1,B
4,37042,True,B,A,2,0,B
4,37043,True,B,A,2,1,B
4,37044,True,B,A,2,1,B
4,37045,True,A,B,0,1,A
4,37046,True,B,A,6,1,B
4,37047,True,A,B,10,1,A
4,37048,True,B,A,6,1,B
4,37049,True,B,A,6,1,B
4,37050,True,B,A,1,1,B
4,37051,True,A,B,10,1,A
4,37052,True,A,B,1,1,A
4,37053,True,B,A,2,0,B
4,37054,True,B,A,10,1,B
4,37055,True,B,A,6,1,B
4,37056,True,B,A,2,0,B
4,37057,True,A,B,6,1,A
4,37058,True,A,B,0,1,A
4,37059,True,B,A,2,1,B
4,37060,True,B,A,1,2,B
4,37061,True,A,B,2,1,A
4,37062,True,B,A,10,1,B
4,37063,False,,,,,
4,37064,True,A,B,2,0,A
4,37065,True,A,B,2,0,A
4,37066,True,B,A,6,1,B
4,37067,True,B,A,4,1,B
4,37068,True,A,B,1,1,A
4,37069,True,B,A,10,1,B
4,37070,True,B,A,6,1,B
4,37071,True,B,A,1,2,B
4,37072,True,A,B,6,1,A
4,37073,True,A,B,0,1,A
4,37074,True,A,B,4,1,A
4,37075,True,A,B,1,1,A
4,37076,True,A,B,10,1,A
4,37077,False,,,,,
4,37078,True,B,A,10,1,B
4,37079,True,B,A,4,1,B
4,37080,True,A,B,2,1,A
4,37081,False,,,,,
4,37082,True,A,B,4,1,A
4,37083,True,A,B,1,2,A
4,37084,True,A,B,1,2,A
4,37085,True,B,A,10,1,B
4,37086,True,A,B,1,2,A
4,37087,True,A,B,2,1,A
4,37088,True,A,B,1,1,A
4,37089,True,B,A,3,1,B
4,37090,True,A,B,2,0,A
4,37091,True,B,A,2,0,B
4,37092,True,A,B,1,1,A
4,37093,True,A,B,1,2,A
4,37094,True,B,A,4,1,B
4,37095,True,A,B,2,1,A
4,37096,True,A,B,2,1,A
4,37097,True,A,B,6,1,A
4,37098,True,B,A,2,1,B
4,37099,True,A,B,3,1,A
4,37100,True,B,A,0,1,B
4,37101,True,A,B,2,0,A
4,37102,True,A,B,4,1,A
4,37103,True,A,B,3,1,A
4,37104,True,B,A,2,0,B
4,37105,True,A,B,6,1,A
4,37106,True,B,A,1,1,B
4,37107,True,A,B,3,1,A
4,37108,True,B,A,2,0,B
4,37109,True,A,B,3,1,A
4,37110,True,B,A,1,1,B
4,37111,True,B,A,0,1,B
4,37112,True,B,A,10,1,B
4,37113,True,B,A,2,1,B
4,37114,True,B,A,6,1,B
4,37115,True,A,B,2,0,A
4,37116,False,,,,,
4,37117,True,B,A,6,1,B
4,37118,True,A,B,6,1,A
4,37119,True,A,B,3,1,A
4,37120,True,B,A,1,2,B
4,37121,True,A,B,4,1,A
4,37122,True,A,B,2,0,A
4,37123,True,B,A,2,0,B
4,37124,True,A,B,3,1,A
4,37125,True,A,B,6,1,A
4,37126,True,B,A,4,1,B
4,37127,True,A,B,6,1,A
4,37128,True,B,A,0,1,B
4,37129,True,A,B,3,1,A
4,37130,True,A,B,4,1,A
4,37131,True,A,B,0,1,A
4,37132,True,B,A,6,1,B
4,37133,True,A,B,10,1,A
4,37134,True,A,B,4,1,A
4,37135,False,,,,,
4,37136,True,A,B,1,1,A
4,37137,True,A,B,3,1,A
4,37138,True,A,B,4,1,A
4,37139,True,B,A,3,1,B
4,37140,True,A,B,1,1,A
4,37141,True,B,A,10,1,B
4,37142,True,A,B,6,1,A
4,37143,True,B,A,3,1,B
4,37144,True,A,B,4,1,A
4,37145,True,A,B,6,1,A
4,37146,True,B,A,0,1,B
4,37147,True,A,B,1,2,A
4,37148,True,A,B,1,2,A
4,37149,True,A,B,1,2,A
4,37150,False,,,,,
4,37151,False,,,,,
4,37152,True,B,A,4,1,B
4,37153,True,B,A,1,1,B
4,37154,True,A,B,3,1,A
4,37155,True,A,B,1,2,A
4,37156,True,A,B,6,1,A
4,37157,True,B,A,4,1,B
4,37158,True,A,B,1,2,A
4,37159,True,B,A,3,1,B
4,37160,False,,,,,
4,37161,True,A,B,1,1,A
4,37162,True,A,B,4,1,A
4,37163,False,,,,,
4,37164,False,,,,,
4,37165,False,,,,,
4,37166,False,,,,,
4,37167,True,A,B,10,1,A
4,37168,True,B,A,3,1,B
4,37169,True,A,B,2,0,A
4,37170,True,A,B,2,0,A
4,37171,True,A,B,10,1,A
4,37172,True,A,B,4,1,A
4,37173,True,B,A,4,1,B
4,37174,True,A,B,2,0,A
4,37175,True,B,A,0,1,B
4,37176,True,A,B,10,1,A
4,37177,True,B,A,0,1,B
4,37178,True,A,B,10,1,A
4,37179,False,,,,,
4,37180,True,B,A,1,1,B
4,37181,True,A,B,2,0,A
4,37182,True,A,B,0,1,A
4,37183,True,B,A,2,0,B
4,37184,False,,,,,
4,37185,True,A,B,1,2,A
4,37186,True,B,A,2,1,B
4,37187,True,B,A,6,1,B
4,37188,True,A,B,3,1,A
4,37189,True,A,B,3,1,A
4,37190,True,A,B,10,1,A
4,37191,True,B,A,3,1,B
4,37192,True,B,A,0,1,B
4,37193,True,A,B,6,1,A
4,37194,True,B,A,6,1,B
4,37195,False,,,,,
4,37196,True,B,A,1,2,B
4,37197,False,,,,,
4,37198,True,B,A,3,1,B
4,37199,True,A,B,0,1,A
4,37200,True,A,B,0,1,A
4,37201,True,B,A,1,2,B
4,37202,True,A,B,2,0,A
4,37203,True,B,A,2,1,B
4,37204,True,B,A,0,1,B
4,37205,True,A,B,2,0,A
4,37206,True,A,B,3,1,A
4,37207,True,A,B,2,0,A
4,37208,True,B,A,4,1,B
4,37209,True,B,A,10,1,B
4,37210,False,,,,,
4,37211,True,B,A,10,1,B
4,37212,True,A,B,1,1,A
4,37213,True,B,A,4,1,B
4,37214,True,A,B,6,1,A
4,37215,False,,,,,
4,37216,True,A,B,1,1,A
4,37217,False,,,,,
4,37218,True,B,A,1,1,B
4,37219,False,,,,,
4,37220,True,B,A,2,0,B
4,37221,True,A,B,1,1,A
4,37222,True,B,A,10,1,B
4,37223,True,B,A,1,1,B
4,37224,True,B,A,4,1,B
4,37225,True,B,A,0,1,B
4,37226,True,B,A,1,2,B
4,37227,True,A,B,2,0,A
4,37228,True,B,A,2,0,B
4,37229,True,B,A,1,2,B
4,37230,True,A,B,4,1,A
4,37231,True,A,B,1,1,A
4,37232,False,,,,,
4,37233,True,B,A,1,1,B
4,37234,True,B,A,3,1,B
4,37235,True,B,A,6,1,B
4,37236,True,A,B,1,1,A
4,37237,True,A,B,3,1,A
4,37238,True,A,B,1,1,A
4,37239,True,A,B,1,1,A
4,37240,True,A,B,2,1,A
4,37241,True,A,B,1,2,A
4,37242,True,A,B,2,1,A
4,37243,False,,,,,
4,37244,True,B,A,2,0,B
4,37245,True,A,B,10,1,A
4,37246,True,A,B,10,1,A
4,37247,True,A,B,2,0,A
4,37248,True,A,B,1,1,A
4,37249,True,B,A,1,2,B
4,37250,True,B,A,2,1,B
4,37251,True,B,A,1,1,B
4,37252,True,A,B,1,2,A
4,37253,True,A,B,2,0,A
4,37254,True,A,B,10,1,A
4,37255,False,,,,,
4,37256,True,A,B,4,1,A
4,37257,True,B,A,6,1,B
4,37258,True,B,A,6,1,B
4,37259,True,A,B,1,2,A
4,37260,False,,,,,
4,37261,True,B,A,3,1,B
4,37262,True,A,B,2,1,A
4,37263,False,,,,,
4,37264,True,A,B,4,1,A
4,37265,False,,,,,
4,37266,True,A,B,1,1,A
4,37267,True,A,B,10,1,A
4,37268,True,A,B,3,1,A
4,37269,False,,,,,
4,37270,True,A,B,1,1,A
4,37271,False,,,,,
4,37272,True,A,B,10,1,A
4,37273,True,A,B,1,2,A
4,37274,True,B,A,1,1,B
4,37275,True,A,B,10,1,A
4,37276,True,B,A,3,1,B
4,37277,True,A,B,0,1,A
4,37278,True,A,B,1,1,A
4,37279,True,B,A,2,1,B
4,37280,True,B,A,3,1,B
4,37281,True,A,B,6,1,A
4,37282,True,A,B,6,1,A
4,37283,True,B,A,1,2,B
4,37284,True,B,A,0,1,B
4,37285,True,A,B,10,1,A
4,37286,True,A,B,6,1,A
4,37287,True,A,B,2,0,A
4,37288,True,A,B,2,1,A
4,37289,True,B,A,6,1,B
4,37290,True,B,A,4,1,B
4,37291,True,B,A,2,1,B
4,37292,True,A,B,0,1,A
4,37293,True,A,B,10,1,A
4,37294,False,,,,,
4,37295,True,B,A,2,0,B
4,37296,False,,,,,
4,37297,True,B,A,0,1,B
4,37298,True,A,B,0,1,A
4,37299,True,A,B,4,1,A
4,37300,True,B,A,3,1,B
4,37301,True,B,A,4,1,B
4,37302,True,B,A,4,1,B
4,37303,True,A,B,1,1,A
4,37304,True,B,A,4,1,B
4,37305,True,B,A,2,0,B
4,37306,True,B,A,0,1,B
4,37307,True,A,B,1,2,A
4,37308,True,B,A,2,0,B
4,37309,True,A,B,6,1,A
4,37310,True,B,A,2,0,B
4,37311,True,A,B,3,1,A
4,37312,True,B,A,3,1,B
4,37313,True,A,B,3,1,A
4,37314,True,B,A,4,1,B
4,37315,True,A,B,2,1,A
4,37316,True,B,A,2,0,B
4,37317,True,A,B,10,1,A
4,37318,True,B,A,1,1,B
4,37319,True,B,A,1,2,B
4,37320,True,B,A,2,1,B
4,37321,True,A,B,1,2,A
4,37322,True,B,A,2,0,B
4,37323,True,B,A,0,1,B
4,37324,True,A,B,3,1,A
4,37325,True,B,A,10,1,B
4,37326,True,B,A,1,2,B
4,37327,True,A,B,10,1,A
4,37328,True,B,A,1,1,B
4,37329,True,B,A,4,1,B
4,37330,True,A,B,2,1,A
4,37331,True,A,B,2,1,A
4,37332,True,A,B,2,0,A
4,37333,True,A,B,3,1,A
4,37334,True,A,B,2,1,A
4,37335,True,B,A,4,1,B
4,37336,True,B,A,1,1,B
4,37337,True,A,B,6,1,A
4,37338,True,B,A,2,1,B
4,37339,True,A,B,4,1,A
4,37340,True,B,A,3,1,B
4,37341,True,A,B,4,1,A
4,37342,True,B,A,6,1,B
4,37343,True,A,B,2,1,A
4,37344,True,A,B,6,1,A
4,37345,True,A,B,1,2,A
4,37346,True,B,A,2,1,B
4,37347,True,B,A,2,0,B
4,37348,True,A,B,6,1,A
4,37349,True,B,A,0,1,B
4,37350,True,B,A,0,1,B
4,37351,True,B,A,2,1,B
4,37352,True,B,A,1,2,B
4,37353,True,A,B,2,1,A
4,37354,True,B,A,1,2,B
4,37355,True,B,A,6,1,B
4,37356,True,B,A,2,0,B
4,37357,True,A,B,3,1,A
4,37358,True,A,B,6,1,A
4,37359,True,B,A,4,1,B
4,37360,True,B,A,1,2,B
4,37361,True,B,A,6,1,B
4,37362,True,B,A,3,1,B
4,37363,True,A,B,4,1,A
4,37364,True,B,A,4,1,B
4,37365,True,B,A,6,1,B
4,37366,True,B,A,2,1,B
4,37367,True,A,B,10,1,A
4,37368,True,B,A,2,0,B
4,37369,True,B,A,10,1,B
4,37370,True,A,B,1,2,A
4,37371,True,A,B,10,1,A
4,37372,True,A,B,10,1,A
4,37373,True,A,B,2,0,A
4,37374,True,A,B,2,0,A
4,37375,True,A,B,3,1,A
4,37376,True,B,A,2,1,B
4,37377,True,A,B,6,1,A
4,37378,True,A,B,3,1,A
4,37379,True,A,B,2,0,A
4,37380,True,B,A,6,1,B
4,37381,True,A,B,6,1,A
4,37382,True,B,A,10,1,B
4,37383,True,A,B,10,1,A
4,37384,True,A,B,6,1,A
4,37385,True,B,A,2,1,B
4,37386,True,B,A,10,1,B
4,37387,True,A,B,0,1,A
4,37388,True,B,A,2,1,B
4,37389,True,A,B,2,1,A
4,37390,True,A,B,6,1,A
4,37391,True,A,B,4,1,A
4,37392,True,B,A,2,0,B
4,37393,True,A,B,4,1,A
4,37394,True,A,B,1,2,A
4,37395,True,B,A,2,0,B
4,37396,True,B,A,6,1,B
4,37397,True,B,A,1,1,B
4,37398,True,A,B,4,1,A
4,37399,True,A,B,10,1,A
4,37400,True,B,A,1,2,B
4,37401,True,B,A,2,1,B
4,37402,True,A,B,2,1,A
4,37403,True,B,A,6,1,B
4,37404,True,A,B,1,2,A
4,37405,True,B,A,1,2,B
4,37406,True,B,A,2,1,B
4,37407,True,B,A,4,1,B
4,37408,True,B,A,3,1,B
4,37409,True,B,A,3,1,B
4,37410,True,B,A,3,1,B
4,37411,True,B,A,2,0,B
4,37412,True,B,A,1,2,B
4,37413,True,A,B,1,1,A
4,37414,True,A,B,2,1,A
4,37415,True,A,B,4,1,A
4,37416,True,B,A,2,1,B
4,37417,True,A,B,0,1,A
4,37418,True,A,B,6,1,A
4,37419,True,B,A,10,1,B
4,37420,True,B,A,3,1,B
4,37421,True,B,A,2,1,B
4,37422,True,B,A,10,1,B
4,37423,True,A,B,1,1,A
4,37424,True,B,A,4,1,B
4,37425,True,B,A,1,2,B
4,37426,True,B,A,2,1,B
4,37427,True,A,B,0,1,A
4,37428,True,A,B,2,0,A
4,37429,True,B,A,2,1,B
4,37430,True,A,B,4,1,A
4,37431,True,A,B,1,2,A
4,37432,True,B,A,10,1,B
4,37433,True,A,B,10,1,A
4,37434,True,B,A,4,1,B
4,37435,True,A,B,1,2,A
4,37436,True,A,B,4,1,A
4,37437,True,B,A,1,1,B
4,37438,True,B,A,1,2,B
4,37439,True,A,B,4,1,A
4,37440,False,,,,,
4,37441,True,A,B,2,0,A
4,37442,True,A,B,0,1,A
4,37443,True,B,A,3,1,B
4,37444,True,A,B,1,1,A
4,37445,True,B,A,10,1,B
4,37446,True,B,A,1,2,B
4,37447,True,A,B,0,1,A
4,37448,True,B,A,3,1,B
4,37449,True,B,A,4,1,B
4,37450,True,B,A,1,2,B
4,37451,True,A,B,0,1,A
4,37452,True,A,B,6,1,A
4,37453,True,A,B,6,1,A
4,37454,True,A,B,3,1,A
4,37455,True,B,A,2,1,B
4,37456,True,B,A,2,0,B
4,37457,True,A,B,4,1,A
4,37458,True,B,A,3,1,B
4,37459,True,A,B,1,1,A
4,37460,True,B,A,2,0,B
4,37461,True,A,B,4,1,A
4,37462,True,A,B,2,0,A
4,37463,True,B,A,6,1,B
4,37464,True,A,B,1,2,A
4,37465,True,A,B,2,0,A
4,37466,True,A,B,1,1,A
4,37467,True,B,A,1,2,B
4,37468,True,B,A,4,1,B
4,37469,True,B,A,3,1,B
4,37470,True,B,A,2,1,B
4,37471,True,B,A,2,0,B
4,37472,True,A,B,6,1,A
4,37473,True,B,A,2,1,B
4,37474,True,A,B,2,1,A
4,37475,True,B,A,0,1,B
4,37476,True,B,A,4,1,B
4,37477,True,A,B,0,1,A
4,37478,True,A,B,1,2,A
4,37479,True,A,B,10,1,A
4,37480,True,B,A,6,1,B
4,37481,True,A,B,10,1,A
4,37482,True,B,A,1,2,B
4,37483,True,A,B,2,0,A
4,37484,True,A,B,6,1,A
4,37485,True,A,B,1,1,A
4,37486,True,A,B,2,1,A
4,37487,True,A,B,4,1,A
4,37488,True,B,A,0,1,B
4,37489,True,A,B,6,1,A
4,37490,True,A,B,4,1,A
4,37491,True,B,A,2,0,B
4,37492,True,A,B,2,0,A
4,37493,True,A,B,10,1,A
4,37494,True,B,A,10,1,B
4,37495,True,A,B,1,2,A
4,37496,True,B,A,2,1,B
4,37497,True,A,B,1,1,A
4,37498,True,A,B,10,1,A
4,37499,True,A,B,2,0,A
4,37500,True,B,A,4,1,B
4,37501,True,B,A,6,1,B
4,37502,True,A,B,2,0,A
4,37503,True,B,A,1,2,B
4,37504,True,B,A,6,1,B
4,37505,True,A,B,2,1,A
4,37506,True,B,A,10,1,B
4,37507,True,A,B,1,2,A
4,37508,True,B,A,6,1,B
4,37509,True,A,B,2,0,A
4,37510,True,B,A,2,1,B
4,37511,True,B,A,0,1,B
4,37512,True,B,A,2,0,B
4,37513,True,A,B,10,1,A
4,37514,True,B,A,3,1,B
4,37515,True,B,A,1,1,B
4,37516,True,A,B,10,1,A
4,37517,True,B,A,2,1,B
4,37518,True,A,B,1,1,A
4,37519,True,B,A,10,1,B
4,37520,True,B,A,2,1,B
4,37521,True,A,B,6,1,A
4,37522,True,A,B,0,1,A
4,37523,True,A,B,1,1,A
4,37524,True,A,B,6,1,A
4,37525,True,A,B,0,1,A
4,37526,True,A,B,3,1,A
4,37527,True,A,B,4,1,A
4,37528,True,A,B,3,1,A
4,37529,True,A,B,0,1,A
4,37530,True,B,A,10,1,B
4,37531,True,B,A,1,1,B
4,37532,True,A,B,3,1,A
4,37533,True,B,A,2,1,B
4,37534,False,,,,,
4,37535,True,A,B,10,1,A
4,37536,True,A,B,0,1,A
4,37537,True,A,B,4,1,A
4,37538,True,A,B,3,1,A
4,37539,True,B,A,10,1,B
4,37540,False,,,,,
4,37541,True,A,B,2,0,A
4,37542,True,B,A,1,2,B
4,37543,True,A,B,0,1,A
4,37544,True,B,A,4,1,B
4,37545,True,A,B,1,2,A
4,37546,True,A,B,1,2,A
4,37547,True,A,B,6,1,A
4,37548,True,A,B,6,1,A
4,37549,True,A,B,10,1,A
4,37550,True,A,B,6,1,A
4,37551,True,A,B,10,1,A
4,37552,True,B,A,2,1,B
4,37553,True,A,B,2,0,A
4,37554,True,A,B,6,1,A
4,37555,False,,,,,
4,37556,True,A,B,4,1,A
4,37557,False,,,,,
4,37558,False,,,,,
4,37559,True,B,A,4,1,B
4,37560,True,A,B,2,0,A
4,37561,True,A,B,3,1,A
4,37562,True,B,A,4,1,B
4,37563,True,B,A,2,1,B
4,37564,True,A,B,2,0,A
4,37565,False,,,,,
4,37566,True,B,A,10,1,B
4,37567,True,A,B,2,1,A
4,37568,True,A,B,1,2,A
4,37569,True,A,B,1,1,A
4,37570,True,A,B,3,1,A
4,37571,True,A,B,1,1,A
4,37572,True,B,A,1,1,B
4,37573,True,B,A,1,1,B
4,37574,True,B,A,1,2,B
4,37575,True,B,A,10,1,B
4,37576,True,B,A,4,1,B
4,37577,True,A,B,2,0,A
4,37578,True,A,B,1,1,A
4,37579,True,A,B,2,0,A
4,37580,True,B,A,2,1,B
4,37581,True,A,B,10,1,A
4,37582,True,A,B,6,1,A
4,37583,True,A,B,6,1,A
4,37584,True,A,B,4,1,A
4,37585,True,A,B,6,1,A
4,37586,True,A,B,3,1,A
4,37587,True,B,A,3,1,B
4,37588,True,B,A,3,1,B
4,37589,True,B,A,2,1,B
4,37590,True,A,B,2,0,A
4,37591,False,,,,,
4,37592,True,A,B,6,1,A
4,37593,True,B,A,1,1,B
4,37594,True,B,A,0,1,B
4,37595,True,B,A,4,1,B
4,37596,True,A,B,10,1,A
4,37597,True,B,A,4,1,B
4,37598,True,A,B,2,0,A
4,37599,True,B,A,2,1,B
4,37600,True,A,B,2,0,A
4,37601,True,B,A,1,2,B
4,37602,True,B,A,3,1,B
4,37603,False,,,,,
4,37604,True,B,A,4,1,B
4,37605,True,A,B,3,1,A
4,37606,True,A,B,0,1,A
4,37607,True,B,A,6,1,B
4,37608,True,B,A,3,1,B
4,37609,True,B,A,10,1,B
4,37610,True,B,A,2,0,B
4,37611,True,A,B,6,1,A
4,37612,False,,,,,
4,37613,True,A,B,2,0,A
4,37614,True,A,B,3,1,A
4,37615,True,B,A,2,0,B
4,37616,True,B,A,3,1,B
4,37617,True,B,A,1,2,B
4,37618,True,B,A,2,0,B
4,37619,True,A,B,6,1,A
4,37620,True,B,A,6,1,B
4,37621,True,A,B,0,1,A
4,37622,True,A,B,1,2,A
4,37623,True,B,A,1,2,B
4,37624,True,A,B,1,2,A
4,37625,True,B,A,3,1,B
4,37626,True,B,A,10,1,B
4,37627,True,A,B,2,0,A
4,37628,True,A,B,6,1,A
4,37629,True,B,A,1,2,B
4,37630,True,A,B,2,1,A
4,37631,True,A,B,2,0,A
4,37632,True,A,B,2,1,A
4,37633,True,B,A,2,1,B
4,37634,True,B,A,1,2,B
4,37635,True,B,A,1,1,B
4,37636,True,B,A,3,1,B
4,37637,True,A,B,3,1,A
4,37638,True,A,B,1,1,A
4,37639,True,B,A,2,1,B
4,37640,True,B,A,2,1,B
4,37641,True,A,B,10,1,A
4,37642,True,B,A,1,1,B
4,37643,True,B,A,1,2,B
4,37644,True,B,A,1,1,B
4,37645,True,A,B,2,1,A
4,37646,True,B,A,10,1,B
4,37647,True,B,A,6,1,B
4,37648,True,B,A,2,0,B
4,37649,True,A,B,1,1,A
4,37650,False,,,,,
4,37651,True,B,A,1,1,B
4,37652,True,A,B,3,1,A
4,37653,True,A,B,4,1,A
4,37654,True,A,B,6,1,A
4,37655,True,B,A,10,1,B
4,37656,True,A,B,2,0,A
4,37657,True,B,A,10,1,B
4,37658,True,B,A,10,1,B
4,37659,True,A,B,1,2,A
4,37660,False,,,,,
4,37661,True,A,B,6,1,A
4,37662,True,A,B,1,2,A
4,37663,True,A,B,2,0,A
4,37664,True,B,A,10,1,B
4,37665,True,A,B,1,2,A
4,37666,False,,,,,
4,37667,True,A,B,4,1,A
4,37668,True,A,B,1,2,A
4,37669,True,B,A,0,1,B
4,37670,True,B,A,10,1,B
4,37671,True,A,B,1,2,A
4,37672,True,B,A,2,0,B
4,37673,True,B,A,2,0,B
4,37674,True,A,B,3,1,A
4,37675,True,A,B,1,1,A
4,37676,True,B,A,3,1,B
4,37677,True,A,B,2,0,A
4,37678,True,A,B,2,1,A
4,37679,True,A,B,6,1,A
4,37680,True,A,B,0,1,A
4,37681,True,A,B,0,1,A
4,37682,True,B,A,10,1,B
4,37683,True,B,A,3,1,B
4,37684,True,A,B,4,1,A
4,37685,True,A,B,3,1,A
4,37686,True,B,A,3,1,B
4,37687,True,B,A,3,1,B
4,37688,True,B,A,2,1,B
4,37689,True,B,A,1,2,B
4,37690,True,B,A,2,1,B
4,37691,True,B,A,10,1,B
4,37692,True,B,A,1,2,B
4,37693,True,A,B,2,0,A
4,37694,True,A,B,1,1,A
4,37695,True,A,B,0,1,A
4,37696,True,A,B,4,1,A
4,37697,True,A,B,4,1,A
4,37698,True,B,A,10,1,B
4,37699,True,B,A,2,0,B
4,37700,True,B,A,4,1,B
4,37701,True,B,A,4,1,B
4,37702,True,B,A,2,0,B
4,37703,True,B,A,1,2,B
4,37704,True,B,A,4,1,B
4,37705,True,A,B,4,1,A
4,37706,True,A,B,2,0,A
4,37707,True,A,B,0,1,A
4,37708,True,B,A,10,1,B
4,37709,True,B,A,2,0,B
4,37710,True,A,B,0,1,A
4,37711,True,A,B,1,1,A
4,37712,True,B,A,2,1,B
4,37713,True,B,A,10,1,B
4,37714,True,A,B,2,1,A
4,37715,True,A,B,1,1,A
4,37716,True,A,B,2,0,A
4,37717,True,B,A,4,1,B
4,37718,True,A,B,0,1,A
4,37719,True,A,B,2,0,A
4,37720,True,A,B,6,1,A
4,37721,True,B,A,2,0,B
4,37722,True,B,A,1,1,B
4,37723,True,A,B,4,1,A
4,37724,True,B,A,6,1,B
4,37725,True,A,B,2,1,A
4,37726,True,B,A,0,1,B
4,37727,True,A,B,0,1,A
4,37728,True,B,A,1,1,B
4,37729,True,A,B,0,1,A
4,37730,True,B,A,3,1,B
4,37731,True,B,A,10,1,B
4,37732,True,A,B,1,1,A
4,37733,True,B,A,2,1,B
4,37734,True,B,A,4,1,B
4,37735,True,B,A,1,1,B
4,37736,True,B,A,4,1,B
4,37737,True,B,A,3,1,B
4,37738,True,B,A,4,1,B
4,37739,True,B,A,1,1,B
4,37740,True,B,A,10,1,B
4,37741,True,B,A,2,1,B
4,37742,True,B,A,3,1,B
4,37743,True,A,B,1,2,A
4,37744,True,A,B,1,1,A
4,37745,True,A,B,0,1,A
4,37746,True,A,B,6,1,A
4,37747,True,A,B,0,1,A
4,37748,True,A,B,0,1,A
4,37749,True,A,B,2,0,A
4,37750,True,B,A,10,1,B
4,37751,True,A,B,1,2,A
4,37752,True,A,B,1,1,A
4,37753,True,A,B,10,1,A
4,37754,True,A,B,1,2,A
4,37755,True,A,B,10,1,A
4,37756,True,B,A,3,1,B
4,37757,True,A,B,1,2,A
4,37758,True,A,B,4,1,A
4,37759,True,B,A,3,1,B
4,37760,False,,,,,
4,37761,True,A,B,1,1,A
4,37762,True,A,B,6,1,A
4,37763,True,A,B,4,1,A
4,37764,True,B,A,4,1,B
4,37765,True,A,B,3,1,A
4,37766,True,B,A,3,1,B
4,37767,True,A,B,3,1,A
4,37768,True,B,A,10,1,B
4,37769,True,B,A,2,1,B
4,37770,True,B,A,2,1,B
4,37771,True,A,B,1,2,A
4,37772,True,B,A,10,1,B
4,37773,True,A,B,4,1,A
4,37774,True,B,A,2,0,B
4,37775,True,B,A,3,1,B
4,37776,True,B,A,2,1,B
4,37777,True,A,B,1,2,A
4,37778,True,A,B,2,1,A
4,37779,True,A,B,1,2,A
4,37780,True,A,B,6,1,A
4,37781,True,A,B,1,2,A
4,37782,True,A,B,1,2,A
4,37783,True,B,A,4,1,B
4,37784,True,A,B,10,1,A
4,37785,True,A,B,6,1,A
4,37786,True,A,B,10,1,A
4,37787,True,A,B,4,1,A
4,37788,True,A,B,6,1,A
4,37789,True,B,A,6,1,B
4,37790,True,B,A,3,1,B
4,37791,True,A,B,1,2,A
4,37792,True,A,B,0,1,A
4,37793,True,A,B,2,0,A
4,37794,True,B,A,3,1,B
4,37795,True,A,B,2,1,A
4,37796,True,B,A,6,1,B
4,37797,True,B,A,3,1,B
4,37798,True,B,A,0,1,B
4,37799,True,B,A,2,0,B
4,37800,True,B,A,1,1,B
4,37801,True,B,A,2,1,B
4,37802,True,B,A,1,1,B
4,37803,True,B,A,10,1,B
4,37804,True,B,A,6,1,B
4,37805,True,A,B,1,1,A
4,37806,True,A,B,1,2,A
4,37807,True,A,B,2,1,A
4,37808,True,A,B,4,1,A
4,37809,True,B,A,6,1,B
4,37810,True,A,B,1,1,A
4,37811,True,A,B,4,1,A
4,37812,True,A,B,3,1,A
4,37813,True,A,B,2,0,A
4,37814,True,B,A,3,1,B
4,37815,True,A,B,3,1,A
4,37816,True,B,A,0,1,B
4,37817,True,A,B,10,1,A
4,37818,True,B,A,1,2,B
4,37819,True,B,A,4,1,B
4,37820,False,,,,,
4,37821,True,A,B,2,1,A
4,37822,True,A,B,1,1,A
4,37823,True,A,B,1,1,A
4,37824,True,A,B,10,1,A
4,37825,True,A,B,0,1,A
4,37826,True,B,A,0,1,B
4,37827,True,B,A,6,1,B
4,37828,True,A,B,0,1,A
4,37829,True,A,B,3,1,A
4,37830,True,B,A,6,1,B
4,37831,True,A,B,3,1,A
4,37832,True,A,B,0,1,A
4,37833,True,B,A,4,1,B
4,37834,True,B,A,1,2,B
4,37835,True,A,B,6,1,A
4,37836,True,A,B,10,1,A
4,37837,True,B,A,10,1,B
4,37838,True,A,B,4,1,A
4,37839,True,B,A,10,1,B
4,37840,True,B,A,3,1,B
4,37841,True,B,A,1,2,B
4,37842,True,A,B,6,1,A
4,37843,True,A,B,10,1,A
4,37844,True,B,A,6,1,B
4,37845,True,A,B,1,2,A
4,37846,False,,,,,
4,37847,True,A,B,3,1,A
4,37848,True,A,B,1,1,A
4,37849,True,A,B,4,1,A
4,37850,True,B,A,6,1,B
4,37851,True,A,B,6,1,A
4,37852,True,B,A,4,1,B
4,37853,False,,,,,
4,37854,True,A,B,2,0,A
4,37855,True,B,A,2,1,B
4,37856,True,B,A,1,1,B
4,37857,False,,,,,
4,37858,True,A,B,1,1,A
4,37859,True,A,B,4,1,A
4,37860,False,,,,,
4,37861,False,,,,,
4,37862,True,B,A,1,1,B
4,37863,True,B,A,3,1,B
4,37864,True,B,A,4,1,B
4,37865,True,B,A,3,1,B
4,37866,True,A,B,0,1,A
4,37867,True,B,A,6,1,B
4,37868,True,A,B,0,1,A
4,37869,True,B,A,1,2,B
4,37870,True,B,A,4,1,B
4,37871,False,,,,,
4,37872,True,A,B,1,1,A
4,37873,True,A,B,10,1,A
4,37874,True,A,B,10,1,A
4,37875,True,A,B,6,1,A
4,37876,True,A,B,0,1,A
4,37877,True,A,B,6,1,A
4,37878,False,,,,,
4,37879,True,B,A,2,1,B
4,37880,True,B,A,2,0,B
4,37881,False,,,,,
4,37882,True,B,A,2,0,B
4,37883,False,,,,,
4,37884,True,A,B,4,1,A
4,37885,True,A,B,2,0,A
4,37886,True,A,B,1,2,A
4,37887,True,A,B,6,1,A
4,37888,True,B,A,1,2,B
4,37889,True,A,B,0,1,A
4,37890,True,A,B,10,1,A
4,37891,True,A,B,10,1,A
4,37892,False,,,,,
4,37893,True,A,B,2,1,A
4,37894,True,A,B,2,0,A
4,37895,True,A,B,6,1,A
4,37896,True,A,B,4,1,A
4,37897,True,A,B,0,1,A
4,37898,True,A,B,10,1,A
4,37899,True,A,B,0,1,A
4,37900,True,A,B,2,1,A
4,37901,True,B,A,4,1,B
4,37902,False,,,,,
4,37903,True,A,B,6,1,A
4,37904,True,B,A,4,1,B
4,37905,True,B,A,0,1,B
4,37906,False,,,,,
4,37907,True,A,B,2,0,A
4,37908,True,A,B,1,2,A
4,37909,True,A,B,2,1,A
4,37910,True,A,B,2,1,A
4,37911,True,A,B,2,0,A
4,37912,False,,,,,
4,37913,False,,,,,
4,37914,True,A,B,3,1,A
4,37915,False,,,,,
4,37916,True,A,B,6,1,A
4,37917,True,B,A,1,1,B
4,37918,True,B,A,10,1,B
4,37919,True,A,B,3,1,A
4,37920,True,A,B,2,0,A
4,37921,True,A,B,10,1,A
4,37922,True,A,B,2,1,A
4,37923,True,A,B,2,1,A
4,37924,True,B,A,10,1,B
4,37925,True,A,B,2,1,A
4,37926,True,A,B,2,0,A
4,37927,True,B,A,10,1,B
4,37928,True,B,A,6,1,B
4,37929,True,A,B,6,1,A
4,37930,True,B,A,6,1,B
4,37931,True,A,B,10,1,A
4,37932,False,,,,,
4,37933,True,A,B,6,1,A
4,37934,True,A,B,10,1,A
4,37935,True,A,B,4,1,A
4,37936,True,B,A,0,1,B
4,37937,True,A,B,1,2,A
4,37938,True,B,A,0,1,B
4,37939,True,B,A,1,1,B
4,37940,True,B,A,6,1,B
4,37941,True,B,A,3,1,B
4,37942,False,,,,,
4,37943,True,A,B,0,1,A
4,37944,True,A,B,6,1,A
4,37945,True,B,A,3,1,B
4,37946,True,B,A,3,1,B
4,37947,True,A,B,2,0,A
4,37948,True,B,A,2,0,B
4,37949,True,A,B,0,1,A
4,37950,True,A,B,4,1,A
4,37951,False,,,,,
4,37952,True,B,A,1,1,B
4,37953,True,A,B,3,1,A
4,37954,True,A,B,10,1,A
4,37955,True,A,B,2,1,A
4,37956,True,A,B,6,1,A
4,37957,True,A,B,1,1,A
4,37958,False,,,,,
4,37959,True,A,B,4,1,A
4,37960,True,A,B,6,1,A
4,37961,False,,,,,
4,37962,True,B,A,10,1,B
4,37963,True,A,B,4,1,A
4,37964,True,A,B,0,1,A
4,37965,False,,,,,
4,37966,True,A,B,1,1,A
4,37967,True,B,A,10,1,B
4,37968,True,B,A,6,1,B
4,37969,True,B,A,3,1,B
4,37970,True,B,A,1,2,B
4,37971,True,A,B,1,2,A
4,37972,False,,,,,
4,37973,True,B,A,4,1,B
4,37974,False,,,,,
4,37975,True,A,B,1,1,A
4,37976,True,B,A,2,1,B
4,37977,True,A,B,1,2,A
4,37978,True,A,B,1,1,A
4,37979,True,B,A,4,1,B
4,37980,True,A,B,3,1,A
4,37981,True,B,A,2,1,B
4,37982,True,A,B,2,1,A
4,37983,True,B,A,3,1,B
4,37984,True,A,B,6,1,A
4,37985,False,,,,,
4,37986,True,A,B,3,1,A
4,37987,True,B,A,2,0,B
4,37988,True,A,B,2,0,A
4,37989,True,A,B,2,1,A
4,37990,True,A,B,10,1,A
4,37991,True,A,B,1,2,A
4,37992,True,A,B,6,1,A
4,37993,True,A,B,6,1,A
4,37994,True,B,A,4,1,B
4,37995,True,B,A,0,1,B
4,37996,True,B,A,2,1,B
4,37997,True,B,A,1,2,B
4,37998,True,A,B,4,1,A
4,37999,True,A,B,10,1,A
4,38000,True,A,B,6,1,A
4,38001,True,A,B,4,1,A
4,38002,True,A,B,2,0,A
4,38003,True,B,A,1,1,B
4,38004,True,B,A,6,1,B
4,38005,True,A,B,4,1,A
4,38006,True,A,B,1,1,A
4,38007,True,B,A,2,1,B
4,38008,True,A,B,1,2,A
4,38009,True,A,B,2,1,A
4,38010,True,B,A,10,1,B
4,38011,True,A,B,1,2,A
4,38012,False,,,,,
4,38013,True,B,A,3,1,B
4,38014,True,B,A,6,1,B
4,38015,True,A,B,6,1,A
4,38016,False,,,,,
4,38017,True,B,A,4,1,B
4,38018,False,,,,,
4,38019,True,A,B,1,2,A
4,38020,True,A,B,10,1,A
4,38021,False,,,,,
4,38022,True,A,B,3,1,A
4,38023,True,B,A,6,1,B
4,38024,True,A,B,2,0,A
4,38025,True,A,B,1,2,A
4,38026,True,B,A,2,0,B
4,38027,True,A,B,6,1,A
4,38028,True,B,A,2,0,B
4,38029,True,A,B,10,1,A
4,38030,True,A,B,6,1,A
4,38031,True,A,B,0,1,A
4,38032,True,B,A,4,1,B
4,38033,True,B,A,0,1,B
4,38034,True,A,B,1,1,A
4,38035,True,A,B,1,2,A
4,38036,True,B,A,4,1,B
4,38037,True,A,B,1,1,A
4,38038,True,A,B,1,1,A
4,38039,True,A,B,2,0,A
4,38040,True,B,A,1,2,B
4,38041,True,A,B,1,2,A
4,38042,True,B,A,4,1,B
4,38043,True,B,A,3,1,B
4,38044,True,B,A,1,1,B
4,38045,True,B,A,1,1,B
4,38046,True,B,A,0,1,B
4,38047,True,A,B,4,1,A
4,38048,True,B,A,3,1,B
4,38049,True,B,A,2,1,B
4,38050,True,A,B,10,1,A
4,38051,True,A,B,6,1,A
4,38052,True,B,A,0,1,B
4,38053,True,A,B,1,2,A
4,38054,True,B,A,2,0,B
4,38055,True,B,A,4,1,B
4,38056,True,A,B,1,1,A
4,38057,True,B,A,0,1,B
4,38058,True,A,B,10,1,A
4,38059,True,A,B,10,1,A
4,38060,True,B,A,4,1,B
4,38061,True,B,A,10,1,B
4,38062,True,A,B,6,1,A
4,38063,True,B,A,3,1,B
4,38064,True,A,B,0,1,A
4,38065,True,A,B,1,2,A
4,38066,True,A,B,2,0,A
4,38067,True,B,A,1,2,B
4,38068,False,,,,,
4,38069,True,A,B,3,1,A
4,38070,True,A,B,2,0,A
4,38071,True,B,A,10,1,B
4,38072,True,B,A,2,0,B
4,38073,True,A,B,1,2,A
4,38074,True,A,B,0,1,A
4,38075,True,A,B,1,1,A
4,38076,True,B,A,6,1,B
4,38077,True,A,B,1,1,A
4,38078,True,B,A,10,1,B
4,38079,True,B,A,10,1,B
4,38080,True,B,A,10,1,B
4,38081,True,A,B,1,2,A
4,38082,True,A,B,4,1,A
4,38083,True,B,A,10,1,B
4,38084,True,A,B,6,1,A
4,38085,True,A,B,1,2,A
4,38086,True,A,B,2,0,A
4,38087,True,A,B,1,2,A
4,38088,True,A,B,4,1,A
4,38089,True,B,A,2,0,B
4,38090,True,B,A,4,1,B
4,38091,True,A,B,0,1,A
4,38092,True,B,A,1,1,B
4,38093,True,A,B,2,0,A
4,38094,True,A,B,10,1,A
4,38095,True,B,A,6,1,B
4,38096,True,A,B,6,1,A
4,38097,True,A,B,3,1,A
4,38098,True,B,A,1,2,B
4,38099,True,B,A,3,1,B
4,38100,True,B,A,2,1,B
4,38101,True,A,B,0,1,A
4,38102,False,,,,,
4,38103,True,A,B,2,0,A
4,38104,False,,,,,
4,38105,True,A,B,10,1,A
4,38106,True,A,B,4,1,A
4,38107,False,,,,,
4,38108,True,A,B,3,1,A
4,38109,True,A,B,2,0,A
4,38110,True,B,A,0,1,B
4,38111,True,A,B,0,1,A
4,38112,True,A,B,3,1,A
4,38113,True,B,A,6,1,B
4,38114,True,B,A,1,2,B
4,38115,True,B,A,2,1,B
4,38116,True,B,A,2,1,B
4,38117,True,A,B,3,1,A
4,38118,True,A,B,1,2,A
4,38119,True,A,B,4,1,A
4,38120,True,B,A,0,1,B
4,38121,True,B,A,10,1,B
4,38122,True,A,B,3,1,A
4,38123,True,A,B,0,1,A
4,38124,True,B,A,1,1,B
4,38125,True,A,B,0,1,A
4,38126,False,,,,,
4,38127,True,A,B,6,1,A
4,38128,True,A,B,2,1,A
4,38129,True,B,A,1,1,B
4,38130,True,A,B,10,1,A
4,38131,True,B,A,2,0,B
4,38132,True,A,B,4,1,A
4,38133,True,A,B,3,1,A
4,38134,True,A,B,0,1,A
4,38135,True,B,A,3,1,B
4,38136,False,,,,,
4,38137,True,B,A,2,0,B
4,38138,True,A,B,2,1,A
4,38139,True,B,A,2,0,B
4,38140,True,A,B,1,2,A
4,38141,True,B,A,10,1,B
4,38142,True,A,B,3,1,A
4,38143,True,A,B,10,1,A
4,38144,True,A,B,4,1,A
4,38145,True,A,B,6,1,A
4,38146,True,A,B,2,0,A
4,38147,True,B,A,3,1,B
4,38148,True,B,A,3,1,B
4,38149,True,B,A,3,1,B
4,38150,True,A,B,6,1,A
4,38151,True,B,A,1,1,B
4,38152,True,B,A,1,1,B
4,38153,True,A,B,6,1,A
4,38154,True,A,B,2,0,A
4,38155,True,B,A,10,1,B
4,38156,True,A,B,6,1,A
4,38157,False,,,,,
4,38158,True,A,B,2,1,A
4,38159,True,A,B,2,1,A
4,38160,True,B,A,1,1,B
4,38161,True,A,B,0,1,A
4,38162,True,A,B,1,2,A
4,38163,True,A,B,4,1,A
4,38164,True,A,B,2,1,A
4,38165,True,B,A,3,1,B
4,38166,True,B,A,2,1,B
4,38167,True,A,B,3,1,A
4,38168,True,B,A,1,1,B
4,38169,True,A,B,0,1,A
4,38170,True,A,B,3,1,A
4,38171,True,B,A,1,1,B
4,38172,True,B,A,10,1,B
4,38173,True,A,B,1,1,A
4,38174,True,B,A,2,1,B
4,38175,True,B,A,3,1,B
4,38176,True,B,A,2,0,B
4,38177,True,A,B,4,1,A
4,38178,True,A,B,10,1,A
4,38179,True,A,B,10,1,A
4,38180,True,A,B,6,1,A
4,38181,True,B,A,1,2,B
4,38182,True,A,B,6,1,A
4,38183,True,A,B,4,1,A
4,38184,False,,,,,
4,38185,True,B,A,1,2,B
4,38186,True,B,A,6,1,B
4,38187,True,A,B,4,1,A
4,38188,True,B,A,1,2,B
4,38189,True,A,B,2,1,A
4,38190,True,B,A,10,1,B
4,38191,True,A,B,2,1,A
4,38192,True,B,A,3,1,B
4,38193,True,B,A,3,1,B
4,38194,True,B,A,4,1,B
4,38195,True,A,B,0,1,A
4,38196,True,B,A,2,1,B
4,38197,True,B,A,6,1,B
4,38198,True,A,B,1,2,A
4,38199,True,B,A,0,1,B
4,38200,True,A,B,10,1,A
4,38201,True,A,B,3,1,A
4,38202,True,A,B,6,1,A
4,38203,True,B,A,3,1,B
4,38204,True,A,B,4,1,A
4,38205,True,B,A,1,1,B
4,38206,True,A,B,1,2,A
4,38207,True,A,B,1,2,A
4,38208,True,A,B,2,0,A
4,38209,True,B,A,6,1,B
4,38210,True,A,B,3,1,A
4,38211,True,B,A,6,1,B
4,38212,True,A,B,4,1,A
4,38213,True,B,A,4,1,B
4,38214,True,A,B,1,1,A
4,38215,True,B,A,1,1,B
4,38216,True,A,B,1,1,A
4,38217,True,A,B,6,1,A
4,38218,True,A,B,4,1,A
4,38219,True,B,A,2,1,B
4,38220,True,A,B,2,1,A
4,38221,True,B,A,10,1,B
4,38222,True,B,A,2,1,B
4,38223,True,A,B,3,1,A
4,38224,True,B,A,6,1,B
4,38225,True,A,B,3,1,A
4,38226,True,A,B,4,1,A
4,38227,True,B,A,1,1,B
4,38228,False,,,,,
4,38229,True,A,B,1,2,A
4,38230,True,A,B,4,1,A
4,38231,True,B,A,2,0,B
4,38232,True,A,B,1,2,A
4,38233,True,A,B,0,1,A
4,38234,True,B,A,0,1,B
4,38235,True,B,A,1,2,B
4,38236,False,,,,,
4,38237,True,B,A,10,1,B
4,38238,True,B,A,10,1,B
4,38239,True,A,B,2,0,A
4,38240,True,B,A,2,0,B
4,38241,True,A,B,10,1,A
4,38242,True,A,B,6,1,A
4,38243,True,A,B,0,1,A
4,38244,True,A,B,2,0,A
4,38245,True,A,B,6,1,A
4,38246,True,A,B,0,1,A
4,38247,True,A,B,1,2,A
4,38248,True,A,B,2,0,A
4,38249,True,B,A,1,1,B
4,38250,True,B,A,4,1,B
4,38251,True,B,A,1,2,B
4,38252,True,B,A,6,1,B
4,38253,False,,,,,
4,38254,False,,,,,
4,38255,True,B,A,2,1,B
4,38256,True,A,B,3,1,A
4,38257,True,A,B,1,1,A
4,38258,True,B,A,10,1,B
4,38259,True,A,B,1,1,A
4,38260,True,A,B,1,2,A
4,38261,True,A,B,10,1,A
4,38262,True,B,A,10,1,B
4,38263,True,B,A,3,1,B
4,38264,True,B,A,1,1,B
4,38265,True,B,A,3,1,B
4,38266,False,,,,,
4,38267,True,A,B,0,1,A
4,38268,True,B,A,3,1,B
4,38269,True,A,B,3,1,A
4,38270,True,B,A,6,1,B
4,38271,True,A,B,4,1,A
4,38272,True,A,B,2,0,A
4,38273,True,A,B,0,1,A
4,38274,False,,,,,
4,38275,False,,,,,
4,38276,True,A,B,3,1,A
4,38277,True,B,A,10,1,B
4,38278,True,B,A,10,1,B
4,38279,False,,,,,
4,38280,True,B,A,0,1,B
4,38281,True,A,B,0,1,A
4,38282,True,B,A,3,1,B
4,38283,True,B,A,2,1,B
4,38284,True,A,B,1,2,A
4,38285,True,B,A,1,2,B
4,38286,True,B,A,2,0,B
4,38287,True,A,B,4,1,A
4,38288,True,A,B,1,2,A
4,38289,True,B,A,2,0,B
4,38290,True,B,A,1,1,B
4,38291,True,A,B,3,1,A
4,38292,True,A,B,3,1,A
4,38293,True,A,B,1,2,A
4,38294,True,B,A,0,1,B
4,38295,False,,,,,
4,38296,True,B,A,3,1,B
4,38297,True,A,B,10,1,A
4,38298,True,B,A,2,1,B
4,38299,True,A,B,6,1,A
4,38300,True,A,B,1,2,A
4,38301,True,B,A,1,1,B
4,38302,True,B,A,1,1,B
4,38303,False,,,,,
4,38304,True,A,B,2,0,A
4,38305,True,A,B,1,1,A
4,38306,True,A,B,1,1,A
4,38307,True,A,B,1,1,A
4,38308,True,B,A,1,2,B
4,38309,False,,,,,
4,38310,True,B,A,3,1,B
4,38311,True,B,A,3,1,B
4,38312,True,A,B,6,1,A
4,38313,True,A,B,0,1,A
4,38314,True,A,B,1,1,A
4,38315,False,,,,,
4,38316,True,B,A,6,1,B
4,38317,True,B,A,10,1,B
4,38318,True,B,A,2,1,B
4,38319,True,B,A,3,1,B
4,38320,True,B,A,6,1,B
4,38321,True,A,B,1,1,A
4,38322,True,A,B,1,1,A
4,38323,True,B,A,2,0,B
4,38324,True,A,B,2,0,A
4,38325,False,,,,,
4,38326,False,,,,,
4,38327,True,B,A,4,1,B
4,38328,True,A,B,1,2,A
4,38329,True,B,A,6,1,B
4,38330,True,B,A,2,0,B
4,38331,True,A,B,0,1,A
4,38332,True,A,B,10,1,A
4,38333,True,B,A,0,1,B
4,38334,True,B,A,4,1,B
4,38335,True,B,A,6,1,B
4,38336,True,A,B,1,1,A
4,38337,False,,,,,
4,38338,False,,,,,
4,38339,True,A,B,2,1,A
4,38340,False,,,,,
4,38341,True,A,B,2,1,A
4,38342,True,A,B,6,1,A
4,38343,True,A,B,4,1,A
4,38344,True,A,B,0,1,A
4,38345,True,B,A,1,1,B
4,38346,True,A,B,2,1,A
4,38347,True,A,B,10,1,A
4,38348,True,A,B,4,1,A
4,38349,True,A,B,1,2,A
4,38350,True,A,B,4,1,A
4,38351,True,B,A,3,1,B
4,38352,True,A,B,4,1,A
4,38353,True,A,B,1,1,A
4,38354,True,B,A,1,1,B
4,38355,True,B,A,10,1,B
4,38356,True,A,B,2,1,A
4,38357,True,B,A,6,1,B
4,38358,True,A,B,6,1,A
4,38359,True,A,B,2,0,A
4,38360,True,B,A,10,1,B
4,38361,True,A,B,0,1,A
4,38362,False,,,,,
4,38363,True,B,A,2,0,B
4,38364,False,,,,,
4,38365,True,A,B,1,2,A
4,38366,True,B,A,10,1,B
4,38367,False,,,,,
4,38368,False,,,,,
4,38369,True,B,A,10,1,B
4,38370,True,A,B,10,1,A
4,38371,True,A,B,6,1,A
4,38372,True,B,A,1,1,B
4,38373,True,A,B,2,0,A
4,38374,True,B,A,0,1,B
4,38375,True,A,B,2,1,A
4,38376,True,B,A,6,1,B
4,38377,True,A,B,1,1,A
4,38378,True,A,B,1,1,A
4,38379,True,A,B,0,1,A
4,38380,True,B,A,4,1,B
4,38381,True,B,A,2,1,B
4,38382,True,A,B,1,1,A
4,38383,True,A,B,1,1,A
4,38384,True,B,A,2,1,B
4,38385,True,A,B,2,1,A
4,38386,True,A,B,10,1,A
4,38387,True,A,B,0,1,A
4,38388,True,A,B,1,2,A
4,38389,True,B,A,1,1,B
4,38390,True,B,A,3,1,B
4,38391,False,,,,,
4,38392,True,A,B,0,1,A
4,38393,True,A,B,2,0,A
4,38394,True,B,A,3,1,B
4,38395,True,B,A,2,0,B
4,38396,True,A,B,3,1,A
4,38397,True,A,B,2,1,A
4,38398,True,A,B,2,1,A
4,38399,True,B,A,6,1,B
4,38400,True,A,B,1,1,A
4,38401,True,B,A,2,0,B
4,38402,True,A,B,1,1,A
4,38403,True,B,A,2,0,B
4,38404,True,B,A,1,2,B
4,38405,True,B,A,10,1,B
4,38406,True,A,B,2,1,A
4,38407,True,A,B,2,1,A
4,38408,True,B,A,0,1,B
4,38409,True,B,A,6,1,B
4,38410,True,B,A,2,1,B
4,38411,True,A,B,0,1,A
4,38412,True,B,A,2,1,B
4,38413,True,A,B,10,1,A
4,38414,True,A,B,3,1,A
4,38415,True,A,B,2,1,A
4,38416,True,A,B,4,1,A
4,38417,True,B,A,1,1,B
4,38418,True,B,A,2,1,B
4,38419,True,A,B,1,1,A
4,38420,True,B,A,6,1,B
4,38421,True,B,A,2,1,B
4,38422,True,B,A,2,0,B
4,38423,True,A,B,4,1,A
4,38424,True,A,B,1,2,A
4,38425,True,B,A,10,1,B
4,38426,True,B,A,2,0,B
4,38427,True,B,A,4,1,B
4,38428,True,B,A,1,2,B
4,38429,True,B,A,0,1,B
4,38430,True,B,A,4,1,B
4,38431,True,A,B,2,1,A
4,38432,False,,,,,
4,38433,True,A,B,10,1,A
4,38434,True,A,B,0,1,A
4,38435,True,B,A,2,1,B
4,38436,True,A,B,2,1,A
4,38437,True,A,B,4,1,A
4,38438,True,A,B,1,2,A
4,38439,True,B,A,10,1,B
4,38440,True,B,A,2,1,B
4,38441,True,B,A,0,1,B
4,38442,True,A,B,2,1,A
4,38443,True,A,B,1,1,A
4,38444,True,B,A,2,0,B
4,38445,True,A,B,2,0,A
4,38446,True,B,A,1,1,B
4,38447,True,A,B,6,1,A
4,38448,True,B,A,10,1,B
4,38449,True,A,B,4,1,A
4,38450,True,A,B,2,0,A
4,38451,True,B,A,4,1,B
4,38452,True,A,B,2,1,A
4,38453,False,,,,,
4,38454,False,,,,,
4,38455,True,A,B,10,1,A
4,38456,False,,,,,
4,38457,True,A,B,3,1,A
4,38458,True,A,B,2,0,A
4,38459,True,A,B,1,1,A
4,38460,True,B,A,1,1,B
4,38461,True,A,B,3,1,A
4,38462,True,A,B,10,1,A
4,38463,True,B,A,6,1,B
4,38464,True,B,A,10,1,B
4,38465,True,B,A,0,1,B
4,38466,True,B,A,6,1,B
4,38467,True,A,B,3,1,A
4,38468,True,B,A,2,0,B
4,38469,True,B,A,6,1,B
4,38470,True,A,B,6,1,A
4,38471,True,B,A,0,1,B
4,38472,True,B,A,1,2,B
4,38473,True,A,B,2,1,A
4,38474,True,B,A,1,2,B
4,38475,True,B,A,10,1,B
4,38476,True,B,A,4,1,B
4,38477,True,A,B,0,1,A
4,38478,True,B,A,6,1,B
4,38479,True,B,A,2,0,B
4,38480,True,B,A,1,1,B
4,38481,True,B,A,1,2,B
4,38482,True,B,A,2,0,B
4,38483,True,B,A,3,1,B
4,38484,True,B,A,6,1,B
4,38485,True,A,B,3,1,A
4,38486,True,B,A,1,2,B
4,38487,True,B,A,0,1,B
4,38488,True,A,B,2,1,A
4,38489,True,B,A,3,1,B
4,38490,True,B,A,4,1,B
4,38491,True,A,B,2,0,A
4,38492,True,B,A,2,0,B
4,38493,True,B,A,2,0,B
4,38494,True,A,B,3,1,A
4,38495,True,B,A,10,1,B
4,38496,True,A,B,1,1,A
4,38497,True,A,B,10,1,A
4,38498,True,B,A,4,1,B
4,38499,True,B,A,1,2,B
4,38500,True,A,B,2,1,A
4,38501,True,A,B,2,0,A
4,38502,True,B,A,2,0,B
4,38503,True,B,A,6,1,B
4,38504,True,B,A,4,1,B
4,38505,True,A,B,3,1,A
4,38506,True,B,A,1,1,B
4,38507,False,,,,,
4,38508,True,A,B,2,0,A
4,38509,True,B,A,3,1,B
4,38510,True,A,B,1,2,A
4,38511,False,,,,,
4,38512,True,A,B,10,1,A
4,38513,True,B,A,10,1,B
4,38514,True,A,B,2,1,A
4,38515,True,A,B,10,1,A
4,38516,True,A,B,1,2,A
4,38517,False,,,,,
4,38518,True,B,A,6,1,B
4,38519,True,B,A,0,1,B
4,38520,True,A,B,1,1,A
4,38521,True,B,A,2,0,B
4,38522,False,,,,,
4,38523,False,,,,,
4,38524,True,B,A,2,1,B
4,38525,True,A,B,1,1,A
4,38526,True,B,A,10,1,B
4,38527,True,B,A,1,1,B
4,38528,True,B,A,2,1,B
4,38529,True,B,A,1,2,B
4,38530,True,A,B,2,0,A
4,38531,True,A,B,0,1,A
4,38532,True,A,B,1,1,A
4,38533,True,A,B,2,1,A
4,38534,True,A,B,10,1,A
4,38535,False,,,,,
4,38536,True,A,B,1,2,A
4,38537,True,B,A,1,1,B
4,38538,True,B,A,10,1,B
4,38539,True,A,B,4,1,A
4,38540,True,A,B,0,1,A
4,38541,True,A,B,2,0,A
4,38542,True,B,A,2,0,B
4,38543,True,B,A,3,1,B
4,38544,True,A,B,2,0,A
4,38545,True,A,B,2,0,A
4,38546,True,B,A,3,1,B
4,38547,True,B,A,10,1,B
4,38548,False,,,,,
4,38549,False,,,,,
4,38550,True,B,A,1,2,B
4,38551,True,A,B,2,0,A
4,38552,True,A,B,10,1,A
4,38553,True,A,B,10,1,A
4,38554,True,B,A,6,1,B
4,38555,True,B,A,10,1,B
4,38556,True,B,A,6,1,B
4,38557,True,B,A,10,1,B
4,38558,True,B,A,0,1,B
4,38559,True,B,A,6,1,B
4,38560,True,A,B,1,2,A
4,38561,True,B,A,2,0,B
4,38562,True,A,B,0,1,A
4,38563,True,A,B,2,1,A
4,38564,True,B,A,2,1,B
4,38565,True,B,A,10,1,B
4,38566,True,A,B,2,1,A
4,38567,True,B,A,10,1,B
4,38568,True,A,B,3,1,A
4,38569,True,A,B,4,1,A
4,38570,True,B,A,6,1,B
4,38571,True,A,B,10,1,A
4,38572,True,B,A,1,1,B
4,38573,True,B,A,1,1,B
4,38574,True,A,B,1,2,A
4,38575,True,A,B,1,2,A
4,38576,True,A,B,4,1,A
4,38577,True,A,B,1,1,A
4,38578,True,A,B,6,1,A
4,38579,True,B,A,2,1,B
4,38580,True,A,B,0,1,A
4,38581,True,B,A,6,1,B
4,38582,True,B,A,1,2,B
4,38583,True,A,B,1,2,A
4,38584,True,A,B,2,1,A
4,38585,True,B,A,4,1,B
4,38586,True,B,A,10,1,B
4,38587,True,B,A,3,1,B
4,38588,True,B,A,4,1,B
4,38589,True,A,B,1,2,A
4,38590,True,A,B,3,1,A
4,38591,True,A,B,0,1,A
4,38592,True,B,A,3,1,B
4,38593,True,B,A,0,1,B
4,38594,True,B,A,2,1,B
4,38595,True,A,B,1,1,A
4,38596,True,A,B,2,1,A
4,38597,True,A,B,1,2,A
4,38598,True,B,A,4,1,B
4,38599,True,A,B,10,1,A
4,38600,True,A,B,0,1,A
4,38601,True,B,A,2,0,B
4,38602,True,B,A,2,0,B
4,38603,True,A,B,0,1,A
4,38604,True,A,B,1,2,A
4,38605,True,B,A,4,1,B
4,38606,True,A,B,3,1,A
4,38607,True,B,A,3,1,B
4,38608,True,B,A,2,1,B
4,38609,True,B,A,1,1,B
4,38610,True,A,B,2,0,A
4,38611,True,B,A,10,1,B
4,38612,True,B,A,4,1,B
4,38613,True,B,A,6,1,B
4,38614,True,A,B,1,2,A
4,38615,True,A,B,4,1,A
4,38616,True,B,A,0,1,B
4,38617,True,A,B,0,1,A
4,38618,True,B,A,4,1,B
4,38619,True,B,A,10,1,B
4,38620,True,A,B,2,0,A
4,38621,True,B,A,2,0,B
4,38622,True,A,B,1,1,A
4,38623,True,A,B,3,1,A
4,38624,True,A,B,0,1,A
4,38625,True,A,B,2,0,A
4,38626,True,B,A,2,0,B
4,38627,True,A,B,1,2,A
4,38628,True,B,A,2,0,B
4,38629,True,A,B,3,1,A
4,38630,True,A,B,2,0,A
4,38631,True,A,B,3,1,A
4,38632,True,B,A,3,1,B
4,38633,True,A,B,10,1,A
4,38634,True,A,B,2,1,A
4,38635,True,A,B,2,1,A
4,38636,True,B,A,2,0,B
4,38637,True,A,B,1,2,A
4,38638,True,A,B,1,2,A
4,38639,True,A,B,1,2,A
4,38640,True,A,B,1,1,A
4,38641,True,B,A,6,1,B
4,38642,True,A,B,2,1,A
4,38643,True,A,B,3,1,A
4,38644,True,B,A,2,0,B
4,38645,True,A,B,0,1,A
4,38646,True,B,A,2,1,B
4,38647,True,B,A,2,1,B
4,38648,True,A,B,10,1,A
4,38649,True,B,A,6,1,B
4,38650,True,A,B,0,1,A
4,38651,True,A,B,6,1,A
4,38652,False,,,,,
4,38653,True,A,B,1,2,A
4,38654,True,B,A,0,1,B
4,38655,True,A,B,1,1,A
4,38656,True,B,A,1,2,B
4,38657,True,B,A,10,1,B
4,38658,True,A,B,2,0,A
4,38659,True,B,A,3,1,B
4,38660,True,B,A,3,1,B
4,38661,True,B,A,2,0,B
4,38662,True,A,B,6,1,A
4,38663,True,A,B,6,1,A
4,38664,True,A,B,1,1,A
4,38665,True,A,B,10,1,A
4,38666,True,B,A,10,1,B
4,38667,True,A,B,1,2,A
4,38668,True,B,A,1,1,B
4,38669,True,B,A,2,0,B
4,38670,True,A,B,4,1,A
4,38671,True,B,A,4,1,B
4,38672,True,A,B,4,1,A
4,38673,True,A,B,6,1,A
4,38674,True,B,A,1,1,B
4,38675,True,A,B,1,2,A
4,38676,True,B,A,1,1,B
4,38677,True,B,A,0,1,B
4,38678,True,B,A,1,1,B
4,38679,True,A,B,1,2,A
4,38680,True,A,B,0,1,A
4,38681,True,A,B,3,1,A
4,38682,True,B,A,3,1,B
4,38683,True,B,A,1,1,B
4,38684,True,B,A,6,1,B
4,38685,True,A,B,3,1,A
4,38686,True,B,A,6,1,B
4,38687,True,A,B,2,0,A
4,38688,True,A,B,6,1,A
4,38689,False,,,,,
4,38690,True,A,B,10,1,A
4,38691,True,A,B,2,0,A
4,38692,True,A,B,0,1,A
4,38693,False,,,,,
4,38694,False,,,,,
4,38695,False,,,,,
4,38696,False,,,,,
4,38697,True,B,A,2,0,B
4,38698,True,B,A,6,1,B
4,38699,True,B,A,6,1,B
4,38700,False,,,,,
4,38701,True,B,A,2,1,B
4,38702,True,B,A,4,1,B
4,38703,True,A,B,2,0,A
4,38704,True,A,B,3,1,A
4,38705,True,B,A,10,1,B
4,38706,True,B,A,10,1,B
4,38707,True,A,B,3,1,A
4,38708,True,A,B,6,1,A
4,38709,True,A,B,4,1,A
4,38710,True,A,B,4,1,A
4,38711,True,A,B,10,1,A
4,38712,True,B,A,3,1,B
4,38713,True,A,B,2,1,A
4,38714,True,B,A,6,1,B
4,38715,True,B,A,2,1,B
4,38716,True,B,A,0,1,B
4,38717,False,,,,,
4,38718,True,A,B,4,1,A
4,38719,True,A,B,6,1,A
4,38720,True,A,B,0,1,A
4,38721,True,A,B,3,1,A
4,38722,True,B,A,4,1,B
4,38723,True,A,B,6,1,A
4,38724,True,B,A,2,0,B
4,38725,True,A,B,6,1,A
4,38726,True,A,B,3,1,A
4,38727,True,A,B,10,1,A
4,38728,True,A,B,2,1,A
4,38729,True,A,B,2,1,A
4,38730,False,,,,,
4,38731,True,B,A,1,1,B
4,38732,True,A,B,6,1,A
4,38733,True,B,A,4,1,B
4,38734,True,A,B,3,1,A
4,38735,True,A,B,0,1,A
4,38736,True,B,A,4,1,B
4,38737,True,B,A,2,1,B
4,38738,True,A,B,3,1,A
4,38739,True,A,B,2,1,A
4,38740,True,B,A,3,1,B
4,38741,True,A,B,0,1,A
4,38742,True,B,A,4,1,B
4,38743,True,B,A,1,1,B
4,38744,True,B,A,0,1,B
4,38745,True,A,B,4,1,A
4,38746,True,A,B,6,1,A
4,38747,True,B,A,10,1,B
4,38748,True,A,B,4,1,A
4,38749,True,B,A,4,1,B
4,38750,True,A,B,2,0,A
4,38751,True,B,A,6,1,B
4,38752,True,B,A,4,1,B
4,38753,True,A,B,4,1,A
4,38754,True,A,B,1,2,A
4,38755,True,A,B,2,1,A
4,38756,True,A,B,6,1,A
4,38757,True,B,A,1,1,B
4,38758,True,A,B,2,1,A
4,38759,True,B,A,6,1,B
4,38760,True,B,A,10,1,B
4,38761,False,,,,,
4,38762,True,A,B,4,1,A
4,38763,True,B,A,3,1,B
4,38764,True,B,A,1,1,B
4,38765,False,,,,,
4,38766,True,B,A,4,1,B
4,38767,False,,,,,
4,38768,True,A,B,2,1,A
4,38769,False,,,,,
4,38770,True,B,A,10,1,B
4,38771,True,A,B,1,2,A
4,38772,True,A,B,4,1,A
4,38773,True,B,A,2,0,B
4,38774,True,A,B,0,1,A
4,38775,True,B,A,6,1,B
4,38776,True,A,B,6,1,A
4,38777,True,B,A,2,0,B
4,38778,False,,,,,
4,38779,False,,,,,
4,38780,True,B,A,4,1,B
4,38781,True,B,A,4,1,B
4,38782,True,A,B,1,2,A
4,38783,True,B,A,2,1,B
4,38784,True,A,B,4,1,A
4,38785,True,B,A,0,1,B
4,38786,True,A,B,6,1,A
4,38787,True,B,A,3,1,B
4,38788,True,A,B,6,1,A
4,38789,True,A,B,10,1,A
4,38790,True,A,B,1,1,A
4,38791,True,A,B,3,1,A
4,38792,True,B,A,6,1,B
4,38793,True,A,B,1,2,A
4,38794,True,B,A,0,1,B
4,38795,True,B,A,3,1,B
4,38796,True,B,A,3,1,B
4,38797,True,A,B,6,1,A
4,38798,True,B,A,4,1,B
4,38799,True,B,A,2,0,B
4,38800,True,B,A,1,2,B
4,38801,True,A,B,6,1,A
4,38802,True,B,A,4,1,B
4,38803,True,A,B,1,2,A
4,38804,True,A,B,6,1,A
4,38805,True,A,B,2,1,A
4,38806,True,B,A,1,2,B
4,38807,True,B,A,2,0,B
4,38808,True,B,A,4,1,B
4,38809,True,B,A,3,1,B
4,38810,True,B,A,2,0,B
4,38811,True,A,B,2,1,A
4,38812,True,A,B,1,1,A
4,38813,True,B,A,4,1,B
4,38814,True,B,A,0,1,B
4,38815,True,B,A,10,1,B
4,38816,True,B,A,1,2,B
4,38817,True,B,A,2,0,B
4,38818,True,A,B,0,1,A
4,38819,True,B,A,1,2,B
4,38820,False,,,,,
4,38821,False,,,,,
4,38822,True,B,A,2,0,B
4,38823,True,B,A,4,1,B
4,38824,True,A,B,2,0,A
4,38825,True,A,B,4,1,A
4,38826,True,B,A,2,1,B
4,38827,True,B,A,3,1,B
4,38828,True,A,B,3,1,A
4,38829,True,A,B,3,1,A
4,38830,True,B,A,1,2,B
4,38831,True,B,A,2,0,B
4,38832,True,B,A,2,1,B
4,38833,True,A,B,2,1,A
4,38834,True,B,A,2,0,B
4,38835,True,A,B,10,1,A
4,38836,True,B,A,10,1,B
4,38837,True,A,B,10,1,A
4,38838,True,A,B,1,1,A
4,38839,True,B,A,3,1,B
4,38840,True,B,A,10,1,B
4,38841,False,,,,,
4,38842,True,A,B,2,0,A
4,38843,True,B,A,1,1,B
4,38844,True,A,B,2,0,A
4,38845,True,B,A,10,1,B
4,38846,True,B,A,10,1,B
4,38847,True,A,B,3,1,A
4,38848,True,A,B,10,1,A
4,38849,True,A,B,2,0,A
4,38850,True,A,B,3,1,A
4,38851,True,B,A,1,1,B
4,38852,True,B,A,3,1,B
4,38853,True,A,B,2,0,A
4,38854,False,,,,,
4,38855,True,A,B,0,1,A
4,38856,True,A,B,2,0,A
4,38857,True,A,B,1,2,A
4,38858,True,A,B,2,1,A
4,38859,True,A,B,2,1,A
4,38860,True,B,A,3,1,B
4,38861,True,B,A,10,1,B
4,38862,True,A,B,10,1,A
4,38863,True,B,A,4,1,B
4,38864,True,B,A,10,1,B
4,38865,True,A,B,4,1,A
4,38866,True,A,B,10,1,A
4,38867,True,A,B,10,1,A
4,38868,True,A,B,1,1,A
4,38869,True,B,A,6,1,B
4,38870,True,A,B,4,1,A
4,38871,True,A,B,10,1,A
4,38872,True,B,A,1,1,B
4,38873,True,B,A,10,1,B
4,38874,True,A,B,4,1,A
4,38875,True,A,B,10,1,A
4,38876,True,A,B,4,1,A
4,38877,True,B,A,6,1,B
4,38878,True,B,A,4,1,B
4,38879,True,A,B,3,1,A
4,38880,True,B,A,0,1,B
4,38881,True,B,A,10,1,B
4,38882,True,B,A,2,1,B
4,38883,True,A,B,2,1,A
4,38884,True,B,A,2,0,B
4,38885,True,A,B,0,1,A
4,38886,True,B,A,1,2,B
4,38887,True,B,A,10,1,B
4,38888,True,A,B,1,2,A
4,38889,True,A,B,6,1,A
4,38890,True,A,B,0,1,A
4,38891,True,A,B,0,1,A
4,38892,True,A,B,2,1,A
4,38893,True,B,A,4,1,B
4,38894,True,A,B,6,1,A
4,38895,True,A,B,2,1,A
4,38896,True,A,B,1,2,A
4,38897,True,A,B,2,1,A
4,38898,True,B,A,10,1,B
4,38899,True,B,A,2,0,B
4,38900,True,A,B,1,2,A
4,38901,True,B,A,2,1,B
4,38902,True,A,B,4,1,A
4,38903,True,A,B,1,2,A
4,38904,True,B,A,1,1,B
4,38905,True,A,B,2,1,A
4,38906,False,,,,,
4,38907,True,A,B,1,2,A
4,38908,True,B,A,1,1,B
4,38909,True,A,B,4,1,A
4,38910,True,A,B,3,1,A
4,38911,False,,,,,
4,38912,True,A,B,2,1,A
4,38913,True,A,B,0,1,A
4,38914,True,B,A,1,2,B
4,38915,True,B,A,6,1,B
4,38916,True,A,B,6,1,A
4,38917,True,B,A,6,1,B
4,38918,True,A,B,1,2,A
4,38919,True,A,B,4,1,A
4,38920,True,A,B,10,1,A
4,38921,True,A,B,4,1,A
4,38922,True,A,B,3,1,A
4,38923,False,,,,,
4,38924,True,B,A,10,1,B
4,38925,True,B,A,1,1,B
4,38926,True,B,A,4,1,B
4,38927,True,B,A,2,1,B
4,38928,True,A,B,1,2,A
4,38929,True,B,A,1,2,B
4,38930,True,A,B,4,1,A
4,38931,True,A,B,1,2,A
4,38932,True,A,B,6,1,A
4,38933,True,B,A,2,0,B
4,38934,True,B,A,4,1,B
4,38935,True,A,B,1,1,A
4,38936,True,B,A,10,1,B
4,38937,True,B,A,3,1,B
4,38938,True,A,B,10,1,A
4,38939,False,,,,,
4,38940,True,A,B,2,0,A
4,38941,True,B,A,3,1,B
4,38942,True,A,B,4,1,A
4,38943,True,A,B,1,2,A
4,38944,True,A,B,1,2,A
4,38945,True,A,B,1,2,A
4,38946,True,B,A,2,0,B
4,38947,True,B,A,1,1,B
4,38948,True,B,A,0,1,B
4,38949,True,A,B,0,1,A
4,38950,True,B,A,2,0,B
4,38951,True,A,B,3,1,A
4,38952,True,A,B,6,1,A
4,38953,True,A,B,6,1,A
4,38954,True,A,B,10,1,A
4,38955,True,A,B,0,1,A
4,38956,True,B,A,6,1,B
4,38957,True,A,B,1,2,A
4,38958,True,A,B,3,1,A
4,38959,True,A,B,2,0,A
4,38960,True,B,A,1,1,B
4,38961,True,A,B,1,1,A
4,38962,True,B,A,3,1,B
4,38963,True,A,B,1,1,A
4,38964,True,B,A,6,1,B
4,38965,True,B,A,2,0,B
4,38966,True,A,B,3,1,A
4,38967,True,B,A,6,1,B
4,38968,True,B,A,0,1,B
4,38969,True,A,B,1,2,A
4,38970,True,A,B,0,1,A
4,38971,True,B,A,4,1,B
4,38972,True,B,A,2,0,B
4,38973,True,B,A,3,1,B
4,38974,True,A,B,1,2,A
4,38975,True,B,A,0,1,B
4,38976,True,A,B,2,1,A
4,38977,True,A,B,4,1,A
4,38978,True,B,A,1,1,B
4,38979,True,B,A,1,2,B
4,38980,True,B,A,1,1,B
4,38981,True,A,B,6,1,A
4,38982,True,A,B,3,1,A
4,38983,True,A,B,10,1,A
4,38984,True,A,B,2,0,A
4,38985,True,B,A,2,1,B
4,38986,True,A,B,0,1,A
4,38987,True,A,B,2,0,A
4,38988,True,A,B,3,1,A
4,38989,True,B,A,1,1,B
4,38990,True,A,B,2,1,A
4,38991,True,A,B,4,1,A
4,38992,True,B,A,4,1,B
4,38993,True,B,A,1,1,B
4,38994,True,A,B,6,1,A
4,38995,True,A,B,1,1,A
4,38996,True,B,A,2,0,B
4,38997,True,A,B,10,1,A
4,38998,True,A,B,0,1,A
4,38999,True,A,B,10,1,A
4,39000,True,B,A,2,1,B
4,39001,True,A,B,4,1,A
4,39002,True,A,B,1,2,A
4,39003,True,A,B,1,2,A
4,39004,True,B,A,2,0,B
4,39005,True,A,B,1,1,A
4,39006,False,,,,,
4,39007,True,B,A,2,1,B
4,39008,True,B,A,1,1,B
4,39009,True,A,B,0,1,A
4,39010,True,A,B,3,1,A
4,39011,True,A,B,1,1,A
4,39012,True,A,B,2,1,A
4,39013,True,B,A,6,1,B
4,39014,True,B,A,2,0,B
4,39015,True,B,A,10,1,B
4,39016,True,B,A,1,1,B
4,39017,True,A,B,10,1,A
4,39018,True,B,A,10,1,B
4,39019,True,B,A,2,1,B
4,39020,True,A,B,1,1,A
4,39021,True,B,A,2,0,B
4,39022,False,,,,,
4,39023,True,A,B,10,1,A
4,39024,True,A,B,0,1,A
4,39025,True,A,B,6,1,A
4,39026,True,A,B,0,1,A
4,39027,True,B,A,1,2,B
4,39028,True,B,A,4,1,B
4,39029,True,A,B,1,1,A
4,39030,True,B,A,4,1,B
4,39031,True,B,A,10,1,B
4,39032,True,B,A,6,1,B
4,39033,True,A,B,2,0,A
4,39034,True,B,A,1,2,B
4,39035,True,B,A,1,2,B
4,39036,True,B,A,3,1,B
4,39037,True,A,B,2,0,A
4,39038,True,B,A,1,1,B
4,39039,True,A,B,3,1,A
4,39040,True,B,A,2,0,B
4,39041,True,A,B,1,2,A
4,39042,True,A,B,2,1,A
4,39043,True,A,B,0,1,A
4,39044,True,B,A,4,1,B
4,39045,True,A,B,4,1,A
4,39046,True,A,B,0,1,A
4,39047,True,A,B,4,1,A
4,39048,True,B,A,1,1,B
4,39049,True,B,A,2,1,B
4,39050,True,A,B,1,1,A
4,39051,True,A,B,4,1,A
4,39052,True,B,A,3,1,B
4,39053,True,B,A,1,2,B
4,39054,True,A,B,0,1,A
4,39055,True,B,A,1,1,B
4,39056,True,B,A,10,1,B
4,39057,True,B,A,0,1,B
4,39058,True,B,A,6,1,B
4,39059,True,B,A,2,1,B
4,39060,True,B,A,0,1,B
4,39061,True,A,B,1,1,A
4,39062,True,B,A,10,1,B
4,39063,True,B,A,2,0,B
4,39064,True,B,A,2,1,B
4,39065,True,A,B,2,0,A
4,39066,True,B,A,0,1,B
4,39067,True,B,A,10,1,B
4,39068,True,B,A,0,1,B
4,39069,True,B,A,6,1,B
4,39070,True,A,B,3,1,A
4,39071,True,A,B,4,1,A
4,39072,True,B,A,3,1,B
4,39073,False,,,,,
4,39074,True,A,B,2,0,A
4,39075,False,,,,,
4,39076,True,A,B,10,1,A
4,39077,True,B,A,2,1,B
4,39078,True,A,B,3,1,A
4,39079,True,B,A,2,1,B
4,39080,True,A,B,1,2,A
4,39081,True,A,B,6,1,A
4,39082,True,A,B,6,1,A
4,39083,False,,,,,
4,39084,True,B,A,1,1,B
4,39085,True,B,A,1,2,B
4,39086,True,A,B,0,1,A
4,39087,True,A,B,2,0,A
4,39088,True,A,B,10,1,A
4,39089,True,A,B,4,1,A
4,39090,True,A,B,10,1,A
4,39091,True,B,A,1,2,B
4,39092,True,B,A,2,0,B
4,39093,True,B,A,6,1,B
4,39094,True,A,B,10,1,A
4,39095,True,B,A,3,1,B
4,39096,True,B,A,6,1,B
4,39097,False,,,,,
4,39098,True,B,A,2,1,B
4,39099,True,A,B,6,1,A
4,39100,True,A,B,4,1,A
4,39101,True,B,A,0,1,B
4,39102,True,B,A,2,0,B
4,39103,True,A,B,4,1,A
4,39104,True,B,A,2,0,B
4,39105,True,B,A,2,0,B
4,39106,True,A,B,2,0,A
4,39107,False,,,,,
4,39108,True,B,A,10,1,B
4,39109,False,,,,,
4,39110,True,B,A,10,1,B
4,39111,True,A,B,3,1,A
4,39112,True,B,A,2,0,B
4,39113,True,B,A,6,1,B
4,39114,True,B,A,4,1,B
4,39115,True,B,A,1,2,B
4,39116,True,A,B,0,1,A
4,39117,True,A,B,1,2,A
4,39118,True,A,B,4,1,A
4,39119,True,B,A,6,1,B
4,39120,True,B,A,2,0,B
4,39121,True,B,A,6,1,B
4,39122,True,A,B,2,0,A
4,39123,True,A,B,6,1,A
4,39124,True,A,B,1,1,A
4,39125,True,A,B,4,1,A
4,39126,True,B,A,3,1,B
4,39127,True,B,A,4,1,B
4,39128,True,A,B,1,1,A
4,39129,True,A,B,10,1,A
4,39130,True,A,B,10,1,A
4,39131,True,B,A,10,1,B
4,39132,True,A,B,1,1,A
4,39133,True,A,B,2,1,A
4,39134,True,B,A,6,1,B
4,39135,True,B,A,2,0,B
4,39136,True,B,A,6,1,B
4,39137,True,A,B,4,1,A
4,39138,True,A,B,2,0,A
4,39139,True,B,A,10,1,B
4,39140,True,A,B,10,1,A
4,39141,True,B,A,0,1,B
4,39142,True,A,B,2,0,A
4,39143,True,B,A,6,1,B
4,39144,False,,,,,
4,39145,True,A,B,10,1,A
4,39146,True,B,A,1,1,B
4,39147,True,A,B,10,1,A
4,39148,True,A,B,1,1,A
4,39149,True,A,B,3,1,A
4,39150,True,A,B,10,1,A
4,39151,False,,,,,
4,39152,True,B,A,1,2,B
4,39153,True,A,B,2,1,A
4,39154,True,A,B,2,1,A
4,39155,True,A,B,2,0,A
4,39156,True,A,B,6,1,A
4,39157,True,B,A,3,1,B
4,39158,True,B,A,2,0,B
4,39159,True,B,A,3,1,B
4,39160,True,A,B,4,1,A
4,39161,True,A,B,2,1,A
4,39162,True,B,A,2,1,B
4,39163,True,B,A,1,2,B
4,39164,True,A,B,3,1,A
4,39165,True,B,A,2,1,B
4,39166,True,B,A,6,1,B
4,39167,False,,,,,
4,39168,True,A,B,0,1,A
4,39169,True,B,A,6,1,B
4,39170,True,A,B,10,1,A
4,39171,True,B,A,2,1,B
4,39172,True,B,A,6,1,B
4,39173,True,B,A,1,1,B
4,39174,True,A,B,1,1,A
4,39175,True,A,B,2,0,A
4,39176,True,B,A,2,1,B
4,39177,True,B,A,4,1,B
4,39178,True,A,B,4,1,A
4,39179,True,A,B,4,1,A
4,39180,True,A,B,0,1,A
4,39181,True,B,A,10,1,B
4,39182,True,B,A,4,1,B
4,39183,True,A,B,10,1,A
4,39184,True,B,A,1,1,B
4,39185,True,B,A,10,1,B
4,39186,True,B,A,4,1,B
4,39187,True,B,A,4,1,B
4,39188,True,B,A,0,1,B
4,39189,False,,,,,
4,39190,True,B,A,1,1,B
4,39191,True,A,B,2,1,A
4,39192,True,B,A,10,1,B
4,39193,True,B,A,6,1,B
4,39194,True,A,B,6,1,A
4,39195,True,B,A,2,1,B
4,39196,False,,,,,
4,39197,True,A,B,3,1,A
4,39198,True,A,B,1,1,A
4,39199,True,A,B,3,1,A
4,39200,True,A,B,2,0,A
4,39201,True,A,B,1,2,A
4,39202,True,A,B,4,1,A
4,39203,True,B,A,2,1,B
4,39204,True,B,A,1,2,B
4,39205,False,,,,,
4,39206,True,B,A,2,0,B
4,39207,True,A,B,1,1,A
4,39208,True,A,B,2,0,A
4,39209,True,B,A,4,1,B
4,39210,True,A,B,0,1,A
4,39211,True,B,A,3,1,B
4,39212,True,A,B,0,1,A
4,39213,True,A,B,2,0,A
4,39214,True,B,A,10,1,B
4,39215,True,B,A,3,1,B
4,39216,True,A,B,4,1,A
4,39217,True,B,A,2,1,B
4,39218,True,B,A,2,0,B
4,39219,True,B,A,6,1,B
4,39220,True,B,A,10,1,B
4,39221,True,A,B,1,2,A
4,39222,True,A,B,3,1,A
4,39223,True,B,A,6,1,B
4,39224,True,B,A,2,1,B
4,39225,True,A,B,2,1,A
4,39226,True,A,B,4,1,A
4,39227,True,A,B,10,1,A
4,39228,True,A,B,3,1,A
4,39229,True,A,B,0,1,A
4,39230,True,B,A,10,1,B
4,39231,True,A,B,1,1,A
4,39232,True,B,A,10,1,B
4,39233,True,B,A,4,1,B
4,39234,True,A,B,10,1,A
4,39235,True,B,A,1,1,B
4,39236,True,A,B,1,1,A
4,39237,True,B,A,2,0,B
4,39238,True,A,B,1,1,A
4,39239,True,A,B,2,0,A
4,39240,True,B,A,3,1,B
4,39241,True,B,A,10,1,B
4,39242,True,A,B,1,2,A
4,39243,True,B,A,3,1,B
4,39244,True,A,B,6,1,A
4,39245,True,B,A,1,1,B
4,39246,False,,,,,
4,39247,True,A,B,4,1,A
4,39248,True,A,B,4,1,A
4,39249,True,A,B,0,1,A
4,39250,True,B,A,2,0,B
4,39251,True,A,B,3,1,A
4,39252,True,A,B,0,1,A
4,39253,True,B,A,2,1,B
4,39254,True,B,A,1,2,B
4,39255,True,A,B,6,1,A
4,39256,True,A,B,1,2,A
4,39257,True,B,A,2,1,B
4,39258,True,A,B,1,1,A
4,39259,True,B,A,10,1,B
4,39260,True,B,A,1,2,B
4,39261,True,A,B,3,1,A
4,39262,True,A,B,1,2,A
4,39263,True,A,B,2,0,A
4,39264,True,B,A,10,1,B
4,39265,True,A,B,6,1,A
4,39266,True,A,B,0,1,A
4,39267,True,B,A,4,1,B
4,39268,True,B,A,10,1,B
4,39269,True,A,B,2,0,A
4,39270,True,A,B,10,1,A
4,39271,True,A,B,2,1,A
4,39272,True,B,A,2,0,B
4,39273,True,A,B,2,0,A
4,39274,True,A,B,3,1,A
4,39275,True,A,B,2,1,A
4,39276,True,B,A,1,1,B
4,39277,True,A,B,2,0,A
4,39278,True,B,A,6,1,B
4,39279,True,A,B,10,1,A
4,39280,True,A,B,10,1,A
4,39281,True,B,A,10,1,B
4,39282,True,B,A,10,1,B
4,39283,True,A,B,2,1,A
4,39284,True,A,B,6,1,A
4,39285,True,B,A,10,1,B
4,39286,True,A,B,0,1,A
4,39287,True,B,A,10,1,B
4,39288,True,B,A,4,1,B
4,39289,True,B,A,10,1,B
4,39290,True,B,A,2,0,B
4,39291,True,A,B,1,2,A
4,39292,True,A,B,10,1,A
4,39293,False,,,,,
4,39294,True,A,B,6,1,A
4,39295,True,B,A,10,1,B
4,39296,False,,,,,
4,39297,True,A,B,10,1,A
4,39298,True,A,B,3,1,A
4,39299,True,B,A,1,1,B
4,39300,True,B,A,6,1,B
4,39301,True,B,A,1,2,B
4,39302,True,A,B,4,1,A
4,39303,True,B,A,6,1,B
4,39304,True,B,A,1,1,B
4,39305,True,A,B,2,1,A
4,39306,True,A,B,10,1,A
4,39307,True,B,A,0,1,B
4,39308,True,A,B,2,0,A
4,39309,False,,,,,
4,39310,True,A,B,1,2,A
4,39311,True,A,B,3,1,A
4,39312,True,B,A,3,1,B
4,39313,True,A,B,2,1,A
4,39314,True,A,B,4,1,A
4,39315,False,,,,,
4,39316,True,A,B,4,1,A
4,39317,False,,,,,
4,39318,True,A,B,3,1,A
4,39319,True,A,B,6,1,A
4,39320,True,A,B,6,1,A
4,39321,True,B,A,2,1,B
4,39322,True,A,B,1,2,A
4,39323,True,A,B,3,1,A
4,39324,True,A,B,3,1,A
4,39325,True,A,B,6,1,A
4,39326,True,B,A,10,1,B
4,39327,True,B,A,6,1,B
4,39328,True,A,B,1,1,A
4,39329,True,A,B,6,1,A
4,39330,True,B,A,4,1,B
4,39331,True,B,A,3,1,B
4,39332,True,A,B,2,1,A
4,39333,True,B,A,2,0,B
4,39334,True,B,A,6,1,B
4,39335,True,A,B,0,1,A
4,39336,False,,,,,
4,39337,True,A,B,0,1,A
4,39338,True,A,B,4,1,A
4,39339,True,A,B,4,1,A
4,39340,True,B,A,2,0,B
4,39341,True,A,B,0,1,A
4,39342,True,A,B,1,1,A
4,39343,True,B,A,3,1,B
4,39344,True,B,A,4,1,B
4,39345,True,B,A,1,1,B
4,39346,True,B,A,6,1,B
4,39347,True,B,A,1,1,B
4,39348,True,B,A,0,1,B
4,39349,True,B,A,6,1,B
4,39350,True,A,B,1,2,A
4,39351,True,A,B,2,0,A
4,39352,True,B,A,3,1,B
4,39353,True,B,A,10,1,B
4,39354,True,A,B,10,1,A
4,39355,True,B,A,2,0,B
4,39356,True,B,A,10,1,B
4,39357,True,B,A,1,2,B
4,39358,True,A,B,4,1,A
4,39359,True,B,A,10,1,B
4,39360,True,B,A,0,1,B
4,39361,True,A,B,1,2,A
4,39362,True,A,B,1,2,A
4,39363,True,B,A,0,1,B
4,39364,True,A,B,1,1,A
4,39365,True,B,A,4,1,B
4,39366,False,,,,,
4,39367,True,A,B,4,1,A
4,39368,True,A,B,4,1,A
4,39369,True,A,B,4,1,A
4,39370,True,B,A,6,1,B
4,39371,True,A,B,2,0,A
4,39372,True,A,B,4,1,A
4,39373,True,B,A,3,1,B
4,39374,True,B,A,10,1,B
4,39375,True,A,B,0,1,A
4,39376,True,A,B,6,1,A
4,39377,True,B,A,1,1,B
4,39378,True,B,A,10,1,B
4,39379,False,,,,,
4,39380,True,B,A,2,1,B
4,39381,True,B,A,6,1,B
4,39382,True,A,B,6,1,A
4,39383,True,B,A,2,1,B
4,39384,True,A,B,1,1,A
4,39385,True,B,A,0,1,B
4,39386,True,B,A,1,2,B
4,39387,True,A,B,0,1,A
4,39388,True,B,A,4,1,B
4,39389,True,B,A,2,1,B
4,39390,True,B,A,1,2,B
4,39391,True,B,A,6,1,B
4,39392,True,B,A,6,1,B
4,39393,True,B,A,1,1,B
4,39394,True,A,B,1,2,A
4,39395,True,A,B,2,1,A
4,39396,True,B,A,1,1,B
4,39397,True,B,A,2,1,B
4,39398,True,B,A,10,1,B
4,39399,True,B,A,0,1,B
4,39400,True,B,A,10,1,B
4,39401,True,A,B,0,1,A
4,39402,True,A,B,0,1,A
4,39403,True,B,A,3,1,B
4,39404,True,B,A,6,1,B
4,39405,True,B,A,2,0,B
4,39406,True,A,B,2,1,A
4,39407,True,A,B,4,1,A
4,39408,True,A,B,10,1,A
4,39409,True,A,B,3,1,A
4,39410,True,A,B,2,0,A
4,39411,True,B,A,3,1,B
4,39412,True,A,B,10,1,A
4,39413,True,B,A,10,1,B
4,39414,True,A,B,6,1,A
4,39415,True,B,A,1,1,B
4,39416,True,B,A,0,1,B
4,39417,True,A,B,1,1,A
4,39418,True,B,A,6,1,B
4,39419,True,B,A,6,1,B
4,39420,True,A,B,2,0,A
4,39421,True,A,B,6,1,A
4,39422,True,A,B,6,1,A
4,39423,True,A,B,3,1,A
4,39424,True,A,B,3,1,A
4,39425,False,,,,,
4,39426,True,A,B,0,1,A
4,39427,True,B,A,10,1,B
4,39428,True,A,B,1,2,A
4,39429,True,B,A,3,1,B
4,39430,True,B,A,2,0,B
4,39431,True,A,B,1,2,A
4,39432,False,,,,,
4,39433,True,A,B,1,1,A
4,39434,True,B,A,10,1,B
4,39435,True,B,A,2,1,B
4,39436,False,,,,,
4,39437,True,B,A,4,1,B
4,39438,True,A,B,2,1,A
4,39439,True,B,A,10,1,B
4,39440,True,B,A,2,0,B
4,39441,True,B,A,10,1,B
4,39442,True,A,B,2,1,A
4,39443,True,B,A,2,1,B
4,39444,False,,,,,
4,39445,False,,,,,
4,39446,True,A,B,1,2,A
4,39447,True,A,B,1,2,A
4,39448,True,A,B,3,1,A
4,39449,True,B,A,1,2,B
4,39450,True,B,A,4,1,B
4,39451,True,A,B,1,2,A
4,39452,True,A,B,2,1,A
4,39453,True,B,A,1,1,B
4,39454,True,B,A,2,1,B
4,39455,True,A,B,6,1,A
4,39456,True,A,B,2,0,A
4,39457,True,A,B,4,1,A
4,39458,True,B,A,3,1,B
4,39459,True,B,A,2,1,B
4,39460,False,,,,,
4,39461,True,B,A,10,1,B
4,39462,True,B,A,2,1,B
4,39463,True,B,A,3,1,B
4,39464,True,B,A,1,1,B
4,39465,True,A,B,1,1,A
4,39466,True,A,B,2,1,A
4,39467,True,A,B,2,1,A
4,39468,True,A,B,2,1,A
4,39469,True,B,A,3,1,B
4,39470,True,A,B,0,1,A
4,39471,True,B,A,1,2,B
4,39472,True,B,A,1,2,B
4,39473,True,B,A,3,1,B
4,39474,True,B,A,6,1,B
4,39475,True,A,B,2,0,A
4,39476,False,,,,,
4,39477,True,B,A,10,1,B
4,39478,True,A,B,2,1,A
4,39479,True,B,A,10,1,B
4,39480,True,A,B,2,0,A
4,39481,True,A,B,2,1,A
4,39482,True,A,B,6,1,A
4,39483,True,A,B,6,1,A
4,39484,True,B,A,10,1,B
4,39485,True,B,A,6,1,B
4,39486,True,A,B,1,1,A
4,39487,True,A,B,2,1,A
4,39488,True,A,B,1,1,A
4,39489,True,B,A,1,2,B
4,39490,True,A,B,2,0,A
4,39491,True,A,B,1,1,A
4,39492,True,B,A,0,1,B
4,39493,True,A,B,6,1,A
4,39494,False,,,,,
4,39495,True,A,B,2,1,A
4,39496,True,B,A,1,1,B
4,39497,True,B,A,4,1,B
4,39498,True,A,B,10,1,A
4,39499,True,A,B,3,1,A
4,39500,True,A,B,10,1,A
4,39501,True,B,A,10,1,B
4,39502,True,B,A,6,1,B
4,39503,True,A,B,2,1,A
4,39504,True,A,B,3,1,A
4,39505,False,,,,,
4,39506,True,A,B,1,1,A
4,39507,True,A,B,1,2,A
4,39508,True,B,A,10,1,B
4,39509,True,A,B,10,1,A
4,39510,False,,,,,
4,39511,True,A,B,2,0,A
4,39512,True,B,A,3,1,B
4,39513,True,B,A,2,0,B
4,39514,True,A,B,3,1,A
4,39515,True,A,B,10,1,A
4,39516,True,B,A,10,1,B
4,39517,False,,,,,
4,39518,True,A,B,3,1,A
4,39519,True,B,A,1,1,B
4,39520,True,B,A,0,1,B
4,39521,True,A,B,0,1,A
4,39522,True,B,A,10,1,B
4,39523,True,B,A,6,1,B
4,39524,True,B,A,4,1,B
4,39525,True,B,A,4,1,B
4,39526,True,A,B,1,1,A
4,39527,True,A,B,1,1,A
4,39528,True,A,B,1,1,A
4,39529,False,,,,,
4,39530,True,B,A,0,1,B
4,39531,True,A,B,4,1,A
4,39532,False,,,,,
4,39533,True,B,A,6,1,B
4,39534,True,B,A,3,1,B
4,39535,True,B,A,0,1,B
4,39536,True,A,B,3,1,A
4,39537,True,A,B,2,0,A
4,39538,True,A,B,2,1,A
4,39539,True,A,B,3,1,A
4,39540,True,A,B,10,1,A
4,39541,True,A,B,4,1,A
4,39542,True,A,B,1,2,A
4,39543,False,,,,,
4,39544,True,A,B,0,1,A
4,39545,True,A,B,1,2,A
4,39546,False,,,,,
4,39547,True,A,B,3,1,A
4,39548,True,A,B,1,1,A
4,39549,True,A,B,1,2,A
4,39550,True,A,B,1,1,A
4,39551,True,B,A,4,1,B
4,39552,True,A,B,10,1,A
4,39553,False,,,,,
4,39554,True,A,B,3,1,A
4,39555,True,A,B,6,1,A
4,39556,True,A,B,3,1,A
4,39557,True,A,B,2,0,A
4,39558,True,A,B,10,1,A
4,39559,True,B,A,1,1,B
4,39560,True,A,B,1,1,A
4,39561,True,B,A,3,1,B
4,39562,True,B,A,2,1,B
4,39563,True,B,A,10,1,B
4,39564,True,A,B,2,0,A
4,39565,True,B,A,10,1,B
4,39566,True,A,B,1,2,A
4,39567,True,A,B,3,1,A
4,39568,True,B,A,2,0,B
4,39569,True,A,B,1,2,A
4,39570,True,B,A,0,1,B
4,39571,True,B,A,0,1,B
4,39572,True,A,B,2,1,A
4,39573,True,B,A,2,1,B
4,39574,True,B,A,1,2,B
4,39575,True,A,B,10,1,A
4,39576,True,A,B,0,1,A
4,39577,True,B,A,4,1,B
4,39578,True,B,A,1,2,B
4,39579,True,A,B,2,0,A
4,39580,False,,,,,
4,39581,True,A,B,3,1,A
4,39582,True,A,B,4,1,A
4,39583,True,A,B,4,1,A
4,39584,True,A,B,4,1,A
4,39585,True,B,A,10,1,B
4,39586,True,A,B,1,1,A
4,39587,True,A,B,10,1,A
4,39588,True,A,B,3,1,A
4,39589,True,A,B,10,1,A
4,39590,True,A,B,10,1,A
4,39591,True,A,B,0,1,A
4,39592,False,,,,,
4,39593,True,A,B,10,1,A
4,39594,True,A,B,0,1,A
4,39595,True,A,B,3,1,A
4,39596,True,A,B,3,1,A
4,39597,True,B,A,1,1,B
4,39598,True,B,A,3,1,B
4,39599,True,A,B,1,1,A
4,39600,True,A,B,0,1,A
4,39601,True,A,B,0,1,A
4,39602,True,A,B,4,1,A
4,39603,True,A,B,1,2,A
4,39604,True,A,B,0,1,A
4,39605,True,B,A,2,0,B
4,39606,True,B,A,6,1,B
4,39607,True,B,A,0,1,B
4,39608,True,A,B,1,1,A
4,39609,True,A,B,4,1,A
4,39610,True,A,B,6,1,A
4,39611,True,A,B,0,1,A
4,39612,False,,,,,
4,39613,True,A,B,1,2,A
4,39614,True,B,A,4,1,B
4,39615,False,,,,,
4,39616,True,B,A,6,1,B
4,39617,True,B,A,1,1,B
4,39618,True,A,B,2,1,A
4,39619,True,B,A,6,1,B
4,39620,True,B,A,4,1,B
4,39621,True,B,A,10,1,B
4,39622,False,,,,,
4,39623,True,B,A,4,1,B
4,39624,True,B,A,1,2,B
4,39625,True,B,A,10,1,B
4,39626,True,A,B,6,1,A
4,39627,False,,,,,
4,39628,True,A,B,1,1,A
4,39629,True,B,A,10,1,B
4,39630,True,B,A,0,1,B
4,39631,True,B,A,1,2,B
4,39632,True,A,B,0,1,A
4,39633,True,A,B,2,1,A
4,39634,True,B,A,2,1,B
4,39635,True,B,A,6,1,B
4,39636,True,A,B,2,0,A
4,39637,True,B,A,4,1,B
4,39638,True,B,A,4,1,B
4,39639,True,A,B,2,0,A
4,39640,True,A,B,0,1,A
4,39641,True,A,B,10,1,A
4,39642,True,B,A,2,1,B
4,39643,True,B,A,4,1,B
4,39644,True,A,B,4,1,A
4,39645,True,B,A,6,1,B
4,39646,True,B,A,2,1,B
4,39647,True,B,A,3,1,B
4,39648,True,B,A,6,1,B
4,39649,True,B,A,6,1,B
4,39650,True,A,B,3,1,A
4,39651,True,A,B,3,1,A
4,39652,True,A,B,2,0,A
4,39653,True,B,A,6,1,B
4,39654,True,B,A,4,1,B
4,39655,True,B,A,3,1,B
4,39656,True,A,B,3,1,A
4,39657,True,A,B,2,1,A
4,39658,True,B,A,4,1,B
4,39659,True,A,B,6,1,A
4,39660,True,B,A,3,1,B
4,39661,True,B,A,0,1,B
4,39662,True,A,B,6,1,A
4,39663,True,A,B,3,1,A
4,39664,True,A,B,1,1,A
4,39665,True,A,B,1,2,A
4,39666,True,A,B,10,1,A
4,39667,True,B,A,10,1,B
4,39668,False,,,,,
4,39669,False,,,,,
4,39670,False,,,,,
4,39671,True,A,B,0,1,A
4,39672,True,B,A,1,1,B
4,39673,True,A,B,10,1,A
4,39674,True,A,B,2,0,A
4,39675,True,A,B,2,1,A
4,39676,True,B,A,2,0,B
4,39677,True,A,B,0,1,A
4,39678,True,B,A,3,1,B
4,39679,True,A,B,1,1,A
4,39680,True,B,A,1,1,B
4,39681,True,A,B,1,2,A
4,39682,True,B,A,3,1,B
4,39683,True,B,A,1,1,B
4,39684,True,A,B,3,1,A
4,39685,True,A,B,10,1,A
4,39686,True,B,A,3,1,B
4,39687,True,B,A,10,1,B
4,39688,True,B,A,4,1,B
4,39689,True,A,B,1,1,A
4,39690,True,A,B,1,2,A
4,39691,True,A,B,1,2,A
4,39692,True,A,B,1,2,A
4,39693,True,B,A,3,1,B
4,39694,True,A,B,1,1,A
4,39695,True,B,A,2,0,B
4,39696,True,A,B,1,2,A
4,39697,True,B,A,10,1,B
4,39698,True,B,A,10,1,B
4,39699,True,A,B,1,1,A
4,39700,True,A,B,3,1,A
4,39701,True,B,A,10,1,B
4,39702,True,B,A,3,1,B
4,39703,True,B,A,3,1,B
4,39704,True,A,B,10,1,A
4,39705,True,A,B,10,1,A
4,39706,True,B,A,3,1,B
4,39707,True,A,B,4,1,A
4,39708,True,B,A,3,1,B
4,39709,True,B,A,2,1,B
4,39710,True,A,B,10,1,A
4,39711,True,A,B,6,1,A
4,39712,True,A,B,2,1,A
4,39713,True,A,B,2,0,A
4,39714,True,B,A,3,1,B
4,39715,True,B,A,2,1,B
4,39716,True,B,A,1,2,B
4,39717,True,B,A,1,1,B
4,39718,True,B,A,1,2,B
4,39719,True,A,B,3,1,A
4,39720,True,B,A,3,1,B
4,39721,True,A,B,1,2,A
4,39722,True,A,B,0,1,A
4,39723,True,B,A,4,1,B
4,39724,True,A,B,10,1,A
4,39725,False,,,,,
4,39726,True,A,B,6,1,A
4,39727,True,A,B,1,1,A
4,39728,True,A,B,4,1,A
4,39729,True,A,B,1,2,A
4,39730,True,B,A,10,1,B
4,39731,True,B,A,2,0,B
4,39732,True,B,A,2,1,B
4,39733,True,A,B,1,1,A
4,39734,True,A,B,2,1,A
4,39735,True,B,A,2,1,B
4,39736,True,A,B,0,1,A
4,39737,True,B,A,6,1,B
4,39738,True,B,A,1,2,B
4,39739,True,B,A,2,0,B
4,39740,True,A,B,4,1,A
4,39741,True,A,B,2,0,A
4,39742,True,A,B,10,1,A
4,39743,True,B,A,6,1,B
4,39744,True,A,B,1,1,A
4,39745,False,,,,,
4,39746,True,A,B,0,1,A
4,39747,True,A,B,3,1,A
4,39748,True,A,B,0,1,A
4,39749,True,B,A,3,1,B
4,39750,True,B,A,10,1,B
4,39751,True,A,B,1,2,A
4,39752,True,A,B,4,1,A
4,39753,True,A,B,0,1,A
4,39754,True,B,A,2,1,B
4,39755,True,B,A,6,1,B
4,39756,True,B,A,6,1,B
4,39757,True,B,A,2,1,B
4,39758,True,A,B,6,1,A
4,39759,True,A,B,2,0,A
4,39760,True,B,A,4,1,B
4,39761,True,B,A,2,0,B
4,39762,True,B,A,1,1,B
4,39763,True,B,A,2,0,B
4,39764,True,A,B,4,1,A
4,39765,True,B,A,2,0,B
4,39766,True,A,B,0,1,A
4,39767,True,A,B,2,1,A
4,39768,True,A,B,4,1,A
4,39769,True,B,A,6,1,B
4,39770,True,A,B,10,1,A
4,39771,True,A,B,3,1,A
4,39772,True,B,A,4,1,B
4,39773,True,A,B,1,1,A
4,39774,True,A,B,1,2,A
4,39775,True,A,B,1,2,A
4,39776,True,B,A,2,1,B
4,39777,True,A,B,3,1,A
4,39778,True,B,A,10,1,B
4,39779,True,A,B,4,1,A
4,39780,True,A,B,2,0,A
4,39781,True,B,A,10,1,B
4,39782,True,B,A,10,1,B
4,39783,True,B,A,4,1,B
4,39784,True,B,A,2,0,B
4,39785,False,,,,,
4,39786,True,A,B,1,1,A
4,39787,True,B,A,10,1,B
4,39788,True,A,B,2,0,A
4,39789,False,,,,,
4,39790,True,B,A,2,0,B
4,39791,True,B,A,1,2,B
4,39792,True,B,A,6,1,B
4,39793,False,,,,,
4,39794,True,B,A,6,1,B
4,39795,True,A,B,4,1,A
4,39796,True,B,A,0,1,B
4,39797,True,A,B,2,0,A
4,39798,True,A,B,3,1,A
4,39799,True,A,B,1,2,A
4,39800,True,A,B,2,1,A
4,39801,True,A,B,6,1,A
4,39802,True,A,B,6,1,A
4,39803,True,A,B,4,1,A
4,39804,True,A,B,1,2,A
4,39805,True,B,A,4,1,B
4,39806,True,A,B,10,1,A
4,39807,True,B,A,2,0,B
4,39808,True,A,B,0,1,A
4,39809,True,A,B,1,1,A
4,39810,True,B,A,3,1,B
4,39811,True,A,B,2,1,A
4,39812,True,A,B,3,1,A
4,39813,True,A,B,2,0,A
4,39814,True,A,B,2,1,A
4,39815,True,A,B,6,1,A
4,39816,True,B,A,4,1,B
4,39817,True,A,B,2,1,A
4,39818,True,B,A,0,1,B
4,39819,True,A,B,2,1,A
4,39820,True,A,B,2,1,A
4,39821,True,A,B,4,1,A
4,39822,True,B,A,10,1,B
4,39823,True,B,A,6,1,B
4,39824,True,A,B,3,1,A
4,39825,True,A,B,2,1,A
4,39826,True,B,A,1,2,B
4,39827,True,A,B,2,0,A
4,39828,True,B,A,4,1,B
4,39829,True,A,B,4,1,A
4,39830,True,B,A,1,2,B
4,39831,True,B,A,0,1,B
4,39832,True,A,B,1,2,A
4,39833,True,A,B,3,1,A
4,39834,False,,,,,
4,39835,True,A,B,1,2,A
4,39836,True,A,B,10,1,A
4,39837,True,B,A,2,1,B
4,39838,True,B,A,1,1,B
4,39839,True,B,A,2,1,B
4,39840,True,A,B,6,1,A
4,39841,True,A,B,3,1,A
4,39842,True,A,B,6,1,A
4,39843,True,A,B,10,1,A
4,39844,False,,,,,
4,39845,True,A,B,4,1,A
4,39846,True,B,A,6,1,B
4,39847,True,B,A,1,2,B
4,39848,True,B,A,10,1,B
4,39849,True,A,B,2,1,A
4,39850,True,A,B,6,1,A
4,39851,True,A,B,3,1,A
4,39852,True,B,A,1,1,B
4,39853,True,A,B,3,1,A
4,39854,True,A,B,2,0,A
4,39855,True,A,B,1,2,A
4,39856,True,B,A,3,1,B
4,39857,True,B,A,10,1,B
4,39858,True,A,B,1,1,A
4,39859,True,B,A,3,1,B
4,39860,True,A,B,2,1,A
4,39861,True,A,B,6,1,A
4,39862,True,A,B,6,1,A
4,39863,True,B,A,3,1,B
4,39864,True,B,A,1,2,B
4,39865,True,A,B,2,1,A
4,39866,True,B,A,6,1,B
4,39867,True,A,B,0,1,A
4,39868,True,B,A,6,1,B
4,39869,True,B,A,4,1,B
4,39870,True,B,A,1,2,B
4,39871,True,B,A,2,0,B
4,39872,True,A,B,10,1,A
4,39873,True,B,A,0,1,B
4,39874,True,B,A,3,1,B
4,39875,True,A,B,6,1,A
4,39876,True,A,B,0,1,A
4,39877,True,A,B,3,1,A
4,39878,True,A,B,0,1,A
4,39879,True,B,A,3,1,B
4,39880,True,A,B,1,2,A
4,39881,True,B,A,1,2,B
4,39882,True,B,A,3,1,B
4,39883,True,A,B,2,1,A
4,39884,True,A,B,6,1,A
4,39885,True,A,B,1,2,A
4,39886,False,,,,,
4,39887,True,B,A,10,1,B
4,39888,True,B,A,1,2,B
4,39889,True,A,B,1,2,A
4,39890,True,A,B,4,1,A
4,39891,True,A,B,1,2,A
4,39892,True,A,B,3,1,A
4,39893,True,A,B,2,1,A
4,39894,True,A,B,10,1,A
4,39895,True,B,A,3,1,B
4,39896,True,B,A,10,1,B
4,39897,True,B,A,0,1,B
4,39898,True,A,B,10,1,A
4,39899,True,B,A,10,1,B
4,39900,True,A,B,6,1,A
4,39901,True,B,A,1,2,B
4,39902,True,A,B,1,1,A
4,39903,True,A,B,2,0,A
4,39904,True,B,A,10,1,B
4,39905,True,A,B,2,0,A
4,39906,True,B,A,1,1,B
4,39907,True,A,B,0,1,A
4,39908,True,A,B,6,1,A
4,39909,True,B,A,10,1,B
4,39910,True,A,B,6,1,A
4,39911,True,A,B,3,1,A
4,39912,True,A,B,4,1,A
4,39913,True,A,B,0,1,A
4,39914,True,B,A,6,1,B
4,39915,True,A,B,1,2,A
4,39916,True,A,B,2,1,A
4,39917,True,A,B,2,0,A
4,39918,True,A,B,2,1,A
4,39919,True,B,A,4,1,B
4,39920,True,A,B,3,1,A
4,39921,True,B,A,4,1,B
4,39922,True,A,B,2,0,A
4,39923,True,A,B,6,1,A
4,39924,True,A,B,1,1,A
4,39925,True,A,B,2,0,A
4,39926,True,A,B,1,1,A
4,39927,True,B,A,10,1,B
4,39928,True,A,B,2,1,A
4,39929,False,,,,,
4,39930,True,B,A,10,1,B
4,39931,True,B,A,2,1,B
4,39932,False,,,,,
4,39933,False,,,,,
4,39934,False,,,,,
4,39935,True,A,B,10,1,A
4,39936,True,A,B,1,2,A
4,39937,True,B,A,1,2,B
4,39938,True,A,B,2,0,A
4,39939,True,A,B,1,1,A
4,39940,False,,,,,
4,39941,True,A,B,3,1,A
4,39942,True,B,A,6,1,B
4,39943,True,B,A,6,1,B
4,39944,True,B,A,6,1,B
4,39945,True,B,A,4,1,B
4,39946,True,A,B,2,0,A
4,39947,True,A,B,10,1,A
4,39948,True,A,B,6,1,A
4,39949,False,,,,,
4,39950,False,,,,,
4,39951,True,B,A,2,1,B
4,39952,True,B,A,2,1,B
4,39953,True,B,A,4,1,B
4,39954,True,B,A,6,1,B
4,39955,True,A,B,0,1,A
4,39956,True,A,B,6,1,A
4,39957,True,A,B,1,2,A
4,39958,True,B,A,1,2,B
4,39959,True,B,A,1,2,B
4,39960,True,A,B,0,1,A
4,39961,True,B,A,10,1,B
4,39962,True,B,A,1,1,B
4,39963,True,A,B,2,1,A
4,39964,True,B,A,2,1,B
4,39965,True,A,B,1,2,A
4,39966,True,B,A,3,1,B
4,39967,True,A,B,3,1,A
4,39968,True,B,A,4,1,B
4,39969,True,B,A,10,1,B
4,39970,True,B,A,2,1,B
4,39971,True,B,A,10,1,B
4,39972,True,A,B,1,2,A
4,39973,True,B,A,4,1,B
4,39974,True,A,B,1,2,A
4,39975,True,A,B,2,0,A
4,39976,True,A,B,4,1,A
4,39977,True,A,B,1,1,A
4,39978,True,B,A,2,1,B
4,39979,True,A,B,1,2,A
4,39980,True,A,B,10,1,A
4,39981,True,B,A,2,1,B
4,39982,True,B,A,10,1,B
4,39983,True,A,B,1,1,A
4,39984,True,B,A,4,1,B
4,39985,True,B,A,2,0,B
4,39986,True,A,B,0,1,A
4,39987,True,B,A,0,1,B
4,39988,True,B,A,6,1,B
4,39989,False,,,,,
4,39990,True,A,B,2,0,A
4,39991,True,B,A,2,0,B
4,39992,True,B,A,6,1,B
4,39993,False,,,,,
4,39994,True,A,B,1,2,A
4,39995,True,A,B,6,1,A
4,39996,True,B,A,2,1,B
4,39997,True,B,A,2,1,B
4,39998,True,A,B,6,1,A
4,39999,True,A,B,1,1,A
4,40000,True,B,A,2,0,B
5,40001,True,B,A,1,2,B
5,40002,True,B,A,10,1,B
5,40003,True,B,A,6,1,B
5,40004,True,A,B,1,2,A
5,40005,True,B,A,0,1,B
5,40006,True,B,A,6,1,B
5,40007,True,A,B,10,1,A
5,40008,True,B,A,2,1,B
5,40009,True,A,B,4,1,A
5,40010,True,A,B,0,1,A
5,40011,True,A,B,2,0,A
5,40012,True,A,B,6,1,A
5,40013,True,A,B,6,1,A
5,40014,True,A,B,2,0,A
5,40015,True,A,B,10,1,A
5,40016,True,B,A,2,0,B
5,40017,True,A,B,4,1,A
5,40018,True,A,B,2,1,A
5,40019,True,B,A,3,1,B
5,40020,True,A,B,6,1,A
5,40021,True,A,B,1,1,A
5,40022,False,,,,,
5,40023,True,B,A,2,0,B
5,40024,False,,,,,
5,40025,True,A,B,3,1,A
5,40026,True,B,A,10,1,B
5,40027,True,B,A,0,1,B
5,40028,True,B,A,2,1,B
5,40029,True,B,A,6,1,B
5,40030,True,A,B,4,1,A
5,40031,True,B,A,1,2,B
5,40032,True,B,A,2,0,B
5,40033,True,A,B,1,1,A
5,40034,True,B,A,4,1,B
5,40035,True,B,A,0,1,B
5,40036,True,B,A,0,1,B
5,40037,True,B,A,6,1,B
5,40038,True,A,B,1,1,A
5,40039,True,A,B,0,1,A
5,40040,True,A,B,2,0,A
5,40041,True,A,B,6,1,A
5,40042,True,B,A,4,1,B
5,40043,True,B,A,3,1,B
5,40044,True,A,B,6,1,A
5,40045,True,A,B,2,0,A
5,40046,True,A,B,6,1,A
5,40047,True,A,B,10,1,A
5,40048,False,,,,,
5,40049,True,A,B,2,0,A
5,40050,True,B,A,10,1,B
5,40051,True,B,A,6,1,B
5,40052,False,,,,,
5,40053,True,B,A,10,1,B
5,40054,True,A,B,2,1,A
5,40055,True,A,B,2,0,A
5,40056,True,A,B,1,2,A
5,40057,False,,,,,
5,40058,True,A,B,1,2,A
5,40059,True,A,B,10,1,A
5,40060,True,A,B,3,1,A
5,40061,True,A,B,3,1,A
5,40062,True,A,B,1,1,A
5,40063,True,B,A,3,1,B
5,40064,True,A,B,1,1,B
5,40065,True,A,B,3,1,A
5,40066,True,A,B,3,1,A
5,40067,True,B,A,10,1,B
5,40068,True,B,A,10,1,B
5,40069,False,,,,,
5,40070,True,A,B,3,1,A
5,40071,True,B,A,4,1,B
5,40072,True,B,A,2,1,B
5,40073,True,B,A,1,2,B
5,40074,True,B,A,2,0,B
5,40075,True,A,B,6,1,A
5,40076,True,A,B,2,1,A
5,40077,True,A,B,6,1,A
5,40078,True,A,B,0,1,A
5,40079,True,A,B,10,1,A
5,40080,True,B,A,2,0,B
5,40081,True,A,B,2,0,A
5,40082,True,B,A,2,1,B
5,40083,True,A,B,6,1,A
5,40084,True,B,A,6,1,B
5,40085,True,A,B,3,1,A
5,40086,True,A,B,2,1,A
5,40087,True,A,B,3,1,A
5,40088,True,A,B,1,2,A
5,40089,True,B,A,3,1,B
5,40090,True,A,B,6,1,A
5,40091,True,B,A,1,1,B
5,40092,True,A,B,2,0,A
5,40093,True,A,B,2,1,A
5,40094,True,B,A,1,1,B
5,40095,True,A,B,6,1,A
5,40096,True,A,B,4,1,A
5,40097,True,A,B,2,1,A
5,40098,True,B,A,2,1,B
5,40099,True,B,A,1,2,B
5,40100,True,B,A,3,1,B
5,40101,False,,,,,
5,40102,True,B,A,6,1,B
5,40103,False,,,,,
5,40104,True,A,B,2,1,A
5,40105,True,B,A,1,1,B
5,40106,True,B,A,6,1,B
5,40107,True,A,B,3,1,A
5,40108,True,A,B,6,1,A
5,40109,True,B,A,2,0,B
5,40110,False,,,,,
5,40111,True,A,B,1,2,A
5,40112,True,A,B,1,2,A
5,40113,True,A,B,1,1,A
5,40114,True,A,B,2,0,A
5,40115,True,A,B,3,1,A
5,40116,True,B,A,2,0,B
5,40117,True,B,A,4,1,B
5,40118,True,B,A,4,1,B
5,40119,True,A,B,3,1,A
5,40120,True,A,B,10,1,A
5,40121,True,A,B,2,0,A
5,40122,True,A,B,4,1,A
5,40123,True,A,B,6,1,A
5,40124,True,A,B,6,1,A
5,40125,True,A,B,1,1,A
5,40126,True,B,A,1,2,B
5,40127,False,,,,,
5,40128,True,A,B,1,2,A
5,40129,True,B,A,4,1,B
5,40130,True,B,A,2,0,B
5,40131,True,A,B,10,1,A
5,40132,False,,,,,
5,40133,True,A,B,3,1,A
5,40134,True,A,B,0,1,A
5,40135,True,A,B,6,1,A
5,40136,True,A,B,0,1,A
5,40137,True,A,B,2,1,A
5,40138,True,B,A,1,1,B
5,40139,True,A,B,10,1,A
5,40140,True,A,B,2,1,A
5,40141,True,A,B,1,2,A
5,40142,True,B,A,6,1,B
5,40143,True,B,A,2,0,B
5,40144,True,B,A,10,1,B
5,40145,True,B,A,1,2,B
5,40146,True,A,B,4,1,A
5,40147,True,A,B,0,1,A
5,40148,True,A,B,3,1,A
5,40149,True,B,A,10,1,B
5,40150,True,B,A,4,1,B
5,40151,True,B,A,1,2,B
5,40152,True,A,B,4,1,A
5,40153,True,B,A,1,2,B
5,40154,True,B,A,2,1,B
5,40155,True,B,A,4,1,B
5,40156,True,B,A,1,1,B
5,40157,True,A,B,3,1,A
5,40158,True,A,B,2,1,A
5,40159,True,B,A,1,2,B
5,40160,False,,,,,
5,40161,True,B,A,1,2,B
5,40162,True,B,A,2,1,B
5,40163,True,B,A,3,1,B
5,40164,True,A,B,4,1,A
5,40165,True,A,B,4,1,A
5,40166,True,B,A,2,1,B
5,40167,True,B,A,1,2,B
5,40168,True,A,B,2,1,A
5,40169,True,A,B,0,1,A
5,40170,True,A,B,6,1,A
5,40171,True,A,B,3,1,A
5,40172,True,A,B,1,2,A
5,40173,True,A,B,0,1,A
5,40174,True,B,A,4,1,B
5,40175,True,B,A,10,1,B
5,40176,True,A,B,1,2,A
5,40177,True,B,A,1,2,B
5,40178,True,A,B,1,1,A
5,40179,True,A,B,1,1,A
5,40180,True,B,A,3,1,B
5,40181,True,A,B,2,0,A
5,40182,True,B,A,1,1,B
5,40183,True,A,B,1,1,A
5,40184,True,A,B,4,1,A
5,40185,True,A,B,1,1,A
5,40186,True,B,A,6,1,B
5,40187,True,A,B,0,1,A
5,40188,True,A,B,3,1,A
5,40189,True,A,B,10,1,A
5,40190,True,B,A,2,0,B
5,40191,True,B,A,2,0,B
5,40192,True,B,A,2,0,B
5,40193,False,,,,,
5,40194,True,B,A,4,1,B
5,40195,True,A,B,3,1,A
5,40196,False,,,,,
5,40197,False,,,,,
5,40198,True,A,B,4,1,A
5,40199,True,A,B,1,1,A
5,40200,True,A,B,3,1,A
5,40201,True,B,A,6,1,B
5,40202,True,B,A,1,1,B
5,40203,True,A,B,2,1,A
5,40204,False,,,,,
5,40205,True,A,B,2,0,A
5,40206,True,B,A,2,0,B
5,40207,True,B,A,2,1,B
5,40208,True,A,B,4,1,A
5,40209,True,B,A,10,1,B
5,40210,True,A,B,6,1,A
5,40211,True,B,A,2,0,B
5,40212,True,B,A,2,1,B
5,40213,True,A,B,1,2,A
5,40214,True,B,A,1,1,B
5,40215,True,A,B,3,1,A
5,40216,True,B,A,3,1,B
5,40217,True,B,A,1,1,B
5,40218,True,B,A,1,2,B
5,40219,True,A,B,2,0,A
5,40220,False,,,,,
5,40221,True,A,B,3,1,A
5,40222,True,B,A,2,1,B
5,40223,True,A,B,10,1,A
5,40224,True,B,A,4,1,B
5,40225,True,B,A,2,0,B
5,40226,True,A,B,2,0,A
5,40227,True,A,B,2,0,A
5,40228,True,A,B,3,1,A
5,40229,True,A,B,3,1,A
5,40230,True,A,B,1,1,A
5,40231,True,A,B,10,1,A
5,40232,True,A,B,6,1,A
5,40233,True,B,A,6,1,B
5,40234,True,A,B,4,1,A
5,40235,True,B,A,1,1,B
5,40236,True,B,A,2,1,B
5,40237,True,A,B,6,1,A
5,40238,True,B,A,1,2,B
5,40239,True,B,A,3,1,B
5,40240,True,A,B,6,1,A
5,40241,True,A,B,2,1,A
5,40242,True,B,A,0,1,B
5,40243,True,A,B,2,1,A
5,40244,True,B,A,2,1,B
5,40245,True,A,B,3,1,A
5,40246,True,A,B,2,0,A
5,40247,True,A,B,3,1,A
5,40248,True,B,A,3,1,B
5,40249,True,B,A,1,1,B
5,40250,True,B,A,10,1,B
5,40251,False,,,,,
5,40252,True,A,B,6,1,A
5,40253,True,A,B,3,1,A
5,40254,True,A,B,0,1,A
5,40255,True,A,B,0,1,A
5,40256,False,,,,,
5,40257,True,A,B,2,0,A
5,40258,True,B,A,3,1,B
5,40259,False,,,,,
5,40260,False,,,,,
5,40261,True,B,A,0,1,B
5,40262,True,A,B,10,1,A
5,40263,True,B,A,4,1,B
5,40264,True,B,A,2,0,B
5,40265,True,B,A,4,1,B
5,40266,True,B,A,1,2,B
5,40267,True,B,A,6,1,B
5,40268,True,A,B,2,0,A
5,40269,True,A,B,3,1,A
5,40270,True,A,B,10,1,A
5,40271,True,B,A,3,1,B
5,40272,True,A,B,10,1,A
5,40273,True,A,B,4,1,A
5,40274,True,A,B,6,1,A
5,40275,True,B,A,6,1,B
5,40276,False,,,,,
5,40277,True,B,A,2,1,B
5,40278,True,B,A,0,1,B
5,40279,False,,,,,
5,40280,True,B,A,3,1,B
5,40281,True,A,B,1,2,A
5,40282,True,A,B,4,1,A
5,40283,True,B,A,6,1,B
5,40284,True,B,A,1,1,B
5,40285,True,B,A,3,1,B
5,40286,False,,,,,
5,40287,True,B,A,2,0,B
5,40288,True,A,B,3,1,A
5,40289,True,A,B,6,1,A
5,40290,True,A,B,4,1,A
5,40291,True,A,B,10,1,A
5,40292,True,A,B,1,1,A
5,40293,True,A,B,1,2,A
5,40294,True,B,A,3,1,B
5,40295,True,B,A,2,1,B
5,40296,True,A,B,2,1,A
5,40297,True,B,A,3,1,B
5,40298,True,A,B,1,2,A
5,40299,True,B,A,10,1,B
5,40300,True,A,B,1,1,A
5,40301,True,B,A,2,0,B
5,40302,True,B,A,4,1,B
5,40303,True,A,B,6,1,A
5,40304,True,B,A,1,1,B
5,40305,True,B,A,3,1,B
5,40306,True,B,A,2,1,B
5,40307,True,B,A,2,1,B
5,40308,True,A,B,6,1,A
5,40309,True,B,A,6,1,B
5,40310,True,A,B,3,1,A
5,40311,True,A,B,1,2,A
5,40312,True,A,B,10,1,A
5,40313,True,A,B,3,1,A
5,40314,False,,,,,
5,40315,True,A,B,1,1,A
5,40316,True,A,B,10,1,A
5,40317,True,B,A,3,1,B
5,40318,True,B,A,2,1,B
5,40319,True,A,B,2,1,A
5,40320,True,B,A,1,2,B
5,40321,True,A,B,2,1,A
5,40322,True,B,A,4,1,B
5,40323,True,B,A,1,2,B
5,40324,True,A,B,0,1,A
5,40325,True,A,B,0,1,A
5,40326,True,A,B,0,1,A
5,40327,True,B,A,2,0,B
5,40328,True,B,A,4,1,B
5,40329,False,,,,,
5,40330,True,A,B,1,2,A
5,40331,True,A,B,6,1,A
5,40332,True,A,B,10,1,A
5,40333,True,B,A,6,1,B
5,40334,True,A,B,2,1,A
5,40335,True,A,B,3,1,A
5,40336,True,B,A,2,0,B
5,40337,False,,,,,
5,40338,True,B,A,3,1,B
5,40339,True,B,A,10,1,B
5,40340,True,A,B,2,1,A
5,40341,True,A,B,0,1,A
5,40342,True,A,B,0,1,A
5,40343,True,B,A,4,1,B
5,40344,True,B,A,3,1,B
5,40345,True,A,B,6,1,A
5,40346,True,A,B,1,1,A
5,40347,True,A,B,0,1,A
5,40348,True,B,A,1,1,B
5,40349,True,A,B,6,1,A
5,40350,True,B,A,1,1,B
5,40351,True,A,B,10,1,A
5,40352,True,B,A,0,1,B
5,40353,True,A,B,2,0,A
5,40354,True,A,B,2,0,A
5,40355,True,A,B,0,1,A
5,40356,True,B,A,1,2,B
5,40357,True,B,A,1,2,B
5,40358,True,A,B,0,1,A
5,40359,True,B,A,1,1,B
5,40360,True,B,A,2,1,B
5,40361,True,B,A,6,1,B
5,40362,True,B,A,3,1,B
5,40363,True,B,A,2,1,B
5,40364,True,A,B,0,1,A
5,40365,True,A,B,4,1,A
5,40366,True,B,A,2,0,B
5,40367,True,A,B,4,1,A
5,40368,True,B,A,2,0,B
5,40369,True,A,B,2,0,A
5,40370,True,B,A,1,2,B
5,40371,True,B,A,1,2,B
5,40372,True,B,A,1,1,B
5,40373,True,A,B,1,1,A
5,40374,True,A,B,2,1,A
5,40375,True,B,A,0,1,B
5,40376,True,A,B,1,2,A
5,40377,True,B,A,2,0,B
5,40378,True,B,A,1,2,B
5,40379,False,,,,,
5,40380,True,A,B,2,0,A
5,40381,True,A,B,10,1,A
5,40382,True,A,B,6,1,A
5,40383,False,,,,,
5,40384,True,B,A,1,2,B
5,40385,True,B,A,4,1,B
5,40386,True,A,B,3,1,A
5,40387,True,A,B,6,1,A
5,40388,True,A,B,3,1,A
5,40389,True,B,A,1,1,B
5,40390,True,B,A,6,1,B
5,40391,True,A,B,3,1,A
5,40392,True,A,B,6,1,A
5,40393,True,A,B,2,0,A
5,40394,True,A,B,4,1,A
5,40395,True,B,A,2,0,B
5,40396,True,B,A,10,1,B
5,40397,True,A,B,1,1,A
5,40398,True,B,A,2,0,B
5,40399,True,A,B,3,1,A
5,40400,True,A,B,2,1,A
5,40401,True,B,A,6,1,B
5,40402,False,,,,,
5,40403,True,B,A,4,1,B
5,40404,True,A,B,1,2,A
5,40405,True,A,B,3,1,A
5,40406,True,B,A,6,1,B
5,40407,True,B,A,4,1,B
5,40408,True,B,A,3,1,B
5,40409,True,B,A,2,0,B
5,40410,True,A,B,2,0,A
5,40411,True,A,B,1,1,A
5,40412,True,B,A,4,1,B
5,40413,True,B,A,1,2,B
5,40414,True,B,A,3,1,B
5,40415,True,B,A,10,1,B
5,40416,True,B,A,6,1,B
5,40417,True,A,B,0,1,A
5,40418,True,A,B,0,1,A
5,40419,True,B,A,3,1,B
5,40420,True,A,B,4,1,A
5,40421,True,B,A,4,1,B
5,40422,True,B,A,3,1,B
5,40423,True,B,A,4,1,B
5,40424,True,A,B,0,1,A
5,40425,True,A,B,3,1,A
5,40426,True,A,B,1,1,A
5,40427,True,A,B,1,1,A
5,40428,False,,,,,
5,40429,True,A,B,2,0,A
5,40430,False,,,,,
5,40431,True,A,B,3,1,A
5,40432,True,A,B,2,0,A
5,40433,True,A,B,1,2,A
5,40434,True,A,B,1,1,A
5,40435,True,B,A,0,1,B
5,40436,True,B,A,10,1,B
5,40437,True,B,A,2,1,B
5,40438,True,A,B,10,1,A
5,40439,True,A,B,6,1,A
5,40440,True,B,A,4,1,B
5,40441,True,A,B,10,1,A
5,40442,True,A,B,3,1,A
5,40443,False,,,,,
5,40444,True,A,B,2,0,A
5,40445,True,B,A,2,0,B
5,40446,False,,,,,
5,40447,True,B,A,2,0,B
5,40448,True,B,A,0,1,B
5,40449,True,B,A,10,1,B
5,40450,True,A,B,2,1,A
5,40451,True,B,A,0,1,B
5,40452,True,A,B,3,1,A
5,40453,True,B,A,2,0,B
5,40454,True,B,A,2,0,B
5,40455,True,B,A,2,0,B
5,40456,True,B,A,3,1,B
5,40457,True,B,A,3,1,B
5,40458,True,A,B,2,0,A
5,40459,True,B,A,1,1,B
5,40460,True,A,B,3,1,A
5,40461,True,A,B,6,1,A
5,40462,True,A,B,4,1,A
5,40463,True,B,A,6,1,B
5,40464,True,B,A,0,1,B
5,40465,True,A,B,1,2,A
5,40466,True,A,B,6,1,A
5,40467,True,B,A,10,1,B
5,40468,True,B,A,4,1,B
5,40469,True,B,A,4,1,B
5,40470,True,B,A,10,1,B
5,40471,True,A,B,10,1,A
5,40472,True,B,A,1,1,B
5,40473,True,B,A,1,1,B
5,40474,True,A,B,1,1,A
5,40475,True,B,A,4,1,B
5,40476,True,A,B,3,1,A
5,40477,True,B,A,3,1,B
5,40478,True,B,A,6,1,B
5,40479,True,B,A,6,1,B
5,40480,True,B,A,10,1,B
5,40481,True,A,B,10,1,A
5,40482,True,B,A,6,1,B
5,40483,True,A,B,1,2,A
5,40484,True,A,B,2,1,A
5,40485,True,A,B,2,1,A
5,40486,True,A,B,1,2,A
5,40487,False,,,,,
5,40488,False,,,,,
5,40489,True,B,A,1,1,B
5,40490,True,A,B,1,2,A
5,40491,True,B,A,0,1,B
5,40492,True,A,B,2,0,A
5,40493,True,B,A,4,1,B
5,40494,True,A,B,1,2,A
5,40495,False,,,,,
5,40496,True,B,A,3,1,B
5,40497,True,A,B,10,1,A
5,40498,True,A,B,2,1,A
5,40499,True,A,B,6,1,A
5,40500,True,A,B,10,1,A
5,40501,True,B,A,2,0,B
5,40502,True,B,A,6,1,B
5,40503,True,A,B,10,1,A
5,40504,True,A,B,1,1,A
5,40505,False,,,,,
5,40506,True,A,B,2,0,A
5,40507,True,B,A,6,1,B
5,40508,True,B,A,10,1,B
5,40509,True,A,B,4,1,A
5,40510,False,,,,,
5,40511,True,A,B,4,1,A
5,40512,True,B,A,0,1,B
5,40513,True,B,A,3,1,B
5,40514,True,A,B,2,1,A
5,40515,True,B,A,3,1,B
5,40516,True,A,B,6,1,A
5,40517,True,A,B,1,1,A
5,40518,True,B,A,2,1,B
5,40519,True,B,A,2,0,B
5,40520,True,A,B,2,0,A
5,40521,True,A,B,6,1,A
5,40522,True,B,A,3,1,B
5,40523,True,B,A,3,1,B
5,40524,True,B,A,10,1,B
5,40525,True,A,B,10,1,A
5,40526,True,B,A,10,1,B
5,40527,True,A,B,4,1,A
5,40528,True,A,B,1,1,A
5,40529,True,B,A,2,0,B
5,40530,True,A,B,0,1,A
5,40531,True,B,A,2,0,B
5,40532,True,A,B,2,1,A
5,40533,True,B,A,10,1,B
5,40534,True,B,A,4,1,B
5,40535,True,A,B,1,1,A
5,40536,True,A,B,3,1,A
5,40537,True,A,B,1,2,A
5,40538,True,A,B,1,1,A
5,40539,True,A,B,2,1,A
5,40540,True,A,B,2,0,A
5,40541,True,B,A,6,1,B
5,40542,True,B,A,0,1,B
5,40543,True,A,B,3,1,A
5,40544,True,A,B,1,2,A
5,40545,True,A,B,3,1,A
5,40546,True,B,A,3,1,B
5,40547,False,,,,,
5,40548,True,A,B,4,1,A
5,40549,True,B,A,1,1,B
5,40550,True,A,B,3,1,A
5,40551,True,A,B,0,1,A
5,40552,True,B,A,1,2,B
5,40553,True,A,B,1,2,A
5,40554,True,B,A,4,1,B
5,40555,True,A,B,3,1,A
5,40556,True,A,B,4,1,A
5,40557,True,A,B,1,2,A
5,40558,True,A,B,6,1,A
5,40559,True,B,A,2,1,B
5,40560,True,A,B,4,1,A
5,40561,False,,,,,
5,40562,True,B,A,1,2,B
5,40563,True,B,A,1,1,B
5,40564,True,B,A,6,1,B
5,40565,True,A,B,2,0,A
5,40566,True,B,A,6,1,B
5,40567,True,B,A,3,1,B
5,40568,True,A,B,3,1,A
5,40569,True,A,B,0,1,A
5,40570,True,A,B,1,1,A
5,40571,True,A,B,2,1,A
5,40572,True,B,A,3,1,B
5,40573,True,A,B,3,1,A
5,40574,True,B,A,2,0,B
5,40575,True,B,A,10,1,B
5,40576,True,A,B,6,1,A
5,40577,True,A,B,4,1,A
5,40578,True,A,B,2,0,A
5,40579,True,B,A,2,0,B
5,40580,True,A,B,3,1,A
5,40581,False,,,,,
5,40582,True,A,B,1,2,A
5,40583,True,A,B,2,1,A
5,40584,True,B,A,4,1,B
5,40585,True,B,A,3,1,B
5,40586,True,A,B,1,1,A
5,40587,True,B,A,10,1,B
5,40588,False,,,,,
5,40589,True,A,B,3,1,A
5,40590,True,B,A,0,1,B
5,40591,True,A,B,1,1,A
5,40592,True,B,A,2,0,B
5,40593,True,A,B,10,1,A
5,40594,True,A,B,6,1,A
5,40595,True,B,A,3,1,B
5,40596,True,B,A,6,1,B
5,40597,True,B,A,10,1,B
5,40598,True,A,B,1,2,A
5,40599,False,,,,,
5,40600,True,A,B,0,1,A
5,40601,True,A,B,1,1,A
5,40602,True,B,A,2,0,B
5,40603,True,B,A,4,1,B
5,40604,True,B,A,2,1,B
5,40605,True,A,B,1,2,A
5,40606,True,B,A,1,1,B
5,40607,True,A,B,0,1,A
5,40608,True,B,A,6,1,B
5,40609,True,B,A,3,1,B
5,40610,True,A,B,6,1,A
5,40611,True,B,A,6,1,B
5,40612,True,B,A,3,1,B
5,40613,True,B,A,10,1,B
5,40614,True,A,B,2,0,A
5,40615,True,A,B,0,1,A
5,40616,False,,,,,
5,40617,True,A,B,2,0,A
5,40618,True,B,A,4,1,B
5,40619,True,A,B,0,1,A
5,40620,True,B,A,2,1,B
5,40621,False,,,,,
5,40622,True,B,A,2,1,B
5,40623,True,A,B,2,1,A
5,40624,True,B,A,4,1,B
5,40625,True,A,B,10,1,A
5,40626,True,B,A,4,1,B
5,40627,True,B,A,2,1,B
5,40628,True,B,A,10,1,B
5,40629,True,B,A,2,0,B
5,40630,True,A,B,10,1,A
5,40631,True,B,A,1,1,B
5,40632,True,A,B,0,1,A
5,40633,True,B,A,6,1,B
5,40634,True,A,B,0,1,A
5,40635,True,A,B,1,1,A
5,40636,True,B,A,6,1,B
5,40637,True,B,A,1,1,B
5,40638,True,A,B,2,0,A
5,40639,True,A,B,3,1,A
5,40640,True,A,B,10,1,A
5,40641,True,B,A,2,1,B
5,40642,True,B,A,0,1,B
5,40643,True,A,B,6,1,A
5,40644,True,A,B,1,1,A
5,40645,True,B,A,2,1,B
5,40646,True,A,B,2,0,A
5,40647,True,A,B,1,1,A
5,40648,True,B,A,0,1,B
5,40649,True,A,B,6,1,A
5,40650,True,A,B,0,1,A
5,40651,True,A,B,2,0,A
5,40652,True,A,B,2,1,A
5,40653,True,B,A,10,1,B
5,40654,True,A,B,0,1,A
5,40655,False,,,,,
5,40656,True,A,B,10,1,A
5,40657,True,A,B,2,0,A
5,40658,True,A,B,0,1,A
5,40659,True,A,B,3,1,A
5,40660,True,B,A,3,1,B
5,40661,True,B,A,1,1,B
5,40662,True,A,B,2,0,A
5,40663,False,,,,,
5,40664,True,B,A,2,0,B
5,40665,True,B,A,2,0,B
5,40666,True,A,B,6,1,A
5,40667,True,B,A,2,1,B
5,40668,True,B,A,3,1,B
5,40669,True,B,A,1,1,B
5,40670,True,B,A,3,1,B
5,40671,True,A,B,1,2,A
5,40672,True,B,A,4,1,B
5,40673,True,A,B,3,1,A
5,40674,True,B,A,3,1,B
5,40675,True,B,A,6,1,B
5,40676,True,B,A,10,1,B
5,40677,True,A,B,1,1,A
5,40678,True,A,B,3,1,A
5,40679,True,A,B,2,1,A
5,40680,True,A,B,2,0,A
5,40681,True,A,B,2,0,A
5,40682,True,B,A,2,1,B
5,40683,True,A,B,2,0,A
5,40684,True,B,A,6,1,B
5,40685,True,A,B,1,2,A
5,40686,True,A,B,1,1,A
5,40687,True,A,B,0,1,A
5,40688,True,B,A,6,1,B
5,40689,True,B,A,1,1,B
5,40690,True,A,B,2,0,A
5,40691,True,A,B,2,1,A
5,40692,False,,,,,
5,40693,False,,,,,
5,40694,True,B,A,4,1,B
5,40695,True,A,B,2,1,A
5,40696,True,B,A,1,1,B
5,40697,True,B,A,10,1,B
5,40698,False,,,,,
5,40699,True,B,A,2,1,B
5,40700,True,B,A,0,1,B
5,40701,True,B,A,1,2,B
5,40702,True,B,A,10,1,B
5,40703,True,B,A,0,1,B
5,40704,True,A,B,4,1,A
5,40705,True,A,B,1,1,A
5,40706,True,A,B,1,2,A
5,40707,True,B,A,2,1,B
5,40708,True,A,B,2,0,A
5,40709,False,,,,,
5,40710,True,A,B,6,1,A
5,40711,True,A,B,3,1,A
5,40712,True,A,B,1,2,A
5,40713,True,A,B,6,1,A
5,40714,True,B,A,2,0,B
5,40715,True,A,B,3,1,A
5,40716,True,A,B,1,1,A
5,40717,True,A,B,6,1,A
5,40718,True,B,A,6,1,B
5,40719,True,B,A,3,1,B
5,40720,False,,,,,
5,40721,True,A,B,1,1,A
5,40722,True,A,B,10,1,A
5,40723,True,A,B,10,1,A
5,40724,True,A,B,6,1,A
5,40725,True,B,A,2,1,B
5,40726,True,A,B,1,2,A
5,40727,True,A,B,6,1,A
5,40728,True,B,A,2,1,B
5,40729,True,A,B,2,0,A
5,40730,True,A,B,2,0,A
5,40731,True,B,A,2,0,B
5,40732,True,B,A,2,1,B
5,40733,True,A,B,4,1,A
5,40734,True,A,B,4,1,A
5,40735,True,A,B,10,1,A
5,40736,True,A,B,1,1,A
5,40737,True,A,B,3,1,A
5,40738,False,,,,,
5,40739,True,A,B,6,1,A
5,40740,True,A,B,6,1,A
5,40741,True,B,A,6,1,B
5,40742,True,B,A,4,1,B
5,40743,True,B,A,0,1,B
5,40744,True,B,A,0,1,B
5,40745,True,B,A,3,1,B
5,40746,False,,,,,
5,40747,True,B,A,1,2,B
5,40748,True,B,A,6,1,B
5,40749,True,B,A,2,0,B
5,40750,True,A,B,1,2,A
5,40751,True,A,B,2,0,A
5,40752,True,A,B,1,2,A
5,40753,True,B,A,4,1,B
5,40754,True,B,A,2,0,B
5,40755,True,A,B,4,1,A
5,40756,True,A,B,10,1,A
5,40757,True,A,B,2,0,A
5,40758,True,B,A,4,1,B
5,40759,True,A,B,1,1,A
5,40760,True,B,A,4,1,B
5,40761,True,A,B,1,1,A
5,40762,True,A,B,1,2,A
5,40763,True,B,A,4,1,B
5,40764,True,B,A,4,1,B
5,40765,True,B,A,3,1,B
5,40766,True,B,A,0,1,B
5,40767,True,A,B,2,1,A
5,40768,True,B,A,6,1,B
5,40769,True,B,A,1,2,B
5,40770,True,A,B,1,1,A
5,40771,True,B,A,6,1,B
5,40772,True,A,B,1,1,A
5,40773,True,B,A,2,0,B
5,40774,True,B,A,2,1,B
5,40775,True,A,B,1,2,A
5,40776,True,B,A,10,1,B
5,40777,True,A,B,2,0,A
5,40778,True,B,A,2,1,B
5,40779,True,A,B,2,0,A
5,40780,True,B,A,4,1,B
5,40781,True,B,A,2,0,B
5,40782,True,A,B,0,1,A
5,40783,True,B,A,4,1,B
5,40784,True,A,B,0,1,A
5,40785,True,B,A,6,1,B
5,40786,True,A,B,2,0,A
5,40787,True,A,B,2,0,A
5,40788,True,B,A,1,1,B
5,40789,True,A,B,2,1,A
5,40790,True,A,B,1,1,A
5,40791,True,A,B,3,1,A
5,40792,True,B,A,2,1,B
5,40793,True,A,B,4,1,A
5,40794,True,B,A,4,1,B
5,40795,True,B,A,2,1,B
5,40796,True,A,B,0,1,A
5,40797,True,B,A,0,1,B
5,40798,True,A,B,3,1,A
5,40799,True,A,B,0,1,A
5,40800,True,A,B,1,2,A
5,40801,True,A,B,0,1,A
5,40802,True,A,B,2,1,A
5,40803,True,B,A,3,1,B
5,40804,True,A,B,10,1,A
5,40805,True,B,A,4,1,B
5,40806,True,B,A,1,2,B
5,40807,True,A,B,1,1,A
5,40808,True,A,B,3,1,A
5,40809,True,B,A,10,1,B
5,40810,True,B,A,0,1,B
5,40811,True,B,A,0,1,B
5,40812,True,A,B,6,1,A
5,40813,True,B,A,4,1,B
5,40814,True,A,B,6,1,A
5,40815,True,A,B,2,0,A
5,40816,True,B,A,2,0,B
5,40817,True,B,A,10,1,B
5,40818,True,B,A,1,1,B
5,40819,True,B,A,2,0,B
5,40820,True,B,A,6,1,B
5,40821,True,B,A,3,1,B
5,40822,False,,,,,
5,40823,True,A,B,10,1,A
5,40824,True,B,A,4,1,B
5,40825,True,A,B,2,0,A
5,40826,True,B,A,2,1,B
5,40827,True,B,A,4,1,B
5,40828,True,A,B,6,1,A
5,40829,True,B,A,0,1,B
5,40830,True,A,B,4,1,A
5,40831,True,A,B,3,1,A
5,40832,True,A,B,3,1,A
5,40833,True,B,A,0,1,B
5,40834,True,B,A,4,1,B
5,40835,False,,,,,
5,40836,True,A,B,1,2,A
5,40837,True,B,A,1,2,B
5,40838,True,A,B,1,1,A
5,40839,True,B,A,6,1,B
5,40840,True,B,A,2,1,B
5,40841,True,A,B,1,1,A
5,40842,True,B,A,3,1,B
5,40843,True,B,A,6,1,B
5,40844,True,B,A,2,0,B
5,40845,False,,,,,
5,40846,True,A,B,6,1,A
5,40847,True,A,B,0,1,A
5,40848,True,A,B,2,1,A
5,40849,True,A,B,6,1,A
5,40850,True,B,A,2,1,B
5,40851,True,A,B,3,1,A
5,40852,False,,,,,
5,40853,True,B,A,10,1,B
5,40854,True,B,A,1,1,B
5,40855,True,A,B,0,1,A
5,40856,True,B,A,6,1,B
5,40857,True,B,A,2,0,B
5,40858,True,B,A,4,1,B
5,40859,True,A,B,3,1,A
5,40860,True,B,A,6,1,B
5,40861,True,A,B,3,1,A
5,40862,True,A,B,10,1,A
5,40863,True,A,B,2,0,A
5,40864,True,A,B,3,1,A
5,40865,True,B,A,4,1,B
5,40866,True,A,B,0,1,A
5,40867,True,A,B,2,0,A
5,40868,True,A,B,1,1,A
5,40869,False,,,,,
5,40870,True,A,B,2,1,A
5,40871,True,A,B,0,1,A
5,40872,False,,,,,
5,40873,True,A,B,0,1,A
5,40874,True,A,B,0,1,A
5,40875,True,B,A,4,1,B
5,40876,True,A,B,0,1,A
5,40877,True,A,B,10,1,A
5,40878,True,A,B,3,1,A
5,40879,True,B,A,2,0,B
5,40880,True,B,A,2,1,B
5,40881,True,A,B,2,1,A
5,40882,False,,,,,
5,40883,True,A,B,2,0,A
5,40884,True,B,A,0,1,B
5,40885,True,B,A,4,1,B
5,40886,False,,,,,
5,40887,True,A,B,1,1,A
5,40888,True,A,B,1,1,A
5,40889,True,A,B,2,1,A
5,40890,True,A,B,3,1,A
5,40891,True,A,B,0,1,A
5,40892,True,B,A,1,1,B
5,40893,True,A,B,10,1,A
5,40894,True,A,B,2,1,A
5,40895,True,A,B,3,1,A
5,40896,True,B,A,0,1,B
5,40897,True,A,B,10,1,A
5,40898,True,A,B,2,1,A
5,40899,True,A,B,1,2,A
5,40900,True,A,B,2,1,A
5,40901,True,A,B,1,2,A
5,40902,True,A,B,2,1,A
5,40903,True,B,A,3,1,B
5,40904,True,B,A,2,1,B
5,40905,True,A,B,3,1,A
5,40906,True,A,B,4,1,A
5,40907,True,B,A,4,1,B
5,40908,True,B,A,6,1,B
5,40909,True,B,A,1,2,B
5,40910,True,B,A,2,1,B
5,40911,True,B,A,4,1,B
5,40912,True,A,B,1,2,A
5,40913,True,A,B,1,2,A
5,40914,True,B,A,3,1,B
5,40915,True,B,A,4,1,B
5,40916,True,B,A,6,1,B
5,40917,True,B,A,4,1,B
5,40918,True,B,A,4,1,B
5,40919,True,B,A,10,1,B
5,40920,True,A,B,4,1,A
5,40921,True,A,B,3,1,A
5,40922,True,A,B,3,1,A
5,40923,True,A,B,2,0,A
5,40924,True,A,B,1,1,A
5,40925,False,,,,,
5,40926,True,A,B,1,1,A
5,40927,True,A,B,3,1,A
5,40928,True,A,B,4,1,A
5,40929,True,B,A,1,1,B
5,40930,True,B,A,10,1,B
5,40931,True,B,A,1,2,B
5,40932,False,,,,,
5,40933,True,B,A,10,1,B
5,40934,True,A,B,1,1,A
5,40935,False,,,,,
5,40936,True,A,B,10,1,A
5,40937,True,A,B,0,1,A
5,40938,True,A,B,4,1,A
5,40939,True,B,A,2,0,B
5,40940,True,B,A,2,0,B
5,40941,True,B,A,4,1,B
5,40942,True,A,B,1,1,A
5,40943,False,,,,,
5,40944,True,B,A,2,1,B
5,40945,True,A,B,2,1,A
5,40946,True,B,A,4,1,B
5,40947,True,B,A,2,1,B
5,40948,True,B,A,0,1,B
5,40949,True,A,B,3,1,A
5,40950,True,A,B,2,1,A
5,40951,True,A,B,1,1,A
5,40952,True,A,B,4,1,A
5,40953,True,B,A,1,1,B
5,40954,True,A,B,2,1,A
5,40955,True,A,B,3,1,A
5,40956,True,B,A,10,1,B
5,40957,True,B,A,1,1,B
5,40958,True,B,A,2,1,B
5,40959,True,B,A,1,2,B
5,40960,True,B,A,2,1,B
5,40961,True,A,B,1,1,A
5,40962,True,A,B,2,1,A
5,40963,True,A,B,1,1,A
5,40964,True,B,A,4,1,B
5,40965,True,A,B,0,1,A
5,40966,True,B,A,1,2,B
5,40967,True,A,B,2,1,A
5,40968,True,A,B,10,1,A
5,40969,True,A,B,4,1,A
5,40970,True,A,B,0,1,A
5,40971,True,A,B,4,1,A
5,40972,True,B,A,2,0,B
5,40973,True,A,B,0,1,A
5,40974,True,B,A,10,1,B
5,40975,True,B,A,1,1,B
5,40976,True,B,A,1,2,B
5,40977,True,B,A,3,1,B
5,40978,True,B,A,1,2,B
5,40979,True,B,A,4,1,B
5,40980,False,,,,,
5,40981,True,B,A,1,2,B
5,40982,True,B,A,0,1,B
5,40983,True,A,B,4,1,A
5,40984,True,A,B,4,1,A
5,40985,True,B,A,3,1,B
5,40986,True,B,A,10,1,B
5,40987,True,B,A,0,1,B
5,40988,True,B,A,1,1,B
5,40989,True,B,A,0,1,B
5,40990,True,A,B,6,1,A
5,40991,True,B,A,2,1,B
5,40992,True,B,A,4,1,B
5,40993,True,B,A,3,1,B
5,40994,True,B,A,1,1,B
5,40995,True,B,A,1,1,B
5,40996,True,B,A,1,2,B
5,40997,True,B,A,4,1,B
5,40998,True,A,B,6,1,A
5,40999,True,B,A,1,1,B
5,41000,True,B,A,2,1,B
5,41001,True,A,B,2,1,A
5,41002,True,A,B,1,2,A
5,41003,True,A,B,2,0,A
5,41004,True,B,A,10,1,B
5,41005,True,B,A,2,0,B
5,41006,True,A,B,10,1,A
5,41007,False,,,,,
5,41008,True,B,A,2,0,B
5,41009,True,B,A,1,1,B
5,41010,True,B,A,0,1,B
5,41011,True,B,A,4,1,B
5,41012,False,,,,,
5,41013,False,,,,,
5,41014,True,B,A,4,1,B
5,41015,True,A,B,1,1,A
5,41016,True,A,B,10,1,A
5,41017,True,A,B,4,1,A
5,41018,False,,,,,
5,41019,True,B,A,10,1,B
5,41020,True,A,B,2,1,A
5,41021,True,A,B,10,1,A
5,41022,True,A,B,2,0,A
5,41023,True,A,B,6,1,A
5,41024,False,,,,,
5,41025,True,B,A,3,1,B
5,41026,True,A,B,1,1,A
5,41027,True,B,A,1,1,B
5,41028,True,A,B,2,0,A
5,41029,False,,,,,
5,41030,True,B,A,10,1,B
5,41031,False,,,,,
5,41032,False,,,,,
5,41033,True,B,A,2,1,B
5,41034,True,B,A,1,1,B
5,41035,True,A,B,4,1,A
5,41036,True,A,B,6,1,A
5,41037,True,B,A,2,0,B
5,41038,True,A,B,10,1,A
5,41039,True,B,A,2,0,B
5,41040,True,B,A,4,1,B
5,41041,True,A,B,0,1,A
5,41042,True,A,B,1,2,A
5,41043,True,A,B,2,0,A
5,41044,False,,,,,
5,41045,True,B,A,6,1,B
5,41046,True,A,B,10,1,A
5,41047,False,,,,,
5,41048,True,A,B,2,1,A
5,41049,True,B,A,10,1,B
5,41050,True,B,A,3,1,B
5,41051,False,,,,,
5,41052,True,B,A,1,1,B
5,41053,True,A,B,2,0,A
5,41054,True,A,B,1,2,A
5,41055,True,A,B,10,1,A
5,41056,True,B,A,10,1,B
5,41057,True,B,A,1,2,B
5,41058,False,,,,,
5,41059,True,B,A,3,1,B
5,41060,True,B,A,10,1,B
5,41061,True,B,A,2,0,B
5,41062,True,A,B,1,1,A
5,41063,True,B,A,2,0,B
5,41064,True,B,A,10,1,B
5,41065,True,A,B,4,1,A
5,41066,True,A,B,4,1,A
5,41067,True,A,B,2,1,A
5,41068,True,A,B,2,1,A
5,41069,True,B,A,1,1,B
5,41070,True,A,B,1,2,A
5,41071,False,,,,,
5,41072,True,B,A,1,1,B
5,41073,True,B,A,2,0,B
5,41074,True,B,A,3,1,B
5,41075,True,B,A,0,1,B
5,41076,True,B,A,10,1,B
5,41077,True,B,A,3,1,B
5,41078,True,B,A,6,1,B
5,41079,True,B,A,3,1,B
5,41080,True,A,B,1,2,A
5,41081,True,B,A,1,1,B
5,41082,True,B,A,1,1,B
5,41083,True,B,A,1,2,B
5,41084,True,A,B,2,0,A
5,41085,True,B,A,4,1,B
5,41086,True,B,A,2,0,B
5,41087,True,B,A,4,1,B
5,41088,True,B,A,4,1,B
5,41089,True,B,A,6,1,B
5,41090,True,A,B,1,1,A
5,41091,True,A,B,2,0,A
5,41092,True,A,B,2,1,A
5,41093,True,A,B,4,1,A
5,41094,True,A,B,4,1,A
5,41095,False,,,,,
5,41096,True,B,A,4,1,B
5,41097,True,B,A,6,1,B
5,41098,True,A,B,3,1,A
5,41099,True,A,B,4,1,A
5,41100,True,B,A,6,1,B
5,41101,True,A,B,0,1,A
5,41102,True,B,A,4,1,B
5,41103,True,A,B,2,1,A
5,41104,True,A,B,4,1,A
5,41105,True,B,A,2,1,B
5,41106,True,B,A,1,2,B
5,41107,False,,,,,
5,41108,True,B,A,1,2,B
5,41109,True,B,A,1,1,B
5,41110,True,A,B,2,0,A
5,41111,True,A,B,4,1,A
5,41112,True,A,B,6,1,A
5,41113,True,B,A,4,1,B
5,41114,True,B,A,2,1,B
5,41115,True,A,B,1,1,A
5,41116,True,A,B,2,0,A
5,41117,True,A,B,1,1,A
5,41118,True,A,B,10,1,A
5,41119,True,A,B,6,1,A
5,41120,True,A,B,4,1,A
5,41121,False,,,,,
5,41122,True,A,B,4,1,A
5,41123,True,A,B,2,1,A
5,41124,True,A,B,10,1,A
5,41125,False,,,,,
5,41126,True,A,B,1,1,A
5,41127,True,B,A,1,1,B
5,41128,True,A,B,4,1,A
5,41129,True,A,B,3,1,A
5,41130,True,B,A,1,2,B
5,41131,True,B,A,10,1,B
5,41132,True,A,B,2,0,A
5,41133,True,B,A,2,1,B
5,41134,True,A,B,2,1,A
5,41135,True,A,B,3,1,A
5,41136,True,A,B,3,1,A
5,41137,True,A,B,1,2,A
5,41138,True,A,B,1,2,A
5,41139,True,B,A,4,1,B
5,41140,True,A,B,10,1,A
5,41141,True,B,A,3,1,B
5,41142,True,A,B,6,1,A
5,41143,True,B,A,4,1,B
5,41144,True,B,A,6,1,B
5,41145,True,B,A,4,1,B
5,41146,True,A,B,2,1,A
5,41147,True,A,B,1,1,A
5,41148,True,A,B,2,1,A
5,41149,True,A,B,2,1,A
5,41150,True,B,A,10,1,B
5,41151,True,B,A,1,2,B
5,41152,True,A,B,1,1,A
5,41153,True,A,B,0,1,A
5,41154,True,B,A,3,1,B
5,41155,True,B,A,1,1,B
5,41156,True,A,B,4,1,A
5,41157,True,B,A,4,1,B
5,41158,True,A,B,2,0,A
5,41159,False,,,,,
5,41160,True,B,A,0,1,B
5,41161,True,B,A,1,2,B
5,41162,True,A,B,1,2,A
5,41163,True,B,A,1,1,B
5,41164,True,A,B,4,1,A
5,41165,True,A,B,1,1,A
5,41166,True,B,A,0,1,B
5,41167,True,B,A,0,1,B
5,41168,False,,,,,
5,41169,True,B,A,1,2,B
5,41170,True,B,A,2,0,B
5,41171,True,A,B,1,1,A
5,41172,True,B,A,2,0,B
5,41173,True,B,A,2,1,B
5,41174,True,B,A,10,1,B
5,41175,True,B,A,10,1,B
5,41176,True,A,B,1,2,A
5,41177,True,A,B,4,1,A
5,41178,True,A,B,1,2,A
5,41179,True,B,A,1,2,B
5,41180,True,A,B,1,2,A
5,41181,True,A,B,0,1,A
5,41182,True,B,A,2,1,B
5,41183,True,A,B,3,1,A
5,41184,True,B,A,0,1,B
5,41185,False,,,,,
5,41186,True,B,A,6,1,B
5,41187,True,A,B,0,1,A
5,41188,True,B,A,10,1,B
5,41189,True,B,A,2,1,B
5,41190,True,B,A,4,1,B
5,41191,True,B,A,10,1,B
5,41192,True,A,B,3,1,A
5,41193,True,A,B,10,1,A
5,41194,True,B,A,3,1,B
5,41195,True,A,B,4,1,A
5,41196,True,B,A,6,1,B
5,41197,True,B,A,10,1,B
5,41198,True,A,B,3,1,A
5,41199,True,A,B,1,2,A
5,41200,True,A,B,10,1,A
5,41201,True,A,B,4,1,A
5,41202,True,B,A,3,1,B
5,41203,True,B,A,1,1,B
5,41204,True,A,B,2,0,A
5,41205,True,A,B,10,1,A
5,41206,True,A,B,10,1,A
5,41207,True,B,A,4,1,B
5,41208,True,B,A,1,1,B
5,41209,True,A,B,2,0,A
5,41210,True,A,B,3,1,A
5,41211,True,A,B,10,1,A
5,41212,True,B,A,0,1,B
5,41213,True,B,A,2,0,B
5,41214,True,A,B,6,1,A
5,41215,True,A,B,1,2,A
5,41216,True,B,A,10,1,B
5,41217,True,A,B,10,1,A
5,41218,True,B,A,0,1,B
5,41219,True,A,B,1,1,A
5,41220,True,A,B,1,2,A
5,41221,True,A,B,1,2,A
5,41222,False,,,,,
5,41223,True,A,B,2,0,A
5,41224,True,A,B,2,1,A
5,41225,True,A,B,1,2,A
5,41226,True,B,A,6,1,B
5,41227,True,B,A,1,1,B
5,41228,True,B,A,2,1,B
5,41229,True,A,B,3,1,A
5,41230,True,A,B,0,1,A
5,41231,True,B,A,3,1,B
5,41232,True,B,A,6,1,B
5,41233,True,B,A,1,2,B
5,41234,True,A,B,2,1,A
5,41235,True,A,B,6,1,A
5,41236,True,B,A,4,1,B
5,41237,True,B,A,2,0,B
5,41238,True,A,B,1,1,A
5,41239,True,A,B,2,1,A
5,41240,True,A,B,4,1,A
5,41241,True,A,B,10,1,A
5,41242,True,B,A,2,1,B
5,41243,True,A,B,3,1,A
5,41244,True,A,B,2,0,A
5,41245,False,,,,,
5,41246,True,B,A,0,1,B
5,41247,True,B,A,3,1,B
5,41248,True,B,A,3,1,B
5,41249,True,A,B,1,1,A
5,41250,False,,,,,
5,41251,True,B,A,10,1,B
5,41252,True,A,B,1,1,A
5,41253,True,A,B,10,1,A
5,41254,True,A,B,3,1,A
5,41255,True,B,A,2,1,B
5,41256,False,,,,,
5,41257,True,A,B,2,1,A
5,41258,False,,,,,
5,41259,True,A,B,10,1,A
5,41260,True,B,A,6,1,B
5,41261,False,,,,,
5,41262,False,,,,,
5,41263,False,,,,,
5,41264,True,B,A,1,1,B
5,41265,True,A,B,3,1,A
5,41266,True,B,A,6,1,B
5,41267,True,A,B,2,1,A
5,41268,True,B,A,10,1,B
5,41269,True,B,A,3,1,B
5,41270,True,A,B,4,1,A
5,41271,True,A,B,2,0,A
5,41272,True,B,A,0,1,B
5,41273,True,A,B,4,1,A
5,41274,True,B,A,3,1,B
5,41275,True,A,B,3,1,A
5,41276,True,A,B,1,2,A
5,41277,True,B,A,6,1,B
5,41278,True,A,B,10,1,A
5,41279,True,A,B,2,0,A
5,41280,True,B,A,10,1,B
5,41281,True,A,B,2,0,A
5,41282,True,A,B,6,1,A
5,41283,True,A,B,6,1,A
5,41284,True,A,B,2,1,A
5,41285,True,A,B,10,1,A
5,41286,True,A,B,3,1,A
5,41287,True,A,B,4,1,A
5,41288,True,A,B,1,2,A
5,41289,True,A,B,0,1,A
5,41290,True,B,A,4,1,B
5,41291,True,B,A,1,2,B
5,41292,True,B,A,4,1,B
5,41293,False,,,,,
5,41294,True,B,A,2,0,B
5,41295,True,A,B,4,1,A
5,41296,True,A,B,2,1,A
5,41297,True,A,B,3,1,A
5,41298,True,B,A,2,0,B
5,41299,True,B,A,3,1,B
5,41300,True,A,B,10,1,A
5,41301,True,B,A,2,1,B
5,41302,True,A,B,2,1,A
5,41303,True,A,B,1,2,A
5,41304,True,B,A,6,1,B
5,41305,True,A,B,1,1,A
5,41306,True,A,B,2,0,A
5,41307,True,A,B,4,1,A
5,41308,True,B,A,2,1,B
5,41309,True,A,B,0,1,A
5,41310,True,B,A,2,1,B
5,41311,True,B,A,1,2,B
5,41312,True,B,A,2,1,B
5,41313,False,,,,,
5,41314,True,B,A,4,1,B
5,41315,True,A,B,1,2,A
5,41316,True,A,B,2,1,A
5,41317,True,A,B,2,0,A
5,41318,True,B,A,2,0,B
5,41319,False,,,,,
5,41320,True,A,B,10,1,A
5,41321,True,B,A,2,0,B
5,41322,True,A,B,2,1,A
5,41323,True,A,B,2,1,A
5,41324,True,B,A,2,1,B
5,41325,True,B,A,3,1,B
5,41326,True,B,A,4,1,B
5,41327,True,B,A,3,1,B
5,41328,True,A,B,0,1,A
5,41329,True,A,B,10,1,A
5,41330,True,A,B,2,1,A
5,41331,True,A,B,4,1,A
5,41332,True,B,A,3,1,B
5,41333,True,A,B,2,1,A
5,41334,True,A,B,2,1,A
5,41335,True,A,B,2,1,A
5,41336,True,A,B,0,1,A
5,41337,True,B,A,0,1,B
5,41338,True,A,B,10,1,A
5,41339,True,A,B,2,0,A
5,41340,True,A,B,2,1,A
5,41341,True,A,B,1,2,A
5,41342,True,A,B,1,1,A
5,41343,False,,,,,
5,41344,True,B,A,2,1,B
5,41345,False,,,,,
5,41346,True,B,A,4,1,B
5,41347,False,,,,,
5,41348,True,B,A,6,1,B
5,41349,True,B,A,3,1,B
5,41350,True,A,B,1,1,A
5,41351,True,B,A,6,1,B
5,41352,True,A,B,2,1,A
5,41353,True,A,B,2,0,A
5,41354,True,A,B,4,1,A
5,41355,True,A,B,2,1,A
5,41356,True,B,A,6,1,B
5,41357,True,A,B,6,1,A
5,41358,True,B,A,2,0,B
5,41359,True,A,B,0,1,A
5,41360,True,A,B,2,0,A
5,41361,False,,,,,
5,41362,True,B,A,2,0,B
5,41363,True,B,A,0,1,B
5,41364,True,A,B,2,1,A
5,41365,True,B,A,6,1,B
5,41366,True,B,A,2,0,B
5,41367,True,A,B,3,1,A
5,41368,True,A,B,2,0,A
5,41369,True,A,B,2,1,A
5,41370,True,A,B,2,1,A
5,41371,True,B,A,1,1,B
5,41372,True,A,B,6,1,A
5,41373,False,,,,,
5,41374,True,A,B,1,2,A
5,41375,True,A,B,6,1,A
5,41376,False,,,,,
5,41377,True,A,B,10,1,A
5,41378,True,A,B,6,1,A
5,41379,True,A,B,1,2,A
5,41380,True,A,B,4,1,A
5,41381,True,B,A,10,1,B
5,41382,True,B,A,6,1,B
5,41383,True,A,B,10,1,A
5,41384,True,B,A,6,1,B
5,41385,True,B,A,6,1,B
5,41386,True,A,B,6,1,A
5,41387,True,A,B,1,1,A
5,41388,True,B,A,1,2,B
5,41389,True,A,B,6,1,A
5,41390,True,B,A,0,1,B
5,41391,True,B,A,1,2,B
5,41392,True,A,B,10,1,A
5,41393,True,B,A,2,0,B
5,41394,True,A,B,4,1,A
5,41395,True,A,B,3,1,A
5,41396,True,B,A,1,1,B
5,41397,True,A,B,6,1,A
5,41398,True,B,A,10,1,B
5,41399,True,A,B,10,1,A
5,41400,True,B,A,0,1,B
5,41401,True,B,A,1,2,B
5,41402,True,B,A,3,1,B
5,41403,True,A,B,1,2,A
5,41404,True,B,A,2,0,B
5,41405,True,A,B,2,1,A
5,41406,True,B,A,1,2,B
5,41407,True,A,B,10,1,A
5,41408,True,B,A,6,1,B
5,41409,True,B,A,10,1,B
5,41410,True,A,B,10,1,A
5,41411,True,A,B,0,1,A
5,41412,True,A,B,0,1,A
5,41413,False,,,,,
5,41414,True,B,A,3,1,B
5,41415,True,A,B,2,0,A
5,41416,True,B,A,4,1,B
5,41417,True,A,B,10,1,A
5,41418,True,B,A,2,1,B
5,41419,True,A,B,4,1,A
5,41420,True,A,B,0,1,A
5,41421,True,B,A,2,0,B
5,41422,True,A,B,6,1,A
5,41423,True,A,B,1,1,A
5,41424,True,A,B,1,2,A
5,41425,True,B,A,0,1,B
5,41426,True,A,B,4,1,A
5,41427,True,A,B,10,1,A
5,41428,True,A,B,0,1,A
5,41429,True,B,A,2,1,B
5,41430,True,B,A,2,0,B
5,41431,True,B,A,2,1,B
5,41432,True,A,B,6,1,A
5,41433,True,B,A,6,1,B
5,41434,True,B,A,3,1,B
5,41435,True,B,A,4,1,B
5,41436,True,A,B,1,2,A
5,41437,True,B,A,6,1,B
5,41438,True,A,B,6,1,A
5,41439,True,A,B,2,0,A
5,41440,True,A,B,3,1,A
5,41441,True,B,A,10,1,B
5,41442,True,B,A,4,1,B
5,41443,True,B,A,6,1,B
5,41444,True,B,A,3,1,B
5,41445,True,A,B,4,1,A
5,41446,True,A,B,3,1,A
5,41447,True,A,B,1,2,A
5,41448,True,B,A,6,1,B
5,41449,True,A,B,3,1,A
5,41450,True,B,A,10,1,B
5,41451,True,A,B,1,1,A
5,41452,False,,,,,
5,41453,True,A,B,1,1,A
5,41454,True,A,B,6,1,A
5,41455,True,A,B,1,1,A
5,41456,True,A,B,1,2,A
5,41457,True,B,A,2,0,B
5,41458,False,,,,,
5,41459,True,A,B,3,1,A
5,41460,True,A,B,2,0,A
5,41461,True,B,A,2,1,B
5,41462,True,B,A,10,1,B
5,41463,True,A,B,4,1,A
5,41464,True,B,A,6,1,B
5,41465,True,B,A,3,1,B
5,41466,True,A,B,2,1,A
5,41467,True,B,A,2,0,B
5,41468,True,B,A,6,1,B
5,41469,True,B,A,6,1,B
5,41470,True,B,A,1,1,B
5,41471,True,A,B,0,1,A
5,41472,True,B,A,4,1,B
5,41473,True,B,A,1,2,B
5,41474,True,B,A,1,1,B
5,41475,True,A,B,1,2,A
5,41476,True,A,B,10,1,A
5,41477,True,A,B,4,1,A
5,41478,True,A,B,2,1,A
5,41479,True,B,A,1,1,B
5,41480,True,A,B,6,1,A
5,41481,True,B,A,10,1,B
5,41482,True,B,A,0,1,B
5,41483,True,A,B,0,1,A
5,41484,False,,,,,
5,41485,True,A,B,2,1,A
5,41486,True,B,A,10,1,B
5,41487,True,B,A,6,1,B
5,41488,True,B,A,10,1,B
5,41489,False,,,,,
5,41490,True,A,B,1,1,A
5,41491,True,B,A,1,1,B
5,41492,True,A,B,0,1,A
5,41493,True,A,B,0,1,A
5,41494,True,A,B,3,1,A
5,41495,True,A,B,10,1,A
5,41496,True,B,A,2,0,B
5,41497,True,B,A,3,1,B
5,41498,True,B,A,1,2,B
5,41499,True,B,A,10,1,B
5,41500,True,A,B,1,2,A
5,41501,True,B,A,1,1,B
5,41502,True,A,B,6,1,A
5,41503,True,A,B,3,1,A
5,41504,True,B,A,0,1,B
5,41505,True,B,A,4,1,B
5,41506,True,A,B,2,0,A
5,41507,True,B,A,6,1,B
5,41508,True,A,B,10,1,A
5,41509,True,A,B,6,1,A
5,41510,False,,,,,
5,41511,True,A,B,0,1,A
5,41512,True,B,A,4,1,B
5,41513,True,A,B,6,1,A
5,41514,True,A,B,1,1,A
5,41515,True,B,A,2,0,B
5,41516,True,B,A,1,1,B
5,41517,True,B,A,3,1,B
5,41518,False,,,,,
5,41519,True,B,A,2,0,B
5,41520,True,B,A,1,1,B
5,41521,False,,,,,
5,41522,True,B,A,6,1,B
5,41523,True,A,B,2,0,A
5,41524,True,A,B,6,1,A
5,41525,True,B,A,6,1,B
5,41526,False,,,,,
5,41527,False,,,,,
5,41528,True,B,A,6,1,B
5,41529,False,,,,,
5,41530,False,,,,,
5,41531,True,A,B,1,2,A
5,41532,True,B,A,1,1,B
5,41533,True,B,A,2,1,B
5,41534,True,A,B,0,1,A
5,41535,True,A,B,1,2,A
5,41536,True,A,B,1,2,A
5,41537,True,A,B,1,2,A
5,41538,True,A,B,3,1,A
5,41539,True,B,A,1,1,B
5,41540,True,B,A,1,2,B
5,41541,True,A,B,6,1,A
5,41542,True,A,B,1,1,A
5,41543,True,B,A,1,1,B
5,41544,True,B,A,6,1,B
5,41545,True,A,B,4,1,A
5,41546,True,A,B,0,1,A
5,41547,True,A,B,3,1,A
5,41548,True,A,B,10,1,A
5,41549,True,A,B,0,1,A
5,41550,True,A,B,3,1,A
5,41551,True,B,A,3,1,B
5,41552,True,B,A,6,1,B
5,41553,True,A,B,2,1,A
5,41554,True,B,A,1,1,B
5,41555,True,A,B,4,1,A
5,41556,True,B,A,1,2,B
5,41557,False,,,,,
5,41558,True,B,A,1,2,B
5,41559,True,B,A,3,1,B
5,41560,True,A,B,4,1,A
5,41561,True,A,B,2,0,A
5,41562,True,A,B,0,1,A
5,41563,True,A,B,10,1,A
5,41564,False,,,,,
5,41565,True,B,A,4,1,B
5,41566,True,B,A,10,1,B
5,41567,True,A,B,3,1,A
5,41568,True,A,B,2,0,A
5,41569,True,B,A,2,0,B
5,41570,True,B,A,2,1,B
5,41571,True,A,B,2,1,A
5,41572,True,A,B,6,1,A
5,41573,True,B,A,3,1,B
5,41574,True,A,B,10,1,A
5,41575,True,A,B,6,1,A
5,41576,True,B,A,1,2,B
5,41577,False,,,,,
5,41578,True,A,B,1,2,A
5,41579,True,B,A,6,1,B
5,41580,True,A,B,1,2,A
5,41581,True,B,A,2,0,B
5,41582,True,A,B,1,1,A
5,41583,True,A,B,3,1,A
5,41584,True,B,A,4,1,B
5,41585,True,B,A,3,1,B
5,41586,True,A,B,0,1,A
5,41587,True,A,B,3,1,A
5,41588,True,B,A,2,0,B
5,41589,True,A,B,4,1,A
5,41590,True,A,B,1,1,A
5,41591,True,A,B,3,1,A
5,41592,True,A,B,1,2,A
5,41593,True,B,A,4,1,B
5,41594,True,B,A,2,1,B
5,41595,True,A,B,0,1,A
5,41596,True,B,A,4,1,B
5,41597,True,B,A,6,1,B
5,41598,True,B,A,3,1,B
5,41599,True,B,A,3,1,B
5,41600,True,B,A,1,2,B
5,41601,True,B,A,2,1,B
5,41602,True,B,A,4,1,B
5,41603,False,,,,,
5,41604,True,A,B,2,0,A
5,41605,True,A,B,1,1,A
5,41606,True,A,B,2,0,A
5,41607,True,B,A,3,1,B
5,41608,True,B,A,6,1,B
5,41609,True,A,B,1,2,A
5,41610,False,,,,,
5,41611,True,A,B,10,1,A
5,41612,True,B,A,10,1,B
5,41613,True,A,B,6,1,A
5,41614,True,A,B,10,1,A
5,41615,True,A,B,3,1,A
5,41616,True,A,B,3,1,A
5,41617,True,B,A,1,1,B
5,41618,True,B,A,2,0,B
5,41619,True,B,A,10,1,B
5,41620,True,A,B,6,1,A
5,41621,True,B,A,2,0,B
5,41622,True,B,A,2,1,B
5,41623,True,B,A,0,1,B
5,41624,True,B,A,2,0,B
5,41625,True,B,A,10,1,B
5,41626,True,B,A,3,1,B
5,41627,True,A,B,3,1,A
5,41628,True,B,A,4,1,B
5,41629,True,A,B,3,1,A
5,41630,True,B,A,10,1,B
5,41631,True,B,A,1,1,B
5,41632,True,B,A,0,1,B
5,41633,True,A,B,2,1,A
5,41634,True,B,A,0,1,B
5,41635,True,B,A,0,1,B
5,41636,False,,,,,
5,41637,True,B,A,1,1,B
5,41638,True,A,B,4,1,A
5,41639,True,A,B,4,1,A
5,41640,True,B,A,2,1,B
5,41641,True,A,B,0,1,A
5,41642,False,,,,,
5,41643,False,,,,,
5,41644,True,A,B,3,1,A
5,41645,True,A,B,6,1,A
5,41646,False,,,,,
5,41647,True,A,B,0,1,A
5,41648,True,B,A,6,1,B
5,41649,True,A,B,6,1,A
5,41650,True,B,A,6,1,B
5,41651,True,A,B,2,1,A
5,41652,True,B,A,6,1,B
5,41653,True,B,A,2,1,B
5,41654,True,A,B,4,1,A
5,41655,False,,,,,
5,41656,True,A,B,2,0,A
5,41657,True,B,A,1,2,B
5,41658,True,B,A,6,1,B
5,41659,True,A,B,3,1,A
5,41660,True,A,B,3,1,A
5,41661,True,A,B,3,1,A
5,41662,True,A,B,1,1,A
5,41663,True,B,A,10,1,B
5,41664,True,B,A,3,1,B
5,41665,True,A,B,3,1,A
5,41666,True,A,B,10,1,A
5,41667,True,A,B,3,1,A
5,41668,True,A,B,1,1,A
5,41669,True,A,B,6,1,A
5,41670,True,A,B,2,0,A
5,41671,True,B,A,0,1,B
5,41672,True,B,A,4,1,B
5,41673,True,A,B,3,1,A
5,41674,True,A,B,2,1,A
5,41675,True,A,B,1,1,A
5,41676,False,,,,,
5,41677,True,A,B,2,1,A
5,41678,False,,,,,
5,41679,True,A,B,2,0,A
5,41680,False,,,,,
5,41681,True,A,B,6,1,A
5,41682,True,B,A,2,1,B
5,41683,True,A,B,2,1,A
5,41684,True,A,B,10,1,A
5,41685,True,B,A,3,1,B
5,41686,True,A,B,2,0,A
5,41687,True,B,A,6,1,B
5,41688,True,A,B,3,1,A
5,41689,True,B,A,1,1,B
5,41690,True,B,A,4,1,B
5,41691,True,B,A,2,0,B
5,41692,True,A,B,2,1,A
5,41693,True,A,B,1,2,A
5,41694,True,A,B,3,1,A
5,41695,True,A,B,4,1,A
5,41696,True,A,B,1,1,A
5,41697,True,A,B,2,1,A
5,41698,True,B,A,3,1,B
5,41699,True,B,A,2,1,B
5,41700,True,B,A,6,1,B
5,41701,True,A,B,0,1,A
5,41702,True,A,B,10,1,A
5,41703,True,B,A,3,1,B
5,41704,True,B,A,6,1,B
5,41705,True,B,A,2,1,B
5,41706,True,B,A,3,1,B
5,41707,True,B,A,10,1,B
5,41708,True,A,B,4,1,A
5,41709,True,A,B,6,1,A
5,41710,True,A,B,1,2,A
5,41711,True,B,A,1,2,B
5,41712,True,B,A,2,1,B
5,41713,True,B,A,3,1,B
5,41714,True,A,B,3,1,A
5,41715,True,B,A,0,1,B
5,41716,True,B,A,6,1,B
5,41717,True,B,A,6,1,B
5,41718,True,B,A,10,1,B
5,41719,True,A,B,6,1,A
5,41720,True,B,A,3,1,B
5,41721,True,A,B,1,2,A
5,41722,True,A,B,4,1,A
5,41723,True,B,A,6,1,B
5,41724,True,B,A,1,2,B
5,41725,True,B,A,0,1,B
5,41726,False,,,,,
5,41727,True,A,B,2,1,A
5,41728,True,B,A,6,1,B
5,41729,True,A,B,1,1,A
5,41730,True,A,B,1,2,A
5,41731,True,B,A,4,1,B
5,41732,True,B,A,1,1,B
5,41733,True,B,A,10,1,B
5,41734,True,A,B,0,1,A
5,41735,True,A,B,2,1,A
5,41736,True,A,B,1,2,A
5,41737,True,B,A,2,0,B
5,41738,True,A,B,0,1,A
5,41739,True,B,A,3,1,B
5,41740,True,A,B,0,1,A
5,41741,True,B,A,1,1,B
5,41742,True,A,B,1,2,A
5,41743,True,A,B,6,1,A
5,41744,True,B,A,1,1,B
5,41745,True,A,B,2,1,A
5,41746,True,A,B,6,1,A
5,41747,True,A,B,6,1,A
5,41748,True,B,A,1,1,B
5,41749,True,A,B,10,1,A
5,41750,True,A,B,2,1,A
5,41751,True,A,B,1,1,A
5,41752,True,A,B,2,1,A
5,41753,True,A,B,2,0,A
5,41754,True,B,A,1,2,B
5,41755,True,B,A,1,2,B
5,41756,True,B,A,2,0,B
5,41757,True,B,A,1,1,B
5,41758,True,B,A,6,1,B
5,41759,True,A,B,1,1,A
5,41760,True,A,B,6,1,A
5,41761,True,B,A,4,1,B
5,41762,True,A,B,10,1,A
5,41763,True,B,A,4,1,B
5,41764,True,A,B,0,1,A
5,41765,True,A,B,4,1,A
5,41766,True,B,A,1,1,B
5,41767,True,B,A,4,1,B
5,41768,False,,,,,
5,41769,False,,,,,
5,41770,True,B,A,2,0,B
5,41771,True,B,A,2,1,B
5,41772,True,A,B,2,1,A
5,41773,True,B,A,1,2,B
5,41774,True,A,B,2,1,A
5,41775,True,B,A,2,0,B
5,41776,True,A,B,3,1,A
5,41777,False,,,,,
5,41778,True,B,A,2,1,B
5,41779,True,A,B,3,1,A
5,41780,True,B,A,2,1,B
5,41781,True,B,A,0,1,B
5,41782,True,B,A,4,1,B
5,41783,True,B,A,2,1,B
5,41784,True,A,B,1,1,A
5,41785,True,A,B,6,1,A
5,41786,True,A,B,0,1,A
5,41787,True,B,A,10,1,B
5,41788,True,B,A,2,0,B
5,41789,False,,,,,
5,41790,True,B,A,6,1,B
5,41791,True,A,B,2,0,A
5,41792,True,A,B,2,0,A
5,41793,True,A,B,2,1,A
5,41794,False,,,,,
5,41795,True,A,B,10,1,A
5,41796,True,A,B,10,1,A
5,41797,True,A,B,1,1,A
5,41798,True,B,A,2,0,B
5,41799,True,B,A,1,2,B
5,41800,True,A,B,1,2,A
5,41801,True,B,A,10,1,B
5,41802,True,B,A,2,1,B
5,41803,True,A,B,2,0,A
5,41804,True,B,A,2,1,B
5,41805,True,B,A,2,1,B
5,41806,True,A,B,2,1,A
5,41807,True,A,B,2,0,A
5,41808,True,B,A,3,1,B
5,41809,True,B,A,2,0,B
5,41810,True,A,B,2,1,A
5,41811,True,B,A,1,2,B
5,41812,True,A,B,0,1,A
5,41813,True,B,A,1,2,B
5,41814,True,A,B,10,1,A
5,41815,True,A,B,6,1,A
5,41816,True,A,B,2,0,A
5,41817,True,A,B,1,1,A
5,41818,True,B,A,4,1,B
5,41819,True,B,A,2,1,B
5,41820,True,B,A,10,1,B
5,41821,True,A,B,6,1,A
5,41822,True,B,A,0,1,B
5,41823,True,B,A,2,1,B
5,41824,True,B,A,4,1,B
5,41825,True,A,B,1,2,A
5,41826,True,B,A,6,1,B
5,41827,True,B,A,1,1,B
5,41828,True,B,A,2,1,B
5,41829,True,B,A,4,1,B
5,41830,True,A,B,0,1,A
5,41831,True,A,B,0,1,A
5,41832,True,A,B,10,1,A
5,41833,True,B,A,0,1,B
5,41834,True,B,A,2,0,B
5,41835,True,B,A,1,2,B
5,41836,True,A,B,0,1,A
5,41837,True,A,B,6,1,A
5,41838,True,B,A,3,1,B
5,41839,True,B,A,0,1,B
5,41840,True,B,A,1,2,B
5,41841,True,B,A,6,1,B
5,41842,True,A,B,2,1,A
5,41843,True,B,A,3,1,B
5,41844,True,A,B,0,1,A
5,41845,True,A,B,10,1,A
5,41846,True,A,B,4,1,A
5,41847,True,A,B,2,1,A
5,41848,True,A,B,1,1,A
5,41849,True,B,A,1,1,B
5,41850,True,B,A,2,1,B
5,41851,True,A,B,1,1,A
5,41852,True,A,B,1,1,A
5,41853,True,A,B,3,1,A
5,41854,True,B,A,4,1,B
5,41855,True,A,B,1,1,A
5,41856,True,A,B,1,2,A
5,41857,True,B,A,6,1,B
5,41858,True,B,A,3,1,B
5,41859,True,A,B,6,1,A
5,41860,True,B,A,4,1,B
5,41861,True,B,A,4,1,B
5,41862,True,B,A,10,1,B
5,41863,True,A,B,3,1,A
5,41864,True,A,B,3,1,A
5,41865,True,A,B,0,1,A
5,41866,True,B,A,0,1,B
5,41867,True,A,B,1,2,A
5,41868,True,B,A,0,1,B
5,41869,True,A,B,1,1,A
5,41870,True,B,A,6,1,B
5,41871,True,A,B,3,1,A
5,41872,True,A,B,2,1,A
5,41873,True,A,B,1,2,A
5,41874,True,B,A,4,1,B
5,41875,True,A,B,1,2,A
5,41876,True,A,B,2,1,A
5,41877,True,B,A,2,0,B
5,41878,True,B,A,1,2,B
5,41879,True,B,A,4,1,B
5,41880,True,A,B,1,1,A
5,41881,True,A,B,4,1,A
5,41882,True,A,B,10,1,A
5,41883,True,A,B,10,1,A
5,41884,True,B,A,2,1,B
5,41885,True,A,B,1,2,A
5,41886,True,B,A,4,1,B
5,41887,True,B,A,4,1,B
5,41888,True,B,A,6,1,B
5,41889,True,A,B,2,1,A
5,41890,True,B,A,4,1,B
5,41891,True,B,A,4,1,B
5,41892,True,A,B,10,1,A
5,41893,False,,,,,
5,41894,True,A,B,3,1,A
5,41895,True,B,A,1,1,B
5,41896,True,A,B,3,1,A
5,41897,True,A,B,1,1,A
5,41898,False,,,,,
5,41899,True,A,B,3,1,A
5,41900,True,A,B,1,1,A
5,41901,True,B,A,2,1,B
5,41902,True,B,A,6,1,B
5,41903,True,A,B,1,1,A
5,41904,True,B,A,4,1,B
5,41905,True,B,A,6,1,B
5,41906,True,A,B,6,1,A
5,41907,True,A,B,2,0,A
5,41908,True,A,B,6,1,A
5,41909,True,B,A,1,2,B
5,41910,True,B,A,2,0,B
5,41911,True,A,B,0,1,A
5,41912,True,A,B,2,1,A
5,41913,True,A,B,4,1,A
5,41914,True,A,B,2,1,A
5,41915,True,B,A,2,0,B
5,41916,True,B,A,1,1,B
5,41917,True,A,B,0,1,A
5,41918,True,A,B,2,0,A
5,41919,True,A,B,1,1,A
5,41920,True,A,B,0,1,A
5,41921,True,A,B,2,0,A
5,41922,True,B,A,2,1,B
5,41923,True,B,A,4,1,B
5,41924,True,A,B,1,2,A
5,41925,True,B,A,6,1,B
5,41926,True,B,A,0,1,B
5,41927,True,A,B,10,1,A
5,41928,True,A,B,4,1,A
5,41929,True,B,A,3,1,B
5,41930,True,B,A,3,1,B
5,41931,True,B,A,10,1,B
5,41932,True,B,A,1,2,B
5,41933,True,A,B,1,2,A
5,41934,True,B,A,1,2,B
5,41935,True,A,B,1,2,A
5,41936,True,A,B,2,1,A
5,41937,True,B,A,1,2,B
5,41938,True,A,B,4,1,A
5,41939,True,A,B,3,1,A
5,41940,True,B,A,10,1,B
5,41941,True,B,A,2,0,B
5,41942,True,A,B,10,1,A
5,41943,False,,,,,
5,41944,True,A,B,1,2,A
5,41945,True,B,A,10,1,B
5,41946,True,A,B,3,1,A
5,41947,False,,,,,
5,41948,True,B,A,6,1,B
5,41949,True,B,A,2,1,B
5,41950,True,A,B,10,1,A
5,41951,True,A,B,3,1,A
5,41952,True,B,A,10,1,B
5,41953,True,B,A,4,1,B
5,41954,True,A,B,1,2,A
5,41955,True,A,B,10,1,A
5,41956,True,B,A,2,1,B
5,41957,True,B,A,0,1,B
5,41958,True,A,B,6,1,A
5,41959,True,B,A,4,1,B
5,41960,True,A,B,1,2,A
5,41961,True,A,B,0,1,A
5,41962,True,A,B,2,0,A
5,41963,True,B,A,3,1,B
5,41964,True,B,A,10,1,B
5,41965,True,A,B,0,1,A
5,41966,True,B,A,6,1,B
5,41967,True,B,A,6,1,B
5,41968,True,B,A,2,1,B
5,41969,True,B,A,2,1,B
5,41970,True,B,A,10,1,B
5,41971,True,B,A,6,1,B
5,41972,True,B,A,3,1,B
5,41973,True,B,A,1,2,B
5,41974,True,A,B,4,1,A
5,41975,True,B,A,3,1,B
5,41976,True,A,B,2,0,A
5,41977,True,B,A,2,1,B
5,41978,True,A,B,1,1,A
5,41979,True,B,A,2,1,B
5,41980,True,B,A,0,1,B
5,41981,True,B,A,6,1,B
5,41982,True,A,B,1,1,A
5,41983,True,A,B,1,2,A
5,41984,True,A,B,10,1,A
5,41985,False,,,,,
5,41986,True,B,A,6,1,B
5,41987,False,,,,,
5,41988,True,B,A,1,1,B
5,41989,True,A,B,6,1,A
5,41990,True,B,A,3,1,B
5,41991,True,B,A,2,0,B
5,41992,True,A,B,1,1,A
5,41993,True,A,B,1,1,A
5,41994,True,B,A,6,1,B
5,41995,True,A,B,0,1,A
5,41996,True,B,A,4,1,B
5,41997,True,B,A,0,1,B
5,41998,True,B,A,10,1,B
5,41999,True,A,B,4,1,A
5,42000,True,B,A,2,0,B
5,42001,True,A,B,3,1,A
5,42002,True,B,A,1,1,B
5,42003,True,B,A,2,0,B
5,42004,True,B,A,2,0,B
5,42005,True,A,B,0,1,A
5,42006,True,A,B,1,1,A
5,42007,True,B,A,4,1,B
5,42008,True,B,A,10,1,B
5,42009,True,A,B,3,1,A
5,42010,True,A,B,3,1,A
5,42011,True,A,B,2,0,A
5,42012,True,A,B,6,1,A
5,42013,True,B,A,0,1,B
5,42014,False,,,,,
5,42015,True,A,B,0,1,A
5,42016,True,B,A,1,2,B
5,42017,True,B,A,2,1,B
5,42018,False,,,,,
5,42019,True,B,A,10,1,B
5,42020,True,B,A,2,1,B
5,42021,True,A,B,1,1,A
5,42022,True,B,A,10,1,B
5,42023,True,B,A,6,1,B
5,42024,True,A,B,6,1,A
5,42025,True,B,A,2,0,B
5,42026,True,B,A,1,2,B
5,42027,True,A,B,6,1,A
5,42028,True,A,B,4,1,A
5,42029,True,A,B,1,2,A
5,42030,True,B,A,4,1,B
5,42031,True,A,B,4,1,A
5,42032,True,A,B,2,1,A
5,42033,True,B,A,1,1,B
5,42034,True,A,B,4,1,A
5,42035,True,A,B,2,1,A
5,42036,True,B,A,2,0,B
5,42037,True,A,B,10,1,A
5,42038,True,B,A,2,0,B
5,42039,True,B,A,6,1,B
5,42040,True,B,A,2,0,B
5,42041,True,B,A,1,1,B
5,42042,True,A,B,0,1,A
5,42043,True,A,B,3,1,A
5,42044,True,A,B,1,1,A
5,42045,True,A,B,1,1,A
5,42046,True,A,B,10,1,A
5,42047,True,A,B,1,2,A
5,42048,True,B,A,2,0,B
5,42049,True,B,A,6,1,B
5,42050,True,B,A,2,0,B
5,42051,True,B,A,10,1,B
5,42052,True,B,A,10,1,B
5,42053,True,A,B,2,1,A
5,42054,False,,,,,
5,42055,True,B,A,1,1,B
5,42056,False,,,,,
5,42057,True,A,B,6,1,A
5,42058,False,,,,,
5,42059,True,B,A,2,1,B
5,42060,True,A,B,3,1,A
5,42061,True,B,A,4,1,B
5,42062,True,A,B,1,2,A
5,42063,True,B,A,1,2,B
5,42064,True,A,B,0,1,A
5,42065,True,A,B,1,2,A
5,42066,True,A,B,1,1,A
5,42067,False,,,,,
5,42068,True,A,B,6,1,A
5,42069,True,B,A,3,1,B
5,42070,True,B,A,2,1,B
5,42071,True,A,B,6,1,A
5,42072,True,A,B,4,1,A
5,42073,True,A,B,6,1,A
5,42074,True,B,A,4,1,B
5,42075,True,A,B,0,1,A
5,42076,True,A,B,1,1,A
5,42077,True,B,A,2,1,B
5,42078,True,A,B,1,2,A
5,42079,True,A,B,10,1,A
5,42080,True,A,B,4,1,A
5,42081,True,B,A,3,1,B
5,42082,True,A,B,10,1,A
5,42083,True,A,B,0,1,A
5,42084,True,B,A,1,1,B
5,42085,True,A,B,4,1,A
5,42086,True,A,B,1,1,A
5,42087,True,B,A,1,2,B
5,42088,True,A,B,3,1,A
5,42089,True,B,A,10,1,B
5,42090,True,A,B,1,2,A
5,42091,True,A,B,3,1,A
5,42092,True,A,B,2,1,A
5,42093,True,A,B,1,1,A
5,42094,True,A,B,10,1,A
5,42095,True,A,B,0,1,A
5,42096,True,A,B,4,1,A
5,42097,True,A,B,3,1,A
5,42098,True,A,B,1,2,A
5,42099,True,B,A,2,1,B
5,42100,True,B,A,3,1,B
5,42101,True,A,B,3,1,A
5,42102,True,A,B,3,1,A
5,42103,True,A,B,3,1,A
5,42104,True,A,B,2,1,A
5,42105,True,B,A,6,1,B
5,42106,True,A,B,0,1,A
5,42107,True,B,A,10,1,B
5,42108,True,A,B,3,1,A
5,42109,True,B,A,10,1,B
5,42110,True,B,A,1,1,B
5,42111,True,A,B,10,1,A
5,42112,True,A,B,2,0,A
5,42113,True,A,B,1,1,A
5,42114,True,B,A,2,1,B
5,42115,True,B,A,10,1,B
5,42116,True,A,B,0,1,A
5,42117,True,A,B,1,2,A
5,42118,True,B,A,1,2,B
5,42119,True,A,B,2,1,A
5,42120,True,B,A,4,1,B
5,42121,True,B,A,10,1,B
5,42122,True,B,A,10,1,B
5,42123,True,B,A,4,1,B
5,42124,True,A,B,2,1,A
5,42125,True,B,A,1,1,B
5,42126,True,A,B,6,1,A
5,42127,True,A,B,4,1,A
5,42128,True,A,B,0,1,A
5,42129,True,A,B,2,1,A
5,42130,True,B,A,2,1,B
5,42131,True,B,A,3,1,B
5,42132,True,B,A,2,1,B
5,42133,True,A,B,2,1,A
5,42134,True,B,A,3,1,B
5,42135,True,A,B,1,2,A
5,42136,True,A,B,4,1,A
5,42137,True,A,B,6,1,A
5,42138,True,B,A,10,1,B
5,42139,True,A,B,2,1,A
5,42140,True,B,A,0,1,B
5,42141,True,A,B,2,1,A
5,42142,True,A,B,2,1,A
5,42143,True,B,A,1,1,B
5,42144,True,B,A,6,1,B
5,42145,True,B,A,1,2,B
5,42146,True,A,B,2,0,A
5,42147,True,B,A,4,1,B
5,42148,True,B,A,4,1,B
5,42149,True,B,A,4,1,B
5,42150,True,A,B,1,2,A
5,42151,True,B,A,3,1,B
5,42152,True,B,A,0,1,B
5,42153,True,B,A,3,1,B
5,42154,True,A,B,10,1,A
5,42155,True,B,A,6,1,B
5,42156,True,B,A,2,0,B
5,42157,True,A,B,1,1,A
5,42158,True,A,B,6,1,A
5,42159,True,B,A,2,1,B
5,42160,True,B,A,2,1,B
5,42161,True,A,B,1,1,A
5,42162,True,B,A,6,1,B
5,42163,True,B,A,1,1,B
5,42164,True,A,B,3,1,A
5,42165,True,A,B,3,1,A
5,42166,True,A,B,10,1,A
5,42167,False,,,,,
5,42168,True,A,B,3,1,A
5,42169,True,A,B,1,1,A
5,42170,False,,,,,
5,42171,True,B,A,2,0,B
5,42172,True,B,A,2,0,B
5,42173,True,A,B,6,1,A
5,42174,True,A,B,3,1,A
5,42175,True,B,A,10,1,B
5,42176,True,A,B,2,0,A
5,42177,True,B,A,6,1,B
5,42178,True,A,B,3,1,A
5,42179,True,A,B,3,1,A
5,42180,True,B,A,4,1,B
5,42181,True,A,B,1,1,A
5,42182,True,A,B,2,1,A
5,42183,True,B,A,1,2,B
5,42184,True,A,B,3,1,A
5,42185,True,B,A,2,0,B
5,42186,True,A,B,1,2,A
5,42187,True,B,A,2,0,B
5,42188,True,A,B,6,1,A
5,42189,True,B,A,1,1,B
5,42190,True,B,A,6,1,B
5,42191,True,B,A,3,1,B
5,42192,False,,,,,
5,42193,True,A,B,2,0,A
5,42194,True,A,B,0,1,A
5,42195,True,A,B,2,1,A
5,42196,True,B,A,10,1,B
5,42197,True,A,B,1,1,A
5,42198,True,A,B,6,1,A
5,42199,True,A,B,1,2,A
5,42200,True,B,A,3,1,B
5,42201,True,B,A,4,1,B
5,42202,True,B,A,3,1,B
5,42203,True,B,A,6,1,B
5,42204,True,B,A,10,1,B
5,42205,True,B,A,4,1,B
5,42206,False,,,,,
5,42207,True,A,B,10,1,A
5,42208,True,B,A,3,1,B
5,42209,True,B,A,10,1,B
5,42210,True,A,B,3,1,A
5,42211,True,B,A,4,1,B
5,42212,True,B,A,1,1,B
5,42213,True,B,A,1,1,B
5,42214,True,B,A,1,1,B
5,42215,True,A,B,4,1,A
5,42216,True,A,B,2,0,A
5,42217,False,,,,,
5,42218,True,B,A,6,1,B
5,42219,True,B,A,3,1,B
5,42220,True,A,B,0,1,A
5,42221,True,B,A,4,1,B
5,42222,True,A,B,3,1,A
5,42223,True,B,A,6,1,B
5,42224,True,B,A,0,1,B
5,42225,True,B,A,3,1,B
5,42226,True,B,A,2,0,B
5,42227,True,A,B,4,1,A
5,42228,True,A,B,2,1,A
5,42229,True,B,A,1,2,B
5,42230,True,A,B,4,1,A
5,42231,True,A,B,10,1,A
5,42232,True,B,A,2,0,B
5,42233,True,A,B,10,1,A
5,42234,True,A,B,0,1,A
5,42235,True,A,B,6,1,A
5,42236,True,B,A,3,1,B
5,42237,True,B,A,3,1,B
5,42238,True,A,B,6,1,A
5,42239,True,A,B,2,1,A
5,42240,True,A,B,4,1,A
5,42241,True,B,A,3,1,B
5,42242,True,A,B,3,1,A
5,42243,True,B,A,4,1,B
5,42244,True,B,A,4,1,B
5,42245,True,B,A,1,2,B
5,42246,True,B,A,0,1,B
5,42247,True,B,A,2,1,B
5,42248,True,A,B,3,1,A
5,42249,True,A,B,3,1,A
5,42250,False,,,,,
5,42251,True,B,A,10,1,B
5,42252,True,B,A,2,0,B
5,42253,True,B,A,4,1,B
5,42254,True,A,B,10,1,A
5,42255,True,A,B,1,2,A
5,42256,True,B,A,10,1,B
5,42257,True,B,A,0,1,B
5,42258,True,B,A,2,1,B
5,42259,True,A,B,4,1,A
5,42260,True,A,B,2,1,A
5,42261,True,B,A,1,1,B
5,42262,True,B,A,4,1,B
5,42263,True,A,B,2,1,A
5,42264,True,A,B,10,1,A
5,42265,True,B,A,10,1,B
5,42266,True,B,A,10,1,B
5,42267,True,B,A,6,1,B
5,42268,True,B,A,1,2,B
5,42269,True,A,B,4,1,A
5,42270,True,A,B,4,1,A
5,42271,True,A,B,6,1,A
5,42272,True,B,A,4,1,B
5,42273,True,A,B,2,1,A
5,42274,True,A,B,3,1,A
5,42275,True,B,A,10,1,B
5,42276,True,B,A,4,1,B
5,42277,True,B,A,2,0,B
5,42278,True,A,B,10,1,A
5,42279,True,B,A,2,0,B
5,42280,True,A,B,1,1,A
5,42281,True,B,A,1,2,B
5,42282,True,A,B,6,1,A
5,42283,True,A,B,6,1,A
5,42284,True,A,B,1,1,A
5,42285,True,A,B,2,0,A
5,42286,True,A,B,1,2,A
5,42287,True,A,B,4,1,A
5,42288,True,A,B,2,0,A
5,42289,True,B,A,6,1,B
5,42290,True,B,A,1,2,B
5,42291,True,B,A,10,1,B
5,42292,True,B,A,6,1,B
5,42293,True,B,A,6,1,B
5,42294,True,A,B,10,1,A
5,42295,True,B,A,6,1,B
5,42296,True,A,B,4,1,A
5,42297,True,B,A,1,1,B
5,42298,True,B,A,0,1,B
5,42299,True,A,B,1,1,A
5,42300,True,A,B,0,1,A
5,42301,True,B,A,4,1,B
5,42302,True,A,B,1,1,A
5,42303,True,B,A,10,1,B
5,42304,True,A,B,6,1,A
5,42305,True,B,A,1,2,B
5,42306,False,,,,,
5,42307,True,A,B,1,1,A
5,42308,True,A,B,2,0,A
5,42309,True,B,A,6,1,B
5,42310,True,B,A,1,1,B
5,42311,True,B,A,1,1,B
5,42312,True,A,B,2,0,A
5,42313,True,A,B,1,1,A
5,42314,True,A,B,2,1,A
5,42315,True,A,B,2,1,A
5,42316,False,,,,,
5,42317,True,B,A,4,1,B
5,42318,True,B,A,6,1,B
5,42319,True,A,B,6,1,A
5,42320,True,A,B,6,1,A
5,42321,False,,,,,
5,42322,False,,,,,
5,42323,True,A,B,6,1,A
5,42324,True,B,A,1,1,B
5,42325,True,B,A,2,0,B
5,42326,True,B,A,3,1,B
5,42327,True,A,B,1,2,A
5,42328,True,B,A,6,1,B
5,42329,True,B,A,4,1,B
5,42330,True,B,A,2,0,B
5,42331,True,B,A,10,1,B
5,42332,True,B,A,2,0,B
5,42333,True,A,B,0,1,A
5,42334,True,B,A,4,1,B
5,42335,True,A,B,1,2,A
5,42336,True,A,B,4,1,A
5,42337,True,A,B,1,1,A
5,42338,False,,,,,
5,42339,True,A,B,1,1,A
5,42340,False,,,,,
5,42341,True,A,B,3,1,A
5,42342,True,B,A,4,1,B
5,42343,True,A,B,2,1,A
5,42344,True,A,B,3,1,A
5,42345,False,,,,,
5,42346,True,B,A,3,1,B
5,42347,True,A,B,0,1,A
5,42348,True,B,A,10,1,B
5,42349,True,A,B,2,1,A
5,42350,True,A,B,1,1,A
5,42351,False,,,,,
5,42352,True,B,A,1,1,B
5,42353,True,B,A,3,1,B
5,42354,True,A,B,10,1,A
5,42355,True,B,A,1,2,B
5,42356,True,B,A,4,1,B
5,42357,True,A,B,0,1,A
5,42358,True,A,B,10,1,A
5,42359,True,A,B,3,1,A
5,42360,True,B,A,1,1,B
5,42361,True,B,A,4,1,B
5,42362,False,,,,,
5,42363,True,A,B,2,1,A
5,42364,True,B,A,2,1,B
5,42365,True,A,B,0,1,A
5,42366,True,A,B,10,1,A
5,42367,True,B,A,2,1,B
5,42368,True,A,B,1,2,A
5,42369,True,A,B,2,1,A
5,42370,True,A,B,0,1,A
5,42371,True,B,A,1,1,B
5,42372,True,A,B,10,1,A
5,42373,False,,,,,
5,42374,True,B,A,2,0,B
5,42375,True,B,A,3,1,B
5,42376,True,A,B,2,0,A
5,42377,True,A,B,2,1,A
5,42378,True,A,B,10,1,A
5,42379,True,B,A,2,1,B
5,42380,False,,,,,
5,42381,True,B,A,1,1,B
5,42382,True,B,A,6,1,B
5,42383,True,B,A,1,2,B
5,42384,True,A,B,0,1,A
5,42385,True,B,A,2,0,B
5,42386,True,A,B,0,1,A
5,42387,True,B,A,1,1,B
5,42388,True,A,B,0,1,A
5,42389,True,A,B,3,1,A
5,42390,True,A,B,0,1,A
5,42391,True,B,A,10,1,B
5,42392,True,B,A,4,1,B
5,42393,True,A,B,2,1,A
5,42394,True,A,B,4,1,A
5,42395,True,A,B,4,1,A
5,42396,True,A,B,4,1,A
5,42397,True,A,B,10,1,A
5,42398,True,B,A,10,1,B
5,42399,False,,,,,
5,42400,True,A,B,2,1,A
5,42401,True,A,B,2,1,A
5,42402,True,A,B,3,1,A
5,42403,True,B,A,1,2,B
5,42404,True,A,B,4,1,A
5,42405,True,A,B,2,0,A
5,42406,True,B,A,3,1,B
5,42407,True,A,B,1,1,A
5,42408,True,B,A,2,1,B
5,42409,True,B,A,1,1,B
5,42410,True,A,B,1,2,A
5,42411,False,,,,,
5,42412,True,B,A,1,1,B
5,42413,True,A,B,3,1,A
5,42414,True,B,A,2,0,B
5,42415,True,B,A,6,1,B
5,42416,True,A,B,1,2,A
5,42417,True,B,A,10,1,B
5,42418,True,B,A,6,1,B
5,42419,True,A,B,4,1,A
5,42420,True,A,B,3,1,A
5,42421,True,B,A,2,1,B
5,42422,True,A,B,6,1,A
5,42423,True,B,A,4,1,B
5,42424,True,A,B,1,1,A
5,42425,True,A,B,4,1,A
5,42426,True,B,A,4,1,B
5,42427,True,A,B,0,1,A
5,42428,True,B,A,1,1,B
5,42429,True,B,A,10,1,B
5,42430,True,A,B,3,1,A
5,42431,True,B,A,1,1,B
5,42432,True,B,A,1,2,B
5,42433,True,B,A,2,1,B
5,42434,True,B,A,4,1,B
5,42435,True,A,B,1,2,A
5,42436,True,B,A,2,1,B
5,42437,True,B,A,1,1,B
5,42438,True,A,B,6,1,A
5,42439,True,A,B,6,1,A
5,42440,True,A,B,6,1,A
5,42441,True,B,A,2,0,B
5,42442,True,B,A,1,1,B
5,42443,True,A,B,2,0,A
5,42444,True,A,B,2,1,A
5,42445,True,B,A,10,1,B
5,42446,True,B,A,4,1,B
5,42447,True,B,A,2,0,B
5,42448,True,A,B,2,0,A
5,42449,False,,,,,
5,42450,True,B,A,2,0,B
5,42451,True,B,A,1,1,B
5,42452,True,A,B,3,1,A
5,42453,True,A,B,6,1,A
5,42454,True,A,B,10,1,A
5,42455,True,B,A,0,1,B
5,42456,True,B,A,1,2,B
5,42457,True,A,B,2,1,A
5,42458,True,B,A,6,1,B
5,42459,True,B,A,4,1,B
5,42460,True,B,A,2,1,B
5,42461,False,,,,,
5,42462,True,A,B,6,1,A
5,42463,True,A,B,2,1,A
5,42464,True,A,B,1,1,A
5,42465,False,,,,,
5,42466,True,A,B,2,1,A
5,42467,False,,,,,
5,42468,True,B,A,2,0,B
5,42469,True,B,A,4,1,B
5,42470,True,B,A,2,1,B
5,42471,True,B,A,6,1,B
5,42472,True,A,B,2,1,A
5,42473,True,B,A,1,1,B
5,42474,True,B,A,4,1,B
5,42475,True,A,B,10,1,A
5,42476,True,B,A,6,1,B
5,42477,True,B,A,1,2,B
5,42478,True,B,A,10,1,B
5,42479,True,A,B,3,1,A
5,42480,True,A,B,2,0,A
5,42481,True,B,A,6,1,B
5,42482,True,A,B,4,1,A
5,42483,True,B,A,4,1,B
5,42484,True,B,A,2,0,B
5,42485,True,A,B,1,1,A
5,42486,True,A,B,1,2,A
5,42487,True,A,B,3,1,A
5,42488,False,,,,,
5,42489,True,A,B,10,1,A
5,42490,True,B,A,4,1,B
5,42491,True,A,B,1,1,A
5,42492,True,B,A,2,0,B
5,42493,True,B,A,4,1,B
5,42494,True,B,A,3,1,B
5,42495,True,B,A,10,1,B
5,42496,True,A,B,0,1,A
5,42497,True,A,B,2,0,A
5,42498,True,B,A,3,1,B
5,42499,True,A,B,6,1,A
5,42500,True,A,B,2,1,A
5,42501,True,B,A,1,2,B
5,42502,True,B,A,6,1,B
5,42503,True,B,A,3,1,B
5,42504,False,,,,,
5,42505,True,B,A,2,1,B
5,42506,True,A,B,10,1,A
5,42507,True,A,B,2,0,A
5,42508,True,B,A,2,0,B
5,42509,True,A,B,0,1,A
5,42510,True,A,B,4,1,A
5,42511,True,A,B,10,1,A
5,42512,True,A,B,2,1,A
5,42513,True,A,B,10,1,A
5,42514,True,A,B,1,2,A
5,42515,False,,,,,
5,42516,True,A,B,1,1,A
5,42517,False,,,,,
5,42518,True,B,A,6,1,B
5,42519,True,B,A,3,1,B
5,42520,True,A,B,3,1,A
5,42521,True,A,B,1,2,A
5,42522,False,,,,,
5,42523,True,A,B,2,0,A
5,42524,True,A,B,0,1,A
5,42525,True,B,A,0,1,B
5,42526,True,A,B,4,1,A
5,42527,True,B,A,2,0,B
5,42528,True,A,B,10,1,A
5,42529,True,B,A,4,1,B
5,42530,True,A,B,6,1,A
5,42531,True,B,A,1,2,B
5,42532,True,B,A,3,1,B
5,42533,True,A,B,1,2,A
5,42534,True,B,A,2,1,B
5,42535,True,B,A,0,1,B
5,42536,True,B,A,1,2,B
5,42537,True,A,B,2,1,A
5,42538,True,A,B,6,1,A
5,42539,False,,,,,
5,42540,False,,,,,
5,42541,True,A,B,1,1,A
5,42542,True,B,A,10,1,B
5,42543,True,B,A,1,1,B
5,42544,True,A,B,2,1,A
5,42545,False,,,,,
5,42546,True,A,B,10,1,A
5,42547,True,B,A,1,1,B
5,42548,True,A,B,4,1,A
5,42549,True,B,A,10,1,B
5,42550,True,B,A,10,1,B
5,42551,True,B,A,6,1,B
5,42552,True,A,B,0,1,A
5,42553,True,A,B,2,0,A
5,42554,True,A,B,2,1,A
5,42555,True,B,A,6,1,B
5,42556,True,A,B,1,2,A
5,42557,True,A,B,2,1,A
5,42558,True,B,A,2,1,B
5,42559,True,A,B,2,0,A
5,42560,True,A,B,2,0,A
5,42561,True,A,B,2,0,A
5,42562,True,A,B,0,1,A
5,42563,True,B,A,3,1,B
5,42564,True,B,A,4,1,B
5,42565,True,B,A,4,1,B
5,42566,True,A,B,0,1,A
5,42567,True,B,A,1,1,B
5,42568,True,A,B,6,1,A
5,42569,True,A,B,1,1,A
5,42570,True,A,B,3,1,A
5,42571,True,B,A,2,1,B
5,42572,True,B,A,2,1,B
5,42573,True,A,B,6,1,A
5,42574,True,A,B,6,1,A
5,42575,False,,,,,
5,42576,True,A,B,0,1,A
5,42577,True,A,B,1,2,A
5,42578,True,A,B,3,1,A
5,42579,True,A,B,2,0,A
5,42580,True,B,A,4,1,B
5,42581,True,A,B,1,1,A
5,42582,True,A,B,2,0,A
5,42583,True,A,B,10,1,A
5,42584,True,A,B,10,1,A
5,42585,True,A,B,3,1,A
5,42586,True,B,A,4,1,B
5,42587,False,,,,,
5,42588,True,A,B,2,1,A
5,42589,True,A,B,3,1,A
5,42590,True,A,B,6,1,A
5,42591,True,B,A,2,1,B
5,42592,True,B,A,10,1,B
5,42593,True,B,A,2,1,B
5,42594,True,B,A,2,0,B
5,42595,False,,,,,
5,42596,True,A,B,2,1,A
5,42597,True,A,B,6,1,A
5,42598,True,A,B,2,0,A
5,42599,True,A,B,6,1,A
5,42600,True,B,A,2,0,B
5,42601,True,B,A,10,1,B
5,42602,True,A,B,2,1,A
5,42603,True,A,B,6,1,A
5,42604,True,A,B,2,0,A
5,42605,True,A,B,6,1,A
5,42606,True,B,A,4,1,B
5,42607,True,A,B,6,1,A
5,42608,True,B,A,2,0,B
5,42609,True,B,A,4,1,B
5,42610,True,A,B,6,1,A
5,42611,True,A,B,2,1,A
5,42612,True,A,B,2,1,A
5,42613,True,A,B,3,1,A
5,42614,True,B,A,2,1,B
5,42615,True,B,A,3,1,B
5,42616,True,A,B,6,1,A
5,42617,True,B,A,6,1,B
5,42618,True,B,A,6,1,B
5,42619,True,A,B,0,1,A
5,42620,True,B,A,2,1,B
5,42621,True,A,B,1,1,A
5,42622,True,B,A,2,0,B
5,42623,True,B,A,10,1,B
5,42624,True,B,A,3,1,B
5,42625,True,B,A,4,1,B
5,42626,False,,,,,
5,42627,True,B,A,6,1,B
5,42628,True,B,A,0,1,B
5,42629,True,A,B,1,2,A
5,42630,True,A,B,2,1,A
5,42631,True,B,A,1,1,B
5,42632,True,B,A,6,1,B
5,42633,False,,,,,
5,42634,True,B,A,4,1,B
5,42635,True,A,B,4,1,A
5,42636,True,A,B,2,1,A
5,42637,True,B,A,2,1,B
5,42638,True,B,A,2,0,B
5,42639,True,A,B,10,1,A
5,42640,True,A,B,1,2,A
5,42641,True,A,B,6,1,A
5,42642,True,A,B,6,1,A
5,42643,True,A,B,10,1,A
5,42644,True,B,A,2,0,B
5,42645,True,A,B,1,1,A
5,42646,True,A,B,4,1,A
5,42647,True,A,B,10,1,A
5,42648,True,A,B,10,1,A
5,42649,False,,,,,
5,42650,True,A,B,0,1,A
5,42651,True,B,A,2,1,B
5,42652,True,B,A,3,1,B
5,42653,True,A,B,2,0,A
5,42654,True,B,A,2,0,B
5,42655,True,B,A,0,1,B
5,42656,True,A,B,2,1,A
5,42657,True,A,B,3,1,A
5,42658,True,B,A,1,2,B
5,42659,True,A,B,0,1,A
5,42660,True,B,A,3,1,B
5,42661,True,A,B,3,1,A
5,42662,True,A,B,1,1,A
5,42663,True,B,A,2,0,B
5,42664,True,A,B,3,1,A
5,42665,True,B,A,2,1,B
5,42666,True,A,B,0,1,A
5,42667,True,A,B,6,1,A
5,42668,True,B,A,4,1,B
5,42669,True,B,A,0,1,B
5,42670,True,B,A,1,2,B
5,42671,True,A,B,10,1,A
5,42672,True,A,B,4,1,A
5,42673,True,B,A,1,1,B
5,42674,True,A,B,10,1,A
5,42675,True,B,A,4,1,B
5,42676,True,B,A,4,1,B
5,42677,True,A,B,2,0,A
5,42678,True,A,B,2,1,A
5,42679,True,B,A,1,2,B
5,42680,True,A,B,3,1,A
5,42681,True,B,A,2,0,B
5,42682,True,B,A,4,1,B
5,42683,False,,,,,
5,42684,True,B,A,10,1,B
5,42685,True,A,B,0,1,A
5,42686,True,B,A,6,1,B
5,42687,True,A,B,3,1,A
5,42688,False,,,,,
5,42689,True,B,A,0,1,B
5,42690,True,A,B,10,1,A
5,42691,True,B,A,4,1,B
5,42692,True,B,A,3,1,B
5,42693,True,A,B,0,1,A
5,42694,True,B,A,1,1,B
5,42695,True,A,B,0,1,A
5,42696,True,B,A,10,1,B
5,42697,True,A,B,0,1,A
5,42698,True,A,B,0,1,A
5,42699,True,B,A,10,1,B
5,42700,True,B,A,6,1,B
5,42701,True,A,B,6,1,A
5,42702,True,A,B,1,2,A
5,42703,True,A,B,3,1,A
5,42704,True,B,A,2,1,B
5,42705,True,A,B,1,2,A
5,42706,True,A,B,6,1,A
5,42707,True,B,A,10,1,B
5,42708,True,B,A,3,1,B
5,42709,True,A,B,10,1,A
5,42710,True,A,B,3,1,A
5,42711,True,B,A,3,1,B
5,42712,False,,,,,
5,42713,True,B,A,2,1,B
5,42714,True,B,A,10,1,B
5,42715,True,A,B,0,1,A
5,42716,True,B,A,10,1,B
5,42717,True,A,B,1,2,A
5,42718,True,B,A,4,1,B
5,42719,False,,,,,
5,42720,True,A,B,2,0,A
5,42721,True,B,A,4,1,B
5,42722,True,B,A,6,1,B
5,42723,True,A,B,0,1,A
5,42724,True,B,A,4,1,B
5,42725,True,A,B,2,1,A
5,42726,True,B,A,1,1,B
5,42727,True,B,A,2,0,B
5,42728,False,,,,,
5,42729,True,B,A,1,2,B
5,42730,True,B,A,1,1,B
5,42731,True,B,A,10,1,B
5,42732,True,A,B,1,2,A
5,42733,True,A,B,2,0,A
5,42734,True,B,A,2,0,B
5,42735,True,A,B,2,1,A
5,42736,True,A,B,2,0,A
5,42737,True,B,A,6,1,B
5,42738,True,B,A,3,1,B
5,42739,True,B,A,2,0,B
5,42740,True,B,A,2,0,B
5,42741,True,B,A,0,1,B
5,42742,True,A,B,6,1,A
5,42743,True,A,B,10,1,A
5,42744,True,B,A,3,1,B
5,42745,True,A,B,1,2,A
5,42746,True,B,A,3,1,B
5,42747,True,A,B,3,1,A
5,42748,True,B,A,10,1,B
5,42749,True,A,B,1,2,A
5,42750,True,A,B,0,1,A
5,42751,True,B,A,3,1,B
5,42752,True,A,B,2,0,A
5,42753,True,A,B,1,1,A
5,42754,True,A,B,6,1,A
5,42755,False,,,,,
5,42756,True,B,A,1,1,B
5,42757,True,A,B,2,1,A
5,42758,True,A,B,0,1,A
5,42759,True,A,B,6,1,A
5,42760,True,B,A,6,1,B
5,42761,True,A,B,1,1,A
5,42762,True,A,B,6,1,A
5,42763,True,A,B,2,1,A
5,42764,True,A,B,6,1,A
5,42765,True,A,B,4,1,A
5,42766,True,B,A,2,0,B
5,42767,True,A,B,6,1,A
5,42768,True,A,B,4,1,A
5,42769,False,,,,,
5,42770,True,B,A,2,1,B
5,42771,True,B,A,2,0,B
5,42772,True,A,B,6,1,A
5,42773,True,B,A,0,1,B
5,42774,True,B,A,2,0,B
5,42775,True,B,A,2,1,B
5,42776,True,B,A,10,1,B
5,42777,True,B,A,4,1,B
5,42778,True,A,B,0,1,A
5,42779,True,B,A,6,1,B
5,42780,True,A,B,1,1,A
5,42781,True,B,A,2,1,B
5,42782,True,A,B,10,1,A
5,42783,True,B,A,4,1,B
5,42784,True,A,B,4,1,A
5,42785,True,B,A,4,1,B
5,42786,True,A,B,6,1,A
5,42787,True,A,B,0,1,A
5,42788,True,A,B,0,1,A
5,42789,True,B,A,3,1,B
5,42790,True,B,A,0,1,B
5,42791,True,A,B,1,1,A
5,42792,True,A,B,2,1,A
5,42793,True,B,A,2,1,B
5,42794,True,A,B,10,1,A
5,42795,True,A,B,6,1,A
5,42796,True,B,A,1,1,B
5,42797,True,B,A,1,1,B
5,42798,True,B,A,0,1,B
5,42799,True,A,B,1,2,A
5,42800,True,A,B,1,1,A
5,42801,True,B,A,3,1,B
5,42802,True,A,B,0,1,A
5,42803,True,A,B,2,0,A
5,42804,True,B,A,3,1,B
5,42805,True,B,A,2,0,B
5,42806,True,B,A,10,1,B
5,42807,True,A,B,4,1,A
5,42808,True,A,B,3,1,A
5,42809,True,A,B,0,1,A
5,42810,True,A,B,1,2,A
5,42811,True,A,B,1,1,A
5,42812,True,B,A,6,1,B
5,42813,True,A,B,2,1,A
5,42814,True,A,B,10,1,A
5,42815,True,A,B,1,2,A
5,42816,True,B,A,10,1,B
5,42817,True,B,A,0,1,B
5,42818,True,B,A,10,1,B
5,42819,True,A,B,2,1,A
5,42820,True,B,A,1,1,B
5,42821,True,B,A,1,2,B
5,42822,True,B,A,1,2,B
5,42823,True,B,A,2,0,B
5,42824,True,B,A,1,1,B
5,42825,True,A,B,4,1,A
5,42826,True,A,B,1,1,A
5,42827,True,A,B,1,1,A
5,42828,True,A,B,2,0,A
5,42829,True,A,B,0,1,A
5,42830,True,A,B,2,0,A
5,42831,True,B,A,10,1,B
5,42832,True,A,B,2,0,A
5,42833,True,A,B,10,1,A
5,42834,True,B,A,0,1,B
5,42835,True,B,A,4,1,B
5,42836,True,B,A,1,2,B
5,42837,True,B,A,1,2,B
5,42838,True,A,B,1,1,A
5,42839,True,A,B,6,1,A
5,42840,True,A,B,2,1,A
5,42841,True,A,B,10,1,A
5,42842,True,A,B,4,1,A
5,42843,True,B,A,1,2,B
5,42844,True,A,B,2,0,A
5,42845,True,B,A,1,2,B
5,42846,True,B,A,1,2,B
5,42847,True,A,B,4,1,A
5,42848,True,B,A,3,1,B
5,42849,True,B,A,3,1,B
5,42850,True,B,A,2,0,B
5,42851,True,B,A,1,1,B
5,42852,True,B,A,3,1,B
5,42853,True,A,B,3,1,A
5,42854,True,A,B,6,1,A
5,42855,True,A,B,10,1,A
5,42856,True,B,A,3,1,B
5,42857,True,A,B,3,1,A
5,42858,True,B,A,2,1,B
5,42859,True,A,B,6,1,A
5,42860,True,A,B,6,1,A
5,42861,True,A,B,3,1,A
5,42862,True,A,B,3,1,A
5,42863,True,A,B,4,1,A
5,42864,True,A,B,3,1,A
5,42865,False,,,,,
5,42866,True,A,B,2,1,A
5,42867,True,B,A,4,1,B
5,42868,True,B,A,6,1,B
5,42869,True,A,B,2,0,A
5,42870,False,,,,,
5,42871,True,B,A,2,1,B
5,42872,True,B,A,3,1,B
5,42873,True,A,B,1,1,A
5,42874,False,,,,,
5,42875,True,A,B,0,1,A
5,42876,False,,,,,
5,42877,True,B,A,2,0,B
5,42878,True,B,A,4,1,B
5,42879,True,A,B,2,1,A
5,42880,True,B,A,2,1,B
5,42881,True,A,B,6,1,A
5,42882,True,B,A,10,1,B
5,42883,True,B,A,3,1,B
5,42884,True,A,B,3,1,A
5,42885,True,A,B,2,0,A
5,42886,True,A,B,2,0,A
5,42887,True,B,A,2,0,B
5,42888,True,A,B,1,2,A
5,42889,True,B,A,1,2,B
5,42890,True,B,A,2,0,B
5,42891,True,A,B,1,2,A
5,42892,True,B,A,2,0,B
5,42893,True,B,A,2,1,B
5,42894,True,A,B,10,1,A
5,42895,True,A,B,1,2,A
5,42896,True,A,B,10,1,A
5,42897,True,B,A,2,0,B
5,42898,True,B,A,0,1,B
5,42899,True,B,A,6,1,B
5,42900,True,A,B,6,1,A
5,42901,True,A,B,2,0,A
5,42902,True,B,A,1,2,B
5,42903,True,B,A,3,1,B
5,42904,True,B,A,2,0,B
5,42905,True,A,B,1,2,A
5,42906,False,,,,,
5,42907,True,B,A,6,1,B
5,42908,True,A,B,1,2,A
5,42909,True,B,A,1,2,B
5,42910,True,B,A,10,1,B
5,42911,True,B,A,1,1,B
5,42912,True,B,A,0,1,B
5,42913,True,B,A,6,1,B
5,42914,True,B,A,6,1,B
5,42915,True,B,A,0,1,B
5,42916,True,A,B,2,0,A
5,42917,True,A,B,1,2,A
5,42918,True,B,A,6,1,B
5,42919,True,A,B,1,2,A
5,42920,True,B,A,2,1,B
5,42921,True,B,A,6,1,B
5,42922,True,B,A,0,1,B
5,42923,True,B,A,0,1,B
5,42924,True,A,B,10,1,A
5,42925,True,B,A,1,1,B
5,42926,True,A,B,2,1,A
5,42927,True,B,A,3,1,B
5,42928,True,A,B,2,0,A
5,42929,True,A,B,6,1,A
5,42930,True,A,B,10,1,A
5,42931,True,A,B,3,1,A
5,42932,True,A,B,3,1,A
5,42933,True,B,A,0,1,B
5,42934,True,B,A,3,1,B
5,42935,True,A,B,10,1,A
5,42936,True,A,B,1,1,A
5,42937,True,B,A,10,1,B
5,42938,True,B,A,10,1,B
5,42939,True,A,B,6,1,A
5,42940,True,A,B,3,1,A
5,42941,True,A,B,4,1,A
5,42942,False,,,,,
5,42943,True,A,B,2,1,A
5,42944,True,A,B,1,2,A
5,42945,True,A,B,1,2,A
5,42946,True,A,B,3,1,A
5,42947,True,B,A,10,1,B
5,42948,False,,,,,
5,42949,True,B,A,2,0,B
5,42950,True,B,A,2,1,B
5,42951,True,A,B,2,0,A
5,42952,True,A,B,6,1,A
5,42953,True,B,A,2,1,B
5,42954,True,A,B,2,0,A
5,42955,True,B,A,6,1,B
5,42956,True,B,A,2,0,B
5,42957,True,A,B,1,1,A
5,42958,True,B,A,1,1,B
5,42959,True,A,B,1,2,A
5,42960,True,B,A,1,1,B
5,42961,True,B,A,10,1,B
5,42962,True,B,A,2,0,B
5,42963,True,A,B,3,1,A
5,42964,True,A,B,3,1,A
5,42965,True,A,B,2,0,A
5,42966,True,B,A,2,1,B
5,42967,True,A,B,3,1,A
5,42968,True,A,B,1,1,A
5,42969,True,A,B,10,1,A
5,42970,True,B,A,1,1,B
5,42971,True,A,B,3,1,A
5,42972,True,A,B,6,1,A
5,42973,True,B,A,10,1,B
5,42974,True,A,B,1,1,A
5,42975,True,B,A,10,1,B
5,42976,True,B,A,3,1,B
5,42977,False,,,,,
5,42978,True,B,A,2,0,B
5,42979,False,,,,,
5,42980,True,B,A,2,1,B
5,42981,True,B,A,1,2,B
5,42982,True,B,A,2,1,B
5,42983,True,A,B,4,1,A
5,42984,False,,,,,
5,42985,True,B,A,2,0,B
5,42986,True,A,B,6,1,A
5,42987,True,A,B,0,1,A
5,42988,True,A,B,1,1,A
5,42989,False,,,,,
5,42990,True,A,B,4,1,A
5,42991,True,A,B,2,0,A
5,42992,True,A,B,6,1,A
5,42993,True,A,B,10,1,A
5,42994,True,A,B,2,0,A
5,42995,True,B,A,10,1,B
5,42996,True,A,B,4,1,A
5,42997,True,A,B,1,2,A
5,42998,True,A,B,1,2,A
5,42999,False,,,,,
5,43000,True,A,B,2,1,A
5,43001,True,B,A,1,2,B
5,43002,True,A,B,2,1,A
5,43003,True,A,B,2,1,A
5,43004,True,A,B,10,1,A
5,43005,True,A,B,6,1,A
5,43006,False,,,,,
5,43007,True,B,A,4,1,B
5,43008,True,B,A,1,2,B
5,43009,True,A,B,4,1,A
5,43010,True,A,B,6,1,A
5,43011,False,,,,,
5,43012,True,A,B,0,1,A
5,43013,True,B,A,10,1,B
5,43014,True,A,B,1,2,A
5,43015,True,A,B,2,1,A
5,43016,True,A,B,2,1,A
5,43017,True,A,B,2,0,A
5,43018,True,B,A,2,0,B
5,43019,True,A,B,2,0,A
5,43020,True,A,B,10,1,A
5,43021,True,A,B,1,2,A
5,43022,True,A,B,6,1,A
5,43023,True,A,B,10,1,A
5,43024,True,A,B,2,1,A
5,43025,True,A,B,4,1,A
5,43026,True,A,B,2,0,A
5,43027,True,A,B,6,1,A
5,43028,True,A,B,3,1,A
5,43029,False,,,,,
5,43030,True,A,B,3,1,A
5,43031,True,A,B,1,2,A
5,43032,True,A,B,4,1,A
5,43033,True,B,A,2,0,B
5,43034,True,A,B,1,1,A
5,43035,True,B,A,4,1,B
5,43036,False,,,,,
5,43037,True,A,B,0,1,A
5,43038,True,B,A,10,1,B
5,43039,True,A,B,2,1,A
5,43040,False,,,,,
5,43041,True,B,A,6,1,B
5,43042,False,,,,,
5,43043,True,A,B,10,1,A
5,43044,True,A,B,2,1,A
5,43045,True,A,B,3,1,A
5,43046,False,,,,,
5,43047,True,A,B,6,1,A
5,43048,True,A,B,2,1,A
5,43049,True,B,A,3,1,B
5,43050,True,A,B,10,1,A
5,43051,True,A,B,10,1,A
5,43052,True,A,B,6,1,A
5,43053,True,B,A,6,1,B
5,43054,True,A,B,0,1,A
5,43055,True,B,A,4,1,B
5,43056,True,A,B,2,1,A
5,43057,True,B,A,2,0,B
5,43058,True,B,A,10,1,B
5,43059,True,A,B,2,0,A
5,43060,True,A,B,1,2,A
5,43061,True,B,A,3,1,B
5,43062,True,B,A,2,1,B
5,43063,True,A,B,3,1,A
5,43064,True,B,A,2,0,B
5,43065,True,B,A,1,2,B
5,43066,True,B,A,6,1,B
5,43067,True,B,A,10,1,B
5,43068,True,B,A,2,1,B
5,43069,True,A,B,1,1,A
5,43070,True,B,A,10,1,B
5,43071,True,A,B,1,2,A
5,43072,True,A,B,6,1,A
5,43073,True,B,A,3,1,B
5,43074,True,A,B,10,1,A
5,43075,True,B,A,6,1,B
5,43076,True,A,B,0,1,A
5,43077,True,A,B,10,1,A
5,43078,True,B,A,3,1,B
5,43079,True,B,A,1,2,B
5,43080,True,A,B,6,1,A
5,43081,True,A,B,0,1,A
5,43082,True,A,B,4,1,A
5,43083,True,A,B,1,1,A
5,43084,True,B,A,1,2,B
5,43085,True,A,B,0,1,A
5,43086,True,B,A,3,1,B
5,43087,True,A,B,1,1,A
5,43088,True,A,B,4,1,A
5,43089,True,A,B,1,2,A
5,43090,True,B,A,10,1,B
5,43091,True,A,B,3,1,A
5,43092,True,A,B,2,1,A
5,43093,True,A,B,4,1,A
5,43094,True,A,B,2,1,A
5,43095,False,,,,,
5,43096,True,B,A,3,1,B
5,43097,True,A,B,0,1,A
5,43098,True,B,A,6,1,B
5,43099,True,B,A,6,1,B
5,43100,True,A,B,4,1,A
5,43101,True,B,A,1,1,B
5,43102,True,B,A,3,1,B
5,43103,True,B,A,1,1,B
5,43104,True,B,A,2,1,B
5,43105,True,B,A,10,1,B
5,43106,True,A,B,10,1,A
5,43107,True,A,B,2,0,A
5,43108,True,A,B,3,1,A
5,43109,True,B,A,6,1,B
5,43110,True,B,A,3,1,B
5,43111,True,A,B,4,1,A
5,43112,True,A,B,2,1,A
5,43113,True,A,B,6,1,A
5,43114,True,A,B,3,1,A
5,43115,True,A,B,1,1,A
5,43116,True,A,B,4,1,A
5,43117,True,A,B,10,1,A
5,43118,False,,,,,
5,43119,True,A,B,2,1,A
5,43120,True,A,B,4,1,A
5,43121,True,A,B,1,1,A
5,43122,True,A,B,2,1,A
5,43123,True,A,B,0,1,A
5,43124,True,A,B,6,1,A
5,43125,True,B,A,0,1,B
5,43126,True,A,B,2,0,A
5,43127,True,A,B,1,2,A
5,43128,True,B,A,6,1,B
5,43129,True,A,B,0,1,A
5,43130,True,B,A,3,1,B
5,43131,True,B,A,0,1,B
5,43132,True,B,A,4,1,B
5,43133,True,B,A,10,1,B
5,43134,True,B,A,10,1,B
5,43135,True,B,A,1,1,B
5,43136,False,,,,,
5,43137,True,B,A,3,1,B
5,43138,True,A,B,0,1,A
5,43139,False,,,,,
5,43140,True,B,A,2,1,B
5,43141,True,B,A,2,0,B
5,43142,True,B,A,1,1,B
5,43143,True,A,B,2,0,A
5,43144,True,A,B,1,1,A
5,43145,True,B,A,10,1,B
5,43146,True,A,B,2,1,A
5,43147,True,A,B,6,1,A
5,43148,True,A,B,2,0,A
5,43149,True,B,A,0,1,B
5,43150,True,A,B,2,1,A
5,43151,True,B,A,4,1,B
5,43152,True,A,B,1,2,A
5,43153,True,B,A,4,1,B
5,43154,True,A,B,1,2,A
5,43155,True,A,B,4,1,A
5,43156,True,B,A,0,1,B
5,43157,True,B,A,3,1,B
5,43158,True,B,A,3,1,B
5,43159,True,A,B,1,1,A
5,43160,True,A,B,0,1,A
5,43161,True,A,B,6,1,A
5,43162,True,A,B,2,1,A
5,43163,True,B,A,1,2,B
5,43164,True,A,B,6,1,A
5,43165,True,A,B,2,0,A
5,43166,True,B,A,2,0,B
5,43167,False,,,,,
5,43168,False,,,,,
5,43169,True,B,A,4,1,B
5,43170,True,A,B,1,2,A
5,43171,True,A,B,10,1,A
5,43172,True,A,B,2,0,A
5,43173,True,B,A,4,1,B
5,43174,True,A,B,1,2,A
5,43175,True,B,A,3,1,B
5,43176,True,A,B,4,1,A
5,43177,False,,,,,
5,43178,True,B,A,10,1,B
5,43179,True,A,B,1,1,A
5,43180,True,B,A,2,0,B
5,43181,True,A,B,1,2,A
5,43182,True,A,B,6,1,A
5,43183,True,B,A,2,0,B
5,43184,True,A,B,6,1,A
5,43185,True,B,A,2,0,B
5,43186,True,A,B,10,1,A
5,43187,False,,,,,
5,43188,True,B,A,3,1,B
5,43189,True,B,A,10,1,B
5,43190,True,A,B,2,1,A
5,43191,True,A,B,1,1,A
5,43192,True,A,B,3,1,A
5,43193,True,A,B,10,1,A
5,43194,True,B,A,1,1,B
5,43195,True,A,B,3,1,A
5,43196,False,,,,,
5,43197,True,A,B,1,1,A
5,43198,True,A,B,1,1,A
5,43199,True,A,B,6,1,A
5,43200,True,A,B,2,1,A
5,43201,True,B,A,3,1,B
5,43202,True,B,A,1,1,B
5,43203,True,A,B,6,1,A
5,43204,True,B,A,0,1,B
5,43205,True,A,B,1,1,A
5,43206,False,,,,,
5,43207,True,A,B,2,1,A
5,43208,True,A,B,6,1,A
5,43209,True,A,B,2,0,A
5,43210,True,A,B,1,1,A
5,43211,True,A,B,2,0,A
5,43212,True,B,A,6,1,B
5,43213,True,A,B,4,1,A
5,43214,True,B,A,2,1,B
5,43215,True,B,A,2,0,B
5,43216,True,B,A,1,2,B
5,43217,True,B,A,0,1,B
5,43218,True,B,A,2,0,B
5,43219,True,A,B,3,1,A
5,43220,True,A,B,1,2,A
5,43221,True,B,A,4,1,B
5,43222,True,A,B,2,0,A
5,43223,True,B,A,3,1,B
5,43224,True,A,B,0,1,A
5,43225,True,B,A,4,1,B
5,43226,True,B,A,2,1,B
5,43227,True,B,A,10,1,B
5,43228,True,B,A,1,2,B
5,43229,True,A,B,6,1,A
5,43230,True,B,A,10,1,B
5,43231,True,A,B,6,1,A
5,43232,True,B,A,6,1,B
5,43233,True,A,B,10,1,A
5,43234,True,A,B,2,0,A
5,43235,True,B,A,6,1,B
5,43236,True,A,B,2,1,A
5,43237,True,A,B,0,1,A
5,43238,True,A,B,10,1,A
5,43239,True,B,A,4,1,B
5,43240,True,A,B,3,1,A
5,43241,True,A,B,4,1,A
5,43242,True,B,A,0,1,B
5,43243,True,B,A,6,1,B
5,43244,True,B,A,3,1,B
5,43245,True,B,A,1,2,B
5,43246,True,A,B,3,1,A
5,43247,True,B,A,1,1,B
5,43248,True,A,B,4,1,A
5,43249,True,B,A,0,1,B
5,43250,True,A,B,2,0,A
5,43251,True,A,B,2,1,A
5,43252,True,A,B,2,1,A
5,43253,True,A,B,2,1,A
5,43254,True,A,B,0,1,A
5,43255,True,B,A,4,1,B
5,43256,True,A,B,0,1,A
5,43257,True,B,A,2,1,B
5,43258,True,A,B,0,1,A
5,43259,True,A,B,0,1,A
5,43260,True,A,B,4,1,A
5,43261,True,A,B,6,1,A
5,43262,True,A,B,4,1,A
5,43263,True,B,A,3,1,B
5,43264,True,A,B,3,1,A
5,43265,True,B,A,3,1,B
5,43266,True,B,A,2,1,B
5,43267,True,A,B,1,2,A
5,43268,True,B,A,1,1,B
5,43269,True,B,A,3,1,B
5,43270,True,B,A,2,0,B
5,43271,False,,,,,
5,43272,True,A,B,1,2,A
5,43273,True,B,A,4,1,B
5,43274,True,B,A,2,0,B
5,43275,True,A,B,3,1,A
5,43276,True,B,A,6,1,B
5,43277,False,,,,,
5,43278,True,A,B,2,0,A
5,43279,True,A,B,1,1,A
5,43280,True,A,B,3,1,A
5,43281,True,B,A,6,1,B
5,43282,True,B,A,2,0,B
5,43283,True,B,A,3,1,B
5,43284,True,B,A,10,1,B
5,43285,True,A,B,10,1,A
5,43286,True,B,A,0,1,B
5,43287,True,A,B,3,1,A
5,43288,True,A,B,1,2,A
5,43289,True,A,B,2,1,A
5,43290,True,B,A,10,1,B
5,43291,True,B,A,3,1,B
5,43292,True,A,B,3,1,A
5,43293,True,A,B,1,1,A
5,43294,True,B,A,4,1,B
5,43295,True,A,B,4,1,A
5,43296,True,A,B,0,1,A
5,43297,True,A,B,1,1,A
5,43298,True,B,A,10,1,B
5,43299,True,A,B,6,1,A
5,43300,True,A,B,1,1,A
5,43301,True,A,B,3,1,A
5,43302,True,A,B,10,1,A
5,43303,True,A,B,2,1,A
5,43304,True,A,B,1,1,A
5,43305,True,B,A,1,1,B
5,43306,True,A,B,1,1,A
5,43307,True,B,A,0,1,B
5,43308,True,B,A,0,1,B
5,43309,True,B,A,10,1,B
5,43310,True,A,B,0,1,A
5,43311,False,,,,,
5,43312,True,B,A,3,1,B
5,43313,True,A,B,0,1,A
5,43314,True,A,B,1,1,A
5,43315,True,A,B,3,1,A
5,43316,True,A,B,3,1,A
5,43317,True,A,B,0,1,A
5,43318,True,A,B,10,1,A
5,43319,True,A,B,3,1,A
5,43320,True,A,B,2,0,A
5,43321,True,A,B,4,1,A
5,43322,True,A,B,2,1,A
5,43323,True,A,B,4,1,A
5,43324,True,B,A,4,1,B
5,43325,True,A,B,1,2,A
5,43326,True,B,A,2,0,B
5,43327,True,A,B,0,1,A
5,43328,True,B,A,3,1,B
5,43329,True,A,B,0,1,A
5,43330,True,B,A,2,0,B
5,43331,True,A,B,4,1,A
5,43332,True,B,A,2,0,B
5,43333,True,B,A,10,1,B
5,43334,True,B,A,4,1,B
5,43335,False,,,,,
5,43336,True,A,B,1,2,A
5,43337,True,A,B,4,1,A
5,43338,True,A,B,0,1,A
5,43339,True,A,B,4,1,A
5,43340,True,A,B,6,1,A
5,43341,True,B,A,0,1,B
5,43342,True,A,B,6,1,A
5,43343,True,B,A,4,1,B
5,43344,True,A,B,1,2,A
5,43345,True,B,A,1,1,B
5,43346,True,B,A,6,1,B
5,43347,False,,,,,
5,43348,True,A,B,6,1,A
5,43349,True,B,A,2,1,B
5,43350,True,A,B,2,0,A
5,43351,True,A,B,2,1,A
5,43352,True,A,B,1,2,A
5,43353,True,A,B,1,2,A
5,43354,True,A,B,10,1,A
5,43355,False,,,,,
5,43356,True,B,A,3,1,B
5,43357,True,B,A,2,1,B
5,43358,True,B,A,1,2,B
5,43359,True,A,B,2,1,A
5,43360,True,A,B,2,1,A
5,43361,True,A,B,1,1,A
5,43362,True,B,A,10,1,B
5,43363,True,B,A,4,1,B
5,43364,True,A,B,2,1,A
5,43365,True,B,A,1,2,B
5,43366,True,B,A,4,1,B
5,43367,False,,,,,
5,43368,True,B,A,2,0,B
5,43369,True,A,B,2,1,A
5,43370,True,B,A,4,1,B
5,43371,True,B,A,0,1,B
5,43372,True,A,B,2,1,A
5,43373,True,B,A,4,1,B
5,43374,True,B,A,10,1,B
5,43375,True,B,A,1,2,B
5,43376,True,A,B,2,1,A
5,43377,False,,,,,
5,43378,True,B,A,3,1,B
5,43379,True,A,B,0,1,A
5,43380,False,,,,,
5,43381,True,B,A,1,1,B
5,43382,True,B,A,4,1,B
5,43383,True,A,B,3,1,A
5,43384,True,A,B,10,1,A
5,43385,True,B,A,1,1,B
5,43386,True,A,B,0,1,A
5,43387,True,A,B,2,1,A
5,43388,True,A,B,4,1,A
5,43389,True,A,B,6,1,A
5,43390,True,B,A,2,0,B
5,43391,True,B,A,4,1,B
5,43392,True,B,A,10,1,B
5,43393,True,B,A,2,0,B
5,43394,True,B,A,2,1,B
5,43395,True,A,B,2,0,A
5,43396,True,B,A,2,0,B
5,43397,True,A,B,10,1,A
5,43398,True,B,A,6,1,B
5,43399,True,A,B,0,1,A
5,43400,True,A,B,10,1,A
5,43401,True,A,B,6,1,A
5,43402,True,A,B,1,1,A
5,43403,True,A,B,2,0,A
5,43404,True,A,B,6,1,A
5,43405,True,A,B,2,0,A
5,43406,True,B,A,4,1,B
5,43407,False,,,,,
5,43408,True,B,A,3,1,B
5,43409,True,A,B,4,1,A
5,43410,True,A,B,3,1,A
5,43411,True,B,A,2,0,B
5,43412,False,,,,,
5,43413,True,A,B,10,1,A
5,43414,True,A,B,3,1,A
5,43415,True,A,B,1,2,A
5,43416,True,A,B,1,2,A
5,43417,True,B,A,1,1,B
5,43418,True,B,A,10,1,B
5,43419,True,B,A,2,1,B
5,43420,True,A,B,6,1,A
5,43421,True,A,B,0,1,A
5,43422,True,B,A,10,1,B
5,43423,True,A,B,1,1,A
5,43424,True,A,B,2,1,A
5,43425,True,A,B,2,1,A
5,43426,True,A,B,0,1,A
5,43427,True,B,A,0,1,B
5,43428,True,B,A,4,1,B
5,43429,True,B,A,4,1,B
5,43430,True,A,B,4,1,A
5,43431,True,B,A,2,0,B
5,43432,True,B,A,0,1,B
5,43433,True,B,A,10,1,B
5,43434,True,A,B,1,2,A
5,43435,True,A,B,0,1,A
5,43436,True,B,A,1,2,B
5,43437,True,A,B,6,1,A
5,43438,True,B,A,1,2,B
5,43439,True,B,A,2,0,B
5,43440,True,B,A,0,1,B
5,43441,True,B,A,2,1,B
5,43442,True,A,B,2,0,A
5,43443,True,A,B,3,1,A
5,43444,False,,,,,
5,43445,True,B,A,4,1,B
5,43446,False,,,,,
5,43447,True,B,A,1,1,B
5,43448,True,A,B,0,1,A
5,43449,True,A,B,10,1,A
5,43450,True,A,B,6,1,A
5,43451,True,A,B,2,0,A
5,43452,True,A,B,2,0,A
5,43453,True,A,B,10,1,A
5,43454,True,A,B,0,1,A
5,43455,True,A,B,1,1,A
5,43456,True,A,B,0,1,A
5,43457,True,A,B,2,0,A
5,43458,True,A,B,6,1,A
5,43459,True,A,B,10,1,A
5,43460,True,B,A,4,1,B
5,43461,True,A,B,2,1,A
5,43462,True,A,B,1,2,A
5,43463,True,A,B,1,1,A
5,43464,True,B,A,1,2,B
5,43465,True,A,B,2,1,A
5,43466,True,A,B,1,2,A
5,43467,True,B,A,3,1,B
5,43468,False,,,,,
5,43469,True,A,B,1,1,A
5,43470,True,A,B,6,1,A
5,43471,True,A,B,4,1,A
5,43472,True,A,B,0,1,A
5,43473,True,A,B,3,1,A
5,43474,True,A,B,2,0,A
5,43475,True,B,A,6,1,B
5,43476,True,A,B,1,2,A
5,43477,True,B,A,4,1,B
5,43478,True,B,A,1,1,B
5,43479,True,B,A,3,1,B
5,43480,True,B,A,2,0,B
5,43481,True,B,A,2,0,B
5,43482,True,B,A,1,2,B
5,43483,True,A,B,1,2,A
5,43484,True,A,B,3,1,A
5,43485,True,B,A,6,1,B
5,43486,True,B,A,4,1,B
5,43487,True,A,B,1,1,A
5,43488,True,B,A,2,0,B
5,43489,True,B,A,2,1,B
5,43490,True,B,A,6,1,B
5,43491,True,B,A,3,1,B
5,43492,True,A,B,0,1,A
5,43493,True,A,B,1,2,A
5,43494,True,B,A,1,2,B
5,43495,True,B,A,4,1,B
5,43496,True,B,A,1,2,B
5,43497,True,B,A,6,1,B
5,43498,True,A,B,1,1,A
5,43499,True,B,A,2,0,B
5,43500,True,A,B,10,1,A
5,43501,True,B,A,1,2,B
5,43502,True,B,A,1,2,B
5,43503,True,A,B,2,0,A
5,43504,True,A,B,10,1,A
5,43505,True,A,B,10,1,A
5,43506,False,,,,,
5,43507,True,A,B,0,1,A
5,43508,True,A,B,6,1,A
5,43509,True,B,A,3,1,B
5,43510,True,A,B,4,1,A
5,43511,True,A,B,1,2,A
5,43512,True,A,B,0,1,A
5,43513,True,A,B,4,1,A
5,43514,True,B,A,3,1,B
5,43515,True,A,B,1,1,A
5,43516,True,A,B,6,1,A
5,43517,True,A,B,1,1,A
5,43518,True,A,B,10,1,A
5,43519,True,A,B,3,1,A
5,43520,False,,,,,
5,43521,True,B,A,2,0,B
5,43522,True,B,A,2,1,B
5,43523,True,A,B,1,1,A
5,43524,False,,,,,
5,43525,True,A,B,1,1,A
5,43526,True,A,B,6,1,A
5,43527,True,A,B,4,1,A
5,43528,True,B,A,1,1,B
5,43529,True,B,A,2,1,B
5,43530,True,A,B,2,0,A
5,43531,True,B,A,1,1,B
5,43532,True,A,B,3,1,A
5,43533,True,B,A,4,1,B
5,43534,True,A,B,2,0,A
5,43535,True,B,A,1,1,B
5,43536,False,,,,,
5,43537,True,B,A,6,1,B
5,43538,True,A,B,0,1,A
5,43539,True,A,B,0,1,A
5,43540,True,A,B,0,1,A
5,43541,True,A,B,4,1,A
5,43542,True,A,B,10,1,A
5,43543,True,A,B,0,1,A
5,43544,True,A,B,3,1,A
5,43545,True,A,B,2,0,A
5,43546,True,A,B,2,1,A
5,43547,True,A,B,4,1,A
5,43548,True,A,B,1,1,A
5,43549,True,A,B,4,1,A
5,43550,True,A,B,2,0,A
