stage,episode,total_reward,actor_loss,critic_loss
1,1,27.0,6.556175708770752,106.7179946899414
1,2,15.0,4.4188642501831055,49.54070281982422
1,3,23.0,5.830619812011719,86.1417465209961
1,4,23.0,5.768148899078369,85.10614776611328
1,5,73.0,9.955825805664062,232.1340789794922
1,6,15.0,4.2212233543396,47.19559860229492
1,7,12.0,3.5867340564727783,33.975616455078125
1,8,12.0,3.4727766513824463,33.07212448120117
1,9,19.0,4.798913955688477,61.8325080871582
1,10,24.0,5.358383655548096,80.03683471679688
1,11,10.0,2.8263003826141357,23.595027923583984
1,12,14.0,3.515414237976074,37.41453170776367
1,13,17.0,3.817448854446411,47.04592514038086
1,14,14.0,3.1344528198242188,34.855552673339844
1,15,21.0,3.6153388023376465,56.756587982177734
1,16,17.0,3.085989475250244,42.99180603027344
1,17,17.0,2.537548542022705,41.685604095458984
1,18,11.0,1.8109854459762573,22.074281692504883
1,19,14.0,1.8263691663742065,31.605222702026367
1,20,13.0,2.0756399631500244,28.347322463989258
1,21,42.0,1.0939087867736816,112.43238067626953
1,22,34.0,1.8633676767349243,84.35025024414062
1,23,18.0,1.9538142681121826,40.4215202331543
1,24,11.0,1.3105669021606445,20.49459457397461
1,25,10.0,1.18135666847229,17.518285751342773
1,26,12.0,1.9148333072662354,22.84398078918457
1,27,12.0,1.5069133043289185,21.962997436523438
1,28,17.0,2.1574866771698,33.76141357421875
1,29,25.0,3.1322250366210938,51.799259185791016
1,30,12.0,1.4336974620819092,20.948780059814453
1,31,35.0,4.103862285614014,69.14059448242188
1,32,43.0,4.7912983894348145,80.7194595336914
1,33,17.0,1.823063611984253,32.35382080078125
1,34,25.0,2.670531749725342,45.17392349243164
1,35,13.0,1.1582270860671997,22.18703842163086
1,36,13.0,0.792887806892395,22.743255615234375
1,37,25.0,2.3345589637756348,40.649410247802734
1,38,18.0,1.3773611783981323,29.13614273071289
1,39,9.0,0.4130419194698334,13.92898941040039
1,40,13.0,0.6916176080703735,19.266368865966797
1,41,14.0,1.0247900485992432,19.609657287597656
1,42,45.0,6.760231018066406,108.25756072998047
1,43,15.0,1.5654486417770386,19.30158805847168
1,44,15.0,1.6270970106124878,18.411252975463867
1,45,22.0,3.452235221862793,35.17854690551758
1,46,34.0,6.007767200469971,83.70381927490234
1,47,13.0,1.0660455226898193,14.103067398071289
1,48,15.0,1.5043529272079468,15.396957397460938
1,49,20.0,2.7587392330169678,24.76116943359375
1,50,18.0,2.047431230545044,18.510011672973633
1,51,35.0,5.619802474975586,74.30659484863281
1,52,24.0,2.98370623588562,27.52155113220215
1,53,13.0,-0.3442641794681549,14.617101669311523
1,54,32.0,3.7391090393066406,40.127986907958984
1,55,15.0,-0.5485742688179016,17.029003143310547
1,56,37.0,3.627577066421509,42.197574615478516
1,57,13.0,-1.6223782300949097,25.16238021850586
1,58,15.0,-1.2008681297302246,21.321876525878906
1,59,30.0,1.846559762954712,23.274789810180664
1,60,17.0,-0.8036482930183411,18.448688507080078
1,61,12.0,-1.9602168798446655,26.94037437438965
1,62,26.0,1.3736368417739868,17.573745727539062
1,63,44.0,4.3158955574035645,54.573638916015625
1,64,14.0,-1.3403229713439941,19.250234603881836
1,65,10.0,-2.3257954120635986,28.872549057006836
1,66,17.0,-0.3696349859237671,12.500436782836914
1,67,15.0,-0.6176759600639343,12.488286972045898
1,68,39.0,5.048404216766357,63.58525848388672
1,69,15.0,-0.10882267355918884,9.283955574035645
1,70,14.0,-0.24942712485790253,9.005772590637207
1,71,17.0,1.1520954370498657,8.948396682739258
1,72,26.0,3.9476466178894043,37.17753601074219
1,73,22.0,2.985945701599121,23.076412200927734
1,74,26.0,4.074138641357422,39.27538299560547
1,75,20.0,2.3263752460479736,16.021154403686523
1,76,10.0,-1.3880947828292847,13.631093978881836
1,77,32.0,4.90350866317749,58.64067840576172
1,78,17.0,1.1315597295761108,8.368398666381836
1,79,45.0,6.399758815765381,97.50016784667969
1,80,14.0,-0.21916727721691132,7.8916521072387695
1,81,18.0,0.854067862033844,8.4282865524292
1,82,22.0,1.6849445104599,13.660672187805176
1,83,21.0,1.1265839338302612,10.552754402160645
1,84,17.0,-0.22302104532718658,8.706387519836426
1,85,24.0,1.344222068786621,12.337058067321777
1,86,17.0,-0.7121649384498596,10.32465934753418
1,87,22.0,0.5102136731147766,9.367496490478516
1,88,39.0,3.575085163116455,40.617271423339844
1,89,36.0,3.020183801651001,30.83530616760254
1,90,19.0,-0.9928451180458069,10.623312950134277
1,91,42.0,3.5253641605377197,38.967857360839844
1,92,22.0,-0.5717138648033142,9.580397605895996
1,93,16.0,-2.6935205459594727,27.699739456176758
1,94,19.0,-1.5774316787719727,15.375471115112305
1,95,28.0,1.0836858749389648,10.47089958190918
1,96,19.0,-1.387346625328064,13.424592018127441
1,97,10.0,-4.555080413818359,59.40633010864258
1,98,50.0,4.8561811447143555,68.34063720703125
1,99,10.0,-4.250467300415039,61.38164520263672
1,100,22.0,0.3382459878921509,6.564226150512695
1,101,19.0,-0.39144477248191833,6.7091827392578125
1,102,16.0,-1.1711750030517578,9.439424514770508
1,103,11.0,-2.845567464828491,26.166486740112305
1,104,25.0,2.673504590988159,20.071683883666992
1,105,60.0,8.58210277557373,162.6626739501953
1,106,33.0,5.073707580566406,60.78313446044922
1,107,24.0,2.920356273651123,21.755807876586914
1,108,19.0,1.227783203125,6.733724117279053
1,109,15.0,-0.4116472005844116,5.292393684387207
1,110,23.0,2.340932607650757,15.501593589782715
1,111,10.0,-2.532811164855957,22.122241973876953
1,112,16.0,-0.033969029784202576,4.729765892028809
1,113,16.0,0.08909324556589127,4.509067058563232
1,114,21.0,1.8688864707946777,10.859000205993652
1,115,51.0,6.656129360198975,112.75325775146484
1,116,23.0,2.4268581867218018,16.47077178955078
1,117,40.0,4.9455084800720215,71.37370300292969
1,118,61.0,6.702780246734619,118.06571197509766
1,119,21.0,1.2657299041748047,8.603042602539062
1,120,19.0,0.44538283348083496,5.962791442871094
1,121,31.0,2.543762445449829,26.10648536682129
1,122,21.0,0.37221550941467285,7.200038433074951
1,123,20.0,-0.18414579331874847,7.233792781829834
1,124,15.0,-1.930301547050476,15.08655071258545
1,125,18.0,-0.9455656409263611,8.853635787963867
1,126,17.0,-1.1569600105285645,9.629191398620605
1,127,35.0,2.9357314109802246,29.838022232055664
1,128,13.0,-2.419565200805664,20.729658126831055
1,129,11.0,-3.239262580871582,29.500553131103516
1,130,31.0,2.8870954513549805,25.264440536499023
1,131,37.0,4.0162034034729,43.05604553222656
1,132,44.0,4.62929105758667,61.36595153808594
1,133,23.0,1.1079668998718262,7.684208869934082
1,134,26.0,1.6565967798233032,11.928442001342773
1,135,27.0,1.572745442390442,12.273826599121094
1,136,14.0,-2.3893542289733887,20.381282806396484
1,137,16.0,-1.9140137434005737,15.655986785888672
1,138,18.0,-1.3704123497009277,10.8903226852417
1,139,29.0,1.3628908395767212,12.300030708312988
1,140,36.0,2.422006845474243,24.659996032714844
1,141,15.0,-2.6804864406585693,22.06619644165039
1,142,13.0,-3.350351572036743,32.219627380371094
1,143,33.0,1.7476390600204468,17.481624603271484
1,144,19.0,-1.275216817855835,10.716402053833008
1,145,17.0,-1.8020306825637817,14.45380687713623
1,146,22.0,-0.20107512176036835,6.433282375335693
1,147,27.0,1.1491721868515015,9.767757415771484
1,148,12.0,-3.1251025199890137,29.379213333129883
1,149,26.0,1.220562219619751,9.338369369506836
1,150,16.0,-1.5761486291885376,11.17164421081543
1,151,46.0,4.585525035858154,59.36884689331055
1,152,14.0,-2.0527443885803223,15.369423866271973
1,153,35.0,3.428638219833374,33.91196060180664
1,154,21.0,0.39986491203308105,4.834950923919678
1,155,9.0,-3.892967462539673,41.16324234008789
1,156,20.0,0.23967930674552917,4.295228004455566
1,157,12.0,-2.5606276988983154,19.78948974609375
1,158,16.0,-0.8203467726707458,5.787839889526367
1,159,16.0,-0.6326310038566589,4.674652576446533
1,160,30.0,3.66853928565979,33.9078483581543
1,161,9.0,-3.074648857116699,26.216264724731445
1,162,14.0,-0.7291526794433594,4.53351354598999
1,163,49.0,6.935667037963867,120.9895248413086
1,164,28.0,4.128561019897461,40.659725189208984
1,165,20.0,2.173016309738159,11.86648178100586
1,166,16.0,0.7334352731704712,3.287694215774536
1,167,28.0,4.311453819274902,42.59933853149414
1,168,43.0,6.493880748748779,101.94327545166016
1,169,11.0,-1.6035808324813843,9.241349220275879
1,170,15.0,0.02675965428352356,2.6452643871307373
1,171,15.0,0.06858254969120026,2.5834243297576904
1,172,43.0,6.224949836730957,95.02649688720703
1,173,14.0,-0.2663469910621643,2.77392315864563
1,174,33.0,4.816142559051514,57.32838821411133
1,175,18.0,1.272969126701355,5.81580114364624
1,176,11.0,-1.5050193071365356,8.180697441101074
1,177,35.0,4.944960594177246,62.501991271972656
1,178,13.0,-0.6461920738220215,3.566159725189209
1,179,28.0,3.618875741958618,34.812782287597656
1,180,31.0,4.034597396850586,44.023075103759766
1,181,26.0,3.0573792457580566,25.817529678344727
1,182,46.0,5.53953218460083,84.28599548339844
1,183,24.0,2.230992317199707,16.391157150268555
1,184,21.0,1.2583229541778564,8.281960487365723
1,185,14.0,-1.1351165771484375,6.627053260803223
1,186,11.0,-2.3590447902679443,16.265714645385742
1,187,23.0,0.9857954978942871,9.485355377197266
1,188,28.0,1.727583408355713,17.421632766723633
1,189,20.0,-0.12523455917835236,6.5512566566467285
1,190,27.0,1.1327028274536133,13.42927074432373
1,191,22.0,0.07322755455970764,7.483946323394775
1,192,11.0,-3.4114460945129395,31.014612197875977
1,193,32.0,1.690331220626831,18.46773338317871
1,194,25.0,0.35027217864990234,8.51082992553711
1,195,54.0,3.9247379302978516,52.66341018676758
1,196,17.0,-2.0097994804382324,14.397750854492188
1,197,15.0,-2.7679712772369385,22.273422241210938
1,198,15.0,-2.8559043407440186,22.773103713989258
1,199,45.0,3.2167482376098633,37.928916931152344
1,200,38.0,2.381863594055176,24.103384017944336
1,201,11.0,-4.143733024597168,44.17771530151367
1,202,21.0,-0.9692955613136292,7.20292329788208
1,203,17.0,-2.0067505836486816,13.94780158996582
1,204,18.0,-1.5507986545562744,10.099282264709473
1,205,17.0,-1.7024154663085938,10.281986236572266
1,206,18.0,-1.0240364074707031,6.385611057281494
1,207,19.0,-0.4198102056980133,4.015359878540039
1,208,16.0,-0.9981275796890259,5.3336639404296875
1,209,40.0,4.778125762939453,58.88291549682617
1,210,14.0,-1.0766339302062988,5.073527812957764
1,211,16.0,-0.05783236399292946,2.20034122467041
1,212,13.0,-0.9356932044029236,3.9966537952423096
1,213,20.0,2.0383260250091553,10.948246955871582
1,214,18.0,1.5776175260543823,7.038714408874512
1,215,13.0,-0.26672443747520447,1.852325439453125
1,216,13.0,-0.021805910393595695,1.511466383934021
1,217,9.0,-1.7061796188354492,8.00730037689209
1,218,31.0,5.67302131652832,75.5372085571289
1,219,21.0,3.596728801727295,28.911197662353516
1,220,17.0,2.326846122741699,12.736053466796875
1,221,11.0,-0.03733529523015022,0.98820960521698
1,222,22.0,4.134119033813477,38.47481155395508
1,223,15.0,1.8913427591323853,8.220934867858887
1,224,35.0,6.70003080368042,105.54756927490234
1,225,23.0,4.234165668487549,41.35387420654297
1,226,25.0,4.73687219619751,51.20979690551758
1,227,15.0,1.6348841190338135,6.6039252281188965
1,228,11.0,-0.229115292429924,1.2279857397079468
1,229,16.0,1.7172449827194214,7.73856258392334
1,230,18.0,2.2918667793273926,13.008687019348145
1,231,23.0,3.462923526763916,29.506200790405273
1,232,11.0,-0.6492470502853394,2.3728747367858887
1,233,15.0,0.8779846429824829,3.2291007041931152
1,234,18.0,1.65176260471344,8.046492576599121
1,235,12.0,-0.6885274648666382,2.7434065341949463
1,236,21.0,2.1870107650756836,13.865983009338379
1,237,37.0,4.798111438751221,62.20827102661133
1,238,12.0,-0.901117742061615,4.12118673324585
1,239,16.0,0.22769220173358917,2.716463088989258
1,240,10.0,-1.9137858152389526,10.3797025680542
1,241,20.0,1.2192704677581787,6.891458988189697
1,242,42.0,4.845704078674316,65.73756408691406
1,243,29.0,2.9372570514678955,26.892765045166016
1,244,16.0,-0.2403208464384079,3.041518211364746
1,245,14.0,-1.2117618322372437,5.85858154296875
1,246,14.0,-1.3534352779388428,6.517710208892822
1,247,12.0,-1.9804441928863525,11.353655815124512
1,248,14.0,-1.156043291091919,5.324821949005127
1,249,28.0,2.597299814224243,21.994401931762695
1,250,12.0,-1.7938225269317627,8.854850769042969
1,251,14.0,-0.8045397400856018,3.4773147106170654
1,252,22.0,1.5619144439697266,10.279253005981445
1,253,13.0,-0.879313051700592,3.3986332416534424
1,254,22.0,1.7372803688049316,11.627656936645508
1,255,19.0,1.2457847595214844,6.424003601074219
1,256,17.0,0.7131644487380981,3.332404136657715
1,257,27.0,2.8577256202697754,24.994855880737305
1,258,15.0,-0.21186798810958862,1.8936642408370972
1,259,18.0,0.7058420181274414,3.749143362045288
1,260,19.0,0.811913788318634,4.561766624450684
1,261,16.0,-0.2560110092163086,2.070500135421753
1,262,11.0,-2.0993731021881104,11.728838920593262
1,263,16.0,-0.46272730827331543,2.200782299041748
1,264,13.0,-1.6256157159805298,6.3935699462890625
1,265,14.0,-0.9037286639213562,3.1360208988189697
1,266,14.0,-0.9489440321922302,2.902358055114746
1,267,11.0,-1.826292634010315,8.983951568603516
1,268,21.0,1.8434112071990967,10.259483337402344
1,269,19.0,1.5073906183242798,6.473301887512207
1,270,33.0,4.448739051818848,51.905982971191406
1,271,43.0,5.599062919616699,85.21635437011719
1,272,21.0,2.1108546257019043,11.921730041503906
1,273,24.0,2.5820958614349365,19.944332122802734
1,274,10.0,-2.434964179992676,13.066397666931152
1,275,25.0,2.774876117706299,21.126279830932617
1,276,13.0,-0.8698412775993347,2.999398946762085
1,277,20.0,1.2894757986068726,6.547191619873047
1,278,18.0,0.6460854411125183,2.9295973777770996
1,279,22.0,1.78738272190094,9.794156074523926
1,280,51.0,5.534505844116211,83.3609390258789
1,281,9.0,-3.6543874740600586,28.22855567932129
1,282,15.0,-1.0724928379058838,4.022433280944824
1,283,11.0,-2.4575533866882324,16.17413330078125
1,284,12.0,-2.247361183166504,12.520379066467285
1,285,12.0,-1.9509615898132324,10.315911293029785
1,286,16.0,-0.5016545057296753,2.4737496376037598
1,287,26.0,2.2123935222625732,17.063379287719727
1,288,15.0,-0.48517006635665894,2.0311875343322754
1,289,26.0,2.2743687629699707,18.77803611755371
1,290,12.0,-1.5782352685928345,5.918112277984619
1,291,16.0,0.16874057054519653,1.7569884061813354
1,292,17.0,0.5851391553878784,2.5480029582977295
1,293,17.0,0.5303459763526917,2.3371293544769287
1,294,17.0,0.4810747504234314,2.1652400493621826
1,295,13.0,-0.9029096961021423,3.0271658897399902
1,296,27.0,3.0145602226257324,24.991228103637695
1,297,20.0,1.1542645692825317,5.160156726837158
1,298,10.0,-2.9949846267700195,18.11332893371582
1,299,23.0,1.7338738441467285,10.246438980102539
1,300,57.0,6.176003932952881,98.56065368652344
1,301,29.0,2.8466365337371826,24.33428382873535
1,302,41.0,4.351162910461426,54.52939987182617
1,303,16.0,-1.1272077560424805,4.320968151092529
1,304,18.0,-0.582308828830719,2.4194984436035156
1,305,21.0,0.1991427093744278,2.5154542922973633
1,306,29.0,2.0072131156921387,14.477869033813477
1,307,23.0,0.5648615956306458,3.490433931350708
1,308,11.0,-4.006785869598389,37.02764892578125
1,309,41.0,3.347041606903076,36.243736267089844
1,310,35.0,2.260094404220581,20.752029418945312
1,311,14.0,-3.4127821922302246,27.340425491333008
1,312,13.0,-3.910290241241455,35.98891067504883
1,313,16.0,-2.9602479934692383,20.853273391723633
1,314,9.0,-5.618569374084473,70.857177734375
1,315,10.0,-5.061582088470459,58.59952163696289
1,316,13.0,-3.664665460586548,31.558956146240234
1,317,14.0,-3.0542802810668945,22.088186264038086
1,318,14.0,-2.803574323654175,18.317018508911133
1,319,19.0,-0.6421379446983337,2.8002607822418213
1,320,22.0,0.656150758266449,3.134124994277954
1,321,12.0,-2.6510932445526123,16.511981964111328
1,322,13.0,-1.9370214939117432,9.017834663391113
1,323,15.0,-0.8870658278465271,2.690748453140259
1,324,20.0,1.1754333972930908,4.590637683868408
1,325,19.0,1.1103097200393677,3.8998520374298096
1,326,43.0,5.599217891693115,81.1100845336914
1,327,21.0,1.8875552415847778,9.421067237854004
1,328,9.0,-2.606340169906616,15.23586654663086
1,329,22.0,2.264920473098755,13.140414237976074
1,330,10.0,-2.1676928997039795,10.52033519744873
1,331,14.0,-0.3074364960193634,0.9027732610702515
1,332,25.0,3.1043334007263184,24.439529418945312
1,333,25.0,3.1081669330596924,24.700632095336914
1,334,37.0,5.088687419891357,67.02642059326172
1,335,19.0,1.4770385026931763,6.347126483917236
1,336,20.0,1.659050703048706,8.012678146362305
1,337,14.0,-0.5107035636901855,1.5030888319015503
1,338,20.0,1.3905057907104492,6.515047073364258
1,339,29.0,3.320162534713745,30.654170989990234
1,340,56.0,6.151921272277832,99.6456527709961
1,341,13.0,-1.396618127822876,5.359437942504883
1,342,39.0,4.223911285400391,51.52058792114258
1,343,17.0,-0.25218549370765686,2.0859029293060303
1,344,19.0,0.2302291989326477,2.8176968097686768
1,345,15.0,-1.1205116510391235,4.292624473571777
1,346,24.0,1.3123420476913452,8.469514846801758
1,347,17.0,-0.6574438214302063,2.868169069290161
1,348,13.0,-2.0800459384918213,10.739189147949219
1,349,12.0,-2.4437484741210938,14.004589080810547
1,350,16.0,-0.9542770385742188,3.3996078968048096
1,351,46.0,4.643002510070801,62.93385696411133
1,352,21.0,0.7935395240783691,4.122052192687988
1,353,13.0,-1.813406229019165,7.971823692321777
1,354,25.0,1.7886995077133179,11.812854766845703
1,355,18.0,-0.07219169288873672,1.6260448694229126
1,356,21.0,0.8298424482345581,4.142777919769287
1,357,13.0,-1.942742943763733,8.697277069091797
1,358,15.0,-1.1136014461517334,3.6490135192871094
1,359,20.0,0.6636560559272766,2.627316951751709
1,360,29.0,2.8165242671966553,23.325288772583008
1,361,14.0,-1.5204975605010986,5.819836616516113
1,362,24.0,1.7183094024658203,9.70688533782959
1,363,17.0,-0.31822770833969116,1.0771074295043945
1,364,15.0,-1.0488104820251465,2.9588963985443115
1,365,37.0,4.138607025146484,48.42155075073242
1,366,25.0,2.0257890224456787,12.573918342590332
1,367,17.0,-0.2534937858581543,0.8197590112686157
1,368,31.0,3.2286484241485596,30.058338165283203
1,369,26.0,2.1632766723632812,14.596817970275879
1,370,18.0,-0.1468617469072342,0.8894205689430237
1,371,18.0,-0.1739068627357483,0.9052772521972656
1,372,16.0,-0.8073793649673462,1.9272077083587646
1,373,36.0,4.041028022766113,44.9217414855957
1,374,11.0,-3.0538434982299805,20.706506729125977
1,375,30.0,3.1002392768859863,27.375289916992188
1,376,10.0,-3.5225071907043457,26.614870071411133
1,377,23.0,1.6069303750991821,8.069872856140137
1,378,26.0,2.4070260524749756,16.096420288085938
1,379,31.0,3.21147084236145,30.471351623535156
1,380,16.0,-0.7138844132423401,1.4818859100341797
1,381,42.0,4.66259765625,60.583919525146484
1,382,18.0,-0.06994868069887161,0.8281010389328003
1,383,37.0,3.8279688358306885,43.56135177612305
1,384,15.0,-1.321352481842041,4.207731246948242
1,385,20.0,0.39486655592918396,1.7218267917633057
1,386,17.0,-0.6881464719772339,1.6035774946212769
1,387,13.0,-2.4331088066101074,13.010278701782227
1,388,11.0,-3.2508246898651123,23.915956497192383
1,389,49.0,5.1870598793029785,73.39661407470703
1,390,10.0,-3.3782413005828857,24.531063079833984
1,391,20.0,0.558961033821106,2.1001901626586914
1,392,29.0,2.635165214538574,21.87392807006836
1,393,13.0,-1.9486608505249023,8.75110149383545
1,394,27.0,2.329073429107666,16.441850662231445
1,395,35.0,3.503512382507324,38.27135467529297
1,396,22.0,0.942186176776886,4.3468122482299805
1,397,15.0,-1.335822343826294,4.645259380340576
1,398,10.0,-3.422194719314575,24.887069702148438
1,399,25.0,1.4217674732208252,8.825942039489746
1,400,18.0,-0.4231066107749939,1.4449551105499268
1,401,16.0,-1.0837469100952148,3.1980700492858887
1,402,27.0,1.9597409963607788,13.460037231445312
1,403,36.0,3.2982842922210693,36.109619140625
1,404,15.0,-1.4225860834121704,4.824658393859863
1,405,10.0,-3.4178197383880615,22.832380294799805
1,406,13.0,-2.130831241607666,10.292983055114746
1,407,15.0,-1.1996580362319946,3.689380407333374
1,408,46.0,4.914410591125488,66.81015014648438
1,409,20.0,0.6138087511062622,3.061554431915283
1,410,17.0,-0.24865441024303436,1.500983715057373
1,411,13.0,-1.6889634132385254,7.191284656524658
1,412,21.0,1.1772899627685547,5.597203731536865
1,413,11.0,-2.3723340034484863,13.320432662963867
1,414,31.0,3.3551135063171387,33.20999526977539
1,415,54.0,5.886679649353027,93.4345932006836
1,416,16.0,-0.10592848062515259,0.7172967791557312
1,417,38.0,4.132556915283203,54.94287872314453
1,418,16.0,-0.014588854275643826,0.7118785977363586
1,419,33.0,3.6552376747131348,39.365562438964844
1,420,18.0,0.38249659538269043,1.6450339555740356
1,421,14.0,-1.1304460763931274,3.4952714443206787
1,422,17.0,0.04051012545824051,0.7767238020896912
1,423,23.0,1.604557752609253,9.185881614685059
1,424,20.0,0.8382160663604736,3.0483791828155518
1,425,53.0,5.531720161437988,85.35920715332031
1,426,22.0,0.9158430695533752,4.170055389404297
1,427,16.0,-1.215013861656189,3.488434076309204
1,428,12.0,-2.899261713027954,18.3498477935791
1,429,19.0,-0.42736583948135376,1.181787133216858
1,430,25.0,1.2736847400665283,6.700526714324951
1,431,24.0,0.988379716873169,4.437366008758545
1,432,18.0,-1.129970669746399,3.4276328086853027
1,433,34.0,2.5381455421447754,24.39306640625
1,434,14.0,-2.8144869804382324,16.25327491760254
1,435,10.0,-4.752391815185547,50.013946533203125
1,436,9.0,-4.837690830230713,46.78026580810547
1,437,16.0,-1.8203688859939575,7.810708522796631
1,438,12.0,-3.3746590614318848,22.981151580810547
1,439,13.0,-2.6770453453063965,14.18055534362793
1,440,14.0,-2.0656309127807617,10.220080375671387
1,441,27.0,2.4675092697143555,16.973188400268555
1,442,17.0,-0.2874393165111542,0.6744211912155151
1,443,24.0,1.9636578559875488,11.815366744995117
1,444,19.0,0.715949535369873,2.0631635189056396
1,445,20.0,1.081400752067566,3.991046905517578
1,446,12.0,-1.7632014751434326,6.887475967407227
1,447,27.0,2.9012277126312256,23.360456466674805
1,448,16.0,-0.14852304756641388,0.44333115220069885
1,449,33.0,4.062912940979004,44.91474914550781
1,450,18.0,0.5754706263542175,1.524275302886963
1,451,35.0,4.118013858795166,49.162872314453125
1,452,23.0,1.8098530769348145,10.385123252868652
1,453,18.0,0.2946707010269165,0.9867203831672668
1,454,14.0,-1.4143561124801636,3.790665626525879
1,455,14.0,-1.5312635898590088,4.290794372558594
1,456,11.0,-2.6649160385131836,15.363598823547363
1,457,11.0,-2.863032102584839,19.5169620513916
1,458,17.0,-0.1953911930322647,0.7191711068153381
1,459,29.0,3.033595085144043,25.226688385009766
1,460,34.0,3.9518210887908936,40.63212966918945
1,461,41.0,4.468539714813232,61.16425323486328
1,462,18.0,0.20579548180103302,0.9245340824127197
1,463,28.0,2.416332483291626,19.476360321044922
1,464,41.0,4.204880714416504,53.87948226928711
1,465,12.0,-2.5049221515655518,13.75582218170166
1,466,10.0,-3.7844040393829346,32.29463195800781
1,467,14.0,-2.063498020172119,10.276004791259766
1,468,15.0,-1.535475730895996,6.2428412437438965
1,469,17.0,-0.6118531823158264,1.677428126335144
1,470,11.0,-3.1736650466918945,21.89747428894043
1,471,71.0,6.337571620941162,107.04190826416016
1,472,29.0,2.6893084049224854,22.181859970092773
1,473,17.0,-0.15940847992897034,1.0222721099853516
1,474,15.0,-0.8325207233428955,2.1539454460144043
1,475,47.0,4.79349946975708,70.77458953857422
1,476,29.0,2.806079626083374,25.309707641601562
1,477,37.0,3.8694188594818115,46.7097282409668
1,478,19.0,0.4153493046760559,2.135012149810791
1,479,37.0,3.683216094970703,43.3040657043457
1,480,32.0,2.70729923248291,28.260412216186523
1,481,15.0,-1.3145909309387207,4.767978191375732
1,482,11.0,-3.1496527194976807,22.38770866394043
1,483,17.0,-0.7748808264732361,2.5424790382385254
1,484,12.0,-2.531355142593384,13.661624908447266
1,485,21.0,0.4986850619316101,3.7118682861328125
1,486,19.0,-0.11507219821214676,1.964974284172058
1,487,11.0,-2.9991118907928467,21.084165573120117
1,488,30.0,2.400665044784546,21.53894805908203
1,489,17.0,-0.5117542147636414,1.4641551971435547
1,490,15.0,-1.2951207160949707,4.143400192260742
1,491,16.0,-0.7413969039916992,1.7454251050949097
1,492,33.0,3.3361423015594482,35.51412582397461
1,493,14.0,-1.3310168981552124,4.005017280578613
1,494,12.0,-1.8639583587646484,7.190075397491455
1,495,10.0,-2.8298192024230957,17.21999168395996
1,496,36.0,4.351072311401367,54.85325622558594
1,497,17.0,0.6430995464324951,1.6184028387069702
1,498,24.0,2.5208547115325928,18.72643280029297
1,499,9.0,-2.648573160171509,13.978516578674316
1,500,14.0,-0.46337735652923584,0.6786471009254456
1,501,28.0,3.5442049503326416,34.558021545410156
1,502,18.0,1.174101710319519,4.1886820793151855
1,503,15.0,0.12787051498889923,0.4666185677051544
1,504,17.0,0.8427200317382812,2.2662441730499268
1,505,15.0,0.015916069969534874,0.37179768085479736
1,506,13.0,-0.9109553098678589,1.920772671699524
1,507,14.0,-0.4789295196533203,0.7136659622192383
1,508,11.0,-1.8723394870758057,7.5420637130737305
1,509,39.0,5.080352306365967,72.09071350097656
1,510,14.0,-0.3655678927898407,0.4271753430366516
1,511,27.0,3.453176259994507,32.4426383972168
1,512,36.0,4.923220634460449,65.29850769042969
1,513,27.0,3.411651372909546,32.25575637817383
1,514,25.0,3.0043482780456543,24.61161231994629
1,515,15.0,0.09605751186609268,0.24722017347812653
1,516,34.0,4.422567844390869,51.584388732910156
1,517,31.0,3.655653238296509,38.622337341308594
1,518,27.0,2.832637310028076,23.4000186920166
1,519,10.0,-2.907498836517334,19.949542999267578
1,520,29.0,2.8359017372131348,24.56404685974121
1,521,23.0,1.3254066705703735,7.551120758056641
1,522,24.0,1.2762254476547241,8.112821578979492
1,523,44.0,3.809511661529541,50.98589324951172
1,524,12.0,-3.1521620750427246,22.136137008666992
1,525,19.0,-0.8252175450325012,3.015756845474243
1,526,16.0,-1.945479393005371,8.990884780883789
1,527,24.0,0.259815514087677,4.885335922241211
1,528,9.0,-4.961588382720947,49.07514953613281
1,529,44.0,3.037511110305786,38.19774627685547
1,530,29.0,1.057310938835144,10.489279747009277
1,531,12.0,-3.8034536838531494,33.75520706176758
1,532,57.0,3.885725975036621,53.4848747253418
1,533,18.0,-1.9217976331710815,9.329662322998047
1,534,33.0,1.2779510021209717,14.609808921813965
1,535,35.0,1.4258524179458618,17.021991729736328
1,536,15.0,-3.192847490310669,23.762577056884766
1,537,17.0,-2.5914371013641357,16.212604522705078
1,538,17.0,-2.58007550239563,15.664169311523438
1,539,21.0,-1.2751376628875732,6.765951633453369
1,540,21.0,-1.204604983329773,5.83521032333374
1,541,26.0,0.16097089648246765,5.1950154304504395
1,542,18.0,-1.733129620552063,8.366543769836426
1,543,12.0,-3.7480363845825195,31.229463577270508
1,544,10.0,-4.307328224182129,41.989288330078125
1,545,33.0,2.269266128540039,20.510244369506836
1,546,22.0,0.24272826313972473,2.578036308288574
1,547,28.0,1.6804604530334473,12.194064140319824
1,548,29.0,1.9781051874160767,14.309066772460938
1,549,17.0,-1.2354698181152344,3.9600937366485596
1,550,11.0,-3.5786454677581787,27.864194869995117
1,551,36.0,3.2797160148620605,33.26567840576172
1,552,25.0,1.2795933485031128,6.705560684204102
1,553,27.0,1.6800687313079834,10.466682434082031
1,554,29.0,2.002452850341797,14.025520324707031
1,555,28.0,1.673951268196106,10.834247589111328
1,556,19.0,-0.8442680835723877,2.426600933074951
1,557,35.0,2.6258184909820557,23.429948806762695
1,558,12.0,-3.7981724739074707,31.48122215270996
1,559,47.0,3.890821933746338,46.90277862548828
1,560,11.0,-4.458785057067871,42.07966613769531
1,561,17.0,-2.1383020877838135,10.856562614440918
1,562,13.0,-3.5958750247955322,28.54836082458496
1,563,12.0,-3.8717989921569824,33.19489669799805
1,564,40.0,3.0029075145721436,31.71421241760254
1,565,31.0,1.7153875827789307,13.155828475952148
1,566,17.0,-1.7856335639953613,7.886298656463623
1,567,22.0,-0.21547244489192963,2.7190604209899902
1,568,13.0,-3.0903379917144775,21.21626091003418
1,569,33.0,2.3757426738739014,19.623043060302734
1,570,15.0,-2.1004486083984375,9.940919876098633
1,571,41.0,3.6139156818389893,40.67177200317383
1,572,17.0,-1.175187110900879,4.158163547515869
1,573,12.0,-2.9919090270996094,19.049631118774414
1,574,34.0,2.908193588256836,27.779939651489258
1,575,14.0,-1.8971058130264282,8.696038246154785
1,576,26.0,1.6918156147003174,10.734909057617188
1,577,12.0,-2.567546844482422,13.699529647827148
1,578,25.0,1.6667158603668213,10.107389450073242
1,579,16.0,-0.8538795113563538,2.7180674076080322
1,580,23.0,1.3262135982513428,6.978732109069824
1,581,18.0,-0.017895428463816643,1.5511027574539185
1,582,16.0,-0.7169477939605713,2.177518844604492
1,583,10.0,-2.9869024753570557,19.788223266601562
1,584,16.0,-0.5246639251708984,1.4805649518966675
1,585,15.0,-0.7443906664848328,1.7924827337265015
1,586,20.0,1.0657093524932861,4.474113941192627
1,587,16.0,-0.07089685648679733,0.7370888590812683
1,588,57.0,6.673511028289795,114.66217803955078
1,589,15.0,-0.1988980770111084,0.4726003408432007
1,590,29.0,3.568476676940918,34.680389404296875
1,591,14.0,-0.5297680497169495,0.7926014065742493
1,592,23.0,2.4748189449310303,16.649566650390625
1,593,44.0,5.997807502746582,90.28043365478516
1,594,66.0,7.70572566986084,145.4806671142578
1,595,26.0,3.1409740447998047,26.611982345581055
1,596,37.0,5.044012069702148,64.28656768798828
1,597,10.0,-2.399414539337158,11.6273193359375
1,598,13.0,-1.045837640762329,2.341456651687622
1,599,19.0,1.1741024255752563,4.396687984466553
1,600,12.0,-1.5386303663253784,5.3660407066345215
1,601,53.0,6.387911319732666,104.30944061279297
1,602,29.0,3.424506425857544,32.166378021240234
1,603,22.0,1.8269433975219727,10.32769775390625
1,604,14.0,-0.793592631816864,1.650288462638855
1,605,32.0,3.6801629066467285,37.92592239379883
1,606,13.0,-1.4080426692962646,4.474628925323486
1,607,46.0,5.25306510925293,74.85637664794922
1,608,35.0,3.8673794269561768,43.08795928955078
1,609,14.0,-1.1674044132232666,3.348358631134033
1,610,16.0,-0.4247123599052429,1.295589566230774
1,611,18.0,0.2015659064054489,1.6363075971603394
1,612,21.0,0.9926701188087463,5.069638729095459
1,613,26.0,2.018134355545044,14.67967414855957
1,614,23.0,1.2917332649230957,7.434938907623291
1,615,16.0,-0.8899540901184082,2.5246806144714355
1,616,16.0,-1.025879979133606,3.0350866317749023
1,617,19.0,-0.1298493891954422,1.6568607091903687
1,618,18.0,-0.42546623945236206,1.5161733627319336
1,619,23.0,0.9833780527114868,5.3680315017700195
1,620,20.0,0.1420384645462036,1.651475429534912
1,621,37.0,3.388942241668701,36.91878890991211
1,622,9.0,-4.559833526611328,41.66914367675781
1,623,22.0,0.45992928743362427,2.4779434204101562
1,624,22.0,0.34615376591682434,2.1615636348724365
1,625,12.0,-3.5500760078430176,26.165977478027344
1,626,30.0,1.9202195405960083,14.05795669555664
1,627,32.0,2.124099016189575,16.95995330810547
1,628,15.0,-2.6933436393737793,15.994668006896973
1,629,13.0,-3.751739978790283,29.142112731933594
1,630,32.0,1.8010272979736328,13.635396957397461
1,631,14.0,-3.4728829860687256,24.964149475097656
1,632,27.0,0.6945794820785522,4.336016654968262
1,633,51.0,3.8966758251190186,49.779685974121094
1,634,35.0,1.8829424381256104,15.738997459411621
1,635,25.0,-0.28779664635658264,2.5596816539764404
1,636,17.0,-2.8572092056274414,18.72339630126953
1,637,21.0,-1.5774774551391602,6.912039279937744
1,638,13.0,-4.502315521240234,41.207679748535156
1,639,49.0,3.3569304943084717,40.51677322387695
1,640,23.0,-0.832291841506958,3.104388475418091
1,641,13.0,-4.113168239593506,39.62874984741211
1,642,76.0,5.43199348449707,83.81471252441406
1,643,22.0,-0.8423876762390137,3.100543260574341
1,644,29.0,1.0744926929473877,6.57740592956543
1,645,11.0,-4.5108642578125,47.267391204833984
1,646,11.0,-4.407282829284668,43.63164138793945
1,647,19.0,-1.2725143432617188,4.496201515197754
1,648,18.0,-1.362663745880127,4.806490898132324
1,649,29.0,1.7777070999145508,11.146812438964844
1,650,32.0,2.5035407543182373,19.884937286376953
1,651,26.0,1.424713373184204,7.163923263549805
1,652,16.0,-1.6715600490570068,6.593085765838623
1,653,18.0,-0.8498678803443909,2.271385908126831
1,654,17.0,-1.1375868320465088,3.4349958896636963
1,655,41.0,4.174581527709961,50.65861892700195
1,656,18.0,-0.4383908808231354,1.128580927848816
1,657,17.0,-0.6768742799758911,1.7377374172210693
1,658,32.0,3.297729015350342,30.4803409576416
1,659,10.0,-3.2057268619537354,22.13499641418457
1,660,17.0,-0.28595927357673645,0.7797473073005676
1,661,11.0,-2.4633123874664307,13.149126052856445
1,662,64.0,6.960070610046387,125.50289154052734
1,663,10.0,-2.585418701171875,14.0980224609375
1,664,16.0,0.13041861355304718,0.4316557049751282
1,665,15.0,-0.15950462222099304,0.30339372158050537
1,666,38.0,5.148073673248291,69.83378601074219
1,667,22.0,2.3401894569396973,14.371644973754883
1,668,13.0,-0.7010157108306885,1.2062022686004639
1,669,14.0,-0.1654948890209198,0.25030380487442017
1,670,28.0,3.851062774658203,37.99576950073242
1,671,23.0,2.8825411796569824,20.677526473999023
1,672,20.0,2.103937864303589,11.075912475585938
1,673,20.0,1.9954330921173096,10.05576229095459
1,674,14.0,-0.2171904742717743,0.3231681287288666
1,675,18.0,1.358603835105896,4.744571685791016
1,676,32.0,4.370622634887695,50.144161224365234
1,677,31.0,4.115380764007568,44.771392822265625
1,678,36.0,4.687808513641357,59.2154655456543
1,679,25.0,2.673966407775879,19.96460723876953
1,680,31.0,3.6152071952819824,36.98910903930664
1,681,20.0,1.0508606433868408,4.305384159088135
1,682,9.0,-3.349111557006836,23.107280731201172
1,683,25.0,1.7965130805969238,12.196756362915039
1,684,19.0,0.1104518473148346,1.7127076387405396
1,685,22.0,0.6681746244430542,3.974558115005493
1,686,45.0,3.960341691970825,51.62740707397461
1,687,26.0,1.0706013441085815,7.664242267608643
1,688,17.0,-1.7819494009017944,7.6954803466796875
1,689,28.0,0.9376398921012878,7.828839302062988
1,690,21.0,-0.9569954872131348,4.257449150085449
1,691,21.0,-1.2636406421661377,5.457855701446533
1,692,26.0,-0.11065325140953064,4.417644023895264
1,693,18.0,-2.4939019680023193,14.28892707824707
1,694,17.0,-2.7200937271118164,16.323841094970703
1,695,14.0,-3.9267799854278564,34.13766860961914
1,696,10.0,-5.5176591873168945,65.8755874633789
1,697,10.0,-5.417845249176025,62.84470748901367
1,698,13.0,-3.680565595626831,30.171592712402344
1,699,32.0,1.7396433353424072,14.2342529296875
1,700,15.0,-2.630638360977173,15.291292190551758
1,701,19.0,-0.8710775375366211,2.733069896697998
1,702,24.0,0.8041632771492004,3.8850154876708984
1,703,13.0,-2.790627956390381,16.13445472717285
1,704,17.0,-1.0493134260177612,2.9172401428222656
1,705,47.0,4.704023361206055,65.89846801757812
1,706,22.0,0.9795047044754028,3.9610228538513184
1,707,14.0,-1.72025728225708,6.244403839111328
1,708,101.0,7.767094612121582,150.8921356201172
1,709,37.0,4.006124496459961,46.13374710083008
1,710,19.0,0.33913248777389526,1.270113468170166
1,711,15.0,-1.124768853187561,2.8314473628997803
1,712,9.0,-3.6134893894195557,26.871000289916992
1,713,17.0,-0.2351566106081009,0.748382568359375
1,714,23.0,1.5555884838104248,7.67201042175293
1,715,15.0,-0.9066583514213562,1.8865060806274414
1,716,48.0,5.310435771942139,79.28685760498047
1,717,19.0,0.5857470035552979,1.9271732568740845
1,718,64.0,6.4977803230285645,110.4803237915039
1,719,28.0,2.705064535140991,22.061988830566406
1,720,14.0,-1.3069604635238647,4.12920618057251
1,721,29.0,2.7159533500671387,23.43431282043457
1,722,32.0,3.166832685470581,31.072071075439453
1,723,38.0,3.7411324977874756,45.201904296875
1,724,18.0,-0.3278810381889343,1.1928938627243042
1,725,14.0,-1.932268738746643,8.53372859954834
1,726,40.0,3.6347835063934326,45.48931121826172
1,727,15.0,-1.5582292079925537,5.641590595245361
1,728,16.0,-1.3196793794631958,4.498028755187988
1,729,15.0,-1.6678107976913452,6.37484884262085
1,730,23.0,0.8954007625579834,5.108056545257568
1,731,25.0,1.4538311958312988,9.122611045837402
1,732,25.0,1.2702382802963257,9.027288436889648
1,733,24.0,1.024235725402832,6.26617956161499
1,734,37.0,2.98191499710083,34.30595397949219
1,735,22.0,0.266659140586853,2.9732437133789062
1,736,17.0,-1.4566106796264648,5.71229887008667
1,737,41.0,3.0045039653778076,36.90643310546875
1,738,13.0,-3.2782399654388428,21.318195343017578
1,739,14.0,-2.9236350059509277,20.44139862060547
1,740,38.0,2.4327468872070312,27.00715446472168
1,741,13.0,-3.4573428630828857,24.83973503112793
1,742,13.0,-3.4601173400878906,24.995038986206055
1,743,25.0,0.31409937143325806,3.798875093460083
1,744,13.0,-3.397911548614502,23.74858283996582
1,745,24.0,0.115682452917099,3.464099645614624
1,746,48.0,3.409966468811035,47.64347839355469
1,747,42.0,2.9801909923553467,35.423194885253906
1,748,31.0,1.515925645828247,12.840816497802734
1,749,26.0,0.3348707854747772,4.011468887329102
1,750,29.0,0.8096398711204529,6.692709445953369
1,751,18.0,-2.1726462841033936,11.52117919921875
1,752,9.0,-6.016274452209473,80.35102844238281
1,753,80.0,4.877137660980225,73.9732894897461
1,754,13.0,-4.604185581207275,47.82828903198242
1,755,49.0,2.7929086685180664,35.091400146484375
1,756,62.0,3.6497702598571777,50.82866668701172
1,757,13.0,-4.71250057220459,48.508262634277344
1,758,15.0,-4.274322509765625,36.74954605102539
1,759,28.0,-0.5607157945632935,4.490789413452148
1,760,18.0,-2.991905450820923,21.165266036987305
1,761,15.0,-3.9913430213928223,36.6690559387207
1,762,23.0,-1.2091082334518433,5.271097183227539
1,763,18.0,-2.571699619293213,15.570302963256836
1,764,27.0,0.1493454873561859,4.01778507232666
1,765,20.0,-1.4207662343978882,5.195521354675293
1,766,28.0,0.8491485714912415,6.171923637390137
1,767,43.0,3.3162312507629395,37.79543685913086
1,768,18.0,-1.6716551780700684,6.97567892074585
1,769,16.0,-2.286621332168579,11.718194007873535
1,770,9.0,-4.992290496826172,54.08013916015625
1,771,21.0,-0.16816869378089905,1.3248828649520874
1,772,12.0,-3.3510828018188477,24.315515518188477
1,773,55.0,5.497325420379639,82.37125396728516
1,774,20.0,0.2855842411518097,0.9864627122879028
1,775,41.0,4.394550800323486,54.328006744384766
1,776,77.0,6.970348834991455,127.46995544433594
1,777,20.0,0.3521975576877594,1.0457212924957275
1,778,35.0,3.5848891735076904,36.964111328125
1,779,16.0,-1.1856052875518799,3.3975632190704346
1,780,17.0,-0.9348485469818115,2.1785144805908203
1,781,17.0,-0.853291928768158,1.9328755140304565
1,782,21.0,0.5567711591720581,1.6145740747451782
1,783,12.0,-2.9241909980773926,18.44681167602539
1,784,34.0,3.470008373260498,34.3470458984375
1,785,66.0,6.404011249542236,109.59474182128906
1,786,10.0,-3.8617234230041504,30.388795852661133
1,787,12.0,-2.889099359512329,17.453216552734375
1,788,16.0,-1.0793105363845825,2.735290050506592
1,789,33.0,3.2717957496643066,32.67268753051758
1,790,26.0,2.1176822185516357,13.426468849182129
1,791,32.0,3.1847751140594482,30.646656036376953
1,792,11.0,-2.9367401599884033,18.387277603149414
1,793,20.0,0.5218808650970459,1.7747136354446411
1,794,11.0,-2.8213443756103516,18.31851577758789
1,795,25.0,1.7747116088867188,10.600051879882812
1,796,25.0,1.6913697719573975,10.110692977905273
1,797,36.0,3.472240686416626,38.417293548583984
1,798,19.0,-0.06916320323944092,1.1995811462402344
1,799,12.0,-2.682812452316284,16.4166316986084
1,800,23.0,0.955292820930481,4.521453857421875
1,801,17.0,-0.9533700942993164,2.712592124938965
1,802,31.0,2.3981704711914062,21.12263298034668
1,803,11.0,-3.406233787536621,24.4172306060791
1,804,18.0,-0.6813062429428101,2.09084153175354
1,805,13.0,-2.5447635650634766,13.86744213104248
1,806,28.0,1.9862730503082275,14.213289260864258
1,807,29.0,2.2101237773895264,16.8767147064209
1,808,30.0,2.3071670532226562,19.132246017456055
1,809,27.0,1.722861647605896,11.376774787902832
1,810,21.0,0.21897293627262115,1.8432997465133667
1,811,21.0,0.06307010352611542,1.688233494758606
1,812,13.0,-3.0011796951293945,18.996959686279297
1,813,26.0,1.1204519271850586,6.172533988952637
1,814,36.0,2.7003889083862305,27.110675811767578
1,815,69.0,5.241910934448242,83.893798828125
1,816,14.0,-3.2013840675354004,21.45873260498047
1,817,11.0,-4.550898551940918,43.013702392578125
1,818,30.0,1.33992600440979,8.775727272033691
1,819,17.0,-2.3208529949188232,12.086091995239258
1,820,19.0,-1.6960166692733765,7.098812580108643
1,821,20.0,-1.2684886455535889,4.897929668426514
1,822,11.0,-4.4920854568481445,44.516841888427734
1,823,13.0,-3.7744526863098145,28.59596061706543
1,824,13.0,-3.367464542388916,25.209306716918945
1,825,37.0,2.7389090061187744,29.612180709838867
1,826,27.0,1.2114862203598022,8.004606246948242
1,827,27.0,1.401333212852478,8.080552101135254
1,828,18.0,-0.9814965724945068,3.1670663356781006
1,829,34.0,2.7110259532928467,24.98456573486328
1,830,54.0,4.7890424728393555,69.24100494384766
1,831,21.0,-0.14336399734020233,1.4578077793121338
1,832,14.0,-2.5355536937713623,14.548863410949707
1,833,12.0,-3.3210999965667725,23.65449333190918
1,834,16.0,-1.7406389713287354,6.62277889251709
1,835,12.0,-3.1899311542510986,20.662982940673828
1,836,19.0,-0.34592169523239136,1.1628156900405884
1,837,20.0,0.22959089279174805,1.181477427482605
1,838,19.0,0.024388456717133522,0.9011431336402893
1,839,55.0,5.630033493041992,87.43023681640625
1,840,83.0,7.164117336273193,131.22232055664062
1,841,10.0,-3.463819980621338,24.527551651000977
1,842,40.0,4.2191362380981445,55.155479431152344
1,843,27.0,2.431411027908325,17.28409767150879
1,844,15.0,-1.2041312456130981,3.349533796310425
1,845,9.0,-3.869774341583252,31.252702713012695
1,846,19.0,0.39840152859687805,1.0144718885421753
1,847,29.0,2.8239269256591797,23.88143539428711
1,848,18.0,0.024860523641109467,0.5502628684043884
1,849,19.0,0.3015957474708557,0.8888273239135742
1,850,15.0,-1.2838637828826904,3.576275587081909
1,851,22.0,1.0563161373138428,4.094156265258789
1,852,28.0,2.3579461574554443,17.726512908935547
1,853,11.0,-3.4761345386505127,23.280542373657227
1,854,19.0,-0.21222226321697235,0.43528228998184204
1,855,29.0,2.256862163543701,18.270610809326172
1,856,32.0,2.8648266792297363,25.9179630279541
1,857,17.0,-1.1103273630142212,3.130051851272583
1,858,23.0,0.8158861994743347,2.8835079669952393
1,859,12.0,-3.431968927383423,24.392902374267578
1,860,21.0,0.08490273356437683,0.7086561322212219
1,861,29.0,2.089724063873291,13.530814170837402
1,862,18.0,-1.1116710901260376,3.4222583770751953
1,863,34.0,2.8700878620147705,25.38826560974121
1,864,19.0,-1.068472981452942,2.7824313640594482
1,865,25.0,0.878232479095459,2.9265353679656982
1,866,15.0,-2.846165895462036,16.2018985748291
1,867,37.0,2.940640687942505,29.938106536865234
1,868,18.0,-1.5692185163497925,6.217391490936279
1,869,34.0,2.425636053085327,21.13347816467285
1,870,16.0,-2.5704915523529053,13.864914894104004
1,871,19.0,-1.3645585775375366,4.672087669372559
1,872,33.0,2.2778165340423584,17.697662353515625
1,873,23.0,-0.03868328407406807,1.008481740951538
1,874,24.0,0.26742351055145264,1.436213493347168
1,875,15.0,-2.8831350803375244,18.47844696044922
1,876,15.0,-2.8234245777130127,18.365936279296875
1,877,30.0,1.8434933423995972,11.014510154724121
1,878,11.0,-4.471027851104736,43.13930892944336
1,879,25.0,0.7724732756614685,2.2939045429229736
1,880,20.0,-0.8490867614746094,1.8220865726470947
1,881,19.0,-1.1394184827804565,3.085728883743286
1,882,21.0,-0.3128855228424072,0.6580266952514648
1,883,14.0,-2.9796228408813477,17.46575927734375
1,884,28.0,2.1224303245544434,12.13295841217041
1,885,17.0,-1.2783313989639282,3.694506883621216
1,886,40.0,4.242091178894043,52.36941146850586
1,887,20.0,0.11348878592252731,0.2544565796852112
1,888,34.0,3.564523220062256,35.77162170410156
1,889,22.0,0.9225634932518005,2.2916243076324463
1,890,19.0,-0.19759564101696014,0.23295438289642334
1,891,24.0,1.411556601524353,5.4842448234558105
1,892,17.0,-1.0603078603744507,2.6854515075683594
1,893,23.0,1.0119918584823608,3.194061279296875
1,894,23.0,1.0127267837524414,3.058058023452759
1,895,36.0,3.47619366645813,36.94060516357422
1,896,22.0,0.42069166898727417,0.8871813416481018
1,897,46.0,4.373964786529541,59.02677536010742
1,898,25.0,0.7089464068412781,3.032458782196045
1,899,14.0,-3.371809482574463,24.270374298095703
1,900,18.0,-1.95094895362854,8.264628410339355
1,901,42.0,3.163064479827881,37.04498291015625
1,902,52.0,3.906198740005493,55.98245620727539
1,903,19.0,-1.9774608612060547,9.49632453918457
1,904,26.0,0.049715735018253326,1.4929425716400146
1,905,20.0,-2.0157244205474854,8.784987449645996
1,906,24.0,-0.6558206677436829,1.9735972881317139
1,907,34.0,1.335919976234436,11.546774864196777
1,908,27.0,0.1371917575597763,1.6863189935684204
1,909,12.0,-5.067605972290039,54.800132751464844
1,910,16.0,-3.6827921867370605,28.834552764892578
1,911,11.0,-5.415508270263672,65.14369201660156
1,912,15.0,-4.053013801574707,31.823898315429688
1,913,15.0,-3.549341917037964,29.10573959350586
1,914,11.0,-4.910942554473877,53.67805862426758
1,915,74.0,5.482430934906006,92.7783432006836
1,916,16.0,-2.446455717086792,14.574973106384277
1,917,20.0,-0.8431639075279236,2.2084615230560303
1,918,42.0,3.755331039428711,46.062591552734375
1,919,19.0,-0.7989993691444397,1.7435624599456787
1,920,36.0,2.8574655055999756,34.02359390258789
1,921,13.0,-2.8902266025543213,16.701711654663086
1,922,15.0,-1.6967978477478027,6.817950248718262
1,923,35.0,3.069502830505371,36.69926834106445
1,924,13.0,-2.1573424339294434,10.49035930633545
1,925,57.0,5.843730926513672,92.98748779296875
1,926,14.0,-1.585972547531128,4.904540061950684
1,927,14.0,-1.2174309492111206,4.037393093109131
1,928,44.0,4.875241756439209,69.65120697021484
1,929,30.0,2.7938239574432373,30.76137924194336
1,930,20.0,1.0889812707901,4.674216270446777
1,931,28.0,2.7746901512145996,25.46245574951172
1,932,21.0,1.3353610038757324,6.466409683227539
1,933,21.0,1.397718071937561,6.089881896972656
1,934,33.0,2.8958826065063477,35.471046447753906
1,935,16.0,-0.5976366996765137,1.514372706413269
1,936,17.0,-0.31503647565841675,1.4278340339660645
1,937,52.0,4.671403884887695,72.67657470703125
1,938,14.0,-1.505291223526001,5.57008695602417
1,939,16.0,-0.7460289001464844,2.449530601501465
1,940,36.0,2.9859485626220703,36.687538146972656
1,941,52.0,4.333704948425293,69.98274230957031
1,942,18.0,-0.17599989473819733,1.7751535177230835
1,943,18.0,-0.28532227873802185,1.643254280090332
1,944,12.0,-2.589123487472534,13.765030860900879
1,945,14.0,-1.602639079093933,6.759237289428711
1,946,9.0,-3.609232187271118,29.681396484375
1,947,10.0,-3.0079667568206787,20.228010177612305
1,948,13.0,-1.810544729232788,6.438048839569092
1,949,22.0,1.442649483680725,8.279683113098145
1,950,42.0,4.357573986053467,61.5145149230957
1,951,55.0,5.183573246002197,86.5233383178711
1,952,16.0,-0.13964781165122986,0.8912780284881592
1,953,48.0,4.601866722106934,73.6349868774414
1,954,12.0,-1.6809262037277222,5.933877944946289
1,955,22.0,1.6610974073410034,10.225632667541504
1,956,62.0,5.236576080322266,89.0095443725586
1,957,26.0,2.0440826416015625,19.77728271484375
1,958,15.0,-0.6353062987327576,1.2880967855453491
1,959,25.0,1.4123855829238892,15.982086181640625
1,960,13.0,-1.4773937463760376,5.081933498382568
1,961,13.0,-1.6849974393844604,5.542512893676758
1,962,17.0,-0.1746712625026703,1.5938507318496704
1,963,17.0,-0.07311318069696426,1.557206392288208
1,964,38.0,3.2436368465423584,48.28144454956055
1,965,28.0,2.3423471450805664,24.051546096801758
1,966,13.0,-1.7927768230438232,5.2820963859558105
1,967,16.0,-0.325232595205307,0.7037565112113953
1,968,22.0,1.4046658277511597,7.749636173248291
1,969,13.0,-1.583664894104004,5.574482440948486
1,970,15.0,-0.6515802145004272,1.2759544849395752
1,971,10.0,-2.8097054958343506,16.164777755737305
1,972,32.0,3.1546967029571533,38.75547409057617
1,973,51.0,5.419163227081299,90.90880584716797
1,974,28.0,3.0209739208221436,27.96515464782715
1,975,22.0,1.8213679790496826,9.657327651977539
1,976,21.0,1.3033534288406372,6.616291522979736
1,977,37.0,3.8548779487609863,50.841251373291016
1,978,34.0,2.8742096424102783,39.656646728515625
1,979,19.0,0.41320255398750305,1.518837332725525
1,980,32.0,2.960932731628418,30.29847526550293
1,981,11.0,-3.4940860271453857,19.061159133911133
1,982,26.0,1.4839692115783691,11.54334831237793
1,983,50.0,4.068845272064209,61.993228912353516
1,984,39.0,2.8849546909332275,39.10639953613281
1,985,45.0,3.2195796966552734,45.620357513427734
1,986,25.0,0.48089972138404846,4.463836669921875
1,987,45.0,2.6141555309295654,39.74568176269531
1,988,51.0,2.7748193740844727,42.84473419189453
1,989,25.0,-0.5442734956741333,4.136824607849121
1,990,21.0,-1.7109795808792114,8.577590942382812
1,991,35.0,0.7668026089668274,12.225839614868164
1,992,55.0,2.2473249435424805,33.82070541381836
1,993,30.0,-0.646354615688324,7.126608371734619
1,994,37.0,0.05747217684984207,11.216526985168457
1,995,54.0,1.934367299079895,27.15887451171875
1,996,11.0,-7.442396640777588,98.4612045288086
1,997,39.0,-0.3623114228248596,8.460352897644043
1,998,15.0,-6.089700222015381,70.67829895019531
1,999,30.0,-2.0642049312591553,11.05207633972168
1,1000,35.0,-0.8501507043838501,8.555604934692383
1,1001,26.0,-2.8236546516418457,20.471826553344727
1,1002,37.0,-0.7220215201377869,7.638919830322266
1,1003,14.0,-7.425563335418701,81.33566284179688
1,1004,37.0,-0.04893748089671135,8.639862060546875
1,1005,27.0,-1.1193768978118896,5.810743808746338
1,1006,13.0,-6.049318790435791,72.00731658935547
1,1007,19.0,-3.177863597869873,25.70831871032715
1,1008,13.0,-5.745041847229004,58.00053024291992
1,1009,19.0,-2.6904406547546387,14.8621244430542
1,1010,31.0,1.1648764610290527,8.66344928741455
1,1011,28.0,0.7162160873413086,3.9020347595214844
1,1012,11.0,-4.650416374206543,39.74449157714844
1,1013,33.0,1.9224528074264526,19.258888244628906
1,1014,39.0,2.9193363189697266,36.71091842651367
1,1015,14.0,-2.47292423248291,14.7422513961792
1,1016,9.0,-5.135129451751709,42.98542022705078
1,1017,39.0,2.8098695278167725,34.64482879638672
1,1018,38.0,3.2519912719726562,35.5512809753418
1,1019,43.0,3.3246560096740723,45.950050354003906
1,1020,14.0,-2.2544260025024414,13.191987037658691
1,1021,20.0,-0.12331590056419373,2.0127432346343994
1,1022,23.0,0.6264687180519104,3.3051822185516357
1,1023,10.0,-2.9317121505737305,27.87042808532715
1,1024,32.0,2.364696502685547,24.642900466918945
1,1025,34.0,2.930368661880493,27.049917221069336
1,1026,20.0,-0.08921148627996445,2.0732011795043945
1,1027,33.0,2.330132007598877,24.802043914794922
1,1028,36.0,2.6167118549346924,30.93701934814453
1,1029,35.0,2.360285520553589,25.98780632019043
1,1030,41.0,3.515376091003418,39.53369903564453
1,1031,10.0,-4.211081027984619,42.038631439208984
1,1032,25.0,0.42151495814323425,3.82265305519104
1,1033,41.0,2.665235757827759,31.662593841552734
1,1034,33.0,1.6844415664672852,12.164304733276367
1,1035,35.0,1.7446576356887817,16.033483505249023
1,1036,43.0,2.165256977081299,24.755783081054688
1,1037,11.0,-5.441511154174805,64.11123657226562
1,1038,17.0,-3.0055291652679443,30.161399841308594
1,1039,12.0,-4.518362522125244,57.61471939086914
1,1040,25.0,-1.4326879978179932,13.912355422973633
1,1041,18.0,-2.7502315044403076,22.25775909423828
1,1042,15.0,-3.6811623573303223,32.81632614135742
1,1043,10.0,-4.381466388702393,57.19614028930664
1,1044,12.0,-3.7922372817993164,37.698001861572266
1,1045,25.0,-0.46904635429382324,7.386790752410889
1,1046,27.0,-0.04893922060728073,6.889316082000732
1,1047,45.0,3.005554676055908,35.73543930053711
1,1048,19.0,-2.1409389972686768,9.008848190307617
1,1049,12.0,-3.7529146671295166,27.319034576416016
1,1050,17.0,-1.7353259325027466,8.358650207519531
1,1051,22.0,-0.12296120822429657,3.868729591369629
1,1052,50.0,3.7809436321258545,54.77287673950195
1,1053,32.0,2.0310909748077393,19.1312313079834
1,1054,10.0,-3.4712135791778564,27.736614227294922
1,1055,22.0,0.13500729203224182,4.006231784820557
1,1056,26.0,1.3841341733932495,10.473478317260742
1,1057,13.0,-3.1324892044067383,13.220025062561035
1,1058,29.0,1.874177098274231,14.252717971801758
1,1059,23.0,0.6345498561859131,4.899226665496826
1,1060,38.0,2.768666982650757,31.474870681762695
1,1061,15.0,-2.235520362854004,9.184489250183105
1,1062,27.0,1.1805846691131592,8.513288497924805
1,1063,11.0,-4.076056003570557,29.5616512298584
1,1064,38.0,2.4669137001037598,30.32312774658203
1,1065,31.0,1.8572413921356201,13.597673416137695
1,1066,28.0,1.1426706314086914,7.298587799072266
1,1067,31.0,1.0443798303604126,10.74593734741211
1,1068,23.0,-0.49246299266815186,4.017853260040283
1,1069,39.0,2.1773998737335205,20.116605758666992
1,1070,16.0,-2.736654281616211,20.175371170043945
1,1071,15.0,-3.764798641204834,28.497875213623047
1,1072,20.0,-2.0011932849884033,11.755786895751953
1,1073,17.0,-3.1298117637634277,20.467191696166992
1,1074,67.0,4.713385105133057,70.08230590820312
1,1075,15.0,-3.7747581005096436,25.85494613647461
1,1076,23.0,-0.9148734211921692,4.451292514801025
1,1077,25.0,-0.16452397406101227,2.939995765686035
1,1078,21.0,-0.9825087189674377,7.055145263671875
1,1079,31.0,1.1698533296585083,8.994275093078613
1,1080,53.0,4.115553855895996,55.504119873046875
1,1081,42.0,2.948456048965454,34.36699676513672
1,1082,25.0,0.1772373914718628,3.0195977687835693
1,1083,30.0,0.834316611289978,7.055052757263184
1,1084,12.0,-4.400021076202393,37.94218444824219
1,1085,33.0,1.3229008913040161,11.542613983154297
1,1086,26.0,0.08079919219017029,2.4061083793640137
1,1087,14.0,-3.9763131141662598,29.799829483032227
1,1088,27.0,0.19588249921798706,2.6883692741394043
1,1089,33.0,1.2704299688339233,10.201967239379883
1,1090,22.0,-1.4130648374557495,4.749843120574951
1,1091,19.0,-3.1688241958618164,15.12946605682373
1,1092,27.0,0.2919054329395294,1.8361505270004272
1,1093,19.0,-2.626922130584717,17.67337989807129
1,1094,32.0,0.8782780170440674,4.1014723777771
1,1095,33.0,1.20255446434021,11.284576416015625
1,1096,22.0,-1.7174122333526611,11.310664176940918
1,1097,17.0,-3.8312063217163086,30.050622940063477
1,1098,30.0,0.4043548107147217,2.5126953125
1,1099,13.0,-5.45377779006958,61.437564849853516
1,1100,17.0,-2.884711742401123,35.79746627807617
1,1101,21.0,-1.8430593013763428,10.218253135681152
1,1102,37.0,2.0653884410858154,18.0244197845459
1,1103,22.0,-1.1307501792907715,3.399728775024414
1,1104,22.0,-1.3232030868530273,4.7603607177734375
1,1105,23.0,-0.5586064457893372,1.3615864515304565
1,1106,52.0,4.959691524505615,61.950286865234375
1,1107,27.0,0.7386155128479004,2.029799222946167
1,1108,12.0,-4.662413120269775,41.986637115478516
1,1109,22.0,-0.564027726650238,1.1083588600158691
1,1110,18.0,-1.648409366607666,6.0815019607543945
1,1111,18.0,-2.11444354057312,7.065033912658691
1,1112,28.0,1.4024709463119507,7.444087028503418
1,1113,42.0,4.465410232543945,52.84902572631836
1,1114,46.0,4.055267810821533,65.54883575439453
1,1115,44.0,4.453649044036865,60.08684158325195
1,1116,16.0,-1.387703537940979,5.769455909729004
1,1117,25.0,1.3331294059753418,5.742039680480957
1,1118,10.0,-3.722727060317993,36.404075622558594
1,1119,37.0,3.676985263824463,39.63303756713867
1,1120,23.0,0.9166499972343445,2.9413373470306396
1,1121,24.0,0.8379150032997131,3.344060182571411
1,1122,22.0,0.17351582646369934,0.9746313691139221
1,1123,27.0,1.1074775457382202,6.160147666931152
1,1124,24.0,0.46805518865585327,1.7413409948349
1,1125,20.0,-0.8424416780471802,2.3364334106445312
1,1126,16.0,-2.295210838317871,13.46009635925293
1,1127,35.0,2.685931444168091,21.47980308532715
1,1128,22.0,-0.6547569632530212,1.833625078201294
1,1129,25.0,0.24301469326019287,1.2934898138046265
1,1130,22.0,-0.8559134006500244,3.264239549636841
1,1131,25.0,0.027647439390420914,0.7693934440612793
1,1132,27.0,0.7763034105300903,3.903590202331543
1,1133,22.0,-0.9575692415237427,5.114589214324951
1,1134,15.0,-3.2798421382904053,29.085500717163086
1,1135,33.0,1.1773180961608887,7.824294090270996
1,1136,18.0,-3.456533908843994,18.208585739135742
1,1137,10.0,-5.4286723136901855,67.84490203857422
1,1138,61.0,4.560965538024902,78.76830291748047
1,1139,27.0,0.2777242362499237,0.9095032811164856
1,1140,15.0,-4.307868480682373,30.068050384521484
1,1141,13.0,-4.46272087097168,38.98666000366211
1,1142,28.0,1.0642234086990356,5.077305316925049
1,1143,21.0,-1.194912075996399,3.2170472145080566
1,1144,20.0,-1.2446024417877197,2.8963828086853027
1,1145,14.0,-3.725517988204956,25.183622360229492
1,1146,30.0,1.6340556144714355,11.98458194732666
1,1147,15.0,-2.774456739425659,16.886262893676758
1,1148,22.0,-0.14205004274845123,0.2618461549282074
1,1149,11.0,-5.0907673835754395,39.97773742675781
1,1150,40.0,4.033349990844727,47.27753829956055
1,1151,17.0,-1.2140761613845825,5.006622314453125
1,1152,31.0,2.67301082611084,22.529247283935547
1,1153,16.0,-1.654990792274475,5.521801471710205
1,1154,24.0,1.1540483236312866,7.697607517242432
1,1155,60.0,6.027323246002197,109.8216323852539
1,1156,34.0,2.6207821369171143,36.41450119018555
1,1157,26.0,1.8420774936676025,13.239794731140137
1,1158,13.0,-1.8988354206085205,12.7527494430542
1,1159,24.0,1.5464063882827759,6.974667072296143
1,1160,36.0,3.3993709087371826,40.299739837646484
1,1161,40.0,3.990041732788086,50.41267395019531
1,1162,14.0,-2.7497172355651855,10.09597396850586
1,1163,27.0,1.3359724283218384,11.115676879882812
1,1164,14.0,-2.0672006607055664,10.83531379699707
1,1165,28.0,1.6508737802505493,12.257943153381348
1,1166,19.0,-0.133439838886261,1.1951782703399658
1,1167,16.0,-1.7240281105041504,6.346555233001709
1,1168,12.0,-2.610924005508423,17.748565673828125
1,1169,30.0,1.666957974433899,16.579479217529297
1,1170,52.0,5.053203105926514,73.11322021484375
1,1171,33.0,2.0952584743499756,26.617958068847656
1,1172,23.0,1.045931339263916,4.625494003295898
1,1173,29.0,1.340968370437622,12.046385765075684
1,1174,25.0,0.6893045902252197,4.6155500411987305
1,1175,23.0,0.33949267864227295,2.565293312072754
1,1176,13.0,-3.5797224044799805,22.66562271118164
1,1177,33.0,1.4814049005508423,17.37040901184082
1,1178,34.0,1.4887874126434326,17.249961853027344
1,1179,22.0,-0.6532028913497925,3.0365140438079834
1,1180,23.0,-0.7797572612762451,3.277742385864258
1,1181,36.0,1.772857904434204,14.821634292602539
1,1182,34.0,1.5981446504592896,12.815110206604004
1,1183,33.0,0.9777094721794128,6.439828872680664
1,1184,28.0,-0.23119089007377625,3.887265682220459
1,1185,27.0,-0.8297951221466064,3.203407049179077
1,1186,34.0,0.4957679808139801,8.235203742980957
1,1187,16.0,-4.233379364013672,45.41587448120117
1,1188,25.0,-2.0418803691864014,12.978309631347656
1,1189,29.0,-1.2105683088302612,5.893843650817871
1,1190,27.0,-1.286657691001892,7.177363395690918
1,1191,26.0,-1.8744152784347534,11.51415729522705
1,1192,12.0,-5.33794641494751,78.71932983398438
1,1193,29.0,-0.5483350157737732,2.391869306564331
1,1194,32.0,0.1283806711435318,2.624594211578369
1,1195,14.0,-4.217589855194092,54.93693923950195
1,1196,28.0,-0.10224704444408417,1.4714494943618774
1,1197,16.0,-3.5568535327911377,32.538841247558594
1,1198,22.0,-1.301069974899292,5.529994964599609
1,1199,50.0,3.7404704093933105,50.34696960449219
1,1200,23.0,-0.6760031580924988,1.1415295600891113
1,1201,32.0,1.6834391355514526,11.011739730834961
1,1202,28.0,1.1657716035842896,4.699453353881836
1,1203,42.0,3.835890769958496,42.66292190551758
1,1204,12.0,-4.61836576461792,40.348201751708984
1,1205,18.0,-1.6508339643478394,5.642525672912598
1,1206,17.0,-1.8026955127716064,7.987768173217773
1,1207,42.0,3.4137423038482666,47.86864471435547
1,1208,21.0,-0.14013563096523285,0.46978074312210083
1,1209,28.0,1.4661461114883423,11.596097946166992
1,1210,13.0,-3.492053985595703,22.04527473449707
1,1211,39.0,3.50748872756958,46.710777282714844
1,1212,15.0,-2.0149803161621094,10.13054084777832
1,1213,38.0,3.4481148719787598,45.78722381591797
1,1214,28.0,2.330718517303467,14.811477661132812
1,1215,20.0,0.1761554479598999,0.45145174860954285
1,1216,18.0,-0.5407523512840271,1.0696696043014526
1,1217,14.0,-2.137556314468384,10.498522758483887
1,1218,17.0,-0.9458327293395996,1.8953986167907715
1,1219,16.0,-1.0543229579925537,3.4338440895080566
1,1220,34.0,3.3161890506744385,37.192405700683594
1,1221,19.0,0.23281648755073547,0.45859313011169434
1,1222,58.0,6.070774555206299,110.02098083496094
1,1223,25.0,1.6776551008224487,10.309779167175293
1,1224,20.0,0.6318908929824829,1.1775155067443848
1,1225,30.0,3.1003963947296143,23.832124710083008
1,1226,38.0,3.9389140605926514,47.91699981689453
1,1227,26.0,1.7892910242080688,10.679455757141113
1,1228,28.0,1.9546778202056885,13.216830253601074
1,1229,40.0,3.170013904571533,45.43790054321289
1,1230,11.0,-3.6465508937835693,34.9575309753418
1,1231,13.0,-3.311429738998413,23.796770095825195
1,1232,23.0,0.1088956668972969,1.648918628692627
1,1233,21.0,-0.5345951914787292,1.1360188722610474
1,1234,21.0,-0.36181554198265076,1.1661720275878906
1,1235,22.0,-0.25051355361938477,0.933193027973175
1,1236,12.0,-3.4409332275390625,29.951995849609375
1,1237,49.0,4.399188041687012,57.31391143798828
1,1238,23.0,-0.0001481607323512435,0.8574211001396179
1,1239,28.0,1.0075531005859375,7.595519542694092
1,1240,60.0,4.781876564025879,78.33487701416016
1,1241,24.0,0.002952920738607645,0.9235031604766846
1,1242,21.0,-0.5926163196563721,1.9592949151992798
1,1243,10.0,-5.938975811004639,57.720333099365234
1,1244,30.0,1.2882975339889526,7.203431606292725
1,1245,31.0,1.5664936304092407,8.890944480895996
1,1246,23.0,-0.4036797881126404,0.9024377465248108
1,1247,14.0,-3.390183687210083,32.41082000732422
1,1248,18.0,-2.743480920791626,13.247062683105469
1,1249,18.0,-2.0846610069274902,12.535627365112305
1,1250,13.0,-3.818770408630371,32.81473922729492
1,1251,36.0,2.180605173110962,21.305450439453125
1,1252,13.0,-4.136744499206543,29.67356300354004
1,1253,14.0,-3.4141204357147217,21.892732620239258
1,1254,16.0,-2.1071949005126953,12.833374977111816
1,1255,60.0,4.95839262008667,88.13452911376953
1,1256,16.0,-2.03102445602417,9.11059856414795
1,1257,17.0,-1.4219446182250977,5.255171775817871
1,1258,25.0,1.0200614929199219,7.6305694580078125
1,1259,11.0,-2.836912155151367,25.700780868530273
1,1260,53.0,5.6735968589782715,85.65496063232422
1,1261,17.0,-0.6444363594055176,1.8499479293823242
1,1262,18.0,-0.2607424855232239,0.6251120567321777
1,1263,12.0,-2.0777478218078613,12.366680145263672
1,1264,36.0,4.028364181518555,46.745445251464844
1,1265,31.0,2.618354320526123,32.3195915222168
1,1266,22.0,1.5121793746948242,6.538102626800537
1,1267,56.0,5.587241172790527,95.16728973388672
1,1268,11.0,-1.8849743604660034,10.808588981628418
1,1269,17.0,0.12362418323755264,0.9286001324653625
1,1270,20.0,0.8342368602752686,3.70989727973938
1,1271,39.0,3.3947360515594482,55.905941009521484
1,1272,57.0,5.297275543212891,92.7429428100586
1,1273,25.0,2.054227828979492,13.803491592407227
1,1274,32.0,2.1816515922546387,32.986228942871094
1,1275,43.0,3.9276766777038574,56.8754768371582
1,1276,13.0,-1.8584786653518677,8.261839866638184
1,1277,34.0,2.641979455947876,31.829294204711914
1,1278,23.0,0.9928070306777954,5.936153411865234
1,1279,29.0,1.8570141792297363,17.83978843688965
1,1280,42.0,2.715730905532837,41.093204498291016
1,1281,16.0,-1.7414742708206177,6.6136040687561035
1,1282,32.0,1.619670033454895,20.033157348632812
1,1283,35.0,1.4039475917816162,21.444473266601562
1,1284,17.0,-1.9289660453796387,9.695050239562988
1,1285,34.0,0.7596855759620667,16.6649227142334
1,1286,27.0,0.06555134803056717,5.925241947174072
1,1287,17.0,-2.8406758308410645,18.086624145507812
1,1288,31.0,1.0552424192428589,7.392605304718018
1,1289,13.0,-3.736023187637329,36.68509292602539
1,1290,42.0,4.061744689941406,42.53181457519531
1,1291,32.0,1.2703423500061035,7.072014808654785
1,1292,17.0,-3.555851936340332,26.44168472290039
1,1293,40.0,1.880578637123108,14.162096977233887
1,1294,20.0,-2.3912930488586426,18.525712966918945
1,1295,11.0,-4.627983570098877,68.84368896484375
1,1296,32.0,0.07859254628419876,7.156655788421631
1,1297,39.0,1.1138811111450195,12.305204391479492
1,1298,26.0,-1.1146810054779053,9.90835189819336
1,1299,68.0,3.9788029193878174,53.080604553222656
1,1300,24.0,-1.6098296642303467,12.720468521118164
1,1301,27.0,-0.6504105925559998,9.087326049804688
1,1302,14.0,-4.597837448120117,44.07985305786133
1,1303,11.0,-5.7444586753845215,64.29603576660156
1,1304,37.0,1.6251232624053955,13.376609802246094
1,1305,35.0,1.1687695980072021,11.966732025146484
1,1306,33.0,1.0861715078353882,8.098607063293457
1,1307,20.0,-1.8815088272094727,10.386423110961914
1,1308,14.0,-5.957730770111084,35.56327819824219
1,1309,13.0,-3.6723358631134033,38.044029235839844
1,1310,17.0,-2.128854274749756,15.341092109680176
1,1311,32.0,1.7458858489990234,11.0986967086792
1,1312,17.0,-1.9345154762268066,11.943062782287598
1,1313,19.0,-1.0006763935089111,4.788434982299805
1,1314,12.0,-3.0253164768218994,23.462562561035156
1,1315,16.0,-1.6148945093154907,7.004050254821777
1,1316,12.0,-3.536695957183838,16.68337059020996
1,1317,49.0,6.08324670791626,100.7129135131836
1,1318,25.0,2.0478689670562744,13.619637489318848
1,1319,37.0,4.03830623626709,56.63562774658203
1,1320,30.0,2.706728219985962,30.20275115966797
1,1321,13.0,-1.440313696861267,5.5152692794799805
1,1322,37.0,3.1824471950531006,49.67645263671875
1,1323,22.0,1.305539846420288,7.822621822357178
1,1324,37.0,3.3190832138061523,44.812068939208984
1,1325,38.0,3.7039313316345215,45.30461502075195
1,1326,33.0,2.804643154144287,29.613338470458984
1,1327,31.0,2.4231455326080322,22.69281768798828
1,1328,20.0,-0.3105112314224243,4.228937149047852
1,1329,25.0,0.907780647277832,9.034137725830078
1,1330,27.0,1.004958152770996,10.675432205200195
1,1331,28.0,0.719423770904541,10.920699119567871
1,1332,21.0,-0.8812874555587769,5.202352523803711
1,1333,29.0,0.4701681137084961,9.336002349853516
1,1334,33.0,0.7689833641052246,12.731231689453125
1,1335,30.0,0.38090258836746216,7.814136981964111
1,1336,16.0,-3.845123052597046,28.39466094970703
1,1337,16.0,-4.486454010009766,34.17925262451172
1,1338,11.0,-5.951937675476074,68.68594360351562
1,1339,43.0,1.3823894262313843,16.469621658325195
1,1340,15.0,-4.142792224884033,45.223785400390625
1,1341,18.0,-4.603709697723389,31.09520149230957
1,1342,34.0,0.19529688358306885,7.452131748199463
1,1343,19.0,-3.898977518081665,20.177261352539062
1,1344,25.0,-1.7754895687103271,8.905686378479004
1,1345,31.0,-0.14874234795570374,5.042495250701904
1,1346,21.0,-2.197592258453369,15.068449974060059
1,1347,19.0,-2.7257540225982666,19.07282066345215
1,1348,28.0,-0.08430464565753937,3.714845657348633
1,1349,17.0,-2.223160982131958,24.081769943237305
1,1350,12.0,-4.79764986038208,45.5592041015625
1,1351,31.0,0.9559441804885864,7.755026340484619
1,1352,27.0,0.2942904531955719,3.081333875656128
1,1353,22.0,-0.7318339943885803,2.7485902309417725
1,1354,36.0,1.9900790452957153,20.19617462158203
1,1355,30.0,1.2648272514343262,10.337215423583984
1,1356,32.0,1.4064362049102783,11.75053596496582
1,1357,22.0,-0.5419884324073792,1.711674690246582
1,1358,18.0,-2.0154833793640137,8.623814582824707
1,1359,31.0,1.8189891576766968,11.012593269348145
1,1360,18.0,-1.6392147541046143,8.710837364196777
1,1361,16.0,-2.7367913722991943,14.208077430725098
1,1362,36.0,3.031024217605591,25.31783103942871
1,1363,22.0,-0.10360759496688843,0.8830840587615967
1,1364,18.0,-1.2735555171966553,6.143617153167725
1,1365,19.0,-0.8845942616462708,2.8074820041656494
1,1366,17.0,-1.904830813407898,5.979355335235596
1,1367,21.0,0.15746554732322693,0.5298388600349426
1,1368,12.0,-3.3934853076934814,24.880857467651367
1,1369,27.0,1.46268892288208,14.129240036010742
1,1370,28.0,2.5687289237976074,18.647916793823242
1,1371,15.0,-1.359692931175232,6.292063236236572
1,1372,13.0,-2.664537191390991,12.675829887390137
1,1373,38.0,3.8585023880004883,65.3021469116211
1,1374,13.0,-2.4326858520507812,9.897851943969727
1,1375,26.0,2.7810890674591064,17.816011428833008
1,1376,14.0,-1.2743862867355347,4.433984279632568
1,1377,27.0,3.1714625358581543,23.2248477935791
1,1378,33.0,3.791748046875,45.96420669555664
1,1379,26.0,2.2189269065856934,19.153627395629883
1,1380,15.0,-0.8294610381126404,2.0102486610412598
1,1381,14.0,-1.0943025350570679,3.674788236618042
1,1382,15.0,-0.9165764451026917,1.8320780992507935
1,1383,18.0,0.4737832844257355,1.4068139791488647
1,1384,38.0,4.168965816497803,58.199851989746094
1,1385,16.0,-0.07919275760650635,0.8873974680900574
1,1386,34.0,3.1261134147644043,44.919227600097656
1,1387,13.0,-1.3761249780654907,4.698183059692383
1,1388,19.0,0.8354324698448181,2.706146240234375
1,1389,18.0,0.5765979886054993,1.6239283084869385
1,1390,28.0,2.017918109893799,23.574386596679688
1,1391,46.0,5.315748691558838,75.97493743896484
1,1392,31.0,2.9974236488342285,28.89708137512207
1,1393,10.0,-2.7790040969848633,22.45177459716797
1,1394,12.0,-2.599546194076538,12.790384292602539
1,1395,43.0,3.8565664291381836,56.77378463745117
1,1396,10.0,-3.4758520126342773,24.668581008911133
1,1397,31.0,2.150624990463257,22.966737747192383
1,1398,27.0,1.5062013864517212,12.465746879577637
1,1399,29.0,1.2729160785675049,16.04801368713379
1,1400,33.0,2.214409828186035,23.31355094909668
1,1401,23.0,0.31856247782707214,3.965243339538574
1,1402,26.0,0.5620750188827515,6.581911087036133
1,1403,22.0,-0.09642428904771805,3.3671936988830566
1,1404,12.0,-3.4140021800994873,32.66427993774414
1,1405,45.0,2.983987331390381,35.731300354003906
1,1406,29.0,0.6089987754821777,6.413649559020996
1,1407,13.0,-3.6939995288848877,36.195377349853516
1,1408,32.0,0.7944485545158386,7.880721569061279
1,1409,15.0,-2.6598336696624756,30.750614166259766
1,1410,22.0,-1.4884753227233887,8.70656967163086
1,1411,12.0,-3.6382741928100586,55.58284378051758
1,1412,32.0,0.496136873960495,6.775295734405518
1,1413,15.0,-3.448035717010498,33.33928298950195
1,1414,31.0,0.4284387528896332,5.794286251068115
1,1415,31.0,0.4680843949317932,5.516810417175293
1,1416,18.0,-2.7142744064331055,20.384326934814453
1,1417,26.0,-0.5265262722969055,4.23642635345459
1,1418,20.0,-2.109193801879883,13.688373565673828
1,1419,23.0,-1.5871864557266235,6.432852268218994
1,1420,26.0,-0.3142383098602295,3.089099645614624
1,1421,33.0,1.0165342092514038,8.858574867248535
1,1422,35.0,1.5987709760665894,12.400314331054688
1,1423,23.0,-0.7153860330581665,3.2408406734466553
1,1424,20.0,-1.1728668212890625,7.523174285888672
1,1425,20.0,-1.2360045909881592,6.509903907775879
1,1426,28.0,0.5581643581390381,4.237802982330322
1,1427,23.0,-0.6666749715805054,1.9859185218811035
1,1428,26.0,0.39381730556488037,2.2999379634857178
1,1429,23.0,-0.22564831376075745,1.487583875656128
1,1430,24.0,-0.05528612062335014,1.465705394744873
1,1431,45.0,3.305893898010254,43.23814010620117
1,1432,27.0,0.638390064239502,3.222473621368408
1,1433,39.0,2.1997132301330566,25.63182830810547
1,1434,29.0,0.48958414793014526,3.4255261421203613
1,1435,20.0,-2.2731547355651855,9.326203346252441
1,1436,21.0,-2.082683801651001,7.178832054138184
1,1437,54.0,4.491018772125244,57.19380569458008
1,1438,28.0,0.08539766073226929,1.220038652420044
1,1439,16.0,-2.8736155033111572,28.98293685913086
1,1440,28.0,0.04239199683070183,1.1232068538665771
1,1441,12.0,-4.704831600189209,63.95258712768555
1,1442,22.0,-1.8662693500518799,7.635205268859863
1,1443,40.0,2.2322299480438232,20.706485748291016
1,1444,30.0,0.334802508354187,2.540956974029541
1,1445,44.0,2.9259560108184814,28.04537010192871
1,1446,32.0,0.5196927785873413,3.7700138092041016
1,1447,22.0,-2.5611019134521484,13.033401489257812
1,1448,21.0,-1.467913031578064,14.324946403503418
1,1449,33.0,0.6223938465118408,2.532424211502075
1,1450,30.0,0.010140083730220795,0.968495786190033
1,1451,39.0,1.6396293640136719,10.058402061462402
1,1452,32.0,0.027156662195920944,0.90326327085495
1,1453,27.0,-1.1907347440719604,5.537755966186523
1,1454,31.0,-0.7523670792579651,2.585143804550171
1,1455,21.0,-3.2510910034179688,28.698204040527344
1,1456,17.0,-5.22123908996582,51.27978515625
1,1457,41.0,1.487457036972046,8.4541654586792
1,1458,17.0,-4.500611305236816,53.972023010253906
1,1459,27.0,-0.9879302978515625,4.287750720977783
1,1460,26.0,-0.9222267866134644,4.533241271972656
1,1461,24.0,-1.8164809942245483,12.55712890625
1,1462,20.0,-3.174030303955078,18.477191925048828
1,1463,17.0,-4.147883415222168,30.931941986083984
1,1464,29.0,0.3928249180316925,1.259970784187317
1,1465,18.0,-2.5150845050811768,16.720157623291016
1,1466,14.0,-2.9197869300842285,31.96564483642578
1,1467,18.0,-2.35801100730896,13.495169639587402
1,1468,36.0,2.822812080383301,27.076932907104492
1,1469,50.0,5.614381790161133,79.75310516357422
1,1470,31.0,1.729737639427185,18.2766056060791
1,1471,38.0,3.5438406467437744,41.958614349365234
1,1472,42.0,4.027011394500732,53.38035202026367
1,1473,19.0,-0.9605176448822021,3.7884788513183594
1,1474,61.0,5.765918731689453,105.16909790039062
1,1475,22.0,0.1918504387140274,0.9553720951080322
1,1476,52.0,4.57635498046875,75.0469970703125
1,1477,24.0,0.3090912401676178,1.950563907623291
1,1478,36.0,2.5372188091278076,26.5451717376709
1,1479,16.0,-2.0833847522735596,12.555974960327148
1,1480,24.0,0.28007256984710693,2.3704590797424316
1,1481,17.0,-1.6310780048370361,9.898648262023926
1,1482,20.0,-1.2540608644485474,3.705787181854248
1,1483,26.0,0.6464229822158813,2.6740684509277344
1,1484,24.0,0.09993646293878555,1.3973530530929565
1,1485,46.0,3.388336420059204,45.2796516418457
1,1486,25.0,0.38260793685913086,2.2185516357421875
1,1487,27.0,0.3314482569694519,2.0842337608337402
1,1488,21.0,-1.5312050580978394,5.104218482971191
1,1489,27.0,0.3121102452278137,2.0508852005004883
1,1490,36.0,1.625734806060791,13.123456954956055
1,1491,23.0,-0.9373383522033691,3.8090693950653076
1,1492,18.0,-3.752018690109253,24.081581115722656
1,1493,29.0,0.12256985157728195,0.9650455117225647
1,1494,17.0,-4.149594783782959,36.535888671875
1,1495,73.0,5.365321159362793,90.77404022216797
1,1496,22.0,-2.4682958126068115,11.035520553588867
1,1497,14.0,-4.546715259552002,55.29774856567383
1,1498,9.0,-7.629660129547119,105.69695281982422
1,1499,22.0,-1.8581703901290894,9.719218254089355
1,1500,45.0,3.4666147232055664,34.503204345703125
1,1501,21.0,-1.386559009552002,7.221012115478516
1,1502,14.0,-3.337411403656006,41.81733322143555
1,1503,22.0,-1.0984572172164917,3.4221887588500977
1,1504,16.0,-3.080106258392334,23.362207412719727
1,1505,11.0,-4.368476867675781,45.60530471801758
1,1506,19.0,-1.2419575452804565,7.1199259757995605
1,1507,33.0,2.4093644618988037,17.767505645751953
1,1508,31.0,2.009542465209961,15.524646759033203
1,1509,39.0,3.0062172412872314,38.1697998046875
1,1510,12.0,-2.710513114929199,24.852100372314453
1,1511,32.0,2.5555503368377686,20.927261352539062
1,1512,25.0,1.046228289604187,5.160143852233887
1,1513,47.0,4.308916091918945,61.55628967285156
1,1514,30.0,1.8832112550735474,15.11721420288086
1,1515,39.0,3.4418747425079346,37.273902893066406
1,1516,66.0,5.97715950012207,99.34661865234375
1,1517,40.0,3.2479615211486816,35.705020904541016
1,1518,17.0,-1.5539430379867554,8.748355865478516
1,1519,78.0,6.103744983673096,106.24147033691406
1,1520,49.0,3.6909146308898926,51.991756439208984
1,1521,18.0,-2.077709913253784,10.57325267791748
1,1522,25.0,0.24580052495002747,3.263518810272217
1,1523,38.0,2.0428884029388428,20.95683479309082
1,1524,38.0,2.33774733543396,20.928869247436523
1,1525,31.0,0.8398081064224243,7.726142883300781
1,1526,14.0,-3.2095282077789307,34.62227249145508
1,1527,53.0,3.4677364826202393,39.5997428894043
1,1528,40.0,1.7585002183914185,16.05892562866211
1,1529,16.0,-4.0336198806762695,33.18391799926758
1,1530,36.0,0.9758971333503723,9.141554832458496
1,1531,48.0,1.7995513677597046,22.167634963989258
1,1532,43.0,1.2987993955612183,13.512187004089355
1,1533,10.0,-5.739536285400391,95.39740753173828
1,1534,19.0,-4.09522819519043,37.595787048339844
1,1535,15.0,-4.513104438781738,58.649234771728516
1,1536,38.0,0.07316028326749802,6.470101356506348
1,1537,11.0,-6.86258602142334,89.76759338378906
1,1538,14.0,-5.795193672180176,70.47575378417969
1,1539,26.0,-1.2854665517807007,14.849452018737793
1,1540,26.0,-2.048062562942505,15.246271133422852
1,1541,25.0,-2.198451042175293,15.318608283996582
1,1542,35.0,0.11050373315811157,6.03386926651001
1,1543,14.0,-4.669942855834961,52.75346755981445
1,1544,29.0,-0.3721933662891388,5.817474842071533
1,1545,51.0,2.9220070838928223,28.212236404418945
1,1546,17.0,-3.814359188079834,30.144134521484375
1,1547,25.0,-0.6784444451332092,5.86245584487915
1,1548,10.0,-6.577526092529297,62.20690155029297
1,1549,52.0,3.427154064178467,39.148780822753906
1,1550,26.0,-0.01067133154720068,4.5038838386535645
1,1551,23.0,-0.5408406853675842,5.439485549926758
1,1552,16.0,-2.6182498931884766,15.52081298828125
1,1553,26.0,0.49834996461868286,4.660975456237793
1,1554,42.0,3.0560896396636963,30.950069427490234
1,1555,28.0,0.8272956013679504,7.217210292816162
1,1556,13.0,-2.4566261768341064,24.8149471282959
1,1557,17.0,-1.8239047527313232,11.087762832641602
1,1558,30.0,0.8792487382888794,10.897071838378906
1,1559,14.0,-2.0558574199676514,15.73935317993164
1,1560,17.0,-1.532951831817627,8.202923774719238
1,1561,18.0,-1.1315674781799316,5.841534614562988
1,1562,16.0,-1.7237752676010132,8.130796432495117
1,1563,19.0,-0.3557002544403076,2.442439079284668
1,1564,28.0,1.4995163679122925,13.61669921875
1,1565,15.0,-1.5274749994277954,6.47877311706543
1,1566,19.0,-0.17878584563732147,1.8166894912719727
1,1567,23.0,0.9792144894599915,5.399132251739502
1,1568,19.0,0.03512626886367798,1.8877596855163574
1,1569,23.0,0.872543454170227,6.599940776824951
1,1570,20.0,0.36442917585372925,2.380234956741333
1,1571,15.0,-1.5046898126602173,4.843905448913574
1,1572,35.0,3.612272024154663,36.32468032836914
1,1573,19.0,0.045231256633996964,1.2300471067428589
1,1574,37.0,3.634502649307251,40.831214904785156
1,1575,29.0,1.6663613319396973,16.29648208618164
1,1576,43.0,4.566717624664307,57.32427978515625
1,1577,19.0,-0.5289631485939026,1.2158302068710327
1,1578,22.0,0.35370245575904846,1.6599736213684082
1,1579,49.0,4.453461170196533,64.88712310791016
1,1580,27.0,1.1284245252609253,7.351465225219727
1,1581,27.0,0.9344357848167419,4.81979513168335
1,1582,42.0,3.119293451309204,36.47347640991211
1,1583,31.0,1.1727790832519531,8.897453308105469
1,1584,30.0,0.4231092631816864,4.089599609375
1,1585,12.0,-6.837594509124756,77.67632293701172
1,1586,12.0,-6.742551326751709,82.06324005126953
1,1587,27.0,-1.0458917617797852,4.202321529388428
1,1588,71.0,4.456011772155762,61.66707992553711
1,1589,49.0,2.3605716228485107,26.53711700439453
1,1590,25.0,-1.5735713243484497,8.443358421325684
1,1591,22.0,-2.607351541519165,16.36381721496582
1,1592,23.0,-2.5109832286834717,14.862800598144531
1,1593,48.0,2.104469060897827,23.036043167114258
1,1594,27.0,-0.8272027373313904,3.821073532104492
1,1595,20.0,-2.534709930419922,21.60582160949707
1,1596,24.0,-1.5275763273239136,7.165353298187256
1,1597,74.0,3.812783718109131,66.4492416381836
1,1598,35.0,0.4796452522277832,7.351171970367432
1,1599,17.0,-3.559746742248535,29.795934677124023
1,1600,35.0,0.6570196747779846,8.158503532409668
1,1601,25.0,-1.0919007062911987,3.9082236289978027
1,1602,44.0,2.1912856101989746,25.07975196838379
1,1603,28.0,-0.09369520097970963,2.87099027633667
1,1604,21.0,-2.3506503105163574,13.544137954711914
1,1605,37.0,1.2343271970748901,11.472879409790039
1,1606,62.0,3.7477595806121826,52.22747039794922
1,1607,15.0,-3.6451027393341064,37.72172546386719
1,1608,32.0,0.4562619924545288,4.952624320983887
1,1609,43.0,2.2998056411743164,20.1877384185791
1,1610,39.0,1.4465938806533813,11.711196899414062
1,1611,15.0,-4.991866588592529,47.53141784667969
1,1612,20.0,-3.0189831256866455,21.62025260925293
1,1613,20.0,-2.3375720977783203,24.747005462646484
1,1614,28.0,-0.9020397663116455,3.875323534011841
1,1615,13.0,-4.086253643035889,59.84800338745117
1,1616,24.0,-1.6411575078964233,6.678238868713379
1,1617,24.0,-1.5595556497573853,5.786036014556885
1,1618,15.0,-3.219639301300049,35.08302688598633
1,1619,15.0,-3.4267282485961914,32.309635162353516
1,1620,18.0,-2.1856648921966553,13.06414794921875
1,1621,28.0,0.5513029098510742,3.7073683738708496
1,1622,24.0,0.1503818780183792,2.0673789978027344
1,1623,23.0,-0.08368333429098129,1.8869740962982178
1,1624,41.0,2.802006721496582,36.30107116699219
1,1625,11.0,-4.79766321182251,37.67420959472656
1,1626,34.0,2.1908509731292725,22.7817325592041
1,1627,15.0,-2.4438636302948,12.471619606018066
1,1628,27.0,1.1684925556182861,6.248964309692383
1,1629,55.0,4.847006797790527,76.1713638305664
1,1630,75.0,6.575739860534668,116.0287094116211
1,1631,12.0,-2.415762186050415,22.267301559448242
1,1632,13.0,-2.945762872695923,20.10060691833496
1,1633,26.0,1.0183135271072388,7.64163064956665
1,1634,14.0,-2.573850393295288,13.218452453613281
1,1635,27.0,1.2970285415649414,9.777990341186523
1,1636,37.0,3.3493072986602783,33.92815399169922
1,1637,50.0,4.233497142791748,62.86428451538086
1,1638,31.0,1.5909396409988403,17.722471237182617
1,1639,24.0,0.32125693559646606,2.883253335952759
1,1640,46.0,3.5392298698425293,48.19562911987305
1,1641,12.0,-3.3468472957611084,28.373504638671875
1,1642,34.0,2.213258743286133,18.616870880126953
1,1643,12.0,-4.06211519241333,30.644498825073242
1,1644,11.0,-4.466851711273193,41.87652587890625
1,1645,33.0,1.5626484155654907,12.867652893066406
1,1646,40.0,2.2254176139831543,26.25159454345703
1,1647,16.0,-2.8757801055908203,16.505035400390625
1,1648,16.0,-3.410747766494751,15.838069915771484
1,1649,53.0,3.9398787021636963,50.54841995239258
1,1650,26.0,0.209401935338974,3.9512250423431396
1,1651,31.0,1.0435888767242432,8.300479888916016
1,1652,18.0,-2.091085195541382,12.629021644592285
1,1653,21.0,-1.5110557079315186,6.407815456390381
1,1654,24.0,-0.4101279377937317,3.5304505825042725
1,1655,18.0,-2.0866007804870605,13.1150541305542
1,1656,16.0,-2.6913888454437256,18.771198272705078
1,1657,29.0,0.4734213054180145,6.957624912261963
1,1658,18.0,-1.8662409782409668,10.938624382019043
1,1659,56.0,3.919952392578125,56.70147705078125
1,1660,24.0,-0.004054059274494648,2.665152072906494
1,1661,15.0,-2.3243000507354736,17.80778694152832
1,1662,11.0,-3.9676053524017334,41.3073844909668
1,1663,42.0,3.2691643238067627,34.0606803894043
1,1664,30.0,1.3119232654571533,10.064841270446777
1,1665,27.0,0.5247913002967834,6.333329200744629
1,1666,24.0,-0.12510046362876892,2.8177552223205566
1,1667,10.0,-4.605832576751709,42.57001876831055
1,1668,28.0,0.6546528339385986,5.985226154327393
1,1669,28.0,0.9057886004447937,5.537658214569092
1,1670,27.0,0.5541155338287354,3.9763240814208984
1,1671,10.0,-4.359830856323242,49.52995300292969
1,1672,23.0,-0.3227725923061371,2.1199328899383545
1,1673,27.0,0.4679337739944458,3.024676561355591
1,1674,10.0,-4.551540374755859,56.07899856567383
1,1675,9.0,-6.124676704406738,64.2313232421875
1,1676,18.0,-2.43935489654541,13.099236488342285
1,1677,20.0,-1.264962911605835,6.5498175621032715
1,1678,40.0,2.615920305252075,27.338884353637695
1,1679,39.0,2.7827091217041016,25.781234741210938
1,1680,27.0,0.6034706830978394,3.3193347454071045
1,1681,12.0,-3.677562713623047,41.031646728515625
1,1682,9.0,-4.817352294921875,53.81878662109375
1,1683,20.0,-0.8288297057151794,4.855747222900391
1,1684,33.0,1.8396270275115967,14.240726470947266
1,1685,29.0,1.2908399105072021,6.001244068145752
1,1686,17.0,-1.6093339920043945,11.137188911437988
1,1687,39.0,2.642925500869751,28.157529830932617
1,1688,24.0,0.12311403453350067,1.9020488262176514
1,1689,13.0,-3.7498836517333984,24.62936019897461
1,1690,15.0,-3.235452890396118,19.721553802490234
1,1691,18.0,-1.8315773010253906,8.487383842468262
1,1692,16.0,-2.437479019165039,12.780403137207031
1,1693,23.0,0.35696151852607727,2.096567392349243
1,1694,27.0,1.192345380783081,6.239612102508545
1,1695,28.0,1.098067283630371,7.416325092315674
1,1696,13.0,-3.170079469680786,18.726436614990234
1,1697,57.0,5.266165733337402,78.23284149169922
1,1698,17.0,-1.8311125040054321,7.706961631774902
1,1699,10.0,-3.281205415725708,33.1005744934082
1,1700,58.0,4.969371795654297,86.10101318359375
1,1701,22.0,0.2033814936876297,1.7369029521942139
1,1702,31.0,2.5701894760131836,16.369905471801758
1,1703,67.0,5.696776390075684,100.45989990234375
1,1704,15.0,-1.953881859779358,10.570096969604492
1,1705,17.0,-1.5113698244094849,5.5191426277160645
1,1706,23.0,0.3389999568462372,2.3569400310516357
1,1707,14.0,-1.717647910118103,14.318267822265625
1,1708,25.0,0.7629331350326538,3.8311634063720703
1,1709,18.0,-1.2232285737991333,4.256364345550537
1,1710,26.0,1.2332329750061035,6.099124908447266
1,1711,29.0,1.5199986696243286,10.412052154541016
1,1712,33.0,2.424992322921753,20.067596435546875
1,1713,41.0,3.4193620681762695,40.117942810058594
1,1714,28.0,1.3421977758407593,7.059561252593994
1,1715,51.0,4.0235090255737305,57.303104400634766
1,1716,23.0,-0.34117409586906433,1.7246650457382202
1,1717,10.0,-5.33322811126709,58.103118896484375
1,1718,11.0,-4.668581485748291,48.970481872558594
1,1719,17.0,-3.0738933086395264,15.618122100830078
1,1720,17.0,-1.8444870710372925,15.035359382629395
1,1721,11.0,-4.255285739898682,39.48101043701172
1,1722,44.0,3.140753746032715,39.54670333862305
1,1723,40.0,2.215646266937256,29.942167282104492
1,1724,30.0,1.5644896030426025,9.358355522155762
1,1725,23.0,-0.21934419870376587,1.9278067350387573
1,1726,57.0,4.091815948486328,62.848594665527344
1,1727,27.0,0.6843863129615784,4.558271884918213
1,1728,38.0,2.2971713542938232,22.23242950439453
1,1729,41.0,2.970212697982788,29.495206832885742
1,1730,31.0,0.8570629358291626,7.487000465393066
1,1731,38.0,1.8482345342636108,18.815717697143555
1,1732,20.0,-2.350447416305542,12.026846885681152
1,1733,50.0,2.2052159309387207,34.40226364135742
1,1734,11.0,-6.056512832641602,67.74693298339844
1,1735,13.0,-4.067865371704102,51.976966857910156
1,1736,11.0,-5.05474853515625,63.08102035522461
1,1737,33.0,0.46454840898513794,4.868716716766357
1,1738,69.0,3.5253846645355225,55.532222747802734
1,1739,23.0,-1.231097936630249,10.151164054870605
1,1740,75.0,4.277664661407471,59.322898864746094
1,1741,37.0,0.7397578358650208,8.91592025756836
1,1742,33.0,0.4148169159889221,4.634397029876709
1,1743,25.0,-0.9708234071731567,9.41041374206543
1,1744,39.0,1.0130507946014404,8.315450668334961
1,1745,32.0,-0.31428229808807373,3.767265796661377
1,1746,18.0,-4.236949920654297,42.58600997924805
1,1747,22.0,-2.0110056400299072,22.20985221862793
1,1748,29.0,-0.7215262055397034,5.502297401428223
1,1749,11.0,-8.077795028686523,83.90222930908203
1,1750,12.0,-5.754153251647949,72.70218658447266
1,1751,22.0,-2.307849168777466,18.827655792236328
1,1752,16.0,-3.6594290733337402,40.16645812988281
1,1753,46.0,1.6917957067489624,25.291467666625977
1,1754,17.0,-3.344330072402954,27.12481689453125
1,1755,29.0,0.027829783037304878,2.9311680793762207
1,1756,26.0,-0.9677001237869263,4.423945903778076
1,1757,31.0,0.5897185802459717,5.545682430267334
1,1758,31.0,0.6411479115486145,5.792617321014404
1,1759,13.0,-3.9199378490448,37.57426071166992
1,1760,66.0,4.043981075286865,67.6224136352539
1,1761,45.0,3.0108392238616943,30.076099395751953
1,1762,24.0,-0.30989277362823486,2.486790657043457
1,1763,21.0,-1.5390636920928955,9.790973663330078
1,1764,47.0,2.6589291095733643,35.06678009033203
1,1765,48.0,3.0773298740386963,36.169212341308594
1,1766,16.0,-2.3863449096679688,25.54314422607422
1,1767,36.0,1.4676125049591064,14.158763885498047
1,1768,45.0,2.946544885635376,30.35420036315918
1,1769,54.0,3.348499298095703,44.069244384765625
1,1770,49.0,3.007476806640625,35.03498458862305
1,1771,30.0,0.36248376965522766,3.538968801498413
1,1772,34.0,0.718337893486023,5.880138874053955
1,1773,33.0,0.6285956501960754,5.244042873382568
1,1774,50.0,2.3404452800750732,31.62847328186035
1,1775,30.0,-0.5366963744163513,3.887911081314087
1,1776,37.0,0.8703801035881042,5.1869072914123535
1,1777,21.0,-2.7960658073425293,29.730560302734375
1,1778,43.0,0.7665343880653381,7.815568447113037
1,1779,17.0,-4.746812343597412,62.62518310546875
1,1780,40.0,0.21915510296821594,3.314495801925659
1,1781,14.0,-5.993844032287598,97.31631469726562
1,1782,58.0,1.7380746603012085,20.80832290649414
1,1783,58.0,1.9494502544403076,23.33285140991211
1,1784,44.0,0.019212333485484123,3.3242156505584717
1,1785,11.0,-9.170681953430176,157.44488525390625
1,1786,28.0,-3.1593759059906006,36.298248291015625
1,1787,33.0,-1.537721037864685,15.635318756103516
1,1788,32.0,-1.5306651592254639,16.868555068969727
1,1789,28.0,-2.299611806869507,32.03556823730469
1,1790,14.0,-5.287003517150879,109.0512924194336
1,1791,34.0,-1.8270204067230225,12.376779556274414
1,1792,43.0,0.07185959815979004,3.39334774017334
1,1793,38.0,-0.9281510710716248,4.89155387878418
1,1794,33.0,-1.3060989379882812,5.9732136726379395
1,1795,27.0,-1.6755255460739136,15.010425567626953
1,1796,14.0,-6.011327743530273,78.1877670288086
1,1797,29.0,-1.6252208948135376,8.367728233337402
1,1798,15.0,-5.603942394256592,64.01893615722656
1,1799,14.0,-4.347545146942139,60.200538635253906
1,1800,16.0,-3.8832459449768066,42.68015670776367
1,1801,18.0,-3.190150260925293,27.902385711669922
1,1802,39.0,2.392991065979004,20.732023239135742
1,1803,17.0,-2.604448080062866,23.43254280090332
1,1804,27.0,0.3415258526802063,2.1412408351898193
1,1805,68.0,5.863800525665283,91.94306945800781
1,1806,12.0,-3.614938735961914,32.585147857666016
1,1807,33.0,1.9609225988388062,13.202561378479004
1,1808,47.0,4.251490592956543,49.44157409667969
1,1809,20.0,-0.9499912261962891,4.0043559074401855
1,1810,34.0,2.4221720695495605,18.174562454223633
1,1811,32.0,1.751015305519104,16.402332305908203
1,1812,22.0,-0.5345820188522339,2.8591063022613525
1,1813,20.0,-0.9481790661811829,4.11078405380249
1,1814,17.0,-1.328028917312622,8.815569877624512
1,1815,13.0,-2.688406467437744,19.5262508392334
1,1816,13.0,-3.52447247505188,18.85672378540039
1,1817,25.0,0.8240857124328613,5.104600429534912
1,1818,13.0,-2.6928679943084717,15.989442825317383
1,1819,32.0,2.5862746238708496,20.127138137817383
1,1820,17.0,-1.0901256799697876,4.027054309844971
1,1821,22.0,0.5639266967773438,3.052391290664673
1,1822,19.0,0.04186836630105972,2.2017722129821777
1,1823,25.0,1.3363032341003418,7.222487926483154
1,1824,12.0,-2.408331871032715,14.773112297058105
1,1825,14.0,-1.1827397346496582,6.689027786254883
1,1826,19.0,-0.17746934294700623,1.2919114828109741
1,1827,21.0,0.6249769926071167,2.398777484893799
1,1828,30.0,2.288168430328369,25.701202392578125
1,1829,11.0,-2.68061900138855,16.03473472595215
1,1830,37.0,3.303473711013794,42.158748626708984
1,1831,66.0,6.512078285217285,117.00704193115234
1,1832,31.0,3.3183343410491943,27.811498641967773
1,1833,31.0,2.93723464012146,25.580575942993164
1,1834,14.0,-1.5891937017440796,8.353496551513672
1,1835,9.0,-3.8440046310424805,33.687259674072266
1,1836,32.0,2.926997661590576,27.82221794128418
1,1837,27.0,1.8909460306167603,14.142508506774902
1,1838,29.0,2.166091203689575,15.677492141723633
1,1839,15.0,-2.1517679691314697,8.907515525817871
1,1840,43.0,3.7241673469543457,48.78995895385742
1,1841,16.0,-1.6702548265457153,7.4108781814575195
1,1842,37.0,3.2749013900756836,31.79662322998047
1,1843,13.0,-2.9929208755493164,19.826419830322266
1,1844,31.0,1.9253449440002441,17.99945068359375
1,1845,63.0,5.148375034332275,82.68456268310547
1,1846,26.0,0.6451109051704407,5.913931369781494
1,1847,41.0,2.4853854179382324,34.11726379394531
1,1848,32.0,1.3918616771697998,15.026763916015625
1,1849,22.0,-0.4914972484111786,2.9818027019500732
1,1850,28.0,0.5905013680458069,5.181694507598877
1,1851,12.0,-4.2604265213012695,38.596622467041016
1,1852,25.0,-0.49958473443984985,3.210838794708252
1,1853,31.0,0.5431907773017883,7.978464126586914
1,1854,24.0,-0.9611839652061462,3.6659626960754395
1,1855,17.0,-2.6614902019500732,17.775449752807617
1,1856,31.0,0.5281493663787842,7.396572589874268
1,1857,47.0,2.5020899772644043,30.567855834960938
1,1858,20.0,-2.033200979232788,12.154939651489258
1,1859,15.0,-4.108748435974121,35.9419059753418
1,1860,47.0,2.450406312942505,29.005346298217773
1,1861,21.0,-2.184701919555664,12.109858512878418
1,1862,52.0,3.0869429111480713,37.64992904663086
1,1863,11.0,-4.571378707885742,64.71796417236328
1,1864,19.0,-2.7770445346832275,19.30888557434082
1,1865,36.0,1.4969110488891602,12.574517250061035
1,1866,11.0,-4.707587718963623,52.853759765625
1,1867,20.0,-2.2652201652526855,12.833849906921387
1,1868,17.0,-3.1544013023376465,21.217863082885742
1,1869,27.0,0.009284751489758492,4.94683313369751
1,1870,52.0,3.507798671722412,47.737396240234375
1,1871,21.0,-0.9110203981399536,5.2095255851745605
1,1872,47.0,3.509795904159546,40.588653564453125
1,1873,16.0,-2.126023769378662,12.952240943908691
1,1874,10.0,-3.943653106689453,38.7364501953125
1,1875,22.0,-0.47404325008392334,3.0874671936035156
1,1876,43.0,3.0838582515716553,37.97805404663086
1,1877,63.0,4.489300727844238,76.88903045654297
1,1878,37.0,2.706589698791504,27.8660831451416
1,1879,36.0,2.124251127243042,22.88667869567871
1,1880,10.0,-4.378206253051758,36.35371398925781
1,1881,12.0,-3.255934715270996,23.5693359375
1,1882,39.0,2.8821263313293457,32.14207458496094
1,1883,19.0,-0.923669159412384,4.014830589294434
1,1884,9.0,-4.249438762664795,35.801368713378906
1,1885,50.0,4.176187992095947,54.51882553100586
1,1886,29.0,1.2663068771362305,11.129826545715332
1,1887,66.0,5.214578151702881,79.9362564086914
1,1888,44.0,2.9212281703948975,43.54318618774414
1,1889,21.0,-0.03011620230972767,3.4680402278900146
1,1890,14.0,-2.3012855052948,15.570566177368164
1,1891,45.0,3.3979315757751465,39.97087860107422
1,1892,37.0,1.8773008584976196,23.972732543945312
1,1893,14.0,-2.120396614074707,16.68568992614746
1,1894,25.0,0.3914077877998352,5.483689785003662
1,1895,28.0,0.6325670480728149,6.720901012420654
1,1896,13.0,-3.9164628982543945,26.925878524780273
1,1897,14.0,-3.267768144607544,19.854238510131836
1,1898,29.0,0.5029076337814331,7.2455878257751465
1,1899,16.0,-2.854990005493164,14.760468482971191
1,1900,25.0,0.029344096779823303,4.25345516204834
1,1901,12.0,-3.5113964080810547,32.497623443603516
1,1902,11.0,-4.186660289764404,41.76359939575195
1,1903,27.0,0.5694364905357361,5.420899391174316
1,1904,18.0,-1.6010133028030396,9.957791328430176
1,1905,16.0,-2.462981700897217,16.745420455932617
1,1906,39.0,2.0377750396728516,24.43959617614746
1,1907,18.0,-1.9831019639968872,7.6455864906311035
1,1908,16.0,-1.6578348875045776,11.011713027954102
1,1909,20.0,-1.011618733406067,4.408326625823975
1,1910,31.0,1.1558263301849365,12.410650253295898
1,1911,67.0,4.766833782196045,77.78044891357422
1,1912,26.0,0.8908557891845703,5.842960834503174
1,1913,9.0,-5.487307071685791,45.4398307800293
1,1914,14.0,-2.341803550720215,14.061002731323242
1,1915,21.0,-0.42185017466545105,2.612952709197998
1,1916,27.0,0.8515558838844299,7.261845588684082
1,1917,45.0,3.426072120666504,43.423194885253906
1,1918,32.0,1.710534691810608,16.10802459716797
1,1919,39.0,2.336587905883789,29.67287254333496
1,1920,47.0,3.7045199871063232,47.350948333740234
1,1921,34.0,2.22371768951416,17.08873748779297
1,1922,46.0,3.4049863815307617,42.87515640258789
1,1923,28.0,0.5921614170074463,6.479167461395264
1,1924,15.0,-2.1380035877227783,20.778799057006836
1,1925,38.0,1.608164668083191,19.135282516479492
1,1926,33.0,0.9705943465232849,8.919783592224121
1,1927,27.0,-0.20502062141895294,2.383162021636963
1,1928,21.0,-2.4584619998931885,12.275839805603027
1,1929,33.0,0.6964921951293945,5.539371490478516
1,1930,19.0,-2.350064992904663,21.589733123779297
1,1931,48.0,1.8683871030807495,22.537195205688477
1,1932,11.0,-7.648515224456787,93.67703247070312
1,1933,14.0,-6.569372653961182,67.13565826416016
1,1934,36.0,0.4909663200378418,6.266528606414795
1,1935,22.0,-2.644826889038086,16.151195526123047
1,1936,49.0,2.3942606449127197,22.810012817382812
1,1937,9.0,-8.24120807647705,114.50860595703125
1,1938,13.0,-7.215357780456543,70.96932983398438
1,1939,46.0,1.8504745960235596,18.321895599365234
1,1940,34.0,0.20806780457496643,3.9556055068969727
1,1941,33.0,0.017186332494020462,4.060943126678467
1,1942,31.0,-0.14014118909835815,2.537513494491577
1,1943,18.0,-4.732977390289307,39.491275787353516
1,1944,9.0,-8.35581111907959,107.71541595458984
1,1945,16.0,-4.757937431335449,45.813961029052734
1,1946,69.0,3.531062126159668,53.41659164428711
1,1947,29.0,-0.022847983986139297,2.200653076171875
1,1948,24.0,-1.8995505571365356,13.375069618225098
1,1949,21.0,-2.6181936264038086,19.62818717956543
1,1950,25.0,-1.092526912689209,7.030029773712158
1,1951,15.0,-3.864424705505371,42.59892654418945
1,1952,17.0,-3.6179141998291016,24.05805778503418
1,1953,33.0,0.6861830353736877,7.138713359832764
1,1954,13.0,-3.629617691040039,39.37270736694336
1,1955,23.0,-1.364292860031128,5.731396198272705
1,1956,42.0,2.9960155487060547,32.98722839355469
1,1957,13.0,-3.3306691646575928,29.117273330688477
1,1958,18.0,-1.8309162855148315,7.552322864532471
1,1959,34.0,2.0570614337921143,16.509109497070312
1,1960,23.0,-0.31349486112594604,3.806914806365967
1,1961,42.0,3.2447049617767334,36.861351013183594
1,1962,47.0,3.7561700344085693,59.00227737426758
1,1963,27.0,1.114012360572815,7.342759609222412
1,1964,16.0,-1.9530822038650513,10.61851978302002
1,1965,16.0,-1.531812071800232,8.211639404296875
1,1966,29.0,1.6153345108032227,9.92480754852295
1,1967,29.0,1.2441139221191406,9.660499572753906
1,1968,37.0,2.1636273860931396,27.74641990661621
1,1969,24.0,0.36953040957450867,4.108700752258301
1,1970,10.0,-4.1568989753723145,37.682823181152344
1,1971,12.0,-2.7230019569396973,25.526540756225586
1,1972,24.0,0.20163558423519135,3.527073860168457
1,1973,33.0,1.82741117477417,18.38397979736328
1,1974,33.0,1.9541538953781128,17.042789459228516
1,1975,19.0,-0.7782896757125854,3.17273211479187
1,1976,15.0,-2.49637770652771,16.4288272857666
1,1977,20.0,-1.0523780584335327,5.368947505950928
1,1978,47.0,3.792912244796753,47.09975814819336
1,1979,47.0,3.664520263671875,51.96012878417969
1,1980,13.0,-3.2989752292633057,23.75426483154297
1,1981,32.0,1.0080225467681885,11.943099975585938
1,1982,15.0,-2.2454614639282227,18.153568267822266
1,1983,32.0,2.187643051147461,17.95698356628418
1,1984,60.0,4.8628973960876465,77.31502532958984
1,1985,30.0,1.0765645503997803,10.041436195373535
1,1986,39.0,2.4737889766693115,29.514406204223633
1,1987,24.0,0.14857280254364014,1.6718230247497559
1,1988,27.0,0.19933006167411804,3.0991833209991455
1,1989,15.0,-3.608936071395874,25.858386993408203
1,1990,12.0,-4.065223217010498,44.02955627441406
1,1991,27.0,0.25501590967178345,2.492943525314331
1,1992,27.0,0.18403548002243042,2.1563286781311035
1,1993,22.0,-0.9183374643325806,4.4076385498046875
1,1994,13.0,-4.00495719909668,47.1424560546875
1,1995,32.0,0.7930812835693359,4.724995136260986
1,1996,13.0,-5.2169108390808105,48.605079650878906
1,1997,16.0,-4.294624328613281,29.705528259277344
1,1998,31.0,0.5627908110618591,3.425076723098755
1,1999,31.0,0.4364053010940552,4.0251078605651855
1,2000,52.0,2.9586002826690674,43.18136978149414
1,2001,22.0,-1.8311896324157715,8.70748519897461
1,2002,33.0,0.8397908806800842,6.353869438171387
1,2003,25.0,-1.6370432376861572,4.87195348739624
1,2004,17.0,-3.9217991828918457,25.771963119506836
1,2005,54.0,3.0811190605163574,39.4804573059082
1,2006,38.0,1.1535221338272095,10.836745262145996
1,2007,22.0,-1.9548753499984741,10.989991188049316
1,2008,42.0,1.7439340353012085,15.46055793762207
1,2009,38.0,1.423799991607666,9.121780395507812
1,2010,30.0,0.00010454049333930016,1.551800012588501
1,2011,15.0,-4.031030178070068,47.71207809448242
1,2012,43.0,1.4020227193832397,13.105130195617676
1,2013,36.0,1.0445176362991333,5.720347881317139
1,2014,28.0,-1.0068624019622803,4.641029357910156
1,2015,59.0,3.0947859287261963,38.777809143066406
1,2016,35.0,-0.034323032945394516,4.073669910430908
1,2017,43.0,1.5119282007217407,8.713017463684082
1,2018,25.0,-2.213176965713501,17.539270401000977
1,2019,27.0,-1.2668105363845825,9.979783058166504
1,2020,22.0,-3.0719189643859863,33.31439208984375
1,2021,11.0,-8.991023063659668,108.99783325195312
1,2022,33.0,-0.24209262430667877,1.8264609575271606
1,2023,26.0,-2.091318130493164,15.5848970413208
1,2024,29.0,-1.0113199949264526,3.627422571182251
1,2025,50.0,2.3892366886138916,23.218385696411133
1,2026,33.0,0.15774410963058472,1.2278621196746826
1,2027,28.0,-1.0078377723693848,3.9317824840545654
1,2028,38.0,0.6637091636657715,5.599665641784668
1,2029,32.0,0.05759347602725029,0.8407176733016968
1,2030,27.0,-1.027500033378601,3.2386505603790283
1,2031,55.0,3.8264739513397217,42.96165466308594
1,2032,15.0,-3.9179627895355225,55.65425109863281
1,2033,16.0,-4.1687750816345215,47.170562744140625
1,2034,34.0,0.7882142663002014,3.1695663928985596
1,2035,50.0,3.2258293628692627,33.42184829711914
1,2036,35.0,0.7212961912155151,4.486576080322266
1,2037,33.0,0.3784332871437073,1.837973952293396
1,2038,17.0,-4.676627159118652,42.090301513671875
1,2039,41.0,1.674594759941101,12.493134498596191
1,2040,37.0,0.9865679740905762,4.729616165161133
1,2041,32.0,0.10212021321058273,0.3935103416442871
1,2042,30.0,-0.2928336262702942,0.6356585025787354
1,2043,19.0,-3.5903403759002686,41.42403030395508
1,2044,36.0,0.5993254780769348,2.8129820823669434
1,2045,31.0,-0.38251441717147827,4.297017574310303
1,2046,25.0,-2.357395887374878,17.129962921142578
1,2047,29.0,-0.6942431330680847,2.2671310901641846
1,2048,36.0,0.4216402769088745,1.4223437309265137
1,2049,23.0,-1.9987168312072754,14.202352523803711
1,2050,37.0,0.6855796575546265,2.3295955657958984
1,2051,34.0,0.10225234925746918,1.171205759048462
1,2052,53.0,3.2754411697387695,43.75393295288086
1,2053,51.0,2.4584288597106934,27.54104995727539
1,2054,17.0,-3.371074676513672,48.10414505004883
1,2055,14.0,-6.5827178955078125,73.4553451538086
1,2056,34.0,0.33518192172050476,1.1153966188430786
1,2057,9.0,-8.597749710083008,112.00204467773438
1,2058,39.0,1.098802089691162,4.9601922035217285
1,2059,20.0,-4.28170919418335,32.98326873779297
1,2060,25.0,-2.363312244415283,17.355815887451172
1,2061,33.0,0.6623520255088806,1.9543914794921875
1,2062,36.0,0.8609446883201599,2.831295967102051
1,2063,22.0,-3.0432541370391846,18.024839401245117
1,2064,13.0,-6.468607425689697,68.83019256591797
1,2065,46.0,1.5774375200271606,16.23914337158203
1,2066,8.0,-9.065673828125,104.05624389648438
1,2067,15.0,-3.450869083404541,47.865196228027344
1,2068,54.0,2.9083640575408936,36.86577224731445
1,2069,9.0,-6.552826404571533,84.66588592529297
1,2070,31.0,-0.3083742558956146,5.802036285400391
1,2071,30.0,0.39737269282341003,2.2678163051605225
1,2072,48.0,2.7817695140838623,24.498472213745117
1,2073,32.0,0.46418383717536926,6.561337471008301
1,2074,33.0,0.7804792523384094,6.5369977951049805
1,2075,24.0,-1.434741497039795,10.566366195678711
1,2076,22.0,-2.4925127029418945,15.26668930053711
1,2077,35.0,1.195694088935852,6.945984840393066
1,2078,13.0,-3.786078929901123,43.68946838378906
1,2079,27.0,-0.15418635308742523,2.272735357284546
1,2080,51.0,2.557884693145752,34.24971389770508
1,2081,27.0,-0.44062042236328125,3.1437602043151855
1,2082,30.0,0.5203378200531006,2.1925652027130127
1,2083,52.0,3.3154072761535645,38.003719329833984
1,2084,17.0,-3.675233840942383,24.694211959838867
1,2085,39.0,1.8724143505096436,14.042837142944336
1,2086,24.0,-0.6100062727928162,4.019252777099609
1,2087,18.0,-2.7040581703186035,25.060701370239258
1,2088,10.0,-6.791722297668457,67.21062469482422
1,2089,52.0,3.3712589740753174,40.77117919921875
1,2090,24.0,-0.39369142055511475,2.267214775085449
1,2091,17.0,-3.065441131591797,24.127445220947266
1,2092,28.0,-0.06195381283760071,1.9398776292800903
1,2093,49.0,2.9612233638763428,36.07952880859375
1,2094,46.0,3.114542245864868,31.231882095336914
1,2095,49.0,3.1250996589660645,49.111473083496094
1,2096,22.0,-1.3571120500564575,6.96205472946167
1,2097,53.0,3.9271039962768555,58.842166900634766
1,2098,57.0,5.12067174911499,66.87975311279297
1,2099,15.0,-3.3515267372131348,28.90350341796875
1,2100,15.0,-3.4665541648864746,32.995880126953125
1,2101,35.0,1.4040263891220093,11.207670211791992
1,2102,23.0,-1.0592608451843262,4.406177043914795
1,2103,19.0,-1.6443592309951782,10.838311195373535
1,2104,22.0,-1.02912175655365,8.058609008789062
1,2105,39.0,1.9915745258331299,17.356966018676758
1,2106,23.0,-0.9779174327850342,6.992776393890381
1,2107,14.0,-3.2688021659851074,28.096294403076172
1,2108,20.0,-1.655320167541504,9.736610412597656
1,2109,30.0,0.7154549360275269,6.48668909072876
1,2110,42.0,2.819795846939087,31.165557861328125
1,2111,29.0,0.59282386302948,7.049673080444336
1,2112,25.0,0.1979707032442093,4.697021961212158
1,2113,18.0,-2.018674850463867,10.266645431518555
1,2114,14.0,-3.4816651344299316,24.69049644470215
1,2115,54.0,4.142548084259033,54.518409729003906
1,2116,37.0,2.6262311935424805,22.55948829650879
1,2117,29.0,0.8714961409568787,6.894378185272217
1,2118,34.0,1.5319678783416748,13.873485565185547
1,2119,28.0,0.7378072738647461,4.078771591186523
1,2120,16.0,-2.693124294281006,15.701997756958008
1,2121,21.0,-1.713880181312561,5.726146697998047
1,2122,34.0,1.288480281829834,14.464692115783691
1,2123,49.0,3.2491719722747803,39.039215087890625
1,2124,33.0,1.1289632320404053,8.660443305969238
1,2125,37.0,1.9209823608398438,15.61094856262207
1,2126,27.0,-0.2398412525653839,2.2587196826934814
1,2127,42.0,2.2650673389434814,26.74187660217285
1,2128,38.0,1.504259467124939,12.190766334533691
1,2129,27.0,-0.5671207904815674,2.247483491897583
1,2130,27.0,-0.7113641500473022,4.379185676574707
1,2131,31.0,-0.4718248248100281,3.2742583751678467
1,2132,15.0,-4.127233505249023,49.338497161865234
1,2133,48.0,2.4470980167388916,24.815282821655273
1,2134,38.0,1.0863722562789917,8.86445426940918
1,2135,52.0,2.856135845184326,31.073026657104492
1,2136,34.0,0.2758767306804657,2.5192148685455322
1,2137,36.0,0.07385192811489105,4.63169527053833
1,2138,24.0,-2.364492654800415,13.086287498474121
1,2139,14.0,-7.184899806976318,80.38158416748047
1,2140,43.0,1.1507105827331543,9.506674766540527
1,2141,48.0,1.8351503610610962,15.353097915649414
1,2142,48.0,1.920881748199463,16.589536666870117
1,2143,18.0,-5.267664909362793,58.130714416503906
1,2144,29.0,-1.8719966411590576,11.93183422088623
1,2145,11.0,-9.440736770629883,123.43890380859375
1,2146,8.0,-11.855937957763672,158.18035888671875
1,2147,39.0,0.16560810804367065,4.65041446685791
1,2148,24.0,-2.3897287845611572,24.81757926940918
1,2149,24.0,-2.534034490585327,20.71054458618164
1,2150,24.0,-3.043297529220581,23.414169311523438
1,2151,21.0,-3.6036694049835205,32.18535614013672
1,2152,35.0,-0.08428256213665009,3.2810511589050293
1,2153,15.0,-4.969651699066162,56.040771484375
1,2154,20.0,-3.373589038848877,27.786827087402344
1,2155,31.0,0.19713737070560455,2.5693509578704834
1,2156,20.0,-2.634348154067993,17.591405868530273
1,2157,29.0,0.13986346125602722,2.2453689575195312
1,2158,31.0,0.6542516946792603,2.831376075744629
1,2159,54.0,3.777517318725586,52.20079040527344
1,2160,52.0,2.8783302307128906,41.11187744140625
1,2161,27.0,-0.2271457314491272,2.5102546215057373
1,2162,33.0,1.2016643285751343,6.512389183044434
1,2163,24.0,-0.6643171906471252,4.0886406898498535
1,2164,18.0,-2.506685733795166,18.295835494995117
1,2165,41.0,2.4688973426818848,24.131420135498047
1,2166,11.0,-4.6772990226745605,58.705467224121094
1,2167,37.0,1.176180124282837,13.416831016540527
1,2168,41.0,3.040804386138916,28.022846221923828
1,2169,13.0,-4.909869194030762,44.7703857421875
1,2170,23.0,-0.9837130308151245,3.63847279548645
1,2171,32.0,0.8498318195343018,5.537081241607666
1,2172,14.0,-2.948478937149048,36.910404205322266
1,2173,33.0,1.1411386728286743,7.240720272064209
1,2174,49.0,3.177154541015625,50.01261901855469
1,2175,18.0,-2.0109479427337646,17.153291702270508
1,2176,31.0,1.3862484693527222,6.154611110687256
1,2177,43.0,2.531423568725586,27.611051559448242
1,2178,34.0,1.5383745431900024,9.115758895874023
1,2179,16.0,-2.5670130252838135,24.647602081298828
1,2180,22.0,-0.9163354635238647,7.579524517059326
1,2181,30.0,0.3138997554779053,2.851853370666504
1,2182,11.0,-4.738437175750732,51.211097717285156
1,2183,60.0,4.173675060272217,61.29648208618164
1,2184,51.0,3.4689037799835205,45.773284912109375
1,2185,29.0,0.15810897946357727,2.2933356761932373
1,2186,10.0,-4.268149375915527,61.80778503417969
1,2187,48.0,3.738950729370117,35.648773193359375
1,2188,41.0,1.9787018299102783,17.662242889404297
1,2189,31.0,0.3228111267089844,2.5083670616149902
1,2190,21.0,-1.9591249227523804,13.690661430358887
1,2191,45.0,1.955371618270874,21.422090530395508
1,2192,50.0,2.937437057495117,29.922279357910156
1,2193,19.0,-3.1943233013153076,30.898574829101562
1,2194,42.0,1.4183125495910645,9.15973949432373
1,2195,30.0,-0.3989051878452301,3.7726857662200928
1,2196,51.0,2.1895992755889893,21.967710494995117
1,2197,19.0,-3.9722890853881836,36.84706497192383
1,2198,9.0,-6.9600830078125,104.94756317138672
1,2199,12.0,-5.174276351928711,65.52449798583984
1,2200,45.0,1.409456729888916,9.088417053222656
1,2201,25.0,-1.60768723487854,13.489465713500977
1,2202,14.0,-6.281071662902832,65.47307586669922
1,2203,27.0,-1.9620593786239624,13.623809814453125
1,2204,15.0,-5.409946918487549,50.615501403808594
1,2205,23.0,-1.5980652570724487,21.511754989624023
1,2206,30.0,-0.45044779777526855,7.106352806091309
1,2207,24.0,-1.029883623123169,8.237750053405762
1,2208,18.0,-2.006063222885132,16.870737075805664
1,2209,41.0,1.9271973371505737,18.56855010986328
1,2210,47.0,3.174624443054199,29.60553741455078
1,2211,23.0,-0.9827684164047241,6.507956504821777
1,2212,18.0,-1.7256661653518677,12.1513090133667
1,2213,11.0,-3.7532613277435303,30.478313446044922
1,2214,23.0,-0.016550354659557343,4.623361587524414
1,2215,19.0,-0.9959184527397156,6.463788032531738
1,2216,26.0,0.7886016368865967,5.3386921882629395
1,2217,52.0,4.196348190307617,58.7015495300293
1,2218,27.0,0.6122221946716309,8.090202331542969
1,2219,18.0,-0.9207890033721924,5.801240921020508
1,2220,18.0,-0.9893292188644409,5.3318376541137695
1,2221,48.0,3.4736361503601074,52.89556884765625
1,2222,36.0,2.613679885864258,27.62010955810547
1,2223,18.0,-1.0612945556640625,5.101200580596924
1,2224,27.0,1.0458495616912842,6.399041652679443
1,2225,75.0,6.1418137550354,100.10871887207031
1,2226,14.0,-2.669703960418701,13.012605667114258
1,2227,17.0,-1.849130392074585,6.526593208312988
1,2228,22.0,-0.07558652758598328,2.6321873664855957
1,2229,40.0,2.67822003364563,37.18748092651367
1,2230,47.0,4.239058971405029,52.65727233886719
1,2231,40.0,2.990450859069824,33.0299186706543
1,2232,14.0,-2.18375563621521,12.605744361877441
1,2233,23.0,-0.07132597267627716,1.9211804866790771
1,2234,11.0,-3.2743289470672607,36.74614715576172
1,2235,34.0,2.0343382358551025,19.135719299316406
1,2236,42.0,2.63625168800354,36.335716247558594
1,2237,23.0,-0.5502933859825134,1.398043155670166
1,2238,13.0,-3.585911273956299,27.295434951782227
1,2239,39.0,2.963099956512451,28.492834091186523
1,2240,37.0,2.3264577388763428,24.072912216186523
1,2241,25.0,0.16270898282527924,2.2903809547424316
1,2242,44.0,3.0429556369781494,35.91630935668945
1,2243,38.0,2.1975581645965576,22.81842041015625
1,2244,52.0,3.042553424835205,47.04420471191406
1,2245,26.0,-0.44263792037963867,2.904665946960449
1,2246,12.0,-4.717413902282715,49.68625259399414
1,2247,28.0,-0.23591384291648865,2.670590400695801
1,2248,20.0,-2.3525166511535645,12.990439414978027
1,2249,32.0,0.3614586591720581,3.246617078781128
1,2250,44.0,1.3727879524230957,21.61182403564453
1,2251,37.0,0.9749268889427185,8.594496726989746
1,2252,10.0,-6.549014091491699,91.87958526611328
1,2253,44.0,1.3983811140060425,15.218596458435059
1,2254,27.0,-0.752112090587616,3.6774728298187256
1,2255,40.0,0.9702210426330566,7.9553632736206055
1,2256,22.0,-3.1085948944091797,25.136056900024414
1,2257,31.0,-0.43615636229515076,2.875786542892456
1,2258,31.0,-0.30193570256233215,2.450923442840576
1,2259,13.0,-5.292745113372803,80.45233154296875
1,2260,19.0,-3.913574457168579,37.066497802734375
1,2261,59.0,2.1926610469818115,44.5517463684082
1,2262,18.0,-2.334230422973633,42.07750701904297
1,2263,19.0,-2.631781578063965,28.99144744873047
1,2264,51.0,2.8636419773101807,35.628028869628906
1,2265,17.0,-3.474832773208618,27.607311248779297
1,2266,16.0,-3.8171868324279785,36.081199645996094
1,2267,27.0,0.052731167525053024,2.7948126792907715
1,2268,28.0,0.3767102062702179,0.977230966091156
1,2269,23.0,-1.0084331035614014,5.449907302856445
1,2270,43.0,2.297205924987793,25.604711532592773
1,2271,21.0,-1.7946966886520386,5.4002766609191895
1,2272,55.0,2.8349809646606445,57.3005485534668
1,2273,27.0,0.13102076947689056,2.366792678833008
1,2274,21.0,-1.648923397064209,6.459668159484863
1,2275,33.0,1.225591778755188,9.196999549865723
1,2276,16.0,-2.4190642833709717,16.80382537841797
1,2277,17.0,-3.411266326904297,15.760354995727539
1,2278,16.0,-2.8996469974517822,17.913902282714844
1,2279,21.0,-1.080698013305664,4.709709167480469
1,2280,26.0,0.6850870251655579,1.888237476348877
1,2281,11.0,-3.986281394958496,39.049346923828125
1,2282,13.0,-2.1543478965759277,25.2685604095459
1,2283,41.0,3.547870397567749,37.499183654785156
1,2284,35.0,2.9730355739593506,25.245445251464844
1,2285,50.0,4.148064136505127,57.60631561279297
1,2286,34.0,2.4596638679504395,23.51094627380371
1,2287,52.0,4.651744365692139,62.19624328613281
1,2288,89.0,6.6542792320251465,125.33998107910156
1,2289,20.0,-0.6028915047645569,3.865190267562866
1,2290,28.0,1.332192063331604,6.228203773498535
1,2291,23.0,0.2479977160692215,2.900946617126465
1,2292,21.0,-0.37995201349258423,1.8701529502868652
1,2293,14.0,-1.9208574295043945,20.80156707763672
1,2294,29.0,1.2318010330200195,7.534257888793945
1,2295,21.0,-0.5009899735450745,3.6836330890655518
1,2296,15.0,-2.443995714187622,16.306896209716797
1,2297,35.0,2.016798734664917,18.937891006469727
1,2298,29.0,1.2042746543884277,7.917324066162109
1,2299,32.0,1.582975149154663,14.117910385131836
1,2300,46.0,2.6315228939056396,48.14234161376953
1,2301,19.0,-1.866352915763855,8.28034496307373
1,2302,47.0,3.059534788131714,41.788326263427734
1,2303,53.0,2.4105284214019775,45.962345123291016
1,2304,42.0,2.0190138816833496,27.59764862060547
1,2305,31.0,1.1347954273223877,5.642323970794678
1,2306,37.0,0.8545387983322144,14.663727760314941
1,2307,33.0,0.6886042356491089,7.843966007232666
1,2308,25.0,-0.8932779431343079,4.723405838012695
1,2309,33.0,0.3277970552444458,5.444186210632324
1,2310,25.0,-1.1911636590957642,6.351542949676514
1,2311,23.0,-2.1428768634796143,12.489151000976562
1,2312,22.0,-2.318254232406616,15.24106216430664
1,2313,35.0,0.46931976079940796,5.097973346710205
1,2314,14.0,-5.3103461265563965,69.37027740478516
1,2315,27.0,-1.0200427770614624,5.9399261474609375
1,2316,46.0,1.7216299772262573,18.990964889526367
1,2317,54.0,2.2141361236572266,32.32356262207031
1,2318,10.0,-5.346985340118408,101.9329833984375
1,2319,14.0,-6.928847312927246,62.12973403930664
1,2320,37.0,0.44044917821884155,9.316558837890625
1,2321,23.0,-2.4728803634643555,12.334737777709961
1,2322,29.0,-0.7705235481262207,3.1772499084472656
1,2323,13.0,-5.363742828369141,69.54988098144531
1,2324,30.0,0.11696898937225342,2.0368165969848633
1,2325,56.0,2.892197608947754,39.05098342895508
1,2326,17.0,-3.765651226043701,28.76648712158203
1,2327,17.0,-3.6014163494110107,31.523462295532227
1,2328,20.0,-1.7018041610717773,15.359636306762695
1,2329,23.0,-1.358925461769104,7.920555114746094
1,2330,50.0,3.0874228477478027,39.18083953857422
1,2331,30.0,0.3491296172142029,4.040919303894043
1,2332,20.0,-2.0172367095947266,10.87485122680664
1,2333,21.0,-0.7653219699859619,5.488909721374512
1,2334,38.0,1.5948950052261353,17.7956600189209
1,2335,19.0,-1.6931296586990356,7.479674816131592
1,2336,27.0,-0.03582611307501793,3.8086109161376953
1,2337,45.0,2.715012550354004,38.36257553100586
1,2338,28.0,0.9404404163360596,4.171250343322754
1,2339,11.0,-3.766613721847534,38.37258529663086
1,2340,20.0,-1.192050576210022,6.007086277008057
1,2341,11.0,-6.361398220062256,40.284664154052734
1,2342,18.0,-2.608034372329712,9.849130630493164
1,2343,40.0,3.20744252204895,32.08860397338867
1,2344,29.0,0.9682540893554688,5.827230930328369
1,2345,25.0,0.02893669903278351,2.5880990028381348
1,2346,12.0,-3.9301347732543945,30.889068603515625
1,2347,19.0,-1.0101326704025269,4.786569595336914
1,2348,15.0,-2.1606147289276123,13.919848442077637
1,2349,31.0,1.6450213193893433,13.869668960571289
1,2350,39.0,3.085416316986084,31.97246742248535
1,2351,26.0,0.8262271285057068,3.5773258209228516
1,2352,22.0,-0.2779432237148285,2.6589033603668213
1,2353,18.0,-0.8214730620384216,5.301488399505615
1,2354,44.0,3.283865451812744,40.340396881103516
1,2355,22.0,-0.6825937628746033,2.1599888801574707
1,2356,29.0,1.480284333229065,8.000020980834961
1,2357,46.0,3.8706109523773193,46.41786575317383
1,2358,56.0,5.088235378265381,71.62354278564453
1,2359,39.0,2.5393943786621094,29.825777053833008
1,2360,15.0,-3.1751253604888916,21.739185333251953
1,2361,14.0,-3.7185144424438477,27.031692504882812
1,2362,25.0,0.20510147511959076,2.5455591678619385
1,2363,16.0,-3.1552631855010986,15.704447746276855
1,2364,22.0,-0.28337332606315613,0.9963274598121643
1,2365,13.0,-3.0943198204040527,29.399333953857422
1,2366,23.0,-0.1067330539226532,0.5698392987251282
1,2367,11.0,-3.6367294788360596,36.725379943847656
1,2368,27.0,1.11650550365448,4.770293712615967
1,2369,21.0,-0.6935134530067444,2.2208523750305176
1,2370,12.0,-3.247509717941284,28.309297561645508
1,2371,10.0,-5.2671637535095215,43.479881286621094
1,2372,32.0,2.3084635734558105,17.457624435424805
1,2373,23.0,0.6126894950866699,2.1125428676605225
1,2374,16.0,-1.625203251838684,7.721196174621582
1,2375,29.0,2.122844934463501,17.47898292541504
1,2376,32.0,2.2775967121124268,19.85197639465332
1,2377,43.0,3.971302032470703,63.11611557006836
1,2378,49.0,3.7977335453033447,61.74806213378906
1,2379,48.0,4.1576032638549805,57.81801986694336
1,2380,36.0,2.8202903270721436,30.767559051513672
1,2381,40.0,1.9074954986572266,35.21517562866211
1,2382,14.0,-1.8198436498641968,15.638151168823242
1,2383,43.0,3.5096888542175293,40.075042724609375
1,2384,40.0,2.2782156467437744,31.091949462890625
1,2385,27.0,0.8524977564811707,4.372952938079834
1,2386,44.0,3.7011489868164062,44.98103713989258
1,2387,15.0,-3.6045753955841064,23.314380645751953
1,2388,27.0,0.33088019490242004,2.435272216796875
1,2389,28.0,0.582557201385498,3.5845072269439697
1,2390,47.0,2.831357002258301,30.21685218811035
1,2391,20.0,-1.9656014442443848,10.201655387878418
1,2392,16.0,-4.261862754821777,26.53255271911621
1,2393,18.0,-2.6872832775115967,21.1248779296875
1,2394,37.0,1.037987232208252,13.507482528686523
1,2395,19.0,-2.8595492839813232,20.263944625854492
1,2396,47.0,2.95512318611145,30.23712921142578
1,2397,23.0,-1.1352332830429077,9.6242036819458
1,2398,49.0,2.5421595573425293,26.771629333496094
1,2399,42.0,1.3901973962783813,16.075000762939453
1,2400,37.0,1.0604827404022217,8.689176559448242
1,2401,14.0,-3.4145514965057373,49.10992431640625
1,2402,46.0,1.874954104423523,19.47361183166504
1,2403,20.0,-2.4272403717041016,20.980945587158203
1,2404,32.0,-0.05610337108373642,3.8867416381835938
1,2405,12.0,-4.464507102966309,75.17584991455078
1,2406,35.0,0.48240527510643005,5.2027106285095215
1,2407,15.0,-4.062122344970703,49.863006591796875
1,2408,36.0,0.20380212366580963,4.104129791259766
1,2409,19.0,-2.870537519454956,32.38843536376953
1,2410,34.0,0.0037681434769183397,7.146027565002441
1,2411,29.0,-0.5931451916694641,6.189875602722168
1,2412,44.0,1.1357234716415405,14.198234558105469
1,2413,16.0,-3.656343460083008,45.84206008911133
1,2414,27.0,-0.6669735312461853,7.490256309509277
1,2415,17.0,-3.7610161304473877,35.819339752197266
1,2416,18.0,-3.2276840209960938,29.902530670166016
1,2417,66.0,3.395195484161377,51.39698791503906
1,2418,67.0,3.7604222297668457,51.41958999633789
1,2419,29.0,-0.4239656925201416,5.021180152893066
1,2420,22.0,-2.2479922771453857,12.349637031555176
1,2421,52.0,2.961991548538208,32.417728424072266
1,2422,15.0,-4.957363128662109,39.46662139892578
1,2423,35.0,1.145156741142273,10.557950019836426
1,2424,18.0,-3.310590982437134,26.859262466430664
1,2425,23.0,-1.0848625898361206,5.378954887390137
1,2426,41.0,1.9932767152786255,18.141582489013672
1,2427,51.0,3.1695804595947266,34.88282012939453
1,2428,31.0,0.2020552009344101,5.543201446533203
1,2429,25.0,-1.052165150642395,4.937627792358398
1,2430,27.0,-0.5696070194244385,4.0715179443359375
1,2431,14.0,-3.935593366622925,42.032630920410156
1,2432,26.0,-0.4186176359653473,3.9373350143432617
1,2433,16.0,-2.3654088973999023,27.806358337402344
1,2434,47.0,3.058476448059082,37.30453109741211
1,2435,31.0,1.172405481338501,4.8313422203063965
1,2436,22.0,-1.476826786994934,6.00485897064209
1,2437,44.0,1.9024367332458496,28.28742218017578
1,2438,28.0,0.5541467070579529,2.138601303100586
1,2439,54.0,3.182162284851074,57.101688385009766
1,2440,53.0,2.8268258571624756,42.01025390625
1,2441,13.0,-5.400162220001221,43.383323669433594
1,2442,33.0,0.9095159769058228,8.54533576965332
1,2443,19.0,-2.608567714691162,12.81486988067627
1,2444,26.0,-0.15628965198993683,2.098076820373535
1,2445,21.0,-2.2494874000549316,10.720635414123535
1,2446,49.0,2.521260976791382,35.15401840209961
1,2447,49.0,3.115583658218384,33.532894134521484
1,2448,51.0,2.56577467918396,45.85481643676758
1,2449,35.0,1.0411720275878906,6.938751220703125
1,2450,47.0,2.502981662750244,27.841562271118164
1,2451,19.0,-2.29355525970459,23.35397720336914
1,2452,16.0,-5.285135746002197,37.43082809448242
1,2453,47.0,2.3018879890441895,24.77573013305664
1,2454,16.0,-4.3508219718933105,38.99081039428711
1,2455,34.0,0.4608907997608185,5.343188285827637
1,2456,11.0,-4.82766580581665,78.565673828125
1,2457,17.0,-4.10610294342041,32.06976318359375
1,2458,11.0,-5.049991607666016,72.24668884277344
1,2459,36.0,1.204514741897583,6.861610412597656
1,2460,49.0,2.236320972442627,27.248512268066406
1,2461,32.0,0.4725295901298523,4.6238813400268555
1,2462,24.0,-0.7998135685920715,5.581027507781982
1,2463,47.0,2.3041231632232666,26.347225189208984
1,2464,28.0,-0.20078565180301666,2.2990620136260986
1,2465,12.0,-6.749826431274414,65.69618225097656
1,2466,32.0,0.5329734086990356,2.675198554992676
1,2467,50.0,2.553050994873047,25.11012840270996
1,2468,41.0,1.1812570095062256,10.329806327819824
1,2469,104.0,5.213908672332764,89.26499938964844
1,2470,24.0,-2.3637876510620117,12.858317375183105
1,2471,11.0,-7.1928486824035645,89.5160903930664
1,2472,15.0,-4.202482223510742,52.011444091796875
1,2473,21.0,-3.2020680904388428,23.790367126464844
1,2474,13.0,-5.467800617218018,64.78031921386719
1,2475,11.0,-6.425774097442627,80.32691192626953
1,2476,30.0,0.011994236148893833,3.3705039024353027
1,2477,32.0,0.08338598161935806,4.731048583984375
1,2478,30.0,0.12322216480970383,5.00074577331543
1,2479,13.0,-5.424378871917725,46.76206588745117
1,2480,57.0,3.2093048095703125,39.836605072021484
1,2481,32.0,0.6339163780212402,5.284778594970703
1,2482,25.0,-0.9967688918113708,6.344886779785156
1,2483,30.0,0.7004837989807129,2.8606650829315186
1,2484,18.0,-3.271165609359741,17.26576805114746
1,2485,23.0,-1.107451319694519,7.373849391937256
1,2486,12.0,-3.7336082458496094,43.584228515625
1,2487,17.0,-2.151561737060547,15.485163688659668
1,2488,14.0,-3.03416109085083,28.804182052612305
1,2489,26.0,0.10082720220088959,2.9934327602386475
1,2490,22.0,-0.6515634655952454,3.54050612449646
1,2491,27.0,0.41675835847854614,3.8850996494293213
1,2492,18.0,-1.252345323562622,7.581638336181641
1,2493,30.0,2.0211939811706543,12.766189575195312
1,2494,15.0,-1.942915916442871,12.837333679199219
1,2495,21.0,-0.618798553943634,2.2406527996063232
1,2496,46.0,3.985950469970703,49.76419448852539
1,2497,25.0,1.1389325857162476,5.692127704620361
1,2498,59.0,5.301501274108887,88.24175262451172
1,2499,59.0,5.402590274810791,100.76104736328125
1,2500,37.0,3.4337010383605957,34.31734085083008
1,2501,11.0,-4.428640365600586,27.744314193725586
1,2502,16.0,-1.7004364728927612,9.840363502502441
1,2503,20.0,-0.4497527778148651,1.8473976850509644
1,2504,20.0,-0.335884690284729,1.2778953313827515
1,2505,12.0,-2.817969799041748,21.56247329711914
1,2506,28.0,1.749338984489441,13.333026885986328
1,2507,30.0,2.311401844024658,22.08323860168457
1,2508,46.0,3.583002805709839,63.3418083190918
1,2509,28.0,1.894877552986145,12.422330856323242
1,2510,51.0,3.8123650550842285,61.062984466552734
1,2511,34.0,2.536154270172119,26.98615074157715
1,2512,21.0,0.11818194389343262,1.880743145942688
1,2513,34.0,2.201585531234741,22.930749893188477
1,2514,17.0,-1.4598228931427002,5.276913166046143
1,2515,28.0,1.4636950492858887,8.508918762207031
1,2516,26.0,0.7633909583091736,4.956927299499512
1,2517,28.0,1.1438192129135132,7.720282554626465
1,2518,12.0,-3.932219982147217,30.8714542388916
1,2519,39.0,2.485579490661621,25.075637817382812
1,2520,44.0,2.9090027809143066,34.7565803527832
1,2521,24.0,-0.26505640149116516,2.255852222442627
1,2522,19.0,-1.4902710914611816,9.363734245300293
1,2523,42.0,2.5038883686065674,27.589597702026367
1,2524,30.0,0.56891930103302,3.498655080795288
1,2525,37.0,1.5675128698349,15.38715648651123
1,2526,27.0,-0.018114108592271805,1.1866222620010376
1,2527,33.0,0.5956180095672607,4.613124370574951
1,2528,50.0,1.7986841201782227,26.038921356201172
1,2529,36.0,-0.22037658095359802,7.627884387969971
1,2530,37.0,0.6815519332885742,6.179780006408691
1,2531,22.0,-1.49903404712677,19.061803817749023
1,2532,74.0,3.5824239253997803,53.64259719848633
1,2533,27.0,-2.7183477878570557,15.357194900512695
1,2534,12.0,-6.949805736541748,129.07525634765625
1,2535,13.0,-6.4643049240112305,120.69886779785156
1,2536,18.0,-4.930938720703125,62.50068664550781
1,2537,25.0,-2.552600622177124,20.169557571411133
1,2538,10.0,-9.999427795410156,131.98703002929688
1,2539,51.0,1.0318809747695923,21.084823608398438
1,2540,33.0,-0.5493655800819397,3.5984549522399902
1,2541,13.0,-5.268637180328369,79.9663314819336
1,2542,37.0,0.27987921237945557,6.389160633087158
1,2543,28.0,-1.2413758039474487,7.557052135467529
1,2544,22.0,-2.190225124359131,20.168991088867188
1,2545,13.0,-7.143858432769775,62.23748016357422
1,2546,35.0,0.2913329303264618,5.9435505867004395
1,2547,22.0,-2.0629210472106934,14.751110076904297
1,2548,40.0,1.5469508171081543,12.936847686767578
1,2549,15.0,-4.1841959953308105,39.687904357910156
1,2550,11.0,-5.159460544586182,63.21726989746094
1,2551,41.0,1.5393215417861938,16.12082862854004
1,2552,17.0,-3.3536343574523926,24.769453048706055
1,2553,10.0,-5.203701972961426,58.30143356323242
1,2554,31.0,0.9142225384712219,5.275357246398926
1,2555,37.0,1.5078116655349731,13.738306045532227
1,2556,19.0,-1.726576566696167,13.208235740661621
1,2557,16.0,-2.648305892944336,19.363475799560547
1,2558,43.0,2.18094801902771,26.306312561035156
1,2559,24.0,-0.27695754170417786,5.13589334487915
1,2560,12.0,-4.483952045440674,30.615198135375977
1,2561,17.0,-1.126430630683899,11.725716590881348
1,2562,23.0,-0.11115416139364243,3.701211452484131
1,2563,48.0,3.5996007919311523,46.40178298950195
1,2564,38.0,2.887849807739258,27.242630004882812
1,2565,29.0,0.9713781476020813,7.992155075073242
1,2566,13.0,-2.722649574279785,22.035417556762695
1,2567,40.0,2.5910143852233887,29.271080017089844
1,2568,12.0,-4.591543197631836,24.25432014465332
1,2569,52.0,4.369333267211914,58.06101989746094
1,2570,22.0,-0.4659595787525177,4.86216926574707
1,2571,12.0,-3.755385398864746,21.764659881591797
1,2572,20.0,-0.654208779335022,5.558929920196533
1,2573,29.0,1.708673119544983,12.085774421691895
1,2574,34.0,2.085522174835205,18.726415634155273
1,2575,43.0,3.2538599967956543,40.338619232177734
1,2576,11.0,-2.9641036987304688,26.074758529663086
1,2577,42.0,3.271911859512329,36.75410842895508
1,2578,28.0,1.0467020273208618,6.864578723907471
1,2579,18.0,-1.2354052066802979,9.235782623291016
1,2580,28.0,1.2422720193862915,8.882569313049316
1,2581,41.0,2.333348512649536,31.451396942138672
1,2582,20.0,-0.882895827293396,6.84934139251709
1,2583,29.0,0.30571988224983215,6.8669047355651855
1,2584,27.0,0.7134699821472168,5.750792503356934
1,2585,26.0,0.40313342213630676,3.7346863746643066
1,2586,23.0,-0.15547263622283936,2.793394088745117
1,2587,27.0,0.5909053683280945,4.21146821975708
1,2588,24.0,-0.2658693194389343,2.493804454803467
1,2589,33.0,1.1673521995544434,8.705367088317871
1,2590,19.0,-2.2961578369140625,18.564971923828125
1,2591,44.0,1.925161361694336,25.112010955810547
1,2592,39.0,1.4784711599349976,13.52547836303711
1,2593,14.0,-5.5731730461120605,47.82393264770508
1,2594,35.0,1.2005876302719116,7.11211633682251
1,2595,38.0,1.2995070219039917,10.77743148803711
1,2596,37.0,0.9277602434158325,6.0920538902282715
1,2597,37.0,0.8910669088363647,5.605453968048096
1,2598,24.0,-1.7078334093093872,9.335943222045898
1,2599,26.0,-1.9391599893569946,9.06833267211914
1,2600,28.0,-0.6862862706184387,1.7900670766830444
1,2601,31.0,-0.08768012374639511,1.4894722700119019
1,2602,24.0,-1.231168270111084,7.486924171447754
1,2603,23.0,-1.8715428113937378,10.756340980529785
1,2604,13.0,-5.705227851867676,76.08416748046875
1,2605,13.0,-7.569523334503174,79.69927978515625
1,2606,39.0,1.335117220878601,9.452664375305176
1,2607,41.0,1.3015058040618896,11.235676765441895
1,2608,29.0,-0.7084352970123291,3.4816606044769287
1,2609,12.0,-7.315814018249512,75.29138946533203
1,2610,39.0,1.6818817853927612,11.055688858032227
1,2611,24.0,-0.9714510440826416,3.167203903198242
1,2612,65.0,3.6625213623046875,72.88040924072266
1,2613,12.0,-5.100465774536133,54.60917282104492
1,2614,11.0,-5.816813945770264,68.21389770507812
1,2615,21.0,-2.136502981185913,12.571357727050781
1,2616,42.0,1.9839022159576416,18.964794158935547
1,2617,19.0,-2.6012301445007324,17.19125747680664
1,2618,46.0,2.2373828887939453,29.65443229675293
1,2619,20.0,-1.597952961921692,10.335602760314941
1,2620,29.0,0.7557423114776611,4.625105857849121
1,2621,21.0,-1.2589550018310547,8.013895988464355
1,2622,21.0,-1.1296190023422241,10.282453536987305
1,2623,56.0,2.787149667739868,54.073974609375
1,2624,27.0,0.5803235173225403,3.6046512126922607
1,2625,28.0,0.9087276458740234,5.213151931762695
1,2626,45.0,2.7990877628326416,32.46979904174805
1,2627,33.0,1.1463115215301514,10.013284683227539
1,2628,21.0,-1.592648983001709,7.892454624176025
1,2629,23.0,-0.014708735048770905,1.9482365846633911
1,2630,32.0,0.9999700784683228,7.342681407928467
1,2631,43.0,2.356659173965454,30.205970764160156
1,2632,22.0,-1.0785853862762451,5.9980692863464355
1,2633,25.0,0.23741422593593597,1.7294440269470215
1,2634,34.0,1.4188361167907715,10.027286529541016
1,2635,29.0,0.3977515995502472,4.42390775680542
1,2636,37.0,1.4717249870300293,17.19300079345703
1,2637,13.0,-4.159733295440674,37.673221588134766
1,2638,35.0,1.4507873058319092,8.828462600708008
1,2639,30.0,0.2489817589521408,1.151304006576538
1,2640,40.0,2.1526100635528564,15.356385231018066
1,2641,55.0,2.1942665576934814,44.52553939819336
1,2642,35.0,0.3257039487361908,6.090228080749512
1,2643,31.0,-0.41161665320396423,1.9459656476974487
1,2644,34.0,0.2827818691730499,3.392259359359741
1,2645,57.0,2.417180061340332,35.88069152832031
1,2646,53.0,2.480889081954956,25.08922576904297
1,2647,45.0,2.213308334350586,17.900299072265625
1,2648,21.0,-4.622652530670166,50.443016052246094
1,2649,10.0,-6.771859645843506,132.20249938964844
1,2650,31.0,-1.8269869089126587,7.369418621063232
1,2651,26.0,-3.327378034591675,35.02220153808594
1,2652,36.0,-0.8663792610168457,6.228989601135254
1,2653,16.0,-6.776106834411621,85.82643127441406
1,2654,33.0,-1.2474117279052734,9.660600662231445
1,2655,26.0,-3.5839884281158447,28.52198028564453
1,2656,31.0,-0.9598013162612915,4.999666690826416
1,2657,46.0,1.218640685081482,11.870183944702148
1,2658,20.0,-3.96348237991333,45.672725677490234
1,2659,17.0,-3.5574164390563965,57.92746353149414
1,2660,48.0,1.6384294033050537,16.830373764038086
1,2661,48.0,1.1332005262374878,15.321080207824707
1,2662,20.0,-3.101550340652466,29.238367080688477
1,2663,50.0,1.6594231128692627,29.193735122680664
1,2664,53.0,2.6013779640197754,27.55258560180664
1,2665,27.0,-0.8031633496284485,6.455891132354736
1,2666,54.0,1.9869115352630615,30.140657424926758
1,2667,14.0,-4.772164821624756,48.87568664550781
1,2668,36.0,0.49468010663986206,4.919509410858154
1,2669,18.0,-3.295912742614746,31.08932876586914
1,2670,17.0,-3.3336520195007324,40.638038635253906
1,2671,13.0,-5.43505859375,62.97549057006836
1,2672,23.0,-1.0460363626480103,14.308416366577148
1,2673,47.0,1.9792866706848145,24.967424392700195
1,2674,31.0,0.13903045654296875,3.488529682159424
1,2675,19.0,-2.357081174850464,19.623220443725586
1,2676,35.0,1.046363115310669,7.5909528732299805
1,2677,48.0,2.2937471866607666,32.48751449584961
1,2678,18.0,-1.9863619804382324,17.22664451599121
1,2679,45.0,1.89113187789917,28.564891815185547
1,2680,58.0,3.9429378509521484,47.03257751464844
1,2681,41.0,2.0043540000915527,17.434494018554688
1,2682,15.0,-2.206529378890991,29.29562759399414
1,2683,29.0,0.3226161301136017,4.647158622741699
1,2684,46.0,2.7226531505584717,30.516820907592773
1,2685,68.0,4.223703861236572,57.18788146972656
1,2686,23.0,-2.4892475605010986,8.739849090576172
1,2687,47.0,1.9651192426681519,22.37628746032715
1,2688,35.0,0.7700067758560181,7.382369041442871
1,2689,30.0,0.15195780992507935,3.7869975566864014
1,2690,17.0,-3.698961019515991,27.99166488647461
1,2691,17.0,-3.3223257064819336,36.83700180053711
1,2692,26.0,-1.5153149366378784,7.201134204864502
1,2693,20.0,-3.0360188484191895,20.88900375366211
1,2694,13.0,-4.63289737701416,51.752830505371094
1,2695,40.0,1.609443187713623,14.13371753692627
1,2696,13.0,-6.441553592681885,47.08024597167969
1,2697,10.0,-5.352785110473633,68.79164123535156
1,2698,31.0,0.7239562273025513,4.773414611816406
1,2699,42.0,2.743206024169922,23.225465774536133
1,2700,31.0,0.5634422898292542,3.476799964904785
1,2701,42.0,1.791808843612671,17.683475494384766
1,2702,36.0,1.0811944007873535,7.804466724395752
1,2703,24.0,-1.8395531177520752,6.923502445220947
1,2704,31.0,0.4772467315196991,3.8882415294647217
1,2705,63.0,3.694467306137085,59.86061096191406
1,2706,23.0,-1.2280614376068115,8.107527732849121
1,2707,24.0,-1.4434666633605957,7.938109397888184
1,2708,40.0,1.4113088846206665,12.083995819091797
1,2709,14.0,-5.765955448150635,45.43429183959961
1,2710,44.0,2.1608364582061768,16.87986946105957
1,2711,52.0,3.0042946338653564,33.796470642089844
1,2712,25.0,-1.8341729640960693,8.956899642944336
1,2713,14.0,-4.172979831695557,48.854984283447266
1,2714,24.0,-0.9233120083808899,7.387932300567627
1,2715,44.0,1.4125031232833862,16.547109603881836
1,2716,25.0,-1.0525462627410889,7.214851379394531
1,2717,37.0,1.1009026765823364,7.5193352699279785
1,2718,36.0,0.8736419677734375,6.279331207275391
1,2719,52.0,2.990886926651001,30.6025390625
1,2720,35.0,1.3315566778182983,5.7891387939453125
1,2721,33.0,-0.2783028185367584,3.8109593391418457
1,2722,18.0,-4.116278648376465,34.91845703125
1,2723,22.0,-2.0289483070373535,19.192724227905273
1,2724,43.0,1.0648964643478394,14.136847496032715
1,2725,53.0,2.7763798236846924,28.060073852539062
1,2726,20.0,-3.11857533454895,24.403398513793945
1,2727,14.0,-4.542187690734863,60.84659194946289
1,2728,31.0,-0.04468676447868347,1.9378721714019775
1,2729,12.0,-4.926605224609375,66.08952331542969
1,2730,63.0,3.1933434009552,45.04866027832031
1,2731,35.0,0.5449755787849426,3.9502153396606445
1,2732,50.0,2.219853639602661,21.40572738647461
1,2733,21.0,-2.9691247940063477,21.239133834838867
1,2734,41.0,1.1798832416534424,9.499669075012207
1,2735,26.0,-1.1035640239715576,9.074615478515625
1,2736,66.0,3.6133358478546143,43.605865478515625
1,2737,18.0,-3.7021219730377197,38.19736862182617
1,2738,9.0,-6.328737258911133,100.1465835571289
1,2739,26.0,-0.9110866785049438,5.066210746765137
1,2740,34.0,0.1669304072856903,2.2743301391601562
1,2741,21.0,-3.014913320541382,26.384374618530273
1,2742,33.0,-0.34724512696266174,3.699293375015259
1,2743,33.0,0.24574637413024902,3.850348949432373
1,2744,26.0,-1.4038605690002441,9.414859771728516
1,2745,40.0,1.7438030242919922,12.085577964782715
1,2746,35.0,0.9275075197219849,7.314841270446777
1,2747,45.0,1.6144124269485474,17.353958129882812
1,2748,30.0,0.03956717997789383,0.6194415092468262
1,2749,29.0,-0.004750246647745371,0.6621034741401672
1,2750,48.0,2.5425033569335938,34.03168487548828
1,2751,51.0,3.408215045928955,49.789615631103516
1,2752,10.0,-6.025088310241699,83.84815216064453
1,2753,30.0,-0.35788092017173767,3.0964417457580566
1,2754,38.0,1.2614634037017822,6.761016368865967
1,2755,41.0,1.6736711263656616,22.563940048217773
1,2756,57.0,3.6232268810272217,46.699180603027344
1,2757,15.0,-5.241435527801514,57.44805908203125
1,2758,10.0,-5.717554569244385,102.63187408447266
1,2759,29.0,-0.5060102343559265,1.4680966138839722
1,2760,27.0,-1.1212648153305054,9.076072692871094
1,2761,17.0,-3.8835158348083496,37.890830993652344
1,2762,12.0,-4.957637786865234,74.6788558959961
1,2763,41.0,2.053229808807373,14.64047908782959
1,2764,18.0,-3.083336591720581,33.76936721801758
1,2765,28.0,0.03525124862790108,0.6357826590538025
1,2766,23.0,-1.2223418951034546,10.535636901855469
1,2767,11.0,-5.492222785949707,63.37519073486328
1,2768,49.0,2.486011028289795,30.485973358154297
1,2769,14.0,-4.204606533050537,39.716514587402344
1,2770,23.0,-0.8787913918495178,6.540624618530273
1,2771,12.0,-4.328134059906006,34.22873306274414
1,2772,30.0,1.2360022068023682,4.979979515075684
1,2773,9.0,-4.596457481384277,57.24150466918945
1,2774,25.0,-0.08311933279037476,2.5646204948425293
1,2775,52.0,3.869642734527588,50.57246398925781
1,2776,42.0,3.236370086669922,30.654956817626953
1,2777,42.0,3.4887008666992188,45.76401138305664
1,2778,69.0,5.1645894050598145,99.96737670898438
1,2779,29.0,0.8495468497276306,4.435486793518066
1,2780,19.0,-1.3217042684555054,9.648924827575684
1,2781,47.0,3.4058029651641846,41.20213317871094
1,2782,50.0,3.4200611114501953,55.302589416503906
1,2783,47.0,3.621908187866211,40.955623626708984
1,2784,33.0,1.671726107597351,13.903946876525879
1,2785,46.0,3.0713205337524414,32.82158279418945
1,2786,32.0,0.46575167775154114,5.980509281158447
1,2787,19.0,-2.2391862869262695,18.07170867919922
1,2788,41.0,2.2227163314819336,19.084558486938477
1,2789,10.0,-4.496823787689209,62.54316329956055
1,2790,38.0,1.2515822649002075,9.055806159973145
1,2791,34.0,0.5060493350028992,4.792910575866699
1,2792,15.0,-5.5744524002075195,41.538002014160156
1,2793,33.0,0.6333702802658081,5.763270854949951
1,2794,10.0,-4.558785438537598,70.73694610595703
1,2795,50.0,1.7942557334899902,29.76174545288086
1,2796,30.0,-0.4976598620414734,5.54118013381958
1,2797,13.0,-5.532634258270264,51.14283752441406
1,2798,63.0,3.37628173828125,41.974056243896484
1,2799,35.0,0.3888528048992157,3.4469528198242188
1,2800,48.0,1.8700255155563354,21.64065170288086
1,2801,22.0,-3.3038508892059326,20.098281860351562
1,2802,23.0,-2.965489625930786,26.55241584777832
1,2803,30.0,-0.4778714179992676,7.493347644805908
1,2804,22.0,-3.7342848777770996,19.345937728881836
1,2805,26.0,-2.1299803256988525,10.836751937866211
1,2806,31.0,-0.3337583541870117,2.814293622970581
1,2807,37.0,0.7025370597839355,6.965394496917725
1,2808,28.0,-1.1904388666152954,7.308187961578369
1,2809,29.0,-0.40474995970726013,1.8137445449829102
1,2810,19.0,-3.8737053871154785,28.83675193786621
1,2811,24.0,-0.9138554334640503,7.87961483001709
1,2812,35.0,0.6572897434234619,4.759309768676758
1,2813,36.0,1.1321161985397339,6.986379623413086
1,2814,14.0,-4.098482131958008,39.559085845947266
1,2815,68.0,3.596712589263916,72.46609497070312
1,2816,28.0,0.16481126844882965,0.6805977821350098
1,2817,13.0,-5.062688827514648,43.42181396484375
1,2818,34.0,1.189409852027893,7.2825517654418945
1,2819,44.0,2.5143864154815674,32.29155349731445
1,2820,46.0,2.914018392562866,34.08296203613281
1,2821,15.0,-5.34823751449585,35.968902587890625
1,2822,38.0,1.5697953701019287,11.759052276611328
1,2823,42.0,1.7788316011428833,16.345243453979492
1,2824,12.0,-5.336708068847656,55.31555938720703
1,2825,50.0,1.941511869430542,29.163686752319336
1,2826,13.0,-5.003250598907471,54.06090545654297
1,2827,39.0,2.302236795425415,15.679391860961914
1,2828,44.0,2.428006887435913,21.04608917236328
1,2829,39.0,1.4971843957901,11.315112113952637
1,2830,30.0,-0.5107869505882263,4.056377410888672
1,2831,20.0,-2.8086681365966797,21.71346664428711
1,2832,17.0,-3.9289779663085938,35.73635482788086
1,2833,29.0,-0.5668724775314331,3.819905996322632
1,2834,40.0,1.4155553579330444,10.623891830444336
1,2835,51.0,3.065915584564209,30.210742950439453
1,2836,49.0,2.6509652137756348,33.8504638671875
1,2837,37.0,1.0548583269119263,5.8896331787109375
1,2838,34.0,0.6157331466674805,2.5158374309539795
1,2839,46.0,2.202407121658325,16.806480407714844
1,2840,27.0,-1.3773263692855835,7.863949775695801
1,2841,42.0,1.2896044254302979,8.981757164001465
1,2842,46.0,0.9028698801994324,18.04172706604004
1,2843,52.0,1.8125373125076294,18.490447998046875
1,2844,14.0,-6.631110191345215,73.480224609375
1,2845,16.0,-6.159046649932861,69.43830871582031
1,2846,20.0,-5.4211602210998535,48.424278259277344
1,2847,41.0,0.42220667004585266,6.2477593421936035
1,2848,44.0,0.6087837815284729,7.437358379364014
1,2849,47.0,0.23967018723487854,5.364773750305176
1,2850,17.0,-4.84758996963501,55.37141036987305
1,2851,35.0,-1.039107084274292,9.284451484680176
1,2852,43.0,0.09119021147489548,5.349472522735596
1,2853,12.0,-6.439247131347656,114.77459716796875
1,2854,73.0,3.367818593978882,36.19451904296875
1,2855,42.0,0.2776895761489868,4.126673698425293
1,2856,41.0,-0.6371756196022034,6.270390033721924
1,2857,43.0,0.0023458327632397413,3.3367016315460205
1,2858,62.0,1.546880841255188,17.476886749267578
1,2859,17.0,-6.4394001960754395,75.8476333618164
1,2860,26.0,-3.1918106079101562,34.10586166381836
1,2861,39.0,-1.3042104244232178,11.00295639038086
1,2862,26.0,-2.0525190830230713,30.59171485900879
1,2863,44.0,0.3379988968372345,3.0267558097839355
1,2864,20.0,-3.253033399581909,50.869041442871094
1,2865,33.0,-2.208512306213379,16.608373641967773
1,2866,35.0,-1.2230370044708252,11.082573890686035
1,2867,37.0,-0.44289374351501465,8.826066970825195
1,2868,22.0,-2.963301181793213,56.304473876953125
1,2869,16.0,-5.594171047210693,65.9882583618164
1,2870,39.0,0.15555372834205627,5.619042873382568
1,2871,26.0,-1.4923956394195557,12.165706634521484
1,2872,37.0,0.41264578700065613,4.638500690460205
1,2873,64.0,3.251248598098755,41.90299987792969
1,2874,95.0,4.370125770568848,87.17510223388672
1,2875,14.0,-5.041504859924316,65.08094024658203
1,2876,15.0,-6.156665802001953,46.929107666015625
1,2877,28.0,-0.35160598158836365,4.021113395690918
1,2878,28.0,-1.4965777397155762,6.732384204864502
1,2879,14.0,-4.563660144805908,47.745811462402344
1,2880,26.0,-1.7154394388198853,7.655777931213379
1,2881,46.0,3.041355848312378,33.44402313232422
1,2882,18.0,-3.042367935180664,24.49692153930664
1,2883,31.0,0.8122509121894836,3.6386241912841797
1,2884,32.0,1.1776292324066162,6.55580472946167
1,2885,56.0,4.246506214141846,56.9520378112793
1,2886,11.0,-4.679830551147461,50.69819259643555
1,2887,36.0,2.276106834411621,15.530545234680176
1,2888,24.0,-0.9973614811897278,5.2730913162231445
1,2889,57.0,3.4025352001190186,66.66414642333984
1,2890,12.0,-3.211225986480713,35.69953918457031
1,2891,31.0,1.0341676473617554,3.6894266605377197
1,2892,21.0,-1.8333264589309692,10.234749794006348
1,2893,24.0,-1.3240917921066284,4.763436317443848
1,2894,14.0,-3.863407850265503,29.79826545715332
1,2895,35.0,1.7643378973007202,13.678407669067383
1,2896,44.0,3.6041758060455322,36.20006561279297
1,2897,26.0,0.0221662987023592,2.9160001277923584
1,2898,62.0,3.835800886154175,76.14836120605469
1,2899,13.0,-3.401721239089966,24.351604461669922
1,2900,39.0,2.186227798461914,21.117143630981445
1,2901,23.0,-0.2624437212944031,3.6146233081817627
1,2902,21.0,-0.9220807552337646,6.336424827575684
1,2903,12.0,-2.5957767963409424,32.36884307861328
1,2904,64.0,5.255048751831055,86.04833221435547
1,2905,52.0,2.895089626312256,60.89300537109375
1,2906,60.0,4.253105640411377,75.32880401611328
1,2907,43.0,1.7807358503341675,38.68783187866211
1,2908,14.0,-3.71618390083313,23.730655670166016
1,2909,27.0,0.12115772068500519,4.885451793670654
1,2910,14.0,-3.50583553314209,23.256492614746094
1,2911,13.0,-3.851320505142212,31.861549377441406
1,2912,28.0,0.5117942094802856,3.303086280822754
1,2913,20.0,-0.5813187956809998,5.354690074920654
1,2914,18.0,-1.443782091140747,7.791428565979004
1,2915,15.0,-2.2897109985351562,15.607598304748535
1,2916,17.0,-2.3630106449127197,10.660778999328613
1,2917,33.0,2.0465807914733887,17.801311492919922
1,2918,10.0,-4.833708763122559,27.586130142211914
1,2919,49.0,4.244472026824951,58.05681610107422
1,2920,39.0,2.2029709815979004,32.61989212036133
1,2921,32.0,2.0045228004455566,15.046830177307129
1,2922,64.0,5.260488986968994,81.61207580566406
1,2923,29.0,1.394447684288025,9.061487197875977
1,2924,10.0,-4.592716217041016,35.42816925048828
1,2925,25.0,0.6489983201026917,5.029378890991211
1,2926,17.0,-1.838036060333252,10.445235252380371
1,2927,34.0,1.4361755847930908,16.095294952392578
1,2928,11.0,-2.6829423904418945,30.79151153564453
1,2929,36.0,2.7509546279907227,24.375844955444336
1,2930,58.0,4.451977729797363,61.88896942138672
1,2931,15.0,-2.618812084197998,16.30010414123535
1,2932,20.0,-1.5026191473007202,6.0501909255981445
1,2933,47.0,2.006218671798706,38.59090042114258
1,2934,37.0,2.0458567142486572,21.442169189453125
1,2935,27.0,0.6049050688743591,7.242276668548584
1,2936,31.0,0.8824889659881592,6.9023308753967285
1,2937,26.0,0.2521475553512573,3.557206869125366
1,2938,44.0,2.3775134086608887,27.84687042236328
1,2939,29.0,0.4335569143295288,5.122875213623047
1,2940,33.0,1.0498771667480469,10.123159408569336
1,2941,19.0,-2.3369765281677246,15.143890380859375
1,2942,33.0,0.6323376297950745,6.852117538452148
1,2943,11.0,-7.517154693603516,61.97456741333008
1,2944,34.0,0.4790356457233429,5.658337116241455
1,2945,29.0,-0.7709823846817017,1.602976679801941
1,2946,38.0,1.1483488082885742,9.889369010925293
1,2947,17.0,-4.01555871963501,41.92887878417969
1,2948,26.0,-1.3623403310775757,5.545676231384277
1,2949,28.0,-1.228570580482483,4.784956455230713
1,2950,51.0,2.4326488971710205,27.836685180664062
1,2951,30.0,-0.3733205497264862,3.5502712726593018
1,2952,22.0,-2.2937371730804443,17.868057250976562
1,2953,21.0,-3.0144593715667725,18.475027084350586
1,2954,19.0,-2.8254308700561523,23.521907806396484
1,2955,24.0,-1.2062853574752808,6.6209940910339355
1,2956,14.0,-4.682560443878174,41.09695053100586
1,2957,26.0,-0.5343538522720337,2.5560901165008545
1,2958,25.0,-0.6555355787277222,2.6412830352783203
1,2959,21.0,-2.1589558124542236,7.854602336883545
1,2960,37.0,1.267794132232666,19.856266021728516
1,2961,29.0,0.7541072964668274,3.2766807079315186
1,2962,20.0,-0.6909432411193848,5.6958441734313965
1,2963,40.0,2.486842393875122,32.71599197387695
1,2964,17.0,-2.5869710445404053,14.450285911560059
1,2965,23.0,0.34032443165779114,2.413957118988037
1,2966,17.0,-2.248696804046631,7.295984268188477
1,2967,35.0,1.9231371879577637,22.57082748413086
1,2968,21.0,-0.21799719333648682,0.7384369373321533
1,2969,19.0,-0.883906900882721,2.486391544342041
1,2970,19.0,-0.47952142357826233,2.538743019104004
1,2971,12.0,-3.0938000679016113,23.542882919311523
1,2972,47.0,2.8707642555236816,67.77284240722656
1,2973,15.0,-1.1785708665847778,7.473912239074707
1,2974,28.0,2.116652727127075,13.91798210144043
1,2975,36.0,2.358344554901123,43.247501373291016
1,2976,43.0,3.4837734699249268,67.81099700927734
1,2977,11.0,-2.4954378604888916,21.593507766723633
1,2978,46.0,4.756240367889404,69.92146301269531
1,2979,48.0,5.305057525634766,71.88744354248047
1,2980,44.0,3.300745964050293,61.367740631103516
1,2981,51.0,5.148474216461182,76.05995178222656
1,2982,16.0,-0.7986603379249573,2.9099693298339844
1,2983,19.0,0.1652681976556778,1.7727352380752563
1,2984,38.0,3.400567054748535,39.41596984863281
1,2985,33.0,2.924783229827881,25.194265365600586
1,2986,23.0,0.18040530383586884,4.568667888641357
1,2987,22.0,0.3520949184894562,3.474315881729126
1,2988,33.0,2.0506556034088135,20.11236572265625
1,2989,30.0,1.5195538997650146,13.459400177001953
1,2990,26.0,1.0351306200027466,6.62376070022583
1,2991,32.0,1.5630956888198853,16.854639053344727
1,2992,28.0,0.8116500973701477,5.38013219833374
1,2993,21.0,-0.8859187960624695,3.968416690826416
1,2994,11.0,-5.837245941162109,58.69908905029297
1,2995,37.0,1.599793553352356,16.41516876220703
1,2996,42.0,1.2910104990005493,24.021778106689453
1,2997,41.0,1.694466471672058,19.84896469116211
1,2998,59.0,3.271742105484009,40.70652389526367
1,2999,27.0,-0.40244996547698975,3.3862671852111816
1,3000,46.0,1.7059237957000732,20.517093658447266
1,3001,11.0,-6.503844261169434,98.185791015625
1,3002,42.0,0.45600154995918274,11.583489418029785
1,3003,44.0,1.3583482503890991,17.684492111206055
1,3004,33.0,0.007343596778810024,5.549209117889404
1,3005,26.0,-1.995802879333496,13.362366676330566
1,3006,40.0,0.18916592001914978,7.1613640785217285
1,3007,26.0,-1.3795477151870728,12.462960243225098
1,3008,24.0,-2.259765863418579,26.877779006958008
1,3009,54.0,1.5393446683883667,17.36125946044922
1,3010,43.0,0.29956120252609253,10.749137878417969
1,3011,54.0,0.6705783009529114,11.205513954162598
1,3012,20.0,-3.6772408485412598,65.77581787109375
1,3013,35.0,-1.360345721244812,4.489719390869141
1,3014,31.0,-2.412520170211792,21.825916290283203
1,3015,17.0,-4.908473491668701,70.02568817138672
1,3016,38.0,-0.3569169044494629,4.077071189880371
1,3017,20.0,-3.442338228225708,52.843589782714844
1,3018,38.0,-0.8963248133659363,6.646293640136719
1,3019,21.0,-2.1293137073516846,38.15249252319336
1,3020,45.0,0.6821354627609253,6.603701114654541
1,3021,25.0,-1.7329825162887573,12.518052101135254
1,3022,13.0,-6.029329776763916,93.8599624633789
1,3023,26.0,-2.3491432666778564,9.156691551208496
1,3024,22.0,-2.647379159927368,20.405323028564453
1,3025,16.0,-4.726705551147461,49.96451187133789
1,3026,42.0,1.5708961486816406,16.201871871948242
1,3027,26.0,-0.5608691573143005,2.4356300830841064
1,3028,30.0,0.35487088561058044,3.5071449279785156
1,3029,25.0,-0.6878977417945862,2.630906820297241
1,3030,29.0,0.3399621248245239,3.7369487285614014
1,3031,29.0,0.18615537881851196,3.849607467651367
1,3032,27.0,-0.4548332989215851,3.200277328491211
1,3033,10.0,-4.781747341156006,55.40864181518555
1,3034,66.0,5.534298419952393,88.66667175292969
1,3035,40.0,3.0225164890289307,29.123611450195312
1,3036,30.0,1.4389050006866455,8.631023406982422
1,3037,40.0,2.960423707962036,25.538610458374023
1,3038,41.0,2.6781299114227295,37.24679183959961
1,3039,23.0,-0.30966445803642273,1.4313666820526123
1,3040,33.0,1.7512974739074707,12.878494262695312
1,3041,62.0,5.526181697845459,83.44902038574219
1,3042,12.0,-3.99787974357605,34.6564826965332
1,3043,54.0,4.110646724700928,69.32268524169922
1,3044,24.0,0.38756421208381653,0.9817422032356262
1,3045,48.0,4.104869365692139,50.08894348144531
1,3046,23.0,-0.7142979502677917,2.3857381343841553
1,3047,40.0,2.1942973136901855,20.51432228088379
1,3048,17.0,-1.7946842908859253,17.06027603149414
1,3049,21.0,-1.087053656578064,5.623978614807129
1,3050,34.0,0.9921130537986755,7.855060577392578
1,3051,21.0,-1.3544158935546875,6.69697904586792
1,3052,32.0,0.7050912976264954,7.91247034072876
1,3053,13.0,-3.4878883361816406,45.83640670776367
1,3054,45.0,2.778352975845337,29.183609008789062
1,3055,34.0,1.2315737009048462,7.471585750579834
1,3056,56.0,3.0849103927612305,52.607479095458984
1,3057,39.0,1.2585241794586182,13.302431106567383
1,3058,33.0,1.1441932916641235,6.746560096740723
1,3059,10.0,-7.2019147872924805,69.1025619506836
1,3060,39.0,1.7420344352722168,15.142102241516113
1,3061,12.0,-4.015466213226318,62.17772674560547
1,3062,17.0,-2.1565639972686768,28.55736541748047
1,3063,42.0,1.5041029453277588,12.382440567016602
1,3064,23.0,-1.811244249343872,10.30904769897461
1,3065,31.0,-0.12953193485736847,3.1239993572235107
1,3066,41.0,1.6886610984802246,13.282879829406738
1,3067,13.0,-4.2136359214782715,62.897621154785156
1,3068,54.0,2.6830713748931885,38.22766876220703
1,3069,44.0,1.916481375694275,17.669511795043945
1,3070,49.0,1.937713861465454,29.6927433013916
1,3071,37.0,0.8978080749511719,6.592689514160156
1,3072,21.0,-1.7571605443954468,19.23900032043457
1,3073,44.0,1.685778260231018,18.506168365478516
1,3074,14.0,-4.704290390014648,65.38182830810547
1,3075,32.0,-0.2626187205314636,3.678797483444214
1,3076,29.0,-0.6735138893127441,4.00974702835083
1,3077,32.0,-0.23178982734680176,2.207641124725342
1,3078,42.0,0.9685969352722168,16.350595474243164
1,3079,30.0,-0.9718635678291321,6.909854888916016
1,3080,13.0,-4.859684944152832,74.16898345947266
1,3081,12.0,-4.653666019439697,81.55252075195312
1,3082,29.0,-0.8630899786949158,2.536003828048706
1,3083,18.0,-2.8295984268188477,37.55836868286133
1,3084,50.0,2.1536781787872314,32.741641998291016
1,3085,30.0,-0.8486970663070679,6.208045959472656
1,3086,50.0,2.420423984527588,40.04258346557617
1,3087,23.0,-1.1657884120941162,6.945219993591309
1,3088,22.0,-2.4106290340423584,12.833903312683105
1,3089,51.0,2.069092035293579,27.64720916748047
1,3090,45.0,1.6747262477874756,18.163867950439453
1,3091,31.0,0.3760982155799866,2.681833505630493
1,3092,20.0,-2.8612663745880127,17.235877990722656
1,3093,17.0,-3.542447328567505,29.41548728942871
1,3094,16.0,-3.846799850463867,35.85563659667969
1,3095,46.0,2.8292348384857178,27.983732223510742
1,3096,51.0,4.2969818115234375,53.585182189941406
1,3097,15.0,-3.9115302562713623,36.0330810546875
1,3098,34.0,1.4721803665161133,9.884488105773926
1,3099,21.0,-1.6998523473739624,12.568357467651367
1,3100,41.0,1.568306565284729,24.009445190429688
1,3101,42.0,2.3287665843963623,19.713420867919922
1,3102,48.0,2.8755552768707275,27.605554580688477
1,3103,46.0,1.9199713468551636,27.521743774414062
1,3104,28.0,-0.3509673476219177,3.6810905933380127
1,3105,25.0,-1.3243696689605713,6.13877534866333
1,3106,12.0,-4.735625743865967,44.80533218383789
1,3107,75.0,4.303635120391846,65.81835174560547
1,3108,31.0,0.853993833065033,5.1380295753479
1,3109,24.0,-0.9649454951286316,8.35383415222168
1,3110,32.0,0.7926657199859619,5.258378028869629
1,3111,64.0,3.312174081802368,54.24832534790039
1,3112,54.0,3.139324903488159,45.75060272216797
1,3113,40.0,1.5521258115768433,17.97840690612793
1,3114,66.0,3.3274261951446533,51.28194046020508
1,3115,39.0,0.828786313533783,6.166871547698975
1,3116,21.0,-2.649477243423462,21.375185012817383
1,3117,40.0,1.090571403503418,10.697454452514648
1,3118,11.0,-5.445590019226074,78.04010009765625
1,3119,17.0,-4.92446756362915,41.1773567199707
1,3120,46.0,1.5367279052734375,14.794868469238281
1,3121,37.0,0.46245718002319336,5.290484428405762
1,3122,35.0,0.040546298027038574,3.203373908996582
1,3123,10.0,-7.576596736907959,121.76081848144531
1,3124,41.0,0.5850062370300293,7.8379058837890625
1,3125,52.0,1.645577073097229,20.803205490112305
1,3126,21.0,-3.35552716255188,35.4316291809082
1,3127,36.0,-0.012300236150622368,3.2747421264648438
1,3128,39.0,-0.14977432787418365,3.8140084743499756
1,3129,26.0,-2.2086806297302246,19.742902755737305
1,3130,71.0,2.101775646209717,39.87055587768555
1,3131,40.0,0.39364105463027954,7.170366287231445
1,3132,30.0,-1.4651291370391846,11.913907051086426
1,3133,38.0,-0.8616827130317688,6.0039777755737305
1,3134,13.0,-5.952338218688965,90.5589370727539
1,3135,38.0,-0.2585686445236206,3.5735127925872803
1,3136,12.0,-8.258886337280273,100.81681823730469
1,3137,31.0,-0.7266868948936462,3.5882022380828857
1,3138,40.0,0.4382145404815674,3.2234580516815186
1,3139,17.0,-6.255493640899658,61.69203567504883
1,3140,53.0,2.110882043838501,18.375516891479492
1,3141,43.0,0.8039851784706116,5.075725555419922
1,3142,14.0,-6.414462089538574,64.66582489013672
1,3143,19.0,-4.019257545471191,36.69788360595703
1,3144,66.0,3.519819736480713,52.072601318359375
1,3145,15.0,-4.836117744445801,61.05366897583008
1,3146,23.0,-2.43416166305542,15.250158309936523
1,3147,15.0,-5.1409687995910645,60.8567008972168
1,3148,41.0,0.9205806255340576,5.363731384277344
1,3149,11.0,-5.841935634613037,79.22029876708984
1,3150,28.0,-0.5203384757041931,3.4342474937438965
1,3151,38.0,1.3916443586349487,6.286318778991699
1,3152,44.0,1.258703589439392,12.673081398010254
1,3153,31.0,0.4490668475627899,2.452756881713867
1,3154,14.0,-2.7390851974487305,41.17534255981445
1,3155,30.0,0.3309049606323242,2.734619617462158
1,3156,50.0,2.826972484588623,35.19879150390625
1,3157,15.0,-4.289391040802002,48.946895599365234
1,3158,49.0,2.4593207836151123,21.986425399780273
1,3159,35.0,0.7418481111526489,3.6048333644866943
1,3160,27.0,-0.37785133719444275,3.3473095893859863
1,3161,11.0,-4.054886341094971,59.0992431640625
1,3162,32.0,0.42303892970085144,2.1064960956573486
1,3163,47.0,1.6682565212249756,26.381855010986328
1,3164,13.0,-3.1356382369995117,64.2340316772461
1,3165,21.0,-1.8034355640411377,17.19407081604004
1,3166,34.0,1.0392512083053589,5.0669450759887695
1,3167,35.0,0.9116824865341187,4.84819221496582
1,3168,65.0,3.9943180084228516,67.86185455322266
1,3169,33.0,0.8668068051338196,3.6558759212493896
1,3170,20.0,-3.3336567878723145,28.262752532958984
1,3171,48.0,2.2968204021453857,16.525747299194336
1,3172,51.0,2.9881815910339355,32.28640365600586
1,3173,10.0,-7.343109130859375,81.0516586303711
1,3174,39.0,0.8661405444145203,3.2739479541778564
1,3175,34.0,0.1567845344543457,4.6061015129089355
1,3176,60.0,3.3963840007781982,34.45399856567383
1,3177,26.0,-1.743649959564209,11.853404998779297
1,3178,28.0,-0.9732337594032288,5.163923740386963
1,3179,24.0,-2.491532802581787,20.668453216552734
1,3180,37.0,0.46650081872940063,4.667126178741455
1,3181,43.0,1.1408638954162598,8.783886909484863
1,3182,38.0,0.6620991230010986,3.506000280380249
1,3183,23.0,-2.859240770339966,25.121971130371094
1,3184,18.0,-4.922188758850098,48.49490737915039
1,3185,27.0,-0.8966589570045471,6.381283760070801
1,3186,60.0,2.9981584548950195,41.71879577636719
1,3187,47.0,2.4308245182037354,19.444326400756836
1,3188,12.0,-6.7534027099609375,86.52059173583984
1,3189,13.0,-5.798476219177246,70.86048889160156
1,3190,15.0,-3.2391433715820312,72.29305267333984
1,3191,36.0,0.7201219797134399,3.5907540321350098
1,3192,19.0,-3.393301248550415,37.96955108642578
1,3193,32.0,-0.4129498302936554,4.8179240226745605
1,3194,42.0,1.675416350364685,14.513795852661133
1,3195,41.0,2.144479274749756,18.451515197753906
1,3196,52.0,2.9450690746307373,41.44020080566406
1,3197,13.0,-6.779495716094971,58.27485275268555
1,3198,12.0,-6.073136329650879,64.2027587890625
1,3199,46.0,1.800219178199768,13.586447715759277
1,3200,66.0,4.163579940795898,54.84817886352539
1,3201,30.0,-0.3847155272960663,5.274283409118652
1,3202,55.0,2.6254453659057617,30.463279724121094
1,3203,40.0,1.322023868560791,7.605226516723633
1,3204,21.0,-2.9891252517700195,23.935644149780273
1,3205,12.0,-3.597813844680786,74.47434997558594
1,3206,42.0,1.4344183206558228,8.110188484191895
1,3207,17.0,-4.678709030151367,34.13713073730469
1,3208,17.0,-3.1459600925445557,36.539730072021484
1,3209,51.0,2.0108530521392822,21.317041397094727
1,3210,31.0,-0.36768072843551636,8.59113883972168
1,3211,51.0,1.9199435710906982,30.63477897644043
1,3212,41.0,1.1716655492782593,9.871896743774414
1,3213,28.0,-0.5861462354660034,7.240597248077393
1,3214,13.0,-5.044050693511963,50.342350006103516
1,3215,34.0,-0.04838211089372635,4.463090896606445
1,3216,40.0,0.986672043800354,6.85546875
1,3217,51.0,2.0062143802642822,28.609678268432617
1,3218,33.0,-0.11889007687568665,3.772280216217041
1,3219,47.0,1.7625412940979004,19.573772430419922
1,3220,61.0,3.0028536319732666,37.920101165771484
1,3221,55.0,2.493251323699951,31.112295150756836
1,3222,74.0,2.707286834716797,52.625648498535156
1,3223,38.0,0.0043731993064284325,1.5132358074188232
1,3224,43.0,0.6299199461936951,8.256196022033691
1,3225,38.0,0.28618499636650085,2.5343775749206543
1,3226,28.0,-2.5339105129241943,17.07860565185547
1,3227,31.0,-2.502443313598633,15.607041358947754
1,3228,47.0,0.6166694164276123,2.857400417327881
1,3229,21.0,-3.578594446182251,53.35287857055664
1,3230,40.0,-0.20148733258247375,0.7509332299232483
1,3231,20.0,-4.856720447540283,64.0939712524414
1,3232,11.0,-7.525731563568115,129.76930236816406
1,3233,51.0,1.5112268924713135,13.118185043334961
1,3234,15.0,-6.2898736000061035,85.31185913085938
1,3235,28.0,-2.0988032817840576,14.451485633850098
1,3236,35.0,-0.9765709638595581,4.247623920440674
1,3237,32.0,-0.4622430205345154,3.641922950744629
1,3238,40.0,0.13269151747226715,2.3620944023132324
1,3239,31.0,-0.8392033576965332,3.4080233573913574
1,3240,38.0,1.0587282180786133,4.531253814697266
1,3241,38.0,0.5343545079231262,7.0952534675598145
1,3242,37.0,0.717847466468811,2.2041444778442383
1,3243,42.0,0.8321099877357483,3.1553890705108643
1,3244,21.0,-4.220885276794434,31.580379486083984
1,3245,19.0,-3.8208541870117188,47.48802947998047
1,3246,19.0,-4.452052593231201,36.32863998413086
1,3247,22.0,-3.5156869888305664,30.593400955200195
1,3248,42.0,1.5833052396774292,12.43852710723877
1,3249,13.0,-6.9467692375183105,64.75505065917969
1,3250,26.0,-1.934028148651123,15.382433891296387
1,3251,14.0,-3.974130392074585,56.54738998413086
1,3252,67.0,3.8086254596710205,55.76425552368164
1,3253,44.0,1.7428609132766724,14.65965747833252
1,3254,13.0,-4.8631792068481445,52.157501220703125
1,3255,44.0,1.5714285373687744,15.068415641784668
1,3256,54.0,3.40305495262146,31.646093368530273
1,3257,15.0,-3.728976249694824,49.85803985595703
1,3258,48.0,2.1392219066619873,32.71378707885742
1,3259,56.0,2.419203281402588,40.88190841674805
1,3260,92.0,3.4485177993774414,105.8079833984375
1,3261,43.0,1.5898510217666626,10.247315406799316
1,3262,47.0,2.6742103099823,24.595426559448242
1,3263,32.0,-0.08591026067733765,4.434319972991943
1,3264,62.0,1.9725899696350098,45.6529655456543
1,3265,37.0,0.5441100597381592,3.7455053329467773
1,3266,28.0,-1.2184380292892456,8.850384712219238
1,3267,38.0,0.25909268856048584,8.091333389282227
1,3268,49.0,1.7145264148712158,14.725080490112305
1,3269,17.0,-5.743464946746826,46.2624397277832
1,3270,29.0,-1.9259597063064575,14.646673202514648
1,3271,41.0,0.7251591086387634,6.174892425537109
1,3272,41.0,0.5548896789550781,6.129300594329834
1,3273,29.0,-1.400444746017456,14.333499908447266
1,3274,29.0,-2.3679940700531006,13.730443000793457
1,3275,18.0,-4.85254430770874,54.438270568847656
1,3276,49.0,1.3497662544250488,10.423364639282227
1,3277,64.0,2.7962276935577393,41.007957458496094
1,3278,34.0,-0.34786924719810486,6.3643317222595215
1,3279,40.0,0.2707338035106659,2.9204936027526855
1,3280,49.0,1.320988655090332,9.897455215454102
1,3281,27.0,-2.72526216506958,21.548364639282227
1,3282,41.0,0.42790958285331726,4.042171478271484
1,3283,43.0,0.41421884298324585,3.4467008113861084
1,3284,22.0,-3.7021775245666504,43.71726608276367
1,3285,17.0,-5.75727653503418,65.36138153076172
1,3286,20.0,-3.121748924255371,49.76752853393555
1,3287,33.0,-1.538887858390808,8.828951835632324
1,3288,32.0,-2.2739665508270264,8.300539016723633
1,3289,35.0,-0.318007230758667,2.450244665145874
1,3290,23.0,-3.351188898086548,26.731279373168945
1,3291,20.0,-3.2681758403778076,36.44559860229492
1,3292,31.0,-0.12771260738372803,1.1359127759933472
1,3293,22.0,-1.8557621240615845,23.156902313232422
1,3294,48.0,2.4026172161102295,26.404388427734375
1,3295,46.0,3.040409564971924,26.516889572143555
1,3296,30.0,-0.14849573373794556,3.193648338317871
1,3297,34.0,0.34248319268226624,2.2172482013702393
1,3298,32.0,0.2774913012981415,3.4570348262786865
1,3299,30.0,-0.09499043971300125,1.9634960889816284
1,3300,27.0,-0.29126912355422974,2.225236177444458
1,3301,16.0,-3.3137307167053223,35.72583770751953
1,3302,18.0,-3.610645055770874,22.859394073486328
1,3303,21.0,-1.7802014350891113,9.824906349182129
1,3304,57.0,3.0310347080230713,70.22792053222656
1,3305,50.0,3.6746835708618164,51.498779296875
1,3306,12.0,-4.783476829528809,59.885887145996094
1,3307,16.0,-2.9008350372314453,20.25141716003418
1,3308,55.0,4.478143215179443,65.54924774169922
1,3309,37.0,1.6348111629486084,25.235702514648438
1,3310,39.0,2.3052802085876465,29.040414810180664
1,3311,50.0,4.202164649963379,52.20382308959961
1,3312,29.0,0.6306288242340088,5.184297561645508
1,3313,62.0,4.0915751457214355,92.62031555175781
1,3314,27.0,0.1227586641907692,1.015170931816101
1,3315,37.0,2.2558059692382812,18.320537567138672
1,3316,24.0,-0.5582777261734009,2.1946804523468018
1,3317,31.0,1.212773084640503,6.239103317260742
1,3318,15.0,-3.016587257385254,32.312618255615234
1,3319,54.0,2.921161413192749,54.951263427734375
1,3320,45.0,2.4785656929016113,29.2943115234375
1,3321,24.0,-1.1547009944915771,3.991431713104248
1,3322,32.0,0.8396373987197876,3.7788474559783936
1,3323,34.0,0.28732651472091675,4.767669677734375
1,3324,49.0,3.111987590789795,33.369789123535156
1,3325,23.0,-1.3862091302871704,7.900472164154053
1,3326,10.0,-5.412621021270752,100.62342071533203
1,3327,43.0,1.6670376062393188,21.124494552612305
1,3328,22.0,-1.6205387115478516,12.115002632141113
1,3329,54.0,3.0010833740234375,36.76474380493164
1,3330,52.0,2.030012369155884,32.94414138793945
1,3331,64.0,3.720085382461548,47.931427001953125
1,3332,28.0,-1.4244282245635986,5.8974609375
1,3333,13.0,-6.072478771209717,70.01187133789062
1,3334,31.0,-0.7056283950805664,3.088820457458496
1,3335,21.0,-2.079328775405884,17.290130615234375
1,3336,14.0,-4.592889308929443,68.63835906982422
1,3337,56.0,1.7400343418121338,39.64901351928711
1,3338,27.0,-1.1940202713012695,6.827187538146973
1,3339,18.0,-3.1275980472564697,25.599029541015625
1,3340,31.0,-0.035024095326662064,2.1399340629577637
1,3341,50.0,2.5121572017669678,29.647607803344727
1,3342,59.0,3.2234771251678467,45.708953857421875
1,3343,13.0,-3.6009230613708496,60.83161544799805
1,3344,12.0,-4.677098751068115,60.77857208251953
1,3345,48.0,1.7751283645629883,31.521718978881836
1,3346,11.0,-6.733770847320557,58.15830993652344
1,3347,36.0,1.166623592376709,10.826925277709961
1,3348,12.0,-5.921999931335449,50.49403381347656
1,3349,44.0,2.1315348148345947,22.0882625579834
1,3350,15.0,-4.646972179412842,34.29892349243164
1,3351,54.0,1.935468316078186,40.52278137207031
1,3352,33.0,0.7259837985038757,4.483975410461426
1,3353,29.0,-0.02011680230498314,4.494296550750732
1,3354,29.0,0.29661187529563904,3.976012706756592
1,3355,18.0,-3.1562130451202393,17.61739730834961
1,3356,53.0,3.5681350231170654,42.030757904052734
1,3357,45.0,1.913042426109314,22.79793357849121
1,3358,11.0,-5.206111431121826,58.568267822265625
1,3359,13.0,-5.1055803298950195,46.872894287109375
1,3360,43.0,1.1476807594299316,17.387645721435547
1,3361,14.0,-2.8904130458831787,39.411441802978516
1,3362,54.0,2.790936231613159,35.330291748046875
1,3363,39.0,1.3271303176879883,12.469097137451172
1,3364,31.0,0.4746573567390442,5.67786169052124
1,3365,41.0,0.9958958625793457,12.474645614624023
1,3366,31.0,0.07362142205238342,5.875343322753906
1,3367,44.0,1.822182536125183,16.35128402709961
1,3368,32.0,-0.7873697280883789,5.662932872772217
1,3369,38.0,0.9534900784492493,9.324880599975586
1,3370,74.0,4.436410903930664,49.624820709228516
1,3371,21.0,-1.8815566301345825,28.650508880615234
1,3372,14.0,-5.641266822814941,62.15120315551758
1,3373,29.0,-1.2262746095657349,8.731749534606934
1,3374,42.0,0.7800810933113098,5.595003128051758
1,3375,30.0,-1.4563887119293213,6.869027614593506
1,3376,24.0,-2.830366373062134,20.409900665283203
1,3377,36.0,0.4948138892650604,4.453152179718018
1,3378,41.0,0.552137553691864,3.320998191833496
1,3379,43.0,1.1117676496505737,8.672083854675293
1,3380,63.0,1.9592183828353882,38.67540740966797
1,3381,12.0,-4.786448001861572,87.70709228515625
1,3382,27.0,-2.056765079498291,21.396129608154297
1,3383,23.0,-3.4121105670928955,29.2552433013916
1,3384,36.0,-0.019347352907061577,1.0859136581420898
1,3385,35.0,-0.4713093638420105,2.386141777038574
1,3386,35.0,-0.974929690361023,5.572650909423828
1,3387,10.0,-6.415308475494385,114.18751525878906
1,3388,27.0,-0.8917513489723206,9.641874313354492
1,3389,36.0,0.22012446820735931,3.686034679412842
1,3390,26.0,-2.658130645751953,21.797853469848633
1,3391,48.0,2.3532297611236572,18.185239791870117
1,3392,37.0,0.3934561014175415,3.3252370357513428
1,3393,28.0,-0.8232025504112244,3.572174072265625
1,3394,61.0,2.917511224746704,41.6837272644043
1,3395,19.0,-4.408230781555176,39.96541976928711
1,3396,48.0,2.5560715198516846,23.03234100341797
1,3397,18.0,-4.991893768310547,48.60723876953125
1,3398,13.0,-6.3417744636535645,71.0997314453125
1,3399,42.0,2.1273698806762695,13.071109771728516
1,3400,29.0,-0.5195286870002747,4.202566623687744
1,3401,41.0,1.4191067218780518,9.496980667114258
1,3402,22.0,-2.914613723754883,23.181346893310547
1,3403,20.0,-3.9286980628967285,29.575658798217773
1,3404,68.0,2.9295198917388916,55.67539978027344
1,3405,36.0,1.0114575624465942,5.319538593292236
1,3406,31.0,-0.018925126641988754,4.292603969573975
1,3407,54.0,2.1976985931396484,35.7399787902832
1,3408,35.0,0.31177258491516113,3.7949836254119873
1,3409,10.0,-6.917725086212158,85.72986602783203
1,3410,53.0,2.5816824436187744,32.477256774902344
1,3411,29.0,-0.5006744265556335,7.17932653427124
1,3412,18.0,-2.7539784908294678,38.52440643310547
1,3413,16.0,-2.7930009365081787,38.5024299621582
1,3414,49.0,2.078953742980957,28.26053237915039
1,3415,35.0,0.5241613388061523,5.447497844696045
1,3416,11.0,-4.946311950683594,78.24795532226562
1,3417,15.0,-3.8239552974700928,46.561241149902344
1,3418,16.0,-3.3410768508911133,38.043697357177734
1,3419,30.0,-0.09163587540388107,4.466034412384033
1,3420,38.0,1.294569492340088,8.990362167358398
1,3421,39.0,1.2282732725143433,11.356073379516602
1,3422,23.0,-1.3858948945999146,8.872000694274902
1,3423,42.0,2.5208046436309814,19.099822998046875
1,3424,33.0,0.8332565426826477,4.256936550140381
1,3425,18.0,-3.69952130317688,23.11223793029785
1,3426,28.0,-0.733866810798645,5.230686187744141
1,3427,39.0,1.4745351076126099,12.78066349029541
1,3428,32.0,0.45765364170074463,4.4906005859375
1,3429,25.0,-1.3882603645324707,6.5757222175598145
1,3430,20.0,-2.50302791595459,17.470964431762695
1,3431,19.0,-2.5071487426757812,16.846097946166992
1,3432,11.0,-5.650944232940674,67.1907958984375
1,3433,63.0,2.8235623836517334,67.88642120361328
1,3434,32.0,0.4894535541534424,3.5124692916870117
1,3435,40.0,2.5562591552734375,20.531347274780273
1,3436,18.0,-2.2678301334381104,18.385984420776367
1,3437,41.0,1.821071982383728,19.03973960876465
1,3438,24.0,-0.37355515360832214,3.212207317352295
1,3439,14.0,-4.424439907073975,38.329833984375
1,3440,15.0,-3.773297071456909,36.23867416381836
1,3441,36.0,1.5186926126480103,9.315871238708496
1,3442,53.0,2.3297603130340576,49.42176818847656
1,3443,21.0,-1.177029013633728,10.82804012298584
1,3444,37.0,2.1566715240478516,15.520120620727539
1,3445,19.0,-2.6258368492126465,15.168535232543945
1,3446,39.0,2.1480555534362793,17.249496459960938
1,3447,56.0,2.867318868637085,54.867156982421875
1,3448,12.0,-6.190267562866211,40.369590759277344
1,3449,19.0,-2.076814889907837,14.78771686553955
1,3450,29.0,0.675208568572998,3.4351372718811035
1,3451,63.0,3.85990047454834,72.35523223876953
1,3452,21.0,-0.6864010691642761,7.6386189460754395
1,3453,39.0,1.1900575160980225,14.699312210083008
1,3454,36.0,1.656725525856018,12.971108436584473
1,3455,15.0,-3.3901147842407227,29.392518997192383
1,3456,39.0,2.1969454288482666,17.86752700805664
1,3457,48.0,3.3406152725219727,39.1084098815918
1,3458,17.0,-2.5378315448760986,18.44809341430664
1,3459,21.0,-1.224377989768982,11.442910194396973
1,3460,13.0,-3.5044445991516113,34.272911071777344
1,3461,32.0,0.7138346433639526,6.465914726257324
1,3462,24.0,-0.3983297646045685,7.491804122924805
1,3463,14.0,-2.2310450077056885,32.160423278808594
1,3464,45.0,2.290933847427368,32.52647018432617
1,3465,52.0,3.007450819015503,44.45683288574219
1,3466,30.0,0.7737544775009155,5.260980129241943
1,3467,23.0,-0.8750506043434143,9.595970153808594
1,3468,31.0,0.8984241485595703,7.361614227294922
1,3469,29.0,0.6089867949485779,4.687259197235107
1,3470,16.0,-3.9829325675964355,22.674449920654297
1,3471,20.0,-2.37160587310791,9.890636444091797
1,3472,33.0,1.094806432723999,6.891345024108887
1,3473,55.0,2.1414177417755127,45.30274200439453
1,3474,29.0,-0.1919569969177246,3.702286958694458
1,3475,48.0,2.0874297618865967,38.12090301513672
1,3476,56.0,2.474214792251587,39.386024475097656
1,3477,51.0,2.8188729286193848,33.9545783996582
1,3478,37.0,1.3600672483444214,9.65468692779541
1,3479,14.0,-5.270823001861572,46.832801818847656
1,3480,45.0,1.440736174583435,16.567279815673828
1,3481,36.0,0.3379225432872772,4.242968559265137
1,3482,28.0,-1.4712885618209839,6.3333964347839355
1,3483,39.0,0.7903928756713867,5.775295257568359
1,3484,29.0,-1.1250611543655396,8.206902503967285
1,3485,26.0,-1.323852777481079,14.568436622619629
1,3486,31.0,-0.5953745245933533,6.415140151977539
1,3487,11.0,-7.1402788162231445,101.00589752197266
1,3488,21.0,-2.857071876525879,32.294525146484375
1,3489,41.0,0.7850466370582581,7.270556449890137
1,3490,42.0,1.2070202827453613,11.953577995300293
1,3491,23.0,-2.103217124938965,20.343891143798828
1,3492,16.0,-3.7542362213134766,58.820865631103516
1,3493,43.0,0.899850070476532,9.925769805908203
1,3494,33.0,0.021578563377261162,2.1089015007019043
1,3495,9.0,-8.10312557220459,104.37596130371094
1,3496,37.0,0.5650070309638977,4.498740196228027
1,3497,17.0,-4.79693603515625,40.4371337890625
1,3498,49.0,3.3059580326080322,29.36652183532715
1,3499,27.0,-0.9366541504859924,5.000628471374512
1,3500,51.0,2.4354565143585205,27.19256019592285
1,3501,27.0,-0.8377235531806946,6.971074104309082
1,3502,34.0,0.4813397228717804,3.785043239593506
1,3503,13.0,-3.3520660400390625,73.65873718261719
1,3504,11.0,-7.299839019775391,79.65787506103516
1,3505,32.0,0.21267491579055786,1.6986345052719116
1,3506,41.0,1.3581840991973877,8.349507331848145
1,3507,16.0,-4.67884635925293,38.97720718383789
1,3508,42.0,1.348680019378662,10.246111869812012
1,3509,18.0,-2.6771721839904785,28.43947410583496
1,3510,55.0,2.455780267715454,46.14949417114258
1,3511,21.0,-2.833315134048462,22.518526077270508
1,3512,39.0,0.7541840076446533,15.182822227478027
1,3513,22.0,-2.335476875305176,17.285751342773438
1,3514,14.0,-4.163952827453613,52.29539489746094
1,3515,43.0,1.446323037147522,22.037771224975586
1,3516,30.0,-0.5867515802383423,4.120859622955322
1,3517,43.0,1.3015466928482056,19.28992462158203
1,3518,65.0,3.3792080879211426,61.819122314453125
1,3519,32.0,0.47427085041999817,2.1894729137420654
1,3520,34.0,0.9818115234375,4.846987247467041
1,3521,60.0,2.504643440246582,53.721195220947266
1,3522,35.0,0.44542238116264343,5.410152912139893
1,3523,25.0,-1.221084475517273,7.39750337600708
1,3524,20.0,-2.3499255180358887,26.747230529785156
1,3525,58.0,2.8859124183654785,45.59513854980469
1,3526,16.0,-4.8952412605285645,36.73883056640625
1,3527,57.0,3.2470147609710693,41.89366912841797
1,3528,41.0,1.4076164960861206,10.097530364990234
1,3529,30.0,-0.4063923954963684,3.204421043395996
1,3530,53.0,2.4815502166748047,22.379348754882812
1,3531,91.0,2.5699262619018555,76.05775451660156
1,3532,40.0,0.8710810542106628,4.844087600708008
1,3533,19.0,-2.977574110031128,36.286155700683594
1,3534,21.0,-2.688673496246338,30.33466148376465
1,3535,35.0,0.18151900172233582,4.811132431030273
1,3536,24.0,-2.0682756900787354,20.810056686401367
1,3537,15.0,-4.266397476196289,51.57426071166992
1,3538,23.0,-1.90522301197052,20.52590560913086
1,3539,72.0,2.4871251583099365,55.7235107421875
1,3540,54.0,2.4889280796051025,26.99144172668457
1,3541,38.0,0.4637334942817688,2.7475829124450684
1,3542,36.0,0.2766421437263489,7.249114036560059
1,3543,67.0,3.3316047191619873,45.22615432739258
1,3544,48.0,1.4187549352645874,18.424137115478516
1,3545,61.0,2.0994765758514404,35.55238723754883
1,3546,48.0,1.7332500219345093,13.693703651428223
1,3547,28.0,-1.9408003091812134,12.359314918518066
1,3548,14.0,-5.117436408996582,75.25672149658203
1,3549,30.0,-1.0959478616714478,8.543216705322266
1,3550,36.0,0.013014274649322033,4.409646511077881
1,3551,17.0,-4.850429534912109,60.81629943847656
1,3552,45.0,0.9395912289619446,7.217448711395264
1,3553,18.0,-4.497294902801514,48.944244384765625
1,3554,40.0,0.3136134147644043,2.288902759552002
1,3555,20.0,-2.721788167953491,47.38191604614258
1,3556,43.0,1.3585892915725708,8.710400581359863
1,3557,47.0,1.3310574293136597,8.672931671142578
1,3558,45.0,1.1676121950149536,9.16782283782959
1,3559,26.0,-2.11289644241333,33.5410041809082
1,3560,26.0,-1.1342806816101074,16.54692840576172
1,3561,12.0,-7.598668098449707,85.3985366821289
1,3562,19.0,-5.561887264251709,47.12488555908203
1,3563,14.0,-4.829826831817627,79.27407836914062
1,3564,52.0,1.8465226888656616,17.675928115844727
1,3565,51.0,2.325291633605957,23.33368492126465
1,3566,42.0,1.05790376663208,10.062047958374023
1,3567,29.0,-1.0932929515838623,7.542621612548828
1,3568,12.0,-5.396541595458984,85.24993896484375
1,3569,44.0,0.6997395157814026,7.237715721130371
1,3570,37.0,0.13038493692874908,3.1514735221862793
1,3571,19.0,-2.3429923057556152,35.438297271728516
1,3572,35.0,0.3087674081325531,4.1719465255737305
1,3573,42.0,1.1665019989013672,11.148604393005371
1,3574,26.0,-2.2480862140655518,15.861064910888672
1,3575,45.0,0.9326692223548889,6.730700969696045
1,3576,29.0,-0.31833645701408386,5.043837070465088
1,3577,40.0,0.5926387906074524,3.019383192062378
1,3578,51.0,0.927880585193634,18.99974822998047
1,3579,15.0,-4.841548919677734,50.33782958984375
1,3580,16.0,-3.143484592437744,59.72004318237305
1,3581,24.0,-2.0537350177764893,15.9701509475708
1,3582,61.0,1.518446683883667,43.295536041259766
1,3583,15.0,-4.261932373046875,52.56840515136719
1,3584,58.0,2.964275360107422,35.790504455566406
1,3585,35.0,0.2442733347415924,4.1100687980651855
1,3586,12.0,-4.601380348205566,71.20789337158203
1,3587,42.0,1.327481985092163,10.29265308380127
1,3588,35.0,0.07157755643129349,1.3881009817123413
1,3589,9.0,-6.997056007385254,94.38115692138672
1,3590,64.0,1.7723045349121094,44.972652435302734
1,3591,37.0,0.22003529965877533,2.3163902759552
1,3592,46.0,1.4205987453460693,9.128274917602539
1,3593,35.0,0.1851181536912918,4.492827892303467
1,3594,48.0,1.1584526300430298,18.43471336364746
1,3595,15.0,-3.699693441390991,56.85743713378906
1,3596,35.0,-0.023691605776548386,2.9434378147125244
1,3597,70.0,3.558507204055786,50.96432876586914
1,3598,30.0,-0.6221568584442139,9.327579498291016
1,3599,15.0,-3.920806884765625,57.22476577758789
1,3600,34.0,-0.45950597524642944,3.853975296020508
1,3601,36.0,0.12622107565402985,2.1695075035095215
1,3602,43.0,1.1252707242965698,6.3242340087890625
1,3603,17.0,-3.547759771347046,47.532867431640625
1,3604,60.0,2.6399362087249756,34.845359802246094
1,3605,50.0,1.4831010103225708,12.527600288391113
1,3606,27.0,-1.3782926797866821,11.195537567138672
1,3607,31.0,-1.004792332649231,8.710142135620117
1,3608,38.0,0.49187880754470825,4.0135064125061035
1,3609,37.0,0.13108888268470764,0.7432133555412292
1,3610,32.0,-0.4571036696434021,4.850353717803955
1,3611,24.0,-1.8588119745254517,23.173873901367188
1,3612,39.0,0.433010995388031,1.233423113822937
1,3613,31.0,-0.7955436706542969,3.4608898162841797
1,3614,55.0,2.3746743202209473,22.462831497192383
1,3615,8.0,-9.901865005493164,121.06410217285156
1,3616,76.0,3.058462381362915,69.9695816040039
1,3617,24.0,-1.7545543909072876,27.075471878051758
1,3618,70.0,2.865457057952881,60.946712493896484
1,3619,61.0,2.1310036182403564,42.68324661254883
1,3620,49.0,1.912561058998108,19.567148208618164
1,3621,24.0,-2.5036277770996094,21.054931640625
1,3622,17.0,-3.577190637588501,52.0021858215332
1,3623,29.0,-0.8442077040672302,10.313714981079102
1,3624,37.0,0.03626739978790283,4.955092430114746
1,3625,76.0,4.0032124519348145,60.34797286987305
1,3626,48.0,1.8038933277130127,19.95185089111328
1,3627,44.0,1.5042939186096191,12.201298713684082
1,3628,33.0,-0.052688922733068466,2.981010913848877
1,3629,13.0,-8.820367813110352,85.18596649169922
1,3630,20.0,-4.140521049499512,36.973934173583984
1,3631,53.0,1.3314679861068726,18.335960388183594
1,3632,17.0,-5.416886806488037,51.94378662109375
1,3633,53.0,1.0769069194793701,24.206087112426758
1,3634,49.0,1.8235002756118774,14.838080406188965
1,3635,16.0,-6.8772807121276855,53.07905578613281
1,3636,51.0,1.7643948793411255,17.926982879638672
1,3637,54.0,1.5542556047439575,21.362964630126953
1,3638,12.0,-5.834078788757324,79.94175720214844
1,3639,26.0,-1.6014808416366577,30.990419387817383
1,3640,42.0,0.5750679969787598,6.055270195007324
1,3641,18.0,-3.7492358684539795,49.763336181640625
1,3642,57.0,1.9113614559173584,19.637060165405273
1,3643,22.0,-2.160078287124634,29.192684173583984
1,3644,40.0,0.5936311483383179,5.827267646789551
1,3645,36.0,0.45096173882484436,7.186607837677002
1,3646,12.0,-6.066928863525391,78.00228118896484
1,3647,42.0,0.5480963587760925,6.912965297698975
1,3648,40.0,0.617687463760376,5.721923351287842
1,3649,40.0,0.42854470014572144,4.368199348449707
1,3650,33.0,-0.4283043146133423,9.031010627746582
1,3651,46.0,1.3505804538726807,9.230255126953125
1,3652,29.0,-1.3985323905944824,11.109357833862305
1,3653,80.0,2.511002540588379,50.80396270751953
1,3654,61.0,1.4910677671432495,31.31918716430664
1,3655,23.0,-4.875899314880371,33.61008834838867
1,3656,38.0,0.0021334001794457436,1.901885986328125
1,3657,72.0,1.481258749961853,33.75713348388672
1,3658,14.0,-7.459177494049072,84.84512329101562
1,3659,12.0,-4.245866775512695,90.80687713623047
1,3660,60.0,1.4088448286056519,23.32236671447754
1,3661,61.0,1.3069671392440796,23.823856353759766
1,3662,26.0,-1.704369068145752,25.750389099121094
1,3663,33.0,-1.0081204175949097,6.9858078956604
1,3664,36.0,-0.4139343500137329,4.844345569610596
1,3665,73.0,2.7773165702819824,41.11700439453125
1,3666,33.0,-1.1644532680511475,6.520727634429932
1,3667,17.0,-6.52375602722168,64.37181854248047
1,3668,31.0,-0.42945563793182373,8.047874450683594
1,3669,27.0,-1.0795718431472778,20.123016357421875
1,3670,23.0,-1.5583316087722778,30.294519424438477
1,3671,52.0,0.7597430348396301,17.160985946655273
1,3672,23.0,-1.9119760990142822,22.744403839111328
1,3673,61.0,2.7265233993530273,33.33395004272461
1,3674,17.0,-2.9101033210754395,46.20771408081055
1,3675,66.0,3.314080238342285,51.18856430053711
1,3676,27.0,-0.6337453126907349,7.794165134429932
1,3677,12.0,-3.9989545345306396,63.49740982055664
1,3678,26.0,-0.7022961974143982,8.702820777893066
1,3679,25.0,-1.0747370719909668,8.702967643737793
1,3680,35.0,0.9844235777854919,5.372697830200195
1,3681,17.0,-4.748434543609619,27.8783016204834
1,3682,14.0,-4.293069839477539,34.40362548828125
1,3683,41.0,1.3411272764205933,16.78746223449707
1,3684,49.0,2.7988507747650146,30.728511810302734
1,3685,51.0,2.8095076084136963,37.45050048828125
1,3686,37.0,1.8870303630828857,14.505498886108398
1,3687,30.0,0.5595231056213379,3.600656270980835
1,3688,30.0,0.6216284036636353,3.196779251098633
1,3689,50.0,2.6446609497070312,31.07253646850586
1,3690,24.0,-0.8636152148246765,5.922145843505859
1,3691,58.0,1.9899417161941528,41.920997619628906
1,3692,25.0,-0.9310072660446167,5.829583168029785
1,3693,46.0,2.5879642963409424,23.924074172973633
1,3694,36.0,1.1005078554153442,8.434123992919922
1,3695,41.0,1.346275806427002,13.365076065063477
1,3696,70.0,2.286076784133911,58.13266372680664
1,3697,28.0,-0.5708916783332825,3.9323906898498535
1,3698,13.0,-5.50391149520874,66.49938201904297
1,3699,12.0,-4.483798503875732,76.11539459228516
1,3700,33.0,-0.050760045647621155,4.226977825164795
1,3701,35.0,0.18323741853237152,3.8863298892974854
1,3702,61.0,2.7906270027160645,34.06519317626953
1,3703,75.0,2.530641794204712,55.530677795410156
1,3704,30.0,-0.604592502117157,2.3882150650024414
1,3705,15.0,-5.029494762420654,64.59414672851562
1,3706,38.0,0.17138001322746277,4.328265190124512
1,3707,52.0,2.6443049907684326,26.491710662841797
1,3708,14.0,-6.770930767059326,57.584495544433594
1,3709,13.0,-6.015968322753906,74.31212615966797
1,3710,26.0,-1.4303536415100098,6.576740264892578
1,3711,44.0,1.0585105419158936,10.764310836791992
1,3712,40.0,0.7180445194244385,6.6400251388549805
1,3713,47.0,1.378735065460205,13.289848327636719
1,3714,53.0,2.455528736114502,22.363143920898438
1,3715,54.0,2.1629860401153564,27.94021224975586
1,3716,51.0,1.6375017166137695,18.470436096191406
1,3717,75.0,4.325679779052734,57.96849060058594
1,3718,16.0,-6.158926963806152,54.140071868896484
1,3719,32.0,-1.0236200094223022,3.762922525405884
1,3720,60.0,1.9845656156539917,24.254262924194336
1,3721,35.0,-0.27355462312698364,9.060381889343262
1,3722,25.0,-2.129290819168091,44.69126510620117
1,3723,39.0,-0.22639711201190948,13.282343864440918
1,3724,76.0,2.041602849960327,42.06956100463867
1,3725,32.0,-0.938430666923523,19.619626998901367
1,3726,15.0,-5.2686448097229,72.44416809082031
1,3727,26.0,-1.9149689674377441,17.781667709350586
1,3728,66.0,1.6794263124465942,30.907785415649414
1,3729,52.0,0.7901114225387573,14.061049461364746
1,3730,42.0,-0.06314309686422348,6.902637958526611
1,3731,21.0,-3.3484177589416504,30.424318313598633
1,3732,81.0,3.4046902656555176,51.744606018066406
1,3733,11.0,-5.9843244552612305,90.9164810180664
1,3734,20.0,-4.63100004196167,30.210018157958984
1,3735,47.0,1.3911689519882202,11.035076141357422
1,3736,43.0,0.4817703366279602,5.309359550476074
1,3737,9.0,-9.276134490966797,107.57457733154297
1,3738,76.0,2.6019773483276367,46.83162307739258
1,3739,24.0,-2.8107991218566895,25.682575225830078
1,3740,15.0,-6.5311784744262695,55.84661102294922
1,3741,31.0,-0.6884798407554626,3.5751473903656006
1,3742,20.0,-2.9457623958587646,25.953256607055664
1,3743,37.0,0.4553172290325165,3.0098226070404053
1,3744,9.0,-5.759031295776367,89.58354949951172
1,3745,55.0,1.3201316595077515,22.81378173828125
1,3746,57.0,2.468681812286377,27.016700744628906
1,3747,50.0,1.217147946357727,19.545133590698242
1,3748,32.0,0.1911548227071762,3.630868911743164
1,3749,47.0,2.094752788543701,16.607755661010742
1,3750,14.0,-5.228442668914795,47.70175552368164
1,3751,37.0,0.7414407730102539,11.253242492675781
1,3752,82.0,3.17293381690979,56.6697883605957
1,3753,45.0,0.9531623721122742,12.603667259216309
1,3754,44.0,1.788295030593872,14.429336547851562
1,3755,37.0,0.32673025131225586,5.855311393737793
1,3756,33.0,-0.16000673174858093,7.603240966796875
1,3757,93.0,2.694570541381836,59.91160202026367
1,3758,18.0,-4.677893161773682,35.991424560546875
1,3759,38.0,0.04240267351269722,8.462061882019043
1,3760,12.0,-6.6733503341674805,75.54917907714844
1,3761,40.0,0.7707417011260986,4.8210554122924805
1,3762,11.0,-4.497111797332764,92.60059356689453
1,3763,50.0,2.0721240043640137,16.061969757080078
1,3764,81.0,2.427015542984009,41.87726593017578
1,3765,28.0,-1.4431692361831665,8.021767616271973
1,3766,26.0,-2.508085012435913,39.66645812988281
1,3767,55.0,1.3380261659622192,24.877464294433594
1,3768,61.0,2.554691791534424,31.292863845825195
1,3769,40.0,0.3630940616130829,3.123919725418091
1,3770,31.0,-1.160239577293396,11.13498306274414
1,3771,11.0,-6.063992023468018,99.86376190185547
1,3772,21.0,-3.61488938331604,39.386104583740234
1,3773,93.0,3.2737925052642822,54.590450286865234
1,3774,37.0,-0.30560624599456787,10.661091804504395
1,3775,25.0,-1.6201094388961792,26.006484985351562
1,3776,22.0,-4.168622970581055,40.16521072387695
1,3777,54.0,1.4689116477966309,18.97722816467285
1,3778,60.0,1.3439297676086426,28.46886444091797
1,3779,40.0,-0.03333517909049988,9.74487590789795
1,3780,49.0,0.8724967241287231,8.397610664367676
1,3781,59.0,1.6976226568222046,21.40203094482422
1,3782,21.0,-3.5085394382476807,31.28523826599121
1,3783,44.0,0.18980149924755096,4.253162384033203
1,3784,20.0,-3.118199110031128,36.312625885009766
1,3785,32.0,-1.376606822013855,11.507892608642578
1,3786,40.0,0.6490384340286255,5.342201232910156
1,3787,36.0,0.008602493442595005,2.9585652351379395
1,3788,22.0,-4.420864582061768,31.899927139282227
1,3789,34.0,-0.37090450525283813,2.924485921859741
1,3790,11.0,-6.748446464538574,107.00379180908203
1,3791,39.0,0.5566774606704712,3.2289841175079346
1,3792,54.0,1.0546156167984009,17.14060401916504
1,3793,51.0,1.256300449371338,12.694009780883789
1,3794,23.0,-3.372462034225464,33.46076202392578
1,3795,56.0,2.0321662425994873,18.52023696899414
1,3796,94.0,4.621740341186523,72.91120147705078
1,3797,70.0,1.3462539911270142,39.582698822021484
1,3798,17.0,-5.505867958068848,54.113529205322266
1,3799,11.0,-10.789566040039062,99.38128662109375
1,3800,12.0,-6.3467535972595215,93.56321716308594
1,3801,12.0,-4.832369804382324,80.85820007324219
1,3802,52.0,1.0619606971740723,9.314062118530273
1,3803,16.0,-4.623039722442627,54.768455505371094
1,3804,72.0,2.8926963806152344,38.183162689208984
1,3805,49.0,2.4931342601776123,20.78656768798828
1,3806,39.0,0.5502886772155762,2.66050124168396
1,3807,11.0,-6.3772759437561035,71.68197631835938
1,3808,19.0,-1.87798011302948,36.15969467163086
1,3809,53.0,1.2909581661224365,14.412927627563477
1,3810,17.0,-3.1448276042938232,38.76142501831055
1,3811,47.0,1.3673739433288574,10.638753890991211
1,3812,19.0,-1.875024437904358,28.949371337890625
1,3813,32.0,-0.4891132712364197,8.719411849975586
1,3814,39.0,0.5349830985069275,7.863546371459961
1,3815,17.0,-3.7020556926727295,39.47117614746094
1,3816,35.0,0.1540631204843521,6.100277900695801
1,3817,12.0,-3.92000150680542,61.482181549072266
1,3818,31.0,-0.41819778084754944,4.419178485870361
1,3819,15.0,-3.561459541320801,46.16919708251953
1,3820,70.0,2.832456350326538,71.66644287109375
1,3821,26.0,-0.6727327108383179,9.625782012939453
1,3822,48.0,1.561723232269287,21.45698356628418
1,3823,63.0,2.6625707149505615,36.99818420410156
1,3824,53.0,2.70229172706604,29.374650955200195
1,3825,12.0,-3.746230125427246,51.29279327392578
1,3826,42.0,1.8744374513626099,17.358720779418945
1,3827,30.0,0.14098934829235077,15.689801216125488
1,3828,11.0,-3.2416470050811768,58.19867706298828
1,3829,15.0,-2.3778812885284424,32.519004821777344
1,3830,40.0,2.0616466999053955,18.26251792907715
1,3831,29.0,-0.1176677867770195,6.929152965545654
1,3832,42.0,1.510254144668579,18.075698852539062
1,3833,60.0,2.315317392349243,42.29118347167969
1,3834,77.0,2.639727830886841,74.66605377197266
1,3835,93.0,4.490984916687012,87.10152435302734
1,3836,37.0,0.43344131112098694,12.974644660949707
1,3837,15.0,-4.309653282165527,32.93836975097656
1,3838,48.0,1.809604525566101,23.925399780273438
1,3839,58.0,2.932279586791992,39.359153747558594
1,3840,17.0,-4.310965538024902,27.07128143310547
1,3841,38.0,0.7127007246017456,11.732592582702637
1,3842,80.0,3.6426408290863037,52.53725814819336
1,3843,52.0,1.9102760553359985,22.865657806396484
1,3844,64.0,3.2826955318450928,38.866329193115234
1,3845,25.0,-2.227590322494507,15.804771423339844
1,3846,42.0,1.0716935396194458,11.749043464660645
1,3847,46.0,1.586256742477417,13.01492691040039
1,3848,42.0,0.7236018776893616,6.207743167877197
1,3849,14.0,-5.199801921844482,55.818851470947266
1,3850,67.0,2.2060999870300293,24.23919105529785
1,3851,17.0,-3.3622143268585205,49.041297912597656
1,3852,54.0,1.649917483329773,15.242854118347168
1,3853,53.0,0.8018493056297302,8.319125175476074
1,3854,10.0,-9.24738597869873,114.61786651611328
1,3855,42.0,0.19891667366027832,2.8632516860961914
1,3856,38.0,-0.1391267478466034,7.2863264083862305
1,3857,32.0,-1.7991650104522705,18.988338470458984
1,3858,27.0,-3.263716220855713,30.380897521972656
1,3859,27.0,-2.474165439605713,20.994585037231445
1,3860,41.0,0.185117706656456,9.488797187805176
1,3861,63.0,1.460832953453064,13.058173179626465
1,3862,75.0,2.2173452377319336,36.93789291381836
1,3863,74.0,1.6319339275360107,29.868680953979492
1,3864,52.0,1.5728970766067505,10.669939041137695
1,3865,41.0,0.45686018466949463,2.522257089614868
1,3866,84.0,1.8668811321258545,53.191829681396484
1,3867,44.0,0.9512391686439514,2.997145652770996
1,3868,73.0,2.130740165710449,25.103025436401367
1,3869,50.0,0.7939996719360352,4.076709270477295
1,3870,11.0,-7.252005100250244,149.77432250976562
1,3871,38.0,-1.576236605644226,7.9434919357299805
1,3872,47.0,-0.2173144370317459,5.909703254699707
1,3873,11.0,-8.86960220336914,137.42579650878906
1,3874,45.0,-1.0491786003112793,17.051349639892578
1,3875,12.0,-6.765288352966309,144.59544372558594
1,3876,110.0,3.0662379264831543,53.49458312988281
1,3877,43.0,-0.961047887802124,11.35609245300293
1,3878,16.0,-8.613704681396484,108.79499816894531
1,3879,39.0,-0.8632892966270447,3.3203861713409424
1,3880,65.0,0.726257860660553,22.64747428894043
1,3881,73.0,2.7726993560791016,36.14764404296875
1,3882,53.0,0.7295575141906738,11.205315589904785
1,3883,22.0,-2.4697213172912598,54.2107048034668
1,3884,37.0,-2.234462022781372,18.010339736938477
1,3885,87.0,1.7495832443237305,30.95500373840332
1,3886,35.0,-0.8433614373207092,10.872750282287598
1,3887,34.0,-2.37733793258667,17.508024215698242
1,3888,61.0,1.7606489658355713,20.47241973876953
1,3889,66.0,0.973884105682373,17.92116928100586
1,3890,39.0,-0.27518951892852783,5.390387058258057
1,3891,21.0,-4.386125087738037,41.55904006958008
1,3892,48.0,0.8464049696922302,8.094582557678223
1,3893,28.0,-4.3171586990356445,29.49936294555664
1,3894,45.0,0.5524966716766357,3.3582122325897217
1,3895,84.0,2.531799077987671,44.208892822265625
1,3896,29.0,-1.438697099685669,24.95635223388672
1,3897,43.0,0.21173422038555145,3.6277146339416504
1,3898,63.0,1.6082078218460083,19.48556137084961
1,3899,36.0,-0.1798369288444519,3.9254825115203857
1,3900,132.0,3.6436593532562256,71.87364196777344
1,3901,15.0,-6.601341724395752,71.09532928466797
1,3902,116.0,2.795637607574463,68.9081039428711
1,3903,10.0,-8.624881744384766,128.1166534423828
1,3904,66.0,1.4692580699920654,33.72440719604492
1,3905,45.0,0.15967881679534912,10.514081001281738
1,3906,22.0,-4.479771614074707,42.71888732910156
1,3907,62.0,1.3049461841583252,24.25481414794922
1,3908,36.0,-0.0772167220711708,9.448358535766602
1,3909,53.0,0.8955414891242981,13.025357246398926
1,3910,15.0,-4.960366249084473,80.2746353149414
1,3911,61.0,1.3279365301132202,17.29444694519043
1,3912,33.0,-1.1455882787704468,18.446611404418945
1,3913,35.0,-0.6387574672698975,12.603843688964844
1,3914,48.0,0.2811066210269928,6.864367485046387
1,3915,39.0,0.25248587131500244,2.538095235824585
1,3916,47.0,0.6348038911819458,9.54585075378418
1,3917,34.0,-0.7558205127716064,14.256255149841309
1,3918,67.0,2.024177074432373,31.5351505279541
1,3919,25.0,-2.290773391723633,25.333250045776367
1,3920,26.0,-4.104872703552246,27.448081970214844
1,3921,23.0,-2.4401698112487793,33.95639419555664
1,3922,97.0,3.9890522956848145,68.11233520507812
1,3923,64.0,2.4164011478424072,31.758312225341797
1,3924,20.0,-3.58046817779541,37.8917121887207
1,3925,87.0,4.152933597564697,64.31732177734375
1,3926,13.0,-6.120265007019043,68.47645568847656
1,3927,37.0,-0.4109690189361572,6.546815395355225
1,3928,52.0,1.441908359527588,15.953495979309082
1,3929,17.0,-5.422804832458496,47.64838790893555
1,3930,40.0,0.743687629699707,4.881991863250732
1,3931,18.0,-3.2402703762054443,40.39599609375
1,3932,30.0,-0.18956735730171204,8.24580192565918
1,3933,117.0,3.9842703342437744,101.45603942871094
1,3934,51.0,1.3764677047729492,18.249500274658203
1,3935,65.0,3.591789722442627,58.343589782714844
1,3936,39.0,0.44231072068214417,4.887534141540527
1,3937,50.0,0.7370109558105469,17.30216407775879
1,3938,42.0,0.7439066767692566,5.032918453216553
1,3939,9.0,-10.700363159179688,95.63338470458984
1,3940,27.0,-2.508253335952759,14.260237693786621
1,3941,41.0,0.9230626821517944,8.185200691223145
1,3942,29.0,-0.769479513168335,6.10858678817749
1,3943,14.0,-5.47957181930542,70.10992431640625
1,3944,11.0,-6.894439220428467,84.29561614990234
1,3945,26.0,-1.7142030000686646,9.276742935180664
1,3946,25.0,-1.9226106405258179,22.25935173034668
1,3947,42.0,1.2244457006454468,7.883905410766602
1,3948,52.0,1.8821943998336792,21.675537109375
1,3949,63.0,2.119990348815918,44.44377136230469
1,3950,45.0,1.8090447187423706,14.979667663574219
1,3951,81.0,3.6715481281280518,58.573081970214844
1,3952,29.0,-1.704782485961914,5.420485973358154
1,3953,20.0,-2.738173723220825,26.563844680786133
1,3954,88.0,3.9744162559509277,61.706424713134766
1,3955,80.0,3.5188097953796387,64.9794921875
1,3956,60.0,2.386343240737915,26.899681091308594
1,3957,49.0,1.5910534858703613,17.01532554626465
1,3958,14.0,-5.16424036026001,60.374351501464844
1,3959,10.0,-5.035626411437988,82.95245361328125
1,3960,84.0,3.3751025199890137,52.189208984375
1,3961,22.0,-3.44370174407959,28.487476348876953
1,3962,56.0,1.8944017887115479,20.702796936035156
1,3963,62.0,2.183201551437378,30.540969848632812
1,3964,35.0,0.012594332918524742,5.72109842300415
1,3965,16.0,-3.635692596435547,54.256229400634766
1,3966,48.0,0.8924717307090759,11.52476978302002
1,3967,106.0,2.4368181228637695,54.92195129394531
1,3968,25.0,-2.6252007484436035,22.794918060302734
1,3969,18.0,-4.561817169189453,45.046932220458984
1,3970,22.0,-1.8675124645233154,29.89008331298828
1,3971,8.0,-7.858570098876953,106.94973754882812
1,3972,19.0,-3.719473361968994,42.56119918823242
1,3973,60.0,1.8009639978408813,23.16885757446289
1,3974,55.0,0.9375870823860168,22.63030242919922
1,3975,36.0,-0.5292673110961914,10.175385475158691
1,3976,82.0,3.07888126373291,40.949180603027344
1,3977,19.0,-5.814733982086182,38.13991165161133
1,3978,40.0,0.5172770023345947,5.465135097503662
1,3979,57.0,1.1769921779632568,22.518447875976562
1,3980,98.0,1.8550856113433838,52.34700393676758
1,3981,28.0,-1.2518513202667236,32.1225700378418
1,3982,62.0,0.9469359517097473,23.982173919677734
1,3983,10.0,-7.944726467132568,98.98271942138672
1,3984,35.0,-0.744810163974762,13.03674602508545
1,3985,48.0,0.4746599495410919,14.624627113342285
1,3986,74.0,1.3246166706085205,42.561256408691406
1,3987,42.0,0.5511109828948975,5.592141628265381
1,3988,19.0,-3.7684996128082275,39.17336654663086
1,3989,11.0,-11.96749210357666,82.54757690429688
1,3990,24.0,-1.3098629713058472,24.55767250061035
1,3991,35.0,-0.4930419325828552,11.781428337097168
1,3992,68.0,1.9515776634216309,30.422216415405273
1,3993,84.0,2.677537441253662,46.92659378051758
1,3994,34.0,-1.3040132522583008,15.907440185546875
1,3995,35.0,-0.6343922019004822,6.912669658660889
1,3996,20.0,-2.482503652572632,44.298622131347656
1,3997,67.0,2.1252145767211914,28.26015281677246
1,3998,44.0,0.6394729018211365,7.214837551116943
1,3999,38.0,0.04415144771337509,11.472440719604492
1,4000,91.0,3.0214145183563232,57.806602478027344
1,4001,64.0,2.500345468521118,29.823688507080078
1,4002,47.0,0.6037828326225281,12.102743148803711
1,4003,79.0,2.8024680614471436,50.58554458618164
1,4004,41.0,0.564412534236908,9.072965621948242
1,4005,96.0,3.528857707977295,57.37705612182617
1,4006,22.0,-2.0774056911468506,37.823753356933594
1,4007,11.0,-4.30536413192749,104.00838470458984
1,4008,38.0,0.1614278256893158,8.625596046447754
1,4009,76.0,2.1279547214508057,33.58206558227539
1,4010,53.0,1.511144995689392,18.31627082824707
1,4011,98.0,3.0912981033325195,50.37582778930664
1,4012,94.0,3.357497453689575,48.09836959838867
1,4013,26.0,-2.620248556137085,25.714521408081055
1,4014,84.0,2.393517017364502,35.19721221923828
1,4015,59.0,1.0135717391967773,19.745264053344727
1,4016,85.0,2.34030818939209,29.14687728881836
1,4017,45.0,-0.253824383020401,4.818840026855469
1,4018,32.0,-1.975542664527893,19.719770431518555
1,4019,71.0,1.2169466018676758,18.89750099182129
1,4020,53.0,-0.9816935062408447,9.777185440063477
1,4021,11.0,-6.646642208099365,151.1577606201172
1,4022,79.0,0.8122006058692932,15.208514213562012
1,4023,46.0,-0.24894440174102783,8.930173873901367
1,4024,59.0,0.02089305967092514,13.268878936767578
1,4025,66.0,0.6184164881706238,13.020215034484863
1,4026,18.0,-5.794398307800293,94.2171401977539
1,4027,71.0,0.5501890778541565,16.02231216430664
1,4028,32.0,-4.221996784210205,32.14225387573242
1,4029,70.0,0.7420328855514526,15.47311019897461
1,4030,47.0,-0.9352216720581055,14.143637657165527
1,4031,100.0,1.1941560506820679,30.68486976623535
1,4032,98.0,0.9563438892364502,25.976276397705078
1,4033,58.0,-0.5686903595924377,10.81714916229248
1,4034,22.0,-6.837396144866943,102.26815032958984
1,4035,51.0,-0.23339159786701202,7.676873207092285
1,4036,65.0,0.027995824813842773,4.073463439941406
1,4037,48.0,-0.790893018245697,9.900935173034668
1,4038,48.0,-1.0441282987594604,9.950881958007812
1,4039,42.0,-1.7642126083374023,27.055627822875977
1,4040,24.0,-3.923999309539795,69.38200378417969
1,4041,12.0,-4.657430648803711,153.1405487060547
1,4042,19.0,-5.8594818115234375,93.74560546875
1,4043,33.0,-1.631280779838562,29.07188606262207
1,4044,63.0,1.2079161405563354,14.48315143585205
1,4045,29.0,-2.905961513519287,33.66374969482422
1,4046,32.0,-1.7745473384857178,18.978666305541992
1,4047,72.0,2.0849623680114746,39.31660079956055
1,4048,77.0,2.205650568008423,31.986305236816406
1,4049,23.0,-2.774268865585327,52.26836395263672
1,4050,53.0,1.4549095630645752,12.297284126281738
1,4051,43.0,0.23822495341300964,1.6331228017807007
1,4052,63.0,1.9158596992492676,21.492366790771484
1,4053,29.0,-0.953288197517395,19.73906898498535
1,4054,81.0,2.792372941970825,61.909088134765625
1,4055,86.0,3.125474452972412,68.26438903808594
1,4056,13.0,-6.706721782684326,82.3115463256836
1,4057,68.0,1.7931759357452393,33.09347152709961
1,4058,37.0,0.15728580951690674,1.3081532716751099
1,4059,35.0,-0.4155268371105194,5.087632656097412
1,4060,15.0,-6.583500862121582,71.4154281616211
1,4061,15.0,-5.023735523223877,62.444576263427734
1,4062,48.0,1.8128085136413574,10.643899917602539
1,4063,39.0,-1.021675944328308,9.622773170471191
1,4064,61.0,2.1825976371765137,17.83868980407715
1,4065,41.0,0.007509639021009207,7.921356201171875
1,4066,14.0,-6.215183734893799,72.76676177978516
1,4067,71.0,2.8133466243743896,35.15916442871094
1,4068,13.0,-4.1961822509765625,72.01547241210938
1,4069,27.0,-1.8311233520507812,18.567384719848633
1,4070,104.0,4.020982265472412,74.92123413085938
1,4071,35.0,0.09973150491714478,2.7363808155059814
1,4072,39.0,0.17910251021385193,2.2484920024871826
1,4073,38.0,0.018744882196187973,5.0283331871032715
1,4074,36.0,0.08596857637166977,6.5955705642700195
1,4075,63.0,1.6366761922836304,31.491729736328125
1,4076,97.0,4.290249824523926,66.12902069091797
1,4077,45.0,0.7372888922691345,9.114688873291016
1,4078,38.0,0.14596045017242432,2.2144453525543213
1,4079,136.0,4.474615097045898,83.72245788574219
1,4080,60.0,2.5824062824249268,33.985103607177734
1,4081,91.0,3.2786524295806885,44.53742218017578
1,4082,75.0,2.5117204189300537,43.33279037475586
1,4083,92.0,3.6195032596588135,60.81651306152344
1,4084,50.0,0.24429063498973846,8.858378410339355
1,4085,42.0,-1.7384161949157715,14.451573371887207
1,4086,132.0,3.32304310798645,53.92530059814453
1,4087,67.0,0.9522242546081543,15.543997764587402
1,4088,52.0,0.07652311772108078,12.22806167602539
1,4089,34.0,-2.685763359069824,44.83308029174805
1,4090,44.0,-2.540891170501709,18.44452667236328
1,4091,42.0,-1.7665791511535645,9.503203392028809
1,4092,84.0,1.6764665842056274,21.975770950317383
1,4093,28.0,-2.5855178833007812,49.99800491333008
1,4094,42.0,-1.5268487930297852,14.247512817382812
1,4095,48.0,-0.9701539278030396,16.184343338012695
1,4096,54.0,-0.31817886233329773,6.068830966949463
1,4097,63.0,0.5304989814758301,11.428388595581055
1,4098,126.0,2.621107816696167,44.74485778808594
1,4099,24.0,-3.6125643253326416,84.84272766113281
1,4100,111.0,2.2094287872314453,44.227569580078125
1,4101,41.0,-1.2553002834320068,10.72624397277832
1,4102,12.0,-8.270622253417969,157.84027099609375
1,4103,19.0,-8.901595115661621,81.60169982910156
1,4104,43.0,-0.638757050037384,15.006450653076172
1,4105,24.0,-4.2974019050598145,42.68281173706055
1,4106,101.0,1.451897382736206,39.43755340576172
1,4107,94.0,2.1419153213500977,42.143592834472656
1,4108,16.0,-5.892951011657715,95.63512420654297
1,4109,32.0,-1.6683605909347534,23.75728416442871
1,4110,58.0,1.135606050491333,13.896869659423828
1,4111,16.0,-7.769274711608887,84.50291442871094
1,4112,93.0,2.16603946685791,47.348915100097656
1,4113,27.0,-3.1260714530944824,21.564237594604492
1,4114,91.0,2.172435998916626,58.72417449951172
1,4115,58.0,1.9669671058654785,15.728954315185547
1,4116,97.0,2.589359760284424,53.969810485839844
1,4117,50.0,1.09162175655365,8.896599769592285
1,4118,35.0,-1.7618991136550903,13.36248779296875
1,4119,37.0,-0.5733178853988647,4.689257621765137
1,4120,53.0,1.0887616872787476,10.237446784973145
1,4121,88.0,2.1439402103424072,40.22135543823242
1,4122,23.0,-3.5910263061523438,34.8030891418457
1,4123,69.0,1.297073245048523,25.492786407470703
1,4124,42.0,0.2184063345193863,3.8333740234375
1,4125,109.0,2.319406747817993,49.93285369873047
1,4126,25.0,-2.0465965270996094,32.14493942260742
1,4127,68.0,1.697147011756897,21.77906608581543
1,4128,63.0,0.3781847655773163,11.12162971496582
1,4129,117.0,2.4750072956085205,44.832130432128906
1,4130,21.0,-2.699507713317871,74.03266143798828
1,4131,102.0,1.2892346382141113,45.271202087402344
1,4132,40.0,-0.8553482294082642,5.156822681427002
1,4133,79.0,1.2316668033599854,24.877351760864258
1,4134,48.0,-0.08804760128259659,4.830284118652344
1,4135,17.0,-5.34816312789917,83.2576904296875
1,4136,57.0,1.0208311080932617,21.218637466430664
1,4137,12.0,-5.780978679656982,132.5220489501953
1,4138,48.0,-0.7403396964073181,8.455389022827148
1,4139,37.0,-0.8956702351570129,9.42205810546875
1,4140,108.0,1.9265351295471191,35.38486099243164
1,4141,101.0,2.563209056854248,39.61817169189453
1,4142,55.0,0.9899863600730896,13.723037719726562
1,4143,37.0,-0.5172989368438721,23.112293243408203
1,4144,39.0,-1.3812406063079834,19.35773277282715
1,4145,114.0,2.5135953426361084,39.83395004272461
1,4146,28.0,-1.8669427633285522,30.981489181518555
1,4147,41.0,-0.8839784264564514,10.820626258850098
1,4148,16.0,-3.752896308898926,86.8941650390625
1,4149,48.0,0.48062559962272644,3.819995164871216
1,4150,19.0,-4.87228536605835,68.34123992919922
1,4151,17.0,-6.329917907714844,78.48735046386719
1,4152,100.0,2.7475974559783936,47.96694564819336
1,4153,31.0,-0.5597789883613586,18.112560272216797
1,4154,28.0,-2.48356032371521,27.873397827148438
1,4155,51.0,1.3583985567092896,14.33237075805664
1,4156,21.0,-4.442421913146973,37.080753326416016
1,4157,32.0,-0.7363455295562744,13.363075256347656
1,4158,19.0,-2.876239061355591,47.43741989135742
1,4159,32.0,-0.3488394618034363,10.380279541015625
1,4160,78.0,2.686889171600342,43.534080505371094
1,4161,39.0,0.6333975195884705,9.035453796386719
1,4162,81.0,4.339526653289795,61.59519958496094
1,4163,98.0,4.139053821563721,76.587890625
1,4164,16.0,-3.8066344261169434,48.385311126708984
1,4165,51.0,1.3183941841125488,24.395776748657227
1,4166,90.0,3.1122212409973145,65.72809600830078
1,4167,31.0,-0.3039032220840454,6.922339916229248
1,4168,39.0,0.5789435505867004,10.846060752868652
1,4169,53.0,2.5027129650115967,28.634563446044922
1,4170,90.0,3.988978624343872,69.65458679199219
1,4171,77.0,3.587738513946533,53.58501052856445
1,4172,95.0,3.4414494037628174,64.84097290039062
1,4173,16.0,-3.999683380126953,52.055747985839844
1,4174,100.0,2.9066905975341797,58.20296859741211
1,4175,87.0,3.9617912769317627,61.80177688598633
1,4176,58.0,1.8268815279006958,25.093114852905273
1,4177,34.0,-0.9378834366798401,17.282230377197266
1,4178,28.0,-1.9160840511322021,13.744656562805176
1,4179,59.0,1.9492933750152588,23.488292694091797
1,4180,99.0,3.006580114364624,47.369747161865234
1,4181,22.0,-3.4191720485687256,42.77375030517578
1,4182,12.0,-8.242332458496094,94.92951202392578
1,4183,46.0,0.5655626058578491,8.102471351623535
1,4184,104.0,2.999072551727295,55.55161666870117
1,4185,48.0,0.7435062527656555,6.727961540222168
1,4186,12.0,-6.599322319030762,103.91385650634766
1,4187,78.0,1.7305877208709717,35.823699951171875
1,4188,58.0,0.11216985434293747,14.043760299682617
1,4189,15.0,-7.522486686706543,79.26839447021484
1,4190,109.0,1.9354184865951538,32.45623779296875
1,4191,23.0,-4.849199295043945,50.70428466796875
1,4192,34.0,-2.19663667678833,13.224617958068848
1,4193,15.0,-3.9382052421569824,87.54529571533203
1,4194,24.0,-2.277324914932251,47.615596771240234
1,4195,26.0,-1.832829475402832,41.816261291503906
1,4196,63.0,1.432572364807129,16.17816734313965
1,4197,68.0,1.5377180576324463,22.358535766601562
1,4198,27.0,-2.6594321727752686,33.73969650268555
1,4199,57.0,1.244863510131836,14.385364532470703
1,4200,148.0,3.1863465309143066,57.335391998291016
1,4201,18.0,-3.4914536476135254,62.9296875
1,4202,30.0,-1.377413272857666,26.730770111083984
1,4203,28.0,-1.4960339069366455,25.453067779541016
1,4204,15.0,-5.249431610107422,67.85736083984375
1,4205,22.0,-3.2851314544677734,32.77822494506836
1,4206,71.0,1.005731463432312,26.2625732421875
1,4207,82.0,1.8843038082122803,36.63669204711914
1,4208,73.0,2.261417865753174,36.23988723754883
1,4209,79.0,2.0831587314605713,30.867996215820312
1,4210,26.0,-2.8026816844940186,26.241456985473633
1,4211,40.0,-0.15504038333892822,18.481592178344727
1,4212,38.0,-0.20768876373767853,13.193737030029297
1,4213,13.0,-5.000596046447754,61.32942199707031
1,4214,25.0,-3.1266579627990723,22.13876724243164
1,4215,74.0,2.382380962371826,32.08210754394531
1,4216,85.0,3.847933292388916,49.95576095581055
1,4217,70.0,2.389535903930664,31.2823543548584
1,4218,27.0,-1.2086641788482666,17.58672523498535
1,4219,46.0,-0.035256944596767426,17.012432098388672
1,4220,26.0,-1.2140591144561768,19.813077926635742
1,4221,38.0,-0.386057049036026,15.912786483764648
1,4222,80.0,3.102572441101074,41.1956672668457
1,4223,136.0,3.2020394802093506,64.99874114990234
1,4224,87.0,2.970519542694092,45.07059860229492
1,4225,18.0,-2.752751588821411,42.05675506591797
1,4226,12.0,-5.983030796051025,62.31510925292969
1,4227,27.0,-1.8597010374069214,18.541044235229492
1,4228,39.0,-0.34814342856407166,11.665756225585938
1,4229,11.0,-5.812354564666748,72.46418762207031
1,4230,58.0,1.7860186100006104,28.198467254638672
1,4231,24.0,-0.8836221098899841,22.731786727905273
1,4232,9.0,-7.013418674468994,76.2802505493164
1,4233,58.0,1.9524887800216675,27.26005744934082
1,4234,63.0,2.171288013458252,29.958106994628906
1,4235,66.0,2.4995110034942627,34.114540100097656
1,4236,36.0,-0.368141770362854,12.353347778320312
1,4237,32.0,-0.9887340068817139,12.589579582214355
1,4238,30.0,-1.589829921722412,16.005374908447266
1,4239,69.0,2.5030739307403564,38.06650161743164
1,4240,123.0,3.6366870403289795,65.39546966552734
1,4241,95.0,4.05504035949707,52.67314147949219
1,4242,57.0,1.0738023519515991,21.13972282409668
1,4243,30.0,-1.1849244832992554,12.54532241821289
1,4244,57.0,2.090744972229004,24.246240615844727
1,4245,65.0,1.3394455909729004,28.750402450561523
1,4246,137.0,3.382143020629883,72.00836181640625
1,4247,48.0,0.9714682698249817,12.5438232421875
1,4248,29.0,-1.5071312189102173,20.255878448486328
1,4249,64.0,1.3072351217269897,23.71363067626953
1,4250,56.0,0.656604528427124,17.77329444885254
1,4251,82.0,1.644470453262329,29.126617431640625
1,4252,31.0,-1.8098591566085815,21.166072845458984
1,4253,66.0,1.0401678085327148,22.659969329833984
1,4254,79.0,2.1925463676452637,21.311113357543945
1,4255,25.0,-4.016162872314453,38.155357360839844
1,4256,74.0,1.669142246246338,24.37191390991211
1,4257,59.0,0.6461479663848877,16.24382781982422
1,4258,71.0,1.369097352027893,16.362430572509766
1,4259,70.0,0.5116248726844788,15.910333633422852
1,4260,58.0,-0.4778664708137512,14.274469375610352
1,4261,33.0,-4.756789684295654,47.97673797607422
1,4262,15.0,-8.263304710388184,131.9662322998047
1,4263,34.0,-1.8761439323425293,45.452842712402344
1,4264,62.0,-0.0726730152964592,11.788719177246094
1,4265,72.0,0.2612430155277252,14.767635345458984
1,4266,123.0,1.6339787244796753,26.325143814086914
1,4267,55.0,-1.7458018064498901,11.405952453613281
1,4268,50.0,-1.6744173765182495,21.091028213500977
1,4269,17.0,-4.562685489654541,134.85360717773438
1,4270,59.0,-0.7419136762619019,10.791905403137207
1,4271,92.0,1.6630208492279053,22.163898468017578
1,4272,27.0,-3.7193753719329834,63.79408264160156
1,4273,38.0,-1.8457119464874268,29.339887619018555
1,4274,36.0,-2.790569543838501,29.422592163085938
1,4275,30.0,-1.7402905225753784,42.786434173583984
1,4276,36.0,-2.1687960624694824,20.91625213623047
1,4277,15.0,-8.690032958984375,102.93013000488281
1,4278,17.0,-6.665355205535889,74.29266357421875
1,4279,82.0,1.8333165645599365,33.45748519897461
1,4280,21.0,-3.863151788711548,49.1147575378418
1,4281,9.0,-7.597192764282227,108.65705871582031
1,4282,11.0,-6.197347164154053,95.27952575683594
1,4283,13.0,-4.449066162109375,76.70745849609375
1,4284,166.0,4.272276878356934,109.06491088867188
1,4285,78.0,2.1849958896636963,48.279014587402344
1,4286,49.0,1.6442960500717163,17.611621856689453
1,4287,47.0,0.9997744560241699,13.635039329528809
1,4288,112.0,4.980093479156494,81.13780212402344
1,4289,100.0,4.204537868499756,81.3014144897461
1,4290,75.0,2.5174801349639893,45.92626190185547
1,4291,13.0,-4.519905090332031,55.20613098144531
1,4292,11.0,-3.226097345352173,59.7168083190918
1,4293,84.0,2.8548943996429443,52.5499382019043
1,4294,32.0,-1.1708076000213623,12.297172546386719
1,4295,65.0,3.11116886138916,36.00686264038086
1,4296,18.0,-2.744337320327759,26.253541946411133
1,4297,60.0,1.577050805091858,30.130887985229492
1,4298,58.0,1.4977470636367798,24.743688583374023
1,4299,75.0,2.5575695037841797,43.99987030029297
1,4300,123.0,4.875588893890381,77.02874755859375
1,4301,86.0,2.021186351776123,55.6595344543457
1,4302,77.0,2.5808565616607666,43.680145263671875
1,4303,53.0,1.3216971158981323,19.876985549926758
1,4304,128.0,3.772274971008301,67.0386962890625
1,4305,101.0,3.600062847137451,46.60606002807617
1,4306,101.0,2.2933998107910156,41.23800277709961
1,4307,16.0,-4.830089569091797,62.59776306152344
1,4308,10.0,-9.68837833404541,98.2632827758789
1,4309,86.0,1.0779922008514404,26.172513961791992
1,4310,38.0,-0.16094712913036346,24.0374813079834
1,4311,44.0,-1.173429012298584,20.633882522583008
1,4312,68.0,0.05128725618124008,16.597021102905273
1,4313,138.0,3.0608203411102295,37.39049530029297
1,4314,117.0,1.8663945198059082,34.61200714111328
1,4315,33.0,-1.1621977090835571,32.48873519897461
1,4316,12.0,-4.162487983703613,109.8695068359375
1,4317,107.0,1.4825788736343384,26.282054901123047
1,4318,65.0,0.23436413705348969,17.88642120361328
1,4319,28.0,-4.621714115142822,48.983612060546875
1,4320,28.0,-3.4901745319366455,39.677635192871094
1,4321,94.0,1.8111926317214966,24.50596809387207
1,4322,23.0,-4.47072172164917,56.60825729370117
1,4323,37.0,-0.8382729887962341,28.679899215698242
1,4324,34.0,-2.7243845462799072,32.15167999267578
1,4325,83.0,1.6249679327011108,24.143342971801758
1,4326,43.0,-0.6187171936035156,19.35385513305664
1,4327,21.0,-3.340798854827881,49.099082946777344
1,4328,66.0,0.4293288290500641,18.341703414916992
1,4329,83.0,1.2288005352020264,24.570049285888672
1,4330,152.0,2.28389835357666,40.707359313964844
1,4331,68.0,0.8352879285812378,19.283315658569336
1,4332,59.0,-0.1777522712945938,16.320085525512695
1,4333,40.0,-1.0057580471038818,22.816314697265625
1,4334,33.0,-1.5438209772109985,26.406410217285156
1,4335,19.0,-6.847663402557373,60.102359771728516
1,4336,53.0,-0.296584814786911,15.769325256347656
1,4337,71.0,0.6601635813713074,19.618764877319336
1,4338,52.0,0.021023090928792953,15.760683059692383
1,4339,23.0,-2.3013222217559814,48.94148254394531
1,4340,44.0,-0.8994858264923096,16.246002197265625
1,4341,59.0,0.5255235433578491,15.51251220703125
1,4342,75.0,1.762173056602478,26.814647674560547
1,4343,223.0,3.4779109954833984,62.711299896240234
1,4344,16.0,-4.494870662689209,64.81373596191406
1,4345,48.0,-0.33353811502456665,11.568557739257812
1,4346,56.0,0.2196751981973648,15.589981079101562
1,4347,62.0,1.2024708986282349,14.595025062561035
1,4348,26.0,-4.088124752044678,41.59880828857422
1,4349,66.0,1.3748663663864136,18.12881088256836
1,4350,20.0,-4.599018096923828,55.99690246582031
1,4351,17.0,-5.253145217895508,72.21405029296875
1,4352,17.0,-4.596170902252197,73.26361083984375
1,4353,125.0,4.116061687469482,51.302330017089844
1,4354,61.0,1.1410759687423706,17.04410743713379
1,4355,51.0,0.31109321117401123,9.226577758789062
1,4356,19.0,-3.403722047805786,70.85145568847656
1,4357,40.0,-1.1321849822998047,12.781852722167969
1,4358,46.0,0.20427954196929932,10.662946701049805
1,4359,20.0,-3.889867067337036,53.50690460205078
1,4360,74.0,2.0536108016967773,28.874221801757812
1,4361,20.0,-3.9833405017852783,51.34619140625
1,4362,57.0,1.2494566440582275,15.564546585083008
1,4363,47.0,-0.2155325710773468,8.58684253692627
1,4364,73.0,2.0918400287628174,27.57174301147461
1,4365,24.0,-1.6000769138336182,42.139244079589844
1,4366,28.0,-1.9268029928207397,23.50204849243164
1,4367,33.0,-0.9074192047119141,11.587287902832031
1,4368,46.0,0.08119909465312958,8.488666534423828
1,4369,102.0,1.912653923034668,51.258544921875
1,4370,66.0,1.9680062532424927,25.17426109313965
1,4371,28.0,-2.5201330184936523,21.144018173217773
1,4372,84.0,3.4113168716430664,43.870750427246094
1,4373,71.0,2.301511526107788,31.841705322265625
1,4374,36.0,-1.201364517211914,9.373184204101562
1,4375,18.0,-5.3765788078308105,58.0201416015625
1,4376,56.0,0.6680201292037964,12.42289924621582
1,4377,23.0,-3.5579655170440674,34.645469665527344
1,4378,83.0,2.7408061027526855,35.62894821166992
1,4379,45.0,0.3004060387611389,8.577033042907715
1,4380,81.0,2.9190444946289062,39.211204528808594
1,4381,108.0,3.4158825874328613,59.00761032104492
1,4382,52.0,0.5967739820480347,9.079429626464844
1,4383,72.0,1.8247202634811401,26.485416412353516
1,4384,74.0,1.2934904098510742,26.733137130737305
1,4385,62.0,1.329229712486267,15.131141662597656
1,4386,41.0,-1.1405984163284302,12.332562446594238
1,4387,63.0,0.47503775358200073,9.459906578063965
1,4388,105.0,3.103602409362793,42.2177619934082
1,4389,91.0,1.5312913656234741,29.96938133239746
1,4390,42.0,-1.8315744400024414,17.668136596679688
1,4391,63.0,0.3081822097301483,7.425994873046875
1,4392,120.0,1.8471441268920898,40.08995056152344
1,4393,30.0,-4.045866966247559,58.036277770996094
1,4394,178.0,2.2897188663482666,39.81660461425781
1,4395,50.0,-1.984484076499939,15.895812034606934
1,4396,22.0,-5.485628128051758,106.72871398925781
1,4397,87.0,0.4708136022090912,13.505379676818848
1,4398,123.0,1.3505568504333496,30.25452995300293
1,4399,32.0,-2.8830957412719727,62.761165618896484
1,4400,48.0,-2.684917449951172,23.648508071899414
1,4401,31.0,-4.970506191253662,68.32958984375
1,4402,38.0,-3.50850772857666,43.806766510009766
1,4403,26.0,-5.665304660797119,73.9850845336914
1,4404,26.0,-5.290132999420166,69.87206268310547
1,4405,75.0,0.49998462200164795,14.620484352111816
1,4406,75.0,0.23255999386310577,12.639089584350586
1,4407,116.0,1.6249377727508545,32.3447151184082
1,4408,59.0,-0.25406792759895325,10.375595092773438
1,4409,85.0,1.709035873413086,20.616416931152344
1,4410,26.0,-4.164918422698975,57.49298858642578
1,4411,93.0,1.1007097959518433,22.558683395385742
1,4412,80.0,0.4670293927192688,14.38502025604248
1,4413,96.0,1.0832315683364868,22.50800895690918
1,4414,39.0,-2.9239628314971924,31.97538185119629
1,4415,13.0,-7.408443927764893,128.7213134765625
1,4416,74.0,1.1216225624084473,14.330671310424805
1,4417,13.0,-6.478318214416504,129.29727172851562
1,4418,103.0,1.8292549848556519,26.412019729614258
1,4419,109.0,1.2304755449295044,24.603134155273438
1,4420,19.0,-6.139857292175293,82.66600036621094
1,4421,130.0,1.9125715494155884,32.578147888183594
1,4422,26.0,-3.7677242755889893,51.15437698364258
1,4423,30.0,-2.701380968093872,51.055885314941406
1,4424,66.0,-0.08408217877149582,11.031801223754883
1,4425,90.0,1.442537784576416,19.180070877075195
1,4426,28.0,-4.465875625610352,48.696632385253906
1,4427,14.0,-3.9068195819854736,109.31855773925781
1,4428,92.0,0.8650506734848022,17.977394104003906
1,4429,96.0,1.6058520078659058,23.86727523803711
1,4430,80.0,0.36366164684295654,14.963092803955078
1,4431,58.0,0.13579273223876953,21.103626251220703
1,4432,32.0,-4.883028030395508,37.69172286987305
1,4433,62.0,0.12179840356111526,13.259827613830566
1,4434,84.0,1.205297827720642,15.277617454528809
1,4435,79.0,1.0121369361877441,14.52307415008545
1,4436,34.0,-2.122689723968506,35.417320251464844
1,4437,16.0,-6.275578498840332,89.2716293334961
1,4438,156.0,2.562333583831787,46.09931945800781
1,4439,115.0,1.8731271028518677,33.453392028808594
1,4440,76.0,0.488541841506958,13.630694389343262
1,4441,106.0,1.6216366291046143,27.809005737304688
1,4442,60.0,0.3656871020793915,14.080307006835938
1,4443,44.0,-1.800916314125061,27.279943466186523
1,4444,55.0,-0.6498420238494873,17.77916717529297
1,4445,53.0,-0.28284141421318054,11.703747749328613
1,4446,62.0,0.12210207432508469,6.461108207702637
1,4447,41.0,-0.6007298231124878,29.37098503112793
1,4448,25.0,-3.890725612640381,50.92695236206055
1,4449,82.0,1.4991235733032227,20.404491424560547
1,4450,62.0,0.3813363015651703,12.08920669555664
1,4451,25.0,-6.465869426727295,53.980430603027344
1,4452,22.0,-4.934319496154785,73.64659881591797
1,4453,39.0,-1.7284953594207764,19.311647415161133
1,4454,54.0,-0.2574547827243805,7.85902738571167
1,4455,36.0,-1.2928696870803833,16.189546585083008
1,4456,41.0,-1.1255199909210205,16.580734252929688
1,4457,82.0,2.371690273284912,31.906124114990234
1,4458,120.0,3.221513509750366,63.97099304199219
1,4459,81.0,2.275423049926758,37.48733139038086
1,4460,49.0,0.7047895789146423,6.330477714538574
1,4461,34.0,-2.5175325870513916,14.763182640075684
1,4462,32.0,-1.5466591119766235,19.544147491455078
1,4463,32.0,-1.1745961904525757,16.92540168762207
1,4464,28.0,-2.587529420852661,21.051116943359375
1,4465,52.0,0.5308209657669067,10.911806106567383
1,4466,97.0,2.896231174468994,71.41535949707031
1,4467,49.0,1.1201207637786865,13.714123725891113
1,4468,58.0,1.9430807828903198,18.094058990478516
1,4469,62.0,2.1672282218933105,24.319263458251953
1,4470,31.0,-1.488172173500061,14.032075881958008
1,4471,51.0,0.8615220785140991,11.499455451965332
1,4472,44.0,0.269195556640625,8.651289939880371
1,4473,32.0,-1.9963124990463257,10.350784301757812
1,4474,102.0,4.106954574584961,57.953590393066406
1,4475,114.0,3.350235939025879,72.59783172607422
1,4476,68.0,2.1101596355438232,23.765840530395508
1,4477,58.0,0.9247487783432007,10.901021957397461
1,4478,24.0,-3.1038732528686523,39.69443130493164
1,4479,42.0,-0.2308848351240158,9.555864334106445
1,4480,26.0,-3.6007211208343506,44.803401947021484
1,4481,24.0,-5.328644275665283,50.346214294433594
1,4482,37.0,-1.38924241065979,14.907185554504395
1,4483,22.0,-5.685107707977295,51.15879821777344
1,4484,49.0,0.504828155040741,7.346437454223633
1,4485,14.0,-4.107652187347412,101.7660903930664
1,4486,49.0,0.26559171080589294,7.24865198135376
1,4487,53.0,0.8127144575119019,8.868003845214844
1,4488,84.0,2.317833423614502,46.61065673828125
1,4489,39.0,-0.31614577770233154,4.988266944885254
1,4490,83.0,2.4729015827178955,41.09890365600586
1,4491,51.0,0.23585914075374603,5.832465171813965
1,4492,77.0,2.3479957580566406,31.019638061523438
1,4493,15.0,-6.4955830574035645,95.3742904663086
1,4494,164.0,3.9722840785980225,113.09513854980469
1,4495,151.0,4.314727306365967,105.20037078857422
1,4496,48.0,0.34842535853385925,8.387243270874023
1,4497,36.0,-1.8698896169662476,12.347359657287598
1,4498,71.0,1.284469723701477,24.699932098388672
1,4499,45.0,-0.23519448935985565,7.760643482208252
1,4500,32.0,-2.5152833461761475,21.188888549804688
1,4501,125.0,2.8128304481506348,57.546112060546875
1,4502,115.0,3.1233251094818115,55.547607421875
1,4503,72.0,1.5890761613845825,19.57917022705078
1,4504,85.0,2.8411192893981934,34.15795135498047
1,4505,62.0,0.9534927606582642,11.80771541595459
1,4506,29.0,-2.6996874809265137,44.974822998046875
1,4507,229.0,3.5563547611236572,82.21026611328125
1,4508,74.0,1.4003994464874268,18.52399253845215
1,4509,29.0,-3.5022456645965576,54.915103912353516
1,4510,218.0,3.5174813270568848,79.97526550292969
1,4511,30.0,-1.9614135026931763,54.660064697265625
1,4512,66.0,0.5167537331581116,12.508801460266113
1,4513,117.0,2.186734676361084,31.587324142456055
1,4514,109.0,1.4851185083389282,31.126440048217773
1,4515,21.0,-6.662402153015137,104.52066802978516
1,4516,65.0,0.01815110258758068,7.791605472564697
1,4517,38.0,-3.424043655395508,35.50602340698242
1,4518,43.0,-2.106088638305664,23.141918182373047
1,4519,80.0,0.5352715253829956,12.008475303649902
1,4520,39.0,-2.5057930946350098,29.338050842285156
1,4521,78.0,1.0894279479980469,17.061168670654297
1,4522,19.0,-4.306675910949707,117.87736511230469
1,4523,74.0,0.1714630275964737,10.649154663085938
1,4524,22.0,-5.324791431427002,88.10816192626953
1,4525,120.0,0.9284076690673828,29.040233612060547
1,4526,106.0,1.0136271715164185,22.10906982421875
1,4527,54.0,-0.7235763669013977,12.895408630371094
1,4528,37.0,-2.882678508758545,35.29677963256836
1,4529,36.0,-2.151665449142456,32.52468490600586
1,4530,117.0,1.530542254447937,31.601516723632812
1,4531,108.0,1.529730200767517,23.22211456298828
1,4532,23.0,-4.386983871459961,63.5025634765625
1,4533,99.0,1.3278123140335083,21.80632972717285
1,4534,22.0,-5.0546956062316895,68.78470611572266
1,4535,54.0,-0.2766674757003784,14.753570556640625
1,4536,71.0,0.823518693447113,12.431214332580566
1,4537,139.0,2.0484848022460938,35.60512924194336
1,4538,121.0,2.9677727222442627,31.02386474609375
1,4539,61.0,-0.08321799337863922,16.283838272094727
1,4540,95.0,2.2827296257019043,25.55591583251953
1,4541,45.0,-1.354757308959961,18.774261474609375
1,4542,54.0,-0.16248352825641632,20.95134925842285
1,4543,74.0,0.6300678253173828,12.703895568847656
1,4544,80.0,0.8986665606498718,17.56792640686035
1,4545,85.0,1.2385540008544922,16.97502326965332
1,4546,119.0,1.8317649364471436,30.823408126831055
1,4547,51.0,-1.3936898708343506,24.104877471923828
1,4548,68.0,0.5931680798530579,13.759202003479004
1,4549,35.0,-1.6438206434249878,44.153995513916016
1,4550,10.0,-7.534671783447266,185.8330841064453
1,4551,34.0,-1.5794717073440552,46.942874908447266
1,4552,27.0,-2.262646198272705,67.8626480102539
1,4553,53.0,-0.769457221031189,23.301828384399414
1,4554,79.0,0.2839127779006958,10.357804298400879
1,4555,81.0,0.8887749314308167,13.85446548461914
1,4556,78.0,0.4869527220726013,14.888237953186035
1,4557,33.0,-4.416357517242432,40.19155502319336
1,4558,24.0,-5.172008514404297,65.35433959960938
1,4559,37.0,-1.684627652168274,32.78160095214844
1,4560,34.0,-1.8561007976531982,38.683738708496094
1,4561,23.0,-5.994988441467285,58.16083908081055
1,4562,40.0,-1.5739282369613647,20.217164993286133
1,4563,39.0,-2.116858959197998,21.52445411682129
1,4564,20.0,-5.636816501617432,56.44680404663086
1,4565,60.0,0.8008228540420532,10.107142448425293
1,4566,63.0,1.3698276281356812,14.976377487182617
1,4567,65.0,1.6428451538085938,16.407926559448242
1,4568,58.0,0.35402607917785645,13.420571327209473
1,4569,92.0,2.5089528560638428,40.142547607421875
1,4570,28.0,-2.0618200302124023,32.35879135131836
1,4571,63.0,1.7752149105072021,18.993453979492188
1,4572,37.0,-0.507303774356842,11.72079849243164
1,4573,30.0,-2.737351179122925,26.06904411315918
1,4574,138.0,3.3214521408081055,76.53789520263672
1,4575,16.0,-5.421753883361816,73.24268341064453
1,4576,75.0,1.9904600381851196,28.901987075805664
1,4577,53.0,0.022968944162130356,12.581624031066895
1,4578,28.0,-3.8069546222686768,25.171613693237305
1,4579,42.0,-0.3539838492870331,8.839865684509277
1,4580,153.0,5.032680511474609,86.58563995361328
1,4581,45.0,-0.21081577241420746,12.42310619354248
1,4582,28.0,-1.585056185722351,20.518753051757812
1,4583,25.0,-3.1060867309570312,27.24645233154297
1,4584,29.0,-1.9425456523895264,24.49820899963379
1,4585,29.0,-1.7727572917938232,18.853525161743164
1,4586,59.0,2.2195615768432617,21.462553024291992
1,4587,62.0,2.0553207397460938,24.204925537109375
1,4588,43.0,0.5628398060798645,6.505353927612305
1,4589,82.0,3.5560405254364014,52.982215881347656
1,4590,45.0,0.9980825185775757,10.470500946044922
1,4591,96.0,3.4653871059417725,60.2610969543457
1,4592,126.0,4.593946933746338,81.91030883789062
1,4593,12.0,-3.2092742919921875,72.9842300415039
1,4594,32.0,-1.1483327150344849,19.00972557067871
1,4595,112.0,3.7070529460906982,75.0587158203125
1,4596,15.0,-6.120949745178223,57.22428894042969
1,4597,42.0,-0.19624313712120056,11.644247055053711
1,4598,17.0,-4.429566860198975,44.39390563964844
1,4599,115.0,3.296034097671509,68.9259033203125
1,4600,107.0,2.6381008625030518,60.849857330322266
1,4601,10.0,-4.817995071411133,95.63638305664062
1,4602,31.0,-2.6212422847747803,14.862578392028809
1,4603,86.0,2.326988697052002,43.138362884521484
1,4604,119.0,3.5196890830993652,74.4565658569336
1,4605,199.0,4.521578311920166,99.57984924316406
1,4606,27.0,-2.6522414684295654,19.818157196044922
1,4607,132.0,3.4481592178344727,74.85692596435547
1,4608,57.0,1.052064061164856,17.538490295410156
1,4609,152.0,3.0875682830810547,74.07659912109375
1,4610,12.0,-4.006234169006348,85.70091247558594
1,4611,98.0,2.823366403579712,43.12223815917969
1,4612,61.0,0.8117532730102539,20.75757598876953
1,4613,134.0,2.871195077896118,60.46040344238281
1,4614,158.0,3.0115485191345215,60.890716552734375
1,4615,13.0,-4.582379341125488,87.27159881591797
1,4616,52.0,0.5225017070770264,17.12786102294922
1,4617,26.0,-2.5248701572418213,29.024179458618164
1,4618,51.0,0.4553373157978058,15.388458251953125
1,4619,81.0,0.7728571891784668,25.236743927001953
1,4620,38.0,-1.2600374221801758,19.332162857055664
1,4621,23.0,-2.0507211685180664,47.93132781982422
1,4622,36.0,-0.7668420672416687,21.434856414794922
1,4623,15.0,-2.496500015258789,74.8437271118164
1,4624,93.0,2.468776226043701,34.89252471923828
1,4625,12.0,-7.425710201263428,97.55128479003906
1,4626,22.0,-5.072604656219482,40.92319107055664
1,4627,52.0,0.5255330204963684,15.731040000915527
1,4628,78.0,2.242800712585449,32.3104248046875
1,4629,36.0,-0.2607715427875519,12.295830726623535
1,4630,63.0,1.1837667226791382,20.649898529052734
1,4631,40.0,-1.495176076889038,14.455089569091797
1,4632,41.0,-0.12613219022750854,11.739619255065918
1,4633,89.0,1.256320834159851,37.913482666015625
1,4634,20.0,-4.727237701416016,47.49195098876953
1,4635,34.0,-0.8752114176750183,17.08731460571289
1,4636,41.0,0.48831766843795776,15.058807373046875
1,4637,13.0,-5.104639530181885,77.30850982666016
1,4638,91.0,2.4292356967926025,40.164695739746094
1,4639,98.0,3.3931725025177,46.272220611572266
1,4640,17.0,-3.664656400680542,45.41728973388672
1,4641,85.0,2.587397336959839,38.914459228515625
1,4642,112.0,2.9126265048980713,54.61183547973633
1,4643,37.0,-0.8662362098693848,14.575455665588379
1,4644,61.0,1.2917531728744507,21.695831298828125
1,4645,58.0,1.4661259651184082,22.297138214111328
1,4646,11.0,-8.12860107421875,88.43453979492188
1,4647,85.0,1.1439120769500732,37.28165054321289
1,4648,87.0,2.2571990489959717,40.40859603881836
1,4649,83.0,2.2742393016815186,37.78506851196289
1,4650,78.0,1.1602402925491333,29.73529815673828
1,4651,24.0,-3.3295094966888428,27.554792404174805
1,4652,115.0,2.1132943630218506,46.11711883544922
1,4653,33.0,-0.5260462164878845,18.896034240722656
1,4654,65.0,0.8679753541946411,17.850811004638672
1,4655,139.0,2.2173385620117188,46.39036178588867
1,4656,120.0,2.5325753688812256,44.84210968017578
1,4657,37.0,-0.7810318470001221,17.874155044555664
1,4658,104.0,2.596012830734253,32.587890625
1,4659,59.0,-0.24740374088287354,14.250876426696777
1,4660,31.0,-4.682685852050781,33.25188064575195
1,4661,49.0,-0.17505483329296112,15.842035293579102
1,4662,48.0,-1.1464840173721313,16.168392181396484
1,4663,30.0,-2.6863794326782227,41.40734100341797
1,4664,65.0,0.025319699198007584,14.527057647705078
1,4665,62.0,-0.10835621505975723,15.187883377075195
1,4666,16.0,-5.078680992126465,95.34535217285156
1,4667,81.0,1.1233471632003784,20.450946807861328
1,4668,15.0,-7.343323230743408,111.9295883178711
1,4669,15.0,-4.532125949859619,94.439208984375
1,4670,109.0,1.7774463891983032,34.31613540649414
1,4671,125.0,2.3357675075531006,39.9031982421875
1,4672,94.0,1.2888370752334595,25.55673599243164
1,4673,81.0,0.484934002161026,20.275541305541992
1,4674,179.0,3.241314649581909,48.063880920410156
1,4675,60.0,0.07581580430269241,13.908738136291504
1,4676,55.0,-0.5785172581672668,12.307344436645508
1,4677,12.0,-5.5150346755981445,169.1516571044922
1,4678,33.0,-3.1020736694335938,33.348873138427734
1,4679,38.0,-2.1216928958892822,29.31937026977539
1,4680,131.0,2.3502016067504883,35.088905334472656
1,4681,130.0,1.9721746444702148,32.74942398071289
1,4682,23.0,-5.0866241455078125,73.67156219482422
1,4683,106.0,0.8202440142631531,22.510923385620117
1,4684,13.0,-4.1582350730896,135.08631896972656
1,4685,84.0,0.7264711856842041,15.810958862304688
1,4686,138.0,1.4074211120605469,29.351900100708008
1,4687,29.0,-5.088529109954834,53.96683883666992
1,4688,47.0,-1.0031031370162964,23.056509017944336
1,4689,95.0,1.1083223819732666,17.842451095581055
1,4690,23.0,-4.342320442199707,76.6291732788086
1,4691,33.0,-2.776155948638916,49.7370719909668
1,4692,32.0,-0.9212914705276489,48.00239944458008
1,4693,105.0,2.099153518676758,27.041366577148438
1,4694,89.0,1.0648123025894165,17.479154586791992
1,4695,57.0,-0.6005401015281677,15.591047286987305
1,4696,113.0,2.0613768100738525,26.864479064941406
1,4697,39.0,-1.9524829387664795,30.015653610229492
1,4698,68.0,0.3596358299255371,14.719995498657227
1,4699,80.0,0.8150543570518494,20.506309509277344
1,4700,16.0,-6.117303848266602,101.510009765625
1,4701,17.0,-6.5477399826049805,88.33769226074219
1,4702,44.0,-1.7861789464950562,23.59537124633789
1,4703,32.0,-2.9078447818756104,27.693758010864258
1,4704,25.0,-3.0563085079193115,55.40312576293945
1,4705,12.0,-6.429445266723633,109.37967681884766
1,4706,68.0,0.016919201239943504,14.627634048461914
1,4707,62.0,0.021129073575139046,14.61066722869873
1,4708,68.0,1.2098692655563354,16.963136672973633
1,4709,37.0,-2.215830087661743,23.334102630615234
1,4710,73.0,1.3033167123794556,19.65580177307129
1,4711,22.0,-2.0911550521850586,53.73429870605469
1,4712,48.0,0.16199682652950287,16.262619018554688
1,4713,108.0,1.762864351272583,38.545894622802734
1,4714,52.0,0.3008926510810852,15.956527709960938
1,4715,61.0,0.8900216817855835,15.150354385375977
1,4716,81.0,1.4029803276062012,26.385665893554688
1,4717,17.0,-7.05400276184082,69.64603424072266
1,4718,126.0,3.5925681591033936,50.9362907409668
1,4719,116.0,2.837618589401245,42.962486267089844
1,4720,29.0,-3.2930684089660645,33.46284866333008
1,4721,90.0,2.6416635513305664,29.27109718322754
1,4722,11.0,-6.669117450714111,112.86604309082031
1,4723,120.0,2.111957311630249,41.749977111816406
1,4724,63.0,0.7137786746025085,12.442922592163086
1,4725,41.0,-1.2884838581085205,17.57033920288086
1,4726,99.0,1.0301618576049805,24.584272384643555
1,4727,136.0,1.8828874826431274,47.53063201904297
1,4728,133.0,2.0550501346588135,39.87224578857422
1,4729,35.0,-2.2521371841430664,29.173574447631836
1,4730,14.0,-5.0216875076293945,95.89246368408203
1,4731,86.0,1.0576120615005493,19.764760971069336
1,4732,19.0,-3.288752317428589,80.71185302734375
1,4733,82.0,1.7071319818496704,20.688783645629883
1,4734,48.0,-1.7933335304260254,19.40777587890625
1,4735,110.0,0.9667524695396423,24.365280151367188
1,4736,133.0,2.3263051509857178,33.474552154541016
1,4737,79.0,0.36697840690612793,13.6416597366333
1,4738,72.0,-0.07843604683876038,12.689577102661133
1,4739,150.0,2.2423791885375977,32.809906005859375
1,4740,36.0,-1.7934482097625732,34.624813079833984
1,4741,81.0,0.7778452634811401,13.065962791442871
1,4742,50.0,-1.5427523851394653,27.524682998657227
1,4743,56.0,-1.8157668113708496,19.679241180419922
1,4744,84.0,0.3457128703594208,11.758530616760254
1,4745,45.0,-2.273092269897461,40.94620895385742
1,4746,34.0,-2.7010629177093506,51.05617904663086
1,4747,12.0,-7.3540754318237305,159.0333251953125
1,4748,118.0,1.0779445171356201,21.263994216918945
1,4749,71.0,-0.09009736031293869,12.184815406799316
1,4750,23.0,-6.05828857421875,71.7099838256836
1,4751,28.0,-3.916196346282959,67.8656997680664
1,4752,94.0,0.590060830116272,12.877239227294922
1,4753,14.0,-5.887453079223633,129.2563934326172
1,4754,42.0,-1.1511106491088867,21.99344825744629
1,4755,39.0,-2.1542837619781494,35.81646728515625
1,4756,65.0,-0.6293544769287109,11.294534683227539
1,4757,23.0,-2.6448235511779785,63.530941009521484
1,4758,29.0,-3.622004508972168,44.22479248046875
1,4759,19.0,-8.382186889648438,70.919921875
1,4760,32.0,-2.254584550857544,28.296680450439453
1,4761,52.0,-0.15548868477344513,13.003384590148926
1,4762,9.0,-8.56046199798584,113.69994354248047
1,4763,13.0,-3.124608039855957,87.48912811279297
1,4764,35.0,-0.857925295829773,19.568634033203125
1,4765,58.0,0.930584192276001,15.122076988220215
1,4766,14.0,-4.847481727600098,55.60405349731445
1,4767,31.0,-1.8767563104629517,18.41084861755371
1,4768,53.0,1.3203861713409424,19.464580535888672
1,4769,74.0,2.28200364112854,39.578468322753906
1,4770,45.0,0.26407137513160706,17.157644271850586
1,4771,50.0,2.182478427886963,22.331695556640625
1,4772,76.0,3.2289421558380127,44.38066864013672
1,4773,77.0,3.2159621715545654,48.97114944458008
1,4774,21.0,-2.849374532699585,19.03520965576172
1,4775,21.0,-1.040911316871643,27.076492309570312
1,4776,91.0,2.830237627029419,62.63594055175781
1,4777,39.0,0.8503077030181885,15.788743019104004
1,4778,27.0,-1.266258716583252,11.977960586547852
1,4779,96.0,3.4376602172851562,66.93030548095703
1,4780,45.0,1.5931235551834106,16.49662208557129
1,4781,56.0,1.3625719547271729,17.399206161499023
1,4782,77.0,1.9447832107543945,47.927799224853516
1,4783,15.0,-5.482998371124268,38.97175979614258
1,4784,47.0,0.7700096368789673,12.181666374206543
1,4785,64.0,2.2272589206695557,26.137237548828125
1,4786,79.0,1.914839506149292,41.49874496459961
1,4787,12.0,-3.3737595081329346,71.14130401611328
1,4788,39.0,-1.105983018875122,15.875688552856445
1,4789,112.0,2.573833465576172,67.07196807861328
1,4790,45.0,0.19911296665668488,11.242645263671875
1,4791,132.0,3.0041468143463135,66.77743530273438
1,4792,9.0,-8.942225456237793,107.12610626220703
1,4793,38.0,0.14128908514976501,11.17225456237793
1,4794,47.0,0.10421591252088547,8.21859073638916
1,4795,101.0,2.475398063659668,49.89934158325195
1,4796,97.0,2.967759609222412,45.85813903808594
1,4797,11.0,-4.045797348022461,88.75419616699219
1,4798,37.0,-0.2129383683204651,20.403242111206055
1,4799,131.0,3.0161144733428955,65.33059692382812
1,4800,49.0,-0.30441364645957947,8.290999412536621
1,4801,21.0,-4.1415557861328125,48.08007049560547
1,4802,57.0,0.553760826587677,15.622649192810059
1,4803,29.0,-1.0965652465820312,27.755708694458008
1,4804,122.0,2.2538816928863525,58.947723388671875
1,4805,12.0,-8.264923095703125,85.69410705566406
1,4806,11.0,-5.595468044281006,104.73779296875
1,4807,34.0,-0.7254093885421753,19.594619750976562
1,4808,25.0,-2.097930431365967,43.517513275146484
1,4809,111.0,2.2842633724212646,50.0878791809082
1,4810,71.0,1.8287748098373413,30.186641693115234
1,4811,27.0,-1.984663486480713,23.361042022705078
1,4812,27.0,-1.3159773349761963,22.525236129760742
1,4813,51.0,0.8795002698898315,12.863883018493652
1,4814,53.0,1.1946234703063965,18.514373779296875
1,4815,31.0,-0.7761217951774597,17.581937789916992
1,4816,57.0,0.5920262336730957,17.098876953125
1,4817,118.0,3.248805046081543,61.98643493652344
1,4818,129.0,4.269268035888672,69.22368621826172
1,4819,55.0,1.3607028722763062,16.740053176879883
1,4820,27.0,-1.1033419370651245,30.54098892211914
1,4821,17.0,-4.028200626373291,52.759307861328125
1,4822,58.0,1.8091461658477783,17.514387130737305
1,4823,87.0,2.025477886199951,37.734188079833984
1,4824,41.0,-0.15965084731578827,12.228939056396484
1,4825,17.0,-3.1863794326782227,60.3035774230957
1,4826,74.0,2.584096670150757,29.908580780029297
1,4827,110.0,2.949650764465332,48.91807174682617
1,4828,32.0,-1.3609687089920044,17.03510284423828
1,4829,35.0,-1.010720133781433,16.485136032104492
1,4830,118.0,3.164755344390869,48.62825012207031
1,4831,56.0,1.4168063402175903,15.244897842407227
1,4832,22.0,-3.2480688095092773,36.82869338989258
1,4833,65.0,1.5121976137161255,21.52117919921875
1,4834,39.0,-0.46258804202079773,12.30910873413086
1,4835,47.0,0.12909094989299774,11.390692710876465
1,4836,106.0,1.259672999382019,44.31630325317383
1,4837,61.0,0.934397280216217,16.922391891479492
1,4838,37.0,-1.3211040496826172,14.674954414367676
1,4839,123.0,2.087419033050537,50.95277404785156
1,4840,12.0,-5.778928756713867,114.01847839355469
1,4841,102.0,1.0959094762802124,36.35697937011719
1,4842,54.0,1.045760154724121,13.483061790466309
1,4843,22.0,-3.4312753677368164,52.238826751708984
1,4844,38.0,-1.7627032995224,15.204607009887695
1,4845,88.0,1.6367807388305664,29.809206008911133
1,4846,51.0,-0.19605031609535217,8.221240043640137
1,4847,62.0,0.09232375025749207,11.709592819213867
1,4848,141.0,2.2776663303375244,51.246097564697266
1,4849,76.0,0.8520898818969727,17.962711334228516
1,4850,58.0,0.3297889232635498,10.423883438110352
1,4851,114.0,2.2713630199432373,39.6068115234375
1,4852,24.0,-2.5548295974731445,64.44512939453125
1,4853,103.0,0.7985286116600037,26.6721134185791
1,4854,29.0,-1.2585748434066772,49.14532470703125
1,4855,68.0,0.06855975091457367,11.203852653503418
1,4856,22.0,-2.9204845428466797,85.71772003173828
1,4857,118.0,1.3847419023513794,28.51224708557129
1,4858,15.0,-6.416337013244629,125.85977935791016
1,4859,56.0,-0.860458493232727,9.325831413269043
1,4860,79.0,0.8570378422737122,14.361234664916992
1,4861,34.0,-1.4844257831573486,42.89252471923828
1,4862,21.0,-4.448787212371826,100.67924499511719
1,4863,18.0,-4.670182704925537,93.12480163574219
1,4864,17.0,-5.802321434020996,105.43431091308594
1,4865,20.0,-3.993614673614502,83.15512084960938
1,4866,42.0,-0.7232853770256042,20.24245834350586
1,4867,46.0,-0.3854282796382904,14.353020668029785
1,4868,41.0,-0.9175074696540833,18.87765121459961
1,4869,27.0,-2.1509387493133545,36.4925537109375
1,4870,97.0,1.9554181098937988,33.19601058959961
1,4871,34.0,-1.995079755783081,18.815956115722656
1,4872,50.0,-0.5151644349098206,8.334410667419434
1,4873,38.0,-0.4264504015445709,13.74593734741211
1,4874,194.0,2.398237466812134,80.42477416992188
1,4875,31.0,-0.40273016691207886,21.561613082885742
1,4876,66.0,1.6708059310913086,26.209501266479492
1,4877,99.0,1.8722001314163208,52.461891174316406
1,4878,35.0,-0.8045545220375061,13.465771675109863
1,4879,41.0,-0.06739488989114761,7.357425212860107
1,4880,92.0,2.1764535903930664,55.81902313232422
1,4881,52.0,0.828883707523346,14.111101150512695
1,4882,53.0,0.7843733429908752,13.47542667388916
1,4883,39.0,0.28235968947410583,10.648032188415527
1,4884,31.0,-0.23562704026699066,20.497642517089844
1,4885,10.0,-5.287832260131836,86.06742095947266
1,4886,81.0,1.765197515487671,46.00444030761719
1,4887,130.0,3.9263312816619873,74.29247283935547
1,4888,44.0,0.6451914310455322,8.283215522766113
1,4889,99.0,3.2001490592956543,57.278621673583984
1,4890,60.0,2.183351755142212,22.840423583984375
1,4891,20.0,-2.9324958324432373,36.577938079833984
1,4892,31.0,-1.7988730669021606,13.6423921585083
1,4893,26.0,-3.4491076469421387,26.022363662719727
1,4894,59.0,1.1458446979522705,20.28794288635254
1,4895,27.0,-1.0904728174209595,27.30577278137207
1,4896,56.0,0.6419270634651184,11.2271146774292
1,4897,19.0,-4.96563196182251,54.65781021118164
1,4898,114.0,1.7087082862854004,54.957244873046875
1,4899,51.0,0.8090417981147766,13.729028701782227
1,4900,104.0,1.6593036651611328,59.080535888671875
1,4901,85.0,2.443661689758301,38.898380279541016
1,4902,92.0,2.115981340408325,43.971534729003906
1,4903,25.0,-2.902350902557373,35.1893424987793
1,4904,107.0,1.3865625858306885,49.57756423950195
1,4905,81.0,0.9309657216072083,29.356550216674805
1,4906,57.0,1.612550973892212,16.546512603759766
1,4907,90.0,2.218351364135742,35.24676513671875
1,4908,176.0,2.583794116973877,55.58130645751953
1,4909,145.0,3.0094664096832275,41.955848693847656
1,4910,15.0,-7.332376480102539,93.18750762939453
1,4911,73.0,0.8998459577560425,14.822525978088379
1,4912,80.0,0.692722499370575,14.698391914367676
1,4913,66.0,0.0690123438835144,13.37320613861084
1,4914,58.0,0.0782565250992775,19.01312828063965
1,4915,26.0,-3.0073275566101074,66.99655151367188
1,4916,16.0,-6.751404762268066,121.73135375976562
1,4917,181.0,1.5152498483657837,30.71453285217285
1,4918,99.0,0.08237683773040771,13.730422973632812
1,4919,13.0,-9.545726776123047,167.38267517089844
1,4920,15.0,-7.701534271240234,128.86328125
1,4921,77.0,-0.15545634925365448,12.836974143981934
1,4922,71.0,-0.04665379226207733,12.715147972106934
1,4923,90.0,0.07189257442951202,14.392857551574707
1,4924,20.0,-4.605013370513916,100.0234603881836
1,4925,92.0,0.2188386619091034,15.397360801696777
1,4926,57.0,-0.2562086284160614,21.646345138549805
1,4927,94.0,1.111928105354309,19.092124938964844
1,4928,93.0,0.5742114186286926,18.213624954223633
1,4929,159.0,2.364884614944458,32.75012969970703
1,4930,35.0,-4.648437976837158,47.897621154785156
1,4931,86.0,0.4186539947986603,14.511112213134766
1,4932,101.0,1.360475778579712,19.621761322021484
1,4933,37.0,-1.5346213579177856,50.67618179321289
1,4934,75.0,-0.38974639773368835,13.614073753356934
1,4935,83.0,0.33333665132522583,18.896923065185547
1,4936,20.0,-5.844710826873779,99.26803588867188
1,4937,47.0,-1.424462914466858,34.96141052246094
1,4938,15.0,-8.569510459899902,133.7981719970703
1,4939,77.0,0.47411471605300903,9.133630752563477
1,4940,113.0,0.8511756062507629,21.748123168945312
1,4941,15.0,-4.761131286621094,125.15476989746094
1,4942,79.0,0.3182746469974518,9.348751068115234
1,4943,118.0,1.586041808128357,21.449020385742188
1,4944,14.0,-4.923903465270996,136.56369018554688
1,4945,72.0,-0.036078862845897675,6.803165912628174
1,4946,83.0,0.9638537168502808,14.598871231079102
1,4947,62.0,-0.49029356241226196,15.097247123718262
1,4948,124.0,1.3209962844848633,28.136327743530273
1,4949,64.0,-0.12103619426488876,7.601980209350586
1,4950,58.0,-0.9395851492881775,7.899089813232422
1,4951,11.0,-10.797173500061035,148.17135620117188
1,4952,53.0,-0.38224366307258606,8.846423149108887
1,4953,45.0,-0.9141541719436646,25.136627197265625
1,4954,78.0,0.8908032178878784,15.363364219665527
1,4955,80.0,1.2740086317062378,17.60416603088379
1,4956,66.0,0.6603938937187195,14.776959419250488
1,4957,86.0,1.2629674673080444,25.733421325683594
1,4958,112.0,2.361623764038086,36.00551223754883
1,4959,157.0,1.945765733718872,63.832069396972656
1,4960,38.0,-2.024712085723877,42.762046813964844
1,4961,89.0,2.5100598335266113,27.054244995117188
1,4962,18.0,-6.97650671005249,106.50384521484375
1,4963,77.0,1.1667038202285767,13.281131744384766
1,4964,65.0,-0.1661824733018875,7.562386989593506
1,4965,55.0,-0.23241296410560608,10.75855541229248
1,4966,35.0,-1.8189724683761597,59.0472412109375
1,4967,86.0,0.4067244231700897,15.819023132324219
1,4968,88.0,0.841667652130127,15.191351890563965
1,4969,90.0,0.8523359894752502,20.735536575317383
1,4970,48.0,-1.5349329710006714,23.818634033203125
1,4971,48.0,-1.7229993343353271,21.98440933227539
1,4972,34.0,-3.918835163116455,46.182395935058594
1,4973,106.0,1.1857537031173706,22.861042022705078
1,4974,26.0,-5.661148548126221,68.52718353271484
1,4975,17.0,-5.903621196746826,112.9500503540039
1,4976,53.0,-1.1107707023620605,12.436856269836426
1,4977,33.0,-3.6001529693603516,40.080543518066406
1,4978,65.0,0.030797703191637993,7.948544502258301
1,4979,109.0,2.322852611541748,28.89200210571289
1,4980,95.0,0.8810173273086548,20.19586944580078
1,4981,14.0,-3.391744613647461,108.13580322265625
1,4982,11.0,-7.098155498504639,127.22614288330078
1,4983,34.0,-1.8873534202575684,38.296993255615234
1,4984,91.0,0.9565081000328064,15.574183464050293
1,4985,12.0,-5.074611186981201,112.87995147705078
1,4986,57.0,-0.36502164602279663,8.739876747131348
1,4987,11.0,-3.920992374420166,110.5842056274414
1,4988,56.0,0.32820338010787964,17.178260803222656
1,4989,91.0,1.1962801218032837,23.38892936706543
1,4990,40.0,-0.4706566631793976,26.986461639404297
1,4991,61.0,1.7171680927276611,14.282888412475586
1,4992,67.0,1.634950876235962,16.017221450805664
1,4993,32.0,-1.8393166065216064,28.31686782836914
1,4994,34.0,-1.9123177528381348,27.712852478027344
1,4995,28.0,-3.0789527893066406,31.64101219177246
1,4996,81.0,1.724450707435608,28.570964813232422
1,4997,143.0,3.6825642585754395,76.51693725585938
1,4998,72.0,1.0922062397003174,20.731788635253906
1,4999,59.0,0.6759579181671143,11.821518898010254
1,5000,25.0,-2.533717393875122,40.71126937866211
2,5001,64.0,0.6280270218849182,17.42973518371582
2,5002,100.0,1.8753405809402466,40.8831901550293
2,5003,86.0,1.4736278057098389,24.147680282592773
2,5004,71.0,1.5545872449874878,18.169525146484375
2,5005,64.0,1.0107953548431396,12.660265922546387
2,5006,59.0,0.41761139035224915,15.06397533416748
2,5007,97.0,1.1361013650894165,24.961610794067383
2,5008,109.0,2.2828617095947266,36.3221321105957
2,5009,125.0,2.817781686782837,37.23183822631836
2,5010,90.0,0.920229434967041,12.888216972351074
2,5011,138.0,1.9630240201950073,38.394561767578125
2,5012,45.0,-1.5550870895385742,24.183820724487305
2,5013,25.0,-2.4033420085906982,74.10253143310547
2,5014,141.0,1.6498792171478271,33.345577239990234
2,5015,48.0,-1.9005928039550781,24.74699592590332
2,5016,70.0,-0.5691980719566345,16.198205947875977
2,5017,27.0,-4.428273677825928,69.02183532714844
2,5018,65.0,-0.2229849249124527,22.9318904876709
2,5019,143.0,1.4480236768722534,25.670703887939453
2,5020,56.0,-0.5326245427131653,20.47297477722168
2,5021,54.0,-0.5630324482917786,19.65941047668457
2,5022,43.0,-1.5981563329696655,42.041683197021484
2,5023,163.0,1.2701773643493652,30.068832397460938
2,5024,95.0,0.09504866600036621,14.96658992767334
2,5025,16.0,-4.344748020172119,114.91732788085938
2,5026,29.0,-5.183265209197998,66.04300689697266
2,5027,121.0,1.4788525104522705,20.499738693237305
2,5028,42.0,-2.5886518955230713,35.59281921386719
2,5029,25.0,-3.985692024230957,60.47765350341797
2,5030,52.0,-0.6526235342025757,19.76583480834961
2,5031,183.0,2.327644109725952,47.1751594543457
2,5032,85.0,1.2141929864883423,15.72762680053711
2,5033,77.0,0.19806955754756927,9.90231704711914
2,5034,90.0,1.228454351425171,17.67046356201172
2,5035,74.0,0.6618280410766602,11.17965030670166
2,5036,43.0,-1.6255457401275635,33.55939865112305
2,5037,66.0,-0.40647217631340027,11.532020568847656
2,5038,112.0,1.7696349620819092,22.679243087768555
2,5039,79.0,0.11901359260082245,11.553579330444336
2,5040,81.0,0.6668175458908081,14.909055709838867
2,5041,103.0,1.6825168132781982,19.383195877075195
2,5042,66.0,-0.25298184156417847,13.667404174804688
2,5043,33.0,-2.770803451538086,46.6885986328125
2,5044,110.0,0.9683076739311218,17.270092010498047
2,5045,64.0,-0.6152178645133972,5.884632587432861
2,5046,29.0,-3.575188398361206,67.09397888183594
2,5047,80.0,0.2031063437461853,9.32848834991455
2,5048,63.0,-0.33702704310417175,12.408308982849121
2,5049,26.0,-4.293337345123291,61.751747131347656
2,5050,49.0,-2.3793580532073975,18.961034774780273
2,5051,76.0,0.12929627299308777,6.728938579559326
2,5052,33.0,-3.743748188018799,43.82754898071289
2,5053,71.0,-0.06099271401762962,10.071775436401367
2,5054,74.0,0.40954095125198364,11.597760200500488
2,5055,116.0,1.9758915901184082,34.11371994018555
2,5056,12.0,-8.371227264404297,142.8418731689453
2,5057,52.0,-0.687003493309021,11.64217472076416
2,5058,35.0,-1.1067272424697876,41.04804611206055
2,5059,56.0,-0.2734222412109375,4.02518892288208
2,5060,93.0,1.9984763860702515,39.70547866821289
2,5061,48.0,-0.4567996561527252,11.263319969177246
2,5062,19.0,-4.166342735290527,73.13259887695312
2,5063,27.0,-4.402806282043457,38.4602165222168
2,5064,112.0,3.8035271167755127,64.93102264404297
2,5065,107.0,3.2855587005615234,56.979244232177734
2,5066,63.0,1.0058759450912476,9.72126579284668
2,5067,70.0,2.13883900642395,30.673030853271484
2,5068,31.0,-1.6847922801971436,16.50249671936035
2,5069,63.0,1.7556711435317993,16.765493392944336
2,5070,15.0,-4.513913154602051,77.62641906738281
2,5071,72.0,2.137977361679077,36.69107437133789
2,5072,21.0,-3.828244924545288,45.5726203918457
2,5073,12.0,-5.507784366607666,95.71038818359375
2,5074,34.0,-1.145402193069458,24.614818572998047
2,5075,18.0,-4.064613342285156,52.50199890136719
2,5076,126.0,2.775444507598877,80.0864028930664
2,5077,101.0,3.664656400680542,61.63088607788086
2,5078,65.0,2.1560049057006836,28.570287704467773
2,5079,101.0,4.559085369110107,66.30792236328125
2,5080,87.0,2.713304281234741,42.6063232421875
2,5081,108.0,3.3871772289276123,65.40628814697266
2,5082,59.0,1.4872089624404907,16.379253387451172
2,5083,124.0,3.2874372005462646,72.54106903076172
2,5084,131.0,2.8095452785491943,63.3310432434082
2,5085,17.0,-5.601280689239502,53.20641326904297
2,5086,52.0,-0.2673909366130829,9.751546859741211
2,5087,30.0,-1.1459686756134033,29.08252716064453
2,5088,112.0,2.4443767070770264,43.77897262573242
2,5089,85.0,2.776226282119751,39.8903923034668
2,5090,105.0,1.3581691980361938,40.33086395263672
2,5091,60.0,0.21291552484035492,12.843961715698242
2,5092,96.0,1.6276241540908813,34.560462951660156
2,5093,60.0,0.4923369288444519,14.703043937683105
2,5094,48.0,-0.4471134841442108,16.600961685180664
2,5095,19.0,-4.1185526847839355,77.58206176757812
2,5096,68.0,0.1295892298221588,11.205561637878418
2,5097,77.0,1.1591219902038574,17.457130432128906
2,5098,161.0,2.0740668773651123,38.94179916381836
2,5099,14.0,-5.469232082366943,122.58555603027344
2,5100,89.0,-0.8088526129722595,15.960761070251465
2,5101,60.0,0.08485022187232971,15.557686805725098
2,5102,16.0,-5.885034561157227,106.79423522949219
2,5103,102.0,1.4462559223175049,20.66815185546875
2,5104,11.0,-7.25182580947876,155.28823852539062
2,5105,19.0,-5.697012424468994,90.14202117919922
2,5106,26.0,-2.235417604446411,64.91851806640625
2,5107,108.0,1.146101713180542,28.25225067138672
2,5108,58.0,-0.4989941716194153,19.52484893798828
2,5109,53.0,-1.1350126266479492,17.38410758972168
2,5110,40.0,-1.7408627271652222,31.78652000427246
2,5111,139.0,2.2438652515411377,35.74386978149414
2,5112,83.0,0.9465870261192322,17.303466796875
2,5113,174.0,2.6807351112365723,37.88816833496094
2,5114,30.0,-4.870823383331299,48.19063186645508
2,5115,119.0,1.4985682964324951,27.90512466430664
2,5116,30.0,-1.2098917961120605,57.44176483154297
2,5117,134.0,1.7388955354690552,31.997472763061523
2,5118,159.0,2.314208507537842,39.17082595825195
2,5119,127.0,1.5078619718551636,29.493738174438477
2,5120,63.0,-0.11679390072822571,15.04889965057373
2,5121,13.0,-8.402381896972656,140.5625
2,5122,115.0,1.109695315361023,19.78866195678711
2,5123,63.0,-0.059904564172029495,17.356233596801758
2,5124,86.0,0.8132492303848267,14.892667770385742
2,5125,68.0,0.43946292996406555,13.043981552124023
2,5126,79.0,0.5456656813621521,13.044071197509766
2,5127,109.0,1.5222523212432861,21.966901779174805
2,5128,126.0,1.69966721534729,25.15361976623535
2,5129,86.0,0.03906785324215889,11.562129020690918
2,5130,86.0,0.4699079990386963,13.371647834777832
2,5131,28.0,-2.2600855827331543,87.1096420288086
2,5132,57.0,-1.173777461051941,24.974641799926758
2,5133,19.0,-6.464344501495361,122.28623962402344
2,5134,58.0,-1.129779577255249,25.466567993164062
2,5135,39.0,-1.8927572965621948,55.856021881103516
2,5136,57.0,-0.7825263738632202,26.9676570892334
2,5137,66.0,-1.4562917947769165,19.157032012939453
2,5138,155.0,1.207348108291626,23.29562759399414
2,5139,31.0,-6.619846820831299,70.54959869384766
2,5140,121.0,1.0197104215621948,19.987398147583008
2,5141,12.0,-5.00285530090332,174.3195343017578
2,5142,70.0,-0.38019153475761414,12.295354843139648
2,5143,53.0,-1.5429097414016724,27.958711624145508
2,5144,72.0,0.0009221620857715607,9.65455150604248
2,5145,64.0,-0.35957467555999756,15.323893547058105
2,5146,27.0,-4.6222405433654785,69.7623519897461
2,5147,112.0,1.9706649780273438,25.959436416625977
2,5148,103.0,1.2246054410934448,21.60222053527832
2,5149,86.0,0.7084099054336548,12.773478507995605
2,5150,11.0,-7.083073616027832,159.72698974609375
2,5151,17.0,-4.491480350494385,100.91200256347656
2,5152,49.0,-0.8002181053161621,14.141380310058594
2,5153,48.0,-1.616858720779419,21.96985626220703
2,5154,103.0,1.8123971223831177,23.66715431213379
2,5155,129.0,1.9484779834747314,40.60408020019531
2,5156,109.0,2.9739253520965576,35.50993728637695
2,5157,13.0,-5.888764381408691,107.8821029663086
2,5158,100.0,1.6706496477127075,23.707429885864258
2,5159,105.0,1.5470231771469116,26.686077117919922
2,5160,54.0,-1.2314937114715576,15.224715232849121
2,5161,15.0,-3.8104889392852783,91.82946014404297
2,5162,117.0,2.2713589668273926,29.600276947021484
2,5163,43.0,-1.4211087226867676,24.073631286621094
2,5164,27.0,-1.4973182678222656,52.96404266357422
2,5165,107.0,1.6776479482650757,24.65236473083496
2,5166,46.0,-0.7008660435676575,15.096505165100098
2,5167,50.0,-0.3673461675643921,19.143178939819336
2,5168,81.0,1.288727045059204,15.835816383361816
2,5169,94.0,1.8732082843780518,31.259546279907227
2,5170,88.0,1.2446686029434204,18.824811935424805
2,5171,57.0,-0.19419358670711517,14.367399215698242
2,5172,61.0,0.45243069529533386,15.419560432434082
2,5173,31.0,-1.4871647357940674,45.40556335449219
2,5174,36.0,-1.3516799211502075,32.83818435668945
2,5175,37.0,-2.0349068641662598,30.106430053710938
2,5176,49.0,-0.8851647973060608,20.065227508544922
2,5177,67.0,1.0133168697357178,13.926727294921875
2,5178,39.0,-1.8543875217437744,25.967992782592773
2,5179,36.0,-1.1813894510269165,26.24842643737793
2,5180,56.0,0.36452236771583557,11.24425983428955
2,5181,35.0,-0.433708518743515,29.48379135131836
2,5182,67.0,0.9964743256568909,15.612839698791504
2,5183,29.0,-2.001227617263794,28.350194931030273
2,5184,20.0,-3.701303482055664,49.9473876953125
2,5185,46.0,0.30196690559387207,8.420613288879395
2,5186,27.0,-3.6209683418273926,31.553781509399414
2,5187,19.0,-5.19663667678833,43.78713607788086
2,5188,29.0,-1.3439092636108398,15.468558311462402
2,5189,40.0,-1.1402790546417236,11.274542808532715
2,5190,32.0,-1.8493150472640991,14.034975051879883
2,5191,95.0,2.968799352645874,56.45853042602539
2,5192,47.0,0.365888774394989,11.6722993850708
2,5193,35.0,-0.3293701410293579,8.183503150939941
2,5194,28.0,-2.6101436614990234,16.910280227661133
2,5195,61.0,1.8156510591506958,29.673067092895508
2,5196,13.0,-2.9101617336273193,54.95283508300781
2,5197,56.0,1.9439387321472168,25.593647003173828
2,5198,101.0,4.534430503845215,84.74571228027344
2,5199,25.0,-0.9266161918640137,14.56064510345459
2,5200,28.0,-0.6279524564743042,13.940107345581055
2,5201,59.0,2.856398105621338,36.47247314453125
2,5202,34.0,0.5758177638053894,7.515136241912842
2,5203,20.0,-0.8258252143859863,18.83766746520996
2,5204,89.0,3.6266605854034424,86.26850128173828
2,5205,43.0,2.1268930435180664,17.247112274169922
2,5206,106.0,2.7976152896881104,105.27031707763672
2,5207,64.0,2.443359136581421,39.21429443359375
2,5208,60.0,2.5285251140594482,41.73474884033203
2,5209,52.0,1.9509062767028809,22.27870750427246
2,5210,26.0,-0.24154922366142273,13.765348434448242
2,5211,44.0,1.1310951709747314,13.897037506103516
2,5212,103.0,2.974599838256836,79.72501373291016
2,5213,13.0,-5.595677375793457,59.07518005371094
2,5214,74.0,2.4098451137542725,50.94991683959961
2,5215,95.0,2.3539130687713623,65.47654724121094
2,5216,73.0,2.2619733810424805,40.79166030883789
2,5217,143.0,2.9412121772766113,95.09999084472656
2,5218,59.0,2.0301928520202637,28.66392707824707
2,5219,22.0,-1.6558033227920532,25.59683609008789
2,5220,39.0,-1.02730131149292,6.311263084411621
2,5221,12.0,-5.018307685852051,81.10400390625
2,5222,51.0,0.47768664360046387,13.28754997253418
2,5223,83.0,2.938450336456299,40.18181610107422
2,5224,104.0,1.9031429290771484,47.8202018737793
2,5225,26.0,-1.6865547895431519,22.822580337524414
2,5226,134.0,1.9701621532440186,54.49677658081055
2,5227,25.0,-2.305788278579712,35.424591064453125
2,5228,50.0,0.26832813024520874,9.301224708557129
2,5229,19.0,-3.2144007682800293,58.465606689453125
2,5230,57.0,0.765594482421875,16.249011993408203
2,5231,19.0,-4.90202522277832,57.45519256591797
2,5232,97.0,2.4517147541046143,43.66230773925781
2,5233,33.0,-2.389209270477295,16.6971378326416
2,5234,152.0,2.0661418437957764,50.27851486206055
2,5235,57.0,0.09486740827560425,13.682755470275879
2,5236,126.0,2.7163760662078857,48.8575439453125
2,5237,11.0,-8.711601257324219,124.2964859008789
2,5238,33.0,-1.1561228036880493,17.919527053833008
2,5239,87.0,1.2430071830749512,30.479894638061523
2,5240,113.0,2.1037986278533936,38.70683670043945
2,5241,44.0,-0.6824555993080139,12.563465118408203
2,5242,147.0,1.3163840770721436,41.38269805908203
2,5243,211.0,2.645972490310669,48.77653884887695
2,5244,24.0,-3.929917812347412,48.236236572265625
2,5245,84.0,0.32354095578193665,21.555028915405273
2,5246,45.0,-0.4030168950557709,16.263015747070312
2,5247,121.0,0.8898337483406067,31.616592407226562
2,5248,94.0,1.38358736038208,22.13576889038086
2,5249,110.0,0.5316929221153259,28.98174476623535
2,5250,68.0,-0.2606731951236725,20.69900894165039
2,5251,30.0,-1.2893919944763184,42.27322769165039
2,5252,52.0,-0.8091116547584534,15.565896987915039
2,5253,27.0,-2.989384174346924,44.85662078857422
2,5254,114.0,1.2795801162719727,30.371082305908203
2,5255,52.0,-0.40106233954429626,17.999786376953125
2,5256,92.0,0.7331141829490662,22.17194366455078
2,5257,120.0,0.0614444836974144,24.15003204345703
2,5258,19.0,-4.106137275695801,89.57828521728516
2,5259,36.0,-1.7510418891906738,40.4346809387207
2,5260,219.0,1.7450072765350342,33.49422836303711
2,5261,132.0,0.7810065746307373,24.626384735107422
2,5262,54.0,-0.47289755940437317,16.28798484802246
2,5263,63.0,0.18110299110412598,14.668464660644531
2,5264,38.0,-0.7723520994186401,28.72704315185547
2,5265,38.0,-1.009286880493164,34.83363723754883
2,5266,51.0,-0.565751850605011,22.15897560119629
2,5267,13.0,-6.2233662605285645,135.23439025878906
2,5268,33.0,-2.2280116081237793,40.28700637817383
2,5269,30.0,-2.310058832168579,36.816001892089844
2,5270,124.0,1.7515137195587158,33.00844192504883
2,5271,106.0,1.8187953233718872,31.80393409729004
2,5272,22.0,-4.03173303604126,61.81711196899414
2,5273,98.0,1.189968228340149,29.352684020996094
2,5274,33.0,-1.2960054874420166,21.232763290405273
2,5275,31.0,-1.3655508756637573,19.44077491760254
2,5276,11.0,-8.309008598327637,115.34248352050781
2,5277,22.0,-2.5320441722869873,38.7188606262207
2,5278,28.0,-1.39426589012146,32.36141586303711
2,5279,82.0,0.8214676976203918,32.48447799682617
2,5280,30.0,-1.3921617269515991,22.17377471923828
2,5281,36.0,0.19022119045257568,14.606263160705566
2,5282,98.0,3.367921829223633,50.125545501708984
2,5283,27.0,-1.5554277896881104,21.473024368286133
2,5284,102.0,2.5872037410736084,49.71780776977539
2,5285,67.0,1.9450126886367798,36.728580474853516
2,5286,110.0,1.0471900701522827,49.454524993896484
2,5287,24.0,-2.010129451751709,22.578908920288086
2,5288,149.0,2.559539318084717,66.25926208496094
2,5289,61.0,1.2496496438980103,31.078388214111328
2,5290,48.0,0.6461146473884583,16.932703018188477
2,5291,62.0,1.2958229780197144,25.279279708862305
2,5292,29.0,-0.8836416006088257,14.978619575500488
2,5293,180.0,2.3503923416137695,75.0918960571289
2,5294,22.0,-1.8787471055984497,24.833148956298828
2,5295,29.0,-0.8990179300308228,18.340856552124023
2,5296,139.0,2.3093984127044678,58.62324142456055
2,5297,113.0,2.546736240386963,45.92509078979492
2,5298,37.0,-0.3094467520713806,13.248342514038086
2,5299,98.0,2.3192105293273926,45.56574630737305
2,5300,57.0,1.1540770530700684,21.780874252319336
2,5301,35.0,-0.12850326299667358,13.552464485168457
2,5302,32.0,-0.5579168796539307,15.956989288330078
2,5303,28.0,-2.040241003036499,19.777233123779297
2,5304,46.0,-0.35621747374534607,14.992441177368164
2,5305,120.0,2.2852327823638916,51.220096588134766
2,5306,82.0,0.8772029876708984,29.189563751220703
2,5307,54.0,1.4330735206604004,16.115436553955078
2,5308,156.0,3.1145708560943604,57.43482971191406
2,5309,104.0,2.092822313308716,37.159454345703125
2,5310,70.0,1.1949656009674072,24.63748550415039
2,5311,63.0,0.34230437874794006,17.09978675842285
2,5312,31.0,-1.1376558542251587,22.981908798217773
2,5313,26.0,-1.732674479484558,50.55599594116211
2,5314,84.0,1.0831125974655151,29.04625701904297
2,5315,117.0,1.041692852973938,27.06332778930664
2,5316,119.0,0.8952173590660095,28.72287368774414
2,5317,10.0,-6.710072994232178,139.86636352539062
2,5318,94.0,1.1928378343582153,21.657901763916016
2,5319,138.0,1.0543211698532104,28.480756759643555
2,5320,28.0,-3.32102370262146,65.14700317382812
2,5321,33.0,-1.3947834968566895,31.713821411132812
2,5322,40.0,-0.9735450148582458,32.814849853515625
2,5323,82.0,0.15723814070224762,19.010738372802734
2,5324,40.0,-1.6677589416503906,25.54041862487793
2,5325,15.0,-5.5311784744262695,131.65248107910156
2,5326,72.0,-0.5290812253952026,14.696955680847168
2,5327,51.0,-0.8707550168037415,23.67127799987793
2,5328,140.0,1.6706562042236328,25.138351440429688
2,5329,69.0,-0.3935375511646271,14.797430992126465
2,5330,18.0,-4.80021333694458,98.7483139038086
2,5331,66.0,0.6675648093223572,16.40140151977539
2,5332,59.0,-0.5907410383224487,14.488321304321289
2,5333,133.0,0.7365557551383972,30.64607048034668
2,5334,65.0,-0.21734748780727386,12.094512939453125
2,5335,27.0,-1.7166625261306763,66.5728759765625
2,5336,12.0,-8.89534854888916,144.65866088867188
2,5337,25.0,-4.340444564819336,66.90229034423828
2,5338,29.0,-3.4281389713287354,39.84376907348633
2,5339,34.0,-3.641726493835449,28.87948989868164
2,5340,88.0,1.6933423280715942,21.55005645751953
2,5341,70.0,0.5561161041259766,15.016765594482422
2,5342,54.0,-0.6861154437065125,11.695364952087402
2,5343,55.0,0.3168805241584778,8.840665817260742
2,5344,132.0,2.3678383827209473,42.99995422363281
2,5345,25.0,-3.1735682487487793,41.23837661743164
2,5346,54.0,-0.20777609944343567,10.93361759185791
2,5347,31.0,-2.169813871383667,31.505525588989258
2,5348,96.0,2.009960651397705,34.38243865966797
2,5349,53.0,0.24112723767757416,10.271005630493164
2,5350,30.0,-2.9305944442749023,31.485233306884766
2,5351,33.0,-1.4915151596069336,18.338533401489258
2,5352,13.0,-7.115670680999756,94.86711883544922
2,5353,18.0,-6.0678815841674805,79.54004669189453
2,5354,95.0,2.6936659812927246,45.133060455322266
2,5355,188.0,3.3515331745147705,76.94393920898438
2,5356,163.0,2.134394407272339,70.58639526367188
2,5357,14.0,-4.893702030181885,90.66642761230469
2,5358,79.0,1.5763360261917114,30.947717666625977
2,5359,46.0,0.37520506978034973,6.972225666046143
2,5360,113.0,2.5599300861358643,55.55207443237305
2,5361,71.0,2.025285243988037,26.561100006103516
2,5362,25.0,-1.7438576221466064,32.23991394042969
2,5363,73.0,1.4470571279525757,21.80025291442871
2,5364,32.0,-1.4334083795547485,21.012531280517578
2,5365,15.0,-2.4603917598724365,78.94701385498047
2,5366,92.0,1.692860722541809,35.19171905517578
2,5367,116.0,2.2730703353881836,44.21887969970703
2,5368,147.0,2.630427122116089,61.8657112121582
2,5369,86.0,0.9767223596572876,27.386533737182617
2,5370,35.0,-1.7843011617660522,14.14426326751709
2,5371,92.0,1.9927417039871216,31.721847534179688
2,5372,32.0,-2.1776323318481445,30.886489868164062
2,5373,108.0,1.147231101989746,29.79872703552246
2,5374,95.0,2.3378727436065674,28.194374084472656
2,5375,135.0,1.314429521560669,34.19002914428711
2,5376,16.0,-5.75855016708374,88.81678009033203
2,5377,11.0,-7.663762092590332,123.99612426757812
2,5378,161.0,1.513219952583313,34.20390319824219
2,5379,35.0,-2.447004795074463,23.575260162353516
2,5380,68.0,-0.37116995453834534,20.51805305480957
2,5381,14.0,-5.29826545715332,93.96377563476562
2,5382,81.0,0.45287206768989563,18.684412002563477
2,5383,85.0,0.9461449384689331,27.956754684448242
2,5384,35.0,-2.0173940658569336,20.218849182128906
2,5385,64.0,0.3994205594062805,13.647122383117676
2,5386,39.0,-1.6702401638031006,24.64596176147461
2,5387,62.0,0.7199870944023132,14.942127227783203
2,5388,99.0,1.993053674697876,26.535600662231445
2,5389,63.0,-0.12435998022556305,18.1594181060791
2,5390,36.0,-1.158564805984497,23.974483489990234
2,5391,61.0,0.2862921953201294,10.186129570007324
2,5392,78.0,0.1416730284690857,18.162729263305664
2,5393,32.0,-1.2649445533752441,32.32170104980469
2,5394,34.0,-1.457222580909729,25.854568481445312
2,5395,65.0,0.4284361004829407,9.88927936553955
2,5396,102.0,1.764829158782959,25.885526657104492
2,5397,81.0,0.3086777925491333,17.005661010742188
2,5398,69.0,0.8172353506088257,13.975642204284668
2,5399,46.0,-2.1672167778015137,22.219112396240234
2,5400,64.0,0.4604319930076599,12.192841529846191
2,5401,89.0,1.5977303981781006,20.76455307006836
2,5402,59.0,0.18388307094573975,11.632180213928223
2,5403,248.0,3.5711050033569336,67.20053100585938
2,5404,29.0,-3.5533952713012695,56.301055908203125
2,5405,125.0,1.6840914487838745,32.23783493041992
2,5406,65.0,-0.29377827048301697,4.734099388122559
2,5407,34.0,-2.714589834213257,32.090641021728516
2,5408,69.0,0.2917003035545349,11.083909034729004
2,5409,22.0,-3.8751866817474365,102.59130859375
2,5410,124.0,1.294680118560791,29.327159881591797
2,5411,17.0,-3.4663238525390625,176.60372924804688
2,5412,23.0,-7.436077117919922,110.40635681152344
2,5413,11.0,-5.2290940284729,161.2503662109375
2,5414,54.0,-0.817134439945221,12.912957191467285
2,5415,24.0,-2.7480216026306152,104.85334777832031
2,5416,203.0,2.472780466079712,48.83623504638672
2,5417,118.0,0.9181165099143982,27.214998245239258
2,5418,119.0,1.182191252708435,34.094383239746094
2,5419,37.0,-3.121105194091797,32.4531364440918
2,5420,43.0,-1.0311775207519531,22.405019760131836
2,5421,125.0,1.8272372484207153,36.37310791015625
2,5422,41.0,-1.187232494354248,8.690330505371094
2,5423,12.0,-7.370951175689697,117.62496185302734
2,5424,112.0,1.1349631547927856,31.46375274658203
2,5425,37.0,-1.9842360019683838,20.386051177978516
2,5426,64.0,0.4744386672973633,10.603832244873047
2,5427,97.0,0.9331817030906677,21.677263259887695
2,5428,67.0,1.5082069635391235,16.540470123291016
2,5429,11.0,-5.395245552062988,149.50454711914062
2,5430,28.0,-3.8862364292144775,48.45346450805664
2,5431,103.0,1.1901658773422241,28.827957153320312
2,5432,35.0,-0.8321664333343506,19.336902618408203
2,5433,120.0,2.2060956954956055,37.631526947021484
2,5434,98.0,1.3288486003875732,21.61057472229004
2,5435,77.0,1.5755058526992798,17.018085479736328
2,5436,102.0,1.9297274351119995,35.6125602722168
2,5437,16.0,-8.059042930603027,91.59309387207031
2,5438,34.0,-2.220611572265625,32.728878021240234
2,5439,61.0,0.3504694402217865,14.714580535888672
2,5440,31.0,-3.1742982864379883,47.31731033325195
2,5441,76.0,1.0516308546066284,16.37761688232422
2,5442,13.0,-5.036568641662598,105.42491912841797
2,5443,71.0,0.6433817744255066,10.707228660583496
2,5444,54.0,-1.0220799446105957,14.419551849365234
2,5445,118.0,1.7260245084762573,23.903261184692383
2,5446,208.0,2.025925874710083,42.92109680175781
2,5447,77.0,0.44901591539382935,13.822736740112305
2,5448,43.0,-1.572871208190918,23.04928970336914
2,5449,37.0,-2.7322452068328857,32.608646392822266
2,5450,79.0,0.6449418067932129,17.817413330078125
2,5451,123.0,1.2661360502243042,25.921415328979492
2,5452,110.0,1.5833699703216553,28.638336181640625
2,5453,127.0,1.2072505950927734,26.707578659057617
2,5454,90.0,0.602880597114563,14.50681209564209
2,5455,73.0,0.9866697788238525,10.071579933166504
2,5456,38.0,-2.4742302894592285,44.09463882446289
2,5457,119.0,2.2452337741851807,32.901981353759766
2,5458,32.0,-3.7531466484069824,54.13146209716797
2,5459,20.0,-4.426714897155762,120.931396484375
2,5460,115.0,0.6359303593635559,21.806167602539062
2,5461,15.0,-6.088556289672852,134.0895538330078
2,5462,42.0,-2.1940677165985107,49.253360748291016
2,5463,52.0,-1.5360777378082275,38.565670013427734
2,5464,51.0,-2.0088698863983154,29.42023277282715
2,5465,43.0,-2.1879706382751465,34.13288497924805
2,5466,42.0,-2.1525700092315674,31.454818725585938
2,5467,37.0,-2.33229923248291,50.69932174682617
2,5468,126.0,1.9264997243881226,24.981462478637695
2,5469,46.0,-3.008241653442383,28.22254753112793
2,5470,52.0,-0.9933635592460632,14.16479778289795
2,5471,54.0,-0.07894016057252884,21.50860595703125
2,5472,11.0,-5.411234378814697,146.18125915527344
2,5473,71.0,0.9970910549163818,13.976917266845703
2,5474,146.0,1.724898099899292,40.967227935791016
2,5475,52.0,-0.657699704170227,11.259523391723633
2,5476,208.0,2.3515353202819824,49.65320587158203
2,5477,11.0,-4.690849781036377,125.02344512939453
2,5478,15.0,-6.9174485206604,72.29837799072266
2,5479,143.0,2.6281001567840576,47.62040328979492
2,5480,100.0,1.9654568433761597,35.428367614746094
2,5481,222.0,4.149302005767822,73.6110610961914
2,5482,69.0,0.5076269507408142,16.244495391845703
2,5483,100.0,1.9050767421722412,30.052419662475586
2,5484,27.0,-2.4976508617401123,27.150094985961914
2,5485,52.0,0.11706490814685822,13.676915168762207
2,5486,81.0,1.6611919403076172,22.6457576751709
2,5487,60.0,0.9797319769859314,17.195409774780273
2,5488,28.0,-1.785287618637085,39.283260345458984
2,5489,60.0,0.20714136958122253,12.825583457946777
2,5490,32.0,-0.7526617646217346,23.323219299316406
2,5491,55.0,-0.12825460731983185,13.740568161010742
2,5492,72.0,0.6465665102005005,13.112517356872559
2,5493,75.0,0.47206899523735046,17.090816497802734
2,5494,16.0,-4.6233978271484375,80.54258728027344
2,5495,11.0,-5.138246536254883,104.97730255126953
2,5496,50.0,0.3898973762989044,15.322188377380371
2,5497,108.0,1.3933228254318237,31.246171951293945
2,5498,92.0,1.5554860830307007,24.300527572631836
2,5499,42.0,-0.1317165344953537,14.80377197265625
2,5500,31.0,-2.171840190887451,37.64438247680664
2,5501,82.0,0.49142712354660034,18.99070930480957
2,5502,134.0,1.5161869525909424,30.65117073059082
2,5503,93.0,1.7076505422592163,22.515682220458984
2,5504,34.0,-1.7611428499221802,34.73469161987305
2,5505,125.0,1.6874072551727295,30.09391212463379
2,5506,91.0,0.8634349703788757,25.981727600097656
2,5507,57.0,-0.22809375822544098,8.281867027282715
2,5508,55.0,0.8933027386665344,6.916712760925293
2,5509,68.0,0.5097187161445618,9.598273277282715
2,5510,43.0,-1.9005858898162842,27.80537223815918
2,5511,78.0,0.2693183124065399,9.122270584106445
2,5512,37.0,-2.479818344116211,41.518436431884766
2,5513,48.0,-0.39208918809890747,17.663524627685547
2,5514,91.0,1.2820490598678589,20.09434700012207
2,5515,31.0,-2.913782835006714,49.20177459716797
2,5516,70.0,0.45752713084220886,15.167803764343262
2,5517,28.0,-5.425050735473633,51.14058303833008
2,5518,42.0,-0.8278316855430603,33.42107391357422
2,5519,151.0,1.1896029710769653,28.748027801513672
2,5520,259.0,2.2279434204101562,43.608768463134766
2,5521,73.0,0.31307217478752136,5.413105487823486
2,5522,65.0,0.025247793644666672,5.249880790710449
2,5523,74.0,0.9162614941596985,8.721639633178711
2,5524,73.0,0.2253548800945282,14.106836318969727
2,5525,22.0,-5.017945766448975,87.96902465820312
2,5526,73.0,0.12540076673030853,7.526891231536865
2,5527,31.0,-5.394656658172607,62.6494140625
2,5528,77.0,0.2050943523645401,5.682924747467041
2,5529,89.0,0.7906365394592285,17.872295379638672
2,5530,60.0,-0.38887807726860046,3.8673036098480225
2,5531,130.0,1.4595890045166016,55.757511138916016
2,5532,43.0,-1.3814592361450195,30.216922760009766
2,5533,56.0,-0.729640543460846,11.35599136352539
2,5534,48.0,-0.8581268787384033,20.064180374145508
2,5535,112.0,0.9487374424934387,10.486309051513672
2,5536,32.0,-3.1831400394439697,53.67298889160156
2,5537,50.0,-0.799674928188324,22.8277587890625
2,5538,46.0,-1.0574475526809692,22.66466522216797
2,5539,17.0,-4.389759063720703,111.56864929199219
2,5540,53.0,-0.27762821316719055,12.25761604309082
2,5541,132.0,1.8212558031082153,44.40221405029297
2,5542,70.0,-0.2348676472902298,19.521814346313477
2,5543,20.0,-6.228480339050293,99.80940246582031
2,5544,20.0,-3.044809579849243,87.4604263305664
2,5545,125.0,2.9531192779541016,42.16595458984375
2,5546,80.0,2.3163509368896484,26.745195388793945
2,5547,95.0,4.53298807144165,65.3934097290039
2,5548,85.0,1.3216958045959473,19.921300888061523
2,5549,95.0,2.3060662746429443,44.035438537597656
2,5550,102.0,2.658737897872925,35.32412338256836
2,5551,233.0,2.849499225616455,74.93035888671875
2,5552,42.0,-2.112722873687744,15.5924072265625
2,5553,106.0,2.945582151412964,53.10495376586914
2,5554,67.0,-0.24596025049686432,14.047370910644531
2,5555,34.0,-2.6889119148254395,31.86883544921875
2,5556,22.0,-4.095553874969482,66.28820037841797
2,5557,101.0,2.022690773010254,33.61658477783203
2,5558,40.0,-1.3831677436828613,22.909996032714844
2,5559,102.0,1.1916725635528564,26.282920837402344
2,5560,11.0,-9.997178077697754,140.18997192382812
2,5561,142.0,1.7042336463928223,32.56876754760742
2,5562,71.0,0.881845235824585,16.259288787841797
2,5563,136.0,1.8202686309814453,30.9287052154541
2,5564,92.0,1.9850506782531738,22.590652465820312
2,5565,74.0,0.3389075994491577,13.488823890686035
2,5566,88.0,0.8643447160720825,14.285928726196289
2,5567,216.0,1.4119333028793335,36.74232482910156
2,5568,57.0,-1.6384221315383911,20.86771011352539
2,5569,30.0,-2.3102262020111084,56.18241882324219
2,5570,53.0,-0.43939438462257385,21.96027183532715
2,5571,54.0,-1.0768704414367676,24.468503952026367
2,5572,147.0,0.6650990843772888,20.307008743286133
2,5573,62.0,-0.5104054808616638,18.33554458618164
2,5574,101.0,0.2545415163040161,22.98963165283203
2,5575,54.0,-1.621909737586975,25.872041702270508
2,5576,46.0,-2.684783697128296,27.314361572265625
2,5577,57.0,-0.15950791537761688,17.083402633666992
2,5578,28.0,-3.1594386100769043,55.41111755371094
2,5579,44.0,-1.347772479057312,28.941164016723633
2,5580,62.0,-0.10824817419052124,17.262670516967773
2,5581,23.0,-4.423494815826416,58.22551345825195
2,5582,125.0,1.245667576789856,31.051572799682617
2,5583,12.0,-3.887181043624878,113.25025177001953
2,5584,169.0,2.157177209854126,38.448360443115234
2,5585,36.0,-0.49172064661979675,25.09147071838379
2,5586,88.0,1.004494309425354,25.542770385742188
2,5587,63.0,0.5422574877738953,16.416751861572266
2,5588,140.0,2.8099498748779297,53.62962341308594
2,5589,15.0,-5.210119247436523,72.1528549194336
2,5590,69.0,1.759151577949524,23.080900192260742
2,5591,59.0,0.606172502040863,17.393184661865234
2,5592,106.0,2.5615110397338867,35.645782470703125
2,5593,98.0,1.7596046924591064,29.68083953857422
2,5594,92.0,1.3753154277801514,30.829998016357422
2,5595,42.0,-0.4988614022731781,15.721193313598633
2,5596,52.0,-0.626991868019104,10.278776168823242
2,5597,38.0,-1.3086390495300293,24.485166549682617
2,5598,53.0,0.4929361939430237,12.468969345092773
2,5599,29.0,-2.8427863121032715,37.45579147338867
2,5600,43.0,-2.1194379329681396,23.098468780517578
2,5601,127.0,2.163818359375,39.4559326171875
2,5602,36.0,-0.9391284584999084,36.20862579345703
2,5603,89.0,2.4537556171417236,30.568683624267578
2,5604,143.0,1.9944708347320557,39.43199920654297
2,5605,84.0,1.4374620914459229,18.037269592285156
2,5606,105.0,2.464496612548828,33.53702926635742
2,5607,287.0,3.098647356033325,54.91535186767578
2,5608,61.0,-0.03890233114361763,11.293219566345215
2,5609,36.0,-2.7325077056884766,27.902114868164062
2,5610,30.0,-2.892348527908325,50.87522888183594
2,5611,195.0,2.3651397228240967,46.11971664428711
2,5612,103.0,1.7447093725204468,24.55144691467285
2,5613,71.0,0.45660296082496643,14.372969627380371
2,5614,121.0,1.315707802772522,30.362918853759766
2,5615,35.0,-3.2272369861602783,36.89512252807617
2,5616,80.0,0.3677905797958374,15.79845905303955
2,5617,84.0,0.5519761443138123,13.350193977355957
2,5618,14.0,-8.58737850189209,168.9329071044922
2,5619,53.0,-1.6929457187652588,18.94437599182129
2,5620,57.0,-0.9751559495925903,18.995338439941406
2,5621,39.0,-2.2794504165649414,39.027427673339844
2,5622,144.0,1.1994208097457886,36.14045715332031
2,5623,40.0,-3.359532356262207,50.33356475830078
2,5624,65.0,-0.919301450252533,12.032604217529297
2,5625,11.0,-10.15716552734375,190.9356689453125
2,5626,50.0,-1.3443620204925537,13.990073204040527
2,5627,62.0,-0.40253907442092896,12.29399299621582
2,5628,27.0,-3.566253900527954,60.9078483581543
2,5629,47.0,-1.8030064105987549,21.68782615661621
2,5630,54.0,-0.20585912466049194,11.409854888916016
2,5631,77.0,0.8833194375038147,13.56285572052002
2,5632,138.0,2.0476770401000977,41.7176628112793
2,5633,39.0,-1.3194341659545898,17.010543823242188
2,5634,10.0,-7.113723278045654,127.626220703125
2,5635,66.0,1.6169273853302002,16.12761116027832
2,5636,53.0,-0.21069791913032532,11.622513771057129
2,5637,97.0,1.8627246618270874,30.308792114257812
2,5638,132.0,1.5143641233444214,62.936580657958984
2,5639,79.0,2.045391082763672,32.214439392089844
2,5640,18.0,-2.5775842666625977,66.31063079833984
2,5641,73.0,0.8783241510391235,16.666751861572266
2,5642,68.0,0.8428686857223511,21.088716506958008
2,5643,46.0,-0.7416145205497742,11.400153160095215
2,5644,42.0,-0.4277503490447998,8.663344383239746
2,5645,38.0,-1.3922151327133179,15.744799613952637
2,5646,32.0,-2.3090322017669678,20.503128051757812
2,5647,18.0,-5.264381408691406,66.35546112060547
2,5648,71.0,1.4105318784713745,17.941898345947266
2,5649,124.0,2.693354606628418,51.4682731628418
2,5650,162.0,2.7803077697753906,73.73484802246094
2,5651,70.0,0.8987839818000793,15.50344467163086
2,5652,102.0,2.092231512069702,44.31694030761719
2,5653,63.0,1.4333679676055908,13.279068946838379
2,5654,24.0,-2.481135845184326,53.67502212524414
2,5655,81.0,1.3892040252685547,27.597490310668945
2,5656,62.0,1.0625436305999756,16.102619171142578
2,5657,25.0,-3.789341926574707,53.74436950683594
2,5658,46.0,-0.5700913071632385,15.644148826599121
2,5659,35.0,-0.9942194223403931,41.34848403930664
2,5660,69.0,1.1849943399429321,15.650678634643555
2,5661,76.0,1.2726854085922241,18.406044006347656
2,5662,38.0,-1.0315451622009277,27.719385147094727
2,5663,58.0,0.47660109400749207,9.410664558410645
2,5664,111.0,2.057561159133911,34.419471740722656
2,5665,152.0,2.5654239654541016,44.9459342956543
2,5666,25.0,-4.888154983520508,70.00820922851562
2,5667,108.0,2.4390573501586914,26.3931827545166
2,5668,72.0,0.019976038485765457,14.391399383544922
2,5669,136.0,0.8801293969154358,34.67091751098633
2,5670,207.0,1.342303991317749,45.27660369873047
2,5671,31.0,-3.4360108375549316,42.969932556152344
2,5672,65.0,0.196611687541008,10.244770050048828
2,5673,50.0,-1.1491026878356934,15.87559986114502
2,5674,144.0,1.4124935865402222,35.76729965209961
2,5675,42.0,-2.6492927074432373,34.25672912597656
2,5676,193.0,2.757796049118042,44.10177993774414
2,5677,19.0,-9.451476097106934,107.97826385498047
2,5678,140.0,1.5695892572402954,33.938636779785156
2,5679,212.0,2.6936492919921875,44.59194564819336
2,5680,117.0,0.6834061741828918,18.70564079284668
2,5681,135.0,0.9845622181892395,24.324975967407227
2,5682,109.0,1.3990390300750732,16.996734619140625
2,5683,58.0,-0.8685416579246521,14.628077507019043
2,5684,50.0,-2.1024320125579834,29.293140411376953
2,5685,94.0,0.46918433904647827,15.819852828979492
2,5686,41.0,-1.0668030977249146,45.17763900756836
2,5687,186.0,1.1639286279678345,19.252418518066406
2,5688,74.0,-0.8572748303413391,11.55700397491455
2,5689,54.0,-0.8711824417114258,19.9523868560791
2,5690,106.0,0.5041153430938721,14.42358684539795
2,5691,29.0,-4.214013576507568,87.17548370361328
2,5692,33.0,-2.2049930095672607,63.94519805908203
2,5693,65.0,-0.7104142904281616,14.294231414794922
2,5694,56.0,-1.011799693107605,15.442627906799316
2,5695,37.0,-3.1875312328338623,60.496429443359375
2,5696,25.0,-6.280928611755371,88.72784423828125
2,5697,66.0,-0.3196655511856079,13.25100040435791
2,5698,30.0,-5.037079811096191,60.11668395996094
2,5699,155.0,1.2763298749923706,27.35245704650879
2,5700,17.0,-5.609494209289551,103.0110092163086
2,5701,133.0,1.9419596195220947,31.112895965576172
2,5702,59.0,0.05974980443716049,12.37318229675293
2,5703,66.0,0.7314809560775757,13.970575332641602
2,5704,62.0,0.018166618421673775,12.147008895874023
2,5705,47.0,0.12839733064174652,19.399961471557617
2,5706,9.0,-9.30319595336914,140.5308074951172
2,5707,68.0,0.2369723916053772,10.523470878601074
2,5708,34.0,-0.867967963218689,34.20266342163086
2,5709,88.0,0.4667702913284302,21.20587158203125
2,5710,59.0,0.45258796215057373,12.922918319702148
2,5711,30.0,-1.13627028465271,30.5648250579834
2,5712,71.0,1.1567412614822388,20.56303596496582
2,5713,53.0,0.1794392615556717,9.849251747131348
2,5714,17.0,-4.702674388885498,78.18550872802734
2,5715,11.0,-4.517685890197754,117.0820083618164
2,5716,48.0,-0.40628716349601746,8.71037769317627
2,5717,91.0,1.392654299736023,30.468334197998047
2,5718,179.0,2.002772331237793,59.562705993652344
2,5719,153.0,2.5385375022888184,60.045074462890625
2,5720,44.0,-0.3126835525035858,10.388278007507324
2,5721,46.0,0.17924907803535461,9.867016792297363
2,5722,91.0,1.3657368421554565,35.54245376586914
2,5723,144.0,1.766933798789978,55.195030212402344
2,5724,37.0,-1.6056666374206543,12.553885459899902
2,5725,72.0,1.7315244674682617,22.29244613647461
2,5726,91.0,2.3564186096191406,39.18359375
2,5727,159.0,1.9324849843978882,69.46300506591797
2,5728,58.0,0.10560669749975204,11.709000587463379
2,5729,27.0,-1.7238701581954956,34.735679626464844
2,5730,85.0,0.4918805658817291,19.05771255493164
2,5731,120.0,1.8481254577636719,41.253135681152344
2,5732,59.0,0.37431854009628296,6.019670009613037
2,5733,58.0,0.5234618186950684,9.06104850769043
2,5734,98.0,0.49484506249427795,18.068655014038086
2,5735,100.0,1.9847359657287598,29.928178787231445
2,5736,26.0,-1.8889011144638062,85.11927032470703
2,5737,23.0,-3.3235857486724854,84.29989624023438
2,5738,163.0,1.8337162733078003,36.30839157104492
2,5739,70.0,-0.47032326459884644,7.596263408660889
2,5740,141.0,1.1442946195602417,24.088394165039062
2,5741,52.0,-1.6095919609069824,19.117809295654297
2,5742,56.0,-0.5746122598648071,13.639863014221191
2,5743,135.0,1.0017169713974,18.649337768554688
2,5744,156.0,1.0556936264038086,25.51036262512207
2,5745,117.0,0.8465309739112854,19.93991470336914
2,5746,198.0,1.192137598991394,26.95121192932129
2,5747,118.0,1.4934197664260864,16.744565963745117
2,5748,126.0,0.45047447085380554,16.419509887695312
2,5749,122.0,-0.1689293384552002,15.513387680053711
2,5750,107.0,-0.30872106552124023,18.16639518737793
2,5751,41.0,-3.2719192504882812,70.33699035644531
2,5752,46.0,-2.276761054992676,66.90773010253906
2,5753,34.0,-4.299036026000977,108.0355453491211
2,5754,105.0,-0.0536801852285862,7.7686991691589355
2,5755,119.0,0.024448534473776817,14.194157600402832
2,5756,26.0,-2.9862022399902344,146.0063934326172
2,5757,163.0,0.22910167276859283,12.605293273925781
2,5758,70.0,-1.6579421758651733,24.559906005859375
2,5759,62.0,-1.78156578540802,17.628019332885742
2,5760,91.0,-0.48664969205856323,11.860267639160156
2,5761,156.0,0.9521769285202026,17.168338775634766
2,5762,59.0,-1.3622881174087524,26.47842025756836
2,5763,105.0,-0.21881794929504395,9.037057876586914
2,5764,144.0,1.0017017126083374,23.307973861694336
2,5765,60.0,-1.313407301902771,28.83940315246582
2,5766,15.0,-4.972692966461182,186.72242736816406
2,5767,84.0,-0.40807482600212097,11.124943733215332
2,5768,99.0,-0.012459898367524147,10.61362075805664
2,5769,54.0,-1.5136617422103882,19.243209838867188
2,5770,75.0,-0.04704459384083748,11.342792510986328
2,5771,81.0,-0.5129238367080688,14.404187202453613
2,5772,78.0,0.6758899092674255,13.472745895385742
2,5773,14.0,-5.702288627624512,154.8734588623047
2,5774,94.0,0.7955285906791687,12.662419319152832
2,5775,87.0,0.27023929357528687,10.65589714050293
2,5776,83.0,0.9346970319747925,11.782867431640625
2,5777,145.0,1.9023966789245605,44.419395446777344
2,5778,105.0,1.7363524436950684,29.320344924926758
2,5779,36.0,-2.629537582397461,50.03351593017578
2,5780,29.0,-3.2146494388580322,55.814476013183594
2,5781,135.0,1.1032893657684326,26.76545524597168
2,5782,80.0,0.2175905555486679,10.533452987670898
2,5783,108.0,1.1374074220657349,15.764548301696777
2,5784,62.0,-0.5041559934616089,8.023490905761719
2,5785,216.0,2.2964375019073486,46.1558723449707
2,5786,31.0,-2.391439914703369,59.229225158691406
2,5787,64.0,-0.27402862906455994,20.752031326293945
2,5788,81.0,0.03252183273434639,4.686216354370117
2,5789,94.0,0.2456357777118683,10.331159591674805
2,5790,146.0,1.4117393493652344,31.445358276367188
2,5791,78.0,-0.24507756531238556,12.106273651123047
2,5792,93.0,0.5942484140396118,13.87636947631836
2,5793,208.0,1.5809816122055054,41.407222747802734
2,5794,57.0,-1.0616014003753662,28.668746948242188
2,5795,147.0,1.9730767011642456,32.99895095825195
2,5796,55.0,-0.9853159189224243,35.229736328125
2,5797,108.0,0.7048224210739136,10.575501441955566
2,5798,118.0,1.3310586214065552,23.851438522338867
2,5799,85.0,-0.5444568991661072,6.817948341369629
2,5800,157.0,1.9382541179656982,45.864463806152344
2,5801,116.0,0.4681289792060852,6.307361125946045
2,5802,38.0,-3.3301007747650146,63.226253509521484
2,5803,143.0,0.5913515090942383,11.270413398742676
2,5804,71.0,-1.3223017454147339,17.3193359375
2,5805,55.0,-2.9793097972869873,38.59252166748047
2,5806,137.0,0.7322556376457214,10.318009376525879
2,5807,49.0,-5.0400567054748535,36.00239181518555
2,5808,23.0,-3.7477948665618896,146.64291381835938
2,5809,55.0,-3.3952577114105225,53.37171173095703
2,5810,212.0,1.2338128089904785,33.318824768066406
2,5811,75.0,-0.782060980796814,25.823440551757812
2,5812,31.0,-3.9303996562957764,102.37068939208984
2,5813,68.0,-1.198933720588684,26.323646545410156
2,5814,71.0,-1.3642221689224243,20.478099822998047
2,5815,24.0,-7.956335067749023,105.3479232788086
2,5816,121.0,0.9548656940460205,18.28009605407715
2,5817,125.0,0.9117386937141418,18.387495040893555
2,5818,20.0,-4.9926910400390625,101.30559539794922
2,5819,183.0,2.0489470958709717,42.256752014160156
2,5820,125.0,1.2315870523452759,21.544294357299805
2,5821,68.0,-0.22856023907661438,12.866061210632324
2,5822,156.0,1.9069397449493408,29.79427146911621
2,5823,162.0,1.7504040002822876,37.0321044921875
2,5824,65.0,0.025724884122610092,19.2835636138916
2,5825,113.0,0.5084599852561951,11.206392288208008
2,5826,146.0,1.4502309560775757,23.7965145111084
2,5827,146.0,0.9172098636627197,21.741256713867188
2,5828,65.0,-0.09224475920200348,12.222784042358398
2,5829,10.0,-10.690196990966797,162.32476806640625
2,5830,104.0,0.8049966096878052,12.63245677947998
2,5831,13.0,-8.557503700256348,132.31072998046875
2,5832,70.0,-0.39500537514686584,18.25476837158203
2,5833,39.0,-1.8069190979003906,45.49971389770508
2,5834,16.0,-5.884792327880859,106.53173828125
2,5835,49.0,-1.6392377614974976,30.177785873413086
2,5836,21.0,-4.582136631011963,75.393798828125
2,5837,126.0,1.2662057876586914,23.510839462280273
2,5838,162.0,2.3594810962677,42.75809860229492
2,5839,141.0,2.0186574459075928,35.22613525390625
2,5840,55.0,-0.26312360167503357,22.935394287109375
2,5841,47.0,-1.0811119079589844,32.482120513916016
2,5842,15.0,-6.755134582519531,82.73883819580078
2,5843,27.0,-1.8088018894195557,54.641109466552734
2,5844,102.0,0.6512987613677979,19.155624389648438
2,5845,100.0,1.0224933624267578,17.68222427368164
2,5846,41.0,-0.6300540566444397,26.739648818969727
2,5847,27.0,-2.7074949741363525,42.96015548706055
2,5848,60.0,-0.28839340806007385,15.506052017211914
2,5849,92.0,0.6341701745986938,19.602272033691406
2,5850,79.0,0.11423075944185257,18.035079956054688
2,5851,64.0,0.13108940422534943,16.46416664123535
2,5852,144.0,0.8731817603111267,34.00968551635742
2,5853,120.0,1.425101399421692,27.506208419799805
2,5854,110.0,1.1260849237442017,28.066293716430664
2,5855,87.0,0.8204019069671631,19.94063949584961
2,5856,54.0,0.20454801619052887,21.24402618408203
2,5857,117.0,0.9771397709846497,18.67681884765625
2,5858,54.0,0.1097656711935997,23.820932388305664
2,5859,78.0,0.3256703019142151,15.949625015258789
2,5860,35.0,-2.9493002891540527,41.09394836425781
2,5861,50.0,-0.5424808263778687,25.624958038330078
2,5862,69.0,-0.1614113599061966,17.269704818725586
2,5863,166.0,1.4119950532913208,22.45677375793457
2,5864,72.0,-0.04564929008483887,13.101283073425293
2,5865,159.0,1.6556627750396729,28.942134857177734
2,5866,38.0,-1.4652854204177856,45.98509979248047
2,5867,70.0,-0.42255157232284546,12.84460163116455
2,5868,55.0,-1.7534321546554565,19.25246238708496
2,5869,58.0,-0.5426636934280396,19.060590744018555
2,5870,119.0,1.4581481218338013,19.31769561767578
2,5871,181.0,1.3564302921295166,36.66273880004883
2,5872,124.0,1.013562798500061,25.990259170532227
2,5873,27.0,-1.341214656829834,76.67401885986328
2,5874,181.0,1.6497479677200317,32.85197067260742
2,5875,132.0,1.1103003025054932,23.697938919067383
2,5876,26.0,-2.535111665725708,66.34398651123047
2,5877,229.0,1.139050006866455,35.153072357177734
2,5878,44.0,-2.8912556171417236,25.62661361694336
2,5879,167.0,1.7650729417800903,32.274024963378906
2,5880,40.0,-3.1311838626861572,37.506046295166016
2,5881,47.0,-1.5168641805648804,26.860029220581055
2,5882,26.0,-4.530881881713867,67.97187042236328
2,5883,161.0,1.0586260557174683,26.069766998291016
2,5884,46.0,-1.160264492034912,30.82279396057129
2,5885,69.0,0.12249966710805893,13.749003410339355
2,5886,155.0,1.1995158195495605,32.7924690246582
2,5887,142.0,1.1285381317138672,22.1126651763916
2,5888,182.0,1.9197055101394653,33.19511032104492
2,5889,12.0,-6.831892490386963,119.24713897705078
2,5890,112.0,1.9202005863189697,29.340530395507812
2,5891,54.0,-0.32217317819595337,18.784990310668945
2,5892,12.0,-6.005760669708252,136.3829345703125
2,5893,11.0,-4.91113805770874,124.89728546142578
2,5894,72.0,0.13616764545440674,15.323111534118652
2,5895,133.0,1.7638288736343384,29.657529830932617
2,5896,14.0,-4.321310520172119,125.0574951171875
2,5897,215.0,1.6451689004898071,46.304168701171875
2,5898,186.0,1.936518669128418,43.14933395385742
2,5899,58.0,0.12100739032030106,18.525890350341797
2,5900,122.0,1.145238995552063,24.439191818237305
2,5901,22.0,-2.9438908100128174,64.14958190917969
2,5902,55.0,-0.5209606289863586,18.467863082885742
2,5903,75.0,0.8404485583305359,16.46898078918457
2,5904,162.0,1.025258183479309,30.75392723083496
2,5905,91.0,0.8084396719932556,18.304576873779297
2,5906,110.0,1.5229982137680054,21.801349639892578
2,5907,23.0,-3.541851282119751,59.97412872314453
2,5908,25.0,-2.126879930496216,54.146488189697266
2,5909,50.0,-1.7113800048828125,25.767724990844727
2,5910,81.0,0.703831136226654,17.540109634399414
2,5911,12.0,-5.682127475738525,135.83596801757812
2,5912,34.0,-3.327584743499756,41.41313171386719
2,5913,85.0,1.4871400594711304,20.10194206237793
2,5914,12.0,-8.024991035461426,120.68843841552734
2,5915,15.0,-3.209690809249878,106.94583129882812
2,5916,75.0,0.4889739453792572,16.11803436279297
2,5917,64.0,0.3673308789730072,18.108301162719727
2,5918,50.0,0.11615556478500366,22.113195419311523
2,5919,72.0,0.4563193917274475,16.210674285888672
2,5920,76.0,0.038966573774814606,19.100732803344727
2,5921,80.0,0.5595383048057556,18.768814086914062
2,5922,158.0,1.9136532545089722,45.245506286621094
2,5923,43.0,-0.4102984368801117,20.81212043762207
2,5924,41.0,-1.0271997451782227,24.585824966430664
2,5925,73.0,0.7027347683906555,19.16136360168457
2,5926,154.0,1.7404496669769287,40.41930389404297
2,5927,98.0,1.1492961645126343,23.695816040039062
2,5928,12.0,-3.9401516914367676,104.65162658691406
2,5929,113.0,1.5836280584335327,31.41030502319336
2,5930,31.0,-1.4035342931747437,33.962303161621094
2,5931,94.0,0.8868277668952942,17.750932693481445
2,5932,102.0,1.2143040895462036,25.803483963012695
2,5933,14.0,-6.276060581207275,114.62964630126953
2,5934,128.0,0.7889459133148193,27.91710090637207
2,5935,134.0,1.3306841850280762,30.66116714477539
2,5936,31.0,-2.020002841949463,59.153438568115234
2,5937,109.0,0.9387264847755432,17.53643226623535
2,5938,161.0,1.290895700454712,30.53329849243164
2,5939,21.0,-4.609581470489502,79.03950500488281
2,5940,59.0,-0.5576237440109253,13.540306091308594
2,5941,23.0,-6.076443672180176,83.25299072265625
2,5942,56.0,-0.2281642109155655,18.922529220581055
2,5943,67.0,0.3044740557670593,12.625202178955078
2,5944,122.0,0.522867739200592,19.098365783691406
2,5945,115.0,1.820979118347168,24.916772842407227
2,5946,129.0,1.0664831399917603,22.61033821105957
2,5947,223.0,1.6932330131530762,33.87761306762695
2,5948,103.0,1.0468661785125732,17.794992446899414
2,5949,106.0,0.45666489005088806,16.294713973999023
2,5950,130.0,0.532056987285614,14.882331848144531
2,5951,238.0,1.2715952396392822,26.585330963134766
2,5952,177.0,0.8160237669944763,19.639888763427734
2,5953,102.0,-0.5036762952804565,12.485225677490234
2,5954,150.0,0.5390889048576355,15.313529968261719
2,5955,97.0,-0.299342542886734,16.48329734802246
2,5956,127.0,-0.12939102947711945,15.579679489135742
2,5957,115.0,-0.40825605392456055,11.707147598266602
2,5958,107.0,-0.4465908110141754,15.78068733215332
2,5959,119.0,-0.467467337846756,10.690732955932617
2,5960,52.0,-1.9016072750091553,47.554962158203125
2,5961,84.0,-0.26494020223617554,14.239954948425293
2,5962,80.0,-1.4274773597717285,18.669809341430664
2,5963,67.0,-1.4721335172653198,20.439910888671875
2,5964,65.0,-1.0283842086791992,37.98967361450195
2,5965,119.0,0.0004785154014825821,12.759200096130371
2,5966,154.0,0.7389212250709534,15.160531044006348
2,5967,19.0,-7.191579341888428,132.44248962402344
2,5968,47.0,-2.0572257041931152,43.603302001953125
2,5969,126.0,0.34396880865097046,12.440117835998535
2,5970,120.0,0.35397815704345703,13.076088905334473
2,5971,121.0,0.9280750751495361,18.832191467285156
2,5972,87.0,-0.3533177077770233,11.437957763671875
2,5973,44.0,-3.559546709060669,46.41371154785156
2,5974,172.0,1.3593820333480835,29.81386375427246
2,5975,46.0,-2.9993953704833984,49.83101272583008
2,5976,169.0,1.551125407218933,28.716711044311523
2,5977,77.0,0.014849255792796612,11.754861831665039
2,5978,63.0,-0.7387110590934753,22.752281188964844
2,5979,46.0,-1.4215580224990845,45.7231330871582
2,5980,124.0,0.7769174575805664,17.305538177490234
2,5981,200.0,1.704845905303955,35.73693084716797
2,5982,133.0,1.2046213150024414,22.011978149414062
2,5983,118.0,1.0218157768249512,16.847627639770508
2,5984,144.0,1.6067721843719482,24.77301025390625
2,5985,13.0,-4.8225908279418945,151.54931640625
2,5986,87.0,0.20107132196426392,8.938615798950195
2,5987,99.0,0.04047231748700142,10.338024139404297
2,5988,79.0,0.054876625537872314,12.51251220703125
2,5989,128.0,1.038915991783142,15.937658309936523
2,5990,42.0,-1.6235615015029907,46.60001754760742
2,5991,96.0,0.5340681672096252,9.73582649230957
2,5992,93.0,0.299652099609375,8.112802505493164
2,5993,58.0,-1.9308216571807861,26.105470657348633
2,5994,69.0,-0.7622844576835632,26.293899536132812
2,5995,39.0,-4.3728766441345215,68.31103515625
2,5996,71.0,-1.6362987756729126,22.461177825927734
2,5997,39.0,-2.58927321434021,54.74679946899414
2,5998,58.0,-1.558052659034729,34.08803939819336
2,5999,141.0,1.7860249280929565,28.2281494140625
2,6000,36.0,-2.445045232772827,51.42583465576172
3,6001,65.0,-0.46195220947265625,12.568266868591309
3,6002,84.0,-0.07860071957111359,8.450634956359863
3,6003,39.0,-2.257368564605713,50.92608642578125
3,6004,67.0,-0.12760373950004578,9.6620512008667
3,6005,76.0,0.45010656118392944,9.037822723388672
3,6006,31.0,-2.3896734714508057,55.43426513671875
3,6007,113.0,0.8450793623924255,19.041080474853516
3,6008,33.0,-3.303844928741455,42.98239517211914
3,6009,36.0,-1.6456143856048584,29.5065975189209
3,6010,118.0,2.0359628200531006,30.929115295410156
3,6011,11.0,-7.5172600746154785,125.56219482421875
3,6012,94.0,1.2972171306610107,24.340312957763672
3,6013,53.0,-0.13270752131938934,14.630793571472168
3,6014,72.0,0.7467350363731384,15.59697437286377
3,6015,87.0,1.6051609516143799,21.235097885131836
3,6016,179.0,2.055227279663086,73.16191864013672
3,6017,67.0,0.06703434139490128,9.567243576049805
3,6018,97.0,2.4781830310821533,31.78484535217285
3,6019,106.0,1.8798902034759521,33.39387130737305
3,6020,41.0,-3.510758399963379,29.254606246948242
3,6021,22.0,-4.328283309936523,69.82655334472656
3,6022,167.0,1.7103554010391235,62.21723937988281
3,6023,90.0,1.6823196411132812,20.448930740356445
3,6024,60.0,-0.05427670478820801,8.711451530456543
3,6025,144.0,1.778232455253601,43.46073532104492
3,6026,15.0,-7.317382335662842,110.04032897949219
3,6027,83.0,1.2772940397262573,14.181451797485352
3,6028,70.0,0.9648035168647766,11.168827056884766
3,6029,91.0,0.42103299498558044,16.17803382873535
3,6030,89.0,0.770073413848877,10.841153144836426
3,6031,69.0,-0.19927719235420227,5.89906644821167
3,6032,106.0,1.2947759628295898,19.980762481689453
3,6033,13.0,-7.415745735168457,162.4492645263672
3,6034,146.0,1.7474087476730347,27.75485610961914
3,6035,96.0,0.4147748649120331,8.205534934997559
3,6036,52.0,-1.2104843854904175,32.405765533447266
3,6037,58.0,-0.8327039480209351,26.923358917236328
3,6038,114.0,0.6580020189285278,15.675861358642578
3,6039,124.0,0.453452467918396,13.53189468383789
3,6040,148.0,0.8561041355133057,18.12771987915039
3,6041,50.0,-1.6918352842330933,45.49406051635742
3,6042,117.0,0.4189571440219879,11.067724227905273
3,6043,127.0,0.03244743496179581,9.998170852661133
3,6044,13.0,-5.706154823303223,180.8271026611328
3,6045,25.0,-5.727191925048828,133.8257598876953
3,6046,223.0,1.1751179695129395,23.573951721191406
3,6047,84.0,-1.093475103378296,26.760704040527344
3,6048,48.0,-2.3037025928497314,58.62715530395508
3,6049,55.0,-1.1270151138305664,54.74226379394531
3,6050,64.0,-1.5632009506225586,41.06656265258789
3,6051,320.0,1.2471897602081299,28.177276611328125
3,6052,73.0,-1.149192452430725,24.278303146362305
3,6053,179.0,0.7923384308815002,20.044233322143555
3,6054,58.0,-1.7316328287124634,38.13399887084961
3,6055,147.0,0.6665025353431702,10.943432807922363
3,6056,134.0,0.9575358629226685,17.35559844970703
3,6057,19.0,-4.883697032928467,114.61203002929688
3,6058,36.0,-2.2183661460876465,72.7959976196289
3,6059,19.0,-6.3548407554626465,100.8525390625
3,6060,83.0,-1.1818300485610962,16.494827270507812
3,6061,133.0,0.9354031085968018,15.655815124511719
3,6062,23.0,-4.566939353942871,84.02880859375
3,6063,300.0,1.65581214427948,35.99840545654297
3,6064,67.0,-1.0346535444259644,21.085567474365234
3,6065,182.0,1.3126188516616821,25.606582641601562
3,6066,354.0,2.4278128147125244,48.00248718261719
3,6067,34.0,-2.1079370975494385,58.124542236328125
3,6068,18.0,-4.754990577697754,81.66130065917969
3,6069,23.0,-5.4117889404296875,81.27062225341797
3,6070,19.0,-5.370790958404541,80.61861419677734
3,6071,123.0,1.2585809230804443,21.53791046142578
3,6072,86.0,1.0511929988861084,20.59953498840332
3,6073,29.0,-0.9415449500083923,46.23253631591797
3,6074,104.0,0.9202792048454285,21.4652099609375
3,6075,52.0,-1.1961824893951416,27.505708694458008
3,6076,201.0,1.5892294645309448,36.1971435546875
3,6077,29.0,-2.2414965629577637,45.92986297607422
3,6078,14.0,-6.209141731262207,100.0044937133789
3,6079,154.0,1.0426379442214966,24.537572860717773
3,6080,49.0,-0.24712902307510376,27.190378189086914
3,6081,11.0,-6.762810707092285,98.46141052246094
3,6082,97.0,0.7644502520561218,19.400598526000977
3,6083,89.0,1.1161140203475952,23.215045928955078
3,6084,43.0,-0.0421757698059082,27.522214889526367
3,6085,140.0,1.486129879951477,33.28150939941406
3,6086,54.0,0.2680959105491638,24.12051773071289
3,6087,61.0,0.3726676404476166,24.448644638061523
3,6088,37.0,-0.42418771982192993,23.178943634033203
3,6089,129.0,2.0770554542541504,33.15462112426758
3,6090,44.0,-1.3015445470809937,19.22144889831543
3,6091,209.0,1.637681245803833,41.23786926269531
3,6092,186.0,1.7657220363616943,47.84736251831055
3,6093,42.0,-0.5024611949920654,25.563034057617188
3,6094,128.0,1.2535104751586914,28.940393447875977
3,6095,51.0,0.11578023433685303,21.301359176635742
3,6096,33.0,-1.641893744468689,27.463239669799805
3,6097,86.0,1.1094311475753784,25.033056259155273
3,6098,103.0,1.4847859144210815,28.38075828552246
3,6099,11.0,-3.547116756439209,86.34371185302734
3,6100,173.0,1.9181362390518188,44.700218200683594
3,6101,64.0,0.5842936635017395,21.747989654541016
3,6102,22.0,-2.9761619567871094,56.092350006103516
3,6103,161.0,1.500715970993042,40.13041305541992
3,6104,15.0,-6.355798244476318,86.10894012451172
3,6105,76.0,1.0439938306808472,21.547016143798828
3,6106,86.0,1.1757383346557617,22.9766902923584
3,6107,173.0,1.6626627445220947,32.540184020996094
3,6108,67.0,0.7496311068534851,20.74117660522461
3,6109,90.0,0.6538633108139038,20.140178680419922
3,6110,201.0,1.5203137397766113,33.989131927490234
3,6111,76.0,-0.05983918905258179,18.656497955322266
3,6112,57.0,-1.0813075304031372,20.36003303527832
3,6113,17.0,-5.91754150390625,103.36888122558594
3,6114,24.0,-3.4897282123565674,68.14508056640625
3,6115,49.0,-0.7907007336616516,26.149309158325195
3,6116,44.0,-0.8312965035438538,32.76372528076172
3,6117,64.0,0.08749671280384064,20.618240356445312
3,6118,86.0,0.45666754245758057,16.458227157592773
3,6119,219.0,1.856540322303772,33.273536682128906
3,6120,43.0,-1.6396892070770264,30.45216941833496
3,6121,40.0,-1.896907091140747,31.55312156677246
3,6122,151.0,1.9591313600540161,30.548688888549805
3,6123,104.0,1.292094349861145,24.76886558532715
3,6124,40.0,-1.200701117515564,25.40298843383789
3,6125,74.0,0.57582026720047,14.693428993225098
3,6126,101.0,1.2971923351287842,21.464693069458008
3,6127,90.0,0.49186161160469055,16.918500900268555
3,6128,11.0,-8.913655281066895,145.3480224609375
3,6129,121.0,1.1228777170181274,23.648006439208984
3,6130,44.0,-0.5794030427932739,26.178424835205078
3,6131,56.0,-1.0864874124526978,16.043333053588867
3,6132,91.0,0.6376197934150696,17.771005630493164
3,6133,220.0,1.947197675704956,38.99026870727539
3,6134,24.0,-4.2592267990112305,59.28599166870117
3,6135,32.0,-1.25279700756073,48.473201751708984
3,6136,73.0,0.0474393367767334,15.217889785766602
3,6137,69.0,0.21700580418109894,15.454045295715332
3,6138,108.0,1.5721970796585083,25.081045150756836
3,6139,215.0,2.1520986557006836,39.614376068115234
3,6140,103.0,1.2873597145080566,19.03989601135254
3,6141,61.0,0.09497145563364029,14.762125015258789
3,6142,58.0,-0.05031521990895271,14.86574649810791
3,6143,56.0,-0.26520851254463196,17.202564239501953
3,6144,32.0,-4.102030277252197,46.15591049194336
3,6145,101.0,1.202634334564209,20.962831497192383
3,6146,37.0,-3.5282704830169678,40.91231918334961
3,6147,16.0,-5.722046375274658,128.14317321777344
3,6148,138.0,1.2946839332580566,28.624509811401367
3,6149,204.0,1.552114725112915,52.85470962524414
3,6150,47.0,-1.1143571138381958,25.97227668762207
3,6151,81.0,0.4708629548549652,15.313216209411621
3,6152,57.0,-1.1294540166854858,13.283345222473145
3,6153,69.0,0.2795461416244507,16.198911666870117
3,6154,50.0,-1.1329394578933716,20.572330474853516
3,6155,111.0,1.1289030313491821,24.767587661743164
3,6156,249.0,2.5654454231262207,60.5080680847168
3,6157,73.0,0.41820231080055237,13.189473152160645
3,6158,89.0,0.9623129963874817,15.435311317443848
3,6159,71.0,0.7141739726066589,15.533247947692871
3,6160,14.0,-11.843127250671387,134.5260009765625
3,6161,47.0,-0.9836283922195435,21.140338897705078
3,6162,95.0,1.1034021377563477,20.371999740600586
3,6163,139.0,1.4573829174041748,35.91000747680664
3,6164,16.0,-9.679801940917969,133.11891174316406
3,6165,149.0,1.3236608505249023,31.585798263549805
3,6166,13.0,-9.28371524810791,156.45822143554688
3,6167,103.0,1.1668751239776611,20.690656661987305
3,6168,109.0,0.7695604562759399,18.973159790039062
3,6169,71.0,0.30193930864334106,15.128253936767578
3,6170,20.0,-3.694007635116577,115.16873931884766
3,6171,126.0,0.8624408841133118,22.054718017578125
3,6172,101.0,1.0894490480422974,16.018766403198242
3,6173,44.0,-1.248788833618164,33.31722640991211
3,6174,180.0,2.0149424076080322,31.70963478088379
3,6175,66.0,-1.067188024520874,16.562774658203125
3,6176,72.0,-0.16532976925373077,10.401228904724121
3,6177,55.0,-2.0935568809509277,29.146711349487305
3,6178,68.0,-0.9751294851303101,15.008421897888184
3,6179,194.0,1.815103530883789,39.579837799072266
3,6180,142.0,1.2165675163269043,29.025957107543945
3,6181,64.0,-0.7429319024085999,11.528305053710938
3,6182,62.0,-0.863910436630249,15.060708045959473
3,6183,11.0,-5.210399150848389,169.1428985595703
3,6184,84.0,0.06278708577156067,11.555368423461914
3,6185,195.0,1.9780353307724,40.50898742675781
3,6186,75.0,0.3162267506122589,10.693257331848145
3,6187,49.0,-0.5361791253089905,23.054420471191406
3,6188,147.0,1.565075159072876,32.150787353515625
3,6189,21.0,-4.253927230834961,111.87894439697266
3,6190,57.0,-0.350087970495224,15.460347175598145
3,6191,129.0,0.7135964632034302,28.47809600830078
3,6192,117.0,1.1601506471633911,22.153356552124023
3,6193,45.0,-1.2609246969223022,27.003671646118164
3,6194,90.0,0.665496289730072,15.105334281921387
3,6195,132.0,1.4783742427825928,26.256338119506836
3,6196,66.0,-0.6364867687225342,13.6724271774292
3,6197,111.0,0.6776094436645508,19.802934646606445
3,6198,46.0,-1.4670737981796265,32.03778076171875
3,6199,52.0,-2.156670331954956,24.444629669189453
3,6200,53.0,-1.416695475578308,18.09679412841797
3,6201,25.0,-4.427148818969727,94.68104553222656
3,6202,129.0,0.6326078176498413,24.467060089111328
3,6203,9.0,-13.738945007324219,176.99942016601562
3,6204,65.0,-0.6274389624595642,12.264469146728516
3,6205,72.0,0.056678734719753265,12.734407424926758
3,6206,105.0,1.033111810684204,22.997770309448242
3,6207,90.0,0.8665795922279358,15.770915985107422
3,6208,59.0,-0.161040797829628,10.645400047302246
3,6209,110.0,1.3896514177322388,29.53913116455078
3,6210,55.0,-0.10153360664844513,12.846710205078125
3,6211,113.0,1.4822994470596313,24.058813095092773
3,6212,138.0,1.1920621395111084,33.025630950927734
3,6213,124.0,1.713414192199707,31.49083709716797
3,6214,130.0,1.0300637483596802,31.220237731933594
3,6215,53.0,-1.0655360221862793,15.089988708496094
3,6216,73.0,-0.012888744473457336,10.704607963562012
3,6217,96.0,0.8941646218299866,16.491222381591797
3,6218,122.0,1.1545330286026,24.04050636291504
3,6219,53.0,-0.4901728630065918,18.113910675048828
3,6220,229.0,2.778947353363037,46.273311614990234
3,6221,109.0,0.6226543188095093,17.615737915039062
3,6222,83.0,-0.05996245518326759,9.11120319366455
3,6223,23.0,-4.9504499435424805,129.88075256347656
3,6224,83.0,-0.24571244418621063,11.040725708007812
3,6225,90.0,0.4025533199310303,11.971226692199707
3,6226,74.0,-0.5055827498435974,11.62899112701416
3,6227,102.0,0.6972015500068665,12.073393821716309
3,6228,121.0,0.18294298648834229,12.684738159179688
3,6229,158.0,1.4954304695129395,25.002771377563477
3,6230,52.0,-2.3840885162353516,59.62046432495117
3,6231,110.0,-0.6821730732917786,8.139860153198242
3,6232,38.0,-4.121252536773682,88.3203125
3,6233,52.0,-1.5445560216903687,50.07267379760742
3,6234,77.0,-1.0709422826766968,13.488191604614258
3,6235,24.0,-3.7310938835144043,122.25146484375
3,6236,71.0,-0.6024754643440247,18.061227798461914
3,6237,147.0,2.241608142852783,29.22429084777832
3,6238,45.0,-1.4258992671966553,42.858551025390625
3,6239,91.0,0.46845731139183044,12.199414253234863
3,6240,89.0,0.23245586454868317,10.691598892211914
3,6241,45.0,-1.500375747680664,35.622188568115234
3,6242,64.0,-0.014234965667128563,11.093908309936523
3,6243,139.0,1.2959190607070923,34.878658294677734
3,6244,86.0,0.7189769148826599,11.5483980178833
3,6245,55.0,-0.4584854543209076,17.324928283691406
3,6246,17.0,-4.34152889251709,105.50545501708984
3,6247,193.0,2.6206929683685303,53.08992004394531
3,6248,69.0,-0.8451302647590637,8.531858444213867
3,6249,140.0,1.1398202180862427,37.07316207885742
3,6250,203.0,1.9609369039535522,56.04533767700195
3,6251,63.0,-0.007945317775011063,9.983449935913086
3,6252,181.0,1.8330323696136475,58.323116302490234
3,6253,254.0,2.440293073654175,66.30686950683594
3,6254,278.0,2.7512693405151367,75.77635955810547
3,6255,20.0,-5.6981682777404785,80.39456939697266
3,6256,102.0,1.2288552522659302,20.484663009643555
3,6257,135.0,2.055744171142578,35.063743591308594
3,6258,31.0,-2.682284116744995,55.576934814453125
3,6259,124.0,0.6690266132354736,26.752994537353516
3,6260,198.0,1.8391625881195068,43.027923583984375
3,6261,22.0,-5.747170925140381,82.63157653808594
3,6262,140.0,1.1066244840621948,24.621845245361328
3,6263,34.0,-2.182833671569824,63.708160400390625
3,6264,107.0,1.2942054271697998,18.83928108215332
3,6265,11.0,-7.373828887939453,171.652587890625
3,6266,177.0,1.4808473587036133,28.142148971557617
3,6267,29.0,-4.156222343444824,75.25205993652344
3,6268,53.0,-0.6532273888587952,28.660722732543945
3,6269,208.0,1.4338377714157104,28.407228469848633
3,6270,66.0,-0.6071879267692566,17.51654052734375
3,6271,72.0,-0.3526393473148346,15.323283195495605
3,6272,81.0,-0.3459187150001526,13.295633316040039
3,6273,136.0,0.8672593235969543,23.482345581054688
3,6274,135.0,0.6622565984725952,20.98779296875
3,6275,58.0,-1.0656030178070068,21.55413818359375
3,6276,30.0,-2.2302958965301514,69.21626281738281
3,6277,239.0,1.7519829273223877,32.775901794433594
3,6278,59.0,-0.13695105910301208,17.555837631225586
3,6279,19.0,-5.532776355743408,112.21898651123047
3,6280,120.0,0.6402950286865234,19.084482192993164
3,6281,144.0,0.8558103442192078,25.547624588012695
3,6282,92.0,0.3963530957698822,16.261280059814453
3,6283,190.0,1.1734583377838135,29.05978775024414
3,6284,19.0,-5.423614978790283,111.76649475097656
3,6285,102.0,0.18683063983917236,14.2125244140625
3,6286,103.0,0.6682822108268738,14.719219207763672
3,6287,150.0,0.7552140355110168,21.17855453491211
3,6288,80.0,-0.6398611664772034,14.112675666809082
3,6289,142.0,0.9470869898796082,19.47803497314453
3,6290,42.0,-2.3786046504974365,48.027587890625
3,6291,89.0,-0.07054143399000168,13.4977445602417
3,6292,22.0,-3.880333662033081,109.78089904785156
3,6293,81.0,-0.15435147285461426,16.947704315185547
3,6294,28.0,-2.333857536315918,100.7376937866211
3,6295,55.0,-1.3209477663040161,33.89786148071289
3,6296,69.0,-0.9253159761428833,18.316259384155273
3,6297,195.0,1.0769274234771729,22.641389846801758
3,6298,82.0,-0.21200352907180786,14.280838966369629
3,6299,34.0,-1.8261250257492065,57.88296890258789
3,6300,84.0,-0.13680005073547363,12.787867546081543
3,6301,262.0,1.5120285749435425,33.07151412963867
3,6302,147.0,1.4328866004943848,23.144123077392578
3,6303,56.0,-0.36793839931488037,24.750057220458984
3,6304,192.0,1.360986351966858,28.381099700927734
3,6305,71.0,0.15070031583309174,12.833418846130371
3,6306,119.0,0.9036891460418701,18.64488410949707
3,6307,193.0,1.165887713432312,27.788904190063477
3,6308,22.0,-3.3427860736846924,92.78498840332031
3,6309,212.0,1.7689456939697266,34.67089080810547
3,6310,141.0,1.4721697568893433,21.877798080444336
3,6311,169.0,1.0384154319763184,25.629474639892578
3,6312,46.0,-1.4531643390655518,40.18791580200195
3,6313,39.0,-4.348790645599365,56.84286880493164
3,6314,44.0,-2.9195806980133057,47.329795837402344
3,6315,283.0,1.105190396308899,28.2335147857666
3,6316,81.0,0.2243901789188385,13.55387020111084
3,6317,64.0,-0.6268846392631531,17.901987075805664
3,6318,224.0,1.4355496168136597,26.937179565429688
3,6319,13.0,-5.797753810882568,161.8416748046875
3,6320,56.0,-0.6994635462760925,27.527099609375
3,6321,155.0,0.8649349808692932,22.989238739013672
3,6322,54.0,-0.9542590975761414,24.30057144165039
3,6323,53.0,-0.7375068068504333,35.9162483215332
3,6324,131.0,1.1486492156982422,19.577041625976562
3,6325,59.0,-1.0289756059646606,17.730722427368164
3,6326,185.0,1.979432463645935,30.062559127807617
3,6327,13.0,-8.427155494689941,125.72932434082031
3,6328,72.0,-0.044709526002407074,14.589581489562988
3,6329,39.0,-1.4317792654037476,41.97208023071289
3,6330,81.0,0.5781335830688477,15.308846473693848
3,6331,137.0,1.0990277528762817,23.132118225097656
3,6332,321.0,1.9852243661880493,44.77421951293945
3,6333,44.0,-2.06425142288208,29.395963668823242
3,6334,309.0,2.204943895339966,48.259544372558594
3,6335,50.0,-0.49666717648506165,22.036348342895508
3,6336,216.0,1.9187780618667603,37.933780670166016
3,6337,18.0,-3.8049707412719727,96.4047622680664
3,6338,246.0,1.9628251791000366,37.8261604309082
3,6339,135.0,1.6012353897094727,27.055866241455078
3,6340,70.0,0.2304224818944931,14.35010814666748
3,6341,19.0,-4.584971904754639,76.45530700683594
3,6342,191.0,1.826918125152588,32.673316955566406
3,6343,61.0,-0.44083648920059204,15.452455520629883
3,6344,44.0,-0.5333264470100403,24.180952072143555
3,6345,51.0,-0.1499309092760086,14.553194999694824
3,6346,61.0,0.05060235410928726,16.327592849731445
3,6347,116.0,1.2727144956588745,22.790498733520508
3,6348,202.0,1.8471295833587646,40.41135787963867
3,6349,136.0,1.3573198318481445,26.351503372192383
3,6350,194.0,1.6741077899932861,40.64815139770508
3,6351,253.0,2.3376286029815674,42.100860595703125
3,6352,47.0,-0.5546765327453613,25.91167640686035
3,6353,137.0,0.7971797585487366,22.105268478393555
3,6354,20.0,-3.8579063415527344,87.02691650390625
3,6355,53.0,-0.49367302656173706,21.710756301879883
3,6356,26.0,-2.3907175064086914,79.27694702148438
3,6357,158.0,1.466294527053833,27.090604782104492
3,6358,74.0,0.1055765226483345,13.779290199279785
3,6359,90.0,0.3063894808292389,13.805116653442383
3,6360,105.0,1.0170056819915771,21.061986923217773
3,6361,219.0,1.2646201848983765,27.29225730895996
3,6362,210.0,1.4599194526672363,29.220043182373047
3,6363,69.0,-0.31667155027389526,16.54944610595703
3,6364,38.0,-1.6580824851989746,51.98091125488281
3,6365,67.0,-0.3211522102355957,15.948494911193848
3,6366,57.0,-1.3782882690429688,20.96111488342285
3,6367,52.0,-1.7401578426361084,19.63250732421875
3,6368,135.0,0.8758682608604431,17.478246688842773
3,6369,117.0,0.5746432542800903,17.30624771118164
3,6370,136.0,0.42007988691329956,19.820636749267578
3,6371,68.0,-1.0216058492660522,13.22158432006836
3,6372,110.0,0.24926571547985077,16.337589263916016
3,6373,12.0,-11.420902252197266,174.9044189453125
3,6374,112.0,0.5513714551925659,16.63527488708496
3,6375,82.0,-0.1388920098543167,15.38552474975586
3,6376,39.0,-3.8000528812408447,52.29051971435547
3,6377,25.0,-3.4932076930999756,106.41252136230469
3,6378,112.0,0.43536126613616943,16.155208587646484
3,6379,13.0,-6.557344913482666,169.25582885742188
3,6380,234.0,0.7328059077262878,25.770267486572266
3,6381,48.0,-1.4338902235031128,32.58164596557617
3,6382,223.0,1.3369680643081665,30.994327545166016
3,6383,77.0,0.024171922355890274,16.916044235229492
3,6384,12.0,-4.223776340484619,159.42059326171875
3,6385,81.0,0.6961773633956909,18.108922958374023
3,6386,114.0,0.32172322273254395,17.0456600189209
3,6387,18.0,-5.277130603790283,113.8335189819336
3,6388,36.0,-1.7529104948043823,54.6065673828125
3,6389,149.0,0.7020087242126465,21.862632751464844
3,6390,30.0,-4.827734470367432,63.397762298583984
3,6391,39.0,-1.2531815767288208,45.80677795410156
3,6392,114.0,1.0427395105361938,16.092844009399414
3,6393,249.0,1.5550774335861206,33.70537567138672
3,6394,95.0,-0.07448255270719528,17.25655746459961
3,6395,181.0,1.0361852645874023,27.796947479248047
3,6396,63.0,0.1200854554772377,14.591474533081055
3,6397,156.0,1.4521608352661133,25.216957092285156
3,6398,161.0,0.8754687905311584,25.197877883911133
3,6399,51.0,-2.065363645553589,28.33864974975586
3,6400,154.0,1.288873553276062,25.060216903686523
3,6401,134.0,1.3040235042572021,20.800844192504883
3,6402,84.0,0.7275533080101013,21.949466705322266
3,6403,46.0,-1.020754337310791,32.584327697753906
3,6404,134.0,0.546646237373352,20.540096282958984
3,6405,106.0,0.36124294996261597,16.463420867919922
3,6406,42.0,-1.917078971862793,48.12985610961914
3,6407,112.0,0.5690444707870483,15.771600723266602
3,6408,198.0,0.8918777108192444,26.44029426574707
3,6409,191.0,0.746672511100769,18.298200607299805
3,6410,177.0,0.8359428644180298,19.3770809173584
3,6411,59.0,-0.8428078293800354,26.915897369384766
3,6412,305.0,1.24887216091156,19.578628540039062
3,6413,119.0,0.11882606893777847,17.83582305908203
3,6414,182.0,0.604218602180481,15.613776206970215
3,6415,159.0,0.45118242502212524,12.65998363494873
3,6416,344.0,0.9422084093093872,14.91901969909668
3,6417,221.0,0.34952205419540405,15.06043529510498
3,6418,193.0,0.20610429346561432,11.102727890014648
3,6419,149.0,-0.37921759486198425,15.041272163391113
3,6420,192.0,0.07919541746377945,11.941085815429688
3,6421,98.0,-1.0113645792007446,22.009382247924805
3,6422,123.0,-0.7816247940063477,16.583715438842773
3,6423,75.0,-2.6413164138793945,49.40479278564453
3,6424,123.0,-0.7907208800315857,19.142763137817383
3,6425,297.0,0.17219266295433044,11.598763465881348
3,6426,40.0,-4.39058256149292,100.68131256103516
3,6427,25.0,-4.672867298126221,180.968505859375
3,6428,221.0,0.15366126596927643,8.8720064163208
3,6429,201.0,0.25555282831192017,12.863250732421875
3,6430,162.0,-0.41463717818260193,14.519932746887207
3,6431,264.0,0.7804660797119141,12.951478004455566
3,6432,130.0,0.04603385925292969,15.92115592956543
3,6433,86.0,-0.7179067134857178,30.35921287536621
3,6434,52.0,-1.331262230873108,59.042213439941406
3,6435,35.0,-4.552761077880859,87.59661102294922
3,6436,196.0,0.21582210063934326,15.160409927368164
3,6437,93.0,-0.9102168083190918,17.444154739379883
3,6438,22.0,-2.586894989013672,132.18260192871094
3,6439,22.0,-3.327995538711548,112.79893493652344
3,6440,55.0,-0.9680532813072205,32.82642364501953
3,6441,60.0,-0.7251867651939392,31.432817459106445
3,6442,53.0,-0.7512472867965698,32.24644088745117
3,6443,48.0,-1.372320294380188,34.966285705566406
3,6444,33.0,-1.9946056604385376,57.48347473144531
3,6445,186.0,1.3532894849777222,30.46681022644043
3,6446,66.0,0.13856568932533264,16.62679672241211
3,6447,114.0,1.14263117313385,27.408159255981445
3,6448,40.0,-1.953925609588623,28.482309341430664
3,6449,29.0,-1.5523024797439575,39.61553192138672
3,6450,157.0,1.917936086654663,51.377601623535156
3,6451,152.0,1.8730095624923706,40.899925231933594
3,6452,140.0,1.490499496459961,41.30424880981445
3,6453,53.0,-0.1557256281375885,16.82537078857422
3,6454,139.0,1.7297300100326538,37.31053161621094
3,6455,145.0,1.9589102268218994,50.41474151611328
3,6456,59.0,0.5448176264762878,15.848441123962402
3,6457,141.0,2.023951292037964,35.13300704956055
3,6458,197.0,1.2352550029754639,44.90777587890625
3,6459,91.0,2.0836472511291504,23.37108039855957
3,6460,21.0,-2.8787527084350586,60.79787826538086
3,6461,64.0,0.3598426282405853,18.009586334228516
3,6462,127.0,1.736204743385315,32.516597747802734
3,6463,124.0,1.7530028820037842,24.473392486572266
3,6464,13.0,-6.731750011444092,112.36000061035156
3,6465,113.0,0.415756493806839,20.863506317138672
3,6466,51.0,-2.127856731414795,20.032695770263672
3,6467,45.0,-0.9386385083198547,26.43917465209961
3,6468,27.0,-3.3968939781188965,64.35074615478516
3,6469,81.0,-0.3195653557777405,13.995012283325195
3,6470,86.0,-0.14782431721687317,16.648317337036133
3,6471,113.0,0.7813237309455872,17.58880615234375
3,6472,101.0,0.06793354451656342,17.86363410949707
3,6473,128.0,1.2584292888641357,24.309322357177734
3,6474,59.0,-1.4040684700012207,24.428266525268555
3,6475,119.0,0.4669872224330902,17.797252655029297
3,6476,59.0,-1.2006604671478271,20.602558135986328
3,6477,101.0,0.36580154299736023,14.235332489013672
3,6478,39.0,-1.7444374561309814,50.99597930908203
3,6479,86.0,0.1219942718744278,17.316572189331055
3,6480,66.0,-1.4998027086257935,22.161828994750977
3,6481,128.0,1.1034715175628662,14.560819625854492
3,6482,124.0,0.7130064964294434,15.645404815673828
3,6483,62.0,-0.9746524095535278,20.172555923461914
3,6484,27.0,-2.9898993968963623,90.83438873291016
3,6485,27.0,-1.7150462865829468,95.47644805908203
3,6486,56.0,-1.6289401054382324,26.443878173828125
3,6487,189.0,1.1550291776657104,26.630674362182617
3,6488,133.0,0.916040301322937,21.382719039916992
3,6489,95.0,0.567916750907898,12.96335506439209
3,6490,156.0,1.3763985633850098,25.433828353881836
3,6491,13.0,-6.727482318878174,175.57366943359375
3,6492,94.0,0.4623812437057495,15.016642570495605
3,6493,158.0,0.8810046911239624,21.730300903320312
3,6494,16.0,-7.513643264770508,144.47393798828125
3,6495,109.0,0.14834892749786377,14.65224838256836
3,6496,45.0,-1.4497747421264648,43.71039581298828
3,6497,61.0,-1.320266842842102,24.11768913269043
3,6498,99.0,0.431950181722641,11.163712501525879
3,6499,38.0,-1.7096763849258423,57.37720489501953
3,6500,50.0,-0.9524889588356018,35.390567779541016
3,6501,78.0,-0.19120022654533386,15.314872741699219
3,6502,54.0,-1.378429889678955,24.590171813964844
3,6503,180.0,1.354418396949768,23.468793869018555
3,6504,57.0,-0.37058189511299133,23.824813842773438
3,6505,65.0,-0.5256097316741943,20.81118392944336
3,6506,115.0,1.0634671449661255,18.123371124267578
3,6507,41.0,-2.028455972671509,37.47923278808594
3,6508,94.0,0.6374160051345825,14.56860065460205
3,6509,50.0,-1.0321019887924194,19.94504737854004
3,6510,46.0,-1.082232117652893,28.181011199951172
3,6511,18.0,-5.813783168792725,87.38499450683594
3,6512,38.0,-1.0734385251998901,30.269315719604492
3,6513,198.0,1.8886301517486572,52.62195587158203
3,6514,125.0,1.2411324977874756,33.25713348388672
3,6515,141.0,1.9658712148666382,46.38520812988281
3,6516,68.0,-0.21365515887737274,12.797774314880371
3,6517,32.0,-1.4924290180206299,44.262454986572266
3,6518,17.0,-3.9148943424224854,83.51184844970703
3,6519,152.0,1.8803081512451172,39.20973205566406
3,6520,64.0,0.6867788434028625,16.0709285736084
3,6521,76.0,1.2216297388076782,13.541356086730957
3,6522,102.0,1.0988494157791138,25.23286247253418
3,6523,141.0,2.261023759841919,43.60820388793945
3,6524,22.0,-2.4017064571380615,58.99955749511719
3,6525,108.0,1.4390361309051514,27.322832107543945
3,6526,22.0,-2.3988301753997803,62.063907623291016
3,6527,228.0,3.2352302074432373,52.43422317504883
3,6528,23.0,-6.014228820800781,64.27485656738281
3,6529,320.0,2.1883652210235596,62.362064361572266
3,6530,99.0,0.9817975163459778,18.0322322845459
3,6531,73.0,0.05672013387084007,11.634852409362793
3,6532,111.0,0.3370823264122009,17.43768310546875
3,6533,246.0,1.5481579303741455,49.0562744140625
3,6534,126.0,1.2838904857635498,20.80648422241211
3,6535,60.0,-0.708549976348877,16.422077178955078
3,6536,81.0,0.14644283056259155,13.666552543640137
3,6537,80.0,0.1893131285905838,15.26813793182373
3,6538,126.0,1.7356752157211304,19.820573806762695
3,6539,153.0,1.1290228366851807,21.323711395263672
3,6540,70.0,-0.9687842130661011,17.317668914794922
3,6541,93.0,-0.3184506297111511,14.424798011779785
3,6542,99.0,-0.3393881022930145,13.261752128601074
3,6543,125.0,0.59757399559021,12.689953804016113
3,6544,116.0,-0.1674753576517105,10.63014030456543
3,6545,71.0,-0.7894819974899292,22.4650936126709
3,6546,84.0,-1.030208706855774,17.681337356567383
3,6547,40.0,-1.7992345094680786,85.8349609375
3,6548,70.0,-1.2259252071380615,32.197303771972656
3,6549,264.0,1.270072340965271,19.974111557006836
3,6550,284.0,1.804524540901184,24.764986038208008
3,6551,93.0,-0.7112194895744324,12.367108345031738
3,6552,69.0,-0.885282576084137,28.8806209564209
3,6553,64.0,-1.576590657234192,32.4588508605957
3,6554,51.0,-1.8950917720794678,49.5909423828125
3,6555,115.0,-0.05744001641869545,12.280064582824707
3,6556,84.0,-0.09413343667984009,13.062040328979492
3,6557,114.0,0.6346396803855896,16.473098754882812
3,6558,33.0,-4.58914041519165,82.85566711425781
3,6559,125.0,0.4557918310165405,12.520116806030273
3,6560,47.0,-1.8206946849822998,39.33815002441406
3,6561,100.0,0.40371885895729065,13.528877258300781
3,6562,143.0,1.3159817457199097,18.094221115112305
3,6563,203.0,1.9658712148666382,26.522769927978516
3,6564,33.0,-2.2296624183654785,81.04594421386719
3,6565,61.0,-0.8353806734085083,18.99469566345215
3,6566,59.0,-1.6597766876220703,20.271900177001953
3,6567,31.0,-4.330392360687256,72.42279052734375
3,6568,26.0,-4.271615028381348,83.11243438720703
3,6569,48.0,-1.029439091682434,30.2744197845459
3,6570,257.0,1.9281728267669678,46.51008224487305
3,6571,43.0,-2.0931172370910645,37.91455841064453
3,6572,52.0,-0.7466468214988708,18.710973739624023
3,6573,157.0,1.8470302820205688,32.0691032409668
3,6574,99.0,0.7139201164245605,15.514211654663086
3,6575,49.0,-0.7773591876029968,18.472558975219727
3,6576,77.0,0.8829930424690247,13.396438598632812
3,6577,76.0,0.8189385533332825,13.986534118652344
3,6578,329.0,2.230919361114502,67.276123046875
3,6579,156.0,2.2945985794067383,45.86343002319336
3,6580,30.0,-2.781050682067871,47.31834411621094
3,6581,85.0,1.10610032081604,17.494319915771484
3,6582,131.0,2.410872459411621,33.41592788696289
3,6583,61.0,0.13058403134346008,14.619379997253418
3,6584,60.0,0.24270644783973694,13.012384414672852
3,6585,191.0,2.0678415298461914,39.719844818115234
3,6586,221.0,1.8992952108383179,43.41118240356445
3,6587,60.0,-0.5615271925926208,15.96471881866455
3,6588,32.0,-3.1058568954467773,44.06447982788086
3,6589,94.0,0.07374398410320282,13.37436580657959
3,6590,116.0,1.137523889541626,23.31266212463379
3,6591,71.0,0.2524475157260895,12.865388870239258
3,6592,161.0,2.02009916305542,31.11582374572754
3,6593,48.0,-0.8489759564399719,24.13497543334961
3,6594,293.0,2.0027170181274414,42.313602447509766
3,6595,49.0,-1.3047337532043457,22.067378997802734
3,6596,124.0,1.1772929430007935,23.415267944335938
3,6597,141.0,1.314906358718872,27.364992141723633
3,6598,39.0,-3.386748790740967,42.431827545166016
3,6599,98.0,0.6881195306777954,16.232845306396484
3,6600,103.0,0.6463411450386047,16.71693992614746
3,6601,47.0,-3.7138357162475586,34.68897247314453
3,6602,145.0,1.1091804504394531,20.618160247802734
3,6603,126.0,0.5112186074256897,17.21063995361328
3,6604,189.0,1.5776735544204712,22.666269302368164
3,6605,48.0,-2.9102065563201904,50.90890884399414
3,6606,163.0,0.6758404970169067,18.288026809692383
3,6607,149.0,0.8272408843040466,16.58121681213379
3,6608,101.0,-0.1743537187576294,12.761299133300781
3,6609,84.0,-1.104933261871338,14.003320693969727
3,6610,89.0,-0.6832288503646851,14.033870697021484
3,6611,73.0,-1.90175199508667,21.983938217163086
3,6612,174.0,0.09594251960515976,15.98398494720459
3,6613,90.0,-0.3374335765838623,12.182358741760254
3,6614,153.0,0.6926036477088928,15.706648826599121
3,6615,200.0,0.43721315264701843,14.739432334899902
3,6616,91.0,-0.4804319143295288,13.316146850585938
3,6617,104.0,-1.2768913507461548,15.18455982208252
3,6618,229.0,0.810657262802124,16.54771614074707
3,6619,24.0,-4.653652191162109,150.0563507080078
3,6620,127.0,0.7048168778419495,13.961477279663086
3,6621,165.0,0.5451454520225525,15.441125869750977
3,6622,44.0,-3.3804574012756348,63.72589874267578
3,6623,87.0,-1.6504381895065308,14.85634994506836
3,6624,213.0,0.9939793348312378,18.961936950683594
3,6625,236.0,0.9980908036231995,20.139297485351562
3,6626,130.0,0.035733554512262344,14.953608512878418
3,6627,55.0,-3.506452798843384,41.825016021728516
3,6628,211.0,1.078416347503662,17.35065269470215
3,6629,49.0,-4.532571315765381,61.303619384765625
3,6630,170.0,0.5809391736984253,12.645867347717285
3,6631,42.0,-3.3962385654449463,74.44414520263672
3,6632,121.0,-0.3490143418312073,11.216455459594727
3,6633,131.0,0.30751684308052063,14.19745922088623
3,6634,57.0,-1.4197059869766235,47.81916427612305
3,6635,158.0,0.3386947810649872,11.255916595458984
3,6636,171.0,0.9890984892845154,14.15975570678711
3,6637,179.0,0.2752218246459961,16.55282974243164
3,6638,105.0,-0.33344602584838867,9.747563362121582
3,6639,245.0,0.9520277380943298,16.753324508666992
3,6640,65.0,-2.417893886566162,37.188560485839844
3,6641,65.0,-1.8172988891601562,38.863609313964844
3,6642,80.0,-1.9568837881088257,26.177209854125977
3,6643,85.0,-1.2800118923187256,26.36907958984375
3,6644,137.0,0.13509997725486755,14.182147979736328
3,6645,172.0,0.6292547583580017,14.029450416564941
3,6646,151.0,0.8185868859291077,12.792106628417969
3,6647,278.0,1.4717776775360107,26.049657821655273
3,6648,80.0,-0.8668122887611389,26.63959503173828
3,6649,152.0,0.3247658908367157,11.015317916870117
3,6650,92.0,-0.4683453142642975,15.280760765075684
3,6651,76.0,-1.2984917163848877,28.17392349243164
3,6652,104.0,-0.07873057574033737,11.466032028198242
3,6653,131.0,0.27346885204315186,9.740571975708008
3,6654,23.0,-4.673933029174805,120.60181427001953
3,6655,65.0,-1.1921600103378296,27.268936157226562
3,6656,22.0,-3.272174596786499,133.6644744873047
3,6657,78.0,-0.4240230321884155,20.26653480529785
3,6658,48.0,-2.6084656715393066,45.28913879394531
3,6659,25.0,-6.194413185119629,98.40380859375
3,6660,87.0,0.03420973941683769,11.13564395904541
3,6661,216.0,1.790396809577942,47.02723693847656
3,6662,161.0,1.95854651927948,39.793338775634766
3,6663,135.0,1.7777448892593384,33.26827621459961
3,6664,22.0,-2.1485960483551025,95.83637237548828
3,6665,171.0,0.9635668396949768,25.242937088012695
3,6666,94.0,0.5207482576370239,15.990429878234863
3,6667,51.0,-1.0832430124282837,25.76415252685547
3,6668,79.0,0.11998601257801056,16.44944190979004
3,6669,170.0,1.5559332370758057,23.8415584564209
3,6670,93.0,0.17087946832180023,14.909476280212402
3,6671,90.0,-0.09316771477460861,15.930083274841309
3,6672,228.0,2.159627914428711,33.408138275146484
3,6673,63.0,0.012646191753447056,22.323070526123047
3,6674,264.0,1.89950430393219,33.15434646606445
3,6675,41.0,-1.4391785860061646,42.233543395996094
3,6676,235.0,1.3784161806106567,29.176328659057617
3,6677,47.0,-1.1471198797225952,32.5627555847168
3,6678,107.0,0.5255409479141235,18.278797149658203
3,6679,114.0,0.11527106165885925,13.959431648254395
3,6680,45.0,-0.7575190663337708,33.03313446044922
3,6681,114.0,0.39466869831085205,17.766469955444336
3,6682,123.0,1.1122266054153442,15.479279518127441
3,6683,70.0,-2.0055201053619385,19.521608352661133
3,6684,172.0,1.4774703979492188,24.959449768066406
3,6685,22.0,-4.036930561065674,111.45368194580078
3,6686,197.0,0.5925544500350952,21.46137809753418
3,6687,180.0,0.8617011904716492,26.774097442626953
3,6688,54.0,-2.845777750015259,33.11495590209961
3,6689,26.0,-2.6941559314727783,97.60559844970703
3,6690,268.0,1.4826648235321045,33.35098648071289
3,6691,24.0,-5.2796854972839355,109.5602035522461
3,6692,43.0,-2.4556984901428223,48.943260192871094
3,6693,107.0,0.1493140608072281,11.833003044128418
3,6694,187.0,0.5510553121566772,17.368587493896484
3,6695,74.0,-0.8199157118797302,15.96651554107666
3,6696,52.0,-1.022200345993042,36.704261779785156
3,6697,36.0,-2.721994638442993,61.37995529174805
3,6698,95.0,-0.7035374045372009,15.015762329101562
3,6699,92.0,0.31820160150527954,14.123945236206055
3,6700,52.0,-1.3279474973678589,31.62468910217285
3,6701,42.0,-4.064258098602295,41.434940338134766
3,6702,164.0,1.6917027235031128,26.993532180786133
3,6703,99.0,0.3894821107387543,14.863412857055664
3,6704,17.0,-2.9391932487487793,115.55278778076172
3,6705,125.0,1.024211049079895,18.535329818725586
3,6706,78.0,-0.685257077217102,15.204885482788086
3,6707,79.0,-0.17670771479606628,14.908286094665527
3,6708,218.0,2.2671091556549072,35.01289367675781
3,6709,80.0,0.20949499309062958,12.619428634643555
3,6710,261.0,1.8178850412368774,34.08034896850586
3,6711,263.0,1.9240820407867432,37.46651840209961
3,6712,267.0,1.6311203241348267,35.81954574584961
3,6713,48.0,-0.684750497341156,34.520938873291016
3,6714,100.0,0.2465158849954605,11.573211669921875
3,6715,24.0,-3.5421504974365234,88.90348052978516
3,6716,46.0,-1.4532418251037598,34.94801330566406
3,6717,140.0,1.2372673749923706,22.364036560058594
3,6718,225.0,2.470876932144165,28.784481048583984
3,6719,109.0,0.2291378378868103,12.073934555053711
3,6720,158.0,1.0066163539886475,20.425708770751953
3,6721,198.0,0.9311185479164124,25.939056396484375
3,6722,47.0,-2.0805349349975586,39.43634033203125
3,6723,56.0,-1.8687204122543335,28.380353927612305
3,6724,70.0,-1.1405261754989624,23.932992935180664
3,6725,58.0,-1.1058650016784668,29.99788475036621
3,6726,64.0,-1.5242623090744019,22.990581512451172
3,6727,133.0,0.9798136949539185,17.976547241210938
3,6728,139.0,0.6233285069465637,18.70280647277832
3,6729,105.0,0.2608170509338379,13.4638032913208
3,6730,88.0,-0.2203141450881958,15.415287971496582
3,6731,48.0,-1.3603171110153198,45.495208740234375
3,6732,172.0,0.9250949025154114,17.15565299987793
3,6733,149.0,0.693131148815155,15.132498741149902
3,6734,107.0,0.2499745935201645,12.37375545501709
3,6735,243.0,1.3546608686447144,25.260412216186523
3,6736,24.0,-5.485940456390381,113.18429565429688
3,6737,59.0,-0.9936766028404236,26.950481414794922
3,6738,52.0,-2.530749559402466,34.630348205566406
3,6739,9.0,-12.097726821899414,235.23155212402344
3,6740,148.0,0.6916335821151733,18.203617095947266
3,6741,209.0,1.0623152256011963,19.088153839111328
3,6742,74.0,-0.7778359651565552,21.591323852539062
3,6743,229.0,1.3213213682174683,24.386682510375977
3,6744,291.0,1.0802924633026123,36.14748764038086
3,6745,179.0,0.7297334671020508,19.82650375366211
3,6746,206.0,1.5472633838653564,21.571990966796875
3,6747,127.0,-0.031062051653862,12.144147872924805
3,6748,222.0,0.7650576829910278,20.479005813598633
3,6749,34.0,-3.6428256034851074,83.23181915283203
3,6750,87.0,-0.6199392676353455,20.35729217529297
3,6751,110.0,-0.9947637319564819,12.999276161193848
3,6752,72.0,-0.6954841613769531,29.795318603515625
3,6753,164.0,0.8574501276016235,16.973363876342773
3,6754,179.0,0.647749125957489,13.303486824035645
3,6755,123.0,0.20409415662288666,11.463666915893555
3,6756,138.0,0.15518240630626678,12.04235553741455
3,6757,42.0,-3.271576404571533,67.2827377319336
3,6758,80.0,-2.9089367389678955,26.235347747802734
3,6759,66.0,-0.854748010635376,41.53586196899414
3,6760,113.0,-0.3012411296367645,17.552045822143555
3,6761,130.0,-0.7739554643630981,11.458026885986328
3,6762,80.0,-0.7800416350364685,20.7713623046875
3,6763,14.0,-10.707703590393066,176.87200927734375
3,6764,150.0,0.14664144814014435,15.582734107971191
3,6765,76.0,-0.4399706721305847,23.49951171875
3,6766,144.0,0.7152324318885803,12.7594575881958
3,6767,189.0,0.9806903004646301,18.137739181518555
3,6768,34.0,-2.456451416015625,71.24689483642578
3,6769,82.0,-0.15930768847465515,19.006305694580078
3,6770,147.0,0.43627259135246277,18.134035110473633
3,6771,117.0,0.11676619201898575,12.338552474975586
3,6772,145.0,0.9427191019058228,15.481584548950195
3,6773,185.0,1.0247339010238647,20.008127212524414
3,6774,74.0,-0.8913331627845764,18.877086639404297
3,6775,162.0,0.8388029336929321,14.559216499328613
3,6776,198.0,0.7471893429756165,17.958646774291992
3,6777,63.0,-0.8542220592498779,32.39997482299805
3,6778,214.0,0.8985146880149841,23.692678451538086
3,6779,34.0,-5.21851110458374,79.54117584228516
3,6780,106.0,-0.18718194961547852,10.354508399963379
3,6781,69.0,-1.5358617305755615,30.78639793395996
3,6782,75.0,-0.7566455602645874,25.273197174072266
3,6783,289.0,0.9684703350067139,23.757431030273438
3,6784,345.0,1.331649661064148,24.377286911010742
3,6785,299.0,1.5947002172470093,26.99625015258789
3,6786,66.0,-0.7356239557266235,31.941877365112305
3,6787,140.0,0.4057704210281372,11.894179344177246
3,6788,195.0,0.72060227394104,16.968294143676758
3,6789,52.0,-1.5066293478012085,52.01382064819336
3,6790,214.0,0.8761563301086426,15.973027229309082
3,6791,83.0,-1.2479482889175415,24.58733367919922
3,6792,13.0,-5.270327091217041,195.5556182861328
3,6793,145.0,0.09888105094432831,12.161510467529297
3,6794,171.0,0.5143768787384033,13.226715087890625
3,6795,196.0,0.7647238373756409,13.727845191955566
3,6796,93.0,-0.427619993686676,17.776409149169922
3,6797,113.0,-0.1140541359782219,16.649044036865234
3,6798,119.0,0.13605211675167084,8.692747116088867
3,6799,346.0,1.5271950960159302,22.455305099487305
3,6800,45.0,-2.807461738586426,65.5152359008789
3,6801,140.0,0.31000828742980957,10.666624069213867
3,6802,212.0,1.004126787185669,16.81357192993164
3,6803,152.0,-0.08967819064855576,11.7367525100708
3,6804,208.0,0.39545518159866333,11.940107345581055
3,6805,200.0,0.35077816247940063,17.442176818847656
3,6806,114.0,-0.814119279384613,13.073258399963379
3,6807,243.0,0.8942809104919434,15.165875434875488
3,6808,144.0,-0.31078317761421204,13.95190143585205
3,6809,113.0,-0.687086284160614,17.298852920532227
3,6810,56.0,-2.6482622623443604,62.13444900512695
3,6811,95.0,-1.0826597213745117,29.04854965209961
3,6812,205.0,0.3226414918899536,9.3095064163208
3,6813,238.0,0.9585517048835754,14.700188636779785
3,6814,100.0,-1.1881214380264282,19.918792724609375
3,6815,173.0,0.2847912013530731,10.922999382019043
3,6816,102.0,-0.230436772108078,17.558155059814453
3,6817,58.0,-1.7077821493148804,57.159446716308594
3,6818,138.0,-0.04705129936337471,13.770194053649902
3,6819,57.0,-2.2943685054779053,58.76856994628906
3,6820,11.0,-6.558276176452637,216.20413208007812
3,6821,104.0,-0.4321581721305847,13.385467529296875
3,6822,175.0,0.3952074944972992,12.838092803955078
3,6823,32.0,-4.180586814880371,85.33167266845703
3,6824,95.0,-0.2885155975818634,18.759422302246094
3,6825,77.0,-1.164952039718628,19.04958724975586
3,6826,131.0,0.471602201461792,16.14958953857422
3,6827,70.0,-1.4028270244598389,21.063814163208008
3,6828,88.0,-0.18222033977508545,13.323137283325195
3,6829,224.0,1.0287590026855469,28.93288803100586
3,6830,128.0,1.0343095064163208,16.591524124145508
3,6831,179.0,1.4959936141967773,26.545564651489258
3,6832,158.0,1.0402109622955322,19.885900497436523
3,6833,141.0,0.6057862639427185,16.602603912353516
3,6834,166.0,1.5455461740493774,23.102272033691406
3,6835,202.0,1.744362473487854,32.667327880859375
3,6836,87.0,-0.21675458550453186,14.595741271972656
3,6837,279.0,1.070954442024231,34.851200103759766
3,6838,104.0,0.3614916205406189,11.913752555847168
3,6839,127.0,0.15034368634223938,10.663586616516113
3,6840,229.0,1.080282211303711,18.564563751220703
3,6841,364.0,1.0756510496139526,24.43242073059082
3,6842,107.0,-0.4287954866886139,11.02255916595459
3,6843,92.0,-0.6704564094543457,21.17231559753418
3,6844,250.0,1.2342779636383057,18.183408737182617
3,6845,280.0,1.1219767332077026,20.33509635925293
3,6846,138.0,0.014632354490458965,10.530049324035645
3,6847,147.0,-0.21917502582073212,10.03281307220459
3,6848,387.0,1.1018002033233643,15.449469566345215
3,6849,176.0,0.21555966138839722,9.398856163024902
3,6850,119.0,-1.0361987352371216,16.054807662963867
3,6851,389.0,0.5833380222320557,11.150084495544434
3,6852,147.0,-1.0624321699142456,13.857860565185547
3,6853,103.0,-1.6337145566940308,29.46603012084961
3,6854,222.0,0.10795274376869202,8.380186080932617
3,6855,307.0,0.2829032242298126,9.945206642150879
3,6856,265.0,0.2982756197452545,12.055608749389648
3,6857,180.0,-0.14942581951618195,9.592737197875977
3,6858,21.0,-10.798471450805664,192.255615234375
3,6859,74.0,-2.2717838287353516,55.35002136230469
3,6860,48.0,-3.506288766860962,88.09965515136719
3,6861,64.0,-2.8972272872924805,69.93008422851562
3,6862,18.0,-6.28193998336792,194.13865661621094
3,6863,31.0,-3.5134265422821045,111.48048400878906
3,6864,178.0,-0.09448625892400742,10.538488388061523
3,6865,119.0,-1.104413390159607,17.065187454223633
3,6866,46.0,-3.916674852371216,59.37248229980469
3,6867,70.0,-0.9441904425621033,36.021827697753906
3,6868,182.0,0.27539539337158203,11.928300857543945
3,6869,128.0,0.4053095579147339,17.418781280517578
3,6870,57.0,-1.7391773462295532,38.35961151123047
3,6871,54.0,-3.5394654273986816,43.68130111694336
3,6872,242.0,0.9302421808242798,18.433258056640625
3,6873,208.0,1.1147043704986572,22.053604125976562
3,6874,402.0,1.737575650215149,30.396648406982422
3,6875,46.0,-1.101525068283081,35.732444763183594
3,6876,119.0,0.5462672710418701,18.28557014465332
3,6877,48.0,-2.2414073944091797,34.626163482666016
3,6878,140.0,0.9501896500587463,21.984298706054688
3,6879,138.0,0.9311609864234924,19.958024978637695
3,6880,116.0,0.70013028383255,17.47369384765625
3,6881,33.0,-2.0023632049560547,40.6375846862793
3,6882,225.0,1.8754884004592896,30.407136917114258
3,6883,172.0,1.2694849967956543,20.991588592529297
3,6884,115.0,0.4158102571964264,18.48993492126465
3,6885,166.0,0.8129827976226807,17.145130157470703
3,6886,15.0,-8.469741821289062,110.89059448242188
3,6887,29.0,-3.120252847671509,68.00932312011719
3,6888,69.0,-0.12115904688835144,28.135095596313477
3,6889,199.0,1.142165184020996,17.700031280517578
3,6890,202.0,1.3245210647583008,18.21902847290039
3,6891,107.0,0.020350689068436623,18.091110229492188
3,6892,175.0,0.6930114030838013,13.626980781555176
3,6893,82.0,-0.18622978031635284,27.51532554626465
3,6894,63.0,-0.8791829943656921,33.95414733886719
3,6895,33.0,-3.1127171516418457,61.435394287109375
3,6896,291.0,1.2380805015563965,23.1380615234375
3,6897,143.0,0.8104955554008484,14.764228820800781
3,6898,139.0,0.08648694306612015,13.782523155212402
3,6899,86.0,-0.37668901681900024,23.126922607421875
3,6900,262.0,1.3074235916137695,24.914316177368164
3,6901,244.0,0.861922562122345,18.574581146240234
3,6902,22.0,-3.838297128677368,96.7371597290039
3,6903,156.0,0.3670663833618164,11.8136625289917
3,6904,17.0,-4.162580966949463,123.22640991210938
3,6905,24.0,-2.821782350540161,96.42693328857422
3,6906,114.0,0.26164695620536804,17.950366973876953
3,6907,32.0,-1.8910893201828003,66.07949829101562
3,6908,107.0,-0.29468753933906555,16.67306137084961
3,6909,87.0,-0.4400588274002075,20.569307327270508
3,6910,177.0,0.9878793358802795,14.415804862976074
3,6911,97.0,-0.21996821463108063,16.33074378967285
3,6912,284.0,1.4830471277236938,26.456058502197266
3,6913,171.0,1.1305853128433228,15.94768238067627
3,6914,168.0,1.1457186937332153,15.612967491149902
3,6915,91.0,-1.1207903623580933,20.036611557006836
3,6916,56.0,-0.28133732080459595,35.78178024291992
3,6917,44.0,-0.797305166721344,50.24395751953125
3,6918,166.0,0.8106637001037598,15.553369522094727
3,6919,99.0,-0.827445924282074,16.61797332763672
3,6920,59.0,-0.5990729331970215,30.43492889404297
3,6921,127.0,0.22155579924583435,12.679965019226074
3,6922,99.0,0.27683284878730774,15.281927108764648
3,6923,79.0,-0.3742288649082184,22.498228073120117
3,6924,208.0,1.3157843351364136,23.517210006713867
3,6925,76.0,-0.557873010635376,22.567405700683594
3,6926,329.0,1.49746572971344,29.651857376098633
3,6927,107.0,0.24522757530212402,12.736544609069824
3,6928,272.0,1.4693907499313354,28.465797424316406
3,6929,248.0,1.250724196434021,28.725238800048828
3,6930,45.0,-1.8090088367462158,46.15796661376953
3,6931,31.0,-2.1379995346069336,75.78947448730469
3,6932,28.0,-2.9323976039886475,78.22897338867188
3,6933,153.0,0.9713479280471802,16.066139221191406
3,6934,113.0,0.38098520040512085,12.304007530212402
3,6935,87.0,-1.0113731622695923,18.1914119720459
3,6936,231.0,1.6952707767486572,26.01869773864746
3,6937,213.0,1.1990317106246948,20.40502166748047
3,6938,193.0,1.0253669023513794,19.49688720703125
3,6939,170.0,0.8075971007347107,13.983423233032227
3,6940,149.0,0.7026790976524353,15.264924049377441
3,6941,287.0,1.149535059928894,19.63469123840332
3,6942,314.0,1.218408226966858,16.796585083007812
3,6943,15.0,-9.892008781433105,171.72146606445312
3,6944,59.0,-1.1512243747711182,46.07850646972656
3,6945,214.0,0.5432290434837341,10.219256401062012
3,6946,458.0,0.9620050191879272,11.680177688598633
3,6947,105.0,-0.35809868574142456,14.12777042388916
3,6948,50.0,-2.498413324356079,62.01613235473633
3,6949,129.0,-0.6051946878433228,15.839119911193848
3,6950,94.0,-1.232466697692871,27.616832733154297
3,6951,135.0,-0.43903064727783203,15.940616607666016
3,6952,415.0,0.469028502702713,14.504894256591797
3,6953,175.0,-0.06734319031238556,9.63204574584961
3,6954,33.0,-3.1455302238464355,88.85598754882812
3,6955,135.0,-0.6316508054733276,15.122150421142578
3,6956,182.0,0.36803868412971497,9.11197566986084
3,6957,48.0,-2.1464309692382812,63.04560089111328
3,6958,58.0,-1.7533748149871826,38.013675689697266
3,6959,100.0,-0.33023643493652344,17.593582153320312
3,6960,119.0,-0.45300835371017456,14.22382926940918
3,6961,111.0,-0.3661805987358093,12.434500694274902
3,6962,22.0,-3.0752127170562744,104.97884368896484
3,6963,27.0,-2.672445297241211,94.53068542480469
3,6964,273.0,2.278564691543579,39.45743942260742
3,6965,121.0,0.49179959297180176,14.097769737243652
3,6966,114.0,-0.2122412472963333,14.526987075805664
3,6967,62.0,-0.37841102480888367,21.05154037475586
3,6968,117.0,0.25802916288375854,14.061607360839844
3,6969,133.0,0.7402106523513794,17.097644805908203
3,6970,136.0,0.8075011372566223,18.512235641479492
3,6971,140.0,0.9428777694702148,18.40702247619629
3,6972,216.0,1.1433491706848145,24.108734130859375
3,6973,136.0,0.47497662901878357,16.82074737548828
3,6974,13.0,-5.0843095779418945,147.33465576171875
3,6975,145.0,0.7349035739898682,14.712181091308594
3,6976,117.0,0.30958986282348633,12.834671974182129
3,6977,38.0,-1.4597159624099731,69.72260284423828
3,6978,102.0,-0.7122758030891418,14.809967041015625
3,6979,76.0,-1.1148329973220825,29.310657501220703
3,6980,28.0,-4.277002811431885,82.21461486816406
3,6981,79.0,-0.1880205124616623,26.083526611328125
3,6982,70.0,-1.2694661617279053,27.175174713134766
3,6983,186.0,0.8009800314903259,14.290863037109375
3,6984,35.0,-1.419960856437683,59.826324462890625
3,6985,110.0,-0.002293963683769107,12.324291229248047
3,6986,137.0,0.72809898853302,13.23220443725586
3,6987,105.0,-0.04621954634785652,11.498388290405273
3,6988,144.0,0.9880773425102234,19.15517807006836
3,6989,37.0,-1.8812334537506104,57.81785583496094
3,6990,106.0,0.24495629966259003,14.109628677368164
3,6991,53.0,-0.5211377143859863,39.686370849609375
3,6992,34.0,-2.1553585529327393,55.76643753051758
3,6993,197.0,1.5912461280822754,29.24955177307129
3,6994,89.0,-0.3565588593482971,13.358845710754395
3,6995,159.0,1.714516043663025,21.624990463256836
3,6996,42.0,-2.5249688625335693,48.90559768676758
3,6997,165.0,1.1092936992645264,31.047922134399414
3,6998,162.0,1.3095414638519287,27.742441177368164
3,6999,73.0,-0.4324050545692444,16.08891487121582
3,7000,131.0,0.9494963884353638,14.742136001586914
4,7001,149.0,1.1186392307281494,17.827190399169922
4,7002,173.0,1.291236162185669,26.01634979248047
4,7003,133.0,0.7782527208328247,15.744095802307129
4,7004,49.0,-0.9995420575141907,39.19820785522461
4,7005,163.0,1.453988790512085,23.715953826904297
4,7006,151.0,1.1177830696105957,16.755002975463867
4,7007,200.0,1.0241338014602661,22.29958152770996
4,7008,129.0,0.6441850066184998,12.715797424316406
4,7009,116.0,0.04222094267606735,7.19301176071167
4,7010,95.0,-0.6819688677787781,17.349733352661133
4,7011,223.0,1.0977888107299805,18.746320724487305
4,7012,124.0,-0.24802571535110474,11.347466468811035
4,7013,40.0,-2.7492408752441406,74.4253921508789
4,7014,123.0,-0.13306204974651337,9.309815406799316
4,7015,166.0,0.23421765863895416,9.04704475402832
4,7016,219.0,0.778957724571228,14.020915985107422
4,7017,164.0,0.1608528047800064,7.886988162994385
4,7018,204.0,0.3870229125022888,8.317288398742676
4,7019,249.0,0.18984512984752655,16.48472023010254
4,7020,184.0,-0.3846881091594696,11.217475891113281
4,7021,179.0,-0.09362484514713287,10.167098045349121
4,7022,20.0,-4.8814377784729,195.38784790039062
4,7023,216.0,0.42792022228240967,15.631410598754883
4,7024,270.0,0.3477986752986908,11.105053901672363
4,7025,196.0,-0.1322341114282608,9.65275764465332
4,7026,81.0,-1.2219425439834595,50.237274169921875
4,7027,50.0,-3.817277431488037,86.48804473876953
4,7028,220.0,-0.19493453204631805,9.121562004089355
4,7029,41.0,-2.880845308303833,98.2910385131836
4,7030,183.0,-0.6847902536392212,9.945417404174805
4,7031,184.0,-0.09394615143537521,11.093220710754395
4,7032,134.0,-1.1965734958648682,16.924678802490234
4,7033,86.0,-2.614938259124756,34.55867385864258
4,7034,93.0,-1.0204644203186035,31.41530990600586
4,7035,12.0,-6.026358127593994,225.17398071289062
4,7036,337.0,1.2531919479370117,16.934913635253906
4,7037,15.0,-9.591357231140137,152.59188842773438
4,7038,165.0,-0.013925598002970219,10.747016906738281
4,7039,176.0,1.008836030960083,14.084731101989746
4,7040,135.0,0.4195057451725006,13.342525482177734
4,7041,136.0,0.3064364194869995,17.357358932495117
4,7042,127.0,-0.0015441090799868107,15.476330757141113
4,7043,52.0,-2.924720048904419,39.44111633300781
4,7044,233.0,1.3192601203918457,27.30768394470215
4,7045,65.0,-1.6322311162948608,27.809648513793945
4,7046,189.0,1.259969711303711,16.860761642456055
4,7047,215.0,1.45278000831604,20.396442413330078
4,7048,16.0,-5.294386386871338,116.37295532226562
4,7049,155.0,0.873773455619812,14.353654861450195
4,7050,67.0,-3.931817054748535,30.597131729125977
4,7051,72.0,-0.9508571028709412,29.34096336364746
4,7052,161.0,0.9681722521781921,15.221924781799316
4,7053,208.0,0.8901791572570801,23.465774536132812
4,7054,189.0,1.0774177312850952,13.759052276611328
4,7055,86.0,-0.44865724444389343,24.018413543701172
4,7056,191.0,1.0737642049789429,9.854959487915039
4,7057,118.0,0.4503050744533539,14.130122184753418
4,7058,97.0,-1.0033392906188965,20.4890079498291
4,7059,63.0,-1.5131927728652954,33.48166275024414
4,7060,171.0,0.622879147529602,13.263585090637207
4,7061,85.0,-0.1904563158750534,27.19512939453125
4,7062,89.0,-0.9527947306632996,25.163352966308594
4,7063,165.0,0.556897759437561,10.581600189208984
4,7064,125.0,0.3859650790691376,11.770277976989746
4,7065,181.0,1.0043529272079468,13.772639274597168
4,7066,71.0,-0.6500367522239685,30.058334350585938
4,7067,231.0,0.8647310137748718,18.336849212646484
4,7068,82.0,-0.13180173933506012,27.55853843688965
4,7069,13.0,-3.3962342739105225,165.44480895996094
4,7070,181.0,0.6042473316192627,13.437660217285156
4,7071,61.0,-0.647485077381134,34.75882339477539
4,7072,94.0,-0.4239925444126129,18.47947883605957
4,7073,36.0,-2.1506173610687256,56.65407180786133
4,7074,32.0,-2.7138283252716064,66.79786682128906
4,7075,98.0,0.026353850960731506,15.995762825012207
4,7076,241.0,2.323624849319458,39.01226043701172
4,7077,167.0,1.732529640197754,17.62430191040039
4,7078,162.0,1.3750509023666382,16.786272048950195
4,7079,152.0,1.2543524503707886,15.14360523223877
4,7080,102.0,-0.3041848838329315,13.731315612792969
4,7081,13.0,-4.928493022918701,141.5222930908203
4,7082,132.0,0.8110489845275879,12.058300971984863
4,7083,133.0,1.2636165618896484,12.776653289794922
4,7084,108.0,0.5584750175476074,10.052038192749023
4,7085,168.0,1.0786676406860352,14.284262657165527
4,7086,162.0,0.8448513150215149,12.390806198120117
4,7087,54.0,-1.4337998628616333,39.92891311645508
4,7088,25.0,-3.071147918701172,96.4075927734375
4,7089,93.0,-0.5107607245445251,22.288259506225586
4,7090,127.0,-0.08523157984018326,7.841674327850342
4,7091,144.0,0.733130156993866,9.260441780090332
4,7092,186.0,1.260206937789917,18.096067428588867
4,7093,24.0,-2.2528176307678223,107.90084075927734
4,7094,39.0,-1.9595459699630737,61.312583923339844
4,7095,131.0,0.09294844418764114,11.988564491271973
4,7096,272.0,1.8907891511917114,25.854825973510742
4,7097,106.0,-0.08977541327476501,17.846370697021484
4,7098,90.0,-0.6411656141281128,23.300640106201172
4,7099,200.0,0.807243824005127,20.111583709716797
4,7100,104.0,-0.1507919281721115,17.524972915649414
4,7101,55.0,-1.6854169368743896,42.59828567504883
4,7102,145.0,-0.23065155744552612,13.4088716506958
4,7103,62.0,-0.6649548411369324,37.7620964050293
4,7104,44.0,-2.4290666580200195,52.27387619018555
4,7105,29.0,-4.730409145355225,76.62366485595703
4,7106,92.0,0.09029455482959747,18.81325340270996
4,7107,25.0,-5.0607476234436035,76.42815399169922
4,7108,73.0,-0.2754601240158081,22.07650375366211
4,7109,259.0,3.2144031524658203,66.56910705566406
4,7110,82.0,0.25631004571914673,16.62019157409668
4,7111,190.0,1.3374929428100586,28.055997848510742
4,7112,83.0,-0.2116677314043045,17.420963287353516
4,7113,138.0,1.0002490282058716,16.14812469482422
4,7114,12.0,-7.101937770843506,132.833984375
4,7115,60.0,-0.2064017951488495,25.091957092285156
4,7116,11.0,-4.858761310577393,136.45700073242188
4,7117,126.0,1.7786459922790527,24.083593368530273
4,7118,145.0,1.5348843336105347,25.795244216918945
4,7119,143.0,1.6342759132385254,27.08786964416504
4,7120,31.0,-3.1748762130737305,45.4259147644043
4,7121,111.0,1.0579712390899658,16.52916145324707
4,7122,181.0,1.7568801641464233,37.94355010986328
4,7123,12.0,-6.3320465087890625,131.1804962158203
4,7124,98.0,1.0175085067749023,16.88010025024414
4,7125,139.0,1.2853056192398071,23.72089385986328
4,7126,84.0,0.7366492748260498,15.540472030639648
4,7127,231.0,1.4990414381027222,40.473506927490234
4,7128,207.0,1.9552593231201172,32.010311126708984
4,7129,139.0,1.1443349123001099,20.373693466186523
4,7130,105.0,0.6536223888397217,16.938199996948242
4,7131,154.0,1.1072477102279663,20.989988327026367
4,7132,229.0,1.0627003908157349,26.638137817382812
4,7133,145.0,0.8141750693321228,14.227322578430176
4,7134,133.0,0.32040488719940186,10.58088207244873
4,7135,61.0,-1.7038754224777222,40.45210266113281
4,7136,71.0,-0.8617314100265503,31.401695251464844
4,7137,59.0,-1.716434121131897,43.45473861694336
4,7138,48.0,-1.6675900220870972,64.13681030273438
4,7139,68.0,-0.9305937886238098,41.8909912109375
4,7140,72.0,-2.6896731853485107,34.9150276184082
4,7141,11.0,-6.453242778778076,195.7122039794922
4,7142,33.0,-4.431183338165283,87.05558776855469
4,7143,189.0,0.346356064081192,12.507370948791504
4,7144,210.0,0.6338701844215393,14.38826847076416
4,7145,163.0,0.4674302935600281,12.731481552124023
4,7146,110.0,-0.2001255601644516,14.976043701171875
4,7147,176.0,0.6812049746513367,13.12270736694336
4,7148,175.0,0.6027604937553406,11.225885391235352
4,7149,158.0,-0.005970221944153309,12.31098747253418
4,7150,23.0,-3.975841999053955,116.5448989868164
4,7151,214.0,0.6867910623550415,13.5645170211792
4,7152,189.0,0.7625857591629028,12.413975715637207
4,7153,189.0,0.7082761526107788,11.878976821899414
4,7154,11.0,-11.206976890563965,207.81765747070312
4,7155,59.0,-2.971754550933838,45.92766571044922
4,7156,208.0,0.3278365433216095,10.485978126525879
4,7157,182.0,0.1228802427649498,8.468883514404297
4,7158,191.0,0.3077784478664398,7.749321460723877
4,7159,131.0,-0.8134365677833557,18.916881561279297
4,7160,115.0,-0.47608107328414917,20.942602157592773
4,7161,176.0,0.14049501717090607,13.852323532104492
4,7162,130.0,-0.6660811305046082,14.886308670043945
4,7163,63.0,-1.7477920055389404,51.074832916259766
4,7164,265.0,1.1069108247756958,16.351770401000977
4,7165,137.0,-0.40927654504776,13.302325248718262
4,7166,239.0,1.573233723640442,24.96985626220703
4,7167,69.0,-1.0128093957901,45.57474899291992
4,7168,39.0,-1.6913988590240479,76.49669647216797
4,7169,214.0,0.3018403947353363,8.361398696899414
4,7170,184.0,0.41624364256858826,7.147902488708496
4,7171,134.0,-0.3088083565235138,15.78908920288086
4,7172,166.0,0.7300015687942505,11.578837394714355
4,7173,256.0,0.6520947217941284,13.285405158996582
4,7174,131.0,-0.19048061966896057,15.825674057006836
4,7175,82.0,-1.483289361000061,33.54879379272461
4,7176,246.0,0.5567319393157959,13.742454528808594
4,7177,197.0,0.43876394629478455,8.434610366821289
4,7178,69.0,-3.4746503829956055,40.076786041259766
4,7179,135.0,-0.0806792750954628,8.620182991027832
4,7180,152.0,0.11712265014648438,8.392881393432617
4,7181,140.0,0.21308793127536774,9.532745361328125
4,7182,83.0,-0.6895920038223267,30.182897567749023
4,7183,31.0,-1.5818147659301758,91.39445495605469
4,7184,112.0,-0.5531037449836731,18.359161376953125
4,7185,114.0,-0.39006081223487854,15.603475570678711
4,7186,246.0,1.5819823741912842,18.56348419189453
4,7187,50.0,-1.2304742336273193,44.509761810302734
4,7188,123.0,-0.33269184827804565,11.296425819396973
4,7189,194.0,0.6197765469551086,16.763639450073242
4,7190,73.0,-0.6624756455421448,27.888694763183594
4,7191,295.0,1.8439353704452515,44.82180404663086
4,7192,85.0,-0.48044246435165405,13.335939407348633
4,7193,213.0,1.9999797344207764,25.2944278717041
4,7194,185.0,0.8644248843193054,17.319807052612305
4,7195,159.0,1.1202086210250854,17.38806915283203
4,7196,19.0,-6.9669623374938965,111.42168426513672
4,7197,206.0,1.1869851350784302,29.354719161987305
4,7198,209.0,1.2320551872253418,17.020557403564453
4,7199,77.0,-0.6397192478179932,22.813304901123047
4,7200,309.0,1.628255844116211,22.802465438842773
4,7201,134.0,0.9276909828186035,14.641743659973145
4,7202,50.0,-3.0610013008117676,43.71463394165039
4,7203,188.0,0.5744446516036987,14.352455139160156
4,7204,243.0,1.0031964778900146,16.72254753112793
4,7205,52.0,-0.9375238418579102,38.38621139526367
4,7206,170.0,0.3119794428348541,7.076568126678467
4,7207,156.0,0.016920259222388268,7.365017890930176
4,7208,162.0,0.42831701040267944,11.5287446975708
4,7209,10.0,-10.410097122192383,205.95416259765625
4,7210,192.0,0.6975350379943848,7.215450763702393
4,7211,169.0,-0.022961631417274475,10.768625259399414
4,7212,161.0,0.2566629648208618,12.207871437072754
4,7213,78.0,-0.6978082656860352,33.0731086730957
4,7214,162.0,-0.4894733130931854,13.434222221374512
4,7215,28.0,-3.5890259742736816,123.45074462890625
4,7216,31.0,-6.0655837059021,97.16364288330078
4,7217,37.0,-3.2121317386627197,84.2669677734375
4,7218,21.0,-4.161036968231201,152.98622131347656
4,7219,210.0,0.571045458316803,18.44430160522461
4,7220,48.0,-1.492791771888733,60.16109085083008
4,7221,122.0,-0.40761780738830566,12.193107604980469
4,7222,149.0,0.21855904161930084,8.555859565734863
4,7223,103.0,0.0340898297727108,16.87564468383789
4,7224,268.0,1.6504899263381958,24.80913543701172
4,7225,123.0,-0.18762879073619843,15.910680770874023
4,7226,64.0,-0.7354117631912231,36.48121643066406
4,7227,135.0,0.29544690251350403,12.142412185668945
4,7228,64.0,-0.5342960357666016,37.07988357543945
4,7229,75.0,-0.3236064314842224,28.851642608642578
4,7230,142.0,0.9166626930236816,12.16462230682373
4,7231,108.0,0.4589303135871887,16.45123291015625
4,7232,155.0,1.1880004405975342,15.618423461914062
4,7233,142.0,1.081414818763733,11.432470321655273
4,7234,19.0,-5.913890361785889,96.88594055175781
4,7235,183.0,1.158605933189392,17.98592185974121
4,7236,92.0,-0.3203429877758026,15.58462905883789
4,7237,47.0,-2.364192008972168,40.2827033996582
4,7238,220.0,1.4284567832946777,33.439666748046875
4,7239,74.0,-0.6365248560905457,23.325145721435547
4,7240,114.0,-0.23888058960437775,12.929102897644043
4,7241,207.0,1.7537245750427246,26.97892189025879
4,7242,123.0,0.5535871386528015,11.583976745605469
4,7243,182.0,0.9060196876525879,28.48187828063965
4,7244,186.0,1.28718900680542,24.97649574279785
4,7245,66.0,-2.1099729537963867,26.593589782714844
4,7246,39.0,-3.395542860031128,47.82264709472656
4,7247,44.0,-3.156909465789795,40.239505767822266
4,7248,232.0,1.6282871961593628,34.766944885253906
4,7249,93.0,-1.3156789541244507,17.165172576904297
4,7250,77.0,-0.8778143525123596,20.1724796295166
4,7251,463.0,2.569118022918701,71.72589111328125
4,7252,153.0,1.1845524311065674,16.915563583374023
4,7253,107.0,0.08891347795724869,14.93936824798584
4,7254,131.0,0.7118058204650879,14.716784477233887
4,7255,75.0,-0.7099931836128235,21.332252502441406
4,7256,148.0,0.7445271611213684,15.231598854064941
4,7257,59.0,-0.9848640561103821,33.39048385620117
4,7258,180.0,0.5242911577224731,21.359827041625977
4,7259,96.0,-0.16068540513515472,14.931575775146484
4,7260,146.0,0.363693505525589,12.991888999938965
4,7261,109.0,0.3748917877674103,10.635186195373535
4,7262,52.0,-2.8988780975341797,40.37147903442383
4,7263,199.0,1.0623128414154053,23.453819274902344
4,7264,265.0,1.620843529701233,34.954193115234375
4,7265,124.0,-0.15838132798671722,9.448135375976562
4,7266,60.0,-0.7299313545227051,37.02920913696289
4,7267,166.0,0.6009964942932129,14.658602714538574
4,7268,21.0,-3.4077725410461426,127.0969467163086
4,7269,279.0,1.6358411312103271,26.380664825439453
4,7270,66.0,-2.65207839012146,36.907257080078125
4,7271,184.0,0.2946191430091858,19.023006439208984
4,7272,170.0,0.44073358178138733,14.023723602294922
4,7273,186.0,0.3640393614768982,11.240055084228516
4,7274,276.0,1.9803900718688965,24.898357391357422
4,7275,135.0,0.13009001314640045,11.23097038269043
4,7276,276.0,1.3155269622802734,19.95058822631836
4,7277,52.0,-1.7322746515274048,53.152374267578125
4,7278,242.0,0.16153490543365479,11.49096393585205
4,7279,183.0,-0.2650018334388733,14.910239219665527
4,7280,239.0,-0.5666865706443787,20.207372665405273
4,7281,61.0,-2.8596906661987305,52.2996826171875
4,7282,133.0,-0.6461122632026672,16.69547462463379
4,7283,15.0,-5.79023551940918,187.12864685058594
4,7284,193.0,-0.005910003557801247,9.262418746948242
4,7285,85.0,-1.4282435178756714,29.087814331054688
4,7286,253.0,0.44183099269866943,11.096238136291504
4,7287,96.0,-0.7243899703025818,26.487272262573242
4,7288,336.0,1.096866250038147,19.50238037109375
4,7289,77.0,-1.188736915588379,23.314565658569336
4,7290,219.0,0.8056648969650269,12.926521301269531
4,7291,109.0,-1.2926229238510132,20.51273536682129
4,7292,199.0,0.5962467789649963,13.068175315856934
4,7293,90.0,-0.7512732744216919,23.336458206176758
4,7294,109.0,-0.07212347537279129,17.715126037597656
4,7295,285.0,0.7245303988456726,17.442230224609375
4,7296,137.0,0.7063773274421692,15.273552894592285
4,7297,225.0,0.9969393014907837,15.106778144836426
4,7298,139.0,0.39216628670692444,18.237897872924805
4,7299,299.0,1.482657551765442,28.29616355895996
4,7300,392.0,1.7117235660552979,21.277212142944336
4,7301,245.0,0.908380925655365,14.911338806152344
4,7302,404.0,1.2342332601547241,24.669279098510742
4,7303,35.0,-1.8717585802078247,66.07025909423828
4,7304,149.0,0.29249829053878784,13.257269859313965
4,7305,332.0,0.6180636882781982,11.191685676574707
4,7306,25.0,-3.9042627811431885,110.1424560546875
4,7307,197.0,-0.23669326305389404,13.592472076416016
4,7308,39.0,-1.7664246559143066,69.73202514648438
4,7309,283.0,0.26444950699806213,8.173455238342285
4,7310,247.0,0.5492147207260132,9.880836486816406
4,7311,105.0,-0.41842108964920044,21.076616287231445
4,7312,164.0,0.1903245896100998,11.069097518920898
4,7313,119.0,-0.17527620494365692,17.30486297607422
4,7314,103.0,-0.5933405160903931,24.85530662536621
4,7315,275.0,0.7042787671089172,14.823957443237305
4,7316,124.0,-0.3781052827835083,15.059296607971191
4,7317,88.0,-2.280056953430176,24.74811553955078
4,7318,24.0,-2.6497626304626465,133.63819885253906
4,7319,33.0,-3.622253894805908,91.6265640258789
4,7320,122.0,-0.2449936717748642,10.274238586425781
4,7321,151.0,0.3253898024559021,7.592772006988525
4,7322,136.0,-0.011856228113174438,13.710043907165527
4,7323,56.0,-1.5287322998046875,46.84128189086914
4,7324,29.0,-4.423104286193848,94.73649597167969
4,7325,40.0,-2.2074313163757324,62.586151123046875
4,7326,135.0,0.3968219459056854,13.192867279052734
4,7327,38.0,-2.6577963829040527,57.87920379638672
4,7328,155.0,0.5903725028038025,11.778071403503418
4,7329,19.0,-7.926631927490234,120.27742767333984
4,7330,199.0,1.12861967086792,18.715673446655273
4,7331,60.0,-1.5704528093338013,30.691408157348633
4,7332,81.0,-0.7413917779922485,18.020675659179688
4,7333,112.0,0.1632024347782135,16.87685203552246
4,7334,16.0,-5.587862014770508,115.83545684814453
4,7335,124.0,1.0782434940338135,12.142074584960938
4,7336,156.0,1.145355463027954,15.804961204528809
4,7337,122.0,0.11438364535570145,11.917941093444824
4,7338,131.0,1.0863622426986694,16.061992645263672
4,7339,119.0,0.20607887208461761,13.938186645507812
4,7340,68.0,-0.6876053214073181,22.809314727783203
4,7341,52.0,-1.7087730169296265,39.03127670288086
4,7342,181.0,1.1101197004318237,15.098220825195312
4,7343,191.0,1.2104604244232178,19.983036041259766
4,7344,26.0,-2.2607059478759766,78.63792419433594
4,7345,44.0,-2.0047028064727783,41.06206512451172
4,7346,59.0,-1.5249063968658447,28.69060516357422
4,7347,71.0,-0.9572790265083313,23.518491744995117
4,7348,35.0,-2.212331771850586,60.970252990722656
4,7349,91.0,-0.033020395785570145,13.710000991821289
4,7350,158.0,0.5401461720466614,17.92129135131836
4,7351,131.0,0.5252173542976379,12.837708473205566
4,7352,37.0,-1.3419753313064575,51.29776382446289
4,7353,26.0,-2.8711256980895996,76.29450225830078
4,7354,74.0,-0.03255390748381615,22.080331802368164
4,7355,86.0,0.1072416752576828,15.702226638793945
4,7356,375.0,2.095102071762085,57.269351959228516
4,7357,190.0,1.566370964050293,33.09098815917969
4,7358,268.0,1.4749829769134521,34.51189041137695
4,7359,242.0,1.912326693534851,33.22995376586914
4,7360,81.0,0.04004761204123497,18.44002914428711
4,7361,119.0,0.9550976157188416,15.782370567321777
4,7362,319.0,1.8978397846221924,35.909759521484375
4,7363,87.0,-0.35713520646095276,14.168746948242188
4,7364,207.0,1.503069281578064,28.43100357055664
4,7365,85.0,0.1521228402853012,18.254575729370117
4,7366,86.0,0.04989079013466835,18.73550033569336
4,7367,180.0,1.1465826034545898,18.39883041381836
4,7368,417.0,1.7337244749069214,33.86272048950195
4,7369,28.0,-2.177314519882202,90.27973937988281
4,7370,163.0,1.0768516063690186,18.38191795349121
4,7371,33.0,-2.235332727432251,66.58419036865234
4,7372,13.0,-5.759732723236084,169.18875122070312
4,7373,143.0,0.4753269553184509,12.391222953796387
4,7374,101.0,-0.828889012336731,14.737403869628906
4,7375,298.0,1.8546653985977173,34.56187057495117
4,7376,146.0,0.6343192458152771,11.13536262512207
4,7377,353.0,1.644208550453186,34.10814666748047
4,7378,112.0,-0.07952678203582764,14.908929824829102
4,7379,214.0,0.4831649959087372,15.234371185302734
4,7380,182.0,0.43333521485328674,14.758877754211426
4,7381,65.0,-1.9729387760162354,37.816043853759766
4,7382,88.0,-0.5774691104888916,18.14640235900879
4,7383,212.0,1.1241812705993652,19.341903686523438
4,7384,215.0,0.3083638548851013,11.770513534545898
4,7385,47.0,-3.429593801498413,64.86224365234375
4,7386,315.0,0.5334305763244629,13.914562225341797
4,7387,83.0,-0.9339020848274231,22.74300765991211
4,7388,33.0,-4.036343574523926,96.18116760253906
4,7389,244.0,0.8533088564872742,13.605056762695312
4,7390,138.0,0.28971996903419495,13.540961265563965
4,7391,120.0,-0.841418981552124,22.456315994262695
4,7392,53.0,-2.306889533996582,52.859615325927734
4,7393,67.0,-1.1546210050582886,37.1143684387207
4,7394,42.0,-2.1790292263031006,64.71977233886719
4,7395,25.0,-3.2784953117370605,111.89653778076172
4,7396,115.0,0.11548512428998947,15.7460355758667
4,7397,15.0,-6.23750114440918,174.83062744140625
4,7398,119.0,-0.0753665417432785,12.95857048034668
4,7399,60.0,-1.1704062223434448,33.231197357177734
4,7400,128.0,0.467293918132782,13.42809009552002
4,7401,108.0,-0.2950608432292938,16.066143035888672
4,7402,39.0,-2.9966342449188232,46.86362838745117
4,7403,12.0,-3.407562017440796,147.185302734375
4,7404,127.0,0.515914797782898,15.623273849487305
4,7405,75.0,0.03240025043487549,19.94706916809082
4,7406,31.0,-3.384676456451416,47.97080612182617
4,7407,62.0,-0.4574127197265625,20.875690460205078
4,7408,261.0,1.5490024089813232,31.43338394165039
4,7409,138.0,0.9382915496826172,21.145160675048828
4,7410,244.0,2.261754035949707,39.525333404541016
4,7411,144.0,1.4467960596084595,26.214263916015625
4,7412,213.0,1.637637734413147,34.72992706298828
4,7413,201.0,1.9766547679901123,32.9278564453125
4,7414,200.0,1.317567229270935,34.492584228515625
4,7415,18.0,-5.681845664978027,88.47657775878906
4,7416,121.0,0.5237144231796265,14.232770919799805
4,7417,259.0,1.4542603492736816,28.070037841796875
4,7418,109.0,-0.3705318570137024,15.392477035522461
4,7419,247.0,1.5749380588531494,28.790922164916992
4,7420,204.0,1.2214809656143188,26.019163131713867
4,7421,249.0,1.1310186386108398,25.782617568969727
4,7422,196.0,0.8382022976875305,18.86268424987793
4,7423,120.0,-0.47290515899658203,12.84646987915039
4,7424,316.0,0.6117525100708008,15.794004440307617
4,7425,93.0,-0.36893534660339355,16.26399040222168
4,7426,242.0,0.612506628036499,14.578753471374512
4,7427,92.0,-0.8729828000068665,24.766897201538086
4,7428,273.0,0.43023794889450073,10.300028800964355
4,7429,43.0,-3.6286330223083496,84.00887298583984
4,7430,135.0,-0.36242300271987915,16.751220703125
4,7431,148.0,-0.03144337236881256,12.979777336120605
4,7432,162.0,-1.543640375137329,12.714010238647461
4,7433,100.0,-0.8398377895355225,23.65854263305664
4,7434,81.0,-1.0125788450241089,33.95036315917969
4,7435,251.0,0.28246065974235535,10.10876750946045
4,7436,33.0,-5.114213466644287,110.9837646484375
4,7437,206.0,-0.08673152327537537,7.7392988204956055
4,7438,48.0,-3.280151128768921,72.16442108154297
4,7439,42.0,-3.0380947589874268,83.48418426513672
4,7440,166.0,0.23538078367710114,7.8557000160217285
4,7441,45.0,-1.3664723634719849,68.15645599365234
4,7442,163.0,0.2095339596271515,9.861078262329102
4,7443,51.0,-1.057367205619812,59.45182800292969
4,7444,226.0,0.9861074090003967,16.20990753173828
4,7445,87.0,-0.7844631671905518,23.51285171508789
4,7446,68.0,-0.6638492941856384,38.97477722167969
4,7447,32.0,-3.342514991760254,81.92208862304688
4,7448,204.0,1.2687783241271973,23.021297454833984
4,7449,28.0,-3.6229052543640137,86.90726470947266
4,7450,368.0,1.4372432231903076,20.540945053100586
4,7451,373.0,1.0594874620437622,22.284618377685547
4,7452,102.0,-0.3214559853076935,17.364933013916016
4,7453,43.0,-1.2288426160812378,46.75919723510742
4,7454,288.0,0.9879465103149414,19.675310134887695
4,7455,36.0,-1.7986574172973633,51.545433044433594
4,7456,243.0,0.6264986395835876,19.868812561035156
4,7457,228.0,0.7045595645904541,20.035917282104492
4,7458,185.0,0.971550464630127,15.129439353942871
4,7459,274.0,1.2087419033050537,21.530866622924805
4,7460,50.0,-1.1822654008865356,34.81371307373047
4,7461,231.0,0.7363582253456116,16.22583770751953
4,7462,12.0,-6.546346664428711,146.18798828125
4,7463,65.0,-0.9211866855621338,28.445032119750977
4,7464,126.0,-0.3427880108356476,16.451663970947266
4,7465,139.0,0.10790940374135971,13.849053382873535
4,7466,121.0,-0.0077670421451330185,15.098325729370117
4,7467,13.0,-3.2165415287017822,139.33273315429688
4,7468,196.0,0.5829423069953918,18.026748657226562
4,7469,18.0,-5.0412492752075195,109.80805969238281
4,7470,209.0,0.6079697012901306,16.051048278808594
4,7471,252.0,0.9691802859306335,17.865951538085938
4,7472,141.0,0.7184973359107971,15.03758716583252
4,7473,164.0,0.4760292172431946,13.29984188079834
4,7474,289.0,0.8083692789077759,17.8464412689209
4,7475,27.0,-5.224686145782471,82.7154312133789
4,7476,15.0,-11.636178016662598,154.86895751953125
4,7477,86.0,-0.4430237114429474,25.056777954101562
4,7478,23.0,-4.165444850921631,106.57463836669922
4,7479,217.0,0.3984701931476593,10.9209566116333
4,7480,168.0,0.11522267758846283,13.981993675231934
4,7481,51.0,-2.633061170578003,46.03514862060547
4,7482,191.0,0.2916107475757599,13.867951393127441
4,7483,358.0,0.6166239380836487,15.57770824432373
4,7484,134.0,-0.14116311073303223,15.298423767089844
4,7485,71.0,-1.1554484367370605,36.31102752685547
4,7486,106.0,0.04272310063242912,18.28497314453125
4,7487,89.0,-0.7947422862052917,26.023178100585938
4,7488,312.0,0.550603449344635,13.642585754394531
4,7489,199.0,0.19104789197444916,11.962569236755371
4,7490,329.0,0.46714699268341064,16.132383346557617
4,7491,328.0,1.0523394346237183,19.76020050048828
4,7492,12.0,-5.022396564483643,188.3385467529297
4,7493,55.0,-1.6799501180648804,52.899024963378906
4,7494,34.0,-2.1475131511688232,80.79010772705078
4,7495,47.0,-1.505557894706726,52.93242645263672
4,7496,180.0,0.05040210112929344,11.873796463012695
4,7497,149.0,-0.29702427983283997,13.298705101013184
4,7498,149.0,0.09807614982128143,12.243792533874512
4,7499,312.0,0.967578113079071,24.502779006958008
4,7500,367.0,1.860904335975647,35.43458557128906
4,7501,103.0,-0.8527033925056458,19.614988327026367
4,7502,32.0,-2.326970100402832,81.91505432128906
4,7503,116.0,-0.12189566344022751,16.71991729736328
4,7504,179.0,0.3229188024997711,12.517881393432617
4,7505,98.0,-0.7594223022460938,21.10300064086914
4,7506,80.0,-2.088254451751709,32.172874450683594
4,7507,232.0,0.7242885828018188,11.642485618591309
4,7508,159.0,0.09594957530498505,12.620834350585938
4,7509,76.0,-0.781749963760376,28.333415985107422
4,7510,180.0,0.49586278200149536,12.108551025390625
4,7511,70.0,-0.8305857181549072,29.92200469970703
4,7512,103.0,-0.08606083691120148,20.84789276123047
4,7513,59.0,-3.205314874649048,40.342864990234375
4,7514,43.0,-1.1164284944534302,53.12779235839844
4,7515,117.0,0.3178020119667053,15.585707664489746
4,7516,32.0,-3.697399616241455,73.99323272705078
4,7517,103.0,0.07158410549163818,17.749893188476562
4,7518,37.0,-1.4987725019454956,49.58543395996094
4,7519,214.0,0.8394411206245422,22.650238037109375
4,7520,82.0,0.18602335453033447,19.659626007080078
4,7521,80.0,-0.3259913921356201,19.356164932250977
4,7522,76.0,-0.4010867476463318,21.47710609436035
4,7523,185.0,1.7128416299819946,25.808380126953125
4,7524,177.0,1.5468366146087646,27.48628044128418
4,7525,66.0,-0.39778444170951843,21.689912796020508
4,7526,99.0,0.27372077107429504,15.26148796081543
4,7527,165.0,0.9008005261421204,24.454261779785156
4,7528,38.0,-2.379452705383301,42.19711685180664
4,7529,125.0,1.0486186742782593,17.62329864501953
4,7530,61.0,-0.5618594288825989,20.753963470458984
4,7531,182.0,0.9514097571372986,26.53692626953125
4,7532,57.0,-0.5202453136444092,24.034629821777344
4,7533,108.0,1.0324386358261108,16.66667938232422
4,7534,381.0,1.9482905864715576,44.21644973754883
4,7535,105.0,0.9510165452957153,15.403033256530762
4,7536,228.0,1.3652136325836182,31.445100784301758
4,7537,127.0,0.5570083856582642,18.3608455657959
4,7538,296.0,1.362535834312439,39.317081451416016
4,7539,107.0,-0.1284717470407486,14.376315116882324
4,7540,260.0,1.2310867309570312,26.090282440185547
4,7541,347.0,1.9895637035369873,38.22262954711914
4,7542,107.0,0.032195497304201126,15.112955093383789
4,7543,150.0,0.6174465417861938,16.660720825195312
4,7544,84.0,-1.0804181098937988,18.216346740722656
4,7545,24.0,-3.965758800506592,121.43043518066406
4,7546,169.0,0.29325246810913086,12.383576393127441
4,7547,54.0,-1.3610420227050781,49.11526107788086
4,7548,72.0,-1.109398365020752,30.817468643188477
4,7549,220.0,0.4696320593357086,12.382644653320312
4,7550,123.0,-0.20783421397209167,11.623021125793457
4,7551,118.0,-0.24290694296360016,14.597442626953125
4,7552,70.0,-1.9549808502197266,29.382394790649414
4,7553,307.0,1.2899595499038696,17.223548889160156
4,7554,195.0,0.5293475985527039,15.464025497436523
4,7555,75.0,-0.8170715570449829,29.768617630004883
4,7556,162.0,0.5187025666236877,15.583592414855957
4,7557,149.0,-0.09851866960525513,12.30049991607666
4,7558,241.0,0.40626612305641174,14.458422660827637
4,7559,192.0,0.5603001713752747,15.270058631896973
4,7560,200.0,0.3603940010070801,14.666711807250977
4,7561,244.0,0.28774476051330566,12.438507080078125
4,7562,291.0,0.5290619730949402,12.256192207336426
4,7563,152.0,-0.3602238595485687,13.25948429107666
4,7564,111.0,-0.7957072854042053,19.005800247192383
4,7565,137.0,-0.7359888553619385,16.58367347717285
4,7566,25.0,-10.880183219909668,167.5912322998047
4,7567,39.0,-3.187506914138794,111.61783599853516
4,7568,181.0,-0.09112069010734558,11.411844253540039
4,7569,42.0,-2.6130642890930176,106.64472198486328
4,7570,272.0,0.28738367557525635,11.39022159576416
4,7571,370.0,0.6163303256034851,16.864686965942383
4,7572,170.0,-0.15629705786705017,12.318498611450195
4,7573,200.0,0.2288118153810501,9.676790237426758
4,7574,217.0,0.1818244457244873,13.12541675567627
4,7575,257.0,0.17906509339809418,11.375541687011719
4,7576,287.0,0.4697115421295166,11.66103744506836
4,7577,103.0,-0.8946061730384827,16.16560173034668
4,7578,477.0,0.742660641670227,17.420654296875
4,7579,124.0,-0.49077099561691284,17.302072525024414
4,7580,32.0,-2.445333480834961,119.10179901123047
4,7581,177.0,-0.03303920850157738,11.578940391540527
4,7582,85.0,-0.9872692227363586,34.561363220214844
4,7583,204.0,0.13894885778427124,10.439510345458984
4,7584,82.0,-0.7608530521392822,36.240684509277344
4,7585,212.0,-0.22894476354122162,11.552249908447266
4,7586,271.0,0.30728763341903687,11.677740097045898
4,7587,67.0,-1.8994369506835938,46.171844482421875
4,7588,312.0,0.879619300365448,14.889116287231445
4,7589,28.0,-5.21517276763916,118.1171646118164
4,7590,89.0,-0.9413776397705078,28.216150283813477
4,7591,149.0,0.06009390205144882,9.440923690795898
4,7592,53.0,-3.2231786251068115,48.3267822265625
4,7593,75.0,-1.5231258869171143,38.938079833984375
4,7594,71.0,-1.4527827501296997,33.63615798950195
4,7595,115.0,-0.3873319625854492,16.671525955200195
4,7596,61.0,-1.8699672222137451,38.39292907714844
4,7597,249.0,0.9122236967086792,17.2250919342041
4,7598,447.0,0.964811384677887,21.02790641784668
4,7599,153.0,0.19416707754135132,13.016050338745117
4,7600,77.0,-0.4787084758281708,23.170347213745117
4,7601,24.0,-5.4934773445129395,94.07366180419922
4,7602,30.0,-2.3662166595458984,70.12608337402344
4,7603,66.0,-0.8385274410247803,22.371150970458984
4,7604,194.0,1.5175516605377197,22.832603454589844
4,7605,115.0,0.14852334558963776,14.991220474243164
4,7606,197.0,0.5650107264518738,22.907909393310547
4,7607,347.0,1.4181146621704102,36.487117767333984
4,7608,135.0,0.7093436121940613,14.906538009643555
4,7609,435.0,1.3960864543914795,43.38713836669922
4,7610,93.0,-0.02321728877723217,17.37479591369629
4,7611,156.0,0.6268057823181152,14.319276809692383
4,7612,95.0,0.11992427706718445,18.976533889770508
4,7613,19.0,-4.8750081062316895,109.05338287353516
4,7614,384.0,1.3767681121826172,23.48158836364746
4,7615,123.0,-0.10987667739391327,14.643268585205078
4,7616,12.0,-5.4051008224487305,156.10537719726562
4,7617,295.0,1.1683531999588013,20.22990608215332
4,7618,279.0,1.1224513053894043,17.71530532836914
4,7619,222.0,0.8652961850166321,15.3110933303833
4,7620,390.0,1.2650253772735596,23.312952041625977
4,7621,327.0,0.7721024751663208,13.583599090576172
4,7622,31.0,-3.576180934906006,90.0497055053711
4,7623,441.0,0.8019333481788635,13.933257102966309
4,7624,146.0,-0.3710598349571228,9.865273475646973
4,7625,144.0,-0.4290432035923004,14.93433952331543
4,7626,274.0,0.9462562799453735,12.942249298095703
4,7627,203.0,0.41141340136528015,11.846583366394043
4,7628,151.0,-0.04540715366601944,12.521589279174805
4,7629,45.0,-2.4116370677948,74.43937683105469
4,7630,191.0,-0.04100027307868004,8.177157402038574
4,7631,313.0,0.2860538065433502,10.819124221801758
4,7632,140.0,-0.9921917915344238,20.099000930786133
4,7633,500.0,0.22392632067203522,7.3965630531311035
4,7634,80.0,-2.198230504989624,41.84519958496094
4,7635,206.0,0.010826141573488712,12.106354713439941
4,7636,200.0,-0.5106058716773987,12.686152458190918
4,7637,84.0,-1.564210057258606,35.11105728149414
4,7638,26.0,-3.7625439167022705,131.04095458984375
4,7639,183.0,-0.21786169707775116,8.422045707702637
4,7640,250.0,0.38187935948371887,10.83375358581543
4,7641,384.0,0.9102981686592102,16.68524932861328
4,7642,185.0,0.02325214445590973,7.472325801849365
4,7643,159.0,0.10135247558355331,9.326211929321289
4,7644,199.0,0.28537118434906006,8.46412467956543
4,7645,192.0,0.38109609484672546,10.772191047668457
4,7646,182.0,0.2891825735569,8.694063186645508
4,7647,295.0,0.5921097993850708,10.295766830444336
4,7648,138.0,0.1727473884820938,8.965768814086914
4,7649,165.0,-0.605178713798523,8.05393123626709
4,7650,158.0,-0.332082599401474,16.226716995239258
4,7651,282.0,-0.2631397843360901,9.12652587890625
4,7652,415.0,0.9353000521659851,11.79623794555664
4,7653,201.0,-0.01259344071149826,7.622218132019043
4,7654,451.0,0.6533313393592834,14.585482597351074
4,7655,421.0,0.9233875274658203,14.152597427368164
4,7656,76.0,-1.6223511695861816,46.17683792114258
4,7657,164.0,-0.24443940818309784,5.675398349761963
4,7658,110.0,-1.4943195581436157,28.824115753173828
4,7659,129.0,-0.9052226543426514,14.612237930297852
4,7660,221.0,-0.10114108771085739,6.291090488433838
4,7661,191.0,-0.08806152641773224,8.4103422164917
4,7662,339.0,0.25872063636779785,7.476095676422119
4,7663,225.0,0.08758140355348587,4.5023088455200195
4,7664,206.0,-0.3688492178916931,14.660905838012695
4,7665,33.0,-2.462775230407715,109.26114654541016
4,7666,148.0,-0.5347434878349304,8.943814277648926
4,7667,32.0,-3.237046480178833,110.20331573486328
4,7668,338.0,0.9625787138938904,18.70103645324707
4,7669,201.0,0.2217184156179428,4.1593451499938965
4,7670,261.0,0.5821808576583862,10.887134552001953
4,7671,284.0,0.6059010624885559,8.154947280883789
4,7672,28.0,-2.469198226928711,104.17540740966797
4,7673,322.0,-0.07422646880149841,8.238685607910156
4,7674,152.0,-0.1007908284664154,7.8298516273498535
4,7675,431.0,0.29292434453964233,6.581851959228516
4,7676,136.0,-0.6776189804077148,20.79831886291504
4,7677,306.0,-0.12884947657585144,10.093526840209961
4,7678,19.0,-4.185109615325928,122.34642791748047
4,7679,240.0,0.23098443448543549,8.006006240844727
4,7680,500.0,0.8960002064704895,12.065803527832031
4,7681,163.0,0.06381910294294357,11.623358726501465
4,7682,266.0,-0.32995736598968506,11.64415168762207
4,7683,108.0,-0.3661060035228729,26.294801712036133
4,7684,451.0,0.5101740956306458,11.014470100402832
4,7685,28.0,-2.5946054458618164,97.99459838867188
4,7686,196.0,-0.17661245167255402,12.413297653198242
4,7687,279.0,0.025129804387688637,8.60149097442627
4,7688,65.0,-1.0431363582611084,47.443843841552734
4,7689,187.0,-0.10183315724134445,10.180436134338379
4,7690,161.0,0.06917130947113037,17.106672286987305
4,7691,142.0,-0.2865157425403595,17.451845169067383
4,7692,74.0,-0.683040201663971,36.37363815307617
4,7693,188.0,0.3789297938346863,8.633794784545898
4,7694,113.0,0.3871789574623108,22.152280807495117
4,7695,234.0,0.5902617573738098,10.981966972351074
4,7696,259.0,1.2186156511306763,17.11397933959961
4,7697,144.0,0.2376081347465515,9.504595756530762
4,7698,64.0,-0.5746402740478516,30.211149215698242
4,7699,321.0,1.3166757822036743,22.8073673248291
4,7700,60.0,-0.42844048142433167,32.68354034423828
4,7701,10.0,-8.194164276123047,167.7826690673828
4,7702,447.0,1.874515414237976,39.32870101928711
4,7703,38.0,-1.4451323747634888,52.352603912353516
4,7704,167.0,0.7986623048782349,17.592884063720703
4,7705,244.0,1.171775221824646,17.61119270324707
4,7706,27.0,-3.9750733375549316,72.17827606201172
4,7707,28.0,-3.26920485496521,69.6764144897461
4,7708,224.0,1.1993446350097656,17.987401962280273
4,7709,249.0,0.9562133550643921,22.7437686920166
4,7710,142.0,0.4009273946285248,15.090495109558105
4,7711,179.0,0.5602449178695679,20.48429298400879
4,7712,143.0,0.10141120851039886,20.815773010253906
4,7713,496.0,0.7841097116470337,10.544364929199219
4,7714,166.0,0.29761791229248047,17.156494140625
4,7715,26.0,-4.1414713859558105,74.62281799316406
4,7716,148.0,0.8437902927398682,10.783896446228027
4,7717,165.0,0.4417809545993805,18.13298225402832
4,7718,159.0,0.29193219542503357,15.93964672088623
4,7719,142.0,-0.15411655604839325,14.037261009216309
4,7720,194.0,0.6945347785949707,14.14898681640625
4,7721,500.0,0.9016323089599609,19.392101287841797
4,7722,100.0,-0.2257646918296814,19.951261520385742
4,7723,183.0,0.2908618748188019,10.177194595336914
4,7724,177.0,-0.10397105664014816,10.211172103881836
4,7725,253.0,0.6230744123458862,12.87757396697998
4,7726,300.0,0.5615813732147217,12.015950202941895
4,7727,158.0,-1.0004733800888062,19.739473342895508
4,7728,181.0,-0.004580590408295393,5.060797691345215
4,7729,139.0,-0.38877639174461365,15.846244812011719
4,7730,146.0,-0.3780103027820587,21.592025756835938
4,7731,409.0,0.7741957902908325,16.40691375732422
4,7732,145.0,-0.9498966336250305,14.62295913696289
4,7733,198.0,-0.06803488731384277,9.88988208770752
4,7734,105.0,-1.3344407081604004,24.485931396484375
4,7735,192.0,0.14471593499183655,8.644131660461426
4,7736,196.0,0.5302454233169556,10.849430084228516
4,7737,286.0,0.7393672466278076,34.4775276184082
4,7738,169.0,-0.18436822295188904,6.05631160736084
4,7739,233.0,0.44648313522338867,15.217392921447754
4,7740,90.0,-1.284538745880127,33.62518310546875
4,7741,93.0,-1.6407479047775269,38.76220703125
4,7742,276.0,0.8017102479934692,12.79478645324707
4,7743,75.0,-1.4836430549621582,46.799739837646484
4,7744,163.0,-0.025714624673128128,2.4715654850006104
4,7745,151.0,-0.3078535795211792,9.258109092712402
4,7746,40.0,-3.5783932209014893,86.5699691772461
4,7747,152.0,-0.5608809590339661,13.567069053649902
4,7748,106.0,-0.6198352575302124,23.563756942749023
4,7749,199.0,0.4806494116783142,8.303720474243164
4,7750,25.0,-4.88546085357666,115.38963317871094
4,7751,200.0,0.5235236883163452,15.84199333190918
4,7752,500.0,1.7949849367141724,63.93559646606445
4,7753,288.0,1.337077021598816,26.465972900390625
4,7754,408.0,1.0706108808517456,32.08755111694336
4,7755,246.0,0.8171302676200867,17.252553939819336
4,7756,500.0,1.4097684621810913,19.547143936157227
4,7757,382.0,0.8355709314346313,12.251692771911621
4,7758,163.0,0.25743985176086426,5.657196998596191
4,7759,30.0,-5.444416522979736,92.52728271484375
4,7760,367.0,0.8699415922164917,14.450262069702148
4,7761,111.0,-0.12246625125408173,7.474039077758789
4,7762,342.0,0.4718119502067566,8.43624496459961
4,7763,235.0,0.2026253044605255,12.423755645751953
4,7764,188.0,-0.3932388126850128,8.661264419555664
4,7765,262.0,-0.2882930040359497,11.517618179321289
4,7766,72.0,-0.9235830903053284,46.26860427856445
4,7767,149.0,-0.6221082210540771,19.608625411987305
4,7768,199.0,-0.08952026069164276,14.345247268676758
4,7769,277.0,0.8037277460098267,12.527321815490723
4,7770,152.0,-0.7646672129631042,15.570611000061035
4,7771,500.0,0.8685566186904907,19.222373962402344
4,7772,154.0,-0.45962798595428467,7.725600719451904
4,7773,312.0,0.12429879605770111,11.178563117980957
4,7774,178.0,-0.04481464624404907,14.596394538879395
4,7775,113.0,-0.6559380888938904,22.504976272583008
4,7776,146.0,-0.49154138565063477,13.834918022155762
4,7777,183.0,0.3577856719493866,14.493103981018066
4,7778,71.0,-1.3204220533370972,34.64859390258789
4,7779,213.0,0.5640517473220825,10.36143970489502
4,7780,67.0,-1.2257062196731567,34.87873840332031
4,7781,32.0,-3.2233312129974365,86.46346282958984
4,7782,37.0,-1.7985498905181885,76.37171936035156
4,7783,58.0,-0.9680507779121399,37.158790588378906
4,7784,207.0,0.9626666307449341,13.32081413269043
4,7785,27.0,-2.980248212814331,82.47290802001953
4,7786,118.0,0.33333951234817505,15.846623420715332
4,7787,268.0,1.1111419200897217,21.988649368286133
4,7788,118.0,0.4605695307254791,14.20186710357666
4,7789,109.0,-0.22114033997058868,15.217039108276367
4,7790,52.0,-1.0034294128417969,34.54350662231445
4,7791,313.0,1.1913971900939941,26.034452438354492
4,7792,88.0,0.045514751225709915,18.290311813354492
4,7793,52.0,-1.422335147857666,34.56029510498047
4,7794,159.0,0.4645237326622009,19.30473518371582
4,7795,127.0,0.5776375532150269,14.592989921569824
4,7796,228.0,1.126017451286316,21.797718048095703
4,7797,127.0,0.3526151478290558,15.1672945022583
4,7798,272.0,1.2739847898483276,25.636001586914062
4,7799,82.0,0.07653395086526871,19.630884170532227
4,7800,195.0,1.5620477199554443,21.088701248168945
4,7801,249.0,1.1503041982650757,22.557193756103516
4,7802,252.0,1.275719165802002,21.60310935974121
4,7803,183.0,0.6622486114501953,13.532367706298828
4,7804,140.0,0.3159639537334442,11.281364440917969
4,7805,170.0,0.8844817280769348,11.10843563079834
4,7806,234.0,0.2296077311038971,12.612944602966309
4,7807,61.0,-1.091184377670288,43.406654357910156
4,7808,199.0,0.16572175920009613,7.463273048400879
4,7809,140.0,-0.18133936822414398,10.15441608428955
4,7810,39.0,-2.7337024211883545,89.85542297363281
4,7811,69.0,-2.6958093643188477,49.604026794433594
4,7812,204.0,-0.05304516851902008,10.28325366973877
4,7813,44.0,-1.7163424491882324,92.18218231201172
4,7814,141.0,-0.27319779992103577,12.338851928710938
4,7815,54.0,-2.767075538635254,66.23643493652344
4,7816,126.0,-0.5809347629547119,17.086641311645508
4,7817,163.0,0.2440287470817566,6.000068187713623
4,7818,151.0,-0.28986287117004395,10.393381118774414
4,7819,251.0,1.1745134592056274,29.302980422973633
4,7820,159.0,0.05294656753540039,5.098577976226807
4,7821,193.0,0.9668017029762268,12.776956558227539
4,7822,109.0,-0.34828612208366394,21.673391342163086
4,7823,44.0,-1.3908034563064575,75.39712524414062
4,7824,31.0,-3.3539881706237793,100.35418701171875
4,7825,72.0,-1.4882750511169434,37.8623046875
4,7826,255.0,1.7513760328292847,35.03699493408203
4,7827,106.0,-0.9698484539985657,19.601886749267578
4,7828,124.0,0.3082699775695801,12.540199279785156
4,7829,153.0,0.3507838547229767,10.310770034790039
4,7830,150.0,0.45551759004592896,9.50015926361084
4,7831,124.0,0.13719594478607178,5.444327354431152
4,7832,283.0,1.8726767301559448,42.97572326660156
4,7833,41.0,-1.656369686126709,66.16719055175781
4,7834,26.0,-4.322633743286133,106.67404174804688
4,7835,78.0,-0.618885338306427,27.23106575012207
4,7836,173.0,0.7050890326499939,13.544201850891113
4,7837,114.0,0.03090566396713257,15.682280540466309
4,7838,23.0,-3.0380146503448486,111.87507629394531
4,7839,471.0,1.6409064531326294,43.50662612915039
4,7840,53.0,-1.1521077156066895,42.903079986572266
4,7841,197.0,1.3119510412216187,26.35256576538086
4,7842,193.0,0.47236135601997375,11.72845458984375
4,7843,148.0,0.2658633291721344,8.897712707519531
4,7844,110.0,-0.17349520325660706,17.23552894592285
4,7845,180.0,0.5365033149719238,12.98788833618164
4,7846,149.0,0.022494085133075714,15.301804542541504
4,7847,267.0,0.7696754336357117,20.869638442993164
4,7848,67.0,-1.5775947570800781,29.36733627319336
4,7849,10.0,-8.235600471496582,175.60008239746094
4,7850,140.0,0.2541515529155731,12.847319602966309
4,7851,132.0,0.01780075579881668,17.041675567626953
4,7852,44.0,-1.3105676174163818,46.28894805908203
4,7853,94.0,-0.830348551273346,18.641870498657227
4,7854,188.0,0.8558018207550049,17.57337188720703
4,7855,50.0,-1.2099453210830688,42.00215530395508
4,7856,151.0,0.4541684687137604,10.39966106414795
4,7857,210.0,0.6104569435119629,14.21902847290039
4,7858,66.0,-0.46613529324531555,30.297372817993164
4,7859,37.0,-0.9426660537719727,56.726165771484375
4,7860,35.0,-3.771214723587036,54.89306640625
4,7861,115.0,0.2748624086380005,15.98550796508789
4,7862,81.0,-0.012050081044435501,21.961872100830078
4,7863,37.0,-3.023244857788086,45.96128463745117
4,7864,148.0,1.2524197101593018,13.315837860107422
4,7865,183.0,1.108934760093689,23.977699279785156
4,7866,117.0,0.5469067096710205,15.507197380065918
4,7867,336.0,1.2133299112319946,32.09160614013672
4,7868,205.0,1.3830766677856445,31.989397048950195
4,7869,500.0,2.2454075813293457,61.60639953613281
4,7870,185.0,1.409237265586853,24.35808753967285
4,7871,116.0,-0.0014809337444603443,10.487014770507812
4,7872,62.0,-0.5065312385559082,31.647539138793945
4,7873,223.0,0.8071152567863464,16.91476821899414
4,7874,183.0,0.4190616011619568,11.815403938293457
4,7875,85.0,-0.46422356367111206,25.014080047607422
4,7876,114.0,-0.660152792930603,16.507421493530273
4,7877,298.0,1.007229208946228,18.573890686035156
4,7878,214.0,0.6078911423683167,14.931564331054688
4,7879,288.0,1.0347557067871094,21.800580978393555
4,7880,23.0,-4.221120834350586,133.12107849121094
4,7881,324.0,0.5369192361831665,13.514413833618164
4,7882,390.0,0.6883357167243958,7.401346206665039
4,7883,196.0,-0.4251747727394104,15.322091102600098
4,7884,114.0,-1.0310719013214111,22.433425903320312
4,7885,336.0,0.006627197377383709,8.283405303955078
4,7886,36.0,-3.418318271636963,92.43392944335938
4,7887,12.0,-5.354432106018066,237.1887969970703
4,7888,106.0,-0.9486021399497986,23.756275177001953
4,7889,27.0,-4.413578987121582,109.80560302734375
4,7890,149.0,-0.17025892436504364,14.179300308227539
4,7891,283.0,0.6967012882232666,12.405097007751465
4,7892,148.0,-0.14487580955028534,17.21923065185547
4,7893,39.0,-4.5606160163879395,68.16767883300781
4,7894,23.0,-4.836315631866455,115.44328308105469
4,7895,175.0,0.5255498290061951,10.044646263122559
4,7896,167.0,0.42483648657798767,12.996843338012695
4,7897,456.0,1.1725839376449585,21.003446578979492
4,7898,107.0,-0.13808363676071167,18.301973342895508
4,7899,21.0,-2.3073325157165527,112.61160278320312
4,7900,71.0,-1.1280635595321655,25.301380157470703
4,7901,50.0,-0.8205201625823975,37.54566192626953
4,7902,153.0,0.47376328706741333,12.754107475280762
4,7903,114.0,0.3596152365207672,16.823549270629883
4,7904,386.0,1.8254296779632568,28.673797607421875
4,7905,194.0,0.975316047668457,20.87529945373535
4,7906,194.0,0.9807273745536804,19.79559898376465
4,7907,202.0,0.8634492754936218,21.78112030029297
4,7908,165.0,0.7559757828712463,17.072004318237305
4,7909,311.0,1.179702877998352,21.58121109008789
4,7910,47.0,-1.7962310314178467,40.616798400878906
4,7911,259.0,0.8266937136650085,16.461889266967773
4,7912,202.0,0.5430789589881897,13.409960746765137
4,7913,119.0,-0.13392813503742218,16.536474227905273
4,7914,21.0,-4.5733184814453125,106.55636596679688
4,7915,75.0,-0.7626800537109375,30.526199340820312
4,7916,141.0,0.07017412036657333,13.499524116516113
4,7917,67.0,-0.7875035405158997,37.50114059448242
4,7918,127.0,-0.17093141376972198,16.5432186126709
4,7919,162.0,0.16156457364559174,10.1886625289917
4,7920,144.0,0.09533137083053589,8.78886604309082
4,7921,44.0,-1.7479782104492188,52.217681884765625
4,7922,213.0,0.5738587975502014,11.031694412231445
4,7923,111.0,-0.0369185246527195,20.549646377563477
4,7924,47.0,-1.8796149492263794,51.181495666503906
4,7925,238.0,0.6140045523643494,17.591524124145508
4,7926,44.0,-0.990587055683136,57.140663146972656
4,7927,171.0,0.1826457679271698,13.99926471710205
4,7928,247.0,1.1073614358901978,20.97755241394043
4,7929,198.0,0.2538205087184906,15.785316467285156
4,7930,72.0,-1.6877368688583374,31.88954734802246
4,7931,175.0,0.40995270013809204,13.317059516906738
4,7932,45.0,-3.15026593208313,54.475242614746094
4,7933,174.0,0.19706924259662628,10.720948219299316
4,7934,310.0,1.1995575428009033,26.20391273498535
4,7935,182.0,0.4313245117664337,8.387514114379883
4,7936,253.0,0.6750870943069458,13.622615814208984
4,7937,102.0,-0.6654120683670044,19.631574630737305
4,7938,14.0,-11.179784774780273,180.5003204345703
4,7939,253.0,0.5423409342765808,8.182958602905273
4,7940,158.0,-0.08518099039793015,13.429699897766113
4,7941,94.0,-1.0129910707473755,25.63327980041504
4,7942,119.0,-0.4469941556453705,21.402965545654297
4,7943,23.0,-4.676059722900391,126.47489929199219
4,7944,92.0,-1.4715639352798462,29.028627395629883
4,7945,114.0,-0.5196292400360107,18.691993713378906
4,7946,251.0,1.001810073852539,11.800860404968262
4,7947,500.0,1.1643506288528442,27.0805721282959
4,7948,54.0,-1.381550908088684,46.30234909057617
4,7949,84.0,-0.7904044985771179,26.67624282836914
4,7950,232.0,1.0784878730773926,14.345277786254883
4,7951,243.0,0.7025945782661438,13.875325202941895
4,7952,268.0,0.6304177641868591,13.896500587463379
4,7953,159.0,-0.008191102184355259,8.719694137573242
4,7954,231.0,0.6708771586418152,11.597363471984863
4,7955,133.0,0.1870134323835373,10.822702407836914
4,7956,80.0,-1.481676697731018,28.14720344543457
4,7957,227.0,0.6968252062797546,11.49609375
4,7958,165.0,0.09525325149297714,9.230984687805176
4,7959,148.0,-0.013205992057919502,10.781421661376953
4,7960,170.0,0.4064728319644928,7.220089435577393
4,7961,96.0,-0.3409148156642914,25.4840030670166
4,7962,26.0,-2.867554187774658,100.72350311279297
4,7963,189.0,0.1601993888616562,12.305323600769043
4,7964,40.0,-2.045400619506836,72.531005859375
4,7965,150.0,0.016915518790483475,5.583777904510498
4,7966,343.0,0.9179556965827942,15.564370155334473
4,7967,168.0,0.14771325886249542,5.559717655181885
4,7968,20.0,-8.058731079101562,128.5231475830078
4,7969,252.0,0.4138580560684204,7.901766300201416
4,7970,371.0,0.9712793231010437,46.3846435546875
4,7971,140.0,-0.40423527359962463,10.989886283874512
4,7972,228.0,0.6077128648757935,11.409478187561035
4,7973,169.0,0.07699424773454666,7.716017246246338
4,7974,154.0,-0.04881718009710312,5.0665364265441895
4,7975,253.0,0.6017898917198181,12.008201599121094
4,7976,226.0,0.19391211867332458,6.498005390167236
4,7977,52.0,-3.0462427139282227,67.07734680175781
4,7978,156.0,-0.4305318295955658,11.03847885131836
4,7979,157.0,-0.3341820240020752,7.48838472366333
4,7980,177.0,-0.5177046060562134,9.401476860046387
4,7981,233.0,-0.0981697142124176,6.342203617095947
4,7982,136.0,-0.08353324234485626,3.249143123626709
4,7983,50.0,-1.4793614149093628,76.74913024902344
4,7984,258.0,0.14854392409324646,5.095597267150879
4,7985,215.0,-0.16704455018043518,5.849208831787109
4,7986,200.0,-0.3790352940559387,13.147147178649902
4,7987,65.0,-2.094597101211548,60.070228576660156
4,7988,99.0,-1.2864198684692383,38.89286804199219
4,7989,267.0,0.07129182666540146,9.846378326416016
4,7990,77.0,-1.3886103630065918,45.14712905883789
4,7991,306.0,0.6790410876274109,28.836711883544922
4,7992,314.0,0.9204180836677551,9.676041603088379
4,7993,177.0,0.1839425414800644,2.8912365436553955
4,7994,216.0,-0.032398175448179245,11.58431339263916
4,7995,211.0,0.37446239590644836,6.108422756195068
4,7996,399.0,0.49118465185165405,5.7979736328125
4,7997,316.0,0.24159494042396545,6.673877239227295
4,7998,407.0,0.558505117893219,5.88875675201416
4,7999,206.0,-0.13963575661182404,5.343123912811279
4,8000,320.0,0.35732531547546387,5.233333587646484
