stage,episode,total_reward,actor_loss,critic_loss
1,1,52.0,18.301828384399414,921.7731323242188
1,2,40.0,14.087038040161133,545.4172973632812
1,3,28.0,9.849608421325684,267.2582702636719
1,4,16.0,5.636152744293213,87.59688568115234
1,5,20.0,6.949982643127441,133.99649047851562
1,6,14.0,4.809967994689941,64.9147720336914
1,7,13.0,4.389845371246338,54.675601959228516
1,8,20.0,6.72417688369751,127.99126434326172
1,9,13.0,4.243015289306641,51.461402893066406
1,10,39.0,13.127955436706543,485.7641296386719
1,11,18.0,5.752539157867432,96.76854705810547
1,12,10.0,2.8706467151641846,26.85618019104004
1,13,12.0,3.4511241912841797,37.95839309692383
1,14,10.0,2.620595932006836,24.20134162902832
1,15,38.0,12.144192695617676,429.96234130859375
1,16,16.0,4.394957542419434,63.33680725097656
1,17,19.0,5.327218055725098,89.44647979736328
1,18,18.0,4.748788356781006,75.87349700927734
1,19,33.0,9.785318374633789,290.147216796875
1,20,18.0,4.4211506843566895,68.251953125
1,21,24.0,6.1919026374816895,130.18450927734375
1,22,23.0,5.667492866516113,111.5916976928711
1,23,56.0,16.730260848999023,848.5037841796875
1,24,39.0,10.525727272033691,363.1731262207031
1,25,15.0,2.0925681591033936,29.802827835083008
1,26,33.0,7.961591720581055,224.1494903564453
1,27,21.0,3.4530012607574463,64.587158203125
1,28,18.0,2.1500210762023926,38.99287414550781
1,29,9.0,-1.1505151987075806,12.90969181060791
1,30,15.0,0.4802487790584564,22.580358505249023
1,31,17.0,0.8012295365333557,29.48257827758789
1,32,20.0,1.4262546300888062,41.477561950683594
1,33,33.0,5.6099934577941895,158.6868896484375
1,34,37.0,6.571090221405029,207.02748107910156
1,35,27.0,2.723663091659546,80.75201416015625
1,36,32.0,3.919322967529297,124.09476470947266
1,37,13.0,-3.082886219024658,40.430145263671875
1,38,20.0,-0.7528002858161926,37.99178695678711
1,39,50.0,9.06307315826416,382.27374267578125
1,40,23.0,-0.6506791710853577,51.807796478271484
1,41,10.0,-4.738375186920166,64.7684326171875
1,42,25.0,-0.14027801156044006,56.632408142089844
1,43,20.0,-2.1399149894714355,49.59656524658203
1,44,16.0,-3.319544792175293,53.03249740600586
1,45,13.0,-4.54449462890625,63.006534576416016
1,46,13.0,-4.025289535522461,56.868255615234375
1,47,16.0,-2.8424408435821533,44.131107330322266
1,48,23.0,-0.4273523986339569,50.28422927856445
1,49,12.0,-3.7727549076080322,49.587867736816406
1,50,10.0,-4.918276309967041,64.32230377197266
1,51,21.0,-0.5833853483200073,44.441017150878906
1,52,16.0,-1.7032161951065063,32.3961296081543
1,53,50.0,10.118963241577148,423.7759094238281
1,54,12.0,-2.953188419342041,35.690635681152344
1,55,28.0,3.089587926864624,87.15664672851562
1,56,16.0,-0.8298755884170532,26.28765106201172
1,57,15.0,-1.17311429977417,25.307884216308594
1,58,39.0,7.303825855255127,242.9554901123047
1,59,9.0,-2.902609348297119,28.05710792541504
1,60,13.0,-1.182483434677124,20.870615005493164
1,61,59.0,14.713104248046875,743.4633178710938
1,62,40.0,8.330445289611816,279.5005798339844
1,63,17.0,0.5432961583137512,27.707849502563477
1,64,34.0,6.346747398376465,182.00003051757812
1,65,21.0,1.7334251403808594,46.98746871948242
1,66,15.0,-0.3715713620185852,22.562484741210938
1,67,33.0,5.874235153198242,166.99684143066406
1,68,14.0,-0.5748112201690674,19.273406982421875
1,69,33.0,5.749326229095459,163.5375518798828
1,70,25.0,3.049443006515503,73.90570068359375
1,71,34.0,5.9937639236450195,175.9029541015625
1,72,11.0,-2.215574026107788,23.808557510375977
1,73,31.0,4.8253021240234375,130.29824829101562
1,74,19.0,0.6072503328323364,33.109683990478516
1,75,15.0,-1.11094331741333,24.636137008666992
1,76,25.0,2.3848345279693604,66.14820861816406
1,77,8.0,-3.762287139892578,37.67544174194336
1,78,23.0,1.4814436435699463,50.18136215209961
1,79,31.0,4.164595603942871,117.75286865234375
1,80,37.0,5.976768493652344,189.9879913330078
1,81,19.0,-0.43070435523986816,35.32119369506836
1,82,12.0,-2.7150516510009766,30.14634132385254
1,83,17.0,-1.3836363554000854,32.73830032348633
1,84,21.0,-0.0023088380694389343,40.98333740234375
1,85,18.0,-1.0503103733062744,33.294105529785156
1,86,37.0,5.555256366729736,179.92437744140625
1,87,25.0,1.5551036596298218,58.629173278808594
1,88,17.0,-1.3096240758895874,29.359596252441406
1,89,17.0,-1.3294304609298706,29.314149856567383
1,90,23.0,0.6886753439903259,48.66920852661133
1,91,26.0,1.6370084285736084,66.58635711669922
1,92,10.0,-3.6796395778656006,38.897857666015625
1,93,22.0,0.20771536231040955,45.08490753173828
1,94,16.0,-1.683912992477417,30.308433532714844
1,95,19.0,-0.7046166062355042,34.80913162231445
1,96,30.0,3.222607374191284,97.61176300048828
1,97,20.0,-0.07406770437955856,34.555843353271484
1,98,12.0,-2.700007915496826,28.940139770507812
1,99,33.0,4.361336708068848,134.4326934814453
1,100,10.0,-3.264397621154785,32.40675735473633
1,101,9.0,-4.023313522338867,39.47364044189453
1,102,44.0,8.293374061584473,306.6664733886719
1,103,17.0,-0.667794942855835,25.869356155395508
1,104,30.0,3.6849889755249023,107.10808563232422
1,105,35.0,5.328668117523193,166.2720184326172
1,106,15.0,-1.576724648475647,26.459075927734375
1,107,41.0,7.7552490234375,267.8066101074219
1,108,11.0,-2.5366828441619873,24.441875457763672
1,109,48.0,9.702706336975098,395.95526123046875
1,110,20.0,0.42431798577308655,33.9116096496582
1,111,20.0,0.12657062709331512,37.40190124511719
1,112,14.0,-1.6924687623977661,22.455020904541016
1,113,15.0,-1.3362032175064087,22.74858856201172
1,114,14.0,-1.9715274572372437,26.862152099609375
1,115,16.0,-0.9141840934753418,22.391332626342773
1,116,19.0,0.3429194688796997,30.163854598999023
1,117,30.0,4.033492565155029,113.66082000732422
1,118,21.0,1.075925350189209,39.19437026977539
1,119,21.0,0.7810894250869751,41.66766357421875
1,120,26.0,2.3869097232818604,72.38790893554688
1,121,15.0,-1.0208252668380737,20.75946044921875
1,122,17.0,-0.5240198373794556,23.441986083984375
1,123,22.0,1.3395631313323975,43.23215866088867
1,124,18.0,-0.7887954115867615,30.651592254638672
1,125,42.0,8.231447219848633,288.0335388183594
1,126,11.0,-2.393787145614624,22.907079696655273
1,127,20.0,0.5938720703125,33.463348388671875
1,128,13.0,-1.8000891208648682,20.850643157958984
1,129,33.0,5.031553745269775,142.34580993652344
1,130,17.0,-0.43977758288383484,22.541404724121094
1,131,16.0,-0.8445334434509277,21.684532165527344
1,132,14.0,-1.398783802986145,19.926197052001953
1,133,17.0,-0.35760414600372314,24.752946853637695
1,134,13.0,-2.103942632675171,27.342985153198242
1,135,17.0,-0.2429768145084381,22.919879913330078
1,136,14.0,-1.8285341262817383,24.9227237701416
1,137,18.0,0.035810790956020355,30.698040008544922
1,138,17.0,-0.32242369651794434,27.0491943359375
1,139,25.0,2.8141860961914062,74.29566955566406
1,140,35.0,6.71047306060791,193.50648498535156
1,141,21.0,2.0834405422210693,42.946048736572266
1,142,20.0,1.6080942153930664,34.053260803222656
1,143,12.0,-0.9852866530418396,14.125899314880371
1,144,14.0,-0.35446226596832275,17.059968948364258
1,145,15.0,-0.37680432200431824,21.4039363861084
1,146,44.0,9.742104530334473,368.5205993652344
1,147,26.0,3.6703546047210693,85.76902770996094
1,148,34.0,6.598879337310791,184.68431091308594
1,149,28.0,4.5475640296936035,107.26769256591797
1,150,14.0,-1.0305088758468628,19.49610137939453
1,151,12.0,-1.7484062910079956,19.01887321472168
1,152,24.0,2.967132329940796,63.84153747558594
1,153,12.0,-1.2604832649230957,13.243941307067871
1,154,33.0,5.532617568969727,156.23370361328125
1,155,20.0,0.9479473233222961,36.73417282104492
1,156,13.0,-1.6263437271118164,20.67668914794922
1,157,17.0,0.2922773063182831,21.916837692260742
1,158,21.0,1.6145329475402832,39.34148406982422
1,159,11.0,-1.9241535663604736,15.977092742919922
1,160,17.0,0.07375342398881912,21.390640258789062
1,161,28.0,3.621997117996216,90.64884948730469
1,162,45.0,8.932014465332031,339.1457824707031
1,163,12.0,-1.9107598066329956,17.06566047668457
1,164,14.0,-1.3736255168914795,16.988792419433594
1,165,18.0,-0.2665903866291046,22.098724365234375
1,166,67.0,16.105722427368164,938.79931640625
1,167,71.0,18.07030487060547,1108.9898681640625
1,168,32.0,4.356989860534668,118.29322814941406
1,169,13.0,-1.8734207153320312,19.362897872924805
1,170,15.0,-1.4962488412857056,18.79136085510254
1,171,19.0,-0.5849180221557617,37.887939453125
1,172,17.0,-0.6999589800834656,20.226627349853516
1,173,13.0,-1.852840781211853,19.230106353759766
1,174,25.0,1.3143974542617798,63.508182525634766
1,175,21.0,0.1981697529554367,42.33066177368164
1,176,13.0,-2.741000175476074,31.96713638305664
1,177,22.0,1.4062961339950562,40.19227600097656
1,178,11.0,-3.013275623321533,33.660118103027344
1,179,14.0,-1.2067288160324097,16.67310905456543
1,180,47.0,10.151593208312988,399.5071105957031
1,181,12.0,-1.948437213897705,15.815621376037598
1,182,21.0,0.3452198803424835,40.05561447143555
1,183,20.0,0.9567891359329224,31.013671875
1,184,11.0,-1.9351862668991089,15.68874740600586
1,185,16.0,-0.8699442744255066,25.998939514160156
1,186,24.0,2.1136891841888428,51.23733139038086
1,187,23.0,2.341158151626587,51.889801025390625
1,188,21.0,1.1047619581222534,43.171199798583984
1,189,15.0,-0.436955064535141,16.5833683013916
1,190,14.0,-0.7477943301200867,14.300346374511719
1,191,19.0,0.23778769373893738,34.51624298095703
1,192,39.0,7.880156517028809,250.8445281982422
1,193,15.0,-0.5082050561904907,14.939247131347656
1,194,56.0,13.100223541259766,640.7649536132812
1,195,17.0,-0.7546167373657227,27.3503360748291
1,196,32.0,5.355154514312744,140.6703338623047
1,197,19.0,0.9480188488960266,29.578893661499023
1,198,45.0,9.271800994873047,354.294189453125
1,199,16.0,-0.8286523818969727,25.171308517456055
1,200,15.0,-1.7915118932724,23.917522430419922
1,201,21.0,1.396169900894165,35.88167190551758
1,202,42.0,7.80358362197876,280.4061584472656
1,203,12.0,-1.7197821140289307,15.85045051574707
1,204,14.0,-1.1414923667907715,16.429574966430664
1,205,37.0,6.578141212463379,197.86912536621094
1,206,13.0,-1.4296305179595947,17.15114402770996
1,207,20.0,0.8298300504684448,30.545129776000977
1,208,43.0,8.303929328918457,302.0230712890625
1,209,12.0,-1.8112953901290894,16.261629104614258
1,210,31.0,4.011984348297119,118.2795639038086
1,211,11.0,-2.233520269393921,18.212400436401367
1,212,20.0,0.7852115631103516,30.377960205078125
1,213,13.0,-1.7035598754882812,16.596973419189453
1,214,39.0,6.528505325317383,226.16302490234375
1,215,40.0,7.043776035308838,244.4584197998047
1,216,39.0,6.71953821182251,235.54884338378906
1,217,13.0,-1.9659831523895264,19.424678802490234
1,218,35.0,4.677093982696533,151.392822265625
1,219,10.0,-3.2081544399261475,27.137502670288086
1,220,10.0,-3.608034610748291,45.810794830322266
1,221,21.0,-0.2146041989326477,41.50300598144531
1,222,29.0,2.3646299839019775,75.79510498046875
1,223,40.0,5.791740417480469,208.63131713867188
1,224,11.0,-3.4395949840545654,41.306060791015625
1,225,13.0,-2.3371734619140625,25.514982223510742
1,226,15.0,-2.4394450187683105,35.05374526977539
1,227,17.0,-1.5882762670516968,33.84333419799805
1,228,18.0,-0.41288861632347107,25.314119338989258
1,229,23.0,0.9753928780555725,52.151371002197266
1,230,22.0,1.1055420637130737,39.34341049194336
1,231,20.0,0.025917012244462967,38.69280242919922
1,232,26.0,2.1252896785736084,67.19479370117188
1,233,20.0,0.22981566190719604,37.33000564575195
1,234,38.0,5.766241073608398,191.88389587402344
1,235,31.0,4.128530979156494,111.14947509765625
1,236,19.0,-0.10445153713226318,30.70164680480957
1,237,38.0,6.527021408081055,207.83935546875
1,238,30.0,3.2749555110931396,97.41546630859375
1,239,18.0,-0.6920307874679565,27.56458282470703
1,240,17.0,-1.510794758796692,25.625490188598633
1,241,20.0,0.09578532725572586,31.638608932495117
1,242,59.0,13.104257583618164,666.6729125976562
1,243,31.0,3.549140214920044,103.62223052978516
1,244,27.0,1.6664483547210693,69.14396667480469
1,245,22.0,0.44423356652259827,41.847537994384766
1,246,18.0,-1.3257485628128052,26.70918846130371
1,247,24.0,0.9198598861694336,48.88133239746094
1,248,14.0,-3.627887010574341,30.560148239135742
1,249,51.0,10.026503562927246,423.6916198730469
1,250,60.0,12.761890411376953,663.0255737304688
1,251,27.0,1.6660740375518799,60.89076232910156
1,252,60.0,12.367173194885254,649.8142700195312
1,253,25.0,0.279664009809494,49.619178771972656
1,254,48.0,7.931717872619629,328.9268798828125
1,255,37.0,3.926551342010498,144.3342742919922
1,256,30.0,1.474291205406189,72.54949951171875
1,257,13.0,-4.798597812652588,62.94404220581055
1,258,52.0,8.123777389526367,370.7158508300781
1,259,26.0,-0.45202508568763733,48.82504653930664
1,260,22.0,-2.1613032817840576,52.416690826416016
1,261,63.0,11.053420066833496,613.5718994140625
1,262,22.0,-3.1745336055755615,56.30350875854492
1,263,15.0,-4.556033134460449,70.50181579589844
1,264,25.0,-1.6011587381362915,57.434539794921875
1,265,25.0,-2.219883441925049,58.561279296875
1,266,31.0,0.21626320481300354,79.71025085449219
1,267,30.0,0.09898674488067627,73.14643096923828
1,268,19.0,-3.0202009677886963,52.43227005004883
1,269,41.0,4.1919474601745605,163.27401733398438
1,270,13.0,-5.373418807983398,77.6786880493164
1,271,41.0,3.9124958515167236,167.02793884277344
1,272,17.0,-3.980804681777954,50.94132614135742
1,273,29.0,0.05291910842061043,58.82525634765625
1,274,18.0,-3.923135280609131,59.48877716064453
1,275,27.0,-0.5251889824867249,49.54560852050781
1,276,25.0,-1.1963330507278442,49.931724548339844
1,277,30.0,0.8110717535018921,69.4813003540039
1,278,46.0,6.4624247550964355,251.40634155273438
1,279,41.0,4.886656284332275,189.99534606933594
1,280,27.0,-0.10416950285434723,62.50981140136719
1,281,21.0,-1.58163583278656,25.850814819335938
1,282,10.0,-6.514767169952393,81.65106964111328
1,283,15.0,-4.268413066864014,55.89664840698242
1,284,50.0,7.786201477050781,388.8652038574219
1,285,14.0,-4.4277777671813965,59.29905319213867
1,286,28.0,1.0824273824691772,75.20445251464844
1,287,12.0,-4.963409423828125,57.0374755859375
1,288,11.0,-5.631327152252197,62.966461181640625
1,289,24.0,-0.5729307532310486,45.46963882446289
1,290,78.0,18.024003982543945,1257.0089111328125
1,291,42.0,6.417230129241943,239.60911560058594
1,292,55.0,9.82775592803955,523.34130859375
1,293,80.0,18.98147964477539,1350.3143310546875
1,294,42.0,6.00018310546875,231.0888671875
1,295,24.0,-0.30861547589302063,47.324363708496094
1,296,22.0,-0.11413116753101349,27.504852294921875
1,297,14.0,-4.393260478973389,44.207183837890625
1,298,31.0,2.3773140907287598,81.39566802978516
1,299,30.0,1.6795111894607544,81.58441162109375
1,300,66.0,13.932103157043457,778.0289916992188
1,301,49.0,7.843349933624268,343.4493103027344
1,302,19.0,-2.6885249614715576,41.97152328491211
1,303,38.0,3.5143392086029053,155.42933654785156
1,304,10.0,-4.950467586517334,69.95450592041016
1,305,50.0,7.468825817108154,356.24169921875
1,306,28.0,0.200662761926651,63.20614242553711
1,307,15.0,-4.445002555847168,61.89862060546875
1,308,14.0,-4.493002891540527,52.770606994628906
1,309,12.0,-6.468855381011963,77.06594848632812
1,310,19.0,-3.3050761222839355,47.99005126953125
1,311,30.0,0.6816365122795105,72.15719604492188
1,312,14.0,-3.3275091648101807,51.16226577758789
1,313,11.0,-5.892655372619629,78.11723327636719
1,314,72.0,13.993691444396973,950.2147216796875
1,315,16.0,-3.597445249557495,48.48001480102539
1,316,38.0,4.191585540771484,151.51254272460938
1,317,23.0,-0.7190792560577393,35.360626220703125
1,318,82.0,18.76520347595215,1356.481201171875
1,319,13.0,-4.424007415771484,55.313453674316406
1,320,15.0,-3.4466240406036377,30.15374183654785
1,321,84.0,19.76433563232422,1475.49755859375
1,322,100.0,24.013320922851562,2254.808349609375
1,323,79.0,18.71260643005371,1258.8331298828125
1,324,10.0,-5.962770462036133,70.72896575927734
1,325,43.0,6.1244587898254395,231.80447387695312
1,326,13.0,-4.385200500488281,53.7322998046875
1,327,19.0,-2.4018912315368652,38.93100357055664
1,328,11.0,-5.1798858642578125,64.34688568115234
1,329,67.0,14.040837287902832,814.0023803710938
1,330,26.0,0.10966906696557999,54.612911224365234
1,331,38.0,4.840827465057373,166.71401977539062
1,332,13.0,-1.920369267463684,34.855987548828125
1,333,21.0,-1.3935579061508179,38.79019546508789
1,334,18.0,-2.449385404586792,36.72092056274414
1,335,48.0,7.684185981750488,328.4386901855469
1,336,31.0,2.0720322132110596,88.99085235595703
1,337,19.0,-0.7728676199913025,23.949352264404297
1,338,23.0,-0.8106704950332642,29.643177032470703
1,339,49.0,8.0718355178833,347.84033203125
1,340,38.0,3.9598052501678467,163.1819610595703
1,341,42.0,6.46735954284668,238.23049926757812
1,342,37.0,4.245993137359619,160.08473205566406
1,343,16.0,-3.422741651535034,42.886112213134766
1,344,22.0,-1.6234875917434692,41.612850189208984
1,345,49.0,7.744163513183594,326.6712951660156
1,346,13.0,-5.316117286682129,57.090431213378906
1,347,52.0,8.807409286499023,403.2561950683594
1,348,31.0,1.2654945850372314,82.3210678100586
1,349,87.0,19.422027587890625,1546.879150390625
1,350,11.0,-5.867533206939697,62.939510345458984
1,351,34.0,2.280712366104126,107.02786254882812
1,352,31.0,0.4144856035709381,78.31507873535156
1,353,32.0,0.9801967144012451,85.64373016357422
1,354,25.0,-1.505095362663269,53.127830505371094
1,355,13.0,-5.970649242401123,84.1584243774414
1,356,14.0,-6.0750412940979,77.47606658935547
1,357,41.0,3.5873348712921143,166.4639892578125
1,358,27.0,-1.0944321155548096,58.184200286865234
1,359,48.0,5.318438529968262,263.9768981933594
1,360,55.0,8.066962242126465,396.4665222167969
1,361,16.0,-5.382072925567627,71.95816040039062
1,362,60.0,9.163825988769531,506.657470703125
1,363,39.0,1.9888502359390259,130.44508361816406
1,364,15.0,-6.025540828704834,84.30419921875
1,365,15.0,-5.698832988739014,102.04073333740234
1,366,22.0,-3.7280447483062744,58.50251388549805
1,367,12.0,-7.574416160583496,129.3941192626953
1,368,34.0,0.9701858758926392,92.02838134765625
1,369,23.0,-3.3445749282836914,52.93280792236328
1,370,28.0,-0.8985508680343628,64.28431701660156
1,371,32.0,-0.26372337341308594,74.13835144042969
1,372,91.0,19.327617645263672,1597.1607666015625
1,373,15.0,-5.968071937561035,71.89793395996094
1,374,30.0,-0.9859921932220459,84.36141967773438
1,375,78.0,15.554096221923828,1088.0142822265625
1,376,38.0,2.922039747238159,147.11004638671875
1,377,31.0,0.5794274210929871,75.36005401611328
1,378,11.0,-8.205238342285156,130.2908477783203
1,379,39.0,2.7096498012542725,129.4409942626953
1,380,53.0,7.174228668212891,361.8177490234375
1,381,44.0,3.8798279762268066,184.67349243164062
1,382,60.0,9.360477447509766,474.69775390625
1,383,29.0,-1.1456856727600098,64.26050567626953
1,384,32.0,-0.5878919959068298,94.55108642578125
1,385,12.0,-7.315091133117676,142.20257568359375
1,386,78.0,14.450105667114258,993.9757080078125
1,387,22.0,-4.322392463684082,83.9037094116211
1,388,79.0,14.511561393737793,1034.1033935546875
1,389,81.0,14.434422492980957,1084.001220703125
1,390,78.0,14.109272956848145,992.843505859375
1,391,41.0,2.03987979888916,152.40347290039062
1,392,35.0,-0.43657752871513367,95.94677734375
1,393,80.0,14.319876670837402,986.5044555664062
1,394,18.0,-6.85454797744751,101.99668884277344
1,395,37.0,0.23674574494361877,120.87846374511719
1,396,10.0,-14.42861270904541,229.3138427734375
1,397,40.0,0.07509847730398178,120.8575668334961
1,398,44.0,1.9850159883499146,153.63694763183594
1,399,12.0,-11.737095832824707,203.20594787597656
1,400,43.0,1.779827356338501,153.97238159179688
1,401,24.0,-4.605307102203369,92.38892364501953
1,402,12.0,-9.514840126037598,206.2947998046875
1,403,21.0,-5.951670169830322,101.16241455078125
1,404,23.0,-5.819892883300781,86.72865295410156
1,405,28.0,-3.639584541320801,73.71897888183594
1,406,31.0,-1.7764371633529663,80.72016906738281
1,407,56.0,6.581719398498535,350.516357421875
1,408,22.0,-4.544454097747803,77.86956787109375
1,409,10.0,-6.8989362716674805,184.90904235839844
1,410,38.0,0.702269971370697,114.9804916381836
1,411,35.0,0.2229820191860199,91.97623443603516
1,412,64.0,10.347829818725586,571.443115234375
1,413,72.0,11.511691093444824,817.0220336914062
1,414,39.0,2.022026300430298,128.69024658203125
1,415,18.0,-5.112299919128418,92.16722106933594
1,416,39.0,0.5824198126792908,128.86997985839844
1,417,56.0,6.821277141571045,377.23297119140625
1,418,40.0,2.4889042377471924,143.3214874267578
1,419,62.0,9.452792167663574,491.0907287597656
1,420,20.0,-6.894500732421875,100.28733825683594
1,421,62.0,8.776211738586426,479.7154541015625
1,422,72.0,10.19705581665039,732.1011962890625
1,423,11.0,-8.995784759521484,168.64483642578125
1,424,11.0,-8.895637512207031,213.5485382080078
1,425,69.0,9.237460136413574,636.0240478515625
1,426,69.0,9.104216575622559,618.3428955078125
1,427,27.0,-3.7430310249328613,82.62654113769531
1,428,12.0,-10.00564193725586,239.7700958251953
1,429,29.0,-3.826976776123047,81.06902313232422
1,430,32.0,-1.6586480140686035,102.80642700195312
1,431,63.0,6.222571849822998,453.4352111816406
1,432,33.0,-3.967219591140747,97.67053985595703
1,433,38.0,-0.3782329261302948,105.98661041259766
1,434,42.0,0.7820993661880493,148.6231231689453
1,435,22.0,-7.609607219696045,123.19292449951172
1,436,63.0,7.943930625915527,443.5655517578125
1,437,26.0,-4.689905166625977,77.04583740234375
1,438,18.0,-7.246828079223633,148.09613037109375
1,439,67.0,9.689499855041504,596.386474609375
1,440,36.0,-0.23762740194797516,102.97315979003906
1,441,30.0,-1.5205451250076294,87.86772155761719
1,442,43.0,2.273394823074341,163.6568145751953
1,443,84.0,15.763590812683105,1163.6539306640625
1,444,10.0,-11.87546157836914,209.27452087402344
1,445,50.0,5.823343276977539,256.3081359863281
1,446,53.0,6.362361907958984,322.1476745605469
1,447,39.0,1.1893744468688965,127.4869613647461
1,448,27.0,-3.4450037479400635,79.11441040039062
1,449,50.0,4.274195671081543,249.85357666015625
1,450,21.0,-5.665463447570801,89.17874145507812
1,451,38.0,-0.04815962165594101,112.74311828613281
1,452,34.0,0.7601231336593628,88.16940307617188
1,453,25.0,-4.328127384185791,74.82595825195312
1,454,113.0,22.91630744934082,2553.001953125
1,455,18.0,-5.514286041259766,115.43089294433594
1,456,21.0,-4.466185092926025,93.66846466064453
1,457,17.0,-6.871657371520996,108.4014892578125
1,458,106.0,22.870662689208984,2187.8232421875
1,459,39.0,1.3338572978973389,122.0067367553711
1,460,60.0,7.022791385650635,448.80633544921875
1,461,31.0,-1.9537160396575928,80.8094482421875
1,462,13.0,-9.55201530456543,128.1687469482422
1,463,28.0,-1.3235082626342773,73.30420684814453
1,464,52.0,5.944049835205078,296.69970703125
1,465,29.0,-1.153371810913086,70.41027069091797
1,466,48.0,4.613469123840332,227.27297973632812
1,467,29.0,-1.050097942352295,70.6189956665039
1,468,22.0,-6.302554130554199,69.65996551513672
1,469,11.0,-9.678494453430176,123.13350677490234
1,470,18.0,-4.863917827606201,75.21472930908203
1,471,51.0,6.567314147949219,300.18511962890625
1,472,24.0,-1.9170691967010498,57.40690231323242
1,473,27.0,-1.2081254720687866,62.90171813964844
1,474,42.0,3.5093636512756348,173.3741455078125
1,475,13.0,-6.364662170410156,81.87275695800781
1,476,71.0,11.865415573120117,854.4019775390625
1,477,37.0,2.956125497817993,117.26084899902344
1,478,40.0,3.0794565677642822,168.2530517578125
1,479,22.0,-2.2676689624786377,50.20790481567383
1,480,27.0,-0.00264514097943902,59.0192756652832
1,481,11.0,-7.703579425811768,91.24699401855469
1,482,75.0,15.031323432922363,996.7276611328125
1,483,19.0,-3.096177339553833,45.92759704589844
1,484,65.0,11.965484619140625,679.8338012695312
1,485,47.0,5.817306995391846,265.09088134765625
1,486,30.0,-0.34088677167892456,66.13812255859375
1,487,44.0,4.950986862182617,212.31016540527344
1,488,31.0,0.17273811995983124,73.4931640625
1,489,13.0,-7.486815452575684,77.21184539794922
1,490,26.0,-0.7752853035926819,53.74779510498047
1,491,54.0,7.6111626625061035,385.1014709472656
1,492,51.0,7.069610118865967,323.6479797363281
1,493,40.0,3.194009780883789,146.1140594482422
1,494,33.0,0.3874408006668091,81.70964813232422
1,495,31.0,0.7308349013328552,72.32466125488281
1,496,68.0,11.631741523742676,698.11376953125
1,497,47.0,4.7772698402404785,231.1300048828125
1,498,77.0,13.218457221984863,962.0079956054688
1,499,54.0,5.564912796020508,318.1957702636719
1,500,62.0,8.278646469116211,465.4602355957031
1,501,18.0,-8.0997953414917,134.00909423828125
1,502,14.0,-6.32216215133667,183.79080200195312
1,503,62.0,7.052790641784668,440.7416076660156
1,504,23.0,-5.774922847747803,115.42118072509766
1,505,28.0,-2.834655284881592,104.05049896240234
1,506,44.0,0.7828751802444458,142.39747619628906
1,507,40.0,0.05430823192000389,121.99115753173828
1,508,46.0,1.1216442584991455,152.89443969726562
1,509,94.0,15.017171859741211,1399.766357421875
1,510,48.0,0.34858229756355286,213.3761444091797
1,511,27.0,-6.887312412261963,112.52589416503906
1,512,39.0,-2.7923383712768555,128.1925506591797
1,513,39.0,-0.5708419680595398,125.90757751464844
1,514,75.0,9.344206809997559,674.485595703125
1,515,17.0,-10.586211204528809,195.4667205810547
1,516,31.0,-3.558518886566162,120.35213470458984
1,517,15.0,-11.03324031829834,200.56134033203125
1,518,89.0,13.979507446289062,1191.0185546875
1,519,13.0,-11.719097137451172,225.9188690185547
1,520,28.0,-4.438571453094482,105.60993194580078
1,521,41.0,-0.002976556308567524,130.4794921875
1,522,69.0,9.382279396057129,581.59716796875
1,523,34.0,-1.7847496271133423,100.62689971923828
1,524,60.0,5.2647705078125,392.1949157714844
1,525,24.0,-9.466980934143066,111.64202880859375
1,526,42.0,1.8472627401351929,152.58926391601562
1,527,25.0,-4.375584125518799,98.39907836914062
1,528,79.0,13.837233543395996,940.7369995117188
1,529,53.0,4.1473212242126465,290.2647399902344
1,530,16.0,-8.137003898620605,131.18093872070312
1,531,14.0,-12.499835014343262,156.19456481933594
1,532,49.0,4.5343098640441895,234.6035614013672
1,533,40.0,2.0133864879608154,127.35547637939453
1,534,52.0,5.804104328155518,283.02685546875
1,535,32.0,-1.1329838037490845,84.13341522216797
1,536,52.0,4.780880451202393,275.5140380859375
1,537,19.0,-7.5181474685668945,101.83698272705078
1,538,30.0,-2.37746524810791,79.70128631591797
1,539,12.0,-9.498845100402832,156.89303588867188
1,540,56.0,7.214860916137695,349.9261474609375
1,541,43.0,3.382615804672241,158.99066162109375
1,542,31.0,-1.5447087287902832,80.43049621582031
1,543,56.0,7.1138505935668945,348.3187561035156
1,544,15.0,-9.033717155456543,129.27394104003906
1,545,57.0,5.344842433929443,405.79229736328125
1,546,29.0,-2.1002180576324463,70.40320587158203
1,547,20.0,-6.110558986663818,92.96839141845703
1,548,48.0,3.4731547832489014,226.86412048339844
1,549,25.0,-4.141870498657227,76.47575378417969
1,550,14.0,-8.274324417114258,128.28012084960938
1,551,13.0,-3.694613218307495,101.76873779296875
1,552,12.0,-8.11649227142334,131.058349609375
1,553,85.0,16.560365676879883,1295.5697021484375
1,554,94.0,17.395511627197266,1680.265869140625
1,555,28.0,-2.5788328647613525,61.831451416015625
1,556,40.0,3.407938241958618,134.80511474609375
1,557,13.0,-6.764335632324219,111.41079711914062
1,558,29.0,-1.0819969177246094,72.50605773925781
1,559,20.0,-3.1733312606811523,66.00672912597656
1,560,44.0,4.518152713775635,190.9029541015625
1,561,43.0,3.5323214530944824,183.80706787109375
1,562,79.0,15.362848281860352,1092.143310546875
1,563,32.0,-0.1527215987443924,79.83976745605469
1,564,25.0,-2.729865550994873,53.74822235107422
1,565,11.0,-6.271881580352783,104.51403045654297
1,566,95.0,19.92138671875,1801.5694580078125
1,567,43.0,2.8944365978240967,179.73867797851562
1,568,29.0,-0.6488929986953735,64.42015838623047
1,569,64.0,11.58166790008545,597.5651245117188
1,570,38.0,2.714526891708374,112.65766143798828
1,571,60.0,8.74008846282959,472.91888427734375
1,572,42.0,2.284494638442993,149.92965698242188
1,573,41.0,3.1523842811584473,141.03842163085938
1,574,44.0,2.9854331016540527,168.3137969970703
1,575,31.0,-2.730639696121216,72.71802520751953
1,576,15.0,-8.393301010131836,124.20665740966797
1,577,48.0,4.3899312019348145,225.8019561767578
1,578,51.0,3.072869300842285,246.21511840820312
1,579,68.0,6.828951835632324,587.064453125
1,580,27.0,-4.420075416564941,83.14219665527344
1,581,37.0,-1.0463708639144897,105.39386749267578
1,582,42.0,0.2225707620382309,134.45101928710938
1,583,30.0,-2.899258613586426,96.15562438964844
1,584,98.0,15.87063980102539,1581.5618896484375
1,585,50.0,2.9399514198303223,216.2352752685547
1,586,26.0,-3.555760622024536,129.33584594726562
1,587,18.0,-8.296871185302734,160.4710693359375
1,588,70.0,7.945345878601074,581.573974609375
1,589,53.0,3.496892213821411,255.36256408691406
1,590,58.0,4.442540645599365,331.1521301269531
1,591,30.0,-3.5477020740509033,124.28833770751953
1,592,36.0,-1.945629358291626,124.90884399414062
1,593,21.0,-7.264652252197266,149.89163208007812
1,594,69.0,6.169713973999023,509.1602478027344
1,595,30.0,-5.277736663818359,101.04963684082031
1,596,29.0,-4.538621425628662,128.66680908203125
1,597,59.0,5.302160739898682,348.003662109375
1,598,39.0,-1.7583489418029785,111.64764404296875
1,599,29.0,-6.231502056121826,126.87232208251953
1,600,60.0,5.100771903991699,359.5567932128906
1,601,13.0,-12.127917289733887,266.76434326171875
1,602,28.0,-4.27787971496582,91.19192504882812
1,603,13.0,-9.17800235748291,242.87704467773438
1,604,26.0,-2.8137717247009277,106.62748718261719
1,605,54.0,3.932898998260498,275.8177795410156
1,606,90.0,17.112428665161133,1276.1876220703125
1,607,55.0,5.382241725921631,297.0562438964844
1,608,51.0,1.827158808708191,250.51132202148438
1,609,39.0,0.3680095374584198,111.9469223022461
1,610,16.0,-6.790693283081055,150.24615478515625
1,611,36.0,0.6546932458877563,98.27912902832031
1,612,28.0,-2.7907416820526123,81.04229736328125
1,613,45.0,1.0258327722549438,164.7058563232422
1,614,23.0,-4.708822727203369,77.72993469238281
1,615,18.0,-7.102951526641846,129.6396484375
1,616,102.0,18.285959243774414,1936.02099609375
1,617,20.0,-5.109920978546143,103.68089294433594
1,618,44.0,2.3793447017669678,153.09291076660156
1,619,67.0,9.187908172607422,593.3298950195312
1,620,47.0,2.2484142780303955,195.91331481933594
1,621,34.0,-1.9870024919509888,85.90050506591797
1,622,53.0,3.9905588626861572,300.67572021484375
1,623,40.0,0.787563681602478,138.03807067871094
1,624,26.0,-4.625779628753662,79.74554443359375
1,625,14.0,-7.4455342292785645,154.2790069580078
1,626,13.0,-10.192056655883789,164.53656005859375
1,627,78.0,13.419262886047363,946.517822265625
1,628,35.0,-0.6896891593933105,89.12030792236328
1,629,80.0,13.588306427001953,1019.6653442382812
1,630,58.0,6.323329448699951,397.3937072753906
1,631,60.0,7.948403358459473,403.636474609375
1,632,42.0,1.1249394416809082,131.21963500976562
1,633,45.0,1.9717715978622437,179.50335693359375
1,634,22.0,-4.985297203063965,82.00481414794922
1,635,36.0,-0.217019185423851,99.72724151611328
1,636,28.0,-3.160761594772339,95.06307220458984
1,637,59.0,6.152109146118164,375.9133605957031
1,638,69.0,10.009187698364258,604.28173828125
1,639,30.0,-1.8194302320480347,106.81945037841797
1,640,29.0,-2.6629343032836914,102.09288787841797
1,641,56.0,4.117729663848877,309.43096923828125
1,642,15.0,-11.771069526672363,217.02847290039062
1,643,44.0,1.2923368215560913,153.5799560546875
1,644,26.0,-2.2530200481414795,114.02267456054688
1,645,10.0,-10.791719436645508,215.63087463378906
1,646,21.0,-10.329367637634277,145.38999938964844
1,647,28.0,-3.5652265548706055,79.43699645996094
1,648,40.0,-0.40055912733078003,119.81005096435547
1,649,72.0,10.098504066467285,709.1097412109375
1,650,48.0,2.313382148742676,204.07347106933594
1,651,29.0,-3.095388412475586,75.9033432006836
1,652,23.0,-5.348382949829102,77.01715850830078
1,653,22.0,-5.180429935455322,88.09519958496094
1,654,30.0,-2.0332067012786865,77.16140747070312
1,655,36.0,0.3620389997959137,98.76546478271484
1,656,10.0,-8.052163124084473,170.73338317871094
1,657,64.0,8.388056755065918,543.2888793945312
1,658,66.0,12.055438041687012,617.632568359375
1,659,91.0,16.436206817626953,1496.75146484375
1,660,50.0,4.560734272003174,270.7580871582031
1,661,13.0,-6.101907253265381,126.24581146240234
1,662,87.0,15.948792457580566,1351.5894775390625
1,663,30.0,-0.4162936806678772,75.55583190917969
1,664,19.0,-3.643113613128662,87.0222396850586
1,665,14.0,-9.699928283691406,100.04313659667969
1,666,44.0,4.089388847351074,176.57058715820312
1,667,34.0,1.1745027303695679,79.03601837158203
1,668,46.0,4.2918171882629395,202.083984375
1,669,95.0,19.547773361206055,1704.11865234375
1,670,66.0,9.349528312683105,612.3638916015625
1,671,48.0,4.163639068603516,221.94625854492188
1,672,28.0,-2.5581912994384766,65.87196350097656
1,673,73.0,9.139031410217285,811.76171875
1,674,23.0,-2.62294602394104,77.12256622314453
1,675,68.0,9.753995895385742,618.0848388671875
1,676,63.0,6.96867036819458,489.03338623046875
1,677,38.0,0.14249353110790253,109.4404525756836
1,678,44.0,0.6587659120559692,146.14007568359375
1,679,18.0,-8.811219215393066,130.58322143554688
1,680,79.0,12.2445068359375,873.5299682617188
1,681,35.0,-1.5998423099517822,91.5965347290039
1,682,43.0,-0.08016601204872131,124.23350524902344
1,683,50.0,2.6830523014068604,217.77418518066406
1,684,90.0,14.867945671081543,1207.1204833984375
1,685,32.0,-2.5738353729248047,113.01910400390625
1,686,76.0,8.865092277526855,717.7574462890625
1,687,67.0,6.647788047790527,439.1604919433594
1,688,113.0,17.102073669433594,2185.62109375
1,689,39.0,-6.658777713775635,160.084228515625
1,690,75.0,8.765273094177246,630.194091796875
1,691,32.0,-3.3481717109680176,183.63551330566406
1,692,33.0,-5.628608703613281,122.62883758544922
1,693,31.0,-5.061878681182861,188.33203125
1,694,61.0,7.5671234130859375,397.1279602050781
1,695,25.0,-7.078707218170166,229.8552703857422
1,696,62.0,1.4845858812332153,321.06365966796875
1,697,53.0,-0.5445799231529236,229.5380859375
1,698,48.0,-1.0367127656936646,176.93798828125
1,699,30.0,-5.262423992156982,179.89260864257812
1,700,21.0,-6.295642375946045,250.2811279296875
1,701,16.0,-6.211709022521973,316.9183349609375
1,702,49.0,0.23979097604751587,195.0896453857422
1,703,49.0,-0.2933710813522339,190.74827575683594
1,704,56.0,2.339151382446289,264.7976379394531
1,705,43.0,-2.036876678466797,142.76255798339844
1,706,123.0,24.602506637573242,2729.4296875
1,707,33.0,-6.30198860168457,116.71156311035156
1,708,51.0,2.3087589740753174,217.98609924316406
1,709,32.0,-4.134410381317139,114.9798583984375
1,710,41.0,-1.1603257656097412,121.25029754638672
1,711,12.0,-5.1512322425842285,294.28802490234375
1,712,39.0,-1.162856936454773,115.67655181884766
1,713,12.0,-6.131604194641113,261.89996337890625
1,714,42.0,0.2702355980873108,138.12045288085938
1,715,11.0,-8.445467948913574,243.34584045410156
1,716,49.0,2.198929786682129,209.3648223876953
1,717,62.0,7.782019138336182,454.1709899902344
1,718,41.0,1.8049390316009521,122.65420532226562
1,719,19.0,-5.155758380889893,113.6268081665039
1,720,23.0,-4.379861831665039,89.5313491821289
1,721,14.0,-8.690680503845215,140.10952758789062
1,722,23.0,-4.167927265167236,79.35114288330078
1,723,19.0,-4.048647880554199,68.55719757080078
1,724,52.0,6.030191421508789,292.78289794921875
1,725,36.0,1.612514615058899,80.06024169921875
1,726,56.0,9.315464973449707,388.5152587890625
1,727,14.0,-4.28851842880249,63.52480697631836
1,728,16.0,-3.3225882053375244,62.43537521362305
1,729,39.0,2.10442852973938,131.20545959472656
1,730,64.0,11.419120788574219,621.4886474609375
1,731,15.0,-3.548431158065796,44.59291076660156
1,732,18.0,-1.8261773586273193,15.171171188354492
1,733,84.0,17.16283416748047,1308.602294921875
1,734,33.0,1.5534496307373047,65.8429946899414
1,735,20.0,-3.2391414642333984,69.18276977539062
1,736,14.0,-7.223807334899902,99.12194061279297
1,737,105.0,23.115644454956055,2463.344970703125
1,738,45.0,6.13984489440918,211.758544921875
1,739,82.0,15.5318603515625,1388.20849609375
1,740,26.0,0.06643053889274597,67.51668548583984
1,741,40.0,3.834801435470581,145.82493591308594
1,742,25.0,-0.8240720629692078,31.523544311523438
1,743,23.0,-2.7863056659698486,64.06726837158203
1,744,36.0,2.460009813308716,115.65804290771484
1,745,48.0,7.2809319496154785,356.8378601074219
1,746,14.0,-6.419074535369873,109.92278289794922
1,747,24.0,-1.703563928604126,64.6684341430664
1,748,23.0,-1.077040433883667,68.60659790039062
1,749,27.0,-0.8300263285636902,71.27725219726562
1,750,45.0,4.3944597244262695,291.5585021972656
1,751,83.0,15.497885704040527,1275.884521484375
1,752,13.0,-4.639899730682373,63.15611267089844
1,753,28.0,-1.6462299823760986,59.003013610839844
1,754,63.0,8.925662994384766,587.8458862304688
1,755,22.0,-2.0025062561035156,28.995603561401367
1,756,70.0,12.558485984802246,775.04345703125
1,757,31.0,0.030004244297742844,76.94898223876953
1,758,40.0,3.009033441543579,148.263916015625
1,759,75.0,12.134733200073242,924.0787963867188
1,760,20.0,-6.32854700088501,74.79902648925781
1,761,65.0,11.557933807373047,615.9306640625
1,762,16.0,-4.521055698394775,94.73845672607422
1,763,90.0,17.450698852539062,1463.9737548828125
1,764,61.0,6.546082019805908,483.3974609375
1,765,11.0,-6.818333148956299,146.1376190185547
1,766,48.0,4.734912872314453,197.48977661132812
1,767,77.0,11.840912818908691,877.6915283203125
1,768,17.0,-6.71898078918457,124.54022979736328
1,769,34.0,-0.7557828426361084,87.8177719116211
1,770,43.0,2.244091272354126,160.34585571289062
1,771,34.0,-1.9507355690002441,99.00484466552734
1,772,39.0,1.7731245756149292,113.50320434570312
1,773,35.0,-0.2723253071308136,90.10990905761719
1,774,132.0,30.1279296875,3655.49560546875
1,775,23.0,-3.6409449577331543,101.14344024658203
1,776,65.0,8.582252502441406,506.1168212890625
1,777,41.0,1.5260056257247925,122.5797348022461
1,778,30.0,-3.7971911430358887,81.54597473144531
1,779,54.0,5.4972968101501465,289.319091796875
1,780,21.0,-7.775933742523193,109.78828430175781
1,781,29.0,-2.708228349685669,82.76669311523438
1,782,31.0,-3.3408901691436768,77.42084503173828
1,783,53.0,3.63291072845459,279.5671081542969
1,784,61.0,7.323526382446289,438.1893005371094
1,785,49.0,3.8778717517852783,210.38870239257812
1,786,29.0,-3.2444279193878174,75.99991607666016
1,787,28.0,-2.989666700363159,78.06765747070312
1,788,86.0,17.084821701049805,1178.9771728515625
1,789,19.0,-3.118140935897827,106.56876373291016
1,790,20.0,-7.71125602722168,100.394287109375
1,791,66.0,6.256519317626953,575.45458984375
1,792,58.0,7.14797830581665,364.7785339355469
1,793,49.0,2.1722004413604736,212.15554809570312
1,794,21.0,-6.641639709472656,103.24259185791016
1,795,13.0,-7.720795154571533,177.6096649169922
1,796,29.0,-2.2082338333129883,79.66337585449219
1,797,23.0,-8.041325569152832,96.51692962646484
1,798,22.0,-2.6845650672912598,82.81977081298828
1,799,92.0,16.447412490844727,1433.486572265625
1,800,37.0,-0.2484932690858841,100.4737777709961
1,801,68.0,8.788039207458496,635.8543701171875
1,802,50.0,5.327893257141113,235.62139892578125
1,803,52.0,5.657081127166748,282.6395568847656
1,804,14.0,-9.045581817626953,140.44398498535156
1,805,80.0,13.056657791137695,989.1320190429688
1,806,109.0,23.069072723388672,2244.865478515625
1,807,70.0,10.177562713623047,646.2418823242188
1,808,19.0,-6.593548774719238,134.6785125732422
1,809,40.0,0.8166280388832092,112.6851806640625
1,810,89.0,16.280048370361328,1285.2774658203125
1,811,14.0,-6.53935432434082,163.59996032714844
1,812,62.0,5.57819938659668,443.34283447265625
1,813,40.0,1.3094167709350586,114.4016342163086
1,814,61.0,6.930017471313477,378.14013671875
1,815,110.0,18.59831428527832,2168.435791015625
1,816,13.0,-10.530167579650879,261.7349853515625
1,817,41.0,-0.9845029711723328,117.81542205810547
1,818,56.0,4.270162582397461,264.1773986816406
1,819,74.0,11.14190673828125,629.8965454101562
1,820,28.0,-4.9134440422058105,138.64585876464844
1,821,67.0,8.070740699768066,474.7303771972656
1,822,55.0,2.8887100219726562,237.92706298828125
1,823,82.0,9.43630313873291,861.8244018554688
1,824,55.0,2.4774653911590576,242.61651611328125
1,825,51.0,1.823150634765625,203.24737548828125
1,826,40.0,-3.2402777671813965,154.53585815429688
1,827,44.0,-0.5722971558570862,156.913818359375
1,828,37.0,-5.727303504943848,155.1043243408203
1,829,75.0,7.5185041427612305,575.6893310546875
1,830,29.0,-6.206225395202637,191.33831787109375
1,831,37.0,-6.38945198059082,156.22561645507812
1,832,51.0,0.8186922669410706,208.4359893798828
1,833,49.0,-0.7065524458885193,182.8135528564453
1,834,83.0,8.725259780883789,782.0994873046875
1,835,16.0,-12.226895332336426,329.7878723144531
1,836,19.0,-12.019388198852539,292.847900390625
1,837,24.0,-7.486728668212891,191.30770874023438
1,838,29.0,-5.431021690368652,147.18675231933594
1,839,30.0,-2.7856714725494385,114.4840316772461
1,840,20.0,-7.813716888427734,188.21688842773438
1,841,58.0,4.2305426597595215,291.1357727050781
1,842,54.0,2.8133184909820557,232.3098602294922
1,843,63.0,6.37235689163208,394.94140625
1,844,51.0,1.6404796838760376,205.27577209472656
1,845,29.0,-4.703264236450195,116.48604583740234
1,846,16.0,-10.25778579711914,183.33152770996094
1,847,30.0,-1.9551013708114624,98.32637786865234
1,848,30.0,-2.5077712535858154,92.60276794433594
1,849,21.0,-8.051785469055176,149.7292938232422
1,850,14.0,-11.703739166259766,215.38925170898438
1,851,68.0,7.3172478675842285,672.3925170898438
1,852,56.0,3.720611095428467,351.2311096191406
1,853,50.0,4.642269611358643,226.35760498046875
1,854,42.0,1.4462498426437378,174.61961364746094
1,855,106.0,22.410268783569336,2051.0703125
1,856,39.0,0.29091334342956543,99.65841674804688
1,857,27.0,-4.470614910125732,92.5238037109375
1,858,33.0,-0.4707917273044586,79.7341079711914
1,859,14.0,-7.657744884490967,94.29166412353516
1,860,12.0,-13.260237693786621,203.35214233398438
1,861,45.0,3.6152100563049316,158.31411743164062
1,862,24.0,-3.914818048477173,67.39991760253906
1,863,99.0,18.638757705688477,1873.6214599609375
1,864,66.0,10.069290161132812,602.3405151367188
1,865,29.0,-1.4075281620025635,80.02194213867188
1,866,17.0,-3.662322759628296,81.55603790283203
1,867,39.0,2.191558837890625,104.38402557373047
1,868,26.0,-1.8135876655578613,44.14344787597656
1,869,84.0,14.124804496765137,1154.0897216796875
1,870,30.0,-0.7455933690071106,48.79386901855469
1,871,25.0,-3.375155210494995,74.14544677734375
1,872,64.0,9.575278282165527,555.4132080078125
1,873,113.0,23.207231521606445,2601.182373046875
1,874,18.0,-5.386495113372803,107.88577270507812
1,875,57.0,8.33561897277832,405.06890869140625
1,876,106.0,22.236957550048828,2243.827880859375
1,877,55.0,5.95141077041626,332.5484924316406
1,878,98.0,19.567197799682617,1741.328369140625
1,879,33.0,-1.5793830156326294,82.44466400146484
1,880,108.0,20.89157485961914,2279.503662109375
1,881,14.0,-7.246758937835693,150.3788604736328
1,882,66.0,7.7458720207214355,566.9608154296875
1,883,71.0,9.226513862609863,622.832763671875
1,884,88.0,16.045061111450195,1188.7867431640625
1,885,12.0,-10.888851165771484,231.83497619628906
1,886,27.0,-3.608635187149048,120.26798248291016
1,887,97.0,17.664072036743164,1506.1944580078125
1,888,23.0,-5.313721179962158,122.57738494873047
1,889,59.0,5.402915000915527,319.0028076171875
1,890,133.0,30.16170883178711,3420.27880859375
1,891,34.0,-2.446559190750122,115.41231536865234
1,892,63.0,6.918309211730957,426.61114501953125
1,893,28.0,-3.2693397998809814,131.51242065429688
1,894,24.0,-6.714681625366211,155.7107696533203
1,895,25.0,-4.999279975891113,131.5316162109375
1,896,32.0,-3.9753000736236572,131.92446899414062
1,897,27.0,-7.10092306137085,109.59803009033203
1,898,55.0,0.21126042306423187,257.4695129394531
1,899,33.0,-1.3270536661148071,98.76567840576172
1,900,40.0,-0.8995636701583862,120.65291595458984
1,901,51.0,2.9898171424865723,219.14089965820312
1,902,19.0,-7.9837965965271,126.22029876708984
1,903,31.0,-3.0948240756988525,52.50950241088867
1,904,32.0,-1.3194903135299683,81.78874969482422
1,905,26.0,-2.024282455444336,64.86066436767578
1,906,55.0,5.721508979797363,301.2451171875
1,907,24.0,-3.68850040435791,86.75726318359375
1,908,58.0,5.85374641418457,355.89813232421875
1,909,35.0,0.3830275535583496,89.59750366210938
1,910,73.0,11.649544715881348,722.2763671875
1,911,37.0,0.3548256456851959,115.74225616455078
1,912,62.0,7.966637134552002,504.03277587890625
1,913,41.0,2.273214340209961,87.9687271118164
1,914,40.0,1.4586832523345947,101.64585876464844
1,915,20.0,-6.55456018447876,121.16309356689453
1,916,52.0,4.590351104736328,237.16029357910156
1,917,23.0,-2.9505908489227295,95.1004409790039
1,918,101.0,19.63599395751953,1761.8057861328125
1,919,27.0,-2.8781309127807617,66.4540023803711
1,920,78.0,12.268917083740234,818.1541748046875
1,921,15.0,-6.165478229522705,198.10586547851562
1,922,42.0,1.879699945449829,121.17192077636719
1,923,23.0,-3.116461992263794,98.67708587646484
1,924,14.0,-10.588187217712402,212.11572265625
1,925,22.0,-4.528754234313965,135.96261596679688
1,926,28.0,-2.6857895851135254,83.94019317626953
1,927,36.0,0.4440031945705414,87.5183334350586
1,928,45.0,3.5526063442230225,151.86094665527344
1,929,26.0,-2.138387680053711,63.77837371826172
1,930,87.0,14.254831314086914,1190.7884521484375
1,931,63.0,7.251712322235107,413.33367919921875
1,932,90.0,15.34739875793457,1291.7264404296875
1,933,75.0,10.609678268432617,761.1405029296875
1,934,22.0,-3.459869146347046,82.91732788085938
1,935,38.0,0.9283985495567322,96.8849868774414
1,936,34.0,-3.42331600189209,96.60677337646484
1,937,46.0,2.5618302822113037,130.381103515625
1,938,93.0,16.473323822021484,1343.6248779296875
1,939,33.0,-1.4891542196273804,77.52430725097656
1,940,59.0,6.637603759765625,337.99249267578125
1,941,66.0,9.073994636535645,510.4912414550781
1,942,42.0,0.06820156425237656,125.36829376220703
1,943,56.0,3.1366782188415527,266.1272277832031
1,944,19.0,-11.682967185974121,228.7417449951172
1,945,39.0,-1.5912419557571411,122.86942291259766
1,946,29.0,-4.7453131675720215,123.2573013305664
1,947,21.0,-8.285585403442383,197.7627716064453
1,948,55.0,3.2857625484466553,249.8390350341797
1,949,22.0,-6.6014299392700195,171.11410522460938
1,950,26.0,-3.568093776702881,121.53995513916016
1,951,95.0,16.04376220703125,1364.1749267578125
1,952,21.0,-8.459857940673828,160.78961181640625
1,953,24.0,-3.1250557899475098,115.01372528076172
1,954,46.0,1.174107313156128,153.5086212158203
1,955,30.0,-1.3867183923721313,81.55899047851562
1,956,15.0,-8.413084030151367,210.7886505126953
1,957,21.0,-5.435877799987793,137.50335693359375
1,958,81.0,9.78387451171875,973.421630859375
1,959,83.0,11.922266960144043,1067.2652587890625
1,960,73.0,12.960311889648438,765.52734375
1,961,71.0,9.405106544494629,673.6425170898438
1,962,32.0,-1.1784254312515259,70.78292083740234
1,963,14.0,-7.982743263244629,178.13711547851562
1,964,36.0,-0.8179168105125427,101.57084655761719
1,965,109.0,21.612878799438477,2248.58984375
1,966,24.0,-4.4432573318481445,84.78411102294922
1,967,51.0,4.395377159118652,219.9000244140625
1,968,79.0,14.769205093383789,905.7743530273438
1,969,61.0,8.09524917602539,415.2053527832031
1,970,102.0,15.086074829101562,1892.5863037109375
1,971,35.0,1.3510836362838745,76.4713134765625
1,972,80.0,11.611913681030273,913.3804321289062
1,973,63.0,7.415043354034424,418.9939880371094
1,974,50.0,1.3743250370025635,205.6361083984375
1,975,60.0,4.613855361938477,339.0769348144531
1,976,10.0,-13.975171089172363,321.1261901855469
1,977,52.0,2.764251947402954,182.18869018554688
1,978,49.0,1.2495863437652588,167.30459594726562
1,979,20.0,-7.762000560760498,209.69981384277344
1,980,72.0,6.768838882446289,558.7909545898438
1,981,15.0,-12.6548433303833,374.3276672363281
1,982,35.0,-6.934328079223633,145.32720947265625
1,983,43.0,-0.8778243660926819,136.32713317871094
1,984,75.0,8.230009078979492,558.0293579101562
1,985,70.0,6.011247158050537,430.0133361816406
1,986,59.0,4.9237542152404785,289.75115966796875
1,987,74.0,6.432359218597412,550.3843383789062
1,988,61.0,3.7791225910186768,278.806396484375
1,989,57.0,0.5677425861358643,258.6558532714844
1,990,34.0,-6.760763168334961,190.27841186523438
1,991,27.0,-8.0092134475708,278.97930908203125
1,992,55.0,0.4606299102306366,229.23098754882812
1,993,49.0,-1.323669672012329,190.01962280273438
1,994,19.0,-13.230649948120117,419.0132751464844
1,995,59.0,-0.14741447567939758,247.66543579101562
1,996,35.0,-6.523516654968262,200.3348846435547
1,997,51.0,-0.11654375493526459,197.22544860839844
1,998,21.0,-8.978944778442383,334.3047180175781
1,999,75.0,4.691072463989258,546.9451904296875
1,1000,12.0,-14.768659591674805,531.7158203125
1,1001,19.0,-8.758868217468262,344.12957763671875
1,1002,15.0,-15.053999900817871,418.5303649902344
1,1003,54.0,3.392235517501831,235.1571044921875
1,1004,40.0,-5.630390644073486,159.37205505371094
1,1005,33.0,-3.794548988342285,143.03709411621094
1,1006,31.0,-3.399045944213867,127.91537475585938
1,1007,18.0,-12.609983444213867,254.37884521484375
1,1008,23.0,-3.901020050048828,129.73341369628906
1,1009,12.0,-13.711843490600586,271.5196533203125
1,1010,91.0,14.71398639678955,1325.55419921875
1,1011,40.0,1.1101311445236206,103.35962677001953
1,1012,35.0,0.17158053815364838,70.81986999511719
1,1013,24.0,-4.488046646118164,98.2187728881836
1,1014,16.0,-6.19961404800415,102.8843765258789
1,1015,46.0,3.1525728702545166,174.80068969726562
1,1016,89.0,16.078367233276367,1452.3228759765625
1,1017,60.0,8.226964950561523,447.480712890625
1,1018,55.0,7.682957649230957,459.6047058105469
1,1019,118.0,25.395998001098633,3061.8486328125
1,1020,18.0,-8.415291786193848,107.01129913330078
1,1021,14.0,-5.4383440017700195,73.15552520751953
1,1022,73.0,12.383902549743652,887.3895263671875
1,1023,19.0,-3.2056515216827393,48.77873992919922
1,1024,47.0,4.256744861602783,260.3951416015625
1,1025,58.0,8.03962516784668,419.2969970703125
1,1026,45.0,4.053133487701416,198.47335815429688
1,1027,12.0,-9.357107162475586,156.16807556152344
1,1028,38.0,2.2131006717681885,104.44233703613281
1,1029,24.0,-2.3136069774627686,35.05702209472656
1,1030,33.0,0.6413654088973999,46.23479461669922
1,1031,77.0,13.490571022033691,921.5195922851562
1,1032,80.0,13.342638969421387,1128.4215087890625
1,1033,78.0,11.416732788085938,974.2733764648438
1,1034,34.0,0.2441146820783615,48.72305679321289
1,1035,62.0,6.210148811340332,458.7367858886719
1,1036,25.0,-4.3204755783081055,53.725685119628906
1,1037,47.0,2.6172072887420654,180.7291717529297
1,1038,28.0,-3.6443934440612793,86.69410705566406
1,1039,67.0,8.141661643981934,597.9788818359375
1,1040,41.0,0.289258748292923,122.60221099853516
1,1041,50.0,2.7087631225585938,195.41714477539062
1,1042,65.0,8.350981712341309,450.43060302734375
1,1043,36.0,-0.37256917357444763,92.06951141357422
1,1044,35.0,-2.477468252182007,63.44414520263672
1,1045,36.0,-2.3502132892608643,111.69241333007812
1,1046,62.0,7.494576454162598,421.89141845703125
1,1047,43.0,0.5105774402618408,121.47164154052734
1,1048,29.0,-5.97005558013916,146.26339721679688
1,1049,63.0,5.866065979003906,365.42962646484375
1,1050,21.0,-6.862422943115234,156.28428649902344
1,1051,49.0,1.579979419708252,162.36647033691406
1,1052,37.0,-2.3892784118652344,129.86216735839844
1,1053,28.0,-2.7578024864196777,113.47724914550781
1,1054,47.0,0.2763237953186035,144.85345458984375
1,1055,53.0,2.964080810546875,215.01144409179688
1,1056,68.0,6.226689338684082,475.23797607421875
1,1057,15.0,-12.286537170410156,323.30377197265625
1,1058,24.0,-10.231207847595215,176.23387145996094
1,1059,35.0,-2.363072633743286,94.88365173339844
1,1060,39.0,-1.8946219682693481,107.9139175415039
1,1061,27.0,-8.38852596282959,160.56658935546875
1,1062,20.0,-8.822455406188965,174.6670684814453
1,1063,20.0,-7.247291088104248,191.57579040527344
1,1064,25.0,-4.27155065536499,125.90888977050781
1,1065,46.0,3.091428279876709,129.18182373046875
1,1066,76.0,10.305793762207031,766.5484619140625
1,1067,38.0,-0.48470956087112427,93.17140197753906
1,1068,16.0,-6.476812362670898,103.53016662597656
1,1069,11.0,-8.95582389831543,166.7716827392578
1,1070,20.0,-7.49167013168335,112.83088684082031
1,1071,15.0,-8.302230834960938,164.263671875
1,1072,17.0,-6.314733505249023,109.25918579101562
1,1073,25.0,-3.54476261138916,80.29606628417969
1,1074,18.0,-6.8034234046936035,118.26646423339844
1,1075,34.0,1.60776686668396,48.98390197753906
1,1076,42.0,3.148198366165161,255.43179321289062
1,1077,52.0,6.033576488494873,405.787841796875
1,1078,17.0,-7.535833835601807,84.82807922363281
1,1079,47.0,4.714046478271484,252.88406372070312
1,1080,91.0,17.845596313476562,1670.451904296875
1,1081,88.0,18.333003997802734,1433.539306640625
1,1082,55.0,9.477299690246582,388.5356750488281
1,1083,83.0,13.632039070129395,1402.58642578125
1,1084,25.0,-2.3079917430877686,60.52674102783203
1,1085,31.0,-0.33374521136283875,95.62993621826172
1,1086,22.0,-4.084001541137695,68.02527618408203
1,1087,22.0,-3.6665127277374268,57.23911666870117
1,1088,75.0,14.124015808105469,871.9677124023438
1,1089,53.0,6.544814109802246,352.6959228515625
1,1090,38.0,1.5444307327270508,121.8132095336914
1,1091,23.0,-3.22416353225708,63.85789108276367
1,1092,112.0,20.557029724121094,2643.032958984375
1,1093,35.0,-0.08031504601240158,57.888458251953125
1,1094,37.0,-0.0025258944369852543,108.33238983154297
1,1095,67.0,8.72280502319336,611.99658203125
1,1096,28.0,-3.0372040271759033,71.40210723876953
1,1097,38.0,0.8261860013008118,78.6298599243164
1,1098,38.0,-0.04651612415909767,90.47050476074219
1,1099,59.0,6.707592487335205,328.67437744140625
1,1100,10.0,-8.947014808654785,231.99803161621094
1,1101,28.0,-3.7547359466552734,81.52542114257812
1,1102,23.0,-5.591941833496094,102.13717651367188
1,1103,34.0,-1.8615360260009766,92.22988891601562
1,1104,27.0,-4.540437698364258,88.91748809814453
1,1105,58.0,6.365482807159424,321.2079162597656
1,1106,61.0,6.872937202453613,416.5893249511719
1,1107,77.0,11.555288314819336,819.1148681640625
1,1108,25.0,-3.8216352462768555,84.98253631591797
1,1109,24.0,-2.4748687744140625,91.61621856689453
1,1110,16.0,-8.184887886047363,176.1583251953125
1,1111,63.0,6.156367301940918,414.9503479003906
1,1112,13.0,-7.785287857055664,168.0899658203125
1,1113,43.0,1.2177634239196777,156.43386840820312
1,1114,109.0,23.207271575927734,2204.9677734375
1,1115,16.0,-4.687189102172852,107.91368103027344
1,1116,65.0,6.973059177398682,513.1851806640625
1,1117,72.0,8.723480224609375,799.5169677734375
1,1118,51.0,4.966541290283203,227.83633422851562
1,1119,53.0,3.2487621307373047,289.1075744628906
1,1120,41.0,1.607527256011963,110.7246322631836
1,1121,17.0,-9.171692848205566,147.03463745117188
1,1122,95.0,12.08248519897461,1465.1629638671875
1,1123,70.0,9.122323989868164,538.9739990234375
1,1124,45.0,1.2172768115997314,145.17230224609375
1,1125,24.0,-6.619447231292725,140.91632080078125
1,1126,35.0,-2.399840831756592,94.54003143310547
1,1127,32.0,-4.640354156494141,97.42982482910156
1,1128,63.0,6.0644121170043945,414.9892578125
1,1129,50.0,1.323614239692688,178.4802703857422
1,1130,41.0,-1.6599013805389404,113.32353210449219
1,1131,124.0,21.000255584716797,2837.531005859375
1,1132,40.0,-1.9835610389709473,115.62911987304688
1,1133,32.0,-3.6796493530273438,124.61648559570312
1,1134,48.0,0.28259509801864624,169.5689697265625
1,1135,22.0,-6.15048360824585,149.9515838623047
1,1136,27.0,-2.8308238983154297,111.06575012207031
1,1137,42.0,0.13676577806472778,123.31564331054688
1,1138,39.0,-1.6971588134765625,112.52684020996094
1,1139,83.0,9.121596336364746,1021.7454833984375
1,1140,73.0,7.80392599105835,643.7291870117188
1,1141,42.0,1.0220067501068115,120.70924377441406
1,1142,82.0,11.480081558227539,919.529296875
1,1143,78.0,12.133272171020508,839.182861328125
1,1144,35.0,-1.2200939655303955,86.0705795288086
1,1145,73.0,10.044245719909668,668.4533081054688
1,1146,32.0,-3.199983596801758,102.42158508300781
1,1147,89.0,14.502989768981934,1117.5792236328125
1,1148,92.0,13.606892585754395,1307.2833251953125
1,1149,31.0,-3.1599698066711426,105.2835693359375
1,1150,27.0,-4.373596668243408,114.29865264892578
1,1151,29.0,-2.8057773113250732,105.05035400390625
1,1152,63.0,6.813601016998291,394.97998046875
1,1153,66.0,6.72758150100708,468.5059814453125
1,1154,107.0,15.61325740814209,1976.6397705078125
1,1155,84.0,11.107926368713379,942.4339599609375
1,1156,48.0,1.1316440105438232,160.7577667236328
1,1157,27.0,-5.420859336853027,138.4532012939453
1,1158,39.0,-0.8677883744239807,97.46971893310547
1,1159,65.0,5.904495716094971,423.28009033203125
1,1160,96.0,14.275190353393555,1248.782958984375
1,1161,107.0,15.25068187713623,1862.0791015625
1,1162,47.0,0.3718363344669342,160.16238403320312
1,1163,22.0,-7.606611251831055,237.07305908203125
1,1164,35.0,-2.1183102130889893,114.65937042236328
1,1165,46.0,-1.677233099937439,152.11607360839844
1,1166,69.0,5.782135009765625,431.7212829589844
1,1167,11.0,-12.30555534362793,427.813720703125
1,1168,31.0,-2.8817026615142822,140.12144470214844
1,1169,28.0,-5.010610580444336,187.7624969482422
1,1170,34.0,-4.663041114807129,127.53479766845703
1,1171,29.0,-5.440629005432129,143.72000122070312
1,1172,32.0,-3.8797647953033447,133.2168426513672
1,1173,68.0,5.995420932769775,460.94970703125
1,1174,48.0,2.0866029262542725,144.59796142578125
1,1175,29.0,-6.250168323516846,149.14320373535156
1,1176,33.0,-3.184684991836548,103.39149475097656
1,1177,39.0,-0.560077965259552,116.06261444091797
1,1178,13.0,-12.127816200256348,203.34507751464844
1,1179,34.0,-4.141134262084961,109.98575592041016
1,1180,42.0,0.16674935817718506,144.07528686523438
1,1181,79.0,12.125312805175781,879.7802734375
1,1182,23.0,-5.7700934410095215,138.2683868408203
1,1183,28.0,-4.385838985443115,99.3135986328125
1,1184,48.0,2.892167568206787,182.8926239013672
1,1185,35.0,-0.35935571789741516,72.83340454101562
1,1186,39.0,0.11777333915233612,111.6280288696289
1,1187,48.0,2.464676856994629,206.6041259765625
1,1188,26.0,-2.211317539215088,57.408443450927734
1,1189,32.0,-1.1948679685592651,74.08049011230469
1,1190,14.0,-4.9759039878845215,127.98046875
1,1191,68.0,6.559763431549072,693.5140991210938
1,1192,46.0,3.0814337730407715,157.7398681640625
1,1193,94.0,15.386601448059082,1563.62158203125
1,1194,31.0,-1.1655248403549194,43.693603515625
1,1195,81.0,13.712814331054688,1016.8640747070312
1,1196,53.0,5.865908622741699,302.2427062988281
1,1197,41.0,2.5243053436279297,93.63875579833984
1,1198,12.0,-6.571573734283447,156.78460693359375
1,1199,19.0,-6.388294219970703,104.14407348632812
1,1200,66.0,9.371598243713379,507.3011779785156
1,1201,30.0,-2.3864920139312744,66.8203353881836
1,1202,63.0,7.579325199127197,435.711181640625
1,1203,38.0,0.28744688630104065,95.46202850341797
1,1204,99.0,18.487686157226562,1746.6558837890625
1,1205,26.0,-3.3183937072753906,64.90890502929688
1,1206,12.0,-9.318263053894043,196.19598388671875
1,1207,28.0,-3.3185276985168457,76.43411254882812
1,1208,19.0,-5.616246223449707,99.98019409179688
1,1209,73.0,10.470983505249023,804.514404296875
1,1210,74.0,11.792741775512695,760.5640869140625
1,1211,109.0,19.950111389160156,2316.969482421875
1,1212,80.0,12.590019226074219,1078.7896728515625
1,1213,40.0,-0.9146881699562073,132.00595092773438
1,1214,70.0,9.606476783752441,605.1776733398438
1,1215,37.0,0.0018686710391193628,68.63423156738281
1,1216,60.0,6.2628350257873535,370.91790771484375
1,1217,15.0,-6.350132465362549,99.71446228027344
1,1218,24.0,-3.7573890686035156,87.18955993652344
1,1219,41.0,-0.14801350235939026,111.75138092041016
1,1220,90.0,13.678205490112305,1209.91748046875
1,1221,34.0,-2.078453540802002,88.9354019165039
1,1222,12.0,-12.786108016967773,255.24114990234375
1,1223,44.0,2.993091106414795,111.6548080444336
1,1224,42.0,1.4949418306350708,113.99828338623047
1,1225,189.0,44.82708740234375,8547.521484375
1,1226,81.0,12.102499961853027,955.747314453125
1,1227,21.0,-3.745621919631958,107.99497985839844
1,1228,166.0,38.03651809692383,6104.0322265625
1,1229,68.0,7.982133865356445,503.31500244140625
1,1230,31.0,-0.42451155185699463,84.38514709472656
1,1231,16.0,-9.842326164245605,197.24620056152344
1,1232,32.0,-4.368433952331543,111.67489624023438
1,1233,68.0,8.687073707580566,499.9546203613281
1,1234,35.0,-2.3401312828063965,98.27214050292969
1,1235,24.0,-7.0668416023254395,120.27519989013672
1,1236,34.0,-2.3911497592926025,90.31440734863281
1,1237,27.0,-4.896661758422852,112.01518249511719
1,1238,32.0,-4.397403717041016,92.63961029052734
1,1239,72.0,8.11058521270752,704.4889526367188
1,1240,17.0,-9.105620384216309,141.00437927246094
1,1241,39.0,0.5600009560585022,93.82279968261719
1,1242,22.0,-3.271599531173706,87.33084106445312
1,1243,26.0,-2.0220296382904053,75.2157974243164
1,1244,53.0,5.714583873748779,326.6986999511719
1,1245,14.0,-8.693293571472168,150.19876098632812
1,1246,46.0,3.5580873489379883,229.47557067871094
1,1247,100.0,18.800220489501953,1901.74267578125
1,1248,29.0,-0.48923370242118835,62.29151916503906
1,1249,13.0,-6.081943035125732,109.0758285522461
1,1250,32.0,-0.016244256868958473,46.805274963378906
1,1251,15.0,-6.757888317108154,61.84831237792969
1,1252,59.0,7.359521865844727,415.21136474609375
1,1253,135.0,28.194995880126953,4093.790771484375
1,1254,14.0,-4.068221569061279,85.66092681884766
1,1255,38.0,1.0280630588531494,91.54109954833984
1,1256,35.0,1.2948282957077026,61.001338958740234
1,1257,78.0,13.103141784667969,965.884033203125
1,1258,70.0,10.743607521057129,734.8233032226562
1,1259,24.0,-2.88624906539917,58.545963287353516
1,1260,54.0,6.861028671264648,265.5329895019531
1,1261,15.0,-6.36965274810791,116.96249389648438
1,1262,80.0,15.752413749694824,989.571044921875
1,1263,55.0,6.3920512199401855,351.18646240234375
1,1264,81.0,10.588369369506836,1117.053955078125
1,1265,52.0,4.416109561920166,232.181396484375
1,1266,39.0,1.9350049495697021,95.17719268798828
1,1267,91.0,14.02645492553711,1370.3365478515625
1,1268,92.0,15.986812591552734,1427.5164794921875
1,1269,13.0,-8.887250900268555,238.60781860351562
1,1270,32.0,-1.2332075834274292,81.06719207763672
1,1271,19.0,-7.2825608253479,171.51683044433594
1,1272,45.0,-0.6443243026733398,118.02800750732422
1,1273,53.0,2.5390968322753906,202.1739501953125
1,1274,12.0,-8.257572174072266,313.00067138671875
1,1275,37.0,-4.723644733428955,97.14456939697266
1,1276,25.0,-5.661288738250732,146.8315887451172
1,1277,109.0,17.383880615234375,1851.5418701171875
1,1278,15.0,-8.585283279418945,252.1376190185547
1,1279,28.0,-5.1072096824646,134.2359619140625
1,1280,80.0,10.76111125946045,782.9031372070312
1,1281,32.0,-1.5880144834518433,97.67594146728516
1,1282,56.0,3.4985809326171875,268.36346435546875
1,1283,40.0,-0.2977822721004486,99.49169921875
1,1284,40.0,-0.03862341120839119,99.27301788330078
1,1285,66.0,6.503509044647217,428.9350891113281
1,1286,22.0,-5.587779521942139,148.69528198242188
1,1287,81.0,13.826943397521973,992.5088500976562
1,1288,16.0,-10.27125072479248,251.70411682128906
1,1289,45.0,1.9764525890350342,125.3882827758789
1,1290,58.0,5.2227396965026855,306.8950500488281
1,1291,19.0,-7.402790069580078,149.03089904785156
1,1292,62.0,4.627752780914307,358.6720886230469
1,1293,49.0,2.440905809402466,157.31231689453125
1,1294,25.0,-3.6950814723968506,106.52249908447266
1,1295,47.0,1.3327068090438843,150.26974487304688
1,1296,35.0,-1.3522911071777344,87.38736724853516
1,1297,71.0,7.824713230133057,583.9627685546875
1,1298,48.0,2.832710027694702,171.14035034179688
1,1299,110.0,16.71529197692871,2033.426513671875
1,1300,55.0,2.0081627368927,223.08929443359375
1,1301,11.0,-12.986520767211914,382.6114501953125
1,1302,43.0,-1.952213168144226,144.79000854492188
1,1303,29.0,-6.74155330657959,125.618896484375
1,1304,27.0,-7.724343299865723,165.36782836914062
1,1305,47.0,-0.3399599492549896,147.43910217285156
1,1306,46.0,0.4892086684703827,121.64616394042969
1,1307,45.0,0.709090530872345,140.5776824951172
1,1308,28.0,-3.372123956680298,122.76639556884766
1,1309,37.0,-3.9486701488494873,116.3104019165039
1,1310,102.0,17.321155548095703,1626.526123046875
1,1311,15.0,-11.271101951599121,225.19314575195312
1,1312,42.0,-0.11471511423587799,81.88089752197266
1,1313,32.0,-1.8496168851852417,73.2561264038086
1,1314,44.0,1.8325183391571045,151.02978515625
1,1315,64.0,7.095116138458252,415.27032470703125
1,1316,69.0,9.009921073913574,560.344482421875
1,1317,35.0,-0.7953091859817505,90.16492462158203
1,1318,63.0,7.426186561584473,373.121337890625
1,1319,47.0,1.3307695388793945,133.47386169433594
1,1320,48.0,1.9397917985916138,145.43307495117188
1,1321,29.0,-4.880037784576416,86.82843780517578
1,1322,78.0,9.131574630737305,673.7780151367188
1,1323,38.0,-1.012972354888916,107.73523712158203
1,1324,28.0,-3.4755613803863525,126.45789337158203
1,1325,46.0,-0.5092576146125793,137.9274139404297
1,1326,48.0,1.251876950263977,151.2190704345703
1,1327,13.0,-10.572211265563965,311.44744873046875
1,1328,36.0,-2.358474016189575,106.69203186035156
1,1329,51.0,2.4443418979644775,156.320556640625
1,1330,26.0,-5.674601078033447,146.81089782714844
1,1331,44.0,1.1331762075424194,141.40988159179688
1,1332,52.0,0.38744404911994934,203.70980834960938
1,1333,34.0,-4.5472187995910645,91.58373260498047
1,1334,47.0,2.4427871704101562,169.7900390625
1,1335,13.0,-8.538517951965332,217.23675537109375
1,1336,26.0,-4.443049430847168,82.72748565673828
1,1337,42.0,0.6818091869354248,112.1242904663086
1,1338,75.0,8.205349922180176,691.884521484375
1,1339,51.0,4.050126075744629,198.37611389160156
1,1340,47.0,1.0918575525283813,168.45960998535156
1,1341,13.0,-9.185026168823242,253.76004028320312
1,1342,29.0,-2.750854253768921,87.65867614746094
1,1343,12.0,-5.9684576988220215,213.2864532470703
1,1344,55.0,5.8510589599609375,262.16143798828125
1,1345,24.0,-5.163024425506592,111.25421142578125
1,1346,44.0,1.5527364015579224,123.12934112548828
1,1347,58.0,5.7399516105651855,448.3170471191406
1,1348,94.0,14.806732177734375,1421.9267578125
1,1349,12.0,-11.73464298248291,205.90599060058594
1,1350,49.0,3.524488925933838,217.47787475585938
1,1351,102.0,18.709625244140625,1660.759033203125
1,1352,90.0,12.417407989501953,1221.906982421875
1,1353,28.0,-4.696310997009277,133.7078857421875
1,1354,42.0,-0.8434092998504639,112.0661392211914
1,1355,25.0,-5.0400567054748535,124.13762664794922
1,1356,10.0,-14.602294921875,311.7950439453125
1,1357,55.0,2.5138895511627197,238.95327758789062
1,1358,28.0,-3.645068407058716,148.7653350830078
1,1359,67.0,6.573765754699707,431.9405517578125
1,1360,33.0,-4.241972923278809,123.78130340576172
1,1361,27.0,-7.511388301849365,157.33731079101562
1,1362,29.0,-5.46989631652832,121.92192840576172
1,1363,46.0,0.11611169576644897,167.48544311523438
1,1364,45.0,1.2886830568313599,99.8213882446289
1,1365,63.0,6.98529577255249,333.68511962890625
1,1366,44.0,0.7383884191513062,124.9188461303711
1,1367,73.0,9.17075252532959,560.6909790039062
1,1368,56.0,3.1854634284973145,277.659423828125
1,1369,32.0,-3.336134195327759,89.17927551269531
1,1370,55.0,3.932690382003784,239.46597290039062
1,1371,28.0,-3.837580442428589,110.36949157714844
1,1372,29.0,-5.479030132293701,129.6333465576172
1,1373,19.0,-9.646256446838379,222.0618438720703
1,1374,53.0,1.420125961303711,202.4992218017578
1,1375,111.0,19.467100143432617,2135.675048828125
1,1376,26.0,-5.443912506103516,146.20860290527344
1,1377,14.0,-11.51449203491211,272.0089111328125
1,1378,47.0,1.4430928230285645,144.16221618652344
1,1379,18.0,-9.965421676635742,132.71743774414062
1,1380,35.0,-0.9050323367118835,78.56887817382812
1,1381,40.0,-1.3186687231063843,89.94708251953125
1,1382,12.0,-4.832576274871826,267.7071838378906
1,1383,47.0,2.294142484664917,148.1687469482422
1,1384,45.0,1.583693504333496,137.77178955078125
1,1385,37.0,-1.4440131187438965,65.98013305664062
1,1386,39.0,0.7916961908340454,98.95305633544922
1,1387,73.0,6.987037658691406,668.459228515625
1,1388,66.0,7.458583831787109,591.8318481445312
1,1389,60.0,5.219733715057373,299.03192138671875
1,1390,30.0,-4.674162864685059,75.80280303955078
1,1391,30.0,-3.1008851528167725,113.47865295410156
1,1392,59.0,2.8924953937530518,309.2849426269531
1,1393,16.0,-9.437872886657715,206.32015991210938
1,1394,60.0,3.4119718074798584,356.4422607421875
1,1395,30.0,-2.5921685695648193,95.76175689697266
1,1396,112.0,18.457948684692383,2182.327392578125
1,1397,141.0,30.446949005126953,3971.956298828125
1,1398,54.0,1.3979740142822266,209.71641540527344
1,1399,40.0,-0.8715123534202576,124.2164535522461
1,1400,78.0,8.35798168182373,708.0053100585938
1,1401,25.0,-9.112364768981934,162.30479431152344
1,1402,18.0,-11.01539134979248,260.99072265625
1,1403,83.0,7.043676853179932,830.7800903320312
1,1404,46.0,0.22675642371177673,183.9912872314453
1,1405,16.0,-12.772465705871582,347.5096130371094
1,1406,20.0,-8.652022361755371,215.9488067626953
1,1407,33.0,-4.071681976318359,104.01477813720703
1,1408,43.0,-2.205122709274292,131.17250061035156
1,1409,15.0,-12.436671257019043,263.5581970214844
1,1410,63.0,4.146233081817627,419.22900390625
1,1411,22.0,-5.708762168884277,171.34622192382812
1,1412,42.0,-1.2483527660369873,116.17742156982422
1,1413,71.0,6.286040306091309,632.1486206054688
1,1414,38.0,-1.1156481504440308,91.3213119506836
1,1415,27.0,-3.754676342010498,78.97966003417969
1,1416,29.0,-6.048219680786133,115.4644775390625
1,1417,26.0,-3.966829299926758,105.22583770751953
1,1418,19.0,-9.651646614074707,151.3428497314453
1,1419,28.0,-2.541806221008301,66.7511978149414
1,1420,58.0,6.446918964385986,335.062744140625
1,1421,43.0,-0.08107496052980423,141.58909606933594
1,1422,25.0,-4.104790210723877,43.6827278137207
1,1423,45.0,2.261115074157715,159.9013214111328
1,1424,22.0,-4.0167436599731445,73.55694580078125
1,1425,16.0,-8.102825164794922,88.34831237792969
1,1426,38.0,1.3207613229751587,102.75745391845703
1,1427,36.0,2.275714635848999,86.9274673461914
1,1428,73.0,7.302634239196777,956.1256103515625
1,1429,29.0,-0.4523320198059082,20.57647132873535
1,1430,67.0,11.396026611328125,630.32861328125
1,1431,41.0,2.93096923828125,122.79946899414062
1,1432,32.0,-0.0006802647840231657,77.27257537841797
1,1433,27.0,-1.3619290590286255,36.29810333251953
1,1434,37.0,0.445154070854187,101.08011627197266
1,1435,26.0,-3.036191463470459,62.70684051513672
1,1436,48.0,4.977124214172363,248.5217742919922
1,1437,60.0,5.853137016296387,445.9973449707031
1,1438,67.0,10.0864896774292,540.06884765625
1,1439,72.0,9.199097633361816,752.416748046875
1,1440,43.0,2.049882650375366,119.71993255615234
1,1441,34.0,0.13161371648311615,73.2431411743164
1,1442,92.0,18.30958366394043,1320.959716796875
1,1443,82.0,9.603060722351074,1017.1678466796875
1,1444,40.0,0.4245075583457947,90.92683410644531
1,1445,59.0,5.543385982513428,321.6598205566406
1,1446,70.0,7.412487506866455,550.5382080078125
1,1447,57.0,3.078660249710083,242.0636444091797
1,1448,49.0,1.6082401275634766,177.0813446044922
1,1449,64.0,4.436617374420166,385.562255859375
1,1450,104.0,15.268189430236816,1618.896728515625
1,1451,37.0,-1.7420094013214111,142.66595458984375
1,1452,115.0,13.854802131652832,2052.816650390625
1,1453,83.0,10.628744125366211,831.96044921875
1,1454,49.0,-2.2826476097106934,166.20375061035156
1,1455,55.0,-0.25861379504203796,237.7132568359375
1,1456,28.0,-5.489754676818848,332.12359619140625
1,1457,51.0,0.2860272526741028,227.28689575195312
1,1458,49.0,0.1622636318206787,214.03062438964844
1,1459,176.0,32.18529510498047,5853.25537109375
1,1460,29.0,-7.744534015655518,328.5965881347656
1,1461,72.0,3.2390897274017334,381.7409973144531
1,1462,28.0,-7.670758247375488,330.4666442871094
1,1463,100.0,12.097264289855957,1275.764892578125
1,1464,44.0,-4.044911861419678,214.67015075683594
1,1465,31.0,-8.861334800720215,230.9766387939453
1,1466,17.0,-15.542271614074707,385.3545227050781
1,1467,78.0,6.825728416442871,512.9398803710938
1,1468,16.0,-13.226655960083008,442.0062561035156
1,1469,54.0,0.9236781597137451,175.7734832763672
1,1470,76.0,4.898735523223877,597.470947265625
1,1471,112.0,15.837355613708496,1711.05419921875
1,1472,82.0,7.947366714477539,784.1109619140625
1,1473,76.0,7.961374282836914,556.2939453125
1,1474,32.0,-2.773542642593384,155.8042755126953
1,1475,51.0,-2.1738996505737305,173.28724670410156
1,1476,48.0,-2.185432195663452,178.8307647705078
1,1477,60.0,0.7483024597167969,228.98439025878906
1,1478,30.0,-3.3327834606170654,196.2921142578125
1,1479,33.0,-7.70276403427124,193.0762939453125
1,1480,27.0,-9.471550941467285,205.5302276611328
1,1481,27.0,-8.498309135437012,272.29205322265625
1,1482,24.0,-4.899559020996094,214.0356903076172
1,1483,39.0,-3.572464942932129,131.13072204589844
1,1484,48.0,0.3343872129917145,156.5721435546875
1,1485,58.0,2.5879595279693604,238.03579711914062
1,1486,29.0,-3.59895658493042,99.79995727539062
1,1487,15.0,-14.744172096252441,284.21319580078125
1,1488,44.0,0.16685700416564941,125.43985748291016
1,1489,57.0,3.47121524810791,317.99700927734375
1,1490,47.0,0.12039003521203995,188.56918334960938
1,1491,52.0,3.3703627586364746,242.25265502929688
1,1492,22.0,-7.3326897621154785,150.96588134765625
1,1493,73.0,8.520645141601562,654.4279174804688
1,1494,41.0,-0.49619370698928833,130.41287231445312
1,1495,34.0,-2.6646511554718018,121.53369140625
1,1496,42.0,-1.073714256286621,118.73956298828125
1,1497,36.0,-0.7163711786270142,83.58216094970703
1,1498,49.0,2.0523834228515625,130.5184783935547
1,1499,35.0,-2.621145725250244,86.39584350585938
1,1500,44.0,2.047441005706787,134.41151428222656
2,1501,55.0,3.510523557662964,210.42286682128906
2,1502,16.0,-15.291243553161621,226.62350463867188
2,1503,22.0,-6.180929183959961,168.73167419433594
2,1504,41.0,-0.360514372587204,95.56156158447266
2,1505,28.0,-3.081369161605835,118.32335662841797
2,1506,31.0,-4.308510780334473,106.10552978515625
2,1507,31.0,-3.4988017082214355,108.46190643310547
2,1508,32.0,-2.1957900524139404,85.9690170288086
2,1509,56.0,4.251094818115234,277.72222900390625
2,1510,37.0,-1.6867719888687134,81.13383483886719
2,1511,51.0,2.1997756958007812,156.28518676757812
2,1512,26.0,-3.2775471210479736,94.19084930419922
2,1513,46.0,1.2064555883407593,125.49939727783203
2,1514,11.0,-9.839177131652832,240.73348999023438
2,1515,26.0,-4.289464950561523,83.93946838378906
2,1516,94.0,17.476821899414062,1351.29638671875
2,1517,42.0,0.2535012662410736,132.69557189941406
2,1518,69.0,9.316428184509277,569.8573608398438
2,1519,94.0,15.284069061279297,1538.1588134765625
2,1520,26.0,-3.5384902954101562,75.3633041381836
2,1521,39.0,-0.7633607983589172,107.5772933959961
2,1522,61.0,6.532786846160889,341.5205993652344
2,1523,109.0,13.323582649230957,2274.487548828125
2,1524,12.0,-7.6827006340026855,207.62301635742188
2,1525,19.0,-7.688076972961426,160.9123992919922
2,1526,69.0,5.7924909591674805,575.5052490234375
2,1527,36.0,0.31485363841056824,89.05583953857422
2,1528,44.0,-0.00717543438076973,162.92372131347656
2,1529,58.0,4.221288681030273,251.12200927734375
2,1530,55.0,3.995373487472534,250.76698303222656
2,1531,30.0,-4.011828422546387,71.02806091308594
2,1532,26.0,-4.665100574493408,143.3111572265625
2,1533,32.0,-5.292262554168701,123.44771575927734
2,1534,78.0,9.10983657836914,776.511962890625
2,1535,37.0,-1.8897770643234253,99.37357330322266
2,1536,67.0,7.986148357391357,397.9410400390625
2,1537,21.0,-3.415928840637207,142.74134826660156
2,1538,37.0,-0.1109614148736,113.6150894165039
2,1539,28.0,-2.336693048477173,79.81156921386719
2,1540,10.0,-7.161311149597168,320.14202880859375
2,1541,20.0,-2.7177560329437256,104.14944458007812
2,1542,15.0,-11.448330879211426,168.52345275878906
2,1543,37.0,0.35213443636894226,106.25576782226562
2,1544,15.0,-6.233310222625732,115.4192123413086
2,1545,36.0,1.9270564317703247,79.1844711303711
2,1546,43.0,3.8650355339050293,135.87216186523438
2,1547,32.0,0.8252062797546387,58.84284210205078
2,1548,83.0,13.03298282623291,1111.172607421875
2,1549,11.0,-3.366624355316162,106.42317199707031
2,1550,108.0,21.60662841796875,2296.655029296875
2,1551,31.0,0.5399554967880249,71.89857482910156
2,1552,35.0,0.17413321137428284,79.29817962646484
2,1553,22.0,-3.5229194164276123,59.19876480102539
2,1554,23.0,-3.447068452835083,48.07103729248047
2,1555,40.0,1.618835687637329,130.6442108154297
2,1556,96.0,12.796031951904297,1815.6722412109375
2,1557,76.0,14.495482444763184,879.0614624023438
2,1558,58.0,5.1722307205200195,442.0209045410156
2,1559,25.0,-3.70585560798645,61.6187629699707
2,1560,31.0,0.04068618267774582,57.78435134887695
2,1561,144.0,32.177757263183594,4703.9033203125
2,1562,41.0,1.8936947584152222,149.9147491455078
2,1563,22.0,-0.9877108335494995,51.14577865600586
2,1564,108.0,20.683835983276367,2241.206298828125
2,1565,75.0,8.347562789916992,851.7852172851562
2,1566,25.0,-2.2808094024658203,64.1369400024414
2,1567,132.0,24.46674346923828,3697.791015625
2,1568,54.0,4.238621234893799,252.10662841796875
2,1569,26.0,-2.293858289718628,64.56959533691406
2,1570,58.0,7.733007431030273,377.4671630859375
2,1571,58.0,3.2032318115234375,358.20355224609375
2,1572,29.0,-3.6011619567871094,74.71529388427734
2,1573,35.0,-0.46675100922584534,100.8289794921875
2,1574,13.0,-6.101832866668701,221.2471160888672
2,1575,31.0,-1.8503144979476929,78.42656707763672
2,1576,39.0,0.071464903652668,73.53583526611328
2,1577,44.0,0.7455524802207947,153.1257781982422
2,1578,46.0,2.7955827713012695,166.5029296875
2,1579,55.0,3.797459125518799,276.6305236816406
2,1580,19.0,-7.559511184692383,154.2083740234375
2,1581,38.0,-0.519831657409668,92.33622741699219
2,1582,46.0,3.373745918273926,135.8291778564453
2,1583,21.0,-7.674476146697998,83.42484283447266
2,1584,42.0,2.6947104930877686,108.3407211303711
2,1585,47.0,3.210052013397217,168.5985870361328
2,1586,107.0,18.073453903198242,1925.3204345703125
2,1587,47.0,3.9500467777252197,181.86976623535156
2,1588,82.0,9.146330833435059,960.990966796875
2,1589,58.0,4.960363388061523,274.0132141113281
2,1590,58.0,5.177517890930176,341.7112121582031
2,1591,72.0,6.813179016113281,595.9136352539062
2,1592,54.0,2.4922754764556885,190.3456573486328
2,1593,54.0,1.7548608779907227,186.84683227539062
2,1594,37.0,-6.000133514404297,146.93446350097656
2,1595,58.0,1.484407901763916,210.66119384765625
2,1596,31.0,-4.926934719085693,195.28883361816406
2,1597,37.0,-2.5876564979553223,157.88656616210938
2,1598,102.0,8.779558181762695,1417.6943359375
2,1599,95.0,8.280295372009277,1048.08203125
2,1600,64.0,2.297086715698242,296.40594482421875
2,1601,33.0,-7.404141902923584,247.9023895263672
2,1602,45.0,-3.2206811904907227,191.00669860839844
2,1603,42.0,-3.2106761932373047,183.65614318847656
2,1604,48.0,-0.45336201786994934,181.2612762451172
2,1605,50.0,-2.74733567237854,180.09445190429688
2,1606,49.0,-5.125998497009277,179.3755645751953
2,1607,43.0,-4.2548394203186035,227.02098083496094
2,1608,33.0,-7.589969635009766,223.1302947998047
2,1609,59.0,2.830336332321167,242.18771362304688
2,1610,34.0,-4.721930503845215,165.53919982910156
2,1611,76.0,5.63765811920166,626.0255126953125
2,1612,34.0,-6.8834967613220215,132.47860717773438
2,1613,39.0,-1.6536507606506348,97.04044342041016
2,1614,32.0,-4.870166778564453,106.08389282226562
2,1615,29.0,-2.507512331008911,114.04389953613281
2,1616,128.0,27.190908432006836,2983.2763671875
2,1617,13.0,-6.937478542327881,213.48207092285156
2,1618,60.0,5.228122234344482,280.0578918457031
2,1619,42.0,2.0794107913970947,122.93804931640625
2,1620,34.0,-1.8693132400512695,85.80048370361328
2,1621,77.0,10.459941864013672,714.2310180664062
2,1622,48.0,2.749817132949829,192.6676788330078
2,1623,29.0,-1.586336612701416,117.2481918334961
2,1624,27.0,-3.1889727115631104,72.46198272705078
2,1625,100.0,14.221721649169922,1761.91357421875
2,1626,61.0,3.9761717319488525,503.3403015136719
2,1627,15.0,-9.330883026123047,170.3773956298828
2,1628,39.0,0.18600758910179138,124.34574890136719
2,1629,106.0,14.048730850219727,2167.7392578125
2,1630,42.0,0.1836576908826828,123.92829132080078
2,1631,25.0,-3.5735249519348145,116.66585540771484
2,1632,123.0,17.33362579345703,2902.525634765625
2,1633,25.0,-6.401806354522705,120.89242553710938
2,1634,26.0,-6.247541427612305,118.048583984375
2,1635,26.0,-6.407646656036377,98.89222717285156
2,1636,89.0,14.023528099060059,1079.46923828125
2,1637,39.0,-1.9832584857940674,97.80826568603516
2,1638,46.0,1.5781632661819458,109.03073120117188
2,1639,44.0,0.13008320331573486,189.52560424804688
2,1640,71.0,7.587703227996826,668.3892822265625
2,1641,39.0,-2.6693150997161865,85.81156158447266
2,1642,87.0,11.935059547424316,974.5819091796875
2,1643,23.0,-7.221846103668213,147.3630828857422
2,1644,90.0,14.016011238098145,1097.0692138671875
2,1645,18.0,-6.492753028869629,206.89083862304688
2,1646,34.0,-2.416919469833374,88.16663360595703
2,1647,37.0,-0.9642209410667419,86.07186889648438
2,1648,21.0,-5.762794017791748,165.0354461669922
2,1649,26.0,-7.9831767082214355,102.24832153320312
2,1650,56.0,4.13657283782959,212.75830078125
2,1651,66.0,6.446141719818115,460.6830139160156
2,1652,53.0,3.4649126529693604,280.2486877441406
2,1653,80.0,10.77452278137207,940.637451171875
2,1654,39.0,-0.7969714999198914,109.92754364013672
2,1655,15.0,-8.66856861114502,207.97474670410156
2,1656,56.0,5.807290077209473,337.6483459472656
2,1657,36.0,-1.3203366994857788,77.11580657958984
2,1658,39.0,-2.3504130840301514,81.84705352783203
2,1659,24.0,-2.8708550930023193,101.66561126708984
2,1660,23.0,-5.637779235839844,104.04035186767578
2,1661,33.0,-1.5642070770263672,68.61995697021484
2,1662,57.0,3.3327372074127197,338.9462585449219
2,1663,37.0,1.2495951652526855,81.26129913330078
2,1664,72.0,6.586353302001953,680.2935180664062
2,1665,30.0,-1.5884184837341309,65.0961685180664
2,1666,61.0,6.211420059204102,466.9895935058594
2,1667,97.0,14.10770034790039,1754.360595703125
2,1668,27.0,-3.5608253479003906,70.32798767089844
2,1669,69.0,11.367962837219238,567.1527709960938
2,1670,36.0,-0.3531035780906677,69.21659851074219
2,1671,83.0,11.92426872253418,996.602783203125
2,1672,11.0,-4.7000579833984375,174.24522399902344
2,1673,167.0,31.030542373657227,6582.150390625
2,1674,52.0,5.124231815338135,217.7829132080078
2,1675,41.0,0.7533949613571167,80.16267395019531
2,1676,48.0,2.2030742168426514,255.4210662841797
2,1677,104.0,14.35089111328125,1981.1697998046875
2,1678,23.0,-6.9158759117126465,112.21478271484375
2,1679,33.0,-5.034871578216553,103.78912353515625
2,1680,45.0,0.7012293338775635,165.31161499023438
2,1681,29.0,-3.591749906539917,99.70110321044922
2,1682,95.0,12.011518478393555,1315.7001953125
2,1683,49.0,2.8376054763793945,194.7748565673828
2,1684,130.0,22.858604431152344,3059.92724609375
2,1685,36.0,-1.5950974225997925,90.75955963134766
2,1686,24.0,-6.257320880889893,213.1361846923828
2,1687,42.0,-0.4758809506893158,132.2599639892578
2,1688,34.0,-4.783178806304932,99.22235107421875
2,1689,38.0,-2.0146985054016113,99.0166244506836
2,1690,52.0,3.4112741947174072,251.030029296875
2,1691,51.0,0.8603841066360474,167.97312927246094
2,1692,149.0,22.228673934936523,4498.71875
2,1693,50.0,1.5976470708847046,162.4690399169922
2,1694,35.0,-2.2941479682922363,89.70272064208984
2,1695,47.0,0.9260029792785645,112.65066528320312
2,1696,51.0,1.3587640523910522,155.28128051757812
2,1697,14.0,-8.805268287658691,272.5790100097656
2,1698,17.0,-5.712893962860107,213.32594299316406
2,1699,81.0,10.667607307434082,827.6015014648438
2,1700,69.0,5.991178035736084,537.7459716796875
2,1701,37.0,-2.229743242263794,100.5182876586914
2,1702,20.0,-4.579801082611084,193.1356964111328
2,1703,38.0,-0.16087956726551056,88.98796081542969
2,1704,46.0,0.4209502637386322,170.149658203125
2,1705,53.0,3.0718469619750977,167.7886199951172
2,1706,20.0,-8.054963111877441,149.34278869628906
2,1707,54.0,1.6284801959991455,277.8073425292969
2,1708,95.0,11.48476505279541,1362.5382080078125
2,1709,26.0,-4.091734886169434,90.67396545410156
2,1710,33.0,-3.9019742012023926,125.61400604248047
2,1711,20.0,-5.8476972579956055,206.39599609375
2,1712,21.0,-3.849626302719116,147.46983337402344
2,1713,44.0,0.7672438025474548,135.89523315429688
2,1714,27.0,-1.3891956806182861,91.94280242919922
2,1715,29.0,-4.620720863342285,99.33182525634766
2,1716,42.0,1.1221778392791748,131.4313201904297
2,1717,70.0,7.79091739654541,593.6264038085938
2,1718,62.0,8.604632377624512,424.370849609375
2,1719,22.0,-1.6815553903579712,96.00054168701172
2,1720,36.0,0.28033456206321716,61.50920486450195
2,1721,12.0,-7.887643814086914,217.31396484375
2,1722,29.0,-1.2188150882720947,43.61507034301758
2,1723,22.0,-5.625772476196289,98.29347229003906
2,1724,15.0,-9.4854097366333,150.32318115234375
2,1725,61.0,8.527874946594238,423.78582763671875
2,1726,41.0,2.346269369125366,159.27005004882812
2,1727,44.0,2.6566193103790283,185.45237731933594
2,1728,62.0,5.976191997528076,691.2745971679688
2,1729,52.0,7.394654273986816,280.4455871582031
2,1730,31.0,-0.5905451774597168,32.481048583984375
2,1731,34.0,0.17342685163021088,81.01233673095703
2,1732,54.0,5.420165061950684,233.06825256347656
2,1733,35.0,1.1798056364059448,86.22885131835938
2,1734,122.0,26.860679626464844,3192.156494140625
2,1735,48.0,4.670268535614014,188.7042694091797
2,1736,25.0,-3.4747204780578613,55.68634033203125
2,1737,47.0,4.100765228271484,152.48324584960938
2,1738,67.0,7.888341903686523,432.57891845703125
2,1739,31.0,-3.0768203735351562,73.52918243408203
2,1740,29.0,-1.6523126363754272,76.48080444335938
2,1741,65.0,7.937253952026367,462.881103515625
2,1742,17.0,-7.892678260803223,220.0059051513672
2,1743,33.0,0.3070688843727112,53.25621032714844
2,1744,19.0,-8.469771385192871,180.08905029296875
2,1745,17.0,-8.238825798034668,178.3092041015625
2,1746,40.0,-0.779650866985321,102.95018768310547
2,1747,29.0,-1.6736077070236206,82.3958969116211
2,1748,30.0,-4.006206512451172,91.9702377319336
2,1749,60.0,5.9201836585998535,340.15045166015625
2,1750,95.0,13.888668060302734,1465.7347412109375
2,1751,13.0,-8.802958488464355,183.36314392089844
2,1752,45.0,2.061795234680176,96.28913879394531
2,1753,32.0,-0.22826291620731354,78.30220031738281
2,1754,64.0,7.529575824737549,433.97027587890625
2,1755,34.0,1.1137393712997437,91.15263366699219
2,1756,48.0,1.9419636726379395,195.94647216796875
2,1757,62.0,5.3488664627075195,337.884521484375
2,1758,55.0,2.8649778366088867,198.52357482910156
2,1759,85.0,11.979842185974121,962.4380493164062
2,1760,36.0,-2.9829158782958984,86.80582427978516
2,1761,24.0,-5.0807976722717285,126.33322143554688
2,1762,50.0,0.4528873562812805,218.7471466064453
2,1763,45.0,1.2180918455123901,134.58154296875
2,1764,34.0,-4.952462673187256,83.90117645263672
2,1765,54.0,2.650094985961914,224.7689666748047
2,1766,23.0,-5.507725715637207,205.2544708251953
2,1767,33.0,-1.0042948722839355,109.53516387939453
2,1768,33.0,-2.765807867050171,149.16958618164062
2,1769,69.0,6.323605537414551,375.927490234375
2,1770,60.0,2.3430306911468506,321.9233093261719
2,1771,18.0,-10.013510704040527,239.52450561523438
2,1772,25.0,-7.881522178649902,176.46194458007812
2,1773,16.0,-12.697081565856934,310.8748474121094
2,1774,41.0,-2.8437492847442627,109.5909652709961
2,1775,28.0,-2.981492042541504,111.74420928955078
2,1776,29.0,-1.2612956762313843,92.08538055419922
2,1777,28.0,-4.359518051147461,92.36448669433594
2,1778,43.0,1.6771409511566162,158.23397827148438
2,1779,24.0,-3.533384323120117,96.46475219726562
2,1780,48.0,2.587312698364258,192.88848876953125
2,1781,29.0,-2.6605513095855713,64.6576919555664
2,1782,46.0,0.7705809473991394,241.84483337402344
2,1783,12.0,-4.941702365875244,173.81338500976562
2,1784,26.0,-3.555410623550415,57.50093460083008
2,1785,29.0,-1.1030712127685547,53.68586730957031
2,1786,64.0,8.153459548950195,578.354248046875
2,1787,44.0,2.624593734741211,218.2560272216797
2,1788,37.0,1.2185440063476562,57.27635955810547
2,1789,49.0,4.658797740936279,196.46437072753906
2,1790,64.0,9.62100601196289,580.33447265625
2,1791,100.0,18.90989875793457,1762.23779296875
2,1792,29.0,-1.112390160560608,71.14382934570312
2,1793,28.0,-1.9647598266601562,60.1071662902832
2,1794,42.0,3.221133232116699,146.1116485595703
2,1795,45.0,5.048253059387207,150.46694946289062
2,1796,62.0,9.629800796508789,452.4486389160156
2,1797,29.0,-2.333623170852661,58.845462799072266
2,1798,92.0,18.431255340576172,1386.0955810546875
2,1799,92.0,10.457664489746094,1452.2255859375
2,1800,33.0,-0.860461950302124,78.2407455444336
2,1801,34.0,-0.08645061403512955,82.91053771972656
2,1802,249.0,40.55982208251953,16440.84765625
2,1803,46.0,1.936466932296753,163.49530029296875
2,1804,38.0,-1.8981845378875732,70.45403289794922
2,1805,72.0,6.393367290496826,574.7891235351562
2,1806,38.0,-1.7766900062561035,100.86959075927734
2,1807,47.0,1.5752886533737183,125.0284652709961
2,1808,58.0,3.1972501277923584,276.17401123046875
2,1809,83.0,10.958518028259277,765.7903442382812
2,1810,26.0,-2.9608423709869385,172.5223846435547
2,1811,32.0,-1.9752743244171143,133.02847290039062
2,1812,47.0,-0.4186059534549713,108.50529479980469
2,1813,60.0,3.0683977603912354,235.7770538330078
2,1814,58.0,1.4539201259613037,227.7028045654297
2,1815,34.0,-3.2199208736419678,149.74871826171875
2,1816,47.0,-1.4805480241775513,155.5713653564453
2,1817,13.0,-9.756556510925293,416.03851318359375
2,1818,141.0,24.745027542114258,3509.7626953125
2,1819,13.0,-13.575819969177246,442.9173278808594
2,1820,32.0,-3.010464906692505,132.2759246826172
2,1821,41.0,-3.865841865539551,126.5788803100586
2,1822,54.0,1.691882610321045,224.13800048828125
2,1823,65.0,4.555656433105469,368.38299560546875
2,1824,29.0,-4.712984085083008,125.29480743408203
2,1825,41.0,0.2863699495792389,103.67371368408203
2,1826,30.0,-2.220259189605713,113.39745330810547
2,1827,12.0,-4.418225288391113,256.40411376953125
2,1828,27.0,-5.366246700286865,105.74526977539062
2,1829,90.0,10.880261421203613,1277.548583984375
2,1830,36.0,0.09428605437278748,88.0202407836914
2,1831,43.0,-0.04240693897008896,151.96095275878906
2,1832,30.0,0.10614188015460968,76.88554382324219
2,1833,15.0,-5.800027847290039,137.1650390625
2,1834,55.0,6.05836820602417,243.78167724609375
2,1835,27.0,-3.0829355716705322,66.30640411376953
2,1836,31.0,0.40887442231178284,81.9354476928711
2,1837,57.0,6.090942859649658,399.68255615234375
2,1838,60.0,6.408411026000977,490.1708068847656
2,1839,58.0,5.661972999572754,383.5466003417969
2,1840,71.0,7.0459442138671875,705.4478759765625
2,1841,46.0,0.49087926745414734,149.0230255126953
2,1842,17.0,-4.346357345581055,84.81282043457031
2,1843,10.0,-6.223786354064941,230.972900390625
2,1844,12.0,-5.835992813110352,163.40426635742188
2,1845,60.0,4.871938705444336,428.0425720214844
2,1846,36.0,0.012310785241425037,66.69043731689453
2,1847,12.0,-2.850165605545044,142.24134826660156
2,1848,32.0,-1.0942422151565552,56.86955261230469
2,1849,34.0,1.256567120552063,65.7419662475586
2,1850,82.0,11.944063186645508,1147.9918212890625
2,1851,62.0,4.184434413909912,504.4335021972656
2,1852,86.0,6.191447734832764,1337.6663818359375
2,1853,12.0,-2.930220603942871,137.4951934814453
2,1854,15.0,-6.7558794021606445,128.42601013183594
2,1855,11.0,-5.506182670593262,163.6697540283203
2,1856,48.0,2.269792318344116,256.6144104003906
2,1857,41.0,2.3689000606536865,88.96919250488281
2,1858,16.0,-5.2185821533203125,98.45477294921875
2,1859,97.0,17.83095359802246,1813.0718994140625
2,1860,70.0,10.483495712280273,644.248046875
2,1861,80.0,10.193628311157227,1047.992431640625
2,1862,37.0,0.774685800075531,71.72525787353516
2,1863,14.0,-10.55479907989502,152.32034301757812
2,1864,26.0,-2.4258856773376465,71.24348449707031
2,1865,45.0,1.6184990406036377,168.45657348632812
2,1866,74.0,5.690737247467041,867.8800659179688
2,1867,31.0,-4.859407901763916,116.96500396728516
2,1868,35.0,-3.1169774532318115,77.17352294921875
2,1869,40.0,-0.49607542157173157,111.82786560058594
2,1870,77.0,8.65328311920166,767.97216796875
2,1871,45.0,1.11331307888031,154.1681365966797
2,1872,45.0,0.4130166471004486,137.04478454589844
2,1873,12.0,-12.904105186462402,267.3215026855469
2,1874,27.0,-2.0623154640197754,77.28419494628906
2,1875,57.0,4.452516555786133,211.9421844482422
2,1876,20.0,-4.8490495681762695,139.83734130859375
2,1877,106.0,14.328088760375977,2093.4345703125
2,1878,36.0,-1.612375259399414,102.77825164794922
2,1879,26.0,-4.2398858070373535,96.10498046875
2,1880,113.0,19.311527252197266,2487.96240234375
2,1881,17.0,-9.022412300109863,170.1861114501953
2,1882,35.0,1.309036135673523,73.69091033935547
2,1883,30.0,-2.469090700149536,56.613372802734375
2,1884,88.0,11.964627265930176,1146.951171875
2,1885,26.0,-3.130009651184082,77.59701538085938
2,1886,89.0,15.00903606414795,1375.760498046875
2,1887,29.0,-1.5096230506896973,75.54602813720703
2,1888,69.0,7.314263343811035,658.8954467773438
2,1889,42.0,1.6769354343414307,131.3671875
2,1890,41.0,0.7627062201499939,101.97209167480469
2,1891,43.0,0.7572236657142639,134.54745483398438
2,1892,52.0,3.653176784515381,212.02691650390625
2,1893,56.0,5.456302165985107,295.6707458496094
2,1894,181.0,45.83491897583008,7408.3671875
2,1895,57.0,2.477627754211426,338.861572265625
2,1896,15.0,-11.491814613342285,197.5873565673828
2,1897,26.0,-1.6856529712677002,105.40595245361328
2,1898,29.0,-2.7520358562469482,111.08805847167969
2,1899,36.0,-3.5428380966186523,109.0079574584961
2,1900,84.0,10.53820514678955,909.4030151367188
2,1901,39.0,-1.901383876800537,101.95655059814453
2,1902,36.0,-0.40467873215675354,95.27849578857422
2,1903,34.0,-2.34338641166687,86.0257797241211
2,1904,35.0,-1.4198094606399536,84.85130310058594
2,1905,38.0,-0.5737498998641968,88.6332015991211
2,1906,43.0,-0.6406456828117371,94.9143295288086
2,1907,117.0,21.832080841064453,2244.485595703125
2,1908,66.0,3.9300546646118164,505.8185119628906
2,1909,62.0,2.6650867462158203,398.06134033203125
2,1910,40.0,-2.631545066833496,136.0371856689453
2,1911,21.0,-5.990905284881592,181.33197021484375
2,1912,19.0,-7.7333526611328125,143.91336059570312
2,1913,84.0,8.934557914733887,1096.1107177734375
2,1914,33.0,-3.6508595943450928,62.5601692199707
2,1915,124.0,19.89641761779785,2895.2119140625
2,1916,64.0,5.588038444519043,468.1376953125
2,1917,51.0,2.2734105587005615,174.96852111816406
2,1918,46.0,2.47615909576416,160.74493408203125
2,1919,49.0,2.7071309089660645,192.87681579589844
2,1920,23.0,-3.396075963973999,106.59770202636719
2,1921,99.0,12.482970237731934,1462.4493408203125
2,1922,63.0,4.456706523895264,391.71966552734375
2,1923,59.0,3.6924636363983154,279.1376953125
2,1924,12.0,-13.516413688659668,357.7134094238281
2,1925,30.0,-3.8757596015930176,101.175537109375
2,1926,43.0,-0.9236838817596436,132.40843200683594
2,1927,37.0,-1.4894757270812988,115.68315887451172
2,1928,18.0,-8.053953170776367,320.1810607910156
2,1929,35.0,-5.017092704772949,107.41853332519531
2,1930,12.0,-7.560151100158691,344.5762023925781
2,1931,37.0,0.15272897481918335,83.48921203613281
2,1932,39.0,-0.3321313261985779,78.01595306396484
2,1933,12.0,-6.853379249572754,278.2353210449219
2,1934,33.0,-2.7607533931732178,72.53309631347656
2,1935,31.0,-3.6982877254486084,73.2376708984375
2,1936,58.0,4.194472312927246,347.0368957519531
2,1937,40.0,-0.6284927725791931,83.49581909179688
2,1938,48.0,2.84891939163208,184.82083129882812
2,1939,39.0,1.240540862083435,104.43919372558594
2,1940,40.0,2.829427719116211,105.40841674804688
2,1941,55.0,6.189608573913574,373.2149963378906
2,1942,46.0,4.3868408203125,229.99661254882812
2,1943,27.0,-1.632946491241455,79.13580322265625
2,1944,28.0,-1.0169224739074707,50.59139633178711
2,1945,42.0,2.2634458541870117,86.34707641601562
2,1946,38.0,-0.8302620649337769,98.39693450927734
2,1947,24.0,-4.116157054901123,95.31795501708984
2,1948,87.0,7.192481517791748,1301.1927490234375
2,1949,59.0,7.323122501373291,425.9623718261719
2,1950,53.0,2.375136613845825,193.5528564453125
2,1951,16.0,-5.654994964599609,167.88426208496094
2,1952,40.0,0.0795411542057991,106.34758758544922
2,1953,32.0,-1.2826675176620483,80.84213256835938
2,1954,29.0,-1.0124537944793701,89.11679077148438
2,1955,61.0,3.524506092071533,313.43072509765625
2,1956,75.0,8.234926223754883,735.7088012695312
2,1957,41.0,-2.4174742698669434,103.10332489013672
2,1958,62.0,4.999881744384766,386.1121520996094
2,1959,34.0,-4.053225040435791,118.14105987548828
2,1960,27.0,-3.24674391746521,117.07147216796875
2,1961,36.0,-2.6380650997161865,99.23555755615234
2,1962,43.0,-0.17697879672050476,122.52137756347656
2,1963,21.0,-5.425420761108398,171.54364013671875
2,1964,29.0,-4.421472072601318,117.4003677368164
2,1965,36.0,-2.0312302112579346,90.62754821777344
2,1966,61.0,5.990010738372803,276.2688293457031
2,1967,26.0,-1.548850178718567,85.557861328125
2,1968,53.0,1.4945051670074463,238.47256469726562
2,1969,82.0,13.01205062866211,802.8687133789062
2,1970,58.0,5.35250997543335,370.11181640625
2,1971,29.0,-2.6904351711273193,80.71096801757812
2,1972,19.0,-7.166891098022461,105.13646697998047
2,1973,73.0,9.133572578430176,631.8330688476562
2,1974,55.0,4.369301795959473,255.79576110839844
2,1975,50.0,3.9272680282592773,178.90322875976562
2,1976,75.0,7.282426357269287,794.1054077148438
2,1977,35.0,-1.7628928422927856,78.16535949707031
2,1978,31.0,-0.8100568652153015,85.18878936767578
2,1979,48.0,0.7360408306121826,218.97994995117188
2,1980,78.0,7.654946327209473,876.8268432617188
2,1981,76.0,10.665324211120605,737.02783203125
2,1982,37.0,1.1600396633148193,84.3212890625
2,1983,58.0,3.675365686416626,220.58279418945312
2,1984,27.0,-2.1597161293029785,89.11373901367188
2,1985,27.0,-2.7339694499969482,103.79721069335938
2,1986,43.0,0.5970126986503601,125.71278381347656
2,1987,13.0,-12.410904884338379,301.88385009765625
2,1988,54.0,0.9526759386062622,241.88864135742188
2,1989,33.0,-1.6317644119262695,99.32542419433594
2,1990,62.0,4.184081077575684,396.6254577636719
2,1991,76.0,5.480298042297363,697.8052368164062
2,1992,60.0,3.652655601501465,305.6143798828125
2,1993,30.0,-4.219460487365723,115.2369613647461
2,1994,51.0,-0.3361040949821472,138.196044921875
2,1995,101.0,16.987777709960938,1423.9974365234375
2,1996,39.0,-2.701979398727417,127.00835418701172
2,1997,13.0,-5.80999231338501,325.7602844238281
2,1998,109.0,15.082340240478516,1847.6392822265625
2,1999,55.0,1.4265321493148804,163.621826171875
2,2000,40.0,-1.5202983617782593,100.22465515136719
3,2001,57.0,0.32255038619041443,226.58140563964844
3,2002,95.0,15.418941497802734,1185.762451171875
3,2003,28.0,-5.072343826293945,152.60723876953125
3,2004,73.0,4.143686294555664,539.0005493164062
3,2005,79.0,7.902607440948486,625.0496826171875
3,2006,30.0,-4.886017322540283,152.8241424560547
3,2007,41.0,-2.7968947887420654,130.7871551513672
3,2008,23.0,-7.659657001495361,286.1830749511719
3,2009,129.0,16.830930709838867,2731.090576171875
3,2010,43.0,-1.4377979040145874,122.75493621826172
3,2011,42.0,-3.5918307304382324,116.64583587646484
3,2012,122.0,13.808233261108398,2546.998291015625
3,2013,69.0,3.777304172515869,489.0173645019531
3,2014,44.0,-0.33709168434143066,113.55278015136719
3,2015,41.0,-3.273721218109131,125.80691528320312
3,2016,28.0,-5.1826300621032715,150.94760131835938
3,2017,29.0,-5.96401309967041,138.78636169433594
3,2018,15.0,-6.10861873626709,247.86669921875
3,2019,48.0,-0.20847316086292267,115.14862060546875
3,2020,53.0,-0.6649131774902344,162.07470703125
3,2021,40.0,-0.2595843970775604,115.4341049194336
3,2022,46.0,1.2856966257095337,139.87060546875
3,2023,60.0,2.612494468688965,374.7598571777344
3,2024,28.0,-3.168837070465088,100.6704330444336
3,2025,38.0,0.13819634914398193,102.25186157226562
3,2026,49.0,-0.5026816129684448,208.49151611328125
3,2027,71.0,6.507216453552246,553.695068359375
3,2028,25.0,-2.4322164058685303,66.22523498535156
3,2029,123.0,17.676443099975586,2998.46435546875
3,2030,54.0,4.413179397583008,295.7434387207031
3,2031,49.0,3.5673675537109375,160.28517150878906
3,2032,48.0,1.377010703086853,149.10324096679688
3,2033,20.0,-7.8176703453063965,158.91244506835938
3,2034,27.0,-5.9663801193237305,115.1768798828125
3,2035,61.0,5.5092363357543945,313.70098876953125
3,2036,13.0,-5.694931983947754,279.935791015625
3,2037,44.0,0.4691021144390106,135.3740997314453
3,2038,22.0,-5.552404403686523,206.44863891601562
3,2039,47.0,2.4460737705230713,168.46202087402344
3,2040,43.0,-1.2274223566055298,107.2787857055664
3,2041,19.0,-8.044157028198242,158.65475463867188
3,2042,56.0,4.568636894226074,235.84271240234375
3,2043,38.0,-0.2659105658531189,93.04155731201172
3,2044,116.0,14.585033416748047,2483.074951171875
3,2045,52.0,2.9117486476898193,155.9090576171875
3,2046,49.0,1.2260404825210571,178.44161987304688
3,2047,45.0,0.5435678958892822,148.6762237548828
3,2048,112.0,19.53628158569336,1922.5157470703125
3,2049,89.0,10.552924156188965,984.5484619140625
3,2050,26.0,-6.027215003967285,177.02174377441406
3,2051,12.0,-9.698779106140137,384.8406066894531
3,2052,76.0,6.962460041046143,627.3123779296875
3,2053,21.0,-12.575776100158691,302.347412109375
3,2054,70.0,6.749529838562012,375.4566345214844
3,2055,56.0,2.8247385025024414,242.3957977294922
3,2056,34.0,-2.5049641132354736,131.37464904785156
3,2057,66.0,3.4539291858673096,320.5523681640625
3,2058,70.0,4.087305545806885,311.2759704589844
3,2059,42.0,-3.005676031112671,142.1885223388672
3,2060,32.0,-3.3802013397216797,157.05328369140625
3,2061,55.0,1.3183680772781372,207.85330200195312
3,2062,13.0,-10.95075511932373,445.16253662109375
3,2063,12.0,-5.1722588539123535,450.4451904296875
3,2064,37.0,-5.114175319671631,177.3315887451172
3,2065,28.0,-2.6974825859069824,179.9298095703125
3,2066,39.0,-2.4478232860565186,128.66531372070312
3,2067,70.0,6.7725043296813965,361.2645568847656
3,2068,28.0,-5.78358793258667,162.93682861328125
3,2069,51.0,2.8926825523376465,188.92196655273438
3,2070,57.0,2.25803542137146,266.53277587890625
3,2071,33.0,-2.248365879058838,117.27606964111328
3,2072,14.0,-6.764067649841309,236.1758575439453
3,2073,37.0,-2.042518138885498,109.03456115722656
3,2074,64.0,4.110357284545898,417.1475524902344
3,2075,29.0,-4.593114852905273,114.59893798828125
3,2076,42.0,0.048611536622047424,88.74071502685547
3,2077,52.0,2.490358591079712,153.96609497070312
3,2078,12.0,-2.966377019882202,206.58932495117188
3,2079,53.0,4.135873794555664,201.77992248535156
3,2080,94.0,8.69733715057373,1517.9422607421875
3,2081,40.0,0.4812946021556854,86.59436798095703
3,2082,61.0,6.4368109703063965,335.93585205078125
3,2083,38.0,-0.5059570670127869,75.88545227050781
3,2084,31.0,-1.922558069229126,97.49144744873047
3,2085,114.0,18.373079299926758,2395.2119140625
3,2086,26.0,-2.4411003589630127,103.00901794433594
3,2087,30.0,-0.961402177810669,92.07535552978516
3,2088,52.0,4.544756889343262,281.6950378417969
3,2089,12.0,-5.0895891189575195,197.3573760986328
3,2090,62.0,3.4261505603790283,328.87591552734375
3,2091,37.0,-0.690758466720581,78.22704315185547
3,2092,67.0,5.922380447387695,602.837890625
3,2093,96.0,14.073163032531738,1291.9266357421875
3,2094,90.0,7.049943447113037,1343.424072265625
3,2095,20.0,-9.629966735839844,177.2243194580078
3,2096,67.0,6.024683952331543,375.375
3,2097,37.0,-0.6797850728034973,89.1755599975586
3,2098,41.0,-0.9625792503356934,76.38724517822266
3,2099,27.0,-2.7588818073272705,121.02709197998047
3,2100,15.0,-8.614279747009277,172.65769958496094
3,2101,33.0,-1.2172942161560059,77.73338317871094
3,2102,29.0,-1.8453879356384277,96.67818450927734
3,2103,11.0,-4.432995796203613,166.06130981445312
3,2104,61.0,5.880790710449219,504.82891845703125
3,2105,26.0,-3.0986626148223877,75.0678482055664
3,2106,11.0,-3.06703519821167,141.2189178466797
3,2107,29.0,-1.8350270986557007,65.2381820678711
3,2108,103.0,17.245092391967773,2006.3121337890625
3,2109,68.0,7.309427738189697,740.7875366210938
3,2110,11.0,-5.122627258300781,115.56167602539062
3,2111,67.0,9.344136238098145,561.9562377929688
3,2112,30.0,0.7441637516021729,43.890933990478516
3,2113,39.0,0.31371188163757324,120.6570053100586
3,2114,47.0,4.892136096954346,193.31674194335938
3,2115,78.0,11.208466529846191,952.5469970703125
3,2116,14.0,-3.8377249240875244,57.671966552734375
3,2117,95.0,13.113391876220703,1731.693359375
3,2118,31.0,0.9604327082633972,89.3049545288086
3,2119,48.0,4.654848575592041,180.24822998046875
3,2120,56.0,6.200686454772949,281.2339782714844
3,2121,13.0,-4.835880756378174,104.99629211425781
3,2122,19.0,-6.606621742248535,68.023193359375
3,2123,56.0,6.363135814666748,366.1767883300781
3,2124,89.0,10.452530860900879,1313.0018310546875
3,2125,47.0,2.5277082920074463,239.2230987548828
3,2126,54.0,4.668121814727783,292.2745361328125
3,2127,58.0,4.086373329162598,377.2738952636719
3,2128,44.0,0.8105953335762024,103.11554718017578
3,2129,26.0,-7.035907745361328,127.88809204101562
3,2130,38.0,0.2597774863243103,81.85270690917969
3,2131,26.0,-5.573433876037598,123.84712219238281
3,2132,54.0,2.1033787727355957,206.8778076171875
3,2133,38.0,-0.027421530336141586,118.71554565429688
3,2134,55.0,5.143902778625488,221.71282958984375
3,2135,58.0,1.9121004343032837,227.24147033691406
3,2136,87.0,9.697710037231445,947.2098388671875
3,2137,34.0,-3.6050591468811035,116.74072265625
3,2138,61.0,2.9234044551849365,271.666259765625
3,2139,72.0,5.487656116485596,504.88671875
3,2140,62.0,4.117862224578857,314.32977294921875
3,2141,36.0,-5.661651134490967,174.86935424804688
3,2142,59.0,1.601178526878357,238.31808471679688
3,2143,52.0,-0.0747871920466423,199.31834411621094
3,2144,26.0,-6.48944091796875,248.12998962402344
3,2145,34.0,-1.7732654809951782,181.7132110595703
3,2146,58.0,2.385256052017212,261.91973876953125
3,2147,38.0,-4.091928005218506,169.3677978515625
3,2148,30.0,-4.815010070800781,200.5372772216797
3,2149,40.0,-3.3688511848449707,159.5685577392578
3,2150,37.0,-2.7977938652038574,146.01919555664062
3,2151,22.0,-7.496147632598877,228.28152465820312
3,2152,28.0,-4.492356300354004,149.5889434814453
3,2153,41.0,-3.3600757122039795,116.294677734375
3,2154,84.0,11.223282814025879,771.8154907226562
3,2155,42.0,1.339308500289917,117.15242767333984
3,2156,44.0,-1.7269634008407593,98.32925415039062
3,2157,99.0,15.3279390335083,1377.435791015625
3,2158,77.0,10.204562187194824,720.708251953125
3,2159,47.0,2.0280115604400635,157.85047912597656
3,2160,32.0,-3.652707099914551,108.01687622070312
3,2161,40.0,-2.720427989959717,76.14546203613281
3,2162,15.0,-6.73173713684082,198.93490600585938
3,2163,102.0,15.034031867980957,1493.619140625
3,2164,69.0,5.497369766235352,505.6426086425781
3,2165,36.0,-1.0007596015930176,87.53231811523438
3,2166,26.0,-3.0684726238250732,92.65985870361328
3,2167,30.0,-1.6746008396148682,96.23292541503906
3,2168,41.0,1.12117600440979,92.54745483398438
3,2169,14.0,-8.931051254272461,190.9825439453125
3,2170,46.0,1.1441699266433716,89.1175537109375
3,2171,56.0,5.281739711761475,278.75390625
3,2172,32.0,-0.8672999143600464,77.29487609863281
3,2173,86.0,10.895294189453125,1022.9418334960938
3,2174,13.0,-5.072817802429199,208.8229217529297
3,2175,38.0,-0.029315339401364326,47.41630554199219
3,2176,39.0,-1.3217591047286987,103.83796691894531
3,2177,18.0,-5.307436943054199,143.3800811767578
3,2178,71.0,5.129149436950684,838.6982421875
3,2179,82.0,8.152782440185547,958.2902221679688
3,2180,26.0,-0.9572255611419678,88.7967300415039
3,2181,47.0,2.2403621673583984,136.97584533691406
3,2182,51.0,3.4824018478393555,253.85806274414062
3,2183,30.0,-0.9560902118682861,42.4357795715332
3,2184,45.0,0.7912002205848694,170.35244750976562
3,2185,60.0,6.903539657592773,322.6560363769531
3,2186,30.0,-3.9783377647399902,122.99234771728516
3,2187,47.0,0.6436590552330017,129.93898010253906
3,2188,45.0,0.3693390190601349,149.78439331054688
3,2189,74.0,6.109327793121338,700.2418823242188
3,2190,17.0,-10.905688285827637,230.86456298828125
3,2191,80.0,11.316336631774902,803.1985473632812
3,2192,61.0,2.859227418899536,284.78802490234375
3,2193,27.0,-3.890242099761963,88.79144287109375
3,2194,23.0,-5.510990619659424,136.10670471191406
3,2195,31.0,-1.2902398109436035,70.13459777832031
3,2196,40.0,-2.989457845687866,87.54792785644531
3,2197,68.0,4.961338996887207,479.8548889160156
3,2198,48.0,1.1095937490463257,174.4332733154297
3,2199,110.0,12.731778144836426,2004.7718505859375
3,2200,44.0,0.14448489248752594,139.3651123046875
3,2201,11.0,-7.846006393432617,374.4505920410156
3,2202,61.0,4.788754940032959,271.2919616699219
3,2203,18.0,-10.178923606872559,357.3109436035156
3,2204,43.0,-0.12412713468074799,127.74417877197266
3,2205,18.0,-11.948664665222168,301.08660888671875
3,2206,48.0,0.3978005349636078,128.57493591308594
3,2207,50.0,1.9714962244033813,158.21726989746094
3,2208,29.0,-3.433816909790039,102.62835693359375
3,2209,59.0,3.3492801189422607,213.66744995117188
3,2210,62.0,4.626918792724609,254.99810791015625
3,2211,41.0,-1.3699827194213867,99.40304565429688
3,2212,28.0,-4.874617099761963,139.79763793945312
3,2213,15.0,-7.753086566925049,389.908203125
3,2214,11.0,-9.759696960449219,468.1462707519531
3,2215,38.0,-3.070087194442749,151.32821655273438
3,2216,39.0,-0.3563826382160187,97.45985412597656
3,2217,34.0,-3.1304006576538086,101.74578094482422
3,2218,39.0,-2.119940996170044,108.2409896850586
3,2219,13.0,-9.633753776550293,303.810302734375
3,2220,39.0,0.6791285872459412,92.80147552490234
3,2221,42.0,1.998517394065857,100.37264251708984
3,2222,75.0,6.290633201599121,695.0479125976562
3,2223,35.0,-2.429349184036255,98.82227325439453
3,2224,45.0,1.255852460861206,122.50626373291016
3,2225,11.0,-8.898785591125488,226.49139404296875
3,2226,89.0,13.44534969329834,1064.488037109375
3,2227,60.0,3.0094997882843018,404.2428283691406
3,2228,74.0,8.71216106414795,802.4575805664062
3,2229,140.0,28.168062210083008,4123.71240234375
3,2230,13.0,-12.692764282226562,235.0957794189453
3,2231,61.0,2.575951099395752,433.47906494140625
3,2232,11.0,-11.19381046295166,279.1435546875
3,2233,42.0,1.0290199518203735,127.93504333496094
3,2234,46.0,-1.3076502084732056,178.5482635498047
3,2235,57.0,3.620833158493042,240.47006225585938
3,2236,11.0,-6.994858741760254,308.3273010253906
3,2237,14.0,-7.537578582763672,229.3118133544922
3,2238,21.0,-3.976896286010742,192.94190979003906
3,2239,65.0,4.007981300354004,419.8668518066406
3,2240,39.0,-0.8048040270805359,90.16169738769531
3,2241,24.0,-2.325597047805786,120.41255187988281
3,2242,96.0,10.491317749023438,1468.882568359375
3,2243,36.0,-1.2140939235687256,92.261474609375
3,2244,118.0,17.072368621826172,2486.49609375
3,2245,140.0,22.055034637451172,3619.67724609375
3,2246,35.0,-1.6550047397613525,84.57665252685547
3,2247,29.0,-4.074488639831543,123.13360595703125
3,2248,71.0,7.8371686935424805,600.2191162109375
3,2249,39.0,0.16029402613639832,101.53913116455078
3,2250,96.0,12.203970909118652,1342.3515625
3,2251,30.0,-0.8347936272621155,70.4160385131836
3,2252,50.0,4.165452480316162,192.7725830078125
3,2253,103.0,7.393409252166748,1800.3590087890625
3,2254,56.0,1.61813223361969,300.56842041015625
3,2255,52.0,1.8046233654022217,137.18385314941406
3,2256,47.0,1.0321686267852783,154.140625
3,2257,38.0,-0.867184042930603,114.45886993408203
3,2258,110.0,15.867606163024902,1881.326904296875
3,2259,38.0,-2.026946544647217,114.1815414428711
3,2260,18.0,-8.18506145477295,309.8925476074219
3,2261,51.0,1.3587220907211304,149.17137145996094
3,2262,24.0,-4.211541175842285,175.65634155273438
3,2263,12.0,-5.514535903930664,355.36285400390625
3,2264,28.0,-3.402493715286255,135.38125610351562
3,2265,41.0,-1.389426589012146,113.41183471679688
3,2266,47.0,1.4025449752807617,173.23338317871094
3,2267,70.0,8.534394264221191,478.0220947265625
3,2268,74.0,6.140620708465576,628.276611328125
3,2269,33.0,-3.4049439430236816,82.34440612792969
3,2270,34.0,-5.386488914489746,104.05638122558594
3,2271,28.0,-1.632800579071045,107.43558502197266
3,2272,123.0,16.260787963867188,2931.946533203125
3,2273,17.0,-5.3305182456970215,206.2855224609375
3,2274,64.0,5.319600582122803,399.93048095703125
3,2275,37.0,0.1431853026151657,52.039249420166016
3,2276,51.0,4.024996757507324,181.85044860839844
3,2277,14.0,-7.03347635269165,216.90106201171875
3,2278,54.0,2.1654229164123535,244.1973114013672
3,2279,39.0,0.8448255062103271,78.9022216796875
3,2280,35.0,-1.3963781595230103,69.0903091430664
3,2281,91.0,12.97783374786377,1226.005126953125
3,2282,69.0,9.308401107788086,593.2047729492188
3,2283,13.0,-7.9119873046875,224.89707946777344
3,2284,46.0,1.976596713066101,97.59978485107422
3,2285,46.0,2.4866034984588623,146.08387756347656
3,2286,36.0,-0.041884616017341614,73.85054779052734
3,2287,50.0,3.617414951324463,192.60951232910156
3,2288,40.0,0.32117947936058044,83.31588745117188
3,2289,34.0,0.25286567211151123,74.23558807373047
3,2290,34.0,-1.3626019954681396,106.32788848876953
3,2291,29.0,-0.6295303106307983,68.82466125488281
3,2292,41.0,0.7584283947944641,122.25054931640625
3,2293,45.0,1.373071551322937,121.26176452636719
3,2294,92.0,14.09022331237793,1319.8099365234375
3,2295,55.0,4.5258917808532715,186.4832763671875
3,2296,38.0,0.2988893687725067,60.8638916015625
3,2297,42.0,1.785199761390686,107.26899719238281
3,2298,45.0,0.4941258728504181,159.52359008789062
3,2299,100.0,15.181127548217773,1572.04052734375
3,2300,47.0,1.6413800716400146,124.44625091552734
3,2301,23.0,-3.8485031127929688,158.12684631347656
3,2302,26.0,-1.8039709329605103,106.75267028808594
3,2303,41.0,0.9905070066452026,85.01029968261719
3,2304,13.0,-8.225403785705566,269.9495544433594
3,2305,81.0,11.47258472442627,829.4962768554688
3,2306,80.0,10.506343841552734,650.7098999023438
3,2307,27.0,-1.9164124727249146,92.57059478759766
3,2308,36.0,-1.0944750308990479,87.83696746826172
3,2309,42.0,-1.5898022651672363,87.73419189453125
3,2310,95.0,12.493142127990723,1405.798095703125
3,2311,71.0,8.420695304870605,522.7315673828125
3,2312,13.0,-6.79070520401001,244.0547332763672
3,2313,63.0,7.185855865478516,343.5050964355469
3,2314,53.0,2.112460136413574,282.7431335449219
3,2315,34.0,-5.426836013793945,129.5552520751953
3,2316,43.0,1.4632594585418701,84.267822265625
3,2317,99.0,15.191280364990234,1340.5482177734375
3,2318,44.0,-1.0029470920562744,96.37461853027344
3,2319,39.0,-1.7921453714370728,84.04695129394531
3,2320,64.0,4.900781631469727,481.91851806640625
3,2321,47.0,1.654097318649292,160.86717224121094
3,2322,24.0,-4.3514885902404785,115.24932098388672
3,2323,36.0,0.061780840158462524,72.37201690673828
3,2324,64.0,4.869892597198486,415.99395751953125
3,2325,99.0,16.229825973510742,1368.970703125
3,2326,17.0,-8.141286849975586,235.62109375
3,2327,110.0,16.82707977294922,2007.9849853515625
3,2328,35.0,-3.7464406490325928,78.13202667236328
3,2329,54.0,3.287691116333008,255.45846557617188
3,2330,45.0,2.1114532947540283,102.53007507324219
3,2331,27.0,-5.213500022888184,126.86280059814453
3,2332,30.0,-4.020378589630127,108.4072036743164
3,2333,54.0,3.8528542518615723,256.23724365234375
3,2334,47.0,-0.3869900405406952,158.7505645751953
3,2335,40.0,-0.582279622554779,72.63510131835938
3,2336,59.0,2.7695024013519287,280.16156005859375
3,2337,44.0,-0.6669973134994507,92.9322738647461
3,2338,60.0,3.8614017963409424,265.7690124511719
3,2339,52.0,2.3847031593322754,189.3953399658203
3,2340,14.0,-6.65628719329834,283.42181396484375
3,2341,32.0,-3.981532573699951,103.85468292236328
3,2342,44.0,-1.080138921737671,79.13346862792969
3,2343,91.0,10.661107063293457,1124.2476806640625
3,2344,24.0,-4.4458394050598145,170.50941467285156
3,2345,37.0,-4.453592300415039,110.9645004272461
3,2346,102.0,14.345196723937988,1508.735107421875
3,2347,58.0,3.514549493789673,257.4372863769531
3,2348,84.0,10.847518920898438,728.8906860351562
3,2349,31.0,-2.0338943004608154,100.61749267578125
3,2350,18.0,-8.728565216064453,191.53823852539062
3,2351,84.0,11.076573371887207,897.1182250976562
3,2352,17.0,-8.234923362731934,172.56805419921875
3,2353,31.0,-3.033193826675415,112.60807037353516
3,2354,31.0,-2.701514959335327,101.65540313720703
3,2355,45.0,-0.6093142628669739,124.15918731689453
3,2356,18.0,-12.478402137756348,273.1647644042969
3,2357,53.0,2.8448076248168945,170.55149841308594
3,2358,52.0,2.676128387451172,202.49884033203125
3,2359,63.0,8.046175956726074,522.0079956054688
3,2360,70.0,8.329131126403809,445.3251953125
3,2361,48.0,1.2593374252319336,172.94430541992188
3,2362,53.0,0.4502459764480591,181.69223022460938
3,2363,47.0,1.021336317062378,200.84603881835938
3,2364,78.0,9.725577354431152,648.21044921875
3,2365,28.0,-1.991410493850708,113.72171783447266
3,2366,28.0,-11.088903427124023,217.45225524902344
3,2367,11.0,-8.675592422485352,398.5298156738281
3,2368,12.0,-11.380967140197754,342.9639587402344
3,2369,33.0,-5.015052795410156,138.48355102539062
3,2370,17.0,-6.429309844970703,183.0543670654297
3,2371,39.0,1.3877924680709839,141.621337890625
3,2372,23.0,-6.750100135803223,173.2051239013672
3,2373,41.0,1.740204095840454,90.24008178710938
3,2374,49.0,2.7416577339172363,173.92417907714844
3,2375,62.0,3.8965840339660645,364.6437072753906
3,2376,55.0,2.8142685890197754,244.9235382080078
3,2377,26.0,-1.882625699043274,112.3691177368164
3,2378,27.0,-1.8396984338760376,93.71996307373047
3,2379,46.0,0.95888751745224,98.89595031738281
3,2380,12.0,-6.820029258728027,213.0056610107422
3,2381,45.0,-0.3449844419956207,151.5963134765625
3,2382,45.0,1.7744239568710327,145.16041564941406
3,2383,18.0,-6.6807355880737305,208.2668914794922
3,2384,30.0,-1.4186643362045288,84.21343231201172
3,2385,53.0,3.2301807403564453,264.5752868652344
3,2386,32.0,-2.883558511734009,88.90637969970703
3,2387,31.0,-2.4867897033691406,76.91586303710938
3,2388,33.0,-3.228602886199951,83.5440444946289
3,2389,27.0,-1.3952511548995972,61.0858268737793
3,2390,53.0,3.3354954719543457,200.30886840820312
3,2391,41.0,1.702547311782837,119.54820251464844
3,2392,49.0,3.354685068130493,184.1236114501953
3,2393,63.0,7.282558917999268,337.3108215332031
3,2394,58.0,4.9437384605407715,361.2619323730469
3,2395,68.0,8.406424522399902,542.7691040039062
3,2396,33.0,0.5392647981643677,48.86602783203125
3,2397,24.0,-4.520627498626709,63.31088638305664
3,2398,48.0,2.8978490829467773,100.86030578613281
3,2399,34.0,-0.8162700533866882,38.3101692199707
3,2400,67.0,4.658829689025879,618.607421875
3,2401,54.0,3.2407796382904053,220.61268615722656
3,2402,24.0,-4.933824062347412,106.00373840332031
3,2403,64.0,5.626620292663574,366.60858154296875
3,2404,68.0,7.258053302764893,438.4968566894531
3,2405,26.0,-4.4511942863464355,102.97228240966797
3,2406,54.0,3.8178231716156006,244.2169189453125
3,2407,34.0,-1.8145201206207275,64.10550689697266
3,2408,74.0,6.523489952087402,620.2392578125
3,2409,44.0,0.45826613903045654,159.39083862304688
3,2410,69.0,11.467145919799805,536.2840576171875
3,2411,42.0,-1.2212841510772705,99.6716537475586
3,2412,34.0,-3.55749249458313,107.0306625366211
3,2413,30.0,-1.219612956047058,98.52053833007812
3,2414,45.0,-0.9019477367401123,114.74647521972656
3,2415,103.0,14.509995460510254,1657.7296142578125
3,2416,40.0,0.8739528059959412,90.71473693847656
3,2417,45.0,0.5342103242874146,137.87164306640625
3,2418,70.0,4.594151496887207,530.5142822265625
3,2419,55.0,-0.38707002997398376,280.7934265136719
3,2420,60.0,2.9119577407836914,184.5022735595703
3,2421,48.0,0.8965145945549011,161.32449340820312
3,2422,104.0,13.616965293884277,1682.7462158203125
3,2423,39.0,-1.6039541959762573,93.5932388305664
3,2424,47.0,-0.7026739120483398,124.700439453125
3,2425,37.0,-3.578730344772339,158.19020080566406
3,2426,205.0,34.47854995727539,9612.4599609375
3,2427,60.0,0.6326891183853149,288.8512268066406
3,2428,51.0,2.1872472763061523,186.1934814453125
3,2429,42.0,-2.692406415939331,142.67233276367188
3,2430,36.0,-4.156040191650391,175.51417541503906
3,2431,33.0,-4.468054294586182,162.21127319335938
3,2432,55.0,-0.11119759827852249,177.2507781982422
3,2433,45.0,-1.957687258720398,138.80584716796875
3,2434,58.0,2.8351635932922363,258.37451171875
3,2435,34.0,-2.037419319152832,126.00794982910156
3,2436,62.0,1.1577435731887817,299.85858154296875
3,2437,33.0,-2.5990049839019775,144.9801483154297
3,2438,38.0,-2.7016842365264893,92.73858642578125
3,2439,78.0,6.787911415100098,539.0313720703125
3,2440,12.0,-8.905811309814453,370.3924865722656
3,2441,37.0,-2.53375244140625,95.51590728759766
3,2442,43.0,-1.777791976928711,114.32726287841797
3,2443,135.0,24.75943946838379,3139.007568359375
3,2444,39.0,-1.4290921688079834,81.96035766601562
3,2445,41.0,-0.3477209508419037,70.14768981933594
3,2446,35.0,-2.071176767349243,72.5811767578125
3,2447,14.0,-4.3808274269104,164.41448974609375
3,2448,14.0,-10.132695198059082,189.62110900878906
3,2449,55.0,1.8127479553222656,258.9627380371094
3,2450,42.0,2.334761619567871,145.73419189453125
3,2451,63.0,6.421558380126953,528.3090209960938
3,2452,71.0,7.120423793792725,785.8570556640625
3,2453,53.0,4.032094478607178,258.5204772949219
3,2454,40.0,2.219017267227173,102.17864990234375
3,2455,48.0,5.190266132354736,178.50631713867188
3,2456,65.0,6.941279888153076,539.966552734375
3,2457,43.0,0.438800573348999,201.59776306152344
3,2458,42.0,-2.438466787338257,142.16615295410156
3,2459,29.0,-2.2254340648651123,99.17842102050781
3,2460,29.0,-1.2600406408309937,80.52330780029297
3,2461,134.0,21.74627685546875,3687.398681640625
3,2462,42.0,-0.22816307842731476,184.699462890625
3,2463,27.0,-2.4396846294403076,92.7569351196289
3,2464,50.0,0.6364540457725525,117.70877838134766
3,2465,35.0,0.047648295760154724,82.27802276611328
3,2466,74.0,8.895650863647461,597.6697387695312
3,2467,27.0,-3.759316921234131,107.56182098388672
3,2468,23.0,-4.576366901397705,173.62020874023438
3,2469,39.0,-1.4820908308029175,89.54566955566406
3,2470,12.0,-3.7146987915039062,245.82424926757812
3,2471,69.0,4.4853129386901855,607.8859252929688
3,2472,39.0,-0.7839364409446716,121.03688049316406
3,2473,26.0,-6.775595664978027,107.30106353759766
3,2474,17.0,-6.456000804901123,171.04759216308594
3,2475,31.0,-4.528074264526367,91.2457046508789
3,2476,23.0,-3.015943765640259,96.21931457519531
3,2477,33.0,-0.6921681761741638,98.6368637084961
3,2478,56.0,4.561175346374512,295.4070739746094
3,2479,12.0,-2.775221824645996,140.8162841796875
3,2480,62.0,5.679217338562012,547.79833984375
3,2481,12.0,-4.873850345611572,157.53089904785156
3,2482,35.0,0.39963871240615845,63.79668426513672
3,2483,11.0,-5.361789226531982,153.38275146484375
3,2484,76.0,11.048410415649414,783.6390380859375
3,2485,13.0,-6.217169284820557,147.97927856445312
3,2486,31.0,0.8758820295333862,78.69860076904297
3,2487,30.0,-0.5832290053367615,59.3414421081543
3,2488,28.0,-0.2721461057662964,61.85023880004883
3,2489,48.0,4.677347660064697,229.5712890625
3,2490,49.0,2.158259868621826,255.3317413330078
3,2491,33.0,-0.27849873900413513,55.9547004699707
3,2492,85.0,12.901297569274902,1118.8524169921875
3,2493,152.0,26.783540725708008,5464.35546875
3,2494,73.0,9.351090431213379,890.95458984375
3,2495,57.0,4.913651943206787,345.6864929199219
3,2496,54.0,3.5865917205810547,243.01681518554688
3,2497,92.0,11.096427917480469,1384.1138916015625
3,2498,15.0,-4.342488765716553,144.53590393066406
3,2499,37.0,-0.0871037095785141,93.80976104736328
3,2500,64.0,7.140420913696289,350.7371520996094
3,2501,48.0,2.739445447921753,155.62887573242188
3,2502,29.0,-1.5435911417007446,109.33368682861328
3,2503,55.0,0.6182476282119751,175.3092803955078
3,2504,11.0,-6.514255046844482,360.7811584472656
3,2505,23.0,-7.7043232917785645,197.8892822265625
3,2506,38.0,0.09991023689508438,135.48126220703125
3,2507,46.0,-0.0347040630877018,133.96421813964844
3,2508,14.0,-6.117250919342041,288.7966613769531
3,2509,15.0,-8.210321426391602,264.99639892578125
3,2510,28.0,-3.2213587760925293,146.2978057861328
3,2511,33.0,-4.30358362197876,117.66139221191406
3,2512,79.0,7.80537223815918,859.7349853515625
3,2513,107.0,15.219771385192871,1814.0689697265625
3,2514,42.0,-0.10690826922655106,143.11459350585938
3,2515,86.0,11.226530075073242,1142.4576416015625
3,2516,12.0,-5.826847553253174,237.38677978515625
3,2517,29.0,-2.6719179153442383,111.0943832397461
3,2518,76.0,5.946349143981934,843.127685546875
3,2519,55.0,5.698872089385986,239.65237426757812
3,2520,65.0,6.340136528015137,430.2033996582031
3,2521,64.0,3.2579915523529053,481.0379943847656
3,2522,28.0,-5.761449813842773,116.68267822265625
3,2523,41.0,-3.309528350830078,118.28286743164062
3,2524,84.0,9.772977828979492,852.56298828125
3,2525,68.0,8.9714937210083,529.953369140625
3,2526,89.0,12.505425453186035,906.838134765625
3,2527,21.0,-7.102742671966553,221.1510772705078
3,2528,84.0,9.41553783416748,837.3150634765625
3,2529,26.0,-3.6809654235839844,143.5420684814453
3,2530,48.0,0.6412896513938904,136.10890197753906
3,2531,51.0,-0.08296907693147659,193.06651306152344
3,2532,28.0,-4.391753673553467,131.7200927734375
3,2533,56.0,3.1571414470672607,215.9323272705078
3,2534,30.0,-3.785386323928833,149.4250946044922
3,2535,62.0,4.647753715515137,255.13455200195312
3,2536,27.0,-4.316928863525391,164.7835235595703
3,2537,39.0,-2.2887628078460693,118.69937896728516
3,2538,33.0,0.057414792478084564,104.90109252929688
3,2539,64.0,4.133643627166748,351.14105224609375
3,2540,60.0,4.261115550994873,268.4583740234375
3,2541,29.0,-5.659359931945801,113.54947662353516
3,2542,39.0,-0.2851067781448364,83.83086395263672
3,2543,15.0,-4.996264457702637,194.39016723632812
3,2544,63.0,6.496109962463379,381.6312255859375
3,2545,58.0,0.2907411754131317,442.4440002441406
3,2546,48.0,0.23274028301239014,126.18693542480469
3,2547,30.0,-3.4091873168945312,99.71238708496094
3,2548,41.0,-3.8029074668884277,99.63643646240234
3,2549,66.0,6.974764823913574,379.88079833984375
3,2550,38.0,-0.4281845688819885,81.24678802490234
3,2551,54.0,3.1267406940460205,240.99847412109375
3,2552,14.0,-11.906895637512207,307.2861633300781
3,2553,79.0,8.781293869018555,792.1444091796875
3,2554,59.0,5.3127241134643555,219.74481201171875
3,2555,81.0,9.19150447845459,708.7132568359375
3,2556,30.0,-3.017256021499634,103.25483703613281
3,2557,25.0,-2.9235007762908936,120.47219848632812
3,2558,31.0,-1.8946894407272339,103.63614654541016
3,2559,60.0,3.7013518810272217,306.759521484375
3,2560,39.0,-2.8836305141448975,117.78185272216797
3,2561,68.0,7.826360702514648,386.3374938964844
3,2562,46.0,1.3489526510238647,83.88119506835938
3,2563,66.0,5.136111736297607,313.7256774902344
3,2564,51.0,3.0689733028411865,211.1876678466797
3,2565,18.0,-5.179392337799072,188.01730346679688
3,2566,79.0,6.904860019683838,755.39599609375
3,2567,11.0,-8.683704376220703,366.0345458984375
3,2568,20.0,-7.157921314239502,251.36065673828125
3,2569,38.0,-0.8555104732513428,90.884033203125
3,2570,23.0,-4.283571243286133,183.02459716796875
3,2571,63.0,2.809626340866089,271.3218078613281
3,2572,51.0,-0.13813985884189606,158.38197326660156
3,2573,82.0,7.58913516998291,738.59521484375
3,2574,22.0,-5.609589576721191,164.80035400390625
3,2575,68.0,5.075550079345703,505.77667236328125
3,2576,40.0,-0.8356618285179138,96.1105728149414
3,2577,44.0,-1.1879414319992065,79.37870025634766
3,2578,33.0,-1.691401720046997,88.04794311523438
3,2579,41.0,-0.5854915976524353,103.86670684814453
3,2580,51.0,3.886258363723755,199.06134033203125
3,2581,77.0,8.18231201171875,573.8394165039062
3,2582,101.0,14.908796310424805,1327.560791015625
3,2583,51.0,4.026665687561035,240.74209594726562
3,2584,17.0,-9.986638069152832,260.8238220214844
3,2585,57.0,3.8666083812713623,171.42030334472656
3,2586,59.0,1.2466074228286743,273.4187927246094
3,2587,22.0,-7.0955281257629395,189.09165954589844
3,2588,33.0,-2.5973079204559326,92.04647827148438
3,2589,71.0,3.4621734619140625,549.3182983398438
3,2590,69.0,5.444113254547119,430.6186218261719
3,2591,57.0,-0.3174695372581482,274.2919616699219
3,2592,50.0,-1.8293641805648804,142.74273681640625
3,2593,55.0,0.14960241317749023,199.7507781982422
3,2594,67.0,4.097092151641846,361.78985595703125
3,2595,35.0,-7.4359612464904785,219.85049438476562
3,2596,14.0,-12.909408569335938,497.93255615234375
3,2597,28.0,-6.072669506072998,258.0049743652344
3,2598,70.0,4.70074987411499,336.0184326171875
3,2599,47.0,-5.432806968688965,180.9176788330078
3,2600,55.0,0.07650022208690643,226.2373504638672
3,2601,38.0,-1.1517027616500854,142.12466430664062
3,2602,64.0,3.399386167526245,318.0351867675781
3,2603,55.0,1.505653977394104,128.84068298339844
3,2604,75.0,4.642024993896484,539.735107421875
3,2605,63.0,2.5329840183258057,269.9653625488281
3,2606,48.0,0.04614807292819023,154.54769897460938
3,2607,79.0,6.583402633666992,614.2221069335938
3,2608,27.0,-5.105195999145508,244.3814239501953
3,2609,84.0,7.652967929840088,562.2786254882812
3,2610,66.0,1.076776146888733,347.0666809082031
3,2611,42.0,-2.244910717010498,150.16859436035156
3,2612,17.0,-10.558328628540039,391.8080749511719
3,2613,61.0,2.4160959720611572,206.5848846435547
3,2614,80.0,6.145895957946777,507.17449951171875
3,2615,62.0,1.210174560546875,237.5680389404297
3,2616,64.0,1.494136095046997,215.8207244873047
3,2617,38.0,-4.176904678344727,194.004638671875
3,2618,25.0,-3.9974050521850586,308.6563415527344
3,2619,73.0,3.066690683364868,507.3386535644531
3,2620,31.0,-4.596599578857422,319.7923583984375
3,2621,59.0,-0.5423265695571899,205.16146850585938
3,2622,91.0,9.132728576660156,670.6515502929688
3,2623,42.0,-3.902165174484253,157.21368408203125
3,2624,32.0,-7.738948822021484,255.84716796875
3,2625,33.0,-8.481893539428711,305.6148681640625
3,2626,49.0,-1.946579098701477,135.20516967773438
3,2627,80.0,5.746367931365967,556.561767578125
3,2628,27.0,-7.695341110229492,273.8677673339844
3,2629,101.0,10.876243591308594,1102.507080078125
3,2630,68.0,6.712886333465576,466.6612548828125
3,2631,31.0,-5.45604944229126,209.4390869140625
3,2632,29.0,-4.603457927703857,167.482666015625
3,2633,84.0,8.444748878479004,765.7261962890625
3,2634,47.0,-0.5013712644577026,116.5906753540039
3,2635,63.0,5.708754539489746,316.89935302734375
3,2636,30.0,-2.302121162414551,155.68882751464844
3,2637,21.0,-8.061332702636719,235.30999755859375
3,2638,61.0,3.4352855682373047,220.34469604492188
3,2639,82.0,7.143270969390869,873.6807250976562
3,2640,77.0,7.39551305770874,597.9515991210938
3,2641,22.0,-6.514858245849609,226.77976989746094
3,2642,83.0,8.37389850616455,699.5337524414062
3,2643,23.0,-4.447738170623779,205.67539978027344
3,2644,53.0,2.784503221511841,290.00079345703125
3,2645,33.0,-2.660443067550659,110.65377807617188
3,2646,38.0,-3.3764472007751465,118.28926086425781
3,2647,47.0,-1.5279712677001953,127.83697509765625
3,2648,48.0,-0.27831706404685974,98.650390625
3,2649,33.0,-4.292572975158691,132.93467712402344
3,2650,56.0,3.1654446125030518,190.63780212402344
3,2651,31.0,-3.981210231781006,90.69513702392578
3,2652,59.0,5.504125595092773,220.85948181152344
3,2653,44.0,0.9090859293937683,100.26143646240234
3,2654,31.0,-2.408264398574829,69.32658386230469
3,2655,11.0,-7.838108062744141,302.74151611328125
3,2656,39.0,-0.8222066760063171,84.24125671386719
3,2657,27.0,-2.8807871341705322,98.87796020507812
3,2658,64.0,6.157928466796875,432.29693603515625
3,2659,43.0,0.7383427619934082,148.23934936523438
3,2660,88.0,12.538175582885742,1226.32080078125
3,2661,41.0,1.2800219058990479,162.9558563232422
3,2662,76.0,8.699440002441406,826.4934692382812
3,2663,27.0,-3.4040944576263428,77.3239974975586
3,2664,50.0,2.3259057998657227,234.579345703125
3,2665,83.0,8.738605499267578,1093.6141357421875
3,2666,57.0,4.051913738250732,284.6866760253906
3,2667,48.0,1.7751548290252686,237.58763122558594
3,2668,42.0,1.2397117614746094,106.80365753173828
3,2669,58.0,5.028038024902344,212.62734985351562
3,2670,44.0,-0.2819812595844269,113.12738037109375
3,2671,19.0,-10.444815635681152,332.68072509765625
3,2672,63.0,3.5399222373962402,330.55145263671875
3,2673,40.0,-4.4729905128479,98.61805725097656
3,2674,60.0,2.3940608501434326,300.20074462890625
3,2675,32.0,-1.561460256576538,130.71958923339844
3,2676,56.0,0.677980363368988,260.3332824707031
3,2677,46.0,-0.1434301882982254,194.0641326904297
3,2678,71.0,5.29899263381958,457.17620849609375
3,2679,26.0,-5.517021656036377,196.1280059814453
3,2680,104.0,11.31224536895752,1324.125
3,2681,48.0,0.38733041286468506,138.83834838867188
3,2682,65.0,3.6935856342315674,247.40374755859375
3,2683,31.0,-8.335492134094238,202.84275817871094
3,2684,70.0,4.957549571990967,340.03814697265625
3,2685,58.0,-0.5225111842155457,259.5684814453125
3,2686,44.0,-1.8375136852264404,148.46014404296875
3,2687,81.0,6.179261684417725,698.2040405273438
3,2688,54.0,-2.3846495151519775,168.45925903320312
3,2689,49.0,-1.3594880104064941,140.5033416748047
3,2690,27.0,-4.02325439453125,226.3593292236328
3,2691,47.0,-1.8527216911315918,150.972412109375
3,2692,35.0,-9.678689002990723,268.36810302734375
3,2693,26.0,-4.8354949951171875,204.92539978027344
3,2694,54.0,1.9143385887145996,178.0767822265625
3,2695,60.0,2.0552306175231934,206.4424285888672
3,2696,69.0,6.211058616638184,299.146484375
3,2697,63.0,3.194857358932495,331.2660827636719
3,2698,16.0,-14.301102638244629,264.5166931152344
3,2699,29.0,-3.101717233657837,146.62326049804688
3,2700,40.0,-2.4889824390411377,97.66493225097656
3,2701,51.0,-0.2660811245441437,133.64280700683594
3,2702,69.0,4.02885103225708,401.5449523925781
3,2703,15.0,-13.62369155883789,345.904052734375
3,2704,14.0,-12.426924705505371,343.6969909667969
3,2705,92.0,9.418821334838867,1442.60595703125
3,2706,27.0,-3.8585283756256104,134.01170349121094
3,2707,157.0,30.338205337524414,4927.30126953125
3,2708,28.0,-6.4959611892700195,137.33615112304688
3,2709,31.0,-3.417424440383911,107.56695556640625
3,2710,29.0,-5.165194034576416,90.53187561035156
3,2711,20.0,-2.8400306701660156,145.06529235839844
3,2712,39.0,-3.1515486240386963,108.41342163085938
3,2713,40.0,0.6098340153694153,124.44023895263672
3,2714,36.0,-0.8142266869544983,76.4744873046875
3,2715,37.0,1.0341814756393433,80.3197021484375
3,2716,29.0,-1.5469539165496826,60.53081512451172
3,2717,60.0,6.72007942199707,347.6064147949219
3,2718,79.0,10.870340347290039,825.704345703125
3,2719,53.0,3.3945608139038086,226.9355010986328
3,2720,26.0,-2.017864227294922,50.44988250732422
3,2721,49.0,2.7087247371673584,193.3997802734375
3,2722,29.0,-6.169077396392822,105.7927474975586
3,2723,46.0,1.0264379978179932,254.00711059570312
3,2724,47.0,5.939899921417236,197.7672119140625
3,2725,15.0,-7.1637372970581055,166.13795471191406
3,2726,47.0,2.5610663890838623,184.02127075195312
3,2727,43.0,2.1062381267547607,153.59417724609375
3,2728,119.0,18.80847930908203,2714.904541015625
3,2729,97.0,11.893375396728516,1686.4410400390625
3,2730,10.0,-12.873488426208496,317.34039306640625
3,2731,25.0,-1.9130395650863647,61.87625503540039
3,2732,22.0,-5.345057010650635,170.29701232910156
3,2733,33.0,-2.3400747776031494,91.48432922363281
3,2734,174.0,37.14625549316406,6539.52685546875
3,2735,91.0,7.687140941619873,1373.0718994140625
3,2736,46.0,2.482182502746582,147.96998596191406
3,2737,35.0,0.16491729021072388,124.34063720703125
3,2738,59.0,6.15215539932251,312.7438659667969
3,2739,50.0,3.408308982849121,224.62451171875
3,2740,24.0,-3.785184144973755,126.98131561279297
3,2741,13.0,-4.471972942352295,347.478759765625
3,2742,33.0,-3.632538318634033,139.5710906982422
3,2743,42.0,-0.803386390209198,105.05944061279297
3,2744,37.0,-5.60219144821167,144.1874237060547
3,2745,40.0,-3.5855116844177246,155.44541931152344
3,2746,86.0,11.084362030029297,1051.5516357421875
3,2747,22.0,-7.696811199188232,256.8164367675781
3,2748,46.0,1.9244928359985352,98.5230941772461
3,2749,80.0,7.3099260330200195,651.4628295898438
3,2750,29.0,-6.044989109039307,120.25198364257812
3,2751,11.0,-13.598934173583984,417.616943359375
3,2752,24.0,-7.060677528381348,177.0506591796875
3,2753,43.0,0.5423741936683655,115.6651840209961
3,2754,74.0,8.073568344116211,460.9877014160156
3,2755,34.0,-2.197659730911255,81.72216796875
3,2756,80.0,6.5257368087768555,796.3584594726562
3,2757,23.0,-4.891046047210693,153.4501495361328
3,2758,63.0,4.559047222137451,359.8124694824219
3,2759,72.0,5.541583061218262,591.1697998046875
3,2760,48.0,3.494192123413086,188.26754760742188
3,2761,30.0,-1.4314593076705933,83.54278564453125
3,2762,27.0,-2.3138887882232666,117.7462387084961
3,2763,37.0,-1.7633122205734253,79.75015258789062
3,2764,32.0,-2.2490735054016113,94.26661682128906
3,2765,20.0,-7.73776912689209,196.54371643066406
3,2766,63.0,5.435409069061279,291.0513610839844
3,2767,43.0,-0.11853176355361938,75.47057342529297
3,2768,11.0,-15.279870986938477,287.73443603515625
3,2769,46.0,1.495821237564087,120.54163360595703
3,2770,18.0,-7.541240692138672,101.7968978881836
3,2771,67.0,8.727006912231445,483.5132141113281
3,2772,39.0,0.3771665096282959,83.61331939697266
3,2773,66.0,8.463465690612793,461.53094482421875
3,2774,13.0,-13.301679611206055,167.59915161132812
3,2775,61.0,4.801917552947998,554.2241821289062
3,2776,39.0,0.06819446384906769,59.16401672363281
3,2777,45.0,2.0962889194488525,160.92697143554688
3,2778,51.0,3.3701040744781494,152.83108520507812
3,2779,26.0,-3.6292285919189453,83.80904388427734
3,2780,145.0,31.755828857421875,4305.11767578125
3,2781,12.0,-8.582476615905762,227.6678009033203
3,2782,30.0,-2.0289840698242188,63.07872772216797
3,2783,43.0,-0.8769327998161316,93.68284606933594
3,2784,60.0,5.182766914367676,325.619384765625
3,2785,63.0,6.732362747192383,417.04705810546875
3,2786,36.0,-0.8878746628761292,70.12824249267578
3,2787,15.0,-10.187414169311523,215.8325958251953
3,2788,52.0,4.133980751037598,195.2488555908203
3,2789,29.0,-0.7244023084640503,50.97394943237305
3,2790,89.0,13.824029922485352,1271.7369384765625
3,2791,47.0,3.637803316116333,147.77005004882812
3,2792,16.0,-7.901492595672607,154.84799194335938
3,2793,63.0,6.82999849319458,347.7194519042969
3,2794,48.0,3.148216724395752,179.70643615722656
3,2795,24.0,-3.2387008666992188,88.0022201538086
3,2796,73.0,9.125875473022461,613.3380737304688
3,2797,26.0,-5.413435935974121,110.9127426147461
3,2798,37.0,0.21989849209785461,106.7522201538086
3,2799,63.0,5.844573020935059,348.9049377441406
3,2800,44.0,1.3700426816940308,86.72444152832031
3,2801,24.0,-7.607989311218262,137.43006896972656
3,2802,30.0,-5.688289165496826,96.78006744384766
3,2803,24.0,-4.499348163604736,124.51606750488281
3,2804,30.0,-2.4158642292022705,84.96807861328125
3,2805,49.0,2.5992701053619385,217.29869079589844
3,2806,38.0,-2.0943603515625,79.91746520996094
3,2807,35.0,0.8313361406326294,84.90193176269531
3,2808,57.0,3.9567325115203857,247.65133666992188
3,2809,67.0,8.573835372924805,408.5014343261719
3,2810,38.0,-1.0178817510604858,84.24393463134766
3,2811,35.0,-0.7316309213638306,83.29036712646484
3,2812,29.0,-3.213785171508789,92.39696502685547
3,2813,38.0,-0.24812890589237213,65.1495361328125
3,2814,32.0,-4.819316387176514,100.40675354003906
3,2815,17.0,-8.487902641296387,156.32644653320312
3,2816,30.0,-3.060572624206543,69.64131927490234
3,2817,41.0,0.6867206692695618,98.6628646850586
3,2818,25.0,-3.3228647708892822,71.12788391113281
3,2819,43.0,2.992286443710327,130.58319091796875
3,2820,37.0,-0.41202789545059204,64.16905212402344
3,2821,33.0,0.38218602538108826,75.23193359375
3,2822,47.0,4.338109970092773,178.20175170898438
3,2823,50.0,4.425604820251465,275.808837890625
3,2824,28.0,-2.014057159423828,50.09996795654297
3,2825,22.0,-4.485117435455322,87.9751205444336
3,2826,42.0,2.4885151386260986,91.06312561035156
3,2827,65.0,7.124023914337158,402.85552978515625
3,2828,23.0,-5.095573902130127,73.60218048095703
3,2829,13.0,-7.589364051818848,172.69168090820312
3,2830,58.0,6.352844715118408,431.4133605957031
3,2831,51.0,2.739800453186035,175.41220092773438
3,2832,83.0,10.868102073669434,1054.05712890625
3,2833,47.0,3.6142525672912598,151.75009155273438
3,2834,46.0,1.9084217548370361,139.386962890625
3,2835,46.0,2.827923536300659,176.77255249023438
3,2836,27.0,-3.7259037494659424,81.71366882324219
3,2837,12.0,-8.535242080688477,221.86138916015625
3,2838,30.0,-1.759034276008606,80.7867660522461
3,2839,46.0,1.1061458587646484,136.95896911621094
3,2840,34.0,-2.4127986431121826,68.37930297851562
3,2841,30.0,-3.4892427921295166,98.73612213134766
3,2842,61.0,6.612497329711914,387.91180419921875
3,2843,54.0,2.157618284225464,207.1627655029297
3,2844,35.0,-2.3601200580596924,77.23262786865234
3,2845,37.0,-0.8140892386436462,74.74609375
3,2846,17.0,-9.290298461914062,204.4573974609375
3,2847,37.0,-1.2971861362457275,92.66895294189453
3,2848,25.0,-5.976161003112793,134.0626678466797
3,2849,32.0,-2.4264023303985596,75.87886810302734
3,2850,71.0,5.5733184814453125,672.4463500976562
3,2851,70.0,9.418506622314453,629.3402099609375
3,2852,38.0,-1.6282079219818115,56.26949691772461
3,2853,41.0,1.4369425773620605,97.55144500732422
3,2854,15.0,-5.501490116119385,143.28370666503906
3,2855,45.0,2.3640823364257812,144.07083129882812
3,2856,14.0,-6.881651401519775,144.2135467529297
3,2857,71.0,10.787609100341797,682.2626953125
3,2858,23.0,-0.9559044241905212,62.9305534362793
3,2859,42.0,1.7875885963439941,134.82510375976562
3,2860,44.0,4.147459506988525,161.4597930908203
3,2861,29.0,-3.0100605487823486,53.03486633300781
3,2862,122.0,24.952482223510742,2973.55078125
3,2863,14.0,-7.716677665710449,147.5850372314453
3,2864,55.0,5.898824214935303,292.2142639160156
3,2865,30.0,0.4441361725330353,63.4564323425293
3,2866,34.0,-0.628452718257904,60.21687698364258
3,2867,33.0,-1.672746181488037,62.392234802246094
3,2868,28.0,-4.129646301269531,56.30821228027344
3,2869,28.0,-3.0723462104797363,52.348506927490234
3,2870,27.0,-1.234078049659729,45.334556579589844
3,2871,27.0,-3.2408573627471924,30.523834228515625
3,2872,78.0,13.54263687133789,1176.9677734375
3,2873,13.0,-8.322869300842285,104.6578140258789
3,2874,34.0,3.0040581226348877,89.81478881835938
3,2875,35.0,0.09873615205287933,62.983821868896484
3,2876,51.0,4.775329113006592,273.0281677246094
3,2877,111.0,19.888383865356445,2770.4853515625
3,2878,138.0,27.370412826538086,4494.2373046875
3,2879,94.0,18.057044982910156,1686.4378662109375
3,2880,33.0,1.4237804412841797,81.70171356201172
3,2881,52.0,6.598410606384277,274.98663330078125
3,2882,30.0,-1.3033132553100586,44.554561614990234
3,2883,29.0,-1.2575855255126953,70.47924041748047
3,2884,64.0,9.380598068237305,472.1109619140625
3,2885,61.0,6.625917434692383,381.90576171875
3,2886,220.0,43.222999572753906,12132.10546875
3,2887,12.0,-10.40096378326416,247.9268341064453
3,2888,32.0,-0.3862113654613495,68.34221649169922
3,2889,26.0,-4.979410171508789,111.85565185546875
3,2890,89.0,13.312397003173828,1076.731689453125
3,2891,80.0,11.780106544494629,740.4871826171875
3,2892,36.0,-2.5329952239990234,120.93052673339844
3,2893,25.0,-6.775156021118164,147.74266052246094
3,2894,50.0,1.4186903238296509,161.1547088623047
3,2895,83.0,12.886988639831543,825.3947143554688
3,2896,26.0,-2.4463961124420166,97.06199645996094
3,2897,70.0,3.874662399291992,588.2591552734375
3,2898,22.0,-6.357263088226318,147.12954711914062
3,2899,39.0,1.4224971532821655,104.1051025390625
3,2900,53.0,1.4172208309173584,144.9544219970703
3,2901,49.0,-0.24732425808906555,171.56796264648438
3,2902,83.0,9.052791595458984,956.5302124023438
3,2903,91.0,12.453704833984375,999.8663330078125
3,2904,104.0,16.385528564453125,1460.3507080078125
3,2905,73.0,7.989254474639893,487.76885986328125
3,2906,77.0,7.330845832824707,573.388427734375
3,2907,43.0,-2.6477017402648926,126.74977111816406
3,2908,26.0,-4.94268798828125,257.43011474609375
3,2909,107.0,13.878479957580566,1598.328369140625
3,2910,73.0,5.258211612701416,444.6470031738281
3,2911,18.0,-12.296960830688477,495.3147888183594
3,2912,54.0,-4.111623287200928,209.30264282226562
3,2913,34.0,-3.931300163269043,208.19981384277344
3,2914,40.0,-3.743030071258545,185.51612854003906
3,2915,32.0,-5.036948204040527,184.08798217773438
3,2916,45.0,-3.547508716583252,202.362548828125
3,2917,36.0,-7.67408561706543,205.4219207763672
3,2918,57.0,1.2414212226867676,218.60159301757812
3,2919,50.0,0.9094686508178711,165.2440948486328
3,2920,23.0,-8.2886323928833,331.5618591308594
3,2921,77.0,5.312082290649414,603.7555541992188
3,2922,53.0,-2.0698089599609375,149.0076446533203
3,2923,31.0,-5.917558193206787,144.50057983398438
3,2924,36.0,-2.7444536685943604,122.7301025390625
3,2925,72.0,4.822467803955078,598.4887084960938
3,2926,18.0,-6.8920979499816895,272.8708801269531
3,2927,25.0,-5.360022068023682,154.23667907714844
3,2928,22.0,-8.800843238830566,181.7694854736328
3,2929,49.0,1.0642945766448975,171.697265625
3,2930,55.0,2.5637645721435547,259.03216552734375
3,2931,49.0,1.809006929397583,208.68145751953125
3,2932,96.0,15.689118385314941,1281.349609375
3,2933,28.0,-4.293973922729492,91.70523834228516
3,2934,40.0,0.5509915947914124,94.11065673828125
3,2935,49.0,1.9203917980194092,148.4024200439453
3,2936,72.0,5.324860572814941,597.5416870117188
3,2937,28.0,-4.399993896484375,80.80229949951172
3,2938,22.0,-7.647735595703125,157.8656768798828
3,2939,20.0,-4.158325672149658,123.03038024902344
3,2940,45.0,0.851864218711853,118.9941635131836
3,2941,54.0,2.9831485748291016,219.1768035888672
3,2942,53.0,2.0705718994140625,167.6765899658203
3,2943,75.0,10.114302635192871,770.0441284179688
3,2944,37.0,-0.7702658772468567,64.80231475830078
3,2945,31.0,-2.651893138885498,75.6982650756836
3,2946,114.0,19.553407669067383,2358.134033203125
3,2947,21.0,-6.082789897918701,173.00979614257812
3,2948,39.0,0.2202150970697403,74.1069564819336
3,2949,56.0,3.33115816116333,220.13929748535156
3,2950,18.0,-11.225130081176758,197.94410705566406
3,2951,13.0,-7.005997180938721,224.3334503173828
3,2952,56.0,4.849454402923584,255.83811950683594
3,2953,38.0,-0.8888000249862671,69.30815124511719
3,2954,33.0,-0.733354389667511,84.02172088623047
3,2955,31.0,0.5685057640075684,94.57227325439453
3,2956,30.0,-2.7860679626464844,84.361328125
3,2957,25.0,-2.7533133029937744,81.02925109863281
3,2958,28.0,0.10474873334169388,63.85946273803711
3,2959,30.0,-1.0077879428863525,58.63507080078125
3,2960,80.0,13.203598022460938,950.9036865234375
3,2961,52.0,4.448683738708496,348.67724609375
3,2962,74.0,12.334193229675293,713.9315185546875
3,2963,38.0,0.40363380312919617,94.78004455566406
3,2964,21.0,-3.953190565109253,77.56269073486328
3,2965,45.0,3.872668981552124,126.4667739868164
3,2966,53.0,6.807095527648926,240.9475555419922
3,2967,101.0,15.43630313873291,1842.1666259765625
3,2968,13.0,-7.619503498077393,145.24325561523438
3,2969,29.0,-2.2322998046875,58.5870246887207
3,2970,33.0,-1.1757073402404785,58.27383804321289
3,2971,12.0,-9.5807523727417,176.14549255371094
3,2972,69.0,8.782711029052734,522.1847534179688
3,2973,35.0,-0.4747658669948578,65.9921875
3,2974,30.0,-1.2878164052963257,36.306880950927734
3,2975,60.0,6.852090358734131,368.1681213378906
3,2976,29.0,-0.3939441740512848,40.5425910949707
3,2977,127.0,23.60979461669922,3399.34912109375
3,2978,61.0,7.589272975921631,515.082275390625
3,2979,12.0,-6.702353000640869,141.30604553222656
3,2980,65.0,9.255760192871094,551.5405883789062
3,2981,107.0,19.41887092590332,2162.08544921875
3,2982,47.0,2.6392321586608887,173.56585693359375
3,2983,38.0,0.25814691185951233,108.55215454101562
3,2984,29.0,-0.680860698223114,75.86035919189453
3,2985,69.0,9.324605941772461,582.592529296875
3,2986,41.0,1.7689449787139893,85.01932525634766
3,2987,69.0,7.214371204376221,568.450439453125
3,2988,30.0,-2.688502073287964,75.84715270996094
3,2989,99.0,15.912793159484863,1625.56982421875
3,2990,31.0,-3.6458654403686523,88.59654235839844
3,2991,59.0,3.8031458854675293,266.6485900878906
3,2992,63.0,2.6510143280029297,428.1584777832031
3,2993,54.0,3.2460596561431885,243.41156005859375
3,2994,51.0,0.8562347888946533,111.482177734375
3,2995,58.0,1.7122929096221924,203.506591796875
3,2996,103.0,15.280166625976562,1314.624755859375
3,2997,46.0,-1.6353976726531982,184.07589721679688
3,2998,42.0,-3.9650866985321045,151.45135498046875
3,2999,39.0,-2.8098158836364746,141.36468505859375
3,3000,73.0,6.188400745391846,419.8919982910156
4,3001,36.0,-4.176963806152344,170.60948181152344
4,3002,55.0,-0.05312727019190788,242.806884765625
4,3003,59.0,2.826019525527954,236.86175537109375
4,3004,51.0,-2.4974026679992676,211.6990509033203
4,3005,134.0,13.827550888061523,2910.53369140625
4,3006,34.0,-6.770755767822266,229.39549255371094
4,3007,76.0,1.5060009956359863,438.5935363769531
4,3008,43.0,-5.067775726318359,193.81129455566406
4,3009,55.0,-2.6272642612457275,178.12445068359375
4,3010,23.0,-8.135583877563477,436.0480041503906
4,3011,39.0,-6.373641014099121,229.91696166992188
4,3012,17.0,-13.581181526184082,539.4163208007812
4,3013,25.0,-10.757564544677734,369.75390625
4,3014,76.0,7.366322994232178,522.8863525390625
4,3015,13.0,-12.144214630126953,429.4985656738281
4,3016,49.0,-0.9504092335700989,115.95539093017578
4,3017,53.0,0.9800911545753479,209.55642700195312
4,3018,60.0,2.537217617034912,255.32142639160156
4,3019,95.0,12.53759479522705,991.8934936523438
4,3020,33.0,-2.9903180599212646,110.88731384277344
4,3021,29.0,-4.4164204597473145,129.73800659179688
4,3022,50.0,1.0847158432006836,159.01898193359375
4,3023,60.0,2.944344997406006,188.8565673828125
4,3024,91.0,12.151554107666016,867.9790649414062
4,3025,41.0,-1.9434559345245361,116.75069427490234
4,3026,50.0,1.7264368534088135,125.58102416992188
4,3027,32.0,-0.8033765554428101,87.60773468017578
4,3028,26.0,-3.8053746223449707,123.0330810546875
4,3029,73.0,6.286619186401367,466.5356750488281
4,3030,35.0,-2.059265613555908,94.72643280029297
4,3031,60.0,3.704998731613159,223.0248565673828
4,3032,48.0,1.6081924438476562,126.64429473876953
4,3033,44.0,0.054356642067432404,122.49250793457031
4,3034,11.0,-13.065424919128418,359.7573547363281
4,3035,23.0,-6.649173259735107,157.57896423339844
4,3036,33.0,-4.050267219543457,89.32972717285156
4,3037,29.0,-2.0122644901275635,111.97003173828125
4,3038,92.0,11.868781089782715,1148.3564453125
4,3039,52.0,1.9863958358764648,319.8403625488281
4,3040,47.0,2.4208173751831055,153.28025817871094
4,3041,69.0,6.972338676452637,563.33251953125
4,3042,49.0,1.4006394147872925,128.22262573242188
4,3043,70.0,7.040203094482422,649.5003662109375
4,3044,42.0,-2.5647239685058594,127.38928985595703
4,3045,84.0,9.124626159667969,865.2522583007812
4,3046,12.0,-8.641331672668457,390.8783264160156
4,3047,38.0,-2.8224263191223145,106.14368438720703
4,3048,37.0,-1.0547761917114258,94.84249114990234
4,3049,49.0,1.0259875059127808,100.74526977539062
4,3050,40.0,-0.6074367165565491,86.44970703125
4,3051,65.0,4.548529148101807,319.07684326171875
4,3052,14.0,-8.024523735046387,329.1368103027344
4,3053,20.0,-6.793571949005127,171.46746826171875
4,3054,78.0,7.653509616851807,657.6956176757812
4,3055,88.0,10.598713874816895,912.997314453125
4,3056,82.0,11.478680610656738,744.7959594726562
4,3057,78.0,6.936527252197266,751.3424072265625
4,3058,43.0,-1.7269402742385864,108.26996612548828
4,3059,54.0,2.582805871963501,198.62620544433594
4,3060,22.0,-7.690064430236816,186.9351348876953
4,3061,63.0,3.6878764629364014,352.826416015625
4,3062,52.0,1.3379095792770386,215.0924530029297
4,3063,31.0,-4.964006423950195,126.59334564208984
4,3064,34.0,-2.2678394317626953,105.2956771850586
4,3065,55.0,1.3787868022918701,204.59539794921875
4,3066,34.0,-3.0949740409851074,128.9916229248047
4,3067,57.0,2.0532782077789307,213.70474243164062
4,3068,93.0,6.8862223625183105,1206.9979248046875
4,3069,20.0,-15.968592643737793,353.98553466796875
4,3070,50.0,-1.2983729839324951,158.11001586914062
4,3071,42.0,-0.8935533165931702,106.59840393066406
4,3072,12.0,-13.914036750793457,448.970703125
4,3073,35.0,-3.428187847137451,126.85478973388672
4,3074,51.0,-0.8589615225791931,214.8688507080078
4,3075,52.0,0.33743414282798767,150.5059356689453
4,3076,36.0,-3.589618444442749,146.09808349609375
4,3077,94.0,13.172201156616211,1188.99951171875
4,3078,43.0,-0.044362377375364304,95.58202362060547
4,3079,28.0,-2.0455985069274902,83.55340576171875
4,3080,41.0,-2.3010165691375732,107.9958724975586
4,3081,29.0,-4.243137359619141,111.50077819824219
4,3082,24.0,-4.941274166107178,139.43563842773438
4,3083,77.0,7.8529205322265625,575.6192626953125
4,3084,13.0,-8.49441146850586,253.68511962890625
4,3085,13.0,-8.618622779846191,244.51602172851562
4,3086,90.0,11.209365844726562,1257.643798828125
4,3087,59.0,5.319509983062744,309.3778076171875
4,3088,12.0,-7.317296028137207,221.64581298828125
4,3089,81.0,10.312311172485352,949.6206665039062
4,3090,21.0,-5.567200660705566,131.73255920410156
4,3091,25.0,-6.560108661651611,105.30642700195312
4,3092,94.0,10.314467430114746,1508.7210693359375
4,3093,10.0,-9.158037185668945,228.1178436279297
4,3094,43.0,3.839954376220703,145.95162963867188
4,3095,159.0,32.06483840942383,5904.955078125
4,3096,35.0,0.014088482595980167,82.01055908203125
4,3097,16.0,-7.644301414489746,126.92076110839844
4,3098,51.0,3.7972779273986816,175.44256591796875
4,3099,39.0,0.9456323981285095,110.63098907470703
4,3100,46.0,2.898745536804199,210.60975646972656
4,3101,41.0,1.1315913200378418,94.66838073730469
4,3102,39.0,0.8811753392219543,110.56828308105469
4,3103,82.0,12.674050331115723,943.3043823242188
4,3104,75.0,9.846439361572266,616.652587890625
4,3105,26.0,-6.323936939239502,113.95819091796875
4,3106,42.0,0.24965910613536835,87.5635986328125
4,3107,26.0,-2.327300548553467,106.44937133789062
4,3108,52.0,2.9105563163757324,205.76339721679688
4,3109,82.0,10.013798713684082,690.9351196289062
4,3110,62.0,3.4996166229248047,295.20745849609375
4,3111,48.0,1.343612790107727,149.70404052734375
4,3112,98.0,13.848494529724121,1256.1146240234375
4,3113,68.0,4.847575664520264,333.5021667480469
4,3114,60.0,3.008498191833496,213.41444396972656
4,3115,42.0,-3.050724506378174,152.10736083984375
4,3116,38.0,-4.294078826904297,185.15707397460938
4,3117,45.0,-1.2408645153045654,190.03240966796875
4,3118,30.0,-5.796148777008057,251.63084411621094
4,3119,37.0,-6.976195812225342,261.37335205078125
4,3120,69.0,1.5988450050354004,401.8336181640625
4,3121,34.0,-5.58805513381958,276.17529296875
4,3122,39.0,-4.976543426513672,218.57620239257812
4,3123,16.0,-12.139342308044434,662.021484375
4,3124,28.0,-7.598209857940674,244.98387145996094
4,3125,66.0,1.9083633422851562,317.5174560546875
4,3126,49.0,-3.882688045501709,176.93824768066406
4,3127,20.0,-14.454601287841797,496.306396484375
4,3128,26.0,-9.19900894165039,250.1268310546875
4,3129,92.0,11.278094291687012,1075.591552734375
4,3130,29.0,-3.0106115341186523,159.09593200683594
4,3131,55.0,0.516120195388794,137.49217224121094
4,3132,25.0,-8.046757698059082,217.85118103027344
4,3133,66.0,4.344712734222412,327.9909973144531
4,3134,59.0,2.4962317943573,227.4901123046875
4,3135,54.0,3.5229270458221436,212.00454711914062
4,3136,54.0,-0.04828061908483505,284.52105712890625
4,3137,28.0,-3.6291232109069824,94.80272674560547
4,3138,56.0,3.2217371463775635,186.6409912109375
4,3139,95.0,13.566232681274414,1189.5035400390625
4,3140,44.0,-0.5059876441955566,136.91732788085938
4,3141,103.0,9.876702308654785,1710.175048828125
4,3142,28.0,-9.864004135131836,227.01145935058594
4,3143,11.0,-15.148011207580566,438.4911193847656
4,3144,28.0,-4.846434116363525,149.1138458251953
4,3145,49.0,1.03014075756073,140.71417236328125
4,3146,37.0,-5.823036193847656,111.83541107177734
4,3147,29.0,-4.3114752769470215,159.5718994140625
4,3148,35.0,-2.3522326946258545,114.20733642578125
4,3149,44.0,-1.2512534856796265,121.85873413085938
4,3150,166.0,25.563451766967773,5860.328125
4,3151,76.0,8.487728118896484,607.1536254882812
4,3152,15.0,-10.006606101989746,270.21148681640625
4,3153,42.0,1.238431692123413,134.47987365722656
4,3154,69.0,8.594429016113281,465.22314453125
4,3155,12.0,-5.105144023895264,288.2872009277344
4,3156,41.0,-2.4664318561553955,100.20353698730469
4,3157,74.0,7.872755527496338,533.3449096679688
4,3158,28.0,-4.27885103225708,104.74099731445312
4,3159,28.0,-3.089641809463501,96.39103698730469
4,3160,68.0,4.567041873931885,535.3519287109375
4,3161,33.0,-1.6910847425460815,77.88725280761719
4,3162,45.0,-0.13181830942630768,183.69833374023438
4,3163,23.0,-7.530444622039795,137.08480834960938
4,3164,42.0,1.0008286237716675,130.80726623535156
4,3165,36.0,-3.19724178314209,86.39810943603516
4,3166,54.0,4.753302574157715,283.572998046875
4,3167,101.0,13.660297393798828,1680.6104736328125
4,3168,35.0,-2.1147940158843994,67.1034927368164
4,3169,95.0,15.114873886108398,1260.0931396484375
4,3170,67.0,6.191736698150635,519.4797973632812
4,3171,45.0,1.2107086181640625,154.871826171875
4,3172,54.0,1.5247658491134644,200.2274169921875
4,3173,31.0,-1.9831628799438477,88.01616668701172
4,3174,44.0,0.5682515501976013,130.7801513671875
4,3175,77.0,9.168309211730957,642.3399658203125
4,3176,27.0,-4.078736782073975,120.61063385009766
4,3177,31.0,-6.97233772277832,129.70713806152344
4,3178,51.0,1.5184937715530396,171.212646484375
4,3179,57.0,4.089527130126953,241.86624145507812
4,3180,39.0,0.2975967824459076,100.80518341064453
4,3181,28.0,-2.726001262664795,141.0081024169922
4,3182,88.0,12.096840858459473,871.390625
4,3183,55.0,2.1160523891448975,209.87184143066406
4,3184,42.0,-0.47955405712127686,93.23685455322266
4,3185,97.0,15.051739692687988,1227.7601318359375
4,3186,67.0,4.841132640838623,385.44744873046875
4,3187,39.0,-1.3513776063919067,123.66683197021484
4,3188,13.0,-13.007511138916016,450.7274475097656
4,3189,23.0,-5.698252201080322,223.11399841308594
4,3190,26.0,-6.149194717407227,198.0933380126953
4,3191,16.0,-11.79004955291748,355.05303955078125
4,3192,30.0,-2.6205177307128906,113.02925872802734
4,3193,28.0,-3.4301254749298096,98.60183715820312
4,3194,44.0,0.4595346450805664,110.47541809082031
4,3195,30.0,-7.92700719833374,151.11822509765625
4,3196,142.0,17.49983024597168,4229.50244140625
4,3197,35.0,-1.0988770723342896,61.12628936767578
4,3198,46.0,1.2746058702468872,165.4830322265625
4,3199,49.0,0.016293732449412346,133.12716674804688
4,3200,43.0,-0.19583375751972198,91.23787689208984
4,3201,43.0,1.4838725328445435,99.94605255126953
4,3202,70.0,6.406866073608398,534.64013671875
4,3203,77.0,8.207545280456543,681.0020141601562
4,3204,36.0,-0.3472158908843994,77.79657745361328
4,3205,41.0,0.8289111852645874,93.19479370117188
4,3206,174.0,23.501476287841797,6787.2431640625
4,3207,44.0,0.3688086271286011,147.5899200439453
4,3208,42.0,-1.9964786767959595,76.580322265625
4,3209,40.0,-1.8332102298736572,118.99989318847656
4,3210,24.0,-5.3191728591918945,145.26878356933594
4,3211,38.0,-3.072218179702759,103.00025177001953
4,3212,41.0,0.36507126688957214,116.7573471069336
4,3213,51.0,2.4863440990448,185.09649658203125
4,3214,25.0,-2.3405892848968506,90.72244262695312
4,3215,96.0,10.148520469665527,1374.7034912109375
4,3216,42.0,-1.01849365234375,82.20333862304688
4,3217,23.0,-5.751193046569824,165.12464904785156
4,3218,16.0,-7.652063369750977,185.09036254882812
4,3219,33.0,-2.4526288509368896,83.0570297241211
4,3220,12.0,-12.1522216796875,301.2910461425781
4,3221,25.0,-2.3244807720184326,64.90567016601562
4,3222,38.0,-1.938116431236267,85.47117614746094
4,3223,51.0,3.6375234127044678,197.91366577148438
4,3224,36.0,-1.2847094535827637,62.10960388183594
4,3225,43.0,1.8672429323196411,161.9193572998047
4,3226,42.0,0.40310654044151306,170.13925170898438
4,3227,36.0,-1.4744774103164673,77.83330535888672
4,3228,31.0,-0.08731906861066818,41.76703643798828
4,3229,48.0,3.558067798614502,250.79571533203125
4,3230,25.0,-3.6198105812072754,77.39545440673828
4,3231,25.0,-5.113004207611084,90.89362335205078
4,3232,35.0,2.1733133792877197,75.49180603027344
4,3233,34.0,1.3039181232452393,63.78667449951172
4,3234,41.0,1.0162221193313599,134.28982543945312
4,3235,52.0,2.9988338947296143,247.26341247558594
4,3236,107.0,12.755677223205566,2442.455810546875
4,3237,83.0,10.28546142578125,1190.333251953125
4,3238,16.0,-6.1411895751953125,102.1020736694336
4,3239,58.0,6.030025005340576,259.51849365234375
4,3240,40.0,1.6847141981124878,90.91215515136719
4,3241,66.0,6.1382598876953125,410.2225341796875
4,3242,62.0,5.378771781921387,329.9165344238281
4,3243,47.0,2.3524346351623535,121.65950775146484
4,3244,53.0,2.227297067642212,193.29940795898438
4,3245,97.0,10.467120170593262,1596.10400390625
4,3246,85.0,9.079879760742188,1011.718994140625
4,3247,33.0,-3.3892526626586914,110.53875732421875
4,3248,116.0,21.03107261657715,2233.14013671875
4,3249,34.0,-1.8833266496658325,97.89540100097656
4,3250,11.0,-8.76866626739502,523.0986328125
4,3251,43.0,-0.8577764630317688,130.17857360839844
4,3252,27.0,-4.795300006866455,165.19189453125
4,3253,13.0,-6.933080196380615,442.81756591796875
4,3254,36.0,-6.029212951660156,201.91732788085938
4,3255,50.0,0.28031253814697266,187.98748779296875
4,3256,28.0,-4.427546501159668,135.4993896484375
4,3257,14.0,-8.477263450622559,416.84954833984375
4,3258,40.0,-2.8575081825256348,126.66328430175781
4,3259,49.0,-3.4763364791870117,189.12393188476562
4,3260,72.0,4.1317291259765625,474.8705139160156
4,3261,19.0,-10.93676471710205,278.1926574707031
4,3262,14.0,-8.45366382598877,267.9848937988281
4,3263,56.0,3.340733289718628,168.72084045410156
4,3264,25.0,-4.275081157684326,86.6048583984375
4,3265,39.0,-2.137528419494629,91.08625793457031
4,3266,23.0,-6.379392623901367,182.6620635986328
4,3267,38.0,0.19098472595214844,92.15091705322266
4,3268,45.0,0.43727433681488037,199.86341857910156
4,3269,24.0,-2.9480550289154053,87.0802230834961
4,3270,41.0,1.6256924867630005,90.93734741210938
4,3271,15.0,-10.186493873596191,192.50357055664062
4,3272,28.0,-0.964629054069519,48.18598175048828
4,3273,13.0,-4.9770989418029785,148.24224853515625
4,3274,14.0,-6.366235256195068,114.3111801147461
4,3275,41.0,1.4697555303573608,105.87590026855469
4,3276,27.0,-1.972449779510498,31.453205108642578
4,3277,16.0,-4.153353214263916,80.84795379638672
4,3278,44.0,3.5567855834960938,217.90658569335938
4,3279,56.0,3.5952062606811523,500.4486389160156
4,3280,21.0,-0.566490113735199,67.88481903076172
4,3281,15.0,-4.622989654541016,70.9558334350586
4,3282,21.0,-3.169954776763916,62.63695526123047
4,3283,41.0,2.7669172286987305,136.14785766601562
4,3284,52.0,5.858876705169678,361.260986328125
4,3285,63.0,6.487913608551025,668.282470703125
4,3286,54.0,7.2725443840026855,348.1018981933594
4,3287,33.0,1.6085556745529175,90.46772766113281
4,3288,39.0,3.381711959838867,169.4787139892578
4,3289,21.0,-2.270461320877075,36.40108871459961
4,3290,173.0,30.90943145751953,7444.15576171875
4,3291,16.0,-5.780873775482178,56.836029052734375
4,3292,35.0,0.05176451429724693,76.4682388305664
4,3293,81.0,10.297621726989746,1081.689697265625
4,3294,48.0,4.927010536193848,180.75682067871094
4,3295,108.0,15.605175971984863,2306.9521484375
4,3296,22.0,-2.579637289047241,39.69794845581055
4,3297,28.0,-0.42626962065696716,53.917266845703125
4,3298,38.0,1.247877597808838,74.71941375732422
4,3299,23.0,-2.8851523399353027,78.18282318115234
4,3300,63.0,4.755646705627441,398.6344909667969
4,3301,76.0,6.915669918060303,813.5716552734375
4,3302,76.0,9.250489234924316,744.8876342773438
4,3303,64.0,2.889232635498047,554.4247436523438
4,3304,56.0,5.0311760902404785,238.8865509033203
4,3305,83.0,5.465056419372559,1018.7606811523438
4,3306,53.0,1.192533254623413,226.62933349609375
4,3307,25.0,-5.2899394035339355,123.34532165527344
4,3308,33.0,-2.4201571941375732,107.4203109741211
4,3309,37.0,-1.5557838678359985,117.27732849121094
4,3310,48.0,0.39670997858047485,137.4971466064453
4,3311,66.0,4.638822555541992,412.5818786621094
4,3312,30.0,-1.0800312757492065,109.65557861328125
4,3313,97.0,12.720207214355469,1304.9197998046875
4,3314,26.0,-6.511184215545654,167.23126220703125
4,3315,30.0,-3.951112747192383,124.30860137939453
4,3316,32.0,-4.069508075714111,112.81314086914062
4,3317,75.0,6.6297478675842285,530.8692016601562
4,3318,35.0,-3.0737228393554688,120.64910125732422
4,3319,48.0,2.262089490890503,161.78558349609375
4,3320,28.0,-1.5120408535003662,94.97093963623047
4,3321,51.0,2.5071444511413574,132.79808044433594
4,3322,61.0,7.669638633728027,377.71026611328125
4,3323,48.0,0.42638108134269714,136.1859893798828
4,3324,31.0,-5.642685413360596,131.6768341064453
4,3325,18.0,-6.463958740234375,184.62088012695312
4,3326,49.0,3.3478753566741943,179.50816345214844
4,3327,44.0,-0.8770983815193176,148.17977905273438
4,3328,66.0,6.195279598236084,462.9935607910156
4,3329,43.0,-0.9897633194923401,125.79413604736328
4,3330,73.0,7.846092700958252,468.9634094238281
4,3331,45.0,0.8229209184646606,100.34959411621094
4,3332,23.0,-9.438783645629883,180.86761474609375
4,3333,43.0,-2.01499080657959,134.8567657470703
4,3334,46.0,2.126328945159912,128.7709503173828
4,3335,75.0,3.65338134765625,693.5387573242188
4,3336,70.0,4.477649688720703,503.2916564941406
4,3337,37.0,-2.6092982292175293,129.13905334472656
4,3338,63.0,3.031526565551758,266.776611328125
4,3339,29.0,-5.15746545791626,206.4373321533203
4,3340,68.0,4.462973594665527,356.0716857910156
4,3341,62.0,2.887195110321045,212.6415557861328
4,3342,77.0,7.056495666503906,464.39825439453125
4,3343,37.0,-2.8838858604431152,150.66676330566406
4,3344,64.0,3.0642707347869873,205.01821899414062
4,3345,13.0,-7.9950947761535645,547.2142333984375
4,3346,31.0,-5.484182834625244,313.0710144042969
4,3347,15.0,-10.328520774841309,505.8348388671875
4,3348,56.0,-0.6396714448928833,197.22254943847656
4,3349,38.0,-4.471271514892578,155.13941955566406
4,3350,13.0,-10.586756706237793,592.1132202148438
4,3351,72.0,4.180542469024658,473.8374328613281
4,3352,56.0,0.9324618577957153,132.1526641845703
4,3353,88.0,6.158572673797607,883.366455078125
4,3354,92.0,5.938568115234375,1028.7884521484375
4,3355,38.0,-3.811905860900879,132.54541015625
4,3356,33.0,-4.0914506912231445,208.9814910888672
4,3357,70.0,4.131148338317871,476.81500244140625
4,3358,45.0,0.682384729385376,137.5220947265625
4,3359,57.0,2.31044864654541,155.32835388183594
4,3360,66.0,3.7899718284606934,240.8614501953125
4,3361,36.0,-2.730982542037964,133.74810791015625
4,3362,12.0,-5.47776460647583,440.5151672363281
4,3363,40.0,0.5479536056518555,119.34628295898438
4,3364,35.0,-3.721935987472534,116.42644500732422
4,3365,19.0,-10.709912300109863,298.4065246582031
4,3366,72.0,4.239137649536133,573.6057739257812
4,3367,44.0,0.4366806149482727,131.3754425048828
4,3368,21.0,-5.449221611022949,163.97303771972656
4,3369,33.0,-4.58404016494751,123.65042114257812
4,3370,51.0,1.0352606773376465,181.91224670410156
4,3371,12.0,-7.3786797523498535,319.5152893066406
4,3372,25.0,-3.568265438079834,105.3116455078125
4,3373,14.0,-10.285582542419434,260.82666015625
4,3374,38.0,-1.3417870998382568,100.02635955810547
4,3375,50.0,1.361564040184021,125.83214569091797
4,3376,88.0,12.38249683380127,1011.1641235351562
4,3377,85.0,10.118256568908691,1123.6192626953125
4,3378,12.0,-3.6881680488586426,218.8301239013672
4,3379,55.0,3.4585204124450684,256.86859130859375
4,3380,87.0,12.9249849319458,1299.4083251953125
4,3381,55.0,7.629575252532959,332.831298828125
4,3382,88.0,12.025286674499512,1008.310546875
4,3383,53.0,1.8402923345565796,149.60955810546875
4,3384,38.0,0.06573661416769028,90.37140655517578
4,3385,25.0,-6.358518123626709,168.7947998046875
4,3386,15.0,-5.661439895629883,233.42601013183594
4,3387,41.0,-0.8722330331802368,107.68400573730469
4,3388,68.0,6.0312886238098145,434.8404541015625
4,3389,12.0,-5.075676441192627,313.4247741699219
4,3390,67.0,4.343396186828613,371.3775634765625
4,3391,57.0,1.981101393699646,267.9041442871094
4,3392,70.0,6.623154163360596,513.2604370117188
4,3393,52.0,0.2577018737792969,133.69676208496094
4,3394,57.0,2.859940767288208,170.1844024658203
4,3395,20.0,-8.885778427124023,272.8859558105469
4,3396,30.0,-1.696519374847412,120.16699981689453
4,3397,44.0,-3.948354482650757,101.89079284667969
4,3398,41.0,-2.287576198577881,158.40850830078125
4,3399,36.0,-2.8799562454223633,135.32815551757812
4,3400,52.0,1.1561464071273804,109.86458587646484
4,3401,16.0,-11.519001007080078,367.07318115234375
4,3402,25.0,-7.271951675415039,188.00697326660156
4,3403,40.0,-0.20069386065006256,107.6814193725586
4,3404,64.0,3.071269989013672,427.314697265625
4,3405,44.0,0.41791167855262756,101.77415466308594
4,3406,38.0,-3.133084535598755,99.9755859375
4,3407,39.0,-0.6003410220146179,82.67591094970703
4,3408,42.0,0.6071584224700928,101.4510269165039
4,3409,13.0,-10.531417846679688,269.0517883300781
4,3410,29.0,-5.741886138916016,126.59058380126953
4,3411,34.0,-2.70318341255188,56.14196014404297
4,3412,44.0,0.12036488205194473,85.84503936767578
4,3413,59.0,4.555106163024902,312.2727966308594
4,3414,102.0,13.497002601623535,1766.3529052734375
4,3415,58.0,4.367151260375977,259.79986572265625
4,3416,31.0,-1.1430052518844604,115.66389465332031
4,3417,72.0,7.114531993865967,676.4656982421875
4,3418,63.0,6.332670211791992,456.4978332519531
4,3419,24.0,-1.5436335802078247,75.07598876953125
4,3420,43.0,0.507612943649292,157.7897491455078
4,3421,40.0,0.2689328193664551,82.5578384399414
4,3422,31.0,-0.4110570549964905,85.7364730834961
4,3423,41.0,-0.7186297178268433,129.1634521484375
4,3424,32.0,-1.2225993871688843,83.651611328125
4,3425,37.0,-1.660454511642456,75.44170379638672
4,3426,36.0,-3.096052408218384,79.05257415771484
4,3427,53.0,3.8196842670440674,228.2509002685547
4,3428,43.0,1.461106777191162,140.66835021972656
4,3429,43.0,0.18607456982135773,96.75550842285156
4,3430,49.0,-0.17234636843204498,124.7114486694336
4,3431,21.0,-4.414051055908203,191.0697479248047
4,3432,47.0,-0.4082845151424408,130.7002716064453
4,3433,43.0,0.9768775105476379,93.89268493652344
4,3434,31.0,-3.8293163776397705,113.44014739990234
4,3435,26.0,-4.5411882400512695,111.54586791992188
4,3436,75.0,9.270781517028809,707.3047485351562
4,3437,51.0,0.870833694934845,178.82086181640625
4,3438,114.0,18.761089324951172,2222.69091796875
4,3439,47.0,2.5161030292510986,131.23094177246094
4,3440,28.0,-6.275590896606445,127.94772338867188
4,3441,64.0,2.9877490997314453,492.22021484375
4,3442,31.0,-3.02748966217041,114.49658966064453
4,3443,48.0,1.022411584854126,132.79153442382812
4,3444,55.0,2.65098237991333,144.0833740234375
4,3445,37.0,-0.571296751499176,73.40582275390625
4,3446,67.0,2.364511728286743,482.8000183105469
4,3447,26.0,-7.6306962966918945,144.22384643554688
4,3448,54.0,2.523214101791382,224.81968688964844
4,3449,29.0,-1.246304988861084,103.00758361816406
4,3450,58.0,4.376858711242676,286.03759765625
4,3451,52.0,3.4464612007141113,163.8907928466797
4,3452,39.0,-1.6923176050186157,114.3119125366211
4,3453,23.0,-4.643669128417969,203.36090087890625
4,3454,23.0,-3.4974467754364014,169.50607299804688
4,3455,77.0,6.136577606201172,659.0202026367188
4,3456,33.0,-1.4909043312072754,97.4599609375
4,3457,33.0,-4.4517645835876465,97.1596908569336
4,3458,35.0,-1.9623353481292725,85.87844848632812
4,3459,30.0,-1.3709214925765991,86.82088470458984
4,3460,22.0,-4.3542561531066895,141.72711181640625
4,3461,33.0,-1.513291358947754,73.59347534179688
4,3462,35.0,-1.9722464084625244,55.694766998291016
4,3463,14.0,-6.042679309844971,159.93814086914062
4,3464,23.0,-2.4242660999298096,73.65851593017578
4,3465,12.0,-5.182486057281494,156.98419189453125
4,3466,40.0,0.9770378470420837,101.02767181396484
4,3467,27.0,-0.6978064775466919,60.046669006347656
4,3468,53.0,4.624217510223389,271.5976257324219
4,3469,47.0,3.136373519897461,193.49496459960938
4,3470,49.0,4.703937530517578,321.51397705078125
4,3471,89.0,14.263713836669922,1584.7047119140625
4,3472,60.0,8.642508506774902,505.5189208984375
4,3473,36.0,1.9396620988845825,70.29020690917969
4,3474,38.0,2.6448447704315186,116.20475006103516
4,3475,43.0,1.4568865299224854,189.11012268066406
4,3476,42.0,1.671379804611206,70.44223022460938
4,3477,47.0,2.6764419078826904,189.94818115234375
4,3478,48.0,2.8100507259368896,159.9390411376953
4,3479,45.0,3.751899003982544,137.66787719726562
4,3480,34.0,1.051515817642212,65.51685333251953
4,3481,37.0,-0.5484436750411987,62.4068717956543
4,3482,36.0,-1.2388375997543335,57.1894416809082
4,3483,46.0,1.1636877059936523,145.14764404296875
4,3484,69.0,8.01904010772705,600.3204956054688
4,3485,63.0,7.342291355133057,353.0179138183594
4,3486,48.0,3.402235269546509,144.01597595214844
4,3487,72.0,7.235954761505127,448.3249206542969
4,3488,28.0,-5.425395488739014,142.93740844726562
4,3489,26.0,-5.745151519775391,187.6347198486328
4,3490,27.0,-7.126395225524902,202.52809143066406
4,3491,42.0,-2.722109079360962,156.3832550048828
4,3492,49.0,-0.6165433526039124,147.75782775878906
4,3493,81.0,5.490208625793457,786.1228637695312
4,3494,25.0,-3.920741319656372,227.95852661132812
4,3495,53.0,-0.27893126010894775,221.18077087402344
4,3496,84.0,4.790658950805664,842.61328125
4,3497,72.0,5.8911871910095215,442.4755554199219
4,3498,68.0,1.7646076679229736,493.5542907714844
4,3499,45.0,-1.1576642990112305,112.5694808959961
4,3500,46.0,-0.7457756996154785,136.70477294921875
4,3501,29.0,-2.7802603244781494,172.82704162597656
4,3502,24.0,-13.054325103759766,367.5246276855469
4,3503,42.0,-2.8083510398864746,129.27320861816406
4,3504,62.0,3.299949884414673,230.32167053222656
4,3505,40.0,-3.1607048511505127,112.6163101196289
4,3506,60.0,3.4942164421081543,273.3463439941406
4,3507,51.0,0.8240556120872498,126.12481689453125
4,3508,37.0,-2.9406559467315674,111.50186920166016
4,3509,27.0,-5.184372425079346,174.84083557128906
4,3510,28.0,-3.201021671295166,136.23965454101562
4,3511,32.0,-3.727647066116333,129.78958129882812
4,3512,28.0,-6.297816753387451,151.48391723632812
4,3513,29.0,-2.6470096111297607,102.48722839355469
4,3514,24.0,-2.0646824836730957,95.1220932006836
4,3515,72.0,6.512938022613525,696.1156005859375
4,3516,20.0,-6.961620330810547,110.80564880371094
4,3517,83.0,13.426671028137207,894.3455200195312
4,3518,46.0,1.260594129562378,101.69670104980469
4,3519,33.0,-0.1962069869041443,53.35988235473633
4,3520,104.0,17.519237518310547,1985.208740234375
4,3521,49.0,4.975111961364746,243.4384307861328
4,3522,35.0,0.9182363152503967,83.2981185913086
4,3523,53.0,3.7085063457489014,303.78509521484375
4,3524,39.0,1.4674696922302246,45.93485641479492
4,3525,32.0,-0.2020794153213501,85.98724365234375
4,3526,83.0,11.069250106811523,1241.7452392578125
4,3527,61.0,1.775819182395935,323.9432373046875
4,3528,24.0,-1.6649839878082275,97.43099212646484
4,3529,42.0,1.7082433700561523,125.87945556640625
4,3530,51.0,1.14700186252594,168.31637573242188
4,3531,47.0,0.5474045276641846,132.968017578125
4,3532,39.0,-0.7918490171432495,118.74800109863281
4,3533,51.0,-0.2274796962738037,168.07113647460938
4,3534,58.0,2.155468225479126,287.67840576171875
4,3535,40.0,-0.7296174168586731,76.7427978515625
4,3536,44.0,0.5347458720207214,92.96269989013672
4,3537,92.0,9.115224838256836,935.072021484375
4,3538,27.0,-4.747091770172119,200.9662322998047
4,3539,75.0,7.789618492126465,498.76312255859375
4,3540,82.0,3.3402230739593506,801.5990600585938
4,3541,50.0,-0.7976296544075012,141.3224334716797
4,3542,37.0,-2.25441575050354,108.46863555908203
4,3543,14.0,-10.337854385375977,423.68829345703125
4,3544,21.0,-7.148151397705078,251.74501037597656
4,3545,83.0,4.728799343109131,677.8132934570312
4,3546,32.0,-5.5775227546691895,231.31524658203125
4,3547,62.0,1.7503327131271362,320.3646240234375
4,3548,45.0,-0.25811734795570374,149.36463928222656
4,3549,66.0,3.1373348236083984,357.8258056640625
4,3550,70.0,3.104856491088867,391.10296630859375
4,3551,43.0,-0.272295206785202,138.6024627685547
4,3552,30.0,-8.861550331115723,263.78765869140625
4,3553,30.0,-6.682135581970215,228.73687744140625
4,3554,41.0,-1.1984951496124268,122.77022552490234
4,3555,22.0,-7.968186378479004,263.34051513671875
4,3556,72.0,6.876195907592773,384.8664855957031
4,3557,52.0,-1.3600549697875977,166.80325317382812
4,3558,65.0,4.681508541107178,261.5152893066406
4,3559,22.0,-4.163746356964111,158.3771514892578
4,3560,18.0,-10.391460418701172,320.0293273925781
4,3561,50.0,-0.7590925693511963,180.7626495361328
4,3562,25.0,-1.826289176940918,101.26258850097656
4,3563,55.0,2.1778883934020996,296.67913818359375
4,3564,27.0,-2.999729633331299,112.33555603027344
4,3565,51.0,1.6998052597045898,171.4892120361328
4,3566,36.0,-1.1396275758743286,89.8517837524414
4,3567,41.0,-0.7536191940307617,107.4366683959961
4,3568,62.0,5.826037883758545,498.55889892578125
4,3569,43.0,-0.8678475618362427,115.16157531738281
4,3570,79.0,10.92640209197998,718.7919311523438
4,3571,23.0,-4.771597862243652,137.40602111816406
4,3572,28.0,-2.504286766052246,84.40847778320312
4,3573,13.0,-7.694648265838623,219.56631469726562
4,3574,26.0,-2.4181954860687256,93.19691467285156
4,3575,63.0,5.2887773513793945,340.3517150878906
4,3576,64.0,6.783144474029541,306.42767333984375
4,3577,68.0,7.251822471618652,472.1556396484375
4,3578,133.0,19.883255004882812,3623.195556640625
4,3579,40.0,0.8025920391082764,73.55215454101562
4,3580,124.0,20.635475158691406,2617.142578125
4,3581,22.0,-2.904498338699341,110.89336395263672
4,3582,46.0,1.6553666591644287,131.60113525390625
4,3583,45.0,2.1664226055145264,100.74530792236328
4,3584,30.0,-1.9414392709732056,92.99797821044922
4,3585,28.0,-4.446813106536865,113.70966339111328
4,3586,39.0,-0.36365076899528503,64.08931732177734
4,3587,47.0,1.6162970066070557,174.73594665527344
4,3588,60.0,6.502613544464111,453.1988830566406
4,3589,80.0,8.459582328796387,708.9207763671875
4,3590,79.0,9.852739334106445,777.3942260742188
4,3591,94.0,8.095288276672363,1392.3046875
4,3592,35.0,-3.199816942214966,104.83696746826172
4,3593,32.0,-3.043625593185425,125.83958435058594
4,3594,29.0,-1.5416454076766968,111.73075866699219
4,3595,91.0,11.95364761352539,1169.7174072265625
4,3596,77.0,6.108983039855957,500.90985107421875
4,3597,12.0,-6.440448760986328,327.6092529296875
4,3598,48.0,0.8074061870574951,137.7687530517578
4,3599,87.0,10.86695671081543,846.7940063476562
4,3600,84.0,7.8500518798828125,788.0726318359375
4,3601,55.0,0.8819214701652527,191.67596435546875
4,3602,47.0,-0.027635842561721802,128.27569580078125
4,3603,42.0,-3.988957643508911,122.12810516357422
4,3604,49.0,-4.1854472160339355,268.9131774902344
4,3605,40.0,-3.0904459953308105,121.6954345703125
4,3606,100.0,11.366960525512695,1104.2032470703125
4,3607,55.0,-0.7296289801597595,196.32855224609375
4,3608,28.0,-2.1947240829467773,168.0142822265625
4,3609,31.0,-2.0835649967193604,146.3079833984375
4,3610,59.0,0.15419664978981018,202.3822784423828
4,3611,51.0,2.039555788040161,159.4575653076172
4,3612,104.0,9.300963401794434,1575.8311767578125
4,3613,148.0,24.624839782714844,3846.478759765625
4,3614,44.0,0.08550513535737991,99.61312103271484
4,3615,46.0,-1.8112576007843018,128.78436279296875
4,3616,46.0,0.014317902736365795,111.700927734375
4,3617,62.0,3.516582489013672,234.9529571533203
4,3618,17.0,-17.576250076293945,429.7969055175781
4,3619,43.0,-3.3195130825042725,149.00157165527344
4,3620,24.0,-7.213647365570068,272.75982666015625
4,3621,28.0,-3.6196722984313965,193.66934204101562
4,3622,85.0,8.433327674865723,624.743408203125
4,3623,40.0,-1.5024514198303223,154.32752990722656
4,3624,23.0,-3.8991920948028564,229.19578552246094
4,3625,43.0,0.037486717104911804,109.26077270507812
4,3626,63.0,5.208187103271484,336.0926513671875
4,3627,50.0,2.8310930728912354,153.88438415527344
4,3628,57.0,2.706697702407837,299.13641357421875
4,3629,30.0,-6.354493618011475,114.38349914550781
4,3630,32.0,-2.8811182975769043,70.7129898071289
4,3631,67.0,6.1732096672058105,409.3306884765625
4,3632,40.0,0.21817535161972046,71.18119049072266
4,3633,79.0,8.541491508483887,757.2171020507812
4,3634,30.0,-3.278038501739502,107.75247192382812
4,3635,48.0,2.711940288543701,194.90196228027344
4,3636,68.0,6.244049072265625,467.8554382324219
4,3637,36.0,-0.20706619322299957,84.92150115966797
4,3638,54.0,2.2296245098114014,200.95240783691406
4,3639,57.0,1.7006973028182983,249.2340087890625
4,3640,63.0,5.591292381286621,332.43511962890625
4,3641,26.0,-2.5942769050598145,117.86337280273438
4,3642,27.0,-2.507568836212158,79.61983489990234
4,3643,33.0,-4.130380630493164,99.82415008544922
4,3644,77.0,11.70142650604248,591.0007934570312
4,3645,35.0,-0.4839502274990082,61.5854377746582
4,3646,24.0,-2.374190092086792,99.98704528808594
4,3647,45.0,1.8118895292282104,162.26043701171875
4,3648,26.0,-1.7596818208694458,113.72970581054688
4,3649,20.0,-8.181617736816406,235.26824951171875
4,3650,28.0,-2.253807544708252,64.72452545166016
4,3651,75.0,5.233161926269531,829.7932739257812
4,3652,65.0,5.9385809898376465,385.45458984375
4,3653,29.0,-2.1243176460266113,55.90123748779297
4,3654,39.0,-0.8467698693275452,108.37138366699219
4,3655,17.0,-7.6451849937438965,146.83203125
4,3656,32.0,-1.571386694908142,49.501590728759766
4,3657,97.0,13.041888236999512,1732.6185302734375
4,3658,43.0,2.0234475135803223,120.20639038085938
4,3659,45.0,0.912799060344696,121.88211822509766
4,3660,63.0,4.951174259185791,494.82684326171875
4,3661,47.0,4.007658004760742,133.10572814941406
4,3662,41.0,1.230629324913025,117.43782043457031
4,3663,42.0,-0.6949824094772339,134.4832763671875
4,3664,42.0,1.8709335327148438,128.5488739013672
4,3665,88.0,9.769350051879883,1223.34814453125
4,3666,56.0,4.483067989349365,164.35952758789062
4,3667,62.0,4.742098331451416,301.3312683105469
4,3668,33.0,-3.342047929763794,119.91814422607422
4,3669,54.0,0.97057044506073,228.8992919921875
4,3670,137.0,21.65534210205078,3604.7978515625
4,3671,68.0,0.770958662033081,461.0833740234375
4,3672,34.0,-4.289233207702637,148.94146728515625
4,3673,22.0,-5.504065036773682,350.5274658203125
4,3674,28.0,-4.400557518005371,194.75888061523438
4,3675,57.0,2.126692533493042,204.96214294433594
4,3676,22.0,-7.25150728225708,357.333251953125
4,3677,24.0,-6.942809581756592,350.6838073730469
4,3678,33.0,-5.422591686248779,203.8130340576172
4,3679,45.0,-1.2657619714736938,145.80372619628906
4,3680,45.0,-0.1036640927195549,113.54801940917969
4,3681,61.0,1.082180142402649,294.1268615722656
4,3682,28.0,-2.8888306617736816,137.13575744628906
4,3683,72.0,6.26764440536499,424.29217529296875
4,3684,60.0,3.3300609588623047,252.80523681640625
4,3685,58.0,-0.04909772425889969,257.2997131347656
4,3686,52.0,0.44486039876937866,114.74018859863281
4,3687,72.0,4.7574920654296875,559.1301879882812
4,3688,59.0,2.468082904815674,198.03045654296875
4,3689,24.0,-4.399476528167725,217.14309692382812
4,3690,27.0,-7.159346103668213,227.43414306640625
4,3691,53.0,-0.5047635436058044,139.67979431152344
4,3692,40.0,-0.8980790972709656,113.9529037475586
4,3693,66.0,4.473287105560303,276.30072021484375
4,3694,22.0,-5.364025592803955,229.1693878173828
4,3695,129.0,8.495244979858398,3166.140380859375
4,3696,74.0,4.774424076080322,485.3825988769531
4,3697,56.0,2.3667311668395996,187.53067016601562
4,3698,62.0,1.818174123764038,316.200439453125
4,3699,42.0,-2.9099912643432617,111.15888214111328
4,3700,116.0,10.980778694152832,2255.37353515625
4,3701,12.0,-5.490819454193115,457.3706359863281
4,3702,31.0,-7.745430946350098,271.2685241699219
4,3703,40.0,-2.070096254348755,108.92691040039062
4,3704,34.0,-4.258739948272705,181.44313049316406
4,3705,40.0,-0.9797417521476746,115.72095489501953
4,3706,40.0,-0.6932693719863892,111.98272705078125
4,3707,36.0,-1.0899263620376587,130.65969848632812
4,3708,73.0,8.11670207977295,525.608154296875
4,3709,61.0,3.26994252204895,291.4132995605469
4,3710,24.0,-3.5869274139404297,149.9466094970703
4,3711,70.0,5.050535202026367,584.0115966796875
4,3712,61.0,4.352226257324219,250.93519592285156
4,3713,21.0,-9.587531089782715,271.4363098144531
4,3714,48.0,1.342373013496399,133.8037567138672
4,3715,40.0,-0.37533849477767944,113.70820617675781
4,3716,31.0,-6.783095359802246,149.99185180664062
4,3717,22.0,-4.886384010314941,207.37733459472656
4,3718,14.0,-12.719322204589844,309.14556884765625
4,3719,43.0,0.9997673034667969,123.23702239990234
4,3720,25.0,-3.9155731201171875,135.02102661132812
4,3721,44.0,0.3967152237892151,120.0829849243164
4,3722,55.0,3.134120225906372,194.81419372558594
4,3723,25.0,-3.768216371536255,77.84825897216797
4,3724,41.0,-0.07882475852966309,71.666259765625
4,3725,31.0,0.19144803285598755,80.55897521972656
4,3726,67.0,2.6359102725982666,573.7288818359375
4,3727,42.0,0.13933168351650238,101.53230285644531
4,3728,42.0,0.6705145835876465,118.26085662841797
4,3729,11.0,-8.477190017700195,275.7366943359375
4,3730,65.0,3.83166241645813,398.1142272949219
4,3731,39.0,0.4667980968952179,106.96044921875
4,3732,41.0,-0.08540764451026917,92.19585418701172
4,3733,37.0,-1.108253836631775,86.56070709228516
4,3734,62.0,3.581451177597046,441.8446960449219
4,3735,41.0,0.4443383812904358,111.63243103027344
4,3736,25.0,-4.608541965484619,92.10931396484375
4,3737,41.0,0.850135862827301,92.64954376220703
4,3738,24.0,-2.078826665878296,124.0882568359375
4,3739,95.0,10.913325309753418,1258.8973388671875
4,3740,46.0,0.1420670598745346,110.1256103515625
4,3741,45.0,-0.4089101552963257,89.14280700683594
4,3742,37.0,-1.8462529182434082,78.04627227783203
4,3743,24.0,-7.390228271484375,157.7402801513672
4,3744,114.0,14.73918628692627,2161.146240234375
4,3745,21.0,-5.296302795410156,212.06048583984375
4,3746,37.0,-0.34626278281211853,93.71783447265625
4,3747,33.0,-3.3354649543762207,115.33348083496094
4,3748,45.0,2.1863155364990234,109.75276947021484
4,3749,45.0,0.4521118402481079,134.461181640625
4,3750,39.0,-0.15825319290161133,86.8868637084961
4,3751,35.0,-1.7334022521972656,79.045654296875
4,3752,75.0,3.2138102054595947,662.1638793945312
4,3753,37.0,-0.2817635238170624,100.57581329345703
4,3754,41.0,1.4092463254928589,84.49333190917969
4,3755,39.0,0.23704242706298828,105.98104858398438
4,3756,51.0,3.277827262878418,149.31654357910156
4,3757,21.0,-4.230417251586914,141.53652954101562
4,3758,29.0,-2.4919486045837402,60.54597091674805
4,3759,33.0,-3.029832124710083,60.9752082824707
4,3760,95.0,14.475341796875,1403.200927734375
4,3761,21.0,-3.1610569953918457,98.42805480957031
4,3762,13.0,-5.720093727111816,134.0143280029297
4,3763,44.0,2.5957038402557373,162.38536071777344
4,3764,35.0,-0.08030492812395096,50.08490753173828
4,3765,52.0,1.8075655698776245,230.5190887451172
4,3766,25.0,-1.3566902875900269,47.88194274902344
4,3767,63.0,5.163813591003418,540.6397705078125
4,3768,37.0,2.542966604232788,128.84564208984375
4,3769,25.0,-2.1672892570495605,69.20646667480469
4,3770,51.0,1.2032779455184937,271.3022155761719
4,3771,50.0,2.293858766555786,312.82958984375
4,3772,39.0,1.0144095420837402,85.85525512695312
4,3773,46.0,-0.05505814775824547,145.9822998046875
4,3774,45.0,1.5890908241271973,80.53182983398438
4,3775,31.0,-1.5416055917739868,53.74168014526367
4,3776,26.0,-0.9253895878791809,49.13699722290039
4,3777,42.0,1.7274601459503174,130.98707580566406
4,3778,49.0,3.406543254852295,126.73719787597656
4,3779,45.0,1.3567588329315186,105.38125610351562
4,3780,31.0,-2.280513048171997,89.13268280029297
4,3781,32.0,-3.7058401107788086,71.17816162109375
4,3782,42.0,0.41368308663368225,113.04269409179688
4,3783,38.0,0.05730747804045677,59.436561584472656
4,3784,46.0,-0.6891128420829773,150.6540985107422
4,3785,100.0,12.10364818572998,1407.2696533203125
4,3786,25.0,-4.533811092376709,157.27159118652344
4,3787,28.0,-0.9702416062355042,88.0556640625
4,3788,38.0,-2.6951541900634766,94.97696685791016
4,3789,76.0,8.87710952758789,530.2415161132812
4,3790,27.0,-5.599390983581543,121.2208251953125
4,3791,60.0,3.491100549697876,244.24673461914062
4,3792,25.0,-2.85174560546875,118.24697875976562
4,3793,33.0,-2.0630314350128174,92.94684600830078
4,3794,41.0,-0.4876096546649933,106.79281616210938
4,3795,53.0,2.422828435897827,195.9310302734375
4,3796,26.0,-2.2136852741241455,83.92414093017578
4,3797,26.0,-4.571165561676025,126.94120025634766
4,3798,67.0,6.33036994934082,582.256591796875
4,3799,61.0,4.216940402984619,300.9431457519531
4,3800,34.0,-1.5817136764526367,58.89845275878906
4,3801,32.0,-3.4190845489501953,75.25609588623047
4,3802,38.0,-0.6190786361694336,77.01567840576172
4,3803,38.0,-1.8811269998550415,130.03611755371094
4,3804,25.0,-2.9038422107696533,90.68496704101562
4,3805,63.0,7.465123653411865,565.623291015625
4,3806,43.0,1.812203288078308,139.05123901367188
4,3807,31.0,-2.162217378616333,65.48396301269531
4,3808,15.0,-4.138967990875244,93.04212951660156
4,3809,27.0,-3.6730265617370605,69.62905883789062
4,3810,75.0,5.932629108428955,811.851806640625
4,3811,38.0,1.3714988231658936,69.39041137695312
4,3812,46.0,2.4487802982330322,202.07940673828125
4,3813,80.0,6.505268096923828,1081.1043701171875
4,3814,30.0,-1.2973387241363525,78.98717498779297
4,3815,37.0,-0.03561119735240936,57.59447479248047
4,3816,49.0,3.5033764839172363,155.5973663330078
4,3817,11.0,-5.951207160949707,224.85934448242188
4,3818,65.0,4.724720001220703,420.87335205078125
4,3819,40.0,-0.23502260446548462,105.21330261230469
4,3820,39.0,-1.0034654140472412,69.29399108886719
4,3821,39.0,-1.1631172895431519,106.83715057373047
4,3822,73.0,5.872493267059326,688.4788818359375
4,3823,49.0,0.05873821675777435,169.54234313964844
4,3824,36.0,-1.9890629053115845,73.73063659667969
4,3825,17.0,-7.247591495513916,166.56060791015625
4,3826,55.0,3.7767109870910645,221.7142791748047
4,3827,53.0,2.562171220779419,153.11708068847656
4,3828,97.0,8.243454933166504,1592.98193359375
4,3829,41.0,-1.7363288402557373,103.6817626953125
4,3830,57.0,5.737298011779785,310.1551513671875
4,3831,11.0,-5.8957977294921875,291.2835388183594
4,3832,80.0,6.176515102386475,811.5165405273438
4,3833,72.0,6.578907012939453,421.0865173339844
4,3834,46.0,0.6946182250976562,180.13746643066406
4,3835,43.0,0.47432741522789,129.99362182617188
4,3836,22.0,-7.878032207489014,239.26602172851562
4,3837,45.0,-0.9676493406295776,150.0396270751953
4,3838,60.0,0.7281166315078735,269.6133117675781
4,3839,51.0,0.2652701139450073,137.64137268066406
4,3840,80.0,1.9919345378875732,756.7996826171875
4,3841,31.0,-11.29997444152832,335.5710144042969
4,3842,77.0,2.974709987640381,710.074951171875
4,3843,24.0,-4.030423641204834,241.09494018554688
4,3844,91.0,5.4529008865356445,1062.575927734375
4,3845,72.0,4.708910942077637,384.392822265625
4,3846,24.0,-6.266261577606201,343.3071594238281
4,3847,36.0,0.31862354278564453,217.88104248046875
4,3848,41.0,-4.215184211730957,161.8103485107422
4,3849,41.0,-1.8804101943969727,140.59298706054688
4,3850,47.0,-0.47011059522628784,129.39781188964844
4,3851,40.0,-2.694016695022583,133.48587036132812
4,3852,26.0,-3.8697876930236816,220.15895080566406
4,3853,51.0,0.4488725960254669,124.29386138916016
4,3854,43.0,0.5050361156463623,103.2713851928711
4,3855,13.0,-6.359625816345215,257.93212890625
4,3856,25.0,-2.734532117843628,123.69393920898438
4,3857,36.0,-2.6517462730407715,85.89234924316406
4,3858,66.0,3.2459774017333984,495.2180480957031
4,3859,71.0,7.798539638519287,532.0818481445312
4,3860,49.0,3.3212461471557617,142.24710083007812
4,3861,72.0,9.11642074584961,559.9428100585938
4,3862,56.0,5.534910202026367,269.70465087890625
4,3863,49.0,0.2624853849411011,207.55050659179688
4,3864,54.0,3.81768536567688,245.69342041015625
4,3865,31.0,-2.7069005966186523,99.082763671875
4,3866,23.0,-3.1728813648223877,117.28278350830078
4,3867,13.0,-4.658013820648193,146.15826416015625
4,3868,31.0,-3.120767593383789,60.2120361328125
4,3869,56.0,2.796274423599243,244.0078887939453
4,3870,50.0,3.9365148544311523,220.19711303710938
4,3871,84.0,13.302892684936523,889.8942260742188
4,3872,45.0,0.6721171140670776,125.1064224243164
4,3873,49.0,0.8917103409767151,281.9502868652344
4,3874,48.0,0.9662386775016785,140.415283203125
4,3875,34.0,-2.4721643924713135,72.03335571289062
4,3876,108.0,10.977340698242188,2106.81396484375
4,3877,35.0,-1.5637797117233276,84.10719299316406
4,3878,23.0,-5.918676376342773,147.63250732421875
4,3879,27.0,-3.3326492309570312,97.2630844116211
4,3880,12.0,-7.976117134094238,238.61244201660156
4,3881,27.0,-3.377708911895752,90.70781707763672
4,3882,51.0,1.5441417694091797,144.5740966796875
4,3883,57.0,5.838637351989746,308.55072021484375
4,3884,42.0,-0.2064589560031891,90.91763305664062
4,3885,103.0,7.1519365310668945,1951.9964599609375
4,3886,48.0,1.5743037462234497,113.74276733398438
4,3887,29.0,-3.680529832839966,115.10426330566406
4,3888,39.0,-1.0283944606781006,61.34418869018555
4,3889,38.0,0.0716266930103302,58.6939811706543
4,3890,67.0,6.31394624710083,523.947998046875
4,3891,65.0,1.7015007734298706,461.8280029296875
4,3892,65.0,5.72749137878418,388.2787170410156
4,3893,29.0,-1.6743817329406738,82.31901550292969
4,3894,30.0,-3.2054288387298584,77.38143920898438
4,3895,33.0,-0.7957499027252197,91.23774719238281
4,3896,75.0,4.843071460723877,754.41552734375
4,3897,71.0,6.818795204162598,627.3287353515625
4,3898,32.0,-2.0369393825531006,77.92884826660156
4,3899,47.0,2.9071505069732666,133.6219482421875
4,3900,28.0,-2.587677240371704,81.3514633178711
4,3901,75.0,11.1431884765625,683.078857421875
4,3902,28.0,-2.335153102874756,89.7271499633789
4,3903,35.0,-0.35559672117233276,51.68244934082031
4,3904,41.0,0.7737812399864197,76.03131103515625
4,3905,26.0,-5.156290054321289,100.34474182128906
4,3906,24.0,-2.9489991664886475,101.10438537597656
4,3907,57.0,3.2141923904418945,347.00457763671875
4,3908,54.0,4.026668071746826,250.1779327392578
4,3909,28.0,-1.7153960466384888,52.10172653198242
4,3910,37.0,-1.0232609510421753,83.39544677734375
4,3911,45.0,1.804800271987915,96.5713882446289
4,3912,51.0,2.525779962539673,183.730224609375
4,3913,42.0,1.2706371545791626,120.27027893066406
4,3914,56.0,3.153989553451538,332.0008239746094
4,3915,23.0,-4.241914749145508,109.48372650146484
4,3916,25.0,-2.6674373149871826,96.42716979980469
4,3917,71.0,6.609434604644775,603.2665405273438
4,3918,14.0,-6.557804107666016,138.29115295410156
4,3919,46.0,1.8796218633651733,169.49073791503906
4,3920,24.0,-6.411802291870117,87.30323028564453
4,3921,11.0,-11.44101619720459,258.6069030761719
4,3922,42.0,-0.3772715628147125,147.20169067382812
4,3923,78.0,7.935507297515869,757.875244140625
4,3924,41.0,0.14878390729427338,79.77885437011719
4,3925,58.0,3.731388568878174,289.127197265625
4,3926,53.0,3.731942892074585,262.5155944824219
4,3927,28.0,-4.470165729522705,111.58364868164062
4,3928,46.0,3.6769986152648926,147.64471435546875
4,3929,59.0,3.302020788192749,301.4483337402344
4,3930,110.0,15.030550003051758,2356.768310546875
4,3931,13.0,-5.063492774963379,272.94781494140625
4,3932,28.0,-6.586308479309082,137.4917449951172
4,3933,25.0,-4.728302001953125,148.23065185546875
4,3934,23.0,-3.1234750747680664,133.96665954589844
4,3935,29.0,-0.9249898195266724,102.5011215209961
4,3936,94.0,9.485422134399414,1229.77880859375
4,3937,25.0,-5.586179256439209,139.3361358642578
4,3938,24.0,-5.286797523498535,140.6532440185547
4,3939,29.0,-4.246746063232422,110.68507385253906
4,3940,30.0,-0.43581244349479675,69.70049285888672
4,3941,29.0,-0.7714778184890747,54.90363693237305
4,3942,37.0,-0.22803561389446259,60.45851516723633
4,3943,53.0,1.1932005882263184,256.6920166015625
4,3944,12.0,-3.3614614009857178,137.54148864746094
4,3945,61.0,8.97464370727539,402.18804931640625
4,3946,31.0,-2.3253376483917236,75.07830047607422
4,3947,53.0,1.3018993139266968,316.9703063964844
4,3948,80.0,5.463045120239258,1074.3629150390625
4,3949,49.0,3.5694093704223633,352.7633056640625
4,3950,45.0,2.88698148727417,173.98619079589844
4,3951,34.0,-0.004089042544364929,49.2110481262207
4,3952,30.0,-0.3215400278568268,91.45650482177734
4,3953,52.0,5.451962471008301,264.2583923339844
4,3954,32.0,-0.6262573599815369,41.766395568847656
4,3955,47.0,1.3221290111541748,196.20921325683594
4,3956,24.0,-5.129133701324463,115.46881866455078
4,3957,28.0,-0.7839376330375671,54.522403717041016
4,3958,37.0,-0.21570047736167908,58.80193328857422
4,3959,53.0,3.82537579536438,194.37384033203125
4,3960,27.0,-2.5472185611724854,72.31131744384766
4,3961,22.0,-3.2740392684936523,113.09104919433594
4,3962,44.0,1.8922834396362305,159.3754119873047
4,3963,28.0,-0.2557266056537628,67.77497100830078
4,3964,39.0,-1.6972447633743286,67.01221466064453
4,3965,73.0,6.057038307189941,803.383544921875
4,3966,53.0,4.263188362121582,267.87689208984375
4,3967,52.0,1.5790656805038452,243.2311553955078
4,3968,40.0,1.1402039527893066,111.30318450927734
4,3969,49.0,0.5701285004615784,202.17413330078125
4,3970,64.0,4.060344219207764,465.2973327636719
4,3971,43.0,-0.9438732266426086,164.83729553222656
4,3972,39.0,-0.28777211904525757,99.54298400878906
4,3973,43.0,1.0712729692459106,99.12926483154297
4,3974,21.0,-7.249265193939209,215.0418701171875
4,3975,49.0,1.6051844358444214,125.99285125732422
4,3976,22.0,-4.9292731285095215,177.8980255126953
4,3977,43.0,0.3363824784755707,95.84688568115234
4,3978,20.0,-5.392825126647949,241.4350128173828
4,3979,28.0,-4.517825603485107,124.40172576904297
4,3980,18.0,-2.9759531021118164,149.20199584960938
4,3981,47.0,2.7902071475982666,149.81846618652344
4,3982,29.0,-1.1330029964447021,95.4655990600586
4,3983,42.0,0.3724775016307831,80.18732452392578
4,3984,63.0,3.762104034423828,281.54876708984375
4,3985,41.0,0.08273006975650787,88.2159194946289
4,3986,39.0,1.7016679048538208,85.96472930908203
4,3987,46.0,1.51069974899292,133.47789001464844
4,3988,21.0,-4.065753936767578,169.80384826660156
4,3989,45.0,1.026354193687439,131.28228759765625
4,3990,42.0,-1.9983199834823608,113.84394836425781
4,3991,63.0,5.343912601470947,325.871826171875
4,3992,25.0,-3.3038313388824463,111.21894836425781
4,3993,68.0,4.911434173583984,550.890869140625
4,3994,51.0,1.2669572830200195,155.14134216308594
4,3995,34.0,-1.4680495262145996,80.98408508300781
4,3996,57.0,3.430248975753784,244.55731201171875
4,3997,23.0,-1.892911672592163,89.56464385986328
4,3998,41.0,0.13096697628498077,109.03564453125
4,3999,71.0,6.011085510253906,537.0003662109375
4,4000,48.0,2.2056779861450195,105.86830139160156
4,4001,30.0,-6.241506099700928,99.11978149414062
4,4002,25.0,-2.3067240715026855,118.9572982788086
4,4003,82.0,6.612103462219238,1007.3983764648438
4,4004,78.0,5.528985500335693,757.8501586914062
4,4005,53.0,1.2604151964187622,183.75270080566406
4,4006,42.0,-0.4426261782646179,117.64423370361328
4,4007,62.0,4.651506423950195,289.98187255859375
4,4008,62.0,4.389511585235596,229.0450897216797
4,4009,60.0,3.148638963699341,201.1916046142578
4,4010,94.0,9.469757080078125,1306.7127685546875
4,4011,38.0,-2.061815023422241,116.92507934570312
4,4012,31.0,-1.551504373550415,150.6549072265625
4,4013,62.0,4.640661716461182,315.3539733886719
4,4014,26.0,-3.3560636043548584,176.9542236328125
4,4015,51.0,0.6119897961616516,148.3174591064453
4,4016,40.0,-0.45246464014053345,143.81451416015625
4,4017,39.0,-2.2300734519958496,153.4317626953125
4,4018,36.0,-4.671170711517334,162.5131072998047
4,4019,44.0,-3.9406256675720215,205.2472381591797
4,4020,40.0,-0.8150058388710022,131.66078186035156
4,4021,81.0,5.748625755310059,638.010009765625
4,4022,40.0,-3.64823579788208,134.72145080566406
4,4023,49.0,0.5359387397766113,116.39825439453125
4,4024,71.0,3.1761722564697266,431.71759033203125
4,4025,63.0,4.802399158477783,245.15940856933594
4,4026,12.0,-4.609640598297119,298.1376953125
4,4027,22.0,-4.751384258270264,225.94569396972656
4,4028,11.0,-8.945504188537598,311.9160461425781
4,4029,60.0,3.081956624984741,366.2165832519531
4,4030,38.0,-1.9240660667419434,106.40050506591797
4,4031,49.0,2.1803195476531982,223.98678588867188
4,4032,72.0,4.048461437225342,517.3261108398438
4,4033,44.0,-1.2199723720550537,75.77198791503906
4,4034,36.0,-1.7508786916732788,79.26237487792969
4,4035,63.0,6.059658527374268,286.06964111328125
4,4036,40.0,0.665336012840271,113.39974212646484
4,4037,72.0,5.930178642272949,597.5580444335938
4,4038,46.0,2.2800495624542236,144.10243225097656
4,4039,78.0,6.924224376678467,676.6837158203125
4,4040,50.0,0.06279212981462479,148.90567016601562
4,4041,67.0,6.994767665863037,398.8648681640625
4,4042,49.0,1.6392449140548706,118.58179473876953
4,4043,41.0,0.07769528031349182,117.94695281982422
4,4044,50.0,0.3812856376171112,218.17984008789062
4,4045,45.0,0.46636390686035156,114.33588409423828
4,4046,42.0,-2.919232130050659,109.14399719238281
4,4047,27.0,-2.2569832801818848,151.3588409423828
4,4048,47.0,-2.494678258895874,142.0940399169922
4,4049,48.0,-3.5687007904052734,180.19285583496094
4,4050,118.0,11.756996154785156,1962.7501220703125
4,4051,35.0,-1.1545958518981934,133.82183837890625
4,4052,62.0,0.7625037431716919,252.87255859375
4,4053,38.0,-1.2962599992752075,116.17840576171875
4,4054,55.0,1.6205862760543823,184.9510040283203
4,4055,24.0,-4.891908168792725,178.0692901611328
4,4056,21.0,-5.224663734436035,202.04847717285156
4,4057,47.0,0.6364210844039917,102.82502746582031
4,4058,36.0,-2.7900404930114746,98.68938446044922
4,4059,56.0,3.9213433265686035,157.59129333496094
4,4060,40.0,-1.8067448139190674,97.87711334228516
4,4061,34.0,-3.1709794998168945,102.02439880371094
4,4062,40.0,1.325366735458374,92.1979751586914
4,4063,42.0,-0.09313958883285522,143.87017822265625
4,4064,60.0,4.238334655761719,305.4244079589844
4,4065,62.0,3.950561285018921,471.0964050292969
4,4066,12.0,-6.170836925506592,172.90382385253906
4,4067,121.0,17.631338119506836,2544.61865234375
4,4068,48.0,2.281655788421631,115.30009460449219
4,4069,24.0,-4.777591228485107,81.46602630615234
4,4070,37.0,-0.6794727444648743,61.280601501464844
4,4071,39.0,0.0365736186504364,118.68446350097656
4,4072,41.0,0.9604630470275879,81.5495834350586
4,4073,46.0,2.4739041328430176,105.04278564453125
4,4074,25.0,-3.8019087314605713,122.42227935791016
4,4075,60.0,2.7479043006896973,327.37469482421875
4,4076,26.0,-2.662057638168335,99.86719512939453
4,4077,23.0,-4.947345733642578,133.73834228515625
4,4078,41.0,0.3790057897567749,64.15161895751953
4,4079,40.0,0.26952481269836426,138.35316467285156
4,4080,60.0,2.427704334259033,444.8653564453125
4,4081,30.0,-2.7915594577789307,68.60700988769531
4,4082,54.0,4.51058292388916,170.0913543701172
4,4083,52.0,3.7552099227905273,138.13404846191406
4,4084,24.0,-2.86552095413208,100.34494018554688
4,4085,46.0,1.4845020771026611,208.61314392089844
4,4086,28.0,-0.8832544088363647,74.54405212402344
4,4087,44.0,0.5261533260345459,120.6053237915039
4,4088,22.0,-3.581655263900757,126.50344848632812
4,4089,28.0,-1.038008213043213,86.60562133789062
4,4090,58.0,4.854762554168701,305.24017333984375
4,4091,97.0,9.95198917388916,1520.0496826171875
4,4092,21.0,-5.000643730163574,173.0572967529297
4,4093,78.0,5.701189994812012,739.0142822265625
4,4094,57.0,2.805208444595337,221.77792358398438
4,4095,55.0,3.4177541732788086,209.9906005859375
4,4096,31.0,-3.239666223526001,75.10154724121094
4,4097,135.0,16.066076278686523,3737.59716796875
4,4098,34.0,-1.5014277696609497,70.54728698730469
4,4099,97.0,12.704998016357422,1530.785400390625
4,4100,21.0,-6.049584865570068,203.02365112304688
4,4101,16.0,-8.438469886779785,166.91928100585938
4,4102,50.0,1.654228687286377,129.34515380859375
4,4103,78.0,8.478167533874512,759.4114379882812
4,4104,11.0,-7.049699783325195,282.17388916015625
4,4105,14.0,-8.727527618408203,257.77410888671875
4,4106,27.0,-3.6490678787231445,136.63052368164062
4,4107,50.0,-0.6071162223815918,176.88352966308594
4,4108,50.0,1.3173006772994995,116.5776596069336
4,4109,24.0,-3.3176510334014893,151.5758514404297
4,4110,30.0,-1.0671309232711792,96.13622283935547
4,4111,45.0,0.46911361813545227,132.47213745117188
4,4112,12.0,-5.791198253631592,274.9078063964844
4,4113,31.0,-2.72629976272583,81.9842529296875
4,4114,53.0,3.5581963062286377,209.59320068359375
4,4115,41.0,-0.33263134956359863,60.36019515991211
4,4116,42.0,-0.10242191702127457,80.14321899414062
4,4117,79.0,9.78569221496582,790.5481567382812
4,4118,59.0,2.22639799118042,386.6639709472656
4,4119,66.0,5.342560768127441,504.54522705078125
4,4120,26.0,-2.525796890258789,91.56039428710938
4,4121,48.0,0.9375782012939453,272.9979553222656
4,4122,78.0,6.506608009338379,814.5023193359375
4,4123,26.0,-2.3313229084014893,91.97789764404297
4,4124,37.0,-0.5653886198997498,89.80111694335938
4,4125,39.0,-0.3636104166507721,147.55494689941406
4,4126,74.0,4.87854528427124,749.8243408203125
4,4127,66.0,9.057709693908691,497.9358215332031
4,4128,31.0,-3.8755617141723633,106.96641540527344
4,4129,101.0,12.885342597961426,1488.52734375
4,4130,47.0,1.652618408203125,207.9592742919922
4,4131,44.0,-0.29102811217308044,118.5596694946289
4,4132,12.0,-3.624812126159668,270.9869079589844
4,4133,45.0,0.23740887641906738,160.59422302246094
4,4134,97.0,7.622057914733887,1408.4129638671875
4,4135,39.0,-0.27812692523002625,101.89289093017578
4,4136,49.0,1.1369341611862183,181.4806671142578
4,4137,68.0,3.7973685264587402,463.5995788574219
4,4138,36.0,-4.647490978240967,158.8529815673828
4,4139,77.0,5.582931041717529,631.531494140625
4,4140,66.0,3.0571110248565674,295.6690673828125
4,4141,23.0,-4.331432819366455,266.0245666503906
4,4142,42.0,-2.1040656566619873,168.00645446777344
4,4143,58.0,0.34277331829071045,187.8638458251953
4,4144,49.0,1.3284679651260376,158.87887573242188
4,4145,20.0,-6.403698921203613,347.12872314453125
4,4146,34.0,-3.004199981689453,177.63613891601562
4,4147,37.0,-2.5373871326446533,161.54010009765625
4,4148,71.0,4.665501594543457,372.0013732910156
4,4149,74.0,5.052134990692139,456.12841796875
4,4150,42.0,-0.9156531095504761,154.4391632080078
4,4151,14.0,-7.306635856628418,422.9235534667969
4,4152,101.0,12.376066207885742,1258.9730224609375
4,4153,56.0,1.6715008020401,175.90467834472656
4,4154,54.0,0.5986646413803101,203.21945190429688
4,4155,44.0,-1.2503963708877563,143.2296600341797
4,4156,40.0,-1.68886137008667,104.86868286132812
4,4157,30.0,-4.381153106689453,158.04974365234375
4,4158,10.0,-11.443471908569336,539.7447509765625
4,4159,38.0,-2.5241775512695312,105.46819305419922
4,4160,66.0,3.244340181350708,341.1397705078125
4,4161,33.0,-3.2218523025512695,127.4807357788086
4,4162,41.0,-1.6720019578933716,107.83450317382812
4,4163,58.0,3.281526565551758,229.72801208496094
4,4164,35.0,-1.4380303621292114,83.19730377197266
4,4165,40.0,-0.9900364875793457,78.42416381835938
4,4166,36.0,2.296271324157715,132.48170471191406
4,4167,41.0,0.04432082548737526,98.41728973388672
4,4168,40.0,1.4740196466445923,85.37570190429688
4,4169,30.0,-1.2407480478286743,82.2170181274414
4,4170,37.0,0.30796656012535095,81.90166473388672
4,4171,13.0,-4.274873733520508,143.0330352783203
4,4172,51.0,3.152740955352783,230.37661743164062
4,4173,27.0,-2.8458244800567627,74.564208984375
4,4174,34.0,0.2326011061668396,54.73040008544922
4,4175,33.0,-2.568912982940674,72.5977554321289
4,4176,66.0,7.878028392791748,494.06671142578125
4,4177,56.0,4.83572244644165,227.5321044921875
4,4178,45.0,1.962714672088623,229.10862731933594
4,4179,54.0,1.496870517730713,330.18115234375
4,4180,62.0,4.044792175292969,398.49664306640625
4,4181,37.0,-1.4048019647598267,94.5621566772461
4,4182,111.0,10.955855369567871,2422.88916015625
4,4183,28.0,-2.174669027328491,64.36511993408203
4,4184,69.0,5.3003950119018555,562.360107421875
4,4185,62.0,6.3809332847595215,368.6538391113281
4,4186,62.0,4.326389312744141,389.51971435546875
4,4187,68.0,6.396471977233887,364.71929931640625
4,4188,41.0,-0.004834629595279694,128.00306701660156
4,4189,42.0,0.16403265297412872,102.72329711914062
4,4190,55.0,4.443563461303711,210.95083618164062
4,4191,27.0,-1.7105730772018433,147.10647583007812
4,4192,51.0,1.9387050867080688,150.2749786376953
4,4193,34.0,-2.5294528007507324,127.94805145263672
4,4194,71.0,4.522128105163574,534.59765625
4,4195,48.0,0.6610647439956665,117.78591918945312
4,4196,64.0,2.020061492919922,329.3736877441406
4,4197,25.0,-8.560495376586914,237.71868896484375
4,4198,16.0,-9.205676078796387,300.1993408203125
4,4199,140.0,17.298419952392578,3549.09228515625
4,4200,24.0,-5.989363670349121,238.4604034423828
4,4201,24.0,-7.463103294372559,285.6694030761719
4,4202,89.0,9.565186500549316,724.51904296875
4,4203,31.0,-8.104395866394043,203.36793518066406
4,4204,28.0,-5.925554275512695,216.2811279296875
4,4205,51.0,0.04595060646533966,138.34071350097656
4,4206,39.0,-2.048738718032837,110.30476379394531
4,4207,40.0,-1.3460237979888916,104.46835327148438
4,4208,61.0,2.693145275115967,248.6816864013672
4,4209,18.0,-4.866889476776123,168.78306579589844
4,4210,78.0,8.255165100097656,722.5177001953125
4,4211,36.0,-1.339769721031189,117.53680419921875
4,4212,42.0,-0.7299749255180359,113.1441650390625
4,4213,74.0,7.381424903869629,525.2719116210938
4,4214,28.0,-1.968420386314392,105.27144622802734
4,4215,61.0,5.290868759155273,237.88674926757812
4,4216,35.0,-2.0286548137664795,79.94488525390625
4,4217,26.0,-2.0964767932891846,78.08343505859375
4,4218,29.0,-3.7199668884277344,75.84671020507812
4,4219,67.0,8.384328842163086,441.1123352050781
4,4220,42.0,-0.5815293788909912,103.21131134033203
4,4221,33.0,-1.464110255241394,72.95378875732422
4,4222,66.0,5.664731502532959,372.9258117675781
4,4223,59.0,4.052013397216797,290.72137451171875
4,4224,29.0,-2.4993152618408203,66.70584106445312
4,4225,33.0,-0.7465137243270874,54.626705169677734
4,4226,40.0,1.865477442741394,126.84248352050781
4,4227,46.0,3.1602678298950195,194.65557861328125
4,4228,37.0,-0.6031151413917542,99.19587707519531
4,4229,56.0,6.094625473022461,330.1300048828125
4,4230,44.0,-1.5136101245880127,128.62486267089844
4,4231,48.0,1.2464548349380493,80.0503158569336
4,4232,58.0,5.179054260253906,315.9416198730469
4,4233,43.0,1.119173526763916,126.45902252197266
4,4234,40.0,-0.7700585126876831,108.84920501708984
4,4235,63.0,6.188691139221191,436.8050537109375
4,4236,76.0,8.85181713104248,475.6947937011719
4,4237,51.0,-0.07862316071987152,140.07772827148438
4,4238,40.0,-0.3300197124481201,111.90100860595703
4,4239,57.0,1.1851952075958252,212.0542449951172
4,4240,83.0,7.5724968910217285,784.2037963867188
4,4241,40.0,-0.7435574531555176,105.71488952636719
4,4242,49.0,-0.017863154411315918,106.34171295166016
4,4243,120.0,16.21156883239746,2216.940185546875
4,4244,56.0,2.2686920166015625,214.40286254882812
4,4245,87.0,9.384949684143066,855.4698486328125
4,4246,24.0,-7.514865398406982,416.4834289550781
4,4247,41.0,-0.5941376686096191,191.03421020507812
4,4248,41.0,-6.0001678466796875,194.61085510253906
4,4249,16.0,-16.375930786132812,645.1412963867188
4,4250,63.0,0.3604808747768402,192.1116943359375
4,4251,12.0,-14.37690544128418,630.0765991210938
4,4252,27.0,-2.429673433303833,238.95823669433594
4,4253,45.0,-1.5975251197814941,141.67791748046875
4,4254,47.0,-2.911501169204712,170.88792419433594
4,4255,57.0,-2.0578858852386475,232.89666748046875
4,4256,26.0,-8.147191047668457,271.0580749511719
4,4257,35.0,-5.857434272766113,149.10081481933594
4,4258,61.0,2.475353479385376,283.41900634765625
4,4259,35.0,-2.013535737991333,92.35813903808594
4,4260,25.0,-4.519843578338623,150.71392822265625
4,4261,36.0,-1.0540238618850708,117.46951293945312
4,4262,35.0,-1.6871869564056396,73.74176788330078
4,4263,64.0,2.979815721511841,382.7102355957031
4,4264,84.0,9.50146484375,897.9037475585938
4,4265,57.0,2.4039065837860107,311.5804443359375
4,4266,44.0,1.2559559345245361,131.6189727783203
4,4267,26.0,-4.571660041809082,98.42390441894531
4,4268,23.0,-2.8649303913116455,93.36292266845703
4,4269,68.0,5.624717712402344,666.0494995117188
4,4270,62.0,5.7242655754089355,343.971435546875
4,4271,41.0,0.13855060935020447,128.92520141601562
4,4272,81.0,9.875411033630371,904.5457763671875
4,4273,35.0,-1.0606229305267334,80.05655670166016
4,4274,60.0,4.137458324432373,360.9508056640625
4,4275,57.0,2.3661773204803467,238.3788299560547
4,4276,54.0,3.5353140830993652,169.44528198242188
4,4277,35.0,-1.8269850015640259,90.17572021484375
4,4278,39.0,-1.5017353296279907,107.50337219238281
4,4279,37.0,-1.1509764194488525,94.33658599853516
4,4280,37.0,-1.218277096748352,105.05059814453125
4,4281,30.0,-2.1859588623046875,101.08501434326172
4,4282,41.0,-0.9737560749053955,118.0041275024414
4,4283,77.0,8.244620323181152,561.6875
4,4284,43.0,0.479390949010849,133.06289672851562
4,4285,79.0,6.6206231117248535,780.7359008789062
4,4286,38.0,-0.09401483833789825,65.64110565185547
4,4287,86.0,7.196539402008057,1072.2275390625
4,4288,44.0,-0.03838396072387695,137.3297119140625
4,4289,23.0,-3.130223512649536,146.94235229492188
4,4290,40.0,-0.7723673582077026,85.34085083007812
4,4291,36.0,-2.294407606124878,82.01333618164062
4,4292,54.0,2.960465908050537,217.63558959960938
4,4293,78.0,9.55682373046875,764.59423828125
4,4294,36.0,-1.2220990657806396,81.48323822021484
4,4295,42.0,-0.6362906098365784,105.40596771240234
4,4296,54.0,2.7162418365478516,247.25912475585938
4,4297,12.0,-9.863571166992188,341.88946533203125
4,4298,25.0,-2.712995767593384,114.98480987548828
4,4299,55.0,2.9585418701171875,173.9547576904297
4,4300,20.0,-4.309589385986328,164.0588836669922
4,4301,34.0,-0.7676214575767517,96.57737731933594
4,4302,24.0,-2.034311056137085,104.69921112060547
4,4303,66.0,4.98137092590332,433.9527893066406
4,4304,50.0,2.6742029190063477,200.49501037597656
4,4305,72.0,4.474917411804199,629.1538696289062
4,4306,55.0,2.148090362548828,249.39834594726562
4,4307,51.0,1.0620602369308472,161.1435089111328
4,4308,28.0,-2.119824171066284,112.07979583740234
4,4309,66.0,3.910691976547241,484.8175964355469
4,4310,32.0,-2.934176445007324,100.12609100341797
4,4311,15.0,-9.644107818603516,240.5962677001953
4,4312,27.0,-2.6129391193389893,91.6611099243164
4,4313,43.0,1.8171074390411377,149.83985900878906
4,4314,56.0,4.482393264770508,268.3179016113281
4,4315,29.0,-4.84363317489624,118.59636688232422
4,4316,55.0,2.912726402282715,209.82620239257812
4,4317,43.0,1.3630753755569458,72.63150024414062
4,4318,14.0,-7.798295021057129,254.45909118652344
4,4319,67.0,4.139859676361084,385.5059509277344
4,4320,46.0,0.8677128553390503,148.57382202148438
4,4321,47.0,0.05514642968773842,146.8152313232422
4,4322,43.0,-1.2231515645980835,87.47238159179688
4,4323,33.0,-1.3456230163574219,99.7205581665039
4,4324,40.0,-0.5673813223838806,106.4294662475586
4,4325,72.0,7.644926071166992,510.4461364746094
4,4326,32.0,-4.125732421875,113.83199310302734
4,4327,48.0,2.4271719455718994,142.28549194335938
4,4328,39.0,-1.599843144416809,79.63238525390625
4,4329,39.0,-0.630426287651062,114.1459732055664
4,4330,51.0,1.7364734411239624,150.17886352539062
4,4331,51.0,3.36277437210083,172.53904724121094
4,4332,49.0,2.7615580558776855,178.09523010253906
4,4333,94.0,11.944210052490234,1113.87353515625
4,4334,39.0,-2.18157958984375,89.58514404296875
4,4335,48.0,-0.19224058091640472,113.80341339111328
4,4336,90.0,9.723837852478027,896.424560546875
4,4337,67.0,4.416492462158203,303.29901123046875
4,4338,38.0,-2.3699498176574707,114.3465576171875
4,4339,64.0,4.54317045211792,431.34686279296875
4,4340,56.0,2.642260789871216,188.4641876220703
4,4341,63.0,3.790239095687866,271.94927978515625
4,4342,28.0,-2.8950626850128174,147.78884887695312
4,4343,27.0,-5.567622661590576,201.18202209472656
4,4344,57.0,1.7791547775268555,200.70765686035156
4,4345,16.0,-13.18017864227295,369.1745910644531
4,4346,27.0,-5.424262046813965,199.11068725585938
4,4347,34.0,-3.460972785949707,156.45956420898438
4,4348,79.0,7.273865699768066,590.0077514648438
4,4349,46.0,-1.0792254209518433,150.86622619628906
4,4350,40.0,-1.1557756662368774,126.34717559814453
4,4351,65.0,1.5015546083450317,273.1695861816406
4,4352,51.0,-1.5681651830673218,165.41168212890625
4,4353,32.0,-3.5047121047973633,136.1344451904297
4,4354,36.0,-2.181633710861206,106.90621185302734
4,4355,21.0,-10.054448127746582,328.4034423828125
4,4356,85.0,8.164690017700195,935.9428100585938
4,4357,25.0,-4.300309658050537,212.62515258789062
4,4358,62.0,3.2569172382354736,322.80615234375
4,4359,24.0,-9.325501441955566,167.905029296875
4,4360,66.0,3.953155755996704,482.7539978027344
4,4361,13.0,-5.477897644042969,345.39019775390625
4,4362,80.0,7.724447727203369,636.1696166992188
4,4363,62.0,4.035353183746338,313.6410827636719
4,4364,70.0,5.01418399810791,414.6492004394531
4,4365,35.0,-3.533686637878418,151.9647216796875
4,4366,49.0,0.40089353919029236,157.60488891601562
4,4367,47.0,-0.9186063408851624,91.8766860961914
4,4368,78.0,9.09475326538086,672.35888671875
4,4369,37.0,-1.5757615566253662,89.83480834960938
4,4370,76.0,7.057294845581055,544.7965087890625
4,4371,27.0,-2.882416248321533,138.62393188476562
4,4372,19.0,-10.810916900634766,319.740966796875
4,4373,53.0,0.38375207781791687,221.2001190185547
4,4374,12.0,-6.111731052398682,319.5235290527344
4,4375,48.0,-0.44989365339279175,181.39132690429688
4,4376,55.0,3.0067636966705322,183.545654296875
4,4377,32.0,-2.0270373821258545,101.0097427368164
4,4378,45.0,-0.1365993171930313,124.09819030761719
4,4379,100.0,13.847116470336914,1430.3175048828125
4,4380,42.0,0.04595481604337692,90.02919006347656
4,4381,74.0,6.77523136138916,495.12359619140625
4,4382,36.0,-2.9864253997802734,104.84393310546875
4,4383,52.0,0.5709435343742371,155.56646728515625
4,4384,27.0,-1.5531901121139526,91.20204162597656
4,4385,62.0,6.904909610748291,369.2971496582031
4,4386,48.0,1.3768774271011353,134.2235107421875
4,4387,45.0,0.3592607080936432,136.23463439941406
4,4388,88.0,9.64769458770752,1067.97021484375
4,4389,40.0,-0.41834115982055664,88.1717529296875
4,4390,43.0,-1.5700201988220215,119.62933349609375
4,4391,43.0,-0.09623034298419952,100.99394989013672
4,4392,62.0,2.830579996109009,360.4676513671875
4,4393,54.0,1.581917405128479,207.899658203125
4,4394,57.0,1.1437299251556396,237.48948669433594
4,4395,54.0,1.543939471244812,189.57159423828125
4,4396,29.0,-6.250781536102295,158.90977478027344
4,4397,42.0,-2.817981481552124,143.69613647460938
4,4398,133.0,9.913348197937012,3099.278076171875
4,4399,57.0,1.6609467267990112,231.59507751464844
4,4400,38.0,-1.0978728532791138,120.13618469238281
4,4401,40.0,-1.6295628547668457,113.71614074707031
4,4402,25.0,-8.21972370147705,260.9980163574219
4,4403,19.0,-12.248106002807617,323.4793701171875
4,4404,56.0,2.38874888420105,232.34701538085938
4,4405,43.0,-0.5051679611206055,100.47262573242188
4,4406,71.0,5.621079444885254,487.9378662109375
4,4407,52.0,1.2350783348083496,119.59571075439453
4,4408,41.0,-1.1465332508087158,94.71233367919922
4,4409,38.0,-1.7043235301971436,116.61241912841797
4,4410,46.0,0.773274838924408,117.75125122070312
4,4411,75.0,3.917072057723999,513.3390502929688
4,4412,47.0,0.5060456991195679,110.75041198730469
4,4413,119.0,17.43122100830078,2373.538330078125
4,4414,72.0,5.872644901275635,379.6960754394531
4,4415,43.0,-0.403136283159256,112.09049987792969
4,4416,69.0,5.961828231811523,414.93951416015625
4,4417,45.0,-0.9759052991867065,86.47631072998047
4,4418,122.0,20.385812759399414,2304.7880859375
4,4419,25.0,-2.2569615840911865,191.92742919921875
4,4420,60.0,3.7862021923065186,232.67018127441406
4,4421,38.0,-3.044172763824463,152.71510314941406
4,4422,58.0,2.4357097148895264,302.8804016113281
4,4423,37.0,-1.3356964588165283,84.4382553100586
4,4424,28.0,-3.8879778385162354,137.6562042236328
4,4425,43.0,-1.2197682857513428,144.60592651367188
4,4426,22.0,-6.812188148498535,219.61279296875
4,4427,28.0,-3.571366548538208,116.45716857910156
4,4428,80.0,8.384322166442871,629.3785400390625
4,4429,43.0,-1.655826449394226,144.1105499267578
4,4430,23.0,-14.526371002197266,311.82952880859375
4,4431,81.0,5.230213165283203,779.9351806640625
4,4432,21.0,-5.245855808258057,135.64971923828125
4,4433,22.0,-6.476528167724609,218.2252960205078
4,4434,45.0,-0.5000700354576111,205.22674560546875
4,4435,51.0,1.3900374174118042,194.15029907226562
4,4436,47.0,1.1321817636489868,118.8259506225586
4,4437,79.0,6.838442325592041,732.6906127929688
4,4438,69.0,3.8823306560516357,588.0842895507812
4,4439,30.0,-3.760007619857788,108.42691040039062
4,4440,79.0,6.446384429931641,744.9385986328125
4,4441,49.0,2.27565336227417,91.04383850097656
4,4442,44.0,0.880392849445343,112.81671142578125
4,4443,48.0,1.8834924697875977,94.61508178710938
4,4444,41.0,0.2694695293903351,76.96984100341797
4,4445,65.0,4.014258861541748,341.7029113769531
4,4446,56.0,2.1905481815338135,168.6239471435547
4,4447,60.0,2.5653154850006104,273.4576110839844
4,4448,41.0,-0.3468988835811615,102.61848449707031
4,4449,41.0,-2.313619375228882,121.55323791503906
4,4450,33.0,-6.3757710456848145,177.34771728515625
4,4451,28.0,-5.120621681213379,174.53292846679688
4,4452,57.0,3.3595752716064453,318.24261474609375
4,4453,57.0,1.1414659023284912,226.4773406982422
4,4454,41.0,-3.2771530151367188,195.78399658203125
4,4455,55.0,0.9043100476264954,137.2923126220703
4,4456,83.0,9.777876853942871,568.2439575195312
4,4457,33.0,-5.29825496673584,241.35768127441406
4,4458,31.0,-2.509164333343506,137.95086669921875
4,4459,54.0,1.2255929708480835,94.99432373046875
4,4460,39.0,-0.7811342477798462,114.76205444335938
4,4461,65.0,4.113702774047852,208.9487762451172
4,4462,92.0,10.038582801818848,843.9038696289062
4,4463,55.0,0.8397794365882874,200.77268981933594
4,4464,42.0,-0.4384740889072418,123.18566131591797
4,4465,82.0,6.822569370269775,695.2159423828125
4,4466,23.0,-9.549859046936035,276.8092956542969
4,4467,14.0,-12.508471488952637,424.7198791503906
4,4468,52.0,1.200927495956421,137.56565856933594
4,4469,23.0,-4.582764148712158,295.8970642089844
4,4470,11.0,-7.103154182434082,522.0531616210938
4,4471,28.0,-4.483170032501221,216.9495086669922
4,4472,60.0,2.1392526626586914,285.7984313964844
4,4473,73.0,6.832305431365967,396.00433349609375
4,4474,27.0,-4.199580669403076,125.50816345214844
4,4475,42.0,-0.8796635270118713,135.44557189941406
4,4476,27.0,-4.677188873291016,194.08294677734375
4,4477,45.0,0.4850505590438843,151.21128845214844
4,4478,39.0,-1.2791038751602173,110.45939636230469
4,4479,41.0,-1.2724064588546753,104.63430786132812
4,4480,55.0,1.1418910026550293,173.2881317138672
4,4481,47.0,0.14875619113445282,161.34661865234375
4,4482,50.0,-1.7126368284225464,158.9907989501953
4,4483,28.0,-1.1139330863952637,48.84351348876953
4,4484,43.0,-2.8057236671447754,102.19459533691406
4,4485,91.0,10.743778228759766,1367.057373046875
4,4486,61.0,1.4890520572662354,530.5098876953125
4,4487,43.0,-1.4478601217269897,182.56101989746094
4,4488,55.0,2.602567434310913,279.38214111328125
4,4489,51.0,2.659235715866089,145.66293334960938
4,4490,76.0,5.995816707611084,608.50048828125
4,4491,25.0,-6.9050493240356445,200.350341796875
4,4492,54.0,2.947016477584839,189.232177734375
4,4493,46.0,-0.22727808356285095,152.8970489501953
4,4494,51.0,2.0588154792785645,103.07025146484375
4,4495,42.0,0.7749204635620117,134.72137451171875
4,4496,36.0,-3.286074161529541,130.8459930419922
4,4497,30.0,-2.645320415496826,83.30628967285156
4,4498,64.0,2.0450189113616943,276.0293884277344
4,4499,38.0,-3.3057548999786377,138.0324249267578
4,4500,58.0,-0.2571083903312683,270.7210693359375
4,4501,84.0,5.228595733642578,859.0440673828125
4,4502,68.0,5.3943657875061035,394.9699401855469
4,4503,68.0,4.327792167663574,430.8538513183594
4,4504,46.0,-0.49882596731185913,158.7921600341797
4,4505,53.0,-1.5049985647201538,155.82098388671875
4,4506,70.0,3.321532964706421,321.0438232421875
4,4507,60.0,2.825946569442749,233.35736083984375
4,4508,37.0,-6.3951005935668945,237.45631408691406
4,4509,83.0,6.672054767608643,453.68231201171875
4,4510,33.0,-5.231622219085693,297.81890869140625
4,4511,31.0,-3.2013649940490723,271.87054443359375
4,4512,38.0,-2.4273581504821777,193.63259887695312
4,4513,49.0,-1.4699420928955078,151.21701049804688
4,4514,26.0,-7.79902458190918,321.8538513183594
4,4515,11.0,-9.149584770202637,699.8199462890625
4,4516,44.0,-1.641216516494751,128.7126922607422
4,4517,35.0,-2.7400565147399902,218.4658203125
4,4518,64.0,4.510098457336426,230.36720275878906
4,4519,31.0,-7.793294906616211,274.500732421875
4,4520,11.0,-17.544227600097656,522.5625
4,4521,55.0,3.3147671222686768,175.32704162597656
4,4522,44.0,-0.5461010336875916,119.22013092041016
4,4523,25.0,-7.077760696411133,188.5528564453125
4,4524,68.0,5.371268272399902,320.8587646484375
4,4525,73.0,7.291365146636963,545.2213134765625
4,4526,32.0,-3.22169828414917,124.85682678222656
4,4527,35.0,-3.5043227672576904,118.65139770507812
4,4528,45.0,0.5775734186172485,141.33261108398438
4,4529,117.0,16.452552795410156,2384.995361328125
4,4530,33.0,-2.310364007949829,103.19123840332031
4,4531,23.0,-8.011436462402344,202.69114685058594
4,4532,76.0,5.176111221313477,665.3682250976562
4,4533,39.0,-0.5685564279556274,74.74458312988281
4,4534,39.0,0.197550430893898,56.11515808105469
4,4535,48.0,2.327017068862915,200.7738037109375
4,4536,68.0,9.080960273742676,478.0282287597656
4,4537,28.0,-1.0516300201416016,47.520206451416016
4,4538,21.0,-7.417381763458252,169.70689392089844
4,4539,78.0,7.091465950012207,893.4549560546875
4,4540,43.0,0.2890312075614929,146.16397094726562
4,4541,39.0,0.16732831299304962,57.26340866088867
4,4542,36.0,1.8492822647094727,82.15312194824219
4,4543,40.0,-2.506895065307617,80.52772521972656
4,4544,35.0,-4.660043716430664,90.08296966552734
4,4545,61.0,4.919937610626221,446.6533203125
4,4546,47.0,-0.11459146440029144,254.2411651611328
4,4547,53.0,2.495429754257202,220.13787841796875
4,4548,34.0,-1.0824204683303833,74.34561920166016
4,4549,35.0,-1.6099212169647217,71.62840270996094
4,4550,47.0,0.35186439752578735,207.84197998046875
4,4551,44.0,-0.3588065803050995,83.54132843017578
4,4552,44.0,-0.008152151480317116,125.644775390625
4,4553,73.0,7.4160919189453125,608.1315307617188
4,4554,60.0,2.008436918258667,277.1609191894531
4,4555,27.0,-2.187368154525757,87.86719512939453
4,4556,61.0,5.01874303817749,329.779541015625
4,4557,35.0,-1.7957364320755005,81.36062622070312
4,4558,57.0,2.1709794998168945,161.1156463623047
4,4559,53.0,2.192567825317383,215.2164306640625
4,4560,26.0,-3.5303988456726074,131.2421417236328
4,4561,13.0,-9.697556495666504,328.06585693359375
4,4562,39.0,-1.1659586429595947,95.24783325195312
4,4563,24.0,-4.505043983459473,169.9188995361328
4,4564,80.0,7.2578911781311035,929.3555908203125
4,4565,32.0,-2.0872995853424072,94.56893920898438
4,4566,39.0,-1.01381254196167,89.22992706298828
4,4567,75.0,6.885141849517822,615.0286254882812
4,4568,49.0,2.219128131866455,142.7555389404297
4,4569,28.0,-4.365537643432617,116.09166717529297
4,4570,27.0,-1.7899718284606934,105.12545013427734
4,4571,30.0,-2.6842737197875977,94.56085205078125
4,4572,80.0,9.146841049194336,881.4765014648438
4,4573,83.0,8.851186752319336,842.2318725585938
4,4574,46.0,0.7577106356620789,88.69862365722656
4,4575,49.0,2.3403079509735107,131.3408203125
4,4576,29.0,-3.838127851486206,90.21094512939453
4,4577,27.0,-2.519481658935547,100.41975402832031
4,4578,23.0,-3.8969650268554688,142.4919891357422
4,4579,46.0,-0.371824711561203,100.59725189208984
4,4580,12.0,-3.467139959335327,206.6285858154297
4,4581,52.0,3.402264356613159,174.2951202392578
4,4582,43.0,1.6496423482894897,111.45880126953125
4,4583,67.0,6.883190631866455,538.8499145507812
4,4584,74.0,5.5201096534729,729.0929565429688
4,4585,35.0,-5.244603633880615,105.92562103271484
4,4586,55.0,1.6215264797210693,279.7024841308594
4,4587,38.0,-0.0996948853135109,64.92376708984375
4,4588,58.0,0.7003838419914246,355.75079345703125
4,4589,60.0,5.50405740737915,369.950439453125
4,4590,43.0,0.4154176712036133,109.359375
4,4591,63.0,3.17543363571167,302.9627685546875
4,4592,21.0,-4.27371072769165,150.34774780273438
4,4593,42.0,0.6400634050369263,126.62153625488281
4,4594,36.0,-1.5496562719345093,83.41064453125
4,4595,29.0,-1.004064679145813,112.61241912841797
4,4596,34.0,-5.742031097412109,107.88871002197266
4,4597,31.0,-2.3639347553253174,108.4771957397461
4,4598,72.0,4.88173246383667,488.3325500488281
4,4599,36.0,-2.4358625411987305,91.92967987060547
4,4600,47.0,2.6487252712249756,150.2907257080078
4,4601,91.0,8.021038055419922,1196.81591796875
4,4602,63.0,5.2389984130859375,407.39581298828125
4,4603,78.0,5.956775665283203,668.4608764648438
4,4604,63.0,2.984271764755249,374.37750244140625
4,4605,62.0,3.094625234603882,265.6092529296875
4,4606,20.0,-5.027291297912598,235.4626007080078
4,4607,66.0,4.437967777252197,369.3835754394531
4,4608,33.0,-2.7405521869659424,108.55049133300781
4,4609,64.0,2.6028614044189453,332.1072692871094
4,4610,50.0,0.15574267506599426,169.82725524902344
4,4611,36.0,-3.495349884033203,153.21444702148438
4,4612,30.0,-4.846776008605957,182.3170928955078
4,4613,46.0,-0.2254261076450348,104.3886489868164
4,4614,52.0,-0.6370348930358887,170.73460388183594
4,4615,43.0,-0.5553675293922424,143.89852905273438
4,4616,51.0,0.5958368182182312,165.97093200683594
4,4617,50.0,-0.3257109224796295,183.10281372070312
4,4618,29.0,-4.009616851806641,129.26287841796875
4,4619,43.0,-1.8690184354782104,104.53394317626953
4,4620,141.0,20.419620513916016,3491.384521484375
4,4621,67.0,4.038087844848633,395.6520080566406
4,4622,98.0,12.18111801147461,1296.0911865234375
4,4623,19.0,-10.243122100830078,251.41375732421875
4,4624,39.0,-1.3967804908752441,131.9951171875
4,4625,48.0,-0.21150605380535126,215.76287841796875
4,4626,69.0,4.236932754516602,388.75189208984375
4,4627,35.0,-4.353039741516113,106.72560119628906
4,4628,26.0,-4.567430019378662,165.41201782226562
4,4629,30.0,-1.5427745580673218,114.27079010009766
4,4630,39.0,-1.5629931688308716,101.8064193725586
4,4631,29.0,-2.0755367279052734,107.01856231689453
4,4632,66.0,8.001502990722656,547.9632568359375
4,4633,25.0,-4.119692325592041,170.448974609375
4,4634,42.0,0.37932726740837097,121.0801010131836
4,4635,104.0,13.544424057006836,1808.842529296875
4,4636,35.0,-1.5698987245559692,92.06016540527344
4,4637,59.0,3.674900531768799,256.6104431152344
4,4638,31.0,-2.9755547046661377,85.2358169555664
4,4639,40.0,-1.0166423320770264,83.98583984375
4,4640,70.0,5.5187788009643555,592.0144653320312
4,4641,53.0,0.9194199442863464,172.46461486816406
4,4642,76.0,5.712290287017822,734.4041137695312
4,4643,79.0,8.542463302612305,755.9637451171875
4,4644,12.0,-4.605587959289551,274.6329040527344
4,4645,41.0,-0.47425752878189087,91.88327026367188
4,4646,24.0,-6.538918972015381,238.65341186523438
4,4647,41.0,-0.2454690933227539,119.7067642211914
4,4648,79.0,6.446071147918701,675.5244750976562
4,4649,67.0,5.708769798278809,368.5673828125
4,4650,21.0,-9.648248672485352,200.90777587890625
4,4651,70.0,5.758259296417236,377.3609924316406
4,4652,47.0,-0.7774743437767029,116.22858428955078
4,4653,20.0,-4.711119174957275,210.62307739257812
4,4654,36.0,-6.618016242980957,125.47550964355469
4,4655,88.0,11.999358177185059,863.0699462890625
4,4656,51.0,-0.17707018554210663,175.922119140625
4,4657,43.0,-2.0816333293914795,108.42780303955078
4,4658,127.0,11.638476371765137,3075.04248046875
4,4659,56.0,2.382633924484253,144.8118133544922
4,4660,30.0,-2.986719846725464,116.00444793701172
4,4661,39.0,-0.6509395241737366,83.86748504638672
4,4662,50.0,0.24284648895263672,157.8392791748047
4,4663,60.0,2.2222299575805664,346.25360107421875
4,4664,41.0,-0.7956131100654602,103.58563232421875
4,4665,50.0,0.7297582626342773,127.88850402832031
4,4666,29.0,-5.34752082824707,129.42921447753906
4,4667,81.0,4.370294094085693,815.9168090820312
4,4668,71.0,4.48265266418457,505.3707275390625
4,4669,60.0,3.120008707046509,271.2200927734375
4,4670,104.0,13.167859077453613,1700.22216796875
4,4671,31.0,-1.5194000005722046,131.13821411132812
4,4672,24.0,-4.891438007354736,281.9990539550781
4,4673,66.0,1.3555086851119995,364.7200927734375
4,4674,38.0,-2.7593204975128174,128.6257781982422
4,4675,67.0,3.7076094150543213,268.8157958984375
4,4676,30.0,-4.375404357910156,180.2002716064453
4,4677,41.0,-1.2721610069274902,118.0137939453125
4,4678,51.0,-4.120606422424316,206.60536193847656
4,4679,39.0,-1.730329990386963,131.65850830078125
4,4680,27.0,-2.4215991497039795,168.13693237304688
4,4681,30.0,-2.0873239040374756,129.39390563964844
4,4682,49.0,-0.955487072467804,199.2487030029297
4,4683,46.0,-0.4758111536502838,95.43510437011719
4,4684,53.0,1.0927228927612305,124.24295806884766
4,4685,29.0,-5.964234828948975,150.06520080566406
4,4686,34.0,-6.382289409637451,125.84111022949219
4,4687,144.0,26.1356258392334,3763.528564453125
4,4688,17.0,-10.356054306030273,256.2145080566406
4,4689,41.0,-0.2055271863937378,75.78446197509766
4,4690,44.0,1.7168679237365723,161.6794891357422
4,4691,41.0,-0.2726796865463257,105.89288330078125
4,4692,41.0,-0.39739173650741577,97.19731903076172
4,4693,46.0,2.2311325073242188,143.8450164794922
4,4694,54.0,3.4034698009490967,205.62432861328125
4,4695,29.0,-2.39471435546875,89.11432647705078
4,4696,52.0,0.20804381370544434,187.51918029785156
4,4697,97.0,13.046664237976074,1271.8360595703125
4,4698,41.0,0.9544569849967957,82.55533599853516
4,4699,25.0,-3.7530417442321777,108.80328369140625
4,4700,48.0,1.7535582780838013,171.6065216064453
4,4701,43.0,-0.5944584012031555,80.87662506103516
4,4702,50.0,-0.028682509437203407,147.06610107421875
4,4703,56.0,0.750206470489502,222.1419219970703
4,4704,57.0,3.7362797260284424,202.77024841308594
4,4705,22.0,-4.139355182647705,144.4261016845703
4,4706,36.0,-3.0085582733154297,107.70793914794922
4,4707,27.0,-4.258383274078369,159.33627319335938
4,4708,35.0,-3.37123441696167,140.11306762695312
4,4709,54.0,0.7629889249801636,236.21334838867188
4,4710,29.0,-3.0174455642700195,104.19683074951172
4,4711,39.0,-0.29800575971603394,106.7515640258789
4,4712,42.0,-0.4963853657245636,126.99092102050781
4,4713,25.0,-6.553984642028809,186.1116943359375
4,4714,28.0,-1.050981879234314,58.91061782836914
4,4715,28.0,-1.1210883855819702,53.417274475097656
4,4716,52.0,3.1897401809692383,181.4014892578125
4,4717,42.0,1.897088646888733,96.9280014038086
4,4718,39.0,0.5361844301223755,107.81890106201172
4,4719,60.0,4.460385799407959,438.1710510253906
4,4720,21.0,-5.5363945960998535,134.0895233154297
4,4721,70.0,5.809869766235352,648.8021240234375
4,4722,59.0,7.120729923248291,294.85528564453125
4,4723,52.0,3.6958281993865967,234.95266723632812
4,4724,12.0,-3.454893112182617,214.2928009033203
4,4725,75.0,7.877994060516357,629.8390502929688
4,4726,76.0,7.5487141609191895,809.019775390625
4,4727,43.0,0.5845329165458679,155.1692352294922
4,4728,14.0,-10.053715705871582,249.1132049560547
4,4729,46.0,-0.019217785447835922,107.90841674804688
4,4730,27.0,-5.8547773361206055,140.41537475585938
4,4731,35.0,-2.633111000061035,79.1546630859375
4,4732,81.0,7.007509708404541,823.598388671875
4,4733,29.0,-3.2772884368896484,70.43821716308594
4,4734,65.0,3.8817660808563232,442.4114990234375
4,4735,26.0,-4.946530818939209,161.7480010986328
4,4736,14.0,-9.866418838500977,245.98460388183594
4,4737,47.0,2.101670980453491,129.22926330566406
4,4738,85.0,11.0894136428833,831.961669921875
4,4739,44.0,-2.4211196899414062,153.8743133544922
4,4740,70.0,7.377387523651123,530.8224487304688
4,4741,59.0,1.5797357559204102,328.4657897949219
4,4742,52.0,1.4837675094604492,138.42361450195312
4,4743,42.0,-0.33103105425834656,109.02361297607422
4,4744,71.0,3.56736159324646,471.71148681640625
4,4745,36.0,-1.1895222663879395,108.52169036865234
4,4746,138.0,16.74587631225586,3566.721435546875
4,4747,50.0,0.3617525100708008,114.76457977294922
4,4748,48.0,0.2815219461917877,153.59307861328125
4,4749,14.0,-10.077781677246094,420.95770263671875
4,4750,35.0,-4.446588039398193,151.6873321533203
4,4751,83.0,6.464204788208008,687.28369140625
4,4752,15.0,-11.008787155151367,397.6479187011719
4,4753,37.0,-1.7517398595809937,158.50048828125
4,4754,55.0,-0.32171952724456787,151.76449584960938
4,4755,47.0,-0.5383285284042358,149.08895874023438
4,4756,116.0,14.939109802246094,2184.90234375
4,4757,24.0,-9.69900131225586,356.057373046875
4,4758,29.0,-6.472454071044922,158.4706573486328
4,4759,43.0,-1.7109705209732056,124.3164291381836
4,4760,38.0,-0.9818536043167114,135.12628173828125
4,4761,12.0,-5.195096969604492,419.89361572265625
4,4762,69.0,4.393222332000732,456.9323425292969
4,4763,52.0,2.2721285820007324,157.59335327148438
4,4764,69.0,2.1237709522247314,573.5181884765625
4,4765,40.0,0.2074667364358902,86.24830627441406
4,4766,42.0,0.6002056002616882,120.28744506835938
4,4767,50.0,-0.44725877046585083,226.9219512939453
4,4768,66.0,1.92889404296875,457.36016845703125
4,4769,45.0,1.2325164079666138,155.3165740966797
4,4770,141.0,21.54212188720703,3973.3115234375
4,4771,28.0,-7.068792819976807,218.85104370117188
4,4772,39.0,-0.5767533779144287,120.3966064453125
4,4773,17.0,-11.036171913146973,262.131103515625
4,4774,87.0,8.07734489440918,827.3853759765625
4,4775,44.0,0.16509893536567688,95.34416198730469
4,4776,126.0,13.665695190429688,2870.262939453125
4,4777,16.0,-10.495243072509766,314.6524658203125
4,4778,73.0,2.2102246284484863,586.6569213867188
4,4779,15.0,-13.118436813354492,396.0931091308594
4,4780,41.0,-1.8691884279251099,115.17374420166016
4,4781,44.0,-1.7664775848388672,140.8341522216797
4,4782,45.0,0.20533359050750732,117.1143569946289
4,4783,71.0,5.050563812255859,417.642333984375
4,4784,44.0,-2.1960129737854004,124.08744049072266
4,4785,46.0,0.7084211707115173,139.74366760253906
4,4786,74.0,6.368786811828613,617.4948120117188
4,4787,95.0,5.533812046051025,1180.2174072265625
4,4788,10.0,-16.956411361694336,525.8922119140625
4,4789,65.0,2.5812783241271973,276.2506103515625
4,4790,64.0,3.697120428085327,277.8196716308594
4,4791,29.0,-4.6273579597473145,266.3008117675781
4,4792,48.0,-0.7918986082077026,151.72488403320312
4,4793,94.0,9.110785484313965,924.1470947265625
4,4794,44.0,-0.8415661454200745,194.1292724609375
4,4795,60.0,1.9331599473953247,169.23590087890625
4,4796,117.0,17.10658836364746,1747.13720703125
4,4797,28.0,-5.68297004699707,368.5738220214844
4,4798,68.0,3.3262908458709717,294.936279296875
4,4799,28.0,-4.042248725891113,292.4790344238281
4,4800,32.0,-7.055506706237793,259.45770263671875
4,4801,47.0,-2.4217352867126465,160.38136291503906
4,4802,54.0,0.2665709853172302,156.11233520507812
4,4803,25.0,-5.186661243438721,341.3841857910156
4,4804,88.0,5.371784210205078,736.4367065429688
4,4805,30.0,-2.4927785396575928,197.53233337402344
4,4806,22.0,-10.416264533996582,427.6302185058594
4,4807,32.0,-6.430834770202637,222.78028869628906
4,4808,41.0,-7.224512100219727,192.1856231689453
4,4809,44.0,-1.8623038530349731,118.72657012939453
4,4810,54.0,1.6332162618637085,154.88287353515625
4,4811,40.0,-2.916583776473999,101.8052978515625
4,4812,24.0,-7.9810791015625,192.60836791992188
4,4813,39.0,-1.344786286354065,85.0416488647461
4,4814,67.0,3.1334195137023926,446.77362060546875
4,4815,33.0,-1.4457546472549438,109.01651763916016
4,4816,24.0,-5.8971452713012695,123.10391998291016
4,4817,25.0,-1.6425787210464478,114.55013275146484
4,4818,55.0,1.1505144834518433,284.9586486816406
4,4819,44.0,0.203947514295578,94.92496490478516
4,4820,102.0,10.123359680175781,1836.0450439453125
4,4821,65.0,3.3513190746307373,649.2879028320312
4,4822,101.0,18.627090454101562,1888.4044189453125
4,4823,34.0,-1.209716558456421,66.60831451416016
4,4824,39.0,0.0015417670365422964,110.96623229980469
4,4825,25.0,-1.9318917989730835,85.93788146972656
4,4826,69.0,6.338588714599609,659.6021118164062
4,4827,54.0,3.0492031574249268,233.70474243164062
4,4828,61.0,5.330376625061035,438.6857604980469
4,4829,110.0,16.563310623168945,1945.291259765625
4,4830,45.0,1.3923137187957764,139.91639709472656
4,4831,27.0,-1.7771142721176147,96.38031005859375
4,4832,60.0,5.364564418792725,268.6289978027344
4,4833,56.0,3.863084554672241,254.0443115234375
4,4834,42.0,-0.9601137042045593,134.83880615234375
4,4835,42.0,-2.0695996284484863,124.30462646484375
4,4836,30.0,-1.9302613735198975,94.37297821044922
4,4837,29.0,-2.330040454864502,117.62052917480469
4,4838,46.0,-0.9178033471107483,112.10635375976562
4,4839,46.0,0.3380284011363983,116.27426147460938
4,4840,36.0,-1.1851633787155151,109.03789520263672
4,4841,11.0,-7.119441509246826,370.15924072265625
4,4842,43.0,-0.4671989977359772,114.03836822509766
4,4843,35.0,-0.8286743760108948,100.98462677001953
4,4844,43.0,1.157009482383728,129.0669403076172
4,4845,42.0,-1.811354160308838,96.44489288330078
4,4846,40.0,1.0148917436599731,75.40800476074219
4,4847,21.0,-3.5928680896759033,175.84779357910156
4,4848,27.0,-2.970945119857788,85.70745086669922
4,4849,44.0,1.7963433265686035,127.16461944580078
4,4850,25.0,-5.510992527008057,119.35997772216797
4,4851,27.0,-1.9271206855773926,82.35411071777344
4,4852,36.0,-0.18446524441242218,53.90507507324219
4,4853,47.0,0.30005282163619995,173.60768127441406
4,4854,44.0,1.3863242864608765,85.47621154785156
4,4855,23.0,-3.4069983959198,79.73079681396484
4,4856,60.0,6.344254970550537,386.68280029296875
4,4857,45.0,2.2619075775146484,169.6468505859375
4,4858,51.0,4.067194938659668,215.2498779296875
4,4859,45.0,0.5980044007301331,212.42581176757812
4,4860,74.0,8.241589546203613,868.448974609375
4,4861,53.0,3.4512429237365723,264.9338073730469
4,4862,58.0,4.343400001525879,260.90185546875
4,4863,22.0,-3.8544232845306396,104.15313720703125
4,4864,64.0,3.27724289894104,527.00830078125
4,4865,39.0,0.7862213253974915,79.26696014404297
4,4866,56.0,4.00890588760376,275.43157958984375
4,4867,87.0,13.060599327087402,1130.53125
4,4868,59.0,2.306269645690918,389.9058837890625
4,4869,49.0,1.811124563217163,186.47784423828125
4,4870,64.0,5.118293285369873,297.822998046875
4,4871,22.0,-5.984409332275391,197.43389892578125
4,4872,75.0,10.098702430725098,673.1141357421875
4,4873,86.0,7.3773884773254395,942.9557495117188
4,4874,28.0,-4.766424655914307,215.14321899414062
4,4875,80.0,5.349847793579102,667.0238037109375
4,4876,83.0,5.631499290466309,723.44482421875
4,4877,47.0,-2.7015488147735596,183.77882385253906
4,4878,29.0,-7.560708522796631,324.71124267578125
4,4879,50.0,-0.5135003328323364,131.07037353515625
4,4880,33.0,-4.954665660858154,237.01669311523438
4,4881,48.0,-2.386803150177002,210.77853393554688
4,4882,92.0,7.505682468414307,760.2713623046875
4,4883,51.0,-0.9005824327468872,154.4035186767578
4,4884,56.0,1.4033267498016357,187.09783935546875
4,4885,60.0,1.1595171689987183,194.9117431640625
4,4886,34.0,-2.4516546726226807,157.6916046142578
4,4887,42.0,-3.01126766204834,134.26197814941406
4,4888,25.0,-3.6984260082244873,241.40771484375
4,4889,46.0,-1.2281845808029175,171.51278686523438
4,4890,21.0,-6.4029035568237305,338.7790222167969
4,4891,50.0,1.1841830015182495,124.08208465576172
4,4892,87.0,9.03860092163086,882.765625
4,4893,58.0,2.3383493423461914,320.1124267578125
4,4894,29.0,-7.47471284866333,165.91334533691406
4,4895,47.0,0.28014707565307617,162.011474609375
4,4896,37.0,-1.49281644821167,92.03260040283203
4,4897,39.0,-0.44499295949935913,83.45408630371094
4,4898,72.0,4.002285480499268,672.242919921875
4,4899,100.0,12.675176620483398,1697.27685546875
4,4900,50.0,1.7218017578125,116.94961547851562
4,4901,17.0,-4.586987495422363,125.86927795410156
4,4902,35.0,-3.2315402030944824,90.728759765625
4,4903,44.0,0.7210097312927246,125.62519836425781
4,4904,41.0,1.1576321125030518,111.11631774902344
4,4905,26.0,-1.420206904411316,85.23285675048828
4,4906,52.0,3.2734291553497314,146.28866577148438
4,4907,37.0,-0.372586190700531,56.176883697509766
4,4908,47.0,2.186174154281616,95.70694732666016
4,4909,65.0,3.317409038543701,450.4625549316406
4,4910,14.0,-9.991616249084473,216.438232421875
4,4911,33.0,-2.3778653144836426,92.89945220947266
4,4912,153.0,25.24530029296875,4819.05029296875
4,4913,26.0,-1.6546874046325684,79.88729095458984
4,4914,29.0,-1.3759815692901611,66.2630386352539
4,4915,45.0,0.759795069694519,184.1414794921875
4,4916,58.0,4.193077564239502,240.77487182617188
4,4917,24.0,-5.7227373123168945,115.13297271728516
4,4918,40.0,0.6855450868606567,97.63361358642578
4,4919,90.0,13.12008285522461,1061.9666748046875
4,4920,31.0,-1.8553321361541748,61.22979736328125
4,4921,106.0,13.852563858032227,1767.0640869140625
4,4922,61.0,5.952869415283203,303.244873046875
4,4923,61.0,4.254639148712158,326.9208984375
4,4924,59.0,0.5457854270935059,345.279052734375
4,4925,22.0,-5.498494625091553,165.95359802246094
4,4926,46.0,-2.055314540863037,112.71878051757812
4,4927,22.0,-6.446166515350342,248.78433227539062
4,4928,110.0,13.703365325927734,1843.788330078125
4,4929,30.0,-8.153365135192871,115.23531341552734
4,4930,54.0,1.4834483861923218,219.64013671875
4,4931,41.0,-1.6320551633834839,83.94905853271484
4,4932,70.0,5.4826788902282715,435.2442932128906
4,4933,70.0,2.0155961513519287,470.7833557128906
4,4934,25.0,-6.583873748779297,148.27325439453125
4,4935,92.0,10.806414604187012,1091.9608154296875
4,4936,33.0,-0.9948058724403381,101.50338745117188
4,4937,24.0,-4.820384979248047,194.73854064941406
4,4938,64.0,2.0195093154907227,303.6815490722656
4,4939,68.0,3.9825730323791504,435.0233459472656
4,4940,79.0,6.937880516052246,847.388427734375
4,4941,62.0,4.227484226226807,236.83815002441406
4,4942,79.0,6.845538139343262,468.19891357421875
4,4943,48.0,-0.7028754949569702,174.06529235839844
4,4944,17.0,-12.30639934539795,543.2399291992188
4,4945,72.0,4.4218244552612305,328.6125183105469
4,4946,54.0,1.149658441543579,158.94332885742188
4,4947,14.0,-9.279833793640137,503.3066101074219
4,4948,37.0,-3.3800716400146484,181.37014770507812
4,4949,28.0,-4.494429588317871,200.03036499023438
4,4950,58.0,1.404273509979248,239.4619598388672
4,4951,43.0,0.6761412024497986,145.6455841064453
4,4952,11.0,-7.8022894859313965,627.1087646484375
4,4953,125.0,19.62312126159668,2111.202392578125
4,4954,53.0,-1.1991316080093384,121.11686706542969
4,4955,44.0,-1.1947531700134277,118.24435424804688
4,4956,64.0,2.6187384128570557,224.92710876464844
4,4957,49.0,-1.06442129611969,121.44810485839844
4,4958,13.0,-8.600383758544922,460.73052978515625
4,4959,23.0,-5.690003871917725,230.61611938476562
4,4960,15.0,-10.420729637145996,451.11175537109375
4,4961,13.0,-18.323932647705078,409.27337646484375
4,4962,52.0,1.4911997318267822,140.8501739501953
4,4963,11.0,-15.986137390136719,421.3613586425781
4,4964,11.0,-14.580076217651367,398.21783447265625
4,4965,52.0,1.059023380279541,199.71888732910156
4,4966,117.0,17.154943466186523,2462.245361328125
4,4967,98.0,15.96453857421875,1224.4766845703125
4,4968,21.0,-3.207575559616089,147.9147186279297
4,4969,12.0,-4.009675979614258,269.1100158691406
4,4970,83.0,6.397943496704102,996.5575561523438
4,4971,37.0,-1.7130261659622192,79.00524139404297
4,4972,71.0,6.9297285079956055,647.1592407226562
4,4973,41.0,0.06396484375,95.01207733154297
4,4974,18.0,-4.5046000480651855,138.7749481201172
4,4975,41.0,0.12323694676160812,161.4198455810547
4,4976,35.0,-1.105982780456543,94.4141616821289
4,4977,32.0,-0.11364010721445084,74.8465805053711
4,4978,28.0,-1.7155914306640625,39.217533111572266
4,4979,42.0,0.5306292176246643,165.55702209472656
4,4980,57.0,5.335801601409912,312.2482604980469
4,4981,33.0,-2.316692352294922,64.51473236083984
4,4982,36.0,1.0025404691696167,81.39805603027344
4,4983,45.0,1.1475778818130493,193.5337371826172
4,4984,31.0,-0.7946417927742004,40.202518463134766
4,4985,14.0,-4.065194129943848,147.4116973876953
4,4986,15.0,-4.6592302322387695,124.9941177368164
4,4987,43.0,3.489224910736084,130.0886688232422
4,4988,116.0,15.48822021484375,2660.349609375
4,4989,13.0,-7.2854108810424805,178.86729431152344
4,4990,44.0,2.1916234493255615,161.46644592285156
4,4991,36.0,0.5046100616455078,37.28669357299805
4,4992,21.0,-5.489134311676025,84.6259765625
4,4993,30.0,-0.5899922251701355,37.008907318115234
4,4994,37.0,0.970460057258606,49.19615936279297
4,4995,47.0,2.7695271968841553,232.4959259033203
4,4996,65.0,6.0067033767700195,440.0078430175781
4,4997,28.0,-1.6037760972976685,48.310970306396484
4,4998,42.0,1.3983945846557617,103.84351348876953
4,4999,44.0,2.049473762512207,179.86363220214844
4,5000,37.0,-0.39283159375190735,88.76493072509766
5,5001,57.0,2.938288450241089,404.6934814453125
5,5002,47.0,1.0253875255584717,216.2742919921875
5,5003,25.0,-5.8411736488342285,137.26197814941406
5,5004,31.0,-0.5085591673851013,48.07760238647461
5,5005,50.0,3.2693934440612793,128.77757263183594
5,5006,42.0,2.295715570449829,131.53648376464844
5,5007,12.0,-4.08643102645874,281.4624328613281
5,5008,47.0,3.0688846111297607,147.8006134033203
5,5009,27.0,-2.851079225540161,75.09471130371094
5,5010,25.0,-1.6838915348052979,71.79293823242188
5,5011,11.0,-8.404654502868652,306.1685791015625
5,5012,40.0,1.016418695449829,115.12303161621094
5,5013,69.0,3.5847158432006836,612.739501953125
5,5014,38.0,-0.4581354260444641,80.53631591796875
5,5015,61.0,4.460414886474609,361.2720947265625
5,5016,44.0,0.5445529818534851,133.33197021484375
5,5017,41.0,0.8172786235809326,126.94830322265625
5,5018,66.0,4.015214920043945,468.58990478515625
5,5019,77.0,2.6578874588012695,898.8499145507812
5,5020,56.0,2.2576727867126465,203.3817596435547
5,5021,40.0,-1.999315619468689,58.865440368652344
5,5022,14.0,-11.831321716308594,263.87933349609375
5,5023,78.0,7.213752746582031,589.68505859375
5,5024,43.0,-0.5853697657585144,137.4578094482422
5,5025,26.0,-1.9977799654006958,86.3422622680664
5,5026,42.0,-0.5886379480361938,110.92412567138672
5,5027,44.0,-0.14220719039440155,111.78331756591797
5,5028,30.0,-1.1125216484069824,91.22627258300781
5,5029,41.0,-0.48128581047058105,131.58926391601562
5,5030,33.0,-2.148566961288452,103.27531433105469
5,5031,39.0,-2.4072439670562744,103.37220001220703
5,5032,42.0,-0.345215767621994,120.38168334960938
5,5033,40.0,-0.3774220645427704,66.3330078125
5,5034,72.0,2.5968284606933594,616.7175903320312
5,5035,34.0,-2.325024366378784,80.33927917480469
5,5036,34.0,-2.7598862648010254,130.7967071533203
5,5037,47.0,0.7010234594345093,110.55541229248047
5,5038,48.0,1.9996930360794067,149.34451293945312
5,5039,58.0,4.938173770904541,236.97274780273438
5,5040,45.0,0.09923814982175827,165.05136108398438
5,5041,97.0,10.037092208862305,1505.504150390625
5,5042,56.0,4.64288330078125,250.4003448486328
5,5043,30.0,-0.16019755601882935,77.36260986328125
5,5044,44.0,1.179584264755249,58.86088943481445
5,5045,12.0,-10.244771957397461,284.2012023925781
5,5046,38.0,-2.0663540363311768,83.37356567382812
5,5047,46.0,2.255265951156616,161.51429748535156
5,5048,31.0,-2.072476863861084,101.09700775146484
5,5049,13.0,-5.6126484870910645,260.7220153808594
5,5050,42.0,-0.1229299008846283,69.62324523925781
5,5051,24.0,-5.98661994934082,129.82717895507812
5,5052,38.0,-0.5354965925216675,101.52623748779297
5,5053,40.0,0.2849532961845398,113.48770141601562
5,5054,26.0,-3.7780001163482666,138.0176239013672
5,5055,45.0,0.40647152066230774,168.83815002441406
5,5056,42.0,1.3502769470214844,96.60176086425781
5,5057,22.0,-4.279947280883789,128.189208984375
5,5058,40.0,1.3245688676834106,111.33485412597656
5,5059,77.0,11.292922019958496,658.4984741210938
5,5060,29.0,-1.55916428565979,78.74658203125
5,5061,42.0,0.4733029901981354,123.9981689453125
5,5062,30.0,-1.5158183574676514,76.09315490722656
5,5063,85.0,9.64555835723877,1036.7281494140625
5,5064,52.0,2.137131690979004,246.22805786132812
5,5065,29.0,-1.6612352132797241,53.194000244140625
5,5066,40.0,0.6453572511672974,74.0058822631836
5,5067,30.0,-1.7543929815292358,56.460453033447266
5,5068,91.0,5.581371784210205,1516.8521728515625
5,5069,53.0,5.382585048675537,219.05612182617188
5,5070,29.0,-0.42795664072036743,38.75612258911133
5,5071,72.0,8.536493301391602,593.8650512695312
5,5072,47.0,0.7125938534736633,127.46308135986328
5,5073,32.0,-1.2711635828018188,62.61665344238281
5,5074,28.0,-0.5690819025039673,61.622459411621094
5,5075,32.0,-0.9469726085662842,76.71139526367188
5,5076,133.0,24.286054611206055,3415.845947265625
5,5077,35.0,-1.4353991746902466,95.01642608642578
5,5078,28.0,-3.71132493019104,91.47657775878906
5,5079,24.0,-1.7416110038757324,95.98687744140625
5,5080,53.0,3.8661510944366455,190.7494659423828
5,5081,19.0,-9.160447120666504,165.80006408691406
5,5082,89.0,9.864067077636719,1188.8135986328125
5,5083,22.0,-6.61818265914917,111.26396179199219
5,5084,27.0,-2.0845518112182617,84.24641418457031
5,5085,36.0,-0.18979042768478394,50.43243408203125
5,5086,35.0,0.7155110239982605,49.56089401245117
5,5087,134.0,25.349699020385742,3594.411865234375
5,5088,28.0,-0.3371245563030243,35.28755187988281
5,5089,60.0,7.008299350738525,325.19732666015625
5,5090,60.0,7.5687456130981445,354.6936340332031
5,5091,42.0,1.919948697090149,94.30381774902344
5,5092,25.0,-2.365516424179077,48.384376525878906
5,5093,59.0,6.255072593688965,313.9635314941406
5,5094,46.0,2.9590866565704346,146.94895935058594
5,5095,38.0,0.037144578993320465,92.3395767211914
5,5096,45.0,3.136857509613037,144.4672088623047
5,5097,12.0,-5.40979528427124,222.75152587890625
5,5098,33.0,-0.6074874997138977,83.65696716308594
5,5099,190.0,39.46750259399414,8499.509765625
5,5100,101.0,13.852794647216797,1555.1976318359375
5,5101,69.0,6.706845283508301,540.1597900390625
5,5102,45.0,1.1284267902374268,160.83213806152344
5,5103,57.0,2.9780044555664062,293.8287658691406
5,5104,45.0,0.03487694635987282,150.44891357421875
5,5105,67.0,5.382651329040527,460.7070007324219
5,5106,69.0,6.12971305847168,383.54327392578125
5,5107,13.0,-9.756189346313477,399.6614685058594
5,5108,15.0,-7.538623809814453,335.1318359375
5,5109,49.0,-0.1229107454419136,150.17922973632812
5,5110,54.0,0.13757078349590302,152.3143768310547
5,5111,55.0,0.44630658626556396,154.86134338378906
5,5112,35.0,-3.604822874069214,186.3282012939453
5,5113,41.0,-0.4847066104412079,133.38629150390625
5,5114,54.0,0.5481206178665161,187.08660888671875
5,5115,24.0,-4.577385902404785,305.25140380859375
5,5116,94.0,4.091125965118408,1158.1014404296875
5,5117,45.0,-1.5964161157608032,127.21102142333984
5,5118,64.0,2.0127933025360107,331.1241455078125
5,5119,33.0,-2.771726608276367,186.6990203857422
5,5120,50.0,0.21787726879119873,100.9034423828125
5,5121,67.0,4.5876593589782715,243.7376708984375
5,5122,52.0,1.3722734451293945,163.95330810546875
5,5123,29.0,-3.581901788711548,160.07769775390625
5,5124,43.0,-4.651144027709961,152.63046264648438
5,5125,42.0,-0.8166074156761169,108.72711181640625
5,5126,51.0,-0.8380273580551147,119.86741638183594
5,5127,40.0,-2.1445205211639404,109.08057403564453
5,5128,76.0,5.998872756958008,657.8541259765625
5,5129,39.0,-2.3155601024627686,105.61062622070312
5,5130,23.0,-5.314059734344482,153.00479125976562
5,5131,12.0,-6.0742106437683105,353.3162841796875
5,5132,28.0,-3.419140338897705,114.45419311523438
5,5133,81.0,7.825254440307617,1009.5966796875
5,5134,43.0,-0.2636122703552246,90.70533752441406
5,5135,40.0,0.16749319434165955,96.80644989013672
5,5136,75.0,4.678257465362549,771.0576782226562
5,5137,32.0,-1.5639915466308594,83.86299133300781
5,5138,50.0,0.6081402897834778,188.44248962402344
5,5139,47.0,1.9606717824935913,293.32183837890625
5,5140,56.0,3.420558452606201,314.2886962890625
5,5141,24.0,-3.8310015201568604,104.60836029052734
5,5142,85.0,9.185256004333496,1073.7669677734375
5,5143,28.0,-1.182616949081421,69.57135772705078
5,5144,71.0,7.476062297821045,564.447021484375
5,5145,43.0,0.850824773311615,66.03526306152344
5,5146,48.0,2.838167190551758,151.61480712890625
5,5147,24.0,-6.466249465942383,81.92947387695312
5,5148,25.0,-2.880535840988159,98.35951232910156
5,5149,70.0,6.275396347045898,514.5397338867188
5,5150,48.0,1.5815446376800537,122.35743713378906
5,5151,26.0,-2.566338300704956,93.72227478027344
5,5152,31.0,-1.7003514766693115,86.35702514648438
5,5153,62.0,5.267812728881836,429.0820007324219
5,5154,27.0,-3.2889366149902344,98.31505584716797
5,5155,24.0,-5.326618194580078,153.1253662109375
5,5156,44.0,1.1754130125045776,137.8218231201172
5,5157,16.0,-10.767041206359863,210.5376739501953
5,5158,52.0,2.056324005126953,146.7406768798828
5,5159,25.0,-1.947657585144043,109.37678527832031
5,5160,27.0,-5.6776275634765625,111.89872741699219
5,5161,53.0,4.297881603240967,336.10723876953125
5,5162,90.0,13.283222198486328,1278.4578857421875
5,5163,49.0,1.4587215185165405,177.79226684570312
5,5164,39.0,0.3384370803833008,70.3318862915039
5,5165,33.0,-2.5863239765167236,105.9026870727539
5,5166,43.0,1.6189652681350708,80.84716033935547
5,5167,47.0,1.7145029306411743,150.9571533203125
5,5168,63.0,6.555332183837891,385.48211669921875
5,5169,75.0,7.2857537269592285,626.4049682617188
5,5170,58.0,3.5631184577941895,313.4844970703125
5,5171,53.0,2.8281772136688232,217.82009887695312
5,5172,58.0,2.4718756675720215,327.2002868652344
5,5173,21.0,-10.718122482299805,254.49826049804688
5,5174,38.0,-1.8576669692993164,118.43460845947266
5,5175,67.0,5.880090713500977,429.9271240234375
5,5176,51.0,0.8211064338684082,218.24403381347656
5,5177,42.0,-1.512773871421814,142.783935546875
5,5178,58.0,2.96724271774292,272.31646728515625
5,5179,34.0,-1.382651686668396,135.72634887695312
5,5180,44.0,-0.7538447976112366,95.80845642089844
5,5181,27.0,-5.261777877807617,186.73501586914062
5,5182,67.0,4.093061923980713,321.13055419921875
5,5183,54.0,0.6138383746147156,133.15029907226562
5,5184,55.0,0.020957306027412415,206.87901306152344
5,5185,106.0,6.22321081161499,1724.7021484375
5,5186,53.0,1.4178146123886108,168.60606384277344
5,5187,67.0,4.134753227233887,350.2953796386719
5,5188,44.0,-0.8304430842399597,118.88768005371094
5,5189,54.0,0.1943684220314026,180.0448760986328
5,5190,28.0,-2.0371694564819336,169.6049041748047
5,5191,45.0,-1.7015631198883057,129.240478515625
5,5192,53.0,-0.33049696683883667,171.14280700683594
5,5193,12.0,-6.80515718460083,477.8614501953125
5,5194,36.0,-4.000012397766113,126.31707000732422
5,5195,46.0,-1.4300425052642822,108.02812957763672
5,5196,45.0,-5.506026268005371,168.95352172851562
5,5197,44.0,0.4555436372756958,96.58915710449219
5,5198,49.0,-0.6614030003547668,134.0742950439453
5,5199,78.0,6.867395401000977,718.0145263671875
5,5200,43.0,1.4375234842300415,145.7141876220703
5,5201,33.0,-3.5914218425750732,123.48897552490234
5,5202,41.0,-1.6316845417022705,92.558349609375
5,5203,14.0,-6.929956436157227,226.59776306152344
5,5204,35.0,0.214823380112648,90.58464050292969
5,5205,28.0,-0.8220529556274414,54.00642395019531
5,5206,41.0,-0.48756295442581177,82.0214614868164
5,5207,123.0,19.16478729248047,2768.200439453125
5,5208,44.0,1.5635355710983276,100.41327667236328
5,5209,43.0,1.4011892080307007,109.86458587646484
5,5210,61.0,7.684061050415039,381.8196105957031
5,5211,25.0,-3.375300407409668,70.42930603027344
5,5212,30.0,-2.3231794834136963,69.55152893066406
5,5213,27.0,-1.1168590784072876,78.94588470458984
5,5214,51.0,3.582968235015869,155.35227966308594
5,5215,49.0,3.4020936489105225,173.6246337890625
5,5216,39.0,0.17007993161678314,73.51797485351562
5,5217,63.0,3.504547595977783,524.3175659179688
5,5218,61.0,5.407078266143799,353.4352722167969
5,5219,75.0,7.97652530670166,839.2305297851562
5,5220,74.0,6.6901445388793945,695.9326171875
5,5221,48.0,3.107560396194458,151.14019775390625
5,5222,63.0,5.537532329559326,315.02008056640625
5,5223,15.0,-7.857284069061279,240.7572784423828
5,5224,53.0,2.827467441558838,154.6225128173828
5,5225,75.0,7.644495964050293,523.47265625
5,5226,30.0,-2.6048855781555176,104.47281646728516
5,5227,60.0,2.2187983989715576,207.35195922851562
5,5228,25.0,-4.631936073303223,207.81790161132812
5,5229,40.0,-1.885241985321045,131.14895629882812
5,5230,28.0,-5.767621994018555,174.48126220703125
5,5231,81.0,4.021266460418701,753.7612915039062
5,5232,27.0,-5.6159987449646,178.52471923828125
5,5233,26.0,-4.449166297912598,199.7486114501953
5,5234,29.0,-3.481924533843994,166.26490783691406
5,5235,31.0,-5.3919572830200195,155.2435302734375
5,5236,22.0,-11.083980560302734,319.0816650390625
5,5237,57.0,0.02743375487625599,169.7359619140625
5,5238,43.0,-0.15125885605812073,90.82353973388672
5,5239,15.0,-5.4648823738098145,237.96755981445312
5,5240,39.0,-0.36060839891433716,86.04887390136719
5,5241,26.0,-6.942025184631348,160.21176147460938
5,5242,28.0,-10.20794677734375,194.10694885253906
5,5243,73.0,7.391569137573242,570.5079345703125
5,5244,34.0,-2.353288412094116,61.344696044921875
5,5245,13.0,-14.264691352844238,249.6238250732422
5,5246,12.0,-4.029214382171631,194.35023498535156
5,5247,67.0,7.438314914703369,573.4010009765625
5,5248,47.0,3.209702730178833,157.17861938476562
5,5249,55.0,4.631887912750244,224.07716369628906
5,5250,52.0,3.435112714767456,255.5655059814453
5,5251,30.0,-0.6232163906097412,52.22554397583008
5,5252,42.0,2.1213903427124023,94.04493713378906
5,5253,69.0,3.9903526306152344,741.9498291015625
5,5254,25.0,-0.9745324850082397,48.580509185791016
5,5255,30.0,-0.4928118884563446,64.82443237304688
5,5256,56.0,5.364575386047363,305.6070251464844
5,5257,34.0,-0.5497229099273682,55.221500396728516
5,5258,38.0,1.1652699708938599,83.63417053222656
5,5259,37.0,0.5812860727310181,92.78108215332031
5,5260,36.0,0.2473422884941101,88.31720733642578
5,5261,56.0,3.646312713623047,218.80357360839844
5,5262,43.0,1.9691593647003174,156.79550170898438
5,5263,56.0,2.04679799079895,386.1805419921875
5,5264,32.0,-0.916661262512207,66.00616455078125
5,5265,71.0,2.608429431915283,749.63427734375
5,5266,18.0,-4.816154956817627,151.33848571777344
5,5267,46.0,1.6097798347473145,85.7747573852539
5,5268,69.0,6.498849868774414,369.3475341796875
5,5269,19.0,-6.764242172241211,195.45248413085938
5,5270,61.0,4.281268119812012,323.1583557128906
5,5271,15.0,-8.579998970031738,230.38174438476562
5,5272,72.0,7.2957072257995605,665.2291870117188
5,5273,34.0,-2.3099868297576904,130.26409912109375
5,5274,39.0,-0.7847586870193481,69.3946762084961
5,5275,50.0,1.6154385805130005,173.19277954101562
5,5276,51.0,2.000697612762451,158.87216186523438
5,5277,46.0,-1.0962867736816406,156.49166870117188
5,5278,41.0,0.31023967266082764,64.51937866210938
5,5279,18.0,-7.218199253082275,232.6893310546875
5,5280,35.0,-1.66756272315979,76.94255828857422
5,5281,41.0,-3.2147812843322754,110.19404602050781
5,5282,125.0,16.319828033447266,2844.6171875
5,5283,86.0,4.000201225280762,1214.5306396484375
5,5284,69.0,3.3030502796173096,525.7338256835938
5,5285,43.0,-0.5004355311393738,75.26171112060547
5,5286,22.0,-5.114498138427734,151.87738037109375
5,5287,22.0,-4.643091201782227,146.44485473632812
5,5288,42.0,-1.4435824155807495,76.37007141113281
5,5289,167.0,29.01957893371582,5953.70068359375
5,5290,29.0,-3.9530370235443115,95.96158599853516
5,5291,34.0,-0.9600557684898376,70.08757019042969
5,5292,28.0,-1.1225144863128662,85.12872314453125
5,5293,40.0,-0.5769414901733398,72.02976989746094
5,5294,19.0,-4.87748384475708,116.96746826171875
5,5295,42.0,0.6158732771873474,75.3182373046875
5,5296,60.0,1.9378334283828735,424.8827819824219
5,5297,63.0,7.2835540771484375,530.0115356445312
5,5298,43.0,0.3016798198223114,137.72512817382812
5,5299,65.0,8.932448387145996,440.5684814453125
5,5300,39.0,-0.33090871572494507,102.81777954101562
5,5301,32.0,-1.8539319038391113,59.15763854980469
5,5302,57.0,5.035920143127441,263.77935791015625
5,5303,27.0,-4.04209566116333,84.36650085449219
5,5304,33.0,-1.561110019683838,64.36155700683594
5,5305,35.0,-1.4499154090881348,80.71466064453125
5,5306,26.0,-2.894502878189087,97.57157135009766
5,5307,26.0,-6.744132995605469,151.02981567382812
5,5308,66.0,7.605895042419434,408.2686767578125
5,5309,24.0,-5.975038051605225,121.44246673583984
5,5310,32.0,-2.2215611934661865,62.17930603027344
5,5311,40.0,-0.83521968126297,131.3883056640625
5,5312,103.0,14.550174713134766,1988.6728515625
5,5313,31.0,-0.9926397204399109,68.07946014404297
5,5314,68.0,5.579102039337158,560.1766967773438
5,5315,210.0,35.427894592285156,11132.98828125
5,5316,12.0,-9.2114896774292,193.30548095703125
5,5317,55.0,6.524110794067383,345.347900390625
5,5318,49.0,3.4264028072357178,224.33352661132812
5,5319,68.0,8.034255027770996,417.6344909667969
5,5320,47.0,0.2598806917667389,205.40074157714844
5,5321,35.0,-0.13247473537921906,87.0838851928711
5,5322,30.0,-2.9638593196868896,106.90242767333984
5,5323,37.0,-1.8887382745742798,86.12713623046875
5,5324,54.0,2.5207936763763428,178.85971069335938
5,5325,47.0,2.8043456077575684,175.77674865722656
5,5326,44.0,0.7757128477096558,141.072021484375
5,5327,58.0,1.3614083528518677,246.57623291015625
5,5328,45.0,3.0210037231445312,137.56297302246094
5,5329,99.0,10.436720848083496,1265.9365234375
5,5330,87.0,10.0836181640625,915.9490356445312
5,5331,47.0,1.5062782764434814,180.15960693359375
5,5332,11.0,-5.969906806945801,448.76226806640625
5,5333,51.0,0.9750913977622986,162.4139404296875
5,5334,11.0,-5.717175006866455,481.2588806152344
5,5335,30.0,-3.9515974521636963,158.0774383544922
5,5336,40.0,-0.23601894080638885,144.84716796875
5,5337,15.0,-18.162689208984375,588.2385864257812
5,5338,25.0,-6.84194803237915,259.5247802734375
5,5339,46.0,0.9672112464904785,143.60975646972656
5,5340,35.0,-4.509747505187988,122.56558990478516
5,5341,42.0,-0.4940093457698822,106.88916015625
5,5342,35.0,-2.722726345062256,111.14389038085938
5,5343,40.0,-1.0725616216659546,141.6363525390625
5,5344,103.0,11.280013084411621,1602.356689453125
5,5345,24.0,-2.9756996631622314,132.03196716308594
5,5346,53.0,1.1039538383483887,241.12449645996094
5,5347,76.0,8.204154968261719,688.1906127929688
5,5348,42.0,0.45781534910202026,101.60728454589844
5,5349,105.0,15.368642807006836,1940.546875
5,5350,35.0,-0.8286577463150024,62.37153244018555
5,5351,38.0,-1.5596076250076294,81.66818237304688
5,5352,60.0,5.916950225830078,286.83612060546875
5,5353,69.0,3.092726230621338,503.99871826171875
5,5354,29.0,-1.2219241857528687,80.4630126953125
5,5355,85.0,8.103072166442871,1012.7279052734375
5,5356,106.0,12.903120994567871,2104.07373046875
5,5357,39.0,-0.20978783071041107,72.94792175292969
5,5358,42.0,0.7726935148239136,112.94794464111328
5,5359,43.0,-1.2664480209350586,99.3446273803711
5,5360,38.0,-3.0654118061065674,114.70097351074219
5,5361,50.0,2.2709078788757324,131.58267211914062
5,5362,43.0,-0.43754100799560547,117.47137451171875
5,5363,60.0,2.4603769779205322,431.2689514160156
5,5364,28.0,-1.1840548515319824,82.66153717041016
5,5365,42.0,1.5464304685592651,86.6976547241211
5,5366,108.0,13.600898742675781,1994.4185791015625
5,5367,84.0,9.85549545288086,701.3390502929688
5,5368,106.0,8.400824546813965,1705.7239990234375
5,5369,13.0,-10.535569190979004,379.0223388671875
5,5370,36.0,-3.6429901123046875,135.26768493652344
5,5371,47.0,-0.6194552183151245,110.58377838134766
5,5372,42.0,-0.9976418614387512,100.4792709350586
5,5373,40.0,-0.7187755107879639,108.74079895019531
5,5374,41.0,-1.9342173337936401,111.05133056640625
5,5375,58.0,2.6970155239105225,339.4585876464844
5,5376,62.0,4.34097146987915,280.993408203125
5,5377,65.0,4.09836483001709,335.5732727050781
5,5378,16.0,-10.48383903503418,271.7430419921875
5,5379,85.0,5.313726425170898,893.5419311523438
5,5380,52.0,2.467013120651245,177.90347290039062
5,5381,26.0,-3.6394736766815186,138.80154418945312
5,5382,66.0,5.2872314453125,360.5556640625
5,5383,61.0,2.0799431800842285,294.6393737792969
5,5384,71.0,4.242949962615967,515.0555419921875
5,5385,57.0,0.6196783185005188,255.34323120117188
5,5386,54.0,0.008919221349060535,215.24388122558594
5,5387,33.0,-2.1604995727539062,114.44007873535156
5,5388,39.0,-3.364112615585327,131.82363891601562
5,5389,84.0,8.168007850646973,833.8186645507812
5,5390,40.0,-3.464747428894043,160.16705322265625
5,5391,60.0,2.195542573928833,214.7349853515625
5,5392,33.0,-6.927448272705078,240.473876953125
5,5393,48.0,-0.4742543399333954,124.22760009765625
5,5394,59.0,1.5589953660964966,218.38858032226562
5,5395,23.0,-5.040430545806885,297.5736389160156
5,5396,24.0,-8.265046119689941,299.7315368652344
5,5397,54.0,0.22044427692890167,207.4751434326172
5,5398,60.0,0.6919521689414978,231.51365661621094
5,5399,55.0,0.47401389479637146,191.3007049560547
5,5400,52.0,0.45018672943115234,146.2061004638672
5,5401,39.0,-6.355192184448242,133.6640625
5,5402,46.0,-2.2345473766326904,126.67127227783203
5,5403,40.0,-3.6221420764923096,171.64111328125
5,5404,51.0,0.20453602075576782,131.11245727539062
5,5405,26.0,-3.809857130050659,188.336181640625
5,5406,68.0,4.616378307342529,298.1892395019531
5,5407,40.0,-1.9225893020629883,104.55720520019531
5,5408,65.0,4.388861179351807,279.1742248535156
5,5409,71.0,6.7141642570495605,558.0542602539062
5,5410,63.0,3.399474620819092,214.4883575439453
5,5411,63.0,4.059482097625732,422.70892333984375
5,5412,42.0,-1.8225983381271362,94.7118911743164
5,5413,33.0,-1.7941005229949951,109.93136596679688
5,5414,70.0,3.7789952754974365,454.3678283691406
5,5415,36.0,-1.5683586597442627,96.83820343017578
5,5416,47.0,1.6021140813827515,166.54908752441406
5,5417,30.0,-5.282637119293213,138.48011779785156
5,5418,59.0,3.250967502593994,263.5709533691406
5,5419,12.0,-7.7102813720703125,353.0865478515625
5,5420,107.0,12.392489433288574,1775.5860595703125
5,5421,19.0,-6.8087897300720215,332.89990234375
5,5422,69.0,5.518063068389893,445.5056457519531
5,5423,35.0,-1.2506104707717896,88.15413665771484
5,5424,69.0,2.832050085067749,481.2586669921875
5,5425,36.0,-2.365917921066284,77.46327209472656
5,5426,26.0,-1.986143946647644,99.33502197265625
5,5427,45.0,0.02819250151515007,152.49571228027344
5,5428,31.0,-1.5272245407104492,106.33361053466797
5,5429,11.0,-8.324017524719238,392.8808288574219
5,5430,48.0,3.788851499557495,197.92123413085938
5,5431,20.0,-7.669001579284668,249.34658813476562
5,5432,67.0,4.997591495513916,461.3786926269531
5,5433,45.0,-0.06464163959026337,75.77462005615234
5,5434,85.0,6.3238630294799805,1124.158203125
5,5435,41.0,0.4850800633430481,97.07254028320312
5,5436,17.0,-8.138675689697266,190.5599822998047
5,5437,76.0,7.479557037353516,621.2399291992188
5,5438,60.0,2.7840750217437744,321.7099609375
5,5439,40.0,0.6114086508750916,84.0205307006836
5,5440,64.0,4.951868534088135,304.6858215332031
5,5441,72.0,5.1892852783203125,607.6043701171875
5,5442,23.0,-5.238041400909424,172.06260681152344
5,5443,79.0,6.50497579574585,729.499267578125
5,5444,21.0,-8.103278160095215,203.9278564453125
5,5445,41.0,-2.003571033477783,177.35040283203125
5,5446,27.0,-2.913245916366577,104.11064147949219
5,5447,26.0,-4.027662754058838,114.75355529785156
5,5448,69.0,6.207399845123291,356.5077819824219
5,5449,48.0,-0.5288174152374268,157.27044677734375
5,5450,141.0,23.626083374023438,3501.42919921875
5,5451,59.0,3.0941200256347656,323.6680603027344
5,5452,34.0,-3.5173861980438232,91.15545654296875
5,5453,25.0,-4.7745842933654785,143.33279418945312
5,5454,15.0,-11.241232872009277,314.5224914550781
5,5455,63.0,3.397383689880371,411.36431884765625
5,5456,22.0,-4.6524481773376465,235.8968048095703
5,5457,30.0,-2.2383921146392822,118.4814453125
5,5458,46.0,1.3764476776123047,112.95210266113281
5,5459,43.0,0.33244189620018005,141.18849182128906
5,5460,23.0,-3.172478437423706,152.79466247558594
5,5461,24.0,-4.920768737792969,133.6516876220703
5,5462,29.0,-1.9208875894546509,58.20304489135742
5,5463,31.0,-0.3205413222312927,53.48228073120117
5,5464,29.0,-0.733808159828186,44.24470901489258
5,5465,44.0,0.4734765887260437,107.36064910888672
5,5466,11.0,-4.818218231201172,223.38876342773438
5,5467,69.0,6.535295486450195,612.913818359375
5,5468,41.0,0.8854402899742126,141.33926391601562
5,5469,31.0,-0.1447581946849823,54.44459533691406
5,5470,92.0,15.104026794433594,1188.52978515625
5,5471,39.0,-0.7648849487304688,82.02468872070312
5,5472,20.0,-2.987952709197998,97.70536041259766
5,5473,90.0,15.192272186279297,1120.61572265625
5,5474,21.0,-2.495866060256958,91.81489562988281
5,5475,37.0,-0.5080433487892151,99.21621704101562
5,5476,95.0,12.199075698852539,1871.159423828125
5,5477,51.0,4.957913398742676,333.1933898925781
5,5478,48.0,2.328403949737549,136.6188201904297
5,5479,37.0,-2.180670976638794,112.12913513183594
5,5480,48.0,1.9251856803894043,207.6763153076172
5,5481,98.0,9.210356712341309,1602.2568359375
5,5482,40.0,0.8262205123901367,62.204444885253906
5,5483,27.0,-1.484956979751587,54.365116119384766
5,5484,56.0,2.2458953857421875,351.105224609375
5,5485,27.0,-2.405491590499878,67.2591552734375
5,5486,29.0,-3.108581066131592,57.04983901977539
5,5487,45.0,0.5865445733070374,169.81820678710938
5,5488,68.0,7.270887851715088,368.6899108886719
5,5489,67.0,4.789424896240234,410.26409912109375
5,5490,37.0,-2.9995086193084717,117.55670928955078
5,5491,96.0,13.578338623046875,1257.1046142578125
5,5492,30.0,-2.0378894805908203,71.14424896240234
5,5493,14.0,-6.427153587341309,261.4151611328125
5,5494,45.0,-1.4719232320785522,136.42530822753906
5,5495,60.0,4.873326301574707,249.4702606201172
5,5496,30.0,-1.0426191091537476,78.99222564697266
5,5497,44.0,0.10966778546571732,143.74652099609375
5,5498,98.0,12.569315910339355,1325.064453125
5,5499,38.0,-3.032799243927002,86.67717742919922
5,5500,40.0,-1.1417598724365234,95.27581024169922
5,5501,37.0,-2.2236320972442627,113.3530044555664
5,5502,11.0,-5.489226341247559,390.4156799316406
5,5503,37.0,-1.570243000984192,149.91673278808594
5,5504,24.0,-7.171367168426514,178.326904296875
5,5505,18.0,-15.604028701782227,261.4897766113281
5,5506,42.0,-0.7414361834526062,131.93019104003906
5,5507,41.0,0.7272838354110718,107.87423706054688
5,5508,26.0,-4.4235734939575195,87.42820739746094
5,5509,77.0,6.385052680969238,902.5205688476562
5,5510,42.0,-0.5835779905319214,115.7629623413086
5,5511,55.0,3.844486951828003,216.4908905029297
5,5512,61.0,5.427064895629883,264.8575439453125
5,5513,15.0,-4.03341817855835,172.33424377441406
5,5514,11.0,-6.349497318267822,273.3385314941406
5,5515,10.0,-9.991268157958984,307.5967102050781
5,5516,41.0,1.4733370542526245,119.35015106201172
5,5517,25.0,-2.6394598484039307,70.9854965209961
5,5518,45.0,3.5497734546661377,143.41848754882812
5,5519,60.0,4.542003631591797,294.7427673339844
5,5520,36.0,-0.1575087457895279,71.83809661865234
5,5521,52.0,3.007039785385132,167.6729278564453
5,5522,33.0,-3.6007983684539795,118.27338409423828
5,5523,11.0,-4.21872091293335,277.5656433105469
5,5524,11.0,-3.508986711502075,257.50091552734375
5,5525,35.0,-0.34972628951072693,87.73577880859375
5,5526,56.0,4.324860572814941,285.8928527832031
5,5527,36.0,-1.605601191520691,89.76181030273438
5,5528,41.0,-0.5326470136642456,124.97698974609375
5,5529,48.0,3.992548942565918,209.04530334472656
5,5530,32.0,-0.16386641561985016,62.91079330444336
5,5531,25.0,-5.395499229431152,131.52056884765625
5,5532,51.0,2.5504744052886963,150.40074157714844
5,5533,44.0,-1.1052429676055908,96.40910339355469
5,5534,25.0,-3.3437206745147705,72.35154724121094
5,5535,58.0,6.8255839347839355,371.40728759765625
5,5536,16.0,-4.45034122467041,121.98872375488281
5,5537,83.0,12.916090965270996,1079.583251953125
5,5538,21.0,-6.109551429748535,99.44943237304688
5,5539,89.0,6.362242221832275,1433.7154541015625
5,5540,22.0,-4.694723606109619,92.33324432373047
5,5541,34.0,-0.6335163116455078,62.88569259643555
5,5542,47.0,3.4401004314422607,119.49785614013672
5,5543,25.0,-1.0445075035095215,46.00370788574219
5,5544,58.0,5.736124038696289,356.22515869140625
5,5545,44.0,1.9287983179092407,127.6542739868164
5,5546,42.0,1.0814021825790405,75.19947814941406
5,5547,132.0,21.613040924072266,3516.69970703125
5,5548,27.0,-1.1873729228973389,59.182857513427734
5,5549,40.0,0.13941824436187744,107.58780670166016
5,5550,50.0,3.8282086849212646,136.96356201171875
5,5551,35.0,-1.2919118404388428,62.61960983276367
5,5552,27.0,-1.4515689611434937,66.993408203125
5,5553,53.0,2.6167914867401123,181.42027282714844
5,5554,20.0,-5.722606182098389,91.42298126220703
5,5555,47.0,0.31935781240463257,170.32815551757812
5,5556,55.0,5.488652229309082,287.3470153808594
5,5557,12.0,-6.38207483291626,204.8583526611328
5,5558,73.0,8.362030029296875,524.929931640625
5,5559,37.0,-0.4048738479614258,81.81249237060547
5,5560,27.0,-2.5892419815063477,84.46663665771484
5,5561,33.0,-0.1242617517709732,67.95185089111328
5,5562,21.0,-3.8251442909240723,135.11459350585938
5,5563,11.0,-8.314797401428223,228.2754669189453
5,5564,86.0,11.971739768981934,975.9546508789062
5,5565,44.0,0.20659871399402618,162.65736389160156
5,5566,39.0,-0.27748361229896545,99.19099426269531
5,5567,20.0,-4.07002067565918,98.17271423339844
5,5568,62.0,6.962136268615723,333.9538269042969
5,5569,39.0,-0.6224141120910645,73.0997085571289
5,5570,42.0,-0.42040595412254333,107.42552947998047
5,5571,14.0,-4.24014949798584,141.4496612548828
5,5572,14.0,-4.924135684967041,156.09312438964844
5,5573,31.0,-1.0338610410690308,67.322021484375
5,5574,16.0,-4.964083671569824,143.86256408691406
5,5575,43.0,1.803702712059021,138.27191162109375
5,5576,25.0,-3.2977941036224365,70.72713470458984
5,5577,29.0,-0.2771527171134949,48.21916198730469
5,5578,13.0,-3.0277152061462402,130.0880584716797
5,5579,28.0,0.019664740189909935,50.57423782348633
5,5580,117.0,16.0462589263916,3095.804443359375
5,5581,72.0,8.133283615112305,614.1825561523438
5,5582,109.0,22.86544418334961,2086.270751953125
5,5583,34.0,1.5009921789169312,83.60545349121094
5,5584,27.0,-3.141103744506836,46.016693115234375
5,5585,127.0,25.432518005371094,3405.012939453125
5,5586,56.0,6.755394458770752,331.06097412109375
5,5587,78.0,10.06534194946289,839.3005981445312
5,5588,65.0,6.304098129272461,618.8223266601562
5,5589,34.0,0.08550851792097092,46.25864791870117
5,5590,46.0,1.00868821144104,206.90428161621094
5,5591,70.0,7.035277366638184,525.1611328125
5,5592,54.0,0.9793312549591064,306.475830078125
5,5593,30.0,-5.00606107711792,78.92610931396484
5,5594,37.0,-0.7380241751670837,75.72117614746094
5,5595,24.0,-4.72756814956665,120.90135955810547
5,5596,31.0,-0.6892359256744385,68.2724609375
5,5597,67.0,5.934098720550537,389.336181640625
5,5598,30.0,-5.489837169647217,77.06956481933594
5,5599,41.0,0.1217174306511879,90.79549407958984
5,5600,42.0,0.2854658365249634,87.64862060546875
5,5601,68.0,4.408143043518066,536.3584594726562
5,5602,35.0,-1.761566162109375,60.10976791381836
5,5603,38.0,-1.4328570365905762,89.82669067382812
5,5604,71.0,7.733840465545654,565.308349609375
5,5605,39.0,-1.2738533020019531,89.15081024169922
5,5606,40.0,-0.35354870557785034,125.1617202758789
5,5607,41.0,-0.5587710738182068,70.8695297241211
5,5608,70.0,5.8027424812316895,587.4146728515625
5,5609,68.0,8.712469100952148,524.9608764648438
5,5610,39.0,-1.0874176025390625,84.85933685302734
5,5611,64.0,6.941666603088379,420.66741943359375
5,5612,28.0,-1.3129085302352905,81.24242401123047
5,5613,109.0,15.321516990661621,1962.0364990234375
5,5614,44.0,0.04865896701812744,147.76820373535156
5,5615,26.0,-3.276759624481201,102.80572509765625
5,5616,59.0,1.7681752443313599,302.6368713378906
5,5617,31.0,-4.006121635437012,116.89183807373047
5,5618,45.0,0.04331982508301735,156.59153747558594
5,5619,31.0,-4.218751430511475,110.90340423583984
5,5620,33.0,-2.1677439212799072,94.88286590576172
5,5621,19.0,-9.453787803649902,219.21360778808594
5,5622,37.0,-3.9170336723327637,135.93174743652344
5,5623,45.0,-0.4248228371143341,116.78723907470703
5,5624,41.0,-0.9008725881576538,119.46500396728516
5,5625,44.0,-1.6497257947921753,126.96858215332031
5,5626,57.0,5.031533718109131,296.4379577636719
5,5627,33.0,-2.4566402435302734,105.21057891845703
5,5628,46.0,2.808521032333374,162.3610076904297
5,5629,27.0,-5.149554252624512,149.59661865234375
5,5630,36.0,-0.12069550156593323,69.98973846435547
5,5631,33.0,-2.6185250282287598,83.21528625488281
5,5632,30.0,-2.9748454093933105,105.57687377929688
5,5633,67.0,7.4075541496276855,460.6192932128906
5,5634,65.0,5.585023880004883,367.0680847167969
5,5635,72.0,6.896342754364014,666.9335327148438
5,5636,48.0,1.077118992805481,171.14559936523438
5,5637,80.0,8.897134780883789,846.9920654296875
5,5638,33.0,-1.7523257732391357,61.63840103149414
5,5639,24.0,-1.807695984840393,89.88694763183594
5,5640,44.0,0.9651285409927368,161.57740783691406
5,5641,44.0,1.8110804557800293,127.95492553710938
5,5642,56.0,4.610302448272705,352.2683410644531
5,5643,52.0,1.3273268938064575,218.13571166992188
5,5644,25.0,-2.567248821258545,80.65389251708984
5,5645,66.0,7.885407447814941,480.1874694824219
5,5646,70.0,5.771152496337891,602.6875610351562
5,5647,50.0,3.4830117225646973,205.17608642578125
5,5648,33.0,-3.3007004261016846,89.29613494873047
5,5649,43.0,-0.5543034076690674,112.515869140625
5,5650,28.0,-1.1768382787704468,98.29512023925781
5,5651,39.0,-1.164873480796814,91.45140838623047
5,5652,50.0,1.5556174516677856,126.81381225585938
5,5653,27.0,-1.942026972770691,98.75411987304688
5,5654,48.0,0.3165702819824219,100.88855743408203
5,5655,27.0,-2.249168634414673,100.16114807128906
5,5656,34.0,-1.479115605354309,102.52001190185547
5,5657,55.0,1.1817104816436768,281.4449157714844
5,5658,44.0,0.15298403799533844,84.9189453125
5,5659,48.0,1.231375813484192,108.794189453125
5,5660,85.0,7.2099456787109375,869.78076171875
5,5661,39.0,-1.8487664461135864,76.79823303222656
5,5662,47.0,0.2775348722934723,98.47809600830078
5,5663,25.0,-1.6851783990859985,86.15265655517578
5,5664,79.0,6.038439750671387,814.6935424804688
5,5665,71.0,7.288614749908447,440.4266357421875
5,5666,63.0,2.941068649291992,378.3558654785156
5,5667,102.0,15.699283599853516,1598.5960693359375
5,5668,82.0,8.642057418823242,897.6466674804688
5,5669,39.0,-1.6278743743896484,95.7519760131836
5,5670,54.0,1.4147895574569702,123.68878936767578
5,5671,57.0,1.3788870573043823,182.39236450195312
5,5672,189.0,29.333003997802734,7601.30712890625
5,5673,26.0,-2.1221272945404053,140.60525512695312
5,5674,39.0,-1.004010796546936,143.13636779785156
5,5675,64.0,2.007223606109619,192.13314819335938
5,5676,27.0,-6.429556369781494,238.8453826904297
5,5677,131.0,13.852043151855469,2916.9951171875
5,5678,47.0,-0.34812137484550476,120.26657104492188
5,5679,55.0,0.6223481893539429,133.47677612304688
5,5680,37.0,-3.453458547592163,119.48712921142578
5,5681,46.0,1.102006435394287,130.21983337402344
5,5682,57.0,-0.8145488500595093,181.14395141601562
5,5683,62.0,2.2951183319091797,206.7621307373047
5,5684,39.0,-1.965580701828003,129.74327087402344
5,5685,42.0,-2.148111343383789,115.90392303466797
5,5686,47.0,-1.4653767347335815,118.39703369140625
5,5687,31.0,-4.260575294494629,169.29637145996094
5,5688,23.0,-12.688752174377441,397.3762512207031
5,5689,60.0,4.143354415893555,216.21038818359375
5,5690,56.0,1.2220134735107422,174.9235076904297
5,5691,31.0,-5.0880446434021,206.95681762695312
5,5692,69.0,5.2693963050842285,290.37945556640625
5,5693,35.0,-1.270764946937561,74.61561584472656
5,5694,36.0,-2.6788978576660156,95.3576431274414
5,5695,44.0,0.9242725372314453,160.9477996826172
5,5696,83.0,11.449714660644531,936.442626953125
5,5697,74.0,3.7460243701934814,716.34521484375
5,5698,44.0,1.6738563776016235,145.33204650878906
5,5699,46.0,2.2849886417388916,161.00729370117188
5,5700,66.0,1.3400071859359741,437.2868957519531
5,5701,32.0,-3.3993418216705322,106.91268920898438
5,5702,12.0,-4.049824237823486,328.77508544921875
5,5703,98.0,10.98715877532959,1281.74609375
5,5704,49.0,-1.1774861812591553,118.38584899902344
5,5705,77.0,5.404573440551758,612.6312866210938
5,5706,41.0,-0.3539312183856964,104.82283782958984
5,5707,20.0,-4.762362480163574,231.51580810546875
5,5708,15.0,-11.326447486877441,298.7644958496094
5,5709,31.0,-3.1197962760925293,93.79298400878906
5,5710,100.0,7.925076961517334,1581.275146484375
5,5711,61.0,3.532910108566284,367.45196533203125
5,5712,40.0,-1.2049332857131958,81.29369354248047
5,5713,60.0,3.14863657951355,242.17578125
5,5714,51.0,1.6638765335083008,126.27240753173828
5,5715,25.0,-3.8374030590057373,140.63607788085938
5,5716,35.0,-2.994828939437866,108.44554901123047
5,5717,74.0,6.442814350128174,656.4684448242188
5,5718,32.0,-3.784276008605957,106.35752868652344
5,5719,76.0,10.091238975524902,705.7894287109375
5,5720,108.0,16.48285484313965,1678.1439208984375
5,5721,87.0,9.986367225646973,833.0220336914062
5,5722,62.0,1.1266001462936401,417.8543395996094
5,5723,12.0,-9.058403968811035,352.5913391113281
5,5724,42.0,-0.3847876489162445,99.16108703613281
5,5725,29.0,-2.927973747253418,96.70246887207031
5,5726,27.0,-6.508426189422607,209.9053192138672
5,5727,83.0,7.357425212860107,931.0989990234375
5,5728,24.0,-10.849275588989258,193.44740295410156
5,5729,60.0,2.663987159729004,282.24603271484375
5,5730,36.0,-2.090139865875244,91.1681137084961
5,5731,28.0,-6.885627746582031,172.4613494873047
5,5732,49.0,1.2096389532089233,116.06656646728516
5,5733,50.0,1.76839017868042,166.70748901367188
5,5734,57.0,2.123464584350586,166.7898712158203
5,5735,28.0,-3.0393307209014893,95.15837097167969
5,5736,42.0,-4.617396831512451,175.3534698486328
5,5737,44.0,0.2195877581834793,141.09283447265625
5,5738,25.0,-6.801571846008301,165.1251220703125
5,5739,44.0,0.5482573509216309,143.43199157714844
5,5740,15.0,-8.956149101257324,250.1459197998047
5,5741,36.0,-1.4076128005981445,90.29576110839844
5,5742,27.0,-2.435697078704834,95.1941146850586
5,5743,91.0,12.020238876342773,1017.2584838867188
5,5744,19.0,-7.874843597412109,239.57525634765625
5,5745,34.0,-2.9340806007385254,80.31827545166016
5,5746,12.0,-4.235519886016846,274.6612548828125
5,5747,60.0,2.691518545150757,336.9510498046875
5,5748,45.0,-0.13468009233474731,175.3873291015625
5,5749,26.0,-1.287441372871399,55.39802932739258
5,5750,71.0,3.3534529209136963,710.5657348632812
5,5751,82.0,7.729414463043213,850.6529541015625
5,5752,59.0,2.701784610748291,390.3836364746094
5,5753,23.0,-4.261723041534424,70.060791015625
5,5754,43.0,2.122148275375366,111.12145233154297
5,5755,50.0,4.821699619293213,172.87118530273438
5,5756,14.0,-9.525449752807617,242.36181640625
5,5757,49.0,0.9041764736175537,141.07215881347656
5,5758,73.0,6.986327648162842,648.4492797851562
5,5759,39.0,-0.5345044732093811,89.02903747558594
5,5760,43.0,0.8826783299446106,128.6436004638672
5,5761,30.0,-0.7260710597038269,68.63595581054688
5,5762,87.0,4.876762390136719,1209.9017333984375
5,5763,42.0,1.0094279050827026,126.65042877197266
5,5764,90.0,8.585186958312988,1087.8936767578125
5,5765,87.0,9.647774696350098,1022.54296875
5,5766,64.0,2.6435577869415283,457.2115173339844
5,5767,64.0,0.9878273010253906,321.487060546875
5,5768,41.0,-2.5269484519958496,92.09861755371094
5,5769,23.0,-4.955366611480713,273.5553894042969
5,5770,60.0,2.6330106258392334,201.02842712402344
5,5771,24.0,-5.005107879638672,209.91078186035156
5,5772,42.0,0.7557810544967651,130.62753295898438
5,5773,29.0,-3.5037288665771484,145.4208221435547
5,5774,29.0,-4.184072971343994,185.73599243164062
5,5775,66.0,2.351201057434082,385.44866943359375
5,5776,32.0,-2.5757687091827393,154.372802734375
5,5777,29.0,-1.320241928100586,124.14351654052734
5,5778,47.0,-0.653018057346344,133.0875701904297
5,5779,54.0,1.581268310546875,197.65257263183594
5,5780,61.0,4.322639465332031,237.68336486816406
5,5781,27.0,-1.7073999643325806,137.85818481445312
5,5782,42.0,-1.4443758726119995,114.8666000366211
5,5783,76.0,6.0503363609313965,592.0523071289062
5,5784,21.0,-5.849577903747559,267.83270263671875
5,5785,50.0,1.6377507448196411,148.90516662597656
5,5786,25.0,-4.900320053100586,159.4536895751953
5,5787,62.0,3.4830164909362793,317.7235412597656
5,5788,41.0,-3.899498701095581,128.3634033203125
5,5789,62.0,1.2157247066497803,291.50274658203125
5,5790,61.0,0.9809240102767944,407.6267395019531
5,5791,42.0,0.7881708145141602,83.52935791015625
5,5792,56.0,3.1873233318328857,172.28846740722656
5,5793,26.0,-2.5223309993743896,125.63963317871094
5,5794,51.0,1.5204579830169678,222.52066040039062
5,5795,11.0,-6.162054538726807,339.5671691894531
5,5796,52.0,2.9871158599853516,174.90707397460938
5,5797,24.0,-4.04563045501709,187.7291717529297
5,5798,50.0,1.8177683353424072,134.61669921875
5,5799,79.0,6.697124481201172,610.2335815429688
5,5800,61.0,1.3853771686553955,296.8309326171875
5,5801,82.0,7.586698532104492,722.5697021484375
5,5802,12.0,-8.372486114501953,341.70574951171875
5,5803,48.0,-0.12093444913625717,132.264404296875
5,5804,69.0,6.615071773529053,403.5355224609375
5,5805,29.0,-9.069398880004883,189.00234985351562
5,5806,56.0,1.8635532855987549,137.8531494140625
5,5807,47.0,0.3734302520751953,114.23983001708984
5,5808,26.0,-3.8824288845062256,211.33924865722656
5,5809,40.0,-0.1782471239566803,112.87874603271484
5,5810,45.0,-1.6475701332092285,129.02053833007812
5,5811,48.0,-2.508419990539551,152.5734405517578
5,5812,37.0,-1.37505042552948,98.75212860107422
5,5813,25.0,-5.989821434020996,181.95523071289062
5,5814,45.0,2.304422616958618,108.40618133544922
5,5815,42.0,-0.2589817941188812,104.5103759765625
5,5816,64.0,0.9320871233940125,397.7015075683594
5,5817,33.0,-0.32019275426864624,72.06688690185547
5,5818,56.0,1.37558114528656,186.57516479492188
5,5819,68.0,6.726692199707031,512.7288818359375
5,5820,31.0,-2.1896536350250244,90.99400329589844
5,5821,29.0,-2.7592315673828125,68.94705963134766
5,5822,122.0,9.540783882141113,3000.799072265625
5,5823,38.0,-1.9719488620758057,84.91712951660156
5,5824,48.0,3.1619529724121094,217.361083984375
5,5825,67.0,6.85340690612793,394.37664794921875
5,5826,31.0,-1.3409863710403442,59.40134048461914
5,5827,40.0,-0.4946618676185608,112.69136047363281
5,5828,27.0,-1.456905484199524,96.49248504638672
5,5829,111.0,12.275927543640137,2160.498046875
5,5830,41.0,-0.028709612786769867,71.90242004394531
5,5831,29.0,-1.9032642841339111,77.47482299804688
5,5832,41.0,0.8879494667053223,74.64222717285156
5,5833,11.0,-8.278883934020996,267.7646484375
5,5834,40.0,-0.23898418247699738,131.1233367919922
5,5835,26.0,-4.827367305755615,127.13468933105469
5,5836,68.0,5.88692045211792,523.55908203125
5,5837,56.0,5.604937553405762,262.2641296386719
5,5838,25.0,-4.638167381286621,77.05194091796875
5,5839,75.0,8.804180145263672,622.8823852539062
5,5840,55.0,4.844414710998535,299.9314270019531
5,5841,35.0,-0.28785020112991333,49.44284439086914
5,5842,42.0,0.5880541801452637,152.5379180908203
5,5843,38.0,-0.6453390717506409,104.53369903564453
5,5844,56.0,3.872917652130127,301.3297424316406
5,5845,59.0,4.670140266418457,391.563720703125
5,5846,28.0,-3.5615651607513428,93.49971008300781
5,5847,30.0,-4.01578950881958,99.64754486083984
5,5848,47.0,2.5447146892547607,143.5721435546875
5,5849,57.0,1.5288381576538086,357.423095703125
5,5850,77.0,5.964937210083008,680.1027221679688
5,5851,84.0,8.18056583404541,976.8803100585938
5,5852,52.0,3.1017398834228516,115.29698944091797
5,5853,28.0,-2.592921495437622,97.84803009033203
5,5854,54.0,2.054302215576172,204.27696228027344
5,5855,42.0,0.8203588724136353,90.12020874023438
5,5856,51.0,0.06908311694860458,216.70236206054688
5,5857,52.0,2.7884130477905273,194.1501007080078
5,5858,66.0,0.910589873790741,419.4080505371094
5,5859,65.0,3.457960605621338,289.74078369140625
5,5860,37.0,-1.4939184188842773,136.82521057128906
5,5861,55.0,-0.05788460746407509,207.28245544433594
5,5862,61.0,1.4751230478286743,214.1490478515625
5,5863,42.0,0.20898346602916718,160.05215454101562
5,5864,29.0,-6.199321269989014,198.5492706298828
5,5865,71.0,4.667016983032227,379.1259460449219
5,5866,27.0,-6.263238906860352,256.64849853515625
5,5867,44.0,-5.026533603668213,176.02064514160156
5,5868,40.0,-1.3651407957077026,158.76161193847656
5,5869,58.0,-1.1003270149230957,223.6238555908203
5,5870,65.0,3.794217348098755,261.5226135253906
5,5871,29.0,-4.6691412925720215,223.45333862304688
5,5872,74.0,3.711374044418335,473.65081787109375
5,5873,29.0,-3.310159921646118,208.5756072998047
5,5874,83.0,5.381310939788818,585.2116088867188
5,5875,48.0,-0.33974945545196533,143.97711181640625
5,5876,27.0,-3.056989908218384,230.9414520263672
5,5877,27.0,-3.7041757106781006,237.7842254638672
5,5878,47.0,-0.21767157316207886,123.02527618408203
5,5879,59.0,2.0849127769470215,212.68692016601562
5,5880,31.0,-6.610377311706543,167.46812438964844
5,5881,51.0,-0.09561588615179062,151.5815887451172
5,5882,31.0,-3.945094108581543,133.62501525878906
5,5883,39.0,-2.4355108737945557,108.3460922241211
5,5884,32.0,-4.091681957244873,127.88134765625
5,5885,32.0,-4.003174304962158,124.45228576660156
5,5886,12.0,-12.504952430725098,392.50897216796875
5,5887,34.0,-2.0774948596954346,78.17013549804688
5,5888,60.0,2.9710733890533447,205.49606323242188
5,5889,126.0,14.720161437988281,3189.489990234375
5,5890,46.0,2.2314200401306152,113.53971862792969
5,5891,29.0,-1.5918108224868774,54.6482048034668
5,5892,20.0,-3.9960272312164307,111.22698211669922
5,5893,11.0,-4.543161869049072,180.68919372558594
5,5894,37.0,-1.0741372108459473,115.56489562988281
5,5895,84.0,11.049121856689453,1045.954833984375
5,5896,49.0,3.2345519065856934,199.96107482910156
5,5897,56.0,2.5014028549194336,471.5520324707031
5,5898,17.0,-4.008539199829102,65.18333435058594
5,5899,19.0,-4.2071919441223145,82.69198608398438
5,5900,25.0,-1.5057399272918701,35.303443908691406
5,5901,47.0,1.4372525215148926,165.5579376220703
5,5902,52.0,3.8051342964172363,260.0227966308594
5,5903,46.0,3.489300489425659,128.61231994628906
5,5904,31.0,-0.6266743540763855,93.32479858398438
5,5905,59.0,4.693822383880615,467.0544128417969
5,5906,41.0,1.8392086029052734,76.16634368896484
5,5907,68.0,10.158917427062988,658.18701171875
5,5908,47.0,5.069108009338379,161.72869873046875
5,5909,47.0,1.6842705011367798,179.42381286621094
5,5910,49.0,1.921194314956665,154.49465942382812
5,5911,49.0,1.7901098728179932,150.3654327392578
5,5912,40.0,0.5821424126625061,78.58568572998047
5,5913,12.0,-4.38165283203125,197.4364471435547
5,5914,96.0,12.614130020141602,1260.73486328125
5,5915,73.0,3.794558048248291,503.91363525390625
5,5916,88.0,9.696946144104004,1075.919189453125
5,5917,82.0,9.175497055053711,579.1983642578125
5,5918,78.0,7.455583095550537,527.9779663085938
5,5919,49.0,0.03921526297926903,123.1839370727539
5,5920,55.0,-0.24517866969108582,177.75985717773438
5,5921,34.0,-5.404714584350586,255.49143981933594
5,5922,70.0,4.2041754722595215,273.90228271484375
5,5923,48.0,-3.517249345779419,178.54791259765625
5,5924,65.0,2.391601324081421,254.4977264404297
5,5925,30.0,-3.078016519546509,280.2244873046875
5,5926,35.0,-2.6199095249176025,239.7806854248047
5,5927,41.0,-2.287116527557373,177.7662353515625
5,5928,70.0,1.8482651710510254,313.5421447753906
5,5929,34.0,-10.215163230895996,402.8326721191406
5,5930,56.0,-3.7192575931549072,169.4954833984375
5,5931,25.0,-3.3219316005706787,353.2971496582031
5,5932,65.0,3.5407497882843018,264.4200439453125
5,5933,36.0,-6.147446632385254,226.56903076171875
5,5934,65.0,2.2688276767730713,279.8635559082031
5,5935,47.0,-2.5116653442382812,171.85076904296875
5,5936,35.0,-5.6246538162231445,202.32601928710938
5,5937,68.0,4.723922252655029,372.9939880371094
5,5938,28.0,-1.8141636848449707,171.7335662841797
5,5939,48.0,-0.6895416975021362,131.52169799804688
5,5940,44.0,-2.879718780517578,149.36865234375
5,5941,78.0,5.62583589553833,434.5698547363281
5,5942,13.0,-14.953923225402832,438.2368469238281
5,5943,41.0,-3.8589532375335693,130.52642822265625
5,5944,98.0,14.594613075256348,1136.9671630859375
5,5945,51.0,-2.1244044303894043,206.75831604003906
5,5946,49.0,-0.17276807129383087,122.4910888671875
5,5947,65.0,1.9305309057235718,369.492431640625
5,5948,29.0,-2.8170337677001953,102.8953628540039
5,5949,32.0,-0.07643366605043411,103.88882446289062
5,5950,63.0,3.3077666759490967,379.21539306640625
5,5951,27.0,-2.170623302459717,104.84945678710938
5,5952,33.0,-3.0422003269195557,118.73723602294922
5,5953,44.0,0.03808055445551872,216.863037109375
5,5954,14.0,-11.112981796264648,283.5459899902344
5,5955,60.0,4.215684413909912,205.93592834472656
5,5956,59.0,0.6398162841796875,298.3404235839844
5,5957,67.0,5.9000701904296875,324.13018798828125
5,5958,95.0,12.073746681213379,1190.0009765625
5,5959,37.0,-2.1568973064422607,77.36251068115234
5,5960,50.0,4.416851997375488,181.21087646484375
5,5961,56.0,2.0045673847198486,268.880859375
5,5962,28.0,-3.49807071685791,112.0938720703125
5,5963,15.0,-6.843951225280762,205.27676391601562
5,5964,23.0,-8.689082145690918,203.996826171875
5,5965,28.0,-1.4989725351333618,86.2311019897461
5,5966,135.0,19.127748489379883,3761.048583984375
5,5967,31.0,-2.5023837089538574,80.18106842041016
5,5968,13.0,-4.608056545257568,196.5205535888672
5,5969,42.0,0.48896896839141846,155.71871948242188
5,5970,47.0,1.7888025045394897,99.35043334960938
5,5971,96.0,16.184179306030273,1360.2041015625
5,5972,38.0,-0.6373757719993591,67.28994750976562
5,5973,51.0,3.2120537757873535,170.7019805908203
5,5974,34.0,-3.097735643386841,69.7082290649414
5,5975,12.0,-3.3900904655456543,194.7494659423828
5,5976,67.0,5.397862434387207,446.29119873046875
5,5977,29.0,-1.6524572372436523,64.71693420410156
5,5978,84.0,10.807046890258789,979.8550415039062
5,5979,11.0,-9.546119689941406,254.25709533691406
5,5980,80.0,7.2019147872924805,801.0293579101562
5,5981,62.0,6.402530193328857,268.004638671875
5,5982,32.0,-0.021266590803861618,77.21479034423828
5,5983,65.0,4.635068416595459,496.61376953125
5,5984,48.0,2.8454840183258057,115.66626739501953
5,5985,46.0,0.25913912057876587,207.97177124023438
5,5986,109.0,19.088117599487305,1912.072998046875
5,5987,55.0,2.604135513305664,193.11549377441406
5,5988,25.0,-3.723942279815674,116.30269622802734
5,5989,62.0,1.7823486328125,296.1164855957031
5,5990,39.0,-2.696688652038574,110.05292510986328
5,5991,18.0,-8.655576705932617,333.1598815917969
5,5992,44.0,0.1030009314417839,92.9612045288086
5,5993,62.0,1.596449613571167,436.4894714355469
5,5994,45.0,0.3953070044517517,90.30022430419922
5,5995,38.0,-3.602651834487915,97.77125549316406
5,5996,41.0,0.5859185457229614,107.47125244140625
5,5997,36.0,-1.4554804563522339,88.68558502197266
5,5998,36.0,-3.8705708980560303,117.02371215820312
5,5999,49.0,1.2836803197860718,129.6091766357422
5,6000,27.0,-7.878928184509277,234.20925903320312
5,6001,94.0,14.387468338012695,1125.71533203125
5,6002,102.0,8.757946968078613,1520.616943359375
5,6003,23.0,-3.437556505203247,131.64358520507812
5,6004,79.0,9.279229164123535,637.3095703125
5,6005,56.0,2.914299488067627,269.5721130371094
5,6006,35.0,-3.6734049320220947,77.52857208251953
5,6007,43.0,-1.7011103630065918,131.35691833496094
5,6008,11.0,-6.106343746185303,331.60797119140625
5,6009,64.0,4.184834957122803,429.2387390136719
5,6010,12.0,-5.1359968185424805,285.51385498046875
5,6011,37.0,-1.6677558422088623,76.5411376953125
5,6012,26.0,-7.911844730377197,228.34170532226562
5,6013,47.0,1.3965123891830444,109.16183471679688
5,6014,73.0,8.236705780029297,452.2234802246094
5,6015,52.0,0.7926149368286133,141.26869201660156
5,6016,25.0,-1.6040581464767456,90.59989929199219
5,6017,53.0,1.0363898277282715,253.3829345703125
5,6018,26.0,-3.8129160404205322,109.97703552246094
5,6019,51.0,2.840740919113159,164.8266143798828
5,6020,26.0,-1.929226040840149,67.86481475830078
5,6021,52.0,3.2628018856048584,168.2034912109375
5,6022,43.0,0.7568324208259583,110.67089080810547
5,6023,49.0,2.906606435775757,234.68728637695312
5,6024,98.0,13.44554328918457,1462.641357421875
5,6025,44.0,1.012947678565979,88.17538452148438
5,6026,52.0,1.4865449666976929,164.56808471679688
5,6027,64.0,5.295008182525635,286.543212890625
5,6028,28.0,-8.519417762756348,149.32839965820312
5,6029,26.0,-1.7897593975067139,113.32669067382812
5,6030,44.0,0.3052496314048767,140.6536407470703
5,6031,60.0,1.6101915836334229,261.8900451660156
5,6032,62.0,4.006041049957275,249.17724609375
5,6033,106.0,18.853544235229492,1492.99169921875
5,6034,46.0,-0.058841362595558167,154.74838256835938
5,6035,29.0,-1.6449329853057861,118.70767974853516
5,6036,75.0,5.455624103546143,630.2706909179688
5,6037,78.0,4.697060585021973,638.6994018554688
5,6038,94.0,9.04916000366211,995.084716796875
5,6039,31.0,-5.452150821685791,140.638671875
5,6040,33.0,-7.98206090927124,247.4405059814453
5,6041,63.0,2.2773079872131348,264.0021057128906
5,6042,81.0,6.896461486816406,594.3695068359375
5,6043,15.0,-10.471639633178711,381.3081359863281
5,6044,41.0,-3.9314067363739014,147.98521423339844
5,6045,60.0,0.17919397354125977,295.82598876953125
5,6046,42.0,-0.8447999954223633,99.82237243652344
5,6047,38.0,-3.233665943145752,166.81410217285156
5,6048,59.0,1.2886712551116943,162.13941955566406
5,6049,31.0,-8.139100074768066,316.3117980957031
5,6050,12.0,-7.948258876800537,477.93023681640625
5,6051,71.0,3.34435772895813,414.38055419921875
5,6052,52.0,1.6554150581359863,145.8584747314453
5,6053,37.0,-1.862128734588623,103.82601165771484
5,6054,54.0,1.128501534461975,154.17539978027344
5,6055,43.0,-0.139478862285614,108.98438262939453
5,6056,52.0,0.49871039390563965,162.19752502441406
5,6057,55.0,0.5428770780563354,206.17074584960938
5,6058,43.0,-1.9216657876968384,118.66915130615234
5,6059,41.0,-0.6123775839805603,95.28660583496094
5,6060,41.0,-1.5249532461166382,95.0278091430664
5,6061,49.0,0.6706706285476685,95.52909851074219
5,6062,34.0,-2.520777702331543,94.82327270507812
5,6063,101.0,9.75930404663086,1396.6806640625
5,6064,122.0,17.00872230529785,2673.891845703125
5,6065,55.0,0.4434407353401184,268.097900390625
5,6066,73.0,7.1302080154418945,544.35986328125
5,6067,55.0,0.4867110550403595,249.29269409179688
5,6068,37.0,-1.134499192237854,88.91861724853516
5,6069,52.0,1.294171690940857,118.61245727539062
5,6070,60.0,1.9478574991226196,238.1770782470703
5,6071,22.0,-4.689351558685303,186.42965698242188
5,6072,30.0,-5.598939418792725,141.496826171875
5,6073,63.0,2.2400052547454834,350.42877197265625
5,6074,40.0,-2.798393964767456,123.48918914794922
5,6075,33.0,-4.686699867248535,150.88099670410156
5,6076,67.0,5.168886184692383,299.0993347167969
5,6077,10.0,-10.629562377929688,436.34600830078125
5,6078,42.0,-0.4581523835659027,172.7415771484375
5,6079,47.0,1.720155119895935,146.98019409179688
5,6080,35.0,-1.920672059059143,89.75349426269531
5,6081,50.0,-1.2877857685089111,145.47943115234375
5,6082,40.0,-2.004199266433716,92.08016967773438
5,6083,65.0,5.262843132019043,361.7113037109375
5,6084,13.0,-7.511593341827393,259.8392639160156
5,6085,83.0,8.882861137390137,823.5387573242188
5,6086,31.0,-4.752161502838135,118.69348907470703
5,6087,46.0,-0.9806507229804993,84.63751220703125
5,6088,21.0,-4.142760276794434,155.8802490234375
5,6089,80.0,9.565023422241211,691.0669555664062
5,6090,68.0,6.0773024559021,555.18896484375
5,6091,31.0,-2.3869810104370117,69.73957824707031
5,6092,38.0,-1.3153843879699707,93.44694519042969
5,6093,33.0,-2.337139368057251,77.03590393066406
5,6094,43.0,-0.01269287709146738,148.697509765625
5,6095,51.0,2.205655336380005,287.0918273925781
5,6096,25.0,-5.169017791748047,105.37745666503906
5,6097,13.0,-4.077914237976074,157.07449340820312
5,6098,27.0,-2.228588104248047,76.30075073242188
5,6099,49.0,2.6372666358947754,172.96176147460938
5,6100,41.0,0.5086238384246826,100.56430053710938
5,6101,42.0,1.7697370052337646,126.14590454101562
5,6102,25.0,-3.6375582218170166,76.31634521484375
5,6103,18.0,-4.950607776641846,91.81861877441406
5,6104,29.0,-1.224392056465149,70.20065307617188
5,6105,30.0,-1.1583176851272583,79.99198150634766
5,6106,68.0,4.291529178619385,666.6768798828125
5,6107,32.0,-1.192732572555542,61.385555267333984
5,6108,114.0,15.898908615112305,2341.549072265625
5,6109,28.0,-0.1213826984167099,59.639583587646484
5,6110,67.0,8.010276794433594,390.27899169921875
5,6111,23.0,-4.079586982727051,79.15570831298828
5,6112,44.0,3.805767297744751,168.6010284423828
5,6113,38.0,0.22344355285167694,71.33704376220703
5,6114,42.0,1.6965837478637695,96.66854858398438
5,6115,134.0,19.64275550842285,3759.8837890625
5,6116,78.0,11.01785659790039,763.2110595703125
5,6117,14.0,-6.007848739624023,148.0624237060547
5,6118,42.0,2.1957571506500244,77.97761535644531
5,6119,28.0,-5.284931182861328,139.14898681640625
5,6120,52.0,5.653608798980713,303.68267822265625
5,6121,38.0,-0.4869595170021057,114.92776489257812
5,6122,34.0,-1.211266040802002,68.33643341064453
5,6123,25.0,-2.4505016803741455,86.09381103515625
5,6124,42.0,2.9001967906951904,88.89244079589844
5,6125,40.0,0.5211827754974365,86.65727996826172
5,6126,47.0,0.6620872020721436,216.73956298828125
5,6127,24.0,-3.333350896835327,101.3624267578125
5,6128,26.0,-3.4763729572296143,101.44941711425781
5,6129,10.0,-11.272884368896484,375.6259460449219
5,6130,31.0,-0.7425736784934998,73.55646514892578
5,6131,29.0,-1.8644429445266724,68.14199829101562
5,6132,41.0,1.3892287015914917,84.3027114868164
5,6133,34.0,-0.9553763270378113,67.85859680175781
5,6134,31.0,-1.4919122457504272,52.51601791381836
5,6135,59.0,4.205048084259033,423.3396911621094
5,6136,50.0,4.074191570281982,237.33206176757812
5,6137,49.0,2.8476569652557373,126.63677215576172
5,6138,82.0,12.618300437927246,941.2464599609375
5,6139,49.0,3.539459466934204,161.9451446533203
5,6140,40.0,1.2835992574691772,111.57194519042969
5,6141,16.0,-2.9957146644592285,83.76134490966797
5,6142,62.0,5.591389179229736,437.92578125
5,6143,24.0,-3.330531597137451,91.00436401367188
5,6144,38.0,-0.6670911908149719,80.38813781738281
5,6145,28.0,-0.9654029011726379,67.5299072265625
5,6146,84.0,9.605827331542969,944.3722534179688
5,6147,138.0,20.060571670532227,3820.238037109375
5,6148,27.0,-4.5684919357299805,109.73709106445312
5,6149,31.0,-3.3047361373901367,102.4299545288086
5,6150,125.0,22.793806076049805,2814.157958984375
5,6151,40.0,-0.16550686955451965,113.77241516113281
5,6152,48.0,1.1563855409622192,213.18313598632812
5,6153,77.0,7.310103893280029,820.6709594726562
5,6154,71.0,7.041831016540527,626.7894287109375
5,6155,14.0,-6.475633144378662,209.69952392578125
5,6156,63.0,7.195627689361572,378.5476989746094
5,6157,12.0,-5.033260822296143,312.1748962402344
5,6158,12.0,-4.9313554763793945,310.1134033203125
5,6159,68.0,5.446077823638916,463.01055908203125
5,6160,37.0,-1.0142356157302856,96.21308898925781
5,6161,48.0,0.8922252058982849,227.51516723632812
5,6162,63.0,2.455014944076538,337.721435546875
5,6163,53.0,1.3882949352264404,165.93092346191406
5,6164,40.0,1.0867023468017578,100.36506652832031
5,6165,29.0,-1.478031873703003,113.98068237304688
5,6166,37.0,-2.44885516166687,120.7260971069336
5,6167,52.0,3.292571783065796,143.6732177734375
5,6168,28.0,-2.7521800994873047,117.5849380493164
5,6169,56.0,1.7999696731567383,195.2415313720703
5,6170,38.0,-0.6921262145042419,79.47016143798828
5,6171,21.0,-7.809924125671387,247.1142578125
5,6172,20.0,-8.18704605102539,257.2229919433594
5,6173,60.0,4.690939903259277,324.703125
5,6174,65.0,4.427601337432861,261.3059387207031
5,6175,43.0,0.33493533730506897,82.13294219970703
5,6176,47.0,0.8026155829429626,148.33164978027344
5,6177,44.0,0.6479302048683167,111.98062133789062
5,6178,75.0,6.309681415557861,575.5836791992188
5,6179,36.0,-3.168458938598633,113.13724517822266
5,6180,64.0,4.706528186798096,263.3266296386719
5,6181,23.0,-6.971408367156982,143.45176696777344
5,6182,60.0,8.07310676574707,313.7550964355469
5,6183,34.0,-5.025874614715576,109.84512329101562
5,6184,13.0,-4.9027180671691895,333.8712463378906
5,6185,108.0,12.99848747253418,1899.810546875
5,6186,78.0,7.127557754516602,614.8416137695312
5,6187,29.0,-5.412905216217041,184.6639404296875
5,6188,24.0,-6.114637851715088,224.62135314941406
5,6189,47.0,2.635707378387451,123.48306274414062
5,6190,41.0,0.24022340774536133,82.41056060791016
5,6191,12.0,-4.1146955490112305,340.859375
5,6192,69.0,7.738927364349365,440.9267883300781
5,6193,56.0,1.8453820943832397,151.92018127441406
5,6194,37.0,-2.273679733276367,80.45674133300781
5,6195,12.0,-3.835012197494507,308.4570617675781
5,6196,75.0,5.974579811096191,531.6338500976562
5,6197,23.0,-7.693429470062256,207.69097900390625
5,6198,34.0,-2.7432844638824463,94.59097290039062
5,6199,53.0,4.179689884185791,183.40065002441406
5,6200,63.0,5.208096981048584,253.10133361816406
5,6201,44.0,0.26835203170776367,104.73548889160156
5,6202,33.0,-3.1339328289031982,78.89800262451172
5,6203,39.0,0.13833068311214447,94.49771118164062
5,6204,32.0,-1.3733400106430054,77.20690155029297
5,6205,38.0,-3.090148448944092,120.59104919433594
5,6206,13.0,-8.198529243469238,279.5225830078125
5,6207,30.0,-0.8387030959129333,86.25275421142578
5,6208,27.0,-1.3869653940200806,71.28376770019531
5,6209,48.0,2.5704898834228516,165.51268005371094
5,6210,40.0,-1.047255039215088,92.46204376220703
5,6211,39.0,1.8148703575134277,85.32365417480469
5,6212,11.0,-9.888442039489746,237.01031494140625
5,6213,26.0,-2.44439697265625,72.57077026367188
5,6214,38.0,-0.2964355945587158,84.04786682128906
5,6215,29.0,-1.43776273727417,62.922218322753906
5,6216,43.0,2.628857374191284,94.9217300415039
5,6217,90.0,13.18891716003418,1296.5521240234375
5,6218,60.0,4.068661212921143,464.38262939453125
5,6219,51.0,3.278679132461548,180.84523010253906
5,6220,27.0,-4.7698445320129395,96.61314392089844
5,6221,15.0,-8.374513626098633,145.9186248779297
5,6222,65.0,4.387348175048828,489.321044921875
5,6223,45.0,1.0343308448791504,88.89470672607422
5,6224,30.0,-2.0211057662963867,58.40016555786133
5,6225,47.0,2.27473783493042,109.97773742675781
5,6226,29.0,-3.126767635345459,56.27805709838867
5,6227,45.0,1.3285417556762695,128.88304138183594
5,6228,47.0,2.7602481842041016,164.86978149414062
5,6229,33.0,-0.07113105058670044,46.619258880615234
5,6230,28.0,0.00014702847693115473,54.69498825073242
5,6231,54.0,2.5183444023132324,236.17034912109375
5,6232,45.0,1.0445667505264282,133.76869201660156
5,6233,49.0,1.4355316162109375,206.7110137939453
5,6234,45.0,0.3927229344844818,176.82638549804688
5,6235,52.0,3.7328388690948486,155.907958984375
5,6236,18.0,-6.392238140106201,207.2227783203125
5,6237,80.0,7.424869537353516,885.0658569335938
5,6238,85.0,8.476330757141113,991.9946899414062
5,6239,42.0,-0.24557140469551086,140.21221923828125
5,6240,73.0,9.79758071899414,506.20806884765625
5,6241,27.0,-3.493572950363159,137.22177124023438
5,6242,29.0,-2.7034146785736084,102.242919921875
5,6243,43.0,-3.424224376678467,142.50357055664062
5,6244,43.0,-2.2473959922790527,110.6478042602539
5,6245,57.0,2.2308785915374756,259.9008483886719
5,6246,31.0,-4.197443008422852,163.547607421875
5,6247,44.0,-2.175581455230713,128.30116271972656
5,6248,24.0,-4.110071659088135,157.16668701171875
5,6249,23.0,-4.227426528930664,154.46578979492188
5,6250,28.0,-1.8443477153778076,84.90461730957031
5,6251,45.0,0.5353447198867798,138.68463134765625
5,6252,40.0,-1.7840559482574463,69.93061828613281
5,6253,58.0,5.983569145202637,242.3154296875
5,6254,62.0,2.85837721824646,372.6008605957031
5,6255,30.0,-3.905322313308716,76.59564971923828
5,6256,13.0,-8.153499603271484,250.70730590820312
5,6257,21.0,-4.046957969665527,125.47415924072266
5,6258,81.0,5.009925842285156,980.3782958984375
5,6259,53.0,4.012317180633545,185.22256469726562
5,6260,44.0,2.2732303142547607,153.94053649902344
5,6261,44.0,1.7763609886169434,119.46117401123047
5,6262,97.0,13.691731452941895,1478.145263671875
5,6263,90.0,11.336374282836914,1283.456787109375
5,6264,48.0,-0.015600677579641342,181.40306091308594
5,6265,46.0,-0.33788320422172546,109.6636962890625
5,6266,13.0,-2.8767356872558594,219.1227569580078
5,6267,44.0,1.2855545282363892,65.90824127197266
5,6268,48.0,0.6617235541343689,207.183837890625
5,6269,27.0,-3.0034377574920654,87.83155059814453
5,6270,93.0,9.028356552124023,1339.114013671875
5,6271,26.0,-4.068432331085205,158.7039794921875
5,6272,28.0,-1.5159040689468384,78.36478424072266
5,6273,59.0,2.7865724563598633,277.1588439941406
5,6274,38.0,-0.8999053835868835,100.48046112060547
5,6275,44.0,-0.24778610467910767,72.24667358398438
5,6276,46.0,-1.0836488008499146,168.0342254638672
5,6277,12.0,-3.4348089694976807,310.3946533203125
5,6278,10.0,-15.807209014892578,418.25604248046875
5,6279,42.0,-0.7556832432746887,137.66851806640625
5,6280,35.0,-5.030637741088867,147.246826171875
5,6281,38.0,-0.4228683114051819,85.56582641601562
5,6282,107.0,11.002639770507812,1998.7508544921875
5,6283,52.0,2.9415433406829834,164.65325927734375
5,6284,26.0,-4.217723369598389,82.51371765136719
5,6285,21.0,-6.755241870880127,185.19293212890625
5,6286,40.0,-0.23981550335884094,107.36430358886719
5,6287,32.0,-1.9447226524353027,65.19711303710938
5,6288,44.0,1.506346344947815,138.4133758544922
5,6289,11.0,-4.513485908508301,279.2236022949219
5,6290,45.0,-1.7893999814987183,109.2717514038086
5,6291,15.0,-6.919469833374023,200.11068725585938
5,6292,41.0,-1.0451431274414062,113.12773895263672
5,6293,21.0,-2.7681002616882324,106.75798034667969
5,6294,44.0,0.2252764105796814,176.27450561523438
5,6295,60.0,4.15103816986084,356.8501892089844
5,6296,45.0,1.4343857765197754,178.5783233642578
5,6297,20.0,-6.103015899658203,134.50965881347656
5,6298,45.0,0.8758038878440857,171.53042602539062
5,6299,23.0,-2.70910906791687,121.32020568847656
5,6300,38.0,0.02614150196313858,99.6995849609375
5,6301,50.0,2.6900134086608887,247.69012451171875
5,6302,53.0,2.829988956451416,204.34556579589844
5,6303,52.0,2.1651411056518555,183.556884765625
5,6304,35.0,-1.968874216079712,90.01776885986328
5,6305,37.0,-0.10708575695753098,85.69623565673828
5,6306,150.0,21.916362762451172,4697.53662109375
5,6307,13.0,-6.662217140197754,234.7681884765625
5,6308,10.0,-11.824089050292969,288.4486999511719
5,6309,42.0,-0.46304017305374146,131.11227416992188
5,6310,42.0,0.17116983234882355,109.80268859863281
5,6311,13.0,-6.646848201751709,234.63485717773438
5,6312,41.0,-2.4818291664123535,86.64847564697266
5,6313,41.0,0.12431484460830688,95.13441467285156
5,6314,48.0,1.5608971118927002,203.25962829589844
5,6315,35.0,-0.850723385810852,56.44755554199219
5,6316,40.0,-0.36650627851486206,105.04779815673828
5,6317,35.0,-2.053940773010254,72.782470703125
5,6318,35.0,0.601454496383667,64.07512664794922
5,6319,62.0,2.9484784603118896,420.73388671875
5,6320,37.0,-0.004424477461725473,88.59934997558594
5,6321,42.0,-0.015868432819843292,96.11873626708984
5,6322,62.0,4.116624355316162,349.2921142578125
5,6323,39.0,-0.27918189764022827,78.07010650634766
5,6324,35.0,-2.0338406562805176,65.41620635986328
5,6325,41.0,1.2095491886138916,117.31156921386719
5,6326,27.0,-2.3930797576904297,61.559452056884766
5,6327,69.0,7.136224746704102,600.29150390625
5,6328,66.0,1.8502389192581177,521.419921875
5,6329,31.0,-2.337942361831665,114.73905181884766
5,6330,13.0,-6.48108434677124,250.64015197753906
5,6331,41.0,1.1053472757339478,134.89231872558594
5,6332,42.0,-1.510675311088562,127.7674331665039
5,6333,44.0,1.836694359779358,114.54859924316406
5,6334,69.0,5.2339911460876465,542.521484375
5,6335,10.0,-6.996453285217285,304.92401123046875
5,6336,39.0,-0.06808946281671524,96.57768249511719
5,6337,38.0,-0.9098360538482666,96.46048736572266
5,6338,45.0,0.49954038858413696,114.6015853881836
5,6339,43.0,0.8703509569168091,105.00028991699219
5,6340,41.0,-0.5618705749511719,90.3624496459961
5,6341,54.0,1.4978984594345093,237.93283081054688
5,6342,11.0,-4.188989639282227,310.6466979980469
5,6343,60.0,2.7015020847320557,341.01361083984375
5,6344,61.0,4.116549968719482,274.56475830078125
5,6345,32.0,-0.8518379926681519,92.90475463867188
5,6346,56.0,2.906782388687134,172.621826171875
5,6347,39.0,-1.7998980283737183,106.98287200927734
5,6348,27.0,-1.1449977159500122,114.96115112304688
5,6349,79.0,7.013014793395996,606.1841430664062
5,6350,82.0,5.5985541343688965,795.9111938476562
5,6351,47.0,1.532405972480774,122.61444091796875
5,6352,35.0,-3.0654685497283936,105.66158294677734
5,6353,59.0,3.0740816593170166,195.97000122070312
5,6354,39.0,-3.532752752304077,100.10135650634766
5,6355,36.0,-0.1273469477891922,109.67736053466797
5,6356,48.0,0.16520723700523376,121.90088653564453
5,6357,43.0,0.0253096092492342,128.15023803710938
5,6358,96.0,11.5006103515625,1263.093017578125
5,6359,56.0,1.2085152864456177,238.33856201171875
5,6360,68.0,5.237901210784912,359.032470703125
5,6361,12.0,-4.14870548248291,340.1691589355469
5,6362,65.0,0.440291166305542,383.3311767578125
5,6363,24.0,-5.7241597175598145,218.51522827148438
5,6364,35.0,-1.5130374431610107,108.08533477783203
5,6365,29.0,-2.72039794921875,129.78701782226562
5,6366,36.0,-0.8430548906326294,94.34212493896484
5,6367,64.0,3.9959216117858887,461.1133117675781
5,6368,40.0,-2.213474750518799,99.18170166015625
5,6369,41.0,-0.019025763496756554,108.39187622070312
5,6370,54.0,1.855728268623352,218.23089599609375
5,6371,27.0,-2.481653928756714,108.22661590576172
5,6372,59.0,1.5690772533416748,301.1054382324219
5,6373,43.0,0.29656219482421875,135.77561950683594
5,6374,45.0,1.389298915863037,121.23928833007812
5,6375,12.0,-11.695053100585938,311.0527648925781
5,6376,43.0,0.7386521100997925,127.86591339111328
5,6377,23.0,-5.014678955078125,197.7890167236328
5,6378,29.0,-3.6354057788848877,135.1802215576172
5,6379,53.0,1.2791175842285156,196.38690185546875
5,6380,24.0,-8.550727844238281,199.83578491210938
5,6381,36.0,-3.5689969062805176,97.63365936279297
5,6382,105.0,12.758091926574707,1732.3367919921875
5,6383,22.0,-6.5327348709106445,191.9995574951172
5,6384,98.0,14.381728172302246,1258.66650390625
5,6385,30.0,-2.654998302459717,92.98277282714844
5,6386,55.0,3.276017665863037,172.58438110351562
5,6387,11.0,-9.990853309631348,298.1119079589844
5,6388,81.0,3.97635555267334,907.0137329101562
5,6389,88.0,11.254576683044434,865.3563842773438
5,6390,43.0,0.8813216090202332,96.44520568847656
5,6391,48.0,1.9860520362854004,140.3162078857422
5,6392,52.0,1.7445216178894043,148.31251525878906
5,6393,80.0,5.052536964416504,835.3768920898438
5,6394,24.0,-4.402366638183594,145.93138122558594
5,6395,132.0,17.2659969329834,3000.7626953125
5,6396,89.0,6.773025035858154,1059.89404296875
5,6397,37.0,-1.6085139513015747,98.44017028808594
5,6398,57.0,0.945152223110199,263.67156982421875
5,6399,25.0,-4.547654151916504,235.2698516845703
5,6400,49.0,2.062833547592163,181.34458923339844
5,6401,39.0,-1.3411283493041992,107.41349792480469
5,6402,36.0,-1.1639901399612427,112.7198715209961
5,6403,39.0,-0.7707486748695374,102.02806091308594
5,6404,39.0,-3.018557071685791,136.03466796875
5,6405,85.0,8.195074081420898,868.7799072265625
5,6406,32.0,-3.0218541622161865,134.46070861816406
5,6407,41.0,3.4359917640686035,123.02676391601562
5,6408,29.0,-2.603273630142212,117.16199493408203
5,6409,44.0,0.5859212875366211,97.08512878417969
5,6410,36.0,-1.197823166847229,85.2475814819336
5,6411,75.0,7.287353515625,489.3816223144531
5,6412,23.0,-10.111303329467773,203.5742645263672
5,6413,36.0,-1.1850665807724,74.7829360961914
5,6414,35.0,0.5213662981987,65.69047546386719
5,6415,24.0,-2.942803382873535,96.89778900146484
5,6416,76.0,5.853835582733154,698.4949951171875
5,6417,78.0,7.251779079437256,805.6548461914062
5,6418,47.0,3.133626937866211,140.44097900390625
5,6419,35.0,0.19260650873184204,49.1833610534668
5,6420,46.0,0.6541085243225098,214.4270477294922
5,6421,59.0,3.0726208686828613,406.3562316894531
5,6422,41.0,-0.317347913980484,85.92220306396484
5,6423,49.0,3.595836877822876,236.66310119628906
5,6424,33.0,0.5475332140922546,54.62808609008789
5,6425,57.0,5.171853065490723,214.94850158691406
5,6426,37.0,-0.744121253490448,52.00727081298828
5,6427,26.0,-4.035248756408691,60.130218505859375
5,6428,29.0,-1.7438639402389526,100.39384460449219
5,6429,56.0,1.9458783864974976,286.8716125488281
5,6430,99.0,11.985367774963379,1683.2283935546875
5,6431,95.0,10.627885818481445,1404.3251953125
5,6432,49.0,-0.40770223736763,174.05062866210938
5,6433,26.0,-3.4453682899475098,71.9764633178711
5,6434,56.0,3.4252023696899414,229.68885803222656
5,6435,66.0,4.308971881866455,470.9456481933594
5,6436,11.0,-6.943131446838379,360.0970458984375
5,6437,45.0,1.149221658706665,112.36447143554688
5,6438,22.0,-3.6510653495788574,114.11302185058594
5,6439,81.0,7.238279819488525,777.3193359375
5,6440,51.0,1.8287417888641357,157.19580078125
5,6441,31.0,-2.997293710708618,71.10906982421875
5,6442,25.0,-7.5717363357543945,166.5863494873047
5,6443,27.0,-2.294589042663574,99.44222259521484
5,6444,25.0,-3.778993606567383,122.56582641601562
5,6445,53.0,2.046938180923462,152.7056884765625
5,6446,56.0,4.841555118560791,199.50537109375
5,6447,24.0,-2.792531967163086,107.48146057128906
5,6448,45.0,0.673589825630188,148.113525390625
5,6449,39.0,-2.434691905975342,124.79084777832031
5,6450,70.0,5.063447952270508,600.2593383789062
5,6451,41.0,0.9175359606742859,109.83694458007812
5,6452,42.0,1.3117401599884033,115.01364135742188
5,6453,40.0,-4.672046184539795,139.88365173339844
5,6454,16.0,-7.534903049468994,201.07730102539062
5,6455,63.0,5.269382953643799,238.48385620117188
5,6456,12.0,-4.573277473449707,293.59771728515625
5,6457,34.0,-0.7063080668449402,60.47714614868164
5,6458,75.0,5.651330471038818,768.6795654296875
5,6459,16.0,-6.229043483734131,224.7970428466797
5,6460,70.0,4.466256618499756,668.4175415039062
5,6461,39.0,-0.01122546661645174,70.59199523925781
5,6462,97.0,11.02232551574707,1555.76708984375
5,6463,70.0,4.747315883636475,492.0564880371094
5,6464,41.0,1.3155269622802734,98.13140106201172
5,6465,67.0,3.3980445861816406,441.50335693359375
5,6466,14.0,-8.19774341583252,306.0091247558594
5,6467,30.0,-3.2136049270629883,77.77571868896484
5,6468,43.0,1.4813830852508545,114.771728515625
5,6469,54.0,0.5504791736602783,231.42425537109375
5,6470,41.0,-0.9229261875152588,119.20325469970703
5,6471,24.0,-3.648240327835083,149.0347442626953
5,6472,38.0,-1.2940502166748047,94.8380355834961
5,6473,80.0,6.198706150054932,764.7451171875
5,6474,30.0,-3.6258609294891357,145.62303161621094
5,6475,15.0,-15.661349296569824,257.4629211425781
5,6476,11.0,-7.184106349945068,374.3647155761719
5,6477,99.0,6.716934680938721,1418.1768798828125
5,6478,44.0,0.5959923267364502,113.3602294921875
5,6479,44.0,-0.29508695006370544,128.9962615966797
5,6480,43.0,0.429060697555542,90.71016693115234
5,6481,28.0,-2.1921794414520264,58.13561248779297
5,6482,57.0,3.4901719093322754,190.64112854003906
5,6483,25.0,-6.642946243286133,99.64491271972656
5,6484,65.0,2.068026065826416,504.76727294921875
5,6485,23.0,-4.7204670906066895,140.2976531982422
5,6486,79.0,10.41954231262207,670.74462890625
5,6487,38.0,-1.7448409795761108,97.47164916992188
5,6488,16.0,-7.0343780517578125,179.37384033203125
5,6489,30.0,-1.1043968200683594,59.23871994018555
5,6490,49.0,3.2482147216796875,123.74283599853516
5,6491,26.0,-4.022345542907715,116.7513198852539
5,6492,65.0,4.000577926635742,472.1565856933594
5,6493,41.0,0.861638605594635,112.75654602050781
5,6494,29.0,-0.6626484990119934,48.043067932128906
5,6495,34.0,-1.4718378782272339,72.88379669189453
5,6496,14.0,-4.903320789337158,167.29107666015625
5,6497,29.0,-4.873905658721924,93.3781967163086
5,6498,44.0,1.128504991531372,193.84039306640625
5,6499,33.0,-1.8818079233169556,76.97297668457031
5,6500,45.0,1.321295976638794,137.15960693359375
6,6501,59.0,5.239715099334717,354.8463134765625
6,6502,10.0,-11.538021087646484,223.97900390625
6,6503,34.0,2.307499885559082,62.48099136352539
6,6504,88.0,9.946052551269531,1391.3583984375
6,6505,45.0,1.8504228591918945,209.68516540527344
6,6506,39.0,1.8470561504364014,66.5455093383789
6,6507,46.0,0.008201293647289276,228.29417419433594
6,6508,22.0,-1.9942805767059326,90.94868469238281
6,6509,97.0,16.32795524597168,1605.85986328125
6,6510,66.0,6.890364646911621,560.9575805664062
6,6511,47.0,2.150787830352783,132.2421112060547
6,6512,42.0,1.1971468925476074,122.58746337890625
6,6513,28.0,-0.9770444631576538,57.89392852783203
6,6514,23.0,-7.874830722808838,144.67816162109375
6,6515,43.0,1.504094123840332,97.11487579345703
6,6516,30.0,-2.3347268104553223,87.4072494506836
6,6517,38.0,2.153442621231079,70.26265716552734
6,6518,38.0,0.09779264032840729,93.43909454345703
6,6519,30.0,-1.652624249458313,85.10787963867188
6,6520,110.0,11.966296195983887,2160.421142578125
6,6521,31.0,-3.0041110515594482,89.04866790771484
6,6522,31.0,-0.3055257797241211,69.4331283569336
6,6523,60.0,2.2844796180725098,406.88592529296875
6,6524,33.0,-0.6809856295585632,64.78753662109375
6,6525,67.0,2.941333770751953,510.12677001953125
6,6526,41.0,0.25264713168144226,90.6870346069336
6,6527,70.0,5.976226806640625,454.1942138671875
6,6528,26.0,-3.0451109409332275,96.76798248291016
6,6529,87.0,12.058697700500488,978.1270141601562
6,6530,52.0,0.46733951568603516,226.72265625
6,6531,81.0,9.286067008972168,729.2146606445312
6,6532,40.0,-0.10596296191215515,98.42894744873047
6,6533,14.0,-7.462258338928223,304.8130187988281
6,6534,38.0,-2.062523126602173,101.0312728881836
6,6535,63.0,2.864171028137207,348.1470947265625
6,6536,42.0,0.9693912863731384,90.01065063476562
6,6537,48.0,2.432676076889038,120.58106994628906
6,6538,32.0,-1.6854221820831299,114.7623062133789
6,6539,69.0,4.1213788986206055,470.4048156738281
6,6540,71.0,4.360368728637695,639.0091552734375
6,6541,63.0,4.313869953155518,295.3570251464844
6,6542,30.0,-4.144239902496338,136.15419006347656
6,6543,38.0,-0.5745779871940613,76.14567565917969
6,6544,13.0,-3.474385976791382,308.6631774902344
6,6545,13.0,-3.406270980834961,301.9612121582031
6,6546,68.0,1.4348533153533936,505.648193359375
6,6547,39.0,-0.0749494880437851,98.23566436767578
6,6548,91.0,10.497835159301758,1259.4171142578125
6,6549,54.0,0.9575832486152649,202.93423461914062
6,6550,55.0,2.565389633178711,247.26451110839844
6,6551,37.0,-3.7859854698181152,99.84130096435547
6,6552,39.0,-0.1517142653465271,122.42041778564453
6,6553,43.0,0.10693556815385818,121.88135528564453
6,6554,15.0,-4.877827167510986,236.75352478027344
6,6555,23.0,-3.5697579383850098,146.80943298339844
6,6556,44.0,0.09280022978782654,140.28038024902344
6,6557,55.0,3.3953256607055664,179.24232482910156
6,6558,67.0,7.000692844390869,376.4381408691406
6,6559,32.0,-2.121553897857666,62.30626678466797
6,6560,44.0,-0.5787857174873352,148.96151733398438
6,6561,54.0,2.3778812885284424,140.12527465820312
6,6562,90.0,9.281813621520996,1051.981201171875
6,6563,78.0,2.495624303817749,914.4407958984375
6,6564,42.0,-1.4761978387832642,122.37194061279297
6,6565,55.0,1.7408106327056885,158.45130920410156
6,6566,42.0,-0.3114674389362335,137.44789123535156
6,6567,51.0,0.3600088059902191,134.40687561035156
6,6568,55.0,0.9744389057159424,209.88595581054688
6,6569,48.0,0.8325334787368774,116.0802001953125
6,6570,43.0,-0.48208382725715637,128.14320373535156
6,6571,23.0,-3.8390495777130127,228.6337432861328
6,6572,83.0,6.4982829093933105,689.284912109375
6,6573,67.0,2.0690810680389404,369.1241149902344
6,6574,38.0,-3.319594144821167,157.9903106689453
6,6575,18.0,-8.826367378234863,362.7288818359375
6,6576,55.0,1.306605577468872,151.09918212890625
6,6577,29.0,-4.640781402587891,165.66244506835938
6,6578,35.0,-3.068154811859131,140.6682586669922
6,6579,38.0,-3.942168712615967,147.08497619628906
6,6580,34.0,-3.2446253299713135,146.94554138183594
6,6581,46.0,-1.1360360383987427,168.3108367919922
6,6582,17.0,-9.60147762298584,305.4053649902344
6,6583,39.0,-2.0269031524658203,124.9396743774414
6,6584,30.0,-2.9530534744262695,134.8611602783203
6,6585,45.0,-1.8482221364974976,159.97073364257812
6,6586,48.0,0.7390207648277283,130.81382751464844
6,6587,35.0,-2.7160792350769043,113.38561248779297
6,6588,63.0,4.164364337921143,416.8612976074219
6,6589,25.0,-2.86004900932312,115.92427825927734
6,6590,54.0,3.530583381652832,153.85142517089844
6,6591,30.0,-2.1902549266815186,72.49299621582031
6,6592,22.0,-3.5090341567993164,137.94639587402344
6,6593,67.0,2.804534673690796,590.5704956054688
6,6594,65.0,8.191642761230469,441.64068603515625
6,6595,102.0,13.238510131835938,1699.329833984375
6,6596,92.0,12.153464317321777,1468.4498291015625
6,6597,79.0,7.537795066833496,757.3394775390625
6,6598,53.0,4.393264293670654,217.02294921875
6,6599,58.0,2.430013418197632,313.37060546875
6,6600,32.0,-2.0502846240997314,84.5520248413086
6,6601,25.0,-2.1251163482666016,65.8875732421875
6,6602,44.0,2.3105368614196777,88.14002227783203
6,6603,38.0,-1.5526554584503174,92.32836151123047
6,6604,70.0,7.978418827056885,443.1874694824219
6,6605,59.0,3.5121147632598877,245.33535766601562
6,6606,63.0,3.422819137573242,455.3253173828125
6,6607,90.0,9.818069458007812,1003.673828125
6,6608,41.0,-1.2732644081115723,96.8726806640625
6,6609,27.0,-3.1157941818237305,107.10842895507812
6,6610,100.0,7.520740509033203,1622.2054443359375
6,6611,43.0,-0.6316062808036804,111.3894271850586
6,6612,37.0,-2.5091004371643066,97.13298797607422
6,6613,87.0,7.474124908447266,1035.7569580078125
6,6614,38.0,-5.427529811859131,89.54338073730469
6,6615,60.0,1.5916714668273926,320.0257263183594
6,6616,58.0,1.642167091369629,246.8850860595703
6,6617,12.0,-8.9226713180542,371.7782287597656
6,6618,32.0,-2.89939546585083,120.06503295898438
6,6619,61.0,2.9541637897491455,308.7178955078125
6,6620,54.0,1.6039811372756958,187.1839599609375
6,6621,59.0,1.6939888000488281,259.8878479003906
6,6622,34.0,-1.6166688203811646,113.02424621582031
6,6623,30.0,-4.138442516326904,179.20980834960938
6,6624,25.0,-6.404404163360596,203.49142456054688
6,6625,40.0,-0.8856314420700073,103.09371185302734
6,6626,55.0,1.9115127325057983,217.3365478515625
6,6627,50.0,-0.15431219339370728,190.33856201171875
6,6628,23.0,-5.8476948738098145,245.5028076171875
6,6629,27.0,-6.316688060760498,181.7486572265625
6,6630,36.0,-1.7194616794586182,97.31632995605469
6,6631,43.0,-0.6641187071800232,137.727783203125
6,6632,34.0,0.37418463826179504,111.40969848632812
6,6633,58.0,3.733639717102051,193.43373107910156
6,6634,35.0,-0.918954074382782,91.4641342163086
6,6635,51.0,4.369081497192383,164.4571533203125
6,6636,31.0,-4.056534290313721,69.0573959350586
6,6637,51.0,3.632077217102051,218.38995361328125
6,6638,38.0,-0.24162782728672028,85.59178924560547
6,6639,27.0,-2.417736053466797,77.97787475585938
6,6640,49.0,2.6156222820281982,127.46857452392578
6,6641,29.0,-0.6352536678314209,87.71258544921875
6,6642,11.0,-9.100336074829102,243.4441375732422
6,6643,75.0,9.295390129089355,782.7906494140625
6,6644,40.0,0.32978907227516174,127.3528060913086
6,6645,84.0,8.861517906188965,937.554931640625
6,6646,52.0,2.5935025215148926,194.4724884033203
6,6647,26.0,-1.6317778825759888,76.53629302978516
6,6648,54.0,3.0811545848846436,247.37245178222656
6,6649,13.0,-5.969213008880615,193.49325561523438
6,6650,28.0,-1.731626272201538,63.822509765625
6,6651,28.0,-2.660893440246582,77.66545104980469
6,6652,11.0,-6.215978145599365,233.7798309326172
6,6653,70.0,8.568289756774902,543.615966796875
6,6654,43.0,1.6490585803985596,108.69157409667969
6,6655,94.0,10.763628959655762,1538.30810546875
6,6656,31.0,-0.6857960820198059,70.48077392578125
6,6657,35.0,-0.7671244144439697,93.97748565673828
6,6658,21.0,-3.7886505126953125,119.46907043457031
6,6659,40.0,1.6156595945358276,78.59102630615234
6,6660,37.0,-0.06008336693048477,72.51979064941406
6,6661,42.0,1.5308560132980347,119.97895050048828
6,6662,85.0,13.209776878356934,987.1401977539062
6,6663,105.0,19.010835647583008,1714.957763671875
6,6664,35.0,-1.1707693338394165,60.89792251586914
6,6665,43.0,1.4415522813796997,75.43395233154297
6,6666,23.0,-3.193939685821533,113.18783569335938
6,6667,73.0,6.132850170135498,733.12060546875
6,6668,93.0,8.876982688903809,1516.4862060546875
6,6669,68.0,6.76494836807251,426.1970520019531
6,6670,59.0,2.886986494064331,354.07958984375
6,6671,57.0,4.458971977233887,235.99917602539062
6,6672,49.0,1.0364832878112793,154.42356872558594
6,6673,42.0,0.5097200870513916,79.2040786743164
6,6674,46.0,-0.5385844111442566,133.31295776367188
6,6675,65.0,4.756182670593262,292.47735595703125
6,6676,81.0,5.698361396789551,716.8284301757812
6,6677,56.0,2.56856369972229,237.18263244628906
6,6678,58.0,3.815685272216797,266.6408996582031
6,6679,32.0,-1.991992712020874,147.37786865234375
6,6680,51.0,-2.5562903881073,213.57077026367188
6,6681,70.0,6.598637580871582,339.7540588378906
6,6682,35.0,-2.499335289001465,192.239990234375
6,6683,31.0,-3.044079303741455,155.69497680664062
6,6684,62.0,3.0953280925750732,279.3901062011719
6,6685,27.0,-3.4808316230773926,221.90309143066406
6,6686,66.0,1.092445731163025,286.73431396484375
6,6687,28.0,-3.9113404750823975,255.52418518066406
6,6688,17.0,-9.324408531188965,607.6614379882812
6,6689,45.0,-0.6467261910438538,156.13449096679688
6,6690,12.0,-3.8992021083831787,517.6421508789062
6,6691,38.0,-1.8911535739898682,166.3696746826172
6,6692,68.0,3.4613332748413086,325.3708801269531
6,6693,13.0,-3.235260486602783,414.822021484375
6,6694,80.0,7.58713960647583,611.7294311523438
6,6695,30.0,-6.061722755432129,204.00328063964844
6,6696,42.0,-3.4968373775482178,123.87337493896484
6,6697,43.0,-0.7072598934173584,115.12010955810547
6,6698,45.0,0.0829305499792099,104.22337341308594
6,6699,33.0,-2.0922653675079346,131.03363037109375
6,6700,77.0,6.437795639038086,600.2348022460938
6,6701,42.0,-0.47589027881622314,138.91146850585938
6,6702,46.0,0.3048208951950073,124.22333526611328
6,6703,33.0,-1.6186219453811646,78.66815185546875
6,6704,28.0,-2.8511946201324463,122.86810302734375
6,6705,92.0,10.54149055480957,1076.5107421875
6,6706,79.0,9.5821533203125,598.19775390625
6,6707,71.0,7.620297908782959,429.9319152832031
6,6708,26.0,-4.4653639793396,106.50672912597656
6,6709,37.0,-2.672347068786621,126.94690704345703
6,6710,33.0,-0.9312026500701904,76.19599914550781
6,6711,37.0,-1.008570671081543,81.61759948730469
6,6712,35.0,-1.7706440687179565,79.29454040527344
6,6713,48.0,3.237034559249878,199.48504638671875
6,6714,27.0,-4.714287281036377,95.84734344482422
6,6715,34.0,-0.4987230896949768,69.93733978271484
6,6716,13.0,-5.2410078048706055,184.5071258544922
6,6717,40.0,0.27397820353507996,72.52272033691406
6,6718,44.0,2.8127949237823486,160.5100555419922
6,6719,119.0,16.577795028686523,2737.586181640625
6,6720,40.0,0.4659365713596344,75.126220703125
6,6721,29.0,-0.821610152721405,50.474918365478516
6,6722,45.0,1.3470555543899536,122.0404281616211
6,6723,44.0,1.062010407447815,176.8582000732422
6,6724,45.0,2.1104400157928467,163.01190185546875
6,6725,45.0,1.2949236631393433,204.1036834716797
6,6726,41.0,-0.4369867444038391,152.3629608154297
6,6727,79.0,9.31118392944336,654.3121337890625
6,6728,83.0,4.612025260925293,1033.3463134765625
6,6729,74.0,4.957133769989014,724.3482666015625
6,6730,54.0,3.920699119567871,197.21324157714844
6,6731,87.0,9.725414276123047,921.3633422851562
6,6732,30.0,-1.9640177488327026,116.71472930908203
6,6733,78.0,7.35972785949707,632.1146850585938
6,6734,54.0,2.2976887226104736,175.2083282470703
6,6735,53.0,2.891554832458496,168.87388610839844
6,6736,52.0,-2.0880234241485596,135.478515625
6,6737,16.0,-12.22665023803711,499.31884765625
6,6738,43.0,-1.4288647174835205,152.3207550048828
6,6739,92.0,10.22199821472168,816.3642578125
6,6740,45.0,-0.11857729405164719,140.0627899169922
6,6741,71.0,5.032473564147949,354.3799743652344
6,6742,47.0,-2.9350554943084717,195.40341186523438
6,6743,27.0,-4.298830032348633,235.4048309326172
6,6744,23.0,-9.710410118103027,300.9425048828125
6,6745,25.0,-9.127551078796387,294.6082763671875
6,6746,43.0,-0.8067623376846313,106.60440063476562
6,6747,89.0,10.863992691040039,829.6600341796875
6,6748,50.0,0.05996339023113251,111.32463836669922
6,6749,20.0,-8.486673355102539,331.5078430175781
6,6750,36.0,-1.7076793909072876,123.84228515625
6,6751,53.0,0.9468527436256409,139.27517700195312
6,6752,30.0,-3.375408411026001,104.32537841796875
6,6753,49.0,3.0038492679595947,190.5633087158203
6,6754,89.0,12.719778060913086,1032.280517578125
6,6755,12.0,-5.720788478851318,296.032470703125
6,6756,33.0,-3.217172145843506,91.4814453125
6,6757,11.0,-8.506686210632324,368.2665710449219
6,6758,59.0,2.6237034797668457,220.06961059570312
6,6759,42.0,0.08713976293802261,67.79271697998047
6,6760,47.0,1.504919409751892,107.35985565185547
6,6761,69.0,5.863837242126465,647.3170166015625
6,6762,17.0,-6.242197513580322,194.28379821777344
6,6763,42.0,2.100343704223633,128.11477661132812
6,6764,51.0,3.1699037551879883,219.9575958251953
6,6765,42.0,1.328851580619812,121.17862701416016
6,6766,39.0,0.09706457704305649,73.43496704101562
6,6767,29.0,-3.3308136463165283,84.93162536621094
6,6768,44.0,0.1269373595714569,154.4400634765625
6,6769,102.0,16.895862579345703,1436.6505126953125
6,6770,11.0,-5.778232097625732,314.3963928222656
6,6771,43.0,-1.238126277923584,94.7291259765625
6,6772,14.0,-14.896485328674316,255.3860626220703
6,6773,40.0,-2.8222005367279053,84.4952163696289
6,6774,54.0,3.1027166843414307,159.0533905029297
6,6775,14.0,-5.379310131072998,203.33401489257812
6,6776,59.0,5.031311511993408,222.53392028808594
6,6777,32.0,-1.9864943027496338,85.39488220214844
6,6778,34.0,-0.07619528472423553,78.7715072631836
6,6779,88.0,9.883124351501465,1232.89990234375
6,6780,42.0,0.8581627011299133,117.69054412841797
6,6781,40.0,0.1420692801475525,108.72721862792969
6,6782,61.0,2.925067663192749,369.8106384277344
6,6783,11.0,-5.433600902557373,272.5719299316406
6,6784,14.0,-10.622925758361816,232.02455139160156
6,6785,45.0,0.6797966957092285,113.59849548339844
6,6786,41.0,0.7881674766540527,111.23164367675781
6,6787,51.0,1.8865076303482056,306.6163024902344
6,6788,31.0,-0.876867413520813,65.28748321533203
6,6789,45.0,-1.7210133075714111,127.0340347290039
6,6790,48.0,1.3150328397750854,128.36302185058594
6,6791,75.0,7.359991550445557,892.5470581054688
6,6792,54.0,3.287576675415039,212.39454650878906
6,6793,40.0,0.35163363814353943,64.17559051513672
6,6794,58.0,4.723844051361084,241.27951049804688
6,6795,108.0,19.983972549438477,1830.6514892578125
6,6796,40.0,-0.07898960262537003,73.63703155517578
6,6797,58.0,2.2440130710601807,218.45359802246094
6,6798,62.0,3.892683744430542,341.5516052246094
6,6799,59.0,3.188704490661621,258.6719970703125
6,6800,60.0,2.277055263519287,272.9891052246094
6,6801,52.0,1.303930640220642,154.34434509277344
6,6802,39.0,-1.750548005104065,110.58470153808594
6,6803,60.0,4.731947422027588,246.34791564941406
6,6804,67.0,3.823943614959717,301.4383239746094
6,6805,48.0,-0.1636495143175125,153.16510009765625
6,6806,53.0,0.7130950093269348,150.5181121826172
6,6807,38.0,-2.3254127502441406,157.98464965820312
6,6808,40.0,-2.8522534370422363,138.00186157226562
6,6809,79.0,5.952650547027588,636.2415771484375
6,6810,78.0,5.567410945892334,439.27459716796875
6,6811,22.0,-13.43613338470459,404.10693359375
6,6812,41.0,-4.719598770141602,142.1527099609375
6,6813,52.0,-0.642296552658081,158.47711181640625
6,6814,64.0,2.4218692779541016,253.22198486328125
6,6815,83.0,6.8662567138671875,686.5593872070312
6,6816,66.0,0.6985290050506592,285.5763854980469
6,6817,33.0,-5.481334686279297,250.0688018798828
6,6818,35.0,-3.258284568786621,173.99693298339844
6,6819,12.0,-7.575343132019043,612.6331787109375
6,6820,31.0,-4.466665267944336,189.56053161621094
6,6821,24.0,-6.56386137008667,299.1352844238281
6,6822,37.0,-4.190849304199219,160.80764770507812
6,6823,35.0,-5.920159816741943,182.56663513183594
6,6824,14.0,-9.043962478637695,398.3122863769531
6,6825,32.0,-4.4598236083984375,129.77304077148438
6,6826,47.0,1.8236110210418701,137.186279296875
6,6827,59.0,3.886392831802368,321.46124267578125
6,6828,131.0,22.255142211914062,3343.930419921875
6,6829,39.0,-1.1149356365203857,85.26951599121094
6,6830,51.0,1.1020883321762085,183.6402587890625
6,6831,39.0,-1.0492178201675415,97.73944091796875
6,6832,27.0,-2.019333839416504,88.63255310058594
6,6833,29.0,-3.377530574798584,79.30231475830078
6,6834,34.0,-1.3112345933914185,87.5795669555664
6,6835,46.0,0.3897869884967804,234.8562774658203
6,6836,11.0,-7.300480842590332,260.0692443847656
6,6837,45.0,0.4909568727016449,149.18699645996094
6,6838,101.0,15.569533348083496,1703.8138427734375
6,6839,52.0,2.979185104370117,204.78955078125
6,6840,52.0,5.447726726531982,227.9978485107422
6,6841,26.0,-1.2913761138916016,64.85945129394531
6,6842,14.0,-6.189831256866455,180.2509307861328
6,6843,14.0,-4.587231159210205,147.69493103027344
6,6844,50.0,2.112058639526367,124.20643615722656
6,6845,31.0,-2.1677632331848145,78.84637451171875
6,6846,23.0,-5.182276725769043,128.16233825683594
6,6847,42.0,2.162266731262207,93.10562896728516
6,6848,82.0,7.364498138427734,1217.4722900390625
6,6849,44.0,0.7673078179359436,108.53857421875
6,6850,30.0,-1.8426352739334106,58.954376220703125
6,6851,48.0,1.6554192304611206,231.76962280273438
6,6852,51.0,3.8893015384674072,167.2657012939453
6,6853,62.0,4.899603366851807,393.71771240234375
6,6854,82.0,9.351566314697266,1119.3253173828125
6,6855,34.0,-0.6262359619140625,49.64545440673828
6,6856,56.0,3.3041372299194336,214.89755249023438
6,6857,32.0,-2.317432403564453,58.18028259277344
6,6858,44.0,0.971784234046936,149.90560913085938
6,6859,21.0,-3.093301773071289,100.23804473876953
6,6860,33.0,-0.9721477031707764,76.01432037353516
6,6861,94.0,8.733908653259277,1395.3045654296875
6,6862,89.0,10.200754165649414,1066.1829833984375
6,6863,41.0,-0.2500954866409302,117.81134796142578
6,6864,57.0,3.3663978576660156,201.59486389160156
6,6865,44.0,2.499081611633301,121.6600112915039
6,6866,82.0,11.28049087524414,828.5218505859375
6,6867,47.0,1.9040536880493164,106.33573150634766
6,6868,66.0,2.9761850833892822,346.2420959472656
6,6869,30.0,-3.3138587474823,120.8497085571289
6,6870,42.0,-1.4131832122802734,101.558349609375
6,6871,36.0,-2.0880014896392822,127.23055267333984
6,6872,39.0,-2.13616681098938,115.59888458251953
6,6873,46.0,0.2644696533679962,154.79563903808594
6,6874,79.0,8.787293434143066,487.5533447265625
6,6875,61.0,3.0090994834899902,209.3151092529297
6,6876,38.0,-2.3117854595184326,116.4947738647461
6,6877,107.0,12.954861640930176,1893.6881103515625
6,6878,43.0,-0.09068287163972855,111.19493103027344
6,6879,46.0,-1.2717543840408325,111.6113052368164
6,6880,43.0,-1.2558232545852661,86.03884887695312
6,6881,24.0,-7.699535369873047,277.6097717285156
6,6882,28.0,-5.924370288848877,199.09994506835938
6,6883,30.0,-3.719722270965576,121.55516815185547
6,6884,54.0,0.8698838949203491,143.27207946777344
6,6885,45.0,-1.0368907451629639,116.83561706542969
6,6886,57.0,3.8347628116607666,181.00718688964844
6,6887,56.0,2.6499292850494385,232.00143432617188
6,6888,23.0,-3.310250759124756,137.25755310058594
6,6889,76.0,6.861348628997803,645.4022827148438
6,6890,38.0,-1.2773549556732178,85.52703094482422
6,6891,27.0,-2.397937059402466,97.37480926513672
6,6892,15.0,-13.101385116577148,284.5776062011719
6,6893,24.0,-6.887309551239014,138.84310913085938
6,6894,38.0,-0.5015795826911926,77.08379364013672
6,6895,21.0,-7.5400390625,163.34498596191406
6,6896,33.0,-0.9444013237953186,78.58854675292969
6,6897,46.0,1.4481384754180908,125.98882293701172
6,6898,47.0,0.7334364652633667,97.48468017578125
6,6899,46.0,2.058652639389038,207.33316040039062
6,6900,38.0,3.1713786125183105,89.9522476196289
6,6901,36.0,0.42132171988487244,59.735008239746094
6,6902,73.0,8.014544486999512,591.2824096679688
6,6903,44.0,2.218935012817383,89.74126434326172
6,6904,34.0,-0.14885704219341278,73.06460571289062
6,6905,55.0,4.128840446472168,184.37777709960938
6,6906,76.0,9.063063621520996,748.3764038085938
6,6907,17.0,-7.452682018280029,195.0117645263672
6,6908,31.0,-0.9955467581748962,66.49192810058594
6,6909,11.0,-6.196249485015869,257.0939636230469
6,6910,12.0,-6.24576473236084,235.03335571289062
6,6911,41.0,0.05155622214078903,65.54227447509766
6,6912,42.0,1.9280208349227905,78.84261322021484
6,6913,62.0,4.8231940269470215,286.07110595703125
6,6914,74.0,7.45189094543457,746.2179565429688
6,6915,88.0,14.823887825012207,1211.5577392578125
6,6916,65.0,6.025335788726807,398.9896545410156
6,6917,30.0,-3.348130464553833,77.55210876464844
6,6918,37.0,-0.8453633189201355,78.50798034667969
6,6919,69.0,3.9964394569396973,605.4976196289062
6,6920,44.0,0.48556947708129883,154.076171875
6,6921,37.0,-2.075303792953491,65.93722534179688
6,6922,26.0,-3.24562931060791,120.91014099121094
6,6923,73.0,5.28938627243042,625.0052490234375
6,6924,33.0,-3.384695291519165,94.576416015625
6,6925,38.0,-1.0083177089691162,82.4024658203125
6,6926,74.0,8.623040199279785,538.4505615234375
6,6927,35.0,-2.1857411861419678,98.60263061523438
6,6928,41.0,-6.65526819229126,125.18319702148438
6,6929,56.0,2.9919705390930176,238.47518920898438
6,6930,41.0,-0.9751951098442078,83.9603042602539
6,6931,30.0,-2.417482614517212,92.72826385498047
6,6932,37.0,-1.8888942003250122,67.17820739746094
6,6933,122.0,23.631656646728516,2624.214111328125
6,6934,43.0,-0.23027291893959045,104.08417510986328
6,6935,110.0,17.136205673217773,1959.5323486328125
6,6936,44.0,1.0262922048568726,135.84524536132812
6,6937,53.0,2.964871644973755,155.5401153564453
6,6938,51.0,1.5495227575302124,134.7327880859375
6,6939,42.0,0.039065100252628326,98.86016082763672
6,6940,33.0,-1.5064620971679688,83.4020004272461
6,6941,106.0,10.948881149291992,1854.5885009765625
6,6942,43.0,-0.22272533178329468,141.394287109375
6,6943,54.0,1.951590895652771,158.2336883544922
6,6944,32.0,-3.5333058834075928,106.61328125
6,6945,26.0,-6.174936771392822,178.5329132080078
6,6946,12.0,-4.764595985412598,383.6946716308594
6,6947,37.0,-2.743220329284668,93.67765045166016
6,6948,23.0,-6.3269548416137695,207.784423828125
6,6949,38.0,-2.9866783618927,128.1488494873047
6,6950,47.0,2.3056797981262207,106.89654541015625
6,6951,13.0,-10.723858833312988,321.5896911621094
6,6952,25.0,-6.148055553436279,140.363037109375
6,6953,54.0,2.4650628566741943,209.07501220703125
6,6954,79.0,9.752999305725098,780.43896484375
6,6955,58.0,2.765641689300537,333.02392578125
6,6956,63.0,6.234797954559326,373.30572509765625
6,6957,34.0,-1.3500430583953857,70.15706634521484
6,6958,40.0,-0.7090461254119873,85.90150451660156
6,6959,36.0,-2.080881118774414,74.02095794677734
6,6960,14.0,-9.537841796875,247.82691955566406
6,6961,29.0,-5.037838459014893,147.90078735351562
6,6962,68.0,5.799465656280518,456.2323913574219
6,6963,35.0,-2.5465424060821533,56.641963958740234
6,6964,14.0,-5.8339667320251465,188.96343994140625
6,6965,89.0,12.743485450744629,1181.700439453125
6,6966,102.0,15.304471015930176,1679.3280029296875
6,6967,59.0,4.55918550491333,257.9756774902344
6,6968,35.0,-0.6226663589477539,69.42469787597656
6,6969,11.0,-4.762141704559326,193.9358367919922
6,6970,50.0,3.438244342803955,169.4462890625
6,6971,24.0,-5.331235408782959,76.23336029052734
6,6972,44.0,0.4979780316352844,202.91998291015625
6,6973,92.0,8.149613380432129,1580.895751953125
6,6974,45.0,0.49829941987991333,222.6433868408203
6,6975,32.0,0.08442562073469162,50.7813835144043
6,6976,14.0,-4.42973518371582,132.0321807861328
6,6977,33.0,-1.6699211597442627,59.36794662475586
6,6978,57.0,4.212169647216797,361.5853271484375
6,6979,81.0,9.942649841308594,802.346923828125
6,6980,28.0,-0.42954474687576294,75.35093688964844
6,6981,22.0,-5.11846399307251,102.69463348388672
6,6982,19.0,-5.361393451690674,132.13436889648438
6,6983,44.0,4.060263156890869,146.302978515625
6,6984,75.0,9.865700721740723,622.4321899414062
6,6985,46.0,0.49072667956352234,201.1429901123047
6,6986,76.0,10.45502758026123,858.8765869140625
6,6987,37.0,-1.1658556461334229,65.12059020996094
6,6988,12.0,-3.283413887023926,193.53775024414062
6,6989,52.0,2.9557926654815674,304.5380859375
6,6990,20.0,-4.974517822265625,148.91090393066406
6,6991,55.0,2.839355230331421,212.47024536132812
6,6992,62.0,4.358006000518799,352.2193603515625
6,6993,77.0,6.278533935546875,801.9058227539062
6,6994,36.0,-2.580859899520874,69.84785461425781
6,6995,33.0,-1.3668184280395508,89.42362976074219
6,6996,89.0,12.7377347946167,1000.181884765625
6,6997,43.0,0.5346114039421082,93.87920379638672
6,6998,53.0,3.1817562580108643,172.9933319091797
6,6999,49.0,0.4571284055709839,198.24923706054688
6,7000,51.0,1.897172451019287,250.03289794921875
6,7001,50.0,1.5848444700241089,148.9931182861328
6,7002,52.0,1.54024338722229,169.6637725830078
6,7003,51.0,0.31836798787117004,128.38507080078125
6,7004,30.0,-2.8634707927703857,141.3219757080078
6,7005,67.0,1.536661148071289,546.9963989257812
6,7006,49.0,-0.6217312216758728,173.8006134033203
6,7007,100.0,6.620723724365234,1533.827880859375
6,7008,43.0,-1.7743388414382935,102.66574096679688
6,7009,88.0,11.021854400634766,762.2943115234375
6,7010,94.0,7.198174953460693,1177.955322265625
6,7011,38.0,-1.4615273475646973,137.699462890625
6,7012,47.0,-1.9514590501785278,166.28871154785156
6,7013,59.0,1.8315683603286743,200.8570098876953
6,7014,52.0,-1.3903961181640625,186.599609375
6,7015,25.0,-3.1347556114196777,250.04745483398438
6,7016,49.0,-0.3901061713695526,137.74301147460938
6,7017,74.0,2.7879881858825684,464.8739929199219
6,7018,67.0,2.713921546936035,263.24444580078125
6,7019,28.0,-8.342228889465332,306.7261962890625
6,7020,33.0,-1.910159707069397,162.92657470703125
6,7021,40.0,-3.883943557739258,218.44384765625
6,7022,107.0,12.84913158416748,1196.2547607421875
6,7023,37.0,-3.680610179901123,165.99551391601562
6,7024,47.0,-0.6093398928642273,118.41475677490234
6,7025,43.0,0.04766274616122246,127.43714904785156
6,7026,26.0,-4.5766520500183105,212.81753540039062
6,7027,59.0,1.0873932838439941,236.5520782470703
6,7028,38.0,-1.8990178108215332,117.64370727539062
6,7029,69.0,2.166245937347412,446.88330078125
6,7030,45.0,-0.49022039771080017,107.0119857788086
6,7031,38.0,-4.449625492095947,199.53555297851562
6,7032,44.0,-1.420312762260437,107.08642578125
6,7033,28.0,-3.4391770362854004,145.90794372558594
6,7034,22.0,-4.607451438903809,230.4064483642578
6,7035,31.0,-4.166248321533203,115.9494857788086
6,7036,54.0,2.578521490097046,248.98777770996094
6,7037,84.0,8.26531982421875,911.1021728515625
6,7038,37.0,-0.7211374640464783,88.26775360107422
6,7039,18.0,-7.929768085479736,241.68515014648438
6,7040,10.0,-11.012519836425781,288.05474853515625
6,7041,76.0,4.406320571899414,846.8213500976562
6,7042,42.0,0.16052255034446716,76.65631103515625
6,7043,68.0,4.8653106689453125,615.101806640625
6,7044,48.0,2.7379791736602783,220.33358764648438
6,7045,32.0,0.8703875541687012,71.51579284667969
6,7046,138.0,24.797218322753906,3627.009521484375
6,7047,37.0,-1.0584237575531006,76.44760131835938
6,7048,34.0,-0.34653276205062866,81.87458801269531
6,7049,39.0,-1.052512764930725,61.93087387084961
6,7050,14.0,-6.329793930053711,192.1759033203125
6,7051,51.0,3.646233081817627,265.5301208496094
6,7052,54.0,5.655315399169922,303.8510437011719
6,7053,45.0,0.8601945042610168,173.71914672851562
6,7054,26.0,-1.4966787099838257,73.96253967285156
6,7055,14.0,-8.723543167114258,196.8588104248047
6,7056,33.0,-2.1904876232147217,72.78274536132812
6,7057,46.0,0.5769572854042053,185.62567138671875
6,7058,43.0,1.117387294769287,148.92918395996094
6,7059,40.0,0.33554980158805847,126.17903137207031
6,7060,59.0,4.483088970184326,325.8533020019531
6,7061,29.0,-3.134286880493164,83.16328430175781
6,7062,67.0,5.8191237449646,424.73297119140625
6,7063,31.0,-1.5586276054382324,63.13195037841797
6,7064,55.0,3.4819655418395996,323.10870361328125
6,7065,19.0,-7.029129505157471,197.87759399414062
6,7066,46.0,0.3979416787624359,196.78135681152344
6,7067,36.0,-0.8377687931060791,76.43966674804688
6,7068,14.0,-3.2166988849639893,178.20457458496094
6,7069,39.0,-1.7079312801361084,94.00648498535156
6,7070,25.0,-2.236992120742798,80.35104370117188
6,7071,27.0,-6.302753448486328,89.07115173339844
6,7072,91.0,11.024168014526367,1224.42041015625
6,7073,36.0,-1.5148292779922485,53.448482513427734
6,7074,21.0,-7.10097074508667,135.73504638671875
6,7075,37.0,-1.017592191696167,73.42854309082031
6,7076,69.0,8.474411010742188,522.6713256835938
6,7077,44.0,1.5039047002792358,162.0276336669922
6,7078,54.0,3.3397610187530518,329.57269287109375
6,7079,27.0,-2.4145920276641846,68.48523712158203
6,7080,27.0,-1.3287163972854614,51.40585708618164
6,7081,56.0,4.409579277038574,228.67918395996094
6,7082,66.0,4.792273044586182,501.65289306640625
6,7083,41.0,2.2586991786956787,74.65216064453125
6,7084,55.0,1.2923704385757446,327.2483825683594
6,7085,21.0,-5.545239448547363,101.31392669677734
6,7086,23.0,-3.0070934295654297,92.79265594482422
6,7087,49.0,1.9913491010665894,172.4064178466797
6,7088,66.0,5.086363792419434,461.81646728515625
6,7089,105.0,12.515578269958496,1780.24462890625
6,7090,86.0,11.330138206481934,1012.7939453125
6,7091,34.0,-0.782290518283844,65.98357391357422
6,7092,62.0,4.537398815155029,311.6718444824219
6,7093,33.0,-0.9658724665641785,60.880592346191406
6,7094,43.0,-1.1964589357376099,132.48573303222656
6,7095,25.0,-4.277651786804199,95.49163818359375
6,7096,26.0,-3.1153132915496826,107.28904724121094
6,7097,58.0,3.699993848800659,248.5013885498047
6,7098,43.0,0.5280364751815796,115.78766632080078
6,7099,29.0,-4.120044231414795,70.62031555175781
6,7100,25.0,-4.980352401733398,100.21011352539062
6,7101,19.0,-6.405183792114258,163.48289489746094
6,7102,61.0,4.149780750274658,316.0578918457031
6,7103,68.0,2.3518459796905518,492.2183837890625
6,7104,65.0,5.822330474853516,306.2080993652344
6,7105,31.0,-2.108833074569702,71.30199432373047
6,7106,57.0,0.9088851809501648,306.5855407714844
6,7107,14.0,-7.571866989135742,268.1094055175781
6,7108,15.0,-8.770806312561035,269.70196533203125
6,7109,29.0,-1.6892080307006836,75.74821472167969
6,7110,38.0,-0.1415366679430008,85.44696807861328
6,7111,53.0,1.268319010734558,209.40797424316406
6,7112,44.0,1.2729803323745728,162.8715362548828
6,7113,43.0,0.6247900128364563,113.14002990722656
6,7114,28.0,-2.62044358253479,90.30443572998047
6,7115,47.0,-0.01112847775220871,151.20782470703125
6,7116,26.0,-2.5974950790405273,88.33301544189453
6,7117,13.0,-9.41832160949707,303.70611572265625
6,7118,85.0,11.88861083984375,915.270263671875
6,7119,28.0,-2.182652235031128,75.3306655883789
6,7120,33.0,-1.5300897359848022,57.71969985961914
6,7121,29.0,-1.173783779144287,61.203636169433594
6,7122,59.0,2.8278133869171143,324.96221923828125
6,7123,36.0,-1.5214258432388306,78.10913848876953
6,7124,49.0,1.962248682975769,125.59839630126953
6,7125,71.0,7.223316669464111,498.642333984375
6,7126,65.0,7.550870418548584,622.9725341796875
6,7127,46.0,2.4288082122802734,180.41018676757812
6,7128,54.0,2.638230562210083,216.41973876953125
6,7129,51.0,3.7408511638641357,171.1376953125
6,7130,53.0,2.8570315837860107,206.51205444335938
6,7131,34.0,-0.3768586814403534,85.20486450195312
6,7132,12.0,-6.304672718048096,285.6140441894531
6,7133,74.0,7.917136192321777,538.78369140625
6,7134,68.0,4.968835830688477,376.423583984375
6,7135,71.0,7.495036602020264,406.4755859375
6,7136,75.0,6.971327781677246,594.26708984375
6,7137,43.0,-0.6706262826919556,89.07421875
6,7138,54.0,1.6052638292312622,263.5295104980469
6,7139,66.0,2.507500410079956,421.731201171875
6,7140,44.0,-0.021605320274829865,118.06642150878906
6,7141,11.0,-9.098626136779785,480.4851379394531
6,7142,79.0,7.21981143951416,588.2235717773438
6,7143,83.0,7.808595180511475,568.4802856445312
6,7144,47.0,-0.4994103014469147,143.60142517089844
6,7145,44.0,-0.18000902235507965,125.09418487548828
6,7146,35.0,-3.3986763954162598,172.58102416992188
6,7147,88.0,7.123336315155029,821.2960205078125
6,7148,67.0,3.53134822845459,227.29127502441406
6,7149,40.0,-3.022271156311035,151.5529022216797
6,7150,50.0,-4.226839065551758,200.42987060546875
6,7151,32.0,-2.0628466606140137,147.99961853027344
6,7152,30.0,-1.4810477495193481,155.6653594970703
6,7153,42.0,-5.167431354522705,191.96939086914062
6,7154,29.0,-3.443418502807617,176.3570098876953
6,7155,40.0,-3.0554330348968506,140.41619873046875
6,7156,15.0,-7.91068696975708,326.4708557128906
6,7157,114.0,11.876267433166504,2251.4912109375
6,7158,43.0,-0.19518038630485535,131.13394165039062
6,7159,104.0,13.894709587097168,1402.904541015625
6,7160,51.0,1.5401238203048706,151.5389404296875
6,7161,35.0,-1.9062957763671875,118.14734649658203
6,7162,26.0,-5.570772647857666,193.06394958496094
6,7163,46.0,3.1984267234802246,177.73171997070312
6,7164,105.0,16.41187286376953,1478.6463623046875
6,7165,207.0,33.388973236083984,9925.5673828125
6,7166,24.0,-2.676658868789673,152.5819549560547
6,7167,58.0,1.7012959718704224,235.45303344726562
6,7168,27.0,-7.246788501739502,129.7388916015625
6,7169,71.0,5.676158428192139,521.2013549804688
6,7170,34.0,-1.8339347839355469,98.04924011230469
6,7171,40.0,-0.7092592716217041,110.08723449707031
6,7172,46.0,-0.6720170378684998,99.33804321289062
6,7173,27.0,-3.120711088180542,102.69678497314453
6,7174,41.0,0.27452266216278076,77.96528625488281
6,7175,31.0,-1.683905839920044,74.89270782470703
6,7176,51.0,0.8615306615829468,183.25180053710938
6,7177,57.0,1.0538184642791748,303.33953857421875
6,7178,23.0,-3.6043612957000732,123.09193420410156
6,7179,66.0,5.389556407928467,533.131103515625
6,7180,77.0,8.506545066833496,576.8369140625
6,7181,45.0,0.9687953591346741,133.6009063720703
6,7182,53.0,2.4857687950134277,194.9367218017578
6,7183,67.0,3.937603235244751,479.2613830566406
6,7184,67.0,6.553652763366699,458.7538146972656
6,7185,29.0,-2.8959031105041504,86.72798919677734
6,7186,46.0,1.8130829334259033,139.7530059814453
6,7187,29.0,-7.018946647644043,177.21340942382812
6,7188,29.0,-4.382490158081055,81.3012924194336
6,7189,32.0,-3.5045721530914307,115.55245208740234
6,7190,26.0,-2.978020429611206,139.09768676757812
6,7191,51.0,0.47155988216400146,126.52653503417969
6,7192,24.0,-2.394665241241455,126.13998413085938
6,7193,60.0,0.9291038513183594,375.2934265136719
6,7194,90.0,13.174413681030273,1058.9515380859375
6,7195,41.0,-0.1692723035812378,149.93016052246094
6,7196,49.0,2.554584264755249,126.89409637451172
6,7197,29.0,-4.8108320236206055,88.90335083007812
6,7198,75.0,5.574526309967041,551.6284790039062
6,7199,24.0,-2.354311466217041,125.33206176757812
6,7200,86.0,5.68098258972168,1203.8111572265625
6,7201,29.0,-4.691418170928955,126.47492980957031
6,7202,48.0,1.8045129776000977,117.37287139892578
6,7203,85.0,9.829095840454102,797.6839599609375
6,7204,70.0,7.206584453582764,420.1208190917969
6,7205,51.0,0.9870046973228455,150.39833068847656
6,7206,26.0,-7.1359453201293945,166.1274871826172
6,7207,26.0,-2.323011636734009,138.2487030029297
6,7208,56.0,1.3104474544525146,214.17518615722656
6,7209,60.0,3.536078691482544,256.7334289550781
6,7210,76.0,3.779750347137451,723.1031494140625
6,7211,87.0,6.515605449676514,925.3846435546875
6,7212,25.0,-6.5364274978637695,250.07969665527344
6,7213,62.0,2.4206671714782715,223.50924682617188
6,7214,30.0,-3.763092517852783,176.5348358154297
6,7215,66.0,2.5169219970703125,310.4186096191406
6,7216,31.0,-5.94774055480957,145.08212280273438
6,7217,41.0,-1.3212127685546875,163.88525390625
6,7218,28.0,-5.617606163024902,230.0140838623047
6,7219,82.0,5.714233875274658,707.7337646484375
6,7220,19.0,-11.59875774383545,456.1957092285156
6,7221,66.0,3.2348995208740234,267.7139587402344
6,7222,25.0,-7.35286283493042,236.5106658935547
6,7223,36.0,-4.295392990112305,135.25244140625
6,7224,49.0,-0.08315837383270264,148.89341735839844
6,7225,26.0,-8.58381462097168,197.70472717285156
6,7226,24.0,-12.513434410095215,394.48638916015625
6,7227,109.0,13.64619255065918,1598.3358154296875
6,7228,23.0,-9.4931058883667,338.0345458984375
6,7229,76.0,3.6574394702911377,539.0757446289062
6,7230,24.0,-6.239319801330566,311.2317810058594
6,7231,58.0,1.4431809186935425,205.62725830078125
6,7232,40.0,-0.8687737584114075,67.92695617675781
6,7233,28.0,-5.455319404602051,143.61013793945312
6,7234,82.0,5.610501289367676,692.9971923828125
6,7235,81.0,9.05495834350586,539.3458862304688
6,7236,28.0,-2.9723153114318848,110.30986785888672
6,7237,43.0,-0.25159597396850586,123.61836242675781
6,7238,34.0,-2.9648995399475098,109.02012634277344
6,7239,71.0,7.069141864776611,368.436767578125
6,7240,28.0,-7.332138538360596,163.60122680664062
6,7241,32.0,-2.7804763317108154,114.73523712158203
6,7242,44.0,0.8158572912216187,151.6132354736328
6,7243,45.0,-0.15792058408260345,137.19732666015625
6,7244,83.0,7.14949369430542,737.2577514648438
6,7245,59.0,2.322237253189087,236.9091796875
6,7246,76.0,4.68913459777832,607.2506713867188
6,7247,57.0,1.430681824684143,262.4710388183594
6,7248,47.0,-0.9763271808624268,117.39330291748047
6,7249,30.0,-3.7845330238342285,86.81964874267578
6,7250,43.0,0.350166916847229,111.21694946289062
6,7251,85.0,6.775302410125732,789.6759643554688
6,7252,48.0,-1.3415297269821167,179.59298706054688
6,7253,40.0,-1.5773134231567383,121.05277252197266
6,7254,40.0,-0.23253600299358368,123.28623962402344
6,7255,26.0,-2.8601889610290527,126.78836059570312
6,7256,41.0,-0.8017643690109253,136.99258422851562
6,7257,46.0,0.548386812210083,156.75904846191406
6,7258,51.0,-1.8855042457580566,163.03732299804688
6,7259,53.0,0.7182437777519226,222.25245666503906
6,7260,119.0,14.891094207763672,2250.98388671875
6,7261,15.0,-13.804883003234863,381.6016845703125
6,7262,52.0,1.4305148124694824,169.6866912841797
6,7263,84.0,2.7754862308502197,954.441162109375
6,7264,85.0,3.556652307510376,956.9979248046875
6,7265,42.0,1.0327008962631226,88.33658599853516
6,7266,29.0,-2.091294288635254,96.3884506225586
6,7267,31.0,-7.966278076171875,226.10406494140625
6,7268,40.0,-2.4357492923736572,114.92298126220703
6,7269,74.0,1.8723464012145996,673.7570190429688
6,7270,62.0,3.310352325439453,318.697998046875
6,7271,50.0,-0.7596850991249084,131.14266967773438
6,7272,60.0,1.2699244022369385,271.0037536621094
6,7273,24.0,-4.775524139404297,186.01617431640625
6,7274,14.0,-9.703484535217285,371.0962829589844
6,7275,61.0,2.0475823879241943,236.52322387695312
6,7276,23.0,-3.2893314361572266,197.91378784179688
6,7277,30.0,-3.0204436779022217,94.2052230834961
6,7278,32.0,-3.3436224460601807,144.60107421875
6,7279,69.0,6.4188079833984375,350.58697509765625
6,7280,60.0,3.057162046432495,228.2111053466797
6,7281,45.0,-1.0357216596603394,134.00387573242188
6,7282,15.0,-10.180599212646484,270.01361083984375
6,7283,39.0,-0.5211745500564575,72.80387878417969
6,7284,62.0,4.081457138061523,240.43673706054688
6,7285,76.0,7.255807399749756,560.3703002929688
6,7286,28.0,-5.964425086975098,193.46429443359375
6,7287,31.0,-3.830299139022827,106.62432861328125
6,7288,54.0,2.163118839263916,194.88009643554688
6,7289,84.0,6.700565814971924,968.5369873046875
6,7290,47.0,1.158577561378479,115.71971130371094
6,7291,20.0,-6.754922866821289,230.04234313964844
6,7292,77.0,6.474164962768555,554.1456909179688
6,7293,41.0,-0.09173569083213806,115.95269012451172
6,7294,38.0,-0.34123513102531433,95.44465637207031
6,7295,58.0,3.7852604389190674,175.59420776367188
6,7296,23.0,-9.351027488708496,243.7883758544922
6,7297,58.0,1.3160431385040283,306.9205017089844
6,7298,41.0,-0.708001434803009,103.03526306152344
6,7299,36.0,-0.8384646773338318,76.62725067138672
6,7300,52.0,1.0594850778579712,119.4963607788086
6,7301,53.0,2.4466049671173096,166.31578063964844
6,7302,40.0,-1.9825725555419922,77.3731918334961
6,7303,102.0,7.751163959503174,1537.1104736328125
6,7304,84.0,8.129557609558105,883.468505859375
6,7305,99.0,8.132671356201172,1405.649169921875
6,7306,22.0,-6.466818332672119,233.15902709960938
6,7307,31.0,-1.2337040901184082,95.58790588378906
6,7308,15.0,-14.75047492980957,308.2207336425781
6,7309,32.0,-3.447514295578003,144.98057556152344
6,7310,40.0,-1.8229848146438599,90.5103530883789
6,7311,59.0,3.3899543285369873,255.84628295898438
6,7312,62.0,3.9834420680999756,237.74301147460938
6,7313,30.0,-1.870939016342163,102.58335876464844
6,7314,38.0,-1.999285340309143,113.69877624511719
6,7315,27.0,-3.617949962615967,116.83482360839844
6,7316,26.0,-1.9923962354660034,105.33184051513672
6,7317,87.0,9.412761688232422,838.178955078125
6,7318,35.0,-1.3911857604980469,84.78713989257812
6,7319,25.0,-1.8584758043289185,117.10802459716797
6,7320,62.0,2.7217838764190674,345.6426696777344
6,7321,41.0,0.22673854231834412,68.2520980834961
6,7322,51.0,2.9159493446350098,165.45425415039062
6,7323,31.0,-1.9304580688476562,86.43333435058594
6,7324,51.0,2.0494587421417236,181.35504150390625
6,7325,53.0,3.4443297386169434,227.9122772216797
6,7326,50.0,1.719697117805481,150.80447387695312
6,7327,43.0,-0.038589801639318466,176.0330810546875
6,7328,21.0,-5.795536994934082,179.95947265625
6,7329,40.0,0.07608400285243988,80.27566528320312
6,7330,36.0,-2.244807243347168,62.392940521240234
6,7331,63.0,4.050211429595947,418.11004638671875
6,7332,30.0,-3.296030282974243,75.94676208496094
6,7333,49.0,1.768863558769226,222.8611297607422
6,7334,44.0,0.7059242129325867,80.13524627685547
6,7335,52.0,1.4290176630020142,223.40631103515625
6,7336,52.0,2.173570394515991,192.62547302246094
6,7337,41.0,-1.6883304119110107,80.63823699951172
6,7338,42.0,1.0728715658187866,82.10991668701172
6,7339,39.0,-1.9571086168289185,83.61483001708984
6,7340,84.0,9.476114273071289,919.7652587890625
6,7341,40.0,-2.3967947959899902,88.95854187011719
6,7342,59.0,4.0127716064453125,187.04808044433594
6,7343,77.0,7.0596795082092285,686.0171508789062
6,7344,31.0,-3.7343456745147705,100.03852844238281
6,7345,46.0,-0.23866401612758636,134.5568389892578
6,7346,48.0,2.388909101486206,131.60379028320312
6,7347,23.0,-5.6010026931762695,174.562255859375
6,7348,76.0,6.802480697631836,535.0051879882812
6,7349,36.0,-2.1493942737579346,115.19257354736328
6,7350,28.0,-4.179048538208008,97.86536407470703
6,7351,31.0,-1.7671853303909302,96.60009002685547
6,7352,56.0,2.6646740436553955,154.59933471679688
6,7353,38.0,-1.4578322172164917,70.94769287109375
6,7354,44.0,1.154839277267456,138.10960388183594
6,7355,45.0,1.059971809387207,73.69709777832031
6,7356,49.0,1.9728922843933105,185.36952209472656
6,7357,38.0,-0.4143449664115906,72.36211395263672
6,7358,51.0,0.7160237431526184,173.4407501220703
6,7359,53.0,2.3735904693603516,212.10568237304688
6,7360,67.0,2.9541399478912354,467.7923583984375
6,7361,72.0,6.8442063331604,513.3789672851562
6,7362,50.0,3.4898343086242676,150.351806640625
6,7363,37.0,-0.8432570695877075,73.95243835449219
6,7364,45.0,-0.16885779798030853,170.28826904296875
6,7365,27.0,-4.8929595947265625,114.28226470947266
6,7366,29.0,-11.034442901611328,272.4620056152344
6,7367,102.0,13.308893203735352,1377.7877197265625
6,7368,50.0,0.35774266719818115,144.0144805908203
6,7369,42.0,-0.2884525656700134,98.64186096191406
6,7370,70.0,5.323230266571045,341.8463134765625
6,7371,38.0,-1.090602993965149,136.60401916503906
6,7372,72.0,4.911840438842773,341.1622314453125
6,7373,37.0,-1.7466155290603638,104.77625274658203
6,7374,63.0,1.0903537273406982,264.13433837890625
6,7375,26.0,-5.0498247146606445,287.460205078125
6,7376,34.0,-3.398900032043457,163.3159942626953
6,7377,32.0,-3.0600996017456055,160.6929473876953
6,7378,55.0,0.5756521224975586,172.48390197753906
6,7379,20.0,-9.12562084197998,320.41851806640625
6,7380,68.0,5.41865348815918,364.0537414550781
6,7381,15.0,-7.829810619354248,332.7154235839844
6,7382,57.0,1.3115479946136475,254.53443908691406
6,7383,53.0,1.574753999710083,173.8777618408203
6,7384,49.0,0.5145066380500793,101.24864959716797
6,7385,51.0,2.2878496646881104,154.65432739257812
6,7386,46.0,-1.8423068523406982,111.02014923095703
6,7387,74.0,4.969120025634766,480.1824035644531
6,7388,18.0,-10.841131210327148,267.33709716796875
6,7389,36.0,-2.65683650970459,116.22100067138672
6,7390,46.0,-1.5200252532958984,193.90536499023438
6,7391,71.0,4.195800304412842,337.4752197265625
6,7392,72.0,5.76203727722168,328.06146240234375
6,7393,52.0,2.334031581878662,122.06006622314453
6,7394,50.0,1.5996471643447876,151.29237365722656
6,7395,53.0,0.45560285449028015,123.5006103515625
6,7396,45.0,-0.8869324922561646,106.50569152832031
6,7397,47.0,-0.8813957571983337,94.38568115234375
6,7398,32.0,-5.0031585693359375,169.0728302001953
6,7399,38.0,-2.476161241531372,123.60417938232422
6,7400,42.0,-1.2393800020217896,89.95890808105469
6,7401,21.0,-6.476699352264404,316.3310241699219
6,7402,88.0,8.592647552490234,827.7221069335938
6,7403,12.0,-10.29427433013916,406.0508728027344
6,7404,41.0,-0.7566282153129578,118.25652313232422
6,7405,36.0,-1.7646937370300293,77.27423095703125
6,7406,66.0,3.604679822921753,306.08038330078125
6,7407,38.0,-2.3654017448425293,104.01556396484375
6,7408,68.0,4.727579593658447,459.8516540527344
6,7409,68.0,2.1964242458343506,401.7241516113281
6,7410,66.0,5.764497756958008,394.57366943359375
6,7411,22.0,-4.678492069244385,138.98800659179688
6,7412,31.0,-2.9894566535949707,124.4722671508789
6,7413,41.0,-0.4216988682746887,116.38798522949219
6,7414,72.0,4.041596412658691,558.685791015625
6,7415,72.0,6.54964542388916,599.8179931640625
6,7416,57.0,4.17567253112793,201.7764129638672
6,7417,47.0,0.8191632628440857,183.37403869628906
6,7418,56.0,1.8927899599075317,206.8433074951172
6,7419,57.0,2.576814651489258,130.75381469726562
6,7420,34.0,-2.307598829269409,107.32394409179688
6,7421,35.0,-1.9104615449905396,106.25663757324219
6,7422,87.0,8.244420051574707,905.17333984375
6,7423,41.0,-3.004241943359375,119.07125091552734
6,7424,45.0,0.606029212474823,118.92117309570312
6,7425,35.0,-2.3738770484924316,92.85233306884766
6,7426,25.0,-3.652738094329834,163.35354614257812
6,7427,65.0,4.333254337310791,241.60256958007812
6,7428,22.0,-4.804259777069092,240.83412170410156
6,7429,55.0,1.817594051361084,212.33348083496094
6,7430,12.0,-5.601595401763916,376.9632873535156
6,7431,35.0,-3.8330395221710205,116.61134338378906
6,7432,31.0,-2.057286024093628,122.44818878173828
6,7433,38.0,-1.353635549545288,85.51255798339844
6,7434,35.0,-1.605789065361023,92.04124450683594
6,7435,30.0,-1.5312520265579224,92.23475646972656
6,7436,95.0,11.155717849731445,1124.51904296875
6,7437,54.0,0.9651935696601868,169.6271514892578
6,7438,30.0,-3.0455029010772705,93.75181579589844
6,7439,45.0,-0.09349805861711502,108.42940521240234
6,7440,147.0,20.104761123657227,4549.16943359375
6,7441,39.0,0.36233144998550415,69.02894592285156
6,7442,38.0,0.16539648175239563,86.08847045898438
6,7443,48.0,-0.09359164535999298,154.94053649902344
6,7444,38.0,-1.0961635112762451,82.75527954101562
6,7445,30.0,-0.8380900025367737,93.11643981933594
6,7446,29.0,-3.4283974170684814,100.41637420654297
6,7447,27.0,-1.904342532157898,92.32109069824219
6,7448,38.0,-1.0382423400878906,111.05577850341797
6,7449,28.0,-3.3728978633880615,85.9066162109375
6,7450,43.0,0.833961546421051,112.7283706665039
6,7451,45.0,2.6376991271972656,132.91160583496094
6,7452,40.0,0.2905336618423462,86.90055847167969
6,7453,39.0,-1.713536024093628,58.24185562133789
6,7454,61.0,4.448685169219971,312.89031982421875
6,7455,27.0,-0.9697414636611938,73.64653015136719
6,7456,52.0,1.528670072555542,205.5787811279297
6,7457,66.0,5.602487087249756,445.7307434082031
6,7458,21.0,-7.308303356170654,152.06124877929688
6,7459,63.0,5.807530879974365,295.860595703125
6,7460,30.0,-2.4421603679656982,76.15015411376953
6,7461,72.0,10.839238166809082,534.5045776367188
6,7462,37.0,-2.189628839492798,77.98067474365234
6,7463,32.0,-2.3703083992004395,74.9052734375
6,7464,68.0,7.035048007965088,434.7301025390625
6,7465,13.0,-6.705658912658691,219.43795776367188
6,7466,43.0,1.061192274093628,78.03153228759766
6,7467,37.0,-0.41279977560043335,57.83161163330078
6,7468,42.0,0.3627580404281616,72.69972229003906
6,7469,46.0,1.8838459253311157,131.84654235839844
6,7470,70.0,5.702014923095703,600.0429077148438
6,7471,34.0,-4.001006126403809,66.34820556640625
6,7472,65.0,4.339282989501953,369.6666259765625
6,7473,96.0,15.188307762145996,1249.8623046875
6,7474,72.0,3.790511131286621,661.7706298828125
6,7475,38.0,0.2175331711769104,69.56607818603516
6,7476,60.0,4.493056297302246,384.1131286621094
6,7477,28.0,-2.0085270404815674,99.82855987548828
6,7478,53.0,2.4769959449768066,238.73849487304688
6,7479,22.0,-5.215327739715576,159.84881591796875
6,7480,52.0,2.24522066116333,166.24911499023438
6,7481,81.0,6.058030128479004,756.0919189453125
6,7482,25.0,-2.5593440532684326,154.5404815673828
6,7483,28.0,-2.1648921966552734,116.54084777832031
6,7484,39.0,-2.5391592979431152,101.6552734375
6,7485,25.0,-5.454923152923584,192.01654052734375
6,7486,37.0,-0.5245339274406433,92.7968521118164
6,7487,21.0,-7.5252275466918945,223.17813110351562
6,7488,44.0,1.1892595291137695,93.35567474365234
6,7489,40.0,-0.7277162075042725,88.47562408447266
6,7490,48.0,0.2917078137397766,104.51054382324219
6,7491,22.0,-2.9916207790374756,127.32156372070312
6,7492,15.0,-9.375629425048828,218.28292846679688
6,7493,66.0,3.3440160751342773,403.21417236328125
6,7494,48.0,0.9145769476890564,159.39939880371094
6,7495,31.0,-0.514503538608551,74.4258041381836
6,7496,43.0,1.6958411931991577,109.45979309082031
6,7497,54.0,2.6304056644439697,154.898193359375
6,7498,44.0,0.575005829334259,129.14854431152344
6,7499,12.0,-9.323273658752441,245.26034545898438
6,7500,14.0,-4.3281025886535645,143.62713623046875
6,7501,30.0,-2.3642685413360596,61.10765838623047
6,7502,12.0,-10.997883796691895,243.67684936523438
6,7503,35.0,-1.4287400245666504,67.92597198486328
6,7504,12.0,-2.0145888328552246,156.1552734375
6,7505,11.0,-2.317239999771118,171.7378692626953
6,7506,82.0,9.81836986541748,980.1234741210938
6,7507,38.0,0.9273974299430847,97.58172607421875
6,7508,12.0,-1.7707310914993286,123.59476470947266
6,7509,50.0,3.4768764972686768,164.61546325683594
6,7510,54.0,4.174206733703613,285.60321044921875
6,7511,67.0,8.515844345092773,428.66961669921875
6,7512,46.0,3.749674081802368,241.5973358154297
6,7513,41.0,0.6566941142082214,154.08872985839844
6,7514,32.0,-0.2783910632133484,53.236392974853516
6,7515,26.0,-1.8972530364990234,52.96443557739258
6,7516,106.0,16.012413024902344,2394.77978515625
6,7517,28.0,-1.6342086791992188,54.20010757446289
6,7518,42.0,1.1997921466827393,118.99140167236328
6,7519,55.0,3.524498224258423,239.57257080078125
6,7520,33.0,-1.8379390239715576,77.50080108642578
6,7521,37.0,-0.41240227222442627,69.72775268554688
6,7522,29.0,-2.0146632194519043,60.673587799072266
6,7523,11.0,-2.7480125427246094,165.54734802246094
6,7524,41.0,1.6048023700714111,157.60638427734375
6,7525,41.0,1.0481799840927124,122.11275482177734
6,7526,29.0,-2.2301206588745117,60.43912887573242
6,7527,70.0,5.760663986206055,728.86669921875
6,7528,26.0,-2.7800936698913574,55.1251106262207
6,7529,40.0,1.456916332244873,132.06634521484375
6,7530,76.0,9.443562507629395,800.4352416992188
6,7531,11.0,-6.222227096557617,146.30889892578125
6,7532,43.0,2.8418149948120117,133.00027465820312
6,7533,49.0,3.1977152824401855,189.36288452148438
6,7534,66.0,5.145480632781982,521.0078125
6,7535,30.0,-2.563875913619995,82.70838165283203
6,7536,33.0,-2.436685085296631,69.79288482666016
6,7537,25.0,-2.3888890743255615,69.1681137084961
6,7538,25.0,-2.532897710800171,89.7957534790039
6,7539,38.0,-0.7155670523643494,104.2369613647461
6,7540,30.0,-1.6100959777832031,62.183109283447266
6,7541,13.0,-8.105188369750977,165.54925537109375
6,7542,41.0,1.9739315509796143,86.8785171508789
6,7543,90.0,10.474642753601074,1252.415771484375
6,7544,45.0,1.779875636100769,201.60438537597656
6,7545,12.0,-6.203340530395508,175.78073120117188
6,7546,33.0,-1.070762276649475,53.27223587036133
6,7547,48.0,3.2209315299987793,135.24830627441406
6,7548,57.0,5.883452892303467,418.810546875
6,7549,24.0,-3.7674574851989746,70.43109893798828
6,7550,27.0,-0.7808965444564819,47.45780944824219
6,7551,12.0,-4.69224214553833,145.3134002685547
6,7552,46.0,0.9089346528053284,107.89293670654297
6,7553,43.0,0.18210943043231964,145.6460723876953
6,7554,94.0,10.969941139221191,1637.1190185546875
6,7555,65.0,6.081682205200195,507.6053161621094
6,7556,15.0,-3.741813898086548,91.5916976928711
6,7557,112.0,13.080506324768066,2480.863037109375
6,7558,80.0,7.689365863800049,942.9606323242188
6,7559,53.0,2.311532974243164,269.9210205078125
6,7560,53.0,3.6686391830444336,244.75576782226562
6,7561,87.0,11.071784019470215,1154.2965087890625
6,7562,66.0,7.317660331726074,384.9100341796875
6,7563,23.0,-2.1468093395233154,103.96668243408203
6,7564,114.0,10.397799491882324,2501.645751953125
6,7565,40.0,-0.08877071738243103,114.29759216308594
6,7566,73.0,4.945618152618408,588.65234375
6,7567,32.0,-5.261357307434082,122.57373046875
6,7568,46.0,0.6804797649383545,103.29283905029297
6,7569,38.0,-1.6744728088378906,103.7716293334961
6,7570,29.0,-2.0561723709106445,110.67544555664062
6,7571,78.0,7.631592273712158,740.18994140625
6,7572,67.0,3.4707958698272705,434.21429443359375
6,7573,89.0,6.018960952758789,998.2628784179688
6,7574,39.0,-1.3864766359329224,103.54894256591797
6,7575,64.0,3.59389591217041,290.23651123046875
6,7576,35.0,-0.7850176692008972,110.89718627929688
6,7577,28.0,-1.3541983366012573,133.01141357421875
6,7578,50.0,-0.2827712893486023,124.78224182128906
6,7579,47.0,0.05194493383169174,117.40419006347656
6,7580,85.0,7.803099632263184,832.1100463867188
6,7581,71.0,4.189253330230713,463.9897766113281
6,7582,80.0,6.648329734802246,546.5596923828125
6,7583,24.0,-3.637507677078247,200.98162841796875
6,7584,16.0,-8.949278831481934,231.4959716796875
6,7585,55.0,2.7859957218170166,207.87509155273438
6,7586,47.0,-2.040255546569824,107.16851806640625
6,7587,162.0,23.405380249023438,4968.517578125
6,7588,70.0,3.566059112548828,430.54754638671875
6,7589,39.0,-0.8905277252197266,133.00099182128906
6,7590,11.0,-13.41889762878418,361.3750305175781
6,7591,47.0,-0.3402703106403351,100.43001556396484
6,7592,76.0,5.711750507354736,477.7188415527344
6,7593,44.0,-0.18947860598564148,107.83824157714844
6,7594,80.0,7.361175060272217,659.071533203125
6,7595,36.0,-2.6884539127349854,104.61896514892578
6,7596,51.0,0.2760337293148041,142.88465881347656
6,7597,50.0,1.116079568862915,118.08384704589844
6,7598,49.0,0.1911529153585434,138.88888549804688
6,7599,80.0,8.355687141418457,567.06884765625
6,7600,28.0,-4.581855297088623,146.68438720703125
6,7601,67.0,3.1986083984375,362.97125244140625
6,7602,59.0,2.7733373641967773,157.75
6,7603,37.0,-0.4616832733154297,112.27652740478516
6,7604,27.0,-5.830190181732178,177.71937561035156
6,7605,31.0,-3.2771317958831787,112.26774597167969
6,7606,73.0,1.4786856174468994,592.950439453125
6,7607,56.0,-0.05741354450583458,144.0402374267578
6,7608,47.0,0.031815215945243835,91.97126770019531
6,7609,53.0,2.3312060832977295,146.59420776367188
6,7610,43.0,-0.16014142334461212,84.11446380615234
6,7611,52.0,0.13928315043449402,139.71231079101562
6,7612,40.0,-1.0804208517074585,98.53572845458984
6,7613,101.0,10.361553192138672,1387.5726318359375
6,7614,70.0,5.459151744842529,396.4934997558594
6,7615,81.0,7.8158345222473145,777.40625
6,7616,51.0,-0.041118912398815155,198.087158203125
6,7617,26.0,-5.557744026184082,174.16812133789062
6,7618,50.0,-0.8109849691390991,193.83631896972656
6,7619,47.0,-0.05987554043531418,111.13916778564453
6,7620,64.0,4.9842848777771,339.0316467285156
6,7621,24.0,-3.7150065898895264,172.55238342285156
6,7622,97.0,11.051995277404785,1137.1051025390625
6,7623,36.0,-3.929640293121338,113.69074249267578
6,7624,56.0,1.8440451622009277,148.30020141601562
6,7625,18.0,-8.565163612365723,325.673095703125
6,7626,95.0,10.290107727050781,1059.826416015625
6,7627,77.0,6.37250280380249,461.0207824707031
6,7628,31.0,-5.0774946212768555,164.84695434570312
6,7629,76.0,4.36799430847168,511.1119079589844
6,7630,51.0,0.3392161726951599,119.09784698486328
6,7631,41.0,-2.51239013671875,131.49407958984375
6,7632,27.0,-5.962948799133301,284.07989501953125
6,7633,39.0,-4.3776092529296875,124.4942398071289
6,7634,56.0,-0.5925289988517761,222.42587280273438
6,7635,81.0,6.095439434051514,645.9724731445312
6,7636,29.0,-5.5351996421813965,148.8586883544922
6,7637,126.0,14.772147178649902,2584.771484375
6,7638,47.0,-0.715309202671051,168.42115783691406
6,7639,61.0,0.20631112158298492,248.8607177734375
6,7640,57.0,0.05336059629917145,209.18576049804688
6,7641,48.0,-0.07997346669435501,155.40731811523438
6,7642,77.0,4.287558078765869,602.9937744140625
6,7643,55.0,1.873775839805603,188.9932098388672
6,7644,71.0,4.492343902587891,434.55120849609375
6,7645,63.0,0.8400574922561646,249.43360900878906
6,7646,28.0,-4.690583229064941,166.77734375
6,7647,56.0,2.3789589405059814,222.17620849609375
6,7648,35.0,-3.7658233642578125,153.6175537109375
6,7649,83.0,4.9927802085876465,565.7015380859375
6,7650,32.0,-6.529811859130859,236.90444946289062
6,7651,44.0,-3.5815818309783936,146.7037353515625
6,7652,38.0,-6.648106098175049,209.36656188964844
6,7653,49.0,-1.507970929145813,125.27409362792969
6,7654,65.0,3.0558228492736816,231.91812133789062
6,7655,38.0,-4.20602560043335,205.32749938964844
6,7656,47.0,-0.5985975861549377,122.6063003540039
6,7657,41.0,-1.7050365209579468,121.41732788085938
6,7658,37.0,-4.477522373199463,142.70362854003906
6,7659,61.0,1.7038500308990479,160.65228271484375
6,7660,78.0,6.0477447509765625,520.135498046875
6,7661,49.0,-3.0369114875793457,155.3669891357422
6,7662,63.0,2.765235662460327,213.96250915527344
6,7663,46.0,-2.117141008377075,119.76754760742188
6,7664,32.0,-8.71929931640625,287.6113586425781
6,7665,64.0,3.1021971702575684,224.37953186035156
6,7666,44.0,0.4159274995326996,119.39425659179688
6,7667,73.0,4.626487731933594,421.36199951171875
6,7668,56.0,1.460922122001648,238.76463317871094
6,7669,51.0,-1.4012556076049805,181.84616088867188
6,7670,53.0,0.7546972632408142,151.51107788085938
6,7671,49.0,-2.1637728214263916,158.4092559814453
6,7672,29.0,-2.1162071228027344,147.0948028564453
6,7673,36.0,-4.558359146118164,175.7032470703125
6,7674,44.0,-0.43923625349998474,113.63432312011719
6,7675,59.0,2.1161813735961914,256.1009521484375
6,7676,33.0,-3.779209613800049,143.54737854003906
6,7677,13.0,-12.117814064025879,445.19793701171875
6,7678,66.0,1.959784746170044,372.548828125
6,7679,29.0,-5.01238489151001,147.94862365722656
6,7680,69.0,4.650880813598633,283.6341857910156
6,7681,45.0,0.2777664363384247,72.57488250732422
6,7682,58.0,-0.13286741077899933,200.9877166748047
6,7683,44.0,-2.044379711151123,105.34031677246094
6,7684,40.0,-2.286484479904175,126.19239807128906
6,7685,31.0,-4.068959712982178,100.11940002441406
6,7686,23.0,-4.682969570159912,135.8341827392578
6,7687,45.0,0.9830545783042908,198.88990783691406
6,7688,63.0,5.3329668045043945,396.21246337890625
6,7689,49.0,0.6377864480018616,122.1648178100586
6,7690,22.0,-5.595809459686279,166.0146026611328
6,7691,51.0,2.620058059692383,223.18325805664062
6,7692,41.0,1.5459953546524048,95.23099517822266
6,7693,28.0,-1.0938373804092407,101.90202331542969
6,7694,22.0,-6.130728721618652,112.7569351196289
6,7695,34.0,-1.2713701725006104,59.11931610107422
6,7696,51.0,2.2016289234161377,132.21961975097656
6,7697,69.0,7.546827793121338,504.7906494140625
6,7698,78.0,6.722084999084473,807.8911743164062
6,7699,40.0,0.5184157490730286,79.87507629394531
6,7700,33.0,-0.5029701590538025,67.34215545654297
6,7701,37.0,-2.1660661697387695,76.7330322265625
6,7702,56.0,1.8685812950134277,286.50787353515625
6,7703,64.0,3.622993230819702,384.5361022949219
6,7704,30.0,-5.0642876625061035,85.42566680908203
6,7705,50.0,1.5856825113296509,220.02874755859375
6,7706,29.0,-2.727034091949463,89.50003814697266
6,7707,24.0,-5.6341776847839355,153.42555236816406
6,7708,14.0,-10.589146614074707,306.26531982421875
6,7709,26.0,-6.247171878814697,103.1888198852539
6,7710,39.0,-0.7998306751251221,74.80099487304688
6,7711,45.0,1.451539158821106,80.34342956542969
6,7712,67.0,7.021921634674072,355.1253662109375
6,7713,55.0,3.9839677810668945,247.9521484375
6,7714,49.0,1.3761698007583618,156.55442810058594
6,7715,82.0,9.393343925476074,935.38037109375
6,7716,68.0,5.66101598739624,493.396728515625
6,7717,28.0,-0.9752216935157776,71.30431365966797
6,7718,80.0,6.364899635314941,790.1939697265625
6,7719,11.0,-9.770659446716309,246.07994079589844
6,7720,41.0,-2.7863850593566895,119.3224105834961
6,7721,34.0,-1.311369776725769,95.36489868164062
6,7722,37.0,-0.5233059525489807,76.04974365234375
6,7723,23.0,-4.885549545288086,175.5586700439453
6,7724,64.0,4.326282501220703,342.4217224121094
6,7725,50.0,0.8711656332015991,177.90821838378906
6,7726,86.0,5.290162563323975,1196.9478759765625
6,7727,39.0,1.2417659759521484,123.60536193847656
6,7728,88.0,7.134371280670166,940.1024169921875
6,7729,68.0,2.9455275535583496,488.017822265625
6,7730,36.0,-4.317539215087891,83.54446411132812
6,7731,37.0,-0.7583766579627991,76.5682373046875
6,7732,72.0,6.300057411193848,422.1880187988281
6,7733,45.0,0.8747643828392029,151.79052734375
6,7734,79.0,4.472024917602539,751.7074584960938
6,7735,38.0,-1.872418999671936,91.56694793701172
6,7736,56.0,0.4596559703350067,242.61099243164062
6,7737,64.0,4.611934661865234,313.7696838378906
6,7738,58.0,3.039689064025879,238.3606719970703
6,7739,61.0,3.280276298522949,207.13624572753906
6,7740,74.0,3.729121208190918,465.53082275390625
6,7741,14.0,-15.930480003356934,427.54742431640625
6,7742,93.0,6.3154296875,992.2180786132812
6,7743,44.0,-1.0562292337417603,142.95692443847656
6,7744,38.0,-5.050868511199951,157.1543426513672
6,7745,89.0,2.052623987197876,889.5866088867188
6,7746,45.0,-1.6000518798828125,162.13795471191406
6,7747,72.0,1.9814634323120117,543.435546875
6,7748,56.0,-0.3001711070537567,217.32571411132812
6,7749,71.0,4.996267795562744,311.0636901855469
6,7750,25.0,-3.3010480403900146,328.9385986328125
6,7751,44.0,-1.7623541355133057,149.3163299560547
6,7752,43.0,-3.4391331672668457,216.90769958496094
6,7753,51.0,-0.22429326176643372,172.61378479003906
6,7754,35.0,-2.4533774852752686,205.00704956054688
6,7755,26.0,-8.27409839630127,287.3228759765625
6,7756,29.0,-4.156980991363525,190.2453155517578
6,7757,31.0,-4.80354118347168,300.29998779296875
6,7758,28.0,-3.809103488922119,170.37998962402344
6,7759,84.0,2.755479335784912,985.7640991210938
6,7760,34.0,-3.4868569374084473,133.0758819580078
6,7761,28.0,-3.3946805000305176,186.05958557128906
6,7762,29.0,-1.295413851737976,122.44768524169922
6,7763,32.0,-3.3448984622955322,105.08566284179688
6,7764,89.0,9.75837516784668,982.399169921875
6,7765,49.0,1.8897920846939087,123.96171569824219
6,7766,58.0,2.949629068374634,265.4937438964844
6,7767,43.0,0.5002310276031494,86.61250305175781
6,7768,50.0,1.7744072675704956,119.42143249511719
6,7769,45.0,0.1469496637582779,81.65324401855469
6,7770,11.0,-8.87386417388916,355.6887512207031
6,7771,63.0,4.884675979614258,377.9589538574219
6,7772,42.0,0.9327977299690247,78.4863510131836
6,7773,58.0,2.7968897819519043,317.31292724609375
6,7774,30.0,-2.96872615814209,89.3699722290039
6,7775,66.0,3.4150872230529785,432.63702392578125
6,7776,48.0,1.3226678371429443,245.43792724609375
6,7777,39.0,-0.9608854651451111,88.0398941040039
6,7778,59.0,1.5621978044509888,278.9890441894531
6,7779,50.0,-0.2026309370994568,155.68258666992188
6,7780,38.0,-2.638828992843628,77.53665924072266
6,7781,58.0,1.5855997800827026,188.80751037597656
6,7782,101.0,8.634930610656738,1653.5875244140625
6,7783,56.0,2.7060608863830566,199.002685546875
6,7784,37.0,-1.144376277923584,84.32994079589844
6,7785,37.0,-0.7880268096923828,100.51525115966797
6,7786,42.0,-0.1639978587627411,154.38394165039062
6,7787,45.0,-0.5991888642311096,122.34667205810547
6,7788,12.0,-3.618492364883423,343.98870849609375
6,7789,41.0,-0.4000309109687805,80.60017395019531
6,7790,28.0,-1.8042007684707642,114.2894058227539
6,7791,42.0,0.14158950746059418,103.20623779296875
6,7792,21.0,-4.273082256317139,183.70005798339844
6,7793,36.0,-0.8374090790748596,80.75350189208984
6,7794,35.0,-1.4154884815216064,66.99581146240234
6,7795,44.0,1.7817821502685547,120.9954833984375
6,7796,77.0,7.236280918121338,572.422119140625
6,7797,56.0,2.2610905170440674,210.00015258789062
6,7798,11.0,-7.9351396560668945,262.6445617675781
6,7799,13.0,-4.511943817138672,171.30349731445312
6,7800,29.0,-3.4735805988311768,97.69680786132812
6,7801,28.0,-2.7176666259765625,78.99327850341797
6,7802,30.0,-0.4858872890472412,74.21784210205078
6,7803,59.0,2.1857712268829346,380.52252197265625
6,7804,34.0,0.6884061098098755,67.48336029052734
6,7805,61.0,5.769350528717041,523.2728881835938
6,7806,54.0,5.389756202697754,190.8228759765625
6,7807,49.0,4.326811790466309,187.2411346435547
6,7808,57.0,6.144001483917236,359.2442321777344
6,7809,24.0,-1.7507715225219727,61.19502639770508
6,7810,78.0,7.875957012176514,756.1477661132812
6,7811,35.0,-0.14358071982860565,51.843597412109375
6,7812,31.0,-2.6845438480377197,66.4134521484375
6,7813,42.0,-0.6260067820549011,89.05915069580078
6,7814,55.0,3.220346212387085,263.46600341796875
6,7815,26.0,-3.960348606109619,86.79887390136719
6,7816,38.0,-1.1684608459472656,74.95332336425781
6,7817,29.0,-2.020427703857422,78.582763671875
6,7818,26.0,-2.5157320499420166,70.44466400146484
6,7819,73.0,7.485240936279297,539.7520141601562
6,7820,68.0,6.575047016143799,407.9179382324219
6,7821,90.0,5.463916301727295,1471.4490966796875
6,7822,51.0,0.905386209487915,234.18084716796875
6,7823,71.0,6.762580871582031,446.5718688964844
6,7824,11.0,-5.368676662445068,253.10704040527344
6,7825,47.0,2.4408833980560303,184.5784149169922
6,7826,63.0,5.929971218109131,271.62091064453125
6,7827,81.0,5.727487564086914,878.167236328125
6,7828,41.0,0.19328446686267853,85.47433471679688
6,7829,24.0,-5.205673694610596,135.6305694580078
6,7830,121.0,14.815417289733887,2394.882568359375
6,7831,48.0,4.5901970863342285,176.27796936035156
6,7832,28.0,-1.360643744468689,110.68026733398438
6,7833,57.0,1.5710073709487915,198.2573699951172
6,7834,38.0,-2.2017879486083984,128.3158721923828
6,7835,27.0,-3.4959099292755127,151.3465118408203
6,7836,28.0,-4.830345153808594,174.1674346923828
6,7837,43.0,0.3401746451854706,81.81351470947266
6,7838,24.0,-6.6316819190979,165.36404418945312
6,7839,16.0,-7.4125213623046875,279.9801330566406
6,7840,21.0,-4.9885029792785645,201.45748901367188
6,7841,85.0,9.15229320526123,768.2125244140625
6,7842,51.0,2.859649419784546,174.6378936767578
6,7843,52.0,1.5828267335891724,176.77862548828125
6,7844,36.0,-1.3219517469406128,79.55938720703125
6,7845,51.0,2.929879903793335,138.809814453125
6,7846,91.0,6.386266231536865,1218.4658203125
6,7847,34.0,-4.188112258911133,146.87062072753906
6,7848,18.0,-5.81215763092041,191.65762329101562
6,7849,48.0,-0.4722176194190979,157.29592895507812
6,7850,47.0,-0.281619668006897,107.83795928955078
6,7851,46.0,1.8428655862808228,92.31680297851562
6,7852,45.0,-0.530773937702179,85.14588165283203
6,7853,83.0,7.588160991668701,950.1160278320312
6,7854,24.0,-3.4675638675689697,154.7091522216797
6,7855,32.0,-1.797195315361023,82.00418853759766
6,7856,62.0,3.6676666736602783,312.3003234863281
6,7857,24.0,-4.731727123260498,118.04938507080078
6,7858,39.0,-1.6855124235153198,113.6347427368164
6,7859,19.0,-9.744695663452148,270.0611572265625
6,7860,30.0,-1.8343045711517334,96.85393524169922
6,7861,15.0,-13.896904945373535,296.75408935546875
6,7862,92.0,5.259674072265625,1350.6610107421875
6,7863,41.0,0.05861688405275345,74.97252655029297
6,7864,41.0,0.2902524471282959,135.1871337890625
6,7865,39.0,4.373289585113525,99.0011215209961
6,7866,43.0,1.7141718864440918,142.24996948242188
6,7867,58.0,6.337307453155518,283.3152160644531
6,7868,22.0,-6.274887561798096,165.9978485107422
6,7869,102.0,9.358878135681152,1621.7554931640625
6,7870,94.0,12.003194808959961,1253.7093505859375
6,7871,34.0,-0.5603481531143188,63.75003433227539
6,7872,100.0,9.514913558959961,1822.3095703125
6,7873,23.0,-4.018833637237549,117.05485534667969
6,7874,27.0,-1.087711215019226,89.00658416748047
6,7875,38.0,-0.09755172580480576,56.24101257324219
6,7876,83.0,4.094091415405273,996.0034790039062
6,7877,68.0,5.874368190765381,416.24566650390625
6,7878,120.0,21.746644973754883,2277.3369140625
6,7879,26.0,-4.419384002685547,114.46382141113281
6,7880,55.0,2.0689749717712402,242.5088348388672
6,7881,27.0,-2.4911184310913086,85.35098266601562
6,7882,36.0,-1.8936022520065308,55.198890686035156
6,7883,53.0,1.4120690822601318,301.8349609375
6,7884,43.0,2.201801061630249,71.41960906982422
6,7885,39.0,-0.12106351554393768,88.14891815185547
6,7886,36.0,-2.4591081142425537,59.96046829223633
6,7887,23.0,-3.7135398387908936,117.82931518554688
6,7888,92.0,10.73173713684082,1121.8502197265625
6,7889,74.0,5.114943504333496,512.2757568359375
6,7890,51.0,2.102738618850708,119.95121765136719
6,7891,57.0,1.480666995048523,243.90670776367188
6,7892,114.0,16.799575805664062,1999.035888671875
6,7893,39.0,-1.5347908735275269,106.58015441894531
6,7894,36.0,-1.16441011428833,99.83780670166016
6,7895,38.0,-0.5560768842697144,82.58007049560547
6,7896,45.0,-0.9943097233772278,108.47166442871094
6,7897,59.0,2.824542999267578,319.67974853515625
6,7898,37.0,-0.8158895969390869,97.85128021240234
6,7899,89.0,12.021454811096191,901.2100830078125
6,7900,34.0,-0.013808940537273884,69.33975982666016
6,7901,29.0,-2.3327770233154297,87.22801971435547
6,7902,49.0,2.5767006874084473,169.43955993652344
6,7903,39.0,-1.214580774307251,92.09415435791016
6,7904,85.0,8.147337913513184,869.6848754882812
6,7905,67.0,4.915445804595947,431.2850341796875
6,7906,53.0,3.2724406719207764,168.3069305419922
6,7907,83.0,7.082582950592041,909.06103515625
6,7908,63.0,3.4359018802642822,352.5359191894531
6,7909,44.0,0.05684073269367218,146.6586151123047
6,7910,96.0,7.337204456329346,1355.144287109375
6,7911,26.0,-6.741283893585205,277.7274169921875
6,7912,85.0,4.7369771003723145,795.3135986328125
6,7913,65.0,2.3825571537017822,244.11399841308594
6,7914,60.0,2.6873180866241455,193.73477172851562
6,7915,87.0,8.397489547729492,779.0478515625
6,7916,21.0,-5.4997663497924805,357.302490234375
6,7917,44.0,-1.43192458152771,131.7660369873047
6,7918,44.0,-0.7841804623603821,159.16348266601562
6,7919,32.0,-2.7575595378875732,218.24545288085938
6,7920,118.0,12.841936111450195,1864.7728271484375
6,7921,38.0,-1.2358876466751099,187.036865234375
6,7922,60.0,-0.0015698852948844433,261.07452392578125
6,7923,16.0,-21.912399291992188,649.0585327148438
6,7924,63.0,-1.1408354043960571,227.74378967285156
6,7925,69.0,4.559525012969971,301.13916015625
6,7926,33.0,-4.255324840545654,289.59912109375
6,7927,43.0,-0.9191404581069946,139.0692901611328
6,7928,23.0,-11.553536415100098,424.5281982421875
6,7929,37.0,-2.6536941528320312,192.1241455078125
6,7930,30.0,-2.0774314403533936,184.916748046875
6,7931,25.0,-5.077524185180664,334.07635498046875
6,7932,36.0,-2.4578187465667725,178.5347442626953
6,7933,77.0,1.739848017692566,607.4312744140625
6,7934,82.0,5.801965713500977,598.503173828125
6,7935,23.0,-5.6139020919799805,275.3731994628906
6,7936,52.0,-0.6101632118225098,236.98773193359375
6,7937,72.0,5.174454212188721,321.5221862792969
6,7938,25.0,-4.0947041511535645,251.56053161621094
6,7939,48.0,-0.0005925617879256606,147.27789306640625
6,7940,72.0,2.1021978855133057,413.624267578125
6,7941,55.0,2.761776924133301,239.62680053710938
6,7942,87.0,5.860965251922607,876.632080078125
6,7943,52.0,0.9763931035995483,117.72798919677734
6,7944,32.0,-2.636425018310547,176.2377471923828
6,7945,69.0,4.3776373863220215,416.77069091796875
6,7946,42.0,-0.8826892375946045,100.57794189453125
6,7947,59.0,0.546938955783844,171.14877319335938
6,7948,74.0,5.612214088439941,474.47796630859375
6,7949,40.0,-1.2717543840408325,92.95040130615234
6,7950,59.0,2.2020299434661865,167.6747283935547
6,7951,52.0,0.8695811629295349,207.8684844970703
6,7952,45.0,-0.7874726057052612,108.32709503173828
6,7953,38.0,-2.005950450897217,115.56732940673828
6,7954,31.0,-4.8477935791015625,176.73057556152344
6,7955,36.0,-2.69771671295166,129.47047424316406
6,7956,57.0,1.3269538879394531,232.09437561035156
6,7957,71.0,3.906338930130005,369.5292053222656
6,7958,28.0,-5.070285797119141,204.9047088623047
6,7959,64.0,1.1868335008621216,317.9864807128906
6,7960,42.0,-1.5163259506225586,94.8189468383789
6,7961,27.0,-3.825615644454956,121.96807861328125
6,7962,69.0,5.196232318878174,400.1257629394531
6,7963,27.0,-1.5104457139968872,120.03138732910156
6,7964,43.0,-0.2994126081466675,116.26863098144531
6,7965,94.0,11.262681007385254,1051.81005859375
6,7966,44.0,0.14363987743854523,91.49201202392578
6,7967,47.0,0.40371835231781006,174.9261932373047
6,7968,33.0,-1.6044549942016602,97.04902648925781
6,7969,30.0,-1.3712691068649292,93.95777130126953
6,7970,40.0,-0.5604383945465088,82.1705093383789
6,7971,42.0,0.08060751855373383,141.30780029296875
6,7972,40.0,-0.07223913818597794,122.72428894042969
6,7973,44.0,2.322888135910034,170.28660583496094
6,7974,71.0,5.919151782989502,468.09747314453125
6,7975,48.0,1.4641287326812744,97.05964660644531
6,7976,49.0,-0.6296149492263794,124.18157958984375
6,7977,46.0,0.12977434694766998,196.85035705566406
6,7978,58.0,3.5574004650115967,243.755859375
6,7979,14.0,-7.840678691864014,218.8951873779297
6,7980,53.0,1.048379898071289,166.4296112060547
6,7981,29.0,-3.479999303817749,90.68622589111328
6,7982,103.0,9.324878692626953,1777.8553466796875
6,7983,50.0,0.521552324295044,154.36192321777344
6,7984,59.0,2.7171223163604736,281.3369140625
6,7985,54.0,2.6132569313049316,138.0225067138672
6,7986,45.0,-1.2563384771347046,102.46414947509766
6,7987,13.0,-9.483367919921875,350.958984375
6,7988,64.0,2.21079421043396,295.0863037109375
6,7989,28.0,-1.6217395067214966,129.40110778808594
6,7990,55.0,1.8054141998291016,153.7198028564453
6,7991,48.0,2.2007265090942383,160.3890838623047
6,7992,41.0,-2.3490188121795654,108.80074310302734
6,7993,63.0,2.0831995010375977,261.0180969238281
6,7994,27.0,-2.102698802947998,140.81581115722656
6,7995,46.0,1.5557067394256592,114.82364654541016
6,7996,34.0,-1.327873945236206,124.12982940673828
6,7997,53.0,2.338003158569336,176.93643188476562
6,7998,50.0,1.3858625888824463,104.70919799804688
6,7999,42.0,-1.581601858139038,99.38021850585938
6,8000,15.0,-6.359098434448242,236.37979125976562
